row,record_id,insect_id,plant_name,filled_family,ylist_canonical,ylist_scientific_name,factcheck_source
13,host-B1B7-20251121002628-0018,species-4011,ミゾソバ,タデ科,ミゾソバ,Persicaria thunbergii var. thunbergii,public/assets/data-lite/ylist-lite.json
14,host-B1B7-20251121002628-0019,species-4011,イヌタデ,タデ科,イヌタデ,Persicaria longiseta,public/assets/data-lite/ylist-lite.json
31,host-B1B7-20251121002628-0038,species-4026,マコモ,イネ科,マコモ,Zizania latifolia,public/assets/data-lite/ylist-lite.json
59,host-B1B7-20251121002628-0068,species-4069,イタドリ,タデ科,イタドリ,Fallopia japonica,public/assets/data-lite/ylist-lite.json
60,host-B1B7-20251121002628-0069,species-4069,ミゾソバ,タデ科,ミゾソバ,Persicaria thunbergii var. thunbergii,public/assets/data-lite/ylist-lite.json
63,host-B1B7-20251121002628-0073,species-4084,ミゾソバ,タデ科,ミゾソバ,Persicaria thunbergii var. thunbergii,public/assets/data-lite/ylist-lite.json
76,host-B1B7-20251121002628-0089,species-4111,ヤマヤナギ,ヤナギ科,ヤマヤナギ,Salix sieboldiana var. sieboldiana,public/assets/data-lite/ylist-lite.json
77,host-B1B7-20251121002628-0090,species-4111,ヤマナラシ,ヤナギ科,ヤマナラシ,Populus tremula var. sieboldii,public/assets/data-lite/ylist-lite.json
92,host-B1B7-20251121002628-0107,species-4186,ミヤマクマヤナギ,クロウメモドキ科,ミヤマクマヤナギ,Berchemia pauciflora,public/assets/data-lite/ylist-lite.json
93,host-B1B7-20251121002628-0108,species-4186,クマヤナギ,クロウメモドキ科,クマヤナギ,Berchemia racemosa,public/assets/data-lite/ylist-lite.json
94,host-B1B7-20251121002628-0109,species-4186,クロウメモドキ,クロウメモドキ科,クロウメモドキ,Rhamnus japonica var. decipiens,public/assets/data-lite/ylist-lite.json
100,host-B1B7-20251121002628-0116,species-4168,アカザ,ヒユ科,アカザ,Chenopodium album var. centrorubrum,public/assets/data-lite/ylist-lite.json
101,host-B1B7-20251121002628-0117,species-4168,ハマアカザ,ヒユ科,ハマアカザ,Atriplex subcordata,public/assets/data-lite/ylist-lite.json
103,host-B1B7-20251121002628-0120,species-4172,ブナ,ブナ科,ブナ,Fagus crenata,public/assets/data-lite/ylist-lite.json
104,host-B1B7-20251121002628-0121,species-4172,ミズナラ,ブナ科,ミズナラ,Quercus crispula var. crispula,public/assets/data-lite/ylist-lite.json
105,host-B1B7-20251121002628-0122,species-4172,カシワ,ブナ科,カシワ,Quercus dentata,public/assets/data-lite/ylist-lite.json
106,host-B1B7-20251121002628-0123,species-4172,コナラ,ブナ科,コナラ,Quercus serrata,public/assets/data-lite/ylist-lite.json
107,host-B1B7-20251121002628-0124,species-4172,クヌギ,ブナ科,クヌギ,Quercus acutissima,public/assets/data-lite/ylist-lite.json
108,host-B1B7-20251121002628-0125,species-4172,アラカシ,ブナ科,アラカシ,Quercus glauca,public/assets/data-lite/ylist-lite.json
109,host-B1B7-20251121002628-0126,species-4181,ガンコウラン,ツツジ科,ガンコウラン,Empetrum nigrum var. japonicum,public/assets/data-lite/ylist-lite.json
110,host-B1B7-20251121002628-0127,species-4181,キバナシャクナゲ,ツツジ科,キバナシャクナゲ,Rhododendron aureum,public/assets/data-lite/ylist-lite.json
111,host-B1B7-20251121002628-0128,species-4181,クロマメノキ,ツツジ科,クロマメノキ,Vaccinium uliginosum var. japonicum,public/assets/data-lite/ylist-lite.json
112,host-B1B7-20251121002628-0129,species-4181,コケモモ,ツツジ科,コケモモ,Vaccinium vitis-idaea,public/assets/data-lite/ylist-lite.json
117,host-B1B7-20251121002628-0138,species-4184,ケショウヤナギ,ヤナギ科,ケショウヤナギ,Salix arbutifolia,public/assets/data-lite/ylist-lite.json
118,host-B1B7-20251121002628-0139,species-4184,カワヤナギ,ヤナギ科,カワヤナギ,Salix miyabeana subsp. gymnolepis,public/assets/data-lite/ylist-lite.json
119,host-B1B7-20251121002628-0140,species-4184,オノエヤナギ,ヤナギ科,オノエヤナギ,Salix udensis,public/assets/data-lite/ylist-lite.json
126,host-B1B7-20251121002628-0147,species-4284,クヌギ,ブナ科,クヌギ,Quercus acutissima,public/assets/data-lite/ylist-lite.json
127,host-B1B7-20251121002628-0148,species-4284,ミズナラ,ブナ科,ミズナラ,Quercus crispula var. crispula,public/assets/data-lite/ylist-lite.json
128,host-B1B7-20251121002628-0149,species-4284,カシワ,ブナ科,カシワ,Quercus dentata,public/assets/data-lite/ylist-lite.json
129,host-B1B7-20251121002628-0150,species-4284,コナラ,ブナ科,コナラ,Quercus serrata,public/assets/data-lite/ylist-lite.json
136,host-B1B7-20251121002628-0159,species-4309,オニグルミ,クルミ科,オニグルミ,Juglans mandshurica var. sachalinensis,public/assets/data-lite/ylist-lite.json
141,host-B1B7-20251121002628-0178,species-4319,ウツギ,アジサイ科,ウツギ,Deutzia crenata,public/assets/data-lite/ylist-lite.json
142,host-B1B7-20251121002628-0179,species-4319,ウラジロウツギ,アジサイ科,ウラジロウツギ,Deutzia maximovicziana,public/assets/data-lite/ylist-lite.json
143,host-B1B7-20251121002628-0182,species-4328,ヨメナ,キク科,ヨメナ,Aster yomena,public/assets/data-lite/ylist-lite.json
144,host-B1B7-20251121002628-0183,species-4328,シロヨメナ,キク科,シロヨメナ,Aster ageratoides var. ageratoides,public/assets/data-lite/ylist-lite.json
146,host-B1B7-20251121002628-0185,species-4329,ヨモギ,キク科,ヨモギ,Artemisia indica var. maximowiczii,public/assets/data-lite/ylist-lite.json
147,host-B1B7-20251121002628-0186,species-4329,シオン,キク科,シオン,Aster tataricus,public/assets/data-lite/ylist-lite.json
148,host-B1B7-20251121002628-0187,species-4329,スイカズラ,スイカズラ科,スイカズラ,Lonicera japonica,public/assets/data-lite/ylist-lite.json
149,host-B1B7-20251121002628-0188,species-4329,セリ,セリ科,セリ,Oenanthe javanica,public/assets/data-lite/ylist-lite.json
150,host-B1B7-20251121002628-0189,species-4329,ヤマモモ,ヤマモモ科,ヤマモモ,Morella rubra,public/assets/data-lite/ylist-lite.json
161,host-B1B7-20251121002628-0203,species-4364,アキノキリンソウ,キク科,アキノキリンソウ,Solidago virgaurea subsp. asiatica,public/assets/data-lite/ylist-lite.json
162,host-B1B7-20251121002628-0204,species-4364,ツワブキ,キク科,ツワブキ,Farfugium japonicum,public/assets/data-lite/ylist-lite.json
163,host-B1B7-20251121002628-0205,species-4364,ヨメナ,キク科,ヨメナ,Aster yomena,public/assets/data-lite/ylist-lite.json
164,host-B1B7-20251121002628-0206,species-4364,ミヤコワスレ,キク科,ミヤマヨメナ,Aster savatieri,public/assets/data-lite/ylist-lite.json
167,host-B1B7-20251121002628-0209,species-4375,ミミナグサ,ナデシコ科,ミミナグサ,Cerastium fontanum subsp. vulgare var. angustifolium,public/assets/data-lite/ylist-lite.json
173,host-B1B7-20251121002628-0216,species-4391,ソテツ,ソテツ科,ソテツ,Cycas revoluta,public/assets/data-lite/ylist-lite.json
174,host-B1B7-20251121002628-0218,species-4391,トベラ,トベラ科,トベラ,Pittosporum tobira,public/assets/data-lite/ylist-lite.json
187,host-B1B7-20251121002628-0238,species-4406,エゾノコリンゴ,バラ科,エゾノコリンゴ,Malus baccata var. mandshurica,public/assets/data-lite/ylist-lite.json
188,host-B1B7-20251121002628-0239,species-4406,ズミ,バラ科,ズミ,Malus toringo,public/assets/data-lite/ylist-lite.json
191,host-B1B7-20251121002628-0243,species-4412,ナナカマド,バラ科,ナナカマド,Sorbus commixta,public/assets/data-lite/ylist-lite.json
192,host-B1B7-20251121002628-0244,species-4412,キイチゴ,バラ科,モミジイチゴ,Rubus palmatus var. coptophyllus,public/assets/data-lite/ylist-lite.json
197,host-B1B7-20251121002628-0264,species-4436,クヌギ,ブナ科,クヌギ,Quercus acutissima,public/assets/data-lite/ylist-lite.json
202,host-B1B7-20251121002628-0272,species-4437,ヨシ,イネ科,ヨシ,Phragmites australis,public/assets/data-lite/ylist-lite.json
203,host-B1B7-20251121002628-0273,species-4438,ヨシ,イネ科,ヨシ,Phragmites australis,public/assets/data-lite/ylist-lite.json
214,host-B1B7-20251121002628-0301,species-4452,モモ,バラ科,モモ,Prunus persica,public/assets/data-lite/ylist-lite.json
215,host-B1B7-20251121002628-0302,species-4452,ウメ,バラ科,ウメ,Prunus mume,public/assets/data-lite/ylist-lite.json
216,host-B1B7-20251121002628-0303,species-4452,リンゴ,バラ科,リンゴ,Malus pumila var. domestica,public/assets/data-lite/ylist-lite.json
225,host-B1B7-20251121002628-0322,species-4457,ニンドウ,スイカズラ科,スイカズラ,Lonicera japonica,public/assets/data-lite/ylist-lite.json
228,host-B1B7-20251121002628-0334,species-4464,ハイノキ,ハイノキ科,ハイノキ,Symplocos myrtacea,public/assets/data-lite/ylist-lite.json
231,host-B1B7-20251121002628-0341,species-4466,エノキ,アサ科,エノキ,Celtis sinensis,public/assets/data-lite/ylist-lite.json
238,host-B1B7-20251121002628-0355,species-4471,クヌギ,ブナ科,クヌギ,Quercus acutissima,public/assets/data-lite/ylist-lite.json
246,host-B1B7-20251121002628-0368,species-4475,ハンノキ,カバノキ科,ハンノキ,Alnus japonica,public/assets/data-lite/ylist-lite.json
256,host-B1B7-20251121002628-0391,species-4480,ナス,ナス科,ナス,Solanum melongena,public/assets/data-lite/ylist-lite.json
258,host-B1B7-20251121002628-0396,species-4481,ナス,ナス科,ナス,Solanum melongena,public/assets/data-lite/ylist-lite.json
259,host-B1B7-20251121002628-0400,species-4483,ネズミモチ,モクセイ科,ネズミモチ,Ligustrum japonicum,public/assets/data-lite/ylist-lite.json
260,host-B1B7-20251121002628-0401,species-4483,オオバイボタ,モクセイ科,オオバイボタ,Ligustrum ovalifolium,public/assets/data-lite/ylist-lite.json
261,host-B1B7-20251121002628-0402,species-4483,クサギ,シソ科,クサギ,Clerodendrum trichotomum var. trichotomum,public/assets/data-lite/ylist-lite.json
262,host-B1B7-20251121002628-0403,species-4483,ノウゼンカズラ,ノウゼンカズラ科,ノウゼンカズラ,Campsis grandiflora,public/assets/data-lite/ylist-lite.json
263,host-B1B7-20251121002628-0404,species-4483,シマセンダン,センダン科,シマセンダン,Dysoxylum cumingianum,public/assets/data-lite/ylist-lite.json
265,host-B1B7-20251121002628-0406,species-4483,オリーブ,モクセイ科,オリーブ,Olea europaea,public/assets/data-lite/ylist-lite.json
266,host-B1B7-20251121002628-0407,species-4483,キンモクセイ,モクセイ科,キンモクセイ,Osmanthus fragrans var. aurantiacus f. aurantiacus,public/assets/data-lite/ylist-lite.json
267,host-B1B7-20251121002628-0408,species-4485,エゾユズリハ,ユズリハ科,エゾユズリハ,Daphniphyllum macropodum subsp. humile,public/assets/data-lite/ylist-lite.json
270,host-B1B7-20251121002628-0426,species-4497,ダイズ,マメ科,ダイズ,Glycine max subsp. max,public/assets/data-lite/ylist-lite.json
278,host-B1B7-20251121002628-0438,species-4502,ハンノキ,カバノキ科,ハンノキ,Alnus japonica,public/assets/data-lite/ylist-lite.json
281,host-B1B7-20251121002628-0444,species-4503,ナシ,バラ科,ナシ,Pyrus pyrifolia var. culta,public/assets/data-lite/ylist-lite.json
285,host-B1B7-20251121002628-0454,species-4509,ニレ,ニレ科,ハルニレ,Ulmus davidiana var. japonica,public/assets/data-lite/ylist-lite.json
286,host-B1B7-20251121002628-0456,species-4512,アカネ,アカネ科,アカネ,Rubia akane,public/assets/data-lite/ylist-lite.json
287,host-B1B7-20251121002628-0459,species-4514,キンギンボク,スイカズラ科,キンギンボク,Lonicera morrowii,public/assets/data-lite/ylist-lite.json
288,host-B1B7-20251121002628-0460,species-4514,タニウツギ,スイカズラ科,タニウツギ,Weigela hortensis,public/assets/data-lite/ylist-lite.json
290,host-B1B7-20251121002628-0463,species-4518,ツタ,ブドウ科,ツタ,Parthenocissus tricuspidata,public/assets/data-lite/ylist-lite.json
291,host-B1B7-20251121002628-0471,species-4520,ツタ,ブドウ科,ツタ,Parthenocissus tricuspidata,public/assets/data-lite/ylist-lite.json
297,host-B1B7-20251121002628-0486,species-4537,ツリフネソウ,ツリフネソウ科,ツリフネソウ,Impatiens textorii,public/assets/data-lite/ylist-lite.json
301,host-B1B7-20251121002628-0493,species-4546,ヤマイモ,ヤマノイモ科,ヤマノイモ,Dioscorea japonica,public/assets/data-lite/ylist-lite.json
302,host-B1B7-20251121002628-0496,species-4546,ヒシ,ミソハギ科,ヒシ,Trapa japonica,public/assets/data-lite/ylist-lite.json
307,host-B1B7-20251121002628-0504,species-4547,サツマイモ,ヒルガオ科,サツマイモ,Ipomoea batatas,public/assets/data-lite/ylist-lite.json
308,host-B1B7-20251121002628-0506,species-4547,ミツバ,セリ科,ミツバ,Cryptotaenia canadensis subsp. japonica,public/assets/data-lite/ylist-lite.json
309,host-B1B7-20251121002628-0507,species-4547,ギシギシ,タデ科,ギシギシ,Rumex japonicus,public/assets/data-lite/ylist-lite.json
311,host-B1B7-20251121002628-0512,species-4551,クズ,マメ科,クズ,Pueraria lobata subsp. lobata,public/assets/data-lite/ylist-lite.json
316,host-B1B7-20251121002628-0518,species-4552,ツタ,ブドウ科,ツタ,Parthenocissus tricuspidata,public/assets/data-lite/ylist-lite.json
317,host-B1B7-20251121002628-0524,species-4553,カワラマツバ,アカネ科,カワラマツバ,Galium verum,public/assets/data-lite/ylist-lite.json
482,hostplant-000167,species-0207,シラカンバ,カバノキ科,シラカンバ,Betula platyphylla var. japonica,public/assets/data-lite/ylist-lite.json
1601,hostplant-001440,species-4037,ギシギシ,タデ科,ギシギシ,Rumex japonicus,public/assets/data-lite/ylist-lite.json
1602,hostplant-001441,species-4037,ヤエムグラ,アカネ科,ヤエムグラ,Galium spurium var. echinospermon,public/assets/data-lite/ylist-lite.json
2922,hostplant-002903,species-4882,キイチゴ,バラ科,モミジイチゴ,Rubus palmatus var. coptophyllus,public/assets/data-lite/ylist-lite.json
3118,hostplant-003105,species-5376,フヨウ,アオイ科,フヨウ,Hibiscus mutabilis,public/assets/data-lite/ylist-lite.json
3405,hostplant-003419,species-5573,ワタ,アオイ科,ワタ,Gossypium arboreum var. obtusifolium,public/assets/data-lite/ylist-lite.json
3459,hostplant-003478,species-5593,ヤエムグラ,アカネ科,ヤエムグラ,Galium spurium var. echinospermon,public/assets/data-lite/ylist-lite.json
3507,hostplant-003526,species-5603,オドリコソウ,シソ科,オドリコソウ,Lamium album var. barbatum,public/assets/data-lite/ylist-lite.json
3509,hostplant-003528,species-5603,イラクサ,イラクサ科,イラクサ,Urtica thunbergiana,public/assets/data-lite/ylist-lite.json
3796,hostplant-003837,species-5816,ハッカ,シソ科,ハッカ,Mentha canadensis,public/assets/data-lite/ylist-lite.json
4006,hostplant-004056,species-5994,ガマ,ガマ科,ガマ,Typha latifolia,public/assets/data-lite/ylist-lite.json
4351,hostplant-004429,species-0053,クマシデ,カバノキ科,クマシデ,Carpinus japonica,public/assets/data-lite/ylist-lite.json
5694,hostplant-005835,species-20298,カメバヒキオコシ,シソ科,カメバヒキオコシ,Isodon umbrosus var. leucanthus f. kameba,public/assets/data-lite/ylist-lite.json
5695,hostplant-005836,species-20298,クロバナヒキオコシ,シソ科,クロバナヒキオコシ,Isodon trichocarpus,public/assets/data-lite/ylist-lite.json
6247,hostplant-006513,species-H121,イヌノフグリ,オオバコ科,イヌノフグリ,Veronica polita var. lilacina,public/assets/data-lite/ylist-lite.json
6262,hostplant-006561,species-H157,エノキグサ,トウダイグサ科,エノキグサ,Acalypha australis,public/assets/data-lite/ylist-lite.json
6269,hostplant-006584,species-H176,スギゴケ,スギゴケ科,スギゴケ,Polytrichum juniperinum,public/assets/data-lite/ylist-lite.json
6273,hostplant-006588,species-H177,イタドリ,タデ科,イタドリ,Fallopia japonica,public/assets/data-lite/ylist-lite.json
6351,hostplant-006813,species-H346,ウツギ,アジサイ科,ウツギ,Deutzia crenata,public/assets/data-lite/ylist-lite.json
6352,hostplant-006815,species-H347,ノリウツギ,アジサイ科,ノリウツギ,Hydrangea paniculata,public/assets/data-lite/ylist-lite.json
6368,hostplant-006835,species-H355,ミズキ,ミズキ科,ミズキ,Cornus controversa var. controversa,public/assets/data-lite/ylist-lite.json
6375,hostplant-006846,species-H363,ニセアカシア,マメ科,ハリエンジュ,Robinia pseudoacacia,public/assets/data-lite/ylist-lite.json
6382,hostplant-006859,species-H373,マユミ,ニシキギ科,マユミ,Euonymus sieboldianus var. sieboldianus,public/assets/data-lite/ylist-lite.json
6602,hostplant-007241,species-H627,オオカメノキ,ガマズミ科,オオカメノキ,Viburnum furcatum,public/assets/data-lite/ylist-lite.json
6839,hostplant-900136,species-H444,フシグロセンノウ,ナデシコ科,フシグロセンノウ,Silene miqueliana,public/assets/data-lite/ylist-lite.json
6884,hostplant-900202,species-H010,ゲンノショウコ,フウロソウ科,ゲンノショウコ,Geranium thunbergii,public/assets/data-lite/ylist-lite.json
6886,hostplant-900208,species-H016,ゲンノショウコ,フウロソウ科,ゲンノショウコ,Geranium thunbergii,public/assets/data-lite/ylist-lite.json
7145,hostplant-900866,species-H540,エゴノキ,エゴノキ科,エゴノキ,Styrax japonicus,public/assets/data-lite/ylist-lite.json
7146,hostplant-900868,species-H541,クリ,ブナ科,クリ,Castanea crenata,public/assets/data-lite/ylist-lite.json
7218,hostplant-900978,species-4652,クマシデ,カバノキ科,クマシデ,Carpinus japonica,public/assets/data-lite/ylist-lite.json
7219,hostplant-900979,species-4652,オニグルミ,クルミ科,オニグルミ,Juglans mandshurica var. sachalinensis,public/assets/data-lite/ylist-lite.json
7262,hostplant-901025,species-4606,リュウガン,ムクロジ科,リュウガン,Dimocarpus longan,public/assets/data-lite/ylist-lite.json
7281,hostplant-901056,species-4680,コナラ,ブナ科,コナラ,Quercus serrata,public/assets/data-lite/ylist-lite.json
7282,hostplant-901057,species-4680,クヌギ,ブナ科,クヌギ,Quercus acutissima,public/assets/data-lite/ylist-lite.json
7309,hostplant-901115,species-4712,ヌルデ,ウルシ科,ヌルデ,Rhus javanica var. chinensis,public/assets/data-lite/ylist-lite.json
7310,hostplant-901118,species-4712,ツタ,ブドウ科,ツタ,Parthenocissus tricuspidata,public/assets/data-lite/ylist-lite.json
7332,hostplant-901150,species-4836,イチジク,クワ科,イチジク,Ficus carica,public/assets/data-lite/ylist-lite.json
7333,hostplant-901151,species-4836,ギシギシ,タデ科,ギシギシ,Rumex japonicus,public/assets/data-lite/ylist-lite.json
7334,hostplant-901152,species-4836,イタドリ,タデ科,イタドリ,Fallopia japonica,public/assets/data-lite/ylist-lite.json
7335,hostplant-901153,species-4836,クズ,マメ科,クズ,Pueraria lobata subsp. lobata,public/assets/data-lite/ylist-lite.json
7336,hostplant-901154,species-4836,シロツメクサ,マメ科,シロツメクサ,Trifolium repens,public/assets/data-lite/ylist-lite.json
7337,hostplant-901155,species-4836,オオバコ,オオバコ科,オオバコ,Plantago asiatica,public/assets/data-lite/ylist-lite.json
7338,hostplant-901156,species-4836,ヨモギ,キク科,ヨモギ,Artemisia indica var. maximowiczii,public/assets/data-lite/ylist-lite.json
7340,hostplant-901158,species-4836,ノゲシ,キク科,ノゲシ,Sonchus oleraceus,public/assets/data-lite/ylist-lite.json
7341,hostplant-901159,species-4836,キャベツ,アブラナ科,キャベツ,Brassica oleracea var. capitata,public/assets/data-lite/ylist-lite.json
7382,hostplant-901215,species-4853,シソ,シソ科,シソ,Perilla frutescens var. crispa,public/assets/data-lite/ylist-lite.json
7393,hostplant-901229,species-4860,パパイヤ,パパイヤ科,パパイヤ,Carica papaya,public/assets/data-lite/ylist-lite.json
7534,hostplant-901388,species-5383,ムクゲ,アオイ科,ムクゲ,Hibiscus syriacus,public/assets/data-lite/ylist-lite.json
7550,hostplant-901404,species-5400,リンゴ,バラ科,リンゴ,Malus pumila var. domestica,public/assets/data-lite/ylist-lite.json
7607,hostplant-901755,species-0965,リンゴ,バラ科,リンゴ,Malus pumila var. domestica,public/assets/data-lite/ylist-lite.json
7608,hostplant-901756,species-0965,アケビ,アケビ科,アケビ,Akebia quinata,public/assets/data-lite/ylist-lite.json
7609,hostplant-901757,species-0965,ヤマブドウ,ブドウ科,ヤマブドウ,Vitis coignetiae,public/assets/data-lite/ylist-lite.json
7610,hostplant-901758,species-0965,クリ,ブナ科,クリ,Castanea crenata,public/assets/data-lite/ylist-lite.json
7611,hostplant-901759,species-0965,コナラ,ブナ科,コナラ,Quercus serrata,public/assets/data-lite/ylist-lite.json
7612,hostplant-901760,species-0965,クロモジ,クスノキ科,クロモジ,Lindera umbellata,public/assets/data-lite/ylist-lite.json
7616,hostplant-901770,species-0989,ヤブミョウガ,ツユクサ科,ヤブミョウガ,Pollia japonica,public/assets/data-lite/ylist-lite.json
7617,hostplant-901771,species-0989,ツユクサ,ツユクサ科,ツユクサ,Commelina communis,public/assets/data-lite/ylist-lite.json
7618,hostplant-901773,species-0998,ヤブニッケイ,クスノキ科,ヤブニッケイ,Cinnamomum yabunikkei,public/assets/data-lite/ylist-lite.json
7619,hostplant-901774,species-1008,カキノキ,カキノキ科,カキノキ,Diospyros kaki,public/assets/data-lite/ylist-lite.json
7620,hostplant-901775,species-1008,リュウキュウマメガキ,カキノキ科,リュウキュウマメガキ,Diospyros japonica,public/assets/data-lite/ylist-lite.json
7621,hostplant-901776,species-1009,リュウキュウガキ,カキノキ科,リュウキュウガキ,Diospyros maritima,public/assets/data-lite/ylist-lite.json
7622,hostplant-901777,species-1004,フトリュウビゴケ,イワダレゴケ科,フトリュウビゴケ,Hylocomium brevirostre var. cavifolium,public/assets/data-lite/ylist-lite.json
7623,hostplant-901778,species-20801,フクギ,フクギ科,フクギ,Garcinia subelliptica,public/assets/data-lite/ylist-lite.json
7624,hostplant-901779,species-1002,ムラサキシキブ,シソ科,ムラサキシキブ,Callicarpa japonica,public/assets/data-lite/ylist-lite.json
7625,hostplant-901780,species-1003,ムラサキシキブ,シソ科,ムラサキシキブ,Callicarpa japonica,public/assets/data-lite/ylist-lite.json
7626,hostplant-901781,species-1000,ムラサキシキブ,シソ科,ムラサキシキブ,Callicarpa japonica,public/assets/data-lite/ylist-lite.json
7627,hostplant-901782,species-1001,オオムラサキシキブ,シソ科,オオムラサキシキブ,Callicarpa japonica var. luxurians,public/assets/data-lite/ylist-lite.json
7628,hostplant-901783,species-1001,ショウロウクサギ,シソ科,ショウロクサギ,Clerodendrum trichotomum var. esculentum,public/assets/data-lite/ylist-lite.json
7629,hostplant-901784,species-0999,ハンノキ,カバノキ科,ハンノキ,Alnus japonica,public/assets/data-lite/ylist-lite.json
7630,hostplant-901785,species-1012,モモ,バラ科,モモ,Prunus persica,public/assets/data-lite/ylist-lite.json
7631,hostplant-901786,species-1012,リンゴ,バラ科,リンゴ,Malus pumila var. domestica,public/assets/data-lite/ylist-lite.json
7632,hostplant-901787,species-1012,ブドウ,ブドウ科,ヨーロッパブドウ,Vitis vinifera,public/assets/data-lite/ylist-lite.json
7633,hostplant-901788,species-1012,キウイフルーツ,マタタビ科,キウイフルーツ,Actinidia chinensis var. deliciosa,public/assets/data-lite/ylist-lite.json
7636,hostplant-901791,species-1006,トドマツ,マツ科,トドマツ,Abies sachalinensis,public/assets/data-lite/ylist-lite.json
7637,hostplant-901792,species-1006,グイマツ,マツ科,グイマツ,Larix gmelinii var. japonica,public/assets/data-lite/ylist-lite.json
7640,hostplant-901795,species-1017,マタタビ,マタタビ科,マタタビ,Actinidia polygama,public/assets/data-lite/ylist-lite.json
7641,hostplant-901796,species-1018,ネナシカズラ,ヒルガオ科,ネナシカズラ,Cuscuta japonica,public/assets/data-lite/ylist-lite.json
7644,hostplant-901799,species-0901,アカザ,ヒユ科,アカザ,Chenopodium album var. centrorubrum,public/assets/data-lite/ylist-lite.json
7645,hostplant-901800,species-0901,シロザ,ヒユ科,シロザ,Chenopodium album,public/assets/data-lite/ylist-lite.json
7646,hostplant-901801,species-0905,ブナ,ブナ科,ブナ,Fagus crenata,public/assets/data-lite/ylist-lite.json
7647,hostplant-901802,species-0906,ネコヤナギ,ヤナギ科,ネコヤナギ,Salix gracilistyla,public/assets/data-lite/ylist-lite.json
7648,hostplant-901803,species-0906,コナラ,ブナ科,コナラ,Quercus serrata,public/assets/data-lite/ylist-lite.json
7649,hostplant-901804,species-0906,クリ,ブナ科,クリ,Castanea crenata,public/assets/data-lite/ylist-lite.json
7650,hostplant-901805,species-0906,エノキ,アサ科,エノキ,Celtis sinensis,public/assets/data-lite/ylist-lite.json
7651,hostplant-901806,species-0906,リョウブ,リョウブ科,リョウブ,Clethra barbinervis,public/assets/data-lite/ylist-lite.json
7652,hostplant-901807,species-0906,エゴノキ,エゴノキ科,エゴノキ,Styrax japonicus,public/assets/data-lite/ylist-lite.json
7654,hostplant-901809,species-0907,ネコヤナギ,ヤナギ科,ネコヤナギ,Salix gracilistyla,public/assets/data-lite/ylist-lite.json
7655,hostplant-901810,species-0907,ハンノキ,カバノキ科,ハンノキ,Alnus japonica,public/assets/data-lite/ylist-lite.json
7656,hostplant-901811,species-0909,ミズキ,ミズキ科,ミズキ,Cornus controversa var. controversa,public/assets/data-lite/ylist-lite.json
7657,hostplant-901812,species-0909,イヌシデ,カバノキ科,イヌシデ,Carpinus tschonoskii,public/assets/data-lite/ylist-lite.json
7659,hostplant-901814,species-0910,コナラ,ブナ科,コナラ,Quercus serrata,public/assets/data-lite/ylist-lite.json
7660,hostplant-901815,species-0910,スダジイ,ブナ科,スダジイ,Castanopsis sieboldii subsp. sieboldii,public/assets/data-lite/ylist-lite.json
7670,hostplant-901826,species-0933,ヤシャブシ,カバノキ科,ヤシャブシ,Alnus firma,public/assets/data-lite/ylist-lite.json
7671,hostplant-901827,species-0933,ヒメヤシャブシ,カバノキ科,ヒメヤシャブシ,Alnus pendula,public/assets/data-lite/ylist-lite.json
7673,hostplant-901829,species-0934,チャノキ,ツバキ科,チャノキ,Camellia sinensis,public/assets/data-lite/ylist-lite.json
7674,hostplant-901831,species-0937,コナラ,ブナ科,コナラ,Quercus serrata,public/assets/data-lite/ylist-lite.json
7675,hostplant-901832,species-0937,カシワ,ブナ科,カシワ,Quercus dentata,public/assets/data-lite/ylist-lite.json
7676,hostplant-901833,species-0937,クヌギ,ブナ科,クヌギ,Quercus acutissima,public/assets/data-lite/ylist-lite.json
7677,hostplant-901834,species-0937,フジ,マメ科,フジ,Wisteria floribunda,public/assets/data-lite/ylist-lite.json
7678,hostplant-901835,species-0937,アカメガシワ,トウダイグサ科,アカメガシワ,Mallotus japonicus,public/assets/data-lite/ylist-lite.json
7680,hostplant-901837,species-0954,ナニワズ,ジンチョウゲ科,ナニワズ,Daphne jezoensis,public/assets/data-lite/ylist-lite.json
7681,hostplant-901838,species-0954,カラフトナニワズ,ジンチョウゲ科,ナニワズ,Daphne jezoensis,public/assets/data-lite/ylist-lite.json
7682,hostplant-901839,species-0954,ヨウシュジンチョウゲ,ジンチョウゲ科,セイヨウオニシバリ,Daphne mezereum,public/assets/data-lite/ylist-lite.json
7683,hostplant-901840,species-0955,イタドリ,タデ科,イタドリ,Fallopia japonica,public/assets/data-lite/ylist-lite.json
7684,hostplant-901841,species-0955,オオイタドリ,タデ科,オオイタドリ,Fallopia sachalinensis,public/assets/data-lite/ylist-lite.json
7686,hostplant-901843,species-0958,サルトリイバラ,サルトリイバラ科,サルトリイバラ,Smilax china,public/assets/data-lite/ylist-lite.json
7688,hostplant-901845,species-0958,アキニレ,ニレ科,アキニレ,Ulmus parvifolia,public/assets/data-lite/ylist-lite.json
7689,hostplant-901846,species-0958,カツラ,カツラ科,カツラ,Cercidiphyllum japonicum,public/assets/data-lite/ylist-lite.json
7693,hostplant-901851,species-0960,アサダ,カバノキ科,アサダ,Ostrya japonica,public/assets/data-lite/ylist-lite.json
7695,hostplant-901853,species-0960,アキニレ,ニレ科,アキニレ,Ulmus parvifolia,public/assets/data-lite/ylist-lite.json
7696,hostplant-901854,species-0960,エノキ,アサ科,エノキ,Celtis sinensis,public/assets/data-lite/ylist-lite.json
7697,hostplant-901855,species-0960,シロダモ,クスノキ科,シロダモ,Neolitsea sericea,public/assets/data-lite/ylist-lite.json
7699,hostplant-901857,species-0961,ネコヤナギ,ヤナギ科,ネコヤナギ,Salix gracilistyla,public/assets/data-lite/ylist-lite.json
7700,hostplant-901858,species-0961,オニグルミ,クルミ科,オニグルミ,Juglans mandshurica var. sachalinensis,public/assets/data-lite/ylist-lite.json
7701,hostplant-901859,species-0961,コナラ,ブナ科,コナラ,Quercus serrata,public/assets/data-lite/ylist-lite.json
7702,hostplant-901860,species-0961,スダジイ,ブナ科,スダジイ,Castanopsis sieboldii subsp. sieboldii,public/assets/data-lite/ylist-lite.json
7703,hostplant-901861,species-0961,クリ,ブナ科,クリ,Castanea crenata,public/assets/data-lite/ylist-lite.json
7705,hostplant-901863,species-1041,ハマナス,バラ科,ハマナス,Rosa rugosa,public/assets/data-lite/ylist-lite.json
7706,hostplant-901864,species-1041,オオタカネバラ,バラ科,オオタカネバラ,Rosa acicularis,public/assets/data-lite/ylist-lite.json
7707,hostplant-901865,species-1042,ウワミズザクラ,バラ科,ウワミズザクラ,Padus grayana,public/assets/data-lite/ylist-lite.json
7708,hostplant-901866,species-1042,ソメイヨシノ,バラ科,ソメイヨシノ,Cerasus yedoensis,public/assets/data-lite/ylist-lite.json
7709,hostplant-901867,species-1043,ミズナラ,ブナ科,ミズナラ,Quercus crispula var. crispula,public/assets/data-lite/ylist-lite.json
7710,hostplant-901868,species-1043,コナラ,ブナ科,コナラ,Quercus serrata,public/assets/data-lite/ylist-lite.json
7711,hostplant-901869,species-1043,カシワ,ブナ科,カシワ,Quercus dentata,public/assets/data-lite/ylist-lite.json
7712,hostplant-901870,species-1044,シラカンバ,カバノキ科,シラカンバ,Betula platyphylla var. japonica,public/assets/data-lite/ylist-lite.json
7713,hostplant-901871,species-1044,ダケカンバ,カバノキ科,ダケカンバ,Betula ermanii,public/assets/data-lite/ylist-lite.json
7714,hostplant-901872,species-1044,ウダイカンバ,カバノキ科,ウダイカンバ,Betula maximowicziana,public/assets/data-lite/ylist-lite.json
7715,hostplant-901873,species-1045,ズミ,バラ科,ズミ,Malus toringo,public/assets/data-lite/ylist-lite.json
7716,hostplant-901874,species-1045,エゾノコリンゴ,バラ科,エゾノコリンゴ,Malus baccata var. mandshurica,public/assets/data-lite/ylist-lite.json
7718,hostplant-901876,species-1046,ハルニレ,ニレ科,ハルニレ,Ulmus davidiana var. japonica,public/assets/data-lite/ylist-lite.json
7719,hostplant-901877,species-1046,シラカンバ,カバノキ科,シラカンバ,Betula platyphylla var. japonica,public/assets/data-lite/ylist-lite.json
7720,hostplant-901878,species-1047,シラカンバ,カバノキ科,シラカンバ,Betula platyphylla var. japonica,public/assets/data-lite/ylist-lite.json
7721,hostplant-901879,species-1049,ハルニレ,ニレ科,ハルニレ,Ulmus davidiana var. japonica,public/assets/data-lite/ylist-lite.json
7722,hostplant-901880,species-1049,オヒョウ,ニレ科,オヒョウ,Ulmus laciniata,public/assets/data-lite/ylist-lite.json
7723,hostplant-901881,species-1050,ハルニレ,ニレ科,ハルニレ,Ulmus davidiana var. japonica,public/assets/data-lite/ylist-lite.json
7724,hostplant-901882,species-1050,アキニレ,ニレ科,アキニレ,Ulmus parvifolia,public/assets/data-lite/ylist-lite.json
7725,hostplant-901883,species-1050,オヒョウ,ニレ科,オヒョウ,Ulmus laciniata,public/assets/data-lite/ylist-lite.json
7726,hostplant-901884,species-1051,エゾムラサキツツジ,ツツジ科,エゾムラサキツツジ,Rhododendron dauricum,public/assets/data-lite/ylist-lite.json
7727,hostplant-901885,species-1052,イソツツジ,ツツジ科,イソツツジ,Ledum palustre subsp. diversipilosum var. nipponicum,public/assets/data-lite/ylist-lite.json
7728,hostplant-901886,species-1053,コケモモ,ツツジ科,コケモモ,Vaccinium vitis-idaea,public/assets/data-lite/ylist-lite.json
7730,hostplant-901888,species-1056,ゴゼンタチバナ,ミズキ科,ゴゼンタチバナ,Cornus canadensis,public/assets/data-lite/ylist-lite.json
7731,hostplant-901889,species-1057,ダケカンバ,カバノキ科,ダケカンバ,Betula ermanii,public/assets/data-lite/ylist-lite.json
7732,hostplant-901890,species-1057,シラカンバ,カバノキ科,シラカンバ,Betula platyphylla var. japonica,public/assets/data-lite/ylist-lite.json
7733,hostplant-901891,species-1057,ミヤマハンノキ,カバノキ科,ミヤマハンノキ,Alnus alnobetula subsp. maximowiczii,public/assets/data-lite/ylist-lite.json
7734,hostplant-901892,species-1057,ヤハズハンノキ,カバノキ科,ヤハズハンノキ,Alnus matsumurae,public/assets/data-lite/ylist-lite.json
7735,hostplant-901893,species-1057,ヒメヤシャブシ,カバノキ科,ヒメヤシャブシ,Alnus pendula,public/assets/data-lite/ylist-lite.json
7736,hostplant-901894,species-1058,ハンノキ,カバノキ科,ハンノキ,Alnus japonica,public/assets/data-lite/ylist-lite.json
7737,hostplant-901895,species-1058,ヤマハンノキ,カバノキ科,ヤマハンノキ,Alnus hirsuta var. sibirica,public/assets/data-lite/ylist-lite.json
7738,hostplant-901896,species-1058,タニガワハンノキ,カバノキ科,タニガワハンノキ,Alnus inokumae,public/assets/data-lite/ylist-lite.json
7739,hostplant-901897,species-1059,カツラ,カツラ科,カツラ,Cercidiphyllum japonicum,public/assets/data-lite/ylist-lite.json
7740,hostplant-901898,species-1062,オニシモツケ,バラ科,オニシモツケ,Filipendula camtschatica,public/assets/data-lite/ylist-lite.json
7741,hostplant-901899,species-1063,アズキナシ,バラ科,アズキナシ,Aria alnifolia,public/assets/data-lite/ylist-lite.json
7742,hostplant-901900,species-1063,ナナカマド,バラ科,ナナカマド,Sorbus commixta,public/assets/data-lite/ylist-lite.json
7743,hostplant-901901,species-1063,オオウラジロノキ,バラ科,オオウラジロノキ,Malus tschonoskii,public/assets/data-lite/ylist-lite.json
7745,hostplant-901903,species-1064,アカザ,ヒユ科,アカザ,Chenopodium album var. centrorubrum,public/assets/data-lite/ylist-lite.json
7746,hostplant-901904,species-1064,ハマアカザ,ヒユ科,ハマアカザ,Atriplex subcordata,public/assets/data-lite/ylist-lite.json
7747,hostplant-901905,species-1065,シロツメクサ,マメ科,シロツメクサ,Trifolium repens,public/assets/data-lite/ylist-lite.json
7748,hostplant-901906,species-1065,ムラサキツメクサ,マメ科,ムラサキツメクサ,Trifolium pratense,public/assets/data-lite/ylist-lite.json
7749,hostplant-901907,species-1066,シロツメクサ,マメ科,シロツメクサ,Trifolium repens,public/assets/data-lite/ylist-lite.json
7750,hostplant-901908,species-1068,オオヨモギ,キク科,オオヨモギ,Artemisia montana,public/assets/data-lite/ylist-lite.json
7751,hostplant-901909,species-1068,ヨモギ,キク科,ヨモギ,Artemisia indica var. maximowiczii,public/assets/data-lite/ylist-lite.json
7752,hostplant-901910,species-1069,オオヨモギ,キク科,オオヨモギ,Artemisia montana,public/assets/data-lite/ylist-lite.json
7753,hostplant-901911,species-1069,ヨモギ,キク科,ヨモギ,Artemisia indica var. maximowiczii,public/assets/data-lite/ylist-lite.json
7754,hostplant-901912,species-1070,オオヤマフスマ,ナデシコ科,オオヤマフスマ,Arenaria lateriflora,public/assets/data-lite/ylist-lite.json
7756,hostplant-901914,species-1071,オオバヤナギ,ヤナギ科,オオバヤナギ,Salix cardiophylla var. urbaniana,public/assets/data-lite/ylist-lite.json
7757,hostplant-901915,species-1072,ズミ,バラ科,ズミ,Malus toringo,public/assets/data-lite/ylist-lite.json
7758,hostplant-901916,species-1072,エゾノコリンゴ,バラ科,エゾノコリンゴ,Malus baccata var. mandshurica,public/assets/data-lite/ylist-lite.json
7760,hostplant-901918,species-1073,シラカンバ,カバノキ科,シラカンバ,Betula platyphylla var. japonica,public/assets/data-lite/ylist-lite.json
7761,hostplant-901919,species-1073,ダケカンバ,カバノキ科,ダケカンバ,Betula ermanii,public/assets/data-lite/ylist-lite.json
7762,hostplant-901920,species-1073,ウダイカンバ,カバノキ科,ウダイカンバ,Betula maximowicziana,public/assets/data-lite/ylist-lite.json
7763,hostplant-901921,species-1074,ミズナラ,ブナ科,ミズナラ,Quercus crispula var. crispula,public/assets/data-lite/ylist-lite.json
7764,hostplant-901922,species-1074,クヌギ,ブナ科,クヌギ,Quercus acutissima,public/assets/data-lite/ylist-lite.json
7765,hostplant-901923,species-1075,カシワ,ブナ科,カシワ,Quercus dentata,public/assets/data-lite/ylist-lite.json
7766,hostplant-901924,species-1075,クヌギ,ブナ科,クヌギ,Quercus acutissima,public/assets/data-lite/ylist-lite.json
7767,hostplant-901925,species-1075,ミズナラ,ブナ科,ミズナラ,Quercus crispula var. crispula,public/assets/data-lite/ylist-lite.json
7768,hostplant-901926,species-1076,キセルアザミ,キク科,キセルアザミ,Cirsium sieboldii,public/assets/data-lite/ylist-lite.json
7769,hostplant-901927,species-1076,エゾノサワアザミ,キク科,エゾノサワアザミ,Cirsium pectinellum,public/assets/data-lite/ylist-lite.json
7770,hostplant-901928,species-1076,タムラソウ,キク科,タムラソウ,Serratula insularis,public/assets/data-lite/ylist-lite.json
7771,hostplant-901929,species-1077,オオヨモギ,キク科,オオヨモギ,Artemisia montana,public/assets/data-lite/ylist-lite.json
7772,hostplant-901930,species-1077,ヨモギ,キク科,ヨモギ,Artemisia indica var. maximowiczii,public/assets/data-lite/ylist-lite.json
7773,hostplant-901931,species-1079,ノコンギク,キク科,ノコンギク,Aster microcephalus var. ovatus,public/assets/data-lite/ylist-lite.json
7774,hostplant-901932,species-1080,カラマツ,マツ科,カラマツ,Larix kaempferi,public/assets/data-lite/ylist-lite.json
7775,hostplant-901933,species-1081,オオヨモギ,キク科,オオヨモギ,Artemisia montana,public/assets/data-lite/ylist-lite.json
7776,hostplant-901934,species-1081,ヨモギ,キク科,ヨモギ,Artemisia indica var. maximowiczii,public/assets/data-lite/ylist-lite.json
7777,hostplant-901935,species-1083,シラヤマギク,キク科,シラヤマギク,Aster scaber,public/assets/data-lite/ylist-lite.json
7778,hostplant-901936,species-1083,ゴマナ,キク科,ゴマナ,Aster glehnii var. hondoensis,public/assets/data-lite/ylist-lite.json
7779,hostplant-901937,species-1083,アキノキリンソウ,キク科,アキノキリンソウ,Solidago virgaurea subsp. asiatica,public/assets/data-lite/ylist-lite.json
7780,hostplant-901938,species-1084,チシマアザミ,キク科,チシマアザミ,Cirsium kamtschaticum,public/assets/data-lite/ylist-lite.json
7781,hostplant-901939,species-1085,ノコンギク,キク科,ノコンギク,Aster microcephalus var. ovatus,public/assets/data-lite/ylist-lite.json
7782,hostplant-901940,species-1085,ゴマナ,キク科,ゴマナ,Aster glehnii var. hondoensis,public/assets/data-lite/ylist-lite.json
7783,hostplant-901941,species-1085,ユウガギク,キク科,ユウガギク,Aster iinumae,public/assets/data-lite/ylist-lite.json
7784,hostplant-901942,species-20897,オオヨモギ,キク科,オオヨモギ,Artemisia montana,public/assets/data-lite/ylist-lite.json
7785,hostplant-901943,species-20897,ヨモギ,キク科,ヨモギ,Artemisia indica var. maximowiczii,public/assets/data-lite/ylist-lite.json
7786,hostplant-901944,species-1088,キク,キク科,キク,Chrysanthemum morifolium,public/assets/data-lite/ylist-lite.json
7787,hostplant-901945,species-1088,ヨモギ,キク科,ヨモギ,Artemisia indica var. maximowiczii,public/assets/data-lite/ylist-lite.json
7788,hostplant-901946,species-1089,イタドリ,タデ科,イタドリ,Fallopia japonica,public/assets/data-lite/ylist-lite.json
7789,hostplant-901947,species-1092,オオイタドリ,タデ科,オオイタドリ,Fallopia sachalinensis,public/assets/data-lite/ylist-lite.json
7790,hostplant-901948,species-1094,ノコギリソウ,キク科,ノコギリソウ,Achillea sibirica,public/assets/data-lite/ylist-lite.json
7791,hostplant-901949,species-1094,セイヨウノコギリソウ,キク科,セイヨウノコギリソウ,Achillea millefolium,public/assets/data-lite/ylist-lite.json
7792,hostplant-901950,species-1095,ホウキギ,ヒユ科,ホウキギ,Bassia scoparia,public/assets/data-lite/ylist-lite.json
7793,hostplant-901951,species-1096,シラヤマギク,キク科,シラヤマギク,Aster scaber,public/assets/data-lite/ylist-lite.json
7794,hostplant-901952,species-1097,ノコンギク,キク科,ノコンギク,Aster microcephalus var. ovatus,public/assets/data-lite/ylist-lite.json
7795,hostplant-901953,species-20905,ユウガギク,キク科,ユウガギク,Aster iinumae,public/assets/data-lite/ylist-lite.json
7797,hostplant-901955,species-1101,アカザ,ヒユ科,アカザ,Chenopodium album var. centrorubrum,public/assets/data-lite/ylist-lite.json
7798,hostplant-901956,species-1101,ホソバアカザ,ヒユ科,ホソバアカザ,Chenopodium virgatum,public/assets/data-lite/ylist-lite.json
7799,hostplant-901957,species-1101,ハマアカザ,ヒユ科,ハマアカザ,Atriplex subcordata,public/assets/data-lite/ylist-lite.json
7800,hostplant-901958,species-1102,アカザ,ヒユ科,アカザ,Chenopodium album var. centrorubrum,public/assets/data-lite/ylist-lite.json
7801,hostplant-901959,species-1102,ホソバアカザ,ヒユ科,ホソバアカザ,Chenopodium virgatum,public/assets/data-lite/ylist-lite.json
7802,hostplant-901960,species-1102,ハマアカザ,ヒユ科,ハマアカザ,Atriplex subcordata,public/assets/data-lite/ylist-lite.json
7803,hostplant-901961,species-1103,イヌビユ,ヒユ科,イヌビユ,Amaranthus blitum,public/assets/data-lite/ylist-lite.json
7804,hostplant-901962,species-1103,アオビユ,ヒユ科,ホナガイヌビユ,Amaranthus viridis,public/assets/data-lite/ylist-lite.json
7806,hostplant-901964,species-1103,アカザ,ヒユ科,アカザ,Chenopodium album var. centrorubrum,public/assets/data-lite/ylist-lite.json
7807,hostplant-901965,species-1104,アカザ,ヒユ科,アカザ,Chenopodium album var. centrorubrum,public/assets/data-lite/ylist-lite.json
7808,hostplant-901966,species-1106,オオヨモギ,キク科,オオヨモギ,Artemisia montana,public/assets/data-lite/ylist-lite.json
7809,hostplant-901967,species-1107,オオヨモギ,キク科,オオヨモギ,Artemisia montana,public/assets/data-lite/ylist-lite.json
7810,hostplant-901968,species-1108,イヌイ,イグサ科,イヌイ,Juncus fauriei,public/assets/data-lite/ylist-lite.json
7811,hostplant-901969,species-1109,イグサ,イグサ科,イグサ,Juncus decipiens,public/assets/data-lite/ylist-lite.json
7812,hostplant-901970,species-1109,クサイ,イグサ科,クサイ,Juncus tenuis,public/assets/data-lite/ylist-lite.json
7813,hostplant-901971,species-1110,コウガイゼキショウ,イグサ科,コウガイゼキショウ,Juncus prismatocarpus subsp. leschenaultii,public/assets/data-lite/ylist-lite.json
7814,hostplant-901972,species-1110,タチコウガイゼキショウ,イグサ科,タチコウガイゼキショウ,Juncus krameri,public/assets/data-lite/ylist-lite.json
7815,hostplant-901973,species-1111,コウガイゼキショウ,イグサ科,コウガイゼキショウ,Juncus prismatocarpus subsp. leschenaultii,public/assets/data-lite/ylist-lite.json
7816,hostplant-901974,species-1111,タチコウガイゼキショウ,イグサ科,タチコウガイゼキショウ,Juncus krameri,public/assets/data-lite/ylist-lite.json
7817,hostplant-901975,species-1111,ホソコウガイゼキショウ,イグサ科,ホソコウガイゼキショウ,Juncus faurieanus,public/assets/data-lite/ylist-lite.json
7818,hostplant-901976,species-1112,スズメノヤリ,イグサ科,スズメノヤリ,Luzula capitata,public/assets/data-lite/ylist-lite.json
7820,hostplant-901978,species-1114,コウガイゼキショウ,イグサ科,コウガイゼキショウ,Juncus prismatocarpus subsp. leschenaultii,public/assets/data-lite/ylist-lite.json
7821,hostplant-901979,species-1114,タチコウガイゼキショウ,イグサ科,タチコウガイゼキショウ,Juncus krameri,public/assets/data-lite/ylist-lite.json
7822,hostplant-901980,species-1115,オオヨモギ,キク科,オオヨモギ,Artemisia montana,public/assets/data-lite/ylist-lite.json
7823,hostplant-901981,species-1116,アカザ,ヒユ科,アカザ,Chenopodium album var. centrorubrum,public/assets/data-lite/ylist-lite.json
7824,hostplant-901982,species-1574,ノイバラ,バラ科,ノイバラ,Rosa multiflora,public/assets/data-lite/ylist-lite.json
7827,hostplant-901985,species-1575,ホウロクイチゴ,バラ科,ホウロクイチゴ,Rubus sieboldii,public/assets/data-lite/ylist-lite.json
7828,hostplant-901986,species-1576,リュウキュウイチゴ,バラ科,リュウキュウイチゴ,Rubus grayanus,public/assets/data-lite/ylist-lite.json
7829,hostplant-901987,species-1579,エゾイチゴ,バラ科,エゾイチゴ,Rubus idaeus subsp. melanolasius,public/assets/data-lite/ylist-lite.json
7830,hostplant-901988,species-1580,クマイチゴ,バラ科,クマイチゴ,Rubus crataegifolius,public/assets/data-lite/ylist-lite.json
7831,hostplant-901989,species-1580,モミジイチゴ,バラ科,モミジイチゴ,Rubus palmatus var. coptophyllus,public/assets/data-lite/ylist-lite.json
7833,hostplant-901991,species-1581,エゾイチゴ,バラ科,エゾイチゴ,Rubus idaeus subsp. melanolasius,public/assets/data-lite/ylist-lite.json
7834,hostplant-901992,species-1581,カナヤマイチゴ,バラ科,カナヤマイチゴ,Rubus idaeus subsp. melanolasius f. concolor,public/assets/data-lite/ylist-lite.json
7835,hostplant-901993,species-1581,ラズベリー,バラ科,ヨーロッパキイチゴ,Rubus idaeus subsp. idaeus,public/assets/data-lite/ylist-lite.json
7836,hostplant-901994,species-1582,リュウキュウイチゴ,バラ科,リュウキュウイチゴ,Rubus grayanus,public/assets/data-lite/ylist-lite.json
7837,hostplant-901995,species-1582,オオバライチゴ,バラ科,オオバライチゴ,Rubus croceacanthus,public/assets/data-lite/ylist-lite.json
7838,hostplant-901996,species-1583,シラカンバ,カバノキ科,シラカンバ,Betula platyphylla var. japonica,public/assets/data-lite/ylist-lite.json
7839,hostplant-901997,species-1583,ダケカンバ,カバノキ科,ダケカンバ,Betula ermanii,public/assets/data-lite/ylist-lite.json
7840,hostplant-901998,species-1584,ヤマナラシ,ヤナギ科,ヤマナラシ,Populus tremula var. sieboldii,public/assets/data-lite/ylist-lite.json
7841,hostplant-901999,species-1584,チョウセンヤマナラシ,ヤナギ科,チョウセンヤマナラシ,Populus tremula var. davidiana,public/assets/data-lite/ylist-lite.json
7842,hostplant-902000,species-1584,セイヨウハコヤナギ,ヤナギ科,セイヨウハコヤナギ,Populus nigra var. italica,public/assets/data-lite/ylist-lite.json
7843,hostplant-902001,species-1584,オノエヤナギ,ヤナギ科,オノエヤナギ,Salix udensis,public/assets/data-lite/ylist-lite.json
7844,hostplant-902002,species-1584,タチヤナギ,ヤナギ科,タチヤナギ,Salix triandra subsp. nipponica,public/assets/data-lite/ylist-lite.json
7845,hostplant-902003,species-1584,エゾノキヌヤナギ,ヤナギ科,エゾノキヌヤナギ,Salix schwerinii,public/assets/data-lite/ylist-lite.json
7848,hostplant-902006,species-1587,クヌギ,ブナ科,クヌギ,Quercus acutissima,public/assets/data-lite/ylist-lite.json
7849,hostplant-902007,species-1587,コナラ,ブナ科,コナラ,Quercus serrata,public/assets/data-lite/ylist-lite.json
7850,hostplant-902008,species-1587,シラカシ,ブナ科,シラカシ,Quercus myrsinaefolia,public/assets/data-lite/ylist-lite.json
7851,hostplant-902009,species-1587,ツクバネガシ,ブナ科,ツクバネガシ,Quercus sessilifolia,public/assets/data-lite/ylist-lite.json
7853,hostplant-902011,species-1587,ペカン,クルミ科,ペカン,Carya illinoinensis,public/assets/data-lite/ylist-lite.json
7854,hostplant-902012,species-20938,ケカラスウリ,ウリ科,ケカラスウリ,Trichosanthes pilosa,public/assets/data-lite/ylist-lite.json
7855,hostplant-902013,species-1589,カラスウリ,ウリ科,カラスウリ,Trichosanthes cucumeroides,public/assets/data-lite/ylist-lite.json
7856,hostplant-902014,species-1589,キカラスウリ,ウリ科,キカラスウリ,Trichosanthes kirilowii var. japonica,public/assets/data-lite/ylist-lite.json
7857,hostplant-902015,species-1590,カラスウリ,ウリ科,カラスウリ,Trichosanthes cucumeroides,public/assets/data-lite/ylist-lite.json
7858,hostplant-902016,species-1590,キカラスウリ,ウリ科,キカラスウリ,Trichosanthes kirilowii var. japonica,public/assets/data-lite/ylist-lite.json
7859,hostplant-902017,species-1591,ゴキヅル,ウリ科,ゴキヅル,Actinostemma tenerum,public/assets/data-lite/ylist-lite.json
7860,hostplant-902018,species-1592,アマチャヅル,ウリ科,アマチャヅル,Gynostemma pentaphyllum,public/assets/data-lite/ylist-lite.json
7862,hostplant-902020,species-1596,エビヅル,ブドウ科,エビヅル,Vitis ficifolia,public/assets/data-lite/ylist-lite.json
7863,hostplant-902021,species-1596,ヤマブドウ,ブドウ科,ヤマブドウ,Vitis coignetiae,public/assets/data-lite/ylist-lite.json
7864,hostplant-902022,species-1596,シラガブドウ,ブドウ科,シラガブドウ,Vitis shiragae,public/assets/data-lite/ylist-lite.json
7865,hostplant-902023,species-1598,ノブドウ,ブドウ科,ノブドウ,Ampelopsis glandulosa var. heterophylla,public/assets/data-lite/ylist-lite.json
7866,hostplant-902024,species-1598,エビヅル,ブドウ科,エビヅル,Vitis ficifolia,public/assets/data-lite/ylist-lite.json
7867,hostplant-902025,species-1599,ヘクソカズラ,アカネ科,ヘクソカズラ,Paederia foetida,public/assets/data-lite/ylist-lite.json
7868,hostplant-902026,species-1600,ヘクソカズラ,アカネ科,ヘクソカズラ,Paederia foetida,public/assets/data-lite/ylist-lite.json
7869,hostplant-902027,species-1601,ミヤママタタビ,マタタビ科,ミヤママタタビ,Actinidia kolomikta,public/assets/data-lite/ylist-lite.json
7870,hostplant-902028,species-1601,サルナシ,マタタビ科,サルナシ,Actinidia arguta var. arguta,public/assets/data-lite/ylist-lite.json
7872,hostplant-902030,species-1603,オノエヤナギ,ヤナギ科,オノエヤナギ,Salix udensis,public/assets/data-lite/ylist-lite.json
7873,hostplant-902031,species-1603,エゾノキヌヤナギ,ヤナギ科,エゾノキヌヤナギ,Salix schwerinii,public/assets/data-lite/ylist-lite.json
7876,hostplant-902034,species-1610,シラカンバ,カバノキ科,シラカンバ,Betula platyphylla var. japonica,public/assets/data-lite/ylist-lite.json
7878,hostplant-902036,species-1611,モモ,バラ科,モモ,Prunus persica,public/assets/data-lite/ylist-lite.json
7879,hostplant-902037,species-1611,ウメ,バラ科,ウメ,Prunus mume,public/assets/data-lite/ylist-lite.json
7880,hostplant-902038,species-1611,スモモ,バラ科,スモモ,Prunus salicina,public/assets/data-lite/ylist-lite.json
7881,hostplant-902039,species-1611,アンズ,バラ科,アンズ,Prunus armeniaca,public/assets/data-lite/ylist-lite.json
7882,hostplant-902040,species-1611,チョウセンヤマナシ,バラ科,ミチノクナシ,Pyrus ussuriensis,public/assets/data-lite/ylist-lite.json
7884,hostplant-902042,species-1611,カリン,バラ科,カリン,Pseudocydonia sinensis,public/assets/data-lite/ylist-lite.json
7885,hostplant-902043,species-1611,イロハモミジ,ムクロジ科,イロハモミジ,Acer palmatum,public/assets/data-lite/ylist-lite.json
7886,hostplant-902044,species-1611,カキノキ,カキノキ科,カキノキ,Diospyros kaki,public/assets/data-lite/ylist-lite.json
7887,hostplant-902045,species-1612,オノエヤナギ,ヤナギ科,オノエヤナギ,Salix udensis,public/assets/data-lite/ylist-lite.json
7888,hostplant-902046,species-1612,エゾノキヌヤナギ,ヤナギ科,エゾノキヌヤナギ,Salix schwerinii,public/assets/data-lite/ylist-lite.json
7891,hostplant-902049,species-1614,ケヤマハンノキ,カバノキ科,ケヤマハンノキ,Alnus hirsuta var. hirsuta,public/assets/data-lite/ylist-lite.json
7892,hostplant-902050,species-1614,カワラハンノキ,カバノキ科,カワラハンノキ,Alnus serrulatoides,public/assets/data-lite/ylist-lite.json
7893,hostplant-902051,species-1614,オオバヤシャブシ,カバノキ科,オオバヤシャブシ,Alnus sieboldiana,public/assets/data-lite/ylist-lite.json
7894,hostplant-902052,species-1614,シラカンバ,カバノキ科,シラカンバ,Betula platyphylla var. japonica,public/assets/data-lite/ylist-lite.json
7895,hostplant-902053,species-1615,カキノキ,カキノキ科,カキノキ,Diospyros kaki,public/assets/data-lite/ylist-lite.json
7897,hostplant-902055,species-1615,クリ,ブナ科,クリ,Castanea crenata,public/assets/data-lite/ylist-lite.json
7898,hostplant-902056,species-1615,カシワ,ブナ科,カシワ,Quercus dentata,public/assets/data-lite/ylist-lite.json
7899,hostplant-902057,species-1615,アラカシ,ブナ科,アラカシ,Quercus glauca,public/assets/data-lite/ylist-lite.json
7900,hostplant-902058,species-1615,クマイチゴ,バラ科,クマイチゴ,Rubus crataegifolius,public/assets/data-lite/ylist-lite.json
7902,hostplant-902060,species-1615,フジ,マメ科,フジ,Wisteria floribunda,public/assets/data-lite/ylist-lite.json
7903,hostplant-902061,species-1615,クマシデ,カバノキ科,クマシデ,Carpinus japonica,public/assets/data-lite/ylist-lite.json
7904,hostplant-902062,species-1615,カワラハンノキ,カバノキ科,カワラハンノキ,Alnus serrulatoides,public/assets/data-lite/ylist-lite.json
7905,hostplant-902063,species-20962,フサスグリ,スグリ科,フサスグリ,Ribes rubrum,public/assets/data-lite/ylist-lite.json
7906,hostplant-902064,species-20962,クロスグリ,スグリ科,クロスグリ,Ribes nigrum,public/assets/data-lite/ylist-lite.json
7907,hostplant-902065,species-1617,ツルグミ,グミ科,ツルグミ,Elaeagnus glabra,public/assets/data-lite/ylist-lite.json
7908,hostplant-902066,species-1617,ナツグミ,グミ科,ナツグミ,Elaeagnus multiflora var. multiflora,public/assets/data-lite/ylist-lite.json
7909,hostplant-902067,species-1617,アキグミ,グミ科,アキグミ,Elaeagnus umbellata var. umbellata,public/assets/data-lite/ylist-lite.json
7910,hostplant-902068,species-1620,ネコヤナギ,ヤナギ科,ネコヤナギ,Salix gracilistyla,public/assets/data-lite/ylist-lite.json
7911,hostplant-902069,species-1620,オノエヤナギ,ヤナギ科,オノエヤナギ,Salix udensis,public/assets/data-lite/ylist-lite.json
7912,hostplant-902070,species-1620,エゾノキヌヤナギ,ヤナギ科,エゾノキヌヤナギ,Salix schwerinii,public/assets/data-lite/ylist-lite.json
7914,hostplant-902072,species-1620,カワラハンノキ,カバノキ科,カワラハンノキ,Alnus serrulatoides,public/assets/data-lite/ylist-lite.json
7915,hostplant-902073,species-1620,ケヤマハンノキ,カバノキ科,ケヤマハンノキ,Alnus hirsuta var. hirsuta,public/assets/data-lite/ylist-lite.json
7916,hostplant-902074,species-1620,ナナカマド,バラ科,ナナカマド,Sorbus commixta,public/assets/data-lite/ylist-lite.json
7917,hostplant-902075,species-1621,アカガシ,ブナ科,アカガシ,Quercus acuta,public/assets/data-lite/ylist-lite.json
7918,hostplant-902076,species-1621,アラカシ,ブナ科,アラカシ,Quercus glauca,public/assets/data-lite/ylist-lite.json
7919,hostplant-902077,species-1621,コナラ,ブナ科,コナラ,Quercus serrata,public/assets/data-lite/ylist-lite.json
7920,hostplant-902078,species-1621,ツブラジイ,ブナ科,ツブラジイ,Castanopsis cuspidata,public/assets/data-lite/ylist-lite.json
7922,hostplant-902080,species-1621,クリ,ブナ科,クリ,Castanea crenata,public/assets/data-lite/ylist-lite.json
7923,hostplant-902081,species-1625,ガジュマル,クワ科,ガジュマル,Ficus microcarpa,public/assets/data-lite/ylist-lite.json
7924,hostplant-902082,species-1627,ニレ,ニレ科,ハルニレ,Ulmus davidiana var. japonica,public/assets/data-lite/ylist-lite.json
7925,hostplant-902084,species-1628,コナラ,ブナ科,コナラ,Quercus serrata,public/assets/data-lite/ylist-lite.json
7926,hostplant-902085,species-1628,クヌギ,ブナ科,クヌギ,Quercus acutissima,public/assets/data-lite/ylist-lite.json
7927,hostplant-902086,species-1628,リンゴ,バラ科,リンゴ,Malus pumila var. domestica,public/assets/data-lite/ylist-lite.json
7928,hostplant-902087,species-1629,リンゴ,バラ科,リンゴ,Malus pumila var. domestica,public/assets/data-lite/ylist-lite.json
7929,hostplant-902088,species-1629,ナシ,バラ科,ナシ,Pyrus pyrifolia var. culta,public/assets/data-lite/ylist-lite.json
7937,hostplant-902097,species-1503,アカギ,コミカンソウ科,アカギ,Bischofia javanica,public/assets/data-lite/ylist-lite.json
7938,hostplant-902098,species-1504,レンブ,フトモモ科,オオフトモモ,Eugenia javanica,public/assets/data-lite/ylist-lite.json
7939,hostplant-902099,species-1504,シマイスノキ,マンサク科,シマイスノキ,Distylium lepidotum,public/assets/data-lite/ylist-lite.json
7940,hostplant-902100,species-1505,チャノキ,ツバキ科,チャノキ,Camellia sinensis,public/assets/data-lite/ylist-lite.json
7942,hostplant-902102,species-1508,ウメ,バラ科,ウメ,Prunus mume,public/assets/data-lite/ylist-lite.json
7943,hostplant-902103,species-1507,ショウベンノキ,ミツバウツギ科,ショウベンノキ,Turpinia ternata,public/assets/data-lite/ylist-lite.json
7944,hostplant-902104,species-1510,ヤハズハンノキ,カバノキ科,ヤハズハンノキ,Alnus matsumurae,public/assets/data-lite/ylist-lite.json
7946,hostplant-902106,species-1514,ツノハシバミ,カバノキ科,ツノハシバミ,Corylus sieboldiana,public/assets/data-lite/ylist-lite.json
7947,hostplant-902107,species-1515,クヌギ,ブナ科,クヌギ,Quercus acutissima,public/assets/data-lite/ylist-lite.json
7948,hostplant-902108,species-1515,カキノキ,カキノキ科,カキノキ,Diospyros kaki,public/assets/data-lite/ylist-lite.json
7949,hostplant-902109,species-1516,スダジイ,ブナ科,スダジイ,Castanopsis sieboldii subsp. sieboldii,public/assets/data-lite/ylist-lite.json
7950,hostplant-902110,species-1516,イスノキ,マンサク科,イスノキ,Distylium racemosum,public/assets/data-lite/ylist-lite.json
7951,hostplant-902111,species-1517,カキノキ,カキノキ科,カキノキ,Diospyros kaki,public/assets/data-lite/ylist-lite.json
7952,hostplant-902112,species-1517,アブラギリ,トウダイグサ科,アブラギリ,Vernicia cordata,public/assets/data-lite/ylist-lite.json
7953,hostplant-902113,species-1517,ケヤキ,ニレ科,ケヤキ,Zelkova serrata,public/assets/data-lite/ylist-lite.json
7955,hostplant-902115,species-1517,イタヤカエデ,ムクロジ科,イタヤカエデ,Acer pictum subsp. dissectum,public/assets/data-lite/ylist-lite.json
7956,hostplant-902116,species-1517,アラカシ,ブナ科,アラカシ,Quercus glauca,public/assets/data-lite/ylist-lite.json
7958,hostplant-902118,species-1518,カキノキ,カキノキ科,カキノキ,Diospyros kaki,public/assets/data-lite/ylist-lite.json
7959,hostplant-902119,species-1518,ヤマモミジ,ムクロジ科,ヤマモミジ,Acer amoenum var. matsumurae,public/assets/data-lite/ylist-lite.json
7960,hostplant-902120,species-1519,クヌギ,ブナ科,クヌギ,Quercus acutissima,public/assets/data-lite/ylist-lite.json
7961,hostplant-902121,species-1519,コナラ,ブナ科,コナラ,Quercus serrata,public/assets/data-lite/ylist-lite.json
7962,hostplant-902122,species-1519,ヤマハンノキ,カバノキ科,ヤマハンノキ,Alnus hirsuta var. sibirica,public/assets/data-lite/ylist-lite.json
7965,hostplant-902125,species-1520,チャノキ,ツバキ科,チャノキ,Camellia sinensis,public/assets/data-lite/ylist-lite.json
7966,hostplant-902126,species-1520,カキノキ,カキノキ科,カキノキ,Diospyros kaki,public/assets/data-lite/ylist-lite.json
7967,hostplant-902127,species-1523,クリ,ブナ科,クリ,Castanea crenata,public/assets/data-lite/ylist-lite.json
7968,hostplant-902128,species-1523,クヌギ,ブナ科,クヌギ,Quercus acutissima,public/assets/data-lite/ylist-lite.json
7969,hostplant-902129,species-1523,チャノキ,ツバキ科,チャノキ,Camellia sinensis,public/assets/data-lite/ylist-lite.json
7970,hostplant-902130,species-1526,イジュ,ツバキ科,イジュ,Schima wallichii subsp. noronhae,public/assets/data-lite/ylist-lite.json
7971,hostplant-902131,species-1527,エゾノウワミズザクラ,バラ科,エゾノウワミズザクラ,Padus avium,public/assets/data-lite/ylist-lite.json
7972,hostplant-902132,species-1527,ソメイヨシノ,バラ科,ソメイヨシノ,Cerasus yedoensis,public/assets/data-lite/ylist-lite.json
7973,hostplant-902133,species-1527,セイヨウミザクラ,バラ科,セイヨウミザクラ,Cerasus avium,public/assets/data-lite/ylist-lite.json
7974,hostplant-902134,species-1528,セイヨウハコヤナギ,ヤナギ科,セイヨウハコヤナギ,Populus nigra var. italica,public/assets/data-lite/ylist-lite.json
7975,hostplant-902135,species-1528,カシワ,ブナ科,カシワ,Quercus dentata,public/assets/data-lite/ylist-lite.json
7977,hostplant-902137,species-1538,コナラ,ブナ科,コナラ,Quercus serrata,public/assets/data-lite/ylist-lite.json
7979,hostplant-902139,species-1539,クマシデ,カバノキ科,クマシデ,Carpinus japonica,public/assets/data-lite/ylist-lite.json
7980,hostplant-902140,species-1539,サワシバ,カバノキ科,サワシバ,Carpinus cordata var. cordata,public/assets/data-lite/ylist-lite.json
7982,hostplant-902142,species-1541,ゲットウ,ショウガ科,ゲットウ,Alpinia zerumbet,public/assets/data-lite/ylist-lite.json
7983,hostplant-902143,species-1541,ノボタン,ノボタン科,ノボタン,Melastoma candidum,public/assets/data-lite/ylist-lite.json
7984,hostplant-902144,species-1541,リュウキュウハギ,マメ科,ミヤギノハギ,Lespedeza thunbergii subsp. thunbergii f. thunbergii,public/assets/data-lite/ylist-lite.json
7985,hostplant-902145,species-1541,コンロンカ,アカネ科,コンロンカ,Mussaenda parviflora,public/assets/data-lite/ylist-lite.json
7986,hostplant-902146,species-1542,シラカンバ,カバノキ科,シラカンバ,Betula platyphylla var. japonica,public/assets/data-lite/ylist-lite.json
7987,hostplant-902147,species-1542,ダケカンバ,カバノキ科,ダケカンバ,Betula ermanii,public/assets/data-lite/ylist-lite.json
7988,hostplant-902148,species-1542,ドロノキ,ヤナギ科,ドロノキ,Populus suaveolens,public/assets/data-lite/ylist-lite.json
7989,hostplant-902149,species-1529,クリ,ブナ科,クリ,Castanea crenata,public/assets/data-lite/ylist-lite.json
7991,hostplant-902151,species-1529,ウメ,バラ科,ウメ,Prunus mume,public/assets/data-lite/ylist-lite.json
7992,hostplant-902152,species-1529,カキノキ,カキノキ科,カキノキ,Diospyros kaki,public/assets/data-lite/ylist-lite.json
7995,hostplant-902155,species-1530,サンゴジュ,ガマズミ科,サンゴジュ,Viburnum odoratissimum var. awabuki,public/assets/data-lite/ylist-lite.json
7996,hostplant-902156,species-1530,モモタマナ,シクンシ科,モモタマナ,Terminalia catappa,public/assets/data-lite/ylist-lite.json
7997,hostplant-902157,species-1530,アカギ,コミカンソウ科,アカギ,Bischofia javanica,public/assets/data-lite/ylist-lite.json
7999,hostplant-902159,species-1531,クリ,ブナ科,クリ,Castanea crenata,public/assets/data-lite/ylist-lite.json
8000,hostplant-902160,species-1531,カキノキ,カキノキ科,カキノキ,Diospyros kaki,public/assets/data-lite/ylist-lite.json
8001,hostplant-902161,species-1532,ヤマモミジ,ムクロジ科,ヤマモミジ,Acer amoenum var. matsumurae,public/assets/data-lite/ylist-lite.json
8002,hostplant-902162,species-1532,アワブキ,アワブキ科,アワブキ,Meliosma myriantha,public/assets/data-lite/ylist-lite.json
8004,hostplant-902164,species-1536,カキノキ,カキノキ科,カキノキ,Diospyros kaki,public/assets/data-lite/ylist-lite.json
8005,hostplant-902165,species-1536,スモモ,バラ科,スモモ,Prunus salicina,public/assets/data-lite/ylist-lite.json
8007,hostplant-902167,species-1536,リンゴ,バラ科,リンゴ,Malus pumila var. domestica,public/assets/data-lite/ylist-lite.json
8008,hostplant-902168,species-1536,ナシ,バラ科,ナシ,Pyrus pyrifolia var. culta,public/assets/data-lite/ylist-lite.json
8009,hostplant-902169,species-1536,チャノキ,ツバキ科,チャノキ,Camellia sinensis,public/assets/data-lite/ylist-lite.json
8074,hostplant-902234,species-21100,ラカンマキ,マキ科,ラカンマキ,Podocarpus macrophyllus f. macrophyllus,public/assets/data-lite/ylist-lite.json
8153,hostplant-902313,species-21494,タチシャリンバイ,バラ科,シャリンバイ,Rhaphiolepis indica var. umbellata,public/assets/data-lite/ylist-lite.json
8155,hostplant-902315,species-23109,チシマアザミ,キク科,チシマアザミ,Cirsium kamtschaticum,public/assets/data-lite/ylist-lite.json
8171,hostplant-902331,species-21483,ハゼ,ウルシ科,ハゼノキ,Toxicodendron succedaneum,public/assets/data-lite/ylist-lite.json
8193,hostplant-902354,species-21380,ゲンノショウコ,フウロソウ科,ゲンノショウコ,Geranium thunbergii,public/assets/data-lite/ylist-lite.json
8232,hostplant-902393,species-21511,ウマノアシガタ,キンポウゲ科,ウマノアシガタ,Ranunculus japonicus,public/assets/data-lite/ylist-lite.json
8244,hostplant-902405,species-21471,カリン,バラ科,カリン,Pseudocydonia sinensis,public/assets/data-lite/ylist-lite.json
8274,hostplant-902435,species-21413,ヒメアシボソ,イネ科,アシボソ,Microstegium vimineum f. vimineum,public/assets/data-lite/ylist-lite.json
8306,hostplant-902467,species-21448,エゾイチゴ,バラ科,エゾイチゴ,Rubus idaeus subsp. melanolasius,public/assets/data-lite/ylist-lite.json
8342,hostplant-902503,species-21418,ハマナス,バラ科,ハマナス,Rosa rugosa,public/assets/data-lite/ylist-lite.json
8344,hostplant-902505,species-21341,ハマナス,バラ科,ハマナス,Rosa rugosa,public/assets/data-lite/ylist-lite.json
8422,hostplant-902583,species-21278,ケナシスミレ,スミレ科,スミレ,Viola mandshurica,public/assets/data-lite/ylist-lite.json
8524,hostplant-902686,species-23146,ヤブニッケイ,クスノキ科,ヤブニッケイ,Cinnamomum yabunikkei,public/assets/data-lite/ylist-lite.json
8528,hostplant-902690,species-23147,シラベ,マツ科,シラビソ,Abies veitchii,public/assets/data-lite/ylist-lite.json
8576,hostplant-902739,species-0171,コガクウツギ,アジサイ科,コガクウツギ,Hydrangea luteovenosa,public/assets/data-lite/ylist-lite.json
8595,hostplant-902758,species-1569,ソバ,タデ科,ソバ,Fagopyrum esculentum,public/assets/data-lite/ylist-lite.json
8727,hostplant-902890,species-3228,コガクウツギ,アジサイ科,コガクウツギ,Hydrangea luteovenosa,public/assets/data-lite/ylist-lite.json
11332,hostplant-905898,species-5404,イブキシモツケ,バラ科,イブキシモツケ,Spiraea dasyantha,public/assets/data-lite/ylist-lite.json
11391,hostplant-905987,species-4090,サラシナショウマ,キンポウゲ科,サラシナショウマ,Cimicifuga simplex,public/assets/data-lite/ylist-lite.json
11393,hostplant-905989,species-5587,ヤクシソウ,キク科,ヤクシソウ,Crepidiastrum denticulatum,public/assets/data-lite/ylist-lite.json
11416,hostplant-906022,species-3121,マコモ,イネ科,マコモ,Zizania latifolia,public/assets/data-lite/ylist-lite.json
11417,hostplant-906023,species-6143,アカザ,ヒユ科,アカザ,Chenopodium album var. centrorubrum,public/assets/data-lite/ylist-lite.json
11420,hostplant-906026,species-3211,クロバナヒキオコシ,シソ科,クロバナヒキオコシ,Isodon trichocarpus,public/assets/data-lite/ylist-lite.json
11421,hostplant-906027,species-3227,ムラサキシキブ,シソ科,ムラサキシキブ,Callicarpa japonica,public/assets/data-lite/ylist-lite.json
11422,hostplant-906028,species-3278,アズキ,マメ科,アズキ,Vigna angularis var. angularis,public/assets/data-lite/ylist-lite.json
11425,hostplant-906032,species-2347,トチノキ,ムクロジ科,トチノキ,Aesculus turbinata,public/assets/data-lite/ylist-lite.json
11430,hostplant-906041,species-0839,キオン,キク科,キオン,Senecio nemorensis,public/assets/data-lite/ylist-lite.json
11432,hostplant-906043,species-0833,タムラソウ,キク科,タムラソウ,Serratula insularis,public/assets/data-lite/ylist-lite.json
11436,hostplant-906049,species-4610,ウバメガシ,ブナ科,ウバメガシ,Quercus phillyraeoides,public/assets/data-lite/ylist-lite.json
11437,hostplant-906050,species-20708,フジハタザオ,アブラナ科,フジハタザオ,Arabis serrata var. serrata,public/assets/data-lite/ylist-lite.json
11438,hostplant-906052,species-3187,イヌビワ,クワ科,イヌビワ,Ficus erecta var. erecta,public/assets/data-lite/ylist-lite.json
11439,hostplant-906053,species-3040,コナギ,ミズアオイ科,コナギ,Monochoria vaginalis,public/assets/data-lite/ylist-lite.json
11442,hostplant-906061,species-6050,ツゲ,ツゲ科,ツゲ,Buxus microphylla var. japonica,public/assets/data-lite/ylist-lite.json
11443,hostplant-906062,species-4538,キバナカワラマツバ,アカネ科,キバナカワラマツバ,Galium verum subsp. asiaticum,public/assets/data-lite/ylist-lite.json
11568,hostplant-907642,species-1196,ミゾソバ,タデ科,ミゾソバ,Persicaria thunbergii var. thunbergii,public/assets/data-lite/ylist-lite.json
11710,hostplant-907789,species-0961,ツキ,ニレ科,ケヤキ,Zelkova serrata,public/assets/data-lite/ylist-lite.json
11800,hostplant-907880,species-0680,ヤマノイモ,ヤマノイモ科,ヤマノイモ,Dioscorea japonica,public/assets/data-lite/ylist-lite.json
11804,hostplant-907884,species-0685,サワグルミ,クルミ科,サワグルミ,Pterocarya rhoifolia,public/assets/data-lite/ylist-lite.json
11806,hostplant-907886,species-0690,オトコヨウゾメ,ガマズミ科,オトコヨウゾメ,Viburnum phlebotrichum,public/assets/data-lite/ylist-lite.json
11808,hostplant-907888,species-0691,カキ,カキノキ科,カキノキ,Diospyros kaki,public/assets/data-lite/ylist-lite.json
11812,hostplant-907892,species-0698,イヌエンジュ,マメ科,イヌエンジュ,Maackia amurensis,public/assets/data-lite/ylist-lite.json
11818,hostplant-907898,species-0707,ウバメガシ,ブナ科,ウバメガシ,Quercus phillyraeoides,public/assets/data-lite/ylist-lite.json
11819,hostplant-907899,species-0707,スダジイ,ブナ科,スダジイ,Castanopsis sieboldii subsp. sieboldii,public/assets/data-lite/ylist-lite.json
11821,hostplant-907901,species-0708,クスノキ,クスノキ科,クスノキ,Cinnamomum camphora,public/assets/data-lite/ylist-lite.json
11831,hostplant-907911,species-0723,ハクサイ,アブラナ科,ハクサイ,Brassica rapa var. glabra,public/assets/data-lite/ylist-lite.json
11832,hostplant-907912,species-0723,カブ,アブラナ科,カブ,Brassica rapa var. rapa,public/assets/data-lite/ylist-lite.json
11833,hostplant-907913,species-0723,セイヨウアブラナ,アブラナ科,セイヨウアブラナ,Brassica napus,public/assets/data-lite/ylist-lite.json
11844,hostplant-907924,species-0728,アブラナ,アブラナ科,アブラナ,Brassica rapa var. chinoleifera,public/assets/data-lite/ylist-lite.json
11846,hostplant-907926,species-0728,イヌナズナ,アブラナ科,イヌナズナ,Draba nemorosa,public/assets/data-lite/ylist-lite.json
11851,hostplant-907931,species-0738,ワサビ,アブラナ科,ワサビ,Eutrema japonicum,public/assets/data-lite/ylist-lite.json
11853,hostplant-907933,species-0739,オニドコロ,ヤマノイモ科,オニドコロ,Dioscorea tokoro,public/assets/data-lite/ylist-lite.json
11858,hostplant-907938,species-0740,オニドコロ,ヤマノイモ科,オニドコロ,Dioscorea tokoro,public/assets/data-lite/ylist-lite.json
11860,hostplant-907940,species-0741,ナガイモ,ヤマノイモ科,ナガイモ,Dioscorea polystachya,public/assets/data-lite/ylist-lite.json
11862,hostplant-907942,species-0742,オニドコロ,ヤマノイモ科,オニドコロ,Dioscorea tokoro,public/assets/data-lite/ylist-lite.json
11863,hostplant-907943,species-0742,ヤマノイモ,ヤマノイモ科,ヤマノイモ,Dioscorea japonica,public/assets/data-lite/ylist-lite.json
11865,hostplant-907945,species-0743,ネギ,ヒガンバナ科,ネギ,Allium fistulosum,public/assets/data-lite/ylist-lite.json
11866,hostplant-907946,species-0743,タマネギ,ヒガンバナ科,タマネギ,Allium cepa,public/assets/data-lite/ylist-lite.json
11874,hostplant-907954,species-0749,シャクヤク,ボタン科,シャクヤク,Paeonia lactiflora var. trichocarpa,public/assets/data-lite/ylist-lite.json
11881,hostplant-907961,species-0774,サツマイモ,ヒルガオ科,サツマイモ,Ipomoea batatas,public/assets/data-lite/ylist-lite.json
11882,hostplant-907962,species-0774,アサガオ,ヒルガオ科,アサガオ,Ipomoea nil,public/assets/data-lite/ylist-lite.json
11884,hostplant-907964,species-0774,ヒルガオ,ヒルガオ科,ヒルガオ,Calystegia pubescens f. major,public/assets/data-lite/ylist-lite.json
11886,hostplant-907966,species-0775,ノアサガオ,ヒルガオ科,ノアサガオ,Ipomoea indica,public/assets/data-lite/ylist-lite.json
11889,hostplant-907969,species-0776,クヌギ,ブナ科,クヌギ,Quercus acutissima,public/assets/data-lite/ylist-lite.json
11893,hostplant-907973,species-0782,サツキ,ツツジ科,サツキ,Rhododendron indicum,public/assets/data-lite/ylist-lite.json
11894,hostplant-907974,species-0782,シャクナゲ,ツツジ科,アズマシャクナゲ,Rhododendron degronianum,public/assets/data-lite/ylist-lite.json
11896,hostplant-907976,species-0782,リンゴ,バラ科,リンゴ,Malus pumila var. domestica,public/assets/data-lite/ylist-lite.json
11906,hostplant-907986,species-0787,モモ,バラ科,モモ,Prunus persica,public/assets/data-lite/ylist-lite.json
11907,hostplant-907987,species-0787,ヤマザクラ,バラ科,ヤマザクラ,Cerasus jamasakura,public/assets/data-lite/ylist-lite.json
11910,hostplant-907990,species-0789,ツルウメモドキ,ニシキギ科,ツルウメモドキ,Celastrus orbiculatus var. orbiculatus,public/assets/data-lite/ylist-lite.json
11914,hostplant-907994,species-0793,ヤマハギ,マメ科,ヤマハギ,Lespedeza bicolor,public/assets/data-lite/ylist-lite.json
11918,hostplant-907998,species-0796,セイヨウハコヤナギ,ヤナギ科,セイヨウハコヤナギ,Populus nigra var. italica,public/assets/data-lite/ylist-lite.json
11919,hostplant-907999,species-0796,ヤマナラシ,ヤナギ科,ヤマナラシ,Populus tremula var. sieboldii,public/assets/data-lite/ylist-lite.json
11923,hostplant-908003,species-0805,チシャノキ,ムラサキ科,チシャノキ,Ehretia acuminata var. obovata,public/assets/data-lite/ylist-lite.json
11925,hostplant-908005,species-0809,マユミ,ニシキギ科,マユミ,Euonymus sieboldianus var. sieboldianus,public/assets/data-lite/ylist-lite.json
11927,hostplant-908007,species-0809,ツリバナ,ニシキギ科,ツリバナ,Euonymus oxyphyllus,public/assets/data-lite/ylist-lite.json
11928,hostplant-908008,species-0809,ヒロハツリバナ,ニシキギ科,ヒロハノツリバナ,Euonymus macropterus,public/assets/data-lite/ylist-lite.json
11931,hostplant-908011,species-0809,マサキ,ニシキギ科,マサキ,Euonymus japonicus,public/assets/data-lite/ylist-lite.json
11937,hostplant-908017,species-0814,ヤマボクチ,キク科,ヤマボクチ,Synurus palmatopinnatifidus var. indivisus,public/assets/data-lite/ylist-lite.json
11941,hostplant-908021,species-0825,サンショウ,ミカン科,サンショウ,Zanthoxylum piperitum,public/assets/data-lite/ylist-lite.json
11943,hostplant-908023,species-0830,シシウド,セリ科,シシウド,Angelica pubescens,public/assets/data-lite/ylist-lite.json
11944,hostplant-908024,species-0830,ヤブジラミ,セリ科,ヤブジラミ,Torilis japonica,public/assets/data-lite/ylist-lite.json
11949,hostplant-908029,species-0831,ヨモギ,キク科,ヨモギ,Artemisia indica var. maximowiczii,public/assets/data-lite/ylist-lite.json
11955,hostplant-908035,species-0845,クスノキ,クスノキ科,クスノキ,Cinnamomum camphora,public/assets/data-lite/ylist-lite.json
11963,hostplant-908043,species-0861,ヒメノガリヤス,イネ科,ヒメノガリヤス,Deyeuxia hakonensis,public/assets/data-lite/ylist-lite.json
11964,hostplant-908044,species-0861,ノガリヤス,イネ科,ノガリヤス,Calamagrostis arundinacea subsp. brachytricha,public/assets/data-lite/ylist-lite.json
11966,hostplant-908046,species-0868,ノガリヤス,イネ科,ノガリヤス,Calamagrostis arundinacea subsp. brachytricha,public/assets/data-lite/ylist-lite.json
11969,hostplant-908049,species-0872,カラスザンショウ,ミカン科,カラスザンショウ,Zanthoxylum ailanthoides var. ailanthoides,public/assets/data-lite/ylist-lite.json
11973,hostplant-908053,species-0873,スズメノヤリ,イグサ科,スズメノヤリ,Luzula capitata,public/assets/data-lite/ylist-lite.json
11977,hostplant-908057,species-0878,マタタビ,マタタビ科,マタタビ,Actinidia polygama,public/assets/data-lite/ylist-lite.json
11978,hostplant-908058,species-0878,カサスゲ,カヤツリグサ科,カサスゲ,Carex dispalata,public/assets/data-lite/ylist-lite.json
11979,hostplant-908059,species-0878,キタゴヨウ,マツ科,ゴヨウマツ,Pinus parviflora,public/assets/data-lite/ylist-lite.json
11993,hostplant-908073,species-1612,イノコヅチ,ヒユ科,イノコヅチ,Achyranthes bidentata var. japonica,public/assets/data-lite/ylist-lite.json
12407,hostplant-B1B6-0003,species-3434,オオイタチシダ,オシダ科,オオイタチシダ,Dryopteris immixta,public/assets/data-lite/ylist-lite.json
12408,hostplant-B1B6-0010,species-3438,ソメイヨシノ,バラ科,ソメイヨシノ,Cerasus yedoensis,public/assets/data-lite/ylist-lite.json
12410,hostplant-B1B6-0028,species-3442,クヌギ,ブナ科,クヌギ,Quercus acutissima,public/assets/data-lite/ylist-lite.json
12411,hostplant-B1B6-0029,species-3442,コナラ,ブナ科,コナラ,Quercus serrata,public/assets/data-lite/ylist-lite.json
12412,hostplant-B1B6-0030,species-3442,アベマキ,ブナ科,アベマキ,Quercus variabilis,public/assets/data-lite/ylist-lite.json
12415,hostplant-B1B6-0041,species-3447,ヌルデ,ウルシ科,ヌルデ,Rhus javanica var. chinensis,public/assets/data-lite/ylist-lite.json
12425,hostplant-B1B6-0081,species-3473,コウツギ,アジサイ科,コウツギ,Deutzia floribunda,public/assets/data-lite/ylist-lite.json
12426,hostplant-B1B6-0083,species-3475,キイチゴ,バラ科,モミジイチゴ,Rubus palmatus var. coptophyllus,public/assets/data-lite/ylist-lite.json
12427,hostplant-B1B6-0084,species-3475,フユイチゴ,バラ科,フユイチゴ,Rubus buergeri,public/assets/data-lite/ylist-lite.json
12428,hostplant-B1B6-0085,species-3475,モミジイチゴ,バラ科,モミジイチゴ,Rubus palmatus var. coptophyllus,public/assets/data-lite/ylist-lite.json
12429,hostplant-B1B6-0086,species-3475,ノイバラ,バラ科,ノイバラ,Rosa multiflora,public/assets/data-lite/ylist-lite.json
12433,hostplant-B1B6-0106,species-3493,コナラ,ブナ科,コナラ,Quercus serrata,public/assets/data-lite/ylist-lite.json
12435,hostplant-B1B6-0118,species-3502,マユミ,ニシキギ科,マユミ,Euonymus sieboldianus var. sieboldianus,public/assets/data-lite/ylist-lite.json
12436,hostplant-B1B6-0119,species-3502,コマユミ,ニシキギ科,コマユミ,Euonymus alatus f. striatus,public/assets/data-lite/ylist-lite.json
12440,hostplant-B1B6-0128,species-3517,ガマズミ,ガマズミ科,ガマズミ,Viburnum dilatatum,public/assets/data-lite/ylist-lite.json
12441,hostplant-B1B6-0129,species-3517,コバノガマズミ,ガマズミ科,コバノガマズミ,Viburnum erosum,public/assets/data-lite/ylist-lite.json
12442,hostplant-B1B6-0130,species-3517,サンゴジュ,ガマズミ科,サンゴジュ,Viburnum odoratissimum var. awabuki,public/assets/data-lite/ylist-lite.json
12443,hostplant-B1B6-0132,species-3518,アワブキ,アワブキ科,アワブキ,Meliosma myriantha,public/assets/data-lite/ylist-lite.json
12447,hostplant-B1B6-0140,species-3540,ヤマナラシ,ヤナギ科,ヤマナラシ,Populus tremula var. sieboldii,public/assets/data-lite/ylist-lite.json
12448,hostplant-B1B6-0141,species-3540,セイヨウハコヤナギ,ヤナギ科,セイヨウハコヤナギ,Populus nigra var. italica,public/assets/data-lite/ylist-lite.json
12458,hostplant-B1B6-0151,species-3544,ニシキギ,ニシキギ科,ニシキギ,Euonymus alatus f. alatus,public/assets/data-lite/ylist-lite.json
12459,hostplant-B1B6-0152,species-3544,マユミ,ニシキギ科,マユミ,Euonymus sieboldianus var. sieboldianus,public/assets/data-lite/ylist-lite.json
12460,hostplant-B1B6-0153,species-3544,ツリバナ,ニシキギ科,ツリバナ,Euonymus oxyphyllus,public/assets/data-lite/ylist-lite.json
12461,hostplant-B1B6-0154,species-3544,コマユミ,ニシキギ科,コマユミ,Euonymus alatus f. striatus,public/assets/data-lite/ylist-lite.json
12464,hostplant-B1B6-0158,species-3547,マサキ,ニシキギ科,マサキ,Euonymus japonicus,public/assets/data-lite/ylist-lite.json
12465,hostplant-B1B6-0161,species-3547,ニシキギ,ニシキギ科,ニシキギ,Euonymus alatus f. alatus,public/assets/data-lite/ylist-lite.json
12466,hostplant-B1B6-0166,species-3548,ニシキギ,ニシキギ科,ニシキギ,Euonymus alatus f. alatus,public/assets/data-lite/ylist-lite.json
12469,hostplant-B1B6-0181,species-3563,テリハボク,テリハボク科,テリハボク,Calophyllum inophyllum,public/assets/data-lite/ylist-lite.json
12470,hostplant-B1B6-0182,species-3563,カキツバタ,アヤメ科,カキツバタ,Iris laevigata,public/assets/data-lite/ylist-lite.json
12471,hostplant-B1B6-0183,species-3563,キョウチクトウ,キョウチクトウ科,キョウチクトウ,Nerium oleander var. indicum,public/assets/data-lite/ylist-lite.json
12472,hostplant-B1B6-0184,species-3564,ヤマモミジ,ムクロジ科,ヤマモミジ,Acer amoenum var. matsumurae,public/assets/data-lite/ylist-lite.json
12473,hostplant-B1B6-0185,species-3564,イタヤカエデ,ムクロジ科,イタヤカエデ,Acer pictum subsp. dissectum,public/assets/data-lite/ylist-lite.json
12475,hostplant-B1B6-0215,species-3580,アカシデ,カバノキ科,アカシデ,Carpinus laxiflora,public/assets/data-lite/ylist-lite.json
12476,hostplant-B1B6-0216,species-3580,アサダ,カバノキ科,アサダ,Ostrya japonica,public/assets/data-lite/ylist-lite.json
12478,hostplant-B1B6-0219,species-3582,イスノキ,マンサク科,イスノキ,Distylium racemosum,public/assets/data-lite/ylist-lite.json
12482,hostplant-B1B6-0227,species-3589,ウラジロガシ,ブナ科,ウラジロガシ,Quercus salicina,public/assets/data-lite/ylist-lite.json
12483,hostplant-B1B6-0229,species-3589,オガタマノキ,モクレン科,オガタマノキ,Magnolia compressa,public/assets/data-lite/ylist-lite.json
12484,hostplant-B1B6-0230,species-3589,カマツカ,バラ科,カマツカ,Pourthiaea villosa,public/assets/data-lite/ylist-lite.json
12485,hostplant-B1B6-0233,species-3590,イスノキ,マンサク科,イスノキ,Distylium racemosum,public/assets/data-lite/ylist-lite.json
12486,hostplant-B1B6-0234,species-3591,ウツギ,アジサイ科,ウツギ,Deutzia crenata,public/assets/data-lite/ylist-lite.json
12487,hostplant-B1B6-0236,species-3592,イスノキ,マンサク科,イスノキ,Distylium racemosum,public/assets/data-lite/ylist-lite.json
12490,hostplant-B1B6-0240,species-3597,イスノキ,マンサク科,イスノキ,Distylium racemosum,public/assets/data-lite/ylist-lite.json
12492,hostplant-B1B6-0245,species-3600,クロウメモドキ,クロウメモドキ科,クロウメモドキ,Rhamnus japonica var. decipiens,public/assets/data-lite/ylist-lite.json
12493,hostplant-B1B6-0246,species-3608,ヤマヤナギ,ヤナギ科,ヤマヤナギ,Salix sieboldiana var. sieboldiana,public/assets/data-lite/ylist-lite.json
12494,hostplant-B1B6-0247,species-3608,マルバヤナギ,ヤナギ科,マルバヤナギ,Salix chaenomeloides,public/assets/data-lite/ylist-lite.json
12495,hostplant-B1B6-0248,species-3608,メドハギ,マメ科,メドハギ,Lespedeza cuneata var. cuneata,public/assets/data-lite/ylist-lite.json
12496,hostplant-B1B6-0249,species-3608,ヤハズソウ,マメ科,ヤハズソウ,Kummerowia striata,public/assets/data-lite/ylist-lite.json
12497,hostplant-B1B6-0251,species-3610,キリンソウ,ベンケイソウ科,キリンソウ,Phedimus aizoon var. floribundus,public/assets/data-lite/ylist-lite.json
12498,hostplant-B1B6-0252,species-3611,カラスノエンドウ,マメ科,イブキノエンドウ,Vicia sepium,public/assets/data-lite/ylist-lite.json
12500,hostplant-B1B6-0254,species-3611,シロツメクサ,マメ科,シロツメクサ,Trifolium repens,public/assets/data-lite/ylist-lite.json
12503,hostplant-B1B6-0258,species-3614,シグレヤナギ,ヤナギ科,シグレヤナギ,Salix eriocataphylla,public/assets/data-lite/ylist-lite.json
12506,hostplant-B1B6-0268,species-3624,クサフジ,マメ科,クサフジ,Vicia cracca,public/assets/data-lite/ylist-lite.json
12507,hostplant-B1B6-0269,species-3624,ヤハズエンドウ,マメ科,ヤハズエンドウ,Vicia sativa subsp. nigra,public/assets/data-lite/ylist-lite.json
12509,hostplant-B1B6-0271,species-3626,イスノキ,マンサク科,イスノキ,Distylium racemosum,public/assets/data-lite/ylist-lite.json
12510,hostplant-B1B6-0272,species-3626,ソヨゴ,モチノキ科,ソヨゴ,Ilex pedunculosa,public/assets/data-lite/ylist-lite.json
12511,hostplant-B1B6-0273,species-3626,アオハダ,モチノキ科,アオハダ,Ilex macropoda,public/assets/data-lite/ylist-lite.json
12512,hostplant-B1B6-0274,species-3626,ミヤマウメモドキ,モチノキ科,ミヤマウメモドキ,Ilex nipponica,public/assets/data-lite/ylist-lite.json
12513,hostplant-B1B6-0275,species-3626,ムッチャガラ,モチノキ科,ムッチャガラ,Ilex maximowicziana var. kanehirae,public/assets/data-lite/ylist-lite.json
12516,hostplant-B1B6-0283,species-3637,ニシキギ,ニシキギ科,ニシキギ,Euonymus alatus f. alatus,public/assets/data-lite/ylist-lite.json
12517,hostplant-B1B6-0284,species-3637,マユミ,ニシキギ科,マユミ,Euonymus sieboldianus var. sieboldianus,public/assets/data-lite/ylist-lite.json
12519,hostplant-B1B6-0288,species-3640,リンゴ,バラ科,リンゴ,Malus pumila var. domestica,public/assets/data-lite/ylist-lite.json
12523,hostplant-B1B6-0292,species-3642,コガクウツギ,アジサイ科,コガクウツギ,Hydrangea luteovenosa,public/assets/data-lite/ylist-lite.json
12526,hostplant-B1B6-0300,species-3647,ナギ,マキ科,ナギ,Nageia nagi,public/assets/data-lite/ylist-lite.json
12527,hostplant-B1B6-0301,species-3647,ラカンマキ,マキ科,ラカンマキ,Podocarpus macrophyllus f. macrophyllus,public/assets/data-lite/ylist-lite.json
12541,hostplant-B1B6-0337,species-3671,トウヒ,マツ科,トウヒ,Picea jezoensis var. hondoensis,public/assets/data-lite/ylist-lite.json
12542,hostplant-B1B6-0338,species-3671,モミ,マツ科,モミ,Abies firma,public/assets/data-lite/ylist-lite.json
12543,hostplant-B1B6-0339,species-3671,カラマツ,マツ科,カラマツ,Larix kaempferi,public/assets/data-lite/ylist-lite.json
12559,hostplant-B1B6-0355,species-3679,オヒルギ,ヒルギ科,オヒルギ,Bruguiera gymnorhiza,public/assets/data-lite/ylist-lite.json
12560,hostplant-B1B6-0356,species-3679,オオバヒルギ,ヒルギ科,オオバヒルギ,Rhizophora stylosa,public/assets/data-lite/ylist-lite.json
12561,hostplant-B1B6-0357,species-3679,メヒルギ,ヒルギ科,メヒルギ,Kandelia obovata,public/assets/data-lite/ylist-lite.json
12574,hostplant-B1B6-0372,species-3685,イチョウ,イチョウ科,イチョウ,Ginkgo biloba,public/assets/data-lite/ylist-lite.json
12575,hostplant-B1B6-0373,species-3685,スギ,ヒノキ科,スギ,Cryptomeria japonica,public/assets/data-lite/ylist-lite.json
12576,hostplant-B1B6-0374,species-3685,ヒノキ,ヒノキ科,ヒノキ,Chamaecyparis obtusa,public/assets/data-lite/ylist-lite.json
12577,hostplant-B1B6-0375,species-3685,アヤメ,アヤメ科,アヤメ,Iris sanguinea,public/assets/data-lite/ylist-lite.json
12578,hostplant-B1B6-0377,species-3698,クサギ,シソ科,クサギ,Clerodendrum trichotomum var. trichotomum,public/assets/data-lite/ylist-lite.json
12579,hostplant-B1B6-0378,species-3698,エンドウ,マメ科,エンドウ,Pisum sativum,public/assets/data-lite/ylist-lite.json
12580,hostplant-B1B6-0379,species-3698,ゼンマイ,ゼンマイ科,ゼンマイ,Osmunda japonica,public/assets/data-lite/ylist-lite.json
12581,hostplant-B1B6-0380,species-3688,スギ,ヒノキ科,スギ,Cryptomeria japonica,public/assets/data-lite/ylist-lite.json
12582,hostplant-B1B6-0381,species-3688,ヒノキ,ヒノキ科,ヒノキ,Chamaecyparis obtusa,public/assets/data-lite/ylist-lite.json
12585,hostplant-B1B6-0385,species-3691,ブナ,ブナ科,ブナ,Fagus crenata,public/assets/data-lite/ylist-lite.json
12586,hostplant-B1B6-0386,species-3691,ニレ,ニレ科,ハルニレ,Ulmus davidiana var. japonica,public/assets/data-lite/ylist-lite.json
12591,hostplant-B1B6-0391,species-3693,ミズナラ,ブナ科,ミズナラ,Quercus crispula var. crispula,public/assets/data-lite/ylist-lite.json
12592,hostplant-B1B6-0392,species-3693,クヌギ,ブナ科,クヌギ,Quercus acutissima,public/assets/data-lite/ylist-lite.json
12596,hostplant-B1B6-0400,species-3695,クヌギ,ブナ科,クヌギ,Quercus acutissima,public/assets/data-lite/ylist-lite.json
12597,hostplant-B1B6-0401,species-3695,リンゴ,バラ科,リンゴ,Malus pumila var. domestica,public/assets/data-lite/ylist-lite.json
12602,hostplant-B1B6-0408,species-3699,ツルウメモドキ,ニシキギ科,ツルウメモドキ,Celastrus orbiculatus var. orbiculatus,public/assets/data-lite/ylist-lite.json
12603,hostplant-B1B6-0409,species-3700,マユミ,ニシキギ科,マユミ,Euonymus sieboldianus var. sieboldianus,public/assets/data-lite/ylist-lite.json
12604,hostplant-B1B6-0411,species-3700,ツルウメモドキ,ニシキギ科,ツルウメモドキ,Celastrus orbiculatus var. orbiculatus,public/assets/data-lite/ylist-lite.json
12605,hostplant-B1B6-0412,species-3700,ニシキギ,ニシキギ科,ニシキギ,Euonymus alatus f. alatus,public/assets/data-lite/ylist-lite.json
12606,hostplant-B1B6-0415,species-3701,ニシキギ,ニシキギ科,ニシキギ,Euonymus alatus f. alatus,public/assets/data-lite/ylist-lite.json
12607,hostplant-B1B6-0416,species-3701,コマユミ,ニシキギ科,コマユミ,Euonymus alatus f. striatus,public/assets/data-lite/ylist-lite.json
12613,hostplant-B1B6-0423,species-3703,ブナ,ブナ科,ブナ,Fagus crenata,public/assets/data-lite/ylist-lite.json
12614,hostplant-B1B6-0427,species-3705,ソヨゴ,モチノキ科,ソヨゴ,Ilex pedunculosa,public/assets/data-lite/ylist-lite.json
12618,hostplant-B1B6-0431,species-3706,ノイバラ,バラ科,ノイバラ,Rosa multiflora,public/assets/data-lite/ylist-lite.json
12619,hostplant-B1B6-0432,species-3706,ソメイヨシノ,バラ科,ソメイヨシノ,Cerasus yedoensis,public/assets/data-lite/ylist-lite.json
12625,hostplant-B1B6-0439,species-3711,カマツカ,バラ科,カマツカ,Pourthiaea villosa,public/assets/data-lite/ylist-lite.json
12626,hostplant-B1B6-0440,species-3711,ナナカマド,バラ科,ナナカマド,Sorbus commixta,public/assets/data-lite/ylist-lite.json
12630,hostplant-B1B6-0456,species-3721,ミズナラ,ブナ科,ミズナラ,Quercus crispula var. crispula,public/assets/data-lite/ylist-lite.json
12631,hostplant-B1B6-0457,species-3721,カシワ,ブナ科,カシワ,Quercus dentata,public/assets/data-lite/ylist-lite.json
12633,hostplant-B1B6-0459,species-3721,ダケカンバ,カバノキ科,ダケカンバ,Betula ermanii,public/assets/data-lite/ylist-lite.json
12634,hostplant-B1B6-0460,species-3721,シラカンバ,カバノキ科,シラカンバ,Betula platyphylla var. japonica,public/assets/data-lite/ylist-lite.json
12641,hostplant-B1B6-0467,species-3730,マサキ,ニシキギ科,マサキ,Euonymus japonicus,public/assets/data-lite/ylist-lite.json
12642,hostplant-B1B6-0468,species-3730,コマユミ,ニシキギ科,コマユミ,Euonymus alatus f. striatus,public/assets/data-lite/ylist-lite.json
12643,hostplant-B1B6-0469,species-3730,ツリバナ,ニシキギ科,ツリバナ,Euonymus oxyphyllus,public/assets/data-lite/ylist-lite.json
12644,hostplant-B1B6-0470,species-3730,マユミ,ニシキギ科,マユミ,Euonymus sieboldianus var. sieboldianus,public/assets/data-lite/ylist-lite.json
12645,hostplant-B1B6-0471,species-3730,ニシキギ,ニシキギ科,ニシキギ,Euonymus alatus f. alatus,public/assets/data-lite/ylist-lite.json
12646,hostplant-B1B6-0472,species-3730,ツルウメモドキ,ニシキギ科,ツルウメモドキ,Celastrus orbiculatus var. orbiculatus,public/assets/data-lite/ylist-lite.json
12647,hostplant-B1B6-0473,species-3731,ゴマナ,キク科,ゴマナ,Aster glehnii var. hondoensis,public/assets/data-lite/ylist-lite.json
12648,hostplant-B1B6-0474,species-3731,クロバナヒキオコシ,シソ科,クロバナヒキオコシ,Isodon trichocarpus,public/assets/data-lite/ylist-lite.json
12657,hostplant-B1B6-0486,species-3734,オオバクロモジ,クスノキ科,オオバクロモジ,Lindera umbellata var. membranacea,public/assets/data-lite/ylist-lite.json
12658,hostplant-B1B6-0487,species-3734,ダンコウバイ,クスノキ科,ダンコウバイ,Lindera obtusiloba,public/assets/data-lite/ylist-lite.json
12661,hostplant-B1B6-0496,species-3740,リンゴ,バラ科,リンゴ,Malus pumila var. domestica,public/assets/data-lite/ylist-lite.json
12662,hostplant-B1B6-0497,species-3740,ナシ,バラ科,ナシ,Pyrus pyrifolia var. culta,public/assets/data-lite/ylist-lite.json
12664,hostplant-B1B6-0499,species-3741,ジュウモンジシダ,オシダ科,ジュウモンジシダ,Polystichum tripteron,public/assets/data-lite/ylist-lite.json
12665,hostplant-B1B6-0500,species-3741,リョウメンシダ,オシダ科,リョウメンシダ,Arachniodes standishii,public/assets/data-lite/ylist-lite.json
12683,hostplant-B1B6-0522,species-3749,ブナ,ブナ科,ブナ,Fagus crenata,public/assets/data-lite/ylist-lite.json
12684,hostplant-B1B6-0523,species-3749,コナラ,ブナ科,コナラ,Quercus serrata,public/assets/data-lite/ylist-lite.json
12685,hostplant-B1B6-0524,species-3749,ミズナラ,ブナ科,ミズナラ,Quercus crispula var. crispula,public/assets/data-lite/ylist-lite.json
12686,hostplant-B1B6-0525,species-3749,クヌギ,ブナ科,クヌギ,Quercus acutissima,public/assets/data-lite/ylist-lite.json
12687,hostplant-B1B6-0526,species-3749,カシワ,ブナ科,カシワ,Quercus dentata,public/assets/data-lite/ylist-lite.json
12688,hostplant-B1B6-0527,species-3749,アベマキ,ブナ科,アベマキ,Quercus variabilis,public/assets/data-lite/ylist-lite.json
12689,hostplant-B1B6-0528,species-3750,コナラ,ブナ科,コナラ,Quercus serrata,public/assets/data-lite/ylist-lite.json
12690,hostplant-B1B6-0529,species-3750,ミズナラ,ブナ科,ミズナラ,Quercus crispula var. crispula,public/assets/data-lite/ylist-lite.json
12691,hostplant-B1B6-0530,species-3750,クヌギ,ブナ科,クヌギ,Quercus acutissima,public/assets/data-lite/ylist-lite.json
12692,hostplant-B1B6-0531,species-3750,アベマキ,ブナ科,アベマキ,Quercus variabilis,public/assets/data-lite/ylist-lite.json
12693,hostplant-B1B6-0532,species-3750,カシワ,ブナ科,カシワ,Quercus dentata,public/assets/data-lite/ylist-lite.json
12695,hostplant-B1B6-0535,species-3752,コナラ,ブナ科,コナラ,Quercus serrata,public/assets/data-lite/ylist-lite.json
12696,hostplant-B1B6-0536,species-3752,ミズナラ,ブナ科,ミズナラ,Quercus crispula var. crispula,public/assets/data-lite/ylist-lite.json
12697,hostplant-B1B6-0537,species-3752,クヌギ,ブナ科,クヌギ,Quercus acutissima,public/assets/data-lite/ylist-lite.json
12698,hostplant-B1B6-0538,species-3752,アベマキ,ブナ科,アベマキ,Quercus variabilis,public/assets/data-lite/ylist-lite.json
12699,hostplant-B1B6-0539,species-3752,カシワ,ブナ科,カシワ,Quercus dentata,public/assets/data-lite/ylist-lite.json
12734,hostplant-B1B6-0583,species-3767,ダケカンバ,カバノキ科,ダケカンバ,Betula ermanii,public/assets/data-lite/ylist-lite.json
12735,hostplant-B1B6-0584,species-3767,ヤマハンノキ,カバノキ科,ヤマハンノキ,Alnus hirsuta var. sibirica,public/assets/data-lite/ylist-lite.json
12747,hostplant-B1B6-0598,species-3770,ウラジロタデ,タデ科,ウラジロタデ,Aconogonon weyrichii,public/assets/data-lite/ylist-lite.json
12748,hostplant-B1B6-0599,species-3770,シダレヤナギ,ヤナギ科,シダレヤナギ,Salix babylonica var. babylonica,public/assets/data-lite/ylist-lite.json
12754,hostplant-B1B6-0605,species-3773,ツルウメモドキ,ニシキギ科,ツルウメモドキ,Celastrus orbiculatus var. orbiculatus,public/assets/data-lite/ylist-lite.json
12755,hostplant-B1B6-0606,species-3773,マサキ,ニシキギ科,マサキ,Euonymus japonicus,public/assets/data-lite/ylist-lite.json
12756,hostplant-B1B6-0607,species-3773,コマユミ,ニシキギ科,コマユミ,Euonymus alatus f. striatus,public/assets/data-lite/ylist-lite.json
12758,hostplant-B1B6-0609,species-3773,ナンキンハゼ,トウダイグサ科,ナンキンハゼ,Triadica sebifera,public/assets/data-lite/ylist-lite.json
12759,hostplant-B1B6-0610,species-3773,アカメガシワ,トウダイグサ科,アカメガシワ,Mallotus japonicus,public/assets/data-lite/ylist-lite.json
12762,hostplant-B1B6-0618,species-3778,ミズナラ,ブナ科,ミズナラ,Quercus crispula var. crispula,public/assets/data-lite/ylist-lite.json
12763,hostplant-B1B6-0619,species-3778,クヌギ,ブナ科,クヌギ,Quercus acutissima,public/assets/data-lite/ylist-lite.json
12764,hostplant-B1B6-0620,species-3778,カシワ,ブナ科,カシワ,Quercus dentata,public/assets/data-lite/ylist-lite.json
12768,hostplant-B1B6-0628,species-3784,クヌギ,ブナ科,クヌギ,Quercus acutissima,public/assets/data-lite/ylist-lite.json
12769,hostplant-B1B6-0629,species-3784,コナラ,ブナ科,コナラ,Quercus serrata,public/assets/data-lite/ylist-lite.json
12770,hostplant-B1B6-0630,species-3784,ミズナラ,ブナ科,ミズナラ,Quercus crispula var. crispula,public/assets/data-lite/ylist-lite.json
12772,hostplant-B1B6-0632,species-3784,アベマキ,ブナ科,アベマキ,Quercus variabilis,public/assets/data-lite/ylist-lite.json
12777,hostplant-B1B6-0638,species-3788,スモモ,バラ科,スモモ,Prunus salicina,public/assets/data-lite/ylist-lite.json
12778,hostplant-B1B6-0639,species-3788,アンズ,バラ科,アンズ,Prunus armeniaca,public/assets/data-lite/ylist-lite.json
12780,hostplant-B1B6-0641,species-3788,カマツカ,バラ科,カマツカ,Pourthiaea villosa,public/assets/data-lite/ylist-lite.json
12781,hostplant-B1B6-0642,species-3788,イタドリ,タデ科,イタドリ,Fallopia japonica,public/assets/data-lite/ylist-lite.json
12782,hostplant-B1B6-0643,species-3788,スイバ,タデ科,スイバ,Rumex acetosa,public/assets/data-lite/ylist-lite.json
12794,hostplant-B1B6-0657,species-3792,コナラ,ブナ科,コナラ,Quercus serrata,public/assets/data-lite/ylist-lite.json
12795,hostplant-B1B6-0658,species-3792,ミズナラ,ブナ科,ミズナラ,Quercus crispula var. crispula,public/assets/data-lite/ylist-lite.json
12812,hostplant-B1B6-0689,species-3804,ニシキギ,ニシキギ科,ニシキギ,Euonymus alatus f. alatus,public/assets/data-lite/ylist-lite.json
12813,hostplant-B1B6-0696,species-3809,クロガネモチ,モチノキ科,クロガネモチ,Ilex rotunda,public/assets/data-lite/ylist-lite.json
12814,hostplant-B1B6-0700,species-3816,カシワ,ブナ科,カシワ,Quercus dentata,public/assets/data-lite/ylist-lite.json
12815,hostplant-B1B6-0701,species-3816,ミズナラ,ブナ科,ミズナラ,Quercus crispula var. crispula,public/assets/data-lite/ylist-lite.json
12818,hostplant-B1B6-0709,species-3825,サンショウバラ,バラ科,サンショウバラ,Rosa hirtula,public/assets/data-lite/ylist-lite.json
12820,hostplant-B1B6-0713,species-3829,ニレ,ニレ科,ハルニレ,Ulmus davidiana var. japonica,public/assets/data-lite/ylist-lite.json
12822,hostplant-B1B6-0718,species-3831,ヤブニッケイ,クスノキ科,ヤブニッケイ,Cinnamomum yabunikkei,public/assets/data-lite/ylist-lite.json
12823,hostplant-B1B6-0719,species-3831,クスノキ,クスノキ科,クスノキ,Cinnamomum camphora,public/assets/data-lite/ylist-lite.json
12827,hostplant-B1B6-0725,species-3835,マサキ,ニシキギ科,マサキ,Euonymus japonicus,public/assets/data-lite/ylist-lite.json
12828,hostplant-B1B6-0726,species-3835,ツルウメモドキ,ニシキギ科,ツルウメモドキ,Celastrus orbiculatus var. orbiculatus,public/assets/data-lite/ylist-lite.json
12829,hostplant-B1B6-0727,species-3835,コマユミ,ニシキギ科,コマユミ,Euonymus alatus f. striatus,public/assets/data-lite/ylist-lite.json
12830,hostplant-B1B6-0728,species-3835,マユミ,ニシキギ科,マユミ,Euonymus sieboldianus var. sieboldianus,public/assets/data-lite/ylist-lite.json
12831,hostplant-B1B6-0729,species-3835,ニシキギ,ニシキギ科,ニシキギ,Euonymus alatus f. alatus,public/assets/data-lite/ylist-lite.json
12840,hostplant-B1B6-0739,species-3840,モミ,マツ科,モミ,Abies firma,public/assets/data-lite/ylist-lite.json
12841,hostplant-B1B6-0741,species-3843,アセビ,ツツジ科,アセビ,Pieris japonica subsp. japonica,public/assets/data-lite/ylist-lite.json
12842,hostplant-B1B6-0742,species-3843,ミツバツツジ,ツツジ科,ホンミツバツツジ,Rhododendron dilatatum subsp. dilatatum var. dilatatum,public/assets/data-lite/ylist-lite.json
12843,hostplant-B1B6-0743,species-3605,ヤマモミジ,ムクロジ科,ヤマモミジ,Acer amoenum var. matsumurae,public/assets/data-lite/ylist-lite.json
12844,hostplant-B1B6-0744,species-3605,カラコギカエデ,ムクロジ科,カラコギカエデ,Acer tataricum subsp. aidzuense,public/assets/data-lite/ylist-lite.json
12847,hostplant-B1B6-0747,species-3845,ヤマツツジ,ツツジ科,ヤマツツジ,Rhododendron kaempferi var. kaempferi,public/assets/data-lite/ylist-lite.json
12856,hostplant-B1B6-0756,species-3850,スギ,ヒノキ科,スギ,Cryptomeria japonica,public/assets/data-lite/ylist-lite.json
12857,hostplant-B1B6-0757,species-3850,ヒノキ,ヒノキ科,ヒノキ,Chamaecyparis obtusa,public/assets/data-lite/ylist-lite.json
12858,hostplant-B1B6-0758,species-3850,ヒバ,ヒノキ科,ヒノキアスナロ,Thujopsis dolabrata var. hondae,public/assets/data-lite/ylist-lite.json
12859,hostplant-B1B6-0759,species-3850,コウヤマキ,コウヤマキ科,コウヤマキ,Sciadopitys verticillata,public/assets/data-lite/ylist-lite.json
12861,hostplant-B1B6-0761,species-3850,カヤ,イチイ科,カヤ,Torreya nucifera,public/assets/data-lite/ylist-lite.json
12863,hostplant-B1B6-0763,species-3852,クマヤナギ,クロウメモドキ科,クマヤナギ,Berchemia racemosa,public/assets/data-lite/ylist-lite.json
12864,hostplant-B1B6-0764,species-3852,ミヤマクマヤナギ,クロウメモドキ科,ミヤマクマヤナギ,Berchemia pauciflora,public/assets/data-lite/ylist-lite.json
12865,hostplant-B1B6-0765,species-3852,イソノキ,クロウメモドキ科,イソノキ,Frangula crenata,public/assets/data-lite/ylist-lite.json
12872,hostplant-B1B6-0772,species-3855,キンギンボク,スイカズラ科,キンギンボク,Lonicera morrowii,public/assets/data-lite/ylist-lite.json
12873,hostplant-B1B6-0773,species-3855,スイカズラ,スイカズラ科,スイカズラ,Lonicera japonica,public/assets/data-lite/ylist-lite.json
12874,hostplant-B1B6-0774,species-3855,ツクバネウツギ,スイカズラ科,ツクバネウツギ,Abelia spathulata,public/assets/data-lite/ylist-lite.json
12875,hostplant-B1B6-0775,species-3855,ハマニンドウ,スイカズラ科,ハマニンドウ,Lonicera affinis,public/assets/data-lite/ylist-lite.json
12876,hostplant-B1B6-0776,species-3857,キンギンボク,スイカズラ科,キンギンボク,Lonicera morrowii,public/assets/data-lite/ylist-lite.json
12877,hostplant-B1B6-0777,species-3857,スイカズラ,スイカズラ科,スイカズラ,Lonicera japonica,public/assets/data-lite/ylist-lite.json
12878,hostplant-B1B6-0778,species-3857,ツクバネウツギ,スイカズラ科,ツクバネウツギ,Abelia spathulata,public/assets/data-lite/ylist-lite.json
12879,hostplant-B1B6-0779,species-3857,ハマニンドウ,スイカズラ科,ハマニンドウ,Lonicera affinis,public/assets/data-lite/ylist-lite.json
12880,hostplant-B1B6-0780,species-3858,ハマニンドウ,スイカズラ科,ハマニンドウ,Lonicera affinis,public/assets/data-lite/ylist-lite.json
12881,hostplant-B1B6-0781,species-3858,キダチニンドウ,スイカズラ科,キダチニンドウ,Lonicera hypoglauca,public/assets/data-lite/ylist-lite.json
12883,hostplant-B1B6-0783,species-3863,ツタウルシ,ウルシ科,ツタウルシ,Toxicodendron orientale subsp. orientale,public/assets/data-lite/ylist-lite.json
12885,hostplant-B1B6-0785,species-3864,タブノキ,クスノキ科,タブノキ,Machilus thunbergii,public/assets/data-lite/ylist-lite.json
12886,hostplant-B1B6-0786,species-3864,クスノキ,クスノキ科,クスノキ,Cinnamomum camphora,public/assets/data-lite/ylist-lite.json
12891,hostplant-B1B6-0795,species-3867,イヌマキ,マキ科,イヌマキ,Podocarpus macrophyllus f. angustifolius,public/assets/data-lite/ylist-lite.json
12892,hostplant-B1B6-0796,species-3867,ナギ,マキ科,ナギ,Nageia nagi,public/assets/data-lite/ylist-lite.json
12893,hostplant-B1B6-0797,species-3868,コマユミ,ニシキギ科,コマユミ,Euonymus alatus f. striatus,public/assets/data-lite/ylist-lite.json
12894,hostplant-B1B6-0798,species-3868,マサキ,ニシキギ科,マサキ,Euonymus japonicus,public/assets/data-lite/ylist-lite.json
12898,hostplant-B1B6-0803,species-3872,イチイ,イチイ科,イチイ,Taxus cuspidata,public/assets/data-lite/ylist-lite.json
12899,hostplant-B1B6-0804,species-3872,キャラボク,イチイ科,キャラボク,Taxus cuspidata var. nana,public/assets/data-lite/ylist-lite.json
12900,hostplant-B1B6-0805,species-3872,チャボガヤ,イチイ科,チャボガヤ,Torreya nucifera var. radicans,public/assets/data-lite/ylist-lite.json
12903,hostplant-B1B6-0808,species-3873,モミ,マツ科,モミ,Abies firma,public/assets/data-lite/ylist-lite.json
12904,hostplant-B1B6-0809,species-3873,トドマツ,マツ科,トドマツ,Abies sachalinensis,public/assets/data-lite/ylist-lite.json
12905,hostplant-B1B6-0810,species-3877,クヌギ,ブナ科,クヌギ,Quercus acutissima,public/assets/data-lite/ylist-lite.json
12906,hostplant-B1B6-0811,species-3877,コナラ,ブナ科,コナラ,Quercus serrata,public/assets/data-lite/ylist-lite.json
12908,hostplant-B1B6-0815,species-3874,ブナ,ブナ科,ブナ,Fagus crenata,public/assets/data-lite/ylist-lite.json
12909,hostplant-B1B6-0816,species-3874,フジ,マメ科,フジ,Wisteria floribunda,public/assets/data-lite/ylist-lite.json
12912,hostplant-B1B6-0819,species-3874,ニレ,ニレ科,ハルニレ,Ulmus davidiana var. japonica,public/assets/data-lite/ylist-lite.json
12915,hostplant-B1B6-0822,species-3874,モクセイ,モクセイ科,モクセイ,Osmanthus fragrans,public/assets/data-lite/ylist-lite.json
12916,hostplant-B1B6-0823,species-3874,ヤブコウジ,サクラソウ科,ヤブコウジ,Ardisia japonica,public/assets/data-lite/ylist-lite.json
12930,hostplant-B1B6-0838,species-3885,ヤシャブシ,カバノキ科,ヤシャブシ,Alnus firma,public/assets/data-lite/ylist-lite.json
12932,hostplant-B1B6-0840,species-3885,ドウダンツツジ,ツツジ科,ドウダンツツジ,Enkianthus perulatus,public/assets/data-lite/ylist-lite.json
12933,hostplant-B1B6-0841,species-3885,ミヤマキリシマ,ツツジ科,ミヤマキリシマ,Rhododendron kiusianum,public/assets/data-lite/ylist-lite.json
12938,hostplant-B1B6-0846,species-3887,カシワ,ブナ科,カシワ,Quercus dentata,public/assets/data-lite/ylist-lite.json
12939,hostplant-B1B6-0847,species-3887,アベマキ,ブナ科,アベマキ,Quercus variabilis,public/assets/data-lite/ylist-lite.json
12941,hostplant-B1B6-0849,species-3887,コナラ,ブナ科,コナラ,Quercus serrata,public/assets/data-lite/ylist-lite.json
12943,hostplant-B1B6-0851,species-20461,オオバギ,トウダイグサ科,オオバギ,Macaranga tanarius var. tomentosa,public/assets/data-lite/ylist-lite.json
12944,hostplant-B1B6-0852,species-20461,アカメガシワ,トウダイグサ科,アカメガシワ,Mallotus japonicus,public/assets/data-lite/ylist-lite.json
12945,hostplant-B1B6-0853,species-20461,クスノハガシワ,トウダイグサ科,クスノハガシワ,Mallotus philippensis,public/assets/data-lite/ylist-lite.json
12951,hostplant-B1B6-0860,species-3896,オオバギ,トウダイグサ科,オオバギ,Macaranga tanarius var. tomentosa,public/assets/data-lite/ylist-lite.json
12952,hostplant-B1B6-0861,species-3896,アカメガシワ,トウダイグサ科,アカメガシワ,Mallotus japonicus,public/assets/data-lite/ylist-lite.json
12964,hostplant-B1B6-0882,species-3907,ハンノキ,カバノキ科,ハンノキ,Alnus japonica,public/assets/data-lite/ylist-lite.json
12969,hostplant-B1B6-0899,species-3912,ブナ,ブナ科,ブナ,Fagus crenata,public/assets/data-lite/ylist-lite.json
12972,hostplant-B1B6-0914,species-3919,コウライヤナギ,ヤナギ科,オオタチヤナギ,Salix pierotii,public/assets/data-lite/ylist-lite.json
12979,hostplant-B1B6-0923,species-3930,アラカシ,ブナ科,アラカシ,Quercus glauca,public/assets/data-lite/ylist-lite.json
12980,hostplant-B1B6-0924,species-3930,ウラジロガシ,ブナ科,ウラジロガシ,Quercus salicina,public/assets/data-lite/ylist-lite.json
12982,hostplant-B1B6-0926,species-3930,ハナヒリノキ,ツツジ科,ハナヒリノキ,Eubotryoides grayana var. grayana,public/assets/data-lite/ylist-lite.json
12983,hostplant-B1B6-0927,species-3930,サイゴクミツバツツジ,ツツジ科,サイゴクミツバツツジ,Rhododendron nudipes,public/assets/data-lite/ylist-lite.json
12984,hostplant-B1B6-0928,species-3930,ホツツジ,ツツジ科,ホツツジ,Elliottia paniculata,public/assets/data-lite/ylist-lite.json
12985,hostplant-B1B6-0929,species-3930,ヤマツツジ,ツツジ科,ヤマツツジ,Rhododendron kaempferi var. kaempferi,public/assets/data-lite/ylist-lite.json
12986,hostplant-B1B6-0930,species-3930,ウラジロヨウラク,ツツジ科,ウラジロヨウラク,Rhododendron multiflorum,public/assets/data-lite/ylist-lite.json
12987,hostplant-B1B6-0931,species-3930,オオバスノキ,ツツジ科,オオバスノキ,"Vaccinium smallii var., smallii",public/assets/data-lite/ylist-lite.json
12989,hostplant-B1B6-0936,species-3935,クリ,ブナ科,クリ,Castanea crenata,public/assets/data-lite/ylist-lite.json
12990,hostplant-B1B6-0937,species-3935,アラカシ,ブナ科,アラカシ,Quercus glauca,public/assets/data-lite/ylist-lite.json
12991,hostplant-B1B6-0938,species-3935,シラカシ,ブナ科,シラカシ,Quercus myrsinaefolia,public/assets/data-lite/ylist-lite.json
12992,hostplant-B1B6-0939,species-3935,ウバメガシ,ブナ科,ウバメガシ,Quercus phillyraeoides,public/assets/data-lite/ylist-lite.json
12997,hostplant-B1B6-0947,species-3944,ニシキギ,ニシキギ科,ニシキギ,Euonymus alatus f. alatus,public/assets/data-lite/ylist-lite.json
13004,hostplant-B1B6-0954,species-3944,フジ,マメ科,フジ,Wisteria floribunda,public/assets/data-lite/ylist-lite.json
13005,hostplant-B1B6-0955,species-3944,ツバキ,ツバキ科,ヤブツバキ,Camellia japonica,public/assets/data-lite/ylist-lite.json
13006,hostplant-B1B6-0956,species-3944,ウコギ,ウコギ科,ヤマウコギ,Eleutherococcus spinosus var. spinosus,public/assets/data-lite/ylist-lite.json
13007,hostplant-B1B6-0957,species-3944,スイカズラ,スイカズラ科,スイカズラ,Lonicera japonica,public/assets/data-lite/ylist-lite.json
13020,hostplant-B1B6-0970,species-3947,ソメイヨシノ,バラ科,ソメイヨシノ,Cerasus yedoensis,public/assets/data-lite/ylist-lite.json
13021,hostplant-B1B6-0971,species-3947,カンザクラ,バラ科,カンザクラ,Cerasus kanzakura,public/assets/data-lite/ylist-lite.json
13028,hostplant-B1B6-0978,species-3951,ソメイヨシノ,バラ科,ソメイヨシノ,Cerasus yedoensis,public/assets/data-lite/ylist-lite.json
13029,hostplant-B1B6-0979,species-3951,モモ,バラ科,モモ,Prunus persica,public/assets/data-lite/ylist-lite.json
13035,hostplant-B1B6-0986,species-3960,ヤマハギ,マメ科,ヤマハギ,Lespedeza bicolor,public/assets/data-lite/ylist-lite.json
13036,hostplant-B1B6-0987,species-3960,マルバハギ,マメ科,マルバハギ,Lespedeza cyrtobotrya,public/assets/data-lite/ylist-lite.json
13041,hostplant-B1B6-0993,species-3969,キク,キク科,キク,Chrysanthemum morifolium,public/assets/data-lite/ylist-lite.json
13047,hostplant-B1B6-1010,species-3979,ミゾソバ,タデ科,ミゾソバ,Persicaria thunbergii var. thunbergii,public/assets/data-lite/ylist-lite.json
13048,hostplant-B1B6-1011,species-3979,イヌタデ,タデ科,イヌタデ,Persicaria longiseta,public/assets/data-lite/ylist-lite.json
13049,hostplant-B1B6-1012,species-3979,イタドリ,タデ科,イタドリ,Fallopia japonica,public/assets/data-lite/ylist-lite.json
13050,hostplant-B1B6-1013,species-3979,スイバ,タデ科,スイバ,Rumex acetosa,public/assets/data-lite/ylist-lite.json
13054,hostplant-B1B6-1017,species-3979,クズ,マメ科,クズ,Pueraria lobata subsp. lobata,public/assets/data-lite/ylist-lite.json
13055,hostplant-B1B6-1018,species-3979,ヤブマメ,マメ科,ヤブマメ,Amphicarpaea edgeworthii,public/assets/data-lite/ylist-lite.json
13060,hostplant-B1B6-1025,species-3982,ミゾソバ,タデ科,ミゾソバ,Persicaria thunbergii var. thunbergii,public/assets/data-lite/ylist-lite.json
13061,hostplant-B1B6-1026,species-3982,イタドリ,タデ科,イタドリ,Fallopia japonica,public/assets/data-lite/ylist-lite.json
13062,hostplant-B1B6-1031,species-3983,ミゾソバ,タデ科,ミゾソバ,Persicaria thunbergii var. thunbergii,public/assets/data-lite/ylist-lite.json
13063,hostplant-B1B6-1034,species-3985,ソバ,タデ科,ソバ,Fagopyrum esculentum,public/assets/data-lite/ylist-lite.json
13066,hostplant-B1B6-1038,species-3989,シラカンバ,カバノキ科,シラカンバ,Betula platyphylla var. japonica,public/assets/data-lite/ylist-lite.json
13068,hostplant-B1B6-1041,species-3991,クスノキ,クスノキ科,クスノキ,Cinnamomum camphora,public/assets/data-lite/ylist-lite.json
14054,hostplant-909161,species-10007,スダジイ,ブナ科,スダジイ,Castanopsis sieboldii subsp. sieboldii,public/assets/data-lite/ylist-lite.json
14055,hostplant-909162,species-10007,マテバシイ,ブナ科,マテバシイ,Lithocarpus edulis,public/assets/data-lite/ylist-lite.json
14056,hostplant-909163,species-10007,ウバメガシ,ブナ科,ウバメガシ,Quercus phillyraeoides,public/assets/data-lite/ylist-lite.json
14062,hostplant-909169,species-10007,ツブラジイ,ブナ科,ツブラジイ,Castanopsis cuspidata,public/assets/data-lite/ylist-lite.json
14065,hostplant-909172,species-10007,トウヒ,マツ科,トウヒ,Picea jezoensis var. hondoensis,public/assets/data-lite/ylist-lite.json
14074,hostplant-909182,species-10007,ヤマボウシ,ミズキ科,ヤマボウシ,Cornus kousa subsp. kousa,public/assets/data-lite/ylist-lite.json
14076,hostplant-909184,species-10007,オオイタビ,クワ科,オオイタビ,Ficus pumila,public/assets/data-lite/ylist-lite.json
14077,hostplant-909185,species-10007,イチジク,クワ科,イチジク,Ficus carica,public/assets/data-lite/ylist-lite.json
14079,hostplant-909187,species-10007,イタビカズラ,クワ科,イタビカズラ,Ficus sarmentosa subsp. nipponica,public/assets/data-lite/ylist-lite.json
14081,hostplant-909190,species-10007,カラスザンショウ,ミカン科,カラスザンショウ,Zanthoxylum ailanthoides var. ailanthoides,public/assets/data-lite/ylist-lite.json
14082,hostplant-909191,species-10007,イヌザンショウ,ミカン科,イヌザンショウ,Zanthoxylum schinifolium var. schinifolium,public/assets/data-lite/ylist-lite.json
14085,hostplant-909194,species-10106,シャシャンボ,ツツジ科,シャシャンボ,Vaccinium bracteatum,public/assets/data-lite/ylist-lite.json
14090,hostplant-909199,species-21795,ケヤキ,ニレ科,ケヤキ,Zelkova serrata,public/assets/data-lite/ylist-lite.json
14091,hostplant-909200,species-21788,ナナカマド,バラ科,ナナカマド,Sorbus commixta,public/assets/data-lite/ylist-lite.json
14093,hostplant-909202,species-21799,エノキ,アサ科,エノキ,Celtis sinensis,public/assets/data-lite/ylist-lite.json
14094,hostplant-909203,species-21799,ケヤキ,ニレ科,ケヤキ,Zelkova serrata,public/assets/data-lite/ylist-lite.json
14099,hostplant-909208,species-21750,クズ,マメ科,クズ,Pueraria lobata subsp. lobata,public/assets/data-lite/ylist-lite.json
14100,hostplant-909209,species-21776,クスノハカエデ,ムクロジ科,クスノハカエデ,Acer itoanum,public/assets/data-lite/ylist-lite.json
14101,hostplant-909210,species-21745,ツクバネウツギ,スイカズラ科,ツクバネウツギ,Abelia spathulata,public/assets/data-lite/ylist-lite.json
14104,hostplant-909213,species-21751,ミツバウツギ,ミツバウツギ科,ミツバウツギ,Staphylea bumalda,public/assets/data-lite/ylist-lite.json
14107,hostplant-909216,species-21777,キハダ,ミカン科,キハダ,Phellodendron amurense var. amurense,public/assets/data-lite/ylist-lite.json
14108,hostplant-909217,species-21766,ハルニレ,ニレ科,ハルニレ,Ulmus davidiana var. japonica,public/assets/data-lite/ylist-lite.json
14109,hostplant-909218,species-21766,クヌギ,ブナ科,クヌギ,Quercus acutissima,public/assets/data-lite/ylist-lite.json
14112,hostplant-909221,species-21756,クヌギ,ブナ科,クヌギ,Quercus acutissima,public/assets/data-lite/ylist-lite.json
14113,hostplant-909222,species-21756,ミズナラ,ブナ科,ミズナラ,Quercus crispula var. crispula,public/assets/data-lite/ylist-lite.json
14114,hostplant-909223,species-21756,コナラ,ブナ科,コナラ,Quercus serrata,public/assets/data-lite/ylist-lite.json
14115,hostplant-909224,species-21756,クロウメモドキ,クロウメモドキ科,クロウメモドキ,Rhamnus japonica var. decipiens,public/assets/data-lite/ylist-lite.json
14116,hostplant-909225,species-21772,ノブドウ,ブドウ科,ノブドウ,Ampelopsis glandulosa var. heterophylla,public/assets/data-lite/ylist-lite.json
14117,hostplant-909226,species-21772,ヤマブドウ,ブドウ科,ヤマブドウ,Vitis coignetiae,public/assets/data-lite/ylist-lite.json
14119,hostplant-909228,species-21793,ケヤキ,ニレ科,ケヤキ,Zelkova serrata,public/assets/data-lite/ylist-lite.json
14122,hostplant-909231,species-21808,エゾエノキ,アサ科,エゾエノキ,Celtis jessoensis,public/assets/data-lite/ylist-lite.json
14123,hostplant-909232,species-21775,コナラ,ブナ科,コナラ,Quercus serrata,public/assets/data-lite/ylist-lite.json
14124,hostplant-909233,species-21775,ミズナラ,ブナ科,ミズナラ,Quercus crispula var. crispula,public/assets/data-lite/ylist-lite.json
14125,hostplant-909234,species-21775,カシワ,ブナ科,カシワ,Quercus dentata,public/assets/data-lite/ylist-lite.json
14126,hostplant-909235,species-21775,クヌギ,ブナ科,クヌギ,Quercus acutissima,public/assets/data-lite/ylist-lite.json
14127,hostplant-909236,species-21758,クヌギ,ブナ科,クヌギ,Quercus acutissima,public/assets/data-lite/ylist-lite.json
14128,hostplant-909237,species-21758,ミズナラ,ブナ科,ミズナラ,Quercus crispula var. crispula,public/assets/data-lite/ylist-lite.json
14129,hostplant-909238,species-21758,コナラ,ブナ科,コナラ,Quercus serrata,public/assets/data-lite/ylist-lite.json
14130,hostplant-909239,species-21758,カシワ,ブナ科,カシワ,Quercus dentata,public/assets/data-lite/ylist-lite.json
14131,hostplant-909240,species-21801,ヒメヤシャブシ,カバノキ科,ヒメヤシャブシ,Alnus pendula,public/assets/data-lite/ylist-lite.json
14132,hostplant-909241,species-21801,イヌシデ,カバノキ科,イヌシデ,Carpinus tschonoskii,public/assets/data-lite/ylist-lite.json
14133,hostplant-909242,species-21801,アブラチャン,クスノキ科,アブラチャン,Lindera praecox,public/assets/data-lite/ylist-lite.json
14134,hostplant-909243,species-21801,オニグルミ,クルミ科,オニグルミ,Juglans mandshurica var. sachalinensis,public/assets/data-lite/ylist-lite.json
14135,hostplant-909244,species-21801,マンサク,マンサク科,マンサク,Hamamelis japonica,public/assets/data-lite/ylist-lite.json
14136,hostplant-909245,species-21801,ケヤキ,ニレ科,ケヤキ,Zelkova serrata,public/assets/data-lite/ylist-lite.json
14137,hostplant-909246,species-21768,オニグルミ,クルミ科,オニグルミ,Juglans mandshurica var. sachalinensis,public/assets/data-lite/ylist-lite.json
14138,hostplant-909247,species-21771,アカメガシワ,トウダイグサ科,アカメガシワ,Mallotus japonicus,public/assets/data-lite/ylist-lite.json
14139,hostplant-909248,species-21781,ニガキ,ニガキ科,ニガキ,Picrasma quassioides,public/assets/data-lite/ylist-lite.json
14141,hostplant-909250,species-21796,ヒメイタビ,クワ科,ヒメイタビ,Ficus thunbergii,public/assets/data-lite/ylist-lite.json
14142,hostplant-909251,species-21796,テイカカズラ,キョウチクトウ科,テイカカズラ,Trachelospermum asiaticum var. asiaticum,public/assets/data-lite/ylist-lite.json
14143,hostplant-909252,species-21748,アマシバ,ハイノキ科,アマシバ,Symplocos formosana,public/assets/data-lite/ylist-lite.json
14144,hostplant-909253,species-21748,ナカハラクロキ,ハイノキ科,ナカハラクロキ,Symplocos nakaharae,public/assets/data-lite/ylist-lite.json
14145,hostplant-909254,species-21763,ヤチダモ,モクセイ科,ヤチダモ,Fraxinus mandshurica,public/assets/data-lite/ylist-lite.json
14146,hostplant-909255,species-21779,フジ,マメ科,フジ,Wisteria floribunda,public/assets/data-lite/ylist-lite.json
14148,hostplant-909257,species-21765,ハルニレ,ニレ科,ハルニレ,Ulmus davidiana var. japonica,public/assets/data-lite/ylist-lite.json
14149,hostplant-909258,species-21765,ハイノキ,ハイノキ科,ハイノキ,Symplocos myrtacea,public/assets/data-lite/ylist-lite.json
14150,hostplant-909259,species-21792,センダン,センダン科,センダン,Melia azedarach,public/assets/data-lite/ylist-lite.json
14151,hostplant-909260,species-21754,リュウキュウエノキ,アサ科,クワノハエノキ,Celtis boninensis,public/assets/data-lite/ylist-lite.json
14154,hostplant-909263,species-21834,クサボケ,バラ科,クサボケ,Chaenomeles japonica,public/assets/data-lite/ylist-lite.json
14155,hostplant-909264,species-21834,ズミ,バラ科,ズミ,Malus toringo,public/assets/data-lite/ylist-lite.json
14156,hostplant-909265,species-21834,リンゴ,バラ科,リンゴ,Malus pumila var. domestica,public/assets/data-lite/ylist-lite.json
14157,hostplant-909266,species-21834,ナシ,バラ科,ナシ,Pyrus pyrifolia var. culta,public/assets/data-lite/ylist-lite.json
14158,hostplant-909267,species-21834,ザイフリボク,バラ科,ザイフリボク,Amelanchier asiatica,public/assets/data-lite/ylist-lite.json
14159,hostplant-909268,species-10007,ウツギ,アジサイ科,ウツギ,Deutzia crenata,public/assets/data-lite/ylist-lite.json
14160,hostplant-909269,species-10007,ヒメウツギ,アジサイ科,ヒメウツギ,Deutzia gracilis,public/assets/data-lite/ylist-lite.json
14164,hostplant-909273,species-10007,ホウロクイチゴ,バラ科,ホウロクイチゴ,Rubus sieboldii,public/assets/data-lite/ylist-lite.json
14167,hostplant-909276,species-10007,ハゼノキ,ウルシ科,ハゼノキ,Toxicodendron succedaneum,public/assets/data-lite/ylist-lite.json
14169,hostplant-909278,species-10007,ヌルデ,ウルシ科,ヌルデ,Rhus javanica var. chinensis,public/assets/data-lite/ylist-lite.json
14170,hostplant-909279,species-10007,ツタウルシ,ウルシ科,ツタウルシ,Toxicodendron orientale subsp. orientale,public/assets/data-lite/ylist-lite.json
14171,hostplant-909280,species-10007,ハリエンジュ,マメ科,ハリエンジュ,Robinia pseudoacacia,public/assets/data-lite/ylist-lite.json
14172,hostplant-909281,species-10007,イヌビワ,クワ科,イヌビワ,Ficus erecta var. erecta,public/assets/data-lite/ylist-lite.json
14173,hostplant-909282,species-10007,アコウ,クワ科,アコウ,Ficus superba var. japonica,public/assets/data-lite/ylist-lite.json
14175,hostplant-909284,species-10007,カラマツ,マツ科,カラマツ,Larix kaempferi,public/assets/data-lite/ylist-lite.json
14176,hostplant-909285,species-10007,エゾマツ,マツ科,エゾマツ,Picea jezoensis var. jezoensis,public/assets/data-lite/ylist-lite.json
14178,hostplant-909287,species-10007,アカマツ,マツ科,アカマツ,Pinus densiflora,public/assets/data-lite/ylist-lite.json
14179,hostplant-909288,species-10007,クロマツ,マツ科,クロマツ,Pinus thunbergii,public/assets/data-lite/ylist-lite.json
14181,hostplant-909290,species-10007,コナラ,ブナ科,コナラ,Quercus serrata,public/assets/data-lite/ylist-lite.json
14182,hostplant-909291,species-10007,ミズナラ,ブナ科,ミズナラ,Quercus crispula var. crispula,public/assets/data-lite/ylist-lite.json
14183,hostplant-909292,species-10007,クヌギ,ブナ科,クヌギ,Quercus acutissima,public/assets/data-lite/ylist-lite.json
14186,hostplant-909295,species-10007,ノイバラ,バラ科,ノイバラ,Rosa multiflora,public/assets/data-lite/ylist-lite.json
14187,hostplant-909296,species-10007,ナシ,バラ科,ナシ,Pyrus pyrifolia var. culta,public/assets/data-lite/ylist-lite.json
14188,hostplant-909297,species-10007,リンゴ,バラ科,リンゴ,Malus pumila var. domestica,public/assets/data-lite/ylist-lite.json
14189,hostplant-909298,species-10007,ウメ,バラ科,ウメ,Prunus mume,public/assets/data-lite/ylist-lite.json
14190,hostplant-909299,species-10007,ハンノキ,カバノキ科,ハンノキ,Alnus japonica,public/assets/data-lite/ylist-lite.json
14191,hostplant-909300,species-10007,ヤシャブシ,カバノキ科,ヤシャブシ,Alnus firma,public/assets/data-lite/ylist-lite.json
14193,hostplant-909302,species-10007,イヌシデ,カバノキ科,イヌシデ,Carpinus tschonoskii,public/assets/data-lite/ylist-lite.json
14194,hostplant-909303,species-10007,クマシデ,カバノキ科,クマシデ,Carpinus japonica,public/assets/data-lite/ylist-lite.json
14198,hostplant-909307,species-10007,シラカバ,カバノキ科,シラカンバ,Betula platyphylla var. japonica,public/assets/data-lite/ylist-lite.json
14199,hostplant-909308,species-10007,ブドウ,ブドウ科,ヨーロッパブドウ,Vitis vinifera,public/assets/data-lite/ylist-lite.json
14200,hostplant-909309,species-10007,ノブドウ,ブドウ科,ノブドウ,Ampelopsis glandulosa var. heterophylla,public/assets/data-lite/ylist-lite.json
14201,hostplant-909310,species-10007,ヤマブドウ,ブドウ科,ヤマブドウ,Vitis coignetiae,public/assets/data-lite/ylist-lite.json
14203,hostplant-909312,species-10007,アカメガシワ,トウダイグサ科,アカメガシワ,Mallotus japonicus,public/assets/data-lite/ylist-lite.json
14204,hostplant-909313,species-10007,クスノキ,クスノキ科,クスノキ,Cinnamomum camphora,public/assets/data-lite/ylist-lite.json
14205,hostplant-909314,species-10007,チャ,ツバキ科,チャノキ,Camellia sinensis,public/assets/data-lite/ylist-lite.json
14206,hostplant-909315,species-10007,ハルニレ,ニレ科,ハルニレ,Ulmus davidiana var. japonica,public/assets/data-lite/ylist-lite.json
14207,hostplant-909316,species-10007,オヒョウ,ニレ科,オヒョウ,Ulmus laciniata,public/assets/data-lite/ylist-lite.json
14208,hostplant-909317,species-10007,ネムノキ,マメ科,ネムノキ,Albizia julibrissin,public/assets/data-lite/ylist-lite.json
14209,hostplant-909318,species-10007,ヤチダモ,モクセイ科,ヤチダモ,Fraxinus mandshurica,public/assets/data-lite/ylist-lite.json
14211,hostplant-909320,species-10007,クリ,ブナ科,クリ,Castanea crenata,public/assets/data-lite/ylist-lite.json
14212,hostplant-909321,species-10007,スギ,ヒノキ科,スギ,Cryptomeria japonica,public/assets/data-lite/ylist-lite.json
14213,hostplant-909322,species-10007,ヒノキ,ヒノキ科,ヒノキ,Chamaecyparis obtusa,public/assets/data-lite/ylist-lite.json
14215,hostplant-909324,species-10007,ヨモギ,キク科,ヨモギ,Artemisia indica var. maximowiczii,public/assets/data-lite/ylist-lite.json
14216,hostplant-909325,species-3744,スミレ,スミレ科,スミレ,Viola mandshurica,public/assets/data-lite/ylist-lite.json
14217,hostplant-909326,species-3745,ハコヤナギ,ヤナギ科,ヤマナラシ,Populus tremula var. sieboldii,public/assets/data-lite/ylist-lite.json
14218,hostplant-909327,species-3746,ブナ,ブナ科,ブナ,Fagus crenata,public/assets/data-lite/ylist-lite.json
14220,hostplant-909329,species-3746,ケヤキ,ニレ科,ケヤキ,Zelkova serrata,public/assets/data-lite/ylist-lite.json
14223,hostplant-909332,species-3749,ブナ,ブナ科,ブナ,Fagus crenata,public/assets/data-lite/ylist-lite.json
14224,hostplant-909333,species-3749,クリ,ブナ科,クリ,Castanea crenata,public/assets/data-lite/ylist-lite.json
14225,hostplant-909334,species-3749,コナラ,ブナ科,コナラ,Quercus serrata,public/assets/data-lite/ylist-lite.json
14226,hostplant-909335,species-3749,ミズナラ,ブナ科,ミズナラ,Quercus crispula var. crispula,public/assets/data-lite/ylist-lite.json
14227,hostplant-909336,species-3749,クヌギ,ブナ科,クヌギ,Quercus acutissima,public/assets/data-lite/ylist-lite.json
14228,hostplant-909337,species-3749,カシワ,ブナ科,カシワ,Quercus dentata,public/assets/data-lite/ylist-lite.json
14229,hostplant-909338,species-3749,アベマキ,ブナ科,アベマキ,Quercus variabilis,public/assets/data-lite/ylist-lite.json
14230,hostplant-909339,species-3750,コナラ,ブナ科,コナラ,Quercus serrata,public/assets/data-lite/ylist-lite.json
14231,hostplant-909340,species-3750,ミズナラ,ブナ科,ミズナラ,Quercus crispula var. crispula,public/assets/data-lite/ylist-lite.json
14232,hostplant-909341,species-3750,クヌギ,ブナ科,クヌギ,Quercus acutissima,public/assets/data-lite/ylist-lite.json
14233,hostplant-909342,species-3750,アベマキ,ブナ科,アベマキ,Quercus variabilis,public/assets/data-lite/ylist-lite.json
14234,hostplant-909343,species-3750,カシワ,ブナ科,カシワ,Quercus dentata,public/assets/data-lite/ylist-lite.json
14235,hostplant-909344,species-3751,スミレ,スミレ科,スミレ,Viola mandshurica,public/assets/data-lite/ylist-lite.json
14236,hostplant-909345,species-3751,オオバボダイジュ,アオイ科,オオバボダイジュ,Tilia maximowicziana,public/assets/data-lite/ylist-lite.json
14237,hostplant-909346,species-3752,コメツガ,マツ科,コメツガ,Tsuga diversifolia,public/assets/data-lite/ylist-lite.json
14238,hostplant-909347,species-3752,モミ,マツ科,モミ,Abies firma,public/assets/data-lite/ylist-lite.json
14239,hostplant-909348,species-3752,アカトドマツ,マツ科,アカトドマツ,Abies sachalinensis var. sachalinensis,public/assets/data-lite/ylist-lite.json
14240,hostplant-909349,species-3752,オオシラビソ,マツ科,オオシラビソ,Abies mariesii,public/assets/data-lite/ylist-lite.json
14241,hostplant-909350,species-3752,カラマツ,マツ科,カラマツ,Larix kaempferi,public/assets/data-lite/ylist-lite.json
14242,hostplant-909354,species-3754,キツネヤナギ,ヤナギ科,キツネヤナギ,Salix vulpina,public/assets/data-lite/ylist-lite.json
14244,hostplant-909357,species-3756,ノイバラ,バラ科,ノイバラ,Rosa multiflora,public/assets/data-lite/ylist-lite.json
14245,hostplant-909361,species-3874,キツネヤナギ,ヤナギ科,キツネヤナギ,Salix vulpina,public/assets/data-lite/ylist-lite.json
14246,hostplant-909362,species-3874,イワヤナギ,ヤナギ科,ヤマヤナギ,Salix sieboldiana var. sieboldiana,public/assets/data-lite/ylist-lite.json
14248,hostplant-909364,species-3875,ヤマハンノキ,カバノキ科,ヤマハンノキ,Alnus hirsuta var. sibirica,public/assets/data-lite/ylist-lite.json
14249,hostplant-909365,species-3877,コナラ,ブナ科,コナラ,Quercus serrata,public/assets/data-lite/ylist-lite.json
14250,hostplant-909366,species-3877,クヌギ,ブナ科,クヌギ,Quercus acutissima,public/assets/data-lite/ylist-lite.json
14251,hostplant-909367,species-3878,モミ,マツ科,モミ,Abies firma,public/assets/data-lite/ylist-lite.json
14255,hostplant-909372,species-3884,コハウチワカエデ,ムクロジ科,コハウチワカエデ,Acer sieboldianum,public/assets/data-lite/ylist-lite.json
14256,hostplant-909373,species-3884,ヤマザクラ,バラ科,ヤマザクラ,Cerasus jamasakura,public/assets/data-lite/ylist-lite.json
14258,hostplant-909376,species-3885,ヤシャブシ,カバノキ科,ヤシャブシ,Alnus firma,public/assets/data-lite/ylist-lite.json
14259,hostplant-909377,species-3885,ドウダンツツジ,ツツジ科,ドウダンツツジ,Enkianthus perulatus,public/assets/data-lite/ylist-lite.json
14260,hostplant-909378,species-3887,カワヤナギ,ヤナギ科,カワヤナギ,Salix miyabeana subsp. gymnolepis,public/assets/data-lite/ylist-lite.json
14261,hostplant-909379,species-3887,ツノハシバミ,カバノキ科,ツノハシバミ,Corylus sieboldiana,public/assets/data-lite/ylist-lite.json
14262,hostplant-909380,species-3887,カシワ,ブナ科,カシワ,Quercus dentata,public/assets/data-lite/ylist-lite.json
14263,hostplant-909381,species-3887,アベマキ,ブナ科,アベマキ,Quercus variabilis,public/assets/data-lite/ylist-lite.json
14264,hostplant-909382,species-3887,ヤマザクラ,バラ科,ヤマザクラ,Cerasus jamasakura,public/assets/data-lite/ylist-lite.json
14265,hostplant-909383,species-4255,ハルニレ,ニレ科,ハルニレ,Ulmus davidiana var. japonica,public/assets/data-lite/ylist-lite.json
14266,hostplant-909384,species-4255,ケヤキ,ニレ科,ケヤキ,Zelkova serrata,public/assets/data-lite/ylist-lite.json
14267,hostplant-909385,species-4255,リンゴ,バラ科,リンゴ,Malus pumila var. domestica,public/assets/data-lite/ylist-lite.json
14268,hostplant-909386,species-4255,ソメイヨシノ,バラ科,ソメイヨシノ,Cerasus yedoensis,public/assets/data-lite/ylist-lite.json
14269,hostplant-909391,species-4256,コナラ,ブナ科,コナラ,Quercus serrata,public/assets/data-lite/ylist-lite.json
14270,hostplant-909392,species-4256,クヌギ,ブナ科,クヌギ,Quercus acutissima,public/assets/data-lite/ylist-lite.json
14271,hostplant-909393,species-4257,カラマツ,マツ科,カラマツ,Larix kaempferi,public/assets/data-lite/ylist-lite.json
14272,hostplant-909394,species-4258,アカシデ,カバノキ科,アカシデ,Carpinus laxiflora,public/assets/data-lite/ylist-lite.json
14273,hostplant-909395,species-4258,クマシデ,カバノキ科,クマシデ,Carpinus japonica,public/assets/data-lite/ylist-lite.json
14274,hostplant-909396,species-4258,イヌブナ,ブナ科,イヌブナ,Fagus japonica,public/assets/data-lite/ylist-lite.json
14275,hostplant-909397,species-4258,クヌギ,ブナ科,クヌギ,Quercus acutissima,public/assets/data-lite/ylist-lite.json
14276,hostplant-909398,species-4258,コナラ,ブナ科,コナラ,Quercus serrata,public/assets/data-lite/ylist-lite.json
14277,hostplant-909399,species-4258,カシワ,ブナ科,カシワ,Quercus dentata,public/assets/data-lite/ylist-lite.json
14278,hostplant-909400,species-4258,アベマキ,ブナ科,アベマキ,Quercus variabilis,public/assets/data-lite/ylist-lite.json
14279,hostplant-909401,species-4258,シラカシ,ブナ科,シラカシ,Quercus myrsinaefolia,public/assets/data-lite/ylist-lite.json
14280,hostplant-909402,species-4258,アラカシ,ブナ科,アラカシ,Quercus glauca,public/assets/data-lite/ylist-lite.json
14281,hostplant-909403,species-4258,モミ,マツ科,モミ,Abies firma,public/assets/data-lite/ylist-lite.json
14282,hostplant-909404,species-4258,リンゴ,バラ科,リンゴ,Malus pumila var. domestica,public/assets/data-lite/ylist-lite.json
14284,hostplant-909406,species-4259,イヌブナ,ブナ科,イヌブナ,Fagus japonica,public/assets/data-lite/ylist-lite.json
14312,hostplant-909437,species-6017,アベマキ,ブナ科,アベマキ,Quercus variabilis,public/assets/data-lite/ylist-lite.json
14313,hostplant-909438,species-6017,アラカシ,ブナ科,アラカシ,Quercus glauca,public/assets/data-lite/ylist-lite.json
14314,hostplant-909439,species-6017,イタドリ,タデ科,イタドリ,Fallopia japonica,public/assets/data-lite/ylist-lite.json
14315,hostplant-909440,species-6017,エニシダ,マメ科,エニシダ,Cytisus scoparius,public/assets/data-lite/ylist-lite.json
14316,hostplant-909441,species-6017,エノキ,アサ科,エノキ,Celtis sinensis,public/assets/data-lite/ylist-lite.json
14317,hostplant-909442,species-6017,エンドウ,マメ科,エンドウ,Pisum sativum,public/assets/data-lite/ylist-lite.json
14318,hostplant-909443,species-6017,カシワ,ブナ科,カシワ,Quercus dentata,public/assets/data-lite/ylist-lite.json
14319,hostplant-909444,species-6017,キクイモ,キク科,キクイモ,Helianthus tuberosus,public/assets/data-lite/ylist-lite.json
14320,hostplant-909445,species-6017,ギシギシ,タデ科,ギシギシ,Rumex japonicus,public/assets/data-lite/ylist-lite.json
14321,hostplant-909446,species-6017,クヌギ,ブナ科,クヌギ,Quercus acutissima,public/assets/data-lite/ylist-lite.json
14322,hostplant-909447,species-6017,コナラ,ブナ科,コナラ,Quercus serrata,public/assets/data-lite/ylist-lite.json
14323,hostplant-909448,species-6017,ゴボウ,キク科,ゴボウ,Arctium lappa,public/assets/data-lite/ylist-lite.json
14325,hostplant-909450,species-6017,シデコブシ,モクレン科,シデコブシ,Magnolia stellata,public/assets/data-lite/ylist-lite.json
14326,hostplant-909451,species-6017,セッコク,ラン科,セッコク,Dendrobium moniliforme,public/assets/data-lite/ylist-lite.json
14327,hostplant-909452,species-6017,タケニグサ,ケシ科,タケニグサ,Macleaya cordata,public/assets/data-lite/ylist-lite.json
14329,hostplant-909454,species-6017,ナシ,バラ科,ナシ,Pyrus pyrifolia var. culta,public/assets/data-lite/ylist-lite.json
14460,hostplant-909743,species-6123,アベマキ,ブナ科,アベマキ,Quercus variabilis,public/assets/data-lite/ylist-lite.json
14461,hostplant-909745,species-6123,カシワ,ブナ科,カシワ,Quercus dentata,public/assets/data-lite/ylist-lite.json
14463,hostplant-909747,species-6123,コナラ,ブナ科,コナラ,Quercus serrata,public/assets/data-lite/ylist-lite.json
14484,hostplant-909778,species-6129,アラカシ,ブナ科,アラカシ,Quercus glauca,public/assets/data-lite/ylist-lite.json
14485,hostplant-909779,species-6129,カシワ,ブナ科,カシワ,Quercus dentata,public/assets/data-lite/ylist-lite.json
14486,hostplant-909780,species-6129,クヌギ,ブナ科,クヌギ,Quercus acutissima,public/assets/data-lite/ylist-lite.json
14487,hostplant-909781,species-6129,コナラ,ブナ科,コナラ,Quercus serrata,public/assets/data-lite/ylist-lite.json
14489,hostplant-909783,species-6129,シダレヤナギ,ヤナギ科,シダレヤナギ,Salix babylonica var. babylonica,public/assets/data-lite/ylist-lite.json
14490,hostplant-909784,species-6129,ナワシログミ,グミ科,ナワシログミ,Elaeagnus pungens,public/assets/data-lite/ylist-lite.json
14491,hostplant-909785,species-6129,リンゴ,バラ科,リンゴ,Malus pumila var. domestica,public/assets/data-lite/ylist-lite.json
14691,hostplant-910011,species-22065,シャクヤク,ボタン科,シャクヤク,Paeonia lactiflora var. trichocarpa,public/assets/data-lite/ylist-lite.json
14692,hostplant-910012,species-22746,シャクヤク,ボタン科,シャクヤク,Paeonia lactiflora var. trichocarpa,public/assets/data-lite/ylist-lite.json
14693,hostplant-910013,species-21894,シャクヤク,ボタン科,シャクヤク,Paeonia lactiflora var. trichocarpa,public/assets/data-lite/ylist-lite.json
14694,hostplant-910014,species-21892,シャクヤク,ボタン科,シャクヤク,Paeonia lactiflora var. trichocarpa,public/assets/data-lite/ylist-lite.json
14695,hostplant-910015,species-22045,シャクヤク,ボタン科,シャクヤク,Paeonia lactiflora var. trichocarpa,public/assets/data-lite/ylist-lite.json
14696,hostplant-910016,species-21948,シャクヤク,ボタン科,シャクヤク,Paeonia lactiflora var. trichocarpa,public/assets/data-lite/ylist-lite.json
14697,hostplant-910017,species-22641,シャクヤク,ボタン科,シャクヤク,Paeonia lactiflora var. trichocarpa,public/assets/data-lite/ylist-lite.json
14698,hostplant-910018,species-22537,シャクヤク,ボタン科,シャクヤク,Paeonia lactiflora var. trichocarpa,public/assets/data-lite/ylist-lite.json
14699,hostplant-910019,species-22963,シャクヤク,ボタン科,シャクヤク,Paeonia lactiflora var. trichocarpa,public/assets/data-lite/ylist-lite.json
14700,hostplant-910020,species-22681,シャクヤク,ボタン科,シャクヤク,Paeonia lactiflora var. trichocarpa,public/assets/data-lite/ylist-lite.json
14701,hostplant-910021,species-23066,シャクヤク,ボタン科,シャクヤク,Paeonia lactiflora var. trichocarpa,public/assets/data-lite/ylist-lite.json
14702,hostplant-910022,species-22441,シャクヤク,ボタン科,シャクヤク,Paeonia lactiflora var. trichocarpa,public/assets/data-lite/ylist-lite.json
14703,hostplant-910023,species-22083,シャクヤク,ボタン科,シャクヤク,Paeonia lactiflora var. trichocarpa,public/assets/data-lite/ylist-lite.json
14704,hostplant-910024,species-22893,シャクヤク,ボタン科,シャクヤク,Paeonia lactiflora var. trichocarpa,public/assets/data-lite/ylist-lite.json
14705,hostplant-910025,species-22551,シャクヤク,ボタン科,シャクヤク,Paeonia lactiflora var. trichocarpa,public/assets/data-lite/ylist-lite.json
14706,hostplant-910026,species-22647,シャクヤク,ボタン科,シャクヤク,Paeonia lactiflora var. trichocarpa,public/assets/data-lite/ylist-lite.json
14707,hostplant-910027,species-22280,シャクヤク,ボタン科,シャクヤク,Paeonia lactiflora var. trichocarpa,public/assets/data-lite/ylist-lite.json
14708,hostplant-910028,species-23060,シャクヤク,ボタン科,シャクヤク,Paeonia lactiflora var. trichocarpa,public/assets/data-lite/ylist-lite.json
14709,hostplant-910029,species-21908,シャクヤク,ボタン科,シャクヤク,Paeonia lactiflora var. trichocarpa,public/assets/data-lite/ylist-lite.json
14710,hostplant-910030,species-21910,シャクヤク,ボタン科,シャクヤク,Paeonia lactiflora var. trichocarpa,public/assets/data-lite/ylist-lite.json
14711,hostplant-910031,species-22169,シャクヤク,ボタン科,シャクヤク,Paeonia lactiflora var. trichocarpa,public/assets/data-lite/ylist-lite.json
14712,hostplant-910032,species-21877,シャクヤク,ボタン科,シャクヤク,Paeonia lactiflora var. trichocarpa,public/assets/data-lite/ylist-lite.json
14713,hostplant-910033,species-21874,シャクヤク,ボタン科,シャクヤク,Paeonia lactiflora var. trichocarpa,public/assets/data-lite/ylist-lite.json
14714,hostplant-910034,species-22047,シャクヤク,ボタン科,シャクヤク,Paeonia lactiflora var. trichocarpa,public/assets/data-lite/ylist-lite.json
14715,hostplant-910035,species-22053,シャクヤク,ボタン科,シャクヤク,Paeonia lactiflora var. trichocarpa,public/assets/data-lite/ylist-lite.json
14716,hostplant-910036,species-22008,シャクヤク,ボタン科,シャクヤク,Paeonia lactiflora var. trichocarpa,public/assets/data-lite/ylist-lite.json
14717,hostplant-910037,species-21988,シャクヤク,ボタン科,シャクヤク,Paeonia lactiflora var. trichocarpa,public/assets/data-lite/ylist-lite.json
14718,hostplant-910038,species-21998,シャクヤク,ボタン科,シャクヤク,Paeonia lactiflora var. trichocarpa,public/assets/data-lite/ylist-lite.json
14719,hostplant-910039,species-22755,シャクヤク,ボタン科,シャクヤク,Paeonia lactiflora var. trichocarpa,public/assets/data-lite/ylist-lite.json
14720,hostplant-910040,species-22851,シャクヤク,ボタン科,シャクヤク,Paeonia lactiflora var. trichocarpa,public/assets/data-lite/ylist-lite.json
14721,hostplant-910041,7-1,シャクヤク,ボタン科,シャクヤク,Paeonia lactiflora var. trichocarpa,public/assets/data-lite/ylist-lite.json
14722,hostplant-910042,species-21872,シャクヤク,ボタン科,シャクヤク,Paeonia lactiflora var. trichocarpa,public/assets/data-lite/ylist-lite.json
14723,hostplant-910043,species-22064,シャクヤク,ボタン科,シャクヤク,Paeonia lactiflora var. trichocarpa,public/assets/data-lite/ylist-lite.json
14724,hostplant-910044,species-21880,シャクヤク,ボタン科,シャクヤク,Paeonia lactiflora var. trichocarpa,public/assets/data-lite/ylist-lite.json
14725,hostplant-910045,species-22030,シャクヤク,ボタン科,シャクヤク,Paeonia lactiflora var. trichocarpa,public/assets/data-lite/ylist-lite.json
14726,hostplant-910046,species-22046,シャクヤク,ボタン科,シャクヤク,Paeonia lactiflora var. trichocarpa,public/assets/data-lite/ylist-lite.json
14727,hostplant-910047,species-21976,シャクヤク,ボタン科,シャクヤク,Paeonia lactiflora var. trichocarpa,public/assets/data-lite/ylist-lite.json
14728,hostplant-910048,species-22558,シャクヤク,ボタン科,シャクヤク,Paeonia lactiflora var. trichocarpa,public/assets/data-lite/ylist-lite.json
14729,hostplant-910049,species-22540,シャクヤク,ボタン科,シャクヤク,Paeonia lactiflora var. trichocarpa,public/assets/data-lite/ylist-lite.json
14730,hostplant-910050,5-1,シャクヤク,ボタン科,シャクヤク,Paeonia lactiflora var. trichocarpa,public/assets/data-lite/ylist-lite.json
14731,hostplant-910051,species-21912,シャクヤク,ボタン科,シャクヤク,Paeonia lactiflora var. trichocarpa,public/assets/data-lite/ylist-lite.json
14732,hostplant-910052,species-22054,シャクヤク,ボタン科,シャクヤク,Paeonia lactiflora var. trichocarpa,public/assets/data-lite/ylist-lite.json
14733,hostplant-910053,species-21954,シャクヤク,ボタン科,シャクヤク,Paeonia lactiflora var. trichocarpa,public/assets/data-lite/ylist-lite.json
14734,hostplant-910054,species-21959,シャクヤク,ボタン科,シャクヤク,Paeonia lactiflora var. trichocarpa,public/assets/data-lite/ylist-lite.json
14735,hostplant-910055,species-22153,シャクヤク,ボタン科,シャクヤク,Paeonia lactiflora var. trichocarpa,public/assets/data-lite/ylist-lite.json
14736,hostplant-910056,species-21990,シャクヤク,ボタン科,シャクヤク,Paeonia lactiflora var. trichocarpa,public/assets/data-lite/ylist-lite.json
14737,hostplant-910057,species-22633,シャクヤク,ボタン科,シャクヤク,Paeonia lactiflora var. trichocarpa,public/assets/data-lite/ylist-lite.json
14738,hostplant-910058,species-22459,シャクヤク,ボタン科,シャクヤク,Paeonia lactiflora var. trichocarpa,public/assets/data-lite/ylist-lite.json
14739,hostplant-910059,species-22278,シャクヤク,ボタン科,シャクヤク,Paeonia lactiflora var. trichocarpa,public/assets/data-lite/ylist-lite.json
14740,hostplant-910060,species-22310,シャクヤク,ボタン科,シャクヤク,Paeonia lactiflora var. trichocarpa,public/assets/data-lite/ylist-lite.json
14741,hostplant-910061,species-22321,シャクヤク,ボタン科,シャクヤク,Paeonia lactiflora var. trichocarpa,public/assets/data-lite/ylist-lite.json
14742,hostplant-910062,species-22140,シャクヤク,ボタン科,シャクヤク,Paeonia lactiflora var. trichocarpa,public/assets/data-lite/ylist-lite.json
14743,hostplant-910063,species-22848,シャクヤク,ボタン科,シャクヤク,Paeonia lactiflora var. trichocarpa,public/assets/data-lite/ylist-lite.json
14744,hostplant-910064,species-22251,シャクヤク,ボタン科,シャクヤク,Paeonia lactiflora var. trichocarpa,public/assets/data-lite/ylist-lite.json
14745,hostplant-910065,species-22139,シャクヤク,ボタン科,シャクヤク,Paeonia lactiflora var. trichocarpa,public/assets/data-lite/ylist-lite.json
14746,hostplant-910066,species-22781,シャクヤク,ボタン科,シャクヤク,Paeonia lactiflora var. trichocarpa,public/assets/data-lite/ylist-lite.json
14747,hostplant-910067,species-22780,シャクヤク,ボタン科,シャクヤク,Paeonia lactiflora var. trichocarpa,public/assets/data-lite/ylist-lite.json
14748,hostplant-910068,species-22650,シャクヤク,ボタン科,シャクヤク,Paeonia lactiflora var. trichocarpa,public/assets/data-lite/ylist-lite.json
14749,hostplant-910069,species-22499,シャクヤク,ボタン科,シャクヤク,Paeonia lactiflora var. trichocarpa,public/assets/data-lite/ylist-lite.json
14750,hostplant-910070,species-21930,シャクヤク,ボタン科,シャクヤク,Paeonia lactiflora var. trichocarpa,public/assets/data-lite/ylist-lite.json
14751,hostplant-910071,species-23001,シャクヤク,ボタン科,シャクヤク,Paeonia lactiflora var. trichocarpa,public/assets/data-lite/ylist-lite.json
14752,hostplant-910072,species-22764,シャクヤク,ボタン科,シャクヤク,Paeonia lactiflora var. trichocarpa,public/assets/data-lite/ylist-lite.json
14753,hostplant-910073,6,シャクヤク,ボタン科,シャクヤク,Paeonia lactiflora var. trichocarpa,public/assets/data-lite/ylist-lite.json
14754,hostplant-910074,10-1,イスノキ,マンサク科,イスノキ,Distylium racemosum,public/assets/data-lite/ylist-lite.json
14755,hostplant-910075,7-1,イスノキ,マンサク科,イスノキ,Distylium racemosum,public/assets/data-lite/ylist-lite.json
14756,hostplant-910076,3-5,イスノキ,マンサク科,イスノキ,Distylium racemosum,public/assets/data-lite/ylist-lite.json
14757,hostplant-910077,species-22310,イスノキ,マンサク科,イスノキ,Distylium racemosum,public/assets/data-lite/ylist-lite.json
14758,hostplant-910078,species-22064,イスノキ,マンサク科,イスノキ,Distylium racemosum,public/assets/data-lite/ylist-lite.json
14759,hostplant-910079,species-21850,イスノキ,マンサク科,イスノキ,Distylium racemosum,public/assets/data-lite/ylist-lite.json
14760,hostplant-910080,species-22140,イスノキ,マンサク科,イスノキ,Distylium racemosum,public/assets/data-lite/ylist-lite.json
14761,hostplant-910081,species-21904,イスノキ,マンサク科,イスノキ,Distylium racemosum,public/assets/data-lite/ylist-lite.json
14762,hostplant-910082,species-21902,イスノキ,マンサク科,イスノキ,Distylium racemosum,public/assets/data-lite/ylist-lite.json
14763,hostplant-910083,species-21910,イスノキ,マンサク科,イスノキ,Distylium racemosum,public/assets/data-lite/ylist-lite.json
14764,hostplant-910084,species-21921,イスノキ,マンサク科,イスノキ,Distylium racemosum,public/assets/data-lite/ylist-lite.json
14765,hostplant-910085,species-22076,イスノキ,マンサク科,イスノキ,Distylium racemosum,public/assets/data-lite/ylist-lite.json
14766,hostplant-910086,species-21885,イスノキ,マンサク科,イスノキ,Distylium racemosum,public/assets/data-lite/ylist-lite.json
14767,hostplant-910087,species-21938,イスノキ,マンサク科,イスノキ,Distylium racemosum,public/assets/data-lite/ylist-lite.json
14768,hostplant-910088,species-21877,イスノキ,マンサク科,イスノキ,Distylium racemosum,public/assets/data-lite/ylist-lite.json
14769,hostplant-910089,species-22055,イスノキ,マンサク科,イスノキ,Distylium racemosum,public/assets/data-lite/ylist-lite.json
14770,hostplant-910090,species-22004,イスノキ,マンサク科,イスノキ,Distylium racemosum,public/assets/data-lite/ylist-lite.json
14771,hostplant-910091,species-21990,イスノキ,マンサク科,イスノキ,Distylium racemosum,public/assets/data-lite/ylist-lite.json
14772,hostplant-910092,species-22893,イスノキ,マンサク科,イスノキ,Distylium racemosum,public/assets/data-lite/ylist-lite.json
14773,hostplant-910093,species-22865,イスノキ,マンサク科,イスノキ,Distylium racemosum,public/assets/data-lite/ylist-lite.json
14774,hostplant-910094,species-22704,イスノキ,マンサク科,イスノキ,Distylium racemosum,public/assets/data-lite/ylist-lite.json
14775,hostplant-910095,species-22792,イスノキ,マンサク科,イスノキ,Distylium racemosum,public/assets/data-lite/ylist-lite.json
14776,hostplant-910096,species-22786,イスノキ,マンサク科,イスノキ,Distylium racemosum,public/assets/data-lite/ylist-lite.json
14777,hostplant-910097,species-22766,イスノキ,マンサク科,イスノキ,Distylium racemosum,public/assets/data-lite/ylist-lite.json
14778,hostplant-910098,species-22916,イスノキ,マンサク科,イスノキ,Distylium racemosum,public/assets/data-lite/ylist-lite.json
14779,hostplant-910099,species-22919,イスノキ,マンサク科,イスノキ,Distylium racemosum,public/assets/data-lite/ylist-lite.json
14780,hostplant-910100,species-22072,イスノキ,マンサク科,イスノキ,Distylium racemosum,public/assets/data-lite/ylist-lite.json
14781,hostplant-910101,species-22176,イスノキ,マンサク科,イスノキ,Distylium racemosum,public/assets/data-lite/ylist-lite.json
14782,hostplant-910102,species-21973,イスノキ,マンサク科,イスノキ,Distylium racemosum,public/assets/data-lite/ylist-lite.json
14783,hostplant-910103,species-22641,イスノキ,マンサク科,イスノキ,Distylium racemosum,public/assets/data-lite/ylist-lite.json
14784,hostplant-910104,species-23061,イスノキ,マンサク科,イスノキ,Distylium racemosum,public/assets/data-lite/ylist-lite.json
14785,hostplant-910105,species-23024,イスノキ,マンサク科,イスノキ,Distylium racemosum,public/assets/data-lite/ylist-lite.json
14786,hostplant-910106,species-21880,イスノキ,マンサク科,イスノキ,Distylium racemosum,public/assets/data-lite/ylist-lite.json
14787,hostplant-910107,species-21952,イスノキ,マンサク科,イスノキ,Distylium racemosum,public/assets/data-lite/ylist-lite.json
14788,hostplant-910108,species-22764,イスノキ,マンサク科,イスノキ,Distylium racemosum,public/assets/data-lite/ylist-lite.json
14789,hostplant-910109,species-22129,イスノキ,マンサク科,イスノキ,Distylium racemosum,public/assets/data-lite/ylist-lite.json
14790,hostplant-910110,species-22553,イスノキ,マンサク科,イスノキ,Distylium racemosum,public/assets/data-lite/ylist-lite.json
14791,hostplant-910111,species-22746,イスノキ,マンサク科,イスノキ,Distylium racemosum,public/assets/data-lite/ylist-lite.json
14792,hostplant-910112,species-22312,イスノキ,マンサク科,イスノキ,Distylium racemosum,public/assets/data-lite/ylist-lite.json
14793,hostplant-910113,species-22735,イスノキ,マンサク科,イスノキ,Distylium racemosum,public/assets/data-lite/ylist-lite.json
14794,hostplant-910114,species-21894,イスノキ,マンサク科,イスノキ,Distylium racemosum,public/assets/data-lite/ylist-lite.json
14795,hostplant-910115,species-21892,イスノキ,マンサク科,イスノキ,Distylium racemosum,public/assets/data-lite/ylist-lite.json
14796,hostplant-910116,species-21988,イスノキ,マンサク科,イスノキ,Distylium racemosum,public/assets/data-lite/ylist-lite.json
14797,hostplant-910117,species-21868,イスノキ,マンサク科,イスノキ,Distylium racemosum,public/assets/data-lite/ylist-lite.json
14798,hostplant-910118,species-22927,イスノキ,マンサク科,イスノキ,Distylium racemosum,public/assets/data-lite/ylist-lite.json
14799,hostplant-910119,species-22554,イスノキ,マンサク科,イスノキ,Distylium racemosum,public/assets/data-lite/ylist-lite.json
14800,hostplant-910120,species-22753,イスノキ,マンサク科,イスノキ,Distylium racemosum,public/assets/data-lite/ylist-lite.json
14801,hostplant-910121,species-21998,イスノキ,マンサク科,イスノキ,Distylium racemosum,public/assets/data-lite/ylist-lite.json
14802,hostplant-910122,species-22625,イスノキ,マンサク科,イスノキ,Distylium racemosum,public/assets/data-lite/ylist-lite.json
14803,hostplant-910123,species-22540,イスノキ,マンサク科,イスノキ,Distylium racemosum,public/assets/data-lite/ylist-lite.json
14804,hostplant-910124,species-23028,イスノキ,マンサク科,イスノキ,Distylium racemosum,public/assets/data-lite/ylist-lite.json
14805,hostplant-910125,species-22647,イスノキ,マンサク科,イスノキ,Distylium racemosum,public/assets/data-lite/ylist-lite.json
14806,hostplant-910126,species-22002,イスノキ,マンサク科,イスノキ,Distylium racemosum,public/assets/data-lite/ylist-lite.json
14807,hostplant-910127,species-22650,イスノキ,マンサク科,イスノキ,Distylium racemosum,public/assets/data-lite/ylist-lite.json
14808,hostplant-910128,species-22149,イスノキ,マンサク科,イスノキ,Distylium racemosum,public/assets/data-lite/ylist-lite.json
14809,hostplant-910129,species-22960,イスノキ,マンサク科,イスノキ,Distylium racemosum,public/assets/data-lite/ylist-lite.json
14810,hostplant-910130,species-22654,イスノキ,マンサク科,イスノキ,Distylium racemosum,public/assets/data-lite/ylist-lite.json
14811,hostplant-910131,1-1,イスノキ,マンサク科,イスノキ,Distylium racemosum,public/assets/data-lite/ylist-lite.json
14812,hostplant-910132,13-1,イスノキ,マンサク科,イスノキ,Distylium racemosum,public/assets/data-lite/ylist-lite.json
14813,hostplant-910133,species-21933,イスノキ,マンサク科,イスノキ,Distylium racemosum,public/assets/data-lite/ylist-lite.json
14814,hostplant-910134,species-21923,イスノキ,マンサク科,イスノキ,Distylium racemosum,public/assets/data-lite/ylist-lite.json
14815,hostplant-910135,species-22173,イスノキ,マンサク科,イスノキ,Distylium racemosum,public/assets/data-lite/ylist-lite.json
14816,hostplant-910136,species-22175,イスノキ,マンサク科,イスノキ,Distylium racemosum,public/assets/data-lite/ylist-lite.json
14817,hostplant-910137,species-22036,イスノキ,マンサク科,イスノキ,Distylium racemosum,public/assets/data-lite/ylist-lite.json
14818,hostplant-910138,species-22871,イスノキ,マンサク科,イスノキ,Distylium racemosum,public/assets/data-lite/ylist-lite.json
14819,hostplant-910139,species-22934,イスノキ,マンサク科,イスノキ,Distylium racemosum,public/assets/data-lite/ylist-lite.json
14820,hostplant-910140,species-22970,イスノキ,マンサク科,イスノキ,Distylium racemosum,public/assets/data-lite/ylist-lite.json
14821,hostplant-910141,species-22965,イスノキ,マンサク科,イスノキ,Distylium racemosum,public/assets/data-lite/ylist-lite.json
14822,hostplant-910142,species-23020,イスノキ,マンサク科,イスノキ,Distylium racemosum,public/assets/data-lite/ylist-lite.json
14823,hostplant-910143,species-22459,イスノキ,マンサク科,イスノキ,Distylium racemosum,public/assets/data-lite/ylist-lite.json
14824,hostplant-910144,species-22343,イスノキ,マンサク科,イスノキ,Distylium racemosum,public/assets/data-lite/ylist-lite.json
14825,hostplant-910145,species-22225,イスノキ,マンサク科,イスノキ,Distylium racemosum,public/assets/data-lite/ylist-lite.json
14826,hostplant-910146,species-21891,イスノキ,マンサク科,イスノキ,Distylium racemosum,public/assets/data-lite/ylist-lite.json
14827,hostplant-910147,species-22030,イスノキ,マンサク科,イスノキ,Distylium racemosum,public/assets/data-lite/ylist-lite.json
14828,hostplant-910148,species-22712,イスノキ,マンサク科,イスノキ,Distylium racemosum,public/assets/data-lite/ylist-lite.json
14829,hostplant-910149,species-22832,イスノキ,マンサク科,イスノキ,Distylium racemosum,public/assets/data-lite/ylist-lite.json
14830,hostplant-910150,species-21939,イスノキ,マンサク科,イスノキ,Distylium racemosum,public/assets/data-lite/ylist-lite.json
14831,hostplant-910151,species-21854,イスノキ,マンサク科,イスノキ,Distylium racemosum,public/assets/data-lite/ylist-lite.json
14832,hostplant-910152,species-22821,イスノキ,マンサク科,イスノキ,Distylium racemosum,public/assets/data-lite/ylist-lite.json
14833,hostplant-910153,species-23000,イスノキ,マンサク科,イスノキ,Distylium racemosum,public/assets/data-lite/ylist-lite.json
14834,hostplant-910154,species-22354,イスノキ,マンサク科,イスノキ,Distylium racemosum,public/assets/data-lite/ylist-lite.json
14835,hostplant-910155,species-21984,イスノキ,マンサク科,イスノキ,Distylium racemosum,public/assets/data-lite/ylist-lite.json
14836,hostplant-910156,species-22581,イスノキ,マンサク科,イスノキ,Distylium racemosum,public/assets/data-lite/ylist-lite.json
14837,hostplant-910157,species-22642,イスノキ,マンサク科,イスノキ,Distylium racemosum,public/assets/data-lite/ylist-lite.json
14838,hostplant-910158,species-22941,イスノキ,マンサク科,イスノキ,Distylium racemosum,public/assets/data-lite/ylist-lite.json
14839,hostplant-910159,species-22761,イスノキ,マンサク科,イスノキ,Distylium racemosum,public/assets/data-lite/ylist-lite.json
14840,hostplant-910160,species-22843,イスノキ,マンサク科,イスノキ,Distylium racemosum,public/assets/data-lite/ylist-lite.json
14841,hostplant-910161,species-22498,イスノキ,マンサク科,イスノキ,Distylium racemosum,public/assets/data-lite/ylist-lite.json
14842,hostplant-910162,species-22988,イスノキ,マンサク科,イスノキ,Distylium racemosum,public/assets/data-lite/ylist-lite.json
14843,hostplant-910163,species-23007,イスノキ,マンサク科,イスノキ,Distylium racemosum,public/assets/data-lite/ylist-lite.json
14844,hostplant-910164,species-22980,イスノキ,マンサク科,イスノキ,Distylium racemosum,public/assets/data-lite/ylist-lite.json
14845,hostplant-910165,species-22025,イスノキ,マンサク科,イスノキ,Distylium racemosum,public/assets/data-lite/ylist-lite.json
14846,hostplant-910166,species-22471,イスノキ,マンサク科,イスノキ,Distylium racemosum,public/assets/data-lite/ylist-lite.json
14847,hostplant-910167,species-23060,イスノキ,マンサク科,イスノキ,Distylium racemosum,public/assets/data-lite/ylist-lite.json
14848,hostplant-910168,species-22284,イスノキ,マンサク科,イスノキ,Distylium racemosum,public/assets/data-lite/ylist-lite.json
14849,hostplant-910169,species-21976,イスノキ,マンサク科,イスノキ,Distylium racemosum,public/assets/data-lite/ylist-lite.json
14850,hostplant-910170,species-21986,イスノキ,マンサク科,イスノキ,Distylium racemosum,public/assets/data-lite/ylist-lite.json
14851,hostplant-910171,species-22880,イスノキ,マンサク科,イスノキ,Distylium racemosum,public/assets/data-lite/ylist-lite.json
14852,hostplant-910172,species-22866,イスノキ,マンサク科,イスノキ,Distylium racemosum,public/assets/data-lite/ylist-lite.json
14853,hostplant-910173,species-22867,イスノキ,マンサク科,イスノキ,Distylium racemosum,public/assets/data-lite/ylist-lite.json
14854,hostplant-910174,species-22798,イスノキ,マンサク科,イスノキ,Distylium racemosum,public/assets/data-lite/ylist-lite.json
14855,hostplant-910175,species-22990,イスノキ,マンサク科,イスノキ,Distylium racemosum,public/assets/data-lite/ylist-lite.json
14856,hostplant-910176,species-21910,ウメ,バラ科,ウメ,Prunus mume,public/assets/data-lite/ylist-lite.json
14857,hostplant-910177,species-22053,ウメ,バラ科,ウメ,Prunus mume,public/assets/data-lite/ylist-lite.json
14858,hostplant-910178,species-22540,ウメ,バラ科,ウメ,Prunus mume,public/assets/data-lite/ylist-lite.json
14859,hostplant-910179,species-22779,ウメ,バラ科,ウメ,Prunus mume,public/assets/data-lite/ylist-lite.json
14860,hostplant-910180,species-22735,ウメ,バラ科,ウメ,Prunus mume,public/assets/data-lite/ylist-lite.json
14861,hostplant-910181,species-22990,ウメ,バラ科,ウメ,Prunus mume,public/assets/data-lite/ylist-lite.json
14862,hostplant-910182,species-23007,ウメ,バラ科,ウメ,Prunus mume,public/assets/data-lite/ylist-lite.json
14863,hostplant-910183,species-23028,ウメ,バラ科,ウメ,Prunus mume,public/assets/data-lite/ylist-lite.json
14864,hostplant-910184,species-22982,ウメ,バラ科,ウメ,Prunus mume,public/assets/data-lite/ylist-lite.json
14865,hostplant-910185,species-22647,ウメ,バラ科,ウメ,Prunus mume,public/assets/data-lite/ylist-lite.json
14866,hostplant-910186,species-22179,ウメ,バラ科,ウメ,Prunus mume,public/assets/data-lite/ylist-lite.json
14867,hostplant-910187,species-22569,ウメ,バラ科,ウメ,Prunus mume,public/assets/data-lite/ylist-lite.json
14868,hostplant-910188,species-22972,ウメ,バラ科,ウメ,Prunus mume,public/assets/data-lite/ylist-lite.json
14869,hostplant-910189,species-22965,ウメ,バラ科,ウメ,Prunus mume,public/assets/data-lite/ylist-lite.json
14870,hostplant-910190,species-22140,ウメ,バラ科,ウメ,Prunus mume,public/assets/data-lite/ylist-lite.json
14871,hostplant-910191,species-21908,ウメ,バラ科,ウメ,Prunus mume,public/assets/data-lite/ylist-lite.json
14872,hostplant-910192,species-22577,ウメ,バラ科,ウメ,Prunus mume,public/assets/data-lite/ylist-lite.json
14873,hostplant-910193,species-23060,ウメ,バラ科,ウメ,Prunus mume,public/assets/data-lite/ylist-lite.json
14874,hostplant-910194,species-22515,ウメ,バラ科,ウメ,Prunus mume,public/assets/data-lite/ylist-lite.json
14875,hostplant-910195,species-21939,ウメ,バラ科,ウメ,Prunus mume,public/assets/data-lite/ylist-lite.json
14876,hostplant-910196,1-1,ウメ,バラ科,ウメ,Prunus mume,public/assets/data-lite/ylist-lite.json
14877,hostplant-910197,species-21916,ウメ,バラ科,ウメ,Prunus mume,public/assets/data-lite/ylist-lite.json
14878,hostplant-910198,species-22046,ウメ,バラ科,ウメ,Prunus mume,public/assets/data-lite/ylist-lite.json
14879,hostplant-910199,species-21976,ウメ,バラ科,ウメ,Prunus mume,public/assets/data-lite/ylist-lite.json
14880,hostplant-910200,species-21998,ウメ,バラ科,ウメ,Prunus mume,public/assets/data-lite/ylist-lite.json
14881,hostplant-910201,species-22890,ウメ,バラ科,ウメ,Prunus mume,public/assets/data-lite/ylist-lite.json
14882,hostplant-910202,species-22866,ウメ,バラ科,ウメ,Prunus mume,public/assets/data-lite/ylist-lite.json
14883,hostplant-910203,species-22586,ウメ,バラ科,ウメ,Prunus mume,public/assets/data-lite/ylist-lite.json
14884,hostplant-910204,species-22963,ウメ,バラ科,ウメ,Prunus mume,public/assets/data-lite/ylist-lite.json
14885,hostplant-910205,species-22947,ウメ,バラ科,ウメ,Prunus mume,public/assets/data-lite/ylist-lite.json
14886,hostplant-910206,species-22941,ウメ,バラ科,ウメ,Prunus mume,public/assets/data-lite/ylist-lite.json
14887,hostplant-910207,species-22856,ウメ,バラ科,ウメ,Prunus mume,public/assets/data-lite/ylist-lite.json
14888,hostplant-910208,species-22843,ウメ,バラ科,ウメ,Prunus mume,public/assets/data-lite/ylist-lite.json
14889,hostplant-910209,species-22291,ウメ,バラ科,ウメ,Prunus mume,public/assets/data-lite/ylist-lite.json
14890,hostplant-910210,species-21935,ウメ,バラ科,ウメ,Prunus mume,public/assets/data-lite/ylist-lite.json
14891,hostplant-910211,species-21891,ウメ,バラ科,ウメ,Prunus mume,public/assets/data-lite/ylist-lite.json
14892,hostplant-910212,species-21892,ウメ,バラ科,ウメ,Prunus mume,public/assets/data-lite/ylist-lite.json
14893,hostplant-910213,species-22045,ウメ,バラ科,ウメ,Prunus mume,public/assets/data-lite/ylist-lite.json
14894,hostplant-910214,species-21988,ウメ,バラ科,ウメ,Prunus mume,public/assets/data-lite/ylist-lite.json
14895,hostplant-910215,species-22022,ウメ,バラ科,ウメ,Prunus mume,public/assets/data-lite/ylist-lite.json
14896,hostplant-910216,species-21990,ウメ,バラ科,ウメ,Prunus mume,public/assets/data-lite/ylist-lite.json
14897,hostplant-910217,species-22025,ウメ,バラ科,ウメ,Prunus mume,public/assets/data-lite/ylist-lite.json
14898,hostplant-910218,species-21986,ウメ,バラ科,ウメ,Prunus mume,public/assets/data-lite/ylist-lite.json
14899,hostplant-910219,species-22862,ウメ,バラ科,ウメ,Prunus mume,public/assets/data-lite/ylist-lite.json
14900,hostplant-910220,species-22641,ウメ,バラ科,ウメ,Prunus mume,public/assets/data-lite/ylist-lite.json
14901,hostplant-910221,species-22915,ウメ,バラ科,ウメ,Prunus mume,public/assets/data-lite/ylist-lite.json
14902,hostplant-910222,species-23040,ウメ,バラ科,ウメ,Prunus mume,public/assets/data-lite/ylist-lite.json
14903,hostplant-910223,species-22764,ウメ,バラ科,ウメ,Prunus mume,public/assets/data-lite/ylist-lite.json
14904,hostplant-910224,species-22175,ウメ,バラ科,ウメ,Prunus mume,public/assets/data-lite/ylist-lite.json
14905,hostplant-910225,species-22871,ウメ,バラ科,ウメ,Prunus mume,public/assets/data-lite/ylist-lite.json
14906,hostplant-910226,species-22650,ウメ,バラ科,ウメ,Prunus mume,public/assets/data-lite/ylist-lite.json
14907,hostplant-910227,species-22654,ウメ,バラ科,ウメ,Prunus mume,public/assets/data-lite/ylist-lite.json
14908,hostplant-910228,species-22988,ウメ,バラ科,ウメ,Prunus mume,public/assets/data-lite/ylist-lite.json
14909,hostplant-910229,species-23031,ウメ,バラ科,ウメ,Prunus mume,public/assets/data-lite/ylist-lite.json
14910,hostplant-910230,species-21913,ウメ,バラ科,ウメ,Prunus mume,public/assets/data-lite/ylist-lite.json
14911,hostplant-910231,species-22008,ウメ,バラ科,ウメ,Prunus mume,public/assets/data-lite/ylist-lite.json
14912,hostplant-910232,species-21943,ウメ,バラ科,ウメ,Prunus mume,public/assets/data-lite/ylist-lite.json
14913,hostplant-910233,species-22064,ウメ,バラ科,ウメ,Prunus mume,public/assets/data-lite/ylist-lite.json
14914,hostplant-910234,species-21917,ウメ,バラ科,ウメ,Prunus mume,public/assets/data-lite/ylist-lite.json
14915,hostplant-910235,species-21919,ウメ,バラ科,ウメ,Prunus mume,public/assets/data-lite/ylist-lite.json
14916,hostplant-910236,species-22163,ウメ,バラ科,ウメ,Prunus mume,public/assets/data-lite/ylist-lite.json
14917,hostplant-910237,species-22054,ウメ,バラ科,ウメ,Prunus mume,public/assets/data-lite/ylist-lite.json
14918,hostplant-910238,species-21954,ウメ,バラ科,ウメ,Prunus mume,public/assets/data-lite/ylist-lite.json
14919,hostplant-910239,species-21959,ウメ,バラ科,ウメ,Prunus mume,public/assets/data-lite/ylist-lite.json
14920,hostplant-910240,species-22499,ウメ,バラ科,ウメ,Prunus mume,public/assets/data-lite/ylist-lite.json
14921,hostplant-910241,species-22486,ウメ,バラ科,ウメ,Prunus mume,public/assets/data-lite/ylist-lite.json
14922,hostplant-910242,species-21973,ウメ,バラ科,ウメ,Prunus mume,public/assets/data-lite/ylist-lite.json
14923,hostplant-910243,species-21948,ウメ,バラ科,ウメ,Prunus mume,public/assets/data-lite/ylist-lite.json
14924,hostplant-910244,species-22586,ハマナス,バラ科,ハマナス,Rosa rugosa,public/assets/data-lite/ylist-lite.json
14925,hostplant-910245,species-21894,ハマナス,バラ科,ハマナス,Rosa rugosa,public/assets/data-lite/ylist-lite.json
14926,hostplant-910246,species-22030,ハマナス,バラ科,ハマナス,Rosa rugosa,public/assets/data-lite/ylist-lite.json
14927,hostplant-910247,species-21986,ハマナス,バラ科,ハマナス,Rosa rugosa,public/assets/data-lite/ylist-lite.json
14928,hostplant-910248,species-22764,ハマナス,バラ科,ハマナス,Rosa rugosa,public/assets/data-lite/ylist-lite.json
14929,hostplant-910249,species-22650,ハマナス,バラ科,ハマナス,Rosa rugosa,public/assets/data-lite/ylist-lite.json
14930,hostplant-910250,species-22654,ハマナス,バラ科,ハマナス,Rosa rugosa,public/assets/data-lite/ylist-lite.json
14931,hostplant-910251,species-23028,ハマナス,バラ科,ハマナス,Rosa rugosa,public/assets/data-lite/ylist-lite.json
14932,hostplant-910252,species-22647,ハマナス,バラ科,ハマナス,Rosa rugosa,public/assets/data-lite/ylist-lite.json
14933,hostplant-910253,species-22537,ハマナス,バラ科,ハマナス,Rosa rugosa,public/assets/data-lite/ylist-lite.json
14934,hostplant-910254,species-22553,ハマナス,バラ科,ハマナス,Rosa rugosa,public/assets/data-lite/ylist-lite.json
14935,hostplant-910255,species-22551,ハマナス,バラ科,ハマナス,Rosa rugosa,public/assets/data-lite/ylist-lite.json
14936,hostplant-910256,species-22871,ハマナス,バラ科,ハマナス,Rosa rugosa,public/assets/data-lite/ylist-lite.json
14937,hostplant-910257,species-22661,ハマナス,バラ科,ハマナス,Rosa rugosa,public/assets/data-lite/ylist-lite.json
14938,hostplant-910258,species-21863,ハマナス,バラ科,ハマナス,Rosa rugosa,public/assets/data-lite/ylist-lite.json
14939,hostplant-910259,species-22530,ハマナス,バラ科,ハマナス,Rosa rugosa,public/assets/data-lite/ylist-lite.json
14940,hostplant-910260,species-23060,ハマナス,バラ科,ハマナス,Rosa rugosa,public/assets/data-lite/ylist-lite.json
14941,hostplant-910261,species-22990,ハマナス,バラ科,ハマナス,Rosa rugosa,public/assets/data-lite/ylist-lite.json
14942,hostplant-910262,species-23007,ハマナス,バラ科,ハマナス,Rosa rugosa,public/assets/data-lite/ylist-lite.json
14943,hostplant-910263,species-23014,ハマナス,バラ科,ハマナス,Rosa rugosa,public/assets/data-lite/ylist-lite.json
14944,hostplant-910264,species-22250,ハマナス,バラ科,ハマナス,Rosa rugosa,public/assets/data-lite/ylist-lite.json
14945,hostplant-910265,species-22417,ハマナス,バラ科,ハマナス,Rosa rugosa,public/assets/data-lite/ylist-lite.json
14946,hostplant-910266,species-22343,ハマナス,バラ科,ハマナス,Rosa rugosa,public/assets/data-lite/ylist-lite.json
14947,hostplant-910267,species-22321,ハマナス,バラ科,ハマナス,Rosa rugosa,public/assets/data-lite/ylist-lite.json
14948,hostplant-910268,species-22890,ハマナス,バラ科,ハマナス,Rosa rugosa,public/assets/data-lite/ylist-lite.json
14949,hostplant-910269,species-22867,ハマナス,バラ科,ハマナス,Rosa rugosa,public/assets/data-lite/ylist-lite.json
14950,hostplant-910270,species-22642,ハマナス,バラ科,ハマナス,Rosa rugosa,public/assets/data-lite/ylist-lite.json
14951,hostplant-910271,species-22969,ハマナス,バラ科,ハマナス,Rosa rugosa,public/assets/data-lite/ylist-lite.json
14952,hostplant-910272,species-22970,ハマナス,バラ科,ハマナス,Rosa rugosa,public/assets/data-lite/ylist-lite.json
14953,hostplant-910273,species-22908,ハマナス,バラ科,ハマナス,Rosa rugosa,public/assets/data-lite/ylist-lite.json
14954,hostplant-910274,species-22712,ハマナス,バラ科,ハマナス,Rosa rugosa,public/assets/data-lite/ylist-lite.json
14955,hostplant-910275,species-22927,ハマナス,バラ科,ハマナス,Rosa rugosa,public/assets/data-lite/ylist-lite.json
14956,hostplant-910276,species-22064,ハマナス,バラ科,ハマナス,Rosa rugosa,public/assets/data-lite/ylist-lite.json
14957,hostplant-910277,species-21904,ハマナス,バラ科,ハマナス,Rosa rugosa,public/assets/data-lite/ylist-lite.json
14958,hostplant-910278,species-21882,ハマナス,バラ科,ハマナス,Rosa rugosa,public/assets/data-lite/ylist-lite.json
14959,hostplant-910279,species-21902,ハマナス,バラ科,ハマナス,Rosa rugosa,public/assets/data-lite/ylist-lite.json
14960,hostplant-910280,species-21998,ハマナス,バラ科,ハマナス,Rosa rugosa,public/assets/data-lite/ylist-lite.json
14961,hostplant-910281,species-22883,ハマナス,バラ科,ハマナス,Rosa rugosa,public/assets/data-lite/ylist-lite.json
14962,hostplant-910282,species-22905,ハマナス,バラ科,ハマナス,Rosa rugosa,public/assets/data-lite/ylist-lite.json
14963,hostplant-910283,species-22904,ハマナス,バラ科,ハマナス,Rosa rugosa,public/assets/data-lite/ylist-lite.json
14964,hostplant-910284,species-22463,ハマナス,バラ科,ハマナス,Rosa rugosa,public/assets/data-lite/ylist-lite.json
14965,hostplant-910285,species-22606,ハマナス,バラ科,ハマナス,Rosa rugosa,public/assets/data-lite/ylist-lite.json
14966,hostplant-910286,species-22521,ハマナス,バラ科,ハマナス,Rosa rugosa,public/assets/data-lite/ylist-lite.json
14967,hostplant-910287,species-22499,ハマナス,バラ科,ハマナス,Rosa rugosa,public/assets/data-lite/ylist-lite.json
14968,hostplant-910288,species-22179,ハマナス,バラ科,ハマナス,Rosa rugosa,public/assets/data-lite/ylist-lite.json
14969,hostplant-910289,species-21910,ハマナス,バラ科,ハマナス,Rosa rugosa,public/assets/data-lite/ylist-lite.json
14970,hostplant-910290,species-21939,ハマナス,バラ科,ハマナス,Rosa rugosa,public/assets/data-lite/ylist-lite.json
14971,hostplant-910291,species-21988,ハマナス,バラ科,ハマナス,Rosa rugosa,public/assets/data-lite/ylist-lite.json
14972,hostplant-910292,species-21990,ハマナス,バラ科,ハマナス,Rosa rugosa,public/assets/data-lite/ylist-lite.json
14973,hostplant-910293,species-22866,ハマナス,バラ科,ハマナス,Rosa rugosa,public/assets/data-lite/ylist-lite.json
14974,hostplant-910294,species-22950,ハマナス,バラ科,ハマナス,Rosa rugosa,public/assets/data-lite/ylist-lite.json
14975,hostplant-910295,species-22856,ハマナス,バラ科,ハマナス,Rosa rugosa,public/assets/data-lite/ylist-lite.json
14976,hostplant-910296,species-22915,ハマナス,バラ科,ハマナス,Rosa rugosa,public/assets/data-lite/ylist-lite.json
14977,hostplant-910297,species-22251,ハマナス,バラ科,ハマナス,Rosa rugosa,public/assets/data-lite/ylist-lite.json
14978,hostplant-910298,species-21930,ハマナス,バラ科,ハマナス,Rosa rugosa,public/assets/data-lite/ylist-lite.json
14979,hostplant-910299,species-21916,ハマナス,バラ科,ハマナス,Rosa rugosa,public/assets/data-lite/ylist-lite.json
14980,hostplant-910300,species-22157,ハマナス,バラ科,ハマナス,Rosa rugosa,public/assets/data-lite/ylist-lite.json
14981,hostplant-910301,species-22176,ハマナス,バラ科,ハマナス,Rosa rugosa,public/assets/data-lite/ylist-lite.json
14982,hostplant-910302,species-21983,ハマナス,バラ科,ハマナス,Rosa rugosa,public/assets/data-lite/ylist-lite.json
14983,hostplant-910303,species-22862,ハマナス,バラ科,ハマナス,Rosa rugosa,public/assets/data-lite/ylist-lite.json
14984,hostplant-910304,species-22603,ハマナス,バラ科,ハマナス,Rosa rugosa,public/assets/data-lite/ylist-lite.json
14985,hostplant-910305,species-22972,ハマナス,バラ科,ハマナス,Rosa rugosa,public/assets/data-lite/ylist-lite.json
14986,hostplant-910306,species-22963,ハマナス,バラ科,ハマナス,Rosa rugosa,public/assets/data-lite/ylist-lite.json
14987,hostplant-910307,species-22965,ハマナス,バラ科,ハマナス,Rosa rugosa,public/assets/data-lite/ylist-lite.json
14988,hostplant-910308,species-22947,ハマナス,バラ科,ハマナス,Rosa rugosa,public/assets/data-lite/ylist-lite.json
14989,hostplant-910309,species-22735,ハマナス,バラ科,ハマナス,Rosa rugosa,public/assets/data-lite/ylist-lite.json
14990,hostplant-910310,species-22755,ハマナス,バラ科,ハマナス,Rosa rugosa,public/assets/data-lite/ylist-lite.json
14991,hostplant-910311,species-22910,ハマナス,バラ科,ハマナス,Rosa rugosa,public/assets/data-lite/ylist-lite.json
14992,hostplant-910312,species-22913,ハマナス,バラ科,ハマナス,Rosa rugosa,public/assets/data-lite/ylist-lite.json
14993,hostplant-910313,species-22977,ハマナス,バラ科,ハマナス,Rosa rugosa,public/assets/data-lite/ylist-lite.json
14994,hostplant-910314,species-22079,ハマナス,バラ科,ハマナス,Rosa rugosa,public/assets/data-lite/ylist-lite.json
14995,hostplant-910315,species-22053,ハマナス,バラ科,ハマナス,Rosa rugosa,public/assets/data-lite/ylist-lite.json
14996,hostplant-910487,species-22861,シラキ,トウダイグサ科,シラキ,Neoshirakia japonica,public/assets/data-lite/ylist-lite.json
14997,hostplant-910488,species-21916,シラキ,トウダイグサ科,シラキ,Neoshirakia japonica,public/assets/data-lite/ylist-lite.json
14998,hostplant-910489,species-21988,シラキ,トウダイグサ科,シラキ,Neoshirakia japonica,public/assets/data-lite/ylist-lite.json
14999,hostplant-910490,7-1,シラキ,トウダイグサ科,シラキ,Neoshirakia japonica,public/assets/data-lite/ylist-lite.json
15000,hostplant-910491,species-22842,シラキ,トウダイグサ科,シラキ,Neoshirakia japonica,public/assets/data-lite/ylist-lite.json
15001,hostplant-910492,species-22735,シラキ,トウダイグサ科,シラキ,Neoshirakia japonica,public/assets/data-lite/ylist-lite.json
15002,hostplant-910493,species-22082,シラキ,トウダイグサ科,シラキ,Neoshirakia japonica,public/assets/data-lite/ylist-lite.json
15003,hostplant-910494,species-23038,シラキ,トウダイグサ科,シラキ,Neoshirakia japonica,public/assets/data-lite/ylist-lite.json
15004,hostplant-910495,species-22633,シラキ,トウダイグサ科,シラキ,Neoshirakia japonica,public/assets/data-lite/ylist-lite.json
15005,hostplant-910496,species-22849,シラキ,トウダイグサ科,シラキ,Neoshirakia japonica,public/assets/data-lite/ylist-lite.json
15006,hostplant-910497,species-22764,シラキ,トウダイグサ科,シラキ,Neoshirakia japonica,public/assets/data-lite/ylist-lite.json
15007,hostplant-910498,species-21998,シラキ,トウダイグサ科,シラキ,Neoshirakia japonica,public/assets/data-lite/ylist-lite.json
15008,hostplant-910499,species-21904,シラキ,トウダイグサ科,シラキ,Neoshirakia japonica,public/assets/data-lite/ylist-lite.json
15009,hostplant-910500,species-21908,シラキ,トウダイグサ科,シラキ,Neoshirakia japonica,public/assets/data-lite/ylist-lite.json
15010,hostplant-910501,species-22650,シラキ,トウダイグサ科,シラキ,Neoshirakia japonica,public/assets/data-lite/ylist-lite.json
15011,hostplant-910502,species-22866,シラキ,トウダイグサ科,シラキ,Neoshirakia japonica,public/assets/data-lite/ylist-lite.json
15012,hostplant-910503,species-21936,シラキ,トウダイグサ科,シラキ,Neoshirakia japonica,public/assets/data-lite/ylist-lite.json
15013,hostplant-910504,species-22065,シラキ,トウダイグサ科,シラキ,Neoshirakia japonica,public/assets/data-lite/ylist-lite.json
15014,hostplant-910505,species-22965,シラキ,トウダイグサ科,シラキ,Neoshirakia japonica,public/assets/data-lite/ylist-lite.json
15015,hostplant-910506,species-21917,シラキ,トウダイグサ科,シラキ,Neoshirakia japonica,public/assets/data-lite/ylist-lite.json
15016,hostplant-910507,species-21913,シラキ,トウダイグサ科,シラキ,Neoshirakia japonica,public/assets/data-lite/ylist-lite.json
15017,hostplant-910508,species-22053,シラキ,トウダイグサ科,シラキ,Neoshirakia japonica,public/assets/data-lite/ylist-lite.json
15018,hostplant-910509,species-22022,シラキ,トウダイグサ科,シラキ,Neoshirakia japonica,public/assets/data-lite/ylist-lite.json
15019,hostplant-910510,species-21952,シラキ,トウダイグサ科,シラキ,Neoshirakia japonica,public/assets/data-lite/ylist-lite.json
15020,hostplant-910511,species-21986,シラキ,トウダイグサ科,シラキ,Neoshirakia japonica,public/assets/data-lite/ylist-lite.json
15021,hostplant-910512,species-21859,シラキ,トウダイグサ科,シラキ,Neoshirakia japonica,public/assets/data-lite/ylist-lite.json
15022,hostplant-910513,species-22893,シラキ,トウダイグサ科,シラキ,Neoshirakia japonica,public/assets/data-lite/ylist-lite.json
15023,hostplant-910514,species-22880,シラキ,トウダイグサ科,シラキ,Neoshirakia japonica,public/assets/data-lite/ylist-lite.json
15024,hostplant-910515,species-22905,シラキ,トウダイグサ科,シラキ,Neoshirakia japonica,public/assets/data-lite/ylist-lite.json
15025,hostplant-910516,species-22553,シラキ,トウダイグサ科,シラキ,Neoshirakia japonica,public/assets/data-lite/ylist-lite.json
15026,hostplant-910517,species-22972,シラキ,トウダイグサ科,シラキ,Neoshirakia japonica,public/assets/data-lite/ylist-lite.json
15027,hostplant-910518,species-22963,シラキ,トウダイグサ科,シラキ,Neoshirakia japonica,public/assets/data-lite/ylist-lite.json
15028,hostplant-910519,species-22786,シラキ,トウダイグサ科,シラキ,Neoshirakia japonica,public/assets/data-lite/ylist-lite.json
15029,hostplant-910520,species-22766,シラキ,トウダイグサ科,シラキ,Neoshirakia japonica,public/assets/data-lite/ylist-lite.json
15030,hostplant-910521,species-22832,シラキ,トウダイグサ科,シラキ,Neoshirakia japonica,public/assets/data-lite/ylist-lite.json
15031,hostplant-910522,species-22915,シラキ,トウダイグサ科,シラキ,Neoshirakia japonica,public/assets/data-lite/ylist-lite.json
15032,hostplant-910523,species-22526,シラキ,トウダイグサ科,シラキ,Neoshirakia japonica,public/assets/data-lite/ylist-lite.json
15033,hostplant-910524,species-22064,シラキ,トウダイグサ科,シラキ,Neoshirakia japonica,public/assets/data-lite/ylist-lite.json
15034,hostplant-910525,species-21902,シラキ,トウダイグサ科,シラキ,Neoshirakia japonica,public/assets/data-lite/ylist-lite.json
15035,hostplant-910526,4-1,シラキ,トウダイグサ科,シラキ,Neoshirakia japonica,public/assets/data-lite/ylist-lite.json
15036,hostplant-910527,species-22704,シラキ,トウダイグサ科,シラキ,Neoshirakia japonica,public/assets/data-lite/ylist-lite.json
15037,hostplant-910528,species-22463,シラキ,トウダイグサ科,シラキ,Neoshirakia japonica,public/assets/data-lite/ylist-lite.json
15038,hostplant-910529,species-22645,シラキ,トウダイグサ科,シラキ,Neoshirakia japonica,public/assets/data-lite/ylist-lite.json
15039,hostplant-910530,species-23032,シラキ,トウダイグサ科,シラキ,Neoshirakia japonica,public/assets/data-lite/ylist-lite.json
15040,hostplant-910531,species-22218,シラキ,トウダイグサ科,シラキ,Neoshirakia japonica,public/assets/data-lite/ylist-lite.json
15041,hostplant-910532,species-22025,シラキ,トウダイグサ科,シラキ,Neoshirakia japonica,public/assets/data-lite/ylist-lite.json
15042,hostplant-910533,species-22890,シラキ,トウダイグサ科,シラキ,Neoshirakia japonica,public/assets/data-lite/ylist-lite.json
15043,hostplant-910534,species-22586,シラキ,トウダイグサ科,シラキ,Neoshirakia japonica,public/assets/data-lite/ylist-lite.json
15044,hostplant-910535,species-22507,シラキ,トウダイグサ科,シラキ,Neoshirakia japonica,public/assets/data-lite/ylist-lite.json
15045,hostplant-910536,species-22797,シラキ,トウダイグサ科,シラキ,Neoshirakia japonica,public/assets/data-lite/ylist-lite.json
15046,hostplant-910537,species-22693,シラキ,トウダイグサ科,シラキ,Neoshirakia japonica,public/assets/data-lite/ylist-lite.json
15047,hostplant-910538,species-21913,カラスザンショウ,ミカン科,カラスザンショウ,Zanthoxylum ailanthoides var. ailanthoides,public/assets/data-lite/ylist-lite.json
15048,hostplant-910539,species-22137,カラスザンショウ,ミカン科,カラスザンショウ,Zanthoxylum ailanthoides var. ailanthoides,public/assets/data-lite/ylist-lite.json
15049,hostplant-910540,species-22128,カラスザンショウ,ミカン科,カラスザンショウ,Zanthoxylum ailanthoides var. ailanthoides,public/assets/data-lite/ylist-lite.json
15050,hostplant-910541,species-22110,カラスザンショウ,ミカン科,カラスザンショウ,Zanthoxylum ailanthoides var. ailanthoides,public/assets/data-lite/ylist-lite.json
15051,hostplant-910542,species-22084,カラスザンショウ,ミカン科,カラスザンショウ,Zanthoxylum ailanthoides var. ailanthoides,public/assets/data-lite/ylist-lite.json
15052,hostplant-910543,species-22055,カラスザンショウ,ミカン科,カラスザンショウ,Zanthoxylum ailanthoides var. ailanthoides,public/assets/data-lite/ylist-lite.json
15053,hostplant-910544,species-21988,カラスザンショウ,ミカン科,カラスザンショウ,Zanthoxylum ailanthoides var. ailanthoides,public/assets/data-lite/ylist-lite.json
15054,hostplant-910545,species-22609,カラスザンショウ,ミカン科,カラスザンショウ,Zanthoxylum ailanthoides var. ailanthoides,public/assets/data-lite/ylist-lite.json
15055,hostplant-910546,species-22638,カラスザンショウ,ミカン科,カラスザンショウ,Zanthoxylum ailanthoides var. ailanthoides,public/assets/data-lite/ylist-lite.json
15056,hostplant-910547,species-22625,カラスザンショウ,ミカン科,カラスザンショウ,Zanthoxylum ailanthoides var. ailanthoides,public/assets/data-lite/ylist-lite.json
15057,hostplant-910548,species-22939,カラスザンショウ,ミカン科,カラスザンショウ,Zanthoxylum ailanthoides var. ailanthoides,public/assets/data-lite/ylist-lite.json
15058,hostplant-910549,species-22463,カラスザンショウ,ミカン科,カラスザンショウ,Zanthoxylum ailanthoides var. ailanthoides,public/assets/data-lite/ylist-lite.json
15059,hostplant-910550,species-22959,カラスザンショウ,ミカン科,カラスザンショウ,Zanthoxylum ailanthoides var. ailanthoides,public/assets/data-lite/ylist-lite.json
15060,hostplant-910551,species-22735,カラスザンショウ,ミカン科,カラスザンショウ,Zanthoxylum ailanthoides var. ailanthoides,public/assets/data-lite/ylist-lite.json
15061,hostplant-910552,species-22861,カラスザンショウ,ミカン科,カラスザンショウ,Zanthoxylum ailanthoides var. ailanthoides,public/assets/data-lite/ylist-lite.json
15062,hostplant-910553,species-22709,カラスザンショウ,ミカン科,カラスザンショウ,Zanthoxylum ailanthoides var. ailanthoides,public/assets/data-lite/ylist-lite.json
15063,hostplant-910554,species-22854,カラスザンショウ,ミカン科,カラスザンショウ,Zanthoxylum ailanthoides var. ailanthoides,public/assets/data-lite/ylist-lite.json
15064,hostplant-910555,species-22700,カラスザンショウ,ミカン科,カラスザンショウ,Zanthoxylum ailanthoides var. ailanthoides,public/assets/data-lite/ylist-lite.json
15065,hostplant-910556,species-22661,カラスザンショウ,ミカン科,カラスザンショウ,Zanthoxylum ailanthoides var. ailanthoides,public/assets/data-lite/ylist-lite.json
15066,hostplant-910557,species-22682,カラスザンショウ,ミカン科,カラスザンショウ,Zanthoxylum ailanthoides var. ailanthoides,public/assets/data-lite/ylist-lite.json
15067,hostplant-910558,species-22144,カラスザンショウ,ミカン科,カラスザンショウ,Zanthoxylum ailanthoides var. ailanthoides,public/assets/data-lite/ylist-lite.json
15068,hostplant-910559,species-22688,カラスザンショウ,ミカン科,カラスザンショウ,Zanthoxylum ailanthoides var. ailanthoides,public/assets/data-lite/ylist-lite.json
15069,hostplant-910560,species-22670,カラスザンショウ,ミカン科,カラスザンショウ,Zanthoxylum ailanthoides var. ailanthoides,public/assets/data-lite/ylist-lite.json
15070,hostplant-910561,species-22697,カラスザンショウ,ミカン科,カラスザンショウ,Zanthoxylum ailanthoides var. ailanthoides,public/assets/data-lite/ylist-lite.json
15071,hostplant-910562,species-23013,カラスザンショウ,ミカン科,カラスザンショウ,Zanthoxylum ailanthoides var. ailanthoides,public/assets/data-lite/ylist-lite.json
15072,hostplant-910563,species-21919,カラスザンショウ,ミカン科,カラスザンショウ,Zanthoxylum ailanthoides var. ailanthoides,public/assets/data-lite/ylist-lite.json
15073,hostplant-910564,species-22731,カラスザンショウ,ミカン科,カラスザンショウ,Zanthoxylum ailanthoides var. ailanthoides,public/assets/data-lite/ylist-lite.json
15074,hostplant-910565,species-22499,カラスザンショウ,ミカン科,カラスザンショウ,Zanthoxylum ailanthoides var. ailanthoides,public/assets/data-lite/ylist-lite.json
15075,hostplant-910566,species-22671,カラスザンショウ,ミカン科,カラスザンショウ,Zanthoxylum ailanthoides var. ailanthoides,public/assets/data-lite/ylist-lite.json
15076,hostplant-910567,species-22866,カラスザンショウ,ミカン科,カラスザンショウ,Zanthoxylum ailanthoides var. ailanthoides,public/assets/data-lite/ylist-lite.json
15077,hostplant-910568,species-23060,カラスザンショウ,ミカン科,カラスザンショウ,Zanthoxylum ailanthoides var. ailanthoides,public/assets/data-lite/ylist-lite.json
15078,hostplant-910569,species-22328,カラスザンショウ,ミカン科,カラスザンショウ,Zanthoxylum ailanthoides var. ailanthoides,public/assets/data-lite/ylist-lite.json
15079,hostplant-910570,species-22132,カラスザンショウ,ミカン科,カラスザンショウ,Zanthoxylum ailanthoides var. ailanthoides,public/assets/data-lite/ylist-lite.json
15080,hostplant-910571,species-22960,カラスザンショウ,ミカン科,カラスザンショウ,Zanthoxylum ailanthoides var. ailanthoides,public/assets/data-lite/ylist-lite.json
15081,hostplant-910572,species-22779,カラスザンショウ,ミカン科,カラスザンショウ,Zanthoxylum ailanthoides var. ailanthoides,public/assets/data-lite/ylist-lite.json
15082,hostplant-910573,species-23069,カラスザンショウ,ミカン科,カラスザンショウ,Zanthoxylum ailanthoides var. ailanthoides,public/assets/data-lite/ylist-lite.json
15083,hostplant-910574,species-22669,カラスザンショウ,ミカン科,カラスザンショウ,Zanthoxylum ailanthoides var. ailanthoides,public/assets/data-lite/ylist-lite.json
15084,hostplant-910575,species-22910,カラスザンショウ,ミカン科,カラスザンショウ,Zanthoxylum ailanthoides var. ailanthoides,public/assets/data-lite/ylist-lite.json
15085,hostplant-910576,species-22526,カラスザンショウ,ミカン科,カラスザンショウ,Zanthoxylum ailanthoides var. ailanthoides,public/assets/data-lite/ylist-lite.json
15086,hostplant-910577,species-22982,カラスザンショウ,ミカン科,カラスザンショウ,Zanthoxylum ailanthoides var. ailanthoides,public/assets/data-lite/ylist-lite.json
15087,hostplant-910578,species-21908,カラスザンショウ,ミカン科,カラスザンショウ,Zanthoxylum ailanthoides var. ailanthoides,public/assets/data-lite/ylist-lite.json
15088,hostplant-910579,species-21916,カラスザンショウ,ミカン科,カラスザンショウ,Zanthoxylum ailanthoides var. ailanthoides,public/assets/data-lite/ylist-lite.json
15089,hostplant-910580,species-22418,カラスザンショウ,ミカン科,カラスザンショウ,Zanthoxylum ailanthoides var. ailanthoides,public/assets/data-lite/ylist-lite.json
15090,hostplant-910581,species-22602,カラスザンショウ,ミカン科,カラスザンショウ,Zanthoxylum ailanthoides var. ailanthoides,public/assets/data-lite/ylist-lite.json
15091,hostplant-910582,species-22764,カラスザンショウ,ミカン科,カラスザンショウ,Zanthoxylum ailanthoides var. ailanthoides,public/assets/data-lite/ylist-lite.json
15092,hostplant-910583,species-22768,カラスザンショウ,ミカン科,カラスザンショウ,Zanthoxylum ailanthoides var. ailanthoides,public/assets/data-lite/ylist-lite.json
15093,hostplant-910584,species-22509,カラスザンショウ,ミカン科,カラスザンショウ,Zanthoxylum ailanthoides var. ailanthoides,public/assets/data-lite/ylist-lite.json
15094,hostplant-910585,species-21939,カラスザンショウ,ミカン科,カラスザンショウ,Zanthoxylum ailanthoides var. ailanthoides,public/assets/data-lite/ylist-lite.json
15095,hostplant-910586,species-22569,カラスザンショウ,ミカン科,カラスザンショウ,Zanthoxylum ailanthoides var. ailanthoides,public/assets/data-lite/ylist-lite.json
15096,hostplant-910587,species-22843,カラスザンショウ,ミカン科,カラスザンショウ,Zanthoxylum ailanthoides var. ailanthoides,public/assets/data-lite/ylist-lite.json
15097,hostplant-910588,species-22185,カラスザンショウ,ミカン科,カラスザンショウ,Zanthoxylum ailanthoides var. ailanthoides,public/assets/data-lite/ylist-lite.json
15098,hostplant-910589,species-22440,カラスザンショウ,ミカン科,カラスザンショウ,Zanthoxylum ailanthoides var. ailanthoides,public/assets/data-lite/ylist-lite.json
15099,hostplant-910590,species-22441,カラスザンショウ,ミカン科,カラスザンショウ,Zanthoxylum ailanthoides var. ailanthoides,public/assets/data-lite/ylist-lite.json
15100,hostplant-910591,species-22181,カラスザンショウ,ミカン科,カラスザンショウ,Zanthoxylum ailanthoides var. ailanthoides,public/assets/data-lite/ylist-lite.json
15101,hostplant-910592,species-22177,カラスザンショウ,ミカン科,カラスザンショウ,Zanthoxylum ailanthoides var. ailanthoides,public/assets/data-lite/ylist-lite.json
15102,hostplant-910593,species-21976,カラスザンショウ,ミカン科,カラスザンショウ,Zanthoxylum ailanthoides var. ailanthoides,public/assets/data-lite/ylist-lite.json
15103,hostplant-910594,species-22015,カラスザンショウ,ミカン科,カラスザンショウ,Zanthoxylum ailanthoides var. ailanthoides,public/assets/data-lite/ylist-lite.json
15104,hostplant-910595,species-22641,カラスザンショウ,ミカン科,カラスザンショウ,Zanthoxylum ailanthoides var. ailanthoides,public/assets/data-lite/ylist-lite.json
15105,hostplant-910596,species-22972,カラスザンショウ,ミカン科,カラスザンショウ,Zanthoxylum ailanthoides var. ailanthoides,public/assets/data-lite/ylist-lite.json
15106,hostplant-910597,species-22970,カラスザンショウ,ミカン科,カラスザンショウ,Zanthoxylum ailanthoides var. ailanthoides,public/assets/data-lite/ylist-lite.json
15107,hostplant-910598,species-22963,カラスザンショウ,ミカン科,カラスザンショウ,Zanthoxylum ailanthoides var. ailanthoides,public/assets/data-lite/ylist-lite.json
15108,hostplant-910599,species-22965,カラスザンショウ,ミカン科,カラスザンショウ,Zanthoxylum ailanthoides var. ailanthoides,public/assets/data-lite/ylist-lite.json
15109,hostplant-910600,species-22786,カラスザンショウ,ミカン科,カラスザンショウ,Zanthoxylum ailanthoides var. ailanthoides,public/assets/data-lite/ylist-lite.json
15110,hostplant-910601,species-22856,カラスザンショウ,ミカン科,カラスザンショウ,Zanthoxylum ailanthoides var. ailanthoides,public/assets/data-lite/ylist-lite.json
15111,hostplant-910602,species-22699,カラスザンショウ,ミカン科,カラスザンショウ,Zanthoxylum ailanthoides var. ailanthoides,public/assets/data-lite/ylist-lite.json
15112,hostplant-910603,species-22988,カラスザンショウ,ミカン科,カラスザンショウ,Zanthoxylum ailanthoides var. ailanthoides,public/assets/data-lite/ylist-lite.json
15113,hostplant-910604,species-22993,カラスザンショウ,ミカン科,カラスザンショウ,Zanthoxylum ailanthoides var. ailanthoides,public/assets/data-lite/ylist-lite.json
15114,hostplant-910605,species-23007,カラスザンショウ,ミカン科,カラスザンショウ,Zanthoxylum ailanthoides var. ailanthoides,public/assets/data-lite/ylist-lite.json
15115,hostplant-910606,species-22977,カラスザンショウ,ミカン科,カラスザンショウ,Zanthoxylum ailanthoides var. ailanthoides,public/assets/data-lite/ylist-lite.json
15116,hostplant-910607,species-21930,カラスザンショウ,ミカン科,カラスザンショウ,Zanthoxylum ailanthoides var. ailanthoides,public/assets/data-lite/ylist-lite.json
15117,hostplant-910608,species-22064,カラスザンショウ,ミカン科,カラスザンショウ,Zanthoxylum ailanthoides var. ailanthoides,public/assets/data-lite/ylist-lite.json
15118,hostplant-910609,species-22603,カラスザンショウ,ミカン科,カラスザンショウ,Zanthoxylum ailanthoides var. ailanthoides,public/assets/data-lite/ylist-lite.json
15119,hostplant-910610,species-22590,カラスザンショウ,ミカン科,カラスザンショウ,Zanthoxylum ailanthoides var. ailanthoides,public/assets/data-lite/ylist-lite.json
15120,hostplant-910611,species-22781,カラスザンショウ,ミカン科,カラスザンショウ,Zanthoxylum ailanthoides var. ailanthoides,public/assets/data-lite/ylist-lite.json
15121,hostplant-910612,species-22860,カラスザンショウ,ミカン科,カラスザンショウ,Zanthoxylum ailanthoides var. ailanthoides,public/assets/data-lite/ylist-lite.json
15122,hostplant-910613,species-22524,カラスザンショウ,ミカン科,カラスザンショウ,Zanthoxylum ailanthoides var. ailanthoides,public/assets/data-lite/ylist-lite.json
15123,hostplant-910614,species-22998,カラスザンショウ,ミカン科,カラスザンショウ,Zanthoxylum ailanthoides var. ailanthoides,public/assets/data-lite/ylist-lite.json
15124,hostplant-910615,species-22743,カラスザンショウ,ミカン科,カラスザンショウ,Zanthoxylum ailanthoides var. ailanthoides,public/assets/data-lite/ylist-lite.json
15125,hostplant-910616,species-23002,カラスザンショウ,ミカン科,カラスザンショウ,Zanthoxylum ailanthoides var. ailanthoides,public/assets/data-lite/ylist-lite.json
15126,hostplant-910617,species-22065,カラスザンショウ,ミカン科,カラスザンショウ,Zanthoxylum ailanthoides var. ailanthoides,public/assets/data-lite/ylist-lite.json
15127,hostplant-910618,species-21877,カラスザンショウ,ミカン科,カラスザンショウ,Zanthoxylum ailanthoides var. ailanthoides,public/assets/data-lite/ylist-lite.json
15128,hostplant-910619,species-22947,カラスザンショウ,ミカン科,カラスザンショウ,Zanthoxylum ailanthoides var. ailanthoides,public/assets/data-lite/ylist-lite.json
15129,hostplant-910620,species-22915,カラスザンショウ,ミカン科,カラスザンショウ,Zanthoxylum ailanthoides var. ailanthoides,public/assets/data-lite/ylist-lite.json
15130,hostplant-910621,species-22176,カラスザンショウ,ミカン科,カラスザンショウ,Zanthoxylum ailanthoides var. ailanthoides,public/assets/data-lite/ylist-lite.json
15131,hostplant-910622,species-22871,カラスザンショウ,ミカン科,カラスザンショウ,Zanthoxylum ailanthoides var. ailanthoides,public/assets/data-lite/ylist-lite.json
15132,hostplant-910623,species-22642,カラスザンショウ,ミカン科,カラスザンショウ,Zanthoxylum ailanthoides var. ailanthoides,public/assets/data-lite/ylist-lite.json
15133,hostplant-910624,species-22755,カラスザンショウ,ミカン科,カラスザンショウ,Zanthoxylum ailanthoides var. ailanthoides,public/assets/data-lite/ylist-lite.json
15134,hostplant-910625,species-23014,キリ,キリ科,キリ,Paulownia tomentosa,public/assets/data-lite/ylist-lite.json
15135,hostplant-910626,species-22832,キリ,キリ科,キリ,Paulownia tomentosa,public/assets/data-lite/ylist-lite.json
15136,hostplant-910627,species-22065,キリ,キリ科,キリ,Paulownia tomentosa,public/assets/data-lite/ylist-lite.json
15137,hostplant-910628,species-22871,キリ,キリ科,キリ,Paulownia tomentosa,public/assets/data-lite/ylist-lite.json
15138,hostplant-910629,species-22553,キリ,キリ科,キリ,Paulownia tomentosa,public/assets/data-lite/ylist-lite.json
15139,hostplant-910630,species-22965,キリ,キリ科,キリ,Paulownia tomentosa,public/assets/data-lite/ylist-lite.json
15140,hostplant-910631,species-23013,キリ,キリ科,キリ,Paulownia tomentosa,public/assets/data-lite/ylist-lite.json
15141,hostplant-910632,species-22625,キリ,キリ科,キリ,Paulownia tomentosa,public/assets/data-lite/ylist-lite.json
15142,hostplant-910633,species-22700,キリ,キリ科,キリ,Paulownia tomentosa,public/assets/data-lite/ylist-lite.json
15143,hostplant-910634,species-22693,キリ,キリ科,キリ,Paulownia tomentosa,public/assets/data-lite/ylist-lite.json
15144,hostplant-910635,species-22526,キリ,キリ科,キリ,Paulownia tomentosa,public/assets/data-lite/ylist-lite.json
15145,hostplant-910636,species-22977,キリ,キリ科,キリ,Paulownia tomentosa,public/assets/data-lite/ylist-lite.json
15146,hostplant-910637,species-22764,キリ,キリ科,キリ,Paulownia tomentosa,public/assets/data-lite/ylist-lite.json
15147,hostplant-910638,species-22176,キリ,キリ科,キリ,Paulownia tomentosa,public/assets/data-lite/ylist-lite.json
15148,hostplant-910639,species-22045,キリ,キリ科,キリ,Paulownia tomentosa,public/assets/data-lite/ylist-lite.json
15149,hostplant-910640,species-21976,キリ,キリ科,キリ,Paulownia tomentosa,public/assets/data-lite/ylist-lite.json
15150,hostplant-910641,species-21988,キリ,キリ科,キリ,Paulownia tomentosa,public/assets/data-lite/ylist-lite.json
15151,hostplant-910642,species-22515,キリ,キリ科,キリ,Paulownia tomentosa,public/assets/data-lite/ylist-lite.json
15152,hostplant-910643,species-21974,キリ,キリ科,キリ,Paulownia tomentosa,public/assets/data-lite/ylist-lite.json
15153,hostplant-910644,species-21973,キリ,キリ科,キリ,Paulownia tomentosa,public/assets/data-lite/ylist-lite.json
15154,hostplant-910645,species-22459,キリ,キリ科,キリ,Paulownia tomentosa,public/assets/data-lite/ylist-lite.json
15155,hostplant-910646,species-22173,キリ,キリ科,キリ,Paulownia tomentosa,public/assets/data-lite/ylist-lite.json
15156,hostplant-910647,species-21984,キリ,キリ科,キリ,Paulownia tomentosa,public/assets/data-lite/ylist-lite.json
15157,hostplant-910648,species-22236,キリ,キリ科,キリ,Paulownia tomentosa,public/assets/data-lite/ylist-lite.json
15158,hostplant-910649,4-1,キリ,キリ科,キリ,Paulownia tomentosa,public/assets/data-lite/ylist-lite.json
15159,hostplant-910650,species-22354,キリ,キリ科,キリ,Paulownia tomentosa,public/assets/data-lite/ylist-lite.json
15160,hostplant-910651,species-22274,キリ,キリ科,キリ,Paulownia tomentosa,public/assets/data-lite/ylist-lite.json
15161,hostplant-910652,species-22251,キリ,キリ科,キリ,Paulownia tomentosa,public/assets/data-lite/ylist-lite.json
15162,hostplant-910653,species-22216,キリ,キリ科,キリ,Paulownia tomentosa,public/assets/data-lite/ylist-lite.json
15163,hostplant-910654,species-22219,キリ,キリ科,キリ,Paulownia tomentosa,public/assets/data-lite/ylist-lite.json
15164,hostplant-910655,species-22324,キリ,キリ科,キリ,Paulownia tomentosa,public/assets/data-lite/ylist-lite.json
15165,hostplant-910656,species-22328,キリ,キリ科,キリ,Paulownia tomentosa,public/assets/data-lite/ylist-lite.json
15166,hostplant-910657,species-21908,キリ,キリ科,キリ,Paulownia tomentosa,public/assets/data-lite/ylist-lite.json
15167,hostplant-910658,species-22155,キリ,キリ科,キリ,Paulownia tomentosa,public/assets/data-lite/ylist-lite.json
15168,hostplant-910659,species-21880,キリ,キリ科,キリ,Paulownia tomentosa,public/assets/data-lite/ylist-lite.json
15169,hostplant-910660,species-21883,キリ,キリ科,キリ,Paulownia tomentosa,public/assets/data-lite/ylist-lite.json
15170,hostplant-910661,species-22030,キリ,キリ科,キリ,Paulownia tomentosa,public/assets/data-lite/ylist-lite.json
15171,hostplant-910662,species-21868,キリ,キリ科,キリ,Paulownia tomentosa,public/assets/data-lite/ylist-lite.json
15172,hostplant-910663,species-22641,キリ,キリ科,キリ,Paulownia tomentosa,public/assets/data-lite/ylist-lite.json
15173,hostplant-910664,species-22642,キリ,キリ科,キリ,Paulownia tomentosa,public/assets/data-lite/ylist-lite.json
15174,hostplant-910665,species-22908,キリ,キリ科,キリ,Paulownia tomentosa,public/assets/data-lite/ylist-lite.json
15175,hostplant-910666,species-22775,キリ,キリ科,キリ,Paulownia tomentosa,public/assets/data-lite/ylist-lite.json
15176,hostplant-910667,species-22988,キリ,キリ科,キリ,Paulownia tomentosa,public/assets/data-lite/ylist-lite.json
15177,hostplant-910668,species-22985,キリ,キリ科,キリ,Paulownia tomentosa,public/assets/data-lite/ylist-lite.json
15178,hostplant-910669,species-23007,キリ,キリ科,キリ,Paulownia tomentosa,public/assets/data-lite/ylist-lite.json
15179,hostplant-910670,species-22766,キリ,キリ科,キリ,Paulownia tomentosa,public/assets/data-lite/ylist-lite.json
15180,hostplant-910671,species-22648,キリ,キリ科,キリ,Paulownia tomentosa,public/assets/data-lite/ylist-lite.json
15181,hostplant-910672,species-22947,キリ,キリ科,キリ,Paulownia tomentosa,public/assets/data-lite/ylist-lite.json
15182,hostplant-910673,species-22270,キリ,キリ科,キリ,Paulownia tomentosa,public/assets/data-lite/ylist-lite.json
15183,hostplant-910674,species-22890,キリ,キリ科,キリ,Paulownia tomentosa,public/assets/data-lite/ylist-lite.json
15184,hostplant-910675,species-22962,キリ,キリ科,キリ,Paulownia tomentosa,public/assets/data-lite/ylist-lite.json
15185,hostplant-910676,species-22529,キリ,キリ科,キリ,Paulownia tomentosa,public/assets/data-lite/ylist-lite.json
15186,hostplant-910677,species-21973,ヤマモミジ,ムクロジ科,ヤマモミジ,Acer amoenum var. matsumurae,public/assets/data-lite/ylist-lite.json
15187,hostplant-910678,species-22176,ヤマモミジ,ムクロジ科,ヤマモミジ,Acer amoenum var. matsumurae,public/assets/data-lite/ylist-lite.json
15188,hostplant-910679,species-21891,ヤマモミジ,ムクロジ科,ヤマモミジ,Acer amoenum var. matsumurae,public/assets/data-lite/ylist-lite.json
15189,hostplant-910680,species-22030,ヤマモミジ,ムクロジ科,ヤマモミジ,Acer amoenum var. matsumurae,public/assets/data-lite/ylist-lite.json
15190,hostplant-910681,species-22053,ヤマモミジ,ムクロジ科,ヤマモミジ,Acer amoenum var. matsumurae,public/assets/data-lite/ylist-lite.json
15191,hostplant-910682,species-22008,ヤマモミジ,ムクロジ科,ヤマモミジ,Acer amoenum var. matsumurae,public/assets/data-lite/ylist-lite.json
15192,hostplant-910683,species-22016,ヤマモミジ,ムクロジ科,ヤマモミジ,Acer amoenum var. matsumurae,public/assets/data-lite/ylist-lite.json
15193,hostplant-910684,species-22576,ヤマモミジ,ムクロジ科,ヤマモミジ,Acer amoenum var. matsumurae,public/assets/data-lite/ylist-lite.json
15194,hostplant-910685,species-22577,ヤマモミジ,ムクロジ科,ヤマモミジ,Acer amoenum var. matsumurae,public/assets/data-lite/ylist-lite.json
15195,hostplant-910686,species-22646,ヤマモミジ,ムクロジ科,ヤマモミジ,Acer amoenum var. matsumurae,public/assets/data-lite/ylist-lite.json
15196,hostplant-910687,species-22775,ヤマモミジ,ムクロジ科,ヤマモミジ,Acer amoenum var. matsumurae,public/assets/data-lite/ylist-lite.json
15197,hostplant-910688,species-22558,ヤマモミジ,ムクロジ科,ヤマモミジ,Acer amoenum var. matsumurae,public/assets/data-lite/ylist-lite.json
15198,hostplant-910689,species-22710,ヤマモミジ,ムクロジ科,ヤマモミジ,Acer amoenum var. matsumurae,public/assets/data-lite/ylist-lite.json
15199,hostplant-910690,species-22459,ヤマモミジ,ムクロジ科,ヤマモミジ,Acer amoenum var. matsumurae,public/assets/data-lite/ylist-lite.json
15200,hostplant-910691,species-22173,ヤマモミジ,ムクロジ科,ヤマモミジ,Acer amoenum var. matsumurae,public/assets/data-lite/ylist-lite.json
15201,hostplant-910692,species-22155,ヤマモミジ,ムクロジ科,ヤマモミジ,Acer amoenum var. matsumurae,public/assets/data-lite/ylist-lite.json
15202,hostplant-910693,species-22046,ヤマモミジ,ムクロジ科,ヤマモミジ,Acer amoenum var. matsumurae,public/assets/data-lite/ylist-lite.json
15203,hostplant-910694,species-22498,ヤマモミジ,ムクロジ科,ヤマモミジ,Acer amoenum var. matsumurae,public/assets/data-lite/ylist-lite.json
15204,hostplant-910695,species-22647,ヤマモミジ,ムクロジ科,ヤマモミジ,Acer amoenum var. matsumurae,public/assets/data-lite/ylist-lite.json
15205,hostplant-910696,species-22507,ヤマモミジ,ムクロジ科,ヤマモミジ,Acer amoenum var. matsumurae,public/assets/data-lite/ylist-lite.json
15206,hostplant-910697,species-22185,ヤマモミジ,ムクロジ科,ヤマモミジ,Acer amoenum var. matsumurae,public/assets/data-lite/ylist-lite.json
15207,hostplant-910698,species-22354,ヤマモミジ,ムクロジ科,ヤマモミジ,Acer amoenum var. matsumurae,public/assets/data-lite/ylist-lite.json
15208,hostplant-910699,species-22195,ヤマモミジ,ムクロジ科,ヤマモミジ,Acer amoenum var. matsumurae,public/assets/data-lite/ylist-lite.json
15209,hostplant-910700,species-22216,ヤマモミジ,ムクロジ科,ヤマモミジ,Acer amoenum var. matsumurae,public/assets/data-lite/ylist-lite.json
15210,hostplant-910701,species-22272,ヤマモミジ,ムクロジ科,ヤマモミジ,Acer amoenum var. matsumurae,public/assets/data-lite/ylist-lite.json
15211,hostplant-910702,species-22283,ヤマモミジ,ムクロジ科,ヤマモミジ,Acer amoenum var. matsumurae,public/assets/data-lite/ylist-lite.json
15212,hostplant-910703,species-22324,ヤマモミジ,ムクロジ科,ヤマモミジ,Acer amoenum var. matsumurae,public/assets/data-lite/ylist-lite.json
15213,hostplant-910704,species-22179,ヤマモミジ,ムクロジ科,ヤマモミジ,Acer amoenum var. matsumurae,public/assets/data-lite/ylist-lite.json
15214,hostplant-910705,species-21876,ヤマモミジ,ムクロジ科,ヤマモミジ,Acer amoenum var. matsumurae,public/assets/data-lite/ylist-lite.json
15215,hostplant-910706,species-21880,ヤマモミジ,ムクロジ科,ヤマモミジ,Acer amoenum var. matsumurae,public/assets/data-lite/ylist-lite.json
15216,hostplant-910707,species-21898,ヤマモミジ,ムクロジ科,ヤマモミジ,Acer amoenum var. matsumurae,public/assets/data-lite/ylist-lite.json
15217,hostplant-910708,species-22015,ヤマモミジ,ムクロジ科,ヤマモミジ,Acer amoenum var. matsumurae,public/assets/data-lite/ylist-lite.json
15218,hostplant-910709,species-22045,ヤマモミジ,ムクロジ科,ヤマモミジ,Acer amoenum var. matsumurae,public/assets/data-lite/ylist-lite.json
15219,hostplant-910710,species-21976,ヤマモミジ,ムクロジ科,ヤマモミジ,Acer amoenum var. matsumurae,public/assets/data-lite/ylist-lite.json
15220,hostplant-910711,species-21988,ヤマモミジ,ムクロジ科,ヤマモミジ,Acer amoenum var. matsumurae,public/assets/data-lite/ylist-lite.json
15221,hostplant-910712,species-21990,ヤマモミジ,ムクロジ科,ヤマモミジ,Acer amoenum var. matsumurae,public/assets/data-lite/ylist-lite.json
15222,hostplant-910713,species-21868,ヤマモミジ,ムクロジ科,ヤマモミジ,Acer amoenum var. matsumurae,public/assets/data-lite/ylist-lite.json
15223,hostplant-910714,species-22871,ヤマモミジ,ムクロジ科,ヤマモミジ,Acer amoenum var. matsumurae,public/assets/data-lite/ylist-lite.json
15224,hostplant-910715,species-22890,ヤマモミジ,ムクロジ科,ヤマモミジ,Acer amoenum var. matsumurae,public/assets/data-lite/ylist-lite.json
15225,hostplant-910716,species-22642,ヤマモミジ,ムクロジ科,ヤマモミジ,Acer amoenum var. matsumurae,public/assets/data-lite/ylist-lite.json
15226,hostplant-910717,species-22798,ヤマモミジ,ムクロジ科,ヤマモミジ,Acer amoenum var. matsumurae,public/assets/data-lite/ylist-lite.json
15227,hostplant-910718,species-22856,ヤマモミジ,ムクロジ科,ヤマモミジ,Acer amoenum var. matsumurae,public/assets/data-lite/ylist-lite.json
15228,hostplant-910719,species-22777,ヤマモミジ,ムクロジ科,ヤマモミジ,Acer amoenum var. matsumurae,public/assets/data-lite/ylist-lite.json
15229,hostplant-910720,species-22786,ヤマモミジ,ムクロジ科,ヤマモミジ,Acer amoenum var. matsumurae,public/assets/data-lite/ylist-lite.json
15230,hostplant-910721,species-22861,ヤマモミジ,ムクロジ科,ヤマモミジ,Acer amoenum var. matsumurae,public/assets/data-lite/ylist-lite.json
15231,hostplant-910722,species-22866,ヤマモミジ,ムクロジ科,ヤマモミジ,Acer amoenum var. matsumurae,public/assets/data-lite/ylist-lite.json
15232,hostplant-910723,species-22843,ヤマモミジ,ムクロジ科,ヤマモミジ,Acer amoenum var. matsumurae,public/assets/data-lite/ylist-lite.json
15233,hostplant-910724,species-22661,ヤマモミジ,ムクロジ科,ヤマモミジ,Acer amoenum var. matsumurae,public/assets/data-lite/ylist-lite.json
15234,hostplant-910725,species-22529,ヤマモミジ,ムクロジ科,ヤマモミジ,Acer amoenum var. matsumurae,public/assets/data-lite/ylist-lite.json
15235,hostplant-910726,species-22515,ヤマモミジ,ムクロジ科,ヤマモミジ,Acer amoenum var. matsumurae,public/assets/data-lite/ylist-lite.json
15236,hostplant-910727,species-23007,ヤマモミジ,ムクロジ科,ヤマモミジ,Acer amoenum var. matsumurae,public/assets/data-lite/ylist-lite.json
15237,hostplant-910728,species-22471,ヤマモミジ,ムクロジ科,ヤマモミジ,Acer amoenum var. matsumurae,public/assets/data-lite/ylist-lite.json
15238,hostplant-910729,1-1,ヤマモミジ,ムクロジ科,ヤマモミジ,Acer amoenum var. matsumurae,public/assets/data-lite/ylist-lite.json
15239,hostplant-910730,species-22274,ヤマモミジ,ムクロジ科,ヤマモミジ,Acer amoenum var. matsumurae,public/assets/data-lite/ylist-lite.json
15240,hostplant-910731,species-22276,ヤマモミジ,ムクロジ科,ヤマモミジ,Acer amoenum var. matsumurae,public/assets/data-lite/ylist-lite.json
15241,hostplant-910732,species-22278,ヤマモミジ,ムクロジ科,ヤマモミジ,Acer amoenum var. matsumurae,public/assets/data-lite/ylist-lite.json
15242,hostplant-910733,species-22251,ヤマモミジ,ムクロジ科,ヤマモミジ,Acer amoenum var. matsumurae,public/assets/data-lite/ylist-lite.json
15243,hostplant-910734,species-21983,ヤマモミジ,ムクロジ科,ヤマモミジ,Acer amoenum var. matsumurae,public/assets/data-lite/ylist-lite.json
15244,hostplant-910735,species-22969,ヤマモミジ,ムクロジ科,ヤマモミジ,Acer amoenum var. matsumurae,public/assets/data-lite/ylist-lite.json
15245,hostplant-910736,species-22972,ヤマモミジ,ムクロジ科,ヤマモミジ,Acer amoenum var. matsumurae,public/assets/data-lite/ylist-lite.json
15246,hostplant-910737,species-22970,ヤマモミジ,ムクロジ科,ヤマモミジ,Acer amoenum var. matsumurae,public/assets/data-lite/ylist-lite.json
15247,hostplant-910738,species-22947,ヤマモミジ,ムクロジ科,ヤマモミジ,Acer amoenum var. matsumurae,public/assets/data-lite/ylist-lite.json
15248,hostplant-910739,species-22801,ヤマモミジ,ムクロジ科,ヤマモミジ,Acer amoenum var. matsumurae,public/assets/data-lite/ylist-lite.json
15249,hostplant-910740,species-22803,ヤマモミジ,ムクロジ科,ヤマモミジ,Acer amoenum var. matsumurae,public/assets/data-lite/ylist-lite.json
15250,hostplant-910741,species-22796,ヤマモミジ,ムクロジ科,ヤマモミジ,Acer amoenum var. matsumurae,public/assets/data-lite/ylist-lite.json
15251,hostplant-910742,species-22682,ヤマモミジ,ムクロジ科,ヤマモミジ,Acer amoenum var. matsumurae,public/assets/data-lite/ylist-lite.json
15252,hostplant-910743,species-22915,ヤマモミジ,ムクロジ科,ヤマモミジ,Acer amoenum var. matsumurae,public/assets/data-lite/ylist-lite.json
15253,hostplant-910744,species-22988,ヤマモミジ,ムクロジ科,ヤマモミジ,Acer amoenum var. matsumurae,public/assets/data-lite/ylist-lite.json
15254,hostplant-910745,species-23013,ヤマモミジ,ムクロジ科,ヤマモミジ,Acer amoenum var. matsumurae,public/assets/data-lite/ylist-lite.json
15255,hostplant-910746,species-22132,ヤマモミジ,ムクロジ科,ヤマモミジ,Acer amoenum var. matsumurae,public/assets/data-lite/ylist-lite.json
15256,hostplant-910747,species-22941,ヤマモミジ,ムクロジ科,ヤマモミジ,Acer amoenum var. matsumurae,public/assets/data-lite/ylist-lite.json
15257,hostplant-910748,species-22699,ヤマモミジ,ムクロジ科,ヤマモミジ,Acer amoenum var. matsumurae,public/assets/data-lite/ylist-lite.json
15258,hostplant-910749,species-22696,ヤマモミジ,ムクロジ科,ヤマモミジ,Acer amoenum var. matsumurae,public/assets/data-lite/ylist-lite.json
15259,hostplant-910750,species-21967,ヤマモミジ,ムクロジ科,ヤマモミジ,Acer amoenum var. matsumurae,public/assets/data-lite/ylist-lite.json
15260,hostplant-910751,species-22088,ヤマモミジ,ムクロジ科,ヤマモミジ,Acer amoenum var. matsumurae,public/assets/data-lite/ylist-lite.json
15261,hostplant-910752,species-22040,ヤマモミジ,ムクロジ科,ヤマモミジ,Acer amoenum var. matsumurae,public/assets/data-lite/ylist-lite.json
15262,hostplant-910753,species-22938,ヤマモミジ,ムクロジ科,ヤマモミジ,Acer amoenum var. matsumurae,public/assets/data-lite/ylist-lite.json
15263,hostplant-910754,species-22959,ヤマモミジ,ムクロジ科,ヤマモミジ,Acer amoenum var. matsumurae,public/assets/data-lite/ylist-lite.json
15264,hostplant-910755,species-22792,ヤマモミジ,ムクロジ科,ヤマモミジ,Acer amoenum var. matsumurae,public/assets/data-lite/ylist-lite.json
15265,hostplant-910756,species-22780,ヤマモミジ,ムクロジ科,ヤマモミジ,Acer amoenum var. matsumurae,public/assets/data-lite/ylist-lite.json
15266,hostplant-910757,species-22733,ヤマモミジ,ムクロジ科,ヤマモミジ,Acer amoenum var. matsumurae,public/assets/data-lite/ylist-lite.json
15267,hostplant-910758,species-22776,ヤマモミジ,ムクロジ科,ヤマモミジ,Acer amoenum var. matsumurae,public/assets/data-lite/ylist-lite.json
15268,hostplant-910759,species-22794,ヤマモミジ,ムクロジ科,ヤマモミジ,Acer amoenum var. matsumurae,public/assets/data-lite/ylist-lite.json
15269,hostplant-910760,species-23055,ヤマモミジ,ムクロジ科,ヤマモミジ,Acer amoenum var. matsumurae,public/assets/data-lite/ylist-lite.json
15270,hostplant-910761,species-23054,ヤマモミジ,ムクロジ科,ヤマモミジ,Acer amoenum var. matsumurae,public/assets/data-lite/ylist-lite.json
15271,hostplant-910762,species-22064,ヤマモミジ,ムクロジ科,ヤマモミジ,Acer amoenum var. matsumurae,public/assets/data-lite/ylist-lite.json
15272,hostplant-910763,species-22755,ヤマモミジ,ムクロジ科,ヤマモミジ,Acer amoenum var. matsumurae,public/assets/data-lite/ylist-lite.json
15273,hostplant-910764,species-22123,ヤマモミジ,ムクロジ科,ヤマモミジ,Acer amoenum var. matsumurae,public/assets/data-lite/ylist-lite.json
15274,hostplant-910765,species-22128,ヤマモミジ,ムクロジ科,ヤマモミジ,Acer amoenum var. matsumurae,public/assets/data-lite/ylist-lite.json
15275,hostplant-910766,2,ヤマモミジ,ムクロジ科,ヤマモミジ,Acer amoenum var. matsumurae,public/assets/data-lite/ylist-lite.json
15276,hostplant-910822,species-22064,ショウベンノキ,ミツバウツギ科,ショウベンノキ,Turpinia ternata,public/assets/data-lite/ylist-lite.json
15277,hostplant-910823,species-21973,ショウベンノキ,ミツバウツギ科,ショウベンノキ,Turpinia ternata,public/assets/data-lite/ylist-lite.json
15278,hostplant-910824,species-23024,ショウベンノキ,ミツバウツギ科,ショウベンノキ,Turpinia ternata,public/assets/data-lite/ylist-lite.json
15279,hostplant-910825,species-22274,ショウベンノキ,ミツバウツギ科,ショウベンノキ,Turpinia ternata,public/assets/data-lite/ylist-lite.json
15280,hostplant-910826,species-22155,ショウベンノキ,ミツバウツギ科,ショウベンノキ,Turpinia ternata,public/assets/data-lite/ylist-lite.json
15281,hostplant-910827,species-22030,ショウベンノキ,ミツバウツギ科,ショウベンノキ,Turpinia ternata,public/assets/data-lite/ylist-lite.json
15282,hostplant-910828,species-22045,ショウベンノキ,ミツバウツギ科,ショウベンノキ,Turpinia ternata,public/assets/data-lite/ylist-lite.json
15283,hostplant-910829,species-22963,ショウベンノキ,ミツバウツギ科,ショウベンノキ,Turpinia ternata,public/assets/data-lite/ylist-lite.json
15284,hostplant-910830,species-22786,ショウベンノキ,ミツバウツギ科,ショウベンノキ,Turpinia ternata,public/assets/data-lite/ylist-lite.json
15285,hostplant-910831,species-22988,ショウベンノキ,ミツバウツギ科,ショウベンノキ,Turpinia ternata,public/assets/data-lite/ylist-lite.json
15286,hostplant-910832,species-21891,ショウベンノキ,ミツバウツギ科,ショウベンノキ,Turpinia ternata,public/assets/data-lite/ylist-lite.json
15287,hostplant-910833,species-22176,ショウベンノキ,ミツバウツギ科,ショウベンノキ,Turpinia ternata,public/assets/data-lite/ylist-lite.json
15288,hostplant-910834,species-22177,ショウベンノキ,ミツバウツギ科,ショウベンノキ,Turpinia ternata,public/assets/data-lite/ylist-lite.json
15289,hostplant-910835,species-21910,ショウベンノキ,ミツバウツギ科,ショウベンノキ,Turpinia ternata,public/assets/data-lite/ylist-lite.json
15290,hostplant-910836,species-22083,ショウベンノキ,ミツバウツギ科,ショウベンノキ,Turpinia ternata,public/assets/data-lite/ylist-lite.json
15291,hostplant-910837,species-22827,ショウベンノキ,ミツバウツギ科,ショウベンノキ,Turpinia ternata,public/assets/data-lite/ylist-lite.json
15292,hostplant-910838,species-22633,ショウベンノキ,ミツバウツギ科,ショウベンノキ,Turpinia ternata,public/assets/data-lite/ylist-lite.json
15293,hostplant-910839,species-22600,ショウベンノキ,ミツバウツギ科,ショウベンノキ,Turpinia ternata,public/assets/data-lite/ylist-lite.json
15294,hostplant-910840,species-23032,ショウベンノキ,ミツバウツギ科,ショウベンノキ,Turpinia ternata,public/assets/data-lite/ylist-lite.json
15295,hostplant-910841,species-22553,ショウベンノキ,ミツバウツギ科,ショウベンノキ,Turpinia ternata,public/assets/data-lite/ylist-lite.json
15296,hostplant-910842,species-22540,ショウベンノキ,ミツバウツギ科,ショウベンノキ,Turpinia ternata,public/assets/data-lite/ylist-lite.json
15297,hostplant-910843,species-22726,ショウベンノキ,ミツバウツギ科,ショウベンノキ,Turpinia ternata,public/assets/data-lite/ylist-lite.json
15298,hostplant-910844,species-22950,ショウベンノキ,ミツバウツギ科,ショウベンノキ,Turpinia ternata,public/assets/data-lite/ylist-lite.json
15299,hostplant-910845,species-22951,ショウベンノキ,ミツバウツギ科,ショウベンノキ,Turpinia ternata,public/assets/data-lite/ylist-lite.json
15300,hostplant-910846,species-22129,ショウベンノキ,ミツバウツギ科,ショウベンノキ,Turpinia ternata,public/assets/data-lite/ylist-lite.json
15301,hostplant-910847,species-21888,ショウベンノキ,ミツバウツギ科,ショウベンノキ,Turpinia ternata,public/assets/data-lite/ylist-lite.json
15302,hostplant-910848,species-21894,ショウベンノキ,ミツバウツギ科,ショウベンノキ,Turpinia ternata,public/assets/data-lite/ylist-lite.json
15303,hostplant-910849,species-21892,ショウベンノキ,ミツバウツギ科,ショウベンノキ,Turpinia ternata,public/assets/data-lite/ylist-lite.json
15304,hostplant-910850,species-22029,ショウベンノキ,ミツバウツギ科,ショウベンノキ,Turpinia ternata,public/assets/data-lite/ylist-lite.json
15305,hostplant-910851,species-21948,ショウベンノキ,ミツバウツギ科,ショウベンノキ,Turpinia ternata,public/assets/data-lite/ylist-lite.json
15306,hostplant-910852,species-22026,ショウベンノキ,ミツバウツギ科,ショウベンノキ,Turpinia ternata,public/assets/data-lite/ylist-lite.json
15307,hostplant-910853,species-21966,ショウベンノキ,ミツバウツギ科,ショウベンノキ,Turpinia ternata,public/assets/data-lite/ylist-lite.json
15308,hostplant-910854,species-21986,ショウベンノキ,ミツバウツギ科,ショウベンノキ,Turpinia ternata,public/assets/data-lite/ylist-lite.json
15309,hostplant-910855,species-23038,ショウベンノキ,ミツバウツギ科,ショウベンノキ,Turpinia ternata,public/assets/data-lite/ylist-lite.json
15310,hostplant-910856,species-22893,ショウベンノキ,ミツバウツギ科,ショウベンノキ,Turpinia ternata,public/assets/data-lite/ylist-lite.json
15311,hostplant-910857,species-22641,ショウベンノキ,ミツバウツギ科,ショウベンノキ,Turpinia ternata,public/assets/data-lite/ylist-lite.json
15312,hostplant-910858,species-22701,ショウベンノキ,ミツバウツギ科,ショウベンノキ,Turpinia ternata,public/assets/data-lite/ylist-lite.json
15313,hostplant-910859,species-22994,ショウベンノキ,ミツバウツギ科,ショウベンノキ,Turpinia ternata,public/assets/data-lite/ylist-lite.json
15314,hostplant-910860,species-22856,ショウベンノキ,ミツバウツギ科,ショウベンノキ,Turpinia ternata,public/assets/data-lite/ylist-lite.json
15315,hostplant-910861,species-22440,ショウベンノキ,ミツバウツギ科,ショウベンノキ,Turpinia ternata,public/assets/data-lite/ylist-lite.json
15316,hostplant-910862,species-22354,ショウベンノキ,ミツバウツギ科,ショウベンノキ,Turpinia ternata,public/assets/data-lite/ylist-lite.json
15317,hostplant-910863,species-21976,ショウベンノキ,ミツバウツギ科,ショウベンノキ,Turpinia ternata,public/assets/data-lite/ylist-lite.json
15318,hostplant-910864,species-21988,ショウベンノキ,ミツバウツギ科,ショウベンノキ,Turpinia ternata,public/assets/data-lite/ylist-lite.json
15319,hostplant-910865,species-22941,ショウベンノキ,ミツバウツギ科,ショウベンノキ,Turpinia ternata,public/assets/data-lite/ylist-lite.json
15320,hostplant-910866,species-21916,ショウベンノキ,ミツバウツギ科,ショウベンノキ,Turpinia ternata,public/assets/data-lite/ylist-lite.json
15321,hostplant-910867,13-1,ショウベンノキ,ミツバウツギ科,ショウベンノキ,Turpinia ternata,public/assets/data-lite/ylist-lite.json
15322,hostplant-910868,species-21939,ショウベンノキ,ミツバウツギ科,ショウベンノキ,Turpinia ternata,public/assets/data-lite/ylist-lite.json
15323,hostplant-910869,species-22015,ショウベンノキ,ミツバウツギ科,ショウベンノキ,Turpinia ternata,public/assets/data-lite/ylist-lite.json
15324,hostplant-910870,species-22972,ショウベンノキ,ミツバウツギ科,ショウベンノキ,Turpinia ternata,public/assets/data-lite/ylist-lite.json
15325,hostplant-910871,species-21952,ショウベンノキ,ミツバウツギ科,ショウベンノキ,Turpinia ternata,public/assets/data-lite/ylist-lite.json
15326,hostplant-910872,species-22650,ショウベンノキ,ミツバウツギ科,ショウベンノキ,Turpinia ternata,public/assets/data-lite/ylist-lite.json
15327,hostplant-910873,1-3,ショウベンノキ,ミツバウツギ科,ショウベンノキ,Turpinia ternata,public/assets/data-lite/ylist-lite.json
15328,hostplant-910874,5-1,ショウベンノキ,ミツバウツギ科,ショウベンノキ,Turpinia ternata,public/assets/data-lite/ylist-lite.json
15329,hostplant-910875,species-22123,ショウベンノキ,ミツバウツギ科,ショウベンノキ,Turpinia ternata,public/assets/data-lite/ylist-lite.json
15330,hostplant-910876,4-1,ショウベンノキ,ミツバウツギ科,ショウベンノキ,Turpinia ternata,public/assets/data-lite/ylist-lite.json
15331,hostplant-910877,species-22004,ショウベンノキ,ミツバウツギ科,ショウベンノキ,Turpinia ternata,public/assets/data-lite/ylist-lite.json
15332,hostplant-910878,species-21855,ショウベンノキ,ミツバウツギ科,ショウベンノキ,Turpinia ternata,public/assets/data-lite/ylist-lite.json
15333,hostplant-910879,species-22768,ショウベンノキ,ミツバウツギ科,ショウベンノキ,Turpinia ternata,public/assets/data-lite/ylist-lite.json
15334,hostplant-910880,species-22959,ショウベンノキ,ミツバウツギ科,ショウベンノキ,Turpinia ternata,public/assets/data-lite/ylist-lite.json
15335,hostplant-910881,species-21936,ショウベンノキ,ミツバウツギ科,ショウベンノキ,Turpinia ternata,public/assets/data-lite/ylist-lite.json
15336,hostplant-910882,species-22847,ショウベンノキ,ミツバウツギ科,ショウベンノキ,Turpinia ternata,public/assets/data-lite/ylist-lite.json
15337,hostplant-910883,species-22025,ショウベンノキ,ミツバウツギ科,ショウベンノキ,Turpinia ternata,public/assets/data-lite/ylist-lite.json
15338,hostplant-910884,1-1,ショウベンノキ,ミツバウツギ科,ショウベンノキ,Turpinia ternata,public/assets/data-lite/ylist-lite.json
15339,hostplant-910885,species-22278,ショウベンノキ,ミツバウツギ科,ショウベンノキ,Turpinia ternata,public/assets/data-lite/ylist-lite.json
15340,hostplant-910886,species-22251,ショウベンノキ,ミツバウツギ科,ショウベンノキ,Turpinia ternata,public/assets/data-lite/ylist-lite.json
15341,hostplant-910887,species-22065,ショウベンノキ,ミツバウツギ科,ショウベンノキ,Turpinia ternata,public/assets/data-lite/ylist-lite.json
15606,hostplant-911394,1-2,イスノキ,マンサク科,イスノキ,Distylium racemosum,public/assets/data-lite/ylist-lite.json
15607,hostplant-911395,1-2,ウメ,バラ科,ウメ,Prunus mume,public/assets/data-lite/ylist-lite.json
15608,hostplant-911398,1-2,ヤマモミジ,ムクロジ科,ヤマモミジ,Acer amoenum var. matsumurae,public/assets/data-lite/ylist-lite.json
15609,hostplant-911399,1-2,ショウベンノキ,ミツバウツギ科,ショウベンノキ,Turpinia ternata,public/assets/data-lite/ylist-lite.json
15616,hostplant-911407,1-4,イスノキ,マンサク科,イスノキ,Distylium racemosum,public/assets/data-lite/ylist-lite.json
15617,hostplant-911408,1-4,ウメ,バラ科,ウメ,Prunus mume,public/assets/data-lite/ylist-lite.json
15618,hostplant-911411,1-4,ヤマモミジ,ムクロジ科,ヤマモミジ,Acer amoenum var. matsumurae,public/assets/data-lite/ylist-lite.json
15619,hostplant-911412,1-4,ショウベンノキ,ミツバウツギ科,ショウベンノキ,Turpinia ternata,public/assets/data-lite/ylist-lite.json
15621,hostplant-911415,10-2,イスノキ,マンサク科,イスノキ,Distylium racemosum,public/assets/data-lite/ylist-lite.json
15622,hostplant-911416,10-3,イスノキ,マンサク科,イスノキ,Distylium racemosum,public/assets/data-lite/ylist-lite.json
15626,hostplant-911420,13-2,イスノキ,マンサク科,イスノキ,Distylium racemosum,public/assets/data-lite/ylist-lite.json
15627,hostplant-911421,13-2,ショウベンノキ,ミツバウツギ科,ショウベンノキ,Turpinia ternata,public/assets/data-lite/ylist-lite.json
15631,hostplant-911428,4-2,シラキ,トウダイグサ科,シラキ,Neoshirakia japonica,public/assets/data-lite/ylist-lite.json
15632,hostplant-911429,4-2,キリ,キリ科,キリ,Paulownia tomentosa,public/assets/data-lite/ylist-lite.json
15633,hostplant-911431,4-2,ショウベンノキ,ミツバウツギ科,ショウベンノキ,Turpinia ternata,public/assets/data-lite/ylist-lite.json
15635,hostplant-911433,5-2,シャクヤク,ボタン科,シャクヤク,Paeonia lactiflora var. trichocarpa,public/assets/data-lite/ylist-lite.json
15636,hostplant-911435,5-2,ショウベンノキ,ミツバウツギ科,ショウベンノキ,Turpinia ternata,public/assets/data-lite/ylist-lite.json
15637,hostplant-911437,7-2,シャクヤク,ボタン科,シャクヤク,Paeonia lactiflora var. trichocarpa,public/assets/data-lite/ylist-lite.json
15638,hostplant-911438,7-2,イスノキ,マンサク科,イスノキ,Distylium racemosum,public/assets/data-lite/ylist-lite.json
15639,hostplant-911439,7-2,シラキ,トウダイグサ科,シラキ,Neoshirakia japonica,public/assets/data-lite/ylist-lite.json
15640,hostplant-911440,7-3,シャクヤク,ボタン科,シャクヤク,Paeonia lactiflora var. trichocarpa,public/assets/data-lite/ylist-lite.json
15641,hostplant-911441,7-3,イスノキ,マンサク科,イスノキ,Distylium racemosum,public/assets/data-lite/ylist-lite.json
15642,hostplant-911442,7-3,シラキ,トウダイグサ科,シラキ,Neoshirakia japonica,public/assets/data-lite/ylist-lite.json
15643,hostplant-911443,species-21856,ショウベンノキ,ミツバウツギ科,ショウベンノキ,Turpinia ternata,public/assets/data-lite/ylist-lite.json
15645,hostplant-911446,species-21857,ショウベンノキ,ミツバウツギ科,ショウベンノキ,Turpinia ternata,public/assets/data-lite/ylist-lite.json
15648,hostplant-911451,species-21873,シャクヤク,ボタン科,シャクヤク,Paeonia lactiflora var. trichocarpa,public/assets/data-lite/ylist-lite.json
15649,hostplant-911453,species-21881,シャクヤク,ボタン科,シャクヤク,Paeonia lactiflora var. trichocarpa,public/assets/data-lite/ylist-lite.json
15650,hostplant-911454,species-21881,イスノキ,マンサク科,イスノキ,Distylium racemosum,public/assets/data-lite/ylist-lite.json
15651,hostplant-911455,species-21881,キリ,キリ科,キリ,Paulownia tomentosa,public/assets/data-lite/ylist-lite.json
15652,hostplant-911456,species-21881,ヤマモミジ,ムクロジ科,ヤマモミジ,Acer amoenum var. matsumurae,public/assets/data-lite/ylist-lite.json
15653,hostplant-911457,species-21890,ショウベンノキ,ミツバウツギ科,ショウベンノキ,Turpinia ternata,public/assets/data-lite/ylist-lite.json
15654,hostplant-911458,species-21903,イスノキ,マンサク科,イスノキ,Distylium racemosum,public/assets/data-lite/ylist-lite.json
15655,hostplant-911459,species-21903,ハマナス,バラ科,ハマナス,Rosa rugosa,public/assets/data-lite/ylist-lite.json
15656,hostplant-911460,species-21903,シラキ,トウダイグサ科,シラキ,Neoshirakia japonica,public/assets/data-lite/ylist-lite.json
15658,hostplant-911463,species-21905,イスノキ,マンサク科,イスノキ,Distylium racemosum,public/assets/data-lite/ylist-lite.json
15659,hostplant-911464,species-21905,ハマナス,バラ科,ハマナス,Rosa rugosa,public/assets/data-lite/ylist-lite.json
15660,hostplant-911466,species-21905,シラキ,トウダイグサ科,シラキ,Neoshirakia japonica,public/assets/data-lite/ylist-lite.json
15663,hostplant-911470,species-21907,イスノキ,マンサク科,イスノキ,Distylium racemosum,public/assets/data-lite/ylist-lite.json
15664,hostplant-911471,species-21907,ハマナス,バラ科,ハマナス,Rosa rugosa,public/assets/data-lite/ylist-lite.json
15665,hostplant-911473,species-21907,シラキ,トウダイグサ科,シラキ,Neoshirakia japonica,public/assets/data-lite/ylist-lite.json
15670,hostplant-911479,species-21918,ウメ,バラ科,ウメ,Prunus mume,public/assets/data-lite/ylist-lite.json
15671,hostplant-911481,species-21918,シラキ,トウダイグサ科,シラキ,Neoshirakia japonica,public/assets/data-lite/ylist-lite.json
15672,hostplant-911484,species-21922,イスノキ,マンサク科,イスノキ,Distylium racemosum,public/assets/data-lite/ylist-lite.json
15673,hostplant-911487,species-21944,ウメ,バラ科,ウメ,Prunus mume,public/assets/data-lite/ylist-lite.json
15676,hostplant-911490,species-21955,シャクヤク,ボタン科,シャクヤク,Paeonia lactiflora var. trichocarpa,public/assets/data-lite/ylist-lite.json
15677,hostplant-911491,species-21955,ウメ,バラ科,ウメ,Prunus mume,public/assets/data-lite/ylist-lite.json
15678,hostplant-911493,species-21956,シャクヤク,ボタン科,シャクヤク,Paeonia lactiflora var. trichocarpa,public/assets/data-lite/ylist-lite.json
15679,hostplant-911494,species-21956,ウメ,バラ科,ウメ,Prunus mume,public/assets/data-lite/ylist-lite.json
15682,hostplant-911498,species-21960,シャクヤク,ボタン科,シャクヤク,Paeonia lactiflora var. trichocarpa,public/assets/data-lite/ylist-lite.json
15683,hostplant-911499,species-21960,ウメ,バラ科,ウメ,Prunus mume,public/assets/data-lite/ylist-lite.json
15686,hostplant-911504,species-21961,シャクヤク,ボタン科,シャクヤク,Paeonia lactiflora var. trichocarpa,public/assets/data-lite/ylist-lite.json
15687,hostplant-911505,species-21961,ウメ,バラ科,ウメ,Prunus mume,public/assets/data-lite/ylist-lite.json
15688,hostplant-911509,species-21968,ヤマモミジ,ムクロジ科,ヤマモミジ,Acer amoenum var. matsumurae,public/assets/data-lite/ylist-lite.json
15690,hostplant-911512,species-21969,ヤマモミジ,ムクロジ科,ヤマモミジ,Acer amoenum var. matsumurae,public/assets/data-lite/ylist-lite.json
15696,hostplant-911518,species-21978,シャクヤク,ボタン科,シャクヤク,Paeonia lactiflora var. trichocarpa,public/assets/data-lite/ylist-lite.json
15697,hostplant-911519,species-21978,イスノキ,マンサク科,イスノキ,Distylium racemosum,public/assets/data-lite/ylist-lite.json
15698,hostplant-911520,species-21978,ウメ,バラ科,ウメ,Prunus mume,public/assets/data-lite/ylist-lite.json
15699,hostplant-911523,species-21978,カラスザンショウ,ミカン科,カラスザンショウ,Zanthoxylum ailanthoides var. ailanthoides,public/assets/data-lite/ylist-lite.json
15700,hostplant-911524,species-21978,キリ,キリ科,キリ,Paulownia tomentosa,public/assets/data-lite/ylist-lite.json
15701,hostplant-911525,species-21978,ヤマモミジ,ムクロジ科,ヤマモミジ,Acer amoenum var. matsumurae,public/assets/data-lite/ylist-lite.json
15702,hostplant-911526,species-21978,ショウベンノキ,ミツバウツギ科,ショウベンノキ,Turpinia ternata,public/assets/data-lite/ylist-lite.json
15709,hostplant-911535,species-21992,シャクヤク,ボタン科,シャクヤク,Paeonia lactiflora var. trichocarpa,public/assets/data-lite/ylist-lite.json
15710,hostplant-911536,species-21992,イスノキ,マンサク科,イスノキ,Distylium racemosum,public/assets/data-lite/ylist-lite.json
15711,hostplant-911537,species-21992,ウメ,バラ科,ウメ,Prunus mume,public/assets/data-lite/ylist-lite.json
15712,hostplant-911538,species-21992,ハマナス,バラ科,ハマナス,Rosa rugosa,public/assets/data-lite/ylist-lite.json
15713,hostplant-911541,species-21992,ヤマモミジ,ムクロジ科,ヤマモミジ,Acer amoenum var. matsumurae,public/assets/data-lite/ylist-lite.json
15721,hostplant-911551,species-21993,シャクヤク,ボタン科,シャクヤク,Paeonia lactiflora var. trichocarpa,public/assets/data-lite/ylist-lite.json
15722,hostplant-911552,species-21993,イスノキ,マンサク科,イスノキ,Distylium racemosum,public/assets/data-lite/ylist-lite.json
15723,hostplant-911553,species-21993,ウメ,バラ科,ウメ,Prunus mume,public/assets/data-lite/ylist-lite.json
15724,hostplant-911554,species-21993,ハマナス,バラ科,ハマナス,Rosa rugosa,public/assets/data-lite/ylist-lite.json
15725,hostplant-911557,species-21993,ヤマモミジ,ムクロジ科,ヤマモミジ,Acer amoenum var. matsumurae,public/assets/data-lite/ylist-lite.json
15733,hostplant-911567,species-21994,シャクヤク,ボタン科,シャクヤク,Paeonia lactiflora var. trichocarpa,public/assets/data-lite/ylist-lite.json
15734,hostplant-911568,species-21994,イスノキ,マンサク科,イスノキ,Distylium racemosum,public/assets/data-lite/ylist-lite.json
15735,hostplant-911569,species-21994,ウメ,バラ科,ウメ,Prunus mume,public/assets/data-lite/ylist-lite.json
15736,hostplant-911570,species-21994,ハマナス,バラ科,ハマナス,Rosa rugosa,public/assets/data-lite/ylist-lite.json
15737,hostplant-911573,species-21994,ヤマモミジ,ムクロジ科,ヤマモミジ,Acer amoenum var. matsumurae,public/assets/data-lite/ylist-lite.json
15745,hostplant-911583,species-21995,シャクヤク,ボタン科,シャクヤク,Paeonia lactiflora var. trichocarpa,public/assets/data-lite/ylist-lite.json
15746,hostplant-911584,species-21995,イスノキ,マンサク科,イスノキ,Distylium racemosum,public/assets/data-lite/ylist-lite.json
15747,hostplant-911585,species-21995,ウメ,バラ科,ウメ,Prunus mume,public/assets/data-lite/ylist-lite.json
15748,hostplant-911586,species-21995,ハマナス,バラ科,ハマナス,Rosa rugosa,public/assets/data-lite/ylist-lite.json
15749,hostplant-911589,species-21995,ヤマモミジ,ムクロジ科,ヤマモミジ,Acer amoenum var. matsumurae,public/assets/data-lite/ylist-lite.json
15757,hostplant-911599,species-21996,シャクヤク,ボタン科,シャクヤク,Paeonia lactiflora var. trichocarpa,public/assets/data-lite/ylist-lite.json
15758,hostplant-911600,species-21996,イスノキ,マンサク科,イスノキ,Distylium racemosum,public/assets/data-lite/ylist-lite.json
15759,hostplant-911601,species-21996,ウメ,バラ科,ウメ,Prunus mume,public/assets/data-lite/ylist-lite.json
15760,hostplant-911602,species-21996,ハマナス,バラ科,ハマナス,Rosa rugosa,public/assets/data-lite/ylist-lite.json
15761,hostplant-911605,species-21996,ヤマモミジ,ムクロジ科,ヤマモミジ,Acer amoenum var. matsumurae,public/assets/data-lite/ylist-lite.json
15769,hostplant-911615,species-21997,シャクヤク,ボタン科,シャクヤク,Paeonia lactiflora var. trichocarpa,public/assets/data-lite/ylist-lite.json
15770,hostplant-911616,species-21997,イスノキ,マンサク科,イスノキ,Distylium racemosum,public/assets/data-lite/ylist-lite.json
15771,hostplant-911617,species-21997,ウメ,バラ科,ウメ,Prunus mume,public/assets/data-lite/ylist-lite.json
15772,hostplant-911618,species-21997,ハマナス,バラ科,ハマナス,Rosa rugosa,public/assets/data-lite/ylist-lite.json
15773,hostplant-911621,species-21997,ヤマモミジ,ムクロジ科,ヤマモミジ,Acer amoenum var. matsumurae,public/assets/data-lite/ylist-lite.json
15781,hostplant-911631,species-22000,シャクヤク,ボタン科,シャクヤク,Paeonia lactiflora var. trichocarpa,public/assets/data-lite/ylist-lite.json
15782,hostplant-911632,species-22000,イスノキ,マンサク科,イスノキ,Distylium racemosum,public/assets/data-lite/ylist-lite.json
15783,hostplant-911633,species-22000,ウメ,バラ科,ウメ,Prunus mume,public/assets/data-lite/ylist-lite.json
15784,hostplant-911634,species-22000,ハマナス,バラ科,ハマナス,Rosa rugosa,public/assets/data-lite/ylist-lite.json
15785,hostplant-911636,species-22000,シラキ,トウダイグサ科,シラキ,Neoshirakia japonica,public/assets/data-lite/ylist-lite.json
15793,hostplant-911644,species-22001,シャクヤク,ボタン科,シャクヤク,Paeonia lactiflora var. trichocarpa,public/assets/data-lite/ylist-lite.json
15794,hostplant-911645,species-22001,イスノキ,マンサク科,イスノキ,Distylium racemosum,public/assets/data-lite/ylist-lite.json
15795,hostplant-911646,species-22001,ウメ,バラ科,ウメ,Prunus mume,public/assets/data-lite/ylist-lite.json
15796,hostplant-911647,species-22001,ハマナス,バラ科,ハマナス,Rosa rugosa,public/assets/data-lite/ylist-lite.json
15797,hostplant-911649,species-22001,シラキ,トウダイグサ科,シラキ,Neoshirakia japonica,public/assets/data-lite/ylist-lite.json
15800,hostplant-911652,species-22006,イスノキ,マンサク科,イスノキ,Distylium racemosum,public/assets/data-lite/ylist-lite.json
15801,hostplant-911653,species-22006,ショウベンノキ,ミツバウツギ科,ショウベンノキ,Turpinia ternata,public/assets/data-lite/ylist-lite.json
15802,hostplant-911654,species-22009,シャクヤク,ボタン科,シャクヤク,Paeonia lactiflora var. trichocarpa,public/assets/data-lite/ylist-lite.json
15803,hostplant-911655,species-22009,ウメ,バラ科,ウメ,Prunus mume,public/assets/data-lite/ylist-lite.json
15804,hostplant-911657,species-22009,ヤマモミジ,ムクロジ科,ヤマモミジ,Acer amoenum var. matsumurae,public/assets/data-lite/ylist-lite.json
15806,hostplant-911660,species-22010,シャクヤク,ボタン科,シャクヤク,Paeonia lactiflora var. trichocarpa,public/assets/data-lite/ylist-lite.json
15807,hostplant-911661,species-22010,ウメ,バラ科,ウメ,Prunus mume,public/assets/data-lite/ylist-lite.json
15808,hostplant-911663,species-22010,ヤマモミジ,ムクロジ科,ヤマモミジ,Acer amoenum var. matsumurae,public/assets/data-lite/ylist-lite.json
15810,hostplant-911666,species-22011,シャクヤク,ボタン科,シャクヤク,Paeonia lactiflora var. trichocarpa,public/assets/data-lite/ylist-lite.json
15811,hostplant-911667,species-22011,ウメ,バラ科,ウメ,Prunus mume,public/assets/data-lite/ylist-lite.json
15812,hostplant-911669,species-22011,ヤマモミジ,ムクロジ科,ヤマモミジ,Acer amoenum var. matsumurae,public/assets/data-lite/ylist-lite.json
15818,hostplant-911676,species-22023,ウメ,バラ科,ウメ,Prunus mume,public/assets/data-lite/ylist-lite.json
15819,hostplant-911679,species-22023,シラキ,トウダイグサ科,シラキ,Neoshirakia japonica,public/assets/data-lite/ylist-lite.json
15826,hostplant-911688,species-22024,ウメ,バラ科,ウメ,Prunus mume,public/assets/data-lite/ylist-lite.json
15827,hostplant-911691,species-22024,シラキ,トウダイグサ科,シラキ,Neoshirakia japonica,public/assets/data-lite/ylist-lite.json
15830,hostplant-911696,species-22035,イスノキ,マンサク科,イスノキ,Distylium racemosum,public/assets/data-lite/ylist-lite.json
15837,hostplant-911703,species-22049,シャクヤク,ボタン科,シャクヤク,Paeonia lactiflora var. trichocarpa,public/assets/data-lite/ylist-lite.json
15845,hostplant-911713,species-22050,シャクヤク,ボタン科,シャクヤク,Paeonia lactiflora var. trichocarpa,public/assets/data-lite/ylist-lite.json
15853,hostplant-911723,species-22051,シャクヤク,ボタン科,シャクヤク,Paeonia lactiflora var. trichocarpa,public/assets/data-lite/ylist-lite.json
15855,hostplant-911727,species-22057,イスノキ,マンサク科,イスノキ,Distylium racemosum,public/assets/data-lite/ylist-lite.json
15856,hostplant-911728,species-22057,カラスザンショウ,ミカン科,カラスザンショウ,Zanthoxylum ailanthoides var. ailanthoides,public/assets/data-lite/ylist-lite.json
15858,hostplant-911730,species-22058,イスノキ,マンサク科,イスノキ,Distylium racemosum,public/assets/data-lite/ylist-lite.json
15859,hostplant-911731,species-22058,カラスザンショウ,ミカン科,カラスザンショウ,Zanthoxylum ailanthoides var. ailanthoides,public/assets/data-lite/ylist-lite.json
15864,hostplant-911736,species-22073,イスノキ,マンサク科,イスノキ,Distylium racemosum,public/assets/data-lite/ylist-lite.json
15866,hostplant-911739,species-22077,イスノキ,マンサク科,イスノキ,Distylium racemosum,public/assets/data-lite/ylist-lite.json
15867,hostplant-911740,species-22078,イスノキ,マンサク科,イスノキ,Distylium racemosum,public/assets/data-lite/ylist-lite.json
15869,hostplant-911742,species-22081,ハマナス,バラ科,ハマナス,Rosa rugosa,public/assets/data-lite/ylist-lite.json
15870,hostplant-911744,species-22086,カラスザンショウ,ミカン科,カラスザンショウ,Zanthoxylum ailanthoides var. ailanthoides,public/assets/data-lite/ylist-lite.json
15881,hostplant-911755,species-22124,ヤマモミジ,ムクロジ科,ヤマモミジ,Acer amoenum var. matsumurae,public/assets/data-lite/ylist-lite.json
15882,hostplant-911757,species-22124,ショウベンノキ,ミツバウツギ科,ショウベンノキ,Turpinia ternata,public/assets/data-lite/ylist-lite.json
15888,hostplant-911765,species-22171,シャクヤク,ボタン科,シャクヤク,Paeonia lactiflora var. trichocarpa,public/assets/data-lite/ylist-lite.json
15893,hostplant-911774,species-22172,シャクヤク,ボタン科,シャクヤク,Paeonia lactiflora var. trichocarpa,public/assets/data-lite/ylist-lite.json
15909,hostplant-911795,species-22252,シャクヤク,ボタン科,シャクヤク,Paeonia lactiflora var. trichocarpa,public/assets/data-lite/ylist-lite.json
15910,hostplant-911796,species-22252,ハマナス,バラ科,ハマナス,Rosa rugosa,public/assets/data-lite/ylist-lite.json
15911,hostplant-911797,species-22252,キリ,キリ科,キリ,Paulownia tomentosa,public/assets/data-lite/ylist-lite.json
15912,hostplant-911798,species-22252,ヤマモミジ,ムクロジ科,ヤマモミジ,Acer amoenum var. matsumurae,public/assets/data-lite/ylist-lite.json
15913,hostplant-911799,species-22252,ショウベンノキ,ミツバウツギ科,ショウベンノキ,Turpinia ternata,public/assets/data-lite/ylist-lite.json
15921,hostplant-911807,species-22253,シャクヤク,ボタン科,シャクヤク,Paeonia lactiflora var. trichocarpa,public/assets/data-lite/ylist-lite.json
15922,hostplant-911808,species-22253,ハマナス,バラ科,ハマナス,Rosa rugosa,public/assets/data-lite/ylist-lite.json
15923,hostplant-911809,species-22253,キリ,キリ科,キリ,Paulownia tomentosa,public/assets/data-lite/ylist-lite.json
15924,hostplant-911810,species-22253,ヤマモミジ,ムクロジ科,ヤマモミジ,Acer amoenum var. matsumurae,public/assets/data-lite/ylist-lite.json
15925,hostplant-911811,species-22253,ショウベンノキ,ミツバウツギ科,ショウベンノキ,Turpinia ternata,public/assets/data-lite/ylist-lite.json
15933,hostplant-911819,species-22254,シャクヤク,ボタン科,シャクヤク,Paeonia lactiflora var. trichocarpa,public/assets/data-lite/ylist-lite.json
15934,hostplant-911820,species-22254,ハマナス,バラ科,ハマナス,Rosa rugosa,public/assets/data-lite/ylist-lite.json
15935,hostplant-911821,species-22254,キリ,キリ科,キリ,Paulownia tomentosa,public/assets/data-lite/ylist-lite.json
15936,hostplant-911822,species-22254,ヤマモミジ,ムクロジ科,ヤマモミジ,Acer amoenum var. matsumurae,public/assets/data-lite/ylist-lite.json
15937,hostplant-911823,species-22254,ショウベンノキ,ミツバウツギ科,ショウベンノキ,Turpinia ternata,public/assets/data-lite/ylist-lite.json
15944,hostplant-911830,species-22273,ヤマモミジ,ムクロジ科,ヤマモミジ,Acer amoenum var. matsumurae,public/assets/data-lite/ylist-lite.json
15957,hostplant-911844,species-22322,シャクヤク,ボタン科,シャクヤク,Paeonia lactiflora var. trichocarpa,public/assets/data-lite/ylist-lite.json
15958,hostplant-911845,species-22322,ハマナス,バラ科,ハマナス,Rosa rugosa,public/assets/data-lite/ylist-lite.json
15962,hostplant-911850,species-22355,イスノキ,マンサク科,イスノキ,Distylium racemosum,public/assets/data-lite/ylist-lite.json
15963,hostplant-911851,species-22355,キリ,キリ科,キリ,Paulownia tomentosa,public/assets/data-lite/ylist-lite.json
15964,hostplant-911852,species-22355,ヤマモミジ,ムクロジ科,ヤマモミジ,Acer amoenum var. matsumurae,public/assets/data-lite/ylist-lite.json
15965,hostplant-911853,species-22355,ショウベンノキ,ミツバウツギ科,ショウベンノキ,Turpinia ternata,public/assets/data-lite/ylist-lite.json
15966,hostplant-911854,species-22356,イスノキ,マンサク科,イスノキ,Distylium racemosum,public/assets/data-lite/ylist-lite.json
15967,hostplant-911855,species-22356,キリ,キリ科,キリ,Paulownia tomentosa,public/assets/data-lite/ylist-lite.json
15968,hostplant-911856,species-22356,ヤマモミジ,ムクロジ科,ヤマモミジ,Acer amoenum var. matsumurae,public/assets/data-lite/ylist-lite.json
15969,hostplant-911857,species-22356,ショウベンノキ,ミツバウツギ科,ショウベンノキ,Turpinia ternata,public/assets/data-lite/ylist-lite.json
15970,hostplant-911858,species-22510,カラスザンショウ,ミカン科,カラスザンショウ,Zanthoxylum ailanthoides var. ailanthoides,public/assets/data-lite/ylist-lite.json
15971,hostplant-911866,species-22522,ハマナス,バラ科,ハマナス,Rosa rugosa,public/assets/data-lite/ylist-lite.json
15984,hostplant-911880,species-22541,シャクヤク,ボタン科,シャクヤク,Paeonia lactiflora var. trichocarpa,public/assets/data-lite/ylist-lite.json
15985,hostplant-911881,species-22541,イスノキ,マンサク科,イスノキ,Distylium racemosum,public/assets/data-lite/ylist-lite.json
15986,hostplant-911882,species-22541,ウメ,バラ科,ウメ,Prunus mume,public/assets/data-lite/ylist-lite.json
15987,hostplant-911884,species-22541,ショウベンノキ,ミツバウツギ科,ショウベンノキ,Turpinia ternata,public/assets/data-lite/ylist-lite.json
15996,hostplant-911894,species-22542,シャクヤク,ボタン科,シャクヤク,Paeonia lactiflora var. trichocarpa,public/assets/data-lite/ylist-lite.json
15997,hostplant-911895,species-22542,イスノキ,マンサク科,イスノキ,Distylium racemosum,public/assets/data-lite/ylist-lite.json
15998,hostplant-911896,species-22542,ウメ,バラ科,ウメ,Prunus mume,public/assets/data-lite/ylist-lite.json
15999,hostplant-911898,species-22542,ショウベンノキ,ミツバウツギ科,ショウベンノキ,Turpinia ternata,public/assets/data-lite/ylist-lite.json
16008,hostplant-911908,species-22543,シャクヤク,ボタン科,シャクヤク,Paeonia lactiflora var. trichocarpa,public/assets/data-lite/ylist-lite.json
16009,hostplant-911909,species-22543,イスノキ,マンサク科,イスノキ,Distylium racemosum,public/assets/data-lite/ylist-lite.json
16010,hostplant-911910,species-22543,ウメ,バラ科,ウメ,Prunus mume,public/assets/data-lite/ylist-lite.json
16011,hostplant-911912,species-22543,ショウベンノキ,ミツバウツギ科,ショウベンノキ,Turpinia ternata,public/assets/data-lite/ylist-lite.json
16022,hostplant-911929,species-22570,ウメ,バラ科,ウメ,Prunus mume,public/assets/data-lite/ylist-lite.json
16023,hostplant-911931,species-22570,カラスザンショウ,ミカン科,カラスザンショウ,Zanthoxylum ailanthoides var. ailanthoides,public/assets/data-lite/ylist-lite.json
16029,hostplant-911938,species-22571,ウメ,バラ科,ウメ,Prunus mume,public/assets/data-lite/ylist-lite.json
16030,hostplant-911940,species-22571,カラスザンショウ,ミカン科,カラスザンショウ,Zanthoxylum ailanthoides var. ailanthoides,public/assets/data-lite/ylist-lite.json
16036,hostplant-911947,species-22572,ウメ,バラ科,ウメ,Prunus mume,public/assets/data-lite/ylist-lite.json
16037,hostplant-911949,species-22572,カラスザンショウ,ミカン科,カラスザンショウ,Zanthoxylum ailanthoides var. ailanthoides,public/assets/data-lite/ylist-lite.json
16041,hostplant-911954,species-22578,ウメ,バラ科,ウメ,Prunus mume,public/assets/data-lite/ylist-lite.json
16042,hostplant-911955,species-22578,ヤマモミジ,ムクロジ科,ヤマモミジ,Acer amoenum var. matsumurae,public/assets/data-lite/ylist-lite.json
16047,hostplant-911962,species-22592,カラスザンショウ,ミカン科,カラスザンショウ,Zanthoxylum ailanthoides var. ailanthoides,public/assets/data-lite/ylist-lite.json
16051,hostplant-911969,species-22604,ハマナス,バラ科,ハマナス,Rosa rugosa,public/assets/data-lite/ylist-lite.json
16052,hostplant-911971,species-22604,カラスザンショウ,ミカン科,カラスザンショウ,Zanthoxylum ailanthoides var. ailanthoides,public/assets/data-lite/ylist-lite.json
16053,hostplant-911973,species-22605,ハマナス,バラ科,ハマナス,Rosa rugosa,public/assets/data-lite/ylist-lite.json
16054,hostplant-911975,species-22605,カラスザンショウ,ミカン科,カラスザンショウ,Zanthoxylum ailanthoides var. ailanthoides,public/assets/data-lite/ylist-lite.json
16055,hostplant-911977,species-22607,ハマナス,バラ科,ハマナス,Rosa rugosa,public/assets/data-lite/ylist-lite.json
16056,hostplant-911979,species-22627,イスノキ,マンサク科,イスノキ,Distylium racemosum,public/assets/data-lite/ylist-lite.json
16057,hostplant-911982,species-22627,カラスザンショウ,ミカン科,カラスザンショウ,Zanthoxylum ailanthoides var. ailanthoides,public/assets/data-lite/ylist-lite.json
16058,hostplant-911983,species-22627,キリ,キリ科,キリ,Paulownia tomentosa,public/assets/data-lite/ylist-lite.json
16060,hostplant-911985,species-22628,イスノキ,マンサク科,イスノキ,Distylium racemosum,public/assets/data-lite/ylist-lite.json
16061,hostplant-911988,species-22628,カラスザンショウ,ミカン科,カラスザンショウ,Zanthoxylum ailanthoides var. ailanthoides,public/assets/data-lite/ylist-lite.json
16062,hostplant-911989,species-22628,キリ,キリ科,キリ,Paulownia tomentosa,public/assets/data-lite/ylist-lite.json
16064,hostplant-911991,species-22630,イスノキ,マンサク科,イスノキ,Distylium racemosum,public/assets/data-lite/ylist-lite.json
16065,hostplant-911994,species-22630,カラスザンショウ,ミカン科,カラスザンショウ,Zanthoxylum ailanthoides var. ailanthoides,public/assets/data-lite/ylist-lite.json
16066,hostplant-911995,species-22630,キリ,キリ科,キリ,Paulownia tomentosa,public/assets/data-lite/ylist-lite.json
16068,hostplant-911997,species-22631,イスノキ,マンサク科,イスノキ,Distylium racemosum,public/assets/data-lite/ylist-lite.json
16069,hostplant-912000,species-22631,カラスザンショウ,ミカン科,カラスザンショウ,Zanthoxylum ailanthoides var. ailanthoides,public/assets/data-lite/ylist-lite.json
16070,hostplant-912001,species-22631,キリ,キリ科,キリ,Paulownia tomentosa,public/assets/data-lite/ylist-lite.json
16072,hostplant-912003,species-22632,イスノキ,マンサク科,イスノキ,Distylium racemosum,public/assets/data-lite/ylist-lite.json
16073,hostplant-912006,species-22632,カラスザンショウ,ミカン科,カラスザンショウ,Zanthoxylum ailanthoides var. ailanthoides,public/assets/data-lite/ylist-lite.json
16074,hostplant-912007,species-22632,キリ,キリ科,キリ,Paulownia tomentosa,public/assets/data-lite/ylist-lite.json
16076,hostplant-912009,species-22635,シャクヤク,ボタン科,シャクヤク,Paeonia lactiflora var. trichocarpa,public/assets/data-lite/ylist-lite.json
16077,hostplant-912011,species-22635,シラキ,トウダイグサ科,シラキ,Neoshirakia japonica,public/assets/data-lite/ylist-lite.json
16078,hostplant-912012,species-22635,ショウベンノキ,ミツバウツギ科,ショウベンノキ,Turpinia ternata,public/assets/data-lite/ylist-lite.json
16080,hostplant-912014,species-22637,シャクヤク,ボタン科,シャクヤク,Paeonia lactiflora var. trichocarpa,public/assets/data-lite/ylist-lite.json
16081,hostplant-912016,species-22637,シラキ,トウダイグサ科,シラキ,Neoshirakia japonica,public/assets/data-lite/ylist-lite.json
16082,hostplant-912017,species-22637,ショウベンノキ,ミツバウツギ科,ショウベンノキ,Turpinia ternata,public/assets/data-lite/ylist-lite.json
16095,hostplant-912030,species-22643,イスノキ,マンサク科,イスノキ,Distylium racemosum,public/assets/data-lite/ylist-lite.json
16096,hostplant-912031,species-22643,ハマナス,バラ科,ハマナス,Rosa rugosa,public/assets/data-lite/ylist-lite.json
16097,hostplant-912033,species-22643,カラスザンショウ,ミカン科,カラスザンショウ,Zanthoxylum ailanthoides var. ailanthoides,public/assets/data-lite/ylist-lite.json
16098,hostplant-912034,species-22643,キリ,キリ科,キリ,Paulownia tomentosa,public/assets/data-lite/ylist-lite.json
16099,hostplant-912035,species-22643,ヤマモミジ,ムクロジ科,ヤマモミジ,Acer amoenum var. matsumurae,public/assets/data-lite/ylist-lite.json
16105,hostplant-912044,species-22672,カラスザンショウ,ミカン科,カラスザンショウ,Zanthoxylum ailanthoides var. ailanthoides,public/assets/data-lite/ylist-lite.json
16112,hostplant-912052,species-22684,カラスザンショウ,ミカン科,カラスザンショウ,Zanthoxylum ailanthoides var. ailanthoides,public/assets/data-lite/ylist-lite.json
16113,hostplant-912053,species-22684,ヤマモミジ,ムクロジ科,ヤマモミジ,Acer amoenum var. matsumurae,public/assets/data-lite/ylist-lite.json
16120,hostplant-912062,species-22686,カラスザンショウ,ミカン科,カラスザンショウ,Zanthoxylum ailanthoides var. ailanthoides,public/assets/data-lite/ylist-lite.json
16121,hostplant-912063,species-22686,ヤマモミジ,ムクロジ科,ヤマモミジ,Acer amoenum var. matsumurae,public/assets/data-lite/ylist-lite.json
16128,hostplant-912072,species-22687,カラスザンショウ,ミカン科,カラスザンショウ,Zanthoxylum ailanthoides var. ailanthoides,public/assets/data-lite/ylist-lite.json
16129,hostplant-912073,species-22687,ヤマモミジ,ムクロジ科,ヤマモミジ,Acer amoenum var. matsumurae,public/assets/data-lite/ylist-lite.json
16135,hostplant-912082,species-22736,イスノキ,マンサク科,イスノキ,Distylium racemosum,public/assets/data-lite/ylist-lite.json
16136,hostplant-912083,species-22736,ウメ,バラ科,ウメ,Prunus mume,public/assets/data-lite/ylist-lite.json
16137,hostplant-912084,species-22736,ハマナス,バラ科,ハマナス,Rosa rugosa,public/assets/data-lite/ylist-lite.json
16138,hostplant-912086,species-22736,シラキ,トウダイグサ科,シラキ,Neoshirakia japonica,public/assets/data-lite/ylist-lite.json
16139,hostplant-912087,species-22736,カラスザンショウ,ミカン科,カラスザンショウ,Zanthoxylum ailanthoides var. ailanthoides,public/assets/data-lite/ylist-lite.json
16146,hostplant-912096,species-22737,イスノキ,マンサク科,イスノキ,Distylium racemosum,public/assets/data-lite/ylist-lite.json
16147,hostplant-912097,species-22737,ウメ,バラ科,ウメ,Prunus mume,public/assets/data-lite/ylist-lite.json
16148,hostplant-912098,species-22737,ハマナス,バラ科,ハマナス,Rosa rugosa,public/assets/data-lite/ylist-lite.json
16149,hostplant-912100,species-22737,シラキ,トウダイグサ科,シラキ,Neoshirakia japonica,public/assets/data-lite/ylist-lite.json
16150,hostplant-912101,species-22737,カラスザンショウ,ミカン科,カラスザンショウ,Zanthoxylum ailanthoides var. ailanthoides,public/assets/data-lite/ylist-lite.json
16157,hostplant-912110,species-22738,イスノキ,マンサク科,イスノキ,Distylium racemosum,public/assets/data-lite/ylist-lite.json
16158,hostplant-912111,species-22738,ウメ,バラ科,ウメ,Prunus mume,public/assets/data-lite/ylist-lite.json
16159,hostplant-912112,species-22738,ハマナス,バラ科,ハマナス,Rosa rugosa,public/assets/data-lite/ylist-lite.json
16160,hostplant-912114,species-22738,シラキ,トウダイグサ科,シラキ,Neoshirakia japonica,public/assets/data-lite/ylist-lite.json
16161,hostplant-912115,species-22738,カラスザンショウ,ミカン科,カラスザンショウ,Zanthoxylum ailanthoides var. ailanthoides,public/assets/data-lite/ylist-lite.json
16164,hostplant-912120,species-22747,シャクヤク,ボタン科,シャクヤク,Paeonia lactiflora var. trichocarpa,public/assets/data-lite/ylist-lite.json
16165,hostplant-912121,species-22747,イスノキ,マンサク科,イスノキ,Distylium racemosum,public/assets/data-lite/ylist-lite.json
16166,hostplant-912124,species-22748,シャクヤク,ボタン科,シャクヤク,Paeonia lactiflora var. trichocarpa,public/assets/data-lite/ylist-lite.json
16167,hostplant-912125,species-22748,イスノキ,マンサク科,イスノキ,Distylium racemosum,public/assets/data-lite/ylist-lite.json
16173,hostplant-912133,species-22756,シャクヤク,ボタン科,シャクヤク,Paeonia lactiflora var. trichocarpa,public/assets/data-lite/ylist-lite.json
16174,hostplant-912134,species-22756,ハマナス,バラ科,ハマナス,Rosa rugosa,public/assets/data-lite/ylist-lite.json
16175,hostplant-912136,species-22756,カラスザンショウ,ミカン科,カラスザンショウ,Zanthoxylum ailanthoides var. ailanthoides,public/assets/data-lite/ylist-lite.json
16176,hostplant-912137,species-22756,ヤマモミジ,ムクロジ科,ヤマモミジ,Acer amoenum var. matsumurae,public/assets/data-lite/ylist-lite.json
16184,hostplant-912148,species-22757,シャクヤク,ボタン科,シャクヤク,Paeonia lactiflora var. trichocarpa,public/assets/data-lite/ylist-lite.json
16185,hostplant-912149,species-22757,ハマナス,バラ科,ハマナス,Rosa rugosa,public/assets/data-lite/ylist-lite.json
16186,hostplant-912151,species-22757,カラスザンショウ,ミカン科,カラスザンショウ,Zanthoxylum ailanthoides var. ailanthoides,public/assets/data-lite/ylist-lite.json
16187,hostplant-912152,species-22757,ヤマモミジ,ムクロジ科,ヤマモミジ,Acer amoenum var. matsumurae,public/assets/data-lite/ylist-lite.json
16195,hostplant-912163,species-22758,シャクヤク,ボタン科,シャクヤク,Paeonia lactiflora var. trichocarpa,public/assets/data-lite/ylist-lite.json
16196,hostplant-912164,species-22758,ハマナス,バラ科,ハマナス,Rosa rugosa,public/assets/data-lite/ylist-lite.json
16197,hostplant-912166,species-22758,カラスザンショウ,ミカン科,カラスザンショウ,Zanthoxylum ailanthoides var. ailanthoides,public/assets/data-lite/ylist-lite.json
16198,hostplant-912167,species-22758,ヤマモミジ,ムクロジ科,ヤマモミジ,Acer amoenum var. matsumurae,public/assets/data-lite/ylist-lite.json
16201,hostplant-912173,species-22767,イスノキ,マンサク科,イスノキ,Distylium racemosum,public/assets/data-lite/ylist-lite.json
16202,hostplant-912174,species-22767,シラキ,トウダイグサ科,シラキ,Neoshirakia japonica,public/assets/data-lite/ylist-lite.json
16203,hostplant-912175,species-22767,キリ,キリ科,キリ,Paulownia tomentosa,public/assets/data-lite/ylist-lite.json
16213,hostplant-912185,species-22787,イスノキ,マンサク科,イスノキ,Distylium racemosum,public/assets/data-lite/ylist-lite.json
16214,hostplant-912188,species-22787,シラキ,トウダイグサ科,シラキ,Neoshirakia japonica,public/assets/data-lite/ylist-lite.json
16215,hostplant-912189,species-22787,カラスザンショウ,ミカン科,カラスザンショウ,Zanthoxylum ailanthoides var. ailanthoides,public/assets/data-lite/ylist-lite.json
16216,hostplant-912190,species-22787,ヤマモミジ,ムクロジ科,ヤマモミジ,Acer amoenum var. matsumurae,public/assets/data-lite/ylist-lite.json
16217,hostplant-912192,species-22787,ショウベンノキ,ミツバウツギ科,ショウベンノキ,Turpinia ternata,public/assets/data-lite/ylist-lite.json
16228,hostplant-912205,species-22788,イスノキ,マンサク科,イスノキ,Distylium racemosum,public/assets/data-lite/ylist-lite.json
16229,hostplant-912208,species-22788,シラキ,トウダイグサ科,シラキ,Neoshirakia japonica,public/assets/data-lite/ylist-lite.json
16230,hostplant-912209,species-22788,カラスザンショウ,ミカン科,カラスザンショウ,Zanthoxylum ailanthoides var. ailanthoides,public/assets/data-lite/ylist-lite.json
16231,hostplant-912210,species-22788,ヤマモミジ,ムクロジ科,ヤマモミジ,Acer amoenum var. matsumurae,public/assets/data-lite/ylist-lite.json
16232,hostplant-912212,species-22788,ショウベンノキ,ミツバウツギ科,ショウベンノキ,Turpinia ternata,public/assets/data-lite/ylist-lite.json
16243,hostplant-912225,species-22789,イスノキ,マンサク科,イスノキ,Distylium racemosum,public/assets/data-lite/ylist-lite.json
16244,hostplant-912228,species-22789,シラキ,トウダイグサ科,シラキ,Neoshirakia japonica,public/assets/data-lite/ylist-lite.json
16245,hostplant-912229,species-22789,カラスザンショウ,ミカン科,カラスザンショウ,Zanthoxylum ailanthoides var. ailanthoides,public/assets/data-lite/ylist-lite.json
16246,hostplant-912230,species-22789,ヤマモミジ,ムクロジ科,ヤマモミジ,Acer amoenum var. matsumurae,public/assets/data-lite/ylist-lite.json
16247,hostplant-912232,species-22789,ショウベンノキ,ミツバウツギ科,ショウベンノキ,Turpinia ternata,public/assets/data-lite/ylist-lite.json
16249,hostplant-912236,species-22799,イスノキ,マンサク科,イスノキ,Distylium racemosum,public/assets/data-lite/ylist-lite.json
16250,hostplant-912237,species-22799,ヤマモミジ,ムクロジ科,ヤマモミジ,Acer amoenum var. matsumurae,public/assets/data-lite/ylist-lite.json
16251,hostplant-912238,species-22802,ヤマモミジ,ムクロジ科,ヤマモミジ,Acer amoenum var. matsumurae,public/assets/data-lite/ylist-lite.json
16271,hostplant-912277,species-22833,イスノキ,マンサク科,イスノキ,Distylium racemosum,public/assets/data-lite/ylist-lite.json
16272,hostplant-912278,species-22833,シラキ,トウダイグサ科,シラキ,Neoshirakia japonica,public/assets/data-lite/ylist-lite.json
16273,hostplant-912279,species-22833,キリ,キリ科,キリ,Paulownia tomentosa,public/assets/data-lite/ylist-lite.json
16278,hostplant-912286,species-22834,イスノキ,マンサク科,イスノキ,Distylium racemosum,public/assets/data-lite/ylist-lite.json
16279,hostplant-912287,species-22834,シラキ,トウダイグサ科,シラキ,Neoshirakia japonica,public/assets/data-lite/ylist-lite.json
16280,hostplant-912288,species-22834,キリ,キリ科,キリ,Paulownia tomentosa,public/assets/data-lite/ylist-lite.json
16285,hostplant-912295,species-22835,イスノキ,マンサク科,イスノキ,Distylium racemosum,public/assets/data-lite/ylist-lite.json
16286,hostplant-912296,species-22835,シラキ,トウダイグサ科,シラキ,Neoshirakia japonica,public/assets/data-lite/ylist-lite.json
16287,hostplant-912297,species-22835,キリ,キリ科,キリ,Paulownia tomentosa,public/assets/data-lite/ylist-lite.json
16292,hostplant-912304,species-22836,イスノキ,マンサク科,イスノキ,Distylium racemosum,public/assets/data-lite/ylist-lite.json
16293,hostplant-912305,species-22836,シラキ,トウダイグサ科,シラキ,Neoshirakia japonica,public/assets/data-lite/ylist-lite.json
16294,hostplant-912306,species-22836,キリ,キリ科,キリ,Paulownia tomentosa,public/assets/data-lite/ylist-lite.json
16299,hostplant-912313,species-22837,イスノキ,マンサク科,イスノキ,Distylium racemosum,public/assets/data-lite/ylist-lite.json
16300,hostplant-912314,species-22837,シラキ,トウダイグサ科,シラキ,Neoshirakia japonica,public/assets/data-lite/ylist-lite.json
16301,hostplant-912315,species-22837,キリ,キリ科,キリ,Paulownia tomentosa,public/assets/data-lite/ylist-lite.json
16306,hostplant-912322,species-22838,イスノキ,マンサク科,イスノキ,Distylium racemosum,public/assets/data-lite/ylist-lite.json
16307,hostplant-912323,species-22838,シラキ,トウダイグサ科,シラキ,Neoshirakia japonica,public/assets/data-lite/ylist-lite.json
16308,hostplant-912324,species-22838,キリ,キリ科,キリ,Paulownia tomentosa,public/assets/data-lite/ylist-lite.json
16313,hostplant-912331,species-22839,イスノキ,マンサク科,イスノキ,Distylium racemosum,public/assets/data-lite/ylist-lite.json
16314,hostplant-912332,species-22839,シラキ,トウダイグサ科,シラキ,Neoshirakia japonica,public/assets/data-lite/ylist-lite.json
16315,hostplant-912333,species-22839,キリ,キリ科,キリ,Paulownia tomentosa,public/assets/data-lite/ylist-lite.json
16320,hostplant-912340,species-22840,イスノキ,マンサク科,イスノキ,Distylium racemosum,public/assets/data-lite/ylist-lite.json
16321,hostplant-912341,species-22840,シラキ,トウダイグサ科,シラキ,Neoshirakia japonica,public/assets/data-lite/ylist-lite.json
16322,hostplant-912342,species-22840,キリ,キリ科,キリ,Paulownia tomentosa,public/assets/data-lite/ylist-lite.json
16327,hostplant-912349,species-22841,イスノキ,マンサク科,イスノキ,Distylium racemosum,public/assets/data-lite/ylist-lite.json
16328,hostplant-912350,species-22841,シラキ,トウダイグサ科,シラキ,Neoshirakia japonica,public/assets/data-lite/ylist-lite.json
16329,hostplant-912351,species-22841,キリ,キリ科,キリ,Paulownia tomentosa,public/assets/data-lite/ylist-lite.json
16335,hostplant-912359,species-22844,イスノキ,マンサク科,イスノキ,Distylium racemosum,public/assets/data-lite/ylist-lite.json
16336,hostplant-912360,species-22844,ウメ,バラ科,ウメ,Prunus mume,public/assets/data-lite/ylist-lite.json
16337,hostplant-912362,species-22844,カラスザンショウ,ミカン科,カラスザンショウ,Zanthoxylum ailanthoides var. ailanthoides,public/assets/data-lite/ylist-lite.json
16338,hostplant-912363,species-22844,ヤマモミジ,ムクロジ科,ヤマモミジ,Acer amoenum var. matsumurae,public/assets/data-lite/ylist-lite.json
16344,hostplant-912370,species-22845,イスノキ,マンサク科,イスノキ,Distylium racemosum,public/assets/data-lite/ylist-lite.json
16345,hostplant-912371,species-22845,ウメ,バラ科,ウメ,Prunus mume,public/assets/data-lite/ylist-lite.json
16346,hostplant-912373,species-22845,カラスザンショウ,ミカン科,カラスザンショウ,Zanthoxylum ailanthoides var. ailanthoides,public/assets/data-lite/ylist-lite.json
16347,hostplant-912374,species-22845,ヤマモミジ,ムクロジ科,ヤマモミジ,Acer amoenum var. matsumurae,public/assets/data-lite/ylist-lite.json
16349,hostplant-912377,species-22857,ウメ,バラ科,ウメ,Prunus mume,public/assets/data-lite/ylist-lite.json
16350,hostplant-912378,species-22857,ハマナス,バラ科,ハマナス,Rosa rugosa,public/assets/data-lite/ylist-lite.json
16351,hostplant-912381,species-22857,カラスザンショウ,ミカン科,カラスザンショウ,Zanthoxylum ailanthoides var. ailanthoides,public/assets/data-lite/ylist-lite.json
16352,hostplant-912382,species-22857,ヤマモミジ,ムクロジ科,ヤマモミジ,Acer amoenum var. matsumurae,public/assets/data-lite/ylist-lite.json
16353,hostplant-912383,species-22857,ショウベンノキ,ミツバウツギ科,ショウベンノキ,Turpinia ternata,public/assets/data-lite/ylist-lite.json
16368,hostplant-912398,species-22885,ハマナス,バラ科,ハマナス,Rosa rugosa,public/assets/data-lite/ylist-lite.json
16372,hostplant-912405,species-22886,ハマナス,バラ科,ハマナス,Rosa rugosa,public/assets/data-lite/ylist-lite.json
16376,hostplant-912412,species-22887,ハマナス,バラ科,ハマナス,Rosa rugosa,public/assets/data-lite/ylist-lite.json
16380,hostplant-912419,species-22888,ハマナス,バラ科,ハマナス,Rosa rugosa,public/assets/data-lite/ylist-lite.json
16385,hostplant-912427,species-22891,ウメ,バラ科,ウメ,Prunus mume,public/assets/data-lite/ylist-lite.json
16386,hostplant-912428,species-22891,ハマナス,バラ科,ハマナス,Rosa rugosa,public/assets/data-lite/ylist-lite.json
16387,hostplant-912430,species-22891,シラキ,トウダイグサ科,シラキ,Neoshirakia japonica,public/assets/data-lite/ylist-lite.json
16388,hostplant-912431,species-22891,キリ,キリ科,キリ,Paulownia tomentosa,public/assets/data-lite/ylist-lite.json
16389,hostplant-912432,species-22891,ヤマモミジ,ムクロジ科,ヤマモミジ,Acer amoenum var. matsumurae,public/assets/data-lite/ylist-lite.json
16393,hostplant-912437,species-22892,ウメ,バラ科,ウメ,Prunus mume,public/assets/data-lite/ylist-lite.json
16394,hostplant-912438,species-22892,ハマナス,バラ科,ハマナス,Rosa rugosa,public/assets/data-lite/ylist-lite.json
16395,hostplant-912440,species-22892,シラキ,トウダイグサ科,シラキ,Neoshirakia japonica,public/assets/data-lite/ylist-lite.json
16396,hostplant-912441,species-22892,キリ,キリ科,キリ,Paulownia tomentosa,public/assets/data-lite/ylist-lite.json
16397,hostplant-912442,species-22892,ヤマモミジ,ムクロジ科,ヤマモミジ,Acer amoenum var. matsumurae,public/assets/data-lite/ylist-lite.json
16399,hostplant-912445,species-22894,シャクヤク,ボタン科,シャクヤク,Paeonia lactiflora var. trichocarpa,public/assets/data-lite/ylist-lite.json
16400,hostplant-912446,species-22894,イスノキ,マンサク科,イスノキ,Distylium racemosum,public/assets/data-lite/ylist-lite.json
16401,hostplant-912449,species-22894,シラキ,トウダイグサ科,シラキ,Neoshirakia japonica,public/assets/data-lite/ylist-lite.json
16402,hostplant-912450,species-22894,ショウベンノキ,ミツバウツギ科,ショウベンノキ,Turpinia ternata,public/assets/data-lite/ylist-lite.json
16405,hostplant-912453,species-22895,シャクヤク,ボタン科,シャクヤク,Paeonia lactiflora var. trichocarpa,public/assets/data-lite/ylist-lite.json
16406,hostplant-912454,species-22895,イスノキ,マンサク科,イスノキ,Distylium racemosum,public/assets/data-lite/ylist-lite.json
16407,hostplant-912457,species-22895,シラキ,トウダイグサ科,シラキ,Neoshirakia japonica,public/assets/data-lite/ylist-lite.json
16408,hostplant-912458,species-22895,ショウベンノキ,ミツバウツギ科,ショウベンノキ,Turpinia ternata,public/assets/data-lite/ylist-lite.json
16411,hostplant-912461,species-22896,シャクヤク,ボタン科,シャクヤク,Paeonia lactiflora var. trichocarpa,public/assets/data-lite/ylist-lite.json
16412,hostplant-912462,species-22896,イスノキ,マンサク科,イスノキ,Distylium racemosum,public/assets/data-lite/ylist-lite.json
16413,hostplant-912465,species-22896,シラキ,トウダイグサ科,シラキ,Neoshirakia japonica,public/assets/data-lite/ylist-lite.json
16414,hostplant-912466,species-22896,ショウベンノキ,ミツバウツギ科,ショウベンノキ,Turpinia ternata,public/assets/data-lite/ylist-lite.json
16417,hostplant-912470,species-22906,ハマナス,バラ科,ハマナス,Rosa rugosa,public/assets/data-lite/ylist-lite.json
16418,hostplant-912471,species-22906,シラキ,トウダイグサ科,シラキ,Neoshirakia japonica,public/assets/data-lite/ylist-lite.json
16421,hostplant-912474,species-22909,ハマナス,バラ科,ハマナス,Rosa rugosa,public/assets/data-lite/ylist-lite.json
16422,hostplant-912475,species-22909,キリ,キリ科,キリ,Paulownia tomentosa,public/assets/data-lite/ylist-lite.json
16423,hostplant-912477,species-22920,イスノキ,マンサク科,イスノキ,Distylium racemosum,public/assets/data-lite/ylist-lite.json
16424,hostplant-912478,species-22921,イスノキ,マンサク科,イスノキ,Distylium racemosum,public/assets/data-lite/ylist-lite.json
16432,hostplant-912486,species-22924,ウメ,バラ科,ウメ,Prunus mume,public/assets/data-lite/ylist-lite.json
16433,hostplant-912487,species-22924,ハマナス,バラ科,ハマナス,Rosa rugosa,public/assets/data-lite/ylist-lite.json
16434,hostplant-912490,species-22924,シラキ,トウダイグサ科,シラキ,Neoshirakia japonica,public/assets/data-lite/ylist-lite.json
16435,hostplant-912491,species-22924,カラスザンショウ,ミカン科,カラスザンショウ,Zanthoxylum ailanthoides var. ailanthoides,public/assets/data-lite/ylist-lite.json
16436,hostplant-912492,species-22924,ヤマモミジ,ムクロジ科,ヤマモミジ,Acer amoenum var. matsumurae,public/assets/data-lite/ylist-lite.json
16439,hostplant-912497,species-22935,イスノキ,マンサク科,イスノキ,Distylium racemosum,public/assets/data-lite/ylist-lite.json
16447,hostplant-912507,species-22948,ウメ,バラ科,ウメ,Prunus mume,public/assets/data-lite/ylist-lite.json
16448,hostplant-912508,species-22948,ハマナス,バラ科,ハマナス,Rosa rugosa,public/assets/data-lite/ylist-lite.json
16449,hostplant-912511,species-22948,カラスザンショウ,ミカン科,カラスザンショウ,Zanthoxylum ailanthoides var. ailanthoides,public/assets/data-lite/ylist-lite.json
16450,hostplant-912512,species-22948,キリ,キリ科,キリ,Paulownia tomentosa,public/assets/data-lite/ylist-lite.json
16451,hostplant-912513,species-22948,ヤマモミジ,ムクロジ科,ヤマモミジ,Acer amoenum var. matsumurae,public/assets/data-lite/ylist-lite.json
16457,hostplant-912521,species-22964,シャクヤク,ボタン科,シャクヤク,Paeonia lactiflora var. trichocarpa,public/assets/data-lite/ylist-lite.json
16458,hostplant-912522,species-22964,ウメ,バラ科,ウメ,Prunus mume,public/assets/data-lite/ylist-lite.json
16459,hostplant-912523,species-22964,ハマナス,バラ科,ハマナス,Rosa rugosa,public/assets/data-lite/ylist-lite.json
16460,hostplant-912526,species-22964,シラキ,トウダイグサ科,シラキ,Neoshirakia japonica,public/assets/data-lite/ylist-lite.json
16461,hostplant-912527,species-22964,カラスザンショウ,ミカン科,カラスザンショウ,Zanthoxylum ailanthoides var. ailanthoides,public/assets/data-lite/ylist-lite.json
16462,hostplant-912528,species-22964,ショウベンノキ,ミツバウツギ科,ショウベンノキ,Turpinia ternata,public/assets/data-lite/ylist-lite.json
16467,hostplant-912534,species-22989,イスノキ,マンサク科,イスノキ,Distylium racemosum,public/assets/data-lite/ylist-lite.json
16468,hostplant-912535,species-22989,ウメ,バラ科,ウメ,Prunus mume,public/assets/data-lite/ylist-lite.json
16469,hostplant-912536,species-22989,カラスザンショウ,ミカン科,カラスザンショウ,Zanthoxylum ailanthoides var. ailanthoides,public/assets/data-lite/ylist-lite.json
16470,hostplant-912537,species-22989,キリ,キリ科,キリ,Paulownia tomentosa,public/assets/data-lite/ylist-lite.json
16471,hostplant-912538,species-22989,ヤマモミジ,ムクロジ科,ヤマモミジ,Acer amoenum var. matsumurae,public/assets/data-lite/ylist-lite.json
16472,hostplant-912539,species-22989,ショウベンノキ,ミツバウツギ科,ショウベンノキ,Turpinia ternata,public/assets/data-lite/ylist-lite.json
16477,hostplant-912545,species-22996,ショウベンノキ,ミツバウツギ科,ショウベンノキ,Turpinia ternata,public/assets/data-lite/ylist-lite.json
16478,hostplant-912547,species-22999,カラスザンショウ,ミカン科,カラスザンショウ,Zanthoxylum ailanthoides var. ailanthoides,public/assets/data-lite/ylist-lite.json
16479,hostplant-912550,species-23003,カラスザンショウ,ミカン科,カラスザンショウ,Zanthoxylum ailanthoides var. ailanthoides,public/assets/data-lite/ylist-lite.json
16480,hostplant-912553,species-23005,カラスザンショウ,ミカン科,カラスザンショウ,Zanthoxylum ailanthoides var. ailanthoides,public/assets/data-lite/ylist-lite.json
16485,hostplant-912559,species-23015,ハマナス,バラ科,ハマナス,Rosa rugosa,public/assets/data-lite/ylist-lite.json
16486,hostplant-912560,species-23015,キリ,キリ科,キリ,Paulownia tomentosa,public/assets/data-lite/ylist-lite.json
16492,hostplant-912567,species-23017,ハマナス,バラ科,ハマナス,Rosa rugosa,public/assets/data-lite/ylist-lite.json
16493,hostplant-912568,species-23017,キリ,キリ科,キリ,Paulownia tomentosa,public/assets/data-lite/ylist-lite.json
16496,hostplant-912572,species-0028,タニガワハンノキ,カバノキ科,タニガワハンノキ,Alnus inokumae,public/assets/data-lite/ylist-lite.json
16571,hostplant-912649,species-0774,ノアサガオ,ヒルガオ科,ノアサガオ,Ipomoea indica,public/assets/data-lite/ylist-lite.json
16573,hostplant-912651,species-0775,サツマイモ,ヒルガオ科,サツマイモ,Ipomoea batatas,public/assets/data-lite/ylist-lite.json
16591,hostplant-912669,species-0792,クズ,マメ科,クズ,Pueraria lobata subsp. lobata,public/assets/data-lite/ylist-lite.json
16606,hostplant-912684,species-0829,シシウド,セリ科,シシウド,Angelica pubescens,public/assets/data-lite/ylist-lite.json
16623,hostplant-912701,species-0859,キンギンボク,スイカズラ科,キンギンボク,Lonicera morrowii,public/assets/data-lite/ylist-lite.json
16658,hostplant-912736,species-0885,ネザサ,イネ科,ネザサ,Pleioblastus argenteostriatus f. glaber,public/assets/data-lite/ylist-lite.json
16660,hostplant-912738,species-0887,ネザサ,イネ科,ネザサ,Pleioblastus argenteostriatus f. glaber,public/assets/data-lite/ylist-lite.json
16791,hostplant-912870,species-1163,ガマ,ガマ科,ガマ,Typha latifolia,public/assets/data-lite/ylist-lite.json
16796,hostplant-912875,species-1179,ホップ,アサ科,ホップ,Humulus lupulus var. lupulus,public/assets/data-lite/ylist-lite.json
16797,hostplant-912876,species-1179,カラハナソウ,アサ科,カラハナソウ,Humulus lupulus var. cordifolius,public/assets/data-lite/ylist-lite.json
16798,hostplant-912877,species-1179,カラムシ,イラクサ科,カラムシ,Boehmeria nivea var. concolor f. nipononivea,public/assets/data-lite/ylist-lite.json
16800,hostplant-912879,species-1180,ナンテンハギ,マメ科,ナンテンハギ,Vicia unijuga,public/assets/data-lite/ylist-lite.json
16819,hostplant-912898,species-1226,ネザサ,イネ科,ネザサ,Pleioblastus argenteostriatus f. glaber,public/assets/data-lite/ylist-lite.json
16820,hostplant-912899,species-1226,クマザサ,イネ科,クマザサ,Sasa veitchii var. veitchii,public/assets/data-lite/ylist-lite.json
16821,hostplant-912900,species-1226,ヤダケ,イネ科,ヤダケ,Pseudosasa japonica,public/assets/data-lite/ylist-lite.json
16822,hostplant-912901,species-1226,スズ,イネ科,スズタケ,Sasa borealis,public/assets/data-lite/ylist-lite.json
16869,hostplant-912949,species-1310,アカザ,ヒユ科,アカザ,Chenopodium album var. centrorubrum,public/assets/data-lite/ylist-lite.json
16881,hostplant-912961,species-1329,コナラ,ブナ科,コナラ,Quercus serrata,public/assets/data-lite/ylist-lite.json
16973,hostplant-913057,species-1425,サワグルミ,クルミ科,サワグルミ,Pterocarya rhoifolia,public/assets/data-lite/ylist-lite.json
17002,hostplant-913086,species-1458,ミズナラ,ブナ科,ミズナラ,Quercus crispula var. crispula,public/assets/data-lite/ylist-lite.json
17018,hostplant-913102,species-1492,ハゼノキ,ウルシ科,ハゼノキ,Toxicodendron succedaneum,public/assets/data-lite/ylist-lite.json
17019,hostplant-913103,species-1492,マンゴー,ウルシ科,マンゴー,Mangifera indica,public/assets/data-lite/ylist-lite.json
17074,hostplant-913159,species-1563,アンズ,バラ科,アンズ,Prunus armeniaca,public/assets/data-lite/ylist-lite.json
17075,hostplant-913160,species-1563,スモモ,バラ科,スモモ,Prunus salicina,public/assets/data-lite/ylist-lite.json
17077,hostplant-913162,species-1566,サワフタギ,ハイノキ科,サワフタギ,Symplocos sawafutagi,public/assets/data-lite/ylist-lite.json
17078,hostplant-913163,species-1566,タンナサワフタギ,ハイノキ科,タンナサワフタギ,Symplocos coreana,public/assets/data-lite/ylist-lite.json
