record_id,insect_id,original_observation_type,retained_observation_type,original_notes,retained_notes,removed_segments
hostplant-000233,species-0270,国外,国外,ヨーロッパ,,ヨーロッパ / ヨーロッパ
hostplant-000234,species-0270,国外,国外,ヨーロッパ,,ヨーロッパ / ヨーロッパ
hostplant-002793,species-4828,国外,国外,ヨーロッパ,,ヨーロッパ / ヨーロッパ
hostplant-002794,species-4828,国外,国外,ヨーロッパ,,ヨーロッパ / ヨーロッパ
hostplant-003478,species-5593,国外,国外,ヨーロッパ,,ヨーロッパ / ヨーロッパ
hostplant-003483,species-5595,国外,国外,ヨーロッパ,,ヨーロッパ / ヨーロッパ
hostplant-003616,species-5692,国外,国外,ヨーロッパ,,ヨーロッパ / ヨーロッパ
hostplant-003835,species-5816,国外,国外,ヨーロッパ,,ヨーロッパ / ヨーロッパ
hostplant-004210,species-6062,国外,国外,ヨーロッパ,,ヨーロッパ / ヨーロッパ
hostplant-004211,species-6062,野外（国内）,国外,ヨーロッパ,,ヨーロッパ / ヨーロッパ
hostplant-004212,species-6062,野外（国内）,国外,ヨーロッパ,,ヨーロッパ / ヨーロッパ
hostplant-004213,species-6062,野外（国内）,国外,ヨーロッパ,,ヨーロッパ / ヨーロッパ
hostplant-004214,species-6062,野外（国内）,国外,ヨーロッパ,,ヨーロッパ / ヨーロッパ
hostplant-004274,species-6108,国外,国外,ヨーロッパ,,ヨーロッパ / ヨーロッパ
hostplant-zukan2-ocr-audit-20260705-0004,species-20710,国外,国外,ヨーロッパ記録,,ヨーロッパ記録 / ヨーロッパ記録
hostplant-zukan2-ocr-audit-20260705-0005,species-20710,国外,国外,ヨーロッパ記録,,ヨーロッパ記録 / ヨーロッパ記録
hostplant-zukan2-ocr-audit-20260705-0006,species-20710,国外,国外,ヨーロッパ記録,,ヨーロッパ記録 / ヨーロッパ記録
hostplant-zukan2-ocr-audit-20260705-0007,species-20710,国外,国外,ヨーロッパ記録,,ヨーロッパ記録 / ヨーロッパ記録
hostplant-zukan2-ocr-audit-20260705-0008,species-20710,国外,国外,ヨーロッパ記録,,ヨーロッパ記録 / ヨーロッパ記録
hostplant-zukan2-ocr-audit-20260705-0009,species-20710,国外,国外,ヨーロッパ記録,,ヨーロッパ記録 / ヨーロッパ記録
hostplant-zukan2-ocr-audit-20260705-0010,species-20710,国外,国外,ヨーロッパ記録,,ヨーロッパ記録 / ヨーロッパ記録
hostplant-zukan2-ocr-audit-20260705-0011,species-20710,国外,国外,ヨーロッパ記録,,ヨーロッパ記録 / ヨーロッパ記録
hostplant-004275,species-6108,国外,国外,ヨーロッパ,,ヨーロッパ / ヨーロッパ
hostplant-004276,species-6108,国外,国外,ヨーロッパ,,ヨーロッパ / ヨーロッパ
hostplant-004429,species-0053,国外,国外,ヨーロッパ,,ヨーロッパ / ヨーロッパ
hostplant-004430,species-0053,国外,国外,ヨーロッパ,,ヨーロッパ / ヨーロッパ
hostplant-004431,species-0053,国外,国外,ヨーロッパ,,ヨーロッパ / ヨーロッパ
hostplant-091008,species-6108,国外,国外,ヨーロッパ,,ヨーロッパ / ヨーロッパ
hostplant-091010,species-6060,国外,国外,ヨーロッパ,,ヨーロッパ / ヨーロッパ
hostplant-091011,species-6060,国外,国外,ヨーロッパ,,ヨーロッパ / ヨーロッパ
hostplant-091012,species-6060,国外,国外,ヨーロッパ,,ヨーロッパ / ヨーロッパ
hostplant-091013,species-6060,国外,国外,ヨーロッパ,,ヨーロッパ / ヨーロッパ
hostplant-091014,species-6060,国外,国外,ヨーロッパ,,ヨーロッパ / ヨーロッパ
hostplant-091015,species-6060,国外,国外,ヨーロッパ,,ヨーロッパ / ヨーロッパ
hostplant-091016,species-6060,国外,国外,ヨーロッパ,,ヨーロッパ / ヨーロッパ
hostplant-091017,species-6060,国外,国外,ヨーロッパ,,ヨーロッパ / ヨーロッパ
hostplant-091018,species-6060,国外,国外,ヨーロッパ,,ヨーロッパ / ヨーロッパ
hostplant-091019,species-6060,国外,国外,ヨーロッパ,,ヨーロッパ / ヨーロッパ
hostplant-900047,species-2091,野外（国外）,野外（国外）,海外記録（我が国では未知）,,海外記録（我が国では未知） / 海外記録（我が国では未知）
hostplant-900048,species-2091,野外（国外）,野外（国外）,海外記録（我が国では未知）,,海外記録（我が国では未知） / 海外記録（我が国では未知）
hostplant-900049,species-2091,野外（国外）,野外（国外）,海外記録（我が国では未知）,,海外記録（我が国では未知） / 海外記録（我が国では未知）
hostplant-900050,species-2091,野外（国外）,野外（国外）,海外記録（我が国では未知）,,海外記録（我が国では未知） / 海外記録（我が国では未知）
hostplant-900051,species-2091,野外（国外）,野外（国外）,海外記録（我が国では未知）,,海外記録（我が国では未知） / 海外記録（我が国では未知）
hostplant-900077,species-1882,野外（国外）,野外（国外）,ヨーロッパ記録,,ヨーロッパ記録 / ヨーロッパ記録
hostplant-900078,species-1882,野外（国外）,野外（国外）,ヨーロッパ記録,,ヨーロッパ記録 / ヨーロッパ記録
hostplant-900079,species-1882,野外（国外）,野外（国外）,ヨーロッパ記録,,ヨーロッパ記録 / ヨーロッパ記録
hostplant-900080,species-1882,野外（国外）,野外（国外）,ヨーロッパ記録,,ヨーロッパ記録 / ヨーロッパ記録
hostplant-900081,species-1883,野外（国外）,野外（国外）,ヨーロッパ記録,,ヨーロッパ記録 / ヨーロッパ記録
hostplant-900082,species-1883,野外（国外）,野外（国外）,ヨーロッパ記録,,ヨーロッパ記録 / ヨーロッパ記録
hostplant-900083,species-1883,野外（国外）,野外（国外）,ヨーロッパ記録,,ヨーロッパ記録 / ヨーロッパ記録
hostplant-900086,species-2074,野外（国外）,野外（国外）,国外記録,,国外記録 / 国外記録
hostplant-900087,species-2074,野外（国外）,野外（国外）,国外記録,,国外記録 / 国外記録
hostplant-900088,species-2076,野外（国外）,野外（国外）,国外記録,,国外記録 / 国外記録
hostplant-900089,species-2076,野外（国外）,野外（国外）,国外記録,,国外記録 / 国外記録
hostplant-900090,species-2078,野外（国外）,野外（国外）,ヨーロッパ記録,,ヨーロッパ記録 / ヨーロッパ記録
hostplant-900091,species-2087,野外（国外）,野外（国外）,海外記録,,海外記録 / 海外記録
hostplant-900092,species-2087,野外（国外）,野外（国外）,海外記録,,海外記録 / 海外記録
hostplant-900093,species-2087,野外（国外）,野外（国外）,海外記録,,海外記録 / 海外記録
hostplant-900094,species-2087,野外（国外）,野外（国外）,海外記録,,海外記録 / 海外記録
hostplant-900095,species-2090,野外（国外）,野外（国外）,ヨーロッパ記録,,ヨーロッパ記録 / ヨーロッパ記録
hostplant-900097,species-2092,野外（国外）,野外（国外）,ヨーロッパ記録,,ヨーロッパ記録 / ヨーロッパ記録
hostplant-900098,species-2092,野外（国外）,野外（国外）,ヨーロッパ記録,,ヨーロッパ記録 / ヨーロッパ記録
hostplant-900099,species-2092,野外（国外）,野外（国外）,ヨーロッパ記録,,ヨーロッパ記録 / ヨーロッパ記録
hostplant-900100,species-2092,野外（国外）,野外（国外）,ヨーロッパ記録,,ヨーロッパ記録 / ヨーロッパ記録
hostplant-900102,species-2070,野外（国外）,野外（国外）,海外記録,,海外記録 / 海外記録
hostplant-900103,species-2079,野外（国外）,野外（国外）,ヨーロッパ記録,,ヨーロッパ記録 / ヨーロッパ記録
hostplant-900356,species-H119,国外,国外,中国,,中国 / 中国
hostplant-902093,species-1633,野外（国外）,野外（国外）,中国で記録,,中国で記録 / 中国で記録
hostplant-902094,species-1633,野外（国外）,野外（国外）,中国で記録,,中国で記録 / 中国で記録
hostplant-902095,species-1633,野外（国外）,野外（国外）,中国で記録,,中国で記録 / 中国で記録
hostplant-902100,species-1505,野外（国外）,野外（国外）,中国で記録、日本では未確認,,中国で記録、日本では未確認 / 中国で記録、日本では未確認
hostplant-902167,species-1536,野外（国外）,野外（国外）,中国で記録,,中国で記録 / 中国で記録
hostplant-902168,species-1536,野外（国外）,野外（国外）,中国で記録,,中国で記録 / 中国で記録
hostplant-902169,species-1536,野外（国外）,野外（国外）,中国で記録,,中国で記録 / 中国で記録
hostplant-908261,species-0212,文献,文献,ヨーロッパでの記録,,ヨーロッパでの記録 / ヨーロッパでの記録
hostplant-912799,species-0992,国外,国外,ヨーロッパ / 国内では不明,,ヨーロッパ / 国内では不明 / ヨーロッパ / 国内では不明
hostplant-912943,species-1308,国外,国外,ヨーロッパ,,ヨーロッパ / ヨーロッパ
hostplant-912944,species-1308,国外,国外,ヨーロッパ,,ヨーロッパ / ヨーロッパ
hostplant-913078,species-1444,国外,国外,日本での幼生期は不明,,日本での幼生期は不明 / 日本での幼生期は不明
hostplant-913197,species-1308,国外,国外,ヨーロッパ,,ヨーロッパ / ヨーロッパ
hostplant-913198,species-1308,国外,国外,ヨーロッパ,,ヨーロッパ / ヨーロッパ
hostplant-H3-0056,species-1921,野外（国外）,野外（国外）,海外記録,,海外記録 / 海外記録
hostplant-H3-0057,species-1921,野外（国外）,野外（国外）,海外記録,,海外記録 / 海外記録
hostplant-H3-0058,species-1921,野外（国外）,野外（国外）,海外記録,,海外記録 / 海外記録
hostplant-H3-0061,species-1922,野外（国外）,野外（国外）,海外記録,,海外記録 / 海外記録
hostplant-H3-0065,species-1925,野外（国外）,野外（国外）,海外記録,,海外記録 / 海外記録
hostplant-H3-0081,species-1939,野外（国外）,野外（国外）,海外記録,,海外記録 / 海外記録
hostplant-H3-0082,species-1939,野外（国外）,野外（国外）,海外記録,,海外記録 / 海外記録
hostplant-H3-0083,species-1939,野外（国外）,野外（国外）,海外記録,,海外記録 / 海外記録
hostplant-H3-0098,species-1946,野外（国外）,野外（国外）,海外記録,,海外記録 / 海外記録
hostplant-H3-0099,species-1946,野外（国外）,野外（国外）,海外記録,,海外記録 / 海外記録
hostplant-H3-0100,species-1946,野外（国外）,野外（国外）,海外記録,,海外記録 / 海外記録
hostplant-H3-0101,species-1946,野外（国外）,野外（国外）,海外記録,,海外記録 / 海外記録
hostplant-H3-0137,species-1956,野外（国外）,野外（国外）,海外記録,,海外記録 / 海外記録
hostplant-H3-0184,species-1982,野外（国外）,野外（国外）,海外記録,,海外記録 / 海外記録
hostplant-H3-0185,species-1982,野外（国外）,野外（国外）,海外記録,,海外記録 / 海外記録
hostplant-H3-0203,species-1992,野外（国外）,野外（国外）,海外記録,,海外記録 / 海外記録
hostplant-H3-0204,species-1992,野外（国外）,野外（国外）,海外記録,,海外記録 / 海外記録
hostplant-H3-0208,species-2037,野外（国外）,野外（国外）,海外記録,,海外記録 / 海外記録
hostplant-H3-0209,species-2037,野外（国外）,野外（国外）,海外記録,,海外記録 / 海外記録
hostplant-H3-0210,species-2037,野外（国外）,野外（国外）,海外記録,,海外記録 / 海外記録
hostplant-H3-0217,species-2023,野外（国外）,野外（国外）,海外記録,,海外記録 / 海外記録
hostplant-H3-0218,species-2023,野外（国外）,野外（国外）,海外記録,,海外記録 / 海外記録
hostplant-H3-0240,species-2002,野外（国外）,野外（国外）,海外記録,,海外記録 / 海外記録
hostplant-H3-0241,species-2002,野外（国外）,野外（国外）,海外記録,,海外記録 / 海外記録
hostplant-H3-0242,species-2002,野外（国外）,野外（国外）,海外記録,,海外記録 / 海外記録
hostplant-H3-0243,species-2002,野外（国外）,野外（国外）,海外記録,,海外記録 / 海外記録
hostplant-H3-0254,species-2016,野外（国外）,野外（国外）,海外記録,,海外記録 / 海外記録
hostplant-H3-0255,species-2016,野外（国外）,野外（国外）,海外記録,,海外記録 / 海外記録
hostplant-H3-0275,species-2017,野外（国外）,野外（国外）,海外記録,,海外記録 / 海外記録
hostplant-H3-0276,species-2018,野外（国外）,野外（国外）,海外記録,,海外記録 / 海外記録
hostplant-H3-0287,species-2029,野外（国外）,野外（国外）,海外記録,,海外記録 / 海外記録
hostplant-H3-0288,species-2029,野外（国外）,野外（国外）,海外記録,,海外記録 / 海外記録
hostplant-H3-0289,species-2029,野外（国外）,野外（国外）,海外記録,,海外記録 / 海外記録
hostplant-H3-0290,species-2036,野外（国外）,野外（国外）,海外記録,,海外記録 / 海外記録
hostplant-H3-0291,species-2036,野外（国外）,野外（国外）,海外記録,,海外記録 / 海外記録
hostplant-H3-0292,species-2036,野外（国外）,野外（国外）,海外記録,,海外記録 / 海外記録
hostplant-H3-0294,species-2038,野外（国外）,野外（国外）,海外記録,,海外記録 / 海外記録
hostplant-H3-0307,species-2047,野外（国外）,野外（国外）,海外記録,,海外記録 / 海外記録
hostplant-H3-0308,species-2047,野外（国外）,野外（国外）,海外記録,,海外記録 / 海外記録
hostplant-H3-0309,species-2047,野外（国外）,野外（国外）,海外記録,,海外記録 / 海外記録
hostplant-H3-0310,species-2047,野外（国外）,野外（国外）,海外記録,,海外記録 / 海外記録
hostplant-H3-0335,species-2053,野外（国外）,野外（国外）,海外記録,,海外記録 / 海外記録
hostplant-H2-audit-001,species-1882,野外（国外）,野外（国外）,ヨーロッパ記録,,ヨーロッパ記録 / ヨーロッパ記録
hostplant-H2-audit-002,species-1883,野外（国外）,野外（国外）,ヨーロッパ記録,,ヨーロッパ記録 / ヨーロッパ記録
hostplant-H2-audit-004,species-2074,野外（国外）,野外（国外）,国外記録,,国外記録 / 国外記録
hostplant-H2-audit-005,species-2076,野外（国外）,野外（国外）,国外記録,,国外記録 / 国外記録
hostplant-H2-audit-006,species-2078,野外（国外）,野外（国外）,ヨーロッパ記録,,ヨーロッパ記録 / ヨーロッパ記録
hostplant-H2-audit-007,species-2087,野外（国外）,野外（国外）,海外記録,,海外記録 / 海外記録
hostplant-H2-audit-008,species-2090,野外（国外）,野外（国外）,ヨーロッパ記録,,ヨーロッパ記録 / ヨーロッパ記録
hostplant-H2-audit-010,species-2082,野外（国外）,野外（国外）,ヨーロッパ記録,,ヨーロッパ記録 / ヨーロッパ記録
hostplant-H2-audit-011,species-2092,野外（国外）,野外（国外）,ヨーロッパ記録,,ヨーロッパ記録 / ヨーロッパ記録
hostplant-kamikiri-lamiini-20260705-0001,species-22770,文献,文献,PDF本文・寄主植物一覧で確認,,PDF本文・寄主植物一覧で確認 / PDF本文・寄主植物一覧で確認
hostplant-kamikiri-lamiini-20260705-0002,species-22771,文献,文献,PDF本文・寄主植物一覧で確認,,PDF本文・寄主植物一覧で確認 / PDF本文・寄主植物一覧で確認
hostplant-kamikiri-lamiini-20260705-0003,species-22771,文献,文献,PDF本文・寄主植物一覧で確認,,PDF本文・寄主植物一覧で確認 / PDF本文・寄主植物一覧で確認
hostplant-kamikiri-lamiini-20260705-0004,species-22774,文献,文献,PDF本文で確認,,PDF本文で確認 / PDF本文で確認
hostplant-kamikiri-lamiini-20260705-0005,species-22777,文献,文献,PDF本文で確認,,PDF本文で確認 / PDF本文で確認
hostplant-kamikiri-lamiini-20260705-0006,species-22777,文献,文献,PDF本文で確認,,PDF本文で確認 / PDF本文で確認
hostplant-kamikiri-lamiini-20260705-0007,species-22777,文献,文献,PDF本文で確認,,PDF本文で確認 / PDF本文で確認
hostplant-kamikiri-lamiini-20260705-0008,species-22777,文献,文献,PDF本文で確認,,PDF本文で確認 / PDF本文で確認
hostplant-kamikiri-lamiini-20260705-0009,species-22777,文献,文献,PDF本文で確認,,PDF本文で確認 / PDF本文で確認
hostplant-kamikiri-lamiini-20260705-0010,species-22777,文献,文献,PDF本文で確認,,PDF本文で確認 / PDF本文で確認
hostplant-kamikiri-lamiini-20260705-0011,species-22777,文献,文献,PDF本文で確認,,PDF本文で確認 / PDF本文で確認
hostplant-kamikiri-lamiini-20260705-0012,species-22779,文献,文献,PDF本文で確認,,PDF本文で確認 / PDF本文で確認
hostplant-kamikiri-lamiini-20260705-0013,species-22779,文献,文献,PDF本文で確認,,PDF本文で確認 / PDF本文で確認
hostplant-kamikiri-lamiini-20260705-0014,species-22779,文献,文献,PDF本文で確認,,PDF本文で確認 / PDF本文で確認
hostplant-kamikiri-lamiini-20260705-0015,species-22779,文献,文献,PDF本文で確認,,PDF本文で確認 / PDF本文で確認
hostplant-kamikiri-lamiini-20260705-0016,species-22779,文献,文献,PDF本文で確認,,PDF本文で確認 / PDF本文で確認
hostplant-kamikiri-lamiini-20260705-0017,species-22782,文献,文献,PDF本文で確認,,PDF本文で確認 / PDF本文で確認
hostplant-kamikiri-lamiini-20260705-0018,species-22782,文献,文献,PDF本文で確認,,PDF本文で確認 / PDF本文で確認
hostplant-kamikiri-lamiini-20260705-0019,species-22782,文献,文献,PDF本文で確認,,PDF本文で確認 / PDF本文で確認
hostplant-kamikiri-lamiini-20260705-0020,species-22783,文献,文献,PDF本文で確認,,PDF本文で確認 / PDF本文で確認
hostplant-kamikiri-lamiini-20260705-0021,species-22783,文献,文献,PDF本文で確認,,PDF本文で確認 / PDF本文で確認
hostplant-kamikiri-lamiini-20260705-0022,species-22783,文献,文献,PDF本文で確認,,PDF本文で確認 / PDF本文で確認
hostplant-kamikiri-lamiini-20260705-0023,species-22783,文献,文献,PDF本文で確認,,PDF本文で確認 / PDF本文で確認
hostplant-kamikiri-lamiini-20260705-0024,species-22785,文献,文献,PDF本文で確認,,PDF本文で確認 / PDF本文で確認
hostplant-kamikiri-lamiini-20260705-0025,species-22785,文献,文献,PDF本文で確認,,PDF本文で確認 / PDF本文で確認
hostplant-kamikiri-lamiini-20260705-0026,species-22785,文献,文献,PDF本文で確認,,PDF本文で確認 / PDF本文で確認
hostplant-kamikiri-lamiini-20260705-0027,species-22785,文献,文献,PDF本文で確認,,PDF本文で確認 / PDF本文で確認
hostplant-kamikiri-lamiini-20260705-0028,species-22785,文献,文献,PDF本文で確認,,PDF本文で確認 / PDF本文で確認
hostplant-kamikiri-lamiini-20260705-0029,species-22790,文献,文献,PDF本文で確認,,PDF本文で確認 / PDF本文で確認
hostplant-kamikiri-lamiini-20260705-0030,species-22790,文献,文献,PDF本文で確認,,PDF本文で確認 / PDF本文で確認
hostplant-kamikiri-lamiini-20260705-0031,species-22790,文献,文献,PDF本文で確認,,PDF本文で確認 / PDF本文で確認
hostplant-kamikiri-lamiini-20260705-0032,species-22790,文献,文献,PDF本文で確認,,PDF本文で確認 / PDF本文で確認
hostplant-kamikiri-lamiini-20260705-0033,species-22780,文献,文献,PDF本文で確認,,PDF本文で確認 / PDF本文で確認
hostplant-kamikiri-lamiini-20260705-0034,species-22781,文献,文献,PDF本文で確認,,PDF本文で確認 / PDF本文で確認
hostplant-kamikiri-lamiini-20260705-0035,species-22781,文献,文献,PDF本文で確認,,PDF本文で確認 / PDF本文で確認
hostplant-kamikiri-lamiini-20260705-0036,species-22781,文献,文献,PDF本文で確認,,PDF本文で確認 / PDF本文で確認
hostplant-kamikiri-lamiini-20260705-0037,species-22792,文献,文献,PDF本文で確認,,PDF本文で確認 / PDF本文で確認
hostplant-PDFAUDIT-20260710-0018,species-4211,野外（国外）,野外（国外）,日本での寄主植物は未知 / ヨーロッパの記録,,日本での寄主植物は未知 / ヨーロッパの記録 / 日本での寄主植物は未知 / ヨーロッパの記録
hostplant-PDFAUDIT-20260710-0019,species-4211,野外（国外）,野外（国外）,日本での寄主植物は未知 / ヨーロッパの記録,,日本での寄主植物は未知 / ヨーロッパの記録 / 日本での寄主植物は未知 / ヨーロッパの記録
hostplant-PDFAUDIT-20260710-0021,species-4351,野外（国外）,野外（国外）,日本での寄主植物は未知 / ヨーロッパの記録,,日本での寄主植物は未知 / ヨーロッパの記録 / 日本での寄主植物は未知 / ヨーロッパの記録
hostplant-PDFAUDIT-20260710-0022,species-4351,野外（国外）,野外（国外）,日本での寄主植物は未知 / ヨーロッパの記録,,日本での寄主植物は未知 / ヨーロッパの記録 / 日本での寄主植物は未知 / ヨーロッパの記録
hostplant-PDFAUDIT-20260710-0065,species-20677,野外（国外）,野外（国外）,ヨーロッパの記録,,ヨーロッパの記録 / ヨーロッパの記録
hostplant-PDFAUDIT-20260710-0084,species-20739,野外（国外）,野外（国外）,ヨーロッパの記録 / ヤナギは飼育可能,ヤナギは飼育可能,ヨーロッパの記録 / ヨーロッパの記録
hostplant-PDFAUDIT-20260710-0085,species-20739,野外（国外）,野外（国外）,ヨーロッパの記録 / ヤナギは飼育可能,ヤナギは飼育可能,ヨーロッパの記録 / ヨーロッパの記録
hostplant-PDFAUDIT-20260710-0086,species-20739,野外（国外）,野外（国外）,ヨーロッパの記録 / ヤナギは飼育可能,ヤナギは飼育可能,ヨーロッパの記録 / ヨーロッパの記録
hostplant-PDFAUDIT-20260710-0088,species-20769,野外（国外）,野外（国外）,ヨーロッパの記録,,ヨーロッパの記録 / ヨーロッパの記録
hostplant-PDFAUDIT-20260710-0089,species-20769,野外（国外）,野外（国外）,ヨーロッパの記録,,ヨーロッパの記録 / ヨーロッパの記録
hostplant-PDFAUDIT-20260710-0090,species-20769,野外（国外）,野外（国外）,ヨーロッパの記録,,ヨーロッパの記録 / ヨーロッパの記録
hostplant-PDFAUDIT-20260710-0091,species-20769,野外（国外）,野外（国外）,ヨーロッパの記録,,ヨーロッパの記録 / ヨーロッパの記録
hostplant-PDFAUDIT-20260710-0092,species-20769,野外（国外）,野外（国外）,ヨーロッパの記録,,ヨーロッパの記録 / ヨーロッパの記録
hostplant-PDFAUDIT-20260710-0110,species-5626,野外（国外）,野外（国外）,ヨーロッパの記録,,ヨーロッパの記録 / ヨーロッパの記録
hostplant-PDFAUDIT-20260710-0111,species-5761,野外（国外）,野外（国外）,日本での寄主植物は未知 / ヨーロッパの記録,,日本での寄主植物は未知 / ヨーロッパの記録 / 日本での寄主植物は未知 / ヨーロッパの記録
hostplant-PDFAUDIT-20260710-0119,species-5943,文献,文献,イネ科植物での飼育例 / 後2種はヨーロッパの記録,イネ科植物での飼育例,後2種はヨーロッパの記録 / 後2種はヨーロッパの記録
hostplant-PDFAUDIT-20260710-0120,species-5943,文献,野外（国外）,イネ科植物での飼育例 / 後2種はヨーロッパの記録,イネ科植物での飼育例,後2種はヨーロッパの記録 / 後2種はヨーロッパの記録
hostplant-PDFAUDIT-20260710-0121,species-5943,文献,野外（国外）,イネ科植物での飼育例 / 後2種はヨーロッパの記録,イネ科植物での飼育例,後2種はヨーロッパの記録 / 後2種はヨーロッパの記録
hostplant-PDFAUDIT-20260710-0201,species-1354,野外（国外）,野外（国外）,中国の記録,,中国の記録 / 中国の記録
hostplant-PDFAUDIT-20260710-0202,species-1354,野外（国外）,野外（国外）,中国の記録,,中国の記録 / 中国の記録
hostplant-PDFAUDIT-20260710-0203,species-1354,野外（国外）,野外（国外）,中国の記録,,中国の記録 / 中国の記録
hostplant-PDFAUDIT-20260710-0204,species-1354,野外（国外）,野外（国外）,中国の記録,,中国の記録 / 中国の記録
hostplant-PDFAUDIT-20260710-0268,species-5369,野外（国外）,野外（国外）,フィジーの文献記録,,フィジーの文献記録 / フィジーの文献記録
hostplant-SC-N73-ARAT-01,species-SC208,文献（国内・論文範囲）,文献（国内・論文範囲）,記録地域: 日本（論文の日本産節から推定 / 個別産地なし） / 地域根拠: 日本産標本について述べた直後のHosts欄だが、植物ごとの標本産地は未記載 / 原著植物名: Machilus japonica / YList採用名: Machilus japonica / 寄主根拠: 原著のHosts・Gallery欄 / 掲載頁: 17,個別産地なし）,記録地域: 日本（論文の日本産節から推定 / 地域根拠: 日本産標本について述べた直後のHosts欄だが、植物ごとの標本産地は未記載 / 原著植物名: Machilus japonica / YList採用名: Machilus japonica / 寄主根拠: 原著のHosts・Gallery欄 / 掲載頁: 17 / 記録地域: 日本（論文の日本産節から推定 / 地域根拠: 日本産標本について述べた直後のHosts欄だが、植物ごとの標本産地は未記載 / 原著植物名: Machilus japonica / YList採用名: Machilus japonica / 寄主根拠: 原著のHosts・Gallery欄 / 掲載頁: 17
hostplant-SC-N73-ARAT-02,species-SC208,文献（国内・論文範囲）,文献（国内・論文範囲）,記録地域: 日本（論文の日本産節から推定 / 個別産地なし） / 地域根拠: 日本産標本について述べた直後のHosts欄だが、植物ごとの標本産地は未記載 / 原著植物名: Prunus mume / YList採用名: Prunus mume / 寄主根拠: 原著のHosts・Gallery欄 / 掲載頁: 17,個別産地なし）,記録地域: 日本（論文の日本産節から推定 / 地域根拠: 日本産標本について述べた直後のHosts欄だが、植物ごとの標本産地は未記載 / 原著植物名: Prunus mume / YList採用名: Prunus mume / 寄主根拠: 原著のHosts・Gallery欄 / 掲載頁: 17 / 記録地域: 日本（論文の日本産節から推定 / 地域根拠: 日本産標本について述べた直後のHosts欄だが、植物ごとの標本産地は未記載 / 原著植物名: Prunus mume / YList採用名: Prunus mume / 寄主根拠: 原著のHosts・Gallery欄 / 掲載頁: 17
hostplant-SC-N73-ARAT-03,species-SC208,文献（国内・論文範囲）,文献（国内・論文範囲）,記録地域: 日本（論文の日本産節から推定 / 個別産地なし） / 地域根拠: 日本産標本について述べた直後のHosts欄だが、植物ごとの標本産地は未記載 / 原著植物名: Prunus pseudocerasus / YList採用名: Cerasus pseudocerasus / 寄主根拠: 原著のHosts・Gallery欄 / 掲載頁: 17,個別産地なし）,記録地域: 日本（論文の日本産節から推定 / 地域根拠: 日本産標本について述べた直後のHosts欄だが、植物ごとの標本産地は未記載 / 原著植物名: Prunus pseudocerasus / YList採用名: Cerasus pseudocerasus / 寄主根拠: 原著のHosts・Gallery欄 / 掲載頁: 17 / 記録地域: 日本（論文の日本産節から推定 / 地域根拠: 日本産標本について述べた直後のHosts欄だが、植物ごとの標本産地は未記載 / 原著植物名: Prunus pseudocerasus / YList採用名: Cerasus pseudocerasus / 寄主根拠: 原著のHosts・Gallery欄 / 掲載頁: 17
hostplant-SC-N73-ARAT-04,species-SC208,文献（国内・論文範囲）,文献（国内・論文範囲）,記録地域: 日本（論文の日本産節から推定 / 個別産地なし） / 地域根拠: 日本産標本について述べた直後のHosts欄だが、植物ごとの標本産地は未記載 / 原著植物名: Malus pumila var. domestica / YList採用名: Malus pumila var. domestica / 寄主根拠: 原著のHosts・Gallery欄 / 掲載頁: 17,個別産地なし）,記録地域: 日本（論文の日本産節から推定 / 地域根拠: 日本産標本について述べた直後のHosts欄だが、植物ごとの標本産地は未記載 / 原著植物名: Malus pumila var. domestica / YList採用名: Malus pumila var. domestica / 寄主根拠: 原著のHosts・Gallery欄 / 掲載頁: 17 / 記録地域: 日本（論文の日本産節から推定 / 地域根拠: 日本産標本について述べた直後のHosts欄だが、植物ごとの標本産地は未記載 / 原著植物名: Malus pumila var. domestica / YList採用名: Malus pumila var. domestica / 寄主根拠: 原著のHosts・Gallery欄 / 掲載頁: 17
hostplant-SC-N73-ARAT-05,species-SC208,文献（国内・論文範囲）,文献（国内・論文範囲）,記録地域: 日本（論文の日本産節から推定 / 個別産地なし） / 地域根拠: 日本産標本について述べた直後のHosts欄だが、植物ごとの標本産地は未記載 / 原著植物名: Sorbus commixta / YList採用名: Sorbus commixta / 寄主根拠: 原著のHosts・Gallery欄 / 掲載頁: 17,個別産地なし）,記録地域: 日本（論文の日本産節から推定 / 地域根拠: 日本産標本について述べた直後のHosts欄だが、植物ごとの標本産地は未記載 / 原著植物名: Sorbus commixta / YList採用名: Sorbus commixta / 寄主根拠: 原著のHosts・Gallery欄 / 掲載頁: 17 / 記録地域: 日本（論文の日本産節から推定 / 地域根拠: 日本産標本について述べた直後のHosts欄だが、植物ごとの標本産地は未記載 / 原著植物名: Sorbus commixta / YList採用名: Sorbus commixta / 寄主根拠: 原著のHosts・Gallery欄 / 掲載頁: 17
hostplant-SC-N73-CLAV-01,species-SC211,文献（国内・論文範囲）,文献（国内・論文範囲）,記録地域: 日本（論文の日本産節から推定 / 個別産地なし） / 地域根拠: 日本産標本を再検討した節のHosts欄だが、植物ごとの標本産地は未記載 / 原著植物名: Carpinus laxiflora / YList採用名: Carpinus laxiflora / 寄主根拠: 原著のHosts・Gallery欄 / 掲載頁: 19,個別産地なし）,記録地域: 日本（論文の日本産節から推定 / 地域根拠: 日本産標本を再検討した節のHosts欄だが、植物ごとの標本産地は未記載 / 原著植物名: Carpinus laxiflora / YList採用名: Carpinus laxiflora / 寄主根拠: 原著のHosts・Gallery欄 / 掲載頁: 19 / 記録地域: 日本（論文の日本産節から推定 / 地域根拠: 日本産標本を再検討した節のHosts欄だが、植物ごとの標本産地は未記載 / 原著植物名: Carpinus laxiflora / YList採用名: Carpinus laxiflora / 寄主根拠: 原著のHosts・Gallery欄 / 掲載頁: 19
hostplant-SC-N73-CLAV-02,species-SC211,文献（国内・論文範囲）,文献（国内・論文範囲）,記録地域: 日本（論文の日本産節から推定 / 個別産地なし） / 地域根拠: 日本産標本を再検討した節のHosts欄だが、植物ごとの標本産地は未記載 / 原著植物名: Carpinus japonica / YList採用名: Carpinus japonica / 寄主根拠: 原著のHosts・Gallery欄 / 掲載頁: 19,個別産地なし）,記録地域: 日本（論文の日本産節から推定 / 地域根拠: 日本産標本を再検討した節のHosts欄だが、植物ごとの標本産地は未記載 / 原著植物名: Carpinus japonica / YList採用名: Carpinus japonica / 寄主根拠: 原著のHosts・Gallery欄 / 掲載頁: 19 / 記録地域: 日本（論文の日本産節から推定 / 地域根拠: 日本産標本を再検討した節のHosts欄だが、植物ごとの標本産地は未記載 / 原著植物名: Carpinus japonica / YList採用名: Carpinus japonica / 寄主根拠: 原著のHosts・Gallery欄 / 掲載頁: 19
hostplant-SC-N73-CLAV-03,species-SC211,文献（国内・論文範囲）,文献（国内・論文範囲）,記録地域: 日本（論文の日本産節から推定 / 個別産地なし） / 地域根拠: 日本産標本を再検討した節のHosts欄だが、植物ごとの標本産地は未記載 / 原著植物名: Carpinus cordata / YList採用名: Carpinus cordata var. cordata / 寄主根拠: 原著のHosts・Gallery欄 / 掲載頁: 19,個別産地なし）,記録地域: 日本（論文の日本産節から推定 / 地域根拠: 日本産標本を再検討した節のHosts欄だが、植物ごとの標本産地は未記載 / 原著植物名: Carpinus cordata / YList採用名: Carpinus cordata var. cordata / 寄主根拠: 原著のHosts・Gallery欄 / 掲載頁: 19 / 記録地域: 日本（論文の日本産節から推定 / 地域根拠: 日本産標本を再検討した節のHosts欄だが、植物ごとの標本産地は未記載 / 原著植物名: Carpinus cordata / YList採用名: Carpinus cordata var. cordata / 寄主根拠: 原著のHosts・Gallery欄 / 掲載頁: 19
hostplant-SC-N73-DAHU-01,species-SC212,文献（国内・論文範囲）,文献（国内・論文範囲）,記録地域: 日本（論文の日本産節から推定 / 個別産地なし） / 地域根拠: 北海道産標本を列挙した節のHosts欄だが、植物ごとの標本産地は未記載 / 原著植物名: Betula platyphylla var. japonica / YList採用名: Betula platyphylla var. japonica / 寄主根拠: 原著のHosts・Gallery欄 / 掲載頁: 20,個別産地なし）,記録地域: 日本（論文の日本産節から推定 / 地域根拠: 北海道産標本を列挙した節のHosts欄だが、植物ごとの標本産地は未記載 / 原著植物名: Betula platyphylla var. japonica / YList採用名: Betula platyphylla var. japonica / 寄主根拠: 原著のHosts・Gallery欄 / 掲載頁: 20 / 記録地域: 日本（論文の日本産節から推定 / 地域根拠: 北海道産標本を列挙した節のHosts欄だが、植物ごとの標本産地は未記載 / 原著植物名: Betula platyphylla var. japonica / YList採用名: Betula platyphylla var. japonica / 寄主根拠: 原著のHosts・Gallery欄 / 掲載頁: 20
hostplant-SC-N73-DAHU-02,species-SC212,文献（国内・論文範囲）,文献（国内・論文範囲）,記録地域: 日本（論文の日本産節から推定 / 個別産地なし） / 地域根拠: 北海道産標本を列挙した節のHosts欄だが、植物ごとの標本産地は未記載 / 原著植物名: Betula ermanii / YList採用名: Betula ermanii / 寄主根拠: 原著のHosts・Gallery欄 / 掲載頁: 20,個別産地なし）,記録地域: 日本（論文の日本産節から推定 / 地域根拠: 北海道産標本を列挙した節のHosts欄だが、植物ごとの標本産地は未記載 / 原著植物名: Betula ermanii / YList採用名: Betula ermanii / 寄主根拠: 原著のHosts・Gallery欄 / 掲載頁: 20 / 記録地域: 日本（論文の日本産節から推定 / 地域根拠: 北海道産標本を列挙した節のHosts欄だが、植物ごとの標本産地は未記載 / 原著植物名: Betula ermanii / YList採用名: Betula ermanii / 寄主根拠: 原著のHosts・Gallery欄 / 掲載頁: 20
hostplant-SC-N73-DAHU-03,species-SC212,文献（国内・論文範囲）,文献（国内・論文範囲）,記録地域: 日本（論文の日本産節から推定 / 個別産地なし） / 地域根拠: 北海道産標本を列挙した節のHosts欄だが、植物ごとの標本産地は未記載 / 原著植物名: Machilus thunbergii / YList採用名: Machilus thunbergii / 寄主根拠: 原著のHosts・Gallery欄 / 掲載頁: 20,個別産地なし）,記録地域: 日本（論文の日本産節から推定 / 地域根拠: 北海道産標本を列挙した節のHosts欄だが、植物ごとの標本産地は未記載 / 原著植物名: Machilus thunbergii / YList採用名: Machilus thunbergii / 寄主根拠: 原著のHosts・Gallery欄 / 掲載頁: 20 / 記録地域: 日本（論文の日本産節から推定 / 地域根拠: 北海道産標本を列挙した節のHosts欄だが、植物ごとの標本産地は未記載 / 原著植物名: Machilus thunbergii / YList採用名: Machilus thunbergii / 寄主根拠: 原著のHosts・Gallery欄 / 掲載頁: 20
hostplant-SC-N73-ELLI-01,species-SC213,文献（国内・論文範囲）,文献（国内・論文範囲）,記録地域: 日本（群馬県をタイプ産地とする日本産節から推定） / 地域根拠: タイプ産地は群馬県、分布は日本とされるが、植物ごとの標本産地は未記載 / 原著植物名: Carpinus japonica / YList採用名: Carpinus japonica / 寄主根拠: 原著のHosts・Gallery欄 / 掲載頁: 20,,記録地域: 日本（群馬県をタイプ産地とする日本産節から推定） / 地域根拠: タイプ産地は群馬県、分布は日本とされるが、植物ごとの標本産地は未記載 / 原著植物名: Carpinus japonica / YList採用名: Carpinus japonica / 寄主根拠: 原著のHosts・Gallery欄 / 掲載頁: 20 / 記録地域: 日本（群馬県をタイプ産地とする日本産節から推定） / 地域根拠: タイプ産地は群馬県、分布は日本とされるが、植物ごとの標本産地は未記載 / 原著植物名: Carpinus japonica / YList採用名: Carpinus japonica / 寄主根拠: 原著のHosts・Gallery欄 / 掲載頁: 20
hostplant-SC-N73-ELLI-02,species-SC213,文献（国内・論文範囲）,文献（国内・論文範囲）,記録地域: 日本（群馬県をタイプ産地とする日本産節から推定） / 地域根拠: タイプ産地は群馬県、分布は日本とされるが、植物ごとの標本産地は未記載 / 原著植物名: Prunus mume / YList採用名: Prunus mume / 寄主根拠: 原著のHosts・Gallery欄 / 掲載頁: 20,,記録地域: 日本（群馬県をタイプ産地とする日本産節から推定） / 地域根拠: タイプ産地は群馬県、分布は日本とされるが、植物ごとの標本産地は未記載 / 原著植物名: Prunus mume / YList採用名: Prunus mume / 寄主根拠: 原著のHosts・Gallery欄 / 掲載頁: 20 / 記録地域: 日本（群馬県をタイプ産地とする日本産節から推定） / 地域根拠: タイプ産地は群馬県、分布は日本とされるが、植物ごとの標本産地は未記載 / 原著植物名: Prunus mume / YList採用名: Prunus mume / 寄主根拠: 原著のHosts・Gallery欄 / 掲載頁: 20
hostplant-SC-N73-ELLI-03,species-SC213,文献（国内・論文範囲）,文献（国内・論文範囲）,記録地域: 日本（群馬県をタイプ産地とする日本産節から推定） / 地域根拠: タイプ産地は群馬県、分布は日本とされるが、植物ごとの標本産地は未記載 / 原著植物名: Prunus sp. (Cherry) / YList採用名: Cerasus spp. / 寄主根拠: 原著のHosts・Gallery欄 / 掲載頁: 20,,記録地域: 日本（群馬県をタイプ産地とする日本産節から推定） / 地域根拠: タイプ産地は群馬県、分布は日本とされるが、植物ごとの標本産地は未記載 / 原著植物名: Prunus sp. (Cherry) / YList採用名: Cerasus spp. / 寄主根拠: 原著のHosts・Gallery欄 / 掲載頁: 20 / 記録地域: 日本（群馬県をタイプ産地とする日本産節から推定） / 地域根拠: タイプ産地は群馬県、分布は日本とされるが、植物ごとの標本産地は未記載 / 原著植物名: Prunus sp. (Cherry) / YList採用名: Cerasus spp. / 寄主根拠: 原著のHosts・Gallery欄 / 掲載頁: 20
hostplant-SC-N73-ELLI-04,species-SC213,文献（国内・論文範囲）,文献（国内・論文範囲）,記録地域: 日本（群馬県をタイプ産地とする日本産節から推定） / 地域根拠: タイプ産地は群馬県、分布は日本とされるが、植物ごとの標本産地は未記載 / 原著植物名: Sorbus commixta / YList採用名: Sorbus commixta / 寄主根拠: 原著のHosts・Gallery欄 / 掲載頁: 20,,記録地域: 日本（群馬県をタイプ産地とする日本産節から推定） / 地域根拠: タイプ産地は群馬県、分布は日本とされるが、植物ごとの標本産地は未記載 / 原著植物名: Sorbus commixta / YList採用名: Sorbus commixta / 寄主根拠: 原著のHosts・Gallery欄 / 掲載頁: 20 / 記録地域: 日本（群馬県をタイプ産地とする日本産節から推定） / 地域根拠: タイプ産地は群馬県、分布は日本とされるが、植物ごとの標本産地は未記載 / 原著植物名: Sorbus commixta / YList採用名: Sorbus commixta / 寄主根拠: 原著のHosts・Gallery欄 / 掲載頁: 20
hostplant-SC-N73-FRON-ZELK-01,species-SC215,文献（国内・明記）,文献（国内・明記）,"記録地域: 日本（本文でケヤキ樹皮下から普通に見つかると明記） / 地域根拠: 本文に In Japan, this species is commonly found under bark of Zelkova serrata と明記 / 原著植物名: Zelkova serrata / YList採用名: Zelkova serrata / 寄主根拠: 本文の日本産樹皮下記録とHosts欄 / 掲載頁: 22",,"記録地域: 日本（本文でケヤキ樹皮下から普通に見つかると明記） / 地域根拠: 本文に In Japan, this species is commonly found under bark of Zelkova serrata と明記 / 原著植物名: Zelkova serrata / YList採用名: Zelkova serrata / 寄主根拠: 本文の日本産樹皮下記録とHosts欄 / 掲載頁: 22 / 記録地域: 日本（本文でケヤキ樹皮下から普通に見つかると明記） / 地域根拠: 本文に In Japan, this species is commonly found under bark of Zelkova serrata と明記 / 原著植物名: Zelkova serrata / YList採用名: Zelkova serrata / 寄主根拠: 本文の日本産樹皮下記録とHosts欄 / 掲載頁: 22"
hostplant-SC-N73-FRON-OTHER-01,species-SC215,文献（国内・論文範囲）,文献（国内・論文範囲）,記録地域: 日本（論文の日本産節から推定 / 個別産地なし） / 地域根拠: 日本産節のHosts欄だが、ケヤキ以外は本文中に国別対応がない / 原著植物名: Quercus aliena / YList採用名: Quercus aliena / 寄主根拠: 原著のHosts・Gallery欄 / 掲載頁: 22,個別産地なし）,記録地域: 日本（論文の日本産節から推定 / 地域根拠: 日本産節のHosts欄だが、ケヤキ以外は本文中に国別対応がない / 原著植物名: Quercus aliena / YList採用名: Quercus aliena / 寄主根拠: 原著のHosts・Gallery欄 / 掲載頁: 22 / 記録地域: 日本（論文の日本産節から推定 / 地域根拠: 日本産節のHosts欄だが、ケヤキ以外は本文中に国別対応がない / 原著植物名: Quercus aliena / YList採用名: Quercus aliena / 寄主根拠: 原著のHosts・Gallery欄 / 掲載頁: 22
hostplant-SC-N73-FRON-OTHER-02,species-SC215,文献（国内・論文範囲）,文献（国内・論文範囲）,記録地域: 日本（論文の日本産節から推定 / 個別産地なし） / 地域根拠: 日本産節のHosts欄だが、ケヤキ以外は本文中に国別対応がない / 原著植物名: Prunus sargentii / YList採用名: Cerasus sargentii var. sargentii / 寄主根拠: 原著のHosts・Gallery欄 / 掲載頁: 22,個別産地なし）,記録地域: 日本（論文の日本産節から推定 / 地域根拠: 日本産節のHosts欄だが、ケヤキ以外は本文中に国別対応がない / 原著植物名: Prunus sargentii / YList採用名: Cerasus sargentii var. sargentii / 寄主根拠: 原著のHosts・Gallery欄 / 掲載頁: 22 / 記録地域: 日本（論文の日本産節から推定 / 地域根拠: 日本産節のHosts欄だが、ケヤキ以外は本文中に国別対応がない / 原著植物名: Prunus sargentii / YList採用名: Cerasus sargentii var. sargentii / 寄主根拠: 原著のHosts・Gallery欄 / 掲載頁: 22
hostplant-SC-N73-JAPO-01,species-SC217,文献（国内・論文範囲）,文献（国内・論文範囲）,記録地域: 日本（日本で最も普通とする節から推定 / 植物ごとの産地なし） / 地域根拠: 本文は日本で最も広く普通な種とし国内標本を列挙するが、Hosts欄は植物別産地を示さない / 原著植物名: Ulmus davidiana var. japonica / YList採用名: Ulmus davidiana var. japonica / 寄主根拠: 原著のHosts・Gallery欄 / 掲載頁: 23,植物ごとの産地なし）,記録地域: 日本（日本で最も普通とする節から推定 / 地域根拠: 本文は日本で最も広く普通な種とし国内標本を列挙するが、Hosts欄は植物別産地を示さない / 原著植物名: Ulmus davidiana var. japonica / YList採用名: Ulmus davidiana var. japonica / 寄主根拠: 原著のHosts・Gallery欄 / 掲載頁: 23 / 記録地域: 日本（日本で最も普通とする節から推定 / 地域根拠: 本文は日本で最も広く普通な種とし国内標本を列挙するが、Hosts欄は植物別産地を示さない / 原著植物名: Ulmus davidiana var. japonica / YList採用名: Ulmus davidiana var. japonica / 寄主根拠: 原著のHosts・Gallery欄 / 掲載頁: 23
hostplant-SC-N73-JAPO-02,species-SC217,文献（国内・論文範囲）,文献（国内・論文範囲）,記録地域: 日本（日本で最も普通とする節から推定 / 植物ごとの産地なし） / 地域根拠: 本文は日本で最も広く普通な種とし国内標本を列挙するが、Hosts欄は植物別産地を示さない / 原著植物名: Zelkova serrata / YList採用名: Zelkova serrata / 寄主根拠: 原著のHosts・Gallery欄 / 掲載頁: 23,植物ごとの産地なし）,記録地域: 日本（日本で最も普通とする節から推定 / 地域根拠: 本文は日本で最も広く普通な種とし国内標本を列挙するが、Hosts欄は植物別産地を示さない / 原著植物名: Zelkova serrata / YList採用名: Zelkova serrata / 寄主根拠: 原著のHosts・Gallery欄 / 掲載頁: 23 / 記録地域: 日本（日本で最も普通とする節から推定 / 地域根拠: 本文は日本で最も広く普通な種とし国内標本を列挙するが、Hosts欄は植物別産地を示さない / 原著植物名: Zelkova serrata / YList採用名: Zelkova serrata / 寄主根拠: 原著のHosts・Gallery欄 / 掲載頁: 23
hostplant-SC-N73-JAPO-03,species-SC217,文献（国内・論文範囲）,文献（国内・論文範囲）,記録地域: 日本（日本で最も普通とする節から推定 / 植物ごとの産地なし） / 地域根拠: 本文は日本で最も広く普通な種とし国内標本を列挙するが、Hosts欄は植物別産地を示さない / 原著植物名: Prunus salicina / YList採用名: Prunus salicina / 寄主根拠: 原著のHosts・Gallery欄 / 掲載頁: 23,植物ごとの産地なし）,記録地域: 日本（日本で最も普通とする節から推定 / 地域根拠: 本文は日本で最も広く普通な種とし国内標本を列挙するが、Hosts欄は植物別産地を示さない / 原著植物名: Prunus salicina / YList採用名: Prunus salicina / 寄主根拠: 原著のHosts・Gallery欄 / 掲載頁: 23 / 記録地域: 日本（日本で最も普通とする節から推定 / 地域根拠: 本文は日本で最も広く普通な種とし国内標本を列挙するが、Hosts欄は植物別産地を示さない / 原著植物名: Prunus salicina / YList採用名: Prunus salicina / 寄主根拠: 原著のHosts・Gallery欄 / 掲載頁: 23
hostplant-SC-N73-JAPO-04,species-SC217,文献（国内・論文範囲）,文献（国内・論文範囲）,記録地域: 日本（日本で最も普通とする節から推定 / 植物ごとの産地なし） / 地域根拠: 本文は日本で最も広く普通な種とし国内標本を列挙するが、Hosts欄は植物別産地を示さない / 原著植物名: Prunus mume / YList採用名: Prunus mume / 寄主根拠: 原著のHosts・Gallery欄 / 掲載頁: 23,植物ごとの産地なし）,記録地域: 日本（日本で最も普通とする節から推定 / 地域根拠: 本文は日本で最も広く普通な種とし国内標本を列挙するが、Hosts欄は植物別産地を示さない / 原著植物名: Prunus mume / YList採用名: Prunus mume / 寄主根拠: 原著のHosts・Gallery欄 / 掲載頁: 23 / 記録地域: 日本（日本で最も普通とする節から推定 / 地域根拠: 本文は日本で最も広く普通な種とし国内標本を列挙するが、Hosts欄は植物別産地を示さない / 原著植物名: Prunus mume / YList採用名: Prunus mume / 寄主根拠: 原著のHosts・Gallery欄 / 掲載頁: 23
hostplant-SC-N73-JAPO-05,species-SC217,文献（国内・論文範囲）,文献（国内・論文範囲）,記録地域: 日本（日本で最も普通とする節から推定 / 植物ごとの産地なし） / 地域根拠: 本文は日本で最も広く普通な種とし国内標本を列挙するが、Hosts欄は植物別産地を示さない / 原著植物名: Prunus persica / YList採用名: Prunus persica / 寄主根拠: 原著のHosts・Gallery欄 / 掲載頁: 23,植物ごとの産地なし）,記録地域: 日本（日本で最も普通とする節から推定 / 地域根拠: 本文は日本で最も広く普通な種とし国内標本を列挙するが、Hosts欄は植物別産地を示さない / 原著植物名: Prunus persica / YList採用名: Prunus persica / 寄主根拠: 原著のHosts・Gallery欄 / 掲載頁: 23 / 記録地域: 日本（日本で最も普通とする節から推定 / 地域根拠: 本文は日本で最も広く普通な種とし国内標本を列挙するが、Hosts欄は植物別産地を示さない / 原著植物名: Prunus persica / YList採用名: Prunus persica / 寄主根拠: 原著のHosts・Gallery欄 / 掲載頁: 23
hostplant-SC-N73-JAPO-06,species-SC217,文献（国内・論文範囲）,文献（国内・論文範囲）,記録地域: 日本（日本で最も普通とする節から推定 / 植物ごとの産地なし） / 地域根拠: 本文は日本で最も広く普通な種とし国内標本を列挙するが、Hosts欄は植物別産地を示さない / 原著植物名: Prunus sargentii subsp. jamasakura / YList採用名: Cerasus jamasakura / 寄主根拠: 原著のHosts・Gallery欄 / 掲載頁: 23,植物ごとの産地なし）,記録地域: 日本（日本で最も普通とする節から推定 / 地域根拠: 本文は日本で最も広く普通な種とし国内標本を列挙するが、Hosts欄は植物別産地を示さない / 原著植物名: Prunus sargentii subsp. jamasakura / YList採用名: Cerasus jamasakura / 寄主根拠: 原著のHosts・Gallery欄 / 掲載頁: 23 / 記録地域: 日本（日本で最も普通とする節から推定 / 地域根拠: 本文は日本で最も広く普通な種とし国内標本を列挙するが、Hosts欄は植物別産地を示さない / 原著植物名: Prunus sargentii subsp. jamasakura / YList採用名: Cerasus jamasakura / 寄主根拠: 原著のHosts・Gallery欄 / 掲載頁: 23
hostplant-SC-N73-JAPO-07,species-SC217,文献（国内・論文範囲）,文献（国内・論文範囲）,記録地域: 日本（日本で最も普通とする節から推定 / 植物ごとの産地なし） / 地域根拠: 本文は日本で最も広く普通な種とし国内標本を列挙するが、Hosts欄は植物別産地を示さない / 原著植物名: Prunus sp. / YList採用名: Cerasus spp. / 寄主根拠: 原著のHosts・Gallery欄 / 掲載頁: 23,植物ごとの産地なし）,記録地域: 日本（日本で最も普通とする節から推定 / 地域根拠: 本文は日本で最も広く普通な種とし国内標本を列挙するが、Hosts欄は植物別産地を示さない / 原著植物名: Prunus sp. / YList採用名: Cerasus spp. / 寄主根拠: 原著のHosts・Gallery欄 / 掲載頁: 23 / 記録地域: 日本（日本で最も普通とする節から推定 / 地域根拠: 本文は日本で最も広く普通な種とし国内標本を列挙するが、Hosts欄は植物別産地を示さない / 原著植物名: Prunus sp. / YList採用名: Cerasus spp. / 寄主根拠: 原著のHosts・Gallery欄 / 掲載頁: 23
hostplant-SC-N73-JAPO-08,species-SC217,文献（国内・論文範囲）,文献（国内・論文範囲）,記録地域: 日本（日本で最も普通とする節から推定 / 植物ごとの産地なし） / 地域根拠: 本文は日本で最も広く普通な種とし国内標本を列挙するが、Hosts欄は植物別産地を示さない / 原著植物名: Malus pumila var. domestica / YList採用名: Malus pumila var. domestica / 寄主根拠: 原著のHosts・Gallery欄 / 掲載頁: 23,植物ごとの産地なし）,記録地域: 日本（日本で最も普通とする節から推定 / 地域根拠: 本文は日本で最も広く普通な種とし国内標本を列挙するが、Hosts欄は植物別産地を示さない / 原著植物名: Malus pumila var. domestica / YList採用名: Malus pumila var. domestica / 寄主根拠: 原著のHosts・Gallery欄 / 掲載頁: 23 / 記録地域: 日本（日本で最も普通とする節から推定 / 地域根拠: 本文は日本で最も広く普通な種とし国内標本を列挙するが、Hosts欄は植物別産地を示さない / 原著植物名: Malus pumila var. domestica / YList採用名: Malus pumila var. domestica / 寄主根拠: 原著のHosts・Gallery欄 / 掲載頁: 23
hostplant-SC-N73-JAPO-09,species-SC217,文献（国内・論文範囲）,文献（国内・論文範囲）,記録地域: 日本（日本で最も普通とする節から推定 / 植物ごとの産地なし） / 地域根拠: 本文は日本で最も広く普通な種とし国内標本を列挙するが、Hosts欄は植物別産地を示さない / 原著植物名: Pyrus serotina / YList採用名: Pyrus pyrifolia / 寄主根拠: 原著のHosts・Gallery欄 / 掲載頁: 23,植物ごとの産地なし）,記録地域: 日本（日本で最も普通とする節から推定 / 地域根拠: 本文は日本で最も広く普通な種とし国内標本を列挙するが、Hosts欄は植物別産地を示さない / 原著植物名: Pyrus serotina / YList採用名: Pyrus pyrifolia / 寄主根拠: 原著のHosts・Gallery欄 / 掲載頁: 23 / 記録地域: 日本（日本で最も普通とする節から推定 / 地域根拠: 本文は日本で最も広く普通な種とし国内標本を列挙するが、Hosts欄は植物別産地を示さない / 原著植物名: Pyrus serotina / YList採用名: Pyrus pyrifolia / 寄主根拠: 原著のHosts・Gallery欄 / 掲載頁: 23
hostplant-SC-N79-FULV-01,species-SC191,文献（国内・論文範囲）,文献（国内・論文範囲）,記録地域: 日本（八ヶ岳タイプ産地の日本産節から推定） / 地域根拠: タイプ産地と分布は本州だが、植物ごとの標本ラベルは未記載 / 原著植物名: Abies mariesii / YList採用名: Abies mariesii / 寄主根拠: 原著のHost欄 / 掲載頁: 4,,記録地域: 日本（八ヶ岳タイプ産地の日本産節から推定） / 地域根拠: タイプ産地と分布は本州だが、植物ごとの標本ラベルは未記載 / 原著植物名: Abies mariesii / YList採用名: Abies mariesii / 寄主根拠: 原著のHost欄 / 掲載頁: 4 / 記録地域: 日本（八ヶ岳タイプ産地の日本産節から推定） / 地域根拠: タイプ産地と分布は本州だが、植物ごとの標本ラベルは未記載 / 原著植物名: Abies mariesii / YList採用名: Abies mariesii / 寄主根拠: 原著のHost欄 / 掲載頁: 4
hostplant-SC-N79-FULV-02,species-SC191,文献（国内・論文範囲）,文献（国内・論文範囲）,記録地域: 日本（八ヶ岳タイプ産地の日本産節から推定） / 地域根拠: タイプ産地と分布は本州だが、植物ごとの標本ラベルは未記載 / 原著植物名: Abies veitchii / YList採用名: Abies veitchii / 寄主根拠: 原著のHost欄 / 掲載頁: 4,,記録地域: 日本（八ヶ岳タイプ産地の日本産節から推定） / 地域根拠: タイプ産地と分布は本州だが、植物ごとの標本ラベルは未記載 / 原著植物名: Abies veitchii / YList採用名: Abies veitchii / 寄主根拠: 原著のHost欄 / 掲載頁: 4 / 記録地域: 日本（八ヶ岳タイプ産地の日本産節から推定） / 地域根拠: タイプ産地と分布は本州だが、植物ごとの標本ラベルは未記載 / 原著植物名: Abies veitchii / YList採用名: Abies veitchii / 寄主根拠: 原著のHost欄 / 掲載頁: 4
hostplant-SC-N79-GRAC-TODO-01,species-SC192,文献（国内・明記）,文献（国内・明記）,記録地域: 日本（北海道のタイプ標本ラベル） / 地域根拠: 北海道Mihonai産タイプ標本にTodomatsuと寄主ラベルあり / 原著植物名: Abies sachalinensis / YList採用名: Abies sachalinensis / 寄主根拠: タイプ標本の寄主ラベルとHosts欄 / 掲載頁: 5,,記録地域: 日本（北海道のタイプ標本ラベル） / 地域根拠: 北海道Mihonai産タイプ標本にTodomatsuと寄主ラベルあり / 原著植物名: Abies sachalinensis / YList採用名: Abies sachalinensis / 寄主根拠: タイプ標本の寄主ラベルとHosts欄 / 掲載頁: 5 / 記録地域: 日本（北海道のタイプ標本ラベル） / 地域根拠: 北海道Mihonai産タイプ標本にTodomatsuと寄主ラベルあり / 原著植物名: Abies sachalinensis / YList採用名: Abies sachalinensis / 寄主根拠: タイプ標本の寄主ラベルとHosts欄 / 掲載頁: 5
hostplant-SC-N79-GRAC-OTHER-01,species-SC192,文献（地域不明）,文献（地域不明）,記録地域: 地域不明（Host欄に国別対応なし） / 地域根拠: 分布は日本・サハリン・シベリアを含み、各植物の産地を分離できない / 原著植物名: Picea glehnii / YList採用名: Picea glehnii / 寄主根拠: 原著のHosts・Gallery欄 / 掲載頁: 5,,記録地域: 地域不明（Host欄に国別対応なし） / 地域根拠: 分布は日本・サハリン・シベリアを含み、各植物の産地を分離できない / 原著植物名: Picea glehnii / YList採用名: Picea glehnii / 寄主根拠: 原著のHosts・Gallery欄 / 掲載頁: 5 / 記録地域: 地域不明（Host欄に国別対応なし） / 地域根拠: 分布は日本・サハリン・シベリアを含み、各植物の産地を分離できない / 原著植物名: Picea glehnii / YList採用名: Picea glehnii / 寄主根拠: 原著のHosts・Gallery欄 / 掲載頁: 5
hostplant-SC-N79-GRAC-OTHER-02,species-SC192,文献（地域不明）,文献（地域不明）,記録地域: 地域不明（Host欄に国別対応なし） / 地域根拠: 分布は日本・サハリン・シベリアを含み、各植物の産地を分離できない / 原著植物名: Picea jezoensis / YList採用名: Picea jezoensis var. jezoensis / 寄主根拠: 原著のHosts・Gallery欄 / 掲載頁: 5,,記録地域: 地域不明（Host欄に国別対応なし） / 地域根拠: 分布は日本・サハリン・シベリアを含み、各植物の産地を分離できない / 原著植物名: Picea jezoensis / YList採用名: Picea jezoensis var. jezoensis / 寄主根拠: 原著のHosts・Gallery欄 / 掲載頁: 5 / 記録地域: 地域不明（Host欄に国別対応なし） / 地域根拠: 分布は日本・サハリン・シベリアを含み、各植物の産地を分離できない / 原著植物名: Picea jezoensis / YList採用名: Picea jezoensis var. jezoensis / 寄主根拠: 原著のHosts・Gallery欄 / 掲載頁: 5
hostplant-SC-N79-HORY-01,species-SC193,文献（地域不明）,文献（地域不明）,記録地域: 地域不明（Host欄に国別対応なし） / 地域根拠: タイプ産地は韓国、分布と検視標本は日本・海外の双方を含む / 原著植物名: Abies mariesii / YList採用名: Abies mariesii / 寄主根拠: 原著のHosts・Gallery欄 / 掲載頁: 5,,記録地域: 地域不明（Host欄に国別対応なし） / 地域根拠: タイプ産地は韓国、分布と検視標本は日本・海外の双方を含む / 原著植物名: Abies mariesii / YList採用名: Abies mariesii / 寄主根拠: 原著のHosts・Gallery欄 / 掲載頁: 5 / 記録地域: 地域不明（Host欄に国別対応なし） / 地域根拠: タイプ産地は韓国、分布と検視標本は日本・海外の双方を含む / 原著植物名: Abies mariesii / YList採用名: Abies mariesii / 寄主根拠: 原著のHosts・Gallery欄 / 掲載頁: 5
hostplant-SC-N79-HORY-02,species-SC193,文献（地域不明）,文献（地域不明）,記録地域: 地域不明（Host欄に国別対応なし） / 地域根拠: タイプ産地は韓国、分布と検視標本は日本・海外の双方を含む / 原著植物名: Larix leptolepis / YList採用名: Larix kaempferi / 寄主根拠: 原著のHosts・Gallery欄 / 掲載頁: 5,,記録地域: 地域不明（Host欄に国別対応なし） / 地域根拠: タイプ産地は韓国、分布と検視標本は日本・海外の双方を含む / 原著植物名: Larix leptolepis / YList採用名: Larix kaempferi / 寄主根拠: 原著のHosts・Gallery欄 / 掲載頁: 5 / 記録地域: 地域不明（Host欄に国別対応なし） / 地域根拠: タイプ産地は韓国、分布と検視標本は日本・海外の双方を含む / 原著植物名: Larix leptolepis / YList採用名: Larix kaempferi / 寄主根拠: 原著のHosts・Gallery欄 / 掲載頁: 5
hostplant-SC-N79-HORY-03,species-SC193,文献（地域不明）,文献（地域不明）,記録地域: 地域不明（Host欄に国別対応なし） / 地域根拠: タイプ産地は韓国、分布と検視標本は日本・海外の双方を含む / 原著植物名: Pinus pumila / YList採用名: Pinus pumila / 寄主根拠: 原著のHosts・Gallery欄 / 掲載頁: 5,,記録地域: 地域不明（Host欄に国別対応なし） / 地域根拠: タイプ産地は韓国、分布と検視標本は日本・海外の双方を含む / 原著植物名: Pinus pumila / YList採用名: Pinus pumila / 寄主根拠: 原著のHosts・Gallery欄 / 掲載頁: 5 / 記録地域: 地域不明（Host欄に国別対応なし） / 地域根拠: タイプ産地は韓国、分布と検視標本は日本・海外の双方を含む / 原著植物名: Pinus pumila / YList採用名: Pinus pumila / 寄主根拠: 原著のHosts・Gallery欄 / 掲載頁: 5
hostplant-SC-N79-HORY-04,species-SC193,文献（地域不明）,文献（地域不明）,記録地域: 地域不明（Host欄に国別対応なし） / 地域根拠: タイプ産地は韓国、分布と検視標本は日本・海外の双方を含む / 原著植物名: Pinus pentaphylla var. himekomatsu / YList採用名: Pinus parviflora var. parviflora / 寄主根拠: 原著のHosts・Gallery欄 / 掲載頁: 5,,記録地域: 地域不明（Host欄に国別対応なし） / 地域根拠: タイプ産地は韓国、分布と検視標本は日本・海外の双方を含む / 原著植物名: Pinus pentaphylla var. himekomatsu / YList採用名: Pinus parviflora var. parviflora / 寄主根拠: 原著のHosts・Gallery欄 / 掲載頁: 5 / 記録地域: 地域不明（Host欄に国別対応なし） / 地域根拠: タイプ産地は韓国、分布と検視標本は日本・海外の双方を含む / 原著植物名: Pinus pentaphylla var. himekomatsu / YList採用名: Pinus parviflora var. parviflora / 寄主根拠: 原著のHosts・Gallery欄 / 掲載頁: 5
hostplant-SC-N79-JEZO-NATIVE-01,species-SC195,文献（国内・論文範囲）,文献（国内・論文範囲）,記録地域: 日本（北海道タイプ標本と日本産節から推定） / 地域根拠: 北海道タイプ産地と国内標本を示すが、植物ごとの標本産地は未記載 / 原著植物名: Picea glehnii / YList採用名: Picea glehnii / 寄主根拠: 原著のHost・Gallery欄 / 掲載頁: 6,,記録地域: 日本（北海道タイプ標本と日本産節から推定） / 地域根拠: 北海道タイプ産地と国内標本を示すが、植物ごとの標本産地は未記載 / 原著植物名: Picea glehnii / YList採用名: Picea glehnii / 寄主根拠: 原著のHost・Gallery欄 / 掲載頁: 6 / 記録地域: 日本（北海道タイプ標本と日本産節から推定） / 地域根拠: 北海道タイプ産地と国内標本を示すが、植物ごとの標本産地は未記載 / 原著植物名: Picea glehnii / YList採用名: Picea glehnii / 寄主根拠: 原著のHost・Gallery欄 / 掲載頁: 6
hostplant-SC-N79-JEZO-NATIVE-02,species-SC195,文献（国内・論文範囲）,文献（国内・論文範囲）,記録地域: 日本（北海道タイプ標本と日本産節から推定） / 地域根拠: 北海道タイプ産地と国内標本を示すが、植物ごとの標本産地は未記載 / 原著植物名: Picea polita / YList採用名: Picea polita / 寄主根拠: 原著のHost・Gallery欄 / 掲載頁: 6,,記録地域: 日本（北海道タイプ標本と日本産節から推定） / 地域根拠: 北海道タイプ産地と国内標本を示すが、植物ごとの標本産地は未記載 / 原著植物名: Picea polita / YList採用名: Picea polita / 寄主根拠: 原著のHost・Gallery欄 / 掲載頁: 6 / 記録地域: 日本（北海道タイプ標本と日本産節から推定） / 地域根拠: 北海道タイプ産地と国内標本を示すが、植物ごとの標本産地は未記載 / 原著植物名: Picea polita / YList採用名: Picea polita / 寄主根拠: 原著のHost・Gallery欄 / 掲載頁: 6
hostplant-SC-N79-JEZO-NATIVE-03,species-SC195,文献（国内・論文範囲）,文献（国内・論文範囲）,記録地域: 日本（北海道タイプ標本と日本産節から推定） / 地域根拠: 北海道タイプ産地と国内標本を示すが、植物ごとの標本産地は未記載 / 原著植物名: Picea jezoensis / YList採用名: Picea jezoensis var. jezoensis / 寄主根拠: 原著のHost・Gallery欄 / 掲載頁: 6,,記録地域: 日本（北海道タイプ標本と日本産節から推定） / 地域根拠: 北海道タイプ産地と国内標本を示すが、植物ごとの標本産地は未記載 / 原著植物名: Picea jezoensis / YList採用名: Picea jezoensis var. jezoensis / 寄主根拠: 原著のHost・Gallery欄 / 掲載頁: 6 / 記録地域: 日本（北海道タイプ標本と日本産節から推定） / 地域根拠: 北海道タイプ産地と国内標本を示すが、植物ごとの標本産地は未記載 / 原著植物名: Picea jezoensis / YList採用名: Picea jezoensis var. jezoensis / 寄主根拠: 原著のHost・Gallery欄 / 掲載頁: 6
hostplant-SC-N79-JEZO-UNKNOWN-01,species-SC195,文献（地域不明）,文献（地域不明）,記録地域: 地域不明（Host欄に国別対応なし） / 地域根拠: 国外にも広く分布し、外来樹種の寄主記録を日本へ割り当てる根拠がない / 原著植物名: Picea excelsa / YList採用名: Picea abies / 寄主根拠: 原著のHost・Gallery欄 / 掲載頁: 6,,記録地域: 地域不明（Host欄に国別対応なし） / 地域根拠: 国外にも広く分布し、外来樹種の寄主記録を日本へ割り当てる根拠がない / 原著植物名: Picea excelsa / YList採用名: Picea abies / 寄主根拠: 原著のHost・Gallery欄 / 掲載頁: 6 / 記録地域: 地域不明（Host欄に国別対応なし） / 地域根拠: 国外にも広く分布し、外来樹種の寄主記録を日本へ割り当てる根拠がない / 原著植物名: Picea excelsa / YList採用名: Picea abies / 寄主根拠: 原著のHost・Gallery欄 / 掲載頁: 6
hostplant-SC-N79-JEZO-UNKNOWN-02,species-SC195,文献（地域不明）,文献（地域不明）,記録地域: 地域不明（Host欄に国別対応なし） / 地域根拠: 国外にも広く分布し、外来樹種の寄主記録を日本へ割り当てる根拠がない / 原著植物名: Pinus sylvestris / YList採用名: Pinus sylvestris / 寄主根拠: 原著のHost・Gallery欄 / 掲載頁: 6,,記録地域: 地域不明（Host欄に国別対応なし） / 地域根拠: 国外にも広く分布し、外来樹種の寄主記録を日本へ割り当てる根拠がない / 原著植物名: Pinus sylvestris / YList採用名: Pinus sylvestris / 寄主根拠: 原著のHost・Gallery欄 / 掲載頁: 6 / 記録地域: 地域不明（Host欄に国別対応なし） / 地域根拠: 国外にも広く分布し、外来樹種の寄主記録を日本へ割り当てる根拠がない / 原著植物名: Pinus sylvestris / YList採用名: Pinus sylvestris / 寄主根拠: 原著のHost・Gallery欄 / 掲載頁: 6
hostplant-SC-N79-KISO-01,species-SC197,文献（国内・論文範囲）,文献（国内・論文範囲）,記録地域: 日本（本州固有の記録として推定） / 地域根拠: 原著の分布は本州のみで、国内標本を列挙する / 原著植物名: Picea sp. / YList採用名: Picea spp. / 寄主根拠: 原著のHosts・Gallery欄 / 掲載頁: 6,,記録地域: 日本（本州固有の記録として推定） / 地域根拠: 原著の分布は本州のみで、国内標本を列挙する / 原著植物名: Picea sp. / YList採用名: Picea spp. / 寄主根拠: 原著のHosts・Gallery欄 / 掲載頁: 6 / 記録地域: 日本（本州固有の記録として推定） / 地域根拠: 原著の分布は本州のみで、国内標本を列挙する / 原著植物名: Picea sp. / YList採用名: Picea spp. / 寄主根拠: 原著のHosts・Gallery欄 / 掲載頁: 6
hostplant-SC-N79-KISO-02,species-SC197,文献（国内・論文範囲）,文献（国内・論文範囲）,記録地域: 日本（本州固有の記録として推定） / 地域根拠: 原著の分布は本州のみで、国内標本を列挙する / 原著植物名: Larix leptolepis / YList採用名: Larix kaempferi / 寄主根拠: 原著のHosts・Gallery欄 / 掲載頁: 6,,記録地域: 日本（本州固有の記録として推定） / 地域根拠: 原著の分布は本州のみで、国内標本を列挙する / 原著植物名: Larix leptolepis / YList採用名: Larix kaempferi / 寄主根拠: 原著のHosts・Gallery欄 / 掲載頁: 6 / 記録地域: 日本（本州固有の記録として推定） / 地域根拠: 原著の分布は本州のみで、国内標本を列挙する / 原著植物名: Larix leptolepis / YList採用名: Larix kaempferi / 寄主根拠: 原著のHosts・Gallery欄 / 掲載頁: 6
hostplant-SC-N79-KISO-03,species-SC197,文献（国内・論文範囲）,文献（国内・論文範囲）,記録地域: 日本（本州固有の記録として推定） / 地域根拠: 原著の分布は本州のみで、国内標本を列挙する / 原著植物名: Pinus densiflora / YList採用名: Pinus densiflora / 寄主根拠: 原著のHosts・Gallery欄 / 掲載頁: 6,,記録地域: 日本（本州固有の記録として推定） / 地域根拠: 原著の分布は本州のみで、国内標本を列挙する / 原著植物名: Pinus densiflora / YList採用名: Pinus densiflora / 寄主根拠: 原著のHosts・Gallery欄 / 掲載頁: 6 / 記録地域: 日本（本州固有の記録として推定） / 地域根拠: 原著の分布は本州のみで、国内標本を列挙する / 原著植物名: Pinus densiflora / YList採用名: Pinus densiflora / 寄主根拠: 原著のHosts・Gallery欄 / 掲載頁: 6
hostplant-SC-N79-KISO-04,species-SC197,文献（国内・論文範囲）,文献（国内・論文範囲）,記録地域: 日本（本州固有の記録として推定） / 地域根拠: 原著の分布は本州のみで、国内標本を列挙する / 原著植物名: Pinus pumila / YList採用名: Pinus pumila / 寄主根拠: 原著のHosts・Gallery欄 / 掲載頁: 6,,記録地域: 日本（本州固有の記録として推定） / 地域根拠: 原著の分布は本州のみで、国内標本を列挙する / 原著植物名: Pinus pumila / YList採用名: Pinus pumila / 寄主根拠: 原著のHosts・Gallery欄 / 掲載頁: 6 / 記録地域: 日本（本州固有の記録として推定） / 地域根拠: 原著の分布は本州のみで、国内標本を列挙する / 原著植物名: Pinus pumila / YList採用名: Pinus pumila / 寄主根拠: 原著のHosts・Gallery欄 / 掲載頁: 6
hostplant-SC-N79-MEAK-01,species-SC198,文献（国内・論文範囲）,文献（国内・論文範囲）,記録地域: 日本（雌阿寒岳タイプ産地の日本産節から推定） / 地域根拠: タイプ産地は雌阿寒岳、分布は北海道・本州とされる / 原著植物名: Pinus pumila / YList採用名: Pinus pumila / 寄主根拠: 原著のHost・Gallery欄 / 掲載頁: 7,,記録地域: 日本（雌阿寒岳タイプ産地の日本産節から推定） / 地域根拠: タイプ産地は雌阿寒岳、分布は北海道・本州とされる / 原著植物名: Pinus pumila / YList採用名: Pinus pumila / 寄主根拠: 原著のHost・Gallery欄 / 掲載頁: 7 / 記録地域: 日本（雌阿寒岳タイプ産地の日本産節から推定） / 地域根拠: タイプ産地は雌阿寒岳、分布は北海道・本州とされる / 原著植物名: Pinus pumila / YList採用名: Pinus pumila / 寄主根拠: 原著のHost・Gallery欄 / 掲載頁: 7
hostplant-SC-N79-NIGR-01,species-SC199,文献（国内・明記）,文献（国内・明記）,記録地域: 日本（北海道焼尻島のタイプ標本ラベル） / 地域根拠: 焼尻島産タイプ標本にNanakamadoと寄主ラベルあり / 原著植物名: Sorbus commixta / YList採用名: Sorbus commixta / 寄主根拠: タイプ標本の寄主ラベルとHosts欄 / 掲載頁: 8,,記録地域: 日本（北海道焼尻島のタイプ標本ラベル） / 地域根拠: 焼尻島産タイプ標本にNanakamadoと寄主ラベルあり / 原著植物名: Sorbus commixta / YList採用名: Sorbus commixta / 寄主根拠: タイプ標本の寄主ラベルとHosts欄 / 掲載頁: 8 / 記録地域: 日本（北海道焼尻島のタイプ標本ラベル） / 地域根拠: 焼尻島産タイプ標本にNanakamadoと寄主ラベルあり / 原著植物名: Sorbus commixta / YList採用名: Sorbus commixta / 寄主根拠: タイプ標本の寄主ラベルとHosts欄 / 掲載頁: 8
hostplant-SC-N79-PARV-01,species-SC200,文献（国内・論文範囲）,文献（国内・論文範囲）,記録地域: 日本（国内タイプ産地・国内分布から推定） / 地域根拠: 福岡・高知をタイプ産地とし、分布は日本のみだが植物別産地は未記載 / 原著植物名: Zelkova serrata / YList採用名: Zelkova serrata / 寄主根拠: 原著のHosts欄 / 掲載頁: 8,,記録地域: 日本（国内タイプ産地・国内分布から推定） / 地域根拠: 福岡・高知をタイプ産地とし、分布は日本のみだが植物別産地は未記載 / 原著植物名: Zelkova serrata / YList採用名: Zelkova serrata / 寄主根拠: 原著のHosts欄 / 掲載頁: 8 / 記録地域: 日本（国内タイプ産地・国内分布から推定） / 地域根拠: 福岡・高知をタイプ産地とし、分布は日本のみだが植物別産地は未記載 / 原著植物名: Zelkova serrata / YList採用名: Zelkova serrata / 寄主根拠: 原著のHosts欄 / 掲載頁: 8
hostplant-SC-N79-PARV-02,species-SC200,文献（国内・論文範囲）,文献（国内・論文範囲）,記録地域: 日本（国内タイプ産地・国内分布から推定） / 地域根拠: 福岡・高知をタイプ産地とし、分布は日本のみだが植物別産地は未記載 / 原著植物名: Prunus yedoensis / YList採用名: Cerasus yedoensis / 寄主根拠: 原著のHosts欄 / 掲載頁: 8,,記録地域: 日本（国内タイプ産地・国内分布から推定） / 地域根拠: 福岡・高知をタイプ産地とし、分布は日本のみだが植物別産地は未記載 / 原著植物名: Prunus yedoensis / YList採用名: Cerasus yedoensis / 寄主根拠: 原著のHosts欄 / 掲載頁: 8 / 記録地域: 日本（国内タイプ産地・国内分布から推定） / 地域根拠: 福岡・高知をタイプ産地とし、分布は日本のみだが植物別産地は未記載 / 原著植物名: Prunus yedoensis / YList採用名: Cerasus yedoensis / 寄主根拠: 原著のHosts欄 / 掲載頁: 8
hostplant-SC-N79-PARV-03,species-SC200,文献（国内・論文範囲）,文献（国内・論文範囲）,記録地域: 日本（国内タイプ産地・国内分布から推定） / 地域根拠: 福岡・高知をタイプ産地とし、分布は日本のみだが植物別産地は未記載 / 原著植物名: Prunus sp. (Cherry) / YList採用名: Cerasus spp. / 寄主根拠: 原著のHosts欄 / 掲載頁: 8,,記録地域: 日本（国内タイプ産地・国内分布から推定） / 地域根拠: 福岡・高知をタイプ産地とし、分布は日本のみだが植物別産地は未記載 / 原著植物名: Prunus sp. (Cherry) / YList採用名: Cerasus spp. / 寄主根拠: 原著のHosts欄 / 掲載頁: 8 / 記録地域: 日本（国内タイプ産地・国内分布から推定） / 地域根拠: 福岡・高知をタイプ産地とし、分布は日本のみだが植物別産地は未記載 / 原著植物名: Prunus sp. (Cherry) / YList採用名: Cerasus spp. / 寄主根拠: 原著のHosts欄 / 掲載頁: 8
hostplant-SC-N79-PROX-01,species-SC202,文献（国内・論文範囲）,文献（国内・論文範囲）,記録地域: 日本（北海道・本州での被害記述と国内標本群から推定） / 地域根拠: 原著は北海道・北本州での加害を明記し多数の国内標本を列挙するが、植物別産地は未記載 / 原著植物名: Abies firma / YList採用名: Abies firma / 寄主根拠: 原著のHost trees・Gallery欄 / 掲載頁: 10,,記録地域: 日本（北海道・本州での被害記述と国内標本群から推定） / 地域根拠: 原著は北海道・北本州での加害を明記し多数の国内標本を列挙するが、植物別産地は未記載 / 原著植物名: Abies firma / YList採用名: Abies firma / 寄主根拠: 原著のHost trees・Gallery欄 / 掲載頁: 10 / 記録地域: 日本（北海道・本州での被害記述と国内標本群から推定） / 地域根拠: 原著は北海道・北本州での加害を明記し多数の国内標本を列挙するが、植物別産地は未記載 / 原著植物名: Abies firma / YList採用名: Abies firma / 寄主根拠: 原著のHost trees・Gallery欄 / 掲載頁: 10
hostplant-SC-N79-PROX-02,species-SC202,文献（国内・論文範囲）,文献（国内・論文範囲）,記録地域: 日本（北海道・本州での被害記述と国内標本群から推定） / 地域根拠: 原著は北海道・北本州での加害を明記し多数の国内標本を列挙するが、植物別産地は未記載 / 原著植物名: Abies holophylla / YList採用名: Abies holophylla / 寄主根拠: 原著のHost trees・Gallery欄 / 掲載頁: 10,,記録地域: 日本（北海道・本州での被害記述と国内標本群から推定） / 地域根拠: 原著は北海道・北本州での加害を明記し多数の国内標本を列挙するが、植物別産地は未記載 / 原著植物名: Abies holophylla / YList採用名: Abies holophylla / 寄主根拠: 原著のHost trees・Gallery欄 / 掲載頁: 10 / 記録地域: 日本（北海道・本州での被害記述と国内標本群から推定） / 地域根拠: 原著は北海道・北本州での加害を明記し多数の国内標本を列挙するが、植物別産地は未記載 / 原著植物名: Abies holophylla / YList採用名: Abies holophylla / 寄主根拠: 原著のHost trees・Gallery欄 / 掲載頁: 10
hostplant-SC-N79-PROX-03,species-SC202,文献（国内・論文範囲）,文献（国内・論文範囲）,記録地域: 日本（北海道・本州での被害記述と国内標本群から推定） / 地域根拠: 原著は北海道・北本州での加害を明記し多数の国内標本を列挙するが、植物別産地は未記載 / 原著植物名: Abies homolepis / YList採用名: Abies homolepis / 寄主根拠: 原著のHost trees・Gallery欄 / 掲載頁: 10,,記録地域: 日本（北海道・本州での被害記述と国内標本群から推定） / 地域根拠: 原著は北海道・北本州での加害を明記し多数の国内標本を列挙するが、植物別産地は未記載 / 原著植物名: Abies homolepis / YList採用名: Abies homolepis / 寄主根拠: 原著のHost trees・Gallery欄 / 掲載頁: 10 / 記録地域: 日本（北海道・本州での被害記述と国内標本群から推定） / 地域根拠: 原著は北海道・北本州での加害を明記し多数の国内標本を列挙するが、植物別産地は未記載 / 原著植物名: Abies homolepis / YList採用名: Abies homolepis / 寄主根拠: 原著のHost trees・Gallery欄 / 掲載頁: 10
hostplant-SC-N79-PROX-04,species-SC202,文献（国内・論文範囲）,文献（国内・論文範囲）,記録地域: 日本（北海道・本州での被害記述と国内標本群から推定） / 地域根拠: 原著は北海道・北本州での加害を明記し多数の国内標本を列挙するが、植物別産地は未記載 / 原著植物名: Abies mariesii / YList採用名: Abies mariesii / 寄主根拠: 原著のHost trees・Gallery欄 / 掲載頁: 10,,記録地域: 日本（北海道・本州での被害記述と国内標本群から推定） / 地域根拠: 原著は北海道・北本州での加害を明記し多数の国内標本を列挙するが、植物別産地は未記載 / 原著植物名: Abies mariesii / YList採用名: Abies mariesii / 寄主根拠: 原著のHost trees・Gallery欄 / 掲載頁: 10 / 記録地域: 日本（北海道・本州での被害記述と国内標本群から推定） / 地域根拠: 原著は北海道・北本州での加害を明記し多数の国内標本を列挙するが、植物別産地は未記載 / 原著植物名: Abies mariesii / YList採用名: Abies mariesii / 寄主根拠: 原著のHost trees・Gallery欄 / 掲載頁: 10
hostplant-SC-N79-PROX-05,species-SC202,文献（国内・論文範囲）,文献（国内・論文範囲）,記録地域: 日本（北海道・本州での被害記述と国内標本群から推定） / 地域根拠: 原著は北海道・北本州での加害を明記し多数の国内標本を列挙するが、植物別産地は未記載 / 原著植物名: Abies sachalinensis / YList採用名: Abies sachalinensis / 寄主根拠: 原著のHost trees・Gallery欄 / 掲載頁: 10,,記録地域: 日本（北海道・本州での被害記述と国内標本群から推定） / 地域根拠: 原著は北海道・北本州での加害を明記し多数の国内標本を列挙するが、植物別産地は未記載 / 原著植物名: Abies sachalinensis / YList採用名: Abies sachalinensis / 寄主根拠: 原著のHost trees・Gallery欄 / 掲載頁: 10 / 記録地域: 日本（北海道・本州での被害記述と国内標本群から推定） / 地域根拠: 原著は北海道・北本州での加害を明記し多数の国内標本を列挙するが、植物別産地は未記載 / 原著植物名: Abies sachalinensis / YList採用名: Abies sachalinensis / 寄主根拠: 原著のHost trees・Gallery欄 / 掲載頁: 10
hostplant-SC-N79-PROX-06,species-SC202,文献（国内・論文範囲）,文献（国内・論文範囲）,記録地域: 日本（北海道・本州での被害記述と国内標本群から推定） / 地域根拠: 原著は北海道・北本州での加害を明記し多数の国内標本を列挙するが、植物別産地は未記載 / 原著植物名: Abies veitchii / YList採用名: Abies veitchii / 寄主根拠: 原著のHost trees・Gallery欄 / 掲載頁: 10,,記録地域: 日本（北海道・本州での被害記述と国内標本群から推定） / 地域根拠: 原著は北海道・北本州での加害を明記し多数の国内標本を列挙するが、植物別産地は未記載 / 原著植物名: Abies veitchii / YList採用名: Abies veitchii / 寄主根拠: 原著のHost trees・Gallery欄 / 掲載頁: 10 / 記録地域: 日本（北海道・本州での被害記述と国内標本群から推定） / 地域根拠: 原著は北海道・北本州での加害を明記し多数の国内標本を列挙するが、植物別産地は未記載 / 原著植物名: Abies veitchii / YList採用名: Abies veitchii / 寄主根拠: 原著のHost trees・Gallery欄 / 掲載頁: 10
hostplant-SC-N79-PROX-07,species-SC202,文献（国内・論文範囲）,文献（国内・論文範囲）,記録地域: 日本（北海道・本州での被害記述と国内標本群から推定） / 地域根拠: 原著は北海道・北本州での加害を明記し多数の国内標本を列挙するが、植物別産地は未記載 / 原著植物名: Picea glehnii / YList採用名: Picea glehnii / 寄主根拠: 原著のHost trees・Gallery欄 / 掲載頁: 10,,記録地域: 日本（北海道・本州での被害記述と国内標本群から推定） / 地域根拠: 原著は北海道・北本州での加害を明記し多数の国内標本を列挙するが、植物別産地は未記載 / 原著植物名: Picea glehnii / YList採用名: Picea glehnii / 寄主根拠: 原著のHost trees・Gallery欄 / 掲載頁: 10 / 記録地域: 日本（北海道・本州での被害記述と国内標本群から推定） / 地域根拠: 原著は北海道・北本州での加害を明記し多数の国内標本を列挙するが、植物別産地は未記載 / 原著植物名: Picea glehnii / YList採用名: Picea glehnii / 寄主根拠: 原著のHost trees・Gallery欄 / 掲載頁: 10
hostplant-SC-N79-PROX-08,species-SC202,文献（国内・論文範囲）,文献（国内・論文範囲）,記録地域: 日本（北海道・本州での被害記述と国内標本群から推定） / 地域根拠: 原著は北海道・北本州での加害を明記し多数の国内標本を列挙するが、植物別産地は未記載 / 原著植物名: Picea jezoensis / YList採用名: Picea jezoensis var. jezoensis / 寄主根拠: 原著のHost trees・Gallery欄 / 掲載頁: 10,,記録地域: 日本（北海道・本州での被害記述と国内標本群から推定） / 地域根拠: 原著は北海道・北本州での加害を明記し多数の国内標本を列挙するが、植物別産地は未記載 / 原著植物名: Picea jezoensis / YList採用名: Picea jezoensis var. jezoensis / 寄主根拠: 原著のHost trees・Gallery欄 / 掲載頁: 10 / 記録地域: 日本（北海道・本州での被害記述と国内標本群から推定） / 地域根拠: 原著は北海道・北本州での加害を明記し多数の国内標本を列挙するが、植物別産地は未記載 / 原著植物名: Picea jezoensis / YList採用名: Picea jezoensis var. jezoensis / 寄主根拠: 原著のHost trees・Gallery欄 / 掲載頁: 10
hostplant-SC-N79-PROX-09,species-SC202,文献（国内・論文範囲）,文献（国内・論文範囲）,記録地域: 日本（北海道・本州での被害記述と国内標本群から推定） / 地域根拠: 原著は北海道・北本州での加害を明記し多数の国内標本を列挙するが、植物別産地は未記載 / 原著植物名: Larix dahurica / YList採用名: Larix gmelinii / 寄主根拠: 原著のHost trees・Gallery欄 / 掲載頁: 10,,記録地域: 日本（北海道・本州での被害記述と国内標本群から推定） / 地域根拠: 原著は北海道・北本州での加害を明記し多数の国内標本を列挙するが、植物別産地は未記載 / 原著植物名: Larix dahurica / YList採用名: Larix gmelinii / 寄主根拠: 原著のHost trees・Gallery欄 / 掲載頁: 10 / 記録地域: 日本（北海道・本州での被害記述と国内標本群から推定） / 地域根拠: 原著は北海道・北本州での加害を明記し多数の国内標本を列挙するが、植物別産地は未記載 / 原著植物名: Larix dahurica / YList採用名: Larix gmelinii / 寄主根拠: 原著のHost trees・Gallery欄 / 掲載頁: 10
hostplant-SC-N79-PROX-10,species-SC202,文献（国内・論文範囲）,文献（国内・論文範囲）,記録地域: 日本（北海道・本州での被害記述と国内標本群から推定） / 地域根拠: 原著は北海道・北本州での加害を明記し多数の国内標本を列挙するが、植物別産地は未記載 / 原著植物名: Pinus densiflora / YList採用名: Pinus densiflora / 寄主根拠: 原著のHost trees・Gallery欄 / 掲載頁: 10,,記録地域: 日本（北海道・本州での被害記述と国内標本群から推定） / 地域根拠: 原著は北海道・北本州での加害を明記し多数の国内標本を列挙するが、植物別産地は未記載 / 原著植物名: Pinus densiflora / YList採用名: Pinus densiflora / 寄主根拠: 原著のHost trees・Gallery欄 / 掲載頁: 10 / 記録地域: 日本（北海道・本州での被害記述と国内標本群から推定） / 地域根拠: 原著は北海道・北本州での加害を明記し多数の国内標本を列挙するが、植物別産地は未記載 / 原著植物名: Pinus densiflora / YList採用名: Pinus densiflora / 寄主根拠: 原著のHost trees・Gallery欄 / 掲載頁: 10
hostplant-SC-N79-PROX-11,species-SC202,文献（国内・論文範囲）,文献（国内・論文範囲）,記録地域: 日本（北海道・本州での被害記述と国内標本群から推定） / 地域根拠: 原著は北海道・北本州での加害を明記し多数の国内標本を列挙するが、植物別産地は未記載 / 原著植物名: Pinus koraiensis / YList採用名: Pinus koraiensis / 寄主根拠: 原著のHost trees・Gallery欄 / 掲載頁: 10,,記録地域: 日本（北海道・本州での被害記述と国内標本群から推定） / 地域根拠: 原著は北海道・北本州での加害を明記し多数の国内標本を列挙するが、植物別産地は未記載 / 原著植物名: Pinus koraiensis / YList採用名: Pinus koraiensis / 寄主根拠: 原著のHost trees・Gallery欄 / 掲載頁: 10 / 記録地域: 日本（北海道・本州での被害記述と国内標本群から推定） / 地域根拠: 原著は北海道・北本州での加害を明記し多数の国内標本を列挙するが、植物別産地は未記載 / 原著植物名: Pinus koraiensis / YList採用名: Pinus koraiensis / 寄主根拠: 原著のHost trees・Gallery欄 / 掲載頁: 10
hostplant-SC-N79-PROX-12,species-SC202,文献（国内・論文範囲）,文献（国内・論文範囲）,記録地域: 日本（北海道・本州での被害記述と国内標本群から推定） / 地域根拠: 原著は北海道・北本州での加害を明記し多数の国内標本を列挙するが、植物別産地は未記載 / 原著植物名: Tsuga sieboldii / YList採用名: Tsuga sieboldii / 寄主根拠: 原著のHost trees・Gallery欄 / 掲載頁: 10,,記録地域: 日本（北海道・本州での被害記述と国内標本群から推定） / 地域根拠: 原著は北海道・北本州での加害を明記し多数の国内標本を列挙するが、植物別産地は未記載 / 原著植物名: Tsuga sieboldii / YList採用名: Tsuga sieboldii / 寄主根拠: 原著のHost trees・Gallery欄 / 掲載頁: 10 / 記録地域: 日本（北海道・本州での被害記述と国内標本群から推定） / 地域根拠: 原著は北海道・北本州での加害を明記し多数の国内標本を列挙するが、植物別産地は未記載 / 原著植物名: Tsuga sieboldii / YList採用名: Tsuga sieboldii / 寄主根拠: 原著のHost trees・Gallery欄 / 掲載頁: 10
hostplant-SC-N79-SHAR-01,species-SC203,文献（国内・論文範囲）,文献（国内・論文範囲）,記録地域: 日本（日本のみの分布と本文の寄主記述から推定） / 地域根拠: 原著はハンノキ・カエデ類で普通と述べ、分布を北海道・本州のみとする / 原著植物名: Alnus spp. / YList採用名: Alnus spp. / 寄主根拠: 本文の寄主記述とHost trees欄 / 掲載頁: 10,,記録地域: 日本（日本のみの分布と本文の寄主記述から推定） / 地域根拠: 原著はハンノキ・カエデ類で普通と述べ、分布を北海道・本州のみとする / 原著植物名: Alnus spp. / YList採用名: Alnus spp. / 寄主根拠: 本文の寄主記述とHost trees欄 / 掲載頁: 10 / 記録地域: 日本（日本のみの分布と本文の寄主記述から推定） / 地域根拠: 原著はハンノキ・カエデ類で普通と述べ、分布を北海道・本州のみとする / 原著植物名: Alnus spp. / YList採用名: Alnus spp. / 寄主根拠: 本文の寄主記述とHost trees欄 / 掲載頁: 10
hostplant-SC-N79-SHAR-02,species-SC203,文献（国内・論文範囲）,文献（国内・論文範囲）,記録地域: 日本（日本のみの分布と本文の寄主記述から推定） / 地域根拠: 原著はハンノキ・カエデ類で普通と述べ、分布を北海道・本州のみとする / 原著植物名: Prunus ssiori / YList採用名: Padus ssiori / 寄主根拠: 本文の寄主記述とHost trees欄 / 掲載頁: 10,,記録地域: 日本（日本のみの分布と本文の寄主記述から推定） / 地域根拠: 原著はハンノキ・カエデ類で普通と述べ、分布を北海道・本州のみとする / 原著植物名: Prunus ssiori / YList採用名: Padus ssiori / 寄主根拠: 本文の寄主記述とHost trees欄 / 掲載頁: 10 / 記録地域: 日本（日本のみの分布と本文の寄主記述から推定） / 地域根拠: 原著はハンノキ・カエデ類で普通と述べ、分布を北海道・本州のみとする / 原著植物名: Prunus ssiori / YList採用名: Padus ssiori / 寄主根拠: 本文の寄主記述とHost trees欄 / 掲載頁: 10
hostplant-SC-N79-SHAR-03,species-SC203,文献（国内・論文範囲）,文献（国内・論文範囲）,記録地域: 日本（日本のみの分布と本文の寄主記述から推定） / 地域根拠: 原著はハンノキ・カエデ類で普通と述べ、分布を北海道・本州のみとする / 原著植物名: Sorbus commixta / YList採用名: Sorbus commixta / 寄主根拠: 本文の寄主記述とHost trees欄 / 掲載頁: 10,,記録地域: 日本（日本のみの分布と本文の寄主記述から推定） / 地域根拠: 原著はハンノキ・カエデ類で普通と述べ、分布を北海道・本州のみとする / 原著植物名: Sorbus commixta / YList採用名: Sorbus commixta / 寄主根拠: 本文の寄主記述とHost trees欄 / 掲載頁: 10 / 記録地域: 日本（日本のみの分布と本文の寄主記述から推定） / 地域根拠: 原著はハンノキ・カエデ類で普通と述べ、分布を北海道・本州のみとする / 原著植物名: Sorbus commixta / YList採用名: Sorbus commixta / 寄主根拠: 本文の寄主記述とHost trees欄 / 掲載頁: 10
hostplant-SC-N79-SHAR-04,species-SC203,文献（国内・論文範囲）,文献（国内・論文範囲）,記録地域: 日本（日本のみの分布と本文の寄主記述から推定） / 地域根拠: 原著はハンノキ・カエデ類で普通と述べ、分布を北海道・本州のみとする / 原著植物名: Acer caudatum subsp. ukurunduense / YList採用名: Acer ukurunduense / 寄主根拠: 本文の寄主記述とHost trees欄 / 掲載頁: 10,,記録地域: 日本（日本のみの分布と本文の寄主記述から推定） / 地域根拠: 原著はハンノキ・カエデ類で普通と述べ、分布を北海道・本州のみとする / 原著植物名: Acer caudatum subsp. ukurunduense / YList採用名: Acer ukurunduense / 寄主根拠: 本文の寄主記述とHost trees欄 / 掲載頁: 10 / 記録地域: 日本（日本のみの分布と本文の寄主記述から推定） / 地域根拠: 原著はハンノキ・カエデ類で普通と述べ、分布を北海道・本州のみとする / 原著植物名: Acer caudatum subsp. ukurunduense / YList採用名: Acer ukurunduense / 寄主根拠: 本文の寄主記述とHost trees欄 / 掲載頁: 10
hostplant-SC-N79-SHAR-05,species-SC203,文献（国内・論文範囲）,文献（国内・論文範囲）,記録地域: 日本（日本のみの分布と本文の寄主記述から推定） / 地域根拠: 原著はハンノキ・カエデ類で普通と述べ、分布を北海道・本州のみとする / 原著植物名: Acer sp. / YList採用名: Acer spp. / 寄主根拠: 本文の寄主記述とHost trees欄 / 掲載頁: 10,,記録地域: 日本（日本のみの分布と本文の寄主記述から推定） / 地域根拠: 原著はハンノキ・カエデ類で普通と述べ、分布を北海道・本州のみとする / 原著植物名: Acer sp. / YList採用名: Acer spp. / 寄主根拠: 本文の寄主記述とHost trees欄 / 掲載頁: 10 / 記録地域: 日本（日本のみの分布と本文の寄主記述から推定） / 地域根拠: 原著はハンノキ・カエデ類で普通と述べ、分布を北海道・本州のみとする / 原著植物名: Acer sp. / YList採用名: Acer spp. / 寄主根拠: 本文の寄主記述とHost trees欄 / 掲載頁: 10
hostplant-SC-N79-SQUA-01,species-SC204,文献（地域不明）,文献（地域不明）,記録地域: 地域不明（北海道・サハリンのどちらか判定不能） / 地域根拠: タイプ産地と分布に北海道・サハリンを含み、Host tree欄は産地を付さない / 原著植物名: Picea jezoensis / YList採用名: Picea jezoensis var. jezoensis / 寄主根拠: 原著のHost tree・Gallery欄 / 掲載頁: 11,,記録地域: 地域不明（北海道・サハリンのどちらか判定不能） / 地域根拠: タイプ産地と分布に北海道・サハリンを含み、Host tree欄は産地を付さない / 原著植物名: Picea jezoensis / YList採用名: Picea jezoensis var. jezoensis / 寄主根拠: 原著のHost tree・Gallery欄 / 掲載頁: 11 / 記録地域: 地域不明（北海道・サハリンのどちらか判定不能） / 地域根拠: タイプ産地と分布に北海道・サハリンを含み、Host tree欄は産地を付さない / 原著植物名: Picea jezoensis / YList採用名: Picea jezoensis var. jezoensis / 寄主根拠: 原著のHost tree・Gallery欄 / 掲載頁: 11
hostplant-SC-N79-SSIO-01,species-SC205,文献（国内・論文範囲）,文献（国内・論文範囲）,記録地域: 日本（国内タイプ産地・国内標本群から推定） / 地域根拠: 北海道タイプ産地と国内標本を示すが、植物ごとの産地は未記載 / 原著植物名: Fagus crenata / YList採用名: Fagus crenata / 寄主根拠: 原著のHost trees・Gallery欄 / 掲載頁: 11,,記録地域: 日本（国内タイプ産地・国内標本群から推定） / 地域根拠: 北海道タイプ産地と国内標本を示すが、植物ごとの産地は未記載 / 原著植物名: Fagus crenata / YList採用名: Fagus crenata / 寄主根拠: 原著のHost trees・Gallery欄 / 掲載頁: 11 / 記録地域: 日本（国内タイプ産地・国内標本群から推定） / 地域根拠: 北海道タイプ産地と国内標本を示すが、植物ごとの産地は未記載 / 原著植物名: Fagus crenata / YList採用名: Fagus crenata / 寄主根拠: 原著のHost trees・Gallery欄 / 掲載頁: 11
hostplant-SC-N79-SSIO-02,species-SC205,文献（国内・論文範囲）,文献（国内・論文範囲）,記録地域: 日本（国内タイプ産地・国内標本群から推定） / 地域根拠: 北海道タイプ産地と国内標本を示すが、植物ごとの産地は未記載 / 原著植物名: Quercus mongolica var. grosseserrata / YList採用名: Quercus crispula var. crispula / 寄主根拠: 原著のHost trees・Gallery欄 / 掲載頁: 11,,記録地域: 日本（国内タイプ産地・国内標本群から推定） / 地域根拠: 北海道タイプ産地と国内標本を示すが、植物ごとの産地は未記載 / 原著植物名: Quercus mongolica var. grosseserrata / YList採用名: Quercus crispula var. crispula / 寄主根拠: 原著のHost trees・Gallery欄 / 掲載頁: 11 / 記録地域: 日本（国内タイプ産地・国内標本群から推定） / 地域根拠: 北海道タイプ産地と国内標本を示すが、植物ごとの産地は未記載 / 原著植物名: Quercus mongolica var. grosseserrata / YList採用名: Quercus crispula var. crispula / 寄主根拠: 原著のHost trees・Gallery欄 / 掲載頁: 11
hostplant-SC-N79-SSIO-03,species-SC205,文献（国内・論文範囲）,文献（国内・論文範囲）,記録地域: 日本（国内タイプ産地・国内標本群から推定） / 地域根拠: 北海道タイプ産地と国内標本を示すが、植物ごとの産地は未記載 / 原著植物名: Hamamelis japonica / YList採用名: Hamamelis japonica / 寄主根拠: 原著のHost trees・Gallery欄 / 掲載頁: 11,,記録地域: 日本（国内タイプ産地・国内標本群から推定） / 地域根拠: 北海道タイプ産地と国内標本を示すが、植物ごとの産地は未記載 / 原著植物名: Hamamelis japonica / YList採用名: Hamamelis japonica / 寄主根拠: 原著のHost trees・Gallery欄 / 掲載頁: 11 / 記録地域: 日本（国内タイプ産地・国内標本群から推定） / 地域根拠: 北海道タイプ産地と国内標本を示すが、植物ごとの産地は未記載 / 原著植物名: Hamamelis japonica / YList採用名: Hamamelis japonica / 寄主根拠: 原著のHost trees・Gallery欄 / 掲載頁: 11
hostplant-SC-N79-SSIO-04,species-SC205,文献（国内・論文範囲）,文献（国内・論文範囲）,記録地域: 日本（国内タイプ産地・国内標本群から推定） / 地域根拠: 北海道タイプ産地と国内標本を示すが、植物ごとの産地は未記載 / 原著植物名: Prunus ssiori / YList採用名: Padus ssiori / 寄主根拠: 原著のHost trees・Gallery欄 / 掲載頁: 11,,記録地域: 日本（国内タイプ産地・国内標本群から推定） / 地域根拠: 北海道タイプ産地と国内標本を示すが、植物ごとの産地は未記載 / 原著植物名: Prunus ssiori / YList採用名: Padus ssiori / 寄主根拠: 原著のHost trees・Gallery欄 / 掲載頁: 11 / 記録地域: 日本（国内タイプ産地・国内標本群から推定） / 地域根拠: 北海道タイプ産地と国内標本を示すが、植物ごとの産地は未記載 / 原著植物名: Prunus ssiori / YList採用名: Padus ssiori / 寄主根拠: 原著のHost trees・Gallery欄 / 掲載頁: 11
hostplant-SC-N79-SSIO-05,species-SC205,文献（国内・論文範囲）,文献（国内・論文範囲）,記録地域: 日本（国内タイプ産地・国内標本群から推定） / 地域根拠: 北海道タイプ産地と国内標本を示すが、植物ごとの産地は未記載 / 原著植物名: Prunus sargentii subsp. jamasakura / YList採用名: Cerasus jamasakura / 寄主根拠: 原著のHost trees・Gallery欄 / 掲載頁: 11,,記録地域: 日本（国内タイプ産地・国内標本群から推定） / 地域根拠: 北海道タイプ産地と国内標本を示すが、植物ごとの産地は未記載 / 原著植物名: Prunus sargentii subsp. jamasakura / YList採用名: Cerasus jamasakura / 寄主根拠: 原著のHost trees・Gallery欄 / 掲載頁: 11 / 記録地域: 日本（国内タイプ産地・国内標本群から推定） / 地域根拠: 北海道タイプ産地と国内標本を示すが、植物ごとの産地は未記載 / 原著植物名: Prunus sargentii subsp. jamasakura / YList採用名: Cerasus jamasakura / 寄主根拠: 原著のHost trees・Gallery欄 / 掲載頁: 11
hostplant-SC-N79-SSIO-06,species-SC205,文献（国内・論文範囲）,文献（国内・論文範囲）,記録地域: 日本（国内タイプ産地・国内標本群から推定） / 地域根拠: 北海道タイプ産地と国内標本を示すが、植物ごとの産地は未記載 / 原著植物名: Prunus pseudocerasus / YList採用名: Cerasus pseudocerasus / 寄主根拠: 原著のHost trees・Gallery欄 / 掲載頁: 11,,記録地域: 日本（国内タイプ産地・国内標本群から推定） / 地域根拠: 北海道タイプ産地と国内標本を示すが、植物ごとの産地は未記載 / 原著植物名: Prunus pseudocerasus / YList採用名: Cerasus pseudocerasus / 寄主根拠: 原著のHost trees・Gallery欄 / 掲載頁: 11 / 記録地域: 日本（国内タイプ産地・国内標本群から推定） / 地域根拠: 北海道タイプ産地と国内標本を示すが、植物ごとの産地は未記載 / 原著植物名: Prunus pseudocerasus / YList採用名: Cerasus pseudocerasus / 寄主根拠: 原著のHost trees・Gallery欄 / 掲載頁: 11
hostplant-SC-N79-SUBO-KOREA-01,species-SC206,文献（海外・明記）,文献（海外・明記）,記録地域: 海外（韓国） / 地域根拠: Host trees欄の2植物の直後に(Korea)と明記 / 原著植物名: Picea jezoensis / YList採用名: Picea jezoensis var. jezoensis / 寄主根拠: 原著のHost trees欄 / 掲載頁: 12,,記録地域: 海外（韓国） / 地域根拠: Host trees欄の2植物の直後に(Korea)と明記 / 原著植物名: Picea jezoensis / YList採用名: Picea jezoensis var. jezoensis / 寄主根拠: 原著のHost trees欄 / 掲載頁: 12 / 記録地域: 海外（韓国） / 地域根拠: Host trees欄の2植物の直後に(Korea)と明記 / 原著植物名: Picea jezoensis / YList採用名: Picea jezoensis var. jezoensis / 寄主根拠: 原著のHost trees欄 / 掲載頁: 12
hostplant-SC-N79-SUBO-KOREA-02,species-SC206,文献（海外・明記）,文献（海外・明記）,記録地域: 海外（韓国） / 地域根拠: Host trees欄の2植物の直後に(Korea)と明記 / 原著植物名: Pinus koraiensis / YList採用名: Pinus koraiensis / 寄主根拠: 原著のHost trees欄 / 掲載頁: 12,,記録地域: 海外（韓国） / 地域根拠: Host trees欄の2植物の直後に(Korea)と明記 / 原著植物名: Pinus koraiensis / YList採用名: Pinus koraiensis / 寄主根拠: 原著のHost trees欄 / 掲載頁: 12 / 記録地域: 海外（韓国） / 地域根拠: Host trees欄の2植物の直後に(Korea)と明記 / 原著植物名: Pinus koraiensis / YList採用名: Pinus koraiensis / 寄主根拠: 原著のHost trees欄 / 掲載頁: 12
hostplant-SC-N79-JAPO-01,species-SC194,文献（国内・論文範囲）,文献（国内・論文範囲）,記録地域: 日本（青森県タイプ産地・本州のみの分布から推定） / 地域根拠: 原著ではPolygraphus uchimappensisとして扱い、青森県タイプ産地と本州分布を示す / 原著植物名: Abies mariesii / YList採用名: Abies mariesii / 寄主根拠: 原著のHost tree欄 / 掲載頁: 13 / 原著名Polygraphus uchimappensisは2026年目録でP. japonicusの異名,原著名Polygraphus uchimappensisは2026年目録でP. japonicusの異名,記録地域: 日本（青森県タイプ産地・本州のみの分布から推定） / 地域根拠: 原著ではPolygraphus uchimappensisとして扱い、青森県タイプ産地と本州分布を示す / 原著植物名: Abies mariesii / YList採用名: Abies mariesii / 寄主根拠: 原著のHost tree欄 / 掲載頁: 13 / 記録地域: 日本（青森県タイプ産地・本州のみの分布から推定） / 地域根拠: 原著ではPolygraphus uchimappensisとして扱い、青森県タイプ産地と本州分布を示す / 原著植物名: Abies mariesii / YList採用名: Abies mariesii / 寄主根拠: 原著のHost tree欄 / 掲載頁: 13
hostplant-SC-N74-BIST-01,species-SC172,文献（国内・論文範囲）,文献（国内・論文範囲）,記録地域: 日本（長野県から北海道の高山帯との本文記述から推定） / 地域根拠: Hosts欄の直前に日本では長野県から北海道の高山に生息すると記載 / 原著植物名: Pinus pentaphylla / YList採用名: Pinus parviflora var. pentaphylla / 寄主根拠: 本文の国内分布記述とHosts欄 / 掲載頁: 37,,記録地域: 日本（長野県から北海道の高山帯との本文記述から推定） / 地域根拠: Hosts欄の直前に日本では長野県から北海道の高山に生息すると記載 / 原著植物名: Pinus pentaphylla / YList採用名: Pinus parviflora var. pentaphylla / 寄主根拠: 本文の国内分布記述とHosts欄 / 掲載頁: 37 / 記録地域: 日本（長野県から北海道の高山帯との本文記述から推定） / 地域根拠: Hosts欄の直前に日本では長野県から北海道の高山に生息すると記載 / 原著植物名: Pinus pentaphylla / YList採用名: Pinus parviflora var. pentaphylla / 寄主根拠: 本文の国内分布記述とHosts欄 / 掲載頁: 37
hostplant-SC-N74-BIST-02,species-SC172,文献（国内・論文範囲）,文献（国内・論文範囲）,記録地域: 日本（長野県から北海道の高山帯との本文記述から推定） / 地域根拠: Hosts欄の直前に日本では長野県から北海道の高山に生息すると記載 / 原著植物名: Pinus pumila / YList採用名: Pinus pumila / 寄主根拠: 本文の国内分布記述とHosts欄 / 掲載頁: 37,,記録地域: 日本（長野県から北海道の高山帯との本文記述から推定） / 地域根拠: Hosts欄の直前に日本では長野県から北海道の高山に生息すると記載 / 原著植物名: Pinus pumila / YList採用名: Pinus pumila / 寄主根拠: 本文の国内分布記述とHosts欄 / 掲載頁: 37 / 記録地域: 日本（長野県から北海道の高山帯との本文記述から推定） / 地域根拠: Hosts欄の直前に日本では長野県から北海道の高山に生息すると記載 / 原著植物名: Pinus pumila / YList採用名: Pinus pumila / 寄主根拠: 本文の国内分布記述とHosts欄 / 掲載頁: 37
hostplant-SC-N74-CHAL-01,species-SC173,文献（地域不明）,文献（地域不明）,記録地域: 地域不明（Host欄に国別対応なし） / 地域根拠: 分布と検視標本が日本・海外を含み、Host欄には外来樹種も列挙される / 原著植物名: Abies firma / YList採用名: Abies firma / 寄主根拠: 原著のHosts欄 / 掲載頁: 38,,記録地域: 地域不明（Host欄に国別対応なし） / 地域根拠: 分布と検視標本が日本・海外を含み、Host欄には外来樹種も列挙される / 原著植物名: Abies firma / YList採用名: Abies firma / 寄主根拠: 原著のHosts欄 / 掲載頁: 38 / 記録地域: 地域不明（Host欄に国別対応なし） / 地域根拠: 分布と検視標本が日本・海外を含み、Host欄には外来樹種も列挙される / 原著植物名: Abies firma / YList採用名: Abies firma / 寄主根拠: 原著のHosts欄 / 掲載頁: 38
hostplant-SC-N74-CHAL-02,species-SC173,文献（地域不明）,文献（地域不明）,記録地域: 地域不明（Host欄に国別対応なし） / 地域根拠: 分布と検視標本が日本・海外を含み、Host欄には外来樹種も列挙される / 原著植物名: Abies sachalinensis / YList採用名: Abies sachalinensis / 寄主根拠: 原著のHosts欄 / 掲載頁: 38,,記録地域: 地域不明（Host欄に国別対応なし） / 地域根拠: 分布と検視標本が日本・海外を含み、Host欄には外来樹種も列挙される / 原著植物名: Abies sachalinensis / YList採用名: Abies sachalinensis / 寄主根拠: 原著のHosts欄 / 掲載頁: 38 / 記録地域: 地域不明（Host欄に国別対応なし） / 地域根拠: 分布と検視標本が日本・海外を含み、Host欄には外来樹種も列挙される / 原著植物名: Abies sachalinensis / YList採用名: Abies sachalinensis / 寄主根拠: 原著のHosts欄 / 掲載頁: 38
hostplant-SC-N74-CHAL-03,species-SC173,文献（地域不明）,文献（地域不明）,記録地域: 地域不明（Host欄に国別対応なし） / 地域根拠: 分布と検視標本が日本・海外を含み、Host欄には外来樹種も列挙される / 原著植物名: Pseudotsuga taxifolia / YList採用名: Pseudotsuga menziesii / 寄主根拠: 原著のHosts欄 / 掲載頁: 38,,記録地域: 地域不明（Host欄に国別対応なし） / 地域根拠: 分布と検視標本が日本・海外を含み、Host欄には外来樹種も列挙される / 原著植物名: Pseudotsuga taxifolia / YList採用名: Pseudotsuga menziesii / 寄主根拠: 原著のHosts欄 / 掲載頁: 38 / 記録地域: 地域不明（Host欄に国別対応なし） / 地域根拠: 分布と検視標本が日本・海外を含み、Host欄には外来樹種も列挙される / 原著植物名: Pseudotsuga taxifolia / YList採用名: Pseudotsuga menziesii / 寄主根拠: 原著のHosts欄 / 掲載頁: 38
hostplant-SC-N74-CHAL-04,species-SC173,文献（地域不明）,文献（地域不明）,記録地域: 地域不明（Host欄に国別対応なし） / 地域根拠: 分布と検視標本が日本・海外を含み、Host欄には外来樹種も列挙される / 原著植物名: Picea excelsa / YList採用名: Picea abies / 寄主根拠: 原著のHosts欄 / 掲載頁: 38,,記録地域: 地域不明（Host欄に国別対応なし） / 地域根拠: 分布と検視標本が日本・海外を含み、Host欄には外来樹種も列挙される / 原著植物名: Picea excelsa / YList採用名: Picea abies / 寄主根拠: 原著のHosts欄 / 掲載頁: 38 / 記録地域: 地域不明（Host欄に国別対応なし） / 地域根拠: 分布と検視標本が日本・海外を含み、Host欄には外来樹種も列挙される / 原著植物名: Picea excelsa / YList採用名: Picea abies / 寄主根拠: 原著のHosts欄 / 掲載頁: 38
hostplant-SC-N74-CHAL-05,species-SC173,文献（地域不明）,文献（地域不明）,記録地域: 地域不明（Host欄に国別対応なし） / 地域根拠: 分布と検視標本が日本・海外を含み、Host欄には外来樹種も列挙される / 原著植物名: Picea glehnii / YList採用名: Picea glehnii / 寄主根拠: 原著のHosts欄 / 掲載頁: 38,,記録地域: 地域不明（Host欄に国別対応なし） / 地域根拠: 分布と検視標本が日本・海外を含み、Host欄には外来樹種も列挙される / 原著植物名: Picea glehnii / YList採用名: Picea glehnii / 寄主根拠: 原著のHosts欄 / 掲載頁: 38 / 記録地域: 地域不明（Host欄に国別対応なし） / 地域根拠: 分布と検視標本が日本・海外を含み、Host欄には外来樹種も列挙される / 原著植物名: Picea glehnii / YList採用名: Picea glehnii / 寄主根拠: 原著のHosts欄 / 掲載頁: 38
hostplant-SC-N74-CHAL-06,species-SC173,文献（地域不明）,文献（地域不明）,記録地域: 地域不明（Host欄に国別対応なし） / 地域根拠: 分布と検視標本が日本・海外を含み、Host欄には外来樹種も列挙される / 原著植物名: Picea jezoensis / YList採用名: Picea jezoensis var. jezoensis / 寄主根拠: 原著のHosts欄 / 掲載頁: 38,,記録地域: 地域不明（Host欄に国別対応なし） / 地域根拠: 分布と検視標本が日本・海外を含み、Host欄には外来樹種も列挙される / 原著植物名: Picea jezoensis / YList採用名: Picea jezoensis var. jezoensis / 寄主根拠: 原著のHosts欄 / 掲載頁: 38 / 記録地域: 地域不明（Host欄に国別対応なし） / 地域根拠: 分布と検視標本が日本・海外を含み、Host欄には外来樹種も列挙される / 原著植物名: Picea jezoensis / YList採用名: Picea jezoensis var. jezoensis / 寄主根拠: 原著のHosts欄 / 掲載頁: 38
hostplant-SC-N74-CHAL-07,species-SC173,文献（地域不明）,文献（地域不明）,記録地域: 地域不明（Host欄に国別対応なし） / 地域根拠: 分布と検視標本が日本・海外を含み、Host欄には外来樹種も列挙される / 原著植物名: Picea jezoensis var. hondoensis / YList採用名: Picea jezoensis var. hondoensis / 寄主根拠: 原著のHosts欄 / 掲載頁: 38,,記録地域: 地域不明（Host欄に国別対応なし） / 地域根拠: 分布と検視標本が日本・海外を含み、Host欄には外来樹種も列挙される / 原著植物名: Picea jezoensis var. hondoensis / YList採用名: Picea jezoensis var. hondoensis / 寄主根拠: 原著のHosts欄 / 掲載頁: 38 / 記録地域: 地域不明（Host欄に国別対応なし） / 地域根拠: 分布と検視標本が日本・海外を含み、Host欄には外来樹種も列挙される / 原著植物名: Picea jezoensis var. hondoensis / YList採用名: Picea jezoensis var. hondoensis / 寄主根拠: 原著のHosts欄 / 掲載頁: 38
hostplant-SC-N74-CHAL-08,species-SC173,文献（地域不明）,文献（地域不明）,記録地域: 地域不明（Host欄に国別対応なし） / 地域根拠: 分布と検視標本が日本・海外を含み、Host欄には外来樹種も列挙される / 原著植物名: Larix leptolepis / YList採用名: Larix kaempferi / 寄主根拠: 原著のHosts欄 / 掲載頁: 38,,記録地域: 地域不明（Host欄に国別対応なし） / 地域根拠: 分布と検視標本が日本・海外を含み、Host欄には外来樹種も列挙される / 原著植物名: Larix leptolepis / YList採用名: Larix kaempferi / 寄主根拠: 原著のHosts欄 / 掲載頁: 38 / 記録地域: 地域不明（Host欄に国別対応なし） / 地域根拠: 分布と検視標本が日本・海外を含み、Host欄には外来樹種も列挙される / 原著植物名: Larix leptolepis / YList採用名: Larix kaempferi / 寄主根拠: 原著のHosts欄 / 掲載頁: 38
hostplant-SC-N74-CHAL-09,species-SC173,文献（地域不明）,文献（地域不明）,記録地域: 地域不明（Host欄に国別対応なし） / 地域根拠: 分布と検視標本が日本・海外を含み、Host欄には外来樹種も列挙される / 原著植物名: Larix gmelini / YList採用名: Larix gmelinii / 寄主根拠: 原著のHosts欄 / 掲載頁: 38,,記録地域: 地域不明（Host欄に国別対応なし） / 地域根拠: 分布と検視標本が日本・海外を含み、Host欄には外来樹種も列挙される / 原著植物名: Larix gmelini / YList採用名: Larix gmelinii / 寄主根拠: 原著のHosts欄 / 掲載頁: 38 / 記録地域: 地域不明（Host欄に国別対応なし） / 地域根拠: 分布と検視標本が日本・海外を含み、Host欄には外来樹種も列挙される / 原著植物名: Larix gmelini / YList採用名: Larix gmelinii / 寄主根拠: 原著のHosts欄 / 掲載頁: 38
hostplant-SC-N74-CHAL-10,species-SC173,文献（地域不明）,文献（地域不明）,記録地域: 地域不明（Host欄に国別対応なし） / 地域根拠: 分布と検視標本が日本・海外を含み、Host欄には外来樹種も列挙される / 原著植物名: Pinus banksiana / YList採用名: Pinus banksiana / 寄主根拠: 原著のHosts欄 / 掲載頁: 38,,記録地域: 地域不明（Host欄に国別対応なし） / 地域根拠: 分布と検視標本が日本・海外を含み、Host欄には外来樹種も列挙される / 原著植物名: Pinus banksiana / YList採用名: Pinus banksiana / 寄主根拠: 原著のHosts欄 / 掲載頁: 38 / 記録地域: 地域不明（Host欄に国別対応なし） / 地域根拠: 分布と検視標本が日本・海外を含み、Host欄には外来樹種も列挙される / 原著植物名: Pinus banksiana / YList採用名: Pinus banksiana / 寄主根拠: 原著のHosts欄 / 掲載頁: 38
hostplant-SC-N74-CHAL-11,species-SC173,文献（地域不明）,文献（地域不明）,記録地域: 地域不明（Host欄に国別対応なし） / 地域根拠: 分布と検視標本が日本・海外を含み、Host欄には外来樹種も列挙される / 原著植物名: Pinus densiflora / YList採用名: Pinus densiflora / 寄主根拠: 原著のHosts欄 / 掲載頁: 38,,記録地域: 地域不明（Host欄に国別対応なし） / 地域根拠: 分布と検視標本が日本・海外を含み、Host欄には外来樹種も列挙される / 原著植物名: Pinus densiflora / YList採用名: Pinus densiflora / 寄主根拠: 原著のHosts欄 / 掲載頁: 38 / 記録地域: 地域不明（Host欄に国別対応なし） / 地域根拠: 分布と検視標本が日本・海外を含み、Host欄には外来樹種も列挙される / 原著植物名: Pinus densiflora / YList採用名: Pinus densiflora / 寄主根拠: 原著のHosts欄 / 掲載頁: 38
hostplant-SC-N74-CHAL-12,species-SC173,文献（地域不明）,文献（地域不明）,記録地域: 地域不明（Host欄に国別対応なし） / 地域根拠: 分布と検視標本が日本・海外を含み、Host欄には外来樹種も列挙される / 原著植物名: Pinus koraiensis / YList採用名: Pinus koraiensis / 寄主根拠: 原著のHosts欄 / 掲載頁: 38,,記録地域: 地域不明（Host欄に国別対応なし） / 地域根拠: 分布と検視標本が日本・海外を含み、Host欄には外来樹種も列挙される / 原著植物名: Pinus koraiensis / YList採用名: Pinus koraiensis / 寄主根拠: 原著のHosts欄 / 掲載頁: 38 / 記録地域: 地域不明（Host欄に国別対応なし） / 地域根拠: 分布と検視標本が日本・海外を含み、Host欄には外来樹種も列挙される / 原著植物名: Pinus koraiensis / YList採用名: Pinus koraiensis / 寄主根拠: 原著のHosts欄 / 掲載頁: 38
hostplant-SC-N74-CHAL-13,species-SC173,文献（地域不明）,文献（地域不明）,記録地域: 地域不明（Host欄に国別対応なし） / 地域根拠: 分布と検視標本が日本・海外を含み、Host欄には外来樹種も列挙される / 原著植物名: Pinus pentaphylla / YList採用名: Pinus parviflora var. pentaphylla / 寄主根拠: 原著のHosts欄 / 掲載頁: 38,,記録地域: 地域不明（Host欄に国別対応なし） / 地域根拠: 分布と検視標本が日本・海外を含み、Host欄には外来樹種も列挙される / 原著植物名: Pinus pentaphylla / YList採用名: Pinus parviflora var. pentaphylla / 寄主根拠: 原著のHosts欄 / 掲載頁: 38 / 記録地域: 地域不明（Host欄に国別対応なし） / 地域根拠: 分布と検視標本が日本・海外を含み、Host欄には外来樹種も列挙される / 原著植物名: Pinus pentaphylla / YList採用名: Pinus parviflora var. pentaphylla / 寄主根拠: 原著のHosts欄 / 掲載頁: 38
hostplant-SC-N74-CHAL-14,species-SC173,文献（地域不明）,文献（地域不明）,記録地域: 地域不明（Host欄に国別対応なし） / 地域根拠: 分布と検視標本が日本・海外を含み、Host欄には外来樹種も列挙される / 原著植物名: Pinus pumila / YList採用名: Pinus pumila / 寄主根拠: 原著のHosts欄 / 掲載頁: 38,,記録地域: 地域不明（Host欄に国別対応なし） / 地域根拠: 分布と検視標本が日本・海外を含み、Host欄には外来樹種も列挙される / 原著植物名: Pinus pumila / YList採用名: Pinus pumila / 寄主根拠: 原著のHosts欄 / 掲載頁: 38 / 記録地域: 地域不明（Host欄に国別対応なし） / 地域根拠: 分布と検視標本が日本・海外を含み、Host欄には外来樹種も列挙される / 原著植物名: Pinus pumila / YList採用名: Pinus pumila / 寄主根拠: 原著のHosts欄 / 掲載頁: 38
hostplant-SC-N74-CHAL-15,species-SC173,文献（地域不明）,文献（地域不明）,記録地域: 地域不明（Host欄に国別対応なし） / 地域根拠: 分布と検視標本が日本・海外を含み、Host欄には外来樹種も列挙される / 原著植物名: Pinus strobus / YList採用名: Pinus strobus / 寄主根拠: 原著のHosts欄 / 掲載頁: 38,,記録地域: 地域不明（Host欄に国別対応なし） / 地域根拠: 分布と検視標本が日本・海外を含み、Host欄には外来樹種も列挙される / 原著植物名: Pinus strobus / YList採用名: Pinus strobus / 寄主根拠: 原著のHosts欄 / 掲載頁: 38 / 記録地域: 地域不明（Host欄に国別対応なし） / 地域根拠: 分布と検視標本が日本・海外を含み、Host欄には外来樹種も列挙される / 原著植物名: Pinus strobus / YList採用名: Pinus strobus / 寄主根拠: 原著のHosts欄 / 掲載頁: 38
hostplant-SC-N74-CHAL-16,species-SC173,文献（地域不明）,文献（地域不明）,記録地域: 地域不明（Host欄に国別対応なし） / 地域根拠: 分布と検視標本が日本・海外を含み、Host欄には外来樹種も列挙される / 原著植物名: Pinus sylvestris / YList採用名: Pinus sylvestris / 寄主根拠: 原著のHosts欄 / 掲載頁: 38,,記録地域: 地域不明（Host欄に国別対応なし） / 地域根拠: 分布と検視標本が日本・海外を含み、Host欄には外来樹種も列挙される / 原著植物名: Pinus sylvestris / YList採用名: Pinus sylvestris / 寄主根拠: 原著のHosts欄 / 掲載頁: 38 / 記録地域: 地域不明（Host欄に国別対応なし） / 地域根拠: 分布と検視標本が日本・海外を含み、Host欄には外来樹種も列挙される / 原著植物名: Pinus sylvestris / YList採用名: Pinus sylvestris / 寄主根拠: 原著のHosts欄 / 掲載頁: 38
hostplant-SC-N74-FOVE-01,species-SC175,文献（国内・論文範囲）,文献（国内・論文範囲）,記録地域: 日本（本州・北海道の高山帯との本文記述から推定） / 地域根拠: Hosts欄の直前に本州・北海道の高山で見られると記載 / 原著植物名: Picea jezoensis / YList採用名: Picea jezoensis var. jezoensis / 寄主根拠: 本文の国内分布記述とHosts欄 / 掲載頁: 39,,記録地域: 日本（本州・北海道の高山帯との本文記述から推定） / 地域根拠: Hosts欄の直前に本州・北海道の高山で見られると記載 / 原著植物名: Picea jezoensis / YList採用名: Picea jezoensis var. jezoensis / 寄主根拠: 本文の国内分布記述とHosts欄 / 掲載頁: 39 / 記録地域: 日本（本州・北海道の高山帯との本文記述から推定） / 地域根拠: Hosts欄の直前に本州・北海道の高山で見られると記載 / 原著植物名: Picea jezoensis / YList採用名: Picea jezoensis var. jezoensis / 寄主根拠: 本文の国内分布記述とHosts欄 / 掲載頁: 39
hostplant-SC-N74-FOVE-02,species-SC175,文献（国内・論文範囲）,文献（国内・論文範囲）,記録地域: 日本（本州・北海道の高山帯との本文記述から推定） / 地域根拠: Hosts欄の直前に本州・北海道の高山で見られると記載 / 原著植物名: Pinus pumila / YList採用名: Pinus pumila / 寄主根拠: 本文の国内分布記述とHosts欄 / 掲載頁: 39,,記録地域: 日本（本州・北海道の高山帯との本文記述から推定） / 地域根拠: Hosts欄の直前に本州・北海道の高山で見られると記載 / 原著植物名: Pinus pumila / YList採用名: Pinus pumila / 寄主根拠: 本文の国内分布記述とHosts欄 / 掲載頁: 39 / 記録地域: 日本（本州・北海道の高山帯との本文記述から推定） / 地域根拠: Hosts欄の直前に本州・北海道の高山で見られると記載 / 原著植物名: Pinus pumila / YList採用名: Pinus pumila / 寄主根拠: 本文の国内分布記述とHosts欄 / 掲載頁: 39
hostplant-SC-N74-JAPO-01,species-SC176,文献（国内・明記）,文献（国内・明記）,"記録地域: 日本（青森県八甲田山） / 地域根拠: ホロタイプとパラタイプをMt. Hakkoda, in Pinus pumilaとして明記 / 原著植物名: Pinus pumila / YList採用名: Pinus pumila / 寄主根拠: タイプ標本の寄主・産地ラベルとHost欄 / 掲載頁: 40",,"記録地域: 日本（青森県八甲田山） / 地域根拠: ホロタイプとパラタイプをMt. Hakkoda, in Pinus pumilaとして明記 / 原著植物名: Pinus pumila / YList採用名: Pinus pumila / 寄主根拠: タイプ標本の寄主・産地ラベルとHost欄 / 掲載頁: 40 / 記録地域: 日本（青森県八甲田山） / 地域根拠: ホロタイプとパラタイプをMt. Hakkoda, in Pinus pumilaとして明記 / 原著植物名: Pinus pumila / YList採用名: Pinus pumila / 寄主根拠: タイプ標本の寄主・産地ラベルとHost欄 / 掲載頁: 40"
hostplant-SC-N74-SEIR-NATIVE-01,species-SC177,文献（国内・論文範囲）,文献（国内・論文範囲）,記録地域: 日本（北海道産標本群と日本産節から推定） / 地域根拠: 北海道の複数標本を列挙する日本産節だが植物別産地は未記載 / 原著植物名: Abies sachalinensis / YList採用名: Abies sachalinensis / 寄主根拠: 原著のHosts欄 / 掲載頁: 41,,記録地域: 日本（北海道産標本群と日本産節から推定） / 地域根拠: 北海道の複数標本を列挙する日本産節だが植物別産地は未記載 / 原著植物名: Abies sachalinensis / YList採用名: Abies sachalinensis / 寄主根拠: 原著のHosts欄 / 掲載頁: 41 / 記録地域: 日本（北海道産標本群と日本産節から推定） / 地域根拠: 北海道の複数標本を列挙する日本産節だが植物別産地は未記載 / 原著植物名: Abies sachalinensis / YList採用名: Abies sachalinensis / 寄主根拠: 原著のHosts欄 / 掲載頁: 41
hostplant-SC-N74-SEIR-NATIVE-02,species-SC177,文献（国内・論文範囲）,文献（国内・論文範囲）,記録地域: 日本（北海道産標本群と日本産節から推定） / 地域根拠: 北海道の複数標本を列挙する日本産節だが植物別産地は未記載 / 原著植物名: Picea glehnii / YList採用名: Picea glehnii / 寄主根拠: 原著のHosts欄 / 掲載頁: 41,,記録地域: 日本（北海道産標本群と日本産節から推定） / 地域根拠: 北海道の複数標本を列挙する日本産節だが植物別産地は未記載 / 原著植物名: Picea glehnii / YList採用名: Picea glehnii / 寄主根拠: 原著のHosts欄 / 掲載頁: 41 / 記録地域: 日本（北海道産標本群と日本産節から推定） / 地域根拠: 北海道の複数標本を列挙する日本産節だが植物別産地は未記載 / 原著植物名: Picea glehnii / YList採用名: Picea glehnii / 寄主根拠: 原著のHosts欄 / 掲載頁: 41
hostplant-SC-N74-SEIR-NATIVE-03,species-SC177,文献（国内・論文範囲）,文献（国内・論文範囲）,記録地域: 日本（北海道産標本群と日本産節から推定） / 地域根拠: 北海道の複数標本を列挙する日本産節だが植物別産地は未記載 / 原著植物名: Picea jezoensis / YList採用名: Picea jezoensis var. jezoensis / 寄主根拠: 原著のHosts欄 / 掲載頁: 41,,記録地域: 日本（北海道産標本群と日本産節から推定） / 地域根拠: 北海道の複数標本を列挙する日本産節だが植物別産地は未記載 / 原著植物名: Picea jezoensis / YList採用名: Picea jezoensis var. jezoensis / 寄主根拠: 原著のHosts欄 / 掲載頁: 41 / 記録地域: 日本（北海道産標本群と日本産節から推定） / 地域根拠: 北海道の複数標本を列挙する日本産節だが植物別産地は未記載 / 原著植物名: Picea jezoensis / YList採用名: Picea jezoensis var. jezoensis / 寄主根拠: 原著のHosts欄 / 掲載頁: 41
hostplant-SC-N74-SEIR-UNKNOWN-01,species-SC177,文献（地域不明）,文献（地域不明）,記録地域: 地域不明（Host欄に国別対応なし） / 地域根拠: 外来樹種の寄主を北海道記録へ割り当てる直接根拠がない / 原著植物名: Pinus sylvestris / YList採用名: Pinus sylvestris / 寄主根拠: 原著のHosts欄 / 掲載頁: 41,,記録地域: 地域不明（Host欄に国別対応なし） / 地域根拠: 外来樹種の寄主を北海道記録へ割り当てる直接根拠がない / 原著植物名: Pinus sylvestris / YList採用名: Pinus sylvestris / 寄主根拠: 原著のHosts欄 / 掲載頁: 41 / 記録地域: 地域不明（Host欄に国別対応なし） / 地域根拠: 外来樹種の寄主を北海道記録へ割り当てる直接根拠がない / 原著植物名: Pinus sylvestris / YList採用名: Pinus sylvestris / 寄主根拠: 原著のHosts欄 / 掲載頁: 41
hostplant-SC-N74-ANGU-01,species-SC163,文献（国内・論文範囲）,文献（国内・論文範囲）,記録地域: 日本（南日本のマツ林で普通との本文記述から推定） / 地域根拠: 本文は南日本のマツ林で最も普通とし、多数の国内標本を列挙する / 原著植物名: Tsuga sieboldii / YList採用名: Tsuga sieboldii / 寄主根拠: 本文の国内生態記述とHosts欄 / 掲載頁: 44,,記録地域: 日本（南日本のマツ林で普通との本文記述から推定） / 地域根拠: 本文は南日本のマツ林で最も普通とし、多数の国内標本を列挙する / 原著植物名: Tsuga sieboldii / YList採用名: Tsuga sieboldii / 寄主根拠: 本文の国内生態記述とHosts欄 / 掲載頁: 44 / 記録地域: 日本（南日本のマツ林で普通との本文記述から推定） / 地域根拠: 本文は南日本のマツ林で最も普通とし、多数の国内標本を列挙する / 原著植物名: Tsuga sieboldii / YList採用名: Tsuga sieboldii / 寄主根拠: 本文の国内生態記述とHosts欄 / 掲載頁: 44
hostplant-SC-N74-ANGU-02,species-SC163,文献（国内・論文範囲）,文献（国内・論文範囲）,記録地域: 日本（南日本のマツ林で普通との本文記述から推定） / 地域根拠: 本文は南日本のマツ林で最も普通とし、多数の国内標本を列挙する / 原著植物名: Pinus densiflora / YList採用名: Pinus densiflora / 寄主根拠: 本文の国内生態記述とHosts欄 / 掲載頁: 44,,記録地域: 日本（南日本のマツ林で普通との本文記述から推定） / 地域根拠: 本文は南日本のマツ林で最も普通とし、多数の国内標本を列挙する / 原著植物名: Pinus densiflora / YList採用名: Pinus densiflora / 寄主根拠: 本文の国内生態記述とHosts欄 / 掲載頁: 44 / 記録地域: 日本（南日本のマツ林で普通との本文記述から推定） / 地域根拠: 本文は南日本のマツ林で最も普通とし、多数の国内標本を列挙する / 原著植物名: Pinus densiflora / YList採用名: Pinus densiflora / 寄主根拠: 本文の国内生態記述とHosts欄 / 掲載頁: 44
hostplant-SC-N74-ANGU-03,species-SC163,文献（国内・論文範囲）,文献（国内・論文範囲）,記録地域: 日本（南日本のマツ林で普通との本文記述から推定） / 地域根拠: 本文は南日本のマツ林で最も普通とし、多数の国内標本を列挙する / 原著植物名: Pinus luchuensis / YList採用名: Pinus luchuensis / 寄主根拠: 本文の国内生態記述とHosts欄 / 掲載頁: 44,,記録地域: 日本（南日本のマツ林で普通との本文記述から推定） / 地域根拠: 本文は南日本のマツ林で最も普通とし、多数の国内標本を列挙する / 原著植物名: Pinus luchuensis / YList採用名: Pinus luchuensis / 寄主根拠: 本文の国内生態記述とHosts欄 / 掲載頁: 44 / 記録地域: 日本（南日本のマツ林で普通との本文記述から推定） / 地域根拠: 本文は南日本のマツ林で最も普通とし、多数の国内標本を列挙する / 原著植物名: Pinus luchuensis / YList採用名: Pinus luchuensis / 寄主根拠: 本文の国内生態記述とHosts欄 / 掲載頁: 44
hostplant-SC-N74-ANGU-04,species-SC163,文献（国内・論文範囲）,文献（国内・論文範囲）,記録地域: 日本（南日本のマツ林で普通との本文記述から推定） / 地域根拠: 本文は南日本のマツ林で最も普通とし、多数の国内標本を列挙する / 原著植物名: Pinus pentaphylla var. himekomatsu / YList採用名: Pinus parviflora var. parviflora / 寄主根拠: 本文の国内生態記述とHosts欄 / 掲載頁: 44,,記録地域: 日本（南日本のマツ林で普通との本文記述から推定） / 地域根拠: 本文は南日本のマツ林で最も普通とし、多数の国内標本を列挙する / 原著植物名: Pinus pentaphylla var. himekomatsu / YList採用名: Pinus parviflora var. parviflora / 寄主根拠: 本文の国内生態記述とHosts欄 / 掲載頁: 44 / 記録地域: 日本（南日本のマツ林で普通との本文記述から推定） / 地域根拠: 本文は南日本のマツ林で最も普通とし、多数の国内標本を列挙する / 原著植物名: Pinus pentaphylla var. himekomatsu / YList採用名: Pinus parviflora var. parviflora / 寄主根拠: 本文の国内生態記述とHosts欄 / 掲載頁: 44
hostplant-SC-N74-ANGU-05,species-SC163,文献（国内・論文範囲）,文献（国内・論文範囲）,記録地域: 日本（南日本のマツ林で普通との本文記述から推定） / 地域根拠: 本文は南日本のマツ林で最も普通とし、多数の国内標本を列挙する / 原著植物名: Pinus thunbergii / YList採用名: Pinus thunbergii / 寄主根拠: 本文の国内生態記述とHosts欄 / 掲載頁: 44,,記録地域: 日本（南日本のマツ林で普通との本文記述から推定） / 地域根拠: 本文は南日本のマツ林で最も普通とし、多数の国内標本を列挙する / 原著植物名: Pinus thunbergii / YList採用名: Pinus thunbergii / 寄主根拠: 本文の国内生態記述とHosts欄 / 掲載頁: 44 / 記録地域: 日本（南日本のマツ林で普通との本文記述から推定） / 地域根拠: 本文は南日本のマツ林で最も普通とし、多数の国内標本を列挙する / 原著植物名: Pinus thunbergii / YList採用名: Pinus thunbergii / 寄主根拠: 本文の国内生態記述とHosts欄 / 掲載頁: 44
hostplant-SC-N74-ANGU-06,species-SC163,文献（国内・論文範囲）,文献（国内・論文範囲）,記録地域: 日本（南日本のマツ林で普通との本文記述から推定） / 地域根拠: 本文は南日本のマツ林で最も普通とし、多数の国内標本を列挙する / 原著植物名: Cryptomeria japonica / YList採用名: Cryptomeria japonica / 寄主根拠: 本文の国内生態記述とHosts欄 / 掲載頁: 44,,記録地域: 日本（南日本のマツ林で普通との本文記述から推定） / 地域根拠: 本文は南日本のマツ林で最も普通とし、多数の国内標本を列挙する / 原著植物名: Cryptomeria japonica / YList採用名: Cryptomeria japonica / 寄主根拠: 本文の国内生態記述とHosts欄 / 掲載頁: 44 / 記録地域: 日本（南日本のマツ林で普通との本文記述から推定） / 地域根拠: 本文は南日本のマツ林で最も普通とし、多数の国内標本を列挙する / 原著植物名: Cryptomeria japonica / YList採用名: Cryptomeria japonica / 寄主根拠: 本文の国内生態記述とHosts欄 / 掲載頁: 44
hostplant-SC-N74-ANGU-07,species-SC163,文献（国内・論文範囲）,文献（国内・論文範囲）,記録地域: 日本（南日本のマツ林で普通との本文記述から推定） / 地域根拠: 本文は南日本のマツ林で最も普通とし、多数の国内標本を列挙する / 原著植物名: Chamaecyparis obtusa / YList採用名: Chamaecyparis obtusa / 寄主根拠: 本文の国内生態記述とHosts欄 / 掲載頁: 44,,記録地域: 日本（南日本のマツ林で普通との本文記述から推定） / 地域根拠: 本文は南日本のマツ林で最も普通とし、多数の国内標本を列挙する / 原著植物名: Chamaecyparis obtusa / YList採用名: Chamaecyparis obtusa / 寄主根拠: 本文の国内生態記述とHosts欄 / 掲載頁: 44 / 記録地域: 日本（南日本のマツ林で普通との本文記述から推定） / 地域根拠: 本文は南日本のマツ林で最も普通とし、多数の国内標本を列挙する / 原著植物名: Chamaecyparis obtusa / YList採用名: Chamaecyparis obtusa / 寄主根拠: 本文の国内生態記述とHosts欄 / 掲載頁: 44
hostplant-SC-N74-GOLO-01,species-SC164,文献（地域不明）,文献（地域不明）,記録地域: 地域不明（Host欄に国別対応なし） / 地域根拠: 国内外標本を検視し、Host欄に植物別の採集国を示さない / 原著植物名: Picea excelsa / YList採用名: Picea abies / 寄主根拠: 原著のHosts欄 / 掲載頁: 45,,記録地域: 地域不明（Host欄に国別対応なし） / 地域根拠: 国内外標本を検視し、Host欄に植物別の採集国を示さない / 原著植物名: Picea excelsa / YList採用名: Picea abies / 寄主根拠: 原著のHosts欄 / 掲載頁: 45 / 記録地域: 地域不明（Host欄に国別対応なし） / 地域根拠: 国内外標本を検視し、Host欄に植物別の採集国を示さない / 原著植物名: Picea excelsa / YList採用名: Picea abies / 寄主根拠: 原著のHosts欄 / 掲載頁: 45
hostplant-SC-N74-GOLO-02,species-SC164,文献（地域不明）,文献（地域不明）,記録地域: 地域不明（Host欄に国別対応なし） / 地域根拠: 国内外標本を検視し、Host欄に植物別の採集国を示さない / 原著植物名: Picea glehnii / YList採用名: Picea glehnii / 寄主根拠: 原著のHosts欄 / 掲載頁: 45,,記録地域: 地域不明（Host欄に国別対応なし） / 地域根拠: 国内外標本を検視し、Host欄に植物別の採集国を示さない / 原著植物名: Picea glehnii / YList採用名: Picea glehnii / 寄主根拠: 原著のHosts欄 / 掲載頁: 45 / 記録地域: 地域不明（Host欄に国別対応なし） / 地域根拠: 国内外標本を検視し、Host欄に植物別の採集国を示さない / 原著植物名: Picea glehnii / YList採用名: Picea glehnii / 寄主根拠: 原著のHosts欄 / 掲載頁: 45
hostplant-SC-N74-GOLO-03,species-SC164,文献（地域不明）,文献（地域不明）,記録地域: 地域不明（Host欄に国別対応なし） / 地域根拠: 国内外標本を検視し、Host欄に植物別の採集国を示さない / 原著植物名: Picea jezoensis / YList採用名: Picea jezoensis var. jezoensis / 寄主根拠: 原著のHosts欄 / 掲載頁: 45,,記録地域: 地域不明（Host欄に国別対応なし） / 地域根拠: 国内外標本を検視し、Host欄に植物別の採集国を示さない / 原著植物名: Picea jezoensis / YList採用名: Picea jezoensis var. jezoensis / 寄主根拠: 原著のHosts欄 / 掲載頁: 45 / 記録地域: 地域不明（Host欄に国別対応なし） / 地域根拠: 国内外標本を検視し、Host欄に植物別の採集国を示さない / 原著植物名: Picea jezoensis / YList採用名: Picea jezoensis var. jezoensis / 寄主根拠: 原著のHosts欄 / 掲載頁: 45
hostplant-SC-N74-GOLO-04,species-SC164,文献（地域不明）,文献（地域不明）,記録地域: 地域不明（Host欄に国別対応なし） / 地域根拠: 国内外標本を検視し、Host欄に植物別の採集国を示さない / 原著植物名: Picea jezoensis var. hondoensis / YList採用名: Picea jezoensis var. hondoensis / 寄主根拠: 原著のHosts欄 / 掲載頁: 45,,記録地域: 地域不明（Host欄に国別対応なし） / 地域根拠: 国内外標本を検視し、Host欄に植物別の採集国を示さない / 原著植物名: Picea jezoensis var. hondoensis / YList採用名: Picea jezoensis var. hondoensis / 寄主根拠: 原著のHosts欄 / 掲載頁: 45 / 記録地域: 地域不明（Host欄に国別対応なし） / 地域根拠: 国内外標本を検視し、Host欄に植物別の採集国を示さない / 原著植物名: Picea jezoensis var. hondoensis / YList採用名: Picea jezoensis var. hondoensis / 寄主根拠: 原著のHosts欄 / 掲載頁: 45
hostplant-SC-N74-GOLO-05,species-SC164,文献（地域不明）,文献（地域不明）,記録地域: 地域不明（Host欄に国別対応なし） / 地域根拠: 国内外標本を検視し、Host欄に植物別の採集国を示さない / 原著植物名: Pinus densiflora / YList採用名: Pinus densiflora / 寄主根拠: 原著のHosts欄 / 掲載頁: 45,,記録地域: 地域不明（Host欄に国別対応なし） / 地域根拠: 国内外標本を検視し、Host欄に植物別の採集国を示さない / 原著植物名: Pinus densiflora / YList採用名: Pinus densiflora / 寄主根拠: 原著のHosts欄 / 掲載頁: 45 / 記録地域: 地域不明（Host欄に国別対応なし） / 地域根拠: 国内外標本を検視し、Host欄に植物別の採集国を示さない / 原著植物名: Pinus densiflora / YList採用名: Pinus densiflora / 寄主根拠: 原著のHosts欄 / 掲載頁: 45
hostplant-SC-N74-GOLO-06,species-SC164,文献（地域不明）,文献（地域不明）,記録地域: 地域不明（Host欄に国別対応なし） / 地域根拠: 国内外標本を検視し、Host欄に植物別の採集国を示さない / 原著植物名: Pinus koraiensis / YList採用名: Pinus koraiensis / 寄主根拠: 原著のHosts欄 / 掲載頁: 45,,記録地域: 地域不明（Host欄に国別対応なし） / 地域根拠: 国内外標本を検視し、Host欄に植物別の採集国を示さない / 原著植物名: Pinus koraiensis / YList採用名: Pinus koraiensis / 寄主根拠: 原著のHosts欄 / 掲載頁: 45 / 記録地域: 地域不明（Host欄に国別対応なし） / 地域根拠: 国内外標本を検視し、Host欄に植物別の採集国を示さない / 原著植物名: Pinus koraiensis / YList採用名: Pinus koraiensis / 寄主根拠: 原著のHosts欄 / 掲載頁: 45
hostplant-SC-N74-GOLO-07,species-SC164,文献（地域不明）,文献（地域不明）,記録地域: 地域不明（Host欄に国別対応なし） / 地域根拠: 国内外標本を検視し、Host欄に植物別の採集国を示さない / 原著植物名: Pinus thunbergii / YList採用名: Pinus thunbergii / 寄主根拠: 原著のHosts欄 / 掲載頁: 45,,記録地域: 地域不明（Host欄に国別対応なし） / 地域根拠: 国内外標本を検視し、Host欄に植物別の採集国を示さない / 原著植物名: Pinus thunbergii / YList採用名: Pinus thunbergii / 寄主根拠: 原著のHosts欄 / 掲載頁: 45 / 記録地域: 地域不明（Host欄に国別対応なし） / 地域根拠: 国内外標本を検視し、Host欄に植物別の採集国を示さない / 原著植物名: Pinus thunbergii / YList採用名: Pinus thunbergii / 寄主根拠: 原著のHosts欄 / 掲載頁: 45
hostplant-SC-N74-KUNI-01,species-SC165,文献（国内・明記）,文献（国内・明記）,記録地域: 日本（沖縄） / 地域根拠: 本文で沖縄のみから知られるとした直後にHostと分布を記載 / 原著植物名: Pinus luchuensis / YList採用名: Pinus luchuensis / 寄主根拠: 本文の限定分布記述とHost欄 / 掲載頁: 45,,記録地域: 日本（沖縄） / 地域根拠: 本文で沖縄のみから知られるとした直後にHostと分布を記載 / 原著植物名: Pinus luchuensis / YList採用名: Pinus luchuensis / 寄主根拠: 本文の限定分布記述とHost欄 / 掲載頁: 45 / 記録地域: 日本（沖縄） / 地域根拠: 本文で沖縄のみから知られるとした直後にHostと分布を記載 / 原著植物名: Pinus luchuensis / YList採用名: Pinus luchuensis / 寄主根拠: 本文の限定分布記述とHost欄 / 掲載頁: 45
hostplant-SC-N74-LARI-01,species-SC166,文献（地域不明）,文献（地域不明）,記録地域: 地域不明（Host欄に国別対応なし） / 地域根拠: 日本では稀とする一方、検視標本は欧州産で、植物ごとの記録国を示さない / 原著植物名: Picea jezoensis / YList採用名: Picea jezoensis var. jezoensis / 寄主根拠: 原著のHosts欄 / 掲載頁: 46,,記録地域: 地域不明（Host欄に国別対応なし） / 地域根拠: 日本では稀とする一方、検視標本は欧州産で、植物ごとの記録国を示さない / 原著植物名: Picea jezoensis / YList採用名: Picea jezoensis var. jezoensis / 寄主根拠: 原著のHosts欄 / 掲載頁: 46 / 記録地域: 地域不明（Host欄に国別対応なし） / 地域根拠: 日本では稀とする一方、検視標本は欧州産で、植物ごとの記録国を示さない / 原著植物名: Picea jezoensis / YList採用名: Picea jezoensis var. jezoensis / 寄主根拠: 原著のHosts欄 / 掲載頁: 46
hostplant-SC-N74-LARI-02,species-SC166,文献（地域不明）,文献（地域不明）,記録地域: 地域不明（Host欄に国別対応なし） / 地域根拠: 日本では稀とする一方、検視標本は欧州産で、植物ごとの記録国を示さない / 原著植物名: Pinus densiflora / YList採用名: Pinus densiflora / 寄主根拠: 原著のHosts欄 / 掲載頁: 46,,記録地域: 地域不明（Host欄に国別対応なし） / 地域根拠: 日本では稀とする一方、検視標本は欧州産で、植物ごとの記録国を示さない / 原著植物名: Pinus densiflora / YList採用名: Pinus densiflora / 寄主根拠: 原著のHosts欄 / 掲載頁: 46 / 記録地域: 地域不明（Host欄に国別対応なし） / 地域根拠: 日本では稀とする一方、検視標本は欧州産で、植物ごとの記録国を示さない / 原著植物名: Pinus densiflora / YList採用名: Pinus densiflora / 寄主根拠: 原著のHosts欄 / 掲載頁: 46
hostplant-SC-N74-LARI-03,species-SC166,文献（地域不明）,文献（地域不明）,記録地域: 地域不明（Host欄に国別対応なし） / 地域根拠: 日本では稀とする一方、検視標本は欧州産で、植物ごとの記録国を示さない / 原著植物名: Pinus koraiensis / YList採用名: Pinus koraiensis / 寄主根拠: 原著のHosts欄 / 掲載頁: 46,,記録地域: 地域不明（Host欄に国別対応なし） / 地域根拠: 日本では稀とする一方、検視標本は欧州産で、植物ごとの記録国を示さない / 原著植物名: Pinus koraiensis / YList採用名: Pinus koraiensis / 寄主根拠: 原著のHosts欄 / 掲載頁: 46 / 記録地域: 地域不明（Host欄に国別対応なし） / 地域根拠: 日本では稀とする一方、検視標本は欧州産で、植物ごとの記録国を示さない / 原著植物名: Pinus koraiensis / YList採用名: Pinus koraiensis / 寄主根拠: 原著のHosts欄 / 掲載頁: 46
hostplant-SC-N74-PROX-01,species-SC168,文献（地域不明）,文献（地域不明）,記録地域: 地域不明（Host欄に国別対応なし） / 地域根拠: 原著が検視した日本ラベル標本は別種だったとし、検視標本は国外産のみ / 原著植物名: Picea jezoensis / YList採用名: Picea jezoensis var. jezoensis / 寄主根拠: 原著のHosts欄 / 掲載頁: 47,,記録地域: 地域不明（Host欄に国別対応なし） / 地域根拠: 原著が検視した日本ラベル標本は別種だったとし、検視標本は国外産のみ / 原著植物名: Picea jezoensis / YList採用名: Picea jezoensis var. jezoensis / 寄主根拠: 原著のHosts欄 / 掲載頁: 47 / 記録地域: 地域不明（Host欄に国別対応なし） / 地域根拠: 原著が検視した日本ラベル標本は別種だったとし、検視標本は国外産のみ / 原著植物名: Picea jezoensis / YList採用名: Picea jezoensis var. jezoensis / 寄主根拠: 原著のHosts欄 / 掲載頁: 47
hostplant-SC-N74-PROX-02,species-SC168,文献（地域不明）,文献（地域不明）,記録地域: 地域不明（Host欄に国別対応なし） / 地域根拠: 原著が検視した日本ラベル標本は別種だったとし、検視標本は国外産のみ / 原著植物名: Pinus densiflora / YList採用名: Pinus densiflora / 寄主根拠: 原著のHosts欄 / 掲載頁: 47,,記録地域: 地域不明（Host欄に国別対応なし） / 地域根拠: 原著が検視した日本ラベル標本は別種だったとし、検視標本は国外産のみ / 原著植物名: Pinus densiflora / YList採用名: Pinus densiflora / 寄主根拠: 原著のHosts欄 / 掲載頁: 47 / 記録地域: 地域不明（Host欄に国別対応なし） / 地域根拠: 原著が検視した日本ラベル標本は別種だったとし、検視標本は国外産のみ / 原著植物名: Pinus densiflora / YList採用名: Pinus densiflora / 寄主根拠: 原著のHosts欄 / 掲載頁: 47
hostplant-SC-N74-PROX-03,species-SC168,文献（地域不明）,文献（地域不明）,記録地域: 地域不明（Host欄に国別対応なし） / 地域根拠: 原著が検視した日本ラベル標本は別種だったとし、検視標本は国外産のみ / 原著植物名: Pinus koraiensis / YList採用名: Pinus koraiensis / 寄主根拠: 原著のHosts欄 / 掲載頁: 47,,記録地域: 地域不明（Host欄に国別対応なし） / 地域根拠: 原著が検視した日本ラベル標本は別種だったとし、検視標本は国外産のみ / 原著植物名: Pinus koraiensis / YList採用名: Pinus koraiensis / 寄主根拠: 原著のHosts欄 / 掲載頁: 47 / 記録地域: 地域不明（Host欄に国別対応なし） / 地域根拠: 原著が検視した日本ラベル標本は別種だったとし、検視標本は国外産のみ / 原著植物名: Pinus koraiensis / YList採用名: Pinus koraiensis / 寄主根拠: 原著のHosts欄 / 掲載頁: 47
hostplant-SC-N74-PROX-04,species-SC168,文献（地域不明）,文献（地域不明）,記録地域: 地域不明（Host欄に国別対応なし） / 地域根拠: 原著が検視した日本ラベル標本は別種だったとし、検視標本は国外産のみ / 原著植物名: Pinus thunbergii / YList採用名: Pinus thunbergii / 寄主根拠: 原著のHosts欄 / 掲載頁: 47,,記録地域: 地域不明（Host欄に国別対応なし） / 地域根拠: 原著が検視した日本ラベル標本は別種だったとし、検視標本は国外産のみ / 原著植物名: Pinus thunbergii / YList採用名: Pinus thunbergii / 寄主根拠: 原著のHosts欄 / 掲載頁: 47 / 記録地域: 地域不明（Host欄に国別対応なし） / 地域根拠: 原著が検視した日本ラベル標本は別種だったとし、検視標本は国外産のみ / 原著植物名: Pinus thunbergii / YList採用名: Pinus thunbergii / 寄主根拠: 原著のHosts欄 / 掲載頁: 47
hostplant-SC-N74-PROX-05,species-SC168,文献（地域不明）,文献（地域不明）,記録地域: 地域不明（Host欄に国別対応なし） / 地域根拠: 原著が検視した日本ラベル標本は別種だったとし、検視標本は国外産のみ / 原著植物名: Pinus pentaphylla / YList採用名: Pinus parviflora var. pentaphylla / 寄主根拠: 原著のHosts欄 / 掲載頁: 47,,記録地域: 地域不明（Host欄に国別対応なし） / 地域根拠: 原著が検視した日本ラベル標本は別種だったとし、検視標本は国外産のみ / 原著植物名: Pinus pentaphylla / YList採用名: Pinus parviflora var. pentaphylla / 寄主根拠: 原著のHosts欄 / 掲載頁: 47 / 記録地域: 地域不明（Host欄に国別対応なし） / 地域根拠: 原著が検視した日本ラベル標本は別種だったとし、検視標本は国外産のみ / 原著植物名: Pinus pentaphylla / YList採用名: Pinus parviflora var. pentaphylla / 寄主根拠: 原著のHosts欄 / 掲載頁: 47
hostplant-SC-N74-SUTU-01,species-SC169,文献（国内・論文範囲）,文献（国内・論文範囲）,記録地域: 日本（日本のカラマツ林で普通との本文記述から推定） / 地域根拠: 本文で日本のカラマツ林に普通とし、国内標本を列挙する / 原著植物名: Picea jezoensis var. hondoensis / YList採用名: Picea jezoensis var. hondoensis / 寄主根拠: 本文の国内生態記述とHosts欄 / 掲載頁: 47,,記録地域: 日本（日本のカラマツ林で普通との本文記述から推定） / 地域根拠: 本文で日本のカラマツ林に普通とし、国内標本を列挙する / 原著植物名: Picea jezoensis var. hondoensis / YList採用名: Picea jezoensis var. hondoensis / 寄主根拠: 本文の国内生態記述とHosts欄 / 掲載頁: 47 / 記録地域: 日本（日本のカラマツ林で普通との本文記述から推定） / 地域根拠: 本文で日本のカラマツ林に普通とし、国内標本を列挙する / 原著植物名: Picea jezoensis var. hondoensis / YList採用名: Picea jezoensis var. hondoensis / 寄主根拠: 本文の国内生態記述とHosts欄 / 掲載頁: 47
hostplant-SC-N74-SUTU-02,species-SC169,文献（国内・論文範囲）,文献（国内・論文範囲）,記録地域: 日本（日本のカラマツ林で普通との本文記述から推定） / 地域根拠: 本文で日本のカラマツ林に普通とし、国内標本を列挙する / 原著植物名: Larix leptolepis / YList採用名: Larix kaempferi / 寄主根拠: 本文の国内生態記述とHosts欄 / 掲載頁: 47,,記録地域: 日本（日本のカラマツ林で普通との本文記述から推定） / 地域根拠: 本文で日本のカラマツ林に普通とし、国内標本を列挙する / 原著植物名: Larix leptolepis / YList採用名: Larix kaempferi / 寄主根拠: 本文の国内生態記述とHosts欄 / 掲載頁: 47 / 記録地域: 日本（日本のカラマツ林で普通との本文記述から推定） / 地域根拠: 本文で日本のカラマツ林に普通とし、国内標本を列挙する / 原著植物名: Larix leptolepis / YList採用名: Larix kaempferi / 寄主根拠: 本文の国内生態記述とHosts欄 / 掲載頁: 47
hostplant-SC-N74-SUTU-03,species-SC169,文献（国内・論文範囲）,文献（国内・論文範囲）,記録地域: 日本（日本のカラマツ林で普通との本文記述から推定） / 地域根拠: 本文で日本のカラマツ林に普通とし、国内標本を列挙する / 原著植物名: Pinus densiflora / YList採用名: Pinus densiflora / 寄主根拠: 本文の国内生態記述とHosts欄 / 掲載頁: 47,,記録地域: 日本（日本のカラマツ林で普通との本文記述から推定） / 地域根拠: 本文で日本のカラマツ林に普通とし、国内標本を列挙する / 原著植物名: Pinus densiflora / YList採用名: Pinus densiflora / 寄主根拠: 本文の国内生態記述とHosts欄 / 掲載頁: 47 / 記録地域: 日本（日本のカラマツ林で普通との本文記述から推定） / 地域根拠: 本文で日本のカラマツ林に普通とし、国内標本を列挙する / 原著植物名: Pinus densiflora / YList採用名: Pinus densiflora / 寄主根拠: 本文の国内生態記述とHosts欄 / 掲載頁: 47
hostplant-SC-N74-SUTU-04,species-SC169,文献（国内・論文範囲）,文献（国内・論文範囲）,記録地域: 日本（日本のカラマツ林で普通との本文記述から推定） / 地域根拠: 本文で日本のカラマツ林に普通とし、国内標本を列挙する / 原著植物名: Pinus koraiensis / YList採用名: Pinus koraiensis / 寄主根拠: 本文の国内生態記述とHosts欄 / 掲載頁: 47,,記録地域: 日本（日本のカラマツ林で普通との本文記述から推定） / 地域根拠: 本文で日本のカラマツ林に普通とし、国内標本を列挙する / 原著植物名: Pinus koraiensis / YList採用名: Pinus koraiensis / 寄主根拠: 本文の国内生態記述とHosts欄 / 掲載頁: 47 / 記録地域: 日本（日本のカラマツ林で普通との本文記述から推定） / 地域根拠: 本文で日本のカラマツ林に普通とし、国内標本を列挙する / 原著植物名: Pinus koraiensis / YList採用名: Pinus koraiensis / 寄主根拠: 本文の国内生態記述とHosts欄 / 掲載頁: 47
hostplant-SC-N74-SUTU-05,species-SC169,文献（国内・論文範囲）,文献（国内・論文範囲）,記録地域: 日本（日本のカラマツ林で普通との本文記述から推定） / 地域根拠: 本文で日本のカラマツ林に普通とし、国内標本を列挙する / 原著植物名: Pinus pumila / YList採用名: Pinus pumila / 寄主根拠: 本文の国内生態記述とHosts欄 / 掲載頁: 47,,記録地域: 日本（日本のカラマツ林で普通との本文記述から推定） / 地域根拠: 本文で日本のカラマツ林に普通とし、国内標本を列挙する / 原著植物名: Pinus pumila / YList採用名: Pinus pumila / 寄主根拠: 本文の国内生態記述とHosts欄 / 掲載頁: 47 / 記録地域: 日本（日本のカラマツ林で普通との本文記述から推定） / 地域根拠: 本文で日本のカラマツ林に普通とし、国内標本を列挙する / 原著植物名: Pinus pumila / YList採用名: Pinus pumila / 寄主根拠: 本文の国内生態記述とHosts欄 / 掲載頁: 47
hostplant-SC-N74-TOSA-01,species-SC170,文献（国内・明記）,文献（国内・明記）,記録地域: 日本（本州・四国・九州） / 地域根拠: 本文で南日本の海岸近くの枯死・衰弱マツを加害すると述べ、直後に2寄主を列挙 / 原著植物名: Pinus densiflora / YList採用名: Pinus densiflora / 寄主根拠: 本文の国内加害記述とHosts欄 / 掲載頁: 48,,記録地域: 日本（本州・四国・九州） / 地域根拠: 本文で南日本の海岸近くの枯死・衰弱マツを加害すると述べ、直後に2寄主を列挙 / 原著植物名: Pinus densiflora / YList採用名: Pinus densiflora / 寄主根拠: 本文の国内加害記述とHosts欄 / 掲載頁: 48 / 記録地域: 日本（本州・四国・九州） / 地域根拠: 本文で南日本の海岸近くの枯死・衰弱マツを加害すると述べ、直後に2寄主を列挙 / 原著植物名: Pinus densiflora / YList採用名: Pinus densiflora / 寄主根拠: 本文の国内加害記述とHosts欄 / 掲載頁: 48
hostplant-SC-N74-TOSA-02,species-SC170,文献（国内・明記）,文献（国内・明記）,記録地域: 日本（本州・四国・九州） / 地域根拠: 本文で南日本の海岸近くの枯死・衰弱マツを加害すると述べ、直後に2寄主を列挙 / 原著植物名: Pinus thunbergii / YList採用名: Pinus thunbergii / 寄主根拠: 本文の国内加害記述とHosts欄 / 掲載頁: 48,,記録地域: 日本（本州・四国・九州） / 地域根拠: 本文で南日本の海岸近くの枯死・衰弱マツを加害すると述べ、直後に2寄主を列挙 / 原著植物名: Pinus thunbergii / YList採用名: Pinus thunbergii / 寄主根拠: 本文の国内加害記述とHosts欄 / 掲載頁: 48 / 記録地域: 日本（本州・四国・九州） / 地域根拠: 本文で南日本の海岸近くの枯死・衰弱マツを加害すると述べ、直後に2寄主を列挙 / 原著植物名: Pinus thunbergii / YList採用名: Pinus thunbergii / 寄主根拠: 本文の国内加害記述とHosts欄 / 掲載頁: 48
hostplant-SC-N74-ACUM-PINE-01,species-SC157,文献（国内・論文範囲）,文献（国内・論文範囲）,記録地域: 日本（北本州のアカマツ地域との本文記述から推定） / 地域根拠: 本文で北本州のred pine regionsに普通で衰弱・倒木を加害すると記載 / 原著植物名: Pinus densiflora / YList採用名: Pinus densiflora / 寄主根拠: 本文の国内加害記述とHosts欄 / 掲載頁: 50,,記録地域: 日本（北本州のアカマツ地域との本文記述から推定） / 地域根拠: 本文で北本州のred pine regionsに普通で衰弱・倒木を加害すると記載 / 原著植物名: Pinus densiflora / YList採用名: Pinus densiflora / 寄主根拠: 本文の国内加害記述とHosts欄 / 掲載頁: 50 / 記録地域: 日本（北本州のアカマツ地域との本文記述から推定） / 地域根拠: 本文で北本州のred pine regionsに普通で衰弱・倒木を加害すると記載 / 原著植物名: Pinus densiflora / YList採用名: Pinus densiflora / 寄主根拠: 本文の国内加害記述とHosts欄 / 掲載頁: 50
hostplant-SC-N74-ACUM-OTHER-01,species-SC157,文献（地域不明）,文献（地域不明）,記録地域: 地域不明（Host欄に国別対応なし） / 地域根拠: アカマツ以外のHosts欄は日本・海外のどの記録かを分離できない / 原著植物名: Picea jezoensis / YList採用名: Picea jezoensis var. jezoensis / 寄主根拠: 原著のHosts欄 / 掲載頁: 50,,記録地域: 地域不明（Host欄に国別対応なし） / 地域根拠: アカマツ以外のHosts欄は日本・海外のどの記録かを分離できない / 原著植物名: Picea jezoensis / YList採用名: Picea jezoensis var. jezoensis / 寄主根拠: 原著のHosts欄 / 掲載頁: 50 / 記録地域: 地域不明（Host欄に国別対応なし） / 地域根拠: アカマツ以外のHosts欄は日本・海外のどの記録かを分離できない / 原著植物名: Picea jezoensis / YList採用名: Picea jezoensis var. jezoensis / 寄主根拠: 原著のHosts欄 / 掲載頁: 50
hostplant-SC-N74-ACUM-OTHER-02,species-SC157,文献（地域不明）,文献（地域不明）,記録地域: 地域不明（Host欄に国別対応なし） / 地域根拠: アカマツ以外のHosts欄は日本・海外のどの記録かを分離できない / 原著植物名: Larix leptolepis / YList採用名: Larix kaempferi / 寄主根拠: 原著のHosts欄 / 掲載頁: 50,,記録地域: 地域不明（Host欄に国別対応なし） / 地域根拠: アカマツ以外のHosts欄は日本・海外のどの記録かを分離できない / 原著植物名: Larix leptolepis / YList採用名: Larix kaempferi / 寄主根拠: 原著のHosts欄 / 掲載頁: 50 / 記録地域: 地域不明（Host欄に国別対応なし） / 地域根拠: アカマツ以外のHosts欄は日本・海外のどの記録かを分離できない / 原著植物名: Larix leptolepis / YList採用名: Larix kaempferi / 寄主根拠: 原著のHosts欄 / 掲載頁: 50
hostplant-SC-N74-ACUM-OTHER-03,species-SC157,文献（地域不明）,文献（地域不明）,記録地域: 地域不明（Host欄に国別対応なし） / 地域根拠: アカマツ以外のHosts欄は日本・海外のどの記録かを分離できない / 原著植物名: Pinus koraiensis / YList採用名: Pinus koraiensis / 寄主根拠: 原著のHosts欄 / 掲載頁: 50,,記録地域: 地域不明（Host欄に国別対応なし） / 地域根拠: アカマツ以外のHosts欄は日本・海外のどの記録かを分離できない / 原著植物名: Pinus koraiensis / YList採用名: Pinus koraiensis / 寄主根拠: 原著のHosts欄 / 掲載頁: 50 / 記録地域: 地域不明（Host欄に国別対応なし） / 地域根拠: アカマツ以外のHosts欄は日本・海外のどの記録かを分離できない / 原著植物名: Pinus koraiensis / YList採用名: Pinus koraiensis / 寄主根拠: 原著のHosts欄 / 掲載頁: 50
hostplant-SC-N74-ACUM-OTHER-04,species-SC157,文献（地域不明）,文献（地域不明）,記録地域: 地域不明（Host欄に国別対応なし） / 地域根拠: アカマツ以外のHosts欄は日本・海外のどの記録かを分離できない / 原著植物名: Pinus pentaphylla / YList採用名: Pinus parviflora var. pentaphylla / 寄主根拠: 原著のHosts欄 / 掲載頁: 50,,記録地域: 地域不明（Host欄に国別対応なし） / 地域根拠: アカマツ以外のHosts欄は日本・海外のどの記録かを分離できない / 原著植物名: Pinus pentaphylla / YList採用名: Pinus parviflora var. pentaphylla / 寄主根拠: 原著のHosts欄 / 掲載頁: 50 / 記録地域: 地域不明（Host欄に国別対応なし） / 地域根拠: アカマツ以外のHosts欄は日本・海外のどの記録かを分離できない / 原著植物名: Pinus pentaphylla / YList採用名: Pinus parviflora var. pentaphylla / 寄主根拠: 原著のHosts欄 / 掲載頁: 50
hostplant-SC-N74-ACUM-OTHER-05,species-SC157,文献（地域不明）,文献（地域不明）,記録地域: 地域不明（Host欄に国別対応なし） / 地域根拠: アカマツ以外のHosts欄は日本・海外のどの記録かを分離できない / 原著植物名: Pinus pentaphylla var. himekomatsu / YList採用名: Pinus parviflora var. parviflora / 寄主根拠: 原著のHosts欄 / 掲載頁: 50,,記録地域: 地域不明（Host欄に国別対応なし） / 地域根拠: アカマツ以外のHosts欄は日本・海外のどの記録かを分離できない / 原著植物名: Pinus pentaphylla var. himekomatsu / YList採用名: Pinus parviflora var. parviflora / 寄主根拠: 原著のHosts欄 / 掲載頁: 50 / 記録地域: 地域不明（Host欄に国別対応なし） / 地域根拠: アカマツ以外のHosts欄は日本・海外のどの記録かを分離できない / 原著植物名: Pinus pentaphylla var. himekomatsu / YList採用名: Pinus parviflora var. parviflora / 寄主根拠: 原著のHosts欄 / 掲載頁: 50
hostplant-SC-N74-DUPL-01,species-SC159,文献（地域不明）,文献（地域不明）,記録地域: 地域不明（日本記録の標本を著者が未確認） / 地域根拠: 原著は日本への移入を述べるが、日本産標本を確認せずHostの産地も示さない / 原著植物名: Pinus densiflora / YList採用名: Pinus densiflora / 寄主根拠: 原著のHost欄 / 掲載頁: 52,,記録地域: 地域不明（日本記録の標本を著者が未確認） / 地域根拠: 原著は日本への移入を述べるが、日本産標本を確認せずHostの産地も示さない / 原著植物名: Pinus densiflora / YList採用名: Pinus densiflora / 寄主根拠: 原著のHost欄 / 掲載頁: 52 / 記録地域: 地域不明（日本記録の標本を著者が未確認） / 地域根拠: 原著は日本への移入を述べるが、日本産標本を確認せずHostの産地も示さない / 原著植物名: Pinus densiflora / YList採用名: Pinus densiflora / 寄主根拠: 原著のHost欄 / 掲載頁: 52
hostplant-SC-N74-MULT-01,species-SC167,文献（国内・論文範囲）,文献（国内・論文範囲）,記録地域: 日本（日本のみの分布から推定） / 地域根拠: 原著名Ips multidentatusの分布を本州・四国・九州のみとする / 原著植物名: Pinus densiflora / YList採用名: Pinus densiflora / 寄主根拠: 原著のHost欄 / 掲載頁: 52 / 原著名Ips multidentatusは現行目録でOrthotomicus multidentatus,原著名Ips multidentatusは現行目録でOrthotomicus multidentatus,記録地域: 日本（日本のみの分布から推定） / 地域根拠: 原著名Ips multidentatusの分布を本州・四国・九州のみとする / 原著植物名: Pinus densiflora / YList採用名: Pinus densiflora / 寄主根拠: 原著のHost欄 / 掲載頁: 52 / 記録地域: 日本（日本のみの分布から推定） / 地域根拠: 原著名Ips multidentatusの分布を本州・四国・九州のみとする / 原著植物名: Pinus densiflora / YList採用名: Pinus densiflora / 寄主根拠: 原著のHost欄 / 掲載頁: 52
hostplant-SC-N74-TYPO-NATIVE-01,species-SC162,文献（国内・論文範囲）,文献（国内・論文範囲）,記録地域: 日本（日本型I. typographus japonicusの節から推定） / 地域根拠: 原著は日本型を扱い北海道のトウヒ被害と多数の国内標本を記載するが植物別産地は未記載 / 原著植物名: Abies sachalinensis / YList採用名: Abies sachalinensis / 寄主根拠: 本文の国内被害記述とHosts欄 / 掲載頁: 53 / 原著名Ips typographus japonicusは現行目録でI. typographusの異名,原著名Ips typographus japonicusは現行目録でI. typographusの異名,記録地域: 日本（日本型I. typographus japonicusの節から推定） / 地域根拠: 原著は日本型を扱い北海道のトウヒ被害と多数の国内標本を記載するが植物別産地は未記載 / 原著植物名: Abies sachalinensis / YList採用名: Abies sachalinensis / 寄主根拠: 本文の国内被害記述とHosts欄 / 掲載頁: 53 / 記録地域: 日本（日本型I. typographus japonicusの節から推定） / 地域根拠: 原著は日本型を扱い北海道のトウヒ被害と多数の国内標本を記載するが植物別産地は未記載 / 原著植物名: Abies sachalinensis / YList採用名: Abies sachalinensis / 寄主根拠: 本文の国内被害記述とHosts欄 / 掲載頁: 53
hostplant-SC-N74-TYPO-NATIVE-02,species-SC162,文献（国内・論文範囲）,文献（国内・論文範囲）,記録地域: 日本（日本型I. typographus japonicusの節から推定） / 地域根拠: 原著は日本型を扱い北海道のトウヒ被害と多数の国内標本を記載するが植物別産地は未記載 / 原著植物名: Picea glehnii / YList採用名: Picea glehnii / 寄主根拠: 本文の国内被害記述とHosts欄 / 掲載頁: 53 / 原著名Ips typographus japonicusは現行目録でI. typographusの異名,原著名Ips typographus japonicusは現行目録でI. typographusの異名,記録地域: 日本（日本型I. typographus japonicusの節から推定） / 地域根拠: 原著は日本型を扱い北海道のトウヒ被害と多数の国内標本を記載するが植物別産地は未記載 / 原著植物名: Picea glehnii / YList採用名: Picea glehnii / 寄主根拠: 本文の国内被害記述とHosts欄 / 掲載頁: 53 / 記録地域: 日本（日本型I. typographus japonicusの節から推定） / 地域根拠: 原著は日本型を扱い北海道のトウヒ被害と多数の国内標本を記載するが植物別産地は未記載 / 原著植物名: Picea glehnii / YList採用名: Picea glehnii / 寄主根拠: 本文の国内被害記述とHosts欄 / 掲載頁: 53
hostplant-SC-N74-TYPO-NATIVE-03,species-SC162,文献（国内・論文範囲）,文献（国内・論文範囲）,記録地域: 日本（日本型I. typographus japonicusの節から推定） / 地域根拠: 原著は日本型を扱い北海道のトウヒ被害と多数の国内標本を記載するが植物別産地は未記載 / 原著植物名: Picea jezoensis / YList採用名: Picea jezoensis var. jezoensis / 寄主根拠: 本文の国内被害記述とHosts欄 / 掲載頁: 53 / 原著名Ips typographus japonicusは現行目録でI. typographusの異名,原著名Ips typographus japonicusは現行目録でI. typographusの異名,記録地域: 日本（日本型I. typographus japonicusの節から推定） / 地域根拠: 原著は日本型を扱い北海道のトウヒ被害と多数の国内標本を記載するが植物別産地は未記載 / 原著植物名: Picea jezoensis / YList採用名: Picea jezoensis var. jezoensis / 寄主根拠: 本文の国内被害記述とHosts欄 / 掲載頁: 53 / 記録地域: 日本（日本型I. typographus japonicusの節から推定） / 地域根拠: 原著は日本型を扱い北海道のトウヒ被害と多数の国内標本を記載するが植物別産地は未記載 / 原著植物名: Picea jezoensis / YList採用名: Picea jezoensis var. jezoensis / 寄主根拠: 本文の国内被害記述とHosts欄 / 掲載頁: 53
hostplant-SC-N74-TYPO-NATIVE-04,species-SC162,文献（国内・論文範囲）,文献（国内・論文範囲）,記録地域: 日本（日本型I. typographus japonicusの節から推定） / 地域根拠: 原著は日本型を扱い北海道のトウヒ被害と多数の国内標本を記載するが植物別産地は未記載 / 原著植物名: Picea jezoensis var. hondoensis / YList採用名: Picea jezoensis var. hondoensis / 寄主根拠: 本文の国内被害記述とHosts欄 / 掲載頁: 53 / 原著名Ips typographus japonicusは現行目録でI. typographusの異名,原著名Ips typographus japonicusは現行目録でI. typographusの異名,記録地域: 日本（日本型I. typographus japonicusの節から推定） / 地域根拠: 原著は日本型を扱い北海道のトウヒ被害と多数の国内標本を記載するが植物別産地は未記載 / 原著植物名: Picea jezoensis var. hondoensis / YList採用名: Picea jezoensis var. hondoensis / 寄主根拠: 本文の国内被害記述とHosts欄 / 掲載頁: 53 / 記録地域: 日本（日本型I. typographus japonicusの節から推定） / 地域根拠: 原著は日本型を扱い北海道のトウヒ被害と多数の国内標本を記載するが植物別産地は未記載 / 原著植物名: Picea jezoensis var. hondoensis / YList採用名: Picea jezoensis var. hondoensis / 寄主根拠: 本文の国内被害記述とHosts欄 / 掲載頁: 53
hostplant-SC-N74-TYPO-NATIVE-05,species-SC162,文献（国内・論文範囲）,文献（国内・論文範囲）,記録地域: 日本（日本型I. typographus japonicusの節から推定） / 地域根拠: 原著は日本型を扱い北海道のトウヒ被害と多数の国内標本を記載するが植物別産地は未記載 / 原著植物名: Pinus koraiensis / YList採用名: Pinus koraiensis / 寄主根拠: 本文の国内被害記述とHosts欄 / 掲載頁: 53 / 原著名Ips typographus japonicusは現行目録でI. typographusの異名,原著名Ips typographus japonicusは現行目録でI. typographusの異名,記録地域: 日本（日本型I. typographus japonicusの節から推定） / 地域根拠: 原著は日本型を扱い北海道のトウヒ被害と多数の国内標本を記載するが植物別産地は未記載 / 原著植物名: Pinus koraiensis / YList採用名: Pinus koraiensis / 寄主根拠: 本文の国内被害記述とHosts欄 / 掲載頁: 53 / 記録地域: 日本（日本型I. typographus japonicusの節から推定） / 地域根拠: 原著は日本型を扱い北海道のトウヒ被害と多数の国内標本を記載するが植物別産地は未記載 / 原著植物名: Pinus koraiensis / YList採用名: Pinus koraiensis / 寄主根拠: 本文の国内被害記述とHosts欄 / 掲載頁: 53
hostplant-SC-N74-TYPO-NATIVE-06,species-SC162,文献（国内・論文範囲）,文献（国内・論文範囲）,記録地域: 日本（日本型I. typographus japonicusの節から推定） / 地域根拠: 原著は日本型を扱い北海道のトウヒ被害と多数の国内標本を記載するが植物別産地は未記載 / 原著植物名: Pinus pentaphylla var. himekomatsu / YList採用名: Pinus parviflora var. parviflora / 寄主根拠: 本文の国内被害記述とHosts欄 / 掲載頁: 53 / 原著名Ips typographus japonicusは現行目録でI. typographusの異名,原著名Ips typographus japonicusは現行目録でI. typographusの異名,記録地域: 日本（日本型I. typographus japonicusの節から推定） / 地域根拠: 原著は日本型を扱い北海道のトウヒ被害と多数の国内標本を記載するが植物別産地は未記載 / 原著植物名: Pinus pentaphylla var. himekomatsu / YList採用名: Pinus parviflora var. parviflora / 寄主根拠: 本文の国内被害記述とHosts欄 / 掲載頁: 53 / 記録地域: 日本（日本型I. typographus japonicusの節から推定） / 地域根拠: 原著は日本型を扱い北海道のトウヒ被害と多数の国内標本を記載するが植物別産地は未記載 / 原著植物名: Pinus pentaphylla var. himekomatsu / YList採用名: Pinus parviflora var. parviflora / 寄主根拠: 本文の国内被害記述とHosts欄 / 掲載頁: 53
hostplant-SC-N74-TYPO-UNKNOWN-01,species-SC162,文献（地域不明）,文献（地域不明）,記録地域: 地域不明（外来樹種のHost欄に国別対応なし） / 地域根拠: Host欄の外来樹種を日本記録へ割り当てる直接根拠がない / 原著植物名: Picea excelsa / YList採用名: Picea abies / 寄主根拠: 原著のHosts欄 / 掲載頁: 53,,記録地域: 地域不明（外来樹種のHost欄に国別対応なし） / 地域根拠: Host欄の外来樹種を日本記録へ割り当てる直接根拠がない / 原著植物名: Picea excelsa / YList採用名: Picea abies / 寄主根拠: 原著のHosts欄 / 掲載頁: 53 / 記録地域: 地域不明（外来樹種のHost欄に国別対応なし） / 地域根拠: Host欄の外来樹種を日本記録へ割り当てる直接根拠がない / 原著植物名: Picea excelsa / YList採用名: Picea abies / 寄主根拠: 原著のHosts欄 / 掲載頁: 53
hostplant-SC-N74-TYPO-UNKNOWN-02,species-SC162,文献（地域不明）,文献（地域不明）,記録地域: 地域不明（外来樹種のHost欄に国別対応なし） / 地域根拠: Host欄の外来樹種を日本記録へ割り当てる直接根拠がない / 原著植物名: Pinus ponderosa / YList採用名: Pinus ponderosa / 寄主根拠: 原著のHosts欄 / 掲載頁: 53,,記録地域: 地域不明（外来樹種のHost欄に国別対応なし） / 地域根拠: Host欄の外来樹種を日本記録へ割り当てる直接根拠がない / 原著植物名: Pinus ponderosa / YList採用名: Pinus ponderosa / 寄主根拠: 原著のHosts欄 / 掲載頁: 53 / 記録地域: 地域不明（外来樹種のHost欄に国別対応なし） / 地域根拠: Host欄の外来樹種を日本記録へ割り当てる直接根拠がない / 原著植物名: Pinus ponderosa / YList採用名: Pinus ponderosa / 寄主根拠: 原著のHosts欄 / 掲載頁: 53
hostplant-SC-N74-TYPO-UNKNOWN-03,species-SC162,文献（地域不明）,文献（地域不明）,記録地域: 地域不明（外来樹種のHost欄に国別対応なし） / 地域根拠: Host欄の外来樹種を日本記録へ割り当てる直接根拠がない / 原著植物名: Pinus sylvestris / YList採用名: Pinus sylvestris / 寄主根拠: 原著のHosts欄 / 掲載頁: 53,,記録地域: 地域不明（外来樹種のHost欄に国別対応なし） / 地域根拠: Host欄の外来樹種を日本記録へ割り当てる直接根拠がない / 原著植物名: Pinus sylvestris / YList採用名: Pinus sylvestris / 寄主根拠: 原著のHosts欄 / 掲載頁: 53 / 記録地域: 地域不明（外来樹種のHost欄に国別対応なし） / 地域根拠: Host欄の外来樹種を日本記録へ割り当てる直接根拠がない / 原著植物名: Pinus sylvestris / YList採用名: Pinus sylvestris / 寄主根拠: 原著のHosts欄 / 掲載頁: 53
hostplant-SC-N74-SPIN-01,species-SC156,文献（国内・論文範囲）,文献（国内・論文範囲）,記録地域: 日本（日本産Ipini再検討の当該節から推定） / 地域根拠: 日本産分類群の節にHostsを記載するが植物ごとの採集地は未記載 / 原著植物名: Quercus gilva / YList採用名: Quercus gilva / 寄主根拠: 原著のHosts欄 / 掲載頁: 54,,記録地域: 日本（日本産Ipini再検討の当該節から推定） / 地域根拠: 日本産分類群の節にHostsを記載するが植物ごとの採集地は未記載 / 原著植物名: Quercus gilva / YList採用名: Quercus gilva / 寄主根拠: 原著のHosts欄 / 掲載頁: 54 / 記録地域: 日本（日本産Ipini再検討の当該節から推定） / 地域根拠: 日本産分類群の節にHostsを記載するが植物ごとの採集地は未記載 / 原著植物名: Quercus gilva / YList採用名: Quercus gilva / 寄主根拠: 原著のHosts欄 / 掲載頁: 54
hostplant-SC-N74-SPIN-02,species-SC156,文献（国内・論文範囲）,文献（国内・論文範囲）,記録地域: 日本（日本産Ipini再検討の当該節から推定） / 地域根拠: 日本産分類群の節にHostsを記載するが植物ごとの採集地は未記載 / 原著植物名: Quercus myrsinaefolia / YList採用名: Quercus myrsinifolia / 寄主根拠: 原著のHosts欄 / 掲載頁: 54,,記録地域: 日本（日本産Ipini再検討の当該節から推定） / 地域根拠: 日本産分類群の節にHostsを記載するが植物ごとの採集地は未記載 / 原著植物名: Quercus myrsinaefolia / YList採用名: Quercus myrsinifolia / 寄主根拠: 原著のHosts欄 / 掲載頁: 54 / 記録地域: 日本（日本産Ipini再検討の当該節から推定） / 地域根拠: 日本産分類群の節にHostsを記載するが植物ごとの採集地は未記載 / 原著植物名: Quercus myrsinaefolia / YList採用名: Quercus myrsinifolia / 寄主根拠: 原著のHosts欄 / 掲載頁: 54
hostplant-SC-N74-SPIN-03,species-SC156,文献（国内・論文範囲）,文献（国内・論文範囲）,記録地域: 日本（日本産Ipini再検討の当該節から推定） / 地域根拠: 日本産分類群の節にHostsを記載するが植物ごとの採集地は未記載 / 原著植物名: Quercus salicina / YList採用名: Quercus salicina / 寄主根拠: 原著のHosts欄 / 掲載頁: 54,,記録地域: 日本（日本産Ipini再検討の当該節から推定） / 地域根拠: 日本産分類群の節にHostsを記載するが植物ごとの採集地は未記載 / 原著植物名: Quercus salicina / YList採用名: Quercus salicina / 寄主根拠: 原著のHosts欄 / 掲載頁: 54 / 記録地域: 日本（日本産Ipini再検討の当該節から推定） / 地域根拠: 日本産分類群の節にHostsを記載するが植物ごとの採集地は未記載 / 原著植物名: Quercus salicina / YList採用名: Quercus salicina / 寄主根拠: 原著のHosts欄 / 掲載頁: 54
hostplant-SC-N75-ELON-01,species-SC055,文献（国内・明記）,文献（国内・明記）,"記録地域: 日本（東京都高尾山・福岡県英彦山） / 地域根拠: ホロタイプとパラタイプをMt. TakaoおよびMt. Hiko, in Cornus controversaとして明記 / 原著植物名: Cornus controversa / YList採用名: Cornus controversa var. controversa / 寄主根拠: タイプ標本・パラタイプの寄主・産地記載 / 掲載頁: 42 / 原著名 Ericryphalus elongatus は2026年目録で本種の異名として明記",原著名 Ericryphalus elongatus は2026年目録で本種の異名として明記,"記録地域: 日本（東京都高尾山・福岡県英彦山） / 地域根拠: ホロタイプとパラタイプをMt. TakaoおよびMt. Hiko, in Cornus controversaとして明記 / 原著植物名: Cornus controversa / YList採用名: Cornus controversa var. controversa / 寄主根拠: タイプ標本・パラタイプの寄主・産地記載 / 掲載頁: 42 / 記録地域: 日本（東京都高尾山・福岡県英彦山） / 地域根拠: ホロタイプとパラタイプをMt. TakaoおよびMt. Hiko, in Cornus controversaとして明記 / 原著植物名: Cornus controversa / YList採用名: Cornus controversa var. controversa / 寄主根拠: タイプ標本・パラタイプの寄主・産地記載 / 掲載頁: 42"
hostplant-SC-N75-ELON-02,species-SC055,文献（国内・明記）,文献（国内・明記）,"記録地域: 日本（福島県） / 地域根拠: パラタイプ29個体をYashirogoya, Fukushima Pref., in Acer sp.として明記 / 原著植物名: Acer sp. / YList採用名: Acer sp. / 寄主根拠: タイプ標本・パラタイプの寄主・産地記載 / 掲載頁: 42 / 原著名 Ericryphalus elongatus は2026年目録で本種の異名として明記",原著名 Ericryphalus elongatus は2026年目録で本種の異名として明記,"記録地域: 日本（福島県） / 地域根拠: パラタイプ29個体をYashirogoya, Fukushima Pref., in Acer sp.として明記 / 原著植物名: Acer sp. / YList採用名: Acer sp. / 寄主根拠: タイプ標本・パラタイプの寄主・産地記載 / 掲載頁: 42 / 記録地域: 日本（福島県） / 地域根拠: パラタイプ29個体をYashirogoya, Fukushima Pref., in Acer sp.として明記 / 原著植物名: Acer sp. / YList採用名: Acer sp. / 寄主根拠: タイプ標本・パラタイプの寄主・産地記載 / 掲載頁: 42"
hostplant-SC-N75-ELON-03,species-SC055,文献（国内・明記）,文献（国内・明記）,"記録地域: 日本（福岡県浮羽） / 地域根拠: パラタイプ3個体をUkita, Fukuoka Pref., in grape-vineとして明記 / 原著植物名: grape-vine / 寄主根拠: タイプ標本・パラタイプの寄主・産地記載 / 掲載頁: 42 / 原著はgrape-vineとのみ記し、種・属を推定していない",原著はgrape-vineとのみ記し、種・属を推定していない,"記録地域: 日本（福岡県浮羽） / 地域根拠: パラタイプ3個体をUkita, Fukuoka Pref., in grape-vineとして明記 / 原著植物名: grape-vine / 寄主根拠: タイプ標本・パラタイプの寄主・産地記載 / 掲載頁: 42 / 記録地域: 日本（福岡県浮羽） / 地域根拠: パラタイプ3個体をUkita, Fukuoka Pref., in grape-vineとして明記 / 原著植物名: grape-vine / 寄主根拠: タイプ標本・パラタイプの寄主・産地記載 / 掲載頁: 42"
hostplant-SC-N75-ATER-01,species-SC058,文献（国内・明記）,文献（国内・明記）,"記録地域: 日本（埼玉県秩父・惣小屋） / 地域根拠: ホロタイプとパラタイプにSogoya, Chichibu, Saitama Pref.の産地と寄主を明記 / 原著植物名: Pterocarya rhoifolia / YList採用名: Pterocarya rhoifolia / 寄主根拠: タイプ標本・パラタイプの寄主・産地記載 / 掲載頁: 42 / 原著名 Ernoporicus ater は2026年目録で本種の異名として明記",原著名 Ernoporicus ater は2026年目録で本種の異名として明記,"記録地域: 日本（埼玉県秩父・惣小屋） / 地域根拠: ホロタイプとパラタイプにSogoya, Chichibu, Saitama Pref.の産地と寄主を明記 / 原著植物名: Pterocarya rhoifolia / YList採用名: Pterocarya rhoifolia / 寄主根拠: タイプ標本・パラタイプの寄主・産地記載 / 掲載頁: 42 / 記録地域: 日本（埼玉県秩父・惣小屋） / 地域根拠: ホロタイプとパラタイプにSogoya, Chichibu, Saitama Pref.の産地と寄主を明記 / 原著植物名: Pterocarya rhoifolia / YList採用名: Pterocarya rhoifolia / 寄主根拠: タイプ標本・パラタイプの寄主・産地記載 / 掲載頁: 42"
hostplant-SC-N75-ATER-02,species-SC058,文献（国内・明記）,文献（国内・明記）,"記録地域: 日本（埼玉県秩父・惣小屋） / 地域根拠: ホロタイプとパラタイプにSogoya, Chichibu, Saitama Pref.の産地と寄主を明記 / 原著植物名: Kalopanax septemlobus / YList採用名: Kalopanax septemlobus / 寄主根拠: タイプ標本・パラタイプの寄主・産地記載 / 掲載頁: 42 / 原著名 Ernoporicus ater は2026年目録で本種の異名として明記",原著名 Ernoporicus ater は2026年目録で本種の異名として明記,"記録地域: 日本（埼玉県秩父・惣小屋） / 地域根拠: ホロタイプとパラタイプにSogoya, Chichibu, Saitama Pref.の産地と寄主を明記 / 原著植物名: Kalopanax septemlobus / YList採用名: Kalopanax septemlobus / 寄主根拠: タイプ標本・パラタイプの寄主・産地記載 / 掲載頁: 42 / 記録地域: 日本（埼玉県秩父・惣小屋） / 地域根拠: ホロタイプとパラタイプにSogoya, Chichibu, Saitama Pref.の産地と寄主を明記 / 原著植物名: Kalopanax septemlobus / YList採用名: Kalopanax septemlobus / 寄主根拠: タイプ標本・パラタイプの寄主・産地記載 / 掲載頁: 42"
hostplant-SC-N75-ALNI-01,species-SC044,文献（国内・明記）,文献（国内・明記）,"記録地域: 日本（群馬県） / 地域根拠: ホロタイプとパラタイプをKonseitoge, Gunma Pref., in Alnus hirsutaとして明記 / 原著植物名: Alnus hirsuta / 寄主根拠: タイプ標本・パラタイプの寄主・産地記載 / 掲載頁: 43 / 原著は変種を記さないため、YListのケヤマハンノキとヤマハンノキへ分配していない",原著は変種を記さないため、YListのケヤマハンノキとヤマハンノキへ分配していない,"記録地域: 日本（群馬県） / 地域根拠: ホロタイプとパラタイプをKonseitoge, Gunma Pref., in Alnus hirsutaとして明記 / 原著植物名: Alnus hirsuta / 寄主根拠: タイプ標本・パラタイプの寄主・産地記載 / 掲載頁: 43 / 記録地域: 日本（群馬県） / 地域根拠: ホロタイプとパラタイプをKonseitoge, Gunma Pref., in Alnus hirsutaとして明記 / 原著植物名: Alnus hirsuta / 寄主根拠: タイプ標本・パラタイプの寄主・産地記載 / 掲載頁: 43"
hostplant-SC-N75-TAKA-01,species-SC060,文献（国内・明記）,文献（国内・明記）,"記録地域: 日本（青森県八甲田山） / 地域根拠: パラタイプ51個体をHakkoda, Aomori Pref., in Sorbus commixtaとして明記 / 原著植物名: Sorbus commixta / YList採用名: Sorbus commixta / 寄主根拠: パラタイプの寄主・産地記載 / 掲載頁: 44 / 原著名 Ernoporicus takahashii は2026年目録で本種の異名として明記",原著名 Ernoporicus takahashii は2026年目録で本種の異名として明記,"記録地域: 日本（青森県八甲田山） / 地域根拠: パラタイプ51個体をHakkoda, Aomori Pref., in Sorbus commixtaとして明記 / 原著植物名: Sorbus commixta / YList採用名: Sorbus commixta / 寄主根拠: パラタイプの寄主・産地記載 / 掲載頁: 44 / 記録地域: 日本（青森県八甲田山） / 地域根拠: パラタイプ51個体をHakkoda, Aomori Pref., in Sorbus commixtaとして明記 / 原著植物名: Sorbus commixta / YList採用名: Sorbus commixta / 寄主根拠: パラタイプの寄主・産地記載 / 掲載頁: 44"
hostplant-SC-N75-BADI-01,species-SC045,文献（国内・明記）,文献（国内・明記）,"記録地域: 日本（福岡県犬鳴峠・英彦山、東京都浅川） / 地域根拠: ホロタイプと複数のパラタイプを各産地, in Wisteria floribundaとして明記 / 原著植物名: Wisteria floribunda / YList採用名: Wisteria floribunda / 寄主根拠: タイプ標本・パラタイプの寄主・産地記載 / 掲載頁: 45 / 原著名 Cryphalomorphus badius は2026年目録の異名欄を介して本種へ対応",原著名 Cryphalomorphus badius は2026年目録の異名欄を介して本種へ対応,"記録地域: 日本（福岡県犬鳴峠・英彦山、東京都浅川） / 地域根拠: ホロタイプと複数のパラタイプを各産地, in Wisteria floribundaとして明記 / 原著植物名: Wisteria floribunda / YList採用名: Wisteria floribunda / 寄主根拠: タイプ標本・パラタイプの寄主・産地記載 / 掲載頁: 45 / 記録地域: 日本（福岡県犬鳴峠・英彦山、東京都浅川） / 地域根拠: ホロタイプと複数のパラタイプを各産地, in Wisteria floribundaとして明記 / 原著植物名: Wisteria floribunda / YList採用名: Wisteria floribunda / 寄主根拠: タイプ標本・パラタイプの寄主・産地記載 / 掲載頁: 45"
hostplant-SC-N75-CAME-01,species-SC047,文献（国内・明記）,文献（国内・明記）,"記録地域: 日本（新潟県胎内小屋） / 地域根拠: ホロタイプとパラタイプをTainaigoya, Niigata Pref., in Camellia japonica rusticanaとして明記 / 原著植物名: Camellia japonica rusticana / YList採用名: Camellia rusticana / 寄主根拠: タイプ標本・パラタイプの寄主・産地記載 / 掲載頁: 46 / 原著名 Cryphalomorphus camelliae は2026年目録の異名欄を介して本種へ対応",原著名 Cryphalomorphus camelliae は2026年目録の異名欄を介して本種へ対応,"記録地域: 日本（新潟県胎内小屋） / 地域根拠: ホロタイプとパラタイプをTainaigoya, Niigata Pref., in Camellia japonica rusticanaとして明記 / 原著植物名: Camellia japonica rusticana / YList採用名: Camellia rusticana / 寄主根拠: タイプ標本・パラタイプの寄主・産地記載 / 掲載頁: 46 / 記録地域: 日本（新潟県胎内小屋） / 地域根拠: ホロタイプとパラタイプをTainaigoya, Niigata Pref., in Camellia japonica rusticanaとして明記 / 原著植物名: Camellia japonica rusticana / YList採用名: Camellia rusticana / 寄主根拠: タイプ標本・パラタイプの寄主・産地記載 / 掲載頁: 46"
hostplant-SC-N75-FUJI-01,species-SC051,文献（国内・明記）,文献（国内・明記）,"記録地域: 日本（山梨県富士山） / 地域根拠: ホロタイプとパラタイプをMt. Fuji, Yamanashi Pref., in Pterocarya rhoifoliaとして明記 / 原著植物名: Pterocarya rhoifolia / YList採用名: Pterocarya rhoifolia / 寄主根拠: タイプ標本・パラタイプの寄主・産地記載 / 掲載頁: 46 / 原著名 Cryphalomorphus fujisanus は2026年目録の異名欄を介して本種へ対応",原著名 Cryphalomorphus fujisanus は2026年目録の異名欄を介して本種へ対応,"記録地域: 日本（山梨県富士山） / 地域根拠: ホロタイプとパラタイプをMt. Fuji, Yamanashi Pref., in Pterocarya rhoifoliaとして明記 / 原著植物名: Pterocarya rhoifolia / YList採用名: Pterocarya rhoifolia / 寄主根拠: タイプ標本・パラタイプの寄主・産地記載 / 掲載頁: 46 / 記録地域: 日本（山梨県富士山） / 地域根拠: ホロタイプとパラタイプをMt. Fuji, Yamanashi Pref., in Pterocarya rhoifoliaとして明記 / 原著植物名: Pterocarya rhoifolia / YList採用名: Pterocarya rhoifolia / 寄主根拠: タイプ標本・パラタイプの寄主・産地記載 / 掲載頁: 46"
hostplant-SC-N75-SCOL-01,species-SC049,文献（国内・明記）,文献（国内・明記）,"記録地域: 日本（東京都浅川、福岡県立花山） / 地域根拠: ホロタイプとパラタイプを各産地, in Trachelospermum asiaticumとして明記 / 原著植物名: Trachelospermum asiaticum / YList採用名: Trachelospermum asiaticum var. asiaticum / 寄主根拠: タイプ標本・パラタイプの寄主・産地記載 / 掲載頁: 51 / 原著名 Cryphalomorphus scolytomimoides は2026年目録で本種の異名として明記",原著名 Cryphalomorphus scolytomimoides は2026年目録で本種の異名として明記,"記録地域: 日本（東京都浅川、福岡県立花山） / 地域根拠: ホロタイプとパラタイプを各産地, in Trachelospermum asiaticumとして明記 / 原著植物名: Trachelospermum asiaticum / YList採用名: Trachelospermum asiaticum var. asiaticum / 寄主根拠: タイプ標本・パラタイプの寄主・産地記載 / 掲載頁: 51 / 記録地域: 日本（東京都浅川、福岡県立花山） / 地域根拠: ホロタイプとパラタイプを各産地, in Trachelospermum asiaticumとして明記 / 原著植物名: Trachelospermum asiaticum / YList採用名: Trachelospermum asiaticum var. asiaticum / 寄主根拠: タイプ標本・パラタイプの寄主・産地記載 / 掲載頁: 51"
hostplant-SC-N75-AQUI-01,species-SC006,文献（国内・明記）,文献（国内・明記）,"記録地域: 日本（北海道濁川） / 地域根拠: ホロタイプとパラタイプをNigorikawa, Hokkaido, in Carpinus cordataとして明記 / 原著植物名: Carpinus cordata / YList採用名: Carpinus cordata var. cordata / 寄主根拠: タイプ標本・パラタイプの寄主・産地記載 / 掲載頁: 52 / 原著名 Taenioglyptes aquilonius は現行組合せへ更新",原著名 Taenioglyptes aquilonius は現行組合せへ更新,"記録地域: 日本（北海道濁川） / 地域根拠: ホロタイプとパラタイプをNigorikawa, Hokkaido, in Carpinus cordataとして明記 / 原著植物名: Carpinus cordata / YList採用名: Carpinus cordata var. cordata / 寄主根拠: タイプ標本・パラタイプの寄主・産地記載 / 掲載頁: 52 / 記録地域: 日本（北海道濁川） / 地域根拠: ホロタイプとパラタイプをNigorikawa, Hokkaido, in Carpinus cordataとして明記 / 原著植物名: Carpinus cordata / YList採用名: Carpinus cordata var. cordata / 寄主根拠: タイプ標本・パラタイプの寄主・産地記載 / 掲載頁: 52"
hostplant-SC-N75-PULC-01,species-SC037,文献（国内・明記）,文献（国内・明記）,"記録地域: 日本（奈良県東川、群馬県島温泉） / 地域根拠: ホロタイプとパラタイプを各産地, in Aesculus turbinataとして明記 / 原著植物名: Aesculus turbinata / YList採用名: Aesculus turbinata / 寄主根拠: タイプ標本・パラタイプの寄主・産地記載 / 掲載頁: 55 / 原著名 Taenioglyptes pulchellus は現行組合せへ更新",原著名 Taenioglyptes pulchellus は現行組合せへ更新,"記録地域: 日本（奈良県東川、群馬県島温泉） / 地域根拠: ホロタイプとパラタイプを各産地, in Aesculus turbinataとして明記 / 原著植物名: Aesculus turbinata / YList採用名: Aesculus turbinata / 寄主根拠: タイプ標本・パラタイプの寄主・産地記載 / 掲載頁: 55 / 記録地域: 日本（奈良県東川、群馬県島温泉） / 地域根拠: ホロタイプとパラタイプを各産地, in Aesculus turbinataとして明記 / 原著植物名: Aesculus turbinata / YList採用名: Aesculus turbinata / 寄主根拠: タイプ標本・パラタイプの寄主・産地記載 / 掲載頁: 55"
hostplant-SC-N75-LONG-01,species-SC027,文献（国内・明記）,文献（国内・明記）,"記録地域: 日本（山梨県広河原） / 地域根拠: ホロタイプとパラタイプをHirogawara, Yamanashi Pref., in Abies homolepisとして明記 / 原著植物名: Abies homolepis / YList採用名: Abies homolepis / 寄主根拠: タイプ標本・パラタイプの寄主・産地記載 / 掲載頁: 57 / 原著名 Taenioglyptes longisetosus は現行組合せへ更新",原著名 Taenioglyptes longisetosus は現行組合せへ更新,"記録地域: 日本（山梨県広河原） / 地域根拠: ホロタイプとパラタイプをHirogawara, Yamanashi Pref., in Abies homolepisとして明記 / 原著植物名: Abies homolepis / YList採用名: Abies homolepis / 寄主根拠: タイプ標本・パラタイプの寄主・産地記載 / 掲載頁: 57 / 記録地域: 日本（山梨県広河原） / 地域根拠: ホロタイプとパラタイプをHirogawara, Yamanashi Pref., in Abies homolepisとして明記 / 原著植物名: Abies homolepis / YList採用名: Abies homolepis / 寄主根拠: タイプ標本・パラタイプの寄主・産地記載 / 掲載頁: 57"
hostplant-SC-N75-LONG-02,species-SC027,文献（国内・明記）,文献（国内・明記）,"記録地域: 日本（埼玉県雁坂峠） / 地域根拠: パラタイプ11個体をKarisakatoge, Saitama Pref., in Tsuga diversifoliaとして明記 / 原著植物名: Tsuga diversifolia / YList採用名: Tsuga diversifolia / 寄主根拠: タイプ標本・パラタイプの寄主・産地記載 / 掲載頁: 57 / 原著名 Taenioglyptes longisetosus は現行組合せへ更新",原著名 Taenioglyptes longisetosus は現行組合せへ更新,"記録地域: 日本（埼玉県雁坂峠） / 地域根拠: パラタイプ11個体をKarisakatoge, Saitama Pref., in Tsuga diversifoliaとして明記 / 原著植物名: Tsuga diversifolia / YList採用名: Tsuga diversifolia / 寄主根拠: タイプ標本・パラタイプの寄主・産地記載 / 掲載頁: 57 / 記録地域: 日本（埼玉県雁坂峠） / 地域根拠: パラタイプ11個体をKarisakatoge, Saitama Pref., in Tsuga diversifoliaとして明記 / 原著植物名: Tsuga diversifolia / YList採用名: Tsuga diversifolia / 寄主根拠: タイプ標本・パラタイプの寄主・産地記載 / 掲載頁: 57"
hostplant-SC-N75-LONG-03,species-SC027,文献（国内・明記）,文献（国内・明記）,"記録地域: 日本（山梨県富士山） / 地域根拠: パラタイプ3個体をMt. Fuji, Yamanashi Pref., in Abies veitchiiとして明記 / 原著植物名: Abies veitchii / YList採用名: Abies veitchii / 寄主根拠: タイプ標本・パラタイプの寄主・産地記載 / 掲載頁: 57 / 原著名 Taenioglyptes longisetosus は現行組合せへ更新",原著名 Taenioglyptes longisetosus は現行組合せへ更新,"記録地域: 日本（山梨県富士山） / 地域根拠: パラタイプ3個体をMt. Fuji, Yamanashi Pref., in Abies veitchiiとして明記 / 原著植物名: Abies veitchii / YList採用名: Abies veitchii / 寄主根拠: タイプ標本・パラタイプの寄主・産地記載 / 掲載頁: 57 / 記録地域: 日本（山梨県富士山） / 地域根拠: パラタイプ3個体をMt. Fuji, Yamanashi Pref., in Abies veitchiiとして明記 / 原著植物名: Abies veitchii / YList採用名: Abies veitchii / 寄主根拠: タイプ標本・パラタイプの寄主・産地記載 / 掲載頁: 57"
hostplant-SC-N75-DISS-01,species-SC014,文献（国内・明記）,文献（国内・明記）,"記録地域: 日本（山梨県富士山） / 地域根拠: ホロタイプとパラタイプをMt. Fuji, Yamanashi Pref., in Abies homolepisとして明記 / 原著植物名: Abies homolepis / YList採用名: Abies homolepis / 寄主根拠: タイプ標本・パラタイプの寄主・産地記載 / 掲載頁: 58 / 原著名 Taenioglyptes dissimilis は現行組合せへ更新",原著名 Taenioglyptes dissimilis は現行組合せへ更新,"記録地域: 日本（山梨県富士山） / 地域根拠: ホロタイプとパラタイプをMt. Fuji, Yamanashi Pref., in Abies homolepisとして明記 / 原著植物名: Abies homolepis / YList採用名: Abies homolepis / 寄主根拠: タイプ標本・パラタイプの寄主・産地記載 / 掲載頁: 58 / 記録地域: 日本（山梨県富士山） / 地域根拠: ホロタイプとパラタイプをMt. Fuji, Yamanashi Pref., in Abies homolepisとして明記 / 原著植物名: Abies homolepis / YList採用名: Abies homolepis / 寄主根拠: タイプ標本・パラタイプの寄主・産地記載 / 掲載頁: 58"
hostplant-SC-N64-MONT-01,species-SC031,文献（国内・明記）,文献（国内・明記）,記録地域: 日本（群馬県奥日光・尾瀬、山梨県金峰山、埼玉県雁坂峠） / 地域根拠: ホロタイプ、アロタイプ、パラタイプの日本産地と植物名を同じ標本記録に明記 / 原著植物名: Abies mariesii / YList採用名: Abies mariesii / 寄主根拠: タイプ標本・パラタイプの寄主・産地記載 / 掲載頁: 130,,記録地域: 日本（群馬県奥日光・尾瀬、山梨県金峰山、埼玉県雁坂峠） / 地域根拠: ホロタイプ、アロタイプ、パラタイプの日本産地と植物名を同じ標本記録に明記 / 原著植物名: Abies mariesii / YList採用名: Abies mariesii / 寄主根拠: タイプ標本・パラタイプの寄主・産地記載 / 掲載頁: 130 / 記録地域: 日本（群馬県奥日光・尾瀬、山梨県金峰山、埼玉県雁坂峠） / 地域根拠: ホロタイプ、アロタイプ、パラタイプの日本産地と植物名を同じ標本記録に明記 / 原著植物名: Abies mariesii / YList採用名: Abies mariesii / 寄主根拠: タイプ標本・パラタイプの寄主・産地記載 / 掲載頁: 130
hostplant-SC-N64-MONT-02,species-SC031,文献（国内・明記）,文献（国内・明記）,記録地域: 日本（群馬県奥日光・尾瀬、山梨県金峰山、埼玉県雁坂峠） / 地域根拠: ホロタイプ、アロタイプ、パラタイプの日本産地と植物名を同じ標本記録に明記 / 原著植物名: Abies veitchii / YList採用名: Abies veitchii / 寄主根拠: タイプ標本・パラタイプの寄主・産地記載 / 掲載頁: 130,,記録地域: 日本（群馬県奥日光・尾瀬、山梨県金峰山、埼玉県雁坂峠） / 地域根拠: ホロタイプ、アロタイプ、パラタイプの日本産地と植物名を同じ標本記録に明記 / 原著植物名: Abies veitchii / YList採用名: Abies veitchii / 寄主根拠: タイプ標本・パラタイプの寄主・産地記載 / 掲載頁: 130 / 記録地域: 日本（群馬県奥日光・尾瀬、山梨県金峰山、埼玉県雁坂峠） / 地域根拠: ホロタイプ、アロタイプ、パラタイプの日本産地と植物名を同じ標本記録に明記 / 原著植物名: Abies veitchii / YList採用名: Abies veitchii / 寄主根拠: タイプ標本・パラタイプの寄主・産地記載 / 掲載頁: 130
hostplant-SC-N64-NIIS-01,species-SC155,文献（国内・明記）,文献（国内・明記）,記録地域: 日本（東京都、奈良県、静岡県） / 地域根拠: Specimens examined欄で各日本産地と植物名を同じ標本記録に明記 / 原著植物名: Chamaecyparis obtusa / YList採用名: Chamaecyparis obtusa / 寄主根拠: 標本の寄主・産地記載 / 掲載頁: 130-131 / 原著名Neohyorrhynchus niisimaiはCognato et al. (2024) の分類学的再検討と2026年目録によりSueus niisimaiへ対応 / 原著の奈良県標本の日付1458はPDF画像でも確認できる印刷上の誤植で、地域判定には用いていない,原著名Neohyorrhynchus niisimaiはCognato et al. (2024) の分類学的再検討と2026年目録によりSueus niisimaiへ対応 / 原著の奈良県標本の日付1458はPDF画像でも確認できる印刷上の誤植で、地域判定には用いていない,記録地域: 日本（東京都、奈良県、静岡県） / 地域根拠: Specimens examined欄で各日本産地と植物名を同じ標本記録に明記 / 原著植物名: Chamaecyparis obtusa / YList採用名: Chamaecyparis obtusa / 寄主根拠: 標本の寄主・産地記載 / 掲載頁: 130-131 / 記録地域: 日本（東京都、奈良県、静岡県） / 地域根拠: Specimens examined欄で各日本産地と植物名を同じ標本記録に明記 / 原著植物名: Chamaecyparis obtusa / YList採用名: Chamaecyparis obtusa / 寄主根拠: 標本の寄主・産地記載 / 掲載頁: 130-131
hostplant-SC-N64-NIIS-02,species-SC155,文献（国内・明記）,文献（国内・明記）,記録地域: 日本（東京都、奈良県、静岡県） / 地域根拠: Specimens examined欄で各日本産地と植物名を同じ標本記録に明記 / 原著植物名: Carpinus carpinoides / YList採用名: Carpinus japonica / 寄主根拠: 標本の寄主・産地記載 / 掲載頁: 130-131 / 原著名Neohyorrhynchus niisimaiはCognato et al. (2024) の分類学的再検討と2026年目録によりSueus niisimaiへ対応 / 原著の奈良県標本の日付1458はPDF画像でも確認できる印刷上の誤植で、地域判定には用いていない,原著名Neohyorrhynchus niisimaiはCognato et al. (2024) の分類学的再検討と2026年目録によりSueus niisimaiへ対応 / 原著の奈良県標本の日付1458はPDF画像でも確認できる印刷上の誤植で、地域判定には用いていない,記録地域: 日本（東京都、奈良県、静岡県） / 地域根拠: Specimens examined欄で各日本産地と植物名を同じ標本記録に明記 / 原著植物名: Carpinus carpinoides / YList採用名: Carpinus japonica / 寄主根拠: 標本の寄主・産地記載 / 掲載頁: 130-131 / 記録地域: 日本（東京都、奈良県、静岡県） / 地域根拠: Specimens examined欄で各日本産地と植物名を同じ標本記録に明記 / 原著植物名: Carpinus carpinoides / YList採用名: Carpinus japonica / 寄主根拠: 標本の寄主・産地記載 / 掲載頁: 130-131
hostplant-SC-N64-NIIS-03,species-SC155,文献（国内・明記）,文献（国内・明記）,記録地域: 日本（東京都、奈良県、静岡県） / 地域根拠: Specimens examined欄で各日本産地と植物名を同じ標本記録に明記 / 原著植物名: Quercus sieboldiana / YList採用名: Lithocarpus glaber / 寄主根拠: 標本の寄主・産地記載 / 掲載頁: 130-131 / 原著名Neohyorrhynchus niisimaiはCognato et al. (2024) の分類学的再検討と2026年目録によりSueus niisimaiへ対応 / 原著の奈良県標本の日付1458はPDF画像でも確認できる印刷上の誤植で、地域判定には用いていない,原著名Neohyorrhynchus niisimaiはCognato et al. (2024) の分類学的再検討と2026年目録によりSueus niisimaiへ対応 / 原著の奈良県標本の日付1458はPDF画像でも確認できる印刷上の誤植で、地域判定には用いていない,記録地域: 日本（東京都、奈良県、静岡県） / 地域根拠: Specimens examined欄で各日本産地と植物名を同じ標本記録に明記 / 原著植物名: Quercus sieboldiana / YList採用名: Lithocarpus glaber / 寄主根拠: 標本の寄主・産地記載 / 掲載頁: 130-131 / 記録地域: 日本（東京都、奈良県、静岡県） / 地域根拠: Specimens examined欄で各日本産地と植物名を同じ標本記録に明記 / 原著植物名: Quercus sieboldiana / YList採用名: Lithocarpus glaber / 寄主根拠: 標本の寄主・産地記載 / 掲載頁: 130-131
hostplant-SC-N64-NIIS-04,species-SC155,文献（国内・明記）,文献（国内・明記）,記録地域: 日本（東京都、奈良県、静岡県） / 地域根拠: Specimens examined欄で各日本産地と植物名を同じ標本記録に明記 / 原著植物名: Quercus glauca / YList採用名: Quercus glauca / 寄主根拠: 標本の寄主・産地記載 / 掲載頁: 130-131 / 原著名Neohyorrhynchus niisimaiはCognato et al. (2024) の分類学的再検討と2026年目録によりSueus niisimaiへ対応 / 原著の奈良県標本の日付1458はPDF画像でも確認できる印刷上の誤植で、地域判定には用いていない,原著名Neohyorrhynchus niisimaiはCognato et al. (2024) の分類学的再検討と2026年目録によりSueus niisimaiへ対応 / 原著の奈良県標本の日付1458はPDF画像でも確認できる印刷上の誤植で、地域判定には用いていない,記録地域: 日本（東京都、奈良県、静岡県） / 地域根拠: Specimens examined欄で各日本産地と植物名を同じ標本記録に明記 / 原著植物名: Quercus glauca / YList採用名: Quercus glauca / 寄主根拠: 標本の寄主・産地記載 / 掲載頁: 130-131 / 記録地域: 日本（東京都、奈良県、静岡県） / 地域根拠: Specimens examined欄で各日本産地と植物名を同じ標本記録に明記 / 原著植物名: Quercus glauca / YList採用名: Quercus glauca / 寄主根拠: 標本の寄主・産地記載 / 掲載頁: 130-131
hostplant-SC-N64-NIIS-05,species-SC155,文献（国内・明記）,文献（国内・明記）,記録地域: 日本（東京都、奈良県、静岡県） / 地域根拠: Specimens examined欄で各日本産地と植物名を同じ標本記録に明記 / 原著植物名: Styrax japonica / YList採用名: Styrax japonicus / 寄主根拠: 標本の寄主・産地記載 / 掲載頁: 130-131 / 原著名Neohyorrhynchus niisimaiはCognato et al. (2024) の分類学的再検討と2026年目録によりSueus niisimaiへ対応 / 原著の奈良県標本の日付1458はPDF画像でも確認できる印刷上の誤植で、地域判定には用いていない,原著名Neohyorrhynchus niisimaiはCognato et al. (2024) の分類学的再検討と2026年目録によりSueus niisimaiへ対応 / 原著の奈良県標本の日付1458はPDF画像でも確認できる印刷上の誤植で、地域判定には用いていない,記録地域: 日本（東京都、奈良県、静岡県） / 地域根拠: Specimens examined欄で各日本産地と植物名を同じ標本記録に明記 / 原著植物名: Styrax japonica / YList採用名: Styrax japonicus / 寄主根拠: 標本の寄主・産地記載 / 掲載頁: 130-131 / 記録地域: 日本（東京都、奈良県、静岡県） / 地域根拠: Specimens examined欄で各日本産地と植物名を同じ標本記録に明記 / 原著植物名: Styrax japonica / YList採用名: Styrax japonicus / 寄主根拠: 標本の寄主・産地記載 / 掲載頁: 130-131
hostplant-SC-N64-NIIS-06,species-SC155,文献（国内・明記）,文献（国内・明記）,記録地域: 日本（東京都、奈良県、静岡県） / 地域根拠: Specimens examined欄で各日本産地と植物名を同じ標本記録に明記 / 原著植物名: Prunus donarium / YList採用名: Cerasus jamasakura / 寄主根拠: 標本の寄主・産地記載 / 掲載頁: 130-131 / 原著名Neohyorrhynchus niisimaiはCognato et al. (2024) の分類学的再検討と2026年目録によりSueus niisimaiへ対応 / 原著の奈良県標本の日付1458はPDF画像でも確認できる印刷上の誤植で、地域判定には用いていない,原著名Neohyorrhynchus niisimaiはCognato et al. (2024) の分類学的再検討と2026年目録によりSueus niisimaiへ対応 / 原著の奈良県標本の日付1458はPDF画像でも確認できる印刷上の誤植で、地域判定には用いていない,記録地域: 日本（東京都、奈良県、静岡県） / 地域根拠: Specimens examined欄で各日本産地と植物名を同じ標本記録に明記 / 原著植物名: Prunus donarium / YList採用名: Cerasus jamasakura / 寄主根拠: 標本の寄主・産地記載 / 掲載頁: 130-131 / 記録地域: 日本（東京都、奈良県、静岡県） / 地域根拠: Specimens examined欄で各日本産地と植物名を同じ標本記録に明記 / 原著植物名: Prunus donarium / YList採用名: Cerasus jamasakura / 寄主根拠: 標本の寄主・産地記載 / 掲載頁: 130-131
hostplant-SC-N64-NIIS-07,species-SC155,文献（国内・明記）,文献（国内・明記）,記録地域: 日本（東京都、奈良県、静岡県） / 地域根拠: Specimens examined欄で各日本産地と植物名を同じ標本記録に明記 / 原著植物名: Lithocarpus edulis / YList採用名: Lithocarpus edulis / 寄主根拠: 標本の寄主・産地記載 / 掲載頁: 130-131 / 原著名Neohyorrhynchus niisimaiはCognato et al. (2024) の分類学的再検討と2026年目録によりSueus niisimaiへ対応 / 原著の奈良県標本の日付1458はPDF画像でも確認できる印刷上の誤植で、地域判定には用いていない,原著名Neohyorrhynchus niisimaiはCognato et al. (2024) の分類学的再検討と2026年目録によりSueus niisimaiへ対応 / 原著の奈良県標本の日付1458はPDF画像でも確認できる印刷上の誤植で、地域判定には用いていない,記録地域: 日本（東京都、奈良県、静岡県） / 地域根拠: Specimens examined欄で各日本産地と植物名を同じ標本記録に明記 / 原著植物名: Lithocarpus edulis / YList採用名: Lithocarpus edulis / 寄主根拠: 標本の寄主・産地記載 / 掲載頁: 130-131 / 記録地域: 日本（東京都、奈良県、静岡県） / 地域根拠: Specimens examined欄で各日本産地と植物名を同じ標本記録に明記 / 原著植物名: Lithocarpus edulis / YList採用名: Lithocarpus edulis / 寄主根拠: 標本の寄主・産地記載 / 掲載頁: 130-131
hostplant-SC-N64-COMP-01,species-SC306,文献（国内・明記）,文献（国内・明記）,記録地域: 日本（熊本県天草） / 地域根拠: 天草および坂瀬川の標本をAcacia mollisimaから採集したと明記 / 原著植物名: Acacia mollisima / YList採用名: Acacia mearnsii / 寄主根拠: 標本の寄主・産地記載 / 掲載頁: 131 / 原著はAcacia mollisima Willd.と印刷 / YListのAcacia mollissima auct. non Willd.（モリシマアカシア）として正規化したが、原著の著者名表記とは不整合があるため原綴りを保存,原著はAcacia mollisima Willd.と印刷 / YListのAcacia mollissima auct. non Willd.（モリシマアカシア）として正規化したが、原著の著者名表記とは不整合があるため原綴りを保存,記録地域: 日本（熊本県天草） / 地域根拠: 天草および坂瀬川の標本をAcacia mollisimaから採集したと明記 / 原著植物名: Acacia mollisima / YList採用名: Acacia mearnsii / 寄主根拠: 標本の寄主・産地記載 / 掲載頁: 131 / 記録地域: 日本（熊本県天草） / 地域根拠: 天草および坂瀬川の標本をAcacia mollisimaから採集したと明記 / 原著植物名: Acacia mollisima / YList採用名: Acacia mearnsii / 寄主根拠: 標本の寄主・産地記載 / 掲載頁: 131
hostplant-SC-N64-COMP-02,species-SC306,文献（国内・明記）,文献（国内・明記）,記録地域: 日本（東京都目黒） / 地域根拠: 目黒の標本をNyssa sylvaticaから採集したと明記 / 原著植物名: Nyssa sylvatica / YList採用名: Nyssa sylvatica / 寄主根拠: 標本の寄主・産地記載 / 掲載頁: 131,,記録地域: 日本（東京都目黒） / 地域根拠: 目黒の標本をNyssa sylvaticaから採集したと明記 / 原著植物名: Nyssa sylvatica / YList採用名: Nyssa sylvatica / 寄主根拠: 標本の寄主・産地記載 / 掲載頁: 131 / 記録地域: 日本（東京都目黒） / 地域根拠: 目黒の標本をNyssa sylvaticaから採集したと明記 / 原著植物名: Nyssa sylvatica / YList採用名: Nyssa sylvatica / 寄主根拠: 標本の寄主・産地記載 / 掲載頁: 131
hostplant-SC-N64-ATER-01,species-SC238,文献（国内・明記）,文献（国内・明記）,記録地域: 日本（静岡県Ganshoen、原著表記） / 地域根拠: Ganshoenの標本とCinnamomum camphoraを同じ標本記録に明記 / 原著植物名: Cinnamomum camphora / YList採用名: Cinnamomum camphora / 寄主根拠: 標本の寄主・産地記載 / 掲載頁: 132 / 原著名Cnestus murayamaiは2026年目録でCnestus aterrimusの異名として明記,原著名Cnestus murayamaiは2026年目録でCnestus aterrimusの異名として明記,記録地域: 日本（静岡県Ganshoen、原著表記） / 地域根拠: Ganshoenの標本とCinnamomum camphoraを同じ標本記録に明記 / 原著植物名: Cinnamomum camphora / YList採用名: Cinnamomum camphora / 寄主根拠: 標本の寄主・産地記載 / 掲載頁: 132 / 記録地域: 日本（静岡県Ganshoen、原著表記） / 地域根拠: Ganshoenの標本とCinnamomum camphoraを同じ標本記録に明記 / 原著植物名: Cinnamomum camphora / YList採用名: Cinnamomum camphora / 寄主根拠: 標本の寄主・産地記載 / 掲載頁: 132
hostplant-SC-N64-SPIN-01,species-SC190,文献（国内・明記）,文献（国内・明記）,記録地域: 日本（北海道層雲峡天幕沢） / 地域根拠: 北海道標本とPicea jezoensisを同じ記録に明記 / 原著植物名: Picea jezoensis / YList採用名: Picea jezoensis var. jezoensis / 寄主根拠: 標本の寄主・産地記載 / 掲載頁: 132 / 原著名Phthorophloeus spinulosusは2026年目録に現行種の異名として明記,原著名Phthorophloeus spinulosusは2026年目録に現行種の異名として明記,記録地域: 日本（北海道層雲峡天幕沢） / 地域根拠: 北海道標本とPicea jezoensisを同じ記録に明記 / 原著植物名: Picea jezoensis / YList採用名: Picea jezoensis var. jezoensis / 寄主根拠: 標本の寄主・産地記載 / 掲載頁: 132 / 記録地域: 日本（北海道層雲峡天幕沢） / 地域根拠: 北海道標本とPicea jezoensisを同じ記録に明記 / 原著植物名: Picea jezoensis / YList採用名: Picea jezoensis var. jezoensis / 寄主根拠: 標本の寄主・産地記載 / 掲載頁: 132
hostplant-SC-N64-LONG-01,species-SC128,文献（国内・明記）,文献（国内・明記）,"記録地域: 日本（山梨県富士山鳴沢） / 地域根拠: 鳴沢の標本とPicea jezoensis var. hondoensisを同じ記録に明記 / 原著植物名: Picea jezoensis var. hondoensis / YList採用名: Picea jezoensis var. hondoensis / 寄主根拠: 標本の寄主・産地記載 / 掲載頁: 132 / 原著の印刷はHylurops longipilis Reitter, 1894 / 著者・原記載年と2026年目録の異名欄を照合し、現行名Hylurgops longipillusへ対応","原著の印刷はHylurops longipilis Reitter, 1894 / 著者・原記載年と2026年目録の異名欄を照合し、現行名Hylurgops longipillusへ対応",記録地域: 日本（山梨県富士山鳴沢） / 地域根拠: 鳴沢の標本とPicea jezoensis var. hondoensisを同じ記録に明記 / 原著植物名: Picea jezoensis var. hondoensis / YList採用名: Picea jezoensis var. hondoensis / 寄主根拠: 標本の寄主・産地記載 / 掲載頁: 132 / 記録地域: 日本（山梨県富士山鳴沢） / 地域根拠: 鳴沢の標本とPicea jezoensis var. hondoensisを同じ記録に明記 / 原著植物名: Picea jezoensis var. hondoensis / YList採用名: Picea jezoensis var. hondoensis / 寄主根拠: 標本の寄主・産地記載 / 掲載頁: 132
hostplant-SC-N64-TRAN-01,species-SC131,文献（国内・明記）,文献（国内・明記）,記録地域: 日本（山梨県富士山鳴沢） / 地域根拠: 鳴沢の標本とPicea jezoensis var. hondoensisを同じ記録に明記 / 原著植物名: Picea jezoensis var. hondoensis / YList採用名: Picea jezoensis var. hondoensis / 寄主根拠: 標本の寄主・産地記載 / 掲載頁: 132,,記録地域: 日本（山梨県富士山鳴沢） / 地域根拠: 鳴沢の標本とPicea jezoensis var. hondoensisを同じ記録に明記 / 原著植物名: Picea jezoensis var. hondoensis / YList採用名: Picea jezoensis var. hondoensis / 寄主根拠: 標本の寄主・産地記載 / 掲載頁: 132 / 記録地域: 日本（山梨県富士山鳴沢） / 地域根拠: 鳴沢の標本とPicea jezoensis var. hondoensisを同じ記録に明記 / 原著植物名: Picea jezoensis var. hondoensis / YList採用名: Picea jezoensis var. hondoensis / 寄主根拠: 標本の寄主・産地記載 / 掲載頁: 132
hostplant-SC-N64-PALL-01,species-SC129,文献（国内・明記）,文献（国内・明記）,記録地域: 日本（静岡県富士山御殿場） / 地域根拠: 御殿場の標本とLarix leptolepisを同じ記録に明記 / 原著植物名: Larix leptolepis / YList採用名: Larix kaempferi / 寄主根拠: 標本の寄主・産地記載 / 掲載頁: 133,,記録地域: 日本（静岡県富士山御殿場） / 地域根拠: 御殿場の標本とLarix leptolepisを同じ記録に明記 / 原著植物名: Larix leptolepis / YList採用名: Larix kaempferi / 寄主根拠: 標本の寄主・産地記載 / 掲載頁: 133 / 記録地域: 日本（静岡県富士山御殿場） / 地域根拠: 御殿場の標本とLarix leptolepisを同じ記録に明記 / 原著植物名: Larix leptolepis / YList採用名: Larix kaempferi / 寄主根拠: 標本の寄主・産地記載 / 掲載頁: 133
hostplant-SC-N64-PALL-02,species-SC129,文献（国内・明記）,文献（国内・明記）,記録地域: 日本（山梨県富士山鳴沢） / 地域根拠: 鳴沢の標本とPicea jezoensis var. hondoensisを同じ記録に明記 / 原著植物名: Picea jezoensis var. hondoensis / YList採用名: Picea jezoensis var. hondoensis / 寄主根拠: 標本の寄主・産地記載 / 掲載頁: 133,,記録地域: 日本（山梨県富士山鳴沢） / 地域根拠: 鳴沢の標本とPicea jezoensis var. hondoensisを同じ記録に明記 / 原著植物名: Picea jezoensis var. hondoensis / YList採用名: Picea jezoensis var. hondoensis / 寄主根拠: 標本の寄主・産地記載 / 掲載頁: 133 / 記録地域: 日本（山梨県富士山鳴沢） / 地域根拠: 鳴沢の標本とPicea jezoensis var. hondoensisを同じ記録に明記 / 原著植物名: Picea jezoensis var. hondoensis / YList採用名: Picea jezoensis var. hondoensis / 寄主根拠: 標本の寄主・産地記載 / 掲載頁: 133
hostplant-SC-N64-CARP-01,species-SC010,文献（国内・明記）,文献（国内・明記）,記録地域: 日本（東京都高尾山、神奈川県大山） / 地域根拠: 各日本産標本とCarpinus laxifloraを同じ記録に明記 / 原著植物名: Carpinus laxiflora / YList採用名: Carpinus laxiflora / 寄主根拠: 標本の寄主・産地記載 / 掲載頁: 133,,記録地域: 日本（東京都高尾山、神奈川県大山） / 地域根拠: 各日本産標本とCarpinus laxifloraを同じ記録に明記 / 原著植物名: Carpinus laxiflora / YList採用名: Carpinus laxiflora / 寄主根拠: 標本の寄主・産地記載 / 掲載頁: 133 / 記録地域: 日本（東京都高尾山、神奈川県大山） / 地域根拠: 各日本産標本とCarpinus laxifloraを同じ記録に明記 / 原著植物名: Carpinus laxiflora / YList採用名: Carpinus laxiflora / 寄主根拠: 標本の寄主・産地記載 / 掲載頁: 133
hostplant-SC-N64-SCOP-01,species-SC040,文献（国内・明記）,文献（国内・明記）,記録地域: 日本（群馬県尾瀬、東京都奥多摩・高尾山、福岡県英彦山） / 地域根拠: 各日本産標本と植物名を同じ記録に明記 / 原著植物名: Fagus crenatus / YList採用名: Fagus crenata / 寄主根拠: 標本の寄主・産地記載 / 掲載頁: 133,,記録地域: 日本（群馬県尾瀬、東京都奥多摩・高尾山、福岡県英彦山） / 地域根拠: 各日本産標本と植物名を同じ記録に明記 / 原著植物名: Fagus crenatus / YList採用名: Fagus crenata / 寄主根拠: 標本の寄主・産地記載 / 掲載頁: 133 / 記録地域: 日本（群馬県尾瀬、東京都奥多摩・高尾山、福岡県英彦山） / 地域根拠: 各日本産標本と植物名を同じ記録に明記 / 原著植物名: Fagus crenatus / YList採用名: Fagus crenata / 寄主根拠: 標本の寄主・産地記載 / 掲載頁: 133
hostplant-SC-N64-SCOP-02,species-SC040,文献（国内・明記）,文献（国内・明記）,記録地域: 日本（群馬県尾瀬、東京都奥多摩・高尾山、福岡県英彦山） / 地域根拠: 各日本産標本と植物名を同じ記録に明記 / 原著植物名: Fagus japonica / YList採用名: Fagus japonica / 寄主根拠: 標本の寄主・産地記載 / 掲載頁: 133,,記録地域: 日本（群馬県尾瀬、東京都奥多摩・高尾山、福岡県英彦山） / 地域根拠: 各日本産標本と植物名を同じ記録に明記 / 原著植物名: Fagus japonica / YList採用名: Fagus japonica / 寄主根拠: 標本の寄主・産地記載 / 掲載頁: 133 / 記録地域: 日本（群馬県尾瀬、東京都奥多摩・高尾山、福岡県英彦山） / 地域根拠: 各日本産標本と植物名を同じ記録に明記 / 原著植物名: Fagus japonica / YList採用名: Fagus japonica / 寄主根拠: 標本の寄主・産地記載 / 掲載頁: 133
hostplant-SC-N81-BREV-01,species-SC305,文献（地域不明）,文献（地域不明）,記録地域: 地域不明 / 地域根拠: Hosts欄に国別対応がなく、分布欄は日本・韓国・台湾・タイを含むため国内外を分離できない / 原著植物名: Smilax china / YList採用名: Smilax china / 寄主根拠: 原著のHosts欄 / 掲載頁: 29 / 日本産Xylosandrusの再検討論文だが、植物ごとの産地は示されない,日本産Xylosandrusの再検討論文だが、植物ごとの産地は示されない,記録地域: 地域不明 / 地域根拠: Hosts欄に国別対応がなく、分布欄は日本・韓国・台湾・タイを含むため国内外を分離できない / 原著植物名: Smilax china / YList採用名: Smilax china / 寄主根拠: 原著のHosts欄 / 掲載頁: 29 / 記録地域: 地域不明 / 地域根拠: Hosts欄に国別対応がなく、分布欄は日本・韓国・台湾・タイを含むため国内外を分離できない / 原著植物名: Smilax china / YList採用名: Smilax china / 寄主根拠: 原著のHosts欄 / 掲載頁: 29
hostplant-SC-N81-BREV-02,species-SC305,文献（地域不明）,文献（地域不明）,記録地域: 地域不明 / 地域根拠: Hosts欄に国別対応がなく、分布欄は日本・韓国・台湾・タイを含むため国内外を分離できない / 原著植物名: Quercus serrata / YList採用名: Quercus serrata / 寄主根拠: 原著のHosts欄 / 掲載頁: 29 / 日本産Xylosandrusの再検討論文だが、植物ごとの産地は示されない,日本産Xylosandrusの再検討論文だが、植物ごとの産地は示されない,記録地域: 地域不明 / 地域根拠: Hosts欄に国別対応がなく、分布欄は日本・韓国・台湾・タイを含むため国内外を分離できない / 原著植物名: Quercus serrata / YList採用名: Quercus serrata / 寄主根拠: 原著のHosts欄 / 掲載頁: 29 / 記録地域: 地域不明 / 地域根拠: Hosts欄に国別対応がなく、分布欄は日本・韓国・台湾・タイを含むため国内外を分離できない / 原著植物名: Quercus serrata / YList採用名: Quercus serrata / 寄主根拠: 原著のHosts欄 / 掲載頁: 29
hostplant-SC-N81-BREV-03,species-SC305,文献（地域不明）,文献（地域不明）,記録地域: 地域不明 / 地域根拠: Hosts欄に国別対応がなく、分布欄は日本・韓国・台湾・タイを含むため国内外を分離できない / 原著植物名: Quercus glauca / YList採用名: Quercus glauca / 寄主根拠: 原著のHosts欄 / 掲載頁: 29 / 日本産Xylosandrusの再検討論文だが、植物ごとの産地は示されない,日本産Xylosandrusの再検討論文だが、植物ごとの産地は示されない,記録地域: 地域不明 / 地域根拠: Hosts欄に国別対応がなく、分布欄は日本・韓国・台湾・タイを含むため国内外を分離できない / 原著植物名: Quercus glauca / YList採用名: Quercus glauca / 寄主根拠: 原著のHosts欄 / 掲載頁: 29 / 記録地域: 地域不明 / 地域根拠: Hosts欄に国別対応がなく、分布欄は日本・韓国・台湾・タイを含むため国内外を分離できない / 原著植物名: Quercus glauca / YList採用名: Quercus glauca / 寄主根拠: 原著のHosts欄 / 掲載頁: 29
hostplant-SC-N81-BREV-04,species-SC305,文献（地域不明）,文献（地域不明）,記録地域: 地域不明 / 地域根拠: Hosts欄に国別対応がなく、分布欄は日本・韓国・台湾・タイを含むため国内外を分離できない / 原著植物名: Quercus myrsinaefolia / YList採用名: Quercus myrsinaefolia / 寄主根拠: 原著のHosts欄 / 掲載頁: 29 / 日本産Xylosandrusの再検討論文だが、植物ごとの産地は示されない,日本産Xylosandrusの再検討論文だが、植物ごとの産地は示されない,記録地域: 地域不明 / 地域根拠: Hosts欄に国別対応がなく、分布欄は日本・韓国・台湾・タイを含むため国内外を分離できない / 原著植物名: Quercus myrsinaefolia / YList採用名: Quercus myrsinaefolia / 寄主根拠: 原著のHosts欄 / 掲載頁: 29 / 記録地域: 地域不明 / 地域根拠: Hosts欄に国別対応がなく、分布欄は日本・韓国・台湾・タイを含むため国内外を分離できない / 原著植物名: Quercus myrsinaefolia / YList採用名: Quercus myrsinaefolia / 寄主根拠: 原著のHosts欄 / 掲載頁: 29
hostplant-SC-N81-BREV-05,species-SC305,文献（地域不明）,文献（地域不明）,記録地域: 地域不明 / 地域根拠: Hosts欄に国別対応がなく、分布欄は日本・韓国・台湾・タイを含むため国内外を分離できない / 原著植物名: Quercus salicina / YList採用名: Quercus salicina / 寄主根拠: 原著のHosts欄 / 掲載頁: 29 / 日本産Xylosandrusの再検討論文だが、植物ごとの産地は示されない,日本産Xylosandrusの再検討論文だが、植物ごとの産地は示されない,記録地域: 地域不明 / 地域根拠: Hosts欄に国別対応がなく、分布欄は日本・韓国・台湾・タイを含むため国内外を分離できない / 原著植物名: Quercus salicina / YList採用名: Quercus salicina / 寄主根拠: 原著のHosts欄 / 掲載頁: 29 / 記録地域: 地域不明 / 地域根拠: Hosts欄に国別対応がなく、分布欄は日本・韓国・台湾・タイを含むため国内外を分離できない / 原著植物名: Quercus salicina / YList採用名: Quercus salicina / 寄主根拠: 原著のHosts欄 / 掲載頁: 29
hostplant-SC-N81-BREV-06,species-SC305,文献（地域不明）,文献（地域不明）,記録地域: 地域不明 / 地域根拠: Hosts欄に国別対応がなく、分布欄は日本・韓国・台湾・タイを含むため国内外を分離できない / 原著植物名: Broussonetia kazinoki / YList採用名: Broussonetia x kazinoki / 寄主根拠: 原著のHosts欄 / 掲載頁: 29 / 日本産Xylosandrusの再検討論文だが、植物ごとの産地は示されない,日本産Xylosandrusの再検討論文だが、植物ごとの産地は示されない,記録地域: 地域不明 / 地域根拠: Hosts欄に国別対応がなく、分布欄は日本・韓国・台湾・タイを含むため国内外を分離できない / 原著植物名: Broussonetia kazinoki / YList採用名: Broussonetia x kazinoki / 寄主根拠: 原著のHosts欄 / 掲載頁: 29 / 記録地域: 地域不明 / 地域根拠: Hosts欄に国別対応がなく、分布欄は日本・韓国・台湾・タイを含むため国内外を分離できない / 原著植物名: Broussonetia kazinoki / YList採用名: Broussonetia x kazinoki / 寄主根拠: 原著のHosts欄 / 掲載頁: 29
hostplant-SC-N81-BREV-07,species-SC305,文献（地域不明）,文献（地域不明）,記録地域: 地域不明 / 地域根拠: Hosts欄に国別対応がなく、分布欄は日本・韓国・台湾・タイを含むため国内外を分離できない / 原著植物名: Cinnamomum japonicum / YList採用名: Cinnamomum yabunikkei / 寄主根拠: 原著のHosts欄 / 掲載頁: 29 / 日本産Xylosandrusの再検討論文だが、植物ごとの産地は示されない,日本産Xylosandrusの再検討論文だが、植物ごとの産地は示されない,記録地域: 地域不明 / 地域根拠: Hosts欄に国別対応がなく、分布欄は日本・韓国・台湾・タイを含むため国内外を分離できない / 原著植物名: Cinnamomum japonicum / YList採用名: Cinnamomum yabunikkei / 寄主根拠: 原著のHosts欄 / 掲載頁: 29 / 記録地域: 地域不明 / 地域根拠: Hosts欄に国別対応がなく、分布欄は日本・韓国・台湾・タイを含むため国内外を分離できない / 原著植物名: Cinnamomum japonicum / YList採用名: Cinnamomum yabunikkei / 寄主根拠: 原著のHosts欄 / 掲載頁: 29
hostplant-SC-N81-BREV-08,species-SC305,文献（地域不明）,文献（地域不明）,記録地域: 地域不明 / 地域根拠: Hosts欄に国別対応がなく、分布欄は日本・韓国・台湾・タイを含むため国内外を分離できない / 原著植物名: Machilus thunbergii / YList採用名: Machilus thunbergii / 寄主根拠: 原著のHosts欄 / 掲載頁: 29 / 日本産Xylosandrusの再検討論文だが、植物ごとの産地は示されない,日本産Xylosandrusの再検討論文だが、植物ごとの産地は示されない,記録地域: 地域不明 / 地域根拠: Hosts欄に国別対応がなく、分布欄は日本・韓国・台湾・タイを含むため国内外を分離できない / 原著植物名: Machilus thunbergii / YList採用名: Machilus thunbergii / 寄主根拠: 原著のHosts欄 / 掲載頁: 29 / 記録地域: 地域不明 / 地域根拠: Hosts欄に国別対応がなく、分布欄は日本・韓国・台湾・タイを含むため国内外を分離できない / 原著植物名: Machilus thunbergii / YList採用名: Machilus thunbergii / 寄主根拠: 原著のHosts欄 / 掲載頁: 29
hostplant-SC-N81-BREV-09,species-SC305,文献（地域不明）,文献（地域不明）,記録地域: 地域不明 / 地域根拠: Hosts欄に国別対応がなく、分布欄は日本・韓国・台湾・タイを含むため国内外を分離できない / 原著植物名: Lindera erythrocarpa / YList採用名: Lindera erythrocarpa / 寄主根拠: 原著のHosts欄 / 掲載頁: 29 / 日本産Xylosandrusの再検討論文だが、植物ごとの産地は示されない,日本産Xylosandrusの再検討論文だが、植物ごとの産地は示されない,記録地域: 地域不明 / 地域根拠: Hosts欄に国別対応がなく、分布欄は日本・韓国・台湾・タイを含むため国内外を分離できない / 原著植物名: Lindera erythrocarpa / YList採用名: Lindera erythrocarpa / 寄主根拠: 原著のHosts欄 / 掲載頁: 29 / 記録地域: 地域不明 / 地域根拠: Hosts欄に国別対応がなく、分布欄は日本・韓国・台湾・タイを含むため国内外を分離できない / 原著植物名: Lindera erythrocarpa / YList採用名: Lindera erythrocarpa / 寄主根拠: 原著のHosts欄 / 掲載頁: 29
hostplant-SC-N81-BREV-10,species-SC305,文献（地域不明）,文献（地域不明）,記録地域: 地域不明 / 地域根拠: Hosts欄に国別対応がなく、分布欄は日本・韓国・台湾・タイを含むため国内外を分離できない / 原著植物名: Lindera umbellata / YList採用名: Lindera umbellata / 寄主根拠: 原著のHosts欄 / 掲載頁: 29 / 日本産Xylosandrusの再検討論文だが、植物ごとの産地は示されない,日本産Xylosandrusの再検討論文だが、植物ごとの産地は示されない,記録地域: 地域不明 / 地域根拠: Hosts欄に国別対応がなく、分布欄は日本・韓国・台湾・タイを含むため国内外を分離できない / 原著植物名: Lindera umbellata / YList採用名: Lindera umbellata / 寄主根拠: 原著のHosts欄 / 掲載頁: 29 / 記録地域: 地域不明 / 地域根拠: Hosts欄に国別対応がなく、分布欄は日本・韓国・台湾・タイを含むため国内外を分離できない / 原著植物名: Lindera umbellata / YList採用名: Lindera umbellata / 寄主根拠: 原著のHosts欄 / 掲載頁: 29
hostplant-SC-N81-BREV-11,species-SC305,文献（地域不明）,文献（地域不明）,記録地域: 地域不明 / 地域根拠: Hosts欄に国別対応がなく、分布欄は日本・韓国・台湾・タイを含むため国内外を分離できない / 原著植物名: Lindera umbellata subsp. membranacea / YList採用名: Lindera umbellata var. membranacea / 寄主根拠: 原著のHosts欄 / 掲載頁: 29 / 日本産Xylosandrusの再検討論文だが、植物ごとの産地は示されない,日本産Xylosandrusの再検討論文だが、植物ごとの産地は示されない,記録地域: 地域不明 / 地域根拠: Hosts欄に国別対応がなく、分布欄は日本・韓国・台湾・タイを含むため国内外を分離できない / 原著植物名: Lindera umbellata subsp. membranacea / YList採用名: Lindera umbellata var. membranacea / 寄主根拠: 原著のHosts欄 / 掲載頁: 29 / 記録地域: 地域不明 / 地域根拠: Hosts欄に国別対応がなく、分布欄は日本・韓国・台湾・タイを含むため国内外を分離できない / 原著植物名: Lindera umbellata subsp. membranacea / YList採用名: Lindera umbellata var. membranacea / 寄主根拠: 原著のHosts欄 / 掲載頁: 29
hostplant-SC-N81-BREV-12,species-SC305,文献（地域不明）,文献（地域不明）,記録地域: 地域不明 / 地域根拠: Hosts欄に国別対応がなく、分布欄は日本・韓国・台湾・タイを含むため国内外を分離できない / 原著植物名: Parabenzoin praecox / YList採用名: Lindera praecox / 寄主根拠: 原著のHosts欄 / 掲載頁: 29 / 日本産Xylosandrusの再検討論文だが、植物ごとの産地は示されない,日本産Xylosandrusの再検討論文だが、植物ごとの産地は示されない,記録地域: 地域不明 / 地域根拠: Hosts欄に国別対応がなく、分布欄は日本・韓国・台湾・タイを含むため国内外を分離できない / 原著植物名: Parabenzoin praecox / YList採用名: Lindera praecox / 寄主根拠: 原著のHosts欄 / 掲載頁: 29 / 記録地域: 地域不明 / 地域根拠: Hosts欄に国別対応がなく、分布欄は日本・韓国・台湾・タイを含むため国内外を分離できない / 原著植物名: Parabenzoin praecox / YList採用名: Lindera praecox / 寄主根拠: 原著のHosts欄 / 掲載頁: 29
hostplant-SC-N81-BREV-13,species-SC305,文献（地域不明）,文献（地域不明）,記録地域: 地域不明 / 地域根拠: Hosts欄に国別対応がなく、分布欄は日本・韓国・台湾・タイを含むため国内外を分離できない / 原著植物名: Hamamelis japonica var. obtusata / YList採用名: Hamamelis japonica var. discolor f. obtusata / 寄主根拠: 原著のHosts欄 / 掲載頁: 29 / 日本産Xylosandrusの再検討論文だが、植物ごとの産地は示されない,日本産Xylosandrusの再検討論文だが、植物ごとの産地は示されない,記録地域: 地域不明 / 地域根拠: Hosts欄に国別対応がなく、分布欄は日本・韓国・台湾・タイを含むため国内外を分離できない / 原著植物名: Hamamelis japonica var. obtusata / YList採用名: Hamamelis japonica var. discolor f. obtusata / 寄主根拠: 原著のHosts欄 / 掲載頁: 29 / 記録地域: 地域不明 / 地域根拠: Hosts欄に国別対応がなく、分布欄は日本・韓国・台湾・タイを含むため国内外を分離できない / 原著植物名: Hamamelis japonica var. obtusata / YList採用名: Hamamelis japonica var. discolor f. obtusata / 寄主根拠: 原著のHosts欄 / 掲載頁: 29
hostplant-SC-N81-BREV-14,species-SC305,文献（地域不明）,文献（地域不明）,記録地域: 地域不明 / 地域根拠: Hosts欄に国別対応がなく、分布欄は日本・韓国・台湾・タイを含むため国内外を分離できない / 原著植物名: Meliosma myriantha / YList採用名: Meliosma myriantha / 寄主根拠: 原著のHosts欄 / 掲載頁: 29 / 日本産Xylosandrusの再検討論文だが、植物ごとの産地は示されない,日本産Xylosandrusの再検討論文だが、植物ごとの産地は示されない,記録地域: 地域不明 / 地域根拠: Hosts欄に国別対応がなく、分布欄は日本・韓国・台湾・タイを含むため国内外を分離できない / 原著植物名: Meliosma myriantha / YList採用名: Meliosma myriantha / 寄主根拠: 原著のHosts欄 / 掲載頁: 29 / 記録地域: 地域不明 / 地域根拠: Hosts欄に国別対応がなく、分布欄は日本・韓国・台湾・タイを含むため国内外を分離できない / 原著植物名: Meliosma myriantha / YList採用名: Meliosma myriantha / 寄主根拠: 原著のHosts欄 / 掲載頁: 29
hostplant-SC-N81-BREV-15,species-SC305,文献（地域不明）,文献（地域不明）,記録地域: 地域不明 / 地域根拠: Hosts欄に国別対応がなく、分布欄は日本・韓国・台湾・タイを含むため国内外を分離できない / 原著植物名: Camellia japonica / YList採用名: Camellia japonica / 寄主根拠: 原著のHosts欄 / 掲載頁: 29 / 日本産Xylosandrusの再検討論文だが、植物ごとの産地は示されない,日本産Xylosandrusの再検討論文だが、植物ごとの産地は示されない,記録地域: 地域不明 / 地域根拠: Hosts欄に国別対応がなく、分布欄は日本・韓国・台湾・タイを含むため国内外を分離できない / 原著植物名: Camellia japonica / YList採用名: Camellia japonica / 寄主根拠: 原著のHosts欄 / 掲載頁: 29 / 記録地域: 地域不明 / 地域根拠: Hosts欄に国別対応がなく、分布欄は日本・韓国・台湾・タイを含むため国内外を分離できない / 原著植物名: Camellia japonica / YList採用名: Camellia japonica / 寄主根拠: 原著のHosts欄 / 掲載頁: 29
hostplant-SC-N81-BREV-16,species-SC305,文献（地域不明）,文献（地域不明）,記録地域: 地域不明 / 地域根拠: Hosts欄に国別対応がなく、分布欄は日本・韓国・台湾・タイを含むため国内外を分離できない / 原著植物名: Maesa tenera / YList採用名: Maesa perlaria var. formosana / 寄主根拠: 原著のHosts欄 / 掲載頁: 29 / 日本産Xylosandrusの再検討論文だが、植物ごとの産地は示されない,日本産Xylosandrusの再検討論文だが、植物ごとの産地は示されない,記録地域: 地域不明 / 地域根拠: Hosts欄に国別対応がなく、分布欄は日本・韓国・台湾・タイを含むため国内外を分離できない / 原著植物名: Maesa tenera / YList採用名: Maesa perlaria var. formosana / 寄主根拠: 原著のHosts欄 / 掲載頁: 29 / 記録地域: 地域不明 / 地域根拠: Hosts欄に国別対応がなく、分布欄は日本・韓国・台湾・タイを含むため国内外を分離できない / 原著植物名: Maesa tenera / YList採用名: Maesa perlaria var. formosana / 寄主根拠: 原著のHosts欄 / 掲載頁: 29
hostplant-SC-N81-BREV-17,species-SC305,文献（地域不明）,文献（地域不明）,記録地域: 地域不明 / 地域根拠: Hosts欄に国別対応がなく、分布欄は日本・韓国・台湾・タイを含むため国内外を分離できない / 原著植物名: Diospyros kaki / YList採用名: Diospyros kaki / 寄主根拠: 原著のHosts欄 / 掲載頁: 29 / 日本産Xylosandrusの再検討論文だが、植物ごとの産地は示されない,日本産Xylosandrusの再検討論文だが、植物ごとの産地は示されない,記録地域: 地域不明 / 地域根拠: Hosts欄に国別対応がなく、分布欄は日本・韓国・台湾・タイを含むため国内外を分離できない / 原著植物名: Diospyros kaki / YList採用名: Diospyros kaki / 寄主根拠: 原著のHosts欄 / 掲載頁: 29 / 記録地域: 地域不明 / 地域根拠: Hosts欄に国別対応がなく、分布欄は日本・韓国・台湾・タイを含むため国内外を分離できない / 原著植物名: Diospyros kaki / YList採用名: Diospyros kaki / 寄主根拠: 原著のHosts欄 / 掲載頁: 29
hostplant-SC-N81-BREV-18,species-SC305,文献（地域不明）,文献（地域不明）,記録地域: 地域不明 / 地域根拠: Hosts欄に国別対応がなく、分布欄は日本・韓国・台湾・タイを含むため国内外を分離できない / 原著植物名: Weigela hortensis / YList採用名: Weigela hortensis / 寄主根拠: 原著のHosts欄 / 掲載頁: 29 / 日本産Xylosandrusの再検討論文だが、植物ごとの産地は示されない,日本産Xylosandrusの再検討論文だが、植物ごとの産地は示されない,記録地域: 地域不明 / 地域根拠: Hosts欄に国別対応がなく、分布欄は日本・韓国・台湾・タイを含むため国内外を分離できない / 原著植物名: Weigela hortensis / YList採用名: Weigela hortensis / 寄主根拠: 原著のHosts欄 / 掲載頁: 29 / 記録地域: 地域不明 / 地域根拠: Hosts欄に国別対応がなく、分布欄は日本・韓国・台湾・タイを含むため国内外を分離できない / 原著植物名: Weigela hortensis / YList採用名: Weigela hortensis / 寄主根拠: 原著のHosts欄 / 掲載頁: 29
hostplant-SC-N81-GERM-01,species-SC310,文献（国内・明記）,文献（国内・明記）,記録地域: 日本 / 地域根拠: 本文が本種は日本で156種の木材から見出されたと明記する一方、Hosts欄は146分類単位を列挙 / 原著植物名: Torreya nucifera var. radicans / YList採用名: Torreya nucifera var. radicans / 寄主根拠: 本文の日本産寄主数記述と原著のHosts欄 / 掲載頁: 31-32 / 本文の156と列挙146の差は解消できないため、実際に列挙された146件だけを採用,本文の156と列挙146の差は解消できないため、実際に列挙された146件だけを採用,記録地域: 日本 / 地域根拠: 本文が本種は日本で156種の木材から見出されたと明記する一方、Hosts欄は146分類単位を列挙 / 原著植物名: Torreya nucifera var. radicans / YList採用名: Torreya nucifera var. radicans / 寄主根拠: 本文の日本産寄主数記述と原著のHosts欄 / 掲載頁: 31-32 / 記録地域: 日本 / 地域根拠: 本文が本種は日本で156種の木材から見出されたと明記する一方、Hosts欄は146分類単位を列挙 / 原著植物名: Torreya nucifera var. radicans / YList採用名: Torreya nucifera var. radicans / 寄主根拠: 本文の日本産寄主数記述と原著のHosts欄 / 掲載頁: 31-32
hostplant-SC-N81-GERM-02,species-SC310,文献（国内・明記）,文献（国内・明記）,記録地域: 日本 / 地域根拠: 本文が本種は日本で156種の木材から見出されたと明記する一方、Hosts欄は146分類単位を列挙 / 原著植物名: Cephalotaxus harringtonia subsp. nana / YList採用名: Cephalotaxus harringtonia var. nana / 寄主根拠: 本文の日本産寄主数記述と原著のHosts欄 / 掲載頁: 31-32 / 本文の156と列挙146の差は解消できないため、実際に列挙された146件だけを採用,本文の156と列挙146の差は解消できないため、実際に列挙された146件だけを採用,記録地域: 日本 / 地域根拠: 本文が本種は日本で156種の木材から見出されたと明記する一方、Hosts欄は146分類単位を列挙 / 原著植物名: Cephalotaxus harringtonia subsp. nana / YList採用名: Cephalotaxus harringtonia var. nana / 寄主根拠: 本文の日本産寄主数記述と原著のHosts欄 / 掲載頁: 31-32 / 記録地域: 日本 / 地域根拠: 本文が本種は日本で156種の木材から見出されたと明記する一方、Hosts欄は146分類単位を列挙 / 原著植物名: Cephalotaxus harringtonia subsp. nana / YList採用名: Cephalotaxus harringtonia var. nana / 寄主根拠: 本文の日本産寄主数記述と原著のHosts欄 / 掲載頁: 31-32
hostplant-SC-N81-GERM-03,species-SC310,文献（国内・明記）,文献（国内・明記）,記録地域: 日本 / 地域根拠: 本文が本種は日本で156種の木材から見出されたと明記する一方、Hosts欄は146分類単位を列挙 / 原著植物名: Abies firma / YList採用名: Abies firma / 寄主根拠: 本文の日本産寄主数記述と原著のHosts欄 / 掲載頁: 31-32 / 本文の156と列挙146の差は解消できないため、実際に列挙された146件だけを採用,本文の156と列挙146の差は解消できないため、実際に列挙された146件だけを採用,記録地域: 日本 / 地域根拠: 本文が本種は日本で156種の木材から見出されたと明記する一方、Hosts欄は146分類単位を列挙 / 原著植物名: Abies firma / YList採用名: Abies firma / 寄主根拠: 本文の日本産寄主数記述と原著のHosts欄 / 掲載頁: 31-32 / 記録地域: 日本 / 地域根拠: 本文が本種は日本で156種の木材から見出されたと明記する一方、Hosts欄は146分類単位を列挙 / 原著植物名: Abies firma / YList採用名: Abies firma / 寄主根拠: 本文の日本産寄主数記述と原著のHosts欄 / 掲載頁: 31-32
hostplant-SC-N81-GERM-04,species-SC310,文献（国内・明記）,文献（国内・明記）,記録地域: 日本 / 地域根拠: 本文が本種は日本で156種の木材から見出されたと明記する一方、Hosts欄は146分類単位を列挙 / 原著植物名: Tsuga sieboldii / YList採用名: Tsuga sieboldii / 寄主根拠: 本文の日本産寄主数記述と原著のHosts欄 / 掲載頁: 31-32 / 本文の156と列挙146の差は解消できないため、実際に列挙された146件だけを採用,本文の156と列挙146の差は解消できないため、実際に列挙された146件だけを採用,記録地域: 日本 / 地域根拠: 本文が本種は日本で156種の木材から見出されたと明記する一方、Hosts欄は146分類単位を列挙 / 原著植物名: Tsuga sieboldii / YList採用名: Tsuga sieboldii / 寄主根拠: 本文の日本産寄主数記述と原著のHosts欄 / 掲載頁: 31-32 / 記録地域: 日本 / 地域根拠: 本文が本種は日本で156種の木材から見出されたと明記する一方、Hosts欄は146分類単位を列挙 / 原著植物名: Tsuga sieboldii / YList採用名: Tsuga sieboldii / 寄主根拠: 本文の日本産寄主数記述と原著のHosts欄 / 掲載頁: 31-32
hostplant-SC-N81-GERM-05,species-SC310,文献（国内・明記）,文献（国内・明記）,記録地域: 日本 / 地域根拠: 本文が本種は日本で156種の木材から見出されたと明記する一方、Hosts欄は146分類単位を列挙 / 原著植物名: Picea excelsa / YList採用名: Picea abies / 寄主根拠: 本文の日本産寄主数記述と原著のHosts欄 / 掲載頁: 31-32 / 本文の156と列挙146の差は解消できないため、実際に列挙された146件だけを採用,本文の156と列挙146の差は解消できないため、実際に列挙された146件だけを採用,記録地域: 日本 / 地域根拠: 本文が本種は日本で156種の木材から見出されたと明記する一方、Hosts欄は146分類単位を列挙 / 原著植物名: Picea excelsa / YList採用名: Picea abies / 寄主根拠: 本文の日本産寄主数記述と原著のHosts欄 / 掲載頁: 31-32 / 記録地域: 日本 / 地域根拠: 本文が本種は日本で156種の木材から見出されたと明記する一方、Hosts欄は146分類単位を列挙 / 原著植物名: Picea excelsa / YList採用名: Picea abies / 寄主根拠: 本文の日本産寄主数記述と原著のHosts欄 / 掲載頁: 31-32
hostplant-SC-N81-GERM-06,species-SC310,文献（国内・明記）,文献（国内・明記）,記録地域: 日本 / 地域根拠: 本文が本種は日本で156種の木材から見出されたと明記する一方、Hosts欄は146分類単位を列挙 / 原著植物名: Larix leptolepis / YList採用名: Larix kaempferi / 寄主根拠: 本文の日本産寄主数記述と原著のHosts欄 / 掲載頁: 31-32 / 本文の156と列挙146の差は解消できないため、実際に列挙された146件だけを採用,本文の156と列挙146の差は解消できないため、実際に列挙された146件だけを採用,記録地域: 日本 / 地域根拠: 本文が本種は日本で156種の木材から見出されたと明記する一方、Hosts欄は146分類単位を列挙 / 原著植物名: Larix leptolepis / YList採用名: Larix kaempferi / 寄主根拠: 本文の日本産寄主数記述と原著のHosts欄 / 掲載頁: 31-32 / 記録地域: 日本 / 地域根拠: 本文が本種は日本で156種の木材から見出されたと明記する一方、Hosts欄は146分類単位を列挙 / 原著植物名: Larix leptolepis / YList採用名: Larix kaempferi / 寄主根拠: 本文の日本産寄主数記述と原著のHosts欄 / 掲載頁: 31-32
hostplant-SC-N81-GERM-07,species-SC310,文献（国内・明記）,文献（国内・明記）,記録地域: 日本 / 地域根拠: 本文が本種は日本で156種の木材から見出されたと明記する一方、Hosts欄は146分類単位を列挙 / 原著植物名: Pinus densiflora / YList採用名: Pinus densiflora / 寄主根拠: 本文の日本産寄主数記述と原著のHosts欄 / 掲載頁: 31-32 / 本文の156と列挙146の差は解消できないため、実際に列挙された146件だけを採用,本文の156と列挙146の差は解消できないため、実際に列挙された146件だけを採用,記録地域: 日本 / 地域根拠: 本文が本種は日本で156種の木材から見出されたと明記する一方、Hosts欄は146分類単位を列挙 / 原著植物名: Pinus densiflora / YList採用名: Pinus densiflora / 寄主根拠: 本文の日本産寄主数記述と原著のHosts欄 / 掲載頁: 31-32 / 記録地域: 日本 / 地域根拠: 本文が本種は日本で156種の木材から見出されたと明記する一方、Hosts欄は146分類単位を列挙 / 原著植物名: Pinus densiflora / YList採用名: Pinus densiflora / 寄主根拠: 本文の日本産寄主数記述と原著のHosts欄 / 掲載頁: 31-32
hostplant-SC-N81-GERM-08,species-SC310,文献（国内・明記）,文献（国内・明記）,記録地域: 日本 / 地域根拠: 本文が本種は日本で156種の木材から見出されたと明記する一方、Hosts欄は146分類単位を列挙 / 原著植物名: Pinus pentaphylla / YList採用名: Pinus parviflora var. pentaphylla / 寄主根拠: 本文の日本産寄主数記述と原著のHosts欄 / 掲載頁: 31-32 / 本文の156と列挙146の差は解消できないため、実際に列挙された146件だけを採用,本文の156と列挙146の差は解消できないため、実際に列挙された146件だけを採用,記録地域: 日本 / 地域根拠: 本文が本種は日本で156種の木材から見出されたと明記する一方、Hosts欄は146分類単位を列挙 / 原著植物名: Pinus pentaphylla / YList採用名: Pinus parviflora var. pentaphylla / 寄主根拠: 本文の日本産寄主数記述と原著のHosts欄 / 掲載頁: 31-32 / 記録地域: 日本 / 地域根拠: 本文が本種は日本で156種の木材から見出されたと明記する一方、Hosts欄は146分類単位を列挙 / 原著植物名: Pinus pentaphylla / YList採用名: Pinus parviflora var. pentaphylla / 寄主根拠: 本文の日本産寄主数記述と原著のHosts欄 / 掲載頁: 31-32
hostplant-SC-N81-GERM-09,species-SC310,文献（国内・明記）,文献（国内・明記）,記録地域: 日本 / 地域根拠: 本文が本種は日本で156種の木材から見出されたと明記する一方、Hosts欄は146分類単位を列挙 / 原著植物名: Cryptomeria japonica / YList採用名: Cryptomeria japonica / 寄主根拠: 本文の日本産寄主数記述と原著のHosts欄 / 掲載頁: 31-32 / 本文の156と列挙146の差は解消できないため、実際に列挙された146件だけを採用,本文の156と列挙146の差は解消できないため、実際に列挙された146件だけを採用,記録地域: 日本 / 地域根拠: 本文が本種は日本で156種の木材から見出されたと明記する一方、Hosts欄は146分類単位を列挙 / 原著植物名: Cryptomeria japonica / YList採用名: Cryptomeria japonica / 寄主根拠: 本文の日本産寄主数記述と原著のHosts欄 / 掲載頁: 31-32 / 記録地域: 日本 / 地域根拠: 本文が本種は日本で156種の木材から見出されたと明記する一方、Hosts欄は146分類単位を列挙 / 原著植物名: Cryptomeria japonica / YList採用名: Cryptomeria japonica / 寄主根拠: 本文の日本産寄主数記述と原著のHosts欄 / 掲載頁: 31-32
hostplant-SC-N81-GERM-10,species-SC310,文献（国内・明記）,文献（国内・明記）,記録地域: 日本 / 地域根拠: 本文が本種は日本で156種の木材から見出されたと明記する一方、Hosts欄は146分類単位を列挙 / 原著植物名: Chamaecyparis obtusa / YList採用名: Chamaecyparis obtusa / 寄主根拠: 本文の日本産寄主数記述と原著のHosts欄 / 掲載頁: 31-32 / 本文の156と列挙146の差は解消できないため、実際に列挙された146件だけを採用,本文の156と列挙146の差は解消できないため、実際に列挙された146件だけを採用,記録地域: 日本 / 地域根拠: 本文が本種は日本で156種の木材から見出されたと明記する一方、Hosts欄は146分類単位を列挙 / 原著植物名: Chamaecyparis obtusa / YList採用名: Chamaecyparis obtusa / 寄主根拠: 本文の日本産寄主数記述と原著のHosts欄 / 掲載頁: 31-32 / 記録地域: 日本 / 地域根拠: 本文が本種は日本で156種の木材から見出されたと明記する一方、Hosts欄は146分類単位を列挙 / 原著植物名: Chamaecyparis obtusa / YList採用名: Chamaecyparis obtusa / 寄主根拠: 本文の日本産寄主数記述と原著のHosts欄 / 掲載頁: 31-32
hostplant-SC-N81-GERM-11,species-SC310,文献（国内・明記）,文献（国内・明記）,記録地域: 日本 / 地域根拠: 本文が本種は日本で156種の木材から見出されたと明記する一方、Hosts欄は146分類単位を列挙 / 原著植物名: Chamaecyparis pisifera / YList採用名: Chamaecyparis pisifera / 寄主根拠: 本文の日本産寄主数記述と原著のHosts欄 / 掲載頁: 31-32 / 本文の156と列挙146の差は解消できないため、実際に列挙された146件だけを採用,本文の156と列挙146の差は解消できないため、実際に列挙された146件だけを採用,記録地域: 日本 / 地域根拠: 本文が本種は日本で156種の木材から見出されたと明記する一方、Hosts欄は146分類単位を列挙 / 原著植物名: Chamaecyparis pisifera / YList採用名: Chamaecyparis pisifera / 寄主根拠: 本文の日本産寄主数記述と原著のHosts欄 / 掲載頁: 31-32 / 記録地域: 日本 / 地域根拠: 本文が本種は日本で156種の木材から見出されたと明記する一方、Hosts欄は146分類単位を列挙 / 原著植物名: Chamaecyparis pisifera / YList採用名: Chamaecyparis pisifera / 寄主根拠: 本文の日本産寄主数記述と原著のHosts欄 / 掲載頁: 31-32
hostplant-SC-N81-GERM-12,species-SC310,文献（国内・明記）,文献（国内・明記）,記録地域: 日本 / 地域根拠: 本文が本種は日本で156種の木材から見出されたと明記する一方、Hosts欄は146分類単位を列挙 / 原著植物名: Thujopsis dolabrata / YList採用名: Thujopsis dolabrata var. dolabrata / 寄主根拠: 本文の日本産寄主数記述と原著のHosts欄 / 掲載頁: 31-32 / 本文の156と列挙146の差は解消できないため、実際に列挙された146件だけを採用,本文の156と列挙146の差は解消できないため、実際に列挙された146件だけを採用,記録地域: 日本 / 地域根拠: 本文が本種は日本で156種の木材から見出されたと明記する一方、Hosts欄は146分類単位を列挙 / 原著植物名: Thujopsis dolabrata / YList採用名: Thujopsis dolabrata var. dolabrata / 寄主根拠: 本文の日本産寄主数記述と原著のHosts欄 / 掲載頁: 31-32 / 記録地域: 日本 / 地域根拠: 本文が本種は日本で156種の木材から見出されたと明記する一方、Hosts欄は146分類単位を列挙 / 原著植物名: Thujopsis dolabrata / YList採用名: Thujopsis dolabrata var. dolabrata / 寄主根拠: 本文の日本産寄主数記述と原著のHosts欄 / 掲載頁: 31-32
hostplant-SC-N81-GERM-13,species-SC310,文献（国内・明記）,文献（国内・明記）,記録地域: 日本 / 地域根拠: 本文が本種は日本で156種の木材から見出されたと明記する一方、Hosts欄は146分類単位を列挙 / 原著植物名: Myrica rubra / YList採用名: Morella rubra / 寄主根拠: 本文の日本産寄主数記述と原著のHosts欄 / 掲載頁: 31-32 / 本文の156と列挙146の差は解消できないため、実際に列挙された146件だけを採用,本文の156と列挙146の差は解消できないため、実際に列挙された146件だけを採用,記録地域: 日本 / 地域根拠: 本文が本種は日本で156種の木材から見出されたと明記する一方、Hosts欄は146分類単位を列挙 / 原著植物名: Myrica rubra / YList採用名: Morella rubra / 寄主根拠: 本文の日本産寄主数記述と原著のHosts欄 / 掲載頁: 31-32 / 記録地域: 日本 / 地域根拠: 本文が本種は日本で156種の木材から見出されたと明記する一方、Hosts欄は146分類単位を列挙 / 原著植物名: Myrica rubra / YList採用名: Morella rubra / 寄主根拠: 本文の日本産寄主数記述と原著のHosts欄 / 掲載頁: 31-32
hostplant-SC-N81-GERM-14,species-SC310,文献（国内・明記）,文献（国内・明記）,記録地域: 日本 / 地域根拠: 本文が本種は日本で156種の木材から見出されたと明記する一方、Hosts欄は146分類単位を列挙 / 原著植物名: Juglans mandshurica subsp. sieboldiana / YList採用名: Juglans mandshurica var. sachalinensis / 寄主根拠: 本文の日本産寄主数記述と原著のHosts欄 / 掲載頁: 31-32 / 本文の156と列挙146の差は解消できないため、実際に列挙された146件だけを採用,本文の156と列挙146の差は解消できないため、実際に列挙された146件だけを採用,記録地域: 日本 / 地域根拠: 本文が本種は日本で156種の木材から見出されたと明記する一方、Hosts欄は146分類単位を列挙 / 原著植物名: Juglans mandshurica subsp. sieboldiana / YList採用名: Juglans mandshurica var. sachalinensis / 寄主根拠: 本文の日本産寄主数記述と原著のHosts欄 / 掲載頁: 31-32 / 記録地域: 日本 / 地域根拠: 本文が本種は日本で156種の木材から見出されたと明記する一方、Hosts欄は146分類単位を列挙 / 原著植物名: Juglans mandshurica subsp. sieboldiana / YList採用名: Juglans mandshurica var. sachalinensis / 寄主根拠: 本文の日本産寄主数記述と原著のHosts欄 / 掲載頁: 31-32
hostplant-SC-N81-GERM-15,species-SC310,文献（国内・明記）,文献（国内・明記）,記録地域: 日本 / 地域根拠: 本文が本種は日本で156種の木材から見出されたと明記する一方、Hosts欄は146分類単位を列挙 / 原著植物名: Pterocarya rhoifolia / YList採用名: Pterocarya rhoifolia / 寄主根拠: 本文の日本産寄主数記述と原著のHosts欄 / 掲載頁: 31-32 / 本文の156と列挙146の差は解消できないため、実際に列挙された146件だけを採用,本文の156と列挙146の差は解消できないため、実際に列挙された146件だけを採用,記録地域: 日本 / 地域根拠: 本文が本種は日本で156種の木材から見出されたと明記する一方、Hosts欄は146分類単位を列挙 / 原著植物名: Pterocarya rhoifolia / YList採用名: Pterocarya rhoifolia / 寄主根拠: 本文の日本産寄主数記述と原著のHosts欄 / 掲載頁: 31-32 / 記録地域: 日本 / 地域根拠: 本文が本種は日本で156種の木材から見出されたと明記する一方、Hosts欄は146分類単位を列挙 / 原著植物名: Pterocarya rhoifolia / YList採用名: Pterocarya rhoifolia / 寄主根拠: 本文の日本産寄主数記述と原著のHosts欄 / 掲載頁: 31-32
hostplant-SC-N81-GERM-16,species-SC310,文献（国内・明記）,文献（国内・明記）,記録地域: 日本 / 地域根拠: 本文が本種は日本で156種の木材から見出されたと明記する一方、Hosts欄は146分類単位を列挙 / 原著植物名: Carpinus tschonoskii / YList採用名: Carpinus tschonoskii / 寄主根拠: 本文の日本産寄主数記述と原著のHosts欄 / 掲載頁: 31-32 / 本文の156と列挙146の差は解消できないため、実際に列挙された146件だけを採用,本文の156と列挙146の差は解消できないため、実際に列挙された146件だけを採用,記録地域: 日本 / 地域根拠: 本文が本種は日本で156種の木材から見出されたと明記する一方、Hosts欄は146分類単位を列挙 / 原著植物名: Carpinus tschonoskii / YList採用名: Carpinus tschonoskii / 寄主根拠: 本文の日本産寄主数記述と原著のHosts欄 / 掲載頁: 31-32 / 記録地域: 日本 / 地域根拠: 本文が本種は日本で156種の木材から見出されたと明記する一方、Hosts欄は146分類単位を列挙 / 原著植物名: Carpinus tschonoskii / YList採用名: Carpinus tschonoskii / 寄主根拠: 本文の日本産寄主数記述と原著のHosts欄 / 掲載頁: 31-32
hostplant-SC-N81-GERM-17,species-SC310,文献（国内・明記）,文献（国内・明記）,記録地域: 日本 / 地域根拠: 本文が本種は日本で156種の木材から見出されたと明記する一方、Hosts欄は146分類単位を列挙 / 原著植物名: Betula platyphylla var. japonica / YList採用名: Betula platyphylla var. japonica / 寄主根拠: 本文の日本産寄主数記述と原著のHosts欄 / 掲載頁: 31-32 / 本文の156と列挙146の差は解消できないため、実際に列挙された146件だけを採用,本文の156と列挙146の差は解消できないため、実際に列挙された146件だけを採用,記録地域: 日本 / 地域根拠: 本文が本種は日本で156種の木材から見出されたと明記する一方、Hosts欄は146分類単位を列挙 / 原著植物名: Betula platyphylla var. japonica / YList採用名: Betula platyphylla var. japonica / 寄主根拠: 本文の日本産寄主数記述と原著のHosts欄 / 掲載頁: 31-32 / 記録地域: 日本 / 地域根拠: 本文が本種は日本で156種の木材から見出されたと明記する一方、Hosts欄は146分類単位を列挙 / 原著植物名: Betula platyphylla var. japonica / YList採用名: Betula platyphylla var. japonica / 寄主根拠: 本文の日本産寄主数記述と原著のHosts欄 / 掲載頁: 31-32
hostplant-SC-N81-GERM-18,species-SC310,文献（国内・明記）,文献（国内・明記）,記録地域: 日本 / 地域根拠: 本文が本種は日本で156種の木材から見出されたと明記する一方、Hosts欄は146分類単位を列挙 / 原著植物名: Betula grossa / YList採用名: Betula grossa / 寄主根拠: 本文の日本産寄主数記述と原著のHosts欄 / 掲載頁: 31-32 / 本文の156と列挙146の差は解消できないため、実際に列挙された146件だけを採用,本文の156と列挙146の差は解消できないため、実際に列挙された146件だけを採用,記録地域: 日本 / 地域根拠: 本文が本種は日本で156種の木材から見出されたと明記する一方、Hosts欄は146分類単位を列挙 / 原著植物名: Betula grossa / YList採用名: Betula grossa / 寄主根拠: 本文の日本産寄主数記述と原著のHosts欄 / 掲載頁: 31-32 / 記録地域: 日本 / 地域根拠: 本文が本種は日本で156種の木材から見出されたと明記する一方、Hosts欄は146分類単位を列挙 / 原著植物名: Betula grossa / YList採用名: Betula grossa / 寄主根拠: 本文の日本産寄主数記述と原著のHosts欄 / 掲載頁: 31-32
hostplant-SC-N81-GERM-19,species-SC310,文献（国内・明記）,文献（国内・明記）,記録地域: 日本 / 地域根拠: 本文が本種は日本で156種の木材から見出されたと明記する一方、Hosts欄は146分類単位を列挙 / 原著植物名: Alnus hirsuta var. sibirica / YList採用名: Alnus hirsuta var. sibirica / 寄主根拠: 本文の日本産寄主数記述と原著のHosts欄 / 掲載頁: 31-32 / 本文の156と列挙146の差は解消できないため、実際に列挙された146件だけを採用,本文の156と列挙146の差は解消できないため、実際に列挙された146件だけを採用,記録地域: 日本 / 地域根拠: 本文が本種は日本で156種の木材から見出されたと明記する一方、Hosts欄は146分類単位を列挙 / 原著植物名: Alnus hirsuta var. sibirica / YList採用名: Alnus hirsuta var. sibirica / 寄主根拠: 本文の日本産寄主数記述と原著のHosts欄 / 掲載頁: 31-32 / 記録地域: 日本 / 地域根拠: 本文が本種は日本で156種の木材から見出されたと明記する一方、Hosts欄は146分類単位を列挙 / 原著植物名: Alnus hirsuta var. sibirica / YList採用名: Alnus hirsuta var. sibirica / 寄主根拠: 本文の日本産寄主数記述と原著のHosts欄 / 掲載頁: 31-32
hostplant-SC-N81-GERM-20,species-SC310,文献（国内・明記）,文献（国内・明記）,記録地域: 日本 / 地域根拠: 本文が本種は日本で156種の木材から見出されたと明記する一方、Hosts欄は146分類単位を列挙 / 原著植物名: Alnus japonica / YList採用名: Alnus japonica / 寄主根拠: 本文の日本産寄主数記述と原著のHosts欄 / 掲載頁: 31-32 / 本文の156と列挙146の差は解消できないため、実際に列挙された146件だけを採用,本文の156と列挙146の差は解消できないため、実際に列挙された146件だけを採用,記録地域: 日本 / 地域根拠: 本文が本種は日本で156種の木材から見出されたと明記する一方、Hosts欄は146分類単位を列挙 / 原著植物名: Alnus japonica / YList採用名: Alnus japonica / 寄主根拠: 本文の日本産寄主数記述と原著のHosts欄 / 掲載頁: 31-32 / 記録地域: 日本 / 地域根拠: 本文が本種は日本で156種の木材から見出されたと明記する一方、Hosts欄は146分類単位を列挙 / 原著植物名: Alnus japonica / YList採用名: Alnus japonica / 寄主根拠: 本文の日本産寄主数記述と原著のHosts欄 / 掲載頁: 31-32
hostplant-SC-N81-GERM-21,species-SC310,文献（国内・明記）,文献（国内・明記）,記録地域: 日本 / 地域根拠: 本文が本種は日本で156種の木材から見出されたと明記する一方、Hosts欄は146分類単位を列挙 / 原著植物名: Fagus crenata / YList採用名: Fagus crenata / 寄主根拠: 本文の日本産寄主数記述と原著のHosts欄 / 掲載頁: 31-32 / 本文の156と列挙146の差は解消できないため、実際に列挙された146件だけを採用,本文の156と列挙146の差は解消できないため、実際に列挙された146件だけを採用,記録地域: 日本 / 地域根拠: 本文が本種は日本で156種の木材から見出されたと明記する一方、Hosts欄は146分類単位を列挙 / 原著植物名: Fagus crenata / YList採用名: Fagus crenata / 寄主根拠: 本文の日本産寄主数記述と原著のHosts欄 / 掲載頁: 31-32 / 記録地域: 日本 / 地域根拠: 本文が本種は日本で156種の木材から見出されたと明記する一方、Hosts欄は146分類単位を列挙 / 原著植物名: Fagus crenata / YList採用名: Fagus crenata / 寄主根拠: 本文の日本産寄主数記述と原著のHosts欄 / 掲載頁: 31-32
hostplant-SC-N81-GERM-22,species-SC310,文献（国内・明記）,文献（国内・明記）,記録地域: 日本 / 地域根拠: 本文が本種は日本で156種の木材から見出されたと明記する一方、Hosts欄は146分類単位を列挙 / 原著植物名: Fagus japonica / YList採用名: Fagus japonica / 寄主根拠: 本文の日本産寄主数記述と原著のHosts欄 / 掲載頁: 31-32 / 本文の156と列挙146の差は解消できないため、実際に列挙された146件だけを採用,本文の156と列挙146の差は解消できないため、実際に列挙された146件だけを採用,記録地域: 日本 / 地域根拠: 本文が本種は日本で156種の木材から見出されたと明記する一方、Hosts欄は146分類単位を列挙 / 原著植物名: Fagus japonica / YList採用名: Fagus japonica / 寄主根拠: 本文の日本産寄主数記述と原著のHosts欄 / 掲載頁: 31-32 / 記録地域: 日本 / 地域根拠: 本文が本種は日本で156種の木材から見出されたと明記する一方、Hosts欄は146分類単位を列挙 / 原著植物名: Fagus japonica / YList採用名: Fagus japonica / 寄主根拠: 本文の日本産寄主数記述と原著のHosts欄 / 掲載頁: 31-32
hostplant-SC-N81-GERM-23,species-SC310,文献（国内・明記）,文献（国内・明記）,記録地域: 日本 / 地域根拠: 本文が本種は日本で156種の木材から見出されたと明記する一方、Hosts欄は146分類単位を列挙 / 原著植物名: Quercus dentata / YList採用名: Quercus dentata / 寄主根拠: 本文の日本産寄主数記述と原著のHosts欄 / 掲載頁: 31-32 / 本文の156と列挙146の差は解消できないため、実際に列挙された146件だけを採用,本文の156と列挙146の差は解消できないため、実際に列挙された146件だけを採用,記録地域: 日本 / 地域根拠: 本文が本種は日本で156種の木材から見出されたと明記する一方、Hosts欄は146分類単位を列挙 / 原著植物名: Quercus dentata / YList採用名: Quercus dentata / 寄主根拠: 本文の日本産寄主数記述と原著のHosts欄 / 掲載頁: 31-32 / 記録地域: 日本 / 地域根拠: 本文が本種は日本で156種の木材から見出されたと明記する一方、Hosts欄は146分類単位を列挙 / 原著植物名: Quercus dentata / YList採用名: Quercus dentata / 寄主根拠: 本文の日本産寄主数記述と原著のHosts欄 / 掲載頁: 31-32
hostplant-SC-N81-GERM-24,species-SC310,文献（国内・明記）,文献（国内・明記）,記録地域: 日本 / 地域根拠: 本文が本種は日本で156種の木材から見出されたと明記する一方、Hosts欄は146分類単位を列挙 / 原著植物名: Quercus mongolica var. grosseserrata / YList採用名: Quercus crispula var. crispula / 寄主根拠: 本文の日本産寄主数記述と原著のHosts欄 / 掲載頁: 31-32 / 本文の156と列挙146の差は解消できないため、実際に列挙された146件だけを採用,本文の156と列挙146の差は解消できないため、実際に列挙された146件だけを採用,記録地域: 日本 / 地域根拠: 本文が本種は日本で156種の木材から見出されたと明記する一方、Hosts欄は146分類単位を列挙 / 原著植物名: Quercus mongolica var. grosseserrata / YList採用名: Quercus crispula var. crispula / 寄主根拠: 本文の日本産寄主数記述と原著のHosts欄 / 掲載頁: 31-32 / 記録地域: 日本 / 地域根拠: 本文が本種は日本で156種の木材から見出されたと明記する一方、Hosts欄は146分類単位を列挙 / 原著植物名: Quercus mongolica var. grosseserrata / YList採用名: Quercus crispula var. crispula / 寄主根拠: 本文の日本産寄主数記述と原著のHosts欄 / 掲載頁: 31-32
hostplant-SC-N81-GERM-25,species-SC310,文献（国内・明記）,文献（国内・明記）,記録地域: 日本 / 地域根拠: 本文が本種は日本で156種の木材から見出されたと明記する一方、Hosts欄は146分類単位を列挙 / 原著植物名: Quercus serrata / YList採用名: Quercus serrata / 寄主根拠: 本文の日本産寄主数記述と原著のHosts欄 / 掲載頁: 31-32 / 本文の156と列挙146の差は解消できないため、実際に列挙された146件だけを採用,本文の156と列挙146の差は解消できないため、実際に列挙された146件だけを採用,記録地域: 日本 / 地域根拠: 本文が本種は日本で156種の木材から見出されたと明記する一方、Hosts欄は146分類単位を列挙 / 原著植物名: Quercus serrata / YList採用名: Quercus serrata / 寄主根拠: 本文の日本産寄主数記述と原著のHosts欄 / 掲載頁: 31-32 / 記録地域: 日本 / 地域根拠: 本文が本種は日本で156種の木材から見出されたと明記する一方、Hosts欄は146分類単位を列挙 / 原著植物名: Quercus serrata / YList採用名: Quercus serrata / 寄主根拠: 本文の日本産寄主数記述と原著のHosts欄 / 掲載頁: 31-32
hostplant-SC-N81-GERM-26,species-SC310,文献（国内・明記）,文献（国内・明記）,記録地域: 日本 / 地域根拠: 本文が本種は日本で156種の木材から見出されたと明記する一方、Hosts欄は146分類単位を列挙 / 原著植物名: Quercus sessilifolia / YList採用名: Quercus sessilifolia / 寄主根拠: 本文の日本産寄主数記述と原著のHosts欄 / 掲載頁: 31-32 / 本文の156と列挙146の差は解消できないため、実際に列挙された146件だけを採用,本文の156と列挙146の差は解消できないため、実際に列挙された146件だけを採用,記録地域: 日本 / 地域根拠: 本文が本種は日本で156種の木材から見出されたと明記する一方、Hosts欄は146分類単位を列挙 / 原著植物名: Quercus sessilifolia / YList採用名: Quercus sessilifolia / 寄主根拠: 本文の日本産寄主数記述と原著のHosts欄 / 掲載頁: 31-32 / 記録地域: 日本 / 地域根拠: 本文が本種は日本で156種の木材から見出されたと明記する一方、Hosts欄は146分類単位を列挙 / 原著植物名: Quercus sessilifolia / YList採用名: Quercus sessilifolia / 寄主根拠: 本文の日本産寄主数記述と原著のHosts欄 / 掲載頁: 31-32
hostplant-SC-N81-GERM-27,species-SC310,文献（国内・明記）,文献（国内・明記）,記録地域: 日本 / 地域根拠: 本文が本種は日本で156種の木材から見出されたと明記する一方、Hosts欄は146分類単位を列挙 / 原著植物名: Quercus acuta / YList採用名: Quercus acuta / 寄主根拠: 本文の日本産寄主数記述と原著のHosts欄 / 掲載頁: 31-32 / 本文の156と列挙146の差は解消できないため、実際に列挙された146件だけを採用,本文の156と列挙146の差は解消できないため、実際に列挙された146件だけを採用,記録地域: 日本 / 地域根拠: 本文が本種は日本で156種の木材から見出されたと明記する一方、Hosts欄は146分類単位を列挙 / 原著植物名: Quercus acuta / YList採用名: Quercus acuta / 寄主根拠: 本文の日本産寄主数記述と原著のHosts欄 / 掲載頁: 31-32 / 記録地域: 日本 / 地域根拠: 本文が本種は日本で156種の木材から見出されたと明記する一方、Hosts欄は146分類単位を列挙 / 原著植物名: Quercus acuta / YList採用名: Quercus acuta / 寄主根拠: 本文の日本産寄主数記述と原著のHosts欄 / 掲載頁: 31-32
hostplant-SC-N81-GERM-28,species-SC310,文献（国内・明記）,文献（国内・明記）,記録地域: 日本 / 地域根拠: 本文が本種は日本で156種の木材から見出されたと明記する一方、Hosts欄は146分類単位を列挙 / 原著植物名: Quercus myrsinaefolia / YList採用名: Quercus myrsinaefolia / 寄主根拠: 本文の日本産寄主数記述と原著のHosts欄 / 掲載頁: 31-32 / 本文の156と列挙146の差は解消できないため、実際に列挙された146件だけを採用,本文の156と列挙146の差は解消できないため、実際に列挙された146件だけを採用,記録地域: 日本 / 地域根拠: 本文が本種は日本で156種の木材から見出されたと明記する一方、Hosts欄は146分類単位を列挙 / 原著植物名: Quercus myrsinaefolia / YList採用名: Quercus myrsinaefolia / 寄主根拠: 本文の日本産寄主数記述と原著のHosts欄 / 掲載頁: 31-32 / 記録地域: 日本 / 地域根拠: 本文が本種は日本で156種の木材から見出されたと明記する一方、Hosts欄は146分類単位を列挙 / 原著植物名: Quercus myrsinaefolia / YList採用名: Quercus myrsinaefolia / 寄主根拠: 本文の日本産寄主数記述と原著のHosts欄 / 掲載頁: 31-32
hostplant-SC-N81-GERM-29,species-SC310,文献（国内・明記）,文献（国内・明記）,記録地域: 日本 / 地域根拠: 本文が本種は日本で156種の木材から見出されたと明記する一方、Hosts欄は146分類単位を列挙 / 原著植物名: Castanea crenata / YList採用名: Castanea crenata / 寄主根拠: 本文の日本産寄主数記述と原著のHosts欄 / 掲載頁: 31-32 / 本文の156と列挙146の差は解消できないため、実際に列挙された146件だけを採用,本文の156と列挙146の差は解消できないため、実際に列挙された146件だけを採用,記録地域: 日本 / 地域根拠: 本文が本種は日本で156種の木材から見出されたと明記する一方、Hosts欄は146分類単位を列挙 / 原著植物名: Castanea crenata / YList採用名: Castanea crenata / 寄主根拠: 本文の日本産寄主数記述と原著のHosts欄 / 掲載頁: 31-32 / 記録地域: 日本 / 地域根拠: 本文が本種は日本で156種の木材から見出されたと明記する一方、Hosts欄は146分類単位を列挙 / 原著植物名: Castanea crenata / YList採用名: Castanea crenata / 寄主根拠: 本文の日本産寄主数記述と原著のHosts欄 / 掲載頁: 31-32
hostplant-SC-N81-GERM-30,species-SC310,文献（国内・明記）,文献（国内・明記）,記録地域: 日本 / 地域根拠: 本文が本種は日本で156種の木材から見出されたと明記する一方、Hosts欄は146分類単位を列挙 / 原著植物名: Castanopsis cuspidata / YList採用名: Castanopsis cuspidata / 寄主根拠: 本文の日本産寄主数記述と原著のHosts欄 / 掲載頁: 31-32 / 本文の156と列挙146の差は解消できないため、実際に列挙された146件だけを採用,本文の156と列挙146の差は解消できないため、実際に列挙された146件だけを採用,記録地域: 日本 / 地域根拠: 本文が本種は日本で156種の木材から見出されたと明記する一方、Hosts欄は146分類単位を列挙 / 原著植物名: Castanopsis cuspidata / YList採用名: Castanopsis cuspidata / 寄主根拠: 本文の日本産寄主数記述と原著のHosts欄 / 掲載頁: 31-32 / 記録地域: 日本 / 地域根拠: 本文が本種は日本で156種の木材から見出されたと明記する一方、Hosts欄は146分類単位を列挙 / 原著植物名: Castanopsis cuspidata / YList採用名: Castanopsis cuspidata / 寄主根拠: 本文の日本産寄主数記述と原著のHosts欄 / 掲載頁: 31-32
hostplant-SC-N81-GERM-31,species-SC310,文献（国内・明記）,文献（国内・明記）,記録地域: 日本 / 地域根拠: 本文が本種は日本で156種の木材から見出されたと明記する一方、Hosts欄は146分類単位を列挙 / 原著植物名: Castanopsis cuspidata var. sieboldii / YList採用名: Castanopsis sieboldii subsp. sieboldii / 寄主根拠: 本文の日本産寄主数記述と原著のHosts欄 / 掲載頁: 31-32 / 本文の156と列挙146の差は解消できないため、実際に列挙された146件だけを採用,本文の156と列挙146の差は解消できないため、実際に列挙された146件だけを採用,記録地域: 日本 / 地域根拠: 本文が本種は日本で156種の木材から見出されたと明記する一方、Hosts欄は146分類単位を列挙 / 原著植物名: Castanopsis cuspidata var. sieboldii / YList採用名: Castanopsis sieboldii subsp. sieboldii / 寄主根拠: 本文の日本産寄主数記述と原著のHosts欄 / 掲載頁: 31-32 / 記録地域: 日本 / 地域根拠: 本文が本種は日本で156種の木材から見出されたと明記する一方、Hosts欄は146分類単位を列挙 / 原著植物名: Castanopsis cuspidata var. sieboldii / YList採用名: Castanopsis sieboldii subsp. sieboldii / 寄主根拠: 本文の日本産寄主数記述と原著のHosts欄 / 掲載頁: 31-32
hostplant-SC-N81-GERM-32,species-SC310,文献（国内・明記）,文献（国内・明記）,記録地域: 日本 / 地域根拠: 本文が本種は日本で156種の木材から見出されたと明記する一方、Hosts欄は146分類単位を列挙 / 原著植物名: Ulmus davidiana var. japonica / YList採用名: Ulmus davidiana var. japonica / 寄主根拠: 本文の日本産寄主数記述と原著のHosts欄 / 掲載頁: 31-32 / 本文の156と列挙146の差は解消できないため、実際に列挙された146件だけを採用,本文の156と列挙146の差は解消できないため、実際に列挙された146件だけを採用,記録地域: 日本 / 地域根拠: 本文が本種は日本で156種の木材から見出されたと明記する一方、Hosts欄は146分類単位を列挙 / 原著植物名: Ulmus davidiana var. japonica / YList採用名: Ulmus davidiana var. japonica / 寄主根拠: 本文の日本産寄主数記述と原著のHosts欄 / 掲載頁: 31-32 / 記録地域: 日本 / 地域根拠: 本文が本種は日本で156種の木材から見出されたと明記する一方、Hosts欄は146分類単位を列挙 / 原著植物名: Ulmus davidiana var. japonica / YList採用名: Ulmus davidiana var. japonica / 寄主根拠: 本文の日本産寄主数記述と原著のHosts欄 / 掲載頁: 31-32
hostplant-SC-N81-GERM-33,species-SC310,文献（国内・明記）,文献（国内・明記）,記録地域: 日本 / 地域根拠: 本文が本種は日本で156種の木材から見出されたと明記する一方、Hosts欄は146分類単位を列挙 / 原著植物名: Ulmus laciniata / YList採用名: Ulmus laciniata / 寄主根拠: 本文の日本産寄主数記述と原著のHosts欄 / 掲載頁: 31-32 / 本文の156と列挙146の差は解消できないため、実際に列挙された146件だけを採用,本文の156と列挙146の差は解消できないため、実際に列挙された146件だけを採用,記録地域: 日本 / 地域根拠: 本文が本種は日本で156種の木材から見出されたと明記する一方、Hosts欄は146分類単位を列挙 / 原著植物名: Ulmus laciniata / YList採用名: Ulmus laciniata / 寄主根拠: 本文の日本産寄主数記述と原著のHosts欄 / 掲載頁: 31-32 / 記録地域: 日本 / 地域根拠: 本文が本種は日本で156種の木材から見出されたと明記する一方、Hosts欄は146分類単位を列挙 / 原著植物名: Ulmus laciniata / YList採用名: Ulmus laciniata / 寄主根拠: 本文の日本産寄主数記述と原著のHosts欄 / 掲載頁: 31-32
hostplant-SC-N81-GERM-34,species-SC310,文献（国内・明記）,文献（国内・明記）,記録地域: 日本 / 地域根拠: 本文が本種は日本で156種の木材から見出されたと明記する一方、Hosts欄は146分類単位を列挙 / 原著植物名: Zelkova serrata / YList採用名: Zelkova serrata / 寄主根拠: 本文の日本産寄主数記述と原著のHosts欄 / 掲載頁: 31-32 / 本文の156と列挙146の差は解消できないため、実際に列挙された146件だけを採用,本文の156と列挙146の差は解消できないため、実際に列挙された146件だけを採用,記録地域: 日本 / 地域根拠: 本文が本種は日本で156種の木材から見出されたと明記する一方、Hosts欄は146分類単位を列挙 / 原著植物名: Zelkova serrata / YList採用名: Zelkova serrata / 寄主根拠: 本文の日本産寄主数記述と原著のHosts欄 / 掲載頁: 31-32 / 記録地域: 日本 / 地域根拠: 本文が本種は日本で156種の木材から見出されたと明記する一方、Hosts欄は146分類単位を列挙 / 原著植物名: Zelkova serrata / YList採用名: Zelkova serrata / 寄主根拠: 本文の日本産寄主数記述と原著のHosts欄 / 掲載頁: 31-32
hostplant-SC-N81-GERM-35,species-SC310,文献（国内・明記）,文献（国内・明記）,記録地域: 日本 / 地域根拠: 本文が本種は日本で156種の木材から見出されたと明記する一方、Hosts欄は146分類単位を列挙 / 原著植物名: Celtis sinensis var. japonica / YList採用名: Celtis sinensis / 寄主根拠: 本文の日本産寄主数記述と原著のHosts欄 / 掲載頁: 31-32 / 本文の156と列挙146の差は解消できないため、実際に列挙された146件だけを採用,本文の156と列挙146の差は解消できないため、実際に列挙された146件だけを採用,記録地域: 日本 / 地域根拠: 本文が本種は日本で156種の木材から見出されたと明記する一方、Hosts欄は146分類単位を列挙 / 原著植物名: Celtis sinensis var. japonica / YList採用名: Celtis sinensis / 寄主根拠: 本文の日本産寄主数記述と原著のHosts欄 / 掲載頁: 31-32 / 記録地域: 日本 / 地域根拠: 本文が本種は日本で156種の木材から見出されたと明記する一方、Hosts欄は146分類単位を列挙 / 原著植物名: Celtis sinensis var. japonica / YList採用名: Celtis sinensis / 寄主根拠: 本文の日本産寄主数記述と原著のHosts欄 / 掲載頁: 31-32
hostplant-SC-N81-GERM-36,species-SC310,文献（国内・明記）,文献（国内・明記）,記録地域: 日本 / 地域根拠: 本文が本種は日本で156種の木材から見出されたと明記する一方、Hosts欄は146分類単位を列挙 / 原著植物名: Aphananthe aspera / YList採用名: Aphananthe aspera / 寄主根拠: 本文の日本産寄主数記述と原著のHosts欄 / 掲載頁: 31-32 / 本文の156と列挙146の差は解消できないため、実際に列挙された146件だけを採用,本文の156と列挙146の差は解消できないため、実際に列挙された146件だけを採用,記録地域: 日本 / 地域根拠: 本文が本種は日本で156種の木材から見出されたと明記する一方、Hosts欄は146分類単位を列挙 / 原著植物名: Aphananthe aspera / YList採用名: Aphananthe aspera / 寄主根拠: 本文の日本産寄主数記述と原著のHosts欄 / 掲載頁: 31-32 / 記録地域: 日本 / 地域根拠: 本文が本種は日本で156種の木材から見出されたと明記する一方、Hosts欄は146分類単位を列挙 / 原著植物名: Aphananthe aspera / YList採用名: Aphananthe aspera / 寄主根拠: 本文の日本産寄主数記述と原著のHosts欄 / 掲載頁: 31-32
hostplant-SC-N81-GERM-37,species-SC310,文献（国内・明記）,文献（国内・明記）,記録地域: 日本 / 地域根拠: 本文が本種は日本で156種の木材から見出されたと明記する一方、Hosts欄は146分類単位を列挙 / 原著植物名: Morus alba / YList採用名: Morus alba / 寄主根拠: 本文の日本産寄主数記述と原著のHosts欄 / 掲載頁: 31-32 / 本文の156と列挙146の差は解消できないため、実際に列挙された146件だけを採用,本文の156と列挙146の差は解消できないため、実際に列挙された146件だけを採用,記録地域: 日本 / 地域根拠: 本文が本種は日本で156種の木材から見出されたと明記する一方、Hosts欄は146分類単位を列挙 / 原著植物名: Morus alba / YList採用名: Morus alba / 寄主根拠: 本文の日本産寄主数記述と原著のHosts欄 / 掲載頁: 31-32 / 記録地域: 日本 / 地域根拠: 本文が本種は日本で156種の木材から見出されたと明記する一方、Hosts欄は146分類単位を列挙 / 原著植物名: Morus alba / YList採用名: Morus alba / 寄主根拠: 本文の日本産寄主数記述と原著のHosts欄 / 掲載頁: 31-32
hostplant-SC-N81-GERM-38,species-SC310,文献（国内・明記）,文献（国内・明記）,記録地域: 日本 / 地域根拠: 本文が本種は日本で156種の木材から見出されたと明記する一方、Hosts欄は146分類単位を列挙 / 原著植物名: Morus bombycis / YList採用名: Morus australis / 寄主根拠: 本文の日本産寄主数記述と原著のHosts欄 / 掲載頁: 31-32 / 本文の156と列挙146の差は解消できないため、実際に列挙された146件だけを採用,本文の156と列挙146の差は解消できないため、実際に列挙された146件だけを採用,記録地域: 日本 / 地域根拠: 本文が本種は日本で156種の木材から見出されたと明記する一方、Hosts欄は146分類単位を列挙 / 原著植物名: Morus bombycis / YList採用名: Morus australis / 寄主根拠: 本文の日本産寄主数記述と原著のHosts欄 / 掲載頁: 31-32 / 記録地域: 日本 / 地域根拠: 本文が本種は日本で156種の木材から見出されたと明記する一方、Hosts欄は146分類単位を列挙 / 原著植物名: Morus bombycis / YList採用名: Morus australis / 寄主根拠: 本文の日本産寄主数記述と原著のHosts欄 / 掲載頁: 31-32
hostplant-SC-N81-GERM-39,species-SC310,文献（国内・明記）,文献（国内・明記）,記録地域: 日本 / 地域根拠: 本文が本種は日本で156種の木材から見出されたと明記する一方、Hosts欄は146分類単位を列挙 / 原著植物名: Broussonetia kazinoki / YList採用名: Broussonetia x kazinoki / 寄主根拠: 本文の日本産寄主数記述と原著のHosts欄 / 掲載頁: 31-32 / 本文の156と列挙146の差は解消できないため、実際に列挙された146件だけを採用,本文の156と列挙146の差は解消できないため、実際に列挙された146件だけを採用,記録地域: 日本 / 地域根拠: 本文が本種は日本で156種の木材から見出されたと明記する一方、Hosts欄は146分類単位を列挙 / 原著植物名: Broussonetia kazinoki / YList採用名: Broussonetia x kazinoki / 寄主根拠: 本文の日本産寄主数記述と原著のHosts欄 / 掲載頁: 31-32 / 記録地域: 日本 / 地域根拠: 本文が本種は日本で156種の木材から見出されたと明記する一方、Hosts欄は146分類単位を列挙 / 原著植物名: Broussonetia kazinoki / YList採用名: Broussonetia x kazinoki / 寄主根拠: 本文の日本産寄主数記述と原著のHosts欄 / 掲載頁: 31-32
hostplant-SC-N81-GERM-40,species-SC310,文献（国内・明記）,文献（国内・明記）,記録地域: 日本 / 地域根拠: 本文が本種は日本で156種の木材から見出されたと明記する一方、Hosts欄は146分類単位を列挙 / 原著植物名: Ficus carica var. johannis / YList採用名: Ficus carica / 寄主根拠: 本文の日本産寄主数記述と原著のHosts欄 / 掲載頁: 31-32 / 本文の156と列挙146の差は解消できないため、実際に列挙された146件だけを採用,本文の156と列挙146の差は解消できないため、実際に列挙された146件だけを採用,記録地域: 日本 / 地域根拠: 本文が本種は日本で156種の木材から見出されたと明記する一方、Hosts欄は146分類単位を列挙 / 原著植物名: Ficus carica var. johannis / YList採用名: Ficus carica / 寄主根拠: 本文の日本産寄主数記述と原著のHosts欄 / 掲載頁: 31-32 / 記録地域: 日本 / 地域根拠: 本文が本種は日本で156種の木材から見出されたと明記する一方、Hosts欄は146分類単位を列挙 / 原著植物名: Ficus carica var. johannis / YList採用名: Ficus carica / 寄主根拠: 本文の日本産寄主数記述と原著のHosts欄 / 掲載頁: 31-32
hostplant-SC-N81-GERM-41,species-SC310,文献（国内・明記）,文献（国内・明記）,記録地域: 日本 / 地域根拠: 本文が本種は日本で156種の木材から見出されたと明記する一方、Hosts欄は146分類単位を列挙 / 原著植物名: Trochodendron aralioides / YList採用名: Trochodendron aralioides / 寄主根拠: 本文の日本産寄主数記述と原著のHosts欄 / 掲載頁: 31-32 / 本文の156と列挙146の差は解消できないため、実際に列挙された146件だけを採用,本文の156と列挙146の差は解消できないため、実際に列挙された146件だけを採用,記録地域: 日本 / 地域根拠: 本文が本種は日本で156種の木材から見出されたと明記する一方、Hosts欄は146分類単位を列挙 / 原著植物名: Trochodendron aralioides / YList採用名: Trochodendron aralioides / 寄主根拠: 本文の日本産寄主数記述と原著のHosts欄 / 掲載頁: 31-32 / 記録地域: 日本 / 地域根拠: 本文が本種は日本で156種の木材から見出されたと明記する一方、Hosts欄は146分類単位を列挙 / 原著植物名: Trochodendron aralioides / YList採用名: Trochodendron aralioides / 寄主根拠: 本文の日本産寄主数記述と原著のHosts欄 / 掲載頁: 31-32
hostplant-SC-N81-GERM-42,species-SC310,文献（国内・明記）,文献（国内・明記）,記録地域: 日本 / 地域根拠: 本文が本種は日本で156種の木材から見出されたと明記する一方、Hosts欄は146分類単位を列挙 / 原著植物名: Cercidiphyllum japonicum / YList採用名: Cercidiphyllum japonicum / 寄主根拠: 本文の日本産寄主数記述と原著のHosts欄 / 掲載頁: 31-32 / 本文の156と列挙146の差は解消できないため、実際に列挙された146件だけを採用,本文の156と列挙146の差は解消できないため、実際に列挙された146件だけを採用,記録地域: 日本 / 地域根拠: 本文が本種は日本で156種の木材から見出されたと明記する一方、Hosts欄は146分類単位を列挙 / 原著植物名: Cercidiphyllum japonicum / YList採用名: Cercidiphyllum japonicum / 寄主根拠: 本文の日本産寄主数記述と原著のHosts欄 / 掲載頁: 31-32 / 記録地域: 日本 / 地域根拠: 本文が本種は日本で156種の木材から見出されたと明記する一方、Hosts欄は146分類単位を列挙 / 原著植物名: Cercidiphyllum japonicum / YList採用名: Cercidiphyllum japonicum / 寄主根拠: 本文の日本産寄主数記述と原著のHosts欄 / 掲載頁: 31-32
hostplant-SC-N81-GERM-43,species-SC310,文献（国内・明記）,文献（国内・明記）,記録地域: 日本 / 地域根拠: 本文が本種は日本で156種の木材から見出されたと明記する一方、Hosts欄は146分類単位を列挙 / 原著植物名: Magnolia obovata / YList採用名: Magnolia obovata / 寄主根拠: 本文の日本産寄主数記述と原著のHosts欄 / 掲載頁: 31-32 / 本文の156と列挙146の差は解消できないため、実際に列挙された146件だけを採用,本文の156と列挙146の差は解消できないため、実際に列挙された146件だけを採用,記録地域: 日本 / 地域根拠: 本文が本種は日本で156種の木材から見出されたと明記する一方、Hosts欄は146分類単位を列挙 / 原著植物名: Magnolia obovata / YList採用名: Magnolia obovata / 寄主根拠: 本文の日本産寄主数記述と原著のHosts欄 / 掲載頁: 31-32 / 記録地域: 日本 / 地域根拠: 本文が本種は日本で156種の木材から見出されたと明記する一方、Hosts欄は146分類単位を列挙 / 原著植物名: Magnolia obovata / YList採用名: Magnolia obovata / 寄主根拠: 本文の日本産寄主数記述と原著のHosts欄 / 掲載頁: 31-32
hostplant-SC-N81-GERM-44,species-SC310,文献（国内・明記）,文献（国内・明記）,記録地域: 日本 / 地域根拠: 本文が本種は日本で156種の木材から見出されたと明記する一方、Hosts欄は146分類単位を列挙 / 原著植物名: Magnolia kobus / YList採用名: Magnolia kobus / 寄主根拠: 本文の日本産寄主数記述と原著のHosts欄 / 掲載頁: 31-32 / 本文の156と列挙146の差は解消できないため、実際に列挙された146件だけを採用,本文の156と列挙146の差は解消できないため、実際に列挙された146件だけを採用,記録地域: 日本 / 地域根拠: 本文が本種は日本で156種の木材から見出されたと明記する一方、Hosts欄は146分類単位を列挙 / 原著植物名: Magnolia kobus / YList採用名: Magnolia kobus / 寄主根拠: 本文の日本産寄主数記述と原著のHosts欄 / 掲載頁: 31-32 / 記録地域: 日本 / 地域根拠: 本文が本種は日本で156種の木材から見出されたと明記する一方、Hosts欄は146分類単位を列挙 / 原著植物名: Magnolia kobus / YList採用名: Magnolia kobus / 寄主根拠: 本文の日本産寄主数記述と原著のHosts欄 / 掲載頁: 31-32
hostplant-SC-N81-GERM-45,species-SC310,文献（国内・明記）,文献（国内・明記）,記録地域: 日本 / 地域根拠: 本文が本種は日本で156種の木材から見出されたと明記する一方、Hosts欄は146分類単位を列挙 / 原著植物名: Illicium religiosum / YList採用名: Illicium anisatum / 寄主根拠: 本文の日本産寄主数記述と原著のHosts欄 / 掲載頁: 31-32 / 本文の156と列挙146の差は解消できないため、実際に列挙された146件だけを採用,本文の156と列挙146の差は解消できないため、実際に列挙された146件だけを採用,記録地域: 日本 / 地域根拠: 本文が本種は日本で156種の木材から見出されたと明記する一方、Hosts欄は146分類単位を列挙 / 原著植物名: Illicium religiosum / YList採用名: Illicium anisatum / 寄主根拠: 本文の日本産寄主数記述と原著のHosts欄 / 掲載頁: 31-32 / 記録地域: 日本 / 地域根拠: 本文が本種は日本で156種の木材から見出されたと明記する一方、Hosts欄は146分類単位を列挙 / 原著植物名: Illicium religiosum / YList採用名: Illicium anisatum / 寄主根拠: 本文の日本産寄主数記述と原著のHosts欄 / 掲載頁: 31-32
hostplant-SC-N81-GERM-46,species-SC310,文献（国内・明記）,文献（国内・明記）,記録地域: 日本 / 地域根拠: 本文が本種は日本で156種の木材から見出されたと明記する一方、Hosts欄は146分類単位を列挙 / 原著植物名: Cinnamomum camphora / YList採用名: Cinnamomum camphora / 寄主根拠: 本文の日本産寄主数記述と原著のHosts欄 / 掲載頁: 31-32 / 本文の156と列挙146の差は解消できないため、実際に列挙された146件だけを採用,本文の156と列挙146の差は解消できないため、実際に列挙された146件だけを採用,記録地域: 日本 / 地域根拠: 本文が本種は日本で156種の木材から見出されたと明記する一方、Hosts欄は146分類単位を列挙 / 原著植物名: Cinnamomum camphora / YList採用名: Cinnamomum camphora / 寄主根拠: 本文の日本産寄主数記述と原著のHosts欄 / 掲載頁: 31-32 / 記録地域: 日本 / 地域根拠: 本文が本種は日本で156種の木材から見出されたと明記する一方、Hosts欄は146分類単位を列挙 / 原著植物名: Cinnamomum camphora / YList採用名: Cinnamomum camphora / 寄主根拠: 本文の日本産寄主数記述と原著のHosts欄 / 掲載頁: 31-32
hostplant-SC-N81-GERM-47,species-SC310,文献（国内・明記）,文献（国内・明記）,記録地域: 日本 / 地域根拠: 本文が本種は日本で156種の木材から見出されたと明記する一方、Hosts欄は146分類単位を列挙 / 原著植物名: Cinnamomum japonicum / YList採用名: Cinnamomum yabunikkei / 寄主根拠: 本文の日本産寄主数記述と原著のHosts欄 / 掲載頁: 31-32 / 本文の156と列挙146の差は解消できないため、実際に列挙された146件だけを採用,本文の156と列挙146の差は解消できないため、実際に列挙された146件だけを採用,記録地域: 日本 / 地域根拠: 本文が本種は日本で156種の木材から見出されたと明記する一方、Hosts欄は146分類単位を列挙 / 原著植物名: Cinnamomum japonicum / YList採用名: Cinnamomum yabunikkei / 寄主根拠: 本文の日本産寄主数記述と原著のHosts欄 / 掲載頁: 31-32 / 記録地域: 日本 / 地域根拠: 本文が本種は日本で156種の木材から見出されたと明記する一方、Hosts欄は146分類単位を列挙 / 原著植物名: Cinnamomum japonicum / YList採用名: Cinnamomum yabunikkei / 寄主根拠: 本文の日本産寄主数記述と原著のHosts欄 / 掲載頁: 31-32
hostplant-SC-N81-GERM-48,species-SC310,文献（国内・明記）,文献（国内・明記）,記録地域: 日本 / 地域根拠: 本文が本種は日本で156種の木材から見出されたと明記する一方、Hosts欄は146分類単位を列挙 / 原著植物名: Machilus thunbergii / YList採用名: Machilus thunbergii / 寄主根拠: 本文の日本産寄主数記述と原著のHosts欄 / 掲載頁: 31-32 / 本文の156と列挙146の差は解消できないため、実際に列挙された146件だけを採用,本文の156と列挙146の差は解消できないため、実際に列挙された146件だけを採用,記録地域: 日本 / 地域根拠: 本文が本種は日本で156種の木材から見出されたと明記する一方、Hosts欄は146分類単位を列挙 / 原著植物名: Machilus thunbergii / YList採用名: Machilus thunbergii / 寄主根拠: 本文の日本産寄主数記述と原著のHosts欄 / 掲載頁: 31-32 / 記録地域: 日本 / 地域根拠: 本文が本種は日本で156種の木材から見出されたと明記する一方、Hosts欄は146分類単位を列挙 / 原著植物名: Machilus thunbergii / YList採用名: Machilus thunbergii / 寄主根拠: 本文の日本産寄主数記述と原著のHosts欄 / 掲載頁: 31-32
hostplant-SC-N81-GERM-49,species-SC310,文献（国内・明記）,文献（国内・明記）,記録地域: 日本 / 地域根拠: 本文が本種は日本で156種の木材から見出されたと明記する一方、Hosts欄は146分類単位を列挙 / 原著植物名: Machilus japonica / YList採用名: Machilus japonica / 寄主根拠: 本文の日本産寄主数記述と原著のHosts欄 / 掲載頁: 31-32 / 本文の156と列挙146の差は解消できないため、実際に列挙された146件だけを採用,本文の156と列挙146の差は解消できないため、実際に列挙された146件だけを採用,記録地域: 日本 / 地域根拠: 本文が本種は日本で156種の木材から見出されたと明記する一方、Hosts欄は146分類単位を列挙 / 原著植物名: Machilus japonica / YList採用名: Machilus japonica / 寄主根拠: 本文の日本産寄主数記述と原著のHosts欄 / 掲載頁: 31-32 / 記録地域: 日本 / 地域根拠: 本文が本種は日本で156種の木材から見出されたと明記する一方、Hosts欄は146分類単位を列挙 / 原著植物名: Machilus japonica / YList採用名: Machilus japonica / 寄主根拠: 本文の日本産寄主数記述と原著のHosts欄 / 掲載頁: 31-32
hostplant-SC-N81-GERM-50,species-SC310,文献（国内・明記）,文献（国内・明記）,記録地域: 日本 / 地域根拠: 本文が本種は日本で156種の木材から見出されたと明記する一方、Hosts欄は146分類単位を列挙 / 原著植物名: Lindera umbellata / YList採用名: Lindera umbellata / 寄主根拠: 本文の日本産寄主数記述と原著のHosts欄 / 掲載頁: 31-32 / 本文の156と列挙146の差は解消できないため、実際に列挙された146件だけを採用,本文の156と列挙146の差は解消できないため、実際に列挙された146件だけを採用,記録地域: 日本 / 地域根拠: 本文が本種は日本で156種の木材から見出されたと明記する一方、Hosts欄は146分類単位を列挙 / 原著植物名: Lindera umbellata / YList採用名: Lindera umbellata / 寄主根拠: 本文の日本産寄主数記述と原著のHosts欄 / 掲載頁: 31-32 / 記録地域: 日本 / 地域根拠: 本文が本種は日本で156種の木材から見出されたと明記する一方、Hosts欄は146分類単位を列挙 / 原著植物名: Lindera umbellata / YList採用名: Lindera umbellata / 寄主根拠: 本文の日本産寄主数記述と原著のHosts欄 / 掲載頁: 31-32
hostplant-SC-N81-GERM-51,species-SC310,文献（国内・明記）,文献（国内・明記）,記録地域: 日本 / 地域根拠: 本文が本種は日本で156種の木材から見出されたと明記する一方、Hosts欄は146分類単位を列挙 / 原著植物名: Lindera umbellata subsp. membranacea / YList採用名: Lindera umbellata var. membranacea / 寄主根拠: 本文の日本産寄主数記述と原著のHosts欄 / 掲載頁: 31-32 / 本文の156と列挙146の差は解消できないため、実際に列挙された146件だけを採用,本文の156と列挙146の差は解消できないため、実際に列挙された146件だけを採用,記録地域: 日本 / 地域根拠: 本文が本種は日本で156種の木材から見出されたと明記する一方、Hosts欄は146分類単位を列挙 / 原著植物名: Lindera umbellata subsp. membranacea / YList採用名: Lindera umbellata var. membranacea / 寄主根拠: 本文の日本産寄主数記述と原著のHosts欄 / 掲載頁: 31-32 / 記録地域: 日本 / 地域根拠: 本文が本種は日本で156種の木材から見出されたと明記する一方、Hosts欄は146分類単位を列挙 / 原著植物名: Lindera umbellata subsp. membranacea / YList採用名: Lindera umbellata var. membranacea / 寄主根拠: 本文の日本産寄主数記述と原著のHosts欄 / 掲載頁: 31-32
hostplant-SC-N81-GERM-52,species-SC310,文献（国内・明記）,文献（国内・明記）,記録地域: 日本 / 地域根拠: 本文が本種は日本で156種の木材から見出されたと明記する一方、Hosts欄は146分類単位を列挙 / 原著植物名: Parabenzoin praecox / YList採用名: Lindera praecox / 寄主根拠: 本文の日本産寄主数記述と原著のHosts欄 / 掲載頁: 31-32 / 本文の156と列挙146の差は解消できないため、実際に列挙された146件だけを採用,本文の156と列挙146の差は解消できないため、実際に列挙された146件だけを採用,記録地域: 日本 / 地域根拠: 本文が本種は日本で156種の木材から見出されたと明記する一方、Hosts欄は146分類単位を列挙 / 原著植物名: Parabenzoin praecox / YList採用名: Lindera praecox / 寄主根拠: 本文の日本産寄主数記述と原著のHosts欄 / 掲載頁: 31-32 / 記録地域: 日本 / 地域根拠: 本文が本種は日本で156種の木材から見出されたと明記する一方、Hosts欄は146分類単位を列挙 / 原著植物名: Parabenzoin praecox / YList採用名: Lindera praecox / 寄主根拠: 本文の日本産寄主数記述と原著のHosts欄 / 掲載頁: 31-32
hostplant-SC-N81-GERM-53,species-SC310,文献（国内・明記）,文献（国内・明記）,記録地域: 日本 / 地域根拠: 本文が本種は日本で156種の木材から見出されたと明記する一方、Hosts欄は146分類単位を列挙 / 原著植物名: Neolitsea sericea / YList採用名: Neolitsea sericea / 寄主根拠: 本文の日本産寄主数記述と原著のHosts欄 / 掲載頁: 31-32 / 本文の156と列挙146の差は解消できないため、実際に列挙された146件だけを採用,本文の156と列挙146の差は解消できないため、実際に列挙された146件だけを採用,記録地域: 日本 / 地域根拠: 本文が本種は日本で156種の木材から見出されたと明記する一方、Hosts欄は146分類単位を列挙 / 原著植物名: Neolitsea sericea / YList採用名: Neolitsea sericea / 寄主根拠: 本文の日本産寄主数記述と原著のHosts欄 / 掲載頁: 31-32 / 記録地域: 日本 / 地域根拠: 本文が本種は日本で156種の木材から見出されたと明記する一方、Hosts欄は146分類単位を列挙 / 原著植物名: Neolitsea sericea / YList採用名: Neolitsea sericea / 寄主根拠: 本文の日本産寄主数記述と原著のHosts欄 / 掲載頁: 31-32
hostplant-SC-N81-GERM-54,species-SC310,文献（国内・明記）,文献（国内・明記）,記録地域: 日本 / 地域根拠: 本文が本種は日本で156種の木材から見出されたと明記する一方、Hosts欄は146分類単位を列挙 / 原著植物名: Actinodaphne longifolia / YList採用名: Actinodaphne acuminata / 寄主根拠: 本文の日本産寄主数記述と原著のHosts欄 / 掲載頁: 31-32 / 本文の156と列挙146の差は解消できないため、実際に列挙された146件だけを採用,本文の156と列挙146の差は解消できないため、実際に列挙された146件だけを採用,記録地域: 日本 / 地域根拠: 本文が本種は日本で156種の木材から見出されたと明記する一方、Hosts欄は146分類単位を列挙 / 原著植物名: Actinodaphne longifolia / YList採用名: Actinodaphne acuminata / 寄主根拠: 本文の日本産寄主数記述と原著のHosts欄 / 掲載頁: 31-32 / 記録地域: 日本 / 地域根拠: 本文が本種は日本で156種の木材から見出されたと明記する一方、Hosts欄は146分類単位を列挙 / 原著植物名: Actinodaphne longifolia / YList採用名: Actinodaphne acuminata / 寄主根拠: 本文の日本産寄主数記述と原著のHosts欄 / 掲載頁: 31-32
hostplant-SC-N81-GERM-55,species-SC310,文献（国内・明記）,文献（国内・明記）,記録地域: 日本 / 地域根拠: 本文が本種は日本で156種の木材から見出されたと明記する一方、Hosts欄は146分類単位を列挙 / 原著植物名: Litsea japonica / YList採用名: Litsea japonica / 寄主根拠: 本文の日本産寄主数記述と原著のHosts欄 / 掲載頁: 31-32 / 本文の156と列挙146の差は解消できないため、実際に列挙された146件だけを採用,本文の156と列挙146の差は解消できないため、実際に列挙された146件だけを採用,記録地域: 日本 / 地域根拠: 本文が本種は日本で156種の木材から見出されたと明記する一方、Hosts欄は146分類単位を列挙 / 原著植物名: Litsea japonica / YList採用名: Litsea japonica / 寄主根拠: 本文の日本産寄主数記述と原著のHosts欄 / 掲載頁: 31-32 / 記録地域: 日本 / 地域根拠: 本文が本種は日本で156種の木材から見出されたと明記する一方、Hosts欄は146分類単位を列挙 / 原著植物名: Litsea japonica / YList採用名: Litsea japonica / 寄主根拠: 本文の日本産寄主数記述と原著のHosts欄 / 掲載頁: 31-32
hostplant-SC-N81-GERM-56,species-SC310,文献（国内・明記）,文献（国内・明記）,記録地域: 日本 / 地域根拠: 本文が本種は日本で156種の木材から見出されたと明記する一方、Hosts欄は146分類単位を列挙 / 原著植物名: Hydrangea petiolaris / YList採用名: Hydrangea petiolaris / 寄主根拠: 本文の日本産寄主数記述と原著のHosts欄 / 掲載頁: 31-32 / 本文の156と列挙146の差は解消できないため、実際に列挙された146件だけを採用,本文の156と列挙146の差は解消できないため、実際に列挙された146件だけを採用,記録地域: 日本 / 地域根拠: 本文が本種は日本で156種の木材から見出されたと明記する一方、Hosts欄は146分類単位を列挙 / 原著植物名: Hydrangea petiolaris / YList採用名: Hydrangea petiolaris / 寄主根拠: 本文の日本産寄主数記述と原著のHosts欄 / 掲載頁: 31-32 / 記録地域: 日本 / 地域根拠: 本文が本種は日本で156種の木材から見出されたと明記する一方、Hosts欄は146分類単位を列挙 / 原著植物名: Hydrangea petiolaris / YList採用名: Hydrangea petiolaris / 寄主根拠: 本文の日本産寄主数記述と原著のHosts欄 / 掲載頁: 31-32
hostplant-SC-N81-GERM-57,species-SC310,文献（国内・明記）,文献（国内・明記）,記録地域: 日本 / 地域根拠: 本文が本種は日本で156種の木材から見出されたと明記する一方、Hosts欄は146分類単位を列挙 / 原著植物名: Hydrangea paniculata / YList採用名: Hydrangea paniculata / 寄主根拠: 本文の日本産寄主数記述と原著のHosts欄 / 掲載頁: 31-32 / 本文の156と列挙146の差は解消できないため、実際に列挙された146件だけを採用,本文の156と列挙146の差は解消できないため、実際に列挙された146件だけを採用,記録地域: 日本 / 地域根拠: 本文が本種は日本で156種の木材から見出されたと明記する一方、Hosts欄は146分類単位を列挙 / 原著植物名: Hydrangea paniculata / YList採用名: Hydrangea paniculata / 寄主根拠: 本文の日本産寄主数記述と原著のHosts欄 / 掲載頁: 31-32 / 記録地域: 日本 / 地域根拠: 本文が本種は日本で156種の木材から見出されたと明記する一方、Hosts欄は146分類単位を列挙 / 原著植物名: Hydrangea paniculata / YList採用名: Hydrangea paniculata / 寄主根拠: 本文の日本産寄主数記述と原著のHosts欄 / 掲載頁: 31-32
hostplant-SC-N81-GERM-58,species-SC310,文献（国内・明記）,文献（国内・明記）,記録地域: 日本 / 地域根拠: 本文が本種は日本で156種の木材から見出されたと明記する一方、Hosts欄は146分類単位を列挙 / 原著植物名: Deutzia crenata / YList採用名: Deutzia crenata / 寄主根拠: 本文の日本産寄主数記述と原著のHosts欄 / 掲載頁: 31-32 / 本文の156と列挙146の差は解消できないため、実際に列挙された146件だけを採用,本文の156と列挙146の差は解消できないため、実際に列挙された146件だけを採用,記録地域: 日本 / 地域根拠: 本文が本種は日本で156種の木材から見出されたと明記する一方、Hosts欄は146分類単位を列挙 / 原著植物名: Deutzia crenata / YList採用名: Deutzia crenata / 寄主根拠: 本文の日本産寄主数記述と原著のHosts欄 / 掲載頁: 31-32 / 記録地域: 日本 / 地域根拠: 本文が本種は日本で156種の木材から見出されたと明記する一方、Hosts欄は146分類単位を列挙 / 原著植物名: Deutzia crenata / YList採用名: Deutzia crenata / 寄主根拠: 本文の日本産寄主数記述と原著のHosts欄 / 掲載頁: 31-32
hostplant-SC-N81-GERM-59,species-SC310,文献（国内・明記）,文献（国内・明記）,記録地域: 日本 / 地域根拠: 本文が本種は日本で156種の木材から見出されたと明記する一方、Hosts欄は146分類単位を列挙 / 原著植物名: Hamamelis japonica var. obtusata / YList採用名: Hamamelis japonica var. discolor f. obtusata / 寄主根拠: 本文の日本産寄主数記述と原著のHosts欄 / 掲載頁: 31-32 / 本文の156と列挙146の差は解消できないため、実際に列挙された146件だけを採用,本文の156と列挙146の差は解消できないため、実際に列挙された146件だけを採用,記録地域: 日本 / 地域根拠: 本文が本種は日本で156種の木材から見出されたと明記する一方、Hosts欄は146分類単位を列挙 / 原著植物名: Hamamelis japonica var. obtusata / YList採用名: Hamamelis japonica var. discolor f. obtusata / 寄主根拠: 本文の日本産寄主数記述と原著のHosts欄 / 掲載頁: 31-32 / 記録地域: 日本 / 地域根拠: 本文が本種は日本で156種の木材から見出されたと明記する一方、Hosts欄は146分類単位を列挙 / 原著植物名: Hamamelis japonica var. obtusata / YList採用名: Hamamelis japonica var. discolor f. obtusata / 寄主根拠: 本文の日本産寄主数記述と原著のHosts欄 / 掲載頁: 31-32
hostplant-SC-N81-GERM-60,species-SC310,文献（国内・明記）,文献（国内・明記）,記録地域: 日本 / 地域根拠: 本文が本種は日本で156種の木材から見出されたと明記する一方、Hosts欄は146分類単位を列挙 / 原著植物名: Distylium racemosum / YList採用名: Distylium racemosum / 寄主根拠: 本文の日本産寄主数記述と原著のHosts欄 / 掲載頁: 31-32 / 本文の156と列挙146の差は解消できないため、実際に列挙された146件だけを採用,本文の156と列挙146の差は解消できないため、実際に列挙された146件だけを採用,記録地域: 日本 / 地域根拠: 本文が本種は日本で156種の木材から見出されたと明記する一方、Hosts欄は146分類単位を列挙 / 原著植物名: Distylium racemosum / YList採用名: Distylium racemosum / 寄主根拠: 本文の日本産寄主数記述と原著のHosts欄 / 掲載頁: 31-32 / 記録地域: 日本 / 地域根拠: 本文が本種は日本で156種の木材から見出されたと明記する一方、Hosts欄は146分類単位を列挙 / 原著植物名: Distylium racemosum / YList採用名: Distylium racemosum / 寄主根拠: 本文の日本産寄主数記述と原著のHosts欄 / 掲載頁: 31-32
hostplant-SC-N81-GERM-61,species-SC310,文献（国内・明記）,文献（国内・明記）,記録地域: 日本 / 地域根拠: 本文が本種は日本で156種の木材から見出されたと明記する一方、Hosts欄は146分類単位を列挙 / 原著植物名: Rubus crataegifolius / YList採用名: Rubus crataegifolius / 寄主根拠: 本文の日本産寄主数記述と原著のHosts欄 / 掲載頁: 31-32 / 本文の156と列挙146の差は解消できないため、実際に列挙された146件だけを採用,本文の156と列挙146の差は解消できないため、実際に列挙された146件だけを採用,記録地域: 日本 / 地域根拠: 本文が本種は日本で156種の木材から見出されたと明記する一方、Hosts欄は146分類単位を列挙 / 原著植物名: Rubus crataegifolius / YList採用名: Rubus crataegifolius / 寄主根拠: 本文の日本産寄主数記述と原著のHosts欄 / 掲載頁: 31-32 / 記録地域: 日本 / 地域根拠: 本文が本種は日本で156種の木材から見出されたと明記する一方、Hosts欄は146分類単位を列挙 / 原著植物名: Rubus crataegifolius / YList採用名: Rubus crataegifolius / 寄主根拠: 本文の日本産寄主数記述と原著のHosts欄 / 掲載頁: 31-32
hostplant-SC-N81-GERM-62,species-SC310,文献（国内・明記）,文献（国内・明記）,記録地域: 日本 / 地域根拠: 本文が本種は日本で156種の木材から見出されたと明記する一方、Hosts欄は146分類単位を列挙 / 原著植物名: Rubus palmatus / YList採用名: Rubus palmatus / 寄主根拠: 本文の日本産寄主数記述と原著のHosts欄 / 掲載頁: 31-32 / YListではRubus palmatusを広義として掲載,YListではRubus palmatusを広義として掲載,記録地域: 日本 / 地域根拠: 本文が本種は日本で156種の木材から見出されたと明記する一方、Hosts欄は146分類単位を列挙 / 原著植物名: Rubus palmatus / YList採用名: Rubus palmatus / 寄主根拠: 本文の日本産寄主数記述と原著のHosts欄 / 掲載頁: 31-32 / 記録地域: 日本 / 地域根拠: 本文が本種は日本で156種の木材から見出されたと明記する一方、Hosts欄は146分類単位を列挙 / 原著植物名: Rubus palmatus / YList採用名: Rubus palmatus / 寄主根拠: 本文の日本産寄主数記述と原著のHosts欄 / 掲載頁: 31-32
hostplant-SC-N81-GERM-63,species-SC310,文献（国内・明記）,文献（国内・明記）,記録地域: 日本 / 地域根拠: 本文が本種は日本で156種の木材から見出されたと明記する一方、Hosts欄は146分類単位を列挙 / 原著植物名: Prunus grayana / YList採用名: Padus grayana / 寄主根拠: 本文の日本産寄主数記述と原著のHosts欄 / 掲載頁: 31-32 / 本文の156と列挙146の差は解消できないため、実際に列挙された146件だけを採用,本文の156と列挙146の差は解消できないため、実際に列挙された146件だけを採用,記録地域: 日本 / 地域根拠: 本文が本種は日本で156種の木材から見出されたと明記する一方、Hosts欄は146分類単位を列挙 / 原著植物名: Prunus grayana / YList採用名: Padus grayana / 寄主根拠: 本文の日本産寄主数記述と原著のHosts欄 / 掲載頁: 31-32 / 記録地域: 日本 / 地域根拠: 本文が本種は日本で156種の木材から見出されたと明記する一方、Hosts欄は146分類単位を列挙 / 原著植物名: Prunus grayana / YList採用名: Padus grayana / 寄主根拠: 本文の日本産寄主数記述と原著のHosts欄 / 掲載頁: 31-32
hostplant-SC-N81-GERM-64,species-SC310,文献（国内・明記）,文献（国内・明記）,記録地域: 日本 / 地域根拠: 本文が本種は日本で156種の木材から見出されたと明記する一方、Hosts欄は146分類単位を列挙 / 原著植物名: Prunus apetala var. pilosa / YList採用名: Cerasus apetala var. pilosa / 寄主根拠: 本文の日本産寄主数記述と原著のHosts欄 / 掲載頁: 31-32 / 本文の156と列挙146の差は解消できないため、実際に列挙された146件だけを採用,本文の156と列挙146の差は解消できないため、実際に列挙された146件だけを採用,記録地域: 日本 / 地域根拠: 本文が本種は日本で156種の木材から見出されたと明記する一方、Hosts欄は146分類単位を列挙 / 原著植物名: Prunus apetala var. pilosa / YList採用名: Cerasus apetala var. pilosa / 寄主根拠: 本文の日本産寄主数記述と原著のHosts欄 / 掲載頁: 31-32 / 記録地域: 日本 / 地域根拠: 本文が本種は日本で156種の木材から見出されたと明記する一方、Hosts欄は146分類単位を列挙 / 原著植物名: Prunus apetala var. pilosa / YList採用名: Cerasus apetala var. pilosa / 寄主根拠: 本文の日本産寄主数記述と原著のHosts欄 / 掲載頁: 31-32
hostplant-SC-N81-GERM-65,species-SC310,文献（国内・明記）,文献（国内・明記）,記録地域: 日本 / 地域根拠: 本文が本種は日本で156種の木材から見出されたと明記する一方、Hosts欄は146分類単位を列挙 / 原著植物名: Prunus sargentii / YList採用名: Cerasus sargentii var. sargentii / 寄主根拠: 本文の日本産寄主数記述と原著のHosts欄 / 掲載頁: 31-32 / 本文の156と列挙146の差は解消できないため、実際に列挙された146件だけを採用,本文の156と列挙146の差は解消できないため、実際に列挙された146件だけを採用,記録地域: 日本 / 地域根拠: 本文が本種は日本で156種の木材から見出されたと明記する一方、Hosts欄は146分類単位を列挙 / 原著植物名: Prunus sargentii / YList採用名: Cerasus sargentii var. sargentii / 寄主根拠: 本文の日本産寄主数記述と原著のHosts欄 / 掲載頁: 31-32 / 記録地域: 日本 / 地域根拠: 本文が本種は日本で156種の木材から見出されたと明記する一方、Hosts欄は146分類単位を列挙 / 原著植物名: Prunus sargentii / YList採用名: Cerasus sargentii var. sargentii / 寄主根拠: 本文の日本産寄主数記述と原著のHosts欄 / 掲載頁: 31-32
hostplant-SC-N81-GERM-66,species-SC310,文献（国内・明記）,文献（国内・明記）,記録地域: 日本 / 地域根拠: 本文が本種は日本で156種の木材から見出されたと明記する一方、Hosts欄は146分類単位を列挙 / 原著植物名: Prunus sargentii subsp. jamasakura / YList採用名: Cerasus jamasakura / 寄主根拠: 本文の日本産寄主数記述と原著のHosts欄 / 掲載頁: 31-32 / 本文の156と列挙146の差は解消できないため、実際に列挙された146件だけを採用,本文の156と列挙146の差は解消できないため、実際に列挙された146件だけを採用,記録地域: 日本 / 地域根拠: 本文が本種は日本で156種の木材から見出されたと明記する一方、Hosts欄は146分類単位を列挙 / 原著植物名: Prunus sargentii subsp. jamasakura / YList採用名: Cerasus jamasakura / 寄主根拠: 本文の日本産寄主数記述と原著のHosts欄 / 掲載頁: 31-32 / 記録地域: 日本 / 地域根拠: 本文が本種は日本で156種の木材から見出されたと明記する一方、Hosts欄は146分類単位を列挙 / 原著植物名: Prunus sargentii subsp. jamasakura / YList採用名: Cerasus jamasakura / 寄主根拠: 本文の日本産寄主数記述と原著のHosts欄 / 掲載頁: 31-32
hostplant-SC-N81-GERM-67,species-SC310,文献（国内・明記）,文献（国内・明記）,記録地域: 日本 / 地域根拠: 本文が本種は日本で156種の木材から見出されたと明記する一方、Hosts欄は146分類単位を列挙 / 原著植物名: Prunus lannesiana subsp. verecunda / YList採用名: Cerasus leveilleana / 寄主根拠: 本文の日本産寄主数記述と原著のHosts欄 / 掲載頁: 31-32 / 本文の156と列挙146の差は解消できないため、実際に列挙された146件だけを採用,本文の156と列挙146の差は解消できないため、実際に列挙された146件だけを採用,記録地域: 日本 / 地域根拠: 本文が本種は日本で156種の木材から見出されたと明記する一方、Hosts欄は146分類単位を列挙 / 原著植物名: Prunus lannesiana subsp. verecunda / YList採用名: Cerasus leveilleana / 寄主根拠: 本文の日本産寄主数記述と原著のHosts欄 / 掲載頁: 31-32 / 記録地域: 日本 / 地域根拠: 本文が本種は日本で156種の木材から見出されたと明記する一方、Hosts欄は146分類単位を列挙 / 原著植物名: Prunus lannesiana subsp. verecunda / YList採用名: Cerasus leveilleana / 寄主根拠: 本文の日本産寄主数記述と原著のHosts欄 / 掲載頁: 31-32
hostplant-SC-N81-GERM-68,species-SC310,文献（国内・明記）,文献（国内・明記）,記録地域: 日本 / 地域根拠: 本文が本種は日本で156種の木材から見出されたと明記する一方、Hosts欄は146分類単位を列挙 / 原著植物名: Malus pumila / YList採用名: Malus domestica / 寄主根拠: 本文の日本産寄主数記述と原著のHosts欄 / 掲載頁: 31-32 / 本文の156と列挙146の差は解消できないため、実際に列挙された146件だけを採用,本文の156と列挙146の差は解消できないため、実際に列挙された146件だけを採用,記録地域: 日本 / 地域根拠: 本文が本種は日本で156種の木材から見出されたと明記する一方、Hosts欄は146分類単位を列挙 / 原著植物名: Malus pumila / YList採用名: Malus domestica / 寄主根拠: 本文の日本産寄主数記述と原著のHosts欄 / 掲載頁: 31-32 / 記録地域: 日本 / 地域根拠: 本文が本種は日本で156種の木材から見出されたと明記する一方、Hosts欄は146分類単位を列挙 / 原著植物名: Malus pumila / YList採用名: Malus domestica / 寄主根拠: 本文の日本産寄主数記述と原著のHosts欄 / 掲載頁: 31-32
hostplant-SC-N81-GERM-69,species-SC310,文献（国内・明記）,文献（国内・明記）,記録地域: 日本 / 地域根拠: 本文が本種は日本で156種の木材から見出されたと明記する一方、Hosts欄は146分類単位を列挙 / 原著植物名: Sorbus commixta / YList採用名: Sorbus commixta / 寄主根拠: 本文の日本産寄主数記述と原著のHosts欄 / 掲載頁: 31-32 / 本文の156と列挙146の差は解消できないため、実際に列挙された146件だけを採用,本文の156と列挙146の差は解消できないため、実際に列挙された146件だけを採用,記録地域: 日本 / 地域根拠: 本文が本種は日本で156種の木材から見出されたと明記する一方、Hosts欄は146分類単位を列挙 / 原著植物名: Sorbus commixta / YList採用名: Sorbus commixta / 寄主根拠: 本文の日本産寄主数記述と原著のHosts欄 / 掲載頁: 31-32 / 記録地域: 日本 / 地域根拠: 本文が本種は日本で156種の木材から見出されたと明記する一方、Hosts欄は146分類単位を列挙 / 原著植物名: Sorbus commixta / YList採用名: Sorbus commixta / 寄主根拠: 本文の日本産寄主数記述と原著のHosts欄 / 掲載頁: 31-32
hostplant-SC-N81-GERM-70,species-SC310,文献（国内・明記）,文献（国内・明記）,記録地域: 日本 / 地域根拠: 本文が本種は日本で156種の木材から見出されたと明記する一方、Hosts欄は146分類単位を列挙 / 原著植物名: Sorbus alnifolia / YList採用名: Aria alnifolia / 寄主根拠: 本文の日本産寄主数記述と原著のHosts欄 / 掲載頁: 31-32 / 本文の156と列挙146の差は解消できないため、実際に列挙された146件だけを採用,本文の156と列挙146の差は解消できないため、実際に列挙された146件だけを採用,記録地域: 日本 / 地域根拠: 本文が本種は日本で156種の木材から見出されたと明記する一方、Hosts欄は146分類単位を列挙 / 原著植物名: Sorbus alnifolia / YList採用名: Aria alnifolia / 寄主根拠: 本文の日本産寄主数記述と原著のHosts欄 / 掲載頁: 31-32 / 記録地域: 日本 / 地域根拠: 本文が本種は日本で156種の木材から見出されたと明記する一方、Hosts欄は146分類単位を列挙 / 原著植物名: Sorbus alnifolia / YList採用名: Aria alnifolia / 寄主根拠: 本文の日本産寄主数記述と原著のHosts欄 / 掲載頁: 31-32
hostplant-SC-N81-GERM-71,species-SC310,文献（国内・明記）,文献（国内・明記）,記録地域: 日本 / 地域根拠: 本文が本種は日本で156種の木材から見出されたと明記する一方、Hosts欄は146分類単位を列挙 / 原著植物名: Albizia julibrissin / YList採用名: Albizia julibrissin / 寄主根拠: 本文の日本産寄主数記述と原著のHosts欄 / 掲載頁: 31-32 / 本文の156と列挙146の差は解消できないため、実際に列挙された146件だけを採用,本文の156と列挙146の差は解消できないため、実際に列挙された146件だけを採用,記録地域: 日本 / 地域根拠: 本文が本種は日本で156種の木材から見出されたと明記する一方、Hosts欄は146分類単位を列挙 / 原著植物名: Albizia julibrissin / YList採用名: Albizia julibrissin / 寄主根拠: 本文の日本産寄主数記述と原著のHosts欄 / 掲載頁: 31-32 / 記録地域: 日本 / 地域根拠: 本文が本種は日本で156種の木材から見出されたと明記する一方、Hosts欄は146分類単位を列挙 / 原著植物名: Albizia julibrissin / YList採用名: Albizia julibrissin / 寄主根拠: 本文の日本産寄主数記述と原著のHosts欄 / 掲載頁: 31-32
hostplant-SC-N81-GERM-72,species-SC310,文献（国内・明記）,文献（国内・明記）,記録地域: 日本 / 地域根拠: 本文が本種は日本で156種の木材から見出されたと明記する一方、Hosts欄は146分類単位を列挙 / 原著植物名: Gleditsia japonica / YList採用名: Gleditsia japonica / 寄主根拠: 本文の日本産寄主数記述と原著のHosts欄 / 掲載頁: 31-32 / 本文の156と列挙146の差は解消できないため、実際に列挙された146件だけを採用,本文の156と列挙146の差は解消できないため、実際に列挙された146件だけを採用,記録地域: 日本 / 地域根拠: 本文が本種は日本で156種の木材から見出されたと明記する一方、Hosts欄は146分類単位を列挙 / 原著植物名: Gleditsia japonica / YList採用名: Gleditsia japonica / 寄主根拠: 本文の日本産寄主数記述と原著のHosts欄 / 掲載頁: 31-32 / 記録地域: 日本 / 地域根拠: 本文が本種は日本で156種の木材から見出されたと明記する一方、Hosts欄は146分類単位を列挙 / 原著植物名: Gleditsia japonica / YList採用名: Gleditsia japonica / 寄主根拠: 本文の日本産寄主数記述と原著のHosts欄 / 掲載頁: 31-32
hostplant-SC-N81-GERM-73,species-SC310,文献（国内・明記）,文献（国内・明記）,記録地域: 日本 / 地域根拠: 本文が本種は日本で156種の木材から見出されたと明記する一方、Hosts欄は146分類単位を列挙 / 原著植物名: Wisteria floribunda / YList採用名: Wisteria floribunda / 寄主根拠: 本文の日本産寄主数記述と原著のHosts欄 / 掲載頁: 31-32 / 本文の156と列挙146の差は解消できないため、実際に列挙された146件だけを採用,本文の156と列挙146の差は解消できないため、実際に列挙された146件だけを採用,記録地域: 日本 / 地域根拠: 本文が本種は日本で156種の木材から見出されたと明記する一方、Hosts欄は146分類単位を列挙 / 原著植物名: Wisteria floribunda / YList採用名: Wisteria floribunda / 寄主根拠: 本文の日本産寄主数記述と原著のHosts欄 / 掲載頁: 31-32 / 記録地域: 日本 / 地域根拠: 本文が本種は日本で156種の木材から見出されたと明記する一方、Hosts欄は146分類単位を列挙 / 原著植物名: Wisteria floribunda / YList採用名: Wisteria floribunda / 寄主根拠: 本文の日本産寄主数記述と原著のHosts欄 / 掲載頁: 31-32
hostplant-SC-N81-GERM-74,species-SC310,文献（国内・明記）,文献（国内・明記）,記録地域: 日本 / 地域根拠: 本文が本種は日本で156種の木材から見出されたと明記する一方、Hosts欄は146分類単位を列挙 / 原著植物名: Acacia mollissima / YList採用名: Acacia mearnsii / 寄主根拠: 本文の日本産寄主数記述と原著のHosts欄 / 掲載頁: 31-32 / 本文の156と列挙146の差は解消できないため、実際に列挙された146件だけを採用,本文の156と列挙146の差は解消できないため、実際に列挙された146件だけを採用,記録地域: 日本 / 地域根拠: 本文が本種は日本で156種の木材から見出されたと明記する一方、Hosts欄は146分類単位を列挙 / 原著植物名: Acacia mollissima / YList採用名: Acacia mearnsii / 寄主根拠: 本文の日本産寄主数記述と原著のHosts欄 / 掲載頁: 31-32 / 記録地域: 日本 / 地域根拠: 本文が本種は日本で156種の木材から見出されたと明記する一方、Hosts欄は146分類単位を列挙 / 原著植物名: Acacia mollissima / YList採用名: Acacia mearnsii / 寄主根拠: 本文の日本産寄主数記述と原著のHosts欄 / 掲載頁: 31-32
hostplant-SC-N81-GERM-75,species-SC310,文献（国内・明記）,文献（国内・明記）,記録地域: 日本 / 地域根拠: 本文が本種は日本で156種の木材から見出されたと明記する一方、Hosts欄は146分類単位を列挙 / 原著植物名: Robinia pseudoacacia / YList採用名: Robinia pseudoacacia / 寄主根拠: 本文の日本産寄主数記述と原著のHosts欄 / 掲載頁: 31-32 / 本文の156と列挙146の差は解消できないため、実際に列挙された146件だけを採用,本文の156と列挙146の差は解消できないため、実際に列挙された146件だけを採用,記録地域: 日本 / 地域根拠: 本文が本種は日本で156種の木材から見出されたと明記する一方、Hosts欄は146分類単位を列挙 / 原著植物名: Robinia pseudoacacia / YList採用名: Robinia pseudoacacia / 寄主根拠: 本文の日本産寄主数記述と原著のHosts欄 / 掲載頁: 31-32 / 記録地域: 日本 / 地域根拠: 本文が本種は日本で156種の木材から見出されたと明記する一方、Hosts欄は146分類単位を列挙 / 原著植物名: Robinia pseudoacacia / YList採用名: Robinia pseudoacacia / 寄主根拠: 本文の日本産寄主数記述と原著のHosts欄 / 掲載頁: 31-32
hostplant-SC-N81-GERM-76,species-SC310,文献（国内・明記）,文献（国内・明記）,記録地域: 日本 / 地域根拠: 本文が本種は日本で156種の木材から見出されたと明記する一方、Hosts欄は146分類単位を列挙 / 原著植物名: Zanthoxylum piperitum / YList採用名: Zanthoxylum piperitum / 寄主根拠: 本文の日本産寄主数記述と原著のHosts欄 / 掲載頁: 31-32 / 本文の156と列挙146の差は解消できないため、実際に列挙された146件だけを採用,本文の156と列挙146の差は解消できないため、実際に列挙された146件だけを採用,記録地域: 日本 / 地域根拠: 本文が本種は日本で156種の木材から見出されたと明記する一方、Hosts欄は146分類単位を列挙 / 原著植物名: Zanthoxylum piperitum / YList採用名: Zanthoxylum piperitum / 寄主根拠: 本文の日本産寄主数記述と原著のHosts欄 / 掲載頁: 31-32 / 記録地域: 日本 / 地域根拠: 本文が本種は日本で156種の木材から見出されたと明記する一方、Hosts欄は146分類単位を列挙 / 原著植物名: Zanthoxylum piperitum / YList採用名: Zanthoxylum piperitum / 寄主根拠: 本文の日本産寄主数記述と原著のHosts欄 / 掲載頁: 31-32
hostplant-SC-N81-GERM-77,species-SC310,文献（国内・明記）,文献（国内・明記）,記録地域: 日本 / 地域根拠: 本文が本種は日本で156種の木材から見出されたと明記する一方、Hosts欄は146分類単位を列挙 / 原著植物名: Zanthoxylum schinifolium / YList採用名: Zanthoxylum schinifolium var. schinifolium / 寄主根拠: 本文の日本産寄主数記述と原著のHosts欄 / 掲載頁: 31-32 / 本文の156と列挙146の差は解消できないため、実際に列挙された146件だけを採用,本文の156と列挙146の差は解消できないため、実際に列挙された146件だけを採用,記録地域: 日本 / 地域根拠: 本文が本種は日本で156種の木材から見出されたと明記する一方、Hosts欄は146分類単位を列挙 / 原著植物名: Zanthoxylum schinifolium / YList採用名: Zanthoxylum schinifolium var. schinifolium / 寄主根拠: 本文の日本産寄主数記述と原著のHosts欄 / 掲載頁: 31-32 / 記録地域: 日本 / 地域根拠: 本文が本種は日本で156種の木材から見出されたと明記する一方、Hosts欄は146分類単位を列挙 / 原著植物名: Zanthoxylum schinifolium / YList採用名: Zanthoxylum schinifolium var. schinifolium / 寄主根拠: 本文の日本産寄主数記述と原著のHosts欄 / 掲載頁: 31-32
hostplant-SC-N81-GERM-78,species-SC310,文献（国内・明記）,文献（国内・明記）,記録地域: 日本 / 地域根拠: 本文が本種は日本で156種の木材から見出されたと明記する一方、Hosts欄は146分類単位を列挙 / 原著植物名: Zanthoxylum ailanthoides / YList採用名: Zanthoxylum ailanthoides var. ailanthoides / 寄主根拠: 本文の日本産寄主数記述と原著のHosts欄 / 掲載頁: 31-32 / 本文の156と列挙146の差は解消できないため、実際に列挙された146件だけを採用,本文の156と列挙146の差は解消できないため、実際に列挙された146件だけを採用,記録地域: 日本 / 地域根拠: 本文が本種は日本で156種の木材から見出されたと明記する一方、Hosts欄は146分類単位を列挙 / 原著植物名: Zanthoxylum ailanthoides / YList採用名: Zanthoxylum ailanthoides var. ailanthoides / 寄主根拠: 本文の日本産寄主数記述と原著のHosts欄 / 掲載頁: 31-32 / 記録地域: 日本 / 地域根拠: 本文が本種は日本で156種の木材から見出されたと明記する一方、Hosts欄は146分類単位を列挙 / 原著植物名: Zanthoxylum ailanthoides / YList採用名: Zanthoxylum ailanthoides var. ailanthoides / 寄主根拠: 本文の日本産寄主数記述と原著のHosts欄 / 掲載頁: 31-32
hostplant-SC-N81-GERM-79,species-SC310,文献（国内・明記）,文献（国内・明記）,記録地域: 日本 / 地域根拠: 本文が本種は日本で156種の木材から見出されたと明記する一方、Hosts欄は146分類単位を列挙 / 原著植物名: Evodia glauca / YList採用名: Tetradium glabrifolium var. glaucum / 寄主根拠: 本文の日本産寄主数記述と原著のHosts欄 / 掲載頁: 31-32 / 本文の156と列挙146の差は解消できないため、実際に列挙された146件だけを採用,本文の156と列挙146の差は解消できないため、実際に列挙された146件だけを採用,記録地域: 日本 / 地域根拠: 本文が本種は日本で156種の木材から見出されたと明記する一方、Hosts欄は146分類単位を列挙 / 原著植物名: Evodia glauca / YList採用名: Tetradium glabrifolium var. glaucum / 寄主根拠: 本文の日本産寄主数記述と原著のHosts欄 / 掲載頁: 31-32 / 記録地域: 日本 / 地域根拠: 本文が本種は日本で156種の木材から見出されたと明記する一方、Hosts欄は146分類単位を列挙 / 原著植物名: Evodia glauca / YList採用名: Tetradium glabrifolium var. glaucum / 寄主根拠: 本文の日本産寄主数記述と原著のHosts欄 / 掲載頁: 31-32
hostplant-SC-N81-GERM-80,species-SC310,文献（国内・明記）,文献（国内・明記）,記録地域: 日本 / 地域根拠: 本文が本種は日本で156種の木材から見出されたと明記する一方、Hosts欄は146分類単位を列挙 / 原著植物名: Phellodendron amurense var. sachalinense / YList採用名: Phellodendron amurense var. amurense / 寄主根拠: 本文の日本産寄主数記述と原著のHosts欄 / 掲載頁: 31-32 / 本文の156と列挙146の差は解消できないため、実際に列挙された146件だけを採用,本文の156と列挙146の差は解消できないため、実際に列挙された146件だけを採用,記録地域: 日本 / 地域根拠: 本文が本種は日本で156種の木材から見出されたと明記する一方、Hosts欄は146分類単位を列挙 / 原著植物名: Phellodendron amurense var. sachalinense / YList採用名: Phellodendron amurense var. amurense / 寄主根拠: 本文の日本産寄主数記述と原著のHosts欄 / 掲載頁: 31-32 / 記録地域: 日本 / 地域根拠: 本文が本種は日本で156種の木材から見出されたと明記する一方、Hosts欄は146分類単位を列挙 / 原著植物名: Phellodendron amurense var. sachalinense / YList採用名: Phellodendron amurense var. amurense / 寄主根拠: 本文の日本産寄主数記述と原著のHosts欄 / 掲載頁: 31-32
hostplant-SC-N81-GERM-81,species-SC310,文献（国内・明記）,文献（国内・明記）,記録地域: 日本 / 地域根拠: 本文が本種は日本で156種の木材から見出されたと明記する一方、Hosts欄は146分類単位を列挙 / 原著植物名: Picrasma quassioides / YList採用名: Picrasma quassioides / 寄主根拠: 本文の日本産寄主数記述と原著のHosts欄 / 掲載頁: 31-32 / 本文の156と列挙146の差は解消できないため、実際に列挙された146件だけを採用,本文の156と列挙146の差は解消できないため、実際に列挙された146件だけを採用,記録地域: 日本 / 地域根拠: 本文が本種は日本で156種の木材から見出されたと明記する一方、Hosts欄は146分類単位を列挙 / 原著植物名: Picrasma quassioides / YList採用名: Picrasma quassioides / 寄主根拠: 本文の日本産寄主数記述と原著のHosts欄 / 掲載頁: 31-32 / 記録地域: 日本 / 地域根拠: 本文が本種は日本で156種の木材から見出されたと明記する一方、Hosts欄は146分類単位を列挙 / 原著植物名: Picrasma quassioides / YList採用名: Picrasma quassioides / 寄主根拠: 本文の日本産寄主数記述と原著のHosts欄 / 掲載頁: 31-32
hostplant-SC-N81-GERM-82,species-SC310,文献（国内・明記）,文献（国内・明記）,記録地域: 日本 / 地域根拠: 本文が本種は日本で156種の木材から見出されたと明記する一方、Hosts欄は146分類単位を列挙 / 原著植物名: Melia azedarach var. subtripinnata / YList採用名: Melia azedarach / 寄主根拠: 本文の日本産寄主数記述と原著のHosts欄 / 掲載頁: 31-32 / 本文の156と列挙146の差は解消できないため、実際に列挙された146件だけを採用,本文の156と列挙146の差は解消できないため、実際に列挙された146件だけを採用,記録地域: 日本 / 地域根拠: 本文が本種は日本で156種の木材から見出されたと明記する一方、Hosts欄は146分類単位を列挙 / 原著植物名: Melia azedarach var. subtripinnata / YList採用名: Melia azedarach / 寄主根拠: 本文の日本産寄主数記述と原著のHosts欄 / 掲載頁: 31-32 / 記録地域: 日本 / 地域根拠: 本文が本種は日本で156種の木材から見出されたと明記する一方、Hosts欄は146分類単位を列挙 / 原著植物名: Melia azedarach var. subtripinnata / YList採用名: Melia azedarach / 寄主根拠: 本文の日本産寄主数記述と原著のHosts欄 / 掲載頁: 31-32
hostplant-SC-N81-GERM-83,species-SC310,文献（国内・明記）,文献（国内・明記）,記録地域: 日本 / 地域根拠: 本文が本種は日本で156種の木材から見出されたと明記する一方、Hosts欄は146分類単位を列挙 / 原著植物名: Mallotus japonicus / YList採用名: Mallotus japonicus / 寄主根拠: 本文の日本産寄主数記述と原著のHosts欄 / 掲載頁: 31-32 / 本文の156と列挙146の差は解消できないため、実際に列挙された146件だけを採用,本文の156と列挙146の差は解消できないため、実際に列挙された146件だけを採用,記録地域: 日本 / 地域根拠: 本文が本種は日本で156種の木材から見出されたと明記する一方、Hosts欄は146分類単位を列挙 / 原著植物名: Mallotus japonicus / YList採用名: Mallotus japonicus / 寄主根拠: 本文の日本産寄主数記述と原著のHosts欄 / 掲載頁: 31-32 / 記録地域: 日本 / 地域根拠: 本文が本種は日本で156種の木材から見出されたと明記する一方、Hosts欄は146分類単位を列挙 / 原著植物名: Mallotus japonicus / YList採用名: Mallotus japonicus / 寄主根拠: 本文の日本産寄主数記述と原著のHosts欄 / 掲載頁: 31-32
hostplant-SC-N81-GERM-84,species-SC310,文献（国内・明記）,文献（国内・明記）,記録地域: 日本 / 地域根拠: 本文が本種は日本で156種の木材から見出されたと明記する一方、Hosts欄は146分類単位を列挙 / 原著植物名: Rhus ambigua / YList採用名: Toxicodendron orientale subsp. orientale / 寄主根拠: 本文の日本産寄主数記述と原著のHosts欄 / 掲載頁: 31-32 / 本文の156と列挙146の差は解消できないため、実際に列挙された146件だけを採用,本文の156と列挙146の差は解消できないため、実際に列挙された146件だけを採用,記録地域: 日本 / 地域根拠: 本文が本種は日本で156種の木材から見出されたと明記する一方、Hosts欄は146分類単位を列挙 / 原著植物名: Rhus ambigua / YList採用名: Toxicodendron orientale subsp. orientale / 寄主根拠: 本文の日本産寄主数記述と原著のHosts欄 / 掲載頁: 31-32 / 記録地域: 日本 / 地域根拠: 本文が本種は日本で156種の木材から見出されたと明記する一方、Hosts欄は146分類単位を列挙 / 原著植物名: Rhus ambigua / YList採用名: Toxicodendron orientale subsp. orientale / 寄主根拠: 本文の日本産寄主数記述と原著のHosts欄 / 掲載頁: 31-32
hostplant-SC-N81-GERM-85,species-SC310,文献（国内・明記）,文献（国内・明記）,記録地域: 日本 / 地域根拠: 本文が本種は日本で156種の木材から見出されたと明記する一方、Hosts欄は146分類単位を列挙 / 原著植物名: Rhus chinensis / YList採用名: Rhus javanica var. chinensis / 寄主根拠: 本文の日本産寄主数記述と原著のHosts欄 / 掲載頁: 31-32 / 本文の156と列挙146の差は解消できないため、実際に列挙された146件だけを採用,本文の156と列挙146の差は解消できないため、実際に列挙された146件だけを採用,記録地域: 日本 / 地域根拠: 本文が本種は日本で156種の木材から見出されたと明記する一方、Hosts欄は146分類単位を列挙 / 原著植物名: Rhus chinensis / YList採用名: Rhus javanica var. chinensis / 寄主根拠: 本文の日本産寄主数記述と原著のHosts欄 / 掲載頁: 31-32 / 記録地域: 日本 / 地域根拠: 本文が本種は日本で156種の木材から見出されたと明記する一方、Hosts欄は146分類単位を列挙 / 原著植物名: Rhus chinensis / YList採用名: Rhus javanica var. chinensis / 寄主根拠: 本文の日本産寄主数記述と原著のHosts欄 / 掲載頁: 31-32
hostplant-SC-N81-GERM-86,species-SC310,文献（国内・明記）,文献（国内・明記）,記録地域: 日本 / 地域根拠: 本文が本種は日本で156種の木材から見出されたと明記する一方、Hosts欄は146分類単位を列挙 / 原著植物名: Rhus succedanea / YList採用名: Toxicodendron succedaneum / 寄主根拠: 本文の日本産寄主数記述と原著のHosts欄 / 掲載頁: 31-32 / 本文の156と列挙146の差は解消できないため、実際に列挙された146件だけを採用,本文の156と列挙146の差は解消できないため、実際に列挙された146件だけを採用,記録地域: 日本 / 地域根拠: 本文が本種は日本で156種の木材から見出されたと明記する一方、Hosts欄は146分類単位を列挙 / 原著植物名: Rhus succedanea / YList採用名: Toxicodendron succedaneum / 寄主根拠: 本文の日本産寄主数記述と原著のHosts欄 / 掲載頁: 31-32 / 記録地域: 日本 / 地域根拠: 本文が本種は日本で156種の木材から見出されたと明記する一方、Hosts欄は146分類単位を列挙 / 原著植物名: Rhus succedanea / YList採用名: Toxicodendron succedaneum / 寄主根拠: 本文の日本産寄主数記述と原著のHosts欄 / 掲載頁: 31-32
hostplant-SC-N81-GERM-87,species-SC310,文献（国内・明記）,文献（国内・明記）,記録地域: 日本 / 地域根拠: 本文が本種は日本で156種の木材から見出されたと明記する一方、Hosts欄は146分類単位を列挙 / 原著植物名: Rhus trichocarpa / YList採用名: Toxicodendron trichocarpum / 寄主根拠: 本文の日本産寄主数記述と原著のHosts欄 / 掲載頁: 31-32 / 本文の156と列挙146の差は解消できないため、実際に列挙された146件だけを採用,本文の156と列挙146の差は解消できないため、実際に列挙された146件だけを採用,記録地域: 日本 / 地域根拠: 本文が本種は日本で156種の木材から見出されたと明記する一方、Hosts欄は146分類単位を列挙 / 原著植物名: Rhus trichocarpa / YList採用名: Toxicodendron trichocarpum / 寄主根拠: 本文の日本産寄主数記述と原著のHosts欄 / 掲載頁: 31-32 / 記録地域: 日本 / 地域根拠: 本文が本種は日本で156種の木材から見出されたと明記する一方、Hosts欄は146分類単位を列挙 / 原著植物名: Rhus trichocarpa / YList採用名: Toxicodendron trichocarpum / 寄主根拠: 本文の日本産寄主数記述と原著のHosts欄 / 掲載頁: 31-32
hostplant-SC-N81-GERM-88,species-SC310,文献（国内・明記）,文献（国内・明記）,記録地域: 日本 / 地域根拠: 本文が本種は日本で156種の木材から見出されたと明記する一方、Hosts欄は146分類単位を列挙 / 原著植物名: Rhus verniciflua / YList採用名: Toxicodendron vernicifluum / 寄主根拠: 本文の日本産寄主数記述と原著のHosts欄 / 掲載頁: 31-32 / 本文の156と列挙146の差は解消できないため、実際に列挙された146件だけを採用,本文の156と列挙146の差は解消できないため、実際に列挙された146件だけを採用,記録地域: 日本 / 地域根拠: 本文が本種は日本で156種の木材から見出されたと明記する一方、Hosts欄は146分類単位を列挙 / 原著植物名: Rhus verniciflua / YList採用名: Toxicodendron vernicifluum / 寄主根拠: 本文の日本産寄主数記述と原著のHosts欄 / 掲載頁: 31-32 / 記録地域: 日本 / 地域根拠: 本文が本種は日本で156種の木材から見出されたと明記する一方、Hosts欄は146分類単位を列挙 / 原著植物名: Rhus verniciflua / YList採用名: Toxicodendron vernicifluum / 寄主根拠: 本文の日本産寄主数記述と原著のHosts欄 / 掲載頁: 31-32
hostplant-SC-N81-GERM-89,species-SC310,文献（国内・明記）,文献（国内・明記）,記録地域: 日本 / 地域根拠: 本文が本種は日本で156種の木材から見出されたと明記する一方、Hosts欄は146分類単位を列挙 / 原著植物名: Rhus silvestris / YList採用名: Toxicodendron sylvestre / 寄主根拠: 本文の日本産寄主数記述と原著のHosts欄 / 掲載頁: 31-32 / 本文の156と列挙146の差は解消できないため、実際に列挙された146件だけを採用,本文の156と列挙146の差は解消できないため、実際に列挙された146件だけを採用,記録地域: 日本 / 地域根拠: 本文が本種は日本で156種の木材から見出されたと明記する一方、Hosts欄は146分類単位を列挙 / 原著植物名: Rhus silvestris / YList採用名: Toxicodendron sylvestre / 寄主根拠: 本文の日本産寄主数記述と原著のHosts欄 / 掲載頁: 31-32 / 記録地域: 日本 / 地域根拠: 本文が本種は日本で156種の木材から見出されたと明記する一方、Hosts欄は146分類単位を列挙 / 原著植物名: Rhus silvestris / YList採用名: Toxicodendron sylvestre / 寄主根拠: 本文の日本産寄主数記述と原著のHosts欄 / 掲載頁: 31-32
hostplant-SC-N81-GERM-90,species-SC310,文献（国内・明記）,文献（国内・明記）,記録地域: 日本 / 地域根拠: 本文が本種は日本で156種の木材から見出されたと明記する一方、Hosts欄は146分類単位を列挙 / 原著植物名: Ilex macropoda / YList採用名: Ilex macropoda / 寄主根拠: 本文の日本産寄主数記述と原著のHosts欄 / 掲載頁: 31-32 / 本文の156と列挙146の差は解消できないため、実際に列挙された146件だけを採用,本文の156と列挙146の差は解消できないため、実際に列挙された146件だけを採用,記録地域: 日本 / 地域根拠: 本文が本種は日本で156種の木材から見出されたと明記する一方、Hosts欄は146分類単位を列挙 / 原著植物名: Ilex macropoda / YList採用名: Ilex macropoda / 寄主根拠: 本文の日本産寄主数記述と原著のHosts欄 / 掲載頁: 31-32 / 記録地域: 日本 / 地域根拠: 本文が本種は日本で156種の木材から見出されたと明記する一方、Hosts欄は146分類単位を列挙 / 原著植物名: Ilex macropoda / YList採用名: Ilex macropoda / 寄主根拠: 本文の日本産寄主数記述と原著のHosts欄 / 掲載頁: 31-32
hostplant-SC-N81-GERM-91,species-SC310,文献（国内・明記）,文献（国内・明記）,記録地域: 日本 / 地域根拠: 本文が本種は日本で156種の木材から見出されたと明記する一方、Hosts欄は146分類単位を列挙 / 原著植物名: Ilex pedunculosa / YList採用名: Ilex pedunculosa / 寄主根拠: 本文の日本産寄主数記述と原著のHosts欄 / 掲載頁: 31-32 / 本文の156と列挙146の差は解消できないため、実際に列挙された146件だけを採用,本文の156と列挙146の差は解消できないため、実際に列挙された146件だけを採用,記録地域: 日本 / 地域根拠: 本文が本種は日本で156種の木材から見出されたと明記する一方、Hosts欄は146分類単位を列挙 / 原著植物名: Ilex pedunculosa / YList採用名: Ilex pedunculosa / 寄主根拠: 本文の日本産寄主数記述と原著のHosts欄 / 掲載頁: 31-32 / 記録地域: 日本 / 地域根拠: 本文が本種は日本で156種の木材から見出されたと明記する一方、Hosts欄は146分類単位を列挙 / 原著植物名: Ilex pedunculosa / YList採用名: Ilex pedunculosa / 寄主根拠: 本文の日本産寄主数記述と原著のHosts欄 / 掲載頁: 31-32
hostplant-SC-N81-GERM-92,species-SC310,文献（国内・明記）,文献（国内・明記）,記録地域: 日本 / 地域根拠: 本文が本種は日本で156種の木材から見出されたと明記する一方、Hosts欄は146分類単位を列挙 / 原著植物名: Euonymus sieboldianus var. sanguineus / YList採用名: Euonymus sieboldianus var. sanguineus / 寄主根拠: 本文の日本産寄主数記述と原著のHosts欄 / 掲載頁: 31-32 / 本文の156と列挙146の差は解消できないため、実際に列挙された146件だけを採用,本文の156と列挙146の差は解消できないため、実際に列挙された146件だけを採用,記録地域: 日本 / 地域根拠: 本文が本種は日本で156種の木材から見出されたと明記する一方、Hosts欄は146分類単位を列挙 / 原著植物名: Euonymus sieboldianus var. sanguineus / YList採用名: Euonymus sieboldianus var. sanguineus / 寄主根拠: 本文の日本産寄主数記述と原著のHosts欄 / 掲載頁: 31-32 / 記録地域: 日本 / 地域根拠: 本文が本種は日本で156種の木材から見出されたと明記する一方、Hosts欄は146分類単位を列挙 / 原著植物名: Euonymus sieboldianus var. sanguineus / YList採用名: Euonymus sieboldianus var. sanguineus / 寄主根拠: 本文の日本産寄主数記述と原著のHosts欄 / 掲載頁: 31-32
hostplant-SC-N81-GERM-93,species-SC310,文献（国内・明記）,文献（国内・明記）,記録地域: 日本 / 地域根拠: 本文が本種は日本で156種の木材から見出されたと明記する一方、Hosts欄は146分類単位を列挙 / 原著植物名: Acer rufinerve / YList採用名: Acer rufinerve / 寄主根拠: 本文の日本産寄主数記述と原著のHosts欄 / 掲載頁: 31-32 / 本文の156と列挙146の差は解消できないため、実際に列挙された146件だけを採用,本文の156と列挙146の差は解消できないため、実際に列挙された146件だけを採用,記録地域: 日本 / 地域根拠: 本文が本種は日本で156種の木材から見出されたと明記する一方、Hosts欄は146分類単位を列挙 / 原著植物名: Acer rufinerve / YList採用名: Acer rufinerve / 寄主根拠: 本文の日本産寄主数記述と原著のHosts欄 / 掲載頁: 31-32 / 記録地域: 日本 / 地域根拠: 本文が本種は日本で156種の木材から見出されたと明記する一方、Hosts欄は146分類単位を列挙 / 原著植物名: Acer rufinerve / YList採用名: Acer rufinerve / 寄主根拠: 本文の日本産寄主数記述と原著のHosts欄 / 掲載頁: 31-32
hostplant-SC-N81-GERM-94,species-SC310,文献（国内・明記）,文献（国内・明記）,記録地域: 日本 / 地域根拠: 本文が本種は日本で156種の木材から見出されたと明記する一方、Hosts欄は146分類単位を列挙 / 原著植物名: Acer mono / YList採用名: Acer pictum subsp. mono / 寄主根拠: 本文の日本産寄主数記述と原著のHosts欄 / 掲載頁: 31-32 / 本文の156と列挙146の差は解消できないため、実際に列挙された146件だけを採用,本文の156と列挙146の差は解消できないため、実際に列挙された146件だけを採用,記録地域: 日本 / 地域根拠: 本文が本種は日本で156種の木材から見出されたと明記する一方、Hosts欄は146分類単位を列挙 / 原著植物名: Acer mono / YList採用名: Acer pictum subsp. mono / 寄主根拠: 本文の日本産寄主数記述と原著のHosts欄 / 掲載頁: 31-32 / 記録地域: 日本 / 地域根拠: 本文が本種は日本で156種の木材から見出されたと明記する一方、Hosts欄は146分類単位を列挙 / 原著植物名: Acer mono / YList採用名: Acer pictum subsp. mono / 寄主根拠: 本文の日本産寄主数記述と原著のHosts欄 / 掲載頁: 31-32
hostplant-SC-N81-GERM-95,species-SC310,文献（国内・明記）,文献（国内・明記）,記録地域: 日本 / 地域根拠: 本文が本種は日本で156種の木材から見出されたと明記する一方、Hosts欄は146分類単位を列挙 / 原著植物名: Acer japonicum / YList採用名: Acer japonicum / 寄主根拠: 本文の日本産寄主数記述と原著のHosts欄 / 掲載頁: 31-32 / 本文の156と列挙146の差は解消できないため、実際に列挙された146件だけを採用,本文の156と列挙146の差は解消できないため、実際に列挙された146件だけを採用,記録地域: 日本 / 地域根拠: 本文が本種は日本で156種の木材から見出されたと明記する一方、Hosts欄は146分類単位を列挙 / 原著植物名: Acer japonicum / YList採用名: Acer japonicum / 寄主根拠: 本文の日本産寄主数記述と原著のHosts欄 / 掲載頁: 31-32 / 記録地域: 日本 / 地域根拠: 本文が本種は日本で156種の木材から見出されたと明記する一方、Hosts欄は146分類単位を列挙 / 原著植物名: Acer japonicum / YList採用名: Acer japonicum / 寄主根拠: 本文の日本産寄主数記述と原著のHosts欄 / 掲載頁: 31-32
hostplant-SC-N81-GERM-96,species-SC310,文献（国内・明記）,文献（国内・明記）,記録地域: 日本 / 地域根拠: 本文が本種は日本で156種の木材から見出されたと明記する一方、Hosts欄は146分類単位を列挙 / 原著植物名: Acer palmatum subsp. matsumurae / YList採用名: Acer amoenum var. matsumurae / 寄主根拠: 本文の日本産寄主数記述と原著のHosts欄 / 掲載頁: 31-32 / 本文の156と列挙146の差は解消できないため、実際に列挙された146件だけを採用,本文の156と列挙146の差は解消できないため、実際に列挙された146件だけを採用,記録地域: 日本 / 地域根拠: 本文が本種は日本で156種の木材から見出されたと明記する一方、Hosts欄は146分類単位を列挙 / 原著植物名: Acer palmatum subsp. matsumurae / YList採用名: Acer amoenum var. matsumurae / 寄主根拠: 本文の日本産寄主数記述と原著のHosts欄 / 掲載頁: 31-32 / 記録地域: 日本 / 地域根拠: 本文が本種は日本で156種の木材から見出されたと明記する一方、Hosts欄は146分類単位を列挙 / 原著植物名: Acer palmatum subsp. matsumurae / YList採用名: Acer amoenum var. matsumurae / 寄主根拠: 本文の日本産寄主数記述と原著のHosts欄 / 掲載頁: 31-32
hostplant-SC-N81-GERM-97,species-SC310,文献（国内・明記）,文献（国内・明記）,記録地域: 日本 / 地域根拠: 本文が本種は日本で156種の木材から見出されたと明記する一方、Hosts欄は146分類単位を列挙 / 原著植物名: Acer micranthum / YList採用名: Acer micranthum / 寄主根拠: 本文の日本産寄主数記述と原著のHosts欄 / 掲載頁: 31-32 / 本文の156と列挙146の差は解消できないため、実際に列挙された146件だけを採用,本文の156と列挙146の差は解消できないため、実際に列挙された146件だけを採用,記録地域: 日本 / 地域根拠: 本文が本種は日本で156種の木材から見出されたと明記する一方、Hosts欄は146分類単位を列挙 / 原著植物名: Acer micranthum / YList採用名: Acer micranthum / 寄主根拠: 本文の日本産寄主数記述と原著のHosts欄 / 掲載頁: 31-32 / 記録地域: 日本 / 地域根拠: 本文が本種は日本で156種の木材から見出されたと明記する一方、Hosts欄は146分類単位を列挙 / 原著植物名: Acer micranthum / YList採用名: Acer micranthum / 寄主根拠: 本文の日本産寄主数記述と原著のHosts欄 / 掲載頁: 31-32
hostplant-SC-N81-GERM-98,species-SC310,文献（国内・明記）,文献（国内・明記）,記録地域: 日本 / 地域根拠: 本文が本種は日本で156種の木材から見出されたと明記する一方、Hosts欄は146分類単位を列挙 / 原著植物名: Acer cissifolium / YList採用名: Acer cissifolium / 寄主根拠: 本文の日本産寄主数記述と原著のHosts欄 / 掲載頁: 31-32 / 本文の156と列挙146の差は解消できないため、実際に列挙された146件だけを採用,本文の156と列挙146の差は解消できないため、実際に列挙された146件だけを採用,記録地域: 日本 / 地域根拠: 本文が本種は日本で156種の木材から見出されたと明記する一方、Hosts欄は146分類単位を列挙 / 原著植物名: Acer cissifolium / YList採用名: Acer cissifolium / 寄主根拠: 本文の日本産寄主数記述と原著のHosts欄 / 掲載頁: 31-32 / 記録地域: 日本 / 地域根拠: 本文が本種は日本で156種の木材から見出されたと明記する一方、Hosts欄は146分類単位を列挙 / 原著植物名: Acer cissifolium / YList採用名: Acer cissifolium / 寄主根拠: 本文の日本産寄主数記述と原著のHosts欄 / 掲載頁: 31-32
hostplant-SC-N81-GERM-99,species-SC310,文献（国内・明記）,文献（国内・明記）,記録地域: 日本 / 地域根拠: 本文が本種は日本で156種の木材から見出されたと明記する一方、Hosts欄は146分類単位を列挙 / 原著植物名: Aesculus turbinata / YList採用名: Aesculus turbinata / 寄主根拠: 本文の日本産寄主数記述と原著のHosts欄 / 掲載頁: 31-32 / 本文の156と列挙146の差は解消できないため、実際に列挙された146件だけを採用,本文の156と列挙146の差は解消できないため、実際に列挙された146件だけを採用,記録地域: 日本 / 地域根拠: 本文が本種は日本で156種の木材から見出されたと明記する一方、Hosts欄は146分類単位を列挙 / 原著植物名: Aesculus turbinata / YList採用名: Aesculus turbinata / 寄主根拠: 本文の日本産寄主数記述と原著のHosts欄 / 掲載頁: 31-32 / 記録地域: 日本 / 地域根拠: 本文が本種は日本で156種の木材から見出されたと明記する一方、Hosts欄は146分類単位を列挙 / 原著植物名: Aesculus turbinata / YList採用名: Aesculus turbinata / 寄主根拠: 本文の日本産寄主数記述と原著のHosts欄 / 掲載頁: 31-32
hostplant-SC-N81-GERM-100,species-SC310,文献（国内・明記）,文献（国内・明記）,記録地域: 日本 / 地域根拠: 本文が本種は日本で156種の木材から見出されたと明記する一方、Hosts欄は146分類単位を列挙 / 原著植物名: Rhamnus crenata / YList採用名: Frangula crenata / 寄主根拠: 本文の日本産寄主数記述と原著のHosts欄 / 掲載頁: 31-32 / 本文の156と列挙146の差は解消できないため、実際に列挙された146件だけを採用,本文の156と列挙146の差は解消できないため、実際に列挙された146件だけを採用,記録地域: 日本 / 地域根拠: 本文が本種は日本で156種の木材から見出されたと明記する一方、Hosts欄は146分類単位を列挙 / 原著植物名: Rhamnus crenata / YList採用名: Frangula crenata / 寄主根拠: 本文の日本産寄主数記述と原著のHosts欄 / 掲載頁: 31-32 / 記録地域: 日本 / 地域根拠: 本文が本種は日本で156種の木材から見出されたと明記する一方、Hosts欄は146分類単位を列挙 / 原著植物名: Rhamnus crenata / YList採用名: Frangula crenata / 寄主根拠: 本文の日本産寄主数記述と原著のHosts欄 / 掲載頁: 31-32
hostplant-SC-N81-GERM-101,species-SC310,文献（国内・明記）,文献（国内・明記）,記録地域: 日本 / 地域根拠: 本文が本種は日本で156種の木材から見出されたと明記する一方、Hosts欄は146分類単位を列挙 / 原著植物名: Hovenia dulcis / YList採用名: Hovenia dulcis / 寄主根拠: 本文の日本産寄主数記述と原著のHosts欄 / 掲載頁: 31-32 / 本文の156と列挙146の差は解消できないため、実際に列挙された146件だけを採用,本文の156と列挙146の差は解消できないため、実際に列挙された146件だけを採用,記録地域: 日本 / 地域根拠: 本文が本種は日本で156種の木材から見出されたと明記する一方、Hosts欄は146分類単位を列挙 / 原著植物名: Hovenia dulcis / YList採用名: Hovenia dulcis / 寄主根拠: 本文の日本産寄主数記述と原著のHosts欄 / 掲載頁: 31-32 / 記録地域: 日本 / 地域根拠: 本文が本種は日本で156種の木材から見出されたと明記する一方、Hosts欄は146分類単位を列挙 / 原著植物名: Hovenia dulcis / YList採用名: Hovenia dulcis / 寄主根拠: 本文の日本産寄主数記述と原著のHosts欄 / 掲載頁: 31-32
hostplant-SC-N81-GERM-102,species-SC310,文献（国内・明記）,文献（国内・明記）,記録地域: 日本 / 地域根拠: 本文が本種は日本で156種の木材から見出されたと明記する一方、Hosts欄は146分類単位を列挙 / 原著植物名: Vitis vinifera / YList採用名: Vitis vinifera / 寄主根拠: 本文の日本産寄主数記述と原著のHosts欄 / 掲載頁: 31-32 / 本文の156と列挙146の差は解消できないため、実際に列挙された146件だけを採用,本文の156と列挙146の差は解消できないため、実際に列挙された146件だけを採用,記録地域: 日本 / 地域根拠: 本文が本種は日本で156種の木材から見出されたと明記する一方、Hosts欄は146分類単位を列挙 / 原著植物名: Vitis vinifera / YList採用名: Vitis vinifera / 寄主根拠: 本文の日本産寄主数記述と原著のHosts欄 / 掲載頁: 31-32 / 記録地域: 日本 / 地域根拠: 本文が本種は日本で156種の木材から見出されたと明記する一方、Hosts欄は146分類単位を列挙 / 原著植物名: Vitis vinifera / YList採用名: Vitis vinifera / 寄主根拠: 本文の日本産寄主数記述と原著のHosts欄 / 掲載頁: 31-32
hostplant-SC-N81-GERM-103,species-SC310,文献（国内・明記）,文献（国内・明記）,記録地域: 日本 / 地域根拠: 本文が本種は日本で156種の木材から見出されたと明記する一方、Hosts欄は146分類単位を列挙 / 原著植物名: Vitis coignetiae / YList採用名: Vitis coignetiae / 寄主根拠: 本文の日本産寄主数記述と原著のHosts欄 / 掲載頁: 31-32 / 本文の156と列挙146の差は解消できないため、実際に列挙された146件だけを採用,本文の156と列挙146の差は解消できないため、実際に列挙された146件だけを採用,記録地域: 日本 / 地域根拠: 本文が本種は日本で156種の木材から見出されたと明記する一方、Hosts欄は146分類単位を列挙 / 原著植物名: Vitis coignetiae / YList採用名: Vitis coignetiae / 寄主根拠: 本文の日本産寄主数記述と原著のHosts欄 / 掲載頁: 31-32 / 記録地域: 日本 / 地域根拠: 本文が本種は日本で156種の木材から見出されたと明記する一方、Hosts欄は146分類単位を列挙 / 原著植物名: Vitis coignetiae / YList採用名: Vitis coignetiae / 寄主根拠: 本文の日本産寄主数記述と原著のHosts欄 / 掲載頁: 31-32
hostplant-SC-N81-GERM-104,species-SC310,文献（国内・明記）,文献（国内・明記）,記録地域: 日本 / 地域根拠: 本文が本種は日本で156種の木材から見出されたと明記する一方、Hosts欄は146分類単位を列挙 / 原著植物名: Ampelopsis brevipedunculata var. heterophylla / YList採用名: Ampelopsis glandulosa var. heterophylla / 寄主根拠: 本文の日本産寄主数記述と原著のHosts欄 / 掲載頁: 31-32 / 本文の156と列挙146の差は解消できないため、実際に列挙された146件だけを採用,本文の156と列挙146の差は解消できないため、実際に列挙された146件だけを採用,記録地域: 日本 / 地域根拠: 本文が本種は日本で156種の木材から見出されたと明記する一方、Hosts欄は146分類単位を列挙 / 原著植物名: Ampelopsis brevipedunculata var. heterophylla / YList採用名: Ampelopsis glandulosa var. heterophylla / 寄主根拠: 本文の日本産寄主数記述と原著のHosts欄 / 掲載頁: 31-32 / 記録地域: 日本 / 地域根拠: 本文が本種は日本で156種の木材から見出されたと明記する一方、Hosts欄は146分類単位を列挙 / 原著植物名: Ampelopsis brevipedunculata var. heterophylla / YList採用名: Ampelopsis glandulosa var. heterophylla / 寄主根拠: 本文の日本産寄主数記述と原著のHosts欄 / 掲載頁: 31-32
hostplant-SC-N81-GERM-105,species-SC310,文献（国内・明記）,文献（国内・明記）,記録地域: 日本 / 地域根拠: 本文が本種は日本で156種の木材から見出されたと明記する一方、Hosts欄は146分類単位を列挙 / 原著植物名: Tilia japonica / YList採用名: Tilia japonica / 寄主根拠: 本文の日本産寄主数記述と原著のHosts欄 / 掲載頁: 31-32 / 本文の156と列挙146の差は解消できないため、実際に列挙された146件だけを採用,本文の156と列挙146の差は解消できないため、実際に列挙された146件だけを採用,記録地域: 日本 / 地域根拠: 本文が本種は日本で156種の木材から見出されたと明記する一方、Hosts欄は146分類単位を列挙 / 原著植物名: Tilia japonica / YList採用名: Tilia japonica / 寄主根拠: 本文の日本産寄主数記述と原著のHosts欄 / 掲載頁: 31-32 / 記録地域: 日本 / 地域根拠: 本文が本種は日本で156種の木材から見出されたと明記する一方、Hosts欄は146分類単位を列挙 / 原著植物名: Tilia japonica / YList採用名: Tilia japonica / 寄主根拠: 本文の日本産寄主数記述と原著のHosts欄 / 掲載頁: 31-32
hostplant-SC-N81-GERM-106,species-SC310,文献（国内・明記）,文献（国内・明記）,記録地域: 日本 / 地域根拠: 本文が本種は日本で156種の木材から見出されたと明記する一方、Hosts欄は146分類単位を列挙 / 原著植物名: Firmiana platanifolia / YList採用名: Firmiana simplex / 寄主根拠: 本文の日本産寄主数記述と原著のHosts欄 / 掲載頁: 31-32 / 本文の156と列挙146の差は解消できないため、実際に列挙された146件だけを採用,本文の156と列挙146の差は解消できないため、実際に列挙された146件だけを採用,記録地域: 日本 / 地域根拠: 本文が本種は日本で156種の木材から見出されたと明記する一方、Hosts欄は146分類単位を列挙 / 原著植物名: Firmiana platanifolia / YList採用名: Firmiana simplex / 寄主根拠: 本文の日本産寄主数記述と原著のHosts欄 / 掲載頁: 31-32 / 記録地域: 日本 / 地域根拠: 本文が本種は日本で156種の木材から見出されたと明記する一方、Hosts欄は146分類単位を列挙 / 原著植物名: Firmiana platanifolia / YList採用名: Firmiana simplex / 寄主根拠: 本文の日本産寄主数記述と原著のHosts欄 / 掲載頁: 31-32
hostplant-SC-N81-GERM-107,species-SC310,文献（国内・明記）,文献（国内・明記）,記録地域: 日本 / 地域根拠: 本文が本種は日本で156種の木材から見出されたと明記する一方、Hosts欄は146分類単位を列挙 / 原著植物名: Hibiscus syriacus / YList採用名: Hibiscus syriacus / 寄主根拠: 本文の日本産寄主数記述と原著のHosts欄 / 掲載頁: 31-32 / 本文の156と列挙146の差は解消できないため、実際に列挙された146件だけを採用,本文の156と列挙146の差は解消できないため、実際に列挙された146件だけを採用,記録地域: 日本 / 地域根拠: 本文が本種は日本で156種の木材から見出されたと明記する一方、Hosts欄は146分類単位を列挙 / 原著植物名: Hibiscus syriacus / YList採用名: Hibiscus syriacus / 寄主根拠: 本文の日本産寄主数記述と原著のHosts欄 / 掲載頁: 31-32 / 記録地域: 日本 / 地域根拠: 本文が本種は日本で156種の木材から見出されたと明記する一方、Hosts欄は146分類単位を列挙 / 原著植物名: Hibiscus syriacus / YList採用名: Hibiscus syriacus / 寄主根拠: 本文の日本産寄主数記述と原著のHosts欄 / 掲載頁: 31-32
hostplant-SC-N81-GERM-108,species-SC310,文献（国内・明記）,文献（国内・明記）,記録地域: 日本 / 地域根拠: 本文が本種は日本で156種の木材から見出されたと明記する一方、Hosts欄は146分類単位を列挙 / 原著植物名: Camellia japonica / YList採用名: Camellia japonica / 寄主根拠: 本文の日本産寄主数記述と原著のHosts欄 / 掲載頁: 31-32 / 本文の156と列挙146の差は解消できないため、実際に列挙された146件だけを採用,本文の156と列挙146の差は解消できないため、実際に列挙された146件だけを採用,記録地域: 日本 / 地域根拠: 本文が本種は日本で156種の木材から見出されたと明記する一方、Hosts欄は146分類単位を列挙 / 原著植物名: Camellia japonica / YList採用名: Camellia japonica / 寄主根拠: 本文の日本産寄主数記述と原著のHosts欄 / 掲載頁: 31-32 / 記録地域: 日本 / 地域根拠: 本文が本種は日本で156種の木材から見出されたと明記する一方、Hosts欄は146分類単位を列挙 / 原著植物名: Camellia japonica / YList採用名: Camellia japonica / 寄主根拠: 本文の日本産寄主数記述と原著のHosts欄 / 掲載頁: 31-32
hostplant-SC-N81-GERM-109,species-SC310,文献（国内・明記）,文献（国内・明記）,記録地域: 日本 / 地域根拠: 本文が本種は日本で156種の木材から見出されたと明記する一方、Hosts欄は146分類単位を列挙 / 原著植物名: Camellia japonica subsp. rusticana / YList採用名: Camellia rusticana / 寄主根拠: 本文の日本産寄主数記述と原著のHosts欄 / 掲載頁: 31-32 / 本文の156と列挙146の差は解消できないため、実際に列挙された146件だけを採用,本文の156と列挙146の差は解消できないため、実際に列挙された146件だけを採用,記録地域: 日本 / 地域根拠: 本文が本種は日本で156種の木材から見出されたと明記する一方、Hosts欄は146分類単位を列挙 / 原著植物名: Camellia japonica subsp. rusticana / YList採用名: Camellia rusticana / 寄主根拠: 本文の日本産寄主数記述と原著のHosts欄 / 掲載頁: 31-32 / 記録地域: 日本 / 地域根拠: 本文が本種は日本で156種の木材から見出されたと明記する一方、Hosts欄は146分類単位を列挙 / 原著植物名: Camellia japonica subsp. rusticana / YList採用名: Camellia rusticana / 寄主根拠: 本文の日本産寄主数記述と原著のHosts欄 / 掲載頁: 31-32
hostplant-SC-N81-GERM-110,species-SC310,文献（国内・明記）,文献（国内・明記）,記録地域: 日本 / 地域根拠: 本文が本種は日本で156種の木材から見出されたと明記する一方、Hosts欄は146分類単位を列挙 / 原著植物名: Camellia sinensis / YList採用名: Camellia sinensis / 寄主根拠: 本文の日本産寄主数記述と原著のHosts欄 / 掲載頁: 31-32 / 本文の156と列挙146の差は解消できないため、実際に列挙された146件だけを採用,本文の156と列挙146の差は解消できないため、実際に列挙された146件だけを採用,記録地域: 日本 / 地域根拠: 本文が本種は日本で156種の木材から見出されたと明記する一方、Hosts欄は146分類単位を列挙 / 原著植物名: Camellia sinensis / YList採用名: Camellia sinensis / 寄主根拠: 本文の日本産寄主数記述と原著のHosts欄 / 掲載頁: 31-32 / 記録地域: 日本 / 地域根拠: 本文が本種は日本で156種の木材から見出されたと明記する一方、Hosts欄は146分類単位を列挙 / 原著植物名: Camellia sinensis / YList採用名: Camellia sinensis / 寄主根拠: 本文の日本産寄主数記述と原著のHosts欄 / 掲載頁: 31-32
hostplant-SC-N81-GERM-111,species-SC310,文献（国内・明記）,文献（国内・明記）,記録地域: 日本 / 地域根拠: 本文が本種は日本で156種の木材から見出されたと明記する一方、Hosts欄は146分類単位を列挙 / 原著植物名: Stewartia monadelpha / YList採用名: Stewartia monadelpha / 寄主根拠: 本文の日本産寄主数記述と原著のHosts欄 / 掲載頁: 31-32 / 本文の156と列挙146の差は解消できないため、実際に列挙された146件だけを採用,本文の156と列挙146の差は解消できないため、実際に列挙された146件だけを採用,記録地域: 日本 / 地域根拠: 本文が本種は日本で156種の木材から見出されたと明記する一方、Hosts欄は146分類単位を列挙 / 原著植物名: Stewartia monadelpha / YList採用名: Stewartia monadelpha / 寄主根拠: 本文の日本産寄主数記述と原著のHosts欄 / 掲載頁: 31-32 / 記録地域: 日本 / 地域根拠: 本文が本種は日本で156種の木材から見出されたと明記する一方、Hosts欄は146分類単位を列挙 / 原著植物名: Stewartia monadelpha / YList採用名: Stewartia monadelpha / 寄主根拠: 本文の日本産寄主数記述と原著のHosts欄 / 掲載頁: 31-32
hostplant-SC-N81-GERM-112,species-SC310,文献（国内・明記）,文献（国内・明記）,記録地域: 日本 / 地域根拠: 本文が本種は日本で156種の木材から見出されたと明記する一方、Hosts欄は146分類単位を列挙 / 原著植物名: Cleyera japonica / YList採用名: Cleyera japonica / 寄主根拠: 本文の日本産寄主数記述と原著のHosts欄 / 掲載頁: 31-32 / 本文の156と列挙146の差は解消できないため、実際に列挙された146件だけを採用,本文の156と列挙146の差は解消できないため、実際に列挙された146件だけを採用,記録地域: 日本 / 地域根拠: 本文が本種は日本で156種の木材から見出されたと明記する一方、Hosts欄は146分類単位を列挙 / 原著植物名: Cleyera japonica / YList採用名: Cleyera japonica / 寄主根拠: 本文の日本産寄主数記述と原著のHosts欄 / 掲載頁: 31-32 / 記録地域: 日本 / 地域根拠: 本文が本種は日本で156種の木材から見出されたと明記する一方、Hosts欄は146分類単位を列挙 / 原著植物名: Cleyera japonica / YList採用名: Cleyera japonica / 寄主根拠: 本文の日本産寄主数記述と原著のHosts欄 / 掲載頁: 31-32
hostplant-SC-N81-GERM-113,species-SC310,文献（国内・明記）,文献（国内・明記）,記録地域: 日本 / 地域根拠: 本文が本種は日本で156種の木材から見出されたと明記する一方、Hosts欄は146分類単位を列挙 / 原著植物名: Eurya emarginata / YList採用名: Eurya emarginata / 寄主根拠: 本文の日本産寄主数記述と原著のHosts欄 / 掲載頁: 31-32 / 本文の156と列挙146の差は解消できないため、実際に列挙された146件だけを採用,本文の156と列挙146の差は解消できないため、実際に列挙された146件だけを採用,記録地域: 日本 / 地域根拠: 本文が本種は日本で156種の木材から見出されたと明記する一方、Hosts欄は146分類単位を列挙 / 原著植物名: Eurya emarginata / YList採用名: Eurya emarginata / 寄主根拠: 本文の日本産寄主数記述と原著のHosts欄 / 掲載頁: 31-32 / 記録地域: 日本 / 地域根拠: 本文が本種は日本で156種の木材から見出されたと明記する一方、Hosts欄は146分類単位を列挙 / 原著植物名: Eurya emarginata / YList採用名: Eurya emarginata / 寄主根拠: 本文の日本産寄主数記述と原著のHosts欄 / 掲載頁: 31-32
hostplant-SC-N81-GERM-114,species-SC310,文献（国内・明記）,文献（国内・明記）,記録地域: 日本 / 地域根拠: 本文が本種は日本で156種の木材から見出されたと明記する一方、Hosts欄は146分類単位を列挙 / 原著植物名: Stachyurus praecox / YList採用名: Stachyurus praecox / 寄主根拠: 本文の日本産寄主数記述と原著のHosts欄 / 掲載頁: 31-32 / 本文の156と列挙146の差は解消できないため、実際に列挙された146件だけを採用,本文の156と列挙146の差は解消できないため、実際に列挙された146件だけを採用,記録地域: 日本 / 地域根拠: 本文が本種は日本で156種の木材から見出されたと明記する一方、Hosts欄は146分類単位を列挙 / 原著植物名: Stachyurus praecox / YList採用名: Stachyurus praecox / 寄主根拠: 本文の日本産寄主数記述と原著のHosts欄 / 掲載頁: 31-32 / 記録地域: 日本 / 地域根拠: 本文が本種は日本で156種の木材から見出されたと明記する一方、Hosts欄は146分類単位を列挙 / 原著植物名: Stachyurus praecox / YList採用名: Stachyurus praecox / 寄主根拠: 本文の日本産寄主数記述と原著のHosts欄 / 掲載頁: 31-32
hostplant-SC-N81-GERM-115,species-SC310,文献（国内・明記）,文献（国内・明記）,記録地域: 日本 / 地域根拠: 本文が本種は日本で156種の木材から見出されたと明記する一方、Hosts欄は146分類単位を列挙 / 原著植物名: Alangium premnifolium / YList採用名: Alangium premnifolium / 寄主根拠: 本文の日本産寄主数記述と原著のHosts欄 / 掲載頁: 31-32 / 本文の156と列挙146の差は解消できないため、実際に列挙された146件だけを採用,本文の156と列挙146の差は解消できないため、実際に列挙された146件だけを採用,記録地域: 日本 / 地域根拠: 本文が本種は日本で156種の木材から見出されたと明記する一方、Hosts欄は146分類単位を列挙 / 原著植物名: Alangium premnifolium / YList採用名: Alangium premnifolium / 寄主根拠: 本文の日本産寄主数記述と原著のHosts欄 / 掲載頁: 31-32 / 記録地域: 日本 / 地域根拠: 本文が本種は日本で156種の木材から見出されたと明記する一方、Hosts欄は146分類単位を列挙 / 原著植物名: Alangium premnifolium / YList採用名: Alangium premnifolium / 寄主根拠: 本文の日本産寄主数記述と原著のHosts欄 / 掲載頁: 31-32
hostplant-SC-N81-GERM-116,species-SC310,文献（国内・明記）,文献（国内・明記）,記録地域: 日本 / 地域根拠: 本文が本種は日本で156種の木材から見出されたと明記する一方、Hosts欄は146分類単位を列挙 / 原著植物名: Schefflera octophylla / YList採用名: Heptapleurum heptaphyllum / 寄主根拠: 本文の日本産寄主数記述と原著のHosts欄 / 掲載頁: 31-32 / 本文の156と列挙146の差は解消できないため、実際に列挙された146件だけを採用,本文の156と列挙146の差は解消できないため、実際に列挙された146件だけを採用,記録地域: 日本 / 地域根拠: 本文が本種は日本で156種の木材から見出されたと明記する一方、Hosts欄は146分類単位を列挙 / 原著植物名: Schefflera octophylla / YList採用名: Heptapleurum heptaphyllum / 寄主根拠: 本文の日本産寄主数記述と原著のHosts欄 / 掲載頁: 31-32 / 記録地域: 日本 / 地域根拠: 本文が本種は日本で156種の木材から見出されたと明記する一方、Hosts欄は146分類単位を列挙 / 原著植物名: Schefflera octophylla / YList採用名: Heptapleurum heptaphyllum / 寄主根拠: 本文の日本産寄主数記述と原著のHosts欄 / 掲載頁: 31-32
hostplant-SC-N81-GERM-117,species-SC310,文献（国内・明記）,文献（国内・明記）,記録地域: 日本 / 地域根拠: 本文が本種は日本で156種の木材から見出されたと明記する一方、Hosts欄は146分類単位を列挙 / 原著植物名: Fatsia japonica / YList採用名: Fatsia japonica / 寄主根拠: 本文の日本産寄主数記述と原著のHosts欄 / 掲載頁: 31-32 / 本文の156と列挙146の差は解消できないため、実際に列挙された146件だけを採用,本文の156と列挙146の差は解消できないため、実際に列挙された146件だけを採用,記録地域: 日本 / 地域根拠: 本文が本種は日本で156種の木材から見出されたと明記する一方、Hosts欄は146分類単位を列挙 / 原著植物名: Fatsia japonica / YList採用名: Fatsia japonica / 寄主根拠: 本文の日本産寄主数記述と原著のHosts欄 / 掲載頁: 31-32 / 記録地域: 日本 / 地域根拠: 本文が本種は日本で156種の木材から見出されたと明記する一方、Hosts欄は146分類単位を列挙 / 原著植物名: Fatsia japonica / YList採用名: Fatsia japonica / 寄主根拠: 本文の日本産寄主数記述と原著のHosts欄 / 掲載頁: 31-32
hostplant-SC-N81-GERM-118,species-SC310,文献（国内・明記）,文献（国内・明記）,記録地域: 日本 / 地域根拠: 本文が本種は日本で156種の木材から見出されたと明記する一方、Hosts欄は146分類単位を列挙 / 原著植物名: Acanthopanax sciadophylloides / YList採用名: Chengiopanax sciadophylloides / 寄主根拠: 本文の日本産寄主数記述と原著のHosts欄 / 掲載頁: 31-32 / 本文の156と列挙146の差は解消できないため、実際に列挙された146件だけを採用,本文の156と列挙146の差は解消できないため、実際に列挙された146件だけを採用,記録地域: 日本 / 地域根拠: 本文が本種は日本で156種の木材から見出されたと明記する一方、Hosts欄は146分類単位を列挙 / 原著植物名: Acanthopanax sciadophylloides / YList採用名: Chengiopanax sciadophylloides / 寄主根拠: 本文の日本産寄主数記述と原著のHosts欄 / 掲載頁: 31-32 / 記録地域: 日本 / 地域根拠: 本文が本種は日本で156種の木材から見出されたと明記する一方、Hosts欄は146分類単位を列挙 / 原著植物名: Acanthopanax sciadophylloides / YList採用名: Chengiopanax sciadophylloides / 寄主根拠: 本文の日本産寄主数記述と原著のHosts欄 / 掲載頁: 31-32
hostplant-SC-N81-GERM-119,species-SC310,文献（国内・明記）,文献（国内・明記）,記録地域: 日本 / 地域根拠: 本文が本種は日本で156種の木材から見出されたと明記する一方、Hosts欄は146分類単位を列挙 / 原著植物名: Evodiopanax innovans / YList採用名: Gamblea innovans / 寄主根拠: 本文の日本産寄主数記述と原著のHosts欄 / 掲載頁: 31-32 / 同名のベンケイソウ科植物との混同を避けるため樹木と付記,同名のベンケイソウ科植物との混同を避けるため樹木と付記,記録地域: 日本 / 地域根拠: 本文が本種は日本で156種の木材から見出されたと明記する一方、Hosts欄は146分類単位を列挙 / 原著植物名: Evodiopanax innovans / YList採用名: Gamblea innovans / 寄主根拠: 本文の日本産寄主数記述と原著のHosts欄 / 掲載頁: 31-32 / 記録地域: 日本 / 地域根拠: 本文が本種は日本で156種の木材から見出されたと明記する一方、Hosts欄は146分類単位を列挙 / 原著植物名: Evodiopanax innovans / YList採用名: Gamblea innovans / 寄主根拠: 本文の日本産寄主数記述と原著のHosts欄 / 掲載頁: 31-32
hostplant-SC-N81-GERM-120,species-SC310,文献（国内・明記）,文献（国内・明記）,記録地域: 日本 / 地域根拠: 本文が本種は日本で156種の木材から見出されたと明記する一方、Hosts欄は146分類単位を列挙 / 原著植物名: Kalopanax septemlobus / YList採用名: Kalopanax septemlobus / 寄主根拠: 本文の日本産寄主数記述と原著のHosts欄 / 掲載頁: 31-32 / 本文の156と列挙146の差は解消できないため、実際に列挙された146件だけを採用,本文の156と列挙146の差は解消できないため、実際に列挙された146件だけを採用,記録地域: 日本 / 地域根拠: 本文が本種は日本で156種の木材から見出されたと明記する一方、Hosts欄は146分類単位を列挙 / 原著植物名: Kalopanax septemlobus / YList採用名: Kalopanax septemlobus / 寄主根拠: 本文の日本産寄主数記述と原著のHosts欄 / 掲載頁: 31-32 / 記録地域: 日本 / 地域根拠: 本文が本種は日本で156種の木材から見出されたと明記する一方、Hosts欄は146分類単位を列挙 / 原著植物名: Kalopanax septemlobus / YList採用名: Kalopanax septemlobus / 寄主根拠: 本文の日本産寄主数記述と原著のHosts欄 / 掲載頁: 31-32
hostplant-SC-N81-GERM-121,species-SC310,文献（国内・明記）,文献（国内・明記）,記録地域: 日本 / 地域根拠: 本文が本種は日本で156種の木材から見出されたと明記する一方、Hosts欄は146分類単位を列挙 / 原著植物名: Aucuba japonica / YList採用名: Aucuba japonica var. japonica / 寄主根拠: 本文の日本産寄主数記述と原著のHosts欄 / 掲載頁: 31-32 / 本文の156と列挙146の差は解消できないため、実際に列挙された146件だけを採用,本文の156と列挙146の差は解消できないため、実際に列挙された146件だけを採用,記録地域: 日本 / 地域根拠: 本文が本種は日本で156種の木材から見出されたと明記する一方、Hosts欄は146分類単位を列挙 / 原著植物名: Aucuba japonica / YList採用名: Aucuba japonica var. japonica / 寄主根拠: 本文の日本産寄主数記述と原著のHosts欄 / 掲載頁: 31-32 / 記録地域: 日本 / 地域根拠: 本文が本種は日本で156種の木材から見出されたと明記する一方、Hosts欄は146分類単位を列挙 / 原著植物名: Aucuba japonica / YList採用名: Aucuba japonica var. japonica / 寄主根拠: 本文の日本産寄主数記述と原著のHosts欄 / 掲載頁: 31-32
hostplant-SC-N81-GERM-122,species-SC310,文献（国内・明記）,文献（国内・明記）,記録地域: 日本 / 地域根拠: 本文が本種は日本で156種の木材から見出されたと明記する一方、Hosts欄は146分類単位を列挙 / 原著植物名: Cornus controversa / YList採用名: Cornus controversa var. controversa / 寄主根拠: 本文の日本産寄主数記述と原著のHosts欄 / 掲載頁: 31-32 / 本文の156と列挙146の差は解消できないため、実際に列挙された146件だけを採用,本文の156と列挙146の差は解消できないため、実際に列挙された146件だけを採用,記録地域: 日本 / 地域根拠: 本文が本種は日本で156種の木材から見出されたと明記する一方、Hosts欄は146分類単位を列挙 / 原著植物名: Cornus controversa / YList採用名: Cornus controversa var. controversa / 寄主根拠: 本文の日本産寄主数記述と原著のHosts欄 / 掲載頁: 31-32 / 記録地域: 日本 / 地域根拠: 本文が本種は日本で156種の木材から見出されたと明記する一方、Hosts欄は146分類単位を列挙 / 原著植物名: Cornus controversa / YList採用名: Cornus controversa var. controversa / 寄主根拠: 本文の日本産寄主数記述と原著のHosts欄 / 掲載頁: 31-32
hostplant-SC-N81-GERM-123,species-SC310,文献（国内・明記）,文献（国内・明記）,記録地域: 日本 / 地域根拠: 本文が本種は日本で156種の木材から見出されたと明記する一方、Hosts欄は146分類単位を列挙 / 原著植物名: Cornus kousa / YList採用名: Cornus kousa subsp. kousa / 寄主根拠: 本文の日本産寄主数記述と原著のHosts欄 / 掲載頁: 31-32 / 本文の156と列挙146の差は解消できないため、実際に列挙された146件だけを採用,本文の156と列挙146の差は解消できないため、実際に列挙された146件だけを採用,記録地域: 日本 / 地域根拠: 本文が本種は日本で156種の木材から見出されたと明記する一方、Hosts欄は146分類単位を列挙 / 原著植物名: Cornus kousa / YList採用名: Cornus kousa subsp. kousa / 寄主根拠: 本文の日本産寄主数記述と原著のHosts欄 / 掲載頁: 31-32 / 記録地域: 日本 / 地域根拠: 本文が本種は日本で156種の木材から見出されたと明記する一方、Hosts欄は146分類単位を列挙 / 原著植物名: Cornus kousa / YList採用名: Cornus kousa subsp. kousa / 寄主根拠: 本文の日本産寄主数記述と原著のHosts欄 / 掲載頁: 31-32
hostplant-SC-N81-GERM-124,species-SC310,文献（国内・明記）,文献（国内・明記）,記録地域: 日本 / 地域根拠: 本文が本種は日本で156種の木材から見出されたと明記する一方、Hosts欄は146分類単位を列挙 / 原著植物名: Clethra barbinervis / YList採用名: Clethra barbinervis / 寄主根拠: 本文の日本産寄主数記述と原著のHosts欄 / 掲載頁: 31-32 / 本文の156と列挙146の差は解消できないため、実際に列挙された146件だけを採用,本文の156と列挙146の差は解消できないため、実際に列挙された146件だけを採用,記録地域: 日本 / 地域根拠: 本文が本種は日本で156種の木材から見出されたと明記する一方、Hosts欄は146分類単位を列挙 / 原著植物名: Clethra barbinervis / YList採用名: Clethra barbinervis / 寄主根拠: 本文の日本産寄主数記述と原著のHosts欄 / 掲載頁: 31-32 / 記録地域: 日本 / 地域根拠: 本文が本種は日本で156種の木材から見出されたと明記する一方、Hosts欄は146分類単位を列挙 / 原著植物名: Clethra barbinervis / YList採用名: Clethra barbinervis / 寄主根拠: 本文の日本産寄主数記述と原著のHosts欄 / 掲載頁: 31-32
hostplant-SC-N81-GERM-125,species-SC310,文献（国内・明記）,文献（国内・明記）,記録地域: 日本 / 地域根拠: 本文が本種は日本で156種の木材から見出されたと明記する一方、Hosts欄は146分類単位を列挙 / 原著植物名: Rhododendron metternichii / YList採用名: Rhododendron japonoheptamerum var. japonoheptamerum / 寄主根拠: 本文の日本産寄主数記述と原著のHosts欄 / 掲載頁: 31-32 / 本文の156と列挙146の差は解消できないため、実際に列挙された146件だけを採用,本文の156と列挙146の差は解消できないため、実際に列挙された146件だけを採用,記録地域: 日本 / 地域根拠: 本文が本種は日本で156種の木材から見出されたと明記する一方、Hosts欄は146分類単位を列挙 / 原著植物名: Rhododendron metternichii / YList採用名: Rhododendron japonoheptamerum var. japonoheptamerum / 寄主根拠: 本文の日本産寄主数記述と原著のHosts欄 / 掲載頁: 31-32 / 記録地域: 日本 / 地域根拠: 本文が本種は日本で156種の木材から見出されたと明記する一方、Hosts欄は146分類単位を列挙 / 原著植物名: Rhododendron metternichii / YList採用名: Rhododendron japonoheptamerum var. japonoheptamerum / 寄主根拠: 本文の日本産寄主数記述と原著のHosts欄 / 掲載頁: 31-32
hostplant-SC-N81-GERM-126,species-SC310,文献（国内・明記）,文献（国内・明記）,記録地域: 日本 / 地域根拠: 本文が本種は日本で156種の木材から見出されたと明記する一方、Hosts欄は146分類単位を列挙 / 原著植物名: Rhododendron nipponicum / YList採用名: Rhododendron nipponicum / 寄主根拠: 本文の日本産寄主数記述と原著のHosts欄 / 掲載頁: 31-32 / 本文の156と列挙146の差は解消できないため、実際に列挙された146件だけを採用,本文の156と列挙146の差は解消できないため、実際に列挙された146件だけを採用,記録地域: 日本 / 地域根拠: 本文が本種は日本で156種の木材から見出されたと明記する一方、Hosts欄は146分類単位を列挙 / 原著植物名: Rhododendron nipponicum / YList採用名: Rhododendron nipponicum / 寄主根拠: 本文の日本産寄主数記述と原著のHosts欄 / 掲載頁: 31-32 / 記録地域: 日本 / 地域根拠: 本文が本種は日本で156種の木材から見出されたと明記する一方、Hosts欄は146分類単位を列挙 / 原著植物名: Rhododendron nipponicum / YList採用名: Rhododendron nipponicum / 寄主根拠: 本文の日本産寄主数記述と原著のHosts欄 / 掲載頁: 31-32
hostplant-SC-N81-GERM-127,species-SC310,文献（国内・明記）,文献（国内・明記）,記録地域: 日本 / 地域根拠: 本文が本種は日本で156種の木材から見出されたと明記する一方、Hosts欄は146分類単位を列挙 / 原著植物名: Rhododendron macrosepalum / YList採用名: Rhododendron macrosepalum / 寄主根拠: 本文の日本産寄主数記述と原著のHosts欄 / 掲載頁: 31-32 / 本文の156と列挙146の差は解消できないため、実際に列挙された146件だけを採用,本文の156と列挙146の差は解消できないため、実際に列挙された146件だけを採用,記録地域: 日本 / 地域根拠: 本文が本種は日本で156種の木材から見出されたと明記する一方、Hosts欄は146分類単位を列挙 / 原著植物名: Rhododendron macrosepalum / YList採用名: Rhododendron macrosepalum / 寄主根拠: 本文の日本産寄主数記述と原著のHosts欄 / 掲載頁: 31-32 / 記録地域: 日本 / 地域根拠: 本文が本種は日本で156種の木材から見出されたと明記する一方、Hosts欄は146分類単位を列挙 / 原著植物名: Rhododendron macrosepalum / YList採用名: Rhododendron macrosepalum / 寄主根拠: 本文の日本産寄主数記述と原著のHosts欄 / 掲載頁: 31-32
hostplant-SC-N81-GERM-128,species-SC310,文献（国内・明記）,文献（国内・明記）,記録地域: 日本 / 地域根拠: 本文が本種は日本で156種の木材から見出されたと明記する一方、Hosts欄は146分類単位を列挙 / 原著植物名: Lyonia elliptica / YList採用名: Lyonia ovalifolia var. elliptica / 寄主根拠: 本文の日本産寄主数記述と原著のHosts欄 / 掲載頁: 31-32 / 本文の156と列挙146の差は解消できないため、実際に列挙された146件だけを採用,本文の156と列挙146の差は解消できないため、実際に列挙された146件だけを採用,記録地域: 日本 / 地域根拠: 本文が本種は日本で156種の木材から見出されたと明記する一方、Hosts欄は146分類単位を列挙 / 原著植物名: Lyonia elliptica / YList採用名: Lyonia ovalifolia var. elliptica / 寄主根拠: 本文の日本産寄主数記述と原著のHosts欄 / 掲載頁: 31-32 / 記録地域: 日本 / 地域根拠: 本文が本種は日本で156種の木材から見出されたと明記する一方、Hosts欄は146分類単位を列挙 / 原著植物名: Lyonia elliptica / YList採用名: Lyonia ovalifolia var. elliptica / 寄主根拠: 本文の日本産寄主数記述と原著のHosts欄 / 掲載頁: 31-32
hostplant-SC-N81-GERM-129,species-SC310,文献（国内・明記）,文献（国内・明記）,記録地域: 日本 / 地域根拠: 本文が本種は日本で156種の木材から見出されたと明記する一方、Hosts欄は146分類単位を列挙 / 原著植物名: Vaccinium oldhamii / YList採用名: Vaccinium oldhamii / 寄主根拠: 本文の日本産寄主数記述と原著のHosts欄 / 掲載頁: 31-32 / 本文の156と列挙146の差は解消できないため、実際に列挙された146件だけを採用,本文の156と列挙146の差は解消できないため、実際に列挙された146件だけを採用,記録地域: 日本 / 地域根拠: 本文が本種は日本で156種の木材から見出されたと明記する一方、Hosts欄は146分類単位を列挙 / 原著植物名: Vaccinium oldhamii / YList採用名: Vaccinium oldhamii / 寄主根拠: 本文の日本産寄主数記述と原著のHosts欄 / 掲載頁: 31-32 / 記録地域: 日本 / 地域根拠: 本文が本種は日本で156種の木材から見出されたと明記する一方、Hosts欄は146分類単位を列挙 / 原著植物名: Vaccinium oldhamii / YList採用名: Vaccinium oldhamii / 寄主根拠: 本文の日本産寄主数記述と原著のHosts欄 / 掲載頁: 31-32
hostplant-SC-N81-GERM-130,species-SC310,文献（国内・明記）,文献（国内・明記）,記録地域: 日本 / 地域根拠: 本文が本種は日本で156種の木材から見出されたと明記する一方、Hosts欄は146分類単位を列挙 / 原著植物名: Maesa tenera / YList採用名: Maesa perlaria var. formosana / 寄主根拠: 本文の日本産寄主数記述と原著のHosts欄 / 掲載頁: 31-32 / 本文の156と列挙146の差は解消できないため、実際に列挙された146件だけを採用,本文の156と列挙146の差は解消できないため、実際に列挙された146件だけを採用,記録地域: 日本 / 地域根拠: 本文が本種は日本で156種の木材から見出されたと明記する一方、Hosts欄は146分類単位を列挙 / 原著植物名: Maesa tenera / YList採用名: Maesa perlaria var. formosana / 寄主根拠: 本文の日本産寄主数記述と原著のHosts欄 / 掲載頁: 31-32 / 記録地域: 日本 / 地域根拠: 本文が本種は日本で156種の木材から見出されたと明記する一方、Hosts欄は146分類単位を列挙 / 原著植物名: Maesa tenera / YList採用名: Maesa perlaria var. formosana / 寄主根拠: 本文の日本産寄主数記述と原著のHosts欄 / 掲載頁: 31-32
hostplant-SC-N81-GERM-131,species-SC310,文献（国内・明記）,文献（国内・明記）,記録地域: 日本 / 地域根拠: 本文が本種は日本で156種の木材から見出されたと明記する一方、Hosts欄は146分類単位を列挙 / 原著植物名: Ardisia sieboldii / YList採用名: Ardisia sieboldii / 寄主根拠: 本文の日本産寄主数記述と原著のHosts欄 / 掲載頁: 31-32 / 本文の156と列挙146の差は解消できないため、実際に列挙された146件だけを採用,本文の156と列挙146の差は解消できないため、実際に列挙された146件だけを採用,記録地域: 日本 / 地域根拠: 本文が本種は日本で156種の木材から見出されたと明記する一方、Hosts欄は146分類単位を列挙 / 原著植物名: Ardisia sieboldii / YList採用名: Ardisia sieboldii / 寄主根拠: 本文の日本産寄主数記述と原著のHosts欄 / 掲載頁: 31-32 / 記録地域: 日本 / 地域根拠: 本文が本種は日本で156種の木材から見出されたと明記する一方、Hosts欄は146分類単位を列挙 / 原著植物名: Ardisia sieboldii / YList採用名: Ardisia sieboldii / 寄主根拠: 本文の日本産寄主数記述と原著のHosts欄 / 掲載頁: 31-32
hostplant-SC-N81-GERM-132,species-SC310,文献（国内・明記）,文献（国内・明記）,記録地域: 日本 / 地域根拠: 本文が本種は日本で156種の木材から見出されたと明記する一方、Hosts欄は146分類単位を列挙 / 原著植物名: Diospyros kaki / YList採用名: Diospyros kaki / 寄主根拠: 本文の日本産寄主数記述と原著のHosts欄 / 掲載頁: 31-32 / 本文の156と列挙146の差は解消できないため、実際に列挙された146件だけを採用,本文の156と列挙146の差は解消できないため、実際に列挙された146件だけを採用,記録地域: 日本 / 地域根拠: 本文が本種は日本で156種の木材から見出されたと明記する一方、Hosts欄は146分類単位を列挙 / 原著植物名: Diospyros kaki / YList採用名: Diospyros kaki / 寄主根拠: 本文の日本産寄主数記述と原著のHosts欄 / 掲載頁: 31-32 / 記録地域: 日本 / 地域根拠: 本文が本種は日本で156種の木材から見出されたと明記する一方、Hosts欄は146分類単位を列挙 / 原著植物名: Diospyros kaki / YList採用名: Diospyros kaki / 寄主根拠: 本文の日本産寄主数記述と原著のHosts欄 / 掲載頁: 31-32
hostplant-SC-N81-GERM-133,species-SC310,文献（国内・明記）,文献（国内・明記）,記録地域: 日本 / 地域根拠: 本文が本種は日本で156種の木材から見出されたと明記する一方、Hosts欄は146分類単位を列挙 / 原著植物名: Styrax japonica / YList採用名: Styrax japonicus / 寄主根拠: 本文の日本産寄主数記述と原著のHosts欄 / 掲載頁: 31-32 / 本文の156と列挙146の差は解消できないため、実際に列挙された146件だけを採用,本文の156と列挙146の差は解消できないため、実際に列挙された146件だけを採用,記録地域: 日本 / 地域根拠: 本文が本種は日本で156種の木材から見出されたと明記する一方、Hosts欄は146分類単位を列挙 / 原著植物名: Styrax japonica / YList採用名: Styrax japonicus / 寄主根拠: 本文の日本産寄主数記述と原著のHosts欄 / 掲載頁: 31-32 / 記録地域: 日本 / 地域根拠: 本文が本種は日本で156種の木材から見出されたと明記する一方、Hosts欄は146分類単位を列挙 / 原著植物名: Styrax japonica / YList採用名: Styrax japonicus / 寄主根拠: 本文の日本産寄主数記述と原著のHosts欄 / 掲載頁: 31-32
hostplant-SC-N81-GERM-134,species-SC310,文献（国内・明記）,文献（国内・明記）,記録地域: 日本 / 地域根拠: 本文が本種は日本で156種の木材から見出されたと明記する一方、Hosts欄は146分類単位を列挙 / 原著植物名: Styrax obassia / YList採用名: Styrax obassia / 寄主根拠: 本文の日本産寄主数記述と原著のHosts欄 / 掲載頁: 31-32 / 本文の156と列挙146の差は解消できないため、実際に列挙された146件だけを採用,本文の156と列挙146の差は解消できないため、実際に列挙された146件だけを採用,記録地域: 日本 / 地域根拠: 本文が本種は日本で156種の木材から見出されたと明記する一方、Hosts欄は146分類単位を列挙 / 原著植物名: Styrax obassia / YList採用名: Styrax obassia / 寄主根拠: 本文の日本産寄主数記述と原著のHosts欄 / 掲載頁: 31-32 / 記録地域: 日本 / 地域根拠: 本文が本種は日本で156種の木材から見出されたと明記する一方、Hosts欄は146分類単位を列挙 / 原著植物名: Styrax obassia / YList採用名: Styrax obassia / 寄主根拠: 本文の日本産寄主数記述と原著のHosts欄 / 掲載頁: 31-32
hostplant-SC-N81-GERM-135,species-SC310,文献（国内・明記）,文献（国内・明記）,記録地域: 日本 / 地域根拠: 本文が本種は日本で156種の木材から見出されたと明記する一方、Hosts欄は146分類単位を列挙 / 原著植物名: Fraxinus mandshurica var. japonica / YList採用名: Fraxinus mandshurica / 寄主根拠: 本文の日本産寄主数記述と原著のHosts欄 / 掲載頁: 31-32 / 本文の156と列挙146の差は解消できないため、実際に列挙された146件だけを採用,本文の156と列挙146の差は解消できないため、実際に列挙された146件だけを採用,記録地域: 日本 / 地域根拠: 本文が本種は日本で156種の木材から見出されたと明記する一方、Hosts欄は146分類単位を列挙 / 原著植物名: Fraxinus mandshurica var. japonica / YList採用名: Fraxinus mandshurica / 寄主根拠: 本文の日本産寄主数記述と原著のHosts欄 / 掲載頁: 31-32 / 記録地域: 日本 / 地域根拠: 本文が本種は日本で156種の木材から見出されたと明記する一方、Hosts欄は146分類単位を列挙 / 原著植物名: Fraxinus mandshurica var. japonica / YList採用名: Fraxinus mandshurica / 寄主根拠: 本文の日本産寄主数記述と原著のHosts欄 / 掲載頁: 31-32
hostplant-SC-N81-GERM-136,species-SC310,文献（国内・明記）,文献（国内・明記）,記録地域: 日本 / 地域根拠: 本文が本種は日本で156種の木材から見出されたと明記する一方、Hosts欄は146分類単位を列挙 / 原著植物名: Fraxinus longicuspis / YList採用名: Fraxinus longicuspis / 寄主根拠: 本文の日本産寄主数記述と原著のHosts欄 / 掲載頁: 31-32 / 本文の156と列挙146の差は解消できないため、実際に列挙された146件だけを採用,本文の156と列挙146の差は解消できないため、実際に列挙された146件だけを採用,記録地域: 日本 / 地域根拠: 本文が本種は日本で156種の木材から見出されたと明記する一方、Hosts欄は146分類単位を列挙 / 原著植物名: Fraxinus longicuspis / YList採用名: Fraxinus longicuspis / 寄主根拠: 本文の日本産寄主数記述と原著のHosts欄 / 掲載頁: 31-32 / 記録地域: 日本 / 地域根拠: 本文が本種は日本で156種の木材から見出されたと明記する一方、Hosts欄は146分類単位を列挙 / 原著植物名: Fraxinus longicuspis / YList採用名: Fraxinus longicuspis / 寄主根拠: 本文の日本産寄主数記述と原著のHosts欄 / 掲載頁: 31-32
hostplant-SC-N81-GERM-137,species-SC310,文献（国内・明記）,文献（国内・明記）,記録地域: 日本 / 地域根拠: 本文が本種は日本で156種の木材から見出されたと明記する一方、Hosts欄は146分類単位を列挙 / 原著植物名: Fraxinus lanuginosa var. serrata / YList採用名: Fraxinus lanuginosa f. serrata / 寄主根拠: 本文の日本産寄主数記述と原著のHosts欄 / 掲載頁: 31-32 / 本文の156と列挙146の差は解消できないため、実際に列挙された146件だけを採用,本文の156と列挙146の差は解消できないため、実際に列挙された146件だけを採用,記録地域: 日本 / 地域根拠: 本文が本種は日本で156種の木材から見出されたと明記する一方、Hosts欄は146分類単位を列挙 / 原著植物名: Fraxinus lanuginosa var. serrata / YList採用名: Fraxinus lanuginosa f. serrata / 寄主根拠: 本文の日本産寄主数記述と原著のHosts欄 / 掲載頁: 31-32 / 記録地域: 日本 / 地域根拠: 本文が本種は日本で156種の木材から見出されたと明記する一方、Hosts欄は146分類単位を列挙 / 原著植物名: Fraxinus lanuginosa var. serrata / YList採用名: Fraxinus lanuginosa f. serrata / 寄主根拠: 本文の日本産寄主数記述と原著のHosts欄 / 掲載頁: 31-32
hostplant-SC-N81-GERM-138,species-SC310,文献（国内・明記）,文献（国内・明記）,記録地域: 日本 / 地域根拠: 本文が本種は日本で156種の木材から見出されたと明記する一方、Hosts欄は146分類単位を列挙 / 原著植物名: Callicarpa japonica / YList採用名: Callicarpa japonica / 寄主根拠: 本文の日本産寄主数記述と原著のHosts欄 / 掲載頁: 31-32 / 本文の156と列挙146の差は解消できないため、実際に列挙された146件だけを採用,本文の156と列挙146の差は解消できないため、実際に列挙された146件だけを採用,記録地域: 日本 / 地域根拠: 本文が本種は日本で156種の木材から見出されたと明記する一方、Hosts欄は146分類単位を列挙 / 原著植物名: Callicarpa japonica / YList採用名: Callicarpa japonica / 寄主根拠: 本文の日本産寄主数記述と原著のHosts欄 / 掲載頁: 31-32 / 記録地域: 日本 / 地域根拠: 本文が本種は日本で156種の木材から見出されたと明記する一方、Hosts欄は146分類単位を列挙 / 原著植物名: Callicarpa japonica / YList採用名: Callicarpa japonica / 寄主根拠: 本文の日本産寄主数記述と原著のHosts欄 / 掲載頁: 31-32
hostplant-SC-N81-GERM-139,species-SC310,文献（国内・明記）,文献（国内・明記）,記録地域: 日本 / 地域根拠: 本文が本種は日本で156種の木材から見出されたと明記する一方、Hosts欄は146分類単位を列挙 / 原著植物名: Clerodendron trichotomum / YList採用名: Clerodendrum trichotomum var. trichotomum / 寄主根拠: 本文の日本産寄主数記述と原著のHosts欄 / 掲載頁: 31-32 / 本文の156と列挙146の差は解消できないため、実際に列挙された146件だけを採用,本文の156と列挙146の差は解消できないため、実際に列挙された146件だけを採用,記録地域: 日本 / 地域根拠: 本文が本種は日本で156種の木材から見出されたと明記する一方、Hosts欄は146分類単位を列挙 / 原著植物名: Clerodendron trichotomum / YList採用名: Clerodendrum trichotomum var. trichotomum / 寄主根拠: 本文の日本産寄主数記述と原著のHosts欄 / 掲載頁: 31-32 / 記録地域: 日本 / 地域根拠: 本文が本種は日本で156種の木材から見出されたと明記する一方、Hosts欄は146分類単位を列挙 / 原著植物名: Clerodendron trichotomum / YList採用名: Clerodendrum trichotomum var. trichotomum / 寄主根拠: 本文の日本産寄主数記述と原著のHosts欄 / 掲載頁: 31-32
hostplant-SC-N81-GERM-140,species-SC310,文献（国内・明記）,文献（国内・明記）,記録地域: 日本 / 地域根拠: 本文が本種は日本で156種の木材から見出されたと明記する一方、Hosts欄は146分類単位を列挙 / 原著植物名: Premna japonica / YList採用名: Premna microphylla / 寄主根拠: 本文の日本産寄主数記述と原著のHosts欄 / 掲載頁: 31-32 / 本文の156と列挙146の差は解消できないため、実際に列挙された146件だけを採用,本文の156と列挙146の差は解消できないため、実際に列挙された146件だけを採用,記録地域: 日本 / 地域根拠: 本文が本種は日本で156種の木材から見出されたと明記する一方、Hosts欄は146分類単位を列挙 / 原著植物名: Premna japonica / YList採用名: Premna microphylla / 寄主根拠: 本文の日本産寄主数記述と原著のHosts欄 / 掲載頁: 31-32 / 記録地域: 日本 / 地域根拠: 本文が本種は日本で156種の木材から見出されたと明記する一方、Hosts欄は146分類単位を列挙 / 原著植物名: Premna japonica / YList採用名: Premna microphylla / 寄主根拠: 本文の日本産寄主数記述と原著のHosts欄 / 掲載頁: 31-32
hostplant-SC-N81-GERM-141,species-SC310,文献（国内・明記）,文献（国内・明記）,記録地域: 日本 / 地域根拠: 本文が本種は日本で156種の木材から見出されたと明記する一方、Hosts欄は146分類単位を列挙 / 原著植物名: Paulownia tomentosa / YList採用名: Paulownia tomentosa / 寄主根拠: 本文の日本産寄主数記述と原著のHosts欄 / 掲載頁: 31-32 / 本文の156と列挙146の差は解消できないため、実際に列挙された146件だけを採用,本文の156と列挙146の差は解消できないため、実際に列挙された146件だけを採用,記録地域: 日本 / 地域根拠: 本文が本種は日本で156種の木材から見出されたと明記する一方、Hosts欄は146分類単位を列挙 / 原著植物名: Paulownia tomentosa / YList採用名: Paulownia tomentosa / 寄主根拠: 本文の日本産寄主数記述と原著のHosts欄 / 掲載頁: 31-32 / 記録地域: 日本 / 地域根拠: 本文が本種は日本で156種の木材から見出されたと明記する一方、Hosts欄は146分類単位を列挙 / 原著植物名: Paulownia tomentosa / YList採用名: Paulownia tomentosa / 寄主根拠: 本文の日本産寄主数記述と原著のHosts欄 / 掲載頁: 31-32
hostplant-SC-N81-GERM-142,species-SC310,文献（国内・明記）,文献（国内・明記）,記録地域: 日本 / 地域根拠: 本文が本種は日本で156種の木材から見出されたと明記する一方、Hosts欄は146分類単位を列挙 / 原著植物名: Catalpa ovata / YList採用名: Catalpa ovata / 寄主根拠: 本文の日本産寄主数記述と原著のHosts欄 / 掲載頁: 31-32 / 本文の156と列挙146の差は解消できないため、実際に列挙された146件だけを採用,本文の156と列挙146の差は解消できないため、実際に列挙された146件だけを採用,記録地域: 日本 / 地域根拠: 本文が本種は日本で156種の木材から見出されたと明記する一方、Hosts欄は146分類単位を列挙 / 原著植物名: Catalpa ovata / YList採用名: Catalpa ovata / 寄主根拠: 本文の日本産寄主数記述と原著のHosts欄 / 掲載頁: 31-32 / 記録地域: 日本 / 地域根拠: 本文が本種は日本で156種の木材から見出されたと明記する一方、Hosts欄は146分類単位を列挙 / 原著植物名: Catalpa ovata / YList採用名: Catalpa ovata / 寄主根拠: 本文の日本産寄主数記述と原著のHosts欄 / 掲載頁: 31-32
hostplant-SC-N81-GERM-143,species-SC310,文献（国内・明記）,文献（国内・明記）,記録地域: 日本 / 地域根拠: 本文が本種は日本で156種の木材から見出されたと明記する一方、Hosts欄は146分類単位を列挙 / 原著植物名: Sambucus racemosa subsp. sieboldiana / YList採用名: Sambucus racemosa subsp. sieboldiana / 寄主根拠: 本文の日本産寄主数記述と原著のHosts欄 / 掲載頁: 31-32 / 本文の156と列挙146の差は解消できないため、実際に列挙された146件だけを採用,本文の156と列挙146の差は解消できないため、実際に列挙された146件だけを採用,記録地域: 日本 / 地域根拠: 本文が本種は日本で156種の木材から見出されたと明記する一方、Hosts欄は146分類単位を列挙 / 原著植物名: Sambucus racemosa subsp. sieboldiana / YList採用名: Sambucus racemosa subsp. sieboldiana / 寄主根拠: 本文の日本産寄主数記述と原著のHosts欄 / 掲載頁: 31-32 / 記録地域: 日本 / 地域根拠: 本文が本種は日本で156種の木材から見出されたと明記する一方、Hosts欄は146分類単位を列挙 / 原著植物名: Sambucus racemosa subsp. sieboldiana / YList採用名: Sambucus racemosa subsp. sieboldiana / 寄主根拠: 本文の日本産寄主数記述と原著のHosts欄 / 掲載頁: 31-32
hostplant-SC-N81-GERM-144,species-SC310,文献（国内・明記）,文献（国内・明記）,記録地域: 日本 / 地域根拠: 本文が本種は日本で156種の木材から見出されたと明記する一方、Hosts欄は146分類単位を列挙 / 原著植物名: Viburnum plicatum var. tomentosum / YList採用名: Viburnum plicatum var. tomentosum / 寄主根拠: 本文の日本産寄主数記述と原著のHosts欄 / 掲載頁: 31-32 / 本文の156と列挙146の差は解消できないため、実際に列挙された146件だけを採用,本文の156と列挙146の差は解消できないため、実際に列挙された146件だけを採用,記録地域: 日本 / 地域根拠: 本文が本種は日本で156種の木材から見出されたと明記する一方、Hosts欄は146分類単位を列挙 / 原著植物名: Viburnum plicatum var. tomentosum / YList採用名: Viburnum plicatum var. tomentosum / 寄主根拠: 本文の日本産寄主数記述と原著のHosts欄 / 掲載頁: 31-32 / 記録地域: 日本 / 地域根拠: 本文が本種は日本で156種の木材から見出されたと明記する一方、Hosts欄は146分類単位を列挙 / 原著植物名: Viburnum plicatum var. tomentosum / YList採用名: Viburnum plicatum var. tomentosum / 寄主根拠: 本文の日本産寄主数記述と原著のHosts欄 / 掲載頁: 31-32
hostplant-SC-N81-GERM-145,species-SC310,文献（国内・明記）,文献（国内・明記）,記録地域: 日本 / 地域根拠: 本文が本種は日本で156種の木材から見出されたと明記する一方、Hosts欄は146分類単位を列挙 / 原著植物名: Viburnum dilatatum / YList採用名: Viburnum dilatatum / 寄主根拠: 本文の日本産寄主数記述と原著のHosts欄 / 掲載頁: 31-32 / 本文の156と列挙146の差は解消できないため、実際に列挙された146件だけを採用,本文の156と列挙146の差は解消できないため、実際に列挙された146件だけを採用,記録地域: 日本 / 地域根拠: 本文が本種は日本で156種の木材から見出されたと明記する一方、Hosts欄は146分類単位を列挙 / 原著植物名: Viburnum dilatatum / YList採用名: Viburnum dilatatum / 寄主根拠: 本文の日本産寄主数記述と原著のHosts欄 / 掲載頁: 31-32 / 記録地域: 日本 / 地域根拠: 本文が本種は日本で156種の木材から見出されたと明記する一方、Hosts欄は146分類単位を列挙 / 原著植物名: Viburnum dilatatum / YList採用名: Viburnum dilatatum / 寄主根拠: 本文の日本産寄主数記述と原著のHosts欄 / 掲載頁: 31-32
hostplant-SC-N81-GERM-146,species-SC310,文献（国内・明記）,文献（国内・明記）,記録地域: 日本 / 地域根拠: 本文が本種は日本で156種の木材から見出されたと明記する一方、Hosts欄は146分類単位を列挙 / 原著植物名: Weigela hortensis / YList採用名: Weigela hortensis / 寄主根拠: 本文の日本産寄主数記述と原著のHosts欄 / 掲載頁: 31-32 / 本文の156と列挙146の差は解消できないため、実際に列挙された146件だけを採用,本文の156と列挙146の差は解消できないため、実際に列挙された146件だけを採用,記録地域: 日本 / 地域根拠: 本文が本種は日本で156種の木材から見出されたと明記する一方、Hosts欄は146分類単位を列挙 / 原著植物名: Weigela hortensis / YList採用名: Weigela hortensis / 寄主根拠: 本文の日本産寄主数記述と原著のHosts欄 / 掲載頁: 31-32 / 記録地域: 日本 / 地域根拠: 本文が本種は日本で156種の木材から見出されたと明記する一方、Hosts欄は146分類単位を列挙 / 原著植物名: Weigela hortensis / YList採用名: Weigela hortensis / 寄主根拠: 本文の日本産寄主数記述と原著のHosts欄 / 掲載頁: 31-32
hostplant-SC-N81-COMP-01,species-SC306,文献（地域不明）,文献（地域不明）,記録地域: 地域不明 / 地域根拠: Hosts欄に国別対応がなく、分布欄は日本を含む広域のため、チャ以外は国内外を分離できない / 原著植物名: Quercus glauca / YList採用名: Quercus glauca / 寄主根拠: 原著のHosts欄 / 掲載頁: 34 / Camellia sinensisだけはRemarks欄の日本記録により国内・明記へ上書き,Camellia sinensisだけはRemarks欄の日本記録により国内・明記へ上書き,記録地域: 地域不明 / 地域根拠: Hosts欄に国別対応がなく、分布欄は日本を含む広域のため、チャ以外は国内外を分離できない / 原著植物名: Quercus glauca / YList採用名: Quercus glauca / 寄主根拠: 原著のHosts欄 / 掲載頁: 34 / 記録地域: 地域不明 / 地域根拠: Hosts欄に国別対応がなく、分布欄は日本を含む広域のため、チャ以外は国内外を分離できない / 原著植物名: Quercus glauca / YList採用名: Quercus glauca / 寄主根拠: 原著のHosts欄 / 掲載頁: 34
hostplant-SC-N81-COMP-02,species-SC306,文献（地域不明）,文献（地域不明）,記録地域: 地域不明 / 地域根拠: Hosts欄に国別対応がなく、分布欄は日本を含む広域のため、チャ以外は国内外を分離できない / 原著植物名: Quercus myrsinaefolia / YList採用名: Quercus myrsinaefolia / 寄主根拠: 原著のHosts欄 / 掲載頁: 34 / Camellia sinensisだけはRemarks欄の日本記録により国内・明記へ上書き,Camellia sinensisだけはRemarks欄の日本記録により国内・明記へ上書き,記録地域: 地域不明 / 地域根拠: Hosts欄に国別対応がなく、分布欄は日本を含む広域のため、チャ以外は国内外を分離できない / 原著植物名: Quercus myrsinaefolia / YList採用名: Quercus myrsinaefolia / 寄主根拠: 原著のHosts欄 / 掲載頁: 34 / 記録地域: 地域不明 / 地域根拠: Hosts欄に国別対応がなく、分布欄は日本を含む広域のため、チャ以外は国内外を分離できない / 原著植物名: Quercus myrsinaefolia / YList採用名: Quercus myrsinaefolia / 寄主根拠: 原著のHosts欄 / 掲載頁: 34
hostplant-SC-N81-COMP-03,species-SC306,文献（地域不明）,文献（地域不明）,記録地域: 地域不明 / 地域根拠: Hosts欄に国別対応がなく、分布欄は日本を含む広域のため、チャ以外は国内外を分離できない / 原著植物名: Castanopsis cuspidata / YList採用名: Castanopsis cuspidata / 寄主根拠: 原著のHosts欄 / 掲載頁: 34 / Camellia sinensisだけはRemarks欄の日本記録により国内・明記へ上書き,Camellia sinensisだけはRemarks欄の日本記録により国内・明記へ上書き,記録地域: 地域不明 / 地域根拠: Hosts欄に国別対応がなく、分布欄は日本を含む広域のため、チャ以外は国内外を分離できない / 原著植物名: Castanopsis cuspidata / YList採用名: Castanopsis cuspidata / 寄主根拠: 原著のHosts欄 / 掲載頁: 34 / 記録地域: 地域不明 / 地域根拠: Hosts欄に国別対応がなく、分布欄は日本を含む広域のため、チャ以外は国内外を分離できない / 原著植物名: Castanopsis cuspidata / YList採用名: Castanopsis cuspidata / 寄主根拠: 原著のHosts欄 / 掲載頁: 34
hostplant-SC-N81-COMP-04,species-SC306,文献（地域不明）,文献（地域不明）,記録地域: 地域不明 / 地域根拠: Hosts欄に国別対応がなく、分布欄は日本を含む広域のため、チャ以外は国内外を分離できない / 原著植物名: Castanopsis cuspidata var. sieboldii / YList採用名: Castanopsis sieboldii subsp. sieboldii / 寄主根拠: 原著のHosts欄 / 掲載頁: 34 / Camellia sinensisだけはRemarks欄の日本記録により国内・明記へ上書き,Camellia sinensisだけはRemarks欄の日本記録により国内・明記へ上書き,記録地域: 地域不明 / 地域根拠: Hosts欄に国別対応がなく、分布欄は日本を含む広域のため、チャ以外は国内外を分離できない / 原著植物名: Castanopsis cuspidata var. sieboldii / YList採用名: Castanopsis sieboldii subsp. sieboldii / 寄主根拠: 原著のHosts欄 / 掲載頁: 34 / 記録地域: 地域不明 / 地域根拠: Hosts欄に国別対応がなく、分布欄は日本を含む広域のため、チャ以外は国内外を分離できない / 原著植物名: Castanopsis cuspidata var. sieboldii / YList採用名: Castanopsis sieboldii subsp. sieboldii / 寄主根拠: 原著のHosts欄 / 掲載頁: 34
hostplant-SC-N81-COMP-05,species-SC306,文献（地域不明）,文献（地域不明）,記録地域: 地域不明 / 地域根拠: Hosts欄に国別対応がなく、分布欄は日本を含む広域のため、チャ以外は国内外を分離できない / 原著植物名: Nandina domestica / YList採用名: Nandina domestica / 寄主根拠: 原著のHosts欄 / 掲載頁: 34 / Camellia sinensisだけはRemarks欄の日本記録により国内・明記へ上書き,Camellia sinensisだけはRemarks欄の日本記録により国内・明記へ上書き,記録地域: 地域不明 / 地域根拠: Hosts欄に国別対応がなく、分布欄は日本を含む広域のため、チャ以外は国内外を分離できない / 原著植物名: Nandina domestica / YList採用名: Nandina domestica / 寄主根拠: 原著のHosts欄 / 掲載頁: 34 / 記録地域: 地域不明 / 地域根拠: Hosts欄に国別対応がなく、分布欄は日本を含む広域のため、チャ以外は国内外を分離できない / 原著植物名: Nandina domestica / YList採用名: Nandina domestica / 寄主根拠: 原著のHosts欄 / 掲載頁: 34
hostplant-SC-N81-COMP-06,species-SC306,文献（地域不明）,文献（地域不明）,記録地域: 地域不明 / 地域根拠: Hosts欄に国別対応がなく、分布欄は日本を含む広域のため、チャ以外は国内外を分離できない / 原著植物名: Cinnamomum camphora / YList採用名: Cinnamomum camphora / 寄主根拠: 原著のHosts欄 / 掲載頁: 34 / Camellia sinensisだけはRemarks欄の日本記録により国内・明記へ上書き,Camellia sinensisだけはRemarks欄の日本記録により国内・明記へ上書き,記録地域: 地域不明 / 地域根拠: Hosts欄に国別対応がなく、分布欄は日本を含む広域のため、チャ以外は国内外を分離できない / 原著植物名: Cinnamomum camphora / YList採用名: Cinnamomum camphora / 寄主根拠: 原著のHosts欄 / 掲載頁: 34 / 記録地域: 地域不明 / 地域根拠: Hosts欄に国別対応がなく、分布欄は日本を含む広域のため、チャ以外は国内外を分離できない / 原著植物名: Cinnamomum camphora / YList採用名: Cinnamomum camphora / 寄主根拠: 原著のHosts欄 / 掲載頁: 34
hostplant-SC-N81-COMP-07,species-SC306,文献（地域不明）,文献（地域不明）,記録地域: 地域不明 / 地域根拠: Hosts欄に国別対応がなく、分布欄は日本を含む広域のため、チャ以外は国内外を分離できない / 原著植物名: Cinnamomum japonicum / YList採用名: Cinnamomum yabunikkei / 寄主根拠: 原著のHosts欄 / 掲載頁: 34 / Camellia sinensisだけはRemarks欄の日本記録により国内・明記へ上書き,Camellia sinensisだけはRemarks欄の日本記録により国内・明記へ上書き,記録地域: 地域不明 / 地域根拠: Hosts欄に国別対応がなく、分布欄は日本を含む広域のため、チャ以外は国内外を分離できない / 原著植物名: Cinnamomum japonicum / YList採用名: Cinnamomum yabunikkei / 寄主根拠: 原著のHosts欄 / 掲載頁: 34 / 記録地域: 地域不明 / 地域根拠: Hosts欄に国別対応がなく、分布欄は日本を含む広域のため、チャ以外は国内外を分離できない / 原著植物名: Cinnamomum japonicum / YList採用名: Cinnamomum yabunikkei / 寄主根拠: 原著のHosts欄 / 掲載頁: 34
hostplant-SC-N81-COMP-08,species-SC306,文献（地域不明）,文献（地域不明）,記録地域: 地域不明 / 地域根拠: Hosts欄に国別対応がなく、分布欄は日本を含む広域のため、チャ以外は国内外を分離できない / 原著植物名: Machilus thunbergii / YList採用名: Machilus thunbergii / 寄主根拠: 原著のHosts欄 / 掲載頁: 34 / Camellia sinensisだけはRemarks欄の日本記録により国内・明記へ上書き,Camellia sinensisだけはRemarks欄の日本記録により国内・明記へ上書き,記録地域: 地域不明 / 地域根拠: Hosts欄に国別対応がなく、分布欄は日本を含む広域のため、チャ以外は国内外を分離できない / 原著植物名: Machilus thunbergii / YList採用名: Machilus thunbergii / 寄主根拠: 原著のHosts欄 / 掲載頁: 34 / 記録地域: 地域不明 / 地域根拠: Hosts欄に国別対応がなく、分布欄は日本を含む広域のため、チャ以外は国内外を分離できない / 原著植物名: Machilus thunbergii / YList採用名: Machilus thunbergii / 寄主根拠: 原著のHosts欄 / 掲載頁: 34
hostplant-SC-N81-COMP-09,species-SC306,文献（地域不明）,文献（地域不明）,記録地域: 地域不明 / 地域根拠: Hosts欄に国別対応がなく、分布欄は日本を含む広域のため、チャ以外は国内外を分離できない / 原著植物名: Laurus nobilis / YList採用名: Laurus nobilis / 寄主根拠: 原著のHosts欄 / 掲載頁: 34 / Camellia sinensisだけはRemarks欄の日本記録により国内・明記へ上書き,Camellia sinensisだけはRemarks欄の日本記録により国内・明記へ上書き,記録地域: 地域不明 / 地域根拠: Hosts欄に国別対応がなく、分布欄は日本を含む広域のため、チャ以外は国内外を分離できない / 原著植物名: Laurus nobilis / YList採用名: Laurus nobilis / 寄主根拠: 原著のHosts欄 / 掲載頁: 34 / 記録地域: 地域不明 / 地域根拠: Hosts欄に国別対応がなく、分布欄は日本を含む広域のため、チャ以外は国内外を分離できない / 原著植物名: Laurus nobilis / YList採用名: Laurus nobilis / 寄主根拠: 原著のHosts欄 / 掲載頁: 34
hostplant-SC-N81-COMP-10,species-SC306,文献（地域不明）,文献（地域不明）,記録地域: 地域不明 / 地域根拠: Hosts欄に国別対応がなく、分布欄は日本を含む広域のため、チャ以外は国内外を分離できない / 原著植物名: Leucaena glauca / YList採用名: Leucaena leucocephala / 寄主根拠: 原著のHosts欄 / 掲載頁: 34 / Camellia sinensisだけはRemarks欄の日本記録により国内・明記へ上書き,Camellia sinensisだけはRemarks欄の日本記録により国内・明記へ上書き,記録地域: 地域不明 / 地域根拠: Hosts欄に国別対応がなく、分布欄は日本を含む広域のため、チャ以外は国内外を分離できない / 原著植物名: Leucaena glauca / YList採用名: Leucaena leucocephala / 寄主根拠: 原著のHosts欄 / 掲載頁: 34 / 記録地域: 地域不明 / 地域根拠: Hosts欄に国別対応がなく、分布欄は日本を含む広域のため、チャ以外は国内外を分離できない / 原著植物名: Leucaena glauca / YList採用名: Leucaena leucocephala / 寄主根拠: 原著のHosts欄 / 掲載頁: 34
hostplant-SC-N81-COMP-11,species-SC306,文献（地域不明）,文献（地域不明）,記録地域: 地域不明 / 地域根拠: Hosts欄に国別対応がなく、分布欄は日本を含む広域のため、チャ以外は国内外を分離できない / 原著植物名: Acacia mollissima / YList採用名: Acacia mearnsii / 寄主根拠: 原著のHosts欄 / 掲載頁: 34 / Camellia sinensisだけはRemarks欄の日本記録により国内・明記へ上書き,Camellia sinensisだけはRemarks欄の日本記録により国内・明記へ上書き,記録地域: 地域不明 / 地域根拠: Hosts欄に国別対応がなく、分布欄は日本を含む広域のため、チャ以外は国内外を分離できない / 原著植物名: Acacia mollissima / YList採用名: Acacia mearnsii / 寄主根拠: 原著のHosts欄 / 掲載頁: 34 / 記録地域: 地域不明 / 地域根拠: Hosts欄に国別対応がなく、分布欄は日本を含む広域のため、チャ以外は国内外を分離できない / 原著植物名: Acacia mollissima / YList採用名: Acacia mearnsii / 寄主根拠: 原著のHosts欄 / 掲載頁: 34
hostplant-SC-N81-COMP-12,species-SC306,文献（地域不明）,文献（地域不明）,記録地域: 地域不明 / 地域根拠: Hosts欄に国別対応がなく、分布欄は日本を含む広域のため、チャ以外は国内外を分離できない / 原著植物名: Albizia julibrissin / YList採用名: Albizia julibrissin / 寄主根拠: 原著のHosts欄 / 掲載頁: 34 / Camellia sinensisだけはRemarks欄の日本記録により国内・明記へ上書き,Camellia sinensisだけはRemarks欄の日本記録により国内・明記へ上書き,記録地域: 地域不明 / 地域根拠: Hosts欄に国別対応がなく、分布欄は日本を含む広域のため、チャ以外は国内外を分離できない / 原著植物名: Albizia julibrissin / YList採用名: Albizia julibrissin / 寄主根拠: 原著のHosts欄 / 掲載頁: 34 / 記録地域: 地域不明 / 地域根拠: Hosts欄に国別対応がなく、分布欄は日本を含む広域のため、チャ以外は国内外を分離できない / 原著植物名: Albizia julibrissin / YList採用名: Albizia julibrissin / 寄主根拠: 原著のHosts欄 / 掲載頁: 34
hostplant-SC-N81-COMP-13,species-SC306,文献（地域不明）,文献（地域不明）,記録地域: 地域不明 / 地域根拠: Hosts欄に国別対応がなく、分布欄は日本を含む広域のため、チャ以外は国内外を分離できない / 原著植物名: Prunus sargentii subsp. jamasakura / YList採用名: Cerasus jamasakura / 寄主根拠: 原著のHosts欄 / 掲載頁: 34 / Camellia sinensisだけはRemarks欄の日本記録により国内・明記へ上書き,Camellia sinensisだけはRemarks欄の日本記録により国内・明記へ上書き,記録地域: 地域不明 / 地域根拠: Hosts欄に国別対応がなく、分布欄は日本を含む広域のため、チャ以外は国内外を分離できない / 原著植物名: Prunus sargentii subsp. jamasakura / YList採用名: Cerasus jamasakura / 寄主根拠: 原著のHosts欄 / 掲載頁: 34 / 記録地域: 地域不明 / 地域根拠: Hosts欄に国別対応がなく、分布欄は日本を含む広域のため、チャ以外は国内外を分離できない / 原著植物名: Prunus sargentii subsp. jamasakura / YList採用名: Cerasus jamasakura / 寄主根拠: 原著のHosts欄 / 掲載頁: 34
hostplant-SC-N81-COMP-14,species-SC306,文献（地域不明）,文献（地域不明）,記録地域: 地域不明 / 地域根拠: Hosts欄に国別対応がなく、分布欄は日本を含む広域のため、チャ以外は国内外を分離できない / 原著植物名: Zanthoxylum piperitum / YList採用名: Zanthoxylum piperitum / 寄主根拠: 原著のHosts欄 / 掲載頁: 34 / Camellia sinensisだけはRemarks欄の日本記録により国内・明記へ上書き,Camellia sinensisだけはRemarks欄の日本記録により国内・明記へ上書き,記録地域: 地域不明 / 地域根拠: Hosts欄に国別対応がなく、分布欄は日本を含む広域のため、チャ以外は国内外を分離できない / 原著植物名: Zanthoxylum piperitum / YList採用名: Zanthoxylum piperitum / 寄主根拠: 原著のHosts欄 / 掲載頁: 34 / 記録地域: 地域不明 / 地域根拠: Hosts欄に国別対応がなく、分布欄は日本を含む広域のため、チャ以外は国内外を分離できない / 原著植物名: Zanthoxylum piperitum / YList採用名: Zanthoxylum piperitum / 寄主根拠: 原著のHosts欄 / 掲載頁: 34
hostplant-SC-N81-COMP-15,species-SC306,文献（地域不明）,文献（地域不明）,記録地域: 地域不明 / 地域根拠: Hosts欄に国別対応がなく、分布欄は日本を含む広域のため、チャ以外は国内外を分離できない / 原著植物名: Elaeocarpus sylvestris var. ellipticus / YList採用名: Elaeocarpus zollingeri var. zollingeri / 寄主根拠: 原著のHosts欄 / 掲載頁: 34 / Camellia sinensisだけはRemarks欄の日本記録により国内・明記へ上書き,Camellia sinensisだけはRemarks欄の日本記録により国内・明記へ上書き,記録地域: 地域不明 / 地域根拠: Hosts欄に国別対応がなく、分布欄は日本を含む広域のため、チャ以外は国内外を分離できない / 原著植物名: Elaeocarpus sylvestris var. ellipticus / YList採用名: Elaeocarpus zollingeri var. zollingeri / 寄主根拠: 原著のHosts欄 / 掲載頁: 34 / 記録地域: 地域不明 / 地域根拠: Hosts欄に国別対応がなく、分布欄は日本を含む広域のため、チャ以外は国内外を分離できない / 原著植物名: Elaeocarpus sylvestris var. ellipticus / YList採用名: Elaeocarpus zollingeri var. zollingeri / 寄主根拠: 原著のHosts欄 / 掲載頁: 34
hostplant-SC-N81-COMP-16,species-SC306,文献（国内・明記）,文献（国内・明記）,記録地域: 日本 / 地域根拠: Remarks欄が日本のチャの枝での加害を明記 / 原著植物名: Camellia sinensis / YList採用名: Camellia sinensis / 寄主根拠: Hosts欄と日本のチャに関するRemarks欄 / 掲載頁: 34 / Camellia sinensisだけはRemarks欄の日本記録により国内・明記へ上書き,Camellia sinensisだけはRemarks欄の日本記録により国内・明記へ上書き,記録地域: 日本 / 地域根拠: Remarks欄が日本のチャの枝での加害を明記 / 原著植物名: Camellia sinensis / YList採用名: Camellia sinensis / 寄主根拠: Hosts欄と日本のチャに関するRemarks欄 / 掲載頁: 34 / 記録地域: 日本 / 地域根拠: Remarks欄が日本のチャの枝での加害を明記 / 原著植物名: Camellia sinensis / YList採用名: Camellia sinensis / 寄主根拠: Hosts欄と日本のチャに関するRemarks欄 / 掲載頁: 34
hostplant-SC-N81-COMP-17,species-SC306,文献（地域不明）,文献（地域不明）,記録地域: 地域不明 / 地域根拠: Hosts欄に国別対応がなく、分布欄は日本を含む広域のため、チャ以外は国内外を分離できない / 原著植物名: Nyssa sylvatica / YList採用名: Nyssa sylvatica / 寄主根拠: 原著のHosts欄 / 掲載頁: 34 / Camellia sinensisだけはRemarks欄の日本記録により国内・明記へ上書き,Camellia sinensisだけはRemarks欄の日本記録により国内・明記へ上書き,記録地域: 地域不明 / 地域根拠: Hosts欄に国別対応がなく、分布欄は日本を含む広域のため、チャ以外は国内外を分離できない / 原著植物名: Nyssa sylvatica / YList採用名: Nyssa sylvatica / 寄主根拠: 原著のHosts欄 / 掲載頁: 34 / 記録地域: 地域不明 / 地域根拠: Hosts欄に国別対応がなく、分布欄は日本を含む広域のため、チャ以外は国内外を分離できない / 原著植物名: Nyssa sylvatica / YList採用名: Nyssa sylvatica / 寄主根拠: 原著のHosts欄 / 掲載頁: 34
hostplant-SC-N81-COMP-18,species-SC306,文献（地域不明）,文献（地域不明）,記録地域: 地域不明 / 地域根拠: Hosts欄に国別対応がなく、分布欄は日本を含む広域のため、チャ以外は国内外を分離できない / 原著植物名: Diospyros kaki / YList採用名: Diospyros kaki / 寄主根拠: 原著のHosts欄 / 掲載頁: 34 / Camellia sinensisだけはRemarks欄の日本記録により国内・明記へ上書き,Camellia sinensisだけはRemarks欄の日本記録により国内・明記へ上書き,記録地域: 地域不明 / 地域根拠: Hosts欄に国別対応がなく、分布欄は日本を含む広域のため、チャ以外は国内外を分離できない / 原著植物名: Diospyros kaki / YList採用名: Diospyros kaki / 寄主根拠: 原著のHosts欄 / 掲載頁: 34 / 記録地域: 地域不明 / 地域根拠: Hosts欄に国別対応がなく、分布欄は日本を含む広域のため、チャ以外は国内外を分離できない / 原著植物名: Diospyros kaki / YList採用名: Diospyros kaki / 寄主根拠: 原著のHosts欄 / 掲載頁: 34
hostplant-SC-N81-COMP-19,species-SC306,文献（地域不明）,文献（地域不明）,記録地域: 地域不明 / 地域根拠: Hosts欄に国別対応がなく、分布欄は日本を含む広域のため、チャ以外は国内外を分離できない / 原著植物名: Olea europaea / YList採用名: Olea europaea / 寄主根拠: 原著のHosts欄 / 掲載頁: 34 / Camellia sinensisだけはRemarks欄の日本記録により国内・明記へ上書き,Camellia sinensisだけはRemarks欄の日本記録により国内・明記へ上書き,記録地域: 地域不明 / 地域根拠: Hosts欄に国別対応がなく、分布欄は日本を含む広域のため、チャ以外は国内外を分離できない / 原著植物名: Olea europaea / YList採用名: Olea europaea / 寄主根拠: 原著のHosts欄 / 掲載頁: 34 / 記録地域: 地域不明 / 地域根拠: Hosts欄に国別対応がなく、分布欄は日本を含む広域のため、チャ以外は国内外を分離できない / 原著植物名: Olea europaea / YList採用名: Olea europaea / 寄主根拠: 原著のHosts欄 / 掲載頁: 34
hostplant-ZUKAN4-P086155-0001,species-0345,文献,文献,図鑑4 p.86,,図鑑4 p.86 / 図鑑4 p.86
hostplant-ZUKAN4-P086155-0002,species-0345,野外（国外）,野外（国外）,図鑑4 p.86 / ヨーロッパの記録,,図鑑4 p.86 / ヨーロッパの記録 / 図鑑4 p.86 / ヨーロッパの記録
hostplant-ZUKAN4-P086155-0003,species-0345,文献,文献,図鑑4 p.86,,図鑑4 p.86 / 図鑑4 p.86
hostplant-ZUKAN4-P086155-0004,species-0346,野外（国外）,野外（国外）,図鑑4 p.87 / ヨーロッパの記録 / 日本での寄主植物は未確認,,図鑑4 p.87 / ヨーロッパの記録 / 日本での寄主植物は未確認 / 図鑑4 p.87 / ヨーロッパの記録 / 日本での寄主植物は未確認
hostplant-ZUKAN4-P086155-0005,species-0346,野外（国外）,野外（国外）,図鑑4 p.87 / ヨーロッパの記録 / 日本での寄主植物は未確認,,図鑑4 p.87 / ヨーロッパの記録 / 日本での寄主植物は未確認 / 図鑑4 p.87 / ヨーロッパの記録 / 日本での寄主植物は未確認
hostplant-ZUKAN4-P086155-0006,species-0346,野外（国外）,野外（国外）,図鑑4 p.87 / ヨーロッパの記録 / 日本での寄主植物は未確認,,図鑑4 p.87 / ヨーロッパの記録 / 日本での寄主植物は未確認 / 図鑑4 p.87 / ヨーロッパの記録 / 日本での寄主植物は未確認
hostplant-ZUKAN4-P086155-0007,species-0346,野外（国外）,野外（国外）,図鑑4 p.87 / ヨーロッパの記録 / 日本での寄主植物は未確認,,図鑑4 p.87 / ヨーロッパの記録 / 日本での寄主植物は未確認 / 図鑑4 p.87 / ヨーロッパの記録 / 日本での寄主植物は未確認
hostplant-ZUKAN4-P086155-0008,species-0348,文献,文献,図鑑4 p.87,,図鑑4 p.87 / 図鑑4 p.87
hostplant-ZUKAN4-P086155-0009,species-0349,文献,文献,図鑑4 p.87,,図鑑4 p.87 / 図鑑4 p.87
hostplant-ZUKAN4-P086155-0010,species-0350,文献,文献,図鑑4 p.88,,図鑑4 p.88 / 図鑑4 p.88
hostplant-ZUKAN4-P086155-0011,species-0351,文献,文献,図鑑4 p.88,,図鑑4 p.88 / 図鑑4 p.88
hostplant-ZUKAN4-P086155-0012,species-0352,野外（国外）,野外（国外）,図鑑4 p.88 / ヨーロッパの記録 / 日本での寄主植物は未確認,,図鑑4 p.88 / ヨーロッパの記録 / 日本での寄主植物は未確認 / 図鑑4 p.88 / ヨーロッパの記録 / 日本での寄主植物は未確認
hostplant-ZUKAN4-P086155-0013,species-0353,野外（国外）,野外（国外）,図鑑4 p.88 / ヨーロッパの記録,,図鑑4 p.88 / ヨーロッパの記録 / 図鑑4 p.88 / ヨーロッパの記録
hostplant-ZUKAN4-P086155-0014,species-0353,文献,文献,図鑑4 p.88,,図鑑4 p.88 / 図鑑4 p.88
hostplant-ZUKAN4-P086155-0015,species-0354,文献,文献,図鑑4 p.88,,図鑑4 p.88 / 図鑑4 p.88
hostplant-ZUKAN4-P086155-0016,species-0355,文献,文献,図鑑4 p.88,,図鑑4 p.88 / 図鑑4 p.88
hostplant-ZUKAN4-P086155-0017,species-0355,文献,文献,図鑑4 p.88,,図鑑4 p.88 / 図鑑4 p.88
hostplant-ZUKAN4-P086155-0018,species-0358,文献,文献,図鑑4 p.89,,図鑑4 p.89 / 図鑑4 p.89
hostplant-ZUKAN4-P086155-0019,species-0358,文献,文献,図鑑4 p.89,,図鑑4 p.89 / 図鑑4 p.89
hostplant-ZUKAN4-P086155-0020,species-0358,文献,文献,図鑑4 p.89,,図鑑4 p.89 / 図鑑4 p.89
hostplant-ZUKAN4-P086155-0021,species-0358,文献,文献,図鑑4 p.89,,図鑑4 p.89 / 図鑑4 p.89
hostplant-ZUKAN4-P086155-0022,species-0358,文献,文献,図鑑4 p.89,,図鑑4 p.89 / 図鑑4 p.89
hostplant-ZUKAN4-P086155-0023,species-0359,文献,文献,図鑑4 p.89,,図鑑4 p.89 / 図鑑4 p.89
hostplant-ZUKAN4-P086155-0024,species-0359,文献,文献,図鑑4 p.89,,図鑑4 p.89 / 図鑑4 p.89
hostplant-ZUKAN4-P086155-0025,species-0360,文献,文献,図鑑4 p.89,,図鑑4 p.89 / 図鑑4 p.89
hostplant-ZUKAN4-P086155-0026,species-0361,文献,文献,図鑑4 p.89,,図鑑4 p.89 / 図鑑4 p.89
hostplant-ZUKAN4-P086155-0027,species-0361,文献,文献,図鑑4 p.89,,図鑑4 p.89 / 図鑑4 p.89
hostplant-ZUKAN4-P086155-0028,species-0362,文献,文献,図鑑4 p.89,,図鑑4 p.89 / 図鑑4 p.89
hostplant-ZUKAN4-P086155-0029,species-0362,文献,文献,図鑑4 p.89,,図鑑4 p.89 / 図鑑4 p.89
hostplant-ZUKAN4-P086155-0030,species-0363,文献,文献,図鑑4 p.90,,図鑑4 p.90 / 図鑑4 p.90
hostplant-ZUKAN4-P086155-0031,species-0365,野外（国外）,野外（国外）,図鑑4 p.90 / ヨーロッパの記録,,図鑑4 p.90 / ヨーロッパの記録 / 図鑑4 p.90 / ヨーロッパの記録
hostplant-ZUKAN4-P086155-0032,species-0365,野外（国外）,野外（国外）,図鑑4 p.90 / ヨーロッパの記録,,図鑑4 p.90 / ヨーロッパの記録 / 図鑑4 p.90 / ヨーロッパの記録
hostplant-ZUKAN4-P086155-0033,species-0365,文献,文献,図鑑4 p.90,,図鑑4 p.90 / 図鑑4 p.90
hostplant-ZUKAN4-P086155-0034,species-0365,野外（国外）,野外（国外）,図鑑4 p.90 / ヨーロッパの記録,,図鑑4 p.90 / ヨーロッパの記録 / 図鑑4 p.90 / ヨーロッパの記録
hostplant-ZUKAN4-P086155-0035,species-0366,文献,文献,図鑑4 p.90,,図鑑4 p.90 / 図鑑4 p.90
hostplant-ZUKAN4-P086155-0036,species-0367,野外（国外）,野外（国外）,図鑑4 p.90 / ヨーロッパの記録 / 日本での寄主植物は未確認,,図鑑4 p.90 / ヨーロッパの記録 / 日本での寄主植物は未確認 / 図鑑4 p.90 / ヨーロッパの記録 / 日本での寄主植物は未確認
hostplant-ZUKAN4-P086155-0037,species-0368,文献,文献,図鑑4 p.90,,図鑑4 p.90 / 図鑑4 p.90
hostplant-ZUKAN4-P086155-0038,species-0369,文献,文献,図鑑4 p.90,,図鑑4 p.90 / 図鑑4 p.90
hostplant-ZUKAN4-P086155-0039,species-0369,文献,文献,図鑑4 p.90,,図鑑4 p.90 / 図鑑4 p.90
hostplant-ZUKAN4-P086155-0040,species-0369,文献,文献,図鑑4 p.90,,図鑑4 p.90 / 図鑑4 p.90
hostplant-ZUKAN4-P086155-0041,species-0370,文献,文献,図鑑4 p.92,,図鑑4 p.92 / 図鑑4 p.92
hostplant-ZUKAN4-P086155-0042,species-0370,文献,文献,図鑑4 p.92,,図鑑4 p.92 / 図鑑4 p.92
hostplant-ZUKAN4-P086155-0043,species-0370,文献,文献,図鑑4 p.92,,図鑑4 p.92 / 図鑑4 p.92
hostplant-ZUKAN4-P086155-0044,species-0370,文献,文献,図鑑4 p.92,,図鑑4 p.92 / 図鑑4 p.92
hostplant-ZUKAN4-P086155-0045,species-0371,文献,文献,図鑑4 p.92,,図鑑4 p.92 / 図鑑4 p.92
hostplant-ZUKAN4-P086155-0046,species-0371,文献,文献,図鑑4 p.92,,図鑑4 p.92 / 図鑑4 p.92
hostplant-ZUKAN4-P086155-0047,species-0372,文献,文献,図鑑4 p.92,,図鑑4 p.92 / 図鑑4 p.92
hostplant-ZUKAN4-P086155-0048,species-0373,文献,文献,図鑑4 p.92,,図鑑4 p.92 / 図鑑4 p.92
hostplant-ZUKAN4-P086155-0049,species-0375,文献,文献,図鑑4 p.93,,図鑑4 p.93 / 図鑑4 p.93
hostplant-ZUKAN4-P086155-0050,species-0377,文献,文献,図鑑4 p.93,,図鑑4 p.93 / 図鑑4 p.93
hostplant-ZUKAN4-P086155-0051,species-0377,文献,文献,図鑑4 p.93,,図鑑4 p.93 / 図鑑4 p.93
hostplant-ZUKAN4-P086155-0052,species-0377,文献,文献,図鑑4 p.93,,図鑑4 p.93 / 図鑑4 p.93
hostplant-ZUKAN4-P086155-0053,species-0378,文献,文献,図鑑4 p.93,,図鑑4 p.93 / 図鑑4 p.93
hostplant-ZUKAN4-P086155-0054,species-0379,文献,文献,図鑑4 p.94,,図鑑4 p.94 / 図鑑4 p.94
hostplant-ZUKAN4-P086155-0055,species-0379,文献,文献,図鑑4 p.94,,図鑑4 p.94 / 図鑑4 p.94
hostplant-ZUKAN4-P086155-0056,species-0380,文献,文献,図鑑4 p.94,,図鑑4 p.94 / 図鑑4 p.94
hostplant-ZUKAN4-P086155-0057,species-0380,文献,文献,図鑑4 p.94,,図鑑4 p.94 / 図鑑4 p.94
hostplant-ZUKAN4-P086155-0058,species-0381,文献,文献,図鑑4 p.94,,図鑑4 p.94 / 図鑑4 p.94
hostplant-ZUKAN4-P086155-0059,species-0381,文献,文献,図鑑4 p.94,,図鑑4 p.94 / 図鑑4 p.94
hostplant-ZUKAN4-P086155-0060,species-0381,文献,文献,図鑑4 p.94,,図鑑4 p.94 / 図鑑4 p.94
hostplant-ZUKAN4-P086155-0061,species-0382,文献,文献,図鑑4 p.94,,図鑑4 p.94 / 図鑑4 p.94
hostplant-ZUKAN4-P086155-0062,species-0382,文献,文献,図鑑4 p.94,,図鑑4 p.94 / 図鑑4 p.94
hostplant-ZUKAN4-P086155-0063,species-0383,文献,文献,図鑑4 p.94,,図鑑4 p.94 / 図鑑4 p.94
hostplant-ZUKAN4-P086155-0064,species-0383,文献,文献,図鑑4 p.94,,図鑑4 p.94 / 図鑑4 p.94
hostplant-ZUKAN4-P086155-0065,species-0384,文献,文献,図鑑4 p.95,,図鑑4 p.95 / 図鑑4 p.95
hostplant-ZUKAN4-P086155-0066,species-0384,文献,文献,図鑑4 p.95,,図鑑4 p.95 / 図鑑4 p.95
hostplant-ZUKAN4-P086155-0067,species-0384,文献,文献,図鑑4 p.95,,図鑑4 p.95 / 図鑑4 p.95
hostplant-ZUKAN4-P086155-0068,species-0385,文献,文献,図鑑4 p.95,,図鑑4 p.95 / 図鑑4 p.95
hostplant-ZUKAN4-P086155-0069,species-0385,文献,文献,図鑑4 p.95,,図鑑4 p.95 / 図鑑4 p.95
hostplant-ZUKAN4-P086155-0070,species-0385,文献,文献,図鑑4 p.95,,図鑑4 p.95 / 図鑑4 p.95
hostplant-ZUKAN4-P086155-0071,species-0386,文献,文献,図鑑4 p.95,,図鑑4 p.95 / 図鑑4 p.95
hostplant-ZUKAN4-P086155-0072,species-0387,文献,文献,図鑑4 p.95,,図鑑4 p.95 / 図鑑4 p.95
hostplant-ZUKAN4-P086155-0073,species-0388,野外（国外）,野外（国外）,図鑑4 p.96 / ヨーロッパの記録,,図鑑4 p.96 / ヨーロッパの記録 / 図鑑4 p.96 / ヨーロッパの記録
hostplant-ZUKAN4-P086155-0074,species-0388,文献,文献,図鑑4 p.96,,図鑑4 p.96 / 図鑑4 p.96
hostplant-ZUKAN4-P086155-0075,species-0389,文献,文献,図鑑4 p.96,,図鑑4 p.96 / 図鑑4 p.96
hostplant-ZUKAN4-P086155-0076,species-0390,文献,文献,図鑑4 p.96,,図鑑4 p.96 / 図鑑4 p.96
hostplant-ZUKAN4-P086155-0077,species-0392,文献,文献,図鑑4 p.96,,図鑑4 p.96 / 図鑑4 p.96
hostplant-ZUKAN4-P086155-0078,species-0392,文献,文献,図鑑4 p.96 / 寄主記録は再確認が必要と明記,寄主記録は再確認が必要と明記,図鑑4 p.96 / 図鑑4 p.96
hostplant-ZUKAN4-P086155-0079,species-0392,文献,文献,図鑑4 p.96,,図鑑4 p.96 / 図鑑4 p.96
hostplant-ZUKAN4-P086155-0080,species-0393,文献,文献,図鑑4 p.96 / 寄主記録は再確認が必要と明記,寄主記録は再確認が必要と明記,図鑑4 p.96 / 図鑑4 p.96
hostplant-ZUKAN4-P086155-0081,species-0393,文献,文献,図鑑4 p.96,,図鑑4 p.96 / 図鑑4 p.96
hostplant-ZUKAN4-P086155-0082,species-0393,文献,文献,図鑑4 p.96,,図鑑4 p.96 / 図鑑4 p.96
hostplant-ZUKAN4-P086155-0083,species-0394,文献,文献,図鑑4 p.97,,図鑑4 p.97 / 図鑑4 p.97
hostplant-ZUKAN4-P086155-0084,species-0394,文献,文献,図鑑4 p.97,,図鑑4 p.97 / 図鑑4 p.97
hostplant-ZUKAN4-P086155-0085,species-0395,文献,文献,図鑑4 p.97,,図鑑4 p.97 / 図鑑4 p.97
hostplant-ZUKAN4-P086155-0086,species-0395,文献,文献,図鑑4 p.97,,図鑑4 p.97 / 図鑑4 p.97
hostplant-ZUKAN4-P086155-0087,species-0395,文献,文献,図鑑4 p.97,,図鑑4 p.97 / 図鑑4 p.97
hostplant-ZUKAN4-P086155-0088,species-0396,文献,文献,図鑑4 p.97,,図鑑4 p.97 / 図鑑4 p.97
hostplant-ZUKAN4-P086155-0089,species-0396,文献,文献,図鑑4 p.97,,図鑑4 p.97 / 図鑑4 p.97
hostplant-ZUKAN4-P086155-0090,species-0397,文献,文献,図鑑4 p.97,,図鑑4 p.97 / 図鑑4 p.97
hostplant-ZUKAN4-P086155-0091,species-0398,文献,文献,図鑑4 p.97,,図鑑4 p.97 / 図鑑4 p.97
hostplant-ZUKAN4-P086155-0092,species-0399,文献,文献,図鑑4 p.98,,図鑑4 p.98 / 図鑑4 p.98
hostplant-ZUKAN4-P086155-0093,species-0400,文献,文献,図鑑4 p.98,,図鑑4 p.98 / 図鑑4 p.98
hostplant-ZUKAN4-P086155-0094,species-0400,文献,文献,図鑑4 p.98,,図鑑4 p.98 / 図鑑4 p.98
hostplant-ZUKAN4-P086155-0095,species-0400,文献,文献,図鑑4 p.98,,図鑑4 p.98 / 図鑑4 p.98
hostplant-ZUKAN4-P086155-0096,species-0401,文献,文献,図鑑4 p.98,,図鑑4 p.98 / 図鑑4 p.98
hostplant-ZUKAN4-P086155-0097,species-0401,文献,文献,図鑑4 p.98,,図鑑4 p.98 / 図鑑4 p.98
hostplant-ZUKAN4-P086155-0098,species-0401,文献,文献,図鑑4 p.98,,図鑑4 p.98 / 図鑑4 p.98
hostplant-ZUKAN4-P086155-0099,species-0402,文献,文献,図鑑4 p.98,,図鑑4 p.98 / 図鑑4 p.98
hostplant-ZUKAN4-P086155-0100,species-0402,文献,文献,図鑑4 p.98,,図鑑4 p.98 / 図鑑4 p.98
hostplant-ZUKAN4-P086155-0101,species-0402,文献,文献,図鑑4 p.98,,図鑑4 p.98 / 図鑑4 p.98
hostplant-ZUKAN4-P086155-0102,species-0403,文献,文献,図鑑4 p.99,,図鑑4 p.99 / 図鑑4 p.99
hostplant-ZUKAN4-P086155-0103,species-0403,文献,文献,図鑑4 p.99,,図鑑4 p.99 / 図鑑4 p.99
hostplant-ZUKAN4-P086155-0104,species-0404,文献,文献,図鑑4 p.99,,図鑑4 p.99 / 図鑑4 p.99
hostplant-ZUKAN4-P086155-0105,species-0404,文献,文献,図鑑4 p.99,,図鑑4 p.99 / 図鑑4 p.99
hostplant-ZUKAN4-P086155-0106,species-0404,文献,文献,図鑑4 p.99,,図鑑4 p.99 / 図鑑4 p.99
hostplant-ZUKAN4-P086155-0107,species-0405,文献,文献,図鑑4 p.99,,図鑑4 p.99 / 図鑑4 p.99
hostplant-ZUKAN4-P086155-0108,species-0406,文献,文献,図鑑4 p.99,,図鑑4 p.99 / 図鑑4 p.99
hostplant-ZUKAN4-P086155-0109,species-0408,文献,文献,図鑑4 p.100,,図鑑4 p.100 / 図鑑4 p.100
hostplant-ZUKAN4-P086155-0110,species-0408,文献,文献,図鑑4 p.100,,図鑑4 p.100 / 図鑑4 p.100
hostplant-ZUKAN4-P086155-0111,species-0408,文献,文献,図鑑4 p.100,,図鑑4 p.100 / 図鑑4 p.100
hostplant-ZUKAN4-P086155-0112,species-0409,文献,文献,図鑑4 p.100,,図鑑4 p.100 / 図鑑4 p.100
hostplant-ZUKAN4-P086155-0113,species-0409,文献,文献,図鑑4 p.100,,図鑑4 p.100 / 図鑑4 p.100
hostplant-ZUKAN4-P086155-0114,species-0409,文献,文献,図鑑4 p.100,,図鑑4 p.100 / 図鑑4 p.100
hostplant-ZUKAN4-P086155-0115,species-0410,文献,文献,図鑑4 p.100,,図鑑4 p.100 / 図鑑4 p.100
hostplant-ZUKAN4-P086155-0116,species-0410,文献,文献,図鑑4 p.100,,図鑑4 p.100 / 図鑑4 p.100
hostplant-ZUKAN4-P086155-0117,species-0410,文献,文献,図鑑4 p.100,,図鑑4 p.100 / 図鑑4 p.100
hostplant-ZUKAN4-P086155-0118,species-0410,文献,文献,図鑑4 p.100,,図鑑4 p.100 / 図鑑4 p.100
hostplant-ZUKAN4-P086155-0119,species-0411,文献,文献,図鑑4 p.100,,図鑑4 p.100 / 図鑑4 p.100
hostplant-ZUKAN4-P086155-0120,species-0411,文献,文献,図鑑4 p.100,,図鑑4 p.100 / 図鑑4 p.100
hostplant-ZUKAN4-P086155-0121,species-0412,文献,文献,図鑑4 p.101,,図鑑4 p.101 / 図鑑4 p.101
hostplant-ZUKAN4-P086155-0122,species-0412,文献,文献,図鑑4 p.101,,図鑑4 p.101 / 図鑑4 p.101
hostplant-ZUKAN4-P086155-0123,species-0413,文献,文献,図鑑4 p.101,,図鑑4 p.101 / 図鑑4 p.101
hostplant-ZUKAN4-P086155-0124,species-0413,文献,文献,図鑑4 p.101,,図鑑4 p.101 / 図鑑4 p.101
hostplant-ZUKAN4-P086155-0125,species-0413,文献,文献,図鑑4 p.101,,図鑑4 p.101 / 図鑑4 p.101
hostplant-ZUKAN4-P086155-0126,species-0414,文献,文献,図鑑4 p.101,,図鑑4 p.101 / 図鑑4 p.101
hostplant-ZUKAN4-P086155-0127,species-0414,文献,文献,図鑑4 p.101,,図鑑4 p.101 / 図鑑4 p.101
hostplant-ZUKAN4-P086155-0128,species-0414,文献,文献,図鑑4 p.101,,図鑑4 p.101 / 図鑑4 p.101
hostplant-ZUKAN4-P086155-0129,species-0414,文献,文献,図鑑4 p.101,,図鑑4 p.101 / 図鑑4 p.101
hostplant-ZUKAN4-P086155-0130,species-0415,文献,文献,図鑑4 p.101,,図鑑4 p.101 / 図鑑4 p.101
hostplant-ZUKAN4-P086155-0131,species-0415,文献,文献,図鑑4 p.101,,図鑑4 p.101 / 図鑑4 p.101
hostplant-ZUKAN4-P086155-0132,species-0416,文献,文献,図鑑4 p.102,,図鑑4 p.102 / 図鑑4 p.102
hostplant-ZUKAN4-P086155-0133,species-0416,文献,文献,図鑑4 p.102,,図鑑4 p.102 / 図鑑4 p.102
hostplant-ZUKAN4-P086155-0134,species-0417,文献,文献,図鑑4 p.102,,図鑑4 p.102 / 図鑑4 p.102
hostplant-ZUKAN4-P086155-0135,species-0417,文献,文献,図鑑4 p.102,,図鑑4 p.102 / 図鑑4 p.102
hostplant-ZUKAN4-P086155-0136,species-0418,文献,文献,図鑑4 p.102,,図鑑4 p.102 / 図鑑4 p.102
hostplant-ZUKAN4-P086155-0137,species-0418,文献,文献,図鑑4 p.102,,図鑑4 p.102 / 図鑑4 p.102
hostplant-ZUKAN4-P086155-0138,species-0418,文献,文献,図鑑4 p.102,,図鑑4 p.102 / 図鑑4 p.102
hostplant-ZUKAN4-P086155-0139,species-0418,文献,文献,図鑑4 p.102,,図鑑4 p.102 / 図鑑4 p.102
hostplant-ZUKAN4-P086155-0140,species-0418,文献,文献,図鑑4 p.102,,図鑑4 p.102 / 図鑑4 p.102
hostplant-ZUKAN4-P086155-0141,species-0418,文献,文献,図鑑4 p.102,,図鑑4 p.102 / 図鑑4 p.102
hostplant-ZUKAN4-P086155-0142,species-0419,文献,文献,図鑑4 p.102,,図鑑4 p.102 / 図鑑4 p.102
hostplant-ZUKAN4-P086155-0143,species-0419,文献,文献,図鑑4 p.102,,図鑑4 p.102 / 図鑑4 p.102
hostplant-ZUKAN4-P086155-0144,species-0419,文献,文献,図鑑4 p.102,,図鑑4 p.102 / 図鑑4 p.102
hostplant-ZUKAN4-P086155-0145,species-0420,文献,文献,図鑑4 p.103,,図鑑4 p.103 / 図鑑4 p.103
hostplant-ZUKAN4-P086155-0146,species-0421,文献,文献,図鑑4 p.103,,図鑑4 p.103 / 図鑑4 p.103
hostplant-ZUKAN4-P086155-0147,species-0422,文献,文献,図鑑4 p.103,,図鑑4 p.103 / 図鑑4 p.103
hostplant-ZUKAN4-P086155-0148,species-0423,文献,文献,図鑑4 p.103,,図鑑4 p.103 / 図鑑4 p.103
hostplant-ZUKAN4-P086155-0149,species-0424,文献,文献,図鑑4 p.103,,図鑑4 p.103 / 図鑑4 p.103
hostplant-ZUKAN4-P086155-0150,species-0425,文献,文献,図鑑4 p.104,,図鑑4 p.104 / 図鑑4 p.104
hostplant-ZUKAN4-P086155-0151,species-0426,文献,文献,図鑑4 p.104,,図鑑4 p.104 / 図鑑4 p.104
hostplant-ZUKAN4-P086155-0152,species-0426,文献,文献,図鑑4 p.104,,図鑑4 p.104 / 図鑑4 p.104
hostplant-ZUKAN4-P086155-0153,species-0427,文献,文献,図鑑4 p.104,,図鑑4 p.104 / 図鑑4 p.104
hostplant-ZUKAN4-P086155-0154,species-0428,文献,文献,図鑑4 p.105,,図鑑4 p.105 / 図鑑4 p.105
hostplant-ZUKAN4-P086155-0155,species-0428,文献,文献,図鑑4 p.105,,図鑑4 p.105 / 図鑑4 p.105
hostplant-ZUKAN4-P086155-0156,species-0428,文献,文献,図鑑4 p.105,,図鑑4 p.105 / 図鑑4 p.105
hostplant-ZUKAN4-P086155-0157,species-0428,文献,文献,図鑑4 p.105,,図鑑4 p.105 / 図鑑4 p.105
hostplant-ZUKAN4-P086155-0158,species-0429,文献,文献,図鑑4 p.105,,図鑑4 p.105 / 図鑑4 p.105
hostplant-ZUKAN4-P086155-0159,species-0430,文献,文献,図鑑4 p.105,,図鑑4 p.105 / 図鑑4 p.105
hostplant-ZUKAN4-P086155-0160,species-0431,文献,文献,図鑑4 p.105,,図鑑4 p.105 / 図鑑4 p.105
hostplant-ZUKAN4-P086155-0161,species-0432,文献,文献,図鑑4 p.106,,図鑑4 p.106 / 図鑑4 p.106
hostplant-ZUKAN4-P086155-0162,species-0432,文献,文献,図鑑4 p.106,,図鑑4 p.106 / 図鑑4 p.106
hostplant-ZUKAN4-P086155-0163,species-0432,文献,文献,図鑑4 p.106,,図鑑4 p.106 / 図鑑4 p.106
hostplant-ZUKAN4-P086155-0164,species-0434,文献,文献,図鑑4 p.106,,図鑑4 p.106 / 図鑑4 p.106
hostplant-ZUKAN4-P086155-0165,species-0435,文献,文献,図鑑4 p.106,,図鑑4 p.106 / 図鑑4 p.106
hostplant-ZUKAN4-P086155-0166,species-0435,文献,文献,図鑑4 p.106,,図鑑4 p.106 / 図鑑4 p.106
hostplant-ZUKAN4-P086155-0167,species-0435,文献,文献,図鑑4 p.106,,図鑑4 p.106 / 図鑑4 p.106
hostplant-ZUKAN4-P086155-0168,species-0436,文献,文献,図鑑4 p.106,,図鑑4 p.106 / 図鑑4 p.106
hostplant-ZUKAN4-P086155-0169,species-0437,文献,文献,図鑑4 p.107,,図鑑4 p.107 / 図鑑4 p.107
hostplant-ZUKAN4-P086155-0170,species-0438,文献,文献,図鑑4 p.107,,図鑑4 p.107 / 図鑑4 p.107
hostplant-ZUKAN4-P086155-0171,species-0438,文献,文献,図鑑4 p.107,,図鑑4 p.107 / 図鑑4 p.107
hostplant-ZUKAN4-P086155-0172,species-0438,文献,文献,図鑑4 p.107,,図鑑4 p.107 / 図鑑4 p.107
hostplant-ZUKAN4-P086155-0173,species-0439,文献,文献,図鑑4 p.107,,図鑑4 p.107 / 図鑑4 p.107
hostplant-ZUKAN4-P086155-0174,species-0440,文献,文献,図鑑4 p.108,,図鑑4 p.108 / 図鑑4 p.108
hostplant-ZUKAN4-P086155-0175,species-0441,文献,文献,図鑑4 p.108,,図鑑4 p.108 / 図鑑4 p.108
hostplant-ZUKAN4-P086155-0176,species-0442,文献,文献,図鑑4 p.108,,図鑑4 p.108 / 図鑑4 p.108
hostplant-ZUKAN4-P086155-0177,species-0443,文献,文献,図鑑4 p.108,,図鑑4 p.108 / 図鑑4 p.108
hostplant-ZUKAN4-P086155-0178,species-0444,文献,文献,図鑑4 p.109,,図鑑4 p.109 / 図鑑4 p.109
hostplant-ZUKAN4-P086155-0179,species-0445,文献,文献,図鑑4 p.109,,図鑑4 p.109 / 図鑑4 p.109
hostplant-ZUKAN4-P086155-0180,species-0445,文献,文献,図鑑4 p.109,,図鑑4 p.109 / 図鑑4 p.109
hostplant-ZUKAN4-P086155-0181,species-0446,文献,文献,図鑑4 p.110,,図鑑4 p.110 / 図鑑4 p.110
hostplant-ZUKAN4-P086155-0182,species-0447,文献,文献,図鑑4 p.110,,図鑑4 p.110 / 図鑑4 p.110
hostplant-ZUKAN4-P086155-0183,species-0448,文献,文献,図鑑4 p.110,,図鑑4 p.110 / 図鑑4 p.110
hostplant-ZUKAN4-P086155-0184,species-0449,文献,文献,図鑑4 p.110,,図鑑4 p.110 / 図鑑4 p.110
hostplant-ZUKAN4-P086155-0185,species-0450,文献,文献,図鑑4 p.111,,図鑑4 p.111 / 図鑑4 p.111
hostplant-ZUKAN4-P086155-0186,species-0451,文献,文献,図鑑4 p.111,,図鑑4 p.111 / 図鑑4 p.111
hostplant-ZUKAN4-P086155-0187,species-0451,文献,文献,図鑑4 p.111,,図鑑4 p.111 / 図鑑4 p.111
hostplant-ZUKAN4-P086155-0188,species-0452,文献,文献,図鑑4 p.111,,図鑑4 p.111 / 図鑑4 p.111
hostplant-ZUKAN4-P086155-0189,species-0453,文献,文献,図鑑4 p.112,,図鑑4 p.112 / 図鑑4 p.112
hostplant-ZUKAN4-P086155-0190,species-0455,文献,文献,図鑑4 p.112,,図鑑4 p.112 / 図鑑4 p.112
hostplant-ZUKAN4-P086155-0191,species-0456,文献,文献,図鑑4 p.112,,図鑑4 p.112 / 図鑑4 p.112
hostplant-ZUKAN4-P086155-0192,species-0456,文献,文献,図鑑4 p.112,,図鑑4 p.112 / 図鑑4 p.112
hostplant-ZUKAN4-P086155-0193,species-0457,文献,文献,図鑑4 p.113,,図鑑4 p.113 / 図鑑4 p.113
hostplant-ZUKAN4-P086155-0194,species-0457,文献,文献,図鑑4 p.113,,図鑑4 p.113 / 図鑑4 p.113
hostplant-ZUKAN4-P086155-0195,species-0457,文献,文献,図鑑4 p.113,,図鑑4 p.113 / 図鑑4 p.113
hostplant-ZUKAN4-P086155-0196,species-0458,文献,文献,図鑑4 p.113,,図鑑4 p.113 / 図鑑4 p.113
hostplant-ZUKAN4-P086155-0197,species-0458,文献,文献,図鑑4 p.113,,図鑑4 p.113 / 図鑑4 p.113
hostplant-ZUKAN4-P086155-0198,species-0459,文献,文献,図鑑4 p.113,,図鑑4 p.113 / 図鑑4 p.113
hostplant-ZUKAN4-P086155-0199,species-0459,文献,文献,図鑑4 p.113,,図鑑4 p.113 / 図鑑4 p.113
hostplant-ZUKAN4-P086155-0200,species-0459,文献,文献,図鑑4 p.113,,図鑑4 p.113 / 図鑑4 p.113
hostplant-ZUKAN4-P086155-0201,species-0459,文献,文献,図鑑4 p.113,,図鑑4 p.113 / 図鑑4 p.113
hostplant-ZUKAN4-P086155-0202,species-0460,文献,文献,図鑑4 p.114,,図鑑4 p.114 / 図鑑4 p.114
hostplant-ZUKAN4-P086155-0203,species-0461,文献,文献,図鑑4 p.114,,図鑑4 p.114 / 図鑑4 p.114
hostplant-ZUKAN4-P086155-0204,species-0462,文献,文献,図鑑4 p.114,,図鑑4 p.114 / 図鑑4 p.114
hostplant-ZUKAN4-P086155-0205,species-0462,文献,文献,図鑑4 p.114,,図鑑4 p.114 / 図鑑4 p.114
hostplant-ZUKAN4-P086155-0206,species-0462,文献,文献,図鑑4 p.114,,図鑑4 p.114 / 図鑑4 p.114
hostplant-ZUKAN4-P086155-0207,species-0463,文献,文献,図鑑4 p.115,,図鑑4 p.115 / 図鑑4 p.115
hostplant-ZUKAN4-P086155-0208,species-0464,文献,文献,図鑑4 p.115,,図鑑4 p.115 / 図鑑4 p.115
hostplant-ZUKAN4-P086155-0209,species-0465,文献,文献,図鑑4 p.115,,図鑑4 p.115 / 図鑑4 p.115
hostplant-ZUKAN4-P086155-0210,species-0465,文献,文献,図鑑4 p.115,,図鑑4 p.115 / 図鑑4 p.115
hostplant-ZUKAN4-P086155-0211,species-0465,文献,文献,図鑑4 p.115,,図鑑4 p.115 / 図鑑4 p.115
hostplant-ZUKAN4-P086155-0212,species-0465,文献,文献,図鑑4 p.115,,図鑑4 p.115 / 図鑑4 p.115
hostplant-ZUKAN4-P086155-0213,species-0466,文献,文献,図鑑4 p.116,,図鑑4 p.116 / 図鑑4 p.116
hostplant-ZUKAN4-P086155-0214,species-0466,文献,文献,図鑑4 p.116,,図鑑4 p.116 / 図鑑4 p.116
hostplant-ZUKAN4-P086155-0215,species-0467,文献,文献,図鑑4 p.116,,図鑑4 p.116 / 図鑑4 p.116
hostplant-ZUKAN4-P086155-0216,species-0467,文献,文献,図鑑4 p.116,,図鑑4 p.116 / 図鑑4 p.116
hostplant-ZUKAN4-P086155-0217,species-0467,文献,文献,図鑑4 p.116,,図鑑4 p.116 / 図鑑4 p.116
hostplant-ZUKAN4-P086155-0218,species-0467,文献,文献,図鑑4 p.116,,図鑑4 p.116 / 図鑑4 p.116
hostplant-ZUKAN4-P086155-0219,species-0467,文献,文献,図鑑4 p.116,,図鑑4 p.116 / 図鑑4 p.116
hostplant-ZUKAN4-P086155-0220,species-0468,文献,文献,図鑑4 p.116,,図鑑4 p.116 / 図鑑4 p.116
hostplant-ZUKAN4-P086155-0221,species-0468,文献,文献,図鑑4 p.116,,図鑑4 p.116 / 図鑑4 p.116
hostplant-ZUKAN4-P086155-0222,species-0468,文献,文献,図鑑4 p.116,,図鑑4 p.116 / 図鑑4 p.116
hostplant-ZUKAN4-P086155-0223,species-0470,文献,文献,図鑑4 p.116,,図鑑4 p.116 / 図鑑4 p.116
hostplant-ZUKAN4-P086155-0224,species-0471,文献,文献,図鑑4 p.117,,図鑑4 p.117 / 図鑑4 p.117
hostplant-ZUKAN4-P086155-0225,species-0472,文献,文献,図鑑4 p.117,,図鑑4 p.117 / 図鑑4 p.117
hostplant-ZUKAN4-P086155-0226,species-0473,文献,文献,図鑑4 p.117,,図鑑4 p.117 / 図鑑4 p.117
hostplant-ZUKAN4-P086155-0227,species-0474,文献,文献,図鑑4 p.118,,図鑑4 p.118 / 図鑑4 p.118
hostplant-ZUKAN4-P086155-0228,species-0474,文献,文献,図鑑4 p.118,,図鑑4 p.118 / 図鑑4 p.118
hostplant-ZUKAN4-P086155-0229,species-0474,文献,文献,図鑑4 p.118,,図鑑4 p.118 / 図鑑4 p.118
hostplant-ZUKAN4-P086155-0230,species-0475,文献,文献,図鑑4 p.118,,図鑑4 p.118 / 図鑑4 p.118
hostplant-ZUKAN4-P086155-0231,species-0475,文献,文献,図鑑4 p.118,,図鑑4 p.118 / 図鑑4 p.118
hostplant-ZUKAN4-P086155-0232,species-0475,文献,文献,図鑑4 p.118,,図鑑4 p.118 / 図鑑4 p.118
hostplant-ZUKAN4-P086155-0233,species-0476,文献,文献,図鑑4 p.118,,図鑑4 p.118 / 図鑑4 p.118
hostplant-ZUKAN4-P086155-0234,species-0477,文献,文献,図鑑4 p.119,,図鑑4 p.119 / 図鑑4 p.119
hostplant-ZUKAN4-P086155-0235,species-0478,文献,文献,図鑑4 p.119,,図鑑4 p.119 / 図鑑4 p.119
hostplant-ZUKAN4-P086155-0236,species-0479,文献,文献,図鑑4 p.119,,図鑑4 p.119 / 図鑑4 p.119
hostplant-ZUKAN4-P086155-0237,species-0480,文献,文献,図鑑4 p.119,,図鑑4 p.119 / 図鑑4 p.119
hostplant-ZUKAN4-P086155-0238,species-0480,文献,文献,図鑑4 p.119,,図鑑4 p.119 / 図鑑4 p.119
hostplant-ZUKAN4-P086155-0239,species-0480,文献,文献,図鑑4 p.119,,図鑑4 p.119 / 図鑑4 p.119
hostplant-ZUKAN4-P086155-0240,species-0480,文献,文献,図鑑4 p.119,,図鑑4 p.119 / 図鑑4 p.119
hostplant-ZUKAN4-P086155-0241,species-0481,文献,文献,図鑑4 p.120,,図鑑4 p.120 / 図鑑4 p.120
hostplant-ZUKAN4-P086155-0242,species-0482,文献,文献,図鑑4 p.120,,図鑑4 p.120 / 図鑑4 p.120
hostplant-ZUKAN4-P086155-0243,species-0483,文献,文献,図鑑4 p.120,,図鑑4 p.120 / 図鑑4 p.120
hostplant-ZUKAN4-P086155-0244,species-0484,文献,文献,図鑑4 p.121,,図鑑4 p.121 / 図鑑4 p.121
hostplant-ZUKAN4-P086155-0245,species-0484,文献,文献,図鑑4 p.121,,図鑑4 p.121 / 図鑑4 p.121
hostplant-ZUKAN4-P086155-0246,species-0486,文献,文献,図鑑4 p.121,,図鑑4 p.121 / 図鑑4 p.121
hostplant-ZUKAN4-P086155-0247,species-0486,文献,文献,図鑑4 p.121,,図鑑4 p.121 / 図鑑4 p.121
hostplant-ZUKAN4-P086155-0248,species-0486,野外（国外）,野外（国外）,図鑑4 p.121 / 国外記録,,図鑑4 p.121 / 国外記録 / 図鑑4 p.121 / 国外記録
hostplant-ZUKAN4-P086155-0249,species-0487,文献,文献,図鑑4 p.121,,図鑑4 p.121 / 図鑑4 p.121
hostplant-ZUKAN4-P086155-0250,species-0488,文献,文献,図鑑4 p.122,,図鑑4 p.122 / 図鑑4 p.122
hostplant-ZUKAN4-P086155-0251,species-0488,文献,文献,図鑑4 p.122,,図鑑4 p.122 / 図鑑4 p.122
hostplant-ZUKAN4-P086155-0252,species-0489,文献,文献,図鑑4 p.122,,図鑑4 p.122 / 図鑑4 p.122
hostplant-ZUKAN4-P086155-0253,species-0490,文献,文献,図鑑4 p.122,,図鑑4 p.122 / 図鑑4 p.122
hostplant-ZUKAN4-P086155-0254,species-0491,文献,文献,図鑑4 p.123,,図鑑4 p.123 / 図鑑4 p.123
hostplant-ZUKAN4-P086155-0255,species-0491,文献,文献,図鑑4 p.123,,図鑑4 p.123 / 図鑑4 p.123
hostplant-ZUKAN4-P086155-0256,species-0492,文献,文献,図鑑4 p.123,,図鑑4 p.123 / 図鑑4 p.123
hostplant-ZUKAN4-P086155-0257,species-0493,文献,文献,図鑑4 p.123,,図鑑4 p.123 / 図鑑4 p.123
hostplant-ZUKAN4-P086155-0258,species-0493,文献,文献,図鑑4 p.123,,図鑑4 p.123 / 図鑑4 p.123
hostplant-ZUKAN4-P086155-0259,species-0493,文献,文献,図鑑4 p.123,,図鑑4 p.123 / 図鑑4 p.123
hostplant-ZUKAN4-P086155-0260,species-0494,文献,文献,図鑑4 p.124,,図鑑4 p.124 / 図鑑4 p.124
hostplant-ZUKAN4-P086155-0261,species-0494,文献,文献,図鑑4 p.124,,図鑑4 p.124 / 図鑑4 p.124
hostplant-ZUKAN4-P086155-0262,species-0494,文献,文献,図鑑4 p.124,,図鑑4 p.124 / 図鑑4 p.124
hostplant-ZUKAN4-P086155-0263,species-0495,文献,文献,図鑑4 p.124,,図鑑4 p.124 / 図鑑4 p.124
hostplant-ZUKAN4-P086155-0264,species-0495,文献,文献,図鑑4 p.124,,図鑑4 p.124 / 図鑑4 p.124
hostplant-ZUKAN4-P086155-0265,species-0496,文献,文献,図鑑4 p.124,,図鑑4 p.124 / 図鑑4 p.124
hostplant-ZUKAN4-P086155-0266,species-0497,文献,文献,図鑑4 p.124,,図鑑4 p.124 / 図鑑4 p.124
hostplant-ZUKAN4-P086155-0267,species-0498,文献,文献,図鑑4 p.125,,図鑑4 p.125 / 図鑑4 p.125
hostplant-ZUKAN4-P086155-0268,species-0498,文献,文献,図鑑4 p.125,,図鑑4 p.125 / 図鑑4 p.125
hostplant-ZUKAN4-P086155-0269,species-0498,文献,文献,図鑑4 p.125,,図鑑4 p.125 / 図鑑4 p.125
hostplant-ZUKAN4-P086155-0270,species-0499,文献,文献,図鑑4 p.125,,図鑑4 p.125 / 図鑑4 p.125
hostplant-ZUKAN4-P086155-0271,species-0509,文献,文献,図鑑4 p.126,,図鑑4 p.126 / 図鑑4 p.126
hostplant-ZUKAN4-P086155-0272,species-0509,文献,文献,図鑑4 p.126,,図鑑4 p.126 / 図鑑4 p.126
hostplant-ZUKAN4-P086155-0273,species-0510,文献,文献,図鑑4 p.126,,図鑑4 p.126 / 図鑑4 p.126
hostplant-ZUKAN4-P086155-0274,species-0511,文献,文献,図鑑4 p.126,,図鑑4 p.126 / 図鑑4 p.126
hostplant-ZUKAN4-P086155-0275,species-0511,文献,文献,図鑑4 p.126,,図鑑4 p.126 / 図鑑4 p.126
hostplant-ZUKAN4-P086155-0276,species-0512,文献,文献,図鑑4 p.127,,図鑑4 p.127 / 図鑑4 p.127
hostplant-ZUKAN4-P086155-0277,species-0513,文献,文献,図鑑4 p.127,,図鑑4 p.127 / 図鑑4 p.127
hostplant-ZUKAN4-P086155-0278,species-0514,文献,文献,図鑑4 p.127,,図鑑4 p.127 / 図鑑4 p.127
hostplant-ZUKAN4-P086155-0279,species-0515,文献,文献,図鑑4 p.127,,図鑑4 p.127 / 図鑑4 p.127
hostplant-ZUKAN4-P086155-0280,species-0515,文献,文献,図鑑4 p.127,,図鑑4 p.127 / 図鑑4 p.127
hostplant-ZUKAN4-P086155-0281,species-0516,文献,文献,図鑑4 p.128,,図鑑4 p.128 / 図鑑4 p.128
hostplant-ZUKAN4-P086155-0282,species-0517,文献,文献,図鑑4 p.128,,図鑑4 p.128 / 図鑑4 p.128
hostplant-ZUKAN4-P086155-0283,species-0517,文献,文献,図鑑4 p.128,,図鑑4 p.128 / 図鑑4 p.128
hostplant-ZUKAN4-P086155-0284,species-0517,文献,文献,図鑑4 p.128,,図鑑4 p.128 / 図鑑4 p.128
hostplant-ZUKAN4-P086155-0285,species-0517,文献,文献,図鑑4 p.128,,図鑑4 p.128 / 図鑑4 p.128
hostplant-ZUKAN4-P086155-0286,species-0518,文献,文献,図鑑4 p.128,,図鑑4 p.128 / 図鑑4 p.128
hostplant-ZUKAN4-P086155-0287,species-0518,野外（国外）,野外（国外）,図鑑4 p.128 / ヨーロッパの記録,,図鑑4 p.128 / ヨーロッパの記録 / 図鑑4 p.128 / ヨーロッパの記録
hostplant-ZUKAN4-P086155-0288,species-0519,文献,文献,図鑑4 p.129,,図鑑4 p.129 / 図鑑4 p.129
hostplant-ZUKAN4-P086155-0289,species-0520,文献,文献,図鑑4 p.129,,図鑑4 p.129 / 図鑑4 p.129
hostplant-ZUKAN4-P086155-0290,species-0521,文献,文献,図鑑4 p.129,,図鑑4 p.129 / 図鑑4 p.129
hostplant-ZUKAN4-P086155-0291,species-0522,文献,文献,図鑑4 p.130,,図鑑4 p.130 / 図鑑4 p.130
hostplant-ZUKAN4-P086155-0292,species-0523,文献,文献,図鑑4 p.130,,図鑑4 p.130 / 図鑑4 p.130
hostplant-ZUKAN4-P086155-0293,species-0524,文献,文献,図鑑4 p.130,,図鑑4 p.130 / 図鑑4 p.130
hostplant-ZUKAN4-P086155-0294,species-0524,文献,文献,図鑑4 p.130,,図鑑4 p.130 / 図鑑4 p.130
hostplant-ZUKAN4-P086155-0295,species-0525,文献,文献,図鑑4 p.131,,図鑑4 p.131 / 図鑑4 p.131
hostplant-ZUKAN4-P086155-0296,species-0525,文献,文献,図鑑4 p.131,,図鑑4 p.131 / 図鑑4 p.131
hostplant-ZUKAN4-P086155-0297,species-0525,文献,文献,図鑑4 p.131,,図鑑4 p.131 / 図鑑4 p.131
hostplant-ZUKAN4-P086155-0298,species-0526,文献,文献,図鑑4 p.131,,図鑑4 p.131 / 図鑑4 p.131
hostplant-ZUKAN4-P086155-0299,species-0526,文献,文献,図鑑4 p.131,,図鑑4 p.131 / 図鑑4 p.131
hostplant-ZUKAN4-P086155-0300,species-0526,文献,文献,図鑑4 p.131,,図鑑4 p.131 / 図鑑4 p.131
hostplant-ZUKAN4-P086155-0301,species-0526,文献,文献,図鑑4 p.131,,図鑑4 p.131 / 図鑑4 p.131
hostplant-ZUKAN4-P086155-0302,species-0527,文献,文献,図鑑4 p.131,,図鑑4 p.131 / 図鑑4 p.131
hostplant-ZUKAN4-P086155-0303,species-0528,文献,文献,図鑑4 p.131,,図鑑4 p.131 / 図鑑4 p.131
hostplant-ZUKAN4-P086155-0304,species-0528,文献,文献,図鑑4 p.131,,図鑑4 p.131 / 図鑑4 p.131
hostplant-ZUKAN4-P086155-0305,species-0529,文献,文献,図鑑4 p.132,,図鑑4 p.132 / 図鑑4 p.132
hostplant-ZUKAN4-P086155-0306,species-0530,文献,文献,図鑑4 p.132,,図鑑4 p.132 / 図鑑4 p.132
hostplant-ZUKAN4-P086155-0307,species-0530,文献,文献,図鑑4 p.132,,図鑑4 p.132 / 図鑑4 p.132
hostplant-ZUKAN4-P086155-0308,species-0531,文献,文献,図鑑4 p.132,,図鑑4 p.132 / 図鑑4 p.132
hostplant-ZUKAN4-P086155-0309,species-0531,文献,文献,図鑑4 p.132,,図鑑4 p.132 / 図鑑4 p.132
hostplant-ZUKAN4-P086155-0310,species-0532,文献,文献,図鑑4 p.133,,図鑑4 p.133 / 図鑑4 p.133
hostplant-ZUKAN4-P086155-0311,species-0533,文献,文献,図鑑4 p.133,,図鑑4 p.133 / 図鑑4 p.133
hostplant-ZUKAN4-P086155-0312,species-0534,文献,文献,図鑑4 p.133,,図鑑4 p.133 / 図鑑4 p.133
hostplant-ZUKAN4-P086155-0313,species-0534,文献,文献,図鑑4 p.133,,図鑑4 p.133 / 図鑑4 p.133
hostplant-ZUKAN4-P086155-0314,species-0534,文献,文献,図鑑4 p.133,,図鑑4 p.133 / 図鑑4 p.133
hostplant-ZUKAN4-P086155-0315,species-0535,文献,文献,図鑑4 p.134,,図鑑4 p.134 / 図鑑4 p.134
hostplant-ZUKAN4-P086155-0316,species-0535,文献,文献,図鑑4 p.134,,図鑑4 p.134 / 図鑑4 p.134
hostplant-ZUKAN4-P086155-0317,species-0536,文献,文献,図鑑4 p.134,,図鑑4 p.134 / 図鑑4 p.134
hostplant-ZUKAN4-P086155-0318,species-0536,文献,文献,図鑑4 p.134,,図鑑4 p.134 / 図鑑4 p.134
hostplant-ZUKAN4-P086155-0319,species-0537,文献,文献,図鑑4 p.134,,図鑑4 p.134 / 図鑑4 p.134
hostplant-ZUKAN4-P086155-0320,species-0537,文献,文献,図鑑4 p.134,,図鑑4 p.134 / 図鑑4 p.134
hostplant-ZUKAN4-P086155-0321,species-0537,文献,文献,図鑑4 p.134,,図鑑4 p.134 / 図鑑4 p.134
hostplant-ZUKAN4-P086155-0322,species-0538,文献,文献,図鑑4 p.135,,図鑑4 p.135 / 図鑑4 p.135
hostplant-ZUKAN4-P086155-0323,species-0538,文献,文献,図鑑4 p.135,,図鑑4 p.135 / 図鑑4 p.135
hostplant-ZUKAN4-P086155-0324,species-0538,文献,文献,図鑑4 p.135,,図鑑4 p.135 / 図鑑4 p.135
hostplant-ZUKAN4-P086155-0325,species-0540,文献,文献,図鑑4 p.135,,図鑑4 p.135 / 図鑑4 p.135
hostplant-ZUKAN4-P086155-0326,species-0541,文献,文献,図鑑4 p.135,,図鑑4 p.135 / 図鑑4 p.135
hostplant-ZUKAN4-P086155-0327,species-0541,文献,文献,図鑑4 p.135,,図鑑4 p.135 / 図鑑4 p.135
hostplant-ZUKAN4-P086155-0328,species-0541,文献,文献,図鑑4 p.135,,図鑑4 p.135 / 図鑑4 p.135
hostplant-ZUKAN4-P086155-0329,species-0541,文献,文献,図鑑4 p.135,,図鑑4 p.135 / 図鑑4 p.135
hostplant-ZUKAN4-P086155-0330,species-0542,文献,文献,図鑑4 p.136,,図鑑4 p.136 / 図鑑4 p.136
hostplant-ZUKAN4-P086155-0331,species-0543,文献,文献,図鑑4 p.136,,図鑑4 p.136 / 図鑑4 p.136
hostplant-ZUKAN4-P086155-0332,species-0543,文献,文献,図鑑4 p.136,,図鑑4 p.136 / 図鑑4 p.136
hostplant-ZUKAN4-P086155-0333,species-0544,文献,文献,図鑑4 p.137,,図鑑4 p.137 / 図鑑4 p.137
hostplant-ZUKAN4-P086155-0334,species-0544,文献,文献,図鑑4 p.137,,図鑑4 p.137 / 図鑑4 p.137
hostplant-ZUKAN4-P086155-0335,species-0545,文献,文献,図鑑4 p.137,,図鑑4 p.137 / 図鑑4 p.137
hostplant-ZUKAN4-P086155-0336,species-0546,文献,文献,図鑑4 p.137,,図鑑4 p.137 / 図鑑4 p.137
hostplant-ZUKAN4-P086155-0337,species-0547,文献,文献,図鑑4 p.138,,図鑑4 p.138 / 図鑑4 p.138
hostplant-ZUKAN4-P086155-0338,species-0548,文献,文献,図鑑4 p.138,,図鑑4 p.138 / 図鑑4 p.138
hostplant-ZUKAN4-P086155-0339,species-0548,文献,文献,図鑑4 p.138,,図鑑4 p.138 / 図鑑4 p.138
hostplant-ZUKAN4-P086155-0340,species-0549,文献,文献,図鑑4 p.138,,図鑑4 p.138 / 図鑑4 p.138
hostplant-ZUKAN4-P086155-0341,species-0550,文献,文献,図鑑4 p.139,,図鑑4 p.139 / 図鑑4 p.139
hostplant-ZUKAN4-P086155-0342,species-0550,文献,文献,図鑑4 p.139,,図鑑4 p.139 / 図鑑4 p.139
hostplant-ZUKAN4-P086155-0343,species-0550,文献,文献,図鑑4 p.139,,図鑑4 p.139 / 図鑑4 p.139
hostplant-ZUKAN4-P086155-0344,species-0550,文献,文献,図鑑4 p.139,,図鑑4 p.139 / 図鑑4 p.139
hostplant-ZUKAN4-P086155-0345,species-0552,文献,文献,図鑑4 p.140,,図鑑4 p.140 / 図鑑4 p.140
hostplant-ZUKAN4-P086155-0346,species-0553,文献,文献,図鑑4 p.140,,図鑑4 p.140 / 図鑑4 p.140
hostplant-ZUKAN4-P086155-0347,species-0554,文献,文献,図鑑4 p.140,,図鑑4 p.140 / 図鑑4 p.140
hostplant-ZUKAN4-P086155-0348,species-0554,文献,文献,図鑑4 p.140,,図鑑4 p.140 / 図鑑4 p.140
hostplant-ZUKAN4-P086155-0349,species-0555,文献,文献,図鑑4 p.141,,図鑑4 p.141 / 図鑑4 p.141
hostplant-ZUKAN4-P086155-0350,species-0555,文献,文献,図鑑4 p.141,,図鑑4 p.141 / 図鑑4 p.141
hostplant-ZUKAN4-P086155-0351,species-0556,文献,文献,図鑑4 p.141,,図鑑4 p.141 / 図鑑4 p.141
hostplant-ZUKAN4-P086155-0352,species-0557,文献,文献,図鑑4 p.141,,図鑑4 p.141 / 図鑑4 p.141
hostplant-ZUKAN4-P086155-0353,species-0558,文献,文献,図鑑4 p.142,,図鑑4 p.142 / 図鑑4 p.142
hostplant-ZUKAN4-P086155-0354,species-0558,文献,文献,図鑑4 p.142,,図鑑4 p.142 / 図鑑4 p.142
hostplant-ZUKAN4-P086155-0355,species-0559,文献,文献,図鑑4 p.142,,図鑑4 p.142 / 図鑑4 p.142
hostplant-ZUKAN4-P086155-0356,species-0560,文献,文献,図鑑4 p.142,,図鑑4 p.142 / 図鑑4 p.142
hostplant-ZUKAN4-P086155-0357,species-0560,文献,文献,図鑑4 p.142,,図鑑4 p.142 / 図鑑4 p.142
hostplant-ZUKAN4-P086155-0358,species-0560,文献,文献,図鑑4 p.142,,図鑑4 p.142 / 図鑑4 p.142
hostplant-ZUKAN4-P086155-0359,species-0560,文献,文献,図鑑4 p.142,,図鑑4 p.142 / 図鑑4 p.142
hostplant-ZUKAN4-P086155-0360,species-0560,文献,文献,図鑑4 p.142,,図鑑4 p.142 / 図鑑4 p.142
hostplant-ZUKAN4-P086155-0361,species-0561,文献,文献,図鑑4 p.143,,図鑑4 p.143 / 図鑑4 p.143
hostplant-ZUKAN4-P086155-0362,species-0561,文献,文献,図鑑4 p.143,,図鑑4 p.143 / 図鑑4 p.143
hostplant-ZUKAN4-P086155-0363,species-0561,文献,文献,図鑑4 p.143,,図鑑4 p.143 / 図鑑4 p.143
hostplant-ZUKAN4-P086155-0364,species-0562,文献,文献,図鑑4 p.143 / 日本で羽化した個体を本種と同定,日本で羽化した個体を本種と同定,図鑑4 p.143 / 図鑑4 p.143
hostplant-ZUKAN4-P086155-0365,species-0562,野外（国外）,野外（国外）,図鑑4 p.143 / ヨーロッパの記録 / 国内のヤナギ類からの個体は別種の可能性があるため国外記録のみ採用,,図鑑4 p.143 / ヨーロッパの記録 / 国内のヤナギ類からの個体は別種の可能性があるため国外記録のみ採用 / 図鑑4 p.143 / ヨーロッパの記録 / 国内のヤナギ類からの個体は別種の可能性があるため国外記録のみ採用
hostplant-ZUKAN4-P086155-0366,species-0564,文献,文献,図鑑4 p.143,,図鑑4 p.143 / 図鑑4 p.143
hostplant-ZUKAN4-P086155-0367,species-0564,文献,文献,図鑑4 p.143,,図鑑4 p.143 / 図鑑4 p.143
hostplant-ZUKAN4-P086155-0368,species-0564,文献,文献,図鑑4 p.143,,図鑑4 p.143 / 図鑑4 p.143
hostplant-ZUKAN4-P086155-0369,species-0564,文献,文献,図鑑4 p.143,,図鑑4 p.143 / 図鑑4 p.143
hostplant-ZUKAN4-P086155-0370,species-0565,文献,文献,図鑑4 p.144,,図鑑4 p.144 / 図鑑4 p.144
hostplant-ZUKAN4-P086155-0371,species-0565,文献,文献,図鑑4 p.144,,図鑑4 p.144 / 図鑑4 p.144
hostplant-ZUKAN4-P086155-0372,species-0566,文献,文献,図鑑4 p.144,,図鑑4 p.144 / 図鑑4 p.144
hostplant-ZUKAN4-P086155-0373,species-0567,文献,文献,図鑑4 p.144,,図鑑4 p.144 / 図鑑4 p.144
hostplant-ZUKAN4-P086155-0374,species-0567,文献,文献,図鑑4 p.144,,図鑑4 p.144 / 図鑑4 p.144
hostplant-ZUKAN4-P086155-0375,species-0567,文献,文献,図鑑4 p.144,,図鑑4 p.144 / 図鑑4 p.144
hostplant-ZUKAN4-P086155-0376,species-0569,文献,文献,図鑑4 p.145,,図鑑4 p.145 / 図鑑4 p.145
hostplant-ZUKAN4-P086155-0377,species-0569,文献,文献,図鑑4 p.145,,図鑑4 p.145 / 図鑑4 p.145
hostplant-ZUKAN4-P086155-0378,species-0570,文献,文献,図鑑4 p.145,,図鑑4 p.145 / 図鑑4 p.145
hostplant-ZUKAN4-P086155-0379,species-0572,文献,文献,図鑑4 p.146,,図鑑4 p.146 / 図鑑4 p.146
hostplant-ZUKAN4-P086155-0380,species-0573,文献,文献,図鑑4 p.147,,図鑑4 p.147 / 図鑑4 p.147
hostplant-ZUKAN4-P086155-0381,species-0574,文献,文献,図鑑4 p.147,,図鑑4 p.147 / 図鑑4 p.147
hostplant-ZUKAN4-P086155-0382,species-0574,文献,文献,図鑑4 p.147,,図鑑4 p.147 / 図鑑4 p.147
hostplant-ZUKAN4-P086155-0383,species-0575,文献,文献,図鑑4 p.147,,図鑑4 p.147 / 図鑑4 p.147
hostplant-ZUKAN4-P086155-0384,species-0576,文献,文献,図鑑4 p.147,,図鑑4 p.147 / 図鑑4 p.147
hostplant-ZUKAN4-P086155-0385,species-0577,文献,文献,図鑑4 p.148,,図鑑4 p.148 / 図鑑4 p.148
hostplant-ZUKAN4-P086155-0386,species-0578,文献,文献,図鑑4 p.148,,図鑑4 p.148 / 図鑑4 p.148
hostplant-ZUKAN4-P086155-0387,species-0579,文献,文献,図鑑4 p.148,,図鑑4 p.148 / 図鑑4 p.148
hostplant-ZUKAN4-P086155-0388,species-0580,文献,文献,図鑑4 p.149,,図鑑4 p.149 / 図鑑4 p.149
hostplant-ZUKAN4-P086155-0389,species-0580,文献,文献,図鑑4 p.149,,図鑑4 p.149 / 図鑑4 p.149
hostplant-ZUKAN4-P086155-0390,species-0581,文献,文献,図鑑4 p.149,,図鑑4 p.149 / 図鑑4 p.149
hostplant-ZUKAN4-P086155-0391,species-0581,文献,文献,図鑑4 p.149,,図鑑4 p.149 / 図鑑4 p.149
hostplant-ZUKAN4-P086155-0392,species-0582,文献,文献,図鑑4 p.149,,図鑑4 p.149 / 図鑑4 p.149
hostplant-ZUKAN4-P086155-0393,species-0582,文献,文献,図鑑4 p.149,,図鑑4 p.149 / 図鑑4 p.149
hostplant-ZUKAN4-P086155-0394,species-0583,文献,文献,図鑑4 p.150,,図鑑4 p.150 / 図鑑4 p.150
hostplant-ZUKAN4-P086155-0395,species-0584,文献,文献,図鑑4 p.150,,図鑑4 p.150 / 図鑑4 p.150
hostplant-ZUKAN4-P086155-0396,species-0584,文献,文献,図鑑4 p.150,,図鑑4 p.150 / 図鑑4 p.150
hostplant-ZUKAN4-P086155-0397,species-0585,文献,文献,図鑑4 p.150,,図鑑4 p.150 / 図鑑4 p.150
hostplant-ZUKAN4-P086155-0398,species-0585,文献,文献,図鑑4 p.150,,図鑑4 p.150 / 図鑑4 p.150
hostplant-ZUKAN4-P086155-0399,species-0586,文献,文献,図鑑4 p.151,,図鑑4 p.151 / 図鑑4 p.151
hostplant-ZUKAN4-P086155-0400,species-0587,文献,文献,図鑑4 p.151,,図鑑4 p.151 / 図鑑4 p.151
hostplant-ZUKAN4-P086155-0401,species-0587,文献,文献,図鑑4 p.151,,図鑑4 p.151 / 図鑑4 p.151
hostplant-ZUKAN4-P086155-0402,species-0587,文献,文献,図鑑4 p.151,,図鑑4 p.151 / 図鑑4 p.151
hostplant-ZUKAN4-P086155-0403,species-0588,文献,文献,図鑑4 p.152,,図鑑4 p.152 / 図鑑4 p.152
hostplant-ZUKAN4-P086155-0404,species-0589,文献,文献,図鑑4 p.152,,図鑑4 p.152 / 図鑑4 p.152
hostplant-ZUKAN4-P086155-0405,species-0590,文献,文献,図鑑4 p.152,,図鑑4 p.152 / 図鑑4 p.152
hostplant-ZUKAN4-P086155-0406,species-0590,文献,文献,図鑑4 p.152,,図鑑4 p.152 / 図鑑4 p.152
hostplant-ZUKAN4-P086155-0407,species-0591,文献,文献,図鑑4 p.153,,図鑑4 p.153 / 図鑑4 p.153
hostplant-ZUKAN4-P086155-0408,species-0594,文献,文献,図鑑4 p.154,,図鑑4 p.154 / 図鑑4 p.154
hostplant-ZUKAN4-P086155-0409,species-0594,文献,文献,図鑑4 p.154,,図鑑4 p.154 / 図鑑4 p.154
hostplant-ZUKAN4-P086155-0410,species-0594,文献,文献,図鑑4 p.154,,図鑑4 p.154 / 図鑑4 p.154
hostplant-ZUKAN4-P086155-0411,species-0594,文献,文献,図鑑4 p.154,,図鑑4 p.154 / 図鑑4 p.154
hostplant-ZUKAN4-P086155-0412,species-0594,文献,文献,図鑑4 p.154,,図鑑4 p.154 / 図鑑4 p.154
hostplant-ZUKAN4-P086155-0413,species-0594,文献,文献,図鑑4 p.154,,図鑑4 p.154 / 図鑑4 p.154
hostplant-ZUKAN4-P086155-0414,species-0594,文献,文献,図鑑4 p.154,,図鑑4 p.154 / 図鑑4 p.154
hostplant-ZUKAN4-P086155-0415,species-0595,文献,文献,図鑑4 p.154,,図鑑4 p.154 / 図鑑4 p.154
hostplant-ZUKAN4-P086155-0416,species-0595,文献,文献,図鑑4 p.154,,図鑑4 p.154 / 図鑑4 p.154
hostplant-ZUKAN4-P086155-0417,species-0595,文献,文献,図鑑4 p.154,,図鑑4 p.154 / 図鑑4 p.154
hostplant-ZUKAN4-P086155-0418,species-0595,文献,文献,図鑑4 p.154,,図鑑4 p.154 / 図鑑4 p.154
hostplant-ZUKAN4-P086155-0419,species-0595,文献,文献,図鑑4 p.154,,図鑑4 p.154 / 図鑑4 p.154
hostplant-ZUKAN4-P086155-0420,species-0595,文献,文献,図鑑4 p.154,,図鑑4 p.154 / 図鑑4 p.154
hostplant-ZUKAN4-P086155-0421,species-0595,文献,文献,図鑑4 p.154,,図鑑4 p.154 / 図鑑4 p.154
hostplant-ZUKAN4-P086155-0422,species-0595,文献,文献,図鑑4 p.154,,図鑑4 p.154 / 図鑑4 p.154
hostplant-ZUKAN4-P086155-0423,species-0595,文献,文献,図鑑4 p.154,,図鑑4 p.154 / 図鑑4 p.154
hostplant-ZUKAN4-P086155-0424,species-0595,文献,文献,図鑑4 p.154,,図鑑4 p.154 / 図鑑4 p.154
hostplant-ZUKAN4-P086155-0425,species-0595,文献,文献,図鑑4 p.154,,図鑑4 p.154 / 図鑑4 p.154
hostplant-ZUKAN4-P086155-0426,species-0595,文献,文献,図鑑4 p.154,,図鑑4 p.154 / 図鑑4 p.154
hostplant-ZUKAN4-P086155-0427,species-0595,文献,文献,図鑑4 p.154,,図鑑4 p.154 / 図鑑4 p.154
hostplant-ZUKAN4-P086155-0428,species-0595,文献,文献,図鑑4 p.154,,図鑑4 p.154 / 図鑑4 p.154
hostplant-ZUKAN4-P086155-0429,species-0596,文献,文献,図鑑4 p.154,,図鑑4 p.154 / 図鑑4 p.154
hostplant-ZUKAN4-P086155-0430,species-0597,文献,文献,図鑑4 p.154,,図鑑4 p.154 / 図鑑4 p.154
hostplant-ZUKAN4-P086155-0431,species-0597,文献,文献,図鑑4 p.154,,図鑑4 p.154 / 図鑑4 p.154
hostplant-ZUKAN4-P086155-0432,species-0597,文献,文献,図鑑4 p.154,,図鑑4 p.154 / 図鑑4 p.154
hostplant-ZUKAN4-P086155-0433,species-0597,文献,文献,図鑑4 p.154,,図鑑4 p.154 / 図鑑4 p.154
hostplant-ZUKAN4-P086155-0434,species-0598,文献,文献,図鑑4 p.155,,図鑑4 p.155 / 図鑑4 p.155
hostplant-ZUKAN4-P086155-0435,species-0599,文献,文献,図鑑4 p.155,,図鑑4 p.155 / 図鑑4 p.155
hostplant-ZUKAN4-P086155-0436,species-0600,文献,文献,図鑑4 p.155,,図鑑4 p.155 / 図鑑4 p.155
hostplant-ZUKAN4-P086155-0437,species-0600,文献,文献,図鑑4 p.155,,図鑑4 p.155 / 図鑑4 p.155
hostplant-ZUKAN4-P086155-0438,species-0601,野外（国外）,野外（国外）,図鑑4 p.155 / 国外記録,,図鑑4 p.155 / 国外記録 / 図鑑4 p.155 / 国外記録
hostplant-ZUKAN4-P086155-0439,species-0601,文献,文献,図鑑4 p.155,,図鑑4 p.155 / 図鑑4 p.155
hostplant-ZUKAN4-P086155-0440,species-0601,文献,文献,図鑑4 p.155,,図鑑4 p.155 / 図鑑4 p.155
hostplant-ZUKAN4-P086155-0441,species-0601,文献,文献,図鑑4 p.155,,図鑑4 p.155 / 図鑑4 p.155
hostplant-ZUKAN4-P086155-0442,species-0601,文献,文献,図鑑4 p.155,,図鑑4 p.155 / 図鑑4 p.155
hostplant-ZUKAN4-P086155-0443,species-0601,文献,文献,図鑑4 p.155,,図鑑4 p.155 / 図鑑4 p.155
hostplant-ZUKAN4-P086155-0444,species-0601,文献,文献,図鑑4 p.155,,図鑑4 p.155 / 図鑑4 p.155
hostplant-ZUKAN4-P086155-0445,species-0602,文献,文献,図鑑4 p.155,,図鑑4 p.155 / 図鑑4 p.155
hostplant-000818,species-3523,国外,国外,台湾,,台湾 / 台湾
hostplant-000822,species-3526,国外,国外,台湾,,台湾 / 台湾
hostplant-002261,species-4565,国外,国外,台湾,,台湾 / 台湾
hostplant-003547,species-5612,国外,国外,北アメリカ,,北アメリカ / 北アメリカ
hostplant-005066,species-20197,国外,国外,マレー半島,,マレー半島 / マレー半島
hostplant-005066-1,species-20197,国外,国外,パラワン島,,パラワン島 / パラワン島
hostplant-005066-2,species-20197,国外,国外,ラオス,,ラオス / ラオス
hostplant-butterfly-audit-20260704-0007,species-20391,国外,国外,台湾記録,,台湾記録 / 台湾記録
hostplant-butterfly-audit-20260704-0008,species-20391,国外,国外,台湾記録,,台湾記録 / 台湾記録
hostplant-butterfly-audit-20260704-0009,species-20391,国外,国外,台湾記録,,台湾記録 / 台湾記録
hostplant-butterfly-audit-20260704-0010,species-20391,国外,国外,台湾記録,,台湾記録 / 台湾記録
hostplant-butterfly-audit-20260704-0014,species-20402,国外,国外,台湾記録,,台湾記録 / 台湾記録
hostplant-007263,species-H685,国外,国外,朝鮮半島,,朝鮮半島 / 朝鮮半島
hostplant-900085,species-2072,野外（国外）,野外（国外）,ロシア記録,,ロシア記録 / ロシア記録
hostplant-900096,species-2080,野外（国外）,野外（国外）,ロシア記録,,ロシア記録 / ロシア記録
hostplant-900101,species-1942,野外（国外）,野外（国外）,オーストラリア記録,,オーストラリア記録 / オーストラリア記録
hostplant-902137,species-1538,野外（国外）,野外（国外）,台湾で記録,,台湾で記録 / 台湾で記録
hostplant-902163,species-1535,野外（国外）,野外（国外）,台湾で記録,,台湾で記録 / 台湾で記録
hostplant-H2-audit-003,species-2072,野外（国外）,野外（国外）,ロシア記録,,ロシア記録 / ロシア記録
hostplant-H2-audit-009,species-2080,野外（国外）,野外（国外）,ロシア記録,,ロシア記録 / ロシア記録
hostplant-PDFAUDIT-20260710-0112,species-5836,野外（国外）,野外（国外）,台湾の記録,,台湾の記録 / 台湾の記録
hostplant-PDFAUDIT-20260710-0113,species-5836,野外（国外）,野外（国外）,台湾の記録,,台湾の記録 / 台湾の記録
hostplant-PDFAUDIT-20260710-0114,species-5836,野外（国外）,野外（国外）,台湾の記録,,台湾の記録 / 台湾の記録
hostplant-PDFAUDIT-20260710-0115,species-5836,野外（国外）,野外（国外）,台湾の記録,,台湾の記録 / 台湾の記録
hostplant-PDFAUDIT-20260710-0124,species-6149,野外（国外）,野外（国外）,ヨーロッパの記録（horseshoe vetch）,,ヨーロッパの記録（horseshoe vetch） / ヨーロッパの記録（horseshoe vetch）
hostplant-PDFAUDIT-20260710-0152,species-0035,野外（国外）,野外（国外）,台湾の記録,,台湾の記録 / 台湾の記録
