file,row,record_id,plant_name,before,after,canonical
public/hostplants.csv,39,hostplant-000033,キリ,ゴマノハグサ科,キリ科,キリ
public/hostplants.csv,42,hostplant-000036,キリ,ゴマノハグサ科,キリ科,キリ
public/hostplants.csv,51,hostplant-000045,イロハモミジ,カエデ科,ムクロジ科,イロハモミジ
public/hostplants.csv,68,hostplant-000062,クロツバラ,バラ科,クロウメモドキ科,クロツバラ
public/hostplants.csv,152,hostplant-000146,サカキ,サカキ科,モッコク科,サカキ
public/hostplants.csv,154,hostplant-000148,ネズミムギ,,イネ科,ネズミムギ
public/hostplants.csv,156,hostplant-000150,ヤマヤナギ,,ヤナギ科,ヤマヤナギ
public/hostplants.csv,157,hostplant-000151,マルバヤナギ,,ヤナギ科,マルバヤナギ
public/hostplants.csv,160,hostplant-000154,オトコエシ,オミナエシ科,スイカズラ科,オトコエシ
public/hostplants.csv,161,hostplant-000155,オトコエシ,オミナエシ科,スイカズラ科,オトコエシ
public/hostplants.csv,166,hostplant-000160,ガマズミ,,ガマズミ科,ガマズミ
public/hostplants.csv,167,hostplant-000161,オオカメノキ,スイカズラ科,ガマズミ科,オオカメノキ
public/hostplants.csv,168,hostplant-000162,オオカメノキ,スイカズラ科,ガマズミ科,オオカメノキ
public/hostplants.csv,169,hostplant-000163,コバノミツバツツジ,,ツツジ科,コバノミツバツツジ
public/hostplants.csv,196,hostplant-000190,テリハノイバラ,,バラ科,テリハノイバラ
public/hostplants.csv,198,hostplant-000192,ニガイチゴ,,バラ科,ニガイチゴ
public/hostplants.csv,200,hostplant-000194,ナガバモミジイチゴ,,バラ科,ナガバモミジイチゴ
public/hostplants.csv,201,hostplant-000195,バライチゴ,,バラ科,バライチゴ
public/hostplants.csv,204,hostplant-000198,ヒサカキ,,モッコク科,ヒサカキ
public/hostplants.csv,205,hostplant-000199,ハマヒサカキ,ツバキ科,モッコク科,ハマヒサカキ
public/hostplants.csv,270,hostplant-000266,ヒメコラノキ,,アオイ科,ヒメコラノキ
public/hostplants.csv,278,hostplant-000274,アラビアゴムモドキ,,マメ科,アラビアアカシア
public/hostplants.csv,283,hostplant-000279,シロゴチョウ,,マメ科,シロゴチョウ
public/hostplants.csv,284,hostplant-000280,キダチデンセイ,,マメ科,キダチデンセイ
public/hostplants.csv,285,hostplant-000281,シナノキ,,アオイ科,シナノキ
public/hostplants.csv,315,hostplant-000312,シマイズセンリョウ,ヤブコウジ科,サクラソウ科,シマイズセンリョウ
public/hostplants.csv,321,hostplant-000318,エノキ,ニレ科,アサ科,エノキ
public/hostplants.csv,337,hostplant-000335,ヒメリンゴ,,バラ科,イヌリンゴ
public/hostplants.csv,353,hostplant-000351,マサキ,,ニシキギ科,マサキ
public/hostplants.csv,359,hostplant-000357,マサキ,,ニシキギ科,マサキ
public/hostplants.csv,361,hostplant-000359,ベンケイソウ,,ベンケイソウ科,ベンケイソウ
public/hostplants.csv,362,hostplant-000360,オオベンケイソウ,,ベンケイソウ科,オオベンケイソウ
public/hostplants.csv,390,hostplant-000388,モチツツジ,,ツツジ科,モチツツジ
public/hostplants.csv,398,hostplant-000396,スギ,スギ科,ヒノキ科,スギ
public/hostplants.csv,404,hostplant-000402,ミヤマガマズミ,,ガマズミ科,ミヤマガマズミ
public/hostplants.csv,405,hostplant-000403,オオカメノキ,スイカズラ科,ガマズミ科,オオカメノキ
public/hostplants.csv,406,hostplant-000404,サンゴジュ,スイカズラ科,ガマズミ科,サンゴジュ
public/hostplants.csv,407,hostplant-000405,ガマズミ,スイカズラ科,ガマズミ科,ガマズミ
public/hostplants.csv,418,hostplant-000416,タチドコロ,,ヤマノイモ科,タチドコロ
public/hostplants.csv,430,hostplant-000428,ベニバナノツクバネウツギ,,スイカズラ科,ベニバナノツクバネウツギ
public/hostplants.csv,431,hostplant-000429,ウゴツクバネウツギ,,スイカズラ科,ウゴツクバネウツギ
public/hostplants.csv,439,hostplant-000437,ヒロハノツリバナ,,ニシキギ科,ヒロハノツリバナ
public/hostplants.csv,440,hostplant-000438,ムラサキマユミ,,ニシキギ科,ムラサキマユミ
public/hostplants.csv,441,hostplant-000439,サワダツ,,ニシキギ科,サワダツ
public/hostplants.csv,446,hostplant-000444,ブロッコリー,,アブラナ科,ブロッコリー
public/hostplants.csv,449,hostplant-000447,イヌナズナ,,アブラナ科,イヌナズナ
public/hostplants.csv,452,hostplant-000450,タカナ,,アブラナ科,タカナ
public/hostplants.csv,454,hostplant-000452,ハナヤサイ,,アブラナ科,カリフラワー
public/hostplants.csv,456,hostplant-000454,ブロッコリー,,アブラナ科,ブロッコリー
public/hostplants.csv,458,hostplant-000456,セイヨウアブラナ,,アブラナ科,セイヨウアブラナ
public/hostplants.csv,605,hostplant-000603,イワヒトデ,,ウラボシ科,イワヒトデ
public/hostplants.csv,607,hostplant-000605,オニヤブソテツ,,オシダ科,オニヤブソテツ
public/hostplants.csv,639,hostplant-000646,ヤハズハンノキ,,カバノキ科,ヤハズハンノキ
public/hostplants.csv,651,hostplant-000659,ツタウルシ,,ウルシ科,ツタウルシ
public/hostplants.csv,681,hostplant-000694,ガマズミ,,ガマズミ科,ガマズミ
public/hostplants.csv,682,hostplant-000695,ハクサンボク,,ガマズミ科,ハクサンボク
public/hostplants.csv,683,hostplant-000696,サンゴジュ,,ガマズミ科,サンゴジュ
public/hostplants.csv,684,hostplant-000697,カンボク,,ガマズミ科,カンボク
public/hostplants.csv,685,hostplant-000698,ゴマギ,レンプクソウ科,ガマズミ科,ゴマキ
public/hostplants.csv,687,hostplant-000701,ガマズミ,,ガマズミ科,ガマズミ
public/hostplants.csv,688,hostplant-000702,オオカメノキ,,ガマズミ科,オオカメノキ
public/hostplants.csv,689,hostplant-000703,カンボク,,ガマズミ科,カンボク
public/hostplants.csv,690,hostplant-000704,テマリカンボク,,ガマズミ科,テマリカンボク
public/hostplants.csv,691,hostplant-000705,ゴマギ,レンプクソウ科,ガマズミ科,ゴマキ
public/hostplants.csv,693,hostplant-000708,ハクサンボク,,ガマズミ科,ハクサンボク
public/hostplants.csv,694,hostplant-000709,サンゴジュ,レンプクソウ科,ガマズミ科,サンゴジュ
public/hostplants.csv,696,hostplant-000712,ユズリハ,,ユズリハ科,ユズリハ
public/hostplants.csv,697,hostplant-000713,ウリノキ,,ミズキ科,ウリノキ
public/hostplants.csv,698,hostplant-000714,ウリノキ,,ミズキ科,ウリノキ
public/hostplants.csv,701,hostplant-000718,クロイチゴ,,バラ科,クロイチゴ
public/hostplants.csv,704,hostplant-000721,カジイチゴ,,バラ科,カジイチゴ
public/hostplants.csv,706,hostplant-000724,オオカメノキ,レンプクソウ科,ガマズミ科,オオカメノキ
public/hostplants.csv,712,hostplant-000731,カジイチゴ,,バラ科,カジイチゴ
public/hostplants.csv,730,hostplant-000754,ウワミズザクラ,,バラ科,ウワミズザクラ
public/hostplants.csv,772,hostplant-000805,ユズリハ,,ユズリハ科,ユズリハ
public/hostplants.csv,775,hostplant-000809,ガマズミ,,ガマズミ科,ガマズミ
public/hostplants.csv,776,hostplant-000810,コバノガマズミ,,ガマズミ科,コバノガマズミ
public/hostplants.csv,777,hostplant-000811,オトコヨウゾメ,レンプクソウ科,ガマズミ科,オトコヨウゾメ
public/hostplants.csv,778,hostplant-000813,サンゴジュ,,ガマズミ科,サンゴジュ
public/hostplants.csv,779,hostplant-000814,オオデマリ,レンプクソウ科,ガマズミ科,オオデマリ
public/hostplants.csv,783,hostplant-000819,ガマズミ,レンプクソウ科,ガマズミ科,ガマズミ
public/hostplants.csv,792,hostplant-000830,オオカモメヅル,,キョウチクトウ科,オオカモメヅル
public/hostplants.csv,793,hostplant-000831,コカモメヅル,,キョウチクトウ科,コカモメヅル
public/hostplants.csv,794,hostplant-000832,トキワカモメヅル,,キョウチクトウ科,トキワカモメヅル
public/hostplants.csv,811,hostplant-000850,マサキ,,ニシキギ科,マサキ
public/hostplants.csv,815,hostplant-000855,リュウキュウマユミ,,ニシキギ科,リュウキュウマユミ
public/hostplants.csv,816,hostplant-000856,ニイタカマユミ,,ニシキギ科,ニイタカマユミ
public/hostplants.csv,829,hostplant-000869,エノキ,ニレ科,アサ科,エノキ
public/hostplants.csv,845,hostplant-000885,ウワミズザクラ,,バラ科,ウワミズザクラ
public/hostplants.csv,850,hostplant-000890,ウワミズザクラ,,バラ科,ウワミズザクラ
public/hostplants.csv,851,hostplant-000891,ナナカマド,,バラ科,ナナカマド
public/hostplants.csv,853,hostplant-000893,ウワミズザクラ,,バラ科,ウワミズザクラ
public/hostplants.csv,871,hostplant-000911,ミヤマカワラハンノキ,,カバノキ科,ミヤマカワラハンノキ
public/hostplants.csv,897,hostplant-000937,ウゴツクバネウツギ,,スイカズラ科,ウゴツクバネウツギ
public/hostplants.csv,898,hostplant-000938,コツクバネウツギ,,スイカズラ科,コツクバネウツギ
public/hostplants.csv,920,hostplant-000960,タチヤナギ,,ヤナギ科,タチヤナギ
public/hostplants.csv,948,hostplant-000988,モモ,ニシキギ科,バラ科,モモ
public/hostplants.csv,961,hostplant-001002,タムシバ,,モクレン科,タムシバ
public/hostplants.csv,962,hostplant-001003,ガマズミ,,ガマズミ科,ガマズミ
public/hostplants.csv,963,hostplant-001004,オオカメノキ,,ガマズミ科,オオカメノキ
public/hostplants.csv,1009,hostplant-001050,マサキ,,ニシキギ科,マサキ
public/hostplants.csv,1017,hostplant-001058,アブラチャン,,クスノキ科,アブラチャン
public/hostplants.csv,1050,hostplant-001091,アブラチャン,,クスノキ科,アブラチャン
public/hostplants.csv,1057,hostplant-001098,アブラチャン,,クスノキ科,アブラチャン
public/hostplants.csv,1065,hostplant-001106,ジュウモンジシダ,,オシダ科,ジュウモンジシダ
public/hostplants.csv,1094,hostplant-001135,アカトドマツ,,マツ科,アカトドマツ
public/hostplants.csv,1102,hostplant-001143,ヒサカキ,サカキ科,モッコク科,ヒサカキ
public/hostplants.csv,1107,hostplant-001148,マサキ,,ニシキギ科,マサキ
public/hostplants.csv,1127,hostplant-001168,ナナミノキ,,モチノキ科,ナナミノキ
public/hostplants.csv,1182,hostplant-001223,アケビ,モクセイ科,アケビ科,アケビ
public/hostplants.csv,1207,hostplant-001249,モクレン,,モクレン科,シモクレン
public/hostplants.csv,1209,hostplant-001251,タムシバ,,モクレン科,タムシバ
public/hostplants.csv,1210,hostplant-001252,オオヤマレンゲ,,モクレン科,オオヤマレンゲ
public/hostplants.csv,1214,hostplant-001256,アブラチャン,,クスノキ科,アブラチャン
public/hostplants.csv,1216,hostplant-001258,コイケマ,,キョウチクトウ科,コイケマ
public/hostplants.csv,1220,hostplant-001263,テリハボク,フクギ科,テリハボク科,テリハボク
public/hostplants.csv,1223,hostplant-001266,タニガワハンノキ,,カバノキ科,タニガワハンノキ
public/hostplants.csv,1255,hostplant-001298,ヒサカキ,ツバキ科,モッコク科,ヒサカキ
public/hostplants.csv,1257,hostplant-001300,コリヤナギ,,ヤナギ科,コリヤナギ
public/hostplants.csv,1263,hostplant-091034,アカギ,トウダイグサ科,コミカンソウ科,アカギ
public/hostplants.csv,1268,hostplant-091039,モクタチバナ,,サクラソウ科,モクタチバナ
public/hostplants.csv,1273,hostplant-001309,ニワトコ,レンプクソウ科,ガマズミ科,ニワトコ
public/hostplants.csv,1335,hostplant-001374,ヒサカキ,サカキ科,モッコク科,ヒサカキ
public/hostplants.csv,1337,hostplant-001376,サンゴジュ,レンプクソウ科,ガマズミ科,サンゴジュ
public/hostplants.csv,1349,hostplant-001388,ホソバノウナギツカミ,,タデ科,ホソバノウナギツカミ
public/hostplants.csv,1353,hostplant-001392,ママコノシリヌグイ,,タデ科,ママコノシリヌグイ
public/hostplants.csv,1370,hostplant-001409,オキナワイボタ,,モクセイ科,オキナワイボタ
public/hostplants.csv,1393,hostplant-001432,イブキジャコウソウ,,シソ科,イブキジャコウソウ
public/hostplants.csv,1414,hostplant-001453,セイタカスズムシソウ,キツネノマゴ科,ラン科,セイタカスズムシソウ
public/hostplants.csv,1435,hostplant-001474,ガマズミ,レンプクソウ科,ガマズミ科,ガマズミ
public/hostplants.csv,1462,hostplant-001502,キバナシャクナゲ,,ツツジ科,キバナシャクナゲ
public/hostplants.csv,1465,hostplant-001505,エゾノツガザクラ,,ツツジ科,エゾノツガザクラ
public/hostplants.csv,1466,hostplant-001506,チシマツガザクラ,,ツツジ科,チシマツガザクラ
public/hostplants.csv,1467,hostplant-001507,クロウスゴ,,ツツジ科,クロウスゴ
public/hostplants.csv,1469,hostplant-001509,ハコベ,,ナデシコ科,コハコベ
public/hostplants.csv,1490,hostplant-001530,ガンコウラン,,ツツジ科,ガンコウラン
public/hostplants.csv,1491,hostplant-001531,キバナシャクナゲ,,ツツジ科,キバナシャクナゲ
public/hostplants.csv,1494,hostplant-001534,ジムカデ,,ツツジ科,ジムカデ
public/hostplants.csv,1505,hostplant-001545,ケショウヤナギ,,ヤナギ科,ケショウヤナギ
public/hostplants.csv,1508,hostplant-001548,ミヤマクマヤナギ,,クロウメモドキ科,ミヤマクマヤナギ
public/hostplants.csv,1515,hostplant-001555,ホツツジ,,ツツジ科,ホツツジ
public/hostplants.csv,1516,hostplant-001556,ウラジロヨウラク,,ツツジ科,ウラジロヨウラク
public/hostplants.csv,1529,hostplant-001569,ガクウツギ,,アジサイ科,ガクウツギ
public/hostplants.csv,1557,hostplant-001597,エビヅル,,ブドウ科,エビヅル
public/hostplants.csv,1570,hostplant-001610,ガンコウラン,,ツツジ科,ガンコウラン
public/hostplants.csv,1635,hostplant-001677,ボロボロノキ,ボロポロノキ科,ボロボロノキ科,ボロボロノキ
public/hostplants.csv,1646,hostplant-001688,ヤブデマリ,レンプクソウ科,ガマズミ科,ヤブデマリ
public/hostplants.csv,1659,hostplant-001701,ウゴツクバネウツギ,,スイカズラ科,ウゴツクバネウツギ
public/hostplants.csv,1682,hostplant-001724,タマザキツヅラフジ,,ツヅラフジ科,タマザキツヅラフジ
public/hostplants.csv,1686,hostplant-001728,ワダンノキ,,キク科,ワダンノキ
public/hostplants.csv,1689,hostplant-001731,シロトベラ,,トベラ科,シロトベラ
public/hostplants.csv,1690,hostplant-001732,オキナワトベラ,,トベラ科,オキナワトベラ
public/hostplants.csv,1692,hostplant-001734,サツマサンキライ,,サルトリイバラ科,サツマサンキライ
public/hostplants.csv,1693,hostplant-001735,オキナワサルトリイバラ,シオデ科,サルトリイバラ科,オキナワサルトリイバラ
public/hostplants.csv,1694,hostplant-001736,ソクズ,レンプクソウ科,ガマズミ科,ソクズ
public/hostplants.csv,1713,hostplant-001755,マンリョウ,,サクラソウ科,マンリョウ
public/hostplants.csv,1714,hostplant-001756,カラタチバナ,,サクラソウ科,カラタチバナ
public/hostplants.csv,1715,hostplant-001757,ヤブコウジ,,サクラソウ科,ヤブコウジ
public/hostplants.csv,1716,hostplant-001758,モクタチバナ,,サクラソウ科,モクタチバナ
public/hostplants.csv,1718,hostplant-001760,タイミンタチバナ,,サクラソウ科,タイミンタチバナ
public/hostplants.csv,1721,hostplant-001763,モクタチバナ,,サクラソウ科,モクタチバナ
public/hostplants.csv,1722,hostplant-001764,シシアクチ,,サクラソウ科,シシアクチ
public/hostplants.csv,1723,hostplant-001765,シマイズセンリョウ,,サクラソウ科,シマイズセンリョウ
public/hostplants.csv,1759,hostplant-001804,ミズナラ,バラ科,ブナ科,ミズナラ
public/hostplants.csv,1825,hostplant-001880,ニシキウツギ,,スイカズラ科,ニシキウツギ
public/hostplants.csv,1851,hostplant-001909,カラスザンショウ,,ミカン科,カラスザンショウ
public/hostplants.csv,1915,hostplant-001983,カワラハンノキ,,カバノキ科,カワラハンノキ
public/hostplants.csv,1938,hostplant-002010,チョウセンアサガオ,,ナス科,チョウセンアサガオ
public/hostplants.csv,1941,hostplant-002013,ノウゼンカズラ,,ノウゼンカズラ科,ノウゼンカズラ
public/hostplants.csv,1944,hostplant-002017,クコ,ゴマ科,ナス科,クコ
public/hostplants.csv,1947,hostplant-002021,チョウセンアサガオ,,ナス科,チョウセンアサガオ
public/hostplants.csv,1951,hostplant-002026,オオヤマレンゲ,,モクレン科,オオヤマレンゲ
public/hostplants.csv,1955,hostplant-002031,ユキヤナギ,,バラ科,ユキヤナギ
public/hostplants.csv,2006,hostplant-002089,カジノキ,,クワ科,カジノキ
public/hostplants.csv,2032,hostplant-002119,オトコエシ,オミナエシ科,スイカズラ科,オトコエシ
public/hostplants.csv,2052,hostplant-002143,エビヅル,,ブドウ科,エビヅル
public/hostplants.csv,2062,hostplant-002155,ヤエヤマアオキ,,アカネ科,ヤエヤマアオキ
public/hostplants.csv,2065,hostplant-002159,ヤエヤマアオキ,,アカネ科,ヤエヤマアオキ
public/hostplants.csv,2072,hostplant-002168,オオバルリミノキ,,アカネ科,オオバルリミノキ
public/hostplants.csv,2076,hostplant-002174,ユズリハ,,ユズリハ科,ユズリハ
public/hostplants.csv,2083,hostplant-002181,マムシグサ,,サトイモ科,マムシグサ
public/hostplants.csv,2093,hostplant-002191,ヤエヤマアオキ,,アカネ科,ヤエヤマアオキ
public/hostplants.csv,2096,hostplant-002194,クワズイモ,ヒルガオ科,サトイモ科,クワズイモ
public/hostplants.csv,2099,hostplant-002197,エビヅル,アカネ科,ブドウ科,エビヅル
public/hostplants.csv,2102,hostplant-002201,エビヅル,ビワモドキ科,ブドウ科,エビヅル
public/hostplants.csv,2104,hostplant-002204,ナガイモ,,ヤマノイモ科,ナガイモ
public/hostplants.csv,2105,hostplant-002205,オニドコロ,オシロイバナ科,ヤマノイモ科,オニドコロ
public/hostplants.csv,2109,hostplant-002210,サトイモ,,サトイモ科,サトイモ
public/hostplants.csv,2111,hostplant-002212,カラスビシャク,アカバナ科,サトイモ科,カラスビシャク
public/hostplants.csv,2123,hostplant-002228,クワズイモ,,サトイモ科,クワズイモ
public/hostplants.csv,2124,hostplant-002229,サトイモ,ツユクサ科,サトイモ科,サトイモ
public/hostplants.csv,2130,hostplant-002236,ムサシアブミ,,サトイモ科,ムサシアブミ
public/hostplants.csv,2135,hostplant-002243,ガクウツギ,,アジサイ科,ガクウツギ
public/hostplants.csv,2157,hostplant-002266,シナノキ,,アオイ科,シナノキ
public/hostplants.csv,2182,hostplant-002291,イヌエンジュ,,マメ科,イヌエンジュ
public/hostplants.csv,2183,hostplant-002292,ハリエンジュ,,マメ科,ハリエンジュ
public/hostplants.csv,2185,hostplant-002294,イヌエンジュ,,マメ科,イヌエンジュ
public/hostplants.csv,2186,hostplant-002295,チョウセンヤマナラシ,,ヤナギ科,チョウセンヤマナラシ
public/hostplants.csv,2216,hostplant-002325,ヒサカキ,サカキ科,モッコク科,ヒサカキ
public/hostplants.csv,2217,hostplant-002326,ヒサカキ,サカキ科,モッコク科,ヒサカキ
public/hostplants.csv,2219,hostplant-002328,オニグルミ,マンサク科,クルミ科,オニグルミ
public/hostplants.csv,2261,hostplant-002370,エノキ,ニレ科,アサ科,エノキ
public/hostplants.csv,2277,hostplant-002386,アサダ,,カバノキ科,アサダ
public/hostplants.csv,2283,hostplant-002392,ナナカマド,,バラ科,ナナカマド
public/hostplants.csv,2399,hostplant-002508,コノテガシワ,,ヒノキ科,コノテガシワ
public/hostplants.csv,2411,hostplant-002520,サンゴジュ,レンプクソウ科,ガマズミ科,サンゴジュ
public/hostplants.csv,2437,hostplant-002546,ミカイドウ,,バラ科,ミカイドウ
public/hostplants.csv,2446,hostplant-002555,キバナシャクナゲ,,ツツジ科,キバナシャクナゲ
public/hostplants.csv,2448,hostplant-002557,コメバツガザクラ,,ツツジ科,コメバツガザクラ
public/hostplants.csv,2449,hostplant-002558,チシマツガザクラ,,ツツジ科,チシマツガザクラ
public/hostplants.csv,2450,hostplant-002559,イワヒゲ,,ツツジ科,イワヒゲ
public/hostplants.csv,2452,hostplant-002561,エゾノタカネヤナギ,,ヤナギ科,エゾノタカネヤナギ
public/hostplants.csv,2489,hostplant-002598,ニワトコ,レンプクソウ科,ガマズミ科,ニワトコ
public/hostplants.csv,2493,hostplant-002602,ポプラ,,ヤナギ科,セイヨウハコヤナギ
public/hostplants.csv,2525,hostplant-002634,オオバギ,,トウダイグサ科,オオバギ
public/hostplants.csv,2535,hostplant-002644,アカギ,,コミカンソウ科,アカギ
public/hostplants.csv,2538,hostplant-002647,サカキ,サカキ科,モッコク科,サカキ
public/hostplants.csv,2577,hostplant-002686,ハクウンボク,ツツジ科,エゴノキ科,ハクウンボク
public/hostplants.csv,2602,hostplant-002711,ヒサカキ,サカキ科,モッコク科,ヒサカキ
public/hostplants.csv,2605,hostplant-002714,ハリエンジュ,,マメ科,ハリエンジュ
public/hostplants.csv,2641,hostplant-002750,ヒサカキ,,モッコク科,ヒサカキ
public/hostplants.csv,2642,hostplant-002751,サカキ,サカキ科,モッコク科,サカキ
public/hostplants.csv,2655,hostplant-002764,ヒメジョオン,,キク科,ヒメジョオン
public/hostplants.csv,2656,hostplant-002765,タケダグサ,,キク科,タケダグサ
public/hostplants.csv,2657,hostplant-002766,サワオグルマ,,キク科,サワオグルマ
public/hostplants.csv,2658,hostplant-002767,コウゾリナ,,キク科,コウゾリナ
public/hostplants.csv,2676,hostplant-002785,キバナシャクナゲ,,ツツジ科,キバナシャクナゲ
public/hostplants.csv,2689,hostplant-002798,ニワトコ,レンプクソウ科,ガマズミ科,ニワトコ
public/hostplants.csv,2703,hostplant-002812,ネギ,ネギ科,ヒガンバナ科,ネギ
public/hostplants.csv,2813,hostplant-002923,ヤハズハンノキ,,カバノキ科,ヤハズハンノキ
public/hostplants.csv,2828,hostplant-002938,サツマサンキライ,,サルトリイバラ科,サツマサンキライ
public/hostplants.csv,2829,hostplant-002939,オキナワサルトリイバラ,シオデ科,サルトリイバラ科,オキナワサルトリイバラ
public/hostplants.csv,2841,hostplant-002951,マメガキ,,カキノキ科,マメガキ
public/hostplants.csv,2851,hostplant-002961,モウソウチク,,イネ科,モウソウチク
public/hostplants.csv,2858,hostplant-002969,エノコログサ,,イネ科,エノコログサ
public/hostplants.csv,2879,hostplant-002990,アオミズ,,イラクサ科,アオミズ
public/hostplants.csv,2922,hostplant-003033,サルトリイバラ,,サルトリイバラ科,サルトリイバラ
public/hostplants.csv,2923,hostplant-003034,シオデ,ユリ科,サルトリイバラ科,シオデ
public/hostplants.csv,2924,hostplant-003035,サルトリイバラ,,サルトリイバラ科,サルトリイバラ
public/hostplants.csv,2925,hostplant-003036,シオデ,ユリ科,サルトリイバラ科,シオデ
public/hostplants.csv,2934,hostplant-003046,モクタチバナ,ヤブコウジ科,サクラソウ科,モクタチバナ
public/hostplants.csv,2936,hostplant-003048,レンブ,ウコギ科,フトモモ科,オオフトモモ
public/hostplants.csv,2944,hostplant-003056,ムラサキケマン,,ケシ科,ムラサキケマン
public/hostplants.csv,2973,hostplant-003086,ヘビノボラズ,,メギ科,ヘビノボラズ
public/hostplants.csv,2981,hostplant-003094,リュウキュウコクタン,,カキノキ科,ヤエヤマコクタン
public/hostplants.csv,2984,hostplant-003097,マメガキ,,カキノキ科,マメガキ
public/hostplants.csv,2996,hostplant-003109,ハチジョウクサイチゴ,,バラ科,ハチジョウクサイチゴ
public/hostplants.csv,2998,hostplant-003111,カジイチゴ,,バラ科,カジイチゴ
public/hostplants.csv,3011,hostplant-003124,シナノキ,シナノキ科,アオイ科,シナノキ
public/hostplants.csv,3014,hostplant-003127,テリハボク,オトギリソウ科,テリハボク科,テリハボク
public/hostplants.csv,3076,hostplant-003189,エノキ,ニレ科,アサ科,エノキ
public/hostplants.csv,3078,hostplant-003191,ハマニンニク,カヤツリグサ科,イネ科,テンキグサ
public/hostplants.csv,3080,hostplant-003193,キハギ,,マメ科,キハギ
public/hostplants.csv,3086,hostplant-003199,イワオウギ,,マメ科,イワオウギ
public/hostplants.csv,3093,hostplant-003206,シロツメクサ,,マメ科,シロツメクサ
public/hostplants.csv,3100,hostplant-003213,アカギ,,コミカンソウ科,アカギ
public/hostplants.csv,3101,hostplant-003214,ヤマヒハツ,トウダイグサ科,コミカンソウ科,ヤマヒハツ
public/hostplants.csv,3109,hostplant-003222,コミカンソウ,,コミカンソウ科,コミカンソウ
public/hostplants.csv,3110,hostplant-003223,オガサワラミカンソウ,,コミカンソウ科,オガサワラコミカンソウ
public/hostplants.csv,3111,hostplant-003224,ブラジルコミカンソウ,トウダイグサ科,コミカンソウ科,ナガエコミカンソウ
public/hostplants.csv,3112,hostplant-003225,ヒメミソハギ,,ミソハギ科,ヒメミソハギ
public/hostplants.csv,3113,hostplant-003226,ホソバヒメミソハギ,,ミソハギ科,ホソバヒメミソハギ
public/hostplants.csv,3115,hostplant-003228,ザクロ,ザクロ科,ミソハギ科,ザクロ
public/hostplants.csv,3116,hostplant-003229,コミカンソウ,,コミカンソウ科,コミカンソウ
public/hostplants.csv,3117,hostplant-003230,キダチコミカンソウ,トウダイグサ科,コミカンソウ科,キダチコミカンソウ
public/hostplants.csv,3127,hostplant-003240,ツルマメ,,マメ科,ツルマメ
public/hostplants.csv,3146,hostplant-003259,ナツフジ,,マメ科,ナツフジ
public/hostplants.csv,3178,hostplant-003291,ハチジョウクサイチゴ,,バラ科,ハチジョウクサイチゴ
public/hostplants.csv,3179,hostplant-003292,ニガイチゴ,,バラ科,ニガイチゴ
public/hostplants.csv,3187,hostplant-003300,カゴノキ,,クスノキ科,カゴノキ
public/hostplants.csv,3189,hostplant-003302,アオガシ,,クスノキ科,アオガシ
public/hostplants.csv,3202,hostplant-003315,クスノハカエデ,カエデ科,ムクロジ科,クスノハカエデ
public/hostplants.csv,3225,hostplant-003338,カテンソウ,,イラクサ科,カテンソウ
public/hostplants.csv,3231,hostplant-003344,アオミズ,,イラクサ科,アオミズ
public/hostplants.csv,3234,hostplant-003347,アワユキセンダングサ,,キク科,オオバナノセンダングサ
public/hostplants.csv,3235,hostplant-003348,コセンダングサ,,キク科,コセンダングサ
public/hostplants.csv,3238,hostplant-003351,アズマギク,,キク科,アズマギク
public/hostplants.csv,3239,hostplant-003352,エゾギク,,キク科,サツマギク
public/hostplants.csv,3240,hostplant-003353,シオン,,キク科,シオン
public/hostplants.csv,3242,hostplant-003355,ヤマアザミ,,キク科,ヤマアザミ
public/hostplants.csv,3253,hostplant-003366,コオニタビラコ,,キク科,コオニタビラコ
public/hostplants.csv,3259,hostplant-003372,アキノノゲシ,,キク科,アキノノゲシ
public/hostplants.csv,3263,hostplant-003376,エゾギク,,キク科,サツマギク
public/hostplants.csv,3264,hostplant-003377,ヒメジョオン,,キク科,ヒメジョオン
public/hostplants.csv,3265,hostplant-003378,アレチノギク,,キク科,アレチノギク
public/hostplants.csv,3266,hostplant-003379,キンセンカ,,キク科,トウキンセンカ
public/hostplants.csv,3284,hostplant-003397,カラシナ,,アブラナ科,カラシナ
public/hostplants.csv,3289,hostplant-003402,ネギ,ネギ科,ヒガンバナ科,ネギ
public/hostplants.csv,3291,hostplant-003404,テンサイ,ヒエ科,ヒユ科,テンサイ
public/hostplants.csv,3299,hostplant-003412,ツルマメ,,マメ科,ツルマメ
public/hostplants.csv,3300,hostplant-003413,スイートピー,,マメ科,スイートピー
public/hostplants.csv,3314,hostplant-003427,カラスウリ,,ウリ科,カラスウリ
public/hostplants.csv,3316,hostplant-003429,ヘチマ,,ウリ科,ヘチマ
public/hostplants.csv,3323,hostplant-003436,オドリコソウ,,シソ科,オドリコソウ
public/hostplants.csv,3334,hostplant-003447,アズマギク,,キク科,アズマギク
public/hostplants.csv,3335,hostplant-003448,エゾギク,,キク科,サツマギク
public/hostplants.csv,3337,hostplant-003450,セイヨウノコギリソウ,,キク科,セイヨウノコギリソウ
public/hostplants.csv,3339,hostplant-003452,ニイタカヨモギ,,キク科,ニイタカヨモギ
public/hostplants.csv,3340,hostplant-003453,ノボロギク,,キク科,ノボロギク
public/hostplants.csv,3350,hostplant-003463,オオジシバリ,,キク科,オオジシバリ
public/hostplants.csv,3360,hostplant-003473,エゾノキツネアザミ,,キク科,エゾノキツネアザミ
public/hostplants.csv,3362,hostplant-003475,ナギナタコウジュ,,シソ科,ナギナタコウジュ
public/hostplants.csv,3368,hostplant-003481,ホザキシモツケ,,バラ科,ホザキシモツケ
public/hostplants.csv,3373,hostplant-003486,ホソバトリカブト,,キンポウゲ科,ホソバトリカブト
public/hostplants.csv,3388,hostplant-003501,トマト,タバコ属などのナス科,ナス科,トマト
public/hostplants.csv,3391,hostplant-003504,ノボロギク,,キク科,ノボロギク
public/hostplants.csv,3398,hostplant-003511,ヒメオドリコソウ,サルビアなどのシソ科,シソ科,ヒメオドリコソウ
public/hostplants.csv,3402,hostplant-003515,ハクサンアザミ,,キク科,ハクサンアザミ
public/hostplants.csv,3418,hostplant-003531,ガンコウラン,,ツツジ科,ガンコウラン
public/hostplants.csv,3419,hostplant-003532,ツルコケモモ,,ツツジ科,ツルコケモモ
public/hostplants.csv,3420,hostplant-003533,ヒメシャクナゲ,,ツツジ科,ヒメシャクナゲ
public/hostplants.csv,3426,hostplant-003540,ヒロハウキガヤ,,イネ科,ヒロハウキガヤ
public/hostplants.csv,3431,hostplant-003550,アキメヒシバ,,イネ科,アキメヒシバ
public/hostplants.csv,3434,hostplant-003553,エノコログサ,,イネ科,エノコログサ
public/hostplants.csv,3442,hostplant-003561,ツルマメ,,マメ科,ツルマメ
public/hostplants.csv,3451,hostplant-003570,シナノキ,シナノキ科,アオイ科,シナノキ
public/hostplants.csv,3459,hostplant-003578,ハマボウ,,アオイ科,ハマボウ
public/hostplants.csv,3469,hostplant-003588,ラミー,,イラクサ科,ラミー
public/hostplants.csv,3473,hostplant-003592,ラセイタソウ,,イラクサ科,ラセイタソウ
public/hostplants.csv,3489,hostplant-003608,ヒサカキ,サカキ科,モッコク科,ヒサカキ
public/hostplants.csv,3508,hostplant-003627,アサダ,ムクロジ科,カバノキ科,アサダ
public/hostplants.csv,3510,hostplant-003629,クロツバラ,バラ科,クロウメモドキ科,クロツバラ
public/hostplants.csv,3521,hostplant-003640,ニガクサ,,シソ科,ニガクサ
public/hostplants.csv,3523,hostplant-003642,ミカエリソウ,,シソ科,ミカエリソウ
public/hostplants.csv,3525,hostplant-003644,オオカメノキ,レンプクソウ科,ガマズミ科,オオカメノキ
public/hostplants.csv,3532,hostplant-003651,ハリエンジュ,ブナ科,マメ科,ハリエンジュ
public/hostplants.csv,3562,hostplant-003681,ナナカマド,ハラ科,バラ科,ナナカマド
public/hostplants.csv,3566,hostplant-003685,オオアワガエリ,,イネ科,オオアワガエリ
public/hostplants.csv,3580,hostplant-003699,シオデ,ユリ科,サルトリイバラ科,シオデ
public/hostplants.csv,3581,hostplant-003700,サルトリイバラ,シオデ科,サルトリイバラ科,サルトリイバラ
public/hostplants.csv,3608,hostplant-003727,アキノノゲシ,,キク科,アキノノゲシ
public/hostplants.csv,3611,hostplant-003730,タカネニガナ,,キク科,タカネニガナ
public/hostplants.csv,3612,hostplant-003731,クロトウヒレン,,キク科,クロトウヒレン
public/hostplants.csv,3613,hostplant-003732,ウサギギク,,キク科,ウサギギク
public/hostplants.csv,3614,hostplant-003733,タカネコウリンカ,,キク科,タカネコウリンカ
public/hostplants.csv,3620,hostplant-003739,シラヤマギク,,キク科,シラヤマギク
public/hostplants.csv,3631,hostplant-003750,サカキ,サカキ科,モッコク科,サカキ
public/hostplants.csv,3643,hostplant-003762,サカキ,サカキ科,モッコク科,サカキ
public/hostplants.csv,3686,hostplant-003805,シマムロ,,ヒノキ科,シマムロ
public/hostplants.csv,3687,hostplant-003806,ミブヨモギ,,キク科,ミブヨモギ
public/hostplants.csv,3704,hostplant-003823,カナムグラ,,アサ科,カナムグラ
public/hostplants.csv,3706,hostplant-003825,サナエタデ,,タデ科,サナエタデ
public/hostplants.csv,3716,hostplant-003835,エゾヨモギギク,,キク科,エゾヨモギギク
public/hostplants.csv,3722,hostplant-003841,ウスベニニガナ,,キク科,ウスベニニガナ
public/hostplants.csv,3723,hostplant-003842,チチコグサモドキ,,キク科,チチコグサモドキ
public/hostplants.csv,3724,hostplant-003843,カッコウアザミ,,キク科,カッコウアザミ
public/hostplants.csv,3725,hostplant-003844,ネコノシタ,,キク科,ネコノシタ
public/hostplants.csv,3726,hostplant-003845,タカサブロウ,,キク科,タカサブロウ
public/hostplants.csv,3727,hostplant-003846,アメリカタカサブロウ,,キク科,アメリカタカサブロウ
public/hostplants.csv,3728,hostplant-003847,コセンダングサ,,キク科,コセンダングサ
public/hostplants.csv,3729,hostplant-003848,アメリカセンダングサ,,キク科,アメリカセンダングサ
public/hostplants.csv,3733,hostplant-003852,コシロノセンダングサ,,キク科,コシロノセンダングサ
public/hostplants.csv,3735,hostplant-003854,アメリカセンダングサ,,キク科,アメリカセンダングサ
public/hostplants.csv,3744,hostplant-003863,オニヤブソテツ,,オシダ科,オニヤブソテツ
public/hostplants.csv,3749,hostplant-003868,ヒリュウシダ,,シシガシラ科,ヒリュウシダ
public/hostplants.csv,3751,hostplant-003870,ホウビカンジュ,ツルシダ科,タマシダ科,ホウビカンジュ
public/hostplants.csv,3753,hostplant-003872,イワヒバ,,イワヒバ科,イワヒバ
public/hostplants.csv,3756,hostplant-003875,コンテリクラマゴケ,,イワヒバ科,コンテリクラマゴケ
public/hostplants.csv,3760,hostplant-003879,タマシダ,ツルシダ科,タマシダ科,タマシダ
public/hostplants.csv,3761,hostplant-003880,ノキシノブ,,ウラボシ科,ノキシノブ
public/hostplants.csv,3769,hostplant-003888,ハマオモト,,ヒガンバナ科,ハマオモト
public/hostplants.csv,3770,hostplant-003889,オオハマオモト,,ヒガンバナ科,オオハマオモト
public/hostplants.csv,3777,hostplant-003896,ネギ,ネギ科,ヒガンバナ科,ネギ
public/hostplants.csv,3785,hostplant-003903,マコモ,,イネ科,マコモ
public/hostplants.csv,3793,hostplant-003911,コウライシバ,,イネ科,コウライシバ
public/hostplants.csv,3800,hostplant-003918,エゾギク,,キク科,サツマギク
public/hostplants.csv,3807,hostplant-003925,エゾギク,,キク科,サツマギク
public/hostplants.csv,3812,hostplant-003930,エゾギク,,キク科,サツマギク
public/hostplants.csv,3815,hostplant-003933,ママコノシリヌグイ,,タデ科,ママコノシリヌグイ
public/hostplants.csv,3820,hostplant-003938,クロチク,,イネ科,クロチク
public/hostplants.csv,3823,hostplant-003942,クロミノウグイスカグラ,,スイカズラ科,クロミノウグイスカグラ
public/hostplants.csv,3842,hostplant-003962,タチシノブ,,イノモトソウ科,タチシノブ
public/hostplants.csv,3847,hostplant-003967,タマシダ,ツルシダ科,タマシダ科,タマシダ
public/hostplants.csv,3857,hostplant-003977,カラスムギ,,イネ科,カラスムギ
public/hostplants.csv,3862,hostplant-003982,ライムギ,,イネ科,ライムギ
public/hostplants.csv,3863,hostplant-003983,コムギ,,イネ科,コムギ
public/hostplants.csv,3864,hostplant-003984,オオムギ,,イネ科,オオムギ
public/hostplants.csv,3868,hostplant-003988,オオスズメノテッポウ,,イネ科,オオスズメノテッポウ
public/hostplants.csv,3878,hostplant-003998,シバムギ,,イネ科,シバムギ
public/hostplants.csv,3890,hostplant-004010,モウソウチク,,イネ科,モウソウチク
public/hostplants.csv,3893,hostplant-004013,カンザンチク,,イネ科,カンザンチク
public/hostplants.csv,3894,hostplant-004014,リュウキュウチク,,イネ科,リュウキュウチク
public/hostplants.csv,3895,hostplant-004015,タイミンチク,,イネ科,タイミンチク
public/hostplants.csv,3900,hostplant-004020,カンザンチク,,イネ科,カンザンチク
public/hostplants.csv,3901,hostplant-004021,リュウキュウチク,,イネ科,リュウキュウチク
public/hostplants.csv,3902,hostplant-004022,タイミンチク,,イネ科,タイミンチク
public/hostplants.csv,3907,hostplant-004027,タマネギ,ネギ科,ヒガンバナ科,タマネギ
public/hostplants.csv,3908,hostplant-004028,ギョウジャニンニク,ネギ科,ヒガンバナ科,ギョウジャニンニク
public/hostplants.csv,3914,hostplant-004034,ハマニンニク,カヤツリグサ科,イネ科,テンキグサ
public/hostplants.csv,3917,hostplant-004037,ハナショウブ,,アヤメ科,ハナショウブ
public/hostplants.csv,3921,hostplant-004041,ヒメジョオン,,キク科,ヒメジョオン
public/hostplants.csv,3972,hostplant-004092,ネギ,ネギ科,ヒガンバナ科,ネギ
public/hostplants.csv,3976,hostplant-004096,サカキ,サカキ科,モッコク科,サカキ
public/hostplants.csv,3983,hostplant-004103,サカキ,サカキ科,モッコク科,サカキ
public/hostplants.csv,4006,hostplant-004125,ヤチイチゴ,,バラ科,ホロムイイチゴ
public/hostplants.csv,4007,hostplant-004126,ホザキシモツケ,ヤマモモ科,バラ科,ホザキシモツケ
public/hostplants.csv,4063,hostplant-004175,シナノキ,,アオイ科,シナノキ
public/hostplants.csv,4170,hostplant-004275,ウワミズザクラ,,バラ科,ウワミズザクラ
public/hostplants.csv,4233,hostplant-004339,エドヒガン,,バラ科,エドヒガン
public/hostplants.csv,4274,hostplant-004382,クリ類,,ブナ科,クリ
public/hostplants.csv,4283,hostplant-004391,ソクズ,レンプクソウ科,ガマズミ科,ソクズ
public/hostplants.csv,4286,hostplant-004394,ガンコウラン,,ツツジ科,ガンコウラン
public/hostplants.csv,4290,hostplant-004398,タマネギ,ネギ科,ヒガンバナ科,タマネギ
public/hostplants.csv,4293,hostplant-004401,タマザキフジ,,マメ科,タマザキクサフジ
public/hostplants.csv,4298,hostplant-004406,エゾノギシギシ,,タデ科,エゾノギシギシ
public/hostplants.csv,4309,hostplant-004417,ホザキシモツケ,,バラ科,ホザキシモツケ
public/hostplants.csv,4330,hostplant-004440,ハマボウ,,アオイ科,ハマボウ
public/hostplants.csv,4333,hostplant-004443,マルバニッケイ,,クスノキ科,マルバニッケイ
public/hostplants.csv,4335,hostplant-004445,イタビカズラ,,クワ科,イタビカズラ
public/hostplants.csv,4338,hostplant-004448,イタビカズラ,,クワ科,イタビカズラ
public/hostplants.csv,4339,hostplant-004449,ヒメイタビ,,クワ科,ヒメイタビ
public/hostplants.csv,4340,hostplant-004450,エノキ,ニレ科,アサ科,エノキ
public/hostplants.csv,4341,hostplant-004451,リュウキュウエノキ,,アサ科,クワノハエノキ
public/hostplants.csv,4348,hostplant-004458,ムニンエノキ,,アサ科,クワノハエノキ
public/hostplants.csv,4357,hostplant-004467,シマシャリンバイ,,バラ科,シャリンバイ
public/hostplants.csv,4360,hostplant-004470,リュウキュウマツ,,マツ科,リュウキュウマツ
public/hostplants.csv,4363,hostplant-004473,リュウキュウマツ,,マツ科,リュウキュウマツ
public/hostplants.csv,4369,hostplant-004479,エノキ,ニレ科,アサ科,エノキ
public/hostplants.csv,4374,hostplant-004484,ネズ,,ヒノキ科,ネズミサシ
public/hostplants.csv,4390,hostplant-004500,リュウキュウマツ,,マツ科,リュウキュウマツ
public/hostplants.csv,4391,hostplant-004501,リュウキュウマツ,,マツ科,リュウキュウマツ
public/hostplants.csv,4395,hostplant-004505,ヒメコマツ,,マツ科,ヒメコマツ
public/hostplants.csv,4404,hostplant-004514,ヤエヤマコクタン,,カキノキ科,ヤエヤマコクタン
public/hostplants.csv,4406,hostplant-004516,ムニンエノキ,,アサ科,クワノハエノキ
public/hostplants.csv,4407,hostplant-004517,アカテツ,,アカテツ科,アカテツ
public/hostplants.csv,4414,hostplant-004524,リュウキュウマツ,,マツ科,リュウキュウマツ
public/hostplants.csv,4415,hostplant-004525,リュウキュウマツ,,マツ科,リュウキュウマツ
public/hostplants.csv,4416,hostplant-004526,リュウキュウマツ,,マツ科,リュウキュウマツ
public/hostplants.csv,4422,hostplant-004532,ビワ,,バラ科,ビワ
public/hostplants.csv,4437,hostplant-004547,ヤンバルアワブキ,,アワブキ科,フシノハアワブキ
public/hostplants.csv,4438,hostplant-004548,ムニンエノキ,,アサ科,クワノハエノキ
public/hostplants.csv,4469,hostplant-004579,ナカハラクロキ,,ハイノキ科,ナカハラクロキ
public/hostplants.csv,4484,hostplant-004594,エノキ,ニレ科,アサ科,エノキ
public/hostplants.csv,4496,hostplant-004606,ムクゲ類,,アオイ科,ムクゲ
public/hostplants.csv,4498,hostplant-004608,エノキ,ニレ科,アサ科,エノキ
public/hostplants.csv,4499,hostplant-004609,エゾエノキ,,アサ科,エゾエノキ
public/hostplants.csv,4500,hostplant-004610,エゾエノキ,,アサ科,エゾエノキ
public/hostplants.csv,4516,hostplant-004626,マメガキ,,カキノキ科,マメガキ
public/hostplants.csv,4518,hostplant-004628,カラスザンショウ,,ミカン科,カラスザンショウ
public/hostplants.csv,4525,hostplant-004635,アブラチャン,,クスノキ科,アブラチャン
public/hostplants.csv,4532,hostplant-004642,マメガキ,,カキノキ科,マメガキ
public/hostplants.csv,4534,hostplant-004644,マサキ,,ニシキギ科,マサキ
public/hostplants.csv,4537,hostplant-004647,ミズキ類,,ミズキ科,ミズキ
public/hostplants.csv,4542,hostplant-004652,エノキ,ニレ科,アサ科,エノキ
public/hostplants.csv,4543,hostplant-004653,エゾエノキ,,アサ科,エゾエノキ
public/hostplants.csv,4546,hostplant-004656,リュウキュウエノキ,,アサ科,クワノハエノキ
public/hostplants.csv,4547,hostplant-004657,ムニンエノキ,,アサ科,クワノハエノキ
public/hostplants.csv,4564,hostplant-004674,カンスゲ,,カヤツリグサ科,カンスゲ
public/hostplants.csv,4568,hostplant-004678,オニヤブソテツ,,オシダ科,オニヤブソテツ
public/hostplants.csv,4569,hostplant-004679,コモチシダ,,シシガシラ科,コモチシダ
public/hostplants.csv,4570,hostplant-004680,ヒトツバ,,ウラボシ科,ヒトツバ
public/hostplants.csv,4574,hostplant-004684,ヒメウツギ,,アジサイ科,ヒメウツギ
public/hostplants.csv,4581,hostplant-004691,シナノキ,,アオイ科,シナノキ
public/hostplants.csv,4587,hostplant-004697,タンキリマメ,,マメ科,タンキリマメ
public/hostplants.csv,4593,hostplant-004703,ツルコウゾ,,クワ科,ツルコウゾ
public/hostplants.csv,4604,hostplant-004714,エノキ,ニレ科,アサ科,エノキ
public/hostplants.csv,4608,hostplant-004718,ハイノキ,,ハイノキ科,ハイノキ
public/hostplants.csv,4609,hostplant-004719,シロバイ,,ハイノキ科,シロバイ
public/hostplants.csv,4610,hostplant-004720,リュウキュウハイノキ,,ハイノキ科,リュウキュウハイノキ
public/hostplants.csv,4611,hostplant-004721,アマシバ,,ハイノキ科,アマシバ
public/hostplants.csv,4616,hostplant-004726,シマサルスベリ,,ミソハギ科,シマサルスベリ
public/hostplants.csv,4622,hostplant-004732,ナガバモミジイチゴ,,バラ科,ナガバモミジイチゴ
public/hostplants.csv,4626,hostplant-004736,ミチノクサイシン,,ウマノスズクサ科,ミチノクサイシン
public/hostplants.csv,4628,hostplant-004738,ミヤコアオイ,,ウマノスズクサ科,ミヤコアオイ
public/hostplants.csv,4629,hostplant-004739,ミヤマアオイ,,ウマノスズクサ科,ミヤマアオイ
public/hostplants.csv,4630,hostplant-004740,コシノカンアオイ,,ウマノスズクサ科,コシノカンアオイ
public/hostplants.csv,4631,hostplant-004741,サンヨウアオイ,,ウマノスズクサ科,サンヨウアオイ
public/hostplants.csv,4633,hostplant-004743,スズカカンアオイ,,ウマノスズクサ科,スズカカンアオイ
public/hostplants.csv,4634,hostplant-004744,カギガタアオイ,,ウマノスズクサ科,カギガタアオイ
public/hostplants.csv,4635,hostplant-004745,ランヨウアオイ,,ウマノスズクサ科,ランヨウアオイ
public/hostplants.csv,4636,hostplant-004746,タイリンアオイ,,ウマノスズクサ科,タイリンアオイ
public/hostplants.csv,4638,hostplant-004748,フタバアオイ,,ウマノスズクサ科,フタバアオイ
public/hostplants.csv,4640,hostplant-004750,オクエゾサイシン,,ウマノスズクサ科,オクエゾサイシン
public/hostplants.csv,4641,hostplant-004751,コシノカンアオイ,,ウマノスズクサ科,コシノカンアオイ
public/hostplants.csv,4642,hostplant-004752,ミヤコアオイ,,ウマノスズクサ科,ミヤコアオイ
public/hostplants.csv,4644,hostplant-004754,ウマノスズクサ,,ウマノスズクサ科,ウマノスズクサ
public/hostplants.csv,4645,hostplant-004755,ムラサキケマン,ケマンソウ科,ケシ科,ムラサキケマン
public/hostplants.csv,4646,hostplant-004756,ジロボウエンゴサク,,ケシ科,ジロボウエンゴサク
public/hostplants.csv,4647,hostplant-004757,ヤマエンゴサク,,ケシ科,ヤマエンゴサク
public/hostplants.csv,4648,hostplant-004758,エゾエンゴサク,ケマンソウ科,ケシ科,エゾエンゴサク
public/hostplants.csv,4649,hostplant-004759,ミチノクエンゴサク,,ケシ科,ミチノクエンゴサク
public/hostplants.csv,4650,hostplant-004760,ヤブエンゴサク,,ケシ科,ジロボウエンゴサク
public/hostplants.csv,4651,hostplant-004761,ミヤマキケマン,,ケシ科,ミヤマキケマン
public/hostplants.csv,4652,hostplant-004762,エゾエンゴサク,ケマンソウ科,ケシ科,エゾエンゴサク
public/hostplants.csv,4653,hostplant-004763,エゾキケマン,,ケシ科,エゾキケマン
public/hostplants.csv,4654,hostplant-004764,ヤマエンゴサク,,ケシ科,ヤマエンゴサク
public/hostplants.csv,4655,hostplant-004765,ジロボウエンゴサク,,ケシ科,ジロボウエンゴサク
public/hostplants.csv,4656,hostplant-004766,コマクサ,ケマンソウ科,ケシ科,コマクサ
public/hostplants.csv,4657,hostplant-004767,ウマノスズクサ,,ウマノスズクサ科,ウマノスズクサ
public/hostplants.csv,4658,hostplant-004768,オオバウマノスズクサ,,ウマノスズクサ科,オオバウマノスズクサ
public/hostplants.csv,4660,hostplant-004770,ホソバウマノスズクサ,,ウマノスズクサ科,アリマウマノスズクサ
public/hostplants.csv,4661,hostplant-004771,リュウキュウウマノスズクサ,,ウマノスズクサ科,リュウキュウウマノスズクサ
public/hostplants.csv,4662,hostplant-004772,コウシュンウマノスズクサ,,ウマノスズクサ科,コウシュンウマノスズクサ
public/hostplants.csv,4663,hostplant-004773,リュウキュウウマノスズクサ,,ウマノスズクサ科,リュウキュウウマノスズクサ
public/hostplants.csv,4664,hostplant-004774,コウシュンウマノスズクサ,,ウマノスズクサ科,コウシュンウマノスズクサ
public/hostplants.csv,4665,hostplant-004775,ウマノスズクサ,,ウマノスズクサ科,ウマノスズクサ
public/hostplants.csv,4666,hostplant-004776,リュウキュウウマノスズクサ,,ウマノスズクサ科,リュウキュウウマノスズクサ
public/hostplants.csv,4671,hostplant-004781,イヌガシ,,クスノキ科,イヌガシ
public/hostplants.csv,4673,hostplant-004783,ニッケイ,,クスノキ科,ニッケイ
public/hostplants.csv,4675,hostplant-004785,コウチニッケイ,,クスノキ科,マルバニッケイ
public/hostplants.csv,4676,hostplant-004786,ハマビワ,,クスノキ科,ハマビワ
public/hostplants.csv,4677,hostplant-004787,バリバリノキ,,クスノキ科,バリバリノキ
public/hostplants.csv,4678,hostplant-004788,アブラチャン,,クスノキ科,アブラチャン
public/hostplants.csv,4679,hostplant-004789,ゲッケイジュ,,クスノキ科,ゲッケイジュ
public/hostplants.csv,4680,hostplant-004790,タイサンボク,,モクレン科,タイサンボク
public/hostplants.csv,4685,hostplant-004795,タイサンボク,,モクレン科,タイサンボク
public/hostplants.csv,4686,hostplant-004796,トウオガタマ,,モクレン科,カラタネオガタマ
public/hostplants.csv,4688,hostplant-004798,キンコウボク,,モクレン科,キンコウボク
public/hostplants.csv,4689,hostplant-004799,ギンコウボク,,モクレン科,ギンコウボク
public/hostplants.csv,4690,hostplant-004800,ポーポー,,バンレイシ科,ポポー
public/hostplants.csv,4692,hostplant-004802,タイサンボク,,モクレン科,タイサンボク
public/hostplants.csv,4703,hostplant-004813,サンショウ,,ミカン科,サンショウ
public/hostplants.csv,4705,hostplant-004815,フユザンショウ,,ミカン科,フユザンショウ
public/hostplants.csv,4706,hostplant-004816,イワザンショウ,,ミカン科,イワザンショウ
public/hostplants.csv,4707,hostplant-004817,テリバザンショウ,,ミカン科,テリハザンショウ
public/hostplants.csv,4709,hostplant-004819,ヒロハノキハダ,,ミカン科,キハダ
public/hostplants.csv,4710,hostplant-004820,ナツミカン,,ミカン科,ナツミカン
public/hostplants.csv,4715,hostplant-004825,ダイダイ,,ミカン科,ダイダイ
public/hostplants.csv,4716,hostplant-004826,ヒュウガナツ,,ミカン科,ヒュウガナツ
public/hostplants.csv,4717,hostplant-004827,レモン,,ミカン科,レモン
public/hostplants.csv,4718,hostplant-004828,ゴシュユ,,ミカン科,ゴシュユ
public/hostplants.csv,4720,hostplant-004830,カラスザンショウ,,ミカン科,カラスザンショウ
public/hostplants.csv,4721,hostplant-004831,キンカン,,ミカン科,キンカン
public/hostplants.csv,4722,hostplant-004832,ツルシキミ,,ミカン科,ツルシキミ
public/hostplants.csv,4723,hostplant-004833,ミヤマシキミ,,ミカン科,ミヤマシキミ
public/hostplants.csv,4724,hostplant-004834,アサクラザンショウ,,ミカン科,アサクラザンショウ
public/hostplants.csv,4725,hostplant-004835,グレープフルーツ,,ミカン科,グレープフルーツ
public/hostplants.csv,4726,hostplant-004836,ヒラミレモン,,ミカン科,シイクワシャー
public/hostplants.csv,4728,hostplant-004838,ヨウシュハクセン,,ミカン科,ヨウシュハクセン
public/hostplants.csv,4729,hostplant-004839,ヘンルーダ,,ミカン科,ヘンルーダ
public/hostplants.csv,4730,hostplant-004840,アコウザンショウ,,ミカン科,アコウザンショウ
public/hostplants.csv,4731,hostplant-004841,タチバナ,,ミカン科,タチバナ
public/hostplants.csv,4733,hostplant-004843,マツカゼソウ,,ミカン科,マツカゼソウ
public/hostplants.csv,4734,hostplant-004844,ゲッキツ,,ミカン科,ゲッキツ
public/hostplants.csv,4737,hostplant-004847,アツバサイシン,,ウマノスズクサ科,アツバサイシン
public/hostplants.csv,4738,hostplant-004848,キバナコスモス,,キク科,キバナコスモス
public/hostplants.csv,4739,hostplant-004849,アフリカンマリーゴールド,,キク科,センジュギク
public/hostplants.csv,4740,hostplant-004850,ボタン,,ボタン科,ボタン
public/hostplants.csv,4741,hostplant-004851,パセリ,,セリ科,パセリ
public/hostplants.csv,4746,hostplant-004856,ノダケ,,セリ科,ノダケ
public/hostplants.csv,4750,hostplant-004860,ハマウド,,セリ科,ハマウド
public/hostplants.csv,4751,hostplant-004861,シシウド,,セリ科,シシウド
public/hostplants.csv,4752,hostplant-004862,エゾノシシウド,,セリ科,エゾノシシウド
public/hostplants.csv,4754,hostplant-004864,オカゼリ,,セリ科,オカゼリ
public/hostplants.csv,4756,hostplant-004866,エゾニュウ,,セリ科,エゾニュウ
public/hostplants.csv,4757,hostplant-004867,ハマボウフウ,,セリ科,ハマボウフウ
public/hostplants.csv,4758,hostplant-004868,ボタンボウフウ,,セリ科,ボタンボウフウ
public/hostplants.csv,4759,hostplant-004869,イブキボウフウ,,セリ科,イブキボウフウ
public/hostplants.csv,4760,hostplant-004870,タカネイブキボウフウ,,セリ科,タカネイブキボウフウ
public/hostplants.csv,4761,hostplant-004871,アメリカボウフウ,,セリ科,アメリカボウフウ
public/hostplants.csv,4762,hostplant-004872,シラネセンキュウ,,セリ科,シラネセンキュウ
public/hostplants.csv,4763,hostplant-004873,ミヤマセンキュウ,,セリ科,ミヤマセンキュウ
public/hostplants.csv,4764,hostplant-004874,オオバセンキュウ,,セリ科,オオバセンキュウ
public/hostplants.csv,4765,hostplant-004875,ドクゼリ,,セリ科,ドクゼリ
public/hostplants.csv,4767,hostplant-004877,ウマノミツバ,,セリ科,ウマノミツバ
public/hostplants.csv,4768,hostplant-004878,ヒカゲミツバ,,セリ科,ヒカゲミツバ
public/hostplants.csv,4769,hostplant-004879,ヤマゼリ,,セリ科,ヤマゼリ
public/hostplants.csv,4770,hostplant-004880,イワテトウキ,,セリ科,ミヤマトウキ
public/hostplants.csv,4771,hostplant-004881,シラネニンジン,,セリ科,シラネニンジン
public/hostplants.csv,4772,hostplant-004882,ヤブジラミ,,セリ科,ヤブジラミ
public/hostplants.csv,4773,hostplant-004883,イシヅチボウフウ,,セリ科,イシヅチボウフウ
public/hostplants.csv,4774,hostplant-004884,マツバゼリ,,セリ科,マツバゼリ
public/hostplants.csv,4775,hostplant-004885,ハマゼリ,,セリ科,ハマゼリ
public/hostplants.csv,4776,hostplant-004886,アシタバ,,セリ科,アシタバ
public/hostplants.csv,4777,hostplant-004887,トウキ,,セリ科,トウキ
public/hostplants.csv,4779,hostplant-004889,パセリ,,セリ科,パセリ
public/hostplants.csv,4780,hostplant-004890,ミシマサイコ,,セリ科,ミシマサイコ
public/hostplants.csv,4781,hostplant-004891,セロリ,,セリ科,セロリ
public/hostplants.csv,4782,hostplant-004892,ハクサンボウフウ,,セリ科,ハクサンボウフウ
public/hostplants.csv,4783,hostplant-004893,アマニュウ,,セリ科,アマニュウ
public/hostplants.csv,4785,hostplant-004895,ミヤマニンジン,,セリ科,ミヤマニンジン
public/hostplants.csv,4786,hostplant-004896,オオハナウド,,セリ科,オオハナウド
public/hostplants.csv,4787,hostplant-004897,サンショウ,,ミカン科,サンショウ
public/hostplants.csv,4789,hostplant-004899,カラスザンショウ,,ミカン科,カラスザンショウ
public/hostplants.csv,4794,hostplant-004904,ベニバナボロギク,,キク科,ベニバナボロギク
public/hostplants.csv,4796,hostplant-004906,カラスザンショウ,,ミカン科,カラスザンショウ
public/hostplants.csv,4798,hostplant-004908,ネーブルオレンジ,,ミカン科,ネーブルオレンジ
public/hostplants.csv,4801,hostplant-004911,ハッサク,,ミカン科,ハッサク
public/hostplants.csv,4802,hostplant-004912,ナツミカン,,ミカン科,ナツミカン
public/hostplants.csv,4803,hostplant-004913,ダイダイ,,ミカン科,ダイダイ
public/hostplants.csv,4805,hostplant-004915,グレープフルーツ,,ミカン科,グレープフルーツ
public/hostplants.csv,4807,hostplant-004917,キンカン,,ミカン科,キンカン
public/hostplants.csv,4808,hostplant-004918,ヒラミレモン,,ミカン科,シイクワシャー
public/hostplants.csv,4810,hostplant-004920,テリバザンショウ,,ミカン科,テリハザンショウ
public/hostplants.csv,4813,hostplant-004923,カラスザンショウ,,ミカン科,カラスザンショウ
public/hostplants.csv,4816,hostplant-004926,サンショウ,,ミカン科,サンショウ
public/hostplants.csv,4820,hostplant-004930,フユザンショウ,,ミカン科,フユザンショウ
public/hostplants.csv,4821,hostplant-004931,テリバザンショウ,,ミカン科,テリハザンショウ
public/hostplants.csv,4824,hostplant-004934,ナツミカン,,ミカン科,ナツミカン
public/hostplants.csv,4825,hostplant-004935,ダイダイ,,ミカン科,ダイダイ
public/hostplants.csv,4826,hostplant-004936,ポンカン,,ミカン科,ポンカン
public/hostplants.csv,4828,hostplant-004938,ヒラミレモン,,ミカン科,シイクワシャー
public/hostplants.csv,4831,hostplant-004941,タンカン,,ミカン科,タンカン
public/hostplants.csv,4832,hostplant-004942,コブミカン,,ミカン科,コブミカン
public/hostplants.csv,4833,hostplant-004943,ヒラミレモン,,ミカン科,シイクワシャー
public/hostplants.csv,4838,hostplant-004948,ナツミカン,,ミカン科,ナツミカン
public/hostplants.csv,4840,hostplant-004950,サンショウ,,ミカン科,サンショウ
public/hostplants.csv,4842,hostplant-004952,ミヤマシキミ,,ミカン科,ミヤマシキミ
public/hostplants.csv,4843,hostplant-004953,カラスザンショウ,,ミカン科,カラスザンショウ
public/hostplants.csv,4844,hostplant-004954,フユザンショウ,,ミカン科,フユザンショウ
public/hostplants.csv,4845,hostplant-004955,テリバザンショウ,,ミカン科,テリハザンショウ
public/hostplants.csv,4846,hostplant-004956,イワザンショウ,,ミカン科,イワザンショウ
public/hostplants.csv,4847,hostplant-004957,ゴシュユ,,ミカン科,ゴシュユ
public/hostplants.csv,4850,hostplant-004960,ダイダイ,,ミカン科,ダイダイ
public/hostplants.csv,4851,hostplant-004961,レモン,,ミカン科,レモン
public/hostplants.csv,4852,hostplant-004962,キンカン,,ミカン科,キンカン
public/hostplants.csv,4855,hostplant-004965,ヘンルーダ,,ミカン科,ヘンルーダ
public/hostplants.csv,4856,hostplant-004966,ツルザンショウ,,ミカン科,ツルザンショウ
public/hostplants.csv,4857,hostplant-004967,リュウキュウミヤマシキミ,,ミカン科,リュウキュウミヤマシキミ
public/hostplants.csv,4859,hostplant-004969,ヒラミレモン,,ミカン科,シイクワシャー
public/hostplants.csv,4862,hostplant-004973,サンショウ,,ミカン科,サンショウ
public/hostplants.csv,4865,hostplant-004976,フユザンショウ,,ミカン科,フユザンショウ
public/hostplants.csv,4866,hostplant-004977,カラスザンショウ,,ミカン科,カラスザンショウ
public/hostplants.csv,4867,hostplant-004978,ヘンルーダ,,ミカン科,ヘンルーダ
public/hostplants.csv,4868,hostplant-004979,ナツミカン,,ミカン科,ナツミカン
public/hostplants.csv,4869,hostplant-004980,ツルシキミ,,ミカン科,ツルシキミ
public/hostplants.csv,4872,hostplant-004983,カラスザンショウ,,ミカン科,カラスザンショウ
public/hostplants.csv,4875,hostplant-004986,ミヤマシキミ,,ミカン科,ミヤマシキミ
public/hostplants.csv,4877,hostplant-004988,フユザンショウ,,ミカン科,フユザンショウ
public/hostplants.csv,4879,hostplant-004990,タチバナ,,ミカン科,タチバナ
public/hostplants.csv,4881,hostplant-004992,レモン,,ミカン科,レモン
public/hostplants.csv,4882,hostplant-004993,ナツミカン,,ミカン科,ナツミカン
public/hostplants.csv,4884,hostplant-004995,ヘンルーダ,,ミカン科,ヘンルーダ
public/hostplants.csv,4886,hostplant-004998,カラスザンショウ,,ミカン科,カラスザンショウ
public/hostplants.csv,4888,hostplant-005000,ヒラミレモン,,ミカン科,シイクワシャー
public/hostplants.csv,4889,hostplant-005001,カラスザンショウ,,ミカン科,カラスザンショウ
public/hostplants.csv,4890,hostplant-005002,アカギ,トウダイグサ科,コミカンソウ科,アカギ
public/hostplants.csv,4892,hostplant-005004,ヒロハノキハダ,,ミカン科,キハダ
public/hostplants.csv,4893,hostplant-005005,カラスザンショウ,,ミカン科,カラスザンショウ
public/hostplants.csv,4895,hostplant-005007,ツルシキミ,,ミカン科,ツルシキミ
public/hostplants.csv,4897,hostplant-005009,サンショウ,,ミカン科,サンショウ
public/hostplants.csv,4903,hostplant-005015,ビロードクサフジ,,マメ科,ビロードクサフジ
public/hostplants.csv,4906,hostplant-005018,エゾノレンリソウ,シソ科,マメ科,エゾノレンリソウ
public/hostplants.csv,4912,hostplant-005024,ハマハタザオ,,アブラナ科,ハマハタザオ
public/hostplants.csv,4913,hostplant-005025,ミヤマハタザオ,,アブラナ科,ミヤマハタザオ
public/hostplants.csv,4914,hostplant-005026,イワハタザオ,,アブラナ科,イワハタザオ
public/hostplants.csv,4917,hostplant-005029,ミヤマタネツケバナ,,アブラナ科,ミヤマタネツケバナ
public/hostplants.csv,4918,hostplant-005030,イヌガラシ,,アブラナ科,イヌガラシ
public/hostplants.csv,4919,hostplant-005031,ジャニンジン,,アブラナ科,ジャニンジン
public/hostplants.csv,4920,hostplant-005032,シコクハタザオ,,アブラナ科,シコクハタザオ
public/hostplants.csv,4921,hostplant-005033,ミズナ,,アブラナ科,ミズナ
public/hostplants.csv,4924,hostplant-005036,イヌナズナ,,アブラナ科,イヌナズナ
public/hostplants.csv,4925,hostplant-005037,スカシタゴボウ,,アブラナ科,スカシタゴボウ
public/hostplants.csv,4926,hostplant-005038,ハナダイコン,,アブラナ科,ショカツサイ
public/hostplants.csv,4927,hostplant-005039,ミヤガラシ,,アブラナ科,ミヤガラシ
public/hostplants.csv,4929,hostplant-005041,ハボタン,,アブラナ科,ハボタン
public/hostplants.csv,4930,hostplant-005042,カブ,,アブラナ科,カブ
public/hostplants.csv,4932,hostplant-005044,ブロッコリー,,アブラナ科,ブロッコリー
public/hostplants.csv,4933,hostplant-005045,チンゲンサイ,,アブラナ科,タイサイ
public/hostplants.csv,4935,hostplant-005047,セイヨウアブラナ,,アブラナ科,セイヨウアブラナ
public/hostplants.csv,4936,hostplant-005048,カラシナ,,アブラナ科,カラシナ
public/hostplants.csv,4937,hostplant-005049,カキネガラシ,,アブラナ科,カキネガラシ
public/hostplants.csv,4938,hostplant-005050,セイヨウカラシナ,,アブラナ科,カラシナ
public/hostplants.csv,4940,hostplant-005052,オオバタネツケバナ,,アブラナ科,オオバタネツケバナ
public/hostplants.csv,4942,hostplant-005054,イワハタザオ,,アブラナ科,イワハタザオ
public/hostplants.csv,4943,hostplant-005055,ミヤマハタザオ,,アブラナ科,ミヤマハタザオ
public/hostplants.csv,4944,hostplant-005056,キバナハタザオ,,アブラナ科,キバナハタザオ
public/hostplants.csv,4945,hostplant-005057,イブキハタザオ,,アブラナ科,イブキハタザオ
public/hostplants.csv,4947,hostplant-005059,ヒロハコンロンソウ,,アブラナ科,ヒロハコンロンソウ
public/hostplants.csv,4948,hostplant-005060,ヤマガラシ,,アブラナ科,ヤマガラシ
public/hostplants.csv,4949,hostplant-005061,ミヤマタネツケバナ,,アブラナ科,ミヤマタネツケバナ
public/hostplants.csv,4951,hostplant-005063,ギョボク,フウチョウソウ科,フウチョウボク科,ギョボク
public/hostplants.csv,4955,hostplant-005067,ギョボク,フウチョウソウ科,フウチョウボク科,ギョボク
public/hostplants.csv,4956,hostplant-005068,ギョボク,フウチョウソウ科,フウチョウボク科,ギョボク
public/hostplants.csv,4962,hostplant-005074,カリフラワー,,アブラナ科,カリフラワー
public/hostplants.csv,4963,hostplant-005075,ブロッコリー,,アブラナ科,ブロッコリー
public/hostplants.csv,4968,hostplant-005080,ワサビダイコン,,アブラナ科,セイヨウワサビ
public/hostplants.csv,4969,hostplant-005081,ハボタン,,アブラナ科,ハボタン
public/hostplants.csv,4970,hostplant-005082,キレハイヌガラシ,,アブラナ科,キレハイヌガラシ
public/hostplants.csv,4972,hostplant-005084,カキネガラシ,,アブラナ科,カキネガラシ
public/hostplants.csv,4977,hostplant-005090,ギョボク,フウチョウソウ科,フウチョウボク科,ギョボク
public/hostplants.csv,4979,hostplant-005093,マメグンバイナズナ,,アブラナ科,マメグンバイナズナ
public/hostplants.csv,4980,hostplant-005094,イヌガラシ,,アブラナ科,イヌガラシ
public/hostplants.csv,4981,hostplant-005095,ハナナズナ,,アブラナ科,ハナナズナ
public/hostplants.csv,4984,hostplant-005098,タチタネツケバナ,,アブラナ科,タチタネツケバナ
public/hostplants.csv,4985,hostplant-005099,オオバタネツケバナ,,アブラナ科,オオバタネツケバナ
public/hostplants.csv,4986,hostplant-005100,ハマハタザオ,,アブラナ科,ハマハタザオ
public/hostplants.csv,4992,hostplant-005107,クレソン,,アブラナ科,オランダガラシ
public/hostplants.csv,4994,hostplant-005109,ミヤマハタザオ,,アブラナ科,ミヤマハタザオ
public/hostplants.csv,4995,hostplant-005110,キレハイヌガラシ,,アブラナ科,キレハイヌガラシ
public/hostplants.csv,4996,hostplant-005111,エゾワサビ,,アブラナ科,エゾワサビ
public/hostplants.csv,4997,hostplant-005112,オランダガラシ,,アブラナ科,オランダガラシ
public/hostplants.csv,4998,hostplant-005113,カキネガラシ,,アブラナ科,カキネガラシ
public/hostplants.csv,4999,hostplant-005114,ワサビダイコン,,アブラナ科,セイヨウワサビ
public/hostplants.csv,5001,hostplant-005116,イヌガラシ,,アブラナ科,イヌガラシ
public/hostplants.csv,5002,hostplant-005117,ミヤマタネツケバナ,,アブラナ科,ミヤマタネツケバナ
public/hostplants.csv,5004,hostplant-005119,ハクサンハタザオ,,アブラナ科,ハクサンハタザオ
public/hostplants.csv,5006,hostplant-005121,ミヤマハタザオ,,アブラナ科,ミヤマハタザオ
public/hostplants.csv,5007,hostplant-005122,シコクハタザオ,,アブラナ科,シコクハタザオ
public/hostplants.csv,5008,hostplant-005123,クレソン,,アブラナ科,オランダガラシ
public/hostplants.csv,5009,hostplant-005124,イヌガラシ,,アブラナ科,イヌガラシ
public/hostplants.csv,5013,hostplant-005128,エゾハタザオ,,アブラナ科,エゾハタザオ
public/hostplants.csv,5014,hostplant-005129,ジャニンジン,,アブラナ科,ジャニンジン
public/hostplants.csv,5015,hostplant-005130,オオバタネツケバナ,,アブラナ科,オオバタネツケバナ
public/hostplants.csv,5016,hostplant-005131,ニシノオオタネツケバナ,,アブラナ科,オオケタネツケバナ
public/hostplants.csv,5018,hostplant-005133,ミヤマタネツケバナ,,アブラナ科,ミヤマタネツケバナ
public/hostplants.csv,5019,hostplant-005134,エゾワサビ,,アブラナ科,エゾワサビ
public/hostplants.csv,5020,hostplant-005135,キレハイヌガラシ,,アブラナ科,キレハイヌガラシ
public/hostplants.csv,5021,hostplant-005136,ハルザキヤマガラシ,,アブラナ科,ハルザキヤマガラシ
public/hostplants.csv,5022,hostplant-005137,ルナリア,,アブラナ科,ゴウダソウ
public/hostplants.csv,5025,hostplant-005141,エビスグサ,,マメ科,エビスグサ
public/hostplants.csv,5028,hostplant-005144,ハスノミカズラ,,マメ科,ハスノミカズラ
public/hostplants.csv,5032,hostplant-005148,ハネセンナ,,マメ科,ハネセンナ
public/hostplants.csv,5035,hostplant-005151,シイノキカズラ,,マメ科,シイノキカズラ
public/hostplants.csv,5037,hostplant-005153,ハマセンナ,,マメ科,ハマセンナ
public/hostplants.csv,5039,hostplant-005155,アメリカツノクサネム,,マメ科,アメリカツノクサネム
public/hostplants.csv,5044,hostplant-005160,ギンゴウカン,,マメ科,ギンゴウカン
public/hostplants.csv,5047,hostplant-005163,ビルマネム,,マメ科,ビルマネム
public/hostplants.csv,5053,hostplant-005169,ミヤギノハギ,,マメ科,ミヤギノハギ
public/hostplants.csv,5055,hostplant-005171,キハギ,,マメ科,キハギ
public/hostplants.csv,5056,hostplant-005172,マキエハギ,,マメ科,マキエハギ
public/hostplants.csv,5060,hostplant-005176,フサアカシア,,マメ科,フサアカシア
public/hostplants.csv,5061,hostplant-005177,ジャケツイバラ,,マメ科,ジャケツイバラ
public/hostplants.csv,5062,hostplant-005178,ハリエンジュ,,マメ科,ハリエンジュ
public/hostplants.csv,5063,hostplant-005179,ギンヨウアカシア,,マメ科,ギンヨウアカシア
public/hostplants.csv,5064,hostplant-005180,モリシマアカシア,,マメ科,モリシマアカシア
public/hostplants.csv,5066,hostplant-005182,エビスグサ,,マメ科,エビスグサ
public/hostplants.csv,5068,hostplant-005184,マルバヤハズソウ,,マメ科,マルバヤハズソウ
public/hostplants.csv,5071,hostplant-005187,ウマゴヤシ,,マメ科,ウマゴヤシ
public/hostplants.csv,5072,hostplant-005188,クサネム,,マメ科,クサネム
public/hostplants.csv,5075,hostplant-005191,クロイゲ,,クロウメモドキ科,クロイゲ
public/hostplants.csv,5076,hostplant-005192,ヒメクマヤナギ,,クロウメモドキ科,ヒメクマヤナギ
public/hostplants.csv,5078,hostplant-005194,ヒロハヘビノボラズ,,メギ科,ヒロハヘビノボラズ
public/hostplants.csv,5081,hostplant-005197,ボケ,,バラ科,ボケ
public/hostplants.csv,5082,hostplant-005198,サンザシ,,バラ科,サンザシ
public/hostplants.csv,5089,hostplant-005205,セイヨウナシ,,バラ科,セイヨウナシ
public/hostplants.csv,5090,hostplant-005206,ベニシタン,,バラ科,ベニシタン
public/hostplants.csv,5095,hostplant-005212,エゾクロウメモドキ,,クロウメモドキ科,エゾノクロウメモドキ
public/hostplants.csv,5096,hostplant-005214,クロカンバ,,クロウメモドキ科,クロカンバ
public/hostplants.csv,5098,hostplant-005216,クロウスゴ,,ツツジ科,クロウスゴ
public/hostplants.csv,5101,hostplant-005219,ウマゴヤシ,,マメ科,ウマゴヤシ
public/hostplants.csv,5102,hostplant-005220,ムラサキウマゴヤシ,,マメ科,ムラサキウマゴヤシ
public/hostplants.csv,5105,hostplant-005223,シロバナシナガワハギ,,マメ科,シロバナシナガワハギ
public/hostplants.csv,5106,hostplant-005224,ハウチワマメ,,マメ科,ハウチワマメ
public/hostplants.csv,5107,hostplant-005225,タイツリオウギ,,マメ科,タイツリオウギ
public/hostplants.csv,5108,hostplant-005226,リシリオウギ,,マメ科,リシリオウギ
public/hostplants.csv,5109,hostplant-005227,シロツメクサ,,マメ科,シロツメクサ
public/hostplants.csv,5111,hostplant-005229,スズメノエンドウ,,マメ科,スズメノエンドウ
public/hostplants.csv,5113,hostplant-005231,ゲンゲ,,マメ科,ゲンゲ
public/hostplants.csv,5115,hostplant-005233,イワオウギ,,マメ科,イワオウギ
public/hostplants.csv,5117,hostplant-005235,セイヨウミヤコグサ,,マメ科,セイヨウミヤコグサ
public/hostplants.csv,5118,hostplant-005236,ハリエンジュ,,マメ科,ハリエンジュ
public/hostplants.csv,5119,hostplant-005237,シャジクソウ,,マメ科,シャジクソウ
public/hostplants.csv,5121,hostplant-005239,タチオランダゲンゲ,,マメ科,タチオランダゲンゲ
public/hostplants.csv,5122,hostplant-005240,コメツブウマゴヤシ,,マメ科,コメツブウマゴヤシ
public/hostplants.csv,5127,hostplant-005245,ハネセンナ,,マメ科,ハネセンナ
public/hostplants.csv,5129,hostplant-005247,エビスグサ,,マメ科,エビスグサ
public/hostplants.csv,5130,hostplant-005248,ハネセンナ,,マメ科,ハネセンナ
public/hostplants.csv,5134,hostplant-005252,ハネセンナ,,マメ科,ハネセンナ
public/hostplants.csv,5135,hostplant-005253,フタホセンナ,,マメ科,フタホセンナ
public/hostplants.csv,5137,hostplant-005255,ナツフジ,,マメ科,ナツフジ
public/hostplants.csv,5142,hostplant-005260,ジャケツイバラ,,マメ科,ジャケツイバラ
public/hostplants.csv,5143,hostplant-005261,ハマエンジュ,,マメ科,ハマセンナ
public/hostplants.csv,5144,hostplant-005262,ツクシハギ,,マメ科,ツクシハギ
public/hostplants.csv,5145,hostplant-005263,ミヤギノハギ,,マメ科,ミヤギノハギ
public/hostplants.csv,5147,hostplant-005265,タイワンクズ,,マメ科,タイワンクズ
public/hostplants.csv,5149,hostplant-005267,タカナタマメ,,マメ科,タカナタマメ
public/hostplants.csv,5167,hostplant-005287,ツクバネガシ,,ブナ科,ツクバネガシ
public/hostplants.csv,5173,hostplant-005293,オキナワウラジロガシ,,ブナ科,オキナワウラジロガシ
public/hostplants.csv,5175,hostplant-005295,アマミアラカシ,,ブナ科,アマミアラカシ
public/hostplants.csv,5179,hostplant-005299,アマミアラカシ,,ブナ科,アマミアラカシ
public/hostplants.csv,5183,hostplant-005303,サイゴクイボタ,,モクセイ科,サイゴクイボタ
public/hostplants.csv,5185,hostplant-005305,セイヨウイボタ,,モクセイ科,ヨウシュイボタ
public/hostplants.csv,5192,hostplant-005312,ホソバアオダモ,,モクセイ科,マルバアオダモ
public/hostplants.csv,5194,hostplant-005314,シオジ,,モクセイ科,シオジ
public/hostplants.csv,5195,hostplant-005315,ミヤマアオダモ,,モクセイ科,ミヤマアオダモ
public/hostplants.csv,5205,hostplant-005325,ホソバガシワ,,ブナ科,ホソバガシワ
public/hostplants.csv,5227,hostplant-005347,ヒメグルミ,,クルミ科,ヒメグルミ
public/hostplants.csv,5238,hostplant-005358,アテツマンサク,,マンサク科,アテツマンサク
public/hostplants.csv,5239,hostplant-005359,オオバマンサク,,マンサク科,オオバマンサク
public/hostplants.csv,5254,hostplant-005374,ツクバネガシ,,ブナ科,ツクバネガシ
public/hostplants.csv,5263,hostplant-005383,ツクバネガシ,,ブナ科,ツクバネガシ
public/hostplants.csv,5278,hostplant-005398,ヤハズハンノキ,,カバノキ科,ヤハズハンノキ
public/hostplants.csv,5280,hostplant-005400,サクラバハンノキ,,カバノキ科,サクラバハンノキ
public/hostplants.csv,5281,hostplant-005401,カワラハンノキ,,カバノキ科,カワラハンノキ
public/hostplants.csv,5282,hostplant-005402,コバノヤマハンノキ,,カバノキ科,タニガワハンノキ
public/hostplants.csv,5295,hostplant-005415,オクチョウジザクラ,,バラ科,オクチョウジザクラ
public/hostplants.csv,5296,hostplant-005416,エゾヤマザクラ,,バラ科,オオヤマザクラ
public/hostplants.csv,5299,hostplant-005419,ミネザクラ,,バラ科,タカネザクラ
public/hostplants.csv,5300,hostplant-005420,チシマザクラ,,バラ科,チシマザクラ
public/hostplants.csv,5302,hostplant-005422,チョウジザクラ,,バラ科,チョウジザクラ
public/hostplants.csv,5305,hostplant-005425,エドヒガン,,バラ科,エドヒガン
public/hostplants.csv,5312,hostplant-005432,ツクバネガシ,,ブナ科,ツクバネガシ
public/hostplants.csv,5319,hostplant-005439,ツクバネガシ,,ブナ科,ツクバネガシ
public/hostplants.csv,5324,hostplant-005444,コブニレ,,ニレ科,コブニレ
public/hostplants.csv,5333,hostplant-005454,エゾクロウメモドキ,,クロウメモドキ科,エゾノクロウメモドキ
public/hostplants.csv,5335,hostplant-005456,クロカンバ,,クロウメモドキ科,クロカンバ
public/hostplants.csv,5338,hostplant-005459,エゾクロウメモドキ,,クロウメモドキ科,エゾノクロウメモドキ
public/hostplants.csv,5339,hostplant-005460,タイシャククロウメモドキ,,クロウメモドキ科,タイシャククロウメモドキ
public/hostplants.csv,5345,hostplant-005466,ガマズミ,スイカズラ科,ガマズミ科,ガマズミ
public/hostplants.csv,5351,hostplant-005472,エゾムラサキツツジ,,ツツジ科,エゾムラサキツツジ
public/hostplants.csv,5358,hostplant-005479,シロバナシャクナゲ,,ツツジ科,ハクサンシャクナゲ
public/hostplants.csv,5361,hostplant-005482,コヨウラクツツジ,,ツツジ科,コヨウラクツツジ
public/hostplants.csv,5362,hostplant-005483,ボケ,,バラ科,ボケ
public/hostplants.csv,5366,hostplant-005487,コアジサイ,,アジサイ科,コアジサイ
public/hostplants.csv,5367,hostplant-005488,ホザキシモツケ,,バラ科,ホザキシモツケ
public/hostplants.csv,5368,hostplant-005489,エゾノシロバナシモツケ,,バラ科,エゾノシロバナシモツケ
public/hostplants.csv,5369,hostplant-005490,ウワミズザクラ,,バラ科,ウワミズザクラ
public/hostplants.csv,5370,hostplant-005491,ユキヤナギ,,バラ科,ユキヤナギ
public/hostplants.csv,5372,hostplant-005494,ウツギ,ユキノシタ科,アジサイ科,ウツギ
public/hostplants.csv,5378,hostplant-005500,トチノキ,トチノキ科,ムクロジ科,トチノキ
public/hostplants.csv,5385,hostplant-005507,ヤブデマリ,スイカズラ科,ガマズミ科,ヤブデマリ
public/hostplants.csv,5389,hostplant-005511,ミヤギノハギ,,マメ科,ミヤギノハギ
public/hostplants.csv,5390,hostplant-005512,ハリエンジュ,,マメ科,ハリエンジュ
public/hostplants.csv,5392,hostplant-005514,イヌエンジュ,,マメ科,イヌエンジュ
public/hostplants.csv,5393,hostplant-005515,シロツメクサ,,マメ科,シロツメクサ
public/hostplants.csv,5395,hostplant-005517,ヒメウツギ,,アジサイ科,ヒメウツギ
public/hostplants.csv,5402,hostplant-005526,エゾノギシギシ,,タデ科,エゾノギシギシ
public/hostplants.csv,5403,hostplant-005527,ノダイオウ,,タデ科,ノダイオウ
public/hostplants.csv,5404,hostplant-005528,クヌギ,アブラムシやキジラミが寄生する植物（ブナ科,ブナ科,クヌギ
public/hostplants.csv,5411,hostplant-005535,シロツメクサ,,マメ科,シロツメクサ
public/hostplants.csv,5412,hostplant-005536,ウマゴヤシ,,マメ科,ウマゴヤシ
public/hostplants.csv,5413,hostplant-005537,マルバダケハギ,,マメ科,ササハギ
public/hostplants.csv,5416,hostplant-005540,コメツブウマゴヤシ,,マメ科,コメツブウマゴヤシ
public/hostplants.csv,5417,hostplant-005541,コウマゴヤシ,,マメ科,コウマゴヤシ
public/hostplants.csv,5420,hostplant-005544,ハマササゲ,,マメ科,ハマアズキ
public/hostplants.csv,5421,hostplant-005545,ハイマキエハギ,,マメ科,ハイマキエハギ
public/hostplants.csv,5422,hostplant-005546,タチシバハギ,,マメ科,タチシバハギ
public/hostplants.csv,5424,hostplant-005548,ホナガイヌビユ,,ヒユ科,ホナガイヌビユ
public/hostplants.csv,5425,hostplant-005549,ハリビユ,,ヒユ科,ハリビユ
public/hostplants.csv,5426,hostplant-005550,アカザ,アカザ科,ヒユ科,アカザ
public/hostplants.csv,5429,hostplant-005553,エゾタチカタバミ,,カタバミ科,エゾタチカタバミ
public/hostplants.csv,5430,hostplant-005554,ウスアカカタバミ,,カタバミ科,ウスアカカタバミ
public/hostplants.csv,5432,hostplant-005556,オッタチカタバミ,,カタバミ科,オッタチカタバミ
public/hostplants.csv,5435,hostplant-005559,タチシバハギ,,マメ科,タチシバハギ
public/hostplants.csv,5437,hostplant-005561,カナムグラ,クワ科,アサ科,カナムグラ
public/hostplants.csv,5438,hostplant-005562,エゾヤマハギ,,マメ科,ヤマハギ
public/hostplants.csv,5440,hostplant-005564,ミヤギノハギ,,マメ科,ミヤギノハギ
public/hostplants.csv,5443,hostplant-005567,オオバクサフジ,,マメ科,オオバクサフジ
public/hostplants.csv,5445,hostplant-005569,シロツメクサ,,マメ科,シロツメクサ
public/hostplants.csv,5446,hostplant-005570,アカツメクサ,,マメ科,ムラサキツメクサ
public/hostplants.csv,5448,hostplant-005572,シャジクソウ,,マメ科,シャジクソウ
public/hostplants.csv,5453,hostplant-005577,イタチササゲ,,マメ科,イタチササゲ
public/hostplants.csv,5455,hostplant-005579,ウマゴヤシ,,マメ科,ウマゴヤシ
public/hostplants.csv,5456,hostplant-005580,コメツブウマゴヤシ,,マメ科,コメツブウマゴヤシ
public/hostplants.csv,5458,hostplant-005582,ゲンゲ,,マメ科,ゲンゲ
public/hostplants.csv,5468,hostplant-005592,アレチヌスビトハギ,,マメ科,アレチヌスビトハギ
public/hostplants.csv,5470,hostplant-005594,レブンソウ,,マメ科,レブンソウ
public/hostplants.csv,5472,hostplant-005597,タイトゴメ,,ベンケイソウ科,タイトゴメ
public/hostplants.csv,5473,hostplant-005598,ゲンカイイワレンゲ,,ベンケイソウ科,ゲンカイイワレンゲ
public/hostplants.csv,5474,hostplant-005599,アオノイワレンゲ,,ベンケイソウ科,アオノイワレンゲ
public/hostplants.csv,5475,hostplant-005600,イワレンゲ,,ベンケイソウ科,イワレンゲ
public/hostplants.csv,5476,hostplant-005601,コモチレンゲ,,ベンケイソウ科,コモチレンゲ
public/hostplants.csv,5477,hostplant-005602,ヒメレンゲ,,ベンケイソウ科,ヒメレンゲ
public/hostplants.csv,5478,hostplant-005603,ツルマンネングサ,,ベンケイソウ科,ツルマンネングサ
public/hostplants.csv,5479,hostplant-005604,オノマンネングサ,,ベンケイソウ科,オノマンネングサ
public/hostplants.csv,5480,hostplant-005605,メノマンネングサ,,ベンケイソウ科,メノマンネングサ
public/hostplants.csv,5482,hostplant-005607,ナガサキマンネングサ,,ベンケイソウ科,ナガサキマンネングサ
public/hostplants.csv,5485,hostplant-005610,チャボツメレンゲ,,ベンケイソウ科,チャボツメレンゲ
public/hostplants.csv,5486,hostplant-005611,チチッパベンケイソウ,,ベンケイソウ科,チチッパベンケイ
public/hostplants.csv,5487,hostplant-005612,タカネマンネングサ,,ベンケイソウ科,タカネマンネングサ
public/hostplants.csv,5490,hostplant-005615,マルバヌスビトハギ,,マメ科,マルバヌスビトハギ
public/hostplants.csv,5491,hostplant-005616,フジカンゾウ,,マメ科,フジカンゾウ
public/hostplants.csv,5492,hostplant-005617,オオバヌスビトハギ,,マメ科,オオバヌスビトハギ
public/hostplants.csv,5494,hostplant-005619,トキワヤブハギ,,マメ科,トキワヤブハギ
public/hostplants.csv,5495,hostplant-005620,リュウキュウヌスビトハギ,,マメ科,リュウキュウヌスビトハギ
public/hostplants.csv,5499,hostplant-005624,ヒイラギズイナ,ユキノシタ科,ズイナ科,ヒイラギズイナ
public/hostplants.csv,5500,hostplant-005625,ウラジロアカメガシワ,,トウダイグサ科,ウラジロアカメガシワ
public/hostplants.csv,5501,hostplant-005626,クスノハガシワ,,トウダイグサ科,クスノハガシワ
public/hostplants.csv,5557,hostplant-005683,ヒラミカンコノキ,トウダイグサ科,コミカンソウ科,ヒラミカンコノキ
public/hostplants.csv,5558,hostplant-005684,カラコギカエデ,カエデ科,ムクロジ科,カラコギカエデ
public/hostplants.csv,5560,hostplant-005686,トチノキ,トチノキ科,ムクロジ科,トチノキ
public/hostplants.csv,5562,hostplant-005688,シマグワ,,クワ科,ヤマグワ
public/hostplants.csv,5563,hostplant-005689,オオバシマムラサキ,クマツヅラ科,シソ科,オオバシマムラサキ
public/hostplants.csv,5565,hostplant-005691,トチノキ,トチノキ科,ムクロジ科,トチノキ
public/hostplants.csv,5574,hostplant-005700,ソラマメ,,マメ科,ソラマメ
public/hostplants.csv,5578,hostplant-005704,ノボリフジ,,マメ科,キバナハウチワマメ
public/hostplants.csv,5581,hostplant-005707,タイワンクズ,,マメ科,タイワンクズ
public/hostplants.csv,5585,hostplant-005711,ムレスズメ,,マメ科,ムレスズメ
public/hostplants.csv,5586,hostplant-005712,シロバナハギ,,マメ科,シラハギ
public/hostplants.csv,5588,hostplant-005714,ミヤマハギ,,マメ科,マルバハギ
public/hostplants.csv,5590,hostplant-005716,ノササゲ,,マメ科,ノササゲ
public/hostplants.csv,5591,hostplant-005717,ハマササゲ,,マメ科,ハマアズキ
public/hostplants.csv,5593,hostplant-005719,ヤブツルアズキ,,マメ科,ヤブツルアズキ
public/hostplants.csv,5594,hostplant-005720,オオヤブツルアズキ,,マメ科,オオヤブツルアズキ
public/hostplants.csv,5596,hostplant-005722,シカクマメ,,マメ科,シカクマメ
public/hostplants.csv,5599,hostplant-005725,ハマナタマメ,,マメ科,ハマナタマメ
public/hostplants.csv,5601,hostplant-005727,アフリカタヌキマメ,,マメ科,アフリカタヌキマメ
public/hostplants.csv,5603,hostplant-005730,アカギ,トウダイグサ科,コミカンソウ科,アカギ
public/hostplants.csv,5604,hostplant-005731,ヒイラギズイナ,ユキノシタ科,ズイナ科,ヒイラギズイナ
public/hostplants.csv,5605,hostplant-005732,ヒメモダマ,,マメ科,ヒメモダマ
public/hostplants.csv,5606,hostplant-005733,コウシュンモダマ,,マメ科,ヒメモダマ
public/hostplants.csv,5611,hostplant-005739,モクタチバナ,ヤブコウジ科,サクラソウ科,モクタチバナ
public/hostplants.csv,5614,hostplant-005742,タイミンタチバナ,,サクラソウ科,タイミンタチバナ
public/hostplants.csv,5615,hostplant-005743,シマイズセンリョウ,,サクラソウ科,シマイズセンリョウ
public/hostplants.csv,5617,hostplant-005746,シイノキカズラ,,マメ科,シイノキカズラ
public/hostplants.csv,5618,hostplant-005747,タイワンクズ,,マメ科,タイワンクズ
public/hostplants.csv,5619,hostplant-005748,タカナタマメ,,マメ科,タカナタマメ
public/hostplants.csv,5620,hostplant-005749,ハマナタマメ,,マメ科,ハマナタマメ
public/hostplants.csv,5621,hostplant-005750,クロタラリア,,マメ科,サンヘンプ
public/hostplants.csv,5623,hostplant-005752,クロバナツルアズキ,,マメ科,クロバナツルアズキ
public/hostplants.csv,5624,hostplant-005753,ナンバンアカバナアズキ,,マメ科,ナンバンアカバナアズキ
public/hostplants.csv,5625,hostplant-005754,シカクマメ,,マメ科,シカクマメ
public/hostplants.csv,5627,hostplant-005756,ハマササゲ,,マメ科,ハマアズキ
public/hostplants.csv,5628,hostplant-005757,デリス,,マメ科,デリス
public/hostplants.csv,5630,hostplant-005759,クマタケラン,,ショウガ科,クマタケラン
public/hostplants.csv,5631,hostplant-005760,シュクシャ,,ショウガ科,ハナシュクシャ
public/hostplants.csv,5632,hostplant-005761,ハナシュクシャ,,ショウガ科,ハナシュクシャ
public/hostplants.csv,5635,hostplant-005764,ハスノミカズラ,,マメ科,ハスノミカズラ
public/hostplants.csv,5636,hostplant-005765,クロバナツルアズキ,,マメ科,クロバナツルアズキ
public/hostplants.csv,5639,hostplant-005768,ヤエヤマタヌキマメ,,マメ科,ヤエヤマタヌキマメ
public/hostplants.csv,5640,hostplant-005769,コバノツルアズキ,,マメ科,ヒナアズキ
public/hostplants.csv,5641,hostplant-005770,オオヤブツルアズキ,,マメ科,オオヤブツルアズキ
public/hostplants.csv,5642,hostplant-005771,ケツルアズキ,,マメ科,ケツルアズキ
public/hostplants.csv,5644,hostplant-005773,ハマササゲ,,マメ科,ハマアズキ
public/hostplants.csv,5647,hostplant-005776,ノササゲ,,マメ科,ノササゲ
public/hostplants.csv,5649,hostplant-005778,ヤエナリ,,マメ科,ヤエナリ
public/hostplants.csv,5651,hostplant-005780,タイワンクズ,,マメ科,タイワンクズ
public/hostplants.csv,5653,hostplant-005782,ハマナタマメ,,マメ科,ハマナタマメ
public/hostplants.csv,5654,hostplant-005783,ツルマメ,,マメ科,ツルマメ
public/hostplants.csv,5659,hostplant-005788,タイアザミ,,キク科,タイアザミ
public/hostplants.csv,5660,hostplant-005789,ミヤコアザミ,,キク科,ミヤコアザミ
public/hostplants.csv,5661,hostplant-005790,エゾヨモギ,,キク科,オオヨモギ
public/hostplants.csv,5663,hostplant-005792,ヤマヨモギ,,キク科,オオヨモギ
public/hostplants.csv,5664,hostplant-005793,ヤマハハコ,,キク科,ヤマハハコ
public/hostplants.csv,5665,hostplant-005794,ヒメジョオン,,キク科,ヒメジョオン
public/hostplants.csv,5678,hostplant-005807,ヨツバハギ,,マメ科,ヨツバハギ
public/hostplants.csv,5681,hostplant-005810,シロウマオウギ,,マメ科,シロウマオウギ
public/hostplants.csv,5682,hostplant-005811,タイツリオウギ,,マメ科,タイツリオウギ
public/hostplants.csv,5683,hostplant-005812,イワオウギ,,マメ科,イワオウギ
public/hostplants.csv,5684,hostplant-005813,モメンヅル,,マメ科,モメンヅル
public/hostplants.csv,5685,hostplant-005814,オオバクサフジ,,マメ科,オオバクサフジ
public/hostplants.csv,5687,hostplant-005816,タイツリオウギ,,マメ科,タイツリオウギ
public/hostplants.csv,5688,hostplant-005817,イワオウギ,,マメ科,イワオウギ
public/hostplants.csv,5690,hostplant-005819,ホソバノキリンソウ,,ベンケイソウ科,ホソバノキリンソウ
public/hostplants.csv,5691,hostplant-005820,ホソバイワベンケイ,,ベンケイソウ科,ホソバイワベンケイ
public/hostplants.csv,5692,hostplant-005821,イワベンケイ,,ベンケイソウ科,イワベンケイ
public/hostplants.csv,5693,hostplant-005822,イワレンゲ,,ベンケイソウ科,イワレンゲ
public/hostplants.csv,5694,hostplant-005823,アオノイワレンゲ,,ベンケイソウ科,アオノイワレンゲ
public/hostplants.csv,5695,hostplant-005824,ツルマンネングサ,,ベンケイソウ科,ツルマンネングサ
public/hostplants.csv,5696,hostplant-005825,ガンコウラン,ガンコウラン科,ツツジ科,ガンコウラン
public/hostplants.csv,5699,hostplant-005828,ツルコケモモ,,ツツジ科,ツルコケモモ
public/hostplants.csv,5704,hostplant-005833,オオバクサフジ,,マメ科,オオバクサフジ
public/hostplants.csv,5705,hostplant-005834,ヒロハクサフジ,,マメ科,ヒロハクサフジ
public/hostplants.csv,5709,hostplant-005838,ナガボノシロワレモコウ,,バラ科,ナガボノワレモコウ
public/hostplants.csv,5710,hostplant-005839,ナガボノアカワレモコウ,,バラ科,ナガボノワレモコウ
public/hostplants.csv,5711,hostplant-005840,カライトソウ,,バラ科,カライトソウ
public/hostplants.csv,5712,hostplant-005841,エノキ,ニレ科,アサ科,エノキ
public/hostplants.csv,5713,hostplant-005842,エゾエノキ,,アサ科,エゾエノキ
public/hostplants.csv,5715,hostplant-005844,コウトウエノキ,ニレ科,アサ科,コウトウエノキ
public/hostplants.csv,5716,hostplant-005845,クガイソウ,ゴマノハグサ科,オオバコ科,クガイソウ
public/hostplants.csv,5719,hostplant-005848,ミズギボウシ,ユリ科,クサスギカズラ科,ミズギボウシ
public/hostplants.csv,5720,hostplant-005849,ヒメトラノオ,,オオバコ科,ヒメトラノオ
public/hostplants.csv,5721,hostplant-005850,ママコナ,,ハマウツボ科,ママコナ
public/hostplants.csv,5722,hostplant-005851,ヒキヨモギ,,ハマウツボ科,ヒキヨモギ
public/hostplants.csv,5723,hostplant-005852,オオイヌノフグリ,,オオバコ科,オオイヌノフグリ
public/hostplants.csv,5724,hostplant-005853,シオガマギク,,ハマウツボ科,シオガマギク
public/hostplants.csv,5725,hostplant-005854,ミヤマクワガタ,,オオバコ科,ミヤマクワガタ
public/hostplants.csv,5726,hostplant-005855,キクバクワガタ,,オオバコ科,キクバクワガタ
public/hostplants.csv,5727,hostplant-005856,シラゲキクバクワガタ,,オオバコ科,シラゲキクバクワガタ
public/hostplants.csv,5728,hostplant-005857,エゾミヤマトラノオ,,オオバコ科,エゾミヤマクワガタ
public/hostplants.csv,5729,hostplant-005858,アポイクワガタ,,オオバコ科,アポイクワガタ
public/hostplants.csv,5731,hostplant-005860,シナノヒメクワガタ,,オオバコ科,シナノヒメクワガタ
public/hostplants.csv,5732,hostplant-005861,エゾヨモギ,,キク科,オオヨモギ
public/hostplants.csv,5733,hostplant-005862,タイアザミ,,キク科,タイアザミ
public/hostplants.csv,5735,hostplant-005864,ヒロハヤマヨモギ,,キク科,ヒロハヤマヨモギ
public/hostplants.csv,5738,hostplant-005868,ノアザミ,,キク科,ノアザミ
public/hostplants.csv,5740,hostplant-005870,ヒメヒゴタイ,,キク科,ヒメヒゴタイ
public/hostplants.csv,5741,hostplant-005871,ハバヤマボクチ,,キク科,ハバヤマボクチ
public/hostplants.csv,5744,hostplant-005874,カノコソウ,,スイカズラ科,カノコソウ
public/hostplants.csv,5745,hostplant-005875,オトコエシ,オミナエシ科,スイカズラ科,オトコエシ
public/hostplants.csv,5750,hostplant-005880,ムカゴイラクサ,,イラクサ科,ムカゴイラクサ
public/hostplants.csv,5755,hostplant-005885,クサコアカソ,,イラクサ科,クサコアカソ
public/hostplants.csv,5756,hostplant-005886,メヤブマオ,,イラクサ科,メヤブマオ
public/hostplants.csv,5765,hostplant-005895,サワアザミ,,キク科,サワアザミ
public/hostplants.csv,5766,hostplant-005896,ハハコグサ,,キク科,ハハコグサ
public/hostplants.csv,5770,hostplant-005900,ハマヨモギ,,キク科,ハマヨモギ
public/hostplants.csv,5771,hostplant-005901,シュンギク,,キク科,シュンギク
public/hostplants.csv,5772,hostplant-005902,ヤグルマギク,,キク科,ヤグルマギク
public/hostplants.csv,5773,hostplant-005903,チチコグサモドキ,,キク科,チチコグサモドキ
public/hostplants.csv,5785,hostplant-005916,ナンバンカラムシ,,イラクサ科,ナンバンカラムシ
public/hostplants.csv,5787,hostplant-005918,サイカイヤブマオ,,イラクサ科,ニオウヤブマオ
public/hostplants.csv,5788,hostplant-005919,ハマヤブマオ,,イラクサ科,ハマヤブマオ
public/hostplants.csv,5789,hostplant-005920,メヤブマオ,,イラクサ科,メヤブマオ
public/hostplants.csv,5790,hostplant-005921,ニオウヤブマオ,,イラクサ科,ニオウヤブマオ
public/hostplants.csv,5791,hostplant-005922,カテンソウ,,イラクサ科,カテンソウ
public/hostplants.csv,5792,hostplant-005923,ラセイタソウ,,イラクサ科,ラセイタソウ
public/hostplants.csv,5793,hostplant-005924,オオイワガネ,,イラクサ科,ヌノマオ
public/hostplants.csv,5797,hostplant-005928,カラハナソウ,,アサ科,カラハナソウ
public/hostplants.csv,5799,hostplant-005930,ホップ,クワ科,アサ科,ホップ
public/hostplants.csv,5800,hostplant-005931,カジノキ,,クワ科,カジノキ
public/hostplants.csv,5801,hostplant-005932,カナムグラ,クワ科,アサ科,カナムグラ
public/hostplants.csv,5804,hostplant-005935,カラハナソウ,,アサ科,カラハナソウ
public/hostplants.csv,5806,hostplant-005937,ホップ,クワ科,アサ科,ホップ
public/hostplants.csv,5809,hostplant-005940,ノニレ,,ニレ科,ノニレ
public/hostplants.csv,5811,hostplant-005942,エノキ,ニレ科,アサ科,エノキ
public/hostplants.csv,5812,hostplant-005943,エゾエノキ,,アサ科,エゾエノキ
public/hostplants.csv,5813,hostplant-005944,カラハナソウ,,アサ科,カラハナソウ
public/hostplants.csv,5819,hostplant-005950,ノニレ,,ニレ科,ノニレ
public/hostplants.csv,5822,hostplant-005953,エノキ,ニレ科,アサ科,エノキ
public/hostplants.csv,5824,hostplant-005955,エゾエノキ,,アサ科,エゾエノキ
public/hostplants.csv,5829,hostplant-005960,エゾヤナギ,,ヤナギ科,エゾヤナギ
public/hostplants.csv,5842,hostplant-005973,エゾノオオシラカンバ,,カバノキ科,シラカンバ
public/hostplants.csv,5847,hostplant-005978,ムカゴイラクサ,,イラクサ科,ムカゴイラクサ
public/hostplants.csv,5849,hostplant-005980,カラハナソウ,クワ科,アサ科,カラハナソウ
public/hostplants.csv,5853,hostplant-005984,ムカゴイラクサ,,イラクサ科,ムカゴイラクサ
public/hostplants.csv,5856,hostplant-005987,ホップ,クワ科,アサ科,ホップ
public/hostplants.csv,5857,hostplant-005988,サルトリイバラ,ユリ科,サルトリイバラ科,サルトリイバラ
public/hostplants.csv,5858,hostplant-005989,オキナワサルトリイバラ,シオデ科,サルトリイバラ科,オキナワサルトリイバラ
public/hostplants.csv,5859,hostplant-005990,ハマサルトリイバラ,,サルトリイバラ科,ハマサルトリイバラ
public/hostplants.csv,5860,hostplant-005991,シオデ,ユリ科,サルトリイバラ科,シオデ
public/hostplants.csv,5861,hostplant-005992,ヤマカシュウ,,サルトリイバラ科,ヤマカシュウ
public/hostplants.csv,5862,hostplant-005993,サツマサンキライ,,サルトリイバラ科,サツマサンキライ
public/hostplants.csv,5863,hostplant-005994,カラスキバサンキライ,,サルトリイバラ科,カラスキバサンキライ
public/hostplants.csv,5864,hostplant-005995,ササバサンキライ,,サルトリイバラ科,ササバサンキライ
public/hostplants.csv,5865,hostplant-005996,タイワンホトトギス,,ユリ科,タイワンホトトギス
public/hostplants.csv,5866,hostplant-005997,ホトトギス,,ユリ科,ホトトギス
public/hostplants.csv,5867,hostplant-005998,ヤマホトトギス,,ユリ科,ヤマホトトギス
public/hostplants.csv,5868,hostplant-005999,ヤマジノホトトギス,,ユリ科,ヤマジノホトトギス
public/hostplants.csv,5869,hostplant-006000,タマガワホトトギス,,ユリ科,タマガワホトトギス
public/hostplants.csv,5870,hostplant-006001,オニユリ,,ユリ科,オニユリ
public/hostplants.csv,5871,hostplant-006002,ヤマユリ,,ユリ科,ヤマユリ
public/hostplants.csv,5872,hostplant-006003,カノコユリ,,ユリ科,カノコユリ
public/hostplants.csv,5873,hostplant-006004,ウバユリ,,ユリ科,ウバユリ
public/hostplants.csv,5875,hostplant-006006,リーガルリリー,,ユリ科,リーガルリリー
public/hostplants.csv,5877,hostplant-006008,エゾスカシユリ,,ユリ科,エゾスカシユリ
public/hostplants.csv,5878,hostplant-006009,タカサゴユリ,,ユリ科,タカサゴユリ
public/hostplants.csv,5879,hostplant-006010,ササユリ,,ユリ科,ササユリ
public/hostplants.csv,5880,hostplant-006011,オオバタケシマラン,,ユリ科,オオバタケシマラン
public/hostplants.csv,5881,hostplant-006012,サルマメ,,サルトリイバラ科,サルマメ
public/hostplants.csv,5884,hostplant-006015,スズメノトウガラシ,ゴマノハグサ科,アゼナ科,スズメノトウガラシ
public/hostplants.csv,5885,hostplant-006016,セイタカスズムシソウ,キツネノマゴ科,ラン科,セイタカスズムシソウ
public/hostplants.csv,5886,hostplant-006017,ケブカルイラソウ,,キツネノマゴ科,ケブカルイラソウ
public/hostplants.csv,5887,hostplant-006018,スズムシバナ,,キツネノマゴ科,スズムシバナ
public/hostplants.csv,5889,hostplant-006021,セイタカスズムシソウ,キツネノマゴ科,ラン科,セイタカスズムシソウ
public/hostplants.csv,5892,hostplant-006024,コメススキ,キツネノマゴ科,イネ科,コメススキ
public/hostplants.csv,5893,hostplant-006025,キツネノヒマゴ,,キツネノマゴ科,キツネノヒマゴ
public/hostplants.csv,5902,hostplant-006034,ハマヤブマオ,,イラクサ科,ハマヤブマオ
public/hostplants.csv,5910,hostplant-006043,ヒメイタビ,,クワ科,ヒメイタビ
public/hostplants.csv,5915,hostplant-006048,ミツバツチグリ,,バラ科,ミツバツチグリ
public/hostplants.csv,5916,hostplant-006049,ヘビイチゴ,,バラ科,ヘビイチゴ
public/hostplants.csv,5918,hostplant-006052,ナガボノシロワレモコウ,,バラ科,ナガボノワレモコウ
public/hostplants.csv,5922,hostplant-006056,カライトソウ,,バラ科,カライトソウ
public/hostplants.csv,5923,hostplant-006057,エゾノシロバナシモツケ,,バラ科,エゾノシロバナシモツケ
public/hostplants.csv,5926,hostplant-006060,オオタチツボスミレ,,スミレ科,オオタチツボスミレ
public/hostplants.csv,5927,hostplant-006061,ナガバノタチツボスミレ,,スミレ科,ナガバタチツボスミレ
public/hostplants.csv,5928,hostplant-006062,アケボノスミレ,,スミレ科,アケボノスミレ
public/hostplants.csv,5929,hostplant-006063,ノジスミレ,,スミレ科,ノジスミレ
public/hostplants.csv,5934,hostplant-006068,ナガハシスミレ,,スミレ科,ナガハシスミレ
public/hostplants.csv,5935,hostplant-006069,ヒゴスミレ,,スミレ科,ヒゴスミレ
public/hostplants.csv,5936,hostplant-006070,エイザンスミレ,,スミレ科,エイザンスミレ
public/hostplants.csv,5938,hostplant-006072,コスミレ,,スミレ科,コスミレ
public/hostplants.csv,5939,hostplant-006073,ノジスミレ,,スミレ科,ノジスミレ
public/hostplants.csv,5940,hostplant-006074,ヒメスミレ,,スミレ科,ヒメスミレ
public/hostplants.csv,5942,hostplant-006076,オオタチツボスミレ,,スミレ科,オオタチツボスミレ
public/hostplants.csv,5943,hostplant-006077,ナガバノタチツボスミレ,,スミレ科,ナガバタチツボスミレ
public/hostplants.csv,5944,hostplant-006078,ニオイタチツボスミレ,,スミレ科,ニオイタチツボスミレ
public/hostplants.csv,5945,hostplant-006079,アケボノスミレ,,スミレ科,アケボノスミレ
public/hostplants.csv,5946,hostplant-006080,ヒメスミレ,,スミレ科,ヒメスミレ
public/hostplants.csv,5950,hostplant-006084,ナガバノスミレサイシン,,スミレ科,ナガバノスミレサイシン
public/hostplants.csv,5951,hostplant-006085,エゾノタチツボスミレ,,スミレ科,エゾノタチツボスミレ
public/hostplants.csv,5952,hostplant-006086,アイヌタチツボスミレ,,スミレ科,アイヌタチツボスミレ
public/hostplants.csv,5954,hostplant-006088,エゾアオイスミレ,,スミレ科,エゾノアオイスミレ
public/hostplants.csv,5955,hostplant-006089,ヒカゲスミレ,,スミレ科,ヒカゲスミレ
public/hostplants.csv,5959,hostplant-006093,オオタチツボスミレ,,スミレ科,オオタチツボスミレ
public/hostplants.csv,5960,hostplant-006094,ナガバノタチツボスミレ,,スミレ科,ナガバタチツボスミレ
public/hostplants.csv,5961,hostplant-006095,ニオイタチツボスミレ,,スミレ科,ニオイタチツボスミレ
public/hostplants.csv,5962,hostplant-006096,アケボノスミレ,,スミレ科,アケボノスミレ
public/hostplants.csv,5963,hostplant-006097,ヒカゲスミレ,,スミレ科,ヒカゲスミレ
public/hostplants.csv,5964,hostplant-006098,コスミレ,,スミレ科,コスミレ
public/hostplants.csv,5968,hostplant-006102,ノジスミレ,,スミレ科,ノジスミレ
public/hostplants.csv,5969,hostplant-006103,アリアケスミレ,,スミレ科,アリアケスミレ
public/hostplants.csv,5970,hostplant-006104,ヒメスミレ,,スミレ科,ヒメスミレ
public/hostplants.csv,5971,hostplant-006105,コスミレ,,スミレ科,コスミレ
public/hostplants.csv,5975,hostplant-006109,コスミレ,,スミレ科,コスミレ
public/hostplants.csv,5976,hostplant-006110,ノジスミレ,,スミレ科,ノジスミレ
public/hostplants.csv,5978,hostplant-006112,リュウキュウコスミレ,,スミレ科,リュウキュウコスミレ
public/hostplants.csv,5979,hostplant-006113,リュウキュウシロスミレ,,スミレ科,リュウキュウシロスミレ
public/hostplants.csv,5987,hostplant-006121,ミサオノキ,,アカネ科,ミサオノキ
public/hostplants.csv,5989,hostplant-006123,ユキヤナギ,,バラ科,ユキヤナギ
public/hostplants.csv,5998,hostplant-006132,タイワンクズ,,マメ科,タイワンクズ
public/hostplants.csv,5999,hostplant-006133,トビカズラ,,マメ科,トビカズラ
public/hostplants.csv,6003,hostplant-006137,ユキヤナギ,,バラ科,ユキヤナギ
public/hostplants.csv,6005,hostplant-006139,ニンドウ,,スイカズラ科,スイカズラ
public/hostplants.csv,6007,hostplant-006141,ヒョウタンボク,,スイカズラ科,キンギンボク
public/hostplants.csv,6013,hostplant-006147,トビカズラ,,マメ科,トビカズラ
public/hostplants.csv,6014,hostplant-006148,コウシュンモダマ,,マメ科,ヒメモダマ
public/hostplants.csv,6015,hostplant-006149,エノキ,ニレ科,アサ科,エノキ
public/hostplants.csv,6016,hostplant-006150,エノキ,ニレ科,アサ科,エノキ
public/hostplants.csv,6017,hostplant-006151,エゾエノキ,,アサ科,エゾエノキ
public/hostplants.csv,6018,hostplant-006152,リュウキュウエノキ,,アサ科,クワノハエノキ
public/hostplants.csv,6021,hostplant-006155,エノキ,ニレ科,アサ科,エノキ
public/hostplants.csv,6022,hostplant-006156,エゾエノキ,,アサ科,エゾエノキ
public/hostplants.csv,6024,hostplant-006158,ヒエスゲ,,カヤツリグサ科,ヒエスゲ
public/hostplants.csv,6026,hostplant-006160,イワスゲ,,カヤツリグサ科,イワスゲ
public/hostplants.csv,6027,hostplant-006161,ヒカゲスゲ,,カヤツリグサ科,ヒカゲスゲ
public/hostplants.csv,6028,hostplant-006162,アゼスゲ,,カヤツリグサ科,アゼスゲ
public/hostplants.csv,6029,hostplant-006163,カサスゲ,,カヤツリグサ科,カサスゲ
public/hostplants.csv,6030,hostplant-006164,アブラシバ,,カヤツリグサ科,アブラシバ
public/hostplants.csv,6031,hostplant-006165,シバスゲ,,カヤツリグサ科,シバスゲ
public/hostplants.csv,6036,hostplant-006170,ササガヤ,,イネ科,ササガヤ
public/hostplants.csv,6039,hostplant-006173,カヤ,,イチイ科,カヤ
public/hostplants.csv,6044,hostplant-006178,リュウキュウチク,,イネ科,リュウキュウチク
public/hostplants.csv,6061,hostplant-006195,リュウキュウチク,,イネ科,リュウキュウチク
public/hostplants.csv,6065,hostplant-006199,イワノガリヤス,,イネ科,イワノガリヤス
public/hostplants.csv,6076,hostplant-006210,カヤ,,イチイ科,カヤ
public/hostplants.csv,6089,hostplant-006223,カンザンチク,,イネ科,カンザンチク
public/hostplants.csv,6102,hostplant-006236,オカメザサ,,イネ科,オカメザサ
public/hostplants.csv,6104,hostplant-006238,ホウライイケマ,,キョウチクトウ科,ホウライイケマ
public/hostplants.csv,6106,hostplant-006240,リュウキュウガシワ,,キョウチクトウ科,リュウキュウガシワ
public/hostplants.csv,6107,hostplant-006241,ツルモウリンカ,ガガイモ科,キョウチクトウ科,ツルモウリンカ
public/hostplants.csv,6108,hostplant-006242,コイケマ,,キョウチクトウ科,コイケマ
public/hostplants.csv,6109,hostplant-006243,サクララン,,キョウチクトウ科,サクララン
public/hostplants.csv,6114,hostplant-006248,イケマ,,キョウチクトウ科,イケマ
public/hostplants.csv,6115,hostplant-006249,コイケマ,,キョウチクトウ科,コイケマ
public/hostplants.csv,6116,hostplant-006250,サクララン,,キョウチクトウ科,サクララン
public/hostplants.csv,6118,hostplant-006252,オオカモメヅル,,キョウチクトウ科,オオカモメヅル
public/hostplants.csv,6119,hostplant-006253,フウセントウワタ,ガガイモ科,キョウチクトウ科,フウセントウワタ
public/hostplants.csv,6120,hostplant-006254,トウワタ,,キョウチクトウ科,トウワタ
public/hostplants.csv,6121,hostplant-006255,ツルモウリンカ,ガガイモ科,キョウチクトウ科,ツルモウリンカ
public/hostplants.csv,6122,hostplant-006256,トウワタ,,キョウチクトウ科,トウワタ
public/hostplants.csv,6123,hostplant-006257,フウセントウワタ,ガガイモ科,キョウチクトウ科,フウセントウワタ
public/hostplants.csv,6125,hostplant-006259,ミフクラギ,,キョウチクトウ科,ミフクラギ
public/hostplants.csv,6130,hostplant-006265,ホソバイヌビワ,,クワ科,ホソバイヌビワ
public/hostplants.csv,6136,hostplant-006271,アサガオ,,ヒルガオ科,アサガオ
public/hostplants.csv,6144,hostplant-006279,コシアブラ,,ウコギ科,コシアブラ
public/hostplants.csv,6146,hostplant-006281,ニガカシュウ,,ヤマノイモ科,ニガカシュウ
public/hostplants.csv,6148,hostplant-006283,オニドコロ,,ヤマノイモ科,オニドコロ
public/hostplants.csv,6149,hostplant-006284,タチドコロ,,ヤマノイモ科,タチドコロ
public/hostplants.csv,6150,hostplant-006285,カエデドコロ,,ヤマノイモ科,カエデドコロ
public/hostplants.csv,6152,hostplant-006287,エゾノヘビイチゴ,,バラ科,エゾヘビイチゴ
public/hostplants.csv,6153,hostplant-006288,ミツバツチグリ,,バラ科,ミツバツチグリ
public/hostplants.csv,6154,hostplant-006289,テリハキンバイ,,バラ科,テリハキンバイ
public/hostplants.csv,6156,hostplant-006291,ミツバツチグリ,,バラ科,ミツバツチグリ
public/hostplants.csv,6165,hostplant-006300,ツルヨシ,,イネ科,ツルヨシ
public/hostplants.csv,6178,hostplant-006313,ヌカキビ,,イネ科,ヌカキビ
public/hostplants.csv,6181,hostplant-006316,チゴザサ,,イネ科,チゴザサ
public/hostplants.csv,6182,hostplant-006317,スズメガヤ,,イネ科,スズメガヤ
public/hostplants.csv,6186,hostplant-006321,ツルヨシ,,イネ科,ツルヨシ
public/hostplants.csv,6188,hostplant-006323,カヤ,,イチイ科,カヤ
public/hostplants.csv,6201,hostplant-006336,カンショ,,ヒルガオ科,サツマイモ
public/hostplants.csv,6203,hostplant-006338,バショウ,,バショウ科,バショウ
public/hostplants.csv,6204,hostplant-006339,イトバショウ,,バショウ科,リュウキュウバショウ
public/hostplants.csv,6207,hostplant-006342,ハナミョウガ,,ショウガ科,ハナミョウガ
public/hostplants.csv,6208,hostplant-006343,アオノクマタケラン,,ショウガ科,アオノクマタケラン
public/hostplants.csv,6210,hostplant-006345,ハナミョウガ,,ショウガ科,ハナミョウガ
public/hostplants.csv,6218,hostplant-006353,マコモ,,イネ科,マコモ
public/hostplants.csv,6225,hostplant-006360,マコモ,,イネ科,マコモ
public/hostplants.csv,6234,hostplant-006373,エノコログサ,,イネ科,エノコログサ
public/hostplants.csv,6240,hostplant-006389,アカバナ,,アカバナ科,アカバナ
public/hostplants.csv,6241,hostplant-006399,ハナショウブ,,アヤメ科,ハナショウブ
public/hostplants.csv,6242,hostplant-006400,シャガ,,アヤメ科,シャガ
public/hostplants.csv,6243,hostplant-006401,アヤメ類,,アヤメ科,アヤメ
public/hostplants.csv,6249,hostplant-006409,アケビ類,,アケビ科,アケビ
public/hostplants.csv,6250,hostplant-006412,ヒイラギモクセイ,,モクセイ科,ヒイラギモクセイ
public/hostplants.csv,6263,hostplant-006464,ノキシノブ,,ウラボシ科,ノキシノブ
public/hostplants.csv,6264,hostplant-006465,マメヅタ,,ウラボシ科,マメヅタ
public/hostplants.csv,6272,hostplant-006504,キチジョウソウ,,クサスギカズラ科,キチジョウソウ
public/hostplants.csv,6273,hostplant-006506,ネズミモチ類,,モクセイ科,ネズミモチ
public/hostplants.csv,6277,hostplant-006529,エゾオオバコ,,オオバコ科,エゾオオバコ
public/hostplants.csv,6278,hostplant-006530,イワヨモギ,,キク科,イワヨモギ
public/hostplants.csv,6287,hostplant-006546,サトウダイコン,,ヒユ科,テンサイ
public/hostplants.csv,6290,hostplant-006550,サンショウ,,ミカン科,サンショウ
public/hostplants.csv,6293,hostplant-006562,コニシキソウ,,トウダイグサ科,コニシキソウ
public/hostplants.csv,6297,hostplant-006575,オオバコ類,,オオバコ科,オオバコ
public/hostplants.csv,6301,hostplant-006586,ヒメジョオン,,キク科,ヒメジョオン
public/hostplants.csv,6309,hostplant-006604,サルトリイバラ,,サルトリイバラ科,サルトリイバラ
public/hostplants.csv,6312,hostplant-006607,エビヅル,,ブドウ科,エビヅル
public/hostplants.csv,6315,hostplant-006617,ホオズキ,,ナス科,ホオズキ
public/hostplants.csv,6316,hostplant-006618,イヌホオズキ,,ナス科,イヌホオズキ
public/hostplants.csv,6319,hostplant-006626,オニユリ,,ユリ科,オニユリ
public/hostplants.csv,6321,hostplant-006628,ホトトギス類,,ユリ科,ホトトギス
public/hostplants.csv,6322,hostplant-006630,ススキ類,,イネ科,ススキ
public/hostplants.csv,6326,hostplant-006658,ガマズミ,,ガマズミ科,ガマズミ
public/hostplants.csv,6327,hostplant-006659,ヤブウツギ,,スイカズラ科,ヤブウツギ
public/hostplants.csv,6336,hostplant-006695,ブタクサ,,キク科,ブタクサ
public/hostplants.csv,6337,hostplant-006696,オオブタクサ,,キク科,オオブタクサ
public/hostplants.csv,6338,hostplant-006697,ガマズミ類,,ガマズミ科,ガマズミ
public/hostplants.csv,6339,hostplant-006698,オオカメノキ,,ガマズミ科,オオカメノキ
public/hostplants.csv,6340,hostplant-006699,ゴマギ,レンプクソウ科,ガマズミ科,ゴマキ
public/hostplants.csv,6342,hostplant-006702,ハコヤナギ類,,ヤナギ科,ヤマナラシ
public/hostplants.csv,6343,hostplant-006705,サンゴジュ,,ガマズミ科,サンゴジュ
public/hostplants.csv,6344,hostplant-006706,ガマズミ類,,ガマズミ科,ガマズミ
public/hostplants.csv,6345,hostplant-006707,ゴマギ,レンプクソウ科,ガマズミ科,ゴマキ
public/hostplants.csv,6347,hostplant-006709,トサミズキ,,マンサク科,トサミズキ
public/hostplants.csv,6348,hostplant-006711,エノキ,ニレ科,アサ科,エノキ
public/hostplants.csv,6352,hostplant-006719,オオバアサガラ,,エゴノキ科,オオバアサガラ
public/hostplants.csv,6354,hostplant-006722,ヤシャブシ類,,カバノキ科,ヤシャブシ
public/hostplants.csv,6355,hostplant-006723,シラカバ,,カバノキ科,シラカンバ
public/hostplants.csv,6363,hostplant-006735,ハコベ,,ナデシコ科,コハコベ
public/hostplants.csv,6365,hostplant-006739,イタビ類,,クワ科,イヌビワ
public/hostplants.csv,6374,hostplant-006756,クマヤナギ類,,クロウメモドキ科,クマヤナギ
public/hostplants.csv,6395,hostplant-006798,ポンカン類,,ミカン科,ポンカン
public/hostplants.csv,6399,hostplant-006804,カラスウリ,,ウリ科,カラスウリ
public/hostplants.csv,6400,hostplant-006805,シラヤマギク,,キク科,シラヤマギク
public/hostplants.csv,6408,hostplant-006819,ビナンカズラ,,マツブサ科,サネカズラ
public/hostplants.csv,6424,hostplant-006837,インゲン,,マメ科,インゲンマメ
public/hostplants.csv,6425,hostplant-006838,ベニバナインゲン,,マメ科,ベニバナインゲン
public/hostplants.csv,6432,hostplant-006853,ヤブツルアズキ,,マメ科,ヤブツルアズキ
public/hostplants.csv,6433,hostplant-006854,ヒメクズ,,マメ科,ノアズキ
public/hostplants.csv,6436,hostplant-006858,エンジュ,,マメ科,エンジュ
public/hostplants.csv,6441,hostplant-006865,ソラマメ,,マメ科,ソラマメ
public/hostplants.csv,6442,hostplant-006868,ジュンサイ,,ジュンサイ科,ジュンサイ
public/hostplants.csv,6443,hostplant-006869,コウホネ,,スイレン科,コウホネ
public/hostplants.csv,6444,hostplant-006870,ヒルムシロ,,ヒルムシロ科,ヒルムシロ
public/hostplants.csv,6445,hostplant-006871,ヒツジグサ,,スイレン科,ヒツジグサ
public/hostplants.csv,6446,hostplant-006872,ヒシ,,ミソハギ科,ヒシ
public/hostplants.csv,6448,hostplant-006881,ミクリ類,,ミクリ科,ミクリ
public/hostplants.csv,6450,hostplant-006890,ヒルガオ類,,ヒルガオ科,ヒルガオ
public/hostplants.csv,6451,hostplant-006892,ヒルガオ類,,ヒルガオ科,ヒルガオ
public/hostplants.csv,6464,hostplant-006907,イノコヅチ,,ヒユ科,イノコヅチ
public/hostplants.csv,6468,hostplant-006913,アカザ,,ヒユ科,アカザ
public/hostplants.csv,6473,hostplant-006919,アカザ,,ヒユ科,アカザ
public/hostplants.csv,6506,hostplant-006970,ノブドウ類,,ブドウ科,ノブドウ
public/hostplants.csv,6508,hostplant-006972,ハコヤナギ,,ヤナギ科,ヤマナラシ
public/hostplants.csv,6511,hostplant-006977,ヒサカキ,,モッコク科,ヒサカキ
public/hostplants.csv,6513,hostplant-006980,カシワ類,,ブナ科,カシワ
public/hostplants.csv,6520,hostplant-006989,コジイ,,ブナ科,ツブラジイ
public/hostplants.csv,6526,hostplant-007002,ツバキ類,,ツバキ科,ヤブツバキ
public/hostplants.csv,6528,hostplant-007006,ヤブガラシ,,ブドウ科,ヤブカラシ
public/hostplants.csv,6530,hostplant-007008,エビヅル,,ブドウ科,エビヅル
public/hostplants.csv,6536,hostplant-007020,イヨカズラ,,キョウチクトウ科,イヨカズラ
public/hostplants.csv,6538,hostplant-007022,シロバナカモメヅル,,キョウチクトウ科,シロバナカモメヅル
public/hostplants.csv,6546,hostplant-007044,ウツギ類,,アジサイ科,ウツギ
public/hostplants.csv,6548,hostplant-007046,スギ類,,ヒノキ科,スギ
public/hostplants.csv,6559,hostplant-007060,テリハノイバラ,,バラ科,テリハノイバラ
public/hostplants.csv,6564,hostplant-007075,キヅタ,,ウコギ科,キヅタ
public/hostplants.csv,6565,hostplant-007076,センノキ,,ウコギ科,ハリギリ
public/hostplants.csv,6574,hostplant-007090,ナツフジ,,マメ科,ナツフジ
public/hostplants.csv,6578,hostplant-007096,エノキ,ニレ科,アサ科,エノキ
public/hostplants.csv,6598,hostplant-007134,ウワミズザクラ,,バラ科,ウワミズザクラ
public/hostplants.csv,6613,hostplant-007154,ヌマトラノオ,,サクラソウ科,ヌマトラノオ
public/hostplants.csv,6626,hostplant-007182,ウツギ類,,アジサイ科,ウツギ
public/hostplants.csv,6630,hostplant-007187,アスパラガス,,クサスギカズラ科,オランダキジカクシ
public/hostplants.csv,6631,hostplant-007188,クサスギカズラ,,クサスギカズラ科,クサスギカズラ
public/hostplants.csv,6632,hostplant-007189,マイヅルソウ,,クサスギカズラ科,マイヅルソウ
public/hostplants.csv,6633,hostplant-007190,ナルコユリ,,クサスギカズラ科,ナルコユリ
public/hostplants.csv,6635,hostplant-007192,オニドコロ,,ヤマノイモ科,オニドコロ
public/hostplants.csv,6636,hostplant-007193,サルトリイバラ,,サルトリイバラ科,サルトリイバラ
public/hostplants.csv,6637,hostplant-007194,シオデ,ユリ科,サルトリイバラ科,シオデ
public/hostplants.csv,6638,hostplant-007195,アゼガヤ,,イネ科,アゼガヤ
public/hostplants.csv,6649,hostplant-007206,テリハノイバラ,,バラ科,テリハノイバラ
public/hostplants.csv,6654,hostplant-007211,ハマギク,,キク科,ハマギク
public/hostplants.csv,6668,hostplant-007225,シオデ,ユリ科,サルトリイバラ科,シオデ
public/hostplants.csv,6671,hostplant-007228,ヒメイズイ,,クサスギカズラ科,ヒメイズイ
public/hostplants.csv,6674,hostplant-007231,ガマズミ,,ガマズミ科,ガマズミ
public/hostplants.csv,6687,hostplant-007244,ムラサキマユミ,,ニシキギ科,ムラサキマユミ
public/hostplants.csv,6689,hostplant-007246,サワダツ,,ニシキギ科,サワダツ
public/hostplants.csv,6692,hostplant-007249,マユミ類,,ニシキギ科,マユミ
public/hostplants.csv,6694,hostplant-007251,マサキ,,ニシキギ科,マサキ
public/hostplants.csv,6700,hostplant-007257,ササバサンキライ,,サルトリイバラ科,ササバサンキライ
public/hostplants.csv,6701,hostplant-007258,オニユリ,,ユリ科,オニユリ
public/hostplants.csv,6702,hostplant-007259,テッポウユリ,,ユリ科,テッポウユリ
public/hostplants.csv,6703,hostplant-007260,カノコユリ,,ユリ科,カノコユリ
public/hostplants.csv,6704,hostplant-007261,サルトリイバラ,,サルトリイバラ科,サルトリイバラ
public/hostplants.csv,6708,hostplant-007266,エノコログサ,,イネ科,エノコログサ
public/hostplants.csv,6709,hostplant-007267,コムギ,,イネ科,コムギ
public/hostplants.csv,6711,hostplant-007270,アワ,,イネ科,アワ
public/hostplants.csv,6714,hostplant-007273,キタヨシ,,イネ科,ヨシ
public/hostplants.csv,6717,hostplant-007276,マコモ,,イネ科,マコモ
public/hostplants.csv,6718,hostplant-007277,ギョウジャニンニク,ネギ科,ヒガンバナ科,ギョウジャニンニク
public/hostplants.csv,6719,hostplant-007278,ヤマラッキョウ,,ヒガンバナ科,ヤマラッキョウ
public/hostplants.csv,6721,hostplant-007281,アスパラガス,,クサスギカズラ科,オランダキジカクシ
public/hostplants.csv,6722,hostplant-007282,アスパラガス,,クサスギカズラ科,オランダキジカクシ
public/hostplants.csv,6723,hostplant-007283,キジカクシ,,クサスギカズラ科,キジカクシ
public/hostplants.csv,6724,hostplant-007284,タチテンモンドウ,,クサスギカズラ科,タチテンモンドウ
public/hostplants.csv,6741,record-7418,エゾヤマザクラ,,バラ科,オオヤマザクラ
public/hostplants.csv,6744,record-7422,シラカバ,,カバノキ科,シラカンバ
public/hostplants.csv,6747,record-7428,アブラチャン,,クスノキ科,アブラチャン
public/hostplants.csv,6757,record-7438,ウワミズザクラ,,バラ科,ウワミズザクラ
public/hostplants.csv,6759,record-7452,フモトミズナラ,,ブナ科,フモトミズナラ
public/hostplants.csv,6760,record-7453,タカオカエデ,,ムクロジ科,イロハモミジ
public/hostplants.csv,6761,record-7454,ポプラ,,ヤナギ科,セイヨウハコヤナギ
public/hostplants.csv,6770,record-7463,ヨグソミネバリ,,カバノキ科,ミズメ
public/hostplants.csv,6778,record-7471,フモトミズナラ,,ブナ科,フモトミズナラ
public/hostplants.csv,6790,record-7483,ナナカマド,,バラ科,ナナカマド
public/hostplants.csv,6794,record-7487,エゾヤマザクラ,,バラ科,オオヤマザクラ
public/hostplants.csv,6796,record-7489,ホザキカエデ,,ムクロジ科,オガラバナ
public/hostplants.csv,6800,record-7493,シナノキ,,アオイ科,シナノキ
public/hostplants.csv,6804,record-7497,クロウスゴ,,ツツジ科,クロウスゴ
public/hostplants.csv,6806,record-7504,イロハモミジ,,ムクロジ科,イロハモミジ
public/hostplants.csv,6810,record-7508,ポプラ,,ヤナギ科,セイヨウハコヤナギ
public/hostplants.csv,6814,record-7512,フモトミズナラ,,ブナ科,フモトミズナラ
public/hostplants.csv,6818,record-7516,ノダフジ,,マメ科,フジ
public/hostplants.csv,6831,record-7529,フモトミズナラ,,ブナ科,フモトミズナラ
public/hostplants.csv,6835,record-7533,ウワミズザクラ,,バラ科,ウワミズザクラ
public/hostplants.csv,6837,record-7535,ノダフジ,,マメ科,フジ
public/hostplants.csv,6838,record-7536,エゾユズリハ,,ユズリハ科,エゾユズリハ
public/hostplants.csv,6839,record-7537,ホザキカエデ,,ムクロジ科,オガラバナ
public/hostplants.csv,6843,record-7541,ウマノスズクサ,,ウマノスズクサ科,ウマノスズクサ
public/hostplants.csv,6845,record-7543,シドミ,,バラ科,クサボケ
public/hostplants.csv,6848,record-7546,ヘビイチゴ,,バラ科,ヘビイチゴ
public/hostplants.csv,6851,record-7549,シロツメクサ,,マメ科,シロツメクサ
public/hostplants.csv,6860,record-7558,ヒメジョオン,,キク科,ヒメジョオン
public/hostplants.csv,6866,record-7564,マサキ,,ニシキギ科,マサキ
public/hostplants.csv,6869,record-7567,キンメヤナギ,,ヤナギ科,オオキツネヤナギ
public/hostplants.csv,6887,record-7585,ムベ,,アケビ科,ムベ
public/hostplants.csv,6891,record-7589,ボケ,,バラ科,ボケ
public/hostplants.csv,6896,record-7594,ウワミズザクラ,,バラ科,ウワミズザクラ
public/hostplants.csv,6898,record-7596,タカオカエデ,,ムクロジ科,イロハモミジ
public/hostplants.csv,6899,record-7597,ホザキカエデ,,ムクロジ科,オガラバナ
public/hostplants.csv,6918,record-7620,エノキ,ニレ科,アサ科,エノキ
public/hostplants.csv,6922,record-7624,ボケ,,バラ科,ボケ
public/hostplants.csv,6927,record-7629,ユスラウメ,,バラ科,ユスラウメ
public/hostplants.csv,6930,record-7632,ウワミズザクラ,,バラ科,ウワミズザクラ
public/hostplants.csv,6943,record-7653,エノキ,ニレ科,アサ科,エノキ
public/hostplants.csv,6945,record-7660,ホザキカエデ,,ムクロジ科,オガラバナ
public/hostplants.csv,6948,record-7663,シラカバ,,カバノキ科,シラカンバ
public/hostplants.csv,6952,record-7667,フモトミズナラ,,ブナ科,フモトミズナラ
public/hostplants.csv,6958,record-7673,オオシマザクラ,,バラ科,オオシマザクラ
public/hostplants.csv,6959,record-7674,ウワミズザクラ,,バラ科,ウワミズザクラ
public/hostplants.csv,6965,record-7680,シナノキ,,アオイ科,シナノキ
public/hostplants.csv,6967,record-7700,タカオカエデ,,ムクロジ科,イロハモミジ
public/hostplants.csv,6979,record-007775,ホロムイイチゴ,,バラ科,ホロムイイチゴ
public/hostplants.csv,6980,record-007776,ホザキシモツケ,,バラ科,ホザキシモツケ
public/hostplants.csv,6981,record-007777,ハハコグサ,,キク科,ハハコグサ
public/hostplants.csv,6982,record-007783,フモトミズナラ,,ブナ科,フモトミズナラ
public/hostplants.csv,6992,record-007812,ポプラ,,ヤナギ科,セイヨウハコヤナギ
public/hostplants.csv,7010,record-007869,ナナカマド,,バラ科,ナナカマド
public/hostplants.csv,7012,record-007871,シナノキ,,アオイ科,シナノキ
public/hostplants.csv,7033,record-007928,フモトミズナラ,,ブナ科,フモトミズナラ
public/hostplants.csv,7042,record-007949,エドヒガン,,バラ科,エドヒガン
public/hostplants.csv,7046,record-007953,エノキ,ニレ科,アサ科,エノキ
public/hostplants.csv,7053,record-007968,エノキ,ニレ科,アサ科,エノキ
public/hostplants.csv,7062,record-007998,エノキ,ニレ科,アサ科,エノキ
public/hostplants.csv,7064,record-008004,フモトミズナラ,,ブナ科,フモトミズナラ
public/hostplants.csv,7065,record-008005,シラカバ,,カバノキ科,シラカンバ
public/hostplants.csv,7067,record-008007,ウワミズザクラ,,バラ科,ウワミズザクラ
public/hostplants.csv,7071,record-008013,エドヒガン,,バラ科,エドヒガン
public/hostplants.csv,7072,record-008014,エノキ,ニレ科,アサ科,エノキ
public/hostplants.csv,7082,record-008034,ウラシマソウ,,サトイモ科,ウラシマソウ
public/hostplants.csv,7083,record-008035,シロバナエンレイソウ,,シュロソウ科,エゾノミヤマエンレイソウ
public/hostplants.csv,7084,record-008036,アマドコロ,,クサスギカズラ科,アマドコロ
public/hostplants.csv,7086,record-008038,ハクサンチドリ,,ラン科,ハクサンチドリ
public/hostplants.csv,7087,record-008039,ミツガシワ,,ミツガシワ科,ミツガシワ
public/hostplants.csv,7092,hostplant-007299,アカバナ,,アカバナ科,アカバナ
public/hostplants.csv,7093,hostplant-007300,ヒイラギモクセイ,,モクセイ科,ヒイラギモクセイ
public/hostplants.csv,7101,hostplant-007308,アケビ,,アケビ科,アケビ
public/hostplants.csv,7106,hostplant-007313,ジュンサイ,,ジュンサイ科,ジュンサイ
public/hostplants.csv,7107,hostplant-007314,ヒシ,,ミソハギ科,ヒシ
public/hostplants.csv,7108,hostplant-007315,ブタクサ,,キク科,ブタクサ
public/hostplants.csv,7109,hostplant-007316,オオブタクサ,,キク科,オオブタクサ
public/hostplants.csv,7110,hostplant-007317,サンゴジュ,,ガマズミ科,サンゴジュ
public/hostplants.csv,7111,hostplant-007318,ガマズミ類,,ガマズミ科,ガマズミ
public/hostplants.csv,7112,hostplant-007319,ゴマギ,レンプクソウ科,ガマズミ科,ゴマキ
public/hostplants.csv,7114,hostplant-007321,トサミズキ,,マンサク科,トサミズキ
public/hostplants.csv,7116,hostplant-007323,オオバアサガラ,,エゴノキ科,オオバアサガラ
public/hostplants.csv,7118,hostplant-007325,ヤシャブシ類,,カバノキ科,ヤシャブシ
public/hostplants.csv,7119,hostplant-007326,シラカバ,,カバノキ科,シラカンバ
public/hostplants.csv,7124,hostplant-007331,イタビ類,,クワ科,イヌビワ
public/hostplants.csv,7140,hostplant-007347,カラスウリ,,ウリ科,カラスウリ
public/hostplants.csv,7141,hostplant-007348,ビナンカズラ,,マツブサ科,サネカズラ
public/hostplants.csv,7142,hostplant-007349,ミクリ類,,ミクリ科,ミクリ
public/hostplants.csv,7153,hostplant-900016,ミズナラ,,ブナ科,ミズナラ
public/hostplants.csv,7159,hostplant-090010,アマミアラカシ,,ブナ科,アマミアラカシ
public/hostplants.csv,7169,hostplant-900027,ミズナラ,ツツジ科,ブナ科,ミズナラ
public/hostplants.csv,7198,hostplant-090036,ミカエリソウ,,シソ科,ミカエリソウ
public/hostplants.csv,7240,hostplant-900054,シロツメクサ,シソ科,マメ科,シロツメクサ
public/hostplants.csv,7241,hostplant-900055,エゾノレンリソウ,シソ科,マメ科,エゾノレンリソウ
public/hostplants.csv,7286,hostplant-090097,キダチコミカンソウ,トウダイグサ科,コミカンソウ科,キダチコミカンソウ
public/hostplants.csv,7287,hostplant-090098,アカギ,トウダイグサ科,コミカンソウ科,アカギ
public/hostplants.csv,7290,hostplant-090101,ヤマアワ,,イネ科,ヤマアワ
public/hostplants.csv,7323,hostplant-900132,ヒルガオ類,,ヒルガオ科,ヒルガオ
public/hostplants.csv,7324,hostplant-900133,ヒルガオ類,,ヒルガオ科,ヒルガオ
public/hostplants.csv,7335,hostplant-900144,イノコズチ,,ヒユ科,イノコヅチ
public/hostplants.csv,7336,hostplant-900145,ヨモギ類,,キク科,ヨモギ
public/hostplants.csv,7337,hostplant-900146,ノアザミ類,,キク科,ノアザミ
public/hostplants.csv,7373,hostplant-900182,ヒルガオ類,,ヒルガオ科,ヒルガオ
public/hostplants.csv,7383,hostplant-900192,アオミズ,,イラクサ科,アオミズ
public/hostplants.csv,7388,hostplant-900197,キカシグサ,,ミソハギ科,キカシグサ
public/hostplants.csv,7390,hostplant-900199,ヘビイチゴ,,バラ科,ヘビイチゴ
public/hostplants.csv,7397,hostplant-900206,アカバナ,,アカバナ科,アカバナ
public/hostplants.csv,7400,hostplant-900209,コニシキソウ,,トウダイグサ科,コニシキソウ
public/hostplants.csv,7401,hostplant-900210,ニシキソウ,,トウダイグサ科,ニシキソウ
public/hostplants.csv,7402,hostplant-900211,ハギクソウ,,トウダイグサ科,ハギクソウ
public/hostplants.csv,7403,hostplant-900212,コミカンソウ,,コミカンソウ科,コミカンソウ
public/hostplants.csv,7404,hostplant-900213,ヒメミカンソウ,,コミカンソウ科,ヒメミカンソウ
public/hostplants.csv,7407,hostplant-900216,シャガ,,アヤメ科,シャガ
public/hostplants.csv,7408,hostplant-900217,アヤメ類,,アヤメ科,アヤメ
public/hostplants.csv,7409,hostplant-900218,ノウルシ,,トウダイグサ科,ノウルシ
public/hostplants.csv,7418,hostplant-900227,オオハシバミ,,カバノキ科,オオハシバミ
public/hostplants.csv,7425,hostplant-900234,ワタゲカマツカ,,バラ科,カマツカ
public/hostplants.csv,7434,hostplant-900243,アケビ類,,アケビ科,アケビ
public/hostplants.csv,7441,hostplant-900250,ヒイラギモクセイ,,モクセイ科,ヒイラギモクセイ
public/hostplants.csv,7444,hostplant-900253,ギンモクセイ,,モクセイ科,ギンモクセイ
public/hostplants.csv,7458,hostplant-900267,エノコログサ,,イネ科,エノコログサ
public/hostplants.csv,7459,hostplant-900268,コムギ,,イネ科,コムギ
public/hostplants.csv,7461,hostplant-900270,サンカクイ,,カヤツリグサ科,サンカクイ
public/hostplants.csv,7467,hostplant-900276,イノコヅチ,,ヒユ科,イノコヅチ
public/hostplants.csv,7476,hostplant-900285,コウボウムギ,,カヤツリグサ科,コウボウムギ
public/hostplants.csv,7477,hostplant-900286,オオクサキビ,,イネ科,オオクサキビ
public/hostplants.csv,7480,hostplant-900289,チンゲンサイ,,アブラナ科,タイサイ
public/hostplants.csv,7484,hostplant-900293,ホウレンソウ,,ヒユ科,ホウレンソウ
public/hostplants.csv,7486,hostplant-900295,テンサイ,ヒエ科,ヒユ科,テンサイ
public/hostplants.csv,7488,hostplant-900297,タニソバ,,タデ科,タニソバ
public/hostplants.csv,7489,hostplant-900298,ソバカズラ,,タデ科,ソバカズラ
public/hostplants.csv,7490,hostplant-900299,ハコベ,,ナデシコ科,コハコベ
public/hostplants.csv,7491,hostplant-900300,ミツモトソウ,,バラ科,ミツモトソウ
public/hostplants.csv,7492,hostplant-900301,メロン,,ウリ科,メロン
public/hostplants.csv,7493,hostplant-900302,ヒラミレモン,,ミカン科,シイクワシャー
public/hostplants.csv,7495,hostplant-900304,アカメヤナギ,,ヤナギ科,マルバヤナギ
public/hostplants.csv,7498,hostplant-900307,タチヤナギ,,ヤナギ科,タチヤナギ
public/hostplants.csv,7499,hostplant-900308,マルバヤナギ,,ヤナギ科,マルバヤナギ
public/hostplants.csv,7500,hostplant-900309,イヌゴマ,,シソ科,イヌゴマ
public/hostplants.csv,7505,hostplant-900314,ムラサキシキブ類,,シソ科,ムラサキシキブ
public/hostplants.csv,7511,hostplant-900320,リュウキュウモチ,,モチノキ科,リュウキュウモチ
public/hostplants.csv,7515,hostplant-900324,オドリコソウ,,シソ科,オドリコソウ
public/hostplants.csv,7528,hostplant-900337,キチジョウソウ,,クサスギカズラ科,キチジョウソウ
public/hostplants.csv,7529,hostplant-900338,トウゲブキ,,キク科,トウゲブキ
public/hostplants.csv,7531,hostplant-900340,キオン,,キク科,キオン
public/hostplants.csv,7533,hostplant-900342,ネズミモチ類,,モクセイ科,ネズミモチ
public/hostplants.csv,7536,hostplant-900345,オニルリソウ,,ムラサキ科,オニルリソウ
public/hostplants.csv,7537,hostplant-900346,オオルリソウ,,ムラサキ科,オオルリソウ
public/hostplants.csv,7538,hostplant-900347,ヤマルリソウ,,ムラサキ科,ヤマルリソウ
public/hostplants.csv,7539,hostplant-900348,ホタルカズラ,,ムラサキ科,ホタルカズラ
public/hostplants.csv,7540,hostplant-900349,ハマベンケイソウ,,ムラサキ科,ハマベンケイソウ
public/hostplants.csv,7541,hostplant-900350,スナビキソウ,,ムラサキ科,スナビキソウ
public/hostplants.csv,7542,hostplant-900351,ミズタビラコ,,ムラサキ科,ミズタビラコ
public/hostplants.csv,7543,hostplant-900352,ツルカメバソウ,,ムラサキ科,ツルカメバソウ
public/hostplants.csv,7544,hostplant-900353,キュウリグサ,,ムラサキ科,キュウリグサ
public/hostplants.csv,7550,hostplant-900359,タチイヌノフグリ,,オオバコ科,タチイヌノフグリ
public/hostplants.csv,7551,hostplant-900360,イヌゴマ,,シソ科,イヌゴマ
public/hostplants.csv,7553,hostplant-900362,アキノタムラソウ,,シソ科,アキノタムラソウ
public/hostplants.csv,7554,hostplant-900363,メハジキ,,シソ科,メハジキ
public/hostplants.csv,7556,hostplant-900365,オオバコ類,,オオバコ科,オオバコ
public/hostplants.csv,7557,hostplant-900366,キュウリグサ,,ムラサキ科,キュウリグサ
public/hostplants.csv,7562,hostplant-900371,メハジキ,,シソ科,メハジキ
public/hostplants.csv,7565,hostplant-900374,ヤマヒヨドリ,,キク科,ヤマヒヨドリバナ
public/hostplants.csv,7566,hostplant-900375,ヨツバヒヨドリ,,キク科,ヨツバヒヨドリ
public/hostplants.csv,7570,hostplant-900379,エゾヒナノウスツボ,,ゴマノハグサ科,エゾヒナノウスツボ
public/hostplants.csv,7571,hostplant-900380,ニガクサ,,シソ科,ニガクサ
public/hostplants.csv,7573,hostplant-900382,オオムラサキシキブ,,シソ科,オオムラサキシキブ
public/hostplants.csv,7574,hostplant-900383,タツナミソウ,,シソ科,タツナミソウ
public/hostplants.csv,7575,hostplant-900384,ヤマタツナミソウ,,シソ科,ヤマタツナミソウ
public/hostplants.csv,7576,hostplant-900385,シソバタツナミソウ,,シソ科,シソバタツナミ
public/hostplants.csv,7578,hostplant-900387,エゾオオバコ,,オオバコ科,エゾオオバコ
public/hostplants.csv,7579,hostplant-900388,イワヨモギ,,キク科,イワヨモギ
public/hostplants.csv,7582,hostplant-900391,ヤマヨモギ,,キク科,オオヨモギ
public/hostplants.csv,7585,hostplant-900394,ヒメジョオン,,キク科,ヒメジョオン
public/hostplants.csv,7586,hostplant-900395,オグルマ,,キク科,オグルマ
public/hostplants.csv,7590,hostplant-900768,オオバアサガラ,,エゴノキ科,オオバアサガラ
public/hostplants.csv,7593,hostplant-900771,ヤシャブシ類,,カバノキ科,ヤシャブシ
public/hostplants.csv,7594,hostplant-900772,シラカバ,,カバノキ科,シラカンバ
public/hostplants.csv,7596,hostplant-900774,マルバチシャノキ,,ムラサキ科,マルバチシャノキ
public/hostplants.csv,7598,hostplant-900776,アキノタムラソウ,,シソ科,アキノタムラソウ
public/hostplants.csv,7603,hostplant-900781,ウツギ,,アジサイ科,ウツギ
public/hostplants.csv,7605,hostplant-900783,ヒメジョオン,,キク科,ヒメジョオン
public/hostplants.csv,7616,hostplant-900794,カラスウリ類,,ウリ科,カラスウリ
public/hostplants.csv,7619,hostplant-900798,カラスウリ類,,ウリ科,カラスウリ
public/hostplants.csv,7620,hostplant-900799,カラスウリ類,,ウリ科,カラスウリ
public/hostplants.csv,7622,hostplant-900802,エノキ,,アサ科,エノキ
public/hostplants.csv,7629,hostplant-900809,クマヤナギ類,,クロウメモドキ科,クマヤナギ
public/hostplants.csv,7640,hostplant-900820,エノキ,,アサ科,エノキ
public/hostplants.csv,7643,hostplant-900823,アマドコロ,,クサスギカズラ科,アマドコロ
public/hostplants.csv,7645,hostplant-900825,ネギ,ネギ科,ヒガンバナ科,ネギ
public/hostplants.csv,7646,hostplant-900826,ノビル,,ヒガンバナ科,ノビル
public/hostplants.csv,7647,hostplant-900827,ワケギ,,ヒガンバナ科,ワケギ
public/hostplants.csv,7655,hostplant-900835,ヒシ,,ミソハギ科,ヒシ
public/hostplants.csv,7656,hostplant-900836,ジュンサイ,,ジュンサイ科,ジュンサイ
public/hostplants.csv,7658,hostplant-900838,シモツケ類,,バラ科,シモツケ
public/hostplants.csv,7663,hostplant-900843,ネコノメソウ,,ユキノシタ科,ネコノメソウ
public/hostplants.csv,7664,hostplant-900844,ユキノシタ,,ユキノシタ科,ユキノシタ
public/hostplants.csv,7682,hostplant-900854,テンサイ,,ヒユ科,テンサイ
public/hostplants.csv,7683,hostplant-900855,ツゲ類,,ツゲ科,ツゲ
public/hostplants.csv,7688,hostplant-900860,スギ類,,ヒノキ科,スギ
public/hostplants.csv,7689,hostplant-900861,イブキ,,ヒノキ科,イブキ
public/hostplants.csv,7691,hostplant-900863,モチツツジ,,ツツジ科,モチツツジ
public/hostplants.csv,7695,hostplant-900867,クマイチゴ類,,バラ科,クマイチゴ
public/hostplants.csv,7699,hostplant-900871,ノブドウ類,,ブドウ科,ノブドウ
public/hostplants.csv,7701,hostplant-900873,ハコヤナギ,,ヤナギ科,ヤマナラシ
public/hostplants.csv,7702,hostplant-900874,イヨカズラ,,キョウチクトウ科,イヨカズラ
public/hostplants.csv,7708,hostplant-900880,クヌギ,,ブナ科,クヌギ
public/hostplants.csv,7710,hostplant-900882,ヒルガオ類,,ヒルガオ科,ヒルガオ
public/hostplants.csv,7712,hostplant-900884,ヒルガオ類,,ヒルガオ科,ヒルガオ
public/hostplants.csv,7713,hostplant-900885,イヨカズラ,,キョウチクトウ科,イヨカズラ
public/hostplants.csv,7715,hostplant-900887,クヌギ,,ブナ科,クヌギ
public/hostplants.csv,7716,hostplant-900888,コジイ,,ブナ科,ツブラジイ
public/hostplants.csv,7719,hostplant-900891,ヒサカキ,,モッコク科,ヒサカキ
public/hostplants.csv,7722,hostplant-900894,クヌギ,,ブナ科,クヌギ
public/hostplants.csv,7728,hostplant-900900,クヌギ,,ブナ科,クヌギ
public/hostplants.csv,7729,hostplant-900901,コジイ,,ブナ科,ツブラジイ
public/hostplants.csv,7731,hostplant-900903,ヒサカキ,,モッコク科,ヒサカキ
public/hostplants.csv,7733,hostplant-900905,クヌギ,,ブナ科,クヌギ
public/hostplants.csv,7734,hostplant-900906,コジイ,,ブナ科,ツブラジイ
public/hostplants.csv,7736,hostplant-900908,コウチニッケイ,,クスノキ科,マルバニッケイ
public/hostplants.csv,7738,hostplant-900910,スギ,,ヒノキ科,スギ
public/hostplants.csv,7740,hostplant-900912,ツバキ類,,ツバキ科,ヤブツバキ
public/hostplants.csv,7742,hostplant-900914,カシワ類,,ブナ科,カシワ
public/hostplants.csv,7745,hostplant-900917,オレンジ,,ミカン科,キンクネンボ
public/hostplants.csv,7746,hostplant-900918,タロイモ,,サトイモ科,サトイモ
public/hostplants.csv,7751,hostplant-900923,エビヅル,,ブドウ科,エビヅル
public/hostplants.csv,7756,hostplant-900928,クヌギ,,ブナ科,クヌギ
public/hostplants.csv,7765,hostplant-900937,クヌギ,,ブナ科,クヌギ
public/hostplants.csv,7766,hostplant-900938,コジイ,,ブナ科,ツブラジイ
public/hostplants.csv,7768,hostplant-900940,テリハノイバラ,,バラ科,テリハノイバラ
public/hostplants.csv,7774,hostplant-900955,クヌギ,,ブナ科,クヌギ
public/hostplants.csv,7780,hostplant-900961,トサミズキ,,マンサク科,トサミズキ
public/hostplants.csv,7781,hostplant-900962,トチノキ,,ムクロジ科,トチノキ
normalized_data/hostplants.csv,39,hostplant-000033,キリ,ゴマノハグサ科,キリ科,キリ
normalized_data/hostplants.csv,42,hostplant-000036,キリ,ゴマノハグサ科,キリ科,キリ
normalized_data/hostplants.csv,51,hostplant-000045,イロハモミジ,カエデ科,ムクロジ科,イロハモミジ
normalized_data/hostplants.csv,68,hostplant-000062,クロツバラ,バラ科,クロウメモドキ科,クロツバラ
normalized_data/hostplants.csv,152,hostplant-000146,サカキ,サカキ科,モッコク科,サカキ
normalized_data/hostplants.csv,154,hostplant-000148,ネズミムギ,,イネ科,ネズミムギ
normalized_data/hostplants.csv,156,hostplant-000150,ヤマヤナギ,,ヤナギ科,ヤマヤナギ
normalized_data/hostplants.csv,157,hostplant-000151,マルバヤナギ,,ヤナギ科,マルバヤナギ
normalized_data/hostplants.csv,160,hostplant-000154,オトコエシ,オミナエシ科,スイカズラ科,オトコエシ
normalized_data/hostplants.csv,161,hostplant-000155,オトコエシ,オミナエシ科,スイカズラ科,オトコエシ
normalized_data/hostplants.csv,166,hostplant-000160,ガマズミ,,ガマズミ科,ガマズミ
normalized_data/hostplants.csv,167,hostplant-000161,オオカメノキ,スイカズラ科,ガマズミ科,オオカメノキ
normalized_data/hostplants.csv,168,hostplant-000162,オオカメノキ,スイカズラ科,ガマズミ科,オオカメノキ
normalized_data/hostplants.csv,169,hostplant-000163,コバノミツバツツジ,,ツツジ科,コバノミツバツツジ
normalized_data/hostplants.csv,196,hostplant-000190,テリハノイバラ,,バラ科,テリハノイバラ
normalized_data/hostplants.csv,198,hostplant-000192,ニガイチゴ,,バラ科,ニガイチゴ
normalized_data/hostplants.csv,200,hostplant-000194,ナガバモミジイチゴ,,バラ科,ナガバモミジイチゴ
normalized_data/hostplants.csv,201,hostplant-000195,バライチゴ,,バラ科,バライチゴ
normalized_data/hostplants.csv,204,hostplant-000198,ヒサカキ,,モッコク科,ヒサカキ
normalized_data/hostplants.csv,205,hostplant-000199,ハマヒサカキ,ツバキ科,モッコク科,ハマヒサカキ
normalized_data/hostplants.csv,271,hostplant-000266,ヒメコラノキ,,アオイ科,ヒメコラノキ
normalized_data/hostplants.csv,279,hostplant-000274,アラビアゴムモドキ,,マメ科,アラビアアカシア
normalized_data/hostplants.csv,284,hostplant-000279,シロゴチョウ,,マメ科,シロゴチョウ
normalized_data/hostplants.csv,285,hostplant-000280,キダチデンセイ,,マメ科,キダチデンセイ
normalized_data/hostplants.csv,286,hostplant-000281,シナノキ,,アオイ科,シナノキ
normalized_data/hostplants.csv,316,hostplant-000312,シマイズセンリョウ,ヤブコウジ科,サクラソウ科,シマイズセンリョウ
normalized_data/hostplants.csv,322,hostplant-000318,エノキ,ニレ科,アサ科,エノキ
normalized_data/hostplants.csv,339,hostplant-000335,ヒメリンゴ,,バラ科,イヌリンゴ
normalized_data/hostplants.csv,355,hostplant-000351,マサキ,,ニシキギ科,マサキ
normalized_data/hostplants.csv,361,hostplant-000357,マサキ,,ニシキギ科,マサキ
normalized_data/hostplants.csv,363,hostplant-000359,ベンケイソウ,,ベンケイソウ科,ベンケイソウ
normalized_data/hostplants.csv,364,hostplant-000360,オオベンケイソウ,,ベンケイソウ科,オオベンケイソウ
normalized_data/hostplants.csv,392,hostplant-000388,モチツツジ,,ツツジ科,モチツツジ
normalized_data/hostplants.csv,400,hostplant-000396,スギ,スギ科,ヒノキ科,スギ
normalized_data/hostplants.csv,406,hostplant-000402,ミヤマガマズミ,,ガマズミ科,ミヤマガマズミ
normalized_data/hostplants.csv,407,hostplant-000403,オオカメノキ,スイカズラ科,ガマズミ科,オオカメノキ
normalized_data/hostplants.csv,408,hostplant-000404,サンゴジュ,スイカズラ科,ガマズミ科,サンゴジュ
normalized_data/hostplants.csv,409,hostplant-000405,ガマズミ,スイカズラ科,ガマズミ科,ガマズミ
normalized_data/hostplants.csv,420,hostplant-000416,タチドコロ,,ヤマノイモ科,タチドコロ
normalized_data/hostplants.csv,432,hostplant-000428,ベニバナノツクバネウツギ,,スイカズラ科,ベニバナノツクバネウツギ
normalized_data/hostplants.csv,433,hostplant-000429,ウゴツクバネウツギ,,スイカズラ科,ウゴツクバネウツギ
normalized_data/hostplants.csv,441,hostplant-000437,ヒロハノツリバナ,,ニシキギ科,ヒロハノツリバナ
normalized_data/hostplants.csv,442,hostplant-000438,ムラサキマユミ,,ニシキギ科,ムラサキマユミ
normalized_data/hostplants.csv,443,hostplant-000439,サワダツ,,ニシキギ科,サワダツ
normalized_data/hostplants.csv,448,hostplant-000444,ブロッコリー,,アブラナ科,ブロッコリー
normalized_data/hostplants.csv,451,hostplant-000447,イヌナズナ,,アブラナ科,イヌナズナ
normalized_data/hostplants.csv,454,hostplant-000450,タカナ,,アブラナ科,タカナ
normalized_data/hostplants.csv,456,hostplant-000452,ハナヤサイ,,アブラナ科,カリフラワー
normalized_data/hostplants.csv,458,hostplant-000454,ブロッコリー,,アブラナ科,ブロッコリー
normalized_data/hostplants.csv,460,hostplant-000456,セイヨウアブラナ,,アブラナ科,セイヨウアブラナ
normalized_data/hostplants.csv,607,hostplant-000603,イワヒトデ,,ウラボシ科,イワヒトデ
normalized_data/hostplants.csv,609,hostplant-000605,オニヤブソテツ,,オシダ科,オニヤブソテツ
normalized_data/hostplants.csv,641,hostplant-000646,ヤハズハンノキ,,カバノキ科,ヤハズハンノキ
normalized_data/hostplants.csv,653,hostplant-000659,ツタウルシ,,ウルシ科,ツタウルシ
normalized_data/hostplants.csv,683,hostplant-000694,ガマズミ,,ガマズミ科,ガマズミ
normalized_data/hostplants.csv,684,hostplant-000695,ハクサンボク,,ガマズミ科,ハクサンボク
normalized_data/hostplants.csv,685,hostplant-000696,サンゴジュ,,ガマズミ科,サンゴジュ
normalized_data/hostplants.csv,686,hostplant-000697,カンボク,,ガマズミ科,カンボク
normalized_data/hostplants.csv,687,hostplant-000698,ゴマギ,レンプクソウ科,ガマズミ科,ゴマキ
normalized_data/hostplants.csv,689,hostplant-000701,ガマズミ,,ガマズミ科,ガマズミ
normalized_data/hostplants.csv,690,hostplant-000702,オオカメノキ,,ガマズミ科,オオカメノキ
normalized_data/hostplants.csv,691,hostplant-000703,カンボク,,ガマズミ科,カンボク
normalized_data/hostplants.csv,692,hostplant-000704,テマリカンボク,,ガマズミ科,テマリカンボク
normalized_data/hostplants.csv,693,hostplant-000705,ゴマギ,レンプクソウ科,ガマズミ科,ゴマキ
normalized_data/hostplants.csv,695,hostplant-000708,ハクサンボク,,ガマズミ科,ハクサンボク
normalized_data/hostplants.csv,696,hostplant-000709,サンゴジュ,レンプクソウ科,ガマズミ科,サンゴジュ
normalized_data/hostplants.csv,698,hostplant-000712,ユズリハ,,ユズリハ科,ユズリハ
normalized_data/hostplants.csv,699,hostplant-000713,ウリノキ,,ミズキ科,ウリノキ
normalized_data/hostplants.csv,700,hostplant-000714,ウリノキ,,ミズキ科,ウリノキ
normalized_data/hostplants.csv,703,hostplant-000718,クロイチゴ,,バラ科,クロイチゴ
normalized_data/hostplants.csv,706,hostplant-000721,カジイチゴ,,バラ科,カジイチゴ
normalized_data/hostplants.csv,708,hostplant-000724,オオカメノキ,レンプクソウ科,ガマズミ科,オオカメノキ
normalized_data/hostplants.csv,714,hostplant-000731,カジイチゴ,,バラ科,カジイチゴ
normalized_data/hostplants.csv,732,hostplant-000754,ウワミズザクラ,,バラ科,ウワミズザクラ
normalized_data/hostplants.csv,774,hostplant-000805,ユズリハ,,ユズリハ科,ユズリハ
normalized_data/hostplants.csv,777,hostplant-000809,ガマズミ,,ガマズミ科,ガマズミ
normalized_data/hostplants.csv,778,hostplant-000810,コバノガマズミ,,ガマズミ科,コバノガマズミ
normalized_data/hostplants.csv,779,hostplant-000811,オトコヨウゾメ,レンプクソウ科,ガマズミ科,オトコヨウゾメ
normalized_data/hostplants.csv,780,hostplant-000813,サンゴジュ,,ガマズミ科,サンゴジュ
normalized_data/hostplants.csv,781,hostplant-000814,オオデマリ,レンプクソウ科,ガマズミ科,オオデマリ
normalized_data/hostplants.csv,785,hostplant-000819,ガマズミ,レンプクソウ科,ガマズミ科,ガマズミ
normalized_data/hostplants.csv,794,hostplant-000830,オオカモメヅル,,キョウチクトウ科,オオカモメヅル
normalized_data/hostplants.csv,795,hostplant-000831,コカモメヅル,,キョウチクトウ科,コカモメヅル
normalized_data/hostplants.csv,796,hostplant-000832,トキワカモメヅル,,キョウチクトウ科,トキワカモメヅル
normalized_data/hostplants.csv,812,hostplant-000850,マサキ,,ニシキギ科,マサキ
normalized_data/hostplants.csv,816,hostplant-000855,リュウキュウマユミ,,ニシキギ科,リュウキュウマユミ
normalized_data/hostplants.csv,817,hostplant-000856,ニイタカマユミ,,ニシキギ科,ニイタカマユミ
normalized_data/hostplants.csv,830,hostplant-000869,エノキ,ニレ科,アサ科,エノキ
normalized_data/hostplants.csv,846,hostplant-000885,ウワミズザクラ,,バラ科,ウワミズザクラ
normalized_data/hostplants.csv,851,hostplant-000890,ウワミズザクラ,,バラ科,ウワミズザクラ
normalized_data/hostplants.csv,852,hostplant-000891,ナナカマド,,バラ科,ナナカマド
normalized_data/hostplants.csv,854,hostplant-000893,ウワミズザクラ,,バラ科,ウワミズザクラ
normalized_data/hostplants.csv,872,hostplant-000911,ミヤマカワラハンノキ,,カバノキ科,ミヤマカワラハンノキ
normalized_data/hostplants.csv,898,hostplant-000937,ウゴツクバネウツギ,,スイカズラ科,ウゴツクバネウツギ
normalized_data/hostplants.csv,899,hostplant-000938,コツクバネウツギ,,スイカズラ科,コツクバネウツギ
normalized_data/hostplants.csv,921,hostplant-000960,タチヤナギ,,ヤナギ科,タチヤナギ
normalized_data/hostplants.csv,949,hostplant-000988,モモ,ニシキギ科,バラ科,モモ
normalized_data/hostplants.csv,963,hostplant-001002,タムシバ,,モクレン科,タムシバ
normalized_data/hostplants.csv,964,hostplant-001003,ガマズミ,,ガマズミ科,ガマズミ
normalized_data/hostplants.csv,965,hostplant-001004,オオカメノキ,,ガマズミ科,オオカメノキ
normalized_data/hostplants.csv,1011,hostplant-001050,マサキ,,ニシキギ科,マサキ
normalized_data/hostplants.csv,1019,hostplant-001058,アブラチャン,,クスノキ科,アブラチャン
normalized_data/hostplants.csv,1052,hostplant-001091,アブラチャン,,クスノキ科,アブラチャン
normalized_data/hostplants.csv,1059,hostplant-001098,アブラチャン,,クスノキ科,アブラチャン
normalized_data/hostplants.csv,1067,hostplant-001106,ジュウモンジシダ,,オシダ科,ジュウモンジシダ
normalized_data/hostplants.csv,1096,hostplant-001135,アカトドマツ,,マツ科,アカトドマツ
normalized_data/hostplants.csv,1104,hostplant-001143,ヒサカキ,サカキ科,モッコク科,ヒサカキ
normalized_data/hostplants.csv,1109,hostplant-001148,マサキ,,ニシキギ科,マサキ
normalized_data/hostplants.csv,1129,hostplant-001168,ナナミノキ,,モチノキ科,ナナミノキ
normalized_data/hostplants.csv,1184,hostplant-001223,アケビ,モクセイ科,アケビ科,アケビ
normalized_data/hostplants.csv,1209,hostplant-001249,モクレン,,モクレン科,シモクレン
normalized_data/hostplants.csv,1211,hostplant-001251,タムシバ,,モクレン科,タムシバ
normalized_data/hostplants.csv,1212,hostplant-001252,オオヤマレンゲ,,モクレン科,オオヤマレンゲ
normalized_data/hostplants.csv,1216,hostplant-001256,アブラチャン,,クスノキ科,アブラチャン
normalized_data/hostplants.csv,1218,hostplant-001258,コイケマ,,キョウチクトウ科,コイケマ
normalized_data/hostplants.csv,1222,hostplant-001263,テリハボク,フクギ科,テリハボク科,テリハボク
normalized_data/hostplants.csv,1225,hostplant-001266,タニガワハンノキ,,カバノキ科,タニガワハンノキ
normalized_data/hostplants.csv,1257,hostplant-001298,ヒサカキ,ツバキ科,モッコク科,ヒサカキ
normalized_data/hostplants.csv,1259,hostplant-001300,コリヤナギ,,ヤナギ科,コリヤナギ
normalized_data/hostplants.csv,1265,hostplant-091034,アカギ,トウダイグサ科,コミカンソウ科,アカギ
normalized_data/hostplants.csv,1270,hostplant-091039,モクタチバナ,,サクラソウ科,モクタチバナ
normalized_data/hostplants.csv,1275,hostplant-001309,ニワトコ,レンプクソウ科,ガマズミ科,ニワトコ
normalized_data/hostplants.csv,1337,hostplant-001374,ヒサカキ,サカキ科,モッコク科,ヒサカキ
normalized_data/hostplants.csv,1339,hostplant-001376,サンゴジュ,レンプクソウ科,ガマズミ科,サンゴジュ
normalized_data/hostplants.csv,1351,hostplant-001388,ホソバノウナギツカミ,,タデ科,ホソバノウナギツカミ
normalized_data/hostplants.csv,1355,hostplant-001392,ママコノシリヌグイ,,タデ科,ママコノシリヌグイ
normalized_data/hostplants.csv,1372,hostplant-001409,オキナワイボタ,,モクセイ科,オキナワイボタ
normalized_data/hostplants.csv,1395,hostplant-001432,イブキジャコウソウ,,シソ科,イブキジャコウソウ
normalized_data/hostplants.csv,1416,hostplant-001453,セイタカスズムシソウ,キツネノマゴ科,ラン科,セイタカスズムシソウ
normalized_data/hostplants.csv,1437,hostplant-001474,ガマズミ,レンプクソウ科,ガマズミ科,ガマズミ
normalized_data/hostplants.csv,1464,hostplant-001502,キバナシャクナゲ,,ツツジ科,キバナシャクナゲ
normalized_data/hostplants.csv,1468,hostplant-001506,チシマツガザクラ,,ツツジ科,チシマツガザクラ
normalized_data/hostplants.csv,1469,hostplant-001507,クロウスゴ,,ツツジ科,クロウスゴ
normalized_data/hostplants.csv,1471,hostplant-001509,ハコベ,,ナデシコ科,コハコベ
normalized_data/hostplants.csv,1492,hostplant-001530,ガンコウラン,,ツツジ科,ガンコウラン
normalized_data/hostplants.csv,1493,hostplant-001531,キバナシャクナゲ,,ツツジ科,キバナシャクナゲ
normalized_data/hostplants.csv,1496,hostplant-001534,ジムカデ,,ツツジ科,ジムカデ
normalized_data/hostplants.csv,1507,hostplant-001545,ケショウヤナギ,,ヤナギ科,ケショウヤナギ
normalized_data/hostplants.csv,1510,hostplant-001548,ミヤマクマヤナギ,,クロウメモドキ科,ミヤマクマヤナギ
normalized_data/hostplants.csv,1517,hostplant-001555,ホツツジ,,ツツジ科,ホツツジ
normalized_data/hostplants.csv,1518,hostplant-001556,ウラジロヨウラク,,ツツジ科,ウラジロヨウラク
normalized_data/hostplants.csv,1531,hostplant-001569,ガクウツギ,,アジサイ科,ガクウツギ
normalized_data/hostplants.csv,1559,hostplant-001597,エビヅル,,ブドウ科,エビヅル
normalized_data/hostplants.csv,1572,hostplant-001610,ガンコウラン,,ツツジ科,ガンコウラン
normalized_data/hostplants.csv,1637,hostplant-001677,ボロボロノキ,ボロポロノキ科,ボロボロノキ科,ボロボロノキ
normalized_data/hostplants.csv,1648,hostplant-001688,ヤブデマリ,レンプクソウ科,ガマズミ科,ヤブデマリ
normalized_data/hostplants.csv,1661,hostplant-001701,ウゴツクバネウツギ,,スイカズラ科,ウゴツクバネウツギ
normalized_data/hostplants.csv,1684,hostplant-001724,タマザキツヅラフジ,,ツヅラフジ科,タマザキツヅラフジ
normalized_data/hostplants.csv,1688,hostplant-001728,ワダンノキ,,キク科,ワダンノキ
normalized_data/hostplants.csv,1691,hostplant-001731,シロトベラ,,トベラ科,シロトベラ
normalized_data/hostplants.csv,1692,hostplant-001732,オキナワトベラ,,トベラ科,オキナワトベラ
normalized_data/hostplants.csv,1694,hostplant-001734,サツマサンキライ,,サルトリイバラ科,サツマサンキライ
normalized_data/hostplants.csv,1695,hostplant-001735,オキナワサルトリイバラ,シオデ科,サルトリイバラ科,オキナワサルトリイバラ
normalized_data/hostplants.csv,1696,hostplant-001736,ソクズ,レンプクソウ科,ガマズミ科,ソクズ
normalized_data/hostplants.csv,1715,hostplant-001755,マンリョウ,,サクラソウ科,マンリョウ
normalized_data/hostplants.csv,1716,hostplant-001756,カラタチバナ,,サクラソウ科,カラタチバナ
normalized_data/hostplants.csv,1717,hostplant-001757,ヤブコウジ,,サクラソウ科,ヤブコウジ
normalized_data/hostplants.csv,1718,hostplant-001758,モクタチバナ,,サクラソウ科,モクタチバナ
normalized_data/hostplants.csv,1720,hostplant-001760,タイミンタチバナ,,サクラソウ科,タイミンタチバナ
normalized_data/hostplants.csv,1723,hostplant-001763,モクタチバナ,,サクラソウ科,モクタチバナ
normalized_data/hostplants.csv,1724,hostplant-001764,シシアクチ,,サクラソウ科,シシアクチ
normalized_data/hostplants.csv,1725,hostplant-001765,シマイズセンリョウ,,サクラソウ科,シマイズセンリョウ
normalized_data/hostplants.csv,1761,hostplant-001804,ミズナラ,バラ科,ブナ科,ミズナラ
normalized_data/hostplants.csv,1827,hostplant-001880,ニシキウツギ,,スイカズラ科,ニシキウツギ
normalized_data/hostplants.csv,1853,hostplant-001909,カラスザンショウ,,ミカン科,カラスザンショウ
normalized_data/hostplants.csv,1917,hostplant-001983,カワラハンノキ,,カバノキ科,カワラハンノキ
normalized_data/hostplants.csv,1940,hostplant-002010,チョウセンアサガオ,,ナス科,チョウセンアサガオ
normalized_data/hostplants.csv,1943,hostplant-002013,ノウゼンカズラ,,ノウゼンカズラ科,ノウゼンカズラ
normalized_data/hostplants.csv,1946,hostplant-002017,クコ,ゴマ科,ナス科,クコ
normalized_data/hostplants.csv,1949,hostplant-002021,チョウセンアサガオ,,ナス科,チョウセンアサガオ
normalized_data/hostplants.csv,1953,hostplant-002026,オオヤマレンゲ,,モクレン科,オオヤマレンゲ
normalized_data/hostplants.csv,1957,hostplant-002031,ユキヤナギ,,バラ科,ユキヤナギ
normalized_data/hostplants.csv,2008,hostplant-002089,カジノキ,,クワ科,カジノキ
normalized_data/hostplants.csv,2034,hostplant-002119,オトコエシ,オミナエシ科,スイカズラ科,オトコエシ
normalized_data/hostplants.csv,2054,hostplant-002143,エビヅル,,ブドウ科,エビヅル
normalized_data/hostplants.csv,2064,hostplant-002155,ヤエヤマアオキ,,アカネ科,ヤエヤマアオキ
normalized_data/hostplants.csv,2067,hostplant-002159,ヤエヤマアオキ,,アカネ科,ヤエヤマアオキ
normalized_data/hostplants.csv,2074,hostplant-002168,オオバルリミノキ,,アカネ科,オオバルリミノキ
normalized_data/hostplants.csv,2078,hostplant-002174,ユズリハ,,ユズリハ科,ユズリハ
normalized_data/hostplants.csv,2085,hostplant-002181,マムシグサ,,サトイモ科,マムシグサ
normalized_data/hostplants.csv,2095,hostplant-002191,ヤエヤマアオキ,,アカネ科,ヤエヤマアオキ
normalized_data/hostplants.csv,2098,hostplant-002194,クワズイモ,ヒルガオ科,サトイモ科,クワズイモ
normalized_data/hostplants.csv,2101,hostplant-002197,エビヅル,アカネ科,ブドウ科,エビヅル
normalized_data/hostplants.csv,2104,hostplant-002201,エビヅル,ビワモドキ科,ブドウ科,エビヅル
normalized_data/hostplants.csv,2106,hostplant-002204,ナガイモ,,ヤマノイモ科,ナガイモ
normalized_data/hostplants.csv,2107,hostplant-002205,オニドコロ,オシロイバナ科,ヤマノイモ科,オニドコロ
normalized_data/hostplants.csv,2111,hostplant-002210,サトイモ,,サトイモ科,サトイモ
normalized_data/hostplants.csv,2113,hostplant-002212,カラスビシャク,アカバナ科,サトイモ科,カラスビシャク
normalized_data/hostplants.csv,2125,hostplant-002228,クワズイモ,,サトイモ科,クワズイモ
normalized_data/hostplants.csv,2126,hostplant-002229,サトイモ,ツユクサ科,サトイモ科,サトイモ
normalized_data/hostplants.csv,2132,hostplant-002236,ムサシアブミ,,サトイモ科,ムサシアブミ
normalized_data/hostplants.csv,2137,hostplant-002243,ガクウツギ,,アジサイ科,ガクウツギ
normalized_data/hostplants.csv,2159,hostplant-002266,シナノキ,,アオイ科,シナノキ
normalized_data/hostplants.csv,2184,hostplant-002291,イヌエンジュ,,マメ科,イヌエンジュ
normalized_data/hostplants.csv,2185,hostplant-002292,ハリエンジュ,,マメ科,ハリエンジュ
normalized_data/hostplants.csv,2187,hostplant-002294,イヌエンジュ,,マメ科,イヌエンジュ
normalized_data/hostplants.csv,2188,hostplant-002295,チョウセンヤマナラシ,,ヤナギ科,チョウセンヤマナラシ
normalized_data/hostplants.csv,2218,hostplant-002325,ヒサカキ,サカキ科,モッコク科,ヒサカキ
normalized_data/hostplants.csv,2219,hostplant-002326,ヒサカキ,サカキ科,モッコク科,ヒサカキ
normalized_data/hostplants.csv,2221,hostplant-002328,オニグルミ,マンサク科,クルミ科,オニグルミ
normalized_data/hostplants.csv,2263,hostplant-002370,エノキ,ニレ科,アサ科,エノキ
normalized_data/hostplants.csv,2279,hostplant-002386,アサダ,,カバノキ科,アサダ
normalized_data/hostplants.csv,2285,hostplant-002392,ナナカマド,,バラ科,ナナカマド
normalized_data/hostplants.csv,2401,hostplant-002508,コノテガシワ,,ヒノキ科,コノテガシワ
normalized_data/hostplants.csv,2413,hostplant-002520,サンゴジュ,レンプクソウ科,ガマズミ科,サンゴジュ
normalized_data/hostplants.csv,2439,hostplant-002546,ミカイドウ,,バラ科,ミカイドウ
normalized_data/hostplants.csv,2448,hostplant-002555,キバナシャクナゲ,,ツツジ科,キバナシャクナゲ
normalized_data/hostplants.csv,2450,hostplant-002557,コメバツガザクラ,,ツツジ科,コメバツガザクラ
normalized_data/hostplants.csv,2451,hostplant-002558,チシマツガザクラ,,ツツジ科,チシマツガザクラ
normalized_data/hostplants.csv,2452,hostplant-002559,イワヒゲ,,ツツジ科,イワヒゲ
normalized_data/hostplants.csv,2454,hostplant-002561,エゾノタカネヤナギ,,ヤナギ科,エゾノタカネヤナギ
normalized_data/hostplants.csv,2491,hostplant-002598,ニワトコ,レンプクソウ科,ガマズミ科,ニワトコ
normalized_data/hostplants.csv,2495,hostplant-002602,ポプラ,,ヤナギ科,セイヨウハコヤナギ
normalized_data/hostplants.csv,2527,hostplant-002634,オオバギ,,トウダイグサ科,オオバギ
normalized_data/hostplants.csv,2537,hostplant-002644,アカギ,,コミカンソウ科,アカギ
normalized_data/hostplants.csv,2540,hostplant-002647,サカキ,サカキ科,モッコク科,サカキ
normalized_data/hostplants.csv,2579,hostplant-002686,ハクウンボク,ツツジ科,エゴノキ科,ハクウンボク
normalized_data/hostplants.csv,2604,hostplant-002711,ヒサカキ,サカキ科,モッコク科,ヒサカキ
normalized_data/hostplants.csv,2607,hostplant-002714,ハリエンジュ,,マメ科,ハリエンジュ
normalized_data/hostplants.csv,2643,hostplant-002750,ヒサカキ,,モッコク科,ヒサカキ
normalized_data/hostplants.csv,2644,hostplant-002751,サカキ,サカキ科,モッコク科,サカキ
normalized_data/hostplants.csv,2657,hostplant-002764,ヒメジョオン,,キク科,ヒメジョオン
normalized_data/hostplants.csv,2658,hostplant-002765,タケダグサ,,キク科,タケダグサ
normalized_data/hostplants.csv,2659,hostplant-002766,サワオグルマ,,キク科,サワオグルマ
normalized_data/hostplants.csv,2660,hostplant-002767,コウゾリナ,,キク科,コウゾリナ
normalized_data/hostplants.csv,2678,hostplant-002785,キバナシャクナゲ,,ツツジ科,キバナシャクナゲ
normalized_data/hostplants.csv,2691,hostplant-002798,ニワトコ,レンプクソウ科,ガマズミ科,ニワトコ
normalized_data/hostplants.csv,2705,hostplant-002812,ネギ,ネギ科,ヒガンバナ科,ネギ
normalized_data/hostplants.csv,2815,hostplant-002923,ヤハズハンノキ,,カバノキ科,ヤハズハンノキ
normalized_data/hostplants.csv,2830,hostplant-002938,サツマサンキライ,,サルトリイバラ科,サツマサンキライ
normalized_data/hostplants.csv,2831,hostplant-002939,オキナワサルトリイバラ,シオデ科,サルトリイバラ科,オキナワサルトリイバラ
normalized_data/hostplants.csv,2843,hostplant-002951,マメガキ,,カキノキ科,マメガキ
normalized_data/hostplants.csv,2853,hostplant-002961,モウソウチク,,イネ科,モウソウチク
normalized_data/hostplants.csv,2860,hostplant-002969,エノコログサ,,イネ科,エノコログサ
normalized_data/hostplants.csv,2881,hostplant-002990,アオミズ,,イラクサ科,アオミズ
normalized_data/hostplants.csv,2924,hostplant-003033,サルトリイバラ,,サルトリイバラ科,サルトリイバラ
normalized_data/hostplants.csv,2925,hostplant-003034,シオデ,ユリ科,サルトリイバラ科,シオデ
normalized_data/hostplants.csv,2926,hostplant-003035,サルトリイバラ,,サルトリイバラ科,サルトリイバラ
normalized_data/hostplants.csv,2927,hostplant-003036,シオデ,ユリ科,サルトリイバラ科,シオデ
normalized_data/hostplants.csv,2936,hostplant-003046,モクタチバナ,ヤブコウジ科,サクラソウ科,モクタチバナ
normalized_data/hostplants.csv,2938,hostplant-003048,レンブ,ウコギ科,フトモモ科,オオフトモモ
normalized_data/hostplants.csv,2946,hostplant-003056,ムラサキケマン,,ケシ科,ムラサキケマン
normalized_data/hostplants.csv,2975,hostplant-003086,ヘビノボラズ,,メギ科,ヘビノボラズ
normalized_data/hostplants.csv,2983,hostplant-003094,リュウキュウコクタン,,カキノキ科,ヤエヤマコクタン
normalized_data/hostplants.csv,2986,hostplant-003097,マメガキ,,カキノキ科,マメガキ
normalized_data/hostplants.csv,2998,hostplant-003109,ハチジョウクサイチゴ,,バラ科,ハチジョウクサイチゴ
normalized_data/hostplants.csv,3000,hostplant-003111,カジイチゴ,,バラ科,カジイチゴ
normalized_data/hostplants.csv,3013,hostplant-003124,シナノキ,シナノキ科,アオイ科,シナノキ
normalized_data/hostplants.csv,3016,hostplant-003127,テリハボク,オトギリソウ科,テリハボク科,テリハボク
normalized_data/hostplants.csv,3078,hostplant-003189,エノキ,ニレ科,アサ科,エノキ
normalized_data/hostplants.csv,3080,hostplant-003191,ハマニンニク,カヤツリグサ科,イネ科,テンキグサ
normalized_data/hostplants.csv,3082,hostplant-003193,キハギ,,マメ科,キハギ
normalized_data/hostplants.csv,3088,hostplant-003199,イワオウギ,,マメ科,イワオウギ
normalized_data/hostplants.csv,3095,hostplant-003206,シロツメクサ,,マメ科,シロツメクサ
normalized_data/hostplants.csv,3102,hostplant-003213,アカギ,,コミカンソウ科,アカギ
normalized_data/hostplants.csv,3103,hostplant-003214,ヤマヒハツ,トウダイグサ科,コミカンソウ科,ヤマヒハツ
normalized_data/hostplants.csv,3111,hostplant-003222,コミカンソウ,,コミカンソウ科,コミカンソウ
normalized_data/hostplants.csv,3112,hostplant-003223,オガサワラミカンソウ,,コミカンソウ科,オガサワラコミカンソウ
normalized_data/hostplants.csv,3113,hostplant-003224,ブラジルコミカンソウ,トウダイグサ科,コミカンソウ科,ナガエコミカンソウ
normalized_data/hostplants.csv,3114,hostplant-003225,ヒメミソハギ,,ミソハギ科,ヒメミソハギ
normalized_data/hostplants.csv,3115,hostplant-003226,ホソバヒメミソハギ,,ミソハギ科,ホソバヒメミソハギ
normalized_data/hostplants.csv,3117,hostplant-003228,ザクロ,ザクロ科,ミソハギ科,ザクロ
normalized_data/hostplants.csv,3118,hostplant-003229,コミカンソウ,,コミカンソウ科,コミカンソウ
normalized_data/hostplants.csv,3119,hostplant-003230,キダチコミカンソウ,トウダイグサ科,コミカンソウ科,キダチコミカンソウ
normalized_data/hostplants.csv,3129,hostplant-003240,ツルマメ,,マメ科,ツルマメ
normalized_data/hostplants.csv,3148,hostplant-003259,ナツフジ,,マメ科,ナツフジ
normalized_data/hostplants.csv,3180,hostplant-003291,ハチジョウクサイチゴ,,バラ科,ハチジョウクサイチゴ
normalized_data/hostplants.csv,3181,hostplant-003292,ニガイチゴ,,バラ科,ニガイチゴ
normalized_data/hostplants.csv,3189,hostplant-003300,カゴノキ,,クスノキ科,カゴノキ
normalized_data/hostplants.csv,3191,hostplant-003302,アオガシ,,クスノキ科,アオガシ
normalized_data/hostplants.csv,3204,hostplant-003315,クスノハカエデ,カエデ科,ムクロジ科,クスノハカエデ
normalized_data/hostplants.csv,3227,hostplant-003338,カテンソウ,,イラクサ科,カテンソウ
normalized_data/hostplants.csv,3233,hostplant-003344,アオミズ,,イラクサ科,アオミズ
normalized_data/hostplants.csv,3236,hostplant-003347,アワユキセンダングサ,,キク科,オオバナノセンダングサ
normalized_data/hostplants.csv,3237,hostplant-003348,コセンダングサ,,キク科,コセンダングサ
normalized_data/hostplants.csv,3240,hostplant-003351,アズマギク,,キク科,アズマギク
normalized_data/hostplants.csv,3241,hostplant-003352,エゾギク,,キク科,サツマギク
normalized_data/hostplants.csv,3242,hostplant-003353,シオン,,キク科,シオン
normalized_data/hostplants.csv,3244,hostplant-003355,ヤマアザミ,,キク科,ヤマアザミ
normalized_data/hostplants.csv,3255,hostplant-003366,コオニタビラコ,,キク科,コオニタビラコ
normalized_data/hostplants.csv,3261,hostplant-003372,アキノノゲシ,,キク科,アキノノゲシ
normalized_data/hostplants.csv,3265,hostplant-003376,エゾギク,,キク科,サツマギク
normalized_data/hostplants.csv,3266,hostplant-003377,ヒメジョオン,,キク科,ヒメジョオン
normalized_data/hostplants.csv,3267,hostplant-003378,アレチノギク,,キク科,アレチノギク
normalized_data/hostplants.csv,3268,hostplant-003379,キンセンカ,,キク科,トウキンセンカ
normalized_data/hostplants.csv,3286,hostplant-003397,カラシナ,,アブラナ科,カラシナ
normalized_data/hostplants.csv,3291,hostplant-003402,ネギ,ネギ科,ヒガンバナ科,ネギ
normalized_data/hostplants.csv,3293,hostplant-003404,テンサイ,ヒエ科,ヒユ科,テンサイ
normalized_data/hostplants.csv,3301,hostplant-003412,ツルマメ,,マメ科,ツルマメ
normalized_data/hostplants.csv,3302,hostplant-003413,スイートピー,,マメ科,スイートピー
normalized_data/hostplants.csv,3316,hostplant-003427,カラスウリ,,ウリ科,カラスウリ
normalized_data/hostplants.csv,3318,hostplant-003429,ヘチマ,,ウリ科,ヘチマ
normalized_data/hostplants.csv,3325,hostplant-003436,オドリコソウ,,シソ科,オドリコソウ
normalized_data/hostplants.csv,3336,hostplant-003447,アズマギク,,キク科,アズマギク
normalized_data/hostplants.csv,3337,hostplant-003448,エゾギク,,キク科,サツマギク
normalized_data/hostplants.csv,3339,hostplant-003450,セイヨウノコギリソウ,,キク科,セイヨウノコギリソウ
normalized_data/hostplants.csv,3341,hostplant-003452,ニイタカヨモギ,,キク科,ニイタカヨモギ
normalized_data/hostplants.csv,3342,hostplant-003453,ノボロギク,,キク科,ノボロギク
normalized_data/hostplants.csv,3352,hostplant-003463,オオジシバリ,,キク科,オオジシバリ
normalized_data/hostplants.csv,3362,hostplant-003473,エゾノキツネアザミ,,キク科,エゾノキツネアザミ
normalized_data/hostplants.csv,3364,hostplant-003475,ナギナタコウジュ,,シソ科,ナギナタコウジュ
normalized_data/hostplants.csv,3370,hostplant-003481,ホザキシモツケ,,バラ科,ホザキシモツケ
normalized_data/hostplants.csv,3375,hostplant-003486,ホソバトリカブト,,キンポウゲ科,ホソバトリカブト
normalized_data/hostplants.csv,3390,hostplant-003501,トマト,タバコ属などのナス科,ナス科,トマト
normalized_data/hostplants.csv,3393,hostplant-003504,ノボロギク,,キク科,ノボロギク
normalized_data/hostplants.csv,3400,hostplant-003511,ヒメオドリコソウ,サルビアなどのシソ科,シソ科,ヒメオドリコソウ
normalized_data/hostplants.csv,3404,hostplant-003515,ハクサンアザミ,,キク科,ハクサンアザミ
normalized_data/hostplants.csv,3420,hostplant-003531,ガンコウラン,,ツツジ科,ガンコウラン
normalized_data/hostplants.csv,3421,hostplant-003532,ツルコケモモ,,ツツジ科,ツルコケモモ
normalized_data/hostplants.csv,3422,hostplant-003533,ヒメシャクナゲ,,ツツジ科,ヒメシャクナゲ
normalized_data/hostplants.csv,3428,hostplant-003540,ヒロハウキガヤ,,イネ科,ヒロハウキガヤ
normalized_data/hostplants.csv,3433,hostplant-003550,アキメヒシバ,,イネ科,アキメヒシバ
normalized_data/hostplants.csv,3436,hostplant-003553,エノコログサ,,イネ科,エノコログサ
normalized_data/hostplants.csv,3444,hostplant-003561,ツルマメ,,マメ科,ツルマメ
normalized_data/hostplants.csv,3453,hostplant-003570,シナノキ,シナノキ科,アオイ科,シナノキ
normalized_data/hostplants.csv,3461,hostplant-003578,ハマボウ,,アオイ科,ハマボウ
normalized_data/hostplants.csv,3471,hostplant-003588,ラミー,,イラクサ科,ラミー
normalized_data/hostplants.csv,3475,hostplant-003592,ラセイタソウ,,イラクサ科,ラセイタソウ
normalized_data/hostplants.csv,3491,hostplant-003608,ヒサカキ,サカキ科,モッコク科,ヒサカキ
normalized_data/hostplants.csv,3510,hostplant-003627,アサダ,ムクロジ科,カバノキ科,アサダ
normalized_data/hostplants.csv,3512,hostplant-003629,クロツバラ,バラ科,クロウメモドキ科,クロツバラ
normalized_data/hostplants.csv,3523,hostplant-003640,ニガクサ,,シソ科,ニガクサ
normalized_data/hostplants.csv,3525,hostplant-003642,ミカエリソウ,,シソ科,ミカエリソウ
normalized_data/hostplants.csv,3527,hostplant-003644,オオカメノキ,レンプクソウ科,ガマズミ科,オオカメノキ
normalized_data/hostplants.csv,3534,hostplant-003651,ハリエンジュ,ブナ科,マメ科,ハリエンジュ
normalized_data/hostplants.csv,3564,hostplant-003681,ナナカマド,ハラ科,バラ科,ナナカマド
normalized_data/hostplants.csv,3568,hostplant-003685,オオアワガエリ,,イネ科,オオアワガエリ
normalized_data/hostplants.csv,3582,hostplant-003699,シオデ,ユリ科,サルトリイバラ科,シオデ
normalized_data/hostplants.csv,3583,hostplant-003700,サルトリイバラ,シオデ科,サルトリイバラ科,サルトリイバラ
normalized_data/hostplants.csv,3610,hostplant-003727,アキノノゲシ,,キク科,アキノノゲシ
normalized_data/hostplants.csv,3613,hostplant-003730,タカネニガナ,,キク科,タカネニガナ
normalized_data/hostplants.csv,3614,hostplant-003731,クロトウヒレン,,キク科,クロトウヒレン
normalized_data/hostplants.csv,3615,hostplant-003732,ウサギギク,,キク科,ウサギギク
normalized_data/hostplants.csv,3616,hostplant-003733,タカネコウリンカ,,キク科,タカネコウリンカ
normalized_data/hostplants.csv,3622,hostplant-003739,シラヤマギク,,キク科,シラヤマギク
normalized_data/hostplants.csv,3633,hostplant-003750,サカキ,サカキ科,モッコク科,サカキ
normalized_data/hostplants.csv,3645,hostplant-003762,サカキ,サカキ科,モッコク科,サカキ
normalized_data/hostplants.csv,3688,hostplant-003805,シマムロ,,ヒノキ科,シマムロ
normalized_data/hostplants.csv,3689,hostplant-003806,ミブヨモギ,,キク科,ミブヨモギ
normalized_data/hostplants.csv,3706,hostplant-003823,カナムグラ,,アサ科,カナムグラ
normalized_data/hostplants.csv,3708,hostplant-003825,サナエタデ,,タデ科,サナエタデ
normalized_data/hostplants.csv,3718,hostplant-003835,エゾヨモギギク,,キク科,エゾヨモギギク
normalized_data/hostplants.csv,3724,hostplant-003841,ウスベニニガナ,,キク科,ウスベニニガナ
normalized_data/hostplants.csv,3725,hostplant-003842,チチコグサモドキ,,キク科,チチコグサモドキ
normalized_data/hostplants.csv,3726,hostplant-003843,カッコウアザミ,,キク科,カッコウアザミ
normalized_data/hostplants.csv,3727,hostplant-003844,ネコノシタ,,キク科,ネコノシタ
normalized_data/hostplants.csv,3728,hostplant-003845,タカサブロウ,,キク科,タカサブロウ
normalized_data/hostplants.csv,3729,hostplant-003846,アメリカタカサブロウ,,キク科,アメリカタカサブロウ
normalized_data/hostplants.csv,3730,hostplant-003847,コセンダングサ,,キク科,コセンダングサ
normalized_data/hostplants.csv,3731,hostplant-003848,アメリカセンダングサ,,キク科,アメリカセンダングサ
normalized_data/hostplants.csv,3735,hostplant-003852,コシロノセンダングサ,,キク科,コシロノセンダングサ
normalized_data/hostplants.csv,3737,hostplant-003854,アメリカセンダングサ,,キク科,アメリカセンダングサ
normalized_data/hostplants.csv,3746,hostplant-003863,オニヤブソテツ,,オシダ科,オニヤブソテツ
normalized_data/hostplants.csv,3751,hostplant-003868,ヒリュウシダ,,シシガシラ科,ヒリュウシダ
normalized_data/hostplants.csv,3753,hostplant-003870,ホウビカンジュ,ツルシダ科,タマシダ科,ホウビカンジュ
normalized_data/hostplants.csv,3755,hostplant-003872,イワヒバ,,イワヒバ科,イワヒバ
normalized_data/hostplants.csv,3758,hostplant-003875,コンテリクラマゴケ,,イワヒバ科,コンテリクラマゴケ
normalized_data/hostplants.csv,3762,hostplant-003879,タマシダ,ツルシダ科,タマシダ科,タマシダ
normalized_data/hostplants.csv,3763,hostplant-003880,ノキシノブ,,ウラボシ科,ノキシノブ
normalized_data/hostplants.csv,3771,hostplant-003888,ハマオモト,,ヒガンバナ科,ハマオモト
normalized_data/hostplants.csv,3772,hostplant-003889,オオハマオモト,,ヒガンバナ科,オオハマオモト
normalized_data/hostplants.csv,3779,hostplant-003896,ネギ,ネギ科,ヒガンバナ科,ネギ
normalized_data/hostplants.csv,3787,hostplant-003903,マコモ,,イネ科,マコモ
normalized_data/hostplants.csv,3795,hostplant-003911,コウライシバ,,イネ科,コウライシバ
normalized_data/hostplants.csv,3802,hostplant-003918,エゾギク,,キク科,サツマギク
normalized_data/hostplants.csv,3809,hostplant-003925,エゾギク,,キク科,サツマギク
normalized_data/hostplants.csv,3814,hostplant-003930,エゾギク,,キク科,サツマギク
normalized_data/hostplants.csv,3817,hostplant-003933,ママコノシリヌグイ,,タデ科,ママコノシリヌグイ
normalized_data/hostplants.csv,3822,hostplant-003938,クロチク,,イネ科,クロチク
normalized_data/hostplants.csv,3844,hostplant-003962,タチシノブ,,イノモトソウ科,タチシノブ
normalized_data/hostplants.csv,3849,hostplant-003967,タマシダ,ツルシダ科,タマシダ科,タマシダ
normalized_data/hostplants.csv,3859,hostplant-003977,カラスムギ,,イネ科,カラスムギ
normalized_data/hostplants.csv,3864,hostplant-003982,ライムギ,,イネ科,ライムギ
normalized_data/hostplants.csv,3865,hostplant-003983,コムギ,,イネ科,コムギ
normalized_data/hostplants.csv,3866,hostplant-003984,オオムギ,,イネ科,オオムギ
normalized_data/hostplants.csv,3870,hostplant-003988,オオスズメノテッポウ,,イネ科,オオスズメノテッポウ
normalized_data/hostplants.csv,3880,hostplant-003998,シバムギ,,イネ科,シバムギ
normalized_data/hostplants.csv,3892,hostplant-004010,モウソウチク,,イネ科,モウソウチク
normalized_data/hostplants.csv,3895,hostplant-004013,カンザンチク,,イネ科,カンザンチク
normalized_data/hostplants.csv,3896,hostplant-004014,リュウキュウチク,,イネ科,リュウキュウチク
normalized_data/hostplants.csv,3897,hostplant-004015,タイミンチク,,イネ科,タイミンチク
normalized_data/hostplants.csv,3902,hostplant-004020,カンザンチク,,イネ科,カンザンチク
normalized_data/hostplants.csv,3903,hostplant-004021,リュウキュウチク,,イネ科,リュウキュウチク
normalized_data/hostplants.csv,3904,hostplant-004022,タイミンチク,,イネ科,タイミンチク
normalized_data/hostplants.csv,3909,hostplant-004027,タマネギ,ネギ科,ヒガンバナ科,タマネギ
normalized_data/hostplants.csv,3910,hostplant-004028,ギョウジャニンニク,ネギ科,ヒガンバナ科,ギョウジャニンニク
normalized_data/hostplants.csv,3916,hostplant-004034,ハマニンニク,カヤツリグサ科,イネ科,テンキグサ
normalized_data/hostplants.csv,3919,hostplant-004037,ハナショウブ,,アヤメ科,ハナショウブ
normalized_data/hostplants.csv,3923,hostplant-004041,ヒメジョオン,,キク科,ヒメジョオン
normalized_data/hostplants.csv,3974,hostplant-004092,ネギ,ネギ科,ヒガンバナ科,ネギ
normalized_data/hostplants.csv,3978,hostplant-004096,サカキ,サカキ科,モッコク科,サカキ
normalized_data/hostplants.csv,3985,hostplant-004103,サカキ,サカキ科,モッコク科,サカキ
normalized_data/hostplants.csv,4009,hostplant-004126,ホザキシモツケ,ヤマモモ科,バラ科,ホザキシモツケ
normalized_data/hostplants.csv,4172,hostplant-004275,ウワミズザクラ,セリ科,バラ科,ウワミズザクラ
normalized_data/hostplants.csv,4237,hostplant-004339,エドヒガン,,バラ科,エドヒガン
normalized_data/hostplants.csv,4278,hostplant-004382,クリ類,,ブナ科,クリ
normalized_data/hostplants.csv,4287,hostplant-004391,ソクズ,レンプクソウ科,ガマズミ科,ソクズ
normalized_data/hostplants.csv,4290,hostplant-004394,ガンコウラン,,ツツジ科,ガンコウラン
normalized_data/hostplants.csv,4294,hostplant-004398,タマネギ,ネギ科,ヒガンバナ科,タマネギ
normalized_data/hostplants.csv,4297,hostplant-004401,タマザキフジ,,マメ科,タマザキクサフジ
normalized_data/hostplants.csv,4302,hostplant-004406,エゾノギシギシ,,タデ科,エゾノギシギシ
normalized_data/hostplants.csv,4313,hostplant-004417,ホザキシモツケ,,バラ科,ホザキシモツケ
normalized_data/hostplants.csv,4334,hostplant-004440,ハマボウ,,アオイ科,ハマボウ
normalized_data/hostplants.csv,4337,hostplant-004443,マルバニッケイ,,クスノキ科,マルバニッケイ
normalized_data/hostplants.csv,4339,hostplant-004445,イタビカズラ,,クワ科,イタビカズラ
normalized_data/hostplants.csv,4342,hostplant-004448,イタビカズラ,,クワ科,イタビカズラ
normalized_data/hostplants.csv,4343,hostplant-004449,ヒメイタビ,,クワ科,ヒメイタビ
normalized_data/hostplants.csv,4344,hostplant-004450,エノキ,ニレ科,アサ科,エノキ
normalized_data/hostplants.csv,4345,hostplant-004451,リュウキュウエノキ,,アサ科,クワノハエノキ
normalized_data/hostplants.csv,4352,hostplant-004458,ムニンエノキ,,アサ科,クワノハエノキ
normalized_data/hostplants.csv,4361,hostplant-004467,シマシャリンバイ,,バラ科,シャリンバイ
normalized_data/hostplants.csv,4364,hostplant-004470,リュウキュウマツ,,マツ科,リュウキュウマツ
normalized_data/hostplants.csv,4367,hostplant-004473,リュウキュウマツ,,マツ科,リュウキュウマツ
normalized_data/hostplants.csv,4373,hostplant-004479,エノキ,ニレ科,アサ科,エノキ
normalized_data/hostplants.csv,4378,hostplant-004484,ネズ,,ヒノキ科,ネズミサシ
normalized_data/hostplants.csv,4394,hostplant-004500,リュウキュウマツ,,マツ科,リュウキュウマツ
normalized_data/hostplants.csv,4395,hostplant-004501,リュウキュウマツ,,マツ科,リュウキュウマツ
normalized_data/hostplants.csv,4399,hostplant-004505,ヒメコマツ,,マツ科,ヒメコマツ
normalized_data/hostplants.csv,4408,hostplant-004514,ヤエヤマコクタン,,カキノキ科,ヤエヤマコクタン
normalized_data/hostplants.csv,4410,hostplant-004516,ムニンエノキ,,アサ科,クワノハエノキ
normalized_data/hostplants.csv,4411,hostplant-004517,アカテツ,,アカテツ科,アカテツ
normalized_data/hostplants.csv,4418,hostplant-004524,リュウキュウマツ,,マツ科,リュウキュウマツ
normalized_data/hostplants.csv,4419,hostplant-004525,リュウキュウマツ,,マツ科,リュウキュウマツ
normalized_data/hostplants.csv,4420,hostplant-004526,リュウキュウマツ,,マツ科,リュウキュウマツ
normalized_data/hostplants.csv,4426,hostplant-004532,ビワ,,バラ科,ビワ
normalized_data/hostplants.csv,4441,hostplant-004547,ヤンバルアワブキ,,アワブキ科,フシノハアワブキ
normalized_data/hostplants.csv,4442,hostplant-004548,ムニンエノキ,,アサ科,クワノハエノキ
normalized_data/hostplants.csv,4473,hostplant-004579,ナカハラクロキ,,ハイノキ科,ナカハラクロキ
normalized_data/hostplants.csv,4488,hostplant-004594,エノキ,ニレ科,アサ科,エノキ
normalized_data/hostplants.csv,4500,hostplant-004606,ムクゲ類,,アオイ科,ムクゲ
normalized_data/hostplants.csv,4502,hostplant-004608,エノキ,ニレ科,アサ科,エノキ
normalized_data/hostplants.csv,4503,hostplant-004609,エゾエノキ,,アサ科,エゾエノキ
normalized_data/hostplants.csv,4504,hostplant-004610,エゾエノキ,,アサ科,エゾエノキ
normalized_data/hostplants.csv,4520,hostplant-004626,マメガキ,,カキノキ科,マメガキ
normalized_data/hostplants.csv,4522,hostplant-004628,カラスザンショウ,,ミカン科,カラスザンショウ
normalized_data/hostplants.csv,4529,hostplant-004635,アブラチャン,,クスノキ科,アブラチャン
normalized_data/hostplants.csv,4536,hostplant-004642,マメガキ,,カキノキ科,マメガキ
normalized_data/hostplants.csv,4538,hostplant-004644,マサキ,,ニシキギ科,マサキ
normalized_data/hostplants.csv,4541,hostplant-004647,ミズキ類,,ミズキ科,ミズキ
normalized_data/hostplants.csv,4546,hostplant-004652,エノキ,ニレ科,アサ科,エノキ
normalized_data/hostplants.csv,4547,hostplant-004653,エゾエノキ,,アサ科,エゾエノキ
normalized_data/hostplants.csv,4550,hostplant-004656,リュウキュウエノキ,,アサ科,クワノハエノキ
normalized_data/hostplants.csv,4551,hostplant-004657,ムニンエノキ,,アサ科,クワノハエノキ
normalized_data/hostplants.csv,4568,hostplant-004674,カンスゲ,,カヤツリグサ科,カンスゲ
normalized_data/hostplants.csv,4572,hostplant-004678,オニヤブソテツ,,オシダ科,オニヤブソテツ
normalized_data/hostplants.csv,4573,hostplant-004679,コモチシダ,,シシガシラ科,コモチシダ
normalized_data/hostplants.csv,4574,hostplant-004680,ヒトツバ,,ウラボシ科,ヒトツバ
normalized_data/hostplants.csv,4578,hostplant-004684,ヒメウツギ,,アジサイ科,ヒメウツギ
normalized_data/hostplants.csv,4585,hostplant-004691,シナノキ,,アオイ科,シナノキ
normalized_data/hostplants.csv,4591,hostplant-004697,タンキリマメ,,マメ科,タンキリマメ
normalized_data/hostplants.csv,4597,hostplant-004703,ツルコウゾ,,クワ科,ツルコウゾ
normalized_data/hostplants.csv,4608,hostplant-004714,エノキ,ニレ科,アサ科,エノキ
normalized_data/hostplants.csv,4612,hostplant-004718,ハイノキ,,ハイノキ科,ハイノキ
normalized_data/hostplants.csv,4613,hostplant-004719,シロバイ,,ハイノキ科,シロバイ
normalized_data/hostplants.csv,4614,hostplant-004720,リュウキュウハイノキ,,ハイノキ科,リュウキュウハイノキ
normalized_data/hostplants.csv,4615,hostplant-004721,アマシバ,,ハイノキ科,アマシバ
normalized_data/hostplants.csv,4620,hostplant-004726,シマサルスベリ,,ミソハギ科,シマサルスベリ
normalized_data/hostplants.csv,4626,hostplant-004732,ナガバモミジイチゴ,,バラ科,ナガバモミジイチゴ
normalized_data/hostplants.csv,4630,hostplant-004736,ミチノクサイシン,,ウマノスズクサ科,ミチノクサイシン
normalized_data/hostplants.csv,4632,hostplant-004738,ミヤコアオイ,,ウマノスズクサ科,ミヤコアオイ
normalized_data/hostplants.csv,4633,hostplant-004739,ミヤマアオイ,,ウマノスズクサ科,ミヤマアオイ
normalized_data/hostplants.csv,4634,hostplant-004740,コシノカンアオイ,,ウマノスズクサ科,コシノカンアオイ
normalized_data/hostplants.csv,4635,hostplant-004741,サンヨウアオイ,,ウマノスズクサ科,サンヨウアオイ
normalized_data/hostplants.csv,4637,hostplant-004743,スズカカンアオイ,,ウマノスズクサ科,スズカカンアオイ
normalized_data/hostplants.csv,4638,hostplant-004744,カギガタアオイ,,ウマノスズクサ科,カギガタアオイ
normalized_data/hostplants.csv,4639,hostplant-004745,ランヨウアオイ,,ウマノスズクサ科,ランヨウアオイ
normalized_data/hostplants.csv,4640,hostplant-004746,タイリンアオイ,,ウマノスズクサ科,タイリンアオイ
normalized_data/hostplants.csv,4642,hostplant-004748,フタバアオイ,,ウマノスズクサ科,フタバアオイ
normalized_data/hostplants.csv,4644,hostplant-004750,オクエゾサイシン,,ウマノスズクサ科,オクエゾサイシン
normalized_data/hostplants.csv,4645,hostplant-004751,コシノカンアオイ,,ウマノスズクサ科,コシノカンアオイ
normalized_data/hostplants.csv,4646,hostplant-004752,ミヤコアオイ,,ウマノスズクサ科,ミヤコアオイ
normalized_data/hostplants.csv,4648,hostplant-004754,ウマノスズクサ,,ウマノスズクサ科,ウマノスズクサ
normalized_data/hostplants.csv,4649,hostplant-004755,ムラサキケマン,ケマンソウ科,ケシ科,ムラサキケマン
normalized_data/hostplants.csv,4650,hostplant-004756,ジロボウエンゴサク,,ケシ科,ジロボウエンゴサク
normalized_data/hostplants.csv,4651,hostplant-004757,ヤマエンゴサク,,ケシ科,ヤマエンゴサク
normalized_data/hostplants.csv,4652,hostplant-004758,エゾエンゴサク,ケマンソウ科,ケシ科,エゾエンゴサク
normalized_data/hostplants.csv,4653,hostplant-004759,ミチノクエンゴサク,,ケシ科,ミチノクエンゴサク
normalized_data/hostplants.csv,4654,hostplant-004760,ヤブエンゴサク,,ケシ科,ジロボウエンゴサク
normalized_data/hostplants.csv,4655,hostplant-004761,ミヤマキケマン,,ケシ科,ミヤマキケマン
normalized_data/hostplants.csv,4656,hostplant-004762,エゾエンゴサク,ケマンソウ科,ケシ科,エゾエンゴサク
normalized_data/hostplants.csv,4657,hostplant-004763,エゾキケマン,,ケシ科,エゾキケマン
normalized_data/hostplants.csv,4658,hostplant-004764,ヤマエンゴサク,,ケシ科,ヤマエンゴサク
normalized_data/hostplants.csv,4659,hostplant-004765,ジロボウエンゴサク,,ケシ科,ジロボウエンゴサク
normalized_data/hostplants.csv,4660,hostplant-004766,コマクサ,ケマンソウ科,ケシ科,コマクサ
normalized_data/hostplants.csv,4661,hostplant-004767,ウマノスズクサ,,ウマノスズクサ科,ウマノスズクサ
normalized_data/hostplants.csv,4662,hostplant-004768,オオバウマノスズクサ,,ウマノスズクサ科,オオバウマノスズクサ
normalized_data/hostplants.csv,4664,hostplant-004770,ホソバウマノスズクサ,,ウマノスズクサ科,アリマウマノスズクサ
normalized_data/hostplants.csv,4665,hostplant-004771,リュウキュウウマノスズクサ,,ウマノスズクサ科,リュウキュウウマノスズクサ
normalized_data/hostplants.csv,4666,hostplant-004772,コウシュンウマノスズクサ,,ウマノスズクサ科,コウシュンウマノスズクサ
normalized_data/hostplants.csv,4667,hostplant-004773,リュウキュウウマノスズクサ,,ウマノスズクサ科,リュウキュウウマノスズクサ
normalized_data/hostplants.csv,4668,hostplant-004774,コウシュンウマノスズクサ,,ウマノスズクサ科,コウシュンウマノスズクサ
normalized_data/hostplants.csv,4669,hostplant-004775,ウマノスズクサ,,ウマノスズクサ科,ウマノスズクサ
normalized_data/hostplants.csv,4670,hostplant-004776,リュウキュウウマノスズクサ,,ウマノスズクサ科,リュウキュウウマノスズクサ
normalized_data/hostplants.csv,4675,hostplant-004781,イヌガシ,,クスノキ科,イヌガシ
normalized_data/hostplants.csv,4677,hostplant-004783,ニッケイ,,クスノキ科,ニッケイ
normalized_data/hostplants.csv,4679,hostplant-004785,コウチニッケイ,,クスノキ科,マルバニッケイ
normalized_data/hostplants.csv,4680,hostplant-004786,ハマビワ,,クスノキ科,ハマビワ
normalized_data/hostplants.csv,4681,hostplant-004787,バリバリノキ,,クスノキ科,バリバリノキ
normalized_data/hostplants.csv,4682,hostplant-004788,アブラチャン,,クスノキ科,アブラチャン
normalized_data/hostplants.csv,4683,hostplant-004789,ゲッケイジュ,,クスノキ科,ゲッケイジュ
normalized_data/hostplants.csv,4684,hostplant-004790,タイサンボク,,モクレン科,タイサンボク
normalized_data/hostplants.csv,4689,hostplant-004795,タイサンボク,,モクレン科,タイサンボク
normalized_data/hostplants.csv,4690,hostplant-004796,トウオガタマ,,モクレン科,カラタネオガタマ
normalized_data/hostplants.csv,4692,hostplant-004798,キンコウボク,,モクレン科,キンコウボク
normalized_data/hostplants.csv,4693,hostplant-004799,ギンコウボク,,モクレン科,ギンコウボク
normalized_data/hostplants.csv,4694,hostplant-004800,ポーポー,,バンレイシ科,ポポー
normalized_data/hostplants.csv,4696,hostplant-004802,タイサンボク,,モクレン科,タイサンボク
normalized_data/hostplants.csv,4707,hostplant-004813,サンショウ,,ミカン科,サンショウ
normalized_data/hostplants.csv,4709,hostplant-004815,フユザンショウ,,ミカン科,フユザンショウ
normalized_data/hostplants.csv,4710,hostplant-004816,イワザンショウ,,ミカン科,イワザンショウ
normalized_data/hostplants.csv,4711,hostplant-004817,テリバザンショウ,,ミカン科,テリハザンショウ
normalized_data/hostplants.csv,4713,hostplant-004819,ヒロハノキハダ,,ミカン科,キハダ
normalized_data/hostplants.csv,4714,hostplant-004820,ナツミカン,,ミカン科,ナツミカン
normalized_data/hostplants.csv,4719,hostplant-004825,ダイダイ,,ミカン科,ダイダイ
normalized_data/hostplants.csv,4720,hostplant-004826,ヒュウガナツ,,ミカン科,ヒュウガナツ
normalized_data/hostplants.csv,4721,hostplant-004827,レモン,,ミカン科,レモン
normalized_data/hostplants.csv,4722,hostplant-004828,ゴシュユ,,ミカン科,ゴシュユ
normalized_data/hostplants.csv,4724,hostplant-004830,カラスザンショウ,,ミカン科,カラスザンショウ
normalized_data/hostplants.csv,4725,hostplant-004831,キンカン,,ミカン科,キンカン
normalized_data/hostplants.csv,4726,hostplant-004832,ツルシキミ,,ミカン科,ツルシキミ
normalized_data/hostplants.csv,4727,hostplant-004833,ミヤマシキミ,,ミカン科,ミヤマシキミ
normalized_data/hostplants.csv,4728,hostplant-004834,アサクラザンショウ,,ミカン科,アサクラザンショウ
normalized_data/hostplants.csv,4729,hostplant-004835,グレープフルーツ,,ミカン科,グレープフルーツ
normalized_data/hostplants.csv,4730,hostplant-004836,ヒラミレモン,,ミカン科,シイクワシャー
normalized_data/hostplants.csv,4732,hostplant-004838,ヨウシュハクセン,,ミカン科,ヨウシュハクセン
normalized_data/hostplants.csv,4733,hostplant-004839,ヘンルーダ,,ミカン科,ヘンルーダ
normalized_data/hostplants.csv,4734,hostplant-004840,アコウザンショウ,,ミカン科,アコウザンショウ
normalized_data/hostplants.csv,4735,hostplant-004841,タチバナ,,ミカン科,タチバナ
normalized_data/hostplants.csv,4737,hostplant-004843,マツカゼソウ,,ミカン科,マツカゼソウ
normalized_data/hostplants.csv,4738,hostplant-004844,ゲッキツ,,ミカン科,ゲッキツ
normalized_data/hostplants.csv,4741,hostplant-004847,アツバサイシン,,ウマノスズクサ科,アツバサイシン
normalized_data/hostplants.csv,4742,hostplant-004848,キバナコスモス,,キク科,キバナコスモス
normalized_data/hostplants.csv,4743,hostplant-004849,アフリカンマリーゴールド,,キク科,センジュギク
normalized_data/hostplants.csv,4744,hostplant-004850,ボタン,,ボタン科,ボタン
normalized_data/hostplants.csv,4745,hostplant-004851,パセリ,,セリ科,パセリ
normalized_data/hostplants.csv,4750,hostplant-004856,ノダケ,,セリ科,ノダケ
normalized_data/hostplants.csv,4754,hostplant-004860,ハマウド,,セリ科,ハマウド
normalized_data/hostplants.csv,4755,hostplant-004861,シシウド,,セリ科,シシウド
normalized_data/hostplants.csv,4756,hostplant-004862,エゾノシシウド,,セリ科,エゾノシシウド
normalized_data/hostplants.csv,4758,hostplant-004864,オカゼリ,,セリ科,オカゼリ
normalized_data/hostplants.csv,4760,hostplant-004866,エゾニュウ,,セリ科,エゾニュウ
normalized_data/hostplants.csv,4761,hostplant-004867,ハマボウフウ,,セリ科,ハマボウフウ
normalized_data/hostplants.csv,4762,hostplant-004868,ボタンボウフウ,,セリ科,ボタンボウフウ
normalized_data/hostplants.csv,4763,hostplant-004869,イブキボウフウ,,セリ科,イブキボウフウ
normalized_data/hostplants.csv,4764,hostplant-004870,タカネイブキボウフウ,,セリ科,タカネイブキボウフウ
normalized_data/hostplants.csv,4765,hostplant-004871,アメリカボウフウ,,セリ科,アメリカボウフウ
normalized_data/hostplants.csv,4766,hostplant-004872,シラネセンキュウ,,セリ科,シラネセンキュウ
normalized_data/hostplants.csv,4767,hostplant-004873,ミヤマセンキュウ,,セリ科,ミヤマセンキュウ
normalized_data/hostplants.csv,4768,hostplant-004874,オオバセンキュウ,,セリ科,オオバセンキュウ
normalized_data/hostplants.csv,4769,hostplant-004875,ドクゼリ,,セリ科,ドクゼリ
normalized_data/hostplants.csv,4771,hostplant-004877,ウマノミツバ,,セリ科,ウマノミツバ
normalized_data/hostplants.csv,4772,hostplant-004878,ヒカゲミツバ,,セリ科,ヒカゲミツバ
normalized_data/hostplants.csv,4773,hostplant-004879,ヤマゼリ,,セリ科,ヤマゼリ
normalized_data/hostplants.csv,4774,hostplant-004880,イワテトウキ,,セリ科,ミヤマトウキ
normalized_data/hostplants.csv,4775,hostplant-004881,シラネニンジン,,セリ科,シラネニンジン
normalized_data/hostplants.csv,4776,hostplant-004882,ヤブジラミ,,セリ科,ヤブジラミ
normalized_data/hostplants.csv,4777,hostplant-004883,イシヅチボウフウ,,セリ科,イシヅチボウフウ
normalized_data/hostplants.csv,4778,hostplant-004884,マツバゼリ,,セリ科,マツバゼリ
normalized_data/hostplants.csv,4779,hostplant-004885,ハマゼリ,,セリ科,ハマゼリ
normalized_data/hostplants.csv,4780,hostplant-004886,アシタバ,,セリ科,アシタバ
normalized_data/hostplants.csv,4781,hostplant-004887,トウキ,,セリ科,トウキ
normalized_data/hostplants.csv,4783,hostplant-004889,パセリ,,セリ科,パセリ
normalized_data/hostplants.csv,4784,hostplant-004890,ミシマサイコ,,セリ科,ミシマサイコ
normalized_data/hostplants.csv,4785,hostplant-004891,セロリ,,セリ科,セロリ
normalized_data/hostplants.csv,4786,hostplant-004892,ハクサンボウフウ,,セリ科,ハクサンボウフウ
normalized_data/hostplants.csv,4787,hostplant-004893,アマニュウ,,セリ科,アマニュウ
normalized_data/hostplants.csv,4789,hostplant-004895,ミヤマニンジン,,セリ科,ミヤマニンジン
normalized_data/hostplants.csv,4790,hostplant-004896,オオハナウド,,セリ科,オオハナウド
normalized_data/hostplants.csv,4791,hostplant-004897,サンショウ,,ミカン科,サンショウ
normalized_data/hostplants.csv,4793,hostplant-004899,カラスザンショウ,,ミカン科,カラスザンショウ
normalized_data/hostplants.csv,4798,hostplant-004904,ベニバナボロギク,,キク科,ベニバナボロギク
normalized_data/hostplants.csv,4800,hostplant-004906,カラスザンショウ,,ミカン科,カラスザンショウ
normalized_data/hostplants.csv,4802,hostplant-004908,ネーブルオレンジ,,ミカン科,ネーブルオレンジ
normalized_data/hostplants.csv,4805,hostplant-004911,ハッサク,,ミカン科,ハッサク
normalized_data/hostplants.csv,4806,hostplant-004912,ナツミカン,,ミカン科,ナツミカン
normalized_data/hostplants.csv,4807,hostplant-004913,ダイダイ,,ミカン科,ダイダイ
normalized_data/hostplants.csv,4809,hostplant-004915,グレープフルーツ,,ミカン科,グレープフルーツ
normalized_data/hostplants.csv,4811,hostplant-004917,キンカン,,ミカン科,キンカン
normalized_data/hostplants.csv,4812,hostplant-004918,ヒラミレモン,,ミカン科,シイクワシャー
normalized_data/hostplants.csv,4814,hostplant-004920,テリバザンショウ,,ミカン科,テリハザンショウ
normalized_data/hostplants.csv,4817,hostplant-004923,カラスザンショウ,,ミカン科,カラスザンショウ
normalized_data/hostplants.csv,4820,hostplant-004926,サンショウ,,ミカン科,サンショウ
normalized_data/hostplants.csv,4824,hostplant-004930,フユザンショウ,,ミカン科,フユザンショウ
normalized_data/hostplants.csv,4825,hostplant-004931,テリバザンショウ,,ミカン科,テリハザンショウ
normalized_data/hostplants.csv,4828,hostplant-004934,ナツミカン,,ミカン科,ナツミカン
normalized_data/hostplants.csv,4829,hostplant-004935,ダイダイ,,ミカン科,ダイダイ
normalized_data/hostplants.csv,4830,hostplant-004936,ポンカン,,ミカン科,ポンカン
normalized_data/hostplants.csv,4832,hostplant-004938,ヒラミレモン,,ミカン科,シイクワシャー
normalized_data/hostplants.csv,4835,hostplant-004941,タンカン,,ミカン科,タンカン
normalized_data/hostplants.csv,4836,hostplant-004942,コブミカン,,ミカン科,コブミカン
normalized_data/hostplants.csv,4837,hostplant-004943,ヒラミレモン,,ミカン科,シイクワシャー
normalized_data/hostplants.csv,4842,hostplant-004948,ナツミカン,,ミカン科,ナツミカン
normalized_data/hostplants.csv,4844,hostplant-004950,サンショウ,,ミカン科,サンショウ
normalized_data/hostplants.csv,4846,hostplant-004952,ミヤマシキミ,,ミカン科,ミヤマシキミ
normalized_data/hostplants.csv,4847,hostplant-004953,カラスザンショウ,,ミカン科,カラスザンショウ
normalized_data/hostplants.csv,4848,hostplant-004954,フユザンショウ,,ミカン科,フユザンショウ
normalized_data/hostplants.csv,4849,hostplant-004955,テリバザンショウ,,ミカン科,テリハザンショウ
normalized_data/hostplants.csv,4850,hostplant-004956,イワザンショウ,,ミカン科,イワザンショウ
normalized_data/hostplants.csv,4851,hostplant-004957,ゴシュユ,,ミカン科,ゴシュユ
normalized_data/hostplants.csv,4854,hostplant-004960,ダイダイ,,ミカン科,ダイダイ
normalized_data/hostplants.csv,4855,hostplant-004961,レモン,,ミカン科,レモン
normalized_data/hostplants.csv,4856,hostplant-004962,キンカン,,ミカン科,キンカン
normalized_data/hostplants.csv,4859,hostplant-004965,ヘンルーダ,,ミカン科,ヘンルーダ
normalized_data/hostplants.csv,4860,hostplant-004966,ツルザンショウ,,ミカン科,ツルザンショウ
normalized_data/hostplants.csv,4861,hostplant-004967,リュウキュウミヤマシキミ,,ミカン科,リュウキュウミヤマシキミ
normalized_data/hostplants.csv,4863,hostplant-004969,ヒラミレモン,,ミカン科,シイクワシャー
normalized_data/hostplants.csv,4866,hostplant-004973,サンショウ,,ミカン科,サンショウ
normalized_data/hostplants.csv,4869,hostplant-004976,フユザンショウ,,ミカン科,フユザンショウ
normalized_data/hostplants.csv,4870,hostplant-004977,カラスザンショウ,,ミカン科,カラスザンショウ
normalized_data/hostplants.csv,4871,hostplant-004978,ヘンルーダ,,ミカン科,ヘンルーダ
normalized_data/hostplants.csv,4872,hostplant-004979,ナツミカン,,ミカン科,ナツミカン
normalized_data/hostplants.csv,4873,hostplant-004980,ツルシキミ,,ミカン科,ツルシキミ
normalized_data/hostplants.csv,4876,hostplant-004983,カラスザンショウ,,ミカン科,カラスザンショウ
normalized_data/hostplants.csv,4879,hostplant-004986,ミヤマシキミ,,ミカン科,ミヤマシキミ
normalized_data/hostplants.csv,4881,hostplant-004988,フユザンショウ,,ミカン科,フユザンショウ
normalized_data/hostplants.csv,4883,hostplant-004990,タチバナ,,ミカン科,タチバナ
normalized_data/hostplants.csv,4885,hostplant-004992,レモン,,ミカン科,レモン
normalized_data/hostplants.csv,4886,hostplant-004993,ナツミカン,,ミカン科,ナツミカン
normalized_data/hostplants.csv,4888,hostplant-004995,ヘンルーダ,,ミカン科,ヘンルーダ
normalized_data/hostplants.csv,4890,hostplant-004998,カラスザンショウ,,ミカン科,カラスザンショウ
normalized_data/hostplants.csv,4892,hostplant-005000,ヒラミレモン,,ミカン科,シイクワシャー
normalized_data/hostplants.csv,4893,hostplant-005001,カラスザンショウ,,ミカン科,カラスザンショウ
normalized_data/hostplants.csv,4894,hostplant-005002,アカギ,トウダイグサ科,コミカンソウ科,アカギ
normalized_data/hostplants.csv,4896,hostplant-005004,ヒロハノキハダ,,ミカン科,キハダ
normalized_data/hostplants.csv,4897,hostplant-005005,カラスザンショウ,,ミカン科,カラスザンショウ
normalized_data/hostplants.csv,4899,hostplant-005007,ツルシキミ,,ミカン科,ツルシキミ
normalized_data/hostplants.csv,4901,hostplant-005009,サンショウ,,ミカン科,サンショウ
normalized_data/hostplants.csv,4907,hostplant-005015,ビロードクサフジ,,マメ科,ビロードクサフジ
normalized_data/hostplants.csv,4910,hostplant-005018,エゾノレンリソウ,シソ科,マメ科,エゾノレンリソウ
normalized_data/hostplants.csv,4916,hostplant-005024,ハマハタザオ,,アブラナ科,ハマハタザオ
normalized_data/hostplants.csv,4917,hostplant-005025,ミヤマハタザオ,,アブラナ科,ミヤマハタザオ
normalized_data/hostplants.csv,4918,hostplant-005026,イワハタザオ,,アブラナ科,イワハタザオ
normalized_data/hostplants.csv,4921,hostplant-005029,ミヤマタネツケバナ,,アブラナ科,ミヤマタネツケバナ
normalized_data/hostplants.csv,4922,hostplant-005030,イヌガラシ,,アブラナ科,イヌガラシ
normalized_data/hostplants.csv,4923,hostplant-005031,ジャニンジン,,アブラナ科,ジャニンジン
normalized_data/hostplants.csv,4924,hostplant-005032,シコクハタザオ,,アブラナ科,シコクハタザオ
normalized_data/hostplants.csv,4925,hostplant-005033,ミズナ,,アブラナ科,ミズナ
normalized_data/hostplants.csv,4928,hostplant-005036,イヌナズナ,,アブラナ科,イヌナズナ
normalized_data/hostplants.csv,4929,hostplant-005037,スカシタゴボウ,,アブラナ科,スカシタゴボウ
normalized_data/hostplants.csv,4930,hostplant-005038,ハナダイコン,,アブラナ科,ショカツサイ
normalized_data/hostplants.csv,4931,hostplant-005039,ミヤガラシ,,アブラナ科,ミヤガラシ
normalized_data/hostplants.csv,4933,hostplant-005041,ハボタン,,アブラナ科,ハボタン
normalized_data/hostplants.csv,4934,hostplant-005042,カブ,,アブラナ科,カブ
normalized_data/hostplants.csv,4936,hostplant-005044,ブロッコリー,,アブラナ科,ブロッコリー
normalized_data/hostplants.csv,4937,hostplant-005045,チンゲンサイ,,アブラナ科,タイサイ
normalized_data/hostplants.csv,4939,hostplant-005047,セイヨウアブラナ,,アブラナ科,セイヨウアブラナ
normalized_data/hostplants.csv,4940,hostplant-005048,カラシナ,,アブラナ科,カラシナ
normalized_data/hostplants.csv,4941,hostplant-005049,カキネガラシ,,アブラナ科,カキネガラシ
normalized_data/hostplants.csv,4942,hostplant-005050,セイヨウカラシナ,,アブラナ科,カラシナ
normalized_data/hostplants.csv,4944,hostplant-005052,オオバタネツケバナ,,アブラナ科,オオバタネツケバナ
normalized_data/hostplants.csv,4946,hostplant-005054,イワハタザオ,,アブラナ科,イワハタザオ
normalized_data/hostplants.csv,4947,hostplant-005055,ミヤマハタザオ,,アブラナ科,ミヤマハタザオ
normalized_data/hostplants.csv,4948,hostplant-005056,キバナハタザオ,,アブラナ科,キバナハタザオ
normalized_data/hostplants.csv,4949,hostplant-005057,イブキハタザオ,,アブラナ科,イブキハタザオ
normalized_data/hostplants.csv,4951,hostplant-005059,ヒロハコンロンソウ,,アブラナ科,ヒロハコンロンソウ
normalized_data/hostplants.csv,4952,hostplant-005060,ヤマガラシ,,アブラナ科,ヤマガラシ
normalized_data/hostplants.csv,4953,hostplant-005061,ミヤマタネツケバナ,,アブラナ科,ミヤマタネツケバナ
normalized_data/hostplants.csv,4955,hostplant-005063,ギョボク,フウチョウソウ科,フウチョウボク科,ギョボク
normalized_data/hostplants.csv,4959,hostplant-005067,ギョボク,フウチョウソウ科,フウチョウボク科,ギョボク
normalized_data/hostplants.csv,4960,hostplant-005068,ギョボク,フウチョウソウ科,フウチョウボク科,ギョボク
normalized_data/hostplants.csv,4966,hostplant-005074,カリフラワー,,アブラナ科,カリフラワー
normalized_data/hostplants.csv,4967,hostplant-005075,ブロッコリー,,アブラナ科,ブロッコリー
normalized_data/hostplants.csv,4972,hostplant-005080,ワサビダイコン,,アブラナ科,セイヨウワサビ
normalized_data/hostplants.csv,4973,hostplant-005081,ハボタン,,アブラナ科,ハボタン
normalized_data/hostplants.csv,4974,hostplant-005082,キレハイヌガラシ,,アブラナ科,キレハイヌガラシ
normalized_data/hostplants.csv,4976,hostplant-005084,カキネガラシ,,アブラナ科,カキネガラシ
normalized_data/hostplants.csv,4981,hostplant-005090,ギョボク,フウチョウソウ科,フウチョウボク科,ギョボク
normalized_data/hostplants.csv,4983,hostplant-005093,マメグンバイナズナ,,アブラナ科,マメグンバイナズナ
normalized_data/hostplants.csv,4984,hostplant-005094,イヌガラシ,,アブラナ科,イヌガラシ
normalized_data/hostplants.csv,4985,hostplant-005095,ハナナズナ,,アブラナ科,ハナナズナ
normalized_data/hostplants.csv,4988,hostplant-005098,タチタネツケバナ,,アブラナ科,タチタネツケバナ
normalized_data/hostplants.csv,4989,hostplant-005099,オオバタネツケバナ,,アブラナ科,オオバタネツケバナ
normalized_data/hostplants.csv,4990,hostplant-005100,ハマハタザオ,,アブラナ科,ハマハタザオ
normalized_data/hostplants.csv,4996,hostplant-005107,クレソン,,アブラナ科,オランダガラシ
normalized_data/hostplants.csv,4998,hostplant-005109,ミヤマハタザオ,,アブラナ科,ミヤマハタザオ
normalized_data/hostplants.csv,4999,hostplant-005110,キレハイヌガラシ,,アブラナ科,キレハイヌガラシ
normalized_data/hostplants.csv,5000,hostplant-005111,エゾワサビ,,アブラナ科,エゾワサビ
normalized_data/hostplants.csv,5001,hostplant-005112,オランダガラシ,,アブラナ科,オランダガラシ
normalized_data/hostplants.csv,5002,hostplant-005113,カキネガラシ,,アブラナ科,カキネガラシ
normalized_data/hostplants.csv,5003,hostplant-005114,ワサビダイコン,,アブラナ科,セイヨウワサビ
normalized_data/hostplants.csv,5005,hostplant-005116,イヌガラシ,,アブラナ科,イヌガラシ
normalized_data/hostplants.csv,5006,hostplant-005117,ミヤマタネツケバナ,,アブラナ科,ミヤマタネツケバナ
normalized_data/hostplants.csv,5008,hostplant-005119,ハクサンハタザオ,,アブラナ科,ハクサンハタザオ
normalized_data/hostplants.csv,5010,hostplant-005121,ミヤマハタザオ,,アブラナ科,ミヤマハタザオ
normalized_data/hostplants.csv,5011,hostplant-005122,シコクハタザオ,,アブラナ科,シコクハタザオ
normalized_data/hostplants.csv,5012,hostplant-005123,クレソン,,アブラナ科,オランダガラシ
normalized_data/hostplants.csv,5013,hostplant-005124,イヌガラシ,,アブラナ科,イヌガラシ
normalized_data/hostplants.csv,5017,hostplant-005128,エゾハタザオ,,アブラナ科,エゾハタザオ
normalized_data/hostplants.csv,5018,hostplant-005129,ジャニンジン,,アブラナ科,ジャニンジン
normalized_data/hostplants.csv,5019,hostplant-005130,オオバタネツケバナ,,アブラナ科,オオバタネツケバナ
normalized_data/hostplants.csv,5020,hostplant-005131,ニシノオオタネツケバナ,,アブラナ科,オオケタネツケバナ
normalized_data/hostplants.csv,5022,hostplant-005133,ミヤマタネツケバナ,,アブラナ科,ミヤマタネツケバナ
normalized_data/hostplants.csv,5023,hostplant-005134,エゾワサビ,,アブラナ科,エゾワサビ
normalized_data/hostplants.csv,5024,hostplant-005135,キレハイヌガラシ,,アブラナ科,キレハイヌガラシ
normalized_data/hostplants.csv,5025,hostplant-005136,ハルザキヤマガラシ,,アブラナ科,ハルザキヤマガラシ
normalized_data/hostplants.csv,5026,hostplant-005137,ルナリア,,アブラナ科,ゴウダソウ
normalized_data/hostplants.csv,5029,hostplant-005141,エビスグサ,,マメ科,エビスグサ
normalized_data/hostplants.csv,5032,hostplant-005144,ハスノミカズラ,,マメ科,ハスノミカズラ
normalized_data/hostplants.csv,5036,hostplant-005148,ハネセンナ,,マメ科,ハネセンナ
normalized_data/hostplants.csv,5039,hostplant-005151,シイノキカズラ,,マメ科,シイノキカズラ
normalized_data/hostplants.csv,5041,hostplant-005153,ハマセンナ,,マメ科,ハマセンナ
normalized_data/hostplants.csv,5043,hostplant-005155,アメリカツノクサネム,,マメ科,アメリカツノクサネム
normalized_data/hostplants.csv,5048,hostplant-005160,ギンゴウカン,,マメ科,ギンゴウカン
normalized_data/hostplants.csv,5051,hostplant-005163,ビルマネム,,マメ科,ビルマネム
normalized_data/hostplants.csv,5057,hostplant-005169,ミヤギノハギ,,マメ科,ミヤギノハギ
normalized_data/hostplants.csv,5059,hostplant-005171,キハギ,,マメ科,キハギ
normalized_data/hostplants.csv,5060,hostplant-005172,マキエハギ,,マメ科,マキエハギ
normalized_data/hostplants.csv,5064,hostplant-005176,フサアカシア,,マメ科,フサアカシア
normalized_data/hostplants.csv,5065,hostplant-005177,ジャケツイバラ,,マメ科,ジャケツイバラ
normalized_data/hostplants.csv,5066,hostplant-005178,ハリエンジュ,,マメ科,ハリエンジュ
normalized_data/hostplants.csv,5067,hostplant-005179,ギンヨウアカシア,,マメ科,ギンヨウアカシア
normalized_data/hostplants.csv,5068,hostplant-005180,モリシマアカシア,,マメ科,モリシマアカシア
normalized_data/hostplants.csv,5070,hostplant-005182,エビスグサ,,マメ科,エビスグサ
normalized_data/hostplants.csv,5072,hostplant-005184,マルバヤハズソウ,,マメ科,マルバヤハズソウ
normalized_data/hostplants.csv,5075,hostplant-005187,ウマゴヤシ,,マメ科,ウマゴヤシ
normalized_data/hostplants.csv,5076,hostplant-005188,クサネム,,マメ科,クサネム
normalized_data/hostplants.csv,5079,hostplant-005191,クロイゲ,,クロウメモドキ科,クロイゲ
normalized_data/hostplants.csv,5080,hostplant-005192,ヒメクマヤナギ,,クロウメモドキ科,ヒメクマヤナギ
normalized_data/hostplants.csv,5082,hostplant-005194,ヒロハヘビノボラズ,,メギ科,ヒロハヘビノボラズ
normalized_data/hostplants.csv,5085,hostplant-005197,ボケ,,バラ科,ボケ
normalized_data/hostplants.csv,5086,hostplant-005198,サンザシ,,バラ科,サンザシ
normalized_data/hostplants.csv,5093,hostplant-005205,セイヨウナシ,,バラ科,セイヨウナシ
normalized_data/hostplants.csv,5094,hostplant-005206,ベニシタン,,バラ科,ベニシタン
normalized_data/hostplants.csv,5099,hostplant-005212,エゾクロウメモドキ,,クロウメモドキ科,エゾノクロウメモドキ
normalized_data/hostplants.csv,5100,hostplant-005214,クロカンバ,,クロウメモドキ科,クロカンバ
normalized_data/hostplants.csv,5102,hostplant-005216,クロウスゴ,,ツツジ科,クロウスゴ
normalized_data/hostplants.csv,5105,hostplant-005219,ウマゴヤシ,,マメ科,ウマゴヤシ
normalized_data/hostplants.csv,5106,hostplant-005220,ムラサキウマゴヤシ,,マメ科,ムラサキウマゴヤシ
normalized_data/hostplants.csv,5109,hostplant-005223,シロバナシナガワハギ,,マメ科,シロバナシナガワハギ
normalized_data/hostplants.csv,5110,hostplant-005224,ハウチワマメ,,マメ科,ハウチワマメ
normalized_data/hostplants.csv,5111,hostplant-005225,タイツリオウギ,,マメ科,タイツリオウギ
normalized_data/hostplants.csv,5112,hostplant-005226,リシリオウギ,,マメ科,リシリオウギ
normalized_data/hostplants.csv,5113,hostplant-005227,シロツメクサ,,マメ科,シロツメクサ
normalized_data/hostplants.csv,5115,hostplant-005229,スズメノエンドウ,,マメ科,スズメノエンドウ
normalized_data/hostplants.csv,5117,hostplant-005231,ゲンゲ,,マメ科,ゲンゲ
normalized_data/hostplants.csv,5119,hostplant-005233,イワオウギ,,マメ科,イワオウギ
normalized_data/hostplants.csv,5121,hostplant-005235,セイヨウミヤコグサ,,マメ科,セイヨウミヤコグサ
normalized_data/hostplants.csv,5122,hostplant-005236,ハリエンジュ,,マメ科,ハリエンジュ
normalized_data/hostplants.csv,5123,hostplant-005237,シャジクソウ,,マメ科,シャジクソウ
normalized_data/hostplants.csv,5125,hostplant-005239,タチオランダゲンゲ,,マメ科,タチオランダゲンゲ
normalized_data/hostplants.csv,5126,hostplant-005240,コメツブウマゴヤシ,,マメ科,コメツブウマゴヤシ
normalized_data/hostplants.csv,5131,hostplant-005245,ハネセンナ,,マメ科,ハネセンナ
normalized_data/hostplants.csv,5133,hostplant-005247,エビスグサ,,マメ科,エビスグサ
normalized_data/hostplants.csv,5134,hostplant-005248,ハネセンナ,,マメ科,ハネセンナ
normalized_data/hostplants.csv,5138,hostplant-005252,ハネセンナ,,マメ科,ハネセンナ
normalized_data/hostplants.csv,5139,hostplant-005253,フタホセンナ,,マメ科,フタホセンナ
normalized_data/hostplants.csv,5141,hostplant-005255,ナツフジ,,マメ科,ナツフジ
normalized_data/hostplants.csv,5146,hostplant-005260,ジャケツイバラ,,マメ科,ジャケツイバラ
normalized_data/hostplants.csv,5147,hostplant-005261,ハマエンジュ,,マメ科,ハマセンナ
normalized_data/hostplants.csv,5148,hostplant-005262,ツクシハギ,,マメ科,ツクシハギ
normalized_data/hostplants.csv,5149,hostplant-005263,ミヤギノハギ,,マメ科,ミヤギノハギ
normalized_data/hostplants.csv,5151,hostplant-005265,タイワンクズ,,マメ科,タイワンクズ
normalized_data/hostplants.csv,5153,hostplant-005267,タカナタマメ,,マメ科,タカナタマメ
normalized_data/hostplants.csv,5171,hostplant-005287,ツクバネガシ,,ブナ科,ツクバネガシ
normalized_data/hostplants.csv,5177,hostplant-005293,オキナワウラジロガシ,,ブナ科,オキナワウラジロガシ
normalized_data/hostplants.csv,5179,hostplant-005295,アマミアラカシ,,ブナ科,アマミアラカシ
normalized_data/hostplants.csv,5183,hostplant-005299,アマミアラカシ,,ブナ科,アマミアラカシ
normalized_data/hostplants.csv,5187,hostplant-005303,サイゴクイボタ,,モクセイ科,サイゴクイボタ
normalized_data/hostplants.csv,5189,hostplant-005305,セイヨウイボタ,,モクセイ科,ヨウシュイボタ
normalized_data/hostplants.csv,5196,hostplant-005312,ホソバアオダモ,,モクセイ科,マルバアオダモ
normalized_data/hostplants.csv,5198,hostplant-005314,シオジ,,モクセイ科,シオジ
normalized_data/hostplants.csv,5199,hostplant-005315,ミヤマアオダモ,,モクセイ科,ミヤマアオダモ
normalized_data/hostplants.csv,5209,hostplant-005325,ホソバガシワ,,ブナ科,ホソバガシワ
normalized_data/hostplants.csv,5231,hostplant-005347,ヒメグルミ,,クルミ科,ヒメグルミ
normalized_data/hostplants.csv,5242,hostplant-005358,アテツマンサク,,マンサク科,アテツマンサク
normalized_data/hostplants.csv,5243,hostplant-005359,オオバマンサク,,マンサク科,オオバマンサク
normalized_data/hostplants.csv,5258,hostplant-005374,ツクバネガシ,,ブナ科,ツクバネガシ
normalized_data/hostplants.csv,5267,hostplant-005383,ツクバネガシ,,ブナ科,ツクバネガシ
normalized_data/hostplants.csv,5282,hostplant-005398,ヤハズハンノキ,,カバノキ科,ヤハズハンノキ
normalized_data/hostplants.csv,5284,hostplant-005400,サクラバハンノキ,,カバノキ科,サクラバハンノキ
normalized_data/hostplants.csv,5285,hostplant-005401,カワラハンノキ,,カバノキ科,カワラハンノキ
normalized_data/hostplants.csv,5286,hostplant-005402,コバノヤマハンノキ,,カバノキ科,タニガワハンノキ
normalized_data/hostplants.csv,5299,hostplant-005415,オクチョウジザクラ,,バラ科,オクチョウジザクラ
normalized_data/hostplants.csv,5300,hostplant-005416,エゾヤマザクラ,,バラ科,オオヤマザクラ
normalized_data/hostplants.csv,5303,hostplant-005419,ミネザクラ,,バラ科,タカネザクラ
normalized_data/hostplants.csv,5304,hostplant-005420,チシマザクラ,,バラ科,チシマザクラ
normalized_data/hostplants.csv,5306,hostplant-005422,チョウジザクラ,,バラ科,チョウジザクラ
normalized_data/hostplants.csv,5309,hostplant-005425,エドヒガン,,バラ科,エドヒガン
normalized_data/hostplants.csv,5316,hostplant-005432,ツクバネガシ,,ブナ科,ツクバネガシ
normalized_data/hostplants.csv,5323,hostplant-005439,ツクバネガシ,,ブナ科,ツクバネガシ
normalized_data/hostplants.csv,5328,hostplant-005444,コブニレ,,ニレ科,コブニレ
normalized_data/hostplants.csv,5337,hostplant-005454,エゾクロウメモドキ,,クロウメモドキ科,エゾノクロウメモドキ
normalized_data/hostplants.csv,5339,hostplant-005456,クロカンバ,,クロウメモドキ科,クロカンバ
normalized_data/hostplants.csv,5342,hostplant-005459,エゾクロウメモドキ,,クロウメモドキ科,エゾノクロウメモドキ
normalized_data/hostplants.csv,5343,hostplant-005460,タイシャククロウメモドキ,,クロウメモドキ科,タイシャククロウメモドキ
normalized_data/hostplants.csv,5349,hostplant-005466,ガマズミ,スイカズラ科,ガマズミ科,ガマズミ
normalized_data/hostplants.csv,5355,hostplant-005472,エゾムラサキツツジ,,ツツジ科,エゾムラサキツツジ
normalized_data/hostplants.csv,5362,hostplant-005479,シロバナシャクナゲ,,ツツジ科,ハクサンシャクナゲ
normalized_data/hostplants.csv,5365,hostplant-005482,コヨウラクツツジ,,ツツジ科,コヨウラクツツジ
normalized_data/hostplants.csv,5366,hostplant-005483,ボケ,,バラ科,ボケ
normalized_data/hostplants.csv,5370,hostplant-005487,コアジサイ,,アジサイ科,コアジサイ
normalized_data/hostplants.csv,5371,hostplant-005488,ホザキシモツケ,,バラ科,ホザキシモツケ
normalized_data/hostplants.csv,5372,hostplant-005489,エゾノシロバナシモツケ,,バラ科,エゾノシロバナシモツケ
normalized_data/hostplants.csv,5373,hostplant-005490,ウワミズザクラ,,バラ科,ウワミズザクラ
normalized_data/hostplants.csv,5374,hostplant-005491,ユキヤナギ,,バラ科,ユキヤナギ
normalized_data/hostplants.csv,5376,hostplant-005494,ウツギ,ユキノシタ科,アジサイ科,ウツギ
normalized_data/hostplants.csv,5382,hostplant-005500,トチノキ,トチノキ科,ムクロジ科,トチノキ
normalized_data/hostplants.csv,5389,hostplant-005507,ヤブデマリ,スイカズラ科,ガマズミ科,ヤブデマリ
normalized_data/hostplants.csv,5393,hostplant-005511,ミヤギノハギ,,マメ科,ミヤギノハギ
normalized_data/hostplants.csv,5394,hostplant-005512,ハリエンジュ,,マメ科,ハリエンジュ
normalized_data/hostplants.csv,5396,hostplant-005514,イヌエンジュ,,マメ科,イヌエンジュ
normalized_data/hostplants.csv,5397,hostplant-005515,シロツメクサ,,マメ科,シロツメクサ
normalized_data/hostplants.csv,5399,hostplant-005517,ヒメウツギ,,アジサイ科,ヒメウツギ
normalized_data/hostplants.csv,5406,hostplant-005526,エゾノギシギシ,,タデ科,エゾノギシギシ
normalized_data/hostplants.csv,5407,hostplant-005527,ノダイオウ,,タデ科,ノダイオウ
normalized_data/hostplants.csv,5408,hostplant-005528,クヌギ,アブラムシやキジラミが寄生する植物（ブナ科,ブナ科,クヌギ
normalized_data/hostplants.csv,5415,hostplant-005535,シロツメクサ,,マメ科,シロツメクサ
normalized_data/hostplants.csv,5416,hostplant-005536,ウマゴヤシ,,マメ科,ウマゴヤシ
normalized_data/hostplants.csv,5417,hostplant-005537,マルバダケハギ,,マメ科,ササハギ
normalized_data/hostplants.csv,5420,hostplant-005540,コメツブウマゴヤシ,,マメ科,コメツブウマゴヤシ
normalized_data/hostplants.csv,5421,hostplant-005541,コウマゴヤシ,,マメ科,コウマゴヤシ
normalized_data/hostplants.csv,5424,hostplant-005544,ハマササゲ,,マメ科,ハマアズキ
normalized_data/hostplants.csv,5425,hostplant-005545,ハイマキエハギ,,マメ科,ハイマキエハギ
normalized_data/hostplants.csv,5426,hostplant-005546,タチシバハギ,,マメ科,タチシバハギ
normalized_data/hostplants.csv,5428,hostplant-005548,ホナガイヌビユ,,ヒユ科,ホナガイヌビユ
normalized_data/hostplants.csv,5429,hostplant-005549,ハリビユ,,ヒユ科,ハリビユ
normalized_data/hostplants.csv,5430,hostplant-005550,アカザ,アカザ科,ヒユ科,アカザ
normalized_data/hostplants.csv,5433,hostplant-005553,エゾタチカタバミ,,カタバミ科,エゾタチカタバミ
normalized_data/hostplants.csv,5434,hostplant-005554,ウスアカカタバミ,,カタバミ科,ウスアカカタバミ
normalized_data/hostplants.csv,5436,hostplant-005556,オッタチカタバミ,,カタバミ科,オッタチカタバミ
normalized_data/hostplants.csv,5439,hostplant-005559,タチシバハギ,,マメ科,タチシバハギ
normalized_data/hostplants.csv,5441,hostplant-005561,カナムグラ,クワ科,アサ科,カナムグラ
normalized_data/hostplants.csv,5442,hostplant-005562,エゾヤマハギ,,マメ科,ヤマハギ
normalized_data/hostplants.csv,5444,hostplant-005564,ミヤギノハギ,,マメ科,ミヤギノハギ
normalized_data/hostplants.csv,5447,hostplant-005567,オオバクサフジ,,マメ科,オオバクサフジ
normalized_data/hostplants.csv,5449,hostplant-005569,シロツメクサ,,マメ科,シロツメクサ
normalized_data/hostplants.csv,5450,hostplant-005570,アカツメクサ,,マメ科,ムラサキツメクサ
normalized_data/hostplants.csv,5452,hostplant-005572,シャジクソウ,,マメ科,シャジクソウ
normalized_data/hostplants.csv,5457,hostplant-005577,イタチササゲ,,マメ科,イタチササゲ
normalized_data/hostplants.csv,5459,hostplant-005579,ウマゴヤシ,,マメ科,ウマゴヤシ
normalized_data/hostplants.csv,5460,hostplant-005580,コメツブウマゴヤシ,,マメ科,コメツブウマゴヤシ
normalized_data/hostplants.csv,5462,hostplant-005582,ゲンゲ,,マメ科,ゲンゲ
normalized_data/hostplants.csv,5472,hostplant-005592,アレチヌスビトハギ,,マメ科,アレチヌスビトハギ
normalized_data/hostplants.csv,5474,hostplant-005594,レブンソウ,,マメ科,レブンソウ
normalized_data/hostplants.csv,5476,hostplant-005597,タイトゴメ,,ベンケイソウ科,タイトゴメ
normalized_data/hostplants.csv,5477,hostplant-005598,ゲンカイイワレンゲ,,ベンケイソウ科,ゲンカイイワレンゲ
normalized_data/hostplants.csv,5478,hostplant-005599,アオノイワレンゲ,,ベンケイソウ科,アオノイワレンゲ
normalized_data/hostplants.csv,5479,hostplant-005600,イワレンゲ,,ベンケイソウ科,イワレンゲ
normalized_data/hostplants.csv,5480,hostplant-005601,コモチレンゲ,,ベンケイソウ科,コモチレンゲ
normalized_data/hostplants.csv,5481,hostplant-005602,ヒメレンゲ,,ベンケイソウ科,ヒメレンゲ
normalized_data/hostplants.csv,5482,hostplant-005603,ツルマンネングサ,,ベンケイソウ科,ツルマンネングサ
normalized_data/hostplants.csv,5483,hostplant-005604,オノマンネングサ,,ベンケイソウ科,オノマンネングサ
normalized_data/hostplants.csv,5484,hostplant-005605,メノマンネングサ,,ベンケイソウ科,メノマンネングサ
normalized_data/hostplants.csv,5486,hostplant-005607,ナガサキマンネングサ,,ベンケイソウ科,ナガサキマンネングサ
normalized_data/hostplants.csv,5489,hostplant-005610,チャボツメレンゲ,,ベンケイソウ科,チャボツメレンゲ
normalized_data/hostplants.csv,5490,hostplant-005611,チチッパベンケイソウ,,ベンケイソウ科,チチッパベンケイ
normalized_data/hostplants.csv,5491,hostplant-005612,タカネマンネングサ,,ベンケイソウ科,タカネマンネングサ
normalized_data/hostplants.csv,5494,hostplant-005615,マルバヌスビトハギ,,マメ科,マルバヌスビトハギ
normalized_data/hostplants.csv,5495,hostplant-005616,フジカンゾウ,,マメ科,フジカンゾウ
normalized_data/hostplants.csv,5496,hostplant-005617,オオバヌスビトハギ,,マメ科,オオバヌスビトハギ
normalized_data/hostplants.csv,5498,hostplant-005619,トキワヤブハギ,,マメ科,トキワヤブハギ
normalized_data/hostplants.csv,5499,hostplant-005620,リュウキュウヌスビトハギ,,マメ科,リュウキュウヌスビトハギ
normalized_data/hostplants.csv,5503,hostplant-005624,ヒイラギズイナ,ユキノシタ科,ズイナ科,ヒイラギズイナ
normalized_data/hostplants.csv,5504,hostplant-005625,ウラジロアカメガシワ,,トウダイグサ科,ウラジロアカメガシワ
normalized_data/hostplants.csv,5505,hostplant-005626,クスノハガシワ,,トウダイグサ科,クスノハガシワ
normalized_data/hostplants.csv,5561,hostplant-005683,ヒラミカンコノキ,トウダイグサ科,コミカンソウ科,ヒラミカンコノキ
normalized_data/hostplants.csv,5562,hostplant-005684,カラコギカエデ,カエデ科,ムクロジ科,カラコギカエデ
normalized_data/hostplants.csv,5564,hostplant-005686,トチノキ,トチノキ科,ムクロジ科,トチノキ
normalized_data/hostplants.csv,5566,hostplant-005688,シマグワ,,クワ科,ヤマグワ
normalized_data/hostplants.csv,5567,hostplant-005689,オオバシマムラサキ,クマツヅラ科,シソ科,オオバシマムラサキ
normalized_data/hostplants.csv,5569,hostplant-005691,トチノキ,トチノキ科,ムクロジ科,トチノキ
normalized_data/hostplants.csv,5578,hostplant-005700,ソラマメ,,マメ科,ソラマメ
normalized_data/hostplants.csv,5582,hostplant-005704,ノボリフジ,,マメ科,キバナハウチワマメ
normalized_data/hostplants.csv,5585,hostplant-005707,タイワンクズ,,マメ科,タイワンクズ
normalized_data/hostplants.csv,5589,hostplant-005711,ムレスズメ,,マメ科,ムレスズメ
normalized_data/hostplants.csv,5590,hostplant-005712,シロバナハギ,,マメ科,シラハギ
normalized_data/hostplants.csv,5592,hostplant-005714,ミヤマハギ,,マメ科,マルバハギ
normalized_data/hostplants.csv,5594,hostplant-005716,ノササゲ,,マメ科,ノササゲ
normalized_data/hostplants.csv,5595,hostplant-005717,ハマササゲ,,マメ科,ハマアズキ
normalized_data/hostplants.csv,5597,hostplant-005719,ヤブツルアズキ,,マメ科,ヤブツルアズキ
normalized_data/hostplants.csv,5598,hostplant-005720,オオヤブツルアズキ,,マメ科,オオヤブツルアズキ
normalized_data/hostplants.csv,5600,hostplant-005722,シカクマメ,,マメ科,シカクマメ
normalized_data/hostplants.csv,5603,hostplant-005725,ハマナタマメ,,マメ科,ハマナタマメ
normalized_data/hostplants.csv,5605,hostplant-005727,アフリカタヌキマメ,,マメ科,アフリカタヌキマメ
normalized_data/hostplants.csv,5607,hostplant-005730,アカギ,トウダイグサ科,コミカンソウ科,アカギ
normalized_data/hostplants.csv,5608,hostplant-005731,ヒイラギズイナ,ユキノシタ科,ズイナ科,ヒイラギズイナ
normalized_data/hostplants.csv,5609,hostplant-005732,ヒメモダマ,,マメ科,ヒメモダマ
normalized_data/hostplants.csv,5610,hostplant-005733,コウシュンモダマ,,マメ科,ヒメモダマ
normalized_data/hostplants.csv,5615,hostplant-005739,モクタチバナ,ヤブコウジ科,サクラソウ科,モクタチバナ
normalized_data/hostplants.csv,5618,hostplant-005742,タイミンタチバナ,,サクラソウ科,タイミンタチバナ
normalized_data/hostplants.csv,5619,hostplant-005743,シマイズセンリョウ,,サクラソウ科,シマイズセンリョウ
normalized_data/hostplants.csv,5621,hostplant-005746,シイノキカズラ,,マメ科,シイノキカズラ
normalized_data/hostplants.csv,5622,hostplant-005747,タイワンクズ,,マメ科,タイワンクズ
normalized_data/hostplants.csv,5623,hostplant-005748,タカナタマメ,,マメ科,タカナタマメ
normalized_data/hostplants.csv,5624,hostplant-005749,ハマナタマメ,,マメ科,ハマナタマメ
normalized_data/hostplants.csv,5625,hostplant-005750,クロタラリア,,マメ科,サンヘンプ
normalized_data/hostplants.csv,5627,hostplant-005752,クロバナツルアズキ,,マメ科,クロバナツルアズキ
normalized_data/hostplants.csv,5628,hostplant-005753,ナンバンアカバナアズキ,,マメ科,ナンバンアカバナアズキ
normalized_data/hostplants.csv,5629,hostplant-005754,シカクマメ,,マメ科,シカクマメ
normalized_data/hostplants.csv,5631,hostplant-005756,ハマササゲ,,マメ科,ハマアズキ
normalized_data/hostplants.csv,5632,hostplant-005757,デリス,,マメ科,デリス
normalized_data/hostplants.csv,5634,hostplant-005759,クマタケラン,,ショウガ科,クマタケラン
normalized_data/hostplants.csv,5635,hostplant-005760,シュクシャ,,ショウガ科,ハナシュクシャ
normalized_data/hostplants.csv,5636,hostplant-005761,ハナシュクシャ,,ショウガ科,ハナシュクシャ
normalized_data/hostplants.csv,5639,hostplant-005764,ハスノミカズラ,,マメ科,ハスノミカズラ
normalized_data/hostplants.csv,5640,hostplant-005765,クロバナツルアズキ,,マメ科,クロバナツルアズキ
normalized_data/hostplants.csv,5643,hostplant-005768,ヤエヤマタヌキマメ,,マメ科,ヤエヤマタヌキマメ
normalized_data/hostplants.csv,5644,hostplant-005769,コバノツルアズキ,,マメ科,ヒナアズキ
normalized_data/hostplants.csv,5645,hostplant-005770,オオヤブツルアズキ,,マメ科,オオヤブツルアズキ
normalized_data/hostplants.csv,5646,hostplant-005771,ケツルアズキ,,マメ科,ケツルアズキ
normalized_data/hostplants.csv,5648,hostplant-005773,ハマササゲ,,マメ科,ハマアズキ
normalized_data/hostplants.csv,5651,hostplant-005776,ノササゲ,,マメ科,ノササゲ
normalized_data/hostplants.csv,5653,hostplant-005778,ヤエナリ,,マメ科,ヤエナリ
normalized_data/hostplants.csv,5655,hostplant-005780,タイワンクズ,,マメ科,タイワンクズ
normalized_data/hostplants.csv,5657,hostplant-005782,ハマナタマメ,,マメ科,ハマナタマメ
normalized_data/hostplants.csv,5658,hostplant-005783,ツルマメ,,マメ科,ツルマメ
normalized_data/hostplants.csv,5663,hostplant-005788,タイアザミ,,キク科,タイアザミ
normalized_data/hostplants.csv,5664,hostplant-005789,ミヤコアザミ,,キク科,ミヤコアザミ
normalized_data/hostplants.csv,5665,hostplant-005790,エゾヨモギ,,キク科,オオヨモギ
normalized_data/hostplants.csv,5667,hostplant-005792,ヤマヨモギ,,キク科,オオヨモギ
normalized_data/hostplants.csv,5668,hostplant-005793,ヤマハハコ,,キク科,ヤマハハコ
normalized_data/hostplants.csv,5669,hostplant-005794,ヒメジョオン,,キク科,ヒメジョオン
normalized_data/hostplants.csv,5682,hostplant-005807,ヨツバハギ,,マメ科,ヨツバハギ
normalized_data/hostplants.csv,5685,hostplant-005810,シロウマオウギ,,マメ科,シロウマオウギ
normalized_data/hostplants.csv,5686,hostplant-005811,タイツリオウギ,,マメ科,タイツリオウギ
normalized_data/hostplants.csv,5687,hostplant-005812,イワオウギ,,マメ科,イワオウギ
normalized_data/hostplants.csv,5688,hostplant-005813,モメンヅル,,マメ科,モメンヅル
normalized_data/hostplants.csv,5689,hostplant-005814,オオバクサフジ,,マメ科,オオバクサフジ
normalized_data/hostplants.csv,5691,hostplant-005816,タイツリオウギ,,マメ科,タイツリオウギ
normalized_data/hostplants.csv,5692,hostplant-005817,イワオウギ,,マメ科,イワオウギ
normalized_data/hostplants.csv,5694,hostplant-005819,ホソバノキリンソウ,,ベンケイソウ科,ホソバノキリンソウ
normalized_data/hostplants.csv,5695,hostplant-005820,ホソバイワベンケイ,,ベンケイソウ科,ホソバイワベンケイ
normalized_data/hostplants.csv,5696,hostplant-005821,イワベンケイ,,ベンケイソウ科,イワベンケイ
normalized_data/hostplants.csv,5697,hostplant-005822,イワレンゲ,,ベンケイソウ科,イワレンゲ
normalized_data/hostplants.csv,5698,hostplant-005823,アオノイワレンゲ,,ベンケイソウ科,アオノイワレンゲ
normalized_data/hostplants.csv,5699,hostplant-005824,ツルマンネングサ,,ベンケイソウ科,ツルマンネングサ
normalized_data/hostplants.csv,5700,hostplant-005825,ガンコウラン,ガンコウラン科,ツツジ科,ガンコウラン
normalized_data/hostplants.csv,5703,hostplant-005828,ツルコケモモ,,ツツジ科,ツルコケモモ
normalized_data/hostplants.csv,5708,hostplant-005833,オオバクサフジ,,マメ科,オオバクサフジ
normalized_data/hostplants.csv,5709,hostplant-005834,ヒロハクサフジ,,マメ科,ヒロハクサフジ
normalized_data/hostplants.csv,5713,hostplant-005838,ナガボノシロワレモコウ,,バラ科,ナガボノワレモコウ
normalized_data/hostplants.csv,5714,hostplant-005839,ナガボノアカワレモコウ,,バラ科,ナガボノワレモコウ
normalized_data/hostplants.csv,5715,hostplant-005840,カライトソウ,,バラ科,カライトソウ
normalized_data/hostplants.csv,5716,hostplant-005841,エノキ,ニレ科,アサ科,エノキ
normalized_data/hostplants.csv,5717,hostplant-005842,エゾエノキ,,アサ科,エゾエノキ
normalized_data/hostplants.csv,5719,hostplant-005844,コウトウエノキ,ニレ科,アサ科,コウトウエノキ
normalized_data/hostplants.csv,5720,hostplant-005845,クガイソウ,ゴマノハグサ科,オオバコ科,クガイソウ
normalized_data/hostplants.csv,5723,hostplant-005848,ミズギボウシ,ユリ科,クサスギカズラ科,ミズギボウシ
normalized_data/hostplants.csv,5724,hostplant-005849,ヒメトラノオ,,オオバコ科,ヒメトラノオ
normalized_data/hostplants.csv,5725,hostplant-005850,ママコナ,,ハマウツボ科,ママコナ
normalized_data/hostplants.csv,5726,hostplant-005851,ヒキヨモギ,,ハマウツボ科,ヒキヨモギ
normalized_data/hostplants.csv,5727,hostplant-005852,オオイヌノフグリ,,オオバコ科,オオイヌノフグリ
normalized_data/hostplants.csv,5728,hostplant-005853,シオガマギク,,ハマウツボ科,シオガマギク
normalized_data/hostplants.csv,5729,hostplant-005854,ミヤマクワガタ,,オオバコ科,ミヤマクワガタ
normalized_data/hostplants.csv,5730,hostplant-005855,キクバクワガタ,,オオバコ科,キクバクワガタ
normalized_data/hostplants.csv,5731,hostplant-005856,シラゲキクバクワガタ,,オオバコ科,シラゲキクバクワガタ
normalized_data/hostplants.csv,5732,hostplant-005857,エゾミヤマトラノオ,,オオバコ科,エゾミヤマクワガタ
normalized_data/hostplants.csv,5733,hostplant-005858,アポイクワガタ,,オオバコ科,アポイクワガタ
normalized_data/hostplants.csv,5735,hostplant-005860,シナノヒメクワガタ,,オオバコ科,シナノヒメクワガタ
normalized_data/hostplants.csv,5736,hostplant-005861,エゾヨモギ,,キク科,オオヨモギ
normalized_data/hostplants.csv,5737,hostplant-005862,タイアザミ,,キク科,タイアザミ
normalized_data/hostplants.csv,5739,hostplant-005864,ヒロハヤマヨモギ,,キク科,ヒロハヤマヨモギ
normalized_data/hostplants.csv,5742,hostplant-005868,ノアザミ,,キク科,ノアザミ
normalized_data/hostplants.csv,5744,hostplant-005870,ヒメヒゴタイ,,キク科,ヒメヒゴタイ
normalized_data/hostplants.csv,5745,hostplant-005871,ハバヤマボクチ,,キク科,ハバヤマボクチ
normalized_data/hostplants.csv,5748,hostplant-005874,カノコソウ,,スイカズラ科,カノコソウ
normalized_data/hostplants.csv,5749,hostplant-005875,オトコエシ,オミナエシ科,スイカズラ科,オトコエシ
normalized_data/hostplants.csv,5754,hostplant-005880,ムカゴイラクサ,,イラクサ科,ムカゴイラクサ
normalized_data/hostplants.csv,5759,hostplant-005885,クサコアカソ,,イラクサ科,クサコアカソ
normalized_data/hostplants.csv,5760,hostplant-005886,メヤブマオ,,イラクサ科,メヤブマオ
normalized_data/hostplants.csv,5769,hostplant-005895,サワアザミ,,キク科,サワアザミ
normalized_data/hostplants.csv,5770,hostplant-005896,ハハコグサ,,キク科,ハハコグサ
normalized_data/hostplants.csv,5774,hostplant-005900,ハマヨモギ,,キク科,ハマヨモギ
normalized_data/hostplants.csv,5775,hostplant-005901,シュンギク,,キク科,シュンギク
normalized_data/hostplants.csv,5776,hostplant-005902,ヤグルマギク,,キク科,ヤグルマギク
normalized_data/hostplants.csv,5777,hostplant-005903,チチコグサモドキ,,キク科,チチコグサモドキ
normalized_data/hostplants.csv,5789,hostplant-005916,ナンバンカラムシ,,イラクサ科,ナンバンカラムシ
normalized_data/hostplants.csv,5791,hostplant-005918,サイカイヤブマオ,,イラクサ科,ニオウヤブマオ
normalized_data/hostplants.csv,5792,hostplant-005919,ハマヤブマオ,,イラクサ科,ハマヤブマオ
normalized_data/hostplants.csv,5793,hostplant-005920,メヤブマオ,,イラクサ科,メヤブマオ
normalized_data/hostplants.csv,5794,hostplant-005921,ニオウヤブマオ,,イラクサ科,ニオウヤブマオ
normalized_data/hostplants.csv,5795,hostplant-005922,カテンソウ,,イラクサ科,カテンソウ
normalized_data/hostplants.csv,5796,hostplant-005923,ラセイタソウ,,イラクサ科,ラセイタソウ
normalized_data/hostplants.csv,5797,hostplant-005924,オオイワガネ,,イラクサ科,ヌノマオ
normalized_data/hostplants.csv,5801,hostplant-005928,カラハナソウ,,アサ科,カラハナソウ
normalized_data/hostplants.csv,5803,hostplant-005930,ホップ,クワ科,アサ科,ホップ
normalized_data/hostplants.csv,5804,hostplant-005931,カジノキ,,クワ科,カジノキ
normalized_data/hostplants.csv,5805,hostplant-005932,カナムグラ,クワ科,アサ科,カナムグラ
normalized_data/hostplants.csv,5808,hostplant-005935,カラハナソウ,,アサ科,カラハナソウ
normalized_data/hostplants.csv,5810,hostplant-005937,ホップ,クワ科,アサ科,ホップ
normalized_data/hostplants.csv,5813,hostplant-005940,ノニレ,,ニレ科,ノニレ
normalized_data/hostplants.csv,5815,hostplant-005942,エノキ,ニレ科,アサ科,エノキ
normalized_data/hostplants.csv,5816,hostplant-005943,エゾエノキ,,アサ科,エゾエノキ
normalized_data/hostplants.csv,5817,hostplant-005944,カラハナソウ,,アサ科,カラハナソウ
normalized_data/hostplants.csv,5823,hostplant-005950,ノニレ,,ニレ科,ノニレ
normalized_data/hostplants.csv,5826,hostplant-005953,エノキ,ニレ科,アサ科,エノキ
normalized_data/hostplants.csv,5828,hostplant-005955,エゾエノキ,,アサ科,エゾエノキ
normalized_data/hostplants.csv,5833,hostplant-005960,エゾヤナギ,,ヤナギ科,エゾヤナギ
normalized_data/hostplants.csv,5846,hostplant-005973,エゾノオオシラカンバ,,カバノキ科,シラカンバ
normalized_data/hostplants.csv,5851,hostplant-005978,ムカゴイラクサ,,イラクサ科,ムカゴイラクサ
normalized_data/hostplants.csv,5853,hostplant-005980,カラハナソウ,クワ科,アサ科,カラハナソウ
normalized_data/hostplants.csv,5857,hostplant-005984,ムカゴイラクサ,,イラクサ科,ムカゴイラクサ
normalized_data/hostplants.csv,5860,hostplant-005987,ホップ,クワ科,アサ科,ホップ
normalized_data/hostplants.csv,5861,hostplant-005988,サルトリイバラ,ユリ科,サルトリイバラ科,サルトリイバラ
normalized_data/hostplants.csv,5862,hostplant-005989,オキナワサルトリイバラ,シオデ科,サルトリイバラ科,オキナワサルトリイバラ
normalized_data/hostplants.csv,5863,hostplant-005990,ハマサルトリイバラ,,サルトリイバラ科,ハマサルトリイバラ
normalized_data/hostplants.csv,5864,hostplant-005991,シオデ,ユリ科,サルトリイバラ科,シオデ
normalized_data/hostplants.csv,5865,hostplant-005992,ヤマカシュウ,,サルトリイバラ科,ヤマカシュウ
normalized_data/hostplants.csv,5866,hostplant-005993,サツマサンキライ,,サルトリイバラ科,サツマサンキライ
normalized_data/hostplants.csv,5867,hostplant-005994,カラスキバサンキライ,,サルトリイバラ科,カラスキバサンキライ
normalized_data/hostplants.csv,5868,hostplant-005995,ササバサンキライ,,サルトリイバラ科,ササバサンキライ
normalized_data/hostplants.csv,5869,hostplant-005996,タイワンホトトギス,,ユリ科,タイワンホトトギス
normalized_data/hostplants.csv,5870,hostplant-005997,ホトトギス,,ユリ科,ホトトギス
normalized_data/hostplants.csv,5871,hostplant-005998,ヤマホトトギス,,ユリ科,ヤマホトトギス
normalized_data/hostplants.csv,5872,hostplant-005999,ヤマジノホトトギス,,ユリ科,ヤマジノホトトギス
normalized_data/hostplants.csv,5873,hostplant-006000,タマガワホトトギス,,ユリ科,タマガワホトトギス
normalized_data/hostplants.csv,5874,hostplant-006001,オニユリ,,ユリ科,オニユリ
normalized_data/hostplants.csv,5875,hostplant-006002,ヤマユリ,,ユリ科,ヤマユリ
normalized_data/hostplants.csv,5876,hostplant-006003,カノコユリ,,ユリ科,カノコユリ
normalized_data/hostplants.csv,5877,hostplant-006004,ウバユリ,,ユリ科,ウバユリ
normalized_data/hostplants.csv,5879,hostplant-006006,リーガルリリー,,ユリ科,リーガルリリー
normalized_data/hostplants.csv,5881,hostplant-006008,エゾスカシユリ,,ユリ科,エゾスカシユリ
normalized_data/hostplants.csv,5882,hostplant-006009,タカサゴユリ,,ユリ科,タカサゴユリ
normalized_data/hostplants.csv,5883,hostplant-006010,ササユリ,,ユリ科,ササユリ
normalized_data/hostplants.csv,5884,hostplant-006011,オオバタケシマラン,,ユリ科,オオバタケシマラン
normalized_data/hostplants.csv,5885,hostplant-006012,サルマメ,,サルトリイバラ科,サルマメ
normalized_data/hostplants.csv,5888,hostplant-006015,スズメノトウガラシ,ゴマノハグサ科,アゼナ科,スズメノトウガラシ
normalized_data/hostplants.csv,5889,hostplant-006016,セイタカスズムシソウ,キツネノマゴ科,ラン科,セイタカスズムシソウ
normalized_data/hostplants.csv,5890,hostplant-006017,ケブカルイラソウ,,キツネノマゴ科,ケブカルイラソウ
normalized_data/hostplants.csv,5891,hostplant-006018,スズムシバナ,,キツネノマゴ科,スズムシバナ
normalized_data/hostplants.csv,5893,hostplant-006021,セイタカスズムシソウ,キツネノマゴ科,ラン科,セイタカスズムシソウ
normalized_data/hostplants.csv,5896,hostplant-006024,コメススキ,キツネノマゴ科,イネ科,コメススキ
normalized_data/hostplants.csv,5897,hostplant-006025,キツネノヒマゴ,,キツネノマゴ科,キツネノヒマゴ
normalized_data/hostplants.csv,5906,hostplant-006034,ハマヤブマオ,,イラクサ科,ハマヤブマオ
normalized_data/hostplants.csv,5914,hostplant-006043,ヒメイタビ,,クワ科,ヒメイタビ
normalized_data/hostplants.csv,5919,hostplant-006048,ミツバツチグリ,,バラ科,ミツバツチグリ
normalized_data/hostplants.csv,5920,hostplant-006049,ヘビイチゴ,,バラ科,ヘビイチゴ
normalized_data/hostplants.csv,5922,hostplant-006052,ナガボノシロワレモコウ,,バラ科,ナガボノワレモコウ
normalized_data/hostplants.csv,5926,hostplant-006056,カライトソウ,,バラ科,カライトソウ
normalized_data/hostplants.csv,5927,hostplant-006057,エゾノシロバナシモツケ,,バラ科,エゾノシロバナシモツケ
normalized_data/hostplants.csv,5930,hostplant-006060,オオタチツボスミレ,,スミレ科,オオタチツボスミレ
normalized_data/hostplants.csv,5931,hostplant-006061,ナガバノタチツボスミレ,,スミレ科,ナガバタチツボスミレ
normalized_data/hostplants.csv,5932,hostplant-006062,アケボノスミレ,,スミレ科,アケボノスミレ
normalized_data/hostplants.csv,5933,hostplant-006063,ノジスミレ,,スミレ科,ノジスミレ
normalized_data/hostplants.csv,5938,hostplant-006068,ナガハシスミレ,,スミレ科,ナガハシスミレ
normalized_data/hostplants.csv,5939,hostplant-006069,ヒゴスミレ,,スミレ科,ヒゴスミレ
normalized_data/hostplants.csv,5940,hostplant-006070,エイザンスミレ,,スミレ科,エイザンスミレ
normalized_data/hostplants.csv,5942,hostplant-006072,コスミレ,,スミレ科,コスミレ
normalized_data/hostplants.csv,5943,hostplant-006073,ノジスミレ,,スミレ科,ノジスミレ
normalized_data/hostplants.csv,5944,hostplant-006074,ヒメスミレ,,スミレ科,ヒメスミレ
normalized_data/hostplants.csv,5946,hostplant-006076,オオタチツボスミレ,,スミレ科,オオタチツボスミレ
normalized_data/hostplants.csv,5947,hostplant-006077,ナガバノタチツボスミレ,,スミレ科,ナガバタチツボスミレ
normalized_data/hostplants.csv,5948,hostplant-006078,ニオイタチツボスミレ,,スミレ科,ニオイタチツボスミレ
normalized_data/hostplants.csv,5949,hostplant-006079,アケボノスミレ,,スミレ科,アケボノスミレ
normalized_data/hostplants.csv,5950,hostplant-006080,ヒメスミレ,,スミレ科,ヒメスミレ
normalized_data/hostplants.csv,5954,hostplant-006084,ナガバノスミレサイシン,,スミレ科,ナガバノスミレサイシン
normalized_data/hostplants.csv,5955,hostplant-006085,エゾノタチツボスミレ,,スミレ科,エゾノタチツボスミレ
normalized_data/hostplants.csv,5956,hostplant-006086,アイヌタチツボスミレ,,スミレ科,アイヌタチツボスミレ
normalized_data/hostplants.csv,5958,hostplant-006088,エゾアオイスミレ,,スミレ科,エゾノアオイスミレ
normalized_data/hostplants.csv,5959,hostplant-006089,ヒカゲスミレ,,スミレ科,ヒカゲスミレ
normalized_data/hostplants.csv,5963,hostplant-006093,オオタチツボスミレ,,スミレ科,オオタチツボスミレ
normalized_data/hostplants.csv,5964,hostplant-006094,ナガバノタチツボスミレ,,スミレ科,ナガバタチツボスミレ
normalized_data/hostplants.csv,5965,hostplant-006095,ニオイタチツボスミレ,,スミレ科,ニオイタチツボスミレ
normalized_data/hostplants.csv,5966,hostplant-006096,アケボノスミレ,,スミレ科,アケボノスミレ
normalized_data/hostplants.csv,5967,hostplant-006097,ヒカゲスミレ,,スミレ科,ヒカゲスミレ
normalized_data/hostplants.csv,5968,hostplant-006098,コスミレ,,スミレ科,コスミレ
normalized_data/hostplants.csv,5972,hostplant-006102,ノジスミレ,,スミレ科,ノジスミレ
normalized_data/hostplants.csv,5973,hostplant-006103,アリアケスミレ,,スミレ科,アリアケスミレ
normalized_data/hostplants.csv,5974,hostplant-006104,ヒメスミレ,,スミレ科,ヒメスミレ
normalized_data/hostplants.csv,5975,hostplant-006105,コスミレ,,スミレ科,コスミレ
normalized_data/hostplants.csv,5979,hostplant-006109,コスミレ,,スミレ科,コスミレ
normalized_data/hostplants.csv,5980,hostplant-006110,ノジスミレ,,スミレ科,ノジスミレ
normalized_data/hostplants.csv,5982,hostplant-006112,リュウキュウコスミレ,,スミレ科,リュウキュウコスミレ
normalized_data/hostplants.csv,5983,hostplant-006113,リュウキュウシロスミレ,,スミレ科,リュウキュウシロスミレ
normalized_data/hostplants.csv,5991,hostplant-006121,ミサオノキ,,アカネ科,ミサオノキ
normalized_data/hostplants.csv,5993,hostplant-006123,ユキヤナギ,,バラ科,ユキヤナギ
normalized_data/hostplants.csv,6002,hostplant-006132,タイワンクズ,,マメ科,タイワンクズ
normalized_data/hostplants.csv,6003,hostplant-006133,トビカズラ,,マメ科,トビカズラ
normalized_data/hostplants.csv,6007,hostplant-006137,ユキヤナギ,,バラ科,ユキヤナギ
normalized_data/hostplants.csv,6009,hostplant-006139,ニンドウ,,スイカズラ科,スイカズラ
normalized_data/hostplants.csv,6011,hostplant-006141,ヒョウタンボク,,スイカズラ科,キンギンボク
normalized_data/hostplants.csv,6017,hostplant-006147,トビカズラ,,マメ科,トビカズラ
normalized_data/hostplants.csv,6018,hostplant-006148,コウシュンモダマ,,マメ科,ヒメモダマ
normalized_data/hostplants.csv,6019,hostplant-006149,エノキ,ニレ科,アサ科,エノキ
normalized_data/hostplants.csv,6020,hostplant-006150,エノキ,ニレ科,アサ科,エノキ
normalized_data/hostplants.csv,6021,hostplant-006151,エゾエノキ,,アサ科,エゾエノキ
normalized_data/hostplants.csv,6022,hostplant-006152,リュウキュウエノキ,,アサ科,クワノハエノキ
normalized_data/hostplants.csv,6025,hostplant-006155,エノキ,ニレ科,アサ科,エノキ
normalized_data/hostplants.csv,6026,hostplant-006156,エゾエノキ,,アサ科,エゾエノキ
normalized_data/hostplants.csv,6028,hostplant-006158,ヒエスゲ,,カヤツリグサ科,ヒエスゲ
normalized_data/hostplants.csv,6030,hostplant-006160,イワスゲ,,カヤツリグサ科,イワスゲ
normalized_data/hostplants.csv,6031,hostplant-006161,ヒカゲスゲ,,カヤツリグサ科,ヒカゲスゲ
normalized_data/hostplants.csv,6032,hostplant-006162,アゼスゲ,,カヤツリグサ科,アゼスゲ
normalized_data/hostplants.csv,6033,hostplant-006163,カサスゲ,,カヤツリグサ科,カサスゲ
normalized_data/hostplants.csv,6034,hostplant-006164,アブラシバ,,カヤツリグサ科,アブラシバ
normalized_data/hostplants.csv,6035,hostplant-006165,シバスゲ,,カヤツリグサ科,シバスゲ
normalized_data/hostplants.csv,6040,hostplant-006170,ササガヤ,,イネ科,ササガヤ
normalized_data/hostplants.csv,6043,hostplant-006173,カヤ,,イチイ科,カヤ
normalized_data/hostplants.csv,6048,hostplant-006178,リュウキュウチク,,イネ科,リュウキュウチク
normalized_data/hostplants.csv,6065,hostplant-006195,リュウキュウチク,,イネ科,リュウキュウチク
normalized_data/hostplants.csv,6069,hostplant-006199,イワノガリヤス,,イネ科,イワノガリヤス
normalized_data/hostplants.csv,6080,hostplant-006210,カヤ,,イチイ科,カヤ
normalized_data/hostplants.csv,6093,hostplant-006223,カンザンチク,,イネ科,カンザンチク
normalized_data/hostplants.csv,6106,hostplant-006236,オカメザサ,,イネ科,オカメザサ
normalized_data/hostplants.csv,6108,hostplant-006238,ホウライイケマ,,キョウチクトウ科,ホウライイケマ
normalized_data/hostplants.csv,6110,hostplant-006240,リュウキュウガシワ,,キョウチクトウ科,リュウキュウガシワ
normalized_data/hostplants.csv,6111,hostplant-006241,ツルモウリンカ,ガガイモ科,キョウチクトウ科,ツルモウリンカ
normalized_data/hostplants.csv,6112,hostplant-006242,コイケマ,,キョウチクトウ科,コイケマ
normalized_data/hostplants.csv,6113,hostplant-006243,サクララン,,キョウチクトウ科,サクララン
normalized_data/hostplants.csv,6118,hostplant-006248,イケマ,,キョウチクトウ科,イケマ
normalized_data/hostplants.csv,6119,hostplant-006249,コイケマ,,キョウチクトウ科,コイケマ
normalized_data/hostplants.csv,6120,hostplant-006250,サクララン,,キョウチクトウ科,サクララン
normalized_data/hostplants.csv,6122,hostplant-006252,オオカモメヅル,,キョウチクトウ科,オオカモメヅル
normalized_data/hostplants.csv,6123,hostplant-006253,フウセントウワタ,ガガイモ科,キョウチクトウ科,フウセントウワタ
normalized_data/hostplants.csv,6124,hostplant-006254,トウワタ,,キョウチクトウ科,トウワタ
normalized_data/hostplants.csv,6125,hostplant-006255,ツルモウリンカ,ガガイモ科,キョウチクトウ科,ツルモウリンカ
normalized_data/hostplants.csv,6126,hostplant-006256,トウワタ,,キョウチクトウ科,トウワタ
normalized_data/hostplants.csv,6127,hostplant-006257,フウセントウワタ,ガガイモ科,キョウチクトウ科,フウセントウワタ
normalized_data/hostplants.csv,6129,hostplant-006259,ミフクラギ,,キョウチクトウ科,ミフクラギ
normalized_data/hostplants.csv,6134,hostplant-006265,ホソバイヌビワ,,クワ科,ホソバイヌビワ
normalized_data/hostplants.csv,6140,hostplant-006271,アサガオ,,ヒルガオ科,アサガオ
normalized_data/hostplants.csv,6148,hostplant-006279,コシアブラ,,ウコギ科,コシアブラ
normalized_data/hostplants.csv,6150,hostplant-006281,ニガカシュウ,,ヤマノイモ科,ニガカシュウ
normalized_data/hostplants.csv,6152,hostplant-006283,オニドコロ,,ヤマノイモ科,オニドコロ
normalized_data/hostplants.csv,6153,hostplant-006284,タチドコロ,,ヤマノイモ科,タチドコロ
normalized_data/hostplants.csv,6154,hostplant-006285,カエデドコロ,,ヤマノイモ科,カエデドコロ
normalized_data/hostplants.csv,6156,hostplant-006287,エゾノヘビイチゴ,,バラ科,エゾヘビイチゴ
normalized_data/hostplants.csv,6157,hostplant-006288,ミツバツチグリ,,バラ科,ミツバツチグリ
normalized_data/hostplants.csv,6158,hostplant-006289,テリハキンバイ,,バラ科,テリハキンバイ
normalized_data/hostplants.csv,6160,hostplant-006291,ミツバツチグリ,,バラ科,ミツバツチグリ
normalized_data/hostplants.csv,6169,hostplant-006300,ツルヨシ,,イネ科,ツルヨシ
normalized_data/hostplants.csv,6182,hostplant-006313,ヌカキビ,,イネ科,ヌカキビ
normalized_data/hostplants.csv,6185,hostplant-006316,チゴザサ,,イネ科,チゴザサ
normalized_data/hostplants.csv,6186,hostplant-006317,スズメガヤ,,イネ科,スズメガヤ
normalized_data/hostplants.csv,6190,hostplant-006321,ツルヨシ,,イネ科,ツルヨシ
normalized_data/hostplants.csv,6192,hostplant-006323,カヤ,,イチイ科,カヤ
normalized_data/hostplants.csv,6205,hostplant-006336,カンショ,,ヒルガオ科,サツマイモ
normalized_data/hostplants.csv,6207,hostplant-006338,バショウ,,バショウ科,バショウ
normalized_data/hostplants.csv,6208,hostplant-006339,イトバショウ,,バショウ科,リュウキュウバショウ
normalized_data/hostplants.csv,6211,hostplant-006342,ハナミョウガ,,ショウガ科,ハナミョウガ
normalized_data/hostplants.csv,6212,hostplant-006343,アオノクマタケラン,,ショウガ科,アオノクマタケラン
normalized_data/hostplants.csv,6214,hostplant-006345,ハナミョウガ,,ショウガ科,ハナミョウガ
normalized_data/hostplants.csv,6222,hostplant-006353,マコモ,,イネ科,マコモ
normalized_data/hostplants.csv,6229,hostplant-006360,マコモ,,イネ科,マコモ
normalized_data/hostplants.csv,6238,hostplant-006373,エノコログサ,,イネ科,エノコログサ
normalized_data/hostplants.csv,6244,hostplant-006389,アカバナ,,アカバナ科,アカバナ
normalized_data/hostplants.csv,6245,hostplant-006399,ハナショウブ,,アヤメ科,ハナショウブ
normalized_data/hostplants.csv,6246,hostplant-006400,シャガ,,アヤメ科,シャガ
normalized_data/hostplants.csv,6247,hostplant-006401,アヤメ類,,アヤメ科,アヤメ
normalized_data/hostplants.csv,6253,hostplant-006409,アケビ類,,アケビ科,アケビ
normalized_data/hostplants.csv,6254,hostplant-006412,ヒイラギモクセイ,,モクセイ科,ヒイラギモクセイ
normalized_data/hostplants.csv,6267,hostplant-006464,ノキシノブ,,ウラボシ科,ノキシノブ
normalized_data/hostplants.csv,6268,hostplant-006465,マメヅタ,,ウラボシ科,マメヅタ
normalized_data/hostplants.csv,6276,hostplant-006504,キチジョウソウ,,クサスギカズラ科,キチジョウソウ
normalized_data/hostplants.csv,6277,hostplant-006506,ネズミモチ類,,モクセイ科,ネズミモチ
normalized_data/hostplants.csv,6281,hostplant-006529,エゾオオバコ,,オオバコ科,エゾオオバコ
normalized_data/hostplants.csv,6282,hostplant-006530,イワヨモギ,,キク科,イワヨモギ
normalized_data/hostplants.csv,6291,hostplant-006546,サトウダイコン,,ヒユ科,テンサイ
normalized_data/hostplants.csv,6294,hostplant-006550,サンショウ,,ミカン科,サンショウ
normalized_data/hostplants.csv,6297,hostplant-006562,コニシキソウ,,トウダイグサ科,コニシキソウ
normalized_data/hostplants.csv,6301,hostplant-006575,オオバコ類,,オオバコ科,オオバコ
normalized_data/hostplants.csv,6305,hostplant-006586,ヒメジョオン,,キク科,ヒメジョオン
normalized_data/hostplants.csv,6313,hostplant-006604,サルトリイバラ,,サルトリイバラ科,サルトリイバラ
normalized_data/hostplants.csv,6316,hostplant-006607,エビヅル,,ブドウ科,エビヅル
normalized_data/hostplants.csv,6319,hostplant-006617,ホオズキ,,ナス科,ホオズキ
normalized_data/hostplants.csv,6320,hostplant-006618,イヌホオズキ,,ナス科,イヌホオズキ
normalized_data/hostplants.csv,6323,hostplant-006626,オニユリ,,ユリ科,オニユリ
normalized_data/hostplants.csv,6325,hostplant-006628,ホトトギス類,,ユリ科,ホトトギス
normalized_data/hostplants.csv,6326,hostplant-006630,ススキ類,,イネ科,ススキ
normalized_data/hostplants.csv,6330,hostplant-006658,ガマズミ,,ガマズミ科,ガマズミ
normalized_data/hostplants.csv,6331,hostplant-006659,ヤブウツギ,,スイカズラ科,ヤブウツギ
normalized_data/hostplants.csv,6340,hostplant-006695,ブタクサ,,キク科,ブタクサ
normalized_data/hostplants.csv,6341,hostplant-006696,オオブタクサ,,キク科,オオブタクサ
normalized_data/hostplants.csv,6342,hostplant-006697,ガマズミ類,,ガマズミ科,ガマズミ
normalized_data/hostplants.csv,6343,hostplant-006698,オオカメノキ,,ガマズミ科,オオカメノキ
normalized_data/hostplants.csv,6344,hostplant-006699,ゴマギ,レンプクソウ科,ガマズミ科,ゴマキ
normalized_data/hostplants.csv,6346,hostplant-006702,ハコヤナギ類,,ヤナギ科,ヤマナラシ
normalized_data/hostplants.csv,6347,hostplant-006705,サンゴジュ,,ガマズミ科,サンゴジュ
normalized_data/hostplants.csv,6348,hostplant-006706,ガマズミ類,,ガマズミ科,ガマズミ
normalized_data/hostplants.csv,6349,hostplant-006707,ゴマギ,レンプクソウ科,ガマズミ科,ゴマキ
normalized_data/hostplants.csv,6351,hostplant-006709,トサミズキ,,マンサク科,トサミズキ
normalized_data/hostplants.csv,6352,hostplant-006711,エノキ,ニレ科,アサ科,エノキ
normalized_data/hostplants.csv,6356,hostplant-006719,オオバアサガラ,,エゴノキ科,オオバアサガラ
normalized_data/hostplants.csv,6358,hostplant-006722,ヤシャブシ類,,カバノキ科,ヤシャブシ
normalized_data/hostplants.csv,6359,hostplant-006723,シラカバ,,カバノキ科,シラカンバ
normalized_data/hostplants.csv,6367,hostplant-006735,ハコベ,,ナデシコ科,コハコベ
normalized_data/hostplants.csv,6369,hostplant-006739,イタビ類,,クワ科,イヌビワ
normalized_data/hostplants.csv,6378,hostplant-006756,クマヤナギ類,,クロウメモドキ科,クマヤナギ
normalized_data/hostplants.csv,6399,hostplant-006798,ポンカン類,,ミカン科,ポンカン
normalized_data/hostplants.csv,6403,hostplant-006804,カラスウリ,,ウリ科,カラスウリ
normalized_data/hostplants.csv,6404,hostplant-006805,シラヤマギク,,キク科,シラヤマギク
normalized_data/hostplants.csv,6412,hostplant-006819,ビナンカズラ,,マツブサ科,サネカズラ
normalized_data/hostplants.csv,6428,hostplant-006837,インゲン,,マメ科,インゲンマメ
normalized_data/hostplants.csv,6429,hostplant-006838,ベニバナインゲン,,マメ科,ベニバナインゲン
normalized_data/hostplants.csv,6436,hostplant-006853,ヤブツルアズキ,,マメ科,ヤブツルアズキ
normalized_data/hostplants.csv,6437,hostplant-006854,ヒメクズ,,マメ科,ノアズキ
normalized_data/hostplants.csv,6440,hostplant-006858,エンジュ,,マメ科,エンジュ
normalized_data/hostplants.csv,6445,hostplant-006865,ソラマメ,,マメ科,ソラマメ
normalized_data/hostplants.csv,6446,hostplant-006868,ジュンサイ,,ジュンサイ科,ジュンサイ
normalized_data/hostplants.csv,6447,hostplant-006869,コウホネ,,スイレン科,コウホネ
normalized_data/hostplants.csv,6448,hostplant-006870,ヒルムシロ,,ヒルムシロ科,ヒルムシロ
normalized_data/hostplants.csv,6449,hostplant-006871,ヒツジグサ,,スイレン科,ヒツジグサ
normalized_data/hostplants.csv,6450,hostplant-006872,ヒシ,,ミソハギ科,ヒシ
normalized_data/hostplants.csv,6452,hostplant-006881,ミクリ類,,ミクリ科,ミクリ
normalized_data/hostplants.csv,6454,hostplant-006890,ヒルガオ類,,ヒルガオ科,ヒルガオ
normalized_data/hostplants.csv,6455,hostplant-006892,ヒルガオ類,,ヒルガオ科,ヒルガオ
normalized_data/hostplants.csv,6468,hostplant-006907,イノコヅチ,,ヒユ科,イノコヅチ
normalized_data/hostplants.csv,6472,hostplant-006913,アカザ,,ヒユ科,アカザ
normalized_data/hostplants.csv,6477,hostplant-006919,アカザ,,ヒユ科,アカザ
normalized_data/hostplants.csv,6511,hostplant-006970,ノブドウ類,,ブドウ科,ノブドウ
normalized_data/hostplants.csv,6513,hostplant-006972,ハコヤナギ,,ヤナギ科,ヤマナラシ
normalized_data/hostplants.csv,6516,hostplant-006977,ヒサカキ,,モッコク科,ヒサカキ
normalized_data/hostplants.csv,6518,hostplant-006980,カシワ類,,ブナ科,カシワ
normalized_data/hostplants.csv,6525,hostplant-006989,コジイ,,ブナ科,ツブラジイ
normalized_data/hostplants.csv,6531,hostplant-007002,ツバキ類,,ツバキ科,ヤブツバキ
normalized_data/hostplants.csv,6533,hostplant-007006,ヤブガラシ,,ブドウ科,ヤブカラシ
normalized_data/hostplants.csv,6535,hostplant-007008,エビヅル,,ブドウ科,エビヅル
normalized_data/hostplants.csv,6541,hostplant-007020,イヨカズラ,,キョウチクトウ科,イヨカズラ
normalized_data/hostplants.csv,6543,hostplant-007022,シロバナカモメヅル,,キョウチクトウ科,シロバナカモメヅル
normalized_data/hostplants.csv,6551,hostplant-007044,ウツギ類,,アジサイ科,ウツギ
normalized_data/hostplants.csv,6553,hostplant-007046,スギ類,,ヒノキ科,スギ
normalized_data/hostplants.csv,6564,hostplant-007060,テリハノイバラ,,バラ科,テリハノイバラ
normalized_data/hostplants.csv,6569,hostplant-007075,キヅタ,,ウコギ科,キヅタ
normalized_data/hostplants.csv,6570,hostplant-007076,センノキ,,ウコギ科,ハリギリ
normalized_data/hostplants.csv,6579,hostplant-007090,ナツフジ,,マメ科,ナツフジ
normalized_data/hostplants.csv,6583,hostplant-007096,エノキ,ニレ科,アサ科,エノキ
normalized_data/hostplants.csv,6603,hostplant-007134,ウワミズザクラ,,バラ科,ウワミズザクラ
normalized_data/hostplants.csv,6618,hostplant-007154,ヌマトラノオ,,サクラソウ科,ヌマトラノオ
normalized_data/hostplants.csv,6631,hostplant-007182,ウツギ類,,アジサイ科,ウツギ
normalized_data/hostplants.csv,6635,hostplant-007187,アスパラガス,,クサスギカズラ科,オランダキジカクシ
normalized_data/hostplants.csv,6636,hostplant-007188,クサスギカズラ,,クサスギカズラ科,クサスギカズラ
normalized_data/hostplants.csv,6637,hostplant-007189,マイヅルソウ,,クサスギカズラ科,マイヅルソウ
normalized_data/hostplants.csv,6638,hostplant-007190,ナルコユリ,,クサスギカズラ科,ナルコユリ
normalized_data/hostplants.csv,6640,hostplant-007192,オニドコロ,,ヤマノイモ科,オニドコロ
normalized_data/hostplants.csv,6641,hostplant-007193,サルトリイバラ,,サルトリイバラ科,サルトリイバラ
normalized_data/hostplants.csv,6642,hostplant-007194,シオデ,ユリ科,サルトリイバラ科,シオデ
normalized_data/hostplants.csv,6643,hostplant-007195,アゼガヤ,,イネ科,アゼガヤ
normalized_data/hostplants.csv,6654,hostplant-007206,テリハノイバラ,,バラ科,テリハノイバラ
normalized_data/hostplants.csv,6659,hostplant-007211,ハマギク,,キク科,ハマギク
normalized_data/hostplants.csv,6673,hostplant-007225,シオデ,ユリ科,サルトリイバラ科,シオデ
normalized_data/hostplants.csv,6676,hostplant-007228,ヒメイズイ,,クサスギカズラ科,ヒメイズイ
normalized_data/hostplants.csv,6679,hostplant-007231,ガマズミ,,ガマズミ科,ガマズミ
normalized_data/hostplants.csv,6692,hostplant-007244,ムラサキマユミ,,ニシキギ科,ムラサキマユミ
normalized_data/hostplants.csv,6694,hostplant-007246,サワダツ,,ニシキギ科,サワダツ
normalized_data/hostplants.csv,6697,hostplant-007249,マユミ類,,ニシキギ科,マユミ
normalized_data/hostplants.csv,6699,hostplant-007251,マサキ,,ニシキギ科,マサキ
normalized_data/hostplants.csv,6705,hostplant-007257,ササバサンキライ,,サルトリイバラ科,ササバサンキライ
normalized_data/hostplants.csv,6706,hostplant-007258,オニユリ,,ユリ科,オニユリ
normalized_data/hostplants.csv,6707,hostplant-007259,テッポウユリ,,ユリ科,テッポウユリ
normalized_data/hostplants.csv,6708,hostplant-007260,カノコユリ,,ユリ科,カノコユリ
normalized_data/hostplants.csv,6709,hostplant-007261,サルトリイバラ,,サルトリイバラ科,サルトリイバラ
normalized_data/hostplants.csv,6713,hostplant-007266,エノコログサ,,イネ科,エノコログサ
normalized_data/hostplants.csv,6714,hostplant-007267,コムギ,,イネ科,コムギ
normalized_data/hostplants.csv,6716,hostplant-007270,アワ,,イネ科,アワ
normalized_data/hostplants.csv,6719,hostplant-007273,キタヨシ,,イネ科,ヨシ
normalized_data/hostplants.csv,6722,hostplant-007276,マコモ,,イネ科,マコモ
normalized_data/hostplants.csv,6723,hostplant-007277,ギョウジャニンニク,ネギ科,ヒガンバナ科,ギョウジャニンニク
normalized_data/hostplants.csv,6724,hostplant-007278,ヤマラッキョウ,,ヒガンバナ科,ヤマラッキョウ
normalized_data/hostplants.csv,6726,hostplant-007281,アスパラガス,,クサスギカズラ科,オランダキジカクシ
normalized_data/hostplants.csv,6727,hostplant-007282,アスパラガス,,クサスギカズラ科,オランダキジカクシ
normalized_data/hostplants.csv,6728,hostplant-007283,キジカクシ,,クサスギカズラ科,キジカクシ
normalized_data/hostplants.csv,6729,hostplant-007284,タチテンモンドウ,,クサスギカズラ科,タチテンモンドウ
normalized_data/hostplants.csv,6746,record-7418,エゾヤマザクラ,,バラ科,オオヤマザクラ
normalized_data/hostplants.csv,6749,record-7422,シラカバ,,カバノキ科,シラカンバ
normalized_data/hostplants.csv,6752,record-7428,アブラチャン,,クスノキ科,アブラチャン
normalized_data/hostplants.csv,6762,record-7438,ウワミズザクラ,,バラ科,ウワミズザクラ
normalized_data/hostplants.csv,6764,record-7452,フモトミズナラ,,ブナ科,フモトミズナラ
normalized_data/hostplants.csv,6765,record-7453,タカオカエデ,,ムクロジ科,イロハモミジ
normalized_data/hostplants.csv,6766,record-7454,ポプラ,,ヤナギ科,セイヨウハコヤナギ
normalized_data/hostplants.csv,6775,record-7463,ヨグソミネバリ,,カバノキ科,ミズメ
normalized_data/hostplants.csv,6783,record-7471,フモトミズナラ,,ブナ科,フモトミズナラ
normalized_data/hostplants.csv,6795,record-7483,ナナカマド,,バラ科,ナナカマド
normalized_data/hostplants.csv,6799,record-7487,エゾヤマザクラ,,バラ科,オオヤマザクラ
normalized_data/hostplants.csv,6801,record-7489,ホザキカエデ,,ムクロジ科,オガラバナ
normalized_data/hostplants.csv,6805,record-7493,シナノキ,,アオイ科,シナノキ
normalized_data/hostplants.csv,6809,record-7497,クロウスゴ,,ツツジ科,クロウスゴ
normalized_data/hostplants.csv,6811,record-7504,イロハモミジ,,ムクロジ科,イロハモミジ
normalized_data/hostplants.csv,6815,record-7508,ポプラ,,ヤナギ科,セイヨウハコヤナギ
normalized_data/hostplants.csv,6819,record-7512,フモトミズナラ,,ブナ科,フモトミズナラ
normalized_data/hostplants.csv,6823,record-7516,ノダフジ,,マメ科,フジ
normalized_data/hostplants.csv,6836,record-7529,フモトミズナラ,,ブナ科,フモトミズナラ
normalized_data/hostplants.csv,6840,record-7533,ウワミズザクラ,,バラ科,ウワミズザクラ
normalized_data/hostplants.csv,6842,record-7535,ノダフジ,,マメ科,フジ
normalized_data/hostplants.csv,6843,record-7536,エゾユズリハ,,ユズリハ科,エゾユズリハ
normalized_data/hostplants.csv,6844,record-7537,ホザキカエデ,,ムクロジ科,オガラバナ
normalized_data/hostplants.csv,6848,record-7541,ウマノスズクサ,,ウマノスズクサ科,ウマノスズクサ
normalized_data/hostplants.csv,6850,record-7543,シドミ,,バラ科,クサボケ
normalized_data/hostplants.csv,6853,record-7546,ヘビイチゴ,,バラ科,ヘビイチゴ
normalized_data/hostplants.csv,6856,record-7549,シロツメクサ,,マメ科,シロツメクサ
normalized_data/hostplants.csv,6865,record-7558,ヒメジョオン,,キク科,ヒメジョオン
normalized_data/hostplants.csv,6871,record-7564,マサキ,,ニシキギ科,マサキ
normalized_data/hostplants.csv,6874,record-7567,キンメヤナギ,,ヤナギ科,オオキツネヤナギ
normalized_data/hostplants.csv,6892,record-7585,ムベ,,アケビ科,ムベ
normalized_data/hostplants.csv,6896,record-7589,ボケ,,バラ科,ボケ
normalized_data/hostplants.csv,6901,record-7594,ウワミズザクラ,,バラ科,ウワミズザクラ
normalized_data/hostplants.csv,6903,record-7596,タカオカエデ,,ムクロジ科,イロハモミジ
normalized_data/hostplants.csv,6904,record-7597,ホザキカエデ,,ムクロジ科,オガラバナ
normalized_data/hostplants.csv,6923,record-7620,エノキ,ニレ科,アサ科,エノキ
normalized_data/hostplants.csv,6927,record-7624,ボケ,,バラ科,ボケ
normalized_data/hostplants.csv,6932,record-7629,ユスラウメ,,バラ科,ユスラウメ
normalized_data/hostplants.csv,6935,record-7632,ウワミズザクラ,,バラ科,ウワミズザクラ
normalized_data/hostplants.csv,6948,record-7653,エノキ,ニレ科,アサ科,エノキ
normalized_data/hostplants.csv,6950,record-7660,ホザキカエデ,,ムクロジ科,オガラバナ
normalized_data/hostplants.csv,6953,record-7663,シラカバ,,カバノキ科,シラカンバ
normalized_data/hostplants.csv,6957,record-7667,フモトミズナラ,,ブナ科,フモトミズナラ
normalized_data/hostplants.csv,6963,record-7673,オオシマザクラ,,バラ科,オオシマザクラ
normalized_data/hostplants.csv,6964,record-7674,ウワミズザクラ,,バラ科,ウワミズザクラ
normalized_data/hostplants.csv,6970,record-7680,シナノキ,,アオイ科,シナノキ
normalized_data/hostplants.csv,6972,record-7700,タカオカエデ,,ムクロジ科,イロハモミジ
normalized_data/hostplants.csv,6986,record-007775,ホロムイイチゴ,,バラ科,ホロムイイチゴ
normalized_data/hostplants.csv,6988,record-007777,ハハコグサ,,キク科,ハハコグサ
normalized_data/hostplants.csv,6989,record-007783,フモトミズナラ,,ブナ科,フモトミズナラ
normalized_data/hostplants.csv,6999,record-007812,ポプラ,,ヤナギ科,セイヨウハコヤナギ
normalized_data/hostplants.csv,7017,record-007869,ナナカマド,,バラ科,ナナカマド
normalized_data/hostplants.csv,7019,record-007871,シナノキ,,アオイ科,シナノキ
normalized_data/hostplants.csv,7040,record-007928,フモトミズナラ,,ブナ科,フモトミズナラ
normalized_data/hostplants.csv,7049,record-007949,エドヒガン,,バラ科,エドヒガン
normalized_data/hostplants.csv,7053,record-007953,エノキ,ニレ科,アサ科,エノキ
normalized_data/hostplants.csv,7060,record-007968,エノキ,ニレ科,アサ科,エノキ
normalized_data/hostplants.csv,7069,record-007998,エノキ,ニレ科,アサ科,エノキ
normalized_data/hostplants.csv,7071,record-008004,フモトミズナラ,,ブナ科,フモトミズナラ
normalized_data/hostplants.csv,7072,record-008005,シラカバ,,カバノキ科,シラカンバ
normalized_data/hostplants.csv,7074,record-008007,ウワミズザクラ,,バラ科,ウワミズザクラ
normalized_data/hostplants.csv,7078,record-008013,エドヒガン,,バラ科,エドヒガン
normalized_data/hostplants.csv,7079,record-008014,エノキ,ニレ科,アサ科,エノキ
normalized_data/hostplants.csv,7089,record-008034,ウラシマソウ,,サトイモ科,ウラシマソウ
normalized_data/hostplants.csv,7090,record-008035,シロバナエンレイソウ,,シュロソウ科,エゾノミヤマエンレイソウ
normalized_data/hostplants.csv,7091,record-008036,アマドコロ,,クサスギカズラ科,アマドコロ
normalized_data/hostplants.csv,7093,record-008038,ハクサンチドリ,,ラン科,ハクサンチドリ
normalized_data/hostplants.csv,7094,record-008039,ミツガシワ,,ミツガシワ科,ミツガシワ
normalized_data/hostplants.csv,7099,hostplant-007299,アカバナ,,アカバナ科,アカバナ
normalized_data/hostplants.csv,7100,hostplant-007300,ヒイラギモクセイ,,モクセイ科,ヒイラギモクセイ
normalized_data/hostplants.csv,7108,hostplant-007308,アケビ,,アケビ科,アケビ
normalized_data/hostplants.csv,7113,hostplant-007313,ジュンサイ,,ジュンサイ科,ジュンサイ
normalized_data/hostplants.csv,7114,hostplant-007314,ヒシ,,ミソハギ科,ヒシ
normalized_data/hostplants.csv,7115,hostplant-007315,ブタクサ,,キク科,ブタクサ
normalized_data/hostplants.csv,7116,hostplant-007316,オオブタクサ,,キク科,オオブタクサ
normalized_data/hostplants.csv,7117,hostplant-007317,サンゴジュ,,ガマズミ科,サンゴジュ
normalized_data/hostplants.csv,7118,hostplant-007318,ガマズミ類,,ガマズミ科,ガマズミ
normalized_data/hostplants.csv,7119,hostplant-007319,ゴマギ,レンプクソウ科,ガマズミ科,ゴマキ
normalized_data/hostplants.csv,7121,hostplant-007321,トサミズキ,,マンサク科,トサミズキ
normalized_data/hostplants.csv,7123,hostplant-007323,オオバアサガラ,,エゴノキ科,オオバアサガラ
normalized_data/hostplants.csv,7125,hostplant-007325,ヤシャブシ類,,カバノキ科,ヤシャブシ
normalized_data/hostplants.csv,7126,hostplant-007326,シラカバ,,カバノキ科,シラカンバ
normalized_data/hostplants.csv,7131,hostplant-007331,イタビ類,,クワ科,イヌビワ
normalized_data/hostplants.csv,7147,hostplant-007347,カラスウリ,,ウリ科,カラスウリ
normalized_data/hostplants.csv,7148,hostplant-007348,ビナンカズラ,,マツブサ科,サネカズラ
normalized_data/hostplants.csv,7149,hostplant-007349,ミクリ類,,ミクリ科,ミクリ
normalized_data/hostplants.csv,7160,hostplant-900016,ミズナラ,,ブナ科,ミズナラ
normalized_data/hostplants.csv,7166,hostplant-090010,アマミアラカシ,,ブナ科,アマミアラカシ
normalized_data/hostplants.csv,7176,hostplant-900027,ミズナラ,ツツジ科,ブナ科,ミズナラ
normalized_data/hostplants.csv,7205,hostplant-090036,ミカエリソウ,,シソ科,ミカエリソウ
normalized_data/hostplants.csv,7247,hostplant-900054,シロツメクサ,シソ科,マメ科,シロツメクサ
normalized_data/hostplants.csv,7248,hostplant-900055,エゾノレンリソウ,シソ科,マメ科,エゾノレンリソウ