score,category,display_scope,profile_id,plant_name,scientific_name,family,family_latin,page,printed_page,source,current_value,expected_or_check,reason,evidence
78,genus_scientific_conflicts_with_scientific_name,profile_candidate,plant-profile-003556,アイナエ,Mitrasaeme pygmaea,マチン科,LOGANIACEAE,158,,日本の野生植物 第2巻,Geniostoma,mitrasaeme,The row's genus field should match the first word of the scientific name.,This usually means parser state leaked from a neighboring OCR block.
78,genus_scientific_conflicts_with_scientific_name,profile_candidate,plant-profile-001326,アイヌソモソモ,Poa fauriei,イネ科,POACEAE,157,,日本の野生植物 第1巻,Phleum,poa,The row's genus field should match the first word of the scientific name.,This usually means parser state leaked from a neighboring OCR block.
78,genus_scientific_conflicts_with_scientific_name,profile_candidate,plant-profile-000723,アオイカズラ,Streptolirion lineare,ツユクサ科,COMMELINACEAE,103,,日本の野生植物 第1巻,Streptolinion,streptolirion,The row's genus field should match the first word of the scientific name.,This usually means parser state leaked from a neighboring OCR block.
78,genus_scientific_conflicts_with_scientific_name,profile_candidate,plant-profile-001320,アオイチゴツナギ,Poa alta,イネ科,POACEAE,157,313,日本の野生植物 第1巻,Phleum,poa,The row's genus field should match the first word of the scientific name.,This usually means parser state leaked from a neighboring OCR block.
78,genus_scientific_conflicts_with_scientific_name,profile_candidate,plant-profile-000213,アオウキクサ,Lemna aoukikusa,サトイモ科,ARACEAE,44,87,日本の野生植物 第1巻,Landottia,lemna,The row's genus field should match the first word of the scientific name.,This usually means parser state leaked from a neighboring OCR block.
78,genus_scientific_conflicts_with_scientific_name,profile_candidate,plant-profile-001106,アオガヤツリ,Cyperus nipponieus,カヤツリグサ科,CYPERACEAE,131,,日本の野生植物 第1巻,Cladium,cyperus,The row's genus field should match the first word of the scientific name.,This usually means parser state leaked from a neighboring OCR block.
78,genus_scientific_conflicts_with_scientific_name,profile_candidate,plant-profile-000491,アオキラン,Epipogium japonieum,ラン科,ORCHIDACEAE,77,153,日本の野生植物 第1巻,Epipogiumn,epipogium,The row's genus field should match the first word of the scientific name.,This usually means parser state leaked from a neighboring OCR block.
78,genus_scientific_conflicts_with_scientific_name,profile_candidate,plant-profile-002802,アオギリ,Firmiana simnplex,アオイ科,MALVACEAE,61,,日本の野生植物 第2巻,Corchorus,firmiana,The row's genus field should match the first word of the scientific name.,This usually means parser state leaked from a neighboring OCR block.
78,genus_scientific_conflicts_with_scientific_name,profile_candidate,plant-profile-000969,アオスゲ,Cares leueochlora,カヤツリグサ科,CYPERACEAE,123,,日本の野生植物 第1巻,Carex,cares,The row's genus field should match the first word of the scientific name.,This usually means parser state leaked from a neighboring OCR block.
78,genus_scientific_conflicts_with_scientific_name,profile_candidate,plant-profile-000481,アオチドリ,Dactylorhiza viridis,ラン科,ORCHIDACEAE,76,150,日本の野生植物 第1巻,Cyrtosia,dactylorhiza,The row's genus field should match the first word of the scientific name.,This usually means parser state leaked from a neighboring OCR block.
78,genus_scientific_conflicts_with_scientific_name,profile_candidate,plant-profile-001145,アオテンツキ,Fimnbristylis dipsacea,カヤツリグサ科,CYPERACEAE,134,,日本の野生植物 第1巻,Fimbristylis,fimnbristylis,The row's genus field should match the first word of the scientific name.,This usually means parser state leaked from a neighboring OCR block.
78,genus_scientific_conflicts_with_scientific_name,profile_candidate,plant-profile-001780,アオノイワレンゲ,Orostachys malacophylla,ベンケイソウ科,CRASSULACEAE,213,424,日本の野生植物 第1巻,Kalanchoe,orostachys,The row's genus field should match the first word of the scientific name.,This usually means parser state leaked from a neighboring OCR block.
78,genus_scientific_conflicts_with_scientific_name,profile_candidate,plant-profile-003319,アオノツガザクラ,Plyllodoce aleutica,ツツジ科,ERICACEAE,133,,日本の野生植物 第2巻,Phyllodoce,plyllodoce,The row's genus field should match the first word of the scientific name.,This usually means parser state leaked from a neighboring OCR block.
78,genus_scientific_conflicts_with_scientific_name,profile_candidate,plant-profile-003280,アオバナハイノキ,Symplocos liukiuensis,ハイノキ科,SYMPLOCACEAE,126,,日本の野生植物 第2巻,Syuplocos,symplocos,The row's genus field should match the first word of the scientific name.,This usually means parser state leaked from a neighboring OCR block.
78,genus_scientific_conflicts_with_scientific_name,profile_candidate,plant-profile-003269,アオバノキ,Symplocos cochinchinensis,ハイノキ科,SYMPLOCACEAE,126,250,日本の野生植物 第2巻,Syuplocos,symplocos,The row's genus field should match the first word of the scientific name.,This usually means parser state leaked from a neighboring OCR block.
78,genus_scientific_conflicts_with_scientific_name,profile_candidate,plant-profile-002102,アオミズ,Pilea pumila,イラクサ科,URTICACEAE,259,,日本の野生植物 第1巻,Pllea,pilea,The row's genus field should match the first word of the scientific name.,This usually means parser state leaked from a neighboring OCR block.
78,genus_scientific_conflicts_with_scientific_name,profile_candidate,plant-profile-000370,アオヤギソウ,Veratrum maackii,シュロソウ科,MELANTHIACEAE,63,,日本の野生植物 第1巻,Paris,veratrum,The row's genus field should match the first word of the scientific name.,This usually means parser state leaked from a neighboring OCR block.
78,genus_scientific_conflicts_with_scientific_name,profile_candidate,plant-profile-001978,アカササゲ,Vigna vexillata,ハマビシ科,ZYGOPHYLLACEAE,243,484,日本の野生植物 第1巻,Thermopsis,vigna,The row's genus field should match the first word of the scientific name.,This usually means parser state leaked from a neighboring OCR block.
78,genus_scientific_conflicts_with_scientific_name,profile_candidate,plant-profile-003517,アカミズキ,Wendlandia formosana,アカネ科,RUBIACEAE,153,,日本の野生植物 第2巻,Wendlandla,wendlandia,The row's genus field should match the first word of the scientific name.,This usually means parser state leaked from a neighboring OCR block.
78,genus_scientific_conflicts_with_scientific_name,profile_candidate,plant-profile-003694,アカミノイヌホオズキ,Solanum villlosum,ナス科,SOLANACEAE,173,,日本の野生植物 第2巻,Seopolia,solanum,The row's genus field should match the first word of the scientific name.,This usually means parser state leaked from a neighboring OCR block.
78,genus_scientific_conflicts_with_scientific_name,profile_candidate,plant-profile-001531,アカミノルイヨウショウマ,Actaea erythroearpa,キンポウゲ科,RANUNCULACEAE,185,369,日本の野生植物 第1巻,Thalictrum,actaea,The row's genus field should match the first word of the scientific name.,This usually means parser state leaked from a neighboring OCR block.
78,genus_scientific_conflicts_with_scientific_name,profile_candidate,plant-profile-003404,アカモノ,Gaultheria adenothrix,ツツジ科,ERICACEAE,140,,日本の野生植物 第2巻,Arctous,gaultheria,The row's genus field should match the first word of the scientific name.,This usually means parser state leaked from a neighboring OCR block.
78,genus_scientific_conflicts_with_scientific_name,profile_candidate,plant-profile-003344,アカヤシオ,Rhododendron pentaphyllum,ツツジ科,ERICACEAE,136,,日本の野生植物 第2巻,Phyllodoce,rhododendron,The row's genus field should match the first word of the scientific name.,This usually means parser state leaked from a neighboring OCR block.
78,genus_scientific_conflicts_with_scientific_name,profile_candidate,plant-profile-000469,アキザキナギラン,Cymbidium aspidistrifolium,ラン科,ORCHIDACEAE,75,148,日本の野生植物 第1巻,Cryptostylis,cymbidium,The row's genus field should match the first word of the scientific name.,This usually means parser state leaked from a neighboring OCR block.
78,genus_scientific_conflicts_with_scientific_name,profile_candidate,plant-profile-002028,アキニレ,Ulmus parvifolia,ニレ科,ULMACEAE,250,499,日本の野生植物 第1巻,Zelkova,ulmus,The row's genus field should match the first word of the scientific name.,This usually means parser state leaked from a neighboring OCR block.
78,genus_scientific_conflicts_with_scientific_name,profile_candidate,plant-profile-004593,アキノコハマギク,Chrysanthemum arcticum,キク科,ASTERACEAE,282,,日本の野生植物 第2巻,Artemisia,chrysanthemum,The row's genus field should match the first word of the scientific name.,This usually means parser state leaked from a neighboring OCR block.
78,genus_scientific_conflicts_with_scientific_name,profile_candidate,plant-profile-004629,アキノハハコグサ,Pseudognaphalium lypoleucum,キク科,ASTERACEAE,287,,日本の野生植物 第2巻,Leontopodium,pseudognaphalium,The row's genus field should match the first word of the scientific name.,This usually means parser state leaked from a neighboring OCR block.
78,genus_scientific_conflicts_with_scientific_name,profile_candidate,plant-profile-000247,アギナシ,Sagittaria aginashi,オモダカ科,ALISMATACEAE,48,,日本の野生植物 第1巻,Sagitaria,sagittaria,The row's genus field should match the first word of the scientific name.,This usually means parser state leaked from a neighboring OCR block.
78,genus_scientific_conflicts_with_scientific_name,profile_candidate,plant-profile-003413,アクシバ,Vaecinium japonieu,ツツジ科,ERICACEAE,142,283,日本の野生植物 第2巻,Vaccinium,vaecinium,The row's genus field should match the first word of the scientific name.,This usually means parser state leaked from a neighboring OCR block.
78,genus_scientific_conflicts_with_scientific_name,profile_candidate,plant-profile-003548,アケボノソウ,Swertia bimaculata,アカネ科,RUBIACEAE,157,,日本の野生植物 第2巻,Schenkia,swertia,The row's genus field should match the first word of the scientific name.,This usually means parser state leaked from a neighboring OCR block.
78,genus_scientific_conflicts_with_scientific_name,profile_candidate,plant-profile-003624,アサガオガラクサ,Evolvulus alsinoides,キョウチクトウ科,APOCYNACEAE,166,,日本の野生植物 第2巻,Erycibe,evolvulus,The row's genus field should match the first word of the scientific name.,This usually means parser state leaked from a neighboring OCR block.
78,genus_scientific_conflicts_with_scientific_name,profile_candidate,plant-profile-003528,アサマリンドウ,Gentiana sikokiana,アカネ科,RUBIACEAE,155,,日本の野生植物 第2巻,Swertia,gentiana,The row's genus field should match the first word of the scientific name.,This usually means parser state leaked from a neighboring OCR block.
78,genus_scientific_conflicts_with_scientific_name,profile_candidate,plant-profile-001230,アシカキ,Leersia japoniea,イネ科,POACEAE,147,,日本の野生植物 第1巻,Chikusichloa,leersia,The row's genus field should match the first word of the scientific name.,This usually means parser state leaked from a neighboring OCR block.
78,genus_scientific_conflicts_with_scientific_name,profile_candidate,plant-profile-003366,アシタカツツジ,Rhododendron komiyamae,ツツジ科,ERICACEAE,137,,日本の野生植物 第2巻,Phyllodoce,rhododendron,The row's genus field should match the first word of the scientific name.,This usually means parser state leaked from a neighboring OCR block.
78,genus_scientific_conflicts_with_scientific_name,profile_candidate,plant-profile-001413,アシボン,Mierostegium vimineum,イネ科,POACEAE,169,,日本の野生植物 第1巻,Melinis,mierostegium,The row's genus field should match the first word of the scientific name.,This usually means parser state leaked from a neighboring OCR block.
78,genus_scientific_conflicts_with_scientific_name,profile_candidate,plant-profile-001220,アズマザサ,Sasaella ramosa,イネ科,POACEAE,146,,日本の野生植物 第1巻,Sasa,sasaella,The row's genus field should match the first word of the scientific name.,This usually means parser state leaked from a neighboring OCR block.
78,genus_scientific_conflicts_with_scientific_name,profile_candidate,plant-profile-003331,アズマシャクナゲ,Rhododendron degronianum,ツツジ科,ERICACEAE,136,270,日本の野生植物 第2巻,Phyllodoce,rhododendron,The row's genus field should match the first word of the scientific name.,This usually means parser state leaked from a neighboring OCR block.
78,genus_scientific_conflicts_with_scientific_name,profile_candidate,plant-profile-001801,アズマツメクサ,Tillaea aguatiea,ベンケイソウ科,CRASSULACEAE,215,,日本の野生植物 第1巻,Tilaea,tillaea,The row's genus field should match the first word of the scientific name.,This usually means parser state leaked from a neighboring OCR block.
78,genus_scientific_conflicts_with_scientific_name,profile_candidate,plant-profile-001209,アズマネザサ,Pleioblastus chino,イネ科,POACEAE,145,289,日本の野生植物 第1巻,Plyllostaclys,pleioblastus,The row's genus field should match the first word of the scientific name.,This usually means parser state leaked from a neighboring OCR block.
78,genus_scientific_conflicts_with_scientific_name,profile_candidate,plant-profile-000763,アズマホシクサ,Erioeanlon takae,ホシクサ科,ERIOCAULACEAE,108,,日本の野生植物 第1巻,Eriocaulon,erioeanlon,The row's genus field should match the first word of the scientific name.,This usually means parser state leaked from a neighboring OCR block.
78,genus_scientific_conflicts_with_scientific_name,profile_candidate,plant-profile-001510,アズマレイジンソウ,Aconitum pteroeaule,キンポウゲ科,RANUNCULACEAE,184,367,日本の野生植物 第1巻,Thalictrum,aconitum,The row's genus field should match the first word of the scientific name.,This usually means parser state leaked from a neighboring OCR block.
78,genus_scientific_conflicts_with_scientific_name,profile_candidate,plant-profile-001511,アズミトリカブト,Aconitum azumiense,キンポウゲ科,RANUNCULACEAE,184,367,日本の野生植物 第1巻,Thalictrum,aconitum,The row's genus field should match the first word of the scientific name.,This usually means parser state leaked from a neighboring OCR block.
78,genus_scientific_conflicts_with_scientific_name,profile_candidate,plant-profile-003408,アセビ,Pieris japonica,ツツジ科,ERICACEAE,141,,日本の野生植物 第2巻,Arctous,pieris,The row's genus field should match the first word of the scientific name.,This usually means parser state leaked from a neighboring OCR block.
78,genus_scientific_conflicts_with_scientific_name,profile_candidate,plant-profile-000354,アダン,Pandanus odoratissimus,タコノキ科,PANDANACEAE,61,120,日本の野生植物 第1巻,Freycinetia,pandanus,The row's genus field should match the first word of the scientific name.,This usually means parser state leaked from a neighboring OCR block.
78,genus_scientific_conflicts_with_scientific_name,profile_candidate,plant-profile-003660,アツバクコ,Lycium sandwicense,ナス科,SOLANACEAE,170,,日本の野生植物 第2巻,Lycianthes,lycium,The row's genus field should match the first word of the scientific name.,This usually means parser state leaked from a neighboring OCR block.
78,genus_scientific_conflicts_with_scientific_name,profile_candidate,plant-profile-003486,アツバシマザクラ,Leptopetalum paclyplyllam,アカネ科,RUBIACEAE,150,,日本の野生植物 第2巻,Leptodermis,leptopetalum,The row's genus field should match the first word of the scientific name.,This usually means parser state leaked from a neighboring OCR block.
78,genus_scientific_conflicts_with_scientific_name,profile_candidate,plant-profile-000475,アツモリソウ,Cypripedium macranthos,ラン科,ORCHIDACEAE,75,149,日本の野生植物 第1巻,Cypripedlum,cypripedium,The row's genus field should match the first word of the scientific name.,This usually means parser state leaked from a neighboring OCR block.
78,genus_scientific_conflicts_with_scientific_name,profile_candidate,plant-profile-003775,アプノメ,Dopatrium junceum,オオバコ科,PLANTAGINACEAE,185,,日本の野生植物 第2巻,Dopatrlum,dopatrium,The row's genus field should match the first word of the scientific name.,This usually means parser state leaked from a neighboring OCR block.
78,genus_scientific_conflicts_with_scientific_name,profile_candidate,plant-profile-004359,アベトウヒレン,Saussurea kurosawae,キク科,ASTERACEAE,258,514,日本の野生植物 第2巻,Hemisteptia,saussurea,The row's genus field should match the first word of the scientific name.,This usually means parser state leaked from a neighboring OCR block.
78,genus_scientific_conflicts_with_scientific_name,profile_candidate,plant-profile-003367,アマギツツジ,Rhododendron amagianum,ツツジ科,ERICACEAE,137,,日本の野生植物 第2巻,Phyllodoce,rhododendron,The row's genus field should match the first word of the scientific name.,This usually means parser state leaked from a neighboring OCR block.
78,genus_scientific_conflicts_with_scientific_name,profile_candidate,plant-profile-003378,アマクサミツバツツジ,Rhododendron amakusaense,ツツジ科,ERICACEAE,138,,日本の野生植物 第2巻,Phyllodoce,rhododendron,The row's genus field should match the first word of the scientific name.,This usually means parser state leaked from a neighboring OCR block.
78,genus_scientific_conflicts_with_scientific_name,profile_candidate,plant-profile-003270,アマシバ,Symplocos formosana,ハイノキ科,SYMPLOCACEAE,126,250,日本の野生植物 第2巻,Syuplocos,symplocos,The row's genus field should match the first word of the scientific name.,This usually means parser state leaked from a neighboring OCR block.
78,genus_scientific_conflicts_with_scientific_name,profile_candidate,plant-profile-003565,アマミイケマ,Cynanchum boudieri,キョウチクトウ科,APOCYNACEAE,160,318,日本の野生植物 第2巻,Asclepias,cynanchum,The row's genus field should match the first word of the scientific name.,This usually means parser state leaked from a neighboring OCR block.
78,genus_scientific_conflicts_with_scientific_name,profile_candidate,plant-profile-001741,アマミチャルメルソウ,Mitella amamiana,ユキノシタ科,SAXIFRAGACEAE,208,,日本の野生植物 第1巻,Astilbe,mitella,The row's genus field should match the first word of the scientific name.,This usually means parser state leaked from a neighboring OCR block.
78,genus_scientific_conflicts_with_scientific_name,profile_candidate,plant-profile-000872,アマミナキリスゲ,Cares tabatae,カヤツリグサ科,CYPERACEAE,118,234,日本の野生植物 第1巻,Carex,cares,The row's genus field should match the first word of the scientific name.,This usually means parser state leaked from a neighboring OCR block.
78,genus_scientific_conflicts_with_scientific_name,profile_candidate,plant-profile-001817,アマミナツヅタ,Parthenocissus heterophylla,ブドウ科,VITACEAE,218,434,日本の野生植物 第1巻,Cayratia,parthenocissus,The row's genus field should match the first word of the scientific name.,This usually means parser state leaked from a neighboring OCR block.
78,genus_scientific_conflicts_with_scientific_name,profile_candidate,plant-profile-002417,アミガサギリ,Alchornea liukiuensis,トウダイグサ科,EUPHORBIACEAE,297,,日本の野生植物 第1巻,Acalypha,alchornea,The row's genus field should match the first word of the scientific name.,This usually means parser state leaked from a neighboring OCR block.
78,genus_scientific_conflicts_with_scientific_name,profile_candidate,plant-profile-002953,アラゲタデ,Persiearia pulehra,タデ科,POLYGONACEAE,87,,日本の野生植物 第2巻,Persicaria,persiearia,The row's genus field should match the first word of the scientific name.,This usually means parser state leaked from a neighboring OCR block.
78,genus_scientific_conflicts_with_scientific_name,profile_candidate,plant-profile-003422,アラゲナツハゼ,Vaecinfum cilatum,ツツジ科,ERICACEAE,142,,日本の野生植物 第2巻,Vaccinium,vaecinfum,The row's genus field should match the first word of the scientific name.,This usually means parser state leaked from a neighboring OCR block.
78,genus_scientific_conflicts_with_scientific_name,profile_candidate,plant-profile-004846,アラゲヒョウタンボク,Lonicera strophiophora,スイカズラ科,CAPRIFOLIACEAE,313,,日本の野生植物 第2巻,Linnaea,lonicera,The row's genus field should match the first word of the scientific name.,This usually means parser state leaked from a neighboring OCR block.
78,genus_scientific_conflicts_with_scientific_name,profile_candidate,plant-profile-004347,アラサワトウヒレン,Saussurea yanagitae,キク科,ASTERACEAE,257,,日本の野生植物 第2巻,Hemisteptia,saussurea,The row's genus field should match the first word of the scientific name.,This usually means parser state leaked from a neighboring OCR block.
78,genus_scientific_conflicts_with_scientific_name,profile_candidate,plant-profile-001722,アラシグサ,Boykinia lyeoetonifolia,ユキノシタ科,SAXIFRAGACEAE,206,,日本の野生植物 第1巻,Astilbe,boykinia,The row's genus field should match the first word of the scientific name.,This usually means parser state leaked from a neighboring OCR block.
78,genus_scientific_conflicts_with_scientific_name,profile_candidate,plant-profile-003440,アリドオシ,Damnaeantihus indieus,アカネ科,RUBIACEAE,146,,日本の野生植物 第2巻,Damnacanthus,damnaeantihus,The row's genus field should match the first word of the scientific name.,This usually means parser state leaked from a neighboring OCR block.
78,genus_scientific_conflicts_with_scientific_name,profile_candidate,plant-profile-000551,アリドオシラン,Myrmechis japoniea,ラン科,ORCHIDACEAE,83,,日本の野生植物 第1巻,Luisia,myrmechis,The row's genus field should match the first word of the scientific name.,This usually means parser state leaked from a neighboring OCR block.
78,genus_scientific_conflicts_with_scientific_name,profile_candidate,plant-profile-001810,アリノトウグサ,Gonoearpus mieranthus,アリノトウグサ科,HALORAGACEAE,216,,日本の野生植物 第1巻,GonocarPus,gonoearpus,The row's genus field should match the first word of the scientific name.,This usually means parser state leaked from a neighboring OCR block.
78,genus_scientific_conflicts_with_scientific_name,profile_candidate,plant-profile-002002,アリマグミ,Elaeagaus murakamiana,グミ科,ELAEAGNACEAE,246,,日本の野生植物 第1巻,Elaeagnus,elaeagaus,The row's genus field should match the first word of the scientific name.,This usually means parser state leaked from a neighboring OCR block.
78,genus_scientific_conflicts_with_scientific_name,profile_candidate,plant-profile-004070,アリモリソウ,Codonacantlus pauciflorus,キツネノマゴ科,ACANTHACEAE,223,445,日本の野生植物 第2巻,Codonacanthus,codonacantlus,The row's genus field should match the first word of the scientific name.,This usually means parser state leaked from a neighboring OCR block.
78,genus_scientific_conflicts_with_scientific_name,profile_candidate,plant-profile-001311,アワガエリ,Pheum panieulatum,イネ科,POACEAE,156,,日本の野生植物 第1巻,Phleum,pheum,The row's genus field should match the first word of the scientific name.,This usually means parser state leaked from a neighboring OCR block.
78,genus_scientific_conflicts_with_scientific_name,profile_candidate,plant-profile-000543,アワムヨウラン,Leeanorehis trachyeaula,ラン科,ORCHIDACEAE,82,,日本の野生植物 第1巻,Herminium,leeanorehis,The row's genus field should match the first word of the scientific name.,This usually means parser state leaked from a neighboring OCR block.
78,genus_scientific_conflicts_with_scientific_name,profile_candidate,plant-profile-002260,アンズ,Prunus armeniaca,バラ科,ROSACEAE,276,551,日本の野生植物 第1巻,Padus,prunus,The row's genus field should match the first word of the scientific name.,This usually means parser state leaked from a neighboring OCR block.
78,genus_scientific_conflicts_with_scientific_name,profile_candidate,plant-profile-001503,イイデトリカブト,Aconitum idemontanum,キンポウゲ科,RANUNCULACEAE,184,366,日本の野生植物 第1巻,Thalictrum,aconitum,The row's genus field should match the first word of the scientific name.,This usually means parser state leaked from a neighboring OCR block.
78,genus_scientific_conflicts_with_scientific_name,profile_candidate,plant-profile-000577,イイヌマムカゴ,Platanthera iinumae,ラン科,ORCHIDACEAE,86,171,日本の野生植物 第1巻,Peristylus,platanthera,The row's genus field should match the first word of the scientific name.,This usually means parser state leaked from a neighboring OCR block.
78,genus_scientific_conflicts_with_scientific_name,profile_candidate,plant-profile-001090,イガガヤツリ,Cyperus polystachyos,カヤツリグサ科,CYPERACEAE,130,,日本の野生植物 第1巻,Cladium,cyperus,The row's genus field should match the first word of the scientific name.,This usually means parser state leaked from a neighboring OCR block.
78,genus_scientific_conflicts_with_scientific_name,profile_candidate,plant-profile-002361,イシガキカラスウリ,Trichosanthes homophylla,ウリ科,CUCURBITACEAE,290,,日本の野生植物 第1巻,Thadiantha,trichosanthes,The row's genus field should match the first word of the scientific name.,This usually means parser state leaked from a neighboring OCR block.
78,genus_scientific_conflicts_with_scientific_name,profile_candidate,plant-profile-002996,イシモチソウ,Drosera peltata,タデ科,POLYGONACEAE,91,,日本の野生植物 第2巻,Drosena,drosera,The row's genus field should match the first word of the scientific name.,This usually means parser state leaked from a neighboring OCR block.
78,genus_scientific_conflicts_with_scientific_name,profile_candidate,plant-profile-004464,イズカニコウモリ,Parasenecio amagiensis,キク科,ASTERACEAE,271,,日本の野生植物 第2巻,Nemnosenecio,parasenecio,The row's genus field should match the first word of the scientific name.,This usually means parser state leaked from a neighboring OCR block.
78,genus_scientific_conflicts_with_scientific_name,profile_candidate,plant-profile-003229,イズセンリョウ,Maesa japonica,サクラソウ科,PRIMULACEAE,121,,日本の野生植物 第2巻,Lysimachia,maesa,The row's genus field should match the first word of the scientific name.,This usually means parser state leaked from a neighboring OCR block.
78,genus_scientific_conflicts_with_scientific_name,profile_candidate,plant-profile-000336,イズドコロ,Dioseorea izuensis,ヤマノイモ科,DIOSCOREACEAE,59,,日本の野生植物 第1巻,Dioscorea,dioseorea,The row's genus field should match the first word of the scientific name.,This usually means parser state leaked from a neighboring OCR block.
78,genus_scientific_conflicts_with_scientific_name,profile_candidate,plant-profile-001372,イゼナガヤ,Eriachne armitti,イネ科,POACEAE,163,,日本の野生植物 第1巻,Coelachne,eriachne,The row's genus field should match the first word of the scientific name.,This usually means parser state leaked from a neighboring OCR block.
78,genus_scientific_conflicts_with_scientific_name,profile_candidate,plant-profile-004600,イソギク,Chrysanthemum pacificum,キク科,ASTERACEAE,283,,日本の野生植物 第2巻,Artemisia,chrysanthemum,The row's genus field should match the first word of the scientific name.,This usually means parser state leaked from a neighboring OCR block.
78,genus_scientific_conflicts_with_scientific_name,profile_candidate,plant-profile-003324,イソツツジ,Rhododendron diversipilosum,ツツジ科,ERICACEAE,135,,日本の野生植物 第2巻,Phyllodoce,rhododendron,The row's genus field should match the first word of the scientific name.,This usually means parser state leaked from a neighboring OCR block.
78,genus_scientific_conflicts_with_scientific_name,profile_candidate,plant-profile-001950,イソフジ,Sophora tomentosa,ハマビシ科,ZYGOPHYLLACEAE,239,,日本の野生植物 第1巻,Sophona,sophora,The row's genus field should match the first word of the scientific name.,This usually means parser state leaked from a neighboring OCR block.
78,genus_scientific_conflicts_with_scientific_name,profile_candidate,plant-profile-003087,イソホウキギ,Bassia seoparia,ヒユ科,AMARANTHACEAE,101,,日本の野生植物 第2巻,Amaranthus,bassia,The row's genus field should match the first word of the scientific name.,This usually means parser state leaked from a neighboring OCR block.
78,genus_scientific_conflicts_with_scientific_name,profile_candidate,plant-profile-001431,イタチガヤ,Pogonatherum crinitum,イネ科,POACEAE,172,,日本の野生植物 第1巻,Phacelurus,pogonatherum,The row's genus field should match the first word of the scientific name.,This usually means parser state leaked from a neighboring OCR block.
78,genus_scientific_conflicts_with_scientific_name,profile_candidate,plant-profile-003302,イチゲイチヤクソウ,Moneses unillora,ツツジ科,ERICACEAE,131,261,日本の野生植物 第2巻,Chimaphila,moneses,The row's genus field should match the first word of the scientific name.,This usually means parser state leaked from a neighboring OCR block.
78,genus_scientific_conflicts_with_scientific_name,profile_candidate,plant-profile-001327,イチゴツナギ,Poa sphondylodes,イネ科,POACEAE,157,,日本の野生植物 第1巻,Phleum,poa,The row's genus field should match the first word of the scientific name.,This usually means parser state leaked from a neighboring OCR block.
78,genus_scientific_conflicts_with_scientific_name,profile_candidate,plant-profile-002049,イチジク,Ficus carica,クワ科,MORACEAE,254,506,日本の野生植物 第1巻,Fieus,ficus,The row's genus field should match the first word of the scientific name.,This usually means parser state leaked from a neighboring OCR block.
78,genus_scientific_conflicts_with_scientific_name,profile_candidate,plant-profile-001616,イチョウバイカモ,Ranunculus nipponieus,キンポウゲ科,RANUNCULACEAE,193,,日本の野生植物 第1巻,Pulsatilla,ranunculus,The row's genus field should match the first word of the scientific name.,This usually means parser state leaked from a neighboring OCR block.
78,genus_scientific_conflicts_with_scientific_name,profile_candidate,plant-profile-001321,イトイチゴツナギ,Poa matsumurne,イネ科,POACEAE,157,313,日本の野生植物 第1巻,Phleum,poa,The row's genus field should match the first word of the scientific name.,This usually means parser state leaked from a neighboring OCR block.
78,genus_scientific_conflicts_with_scientific_name,profile_candidate,plant-profile-001175,イトイヌノハナヒゲ,Rhyuchospora faberi,カヤツリグサ科,CYPERACEAE,136,,日本の野生植物 第1巻,Rhynchospora,rhyuchospora,The row's genus field should match the first word of the scientific name.,This usually means parser state leaked from a neighboring OCR block.
78,genus_scientific_conflicts_with_scientific_name,profile_candidate,plant-profile-000820,イトキンスゲ,Cares hakkodensis,カヤツリグサ科,CYPERACEAE,115,228,日本の野生植物 第1巻,Carex,cares,The row's genus field should match the first word of the scientific name.,This usually means parser state leaked from a neighboring OCR block.
78,genus_scientific_conflicts_with_scientific_name,profile_candidate,plant-profile-000817,イトハナビテンツキ,Bulbostylis densa,カヤツリグサ科,CYPERACEAE,113,,日本の野生植物 第1巻,Bulbostylls,bulbostylis,The row's genus field should match the first word of the scientific name.,This usually means parser state leaked from a neighboring OCR block.
78,genus_scientific_conflicts_with_scientific_name,profile_candidate,plant-profile-000288,イトモ,Potamogeton berehtoldii,ヒルムシロ科,POTAMOGETONACEAE,53,105,日本の野生植物 第1巻,Stuckenia,potamogeton,The row's genus field should match the first word of the scientific name.,This usually means parser state leaked from a neighboring OCR block.
78,genus_scientific_conflicts_with_scientific_name,profile_candidate,plant-profile-000646,イトラッキョウ,Allum virgunculae,ヒガンバナ科,AMARYLLIDACEAE,94,,日本の野生植物 第1巻,Allium,allum,The row's genus field should match the first word of the scientific name.,This usually means parser state leaked from a neighboring OCR block.
78,genus_scientific_conflicts_with_scientific_name,profile_candidate,plant-profile-004317,イナトウヒレン,Saussurea inaensis,キク科,ASTERACEAE,256,511,日本の野生植物 第2巻,Hemisteptia,saussurea,The row's genus field should match the first word of the scientific name.,This usually means parser state leaked from a neighboring OCR block.
78,genus_scientific_conflicts_with_scientific_name,profile_candidate,plant-profile-003496,イナモリソウ,Pseudopysis depressa,アカネ科,RUBIACEAE,151,,日本の野生植物 第2巻,Pseudopyxis,pseudopysis,The row's genus field should match the first word of the scientific name.,This usually means parser state leaked from a neighboring OCR block.
78,genus_scientific_conflicts_with_scientific_name,profile_candidate,plant-profile-000289,イヌイトモ,Potamogeton obtusifolius,ヒルムシロ科,POTAMOGETONACEAE,53,105,日本の野生植物 第1巻,Stuckenia,potamogeton,The row's genus field should match the first word of the scientific name.,This usually means parser state leaked from a neighboring OCR block.
78,genus_scientific_conflicts_with_scientific_name,profile_candidate,plant-profile-000154,イヌガシ,Neolitsea aciculata,クスノキ科,LAURACEAE,38,,日本の野生植物 第1巻,Machilus,neolitsea,The row's genus field should match the first word of the scientific name.,This usually means parser state leaked from a neighboring OCR block.
78,genus_scientific_conflicts_with_scientific_name,profile_candidate,plant-profile-003549,イヌセンプリ,Swertia tosaensis,アカネ科,RUBIACEAE,157,,日本の野生植物 第2巻,Schenkia,swertia,The row's genus field should match the first word of the scientific name.,This usually means parser state leaked from a neighboring OCR block.
78,genus_scientific_conflicts_with_scientific_name,profile_candidate,plant-profile-001172,イヌノハナヒゲ,Rlyuchospora japonica,カヤツリグサ科,CYPERACEAE,136,271,日本の野生植物 第1巻,Rhynchospora,rlyuchospora,The row's genus field should match the first word of the scientific name.,This usually means parser state leaked from a neighboring OCR block.
78,genus_scientific_conflicts_with_scientific_name,profile_candidate,plant-profile-003686,イヌホオズキ,Solanum nigrum,ナス科,SOLANACEAE,173,344,日本の野生植物 第2巻,Seopolia,solanum,The row's genus field should match the first word of the scientific name.,This usually means parser state leaked from a neighboring OCR block.
78,genus_scientific_conflicts_with_scientific_name,profile_candidate,plant-profile-001255,イヌムギ,Bromus catharticus,イネ科,POACEAE,150;151,300,日本の野生植物 第1巻,BromIs,bromus,The row's genus field should match the first word of the scientific name.,This usually means parser state leaked from a neighboring OCR block.
78,genus_scientific_conflicts_with_scientific_name,profile_candidate,plant-profile-001312,イネガヤ,Piptatherum kuoi,イネ科,POACEAE,156,,日本の野生植物 第1巻,Phleum,piptatherum,The row's genus field should match the first word of the scientific name.,This usually means parser state leaked from a neighboring OCR block.
78,genus_scientific_conflicts_with_scientific_name,profile_candidate,plant-profile-001961,イブキノエンドウ,Vicia sepium,マメ科,FABACEAE,241,481,日本の野生植物 第1巻,Thermopsis,vicia,The row's genus field should match the first word of the scientific name.,This usually means parser state leaked from a neighboring OCR block.
78,genus_scientific_conflicts_with_scientific_name,profile_candidate,plant-profile-001328,イプキソモソモ,Poa radula,イネ科,POACEAE,157,,日本の野生植物 第1巻,Phleum,poa,The row's genus field should match the first word of the scientific name.,This usually means parser state leaked from a neighboring OCR block.
78,genus_scientific_conflicts_with_scientific_name,profile_candidate,plant-profile-001193,イヘヤヒゲクサ,Sehoenus calostachyus,カヤツリグサ科,CYPERACEAE,138,,日本の野生植物 第1巻,Schoenus,sehoenus,The row's genus field should match the first word of the scientific name.,This usually means parser state leaked from a neighboring OCR block.
78,genus_scientific_conflicts_with_scientific_name,profile_candidate,plant-profile-000724,イボクサ,Murdannia keisak,ツユクサ科,COMMELINACEAE,103,,日本の野生植物 第1巻,Amischotolype,murdannia,The row's genus field should match the first word of the scientific name.,This usually means parser state leaked from a neighboring OCR block.
78,genus_scientific_conflicts_with_scientific_name,profile_candidate,plant-profile-004847,イボタヒョウタンボク,Lonicera demissa,スイカズラ科,CAPRIFOLIACEAE,313,,日本の野生植物 第2巻,Linnaea,lonicera,The row's genus field should match the first word of the scientific name.,This usually means parser state leaked from a neighboring OCR block.
78,genus_scientific_conflicts_with_scientific_name,profile_candidate,plant-profile-003695,イラブナスビ,Solanum miyakojimense,ナス科,SOLANACEAE,173,,日本の野生植物 第2巻,Seopolia,solanum,The row's genus field should match the first word of the scientific name.,This usually means parser state leaked from a neighboring OCR block.
78,genus_scientific_conflicts_with_scientific_name,profile_candidate,plant-profile-003436,イリオモテソウ,Argostemma solanillorum,アカネ科,RUBIACEAE,145,,日本の野生植物 第2巻,Argostemmna,argostemma,The row's genus field should match the first word of the scientific name.,This usually means parser state leaked from a neighboring OCR block.
78,genus_scientific_conflicts_with_scientific_name,profile_candidate,plant-profile-003095,イワアカザ,Chenopodium gracilispicum,ヒユ科,AMARANTHACEAE,102,,日本の野生植物 第2巻,Chenopodiastrum,chenopodium,The row's genus field should match the first word of the scientific name.,This usually means parser state leaked from a neighboring OCR block.
78,genus_scientific_conflicts_with_scientific_name,profile_candidate,plant-profile-004152,イワイチョウ,Nephrophy llidium crista-gall,ミツガシワ科,MENYANTHACEAE,233,464,日本の野生植物 第2巻,Nephroplylidium,nephrophy,The row's genus field should match the first word of the scientific name.,This usually means parser state leaked from a neighboring OCR block.
78,genus_scientific_conflicts_with_scientific_name,profile_candidate,plant-profile-004601,イワインチン,Chrysanthemum rupestre,キク科,ASTERACEAE,283,,日本の野生植物 第2巻,Artemisia,chrysanthemum,The row's genus field should match the first word of the scientific name.,This usually means parser state leaked from a neighboring OCR block.
78,genus_scientific_conflicts_with_scientific_name,profile_candidate,plant-profile-004602,イワギク,Chrysanthemum zawadskii,キク科,ASTERACEAE,283,,日本の野生植物 第2巻,Artemisia,chrysanthemum,The row's genus field should match the first word of the scientific name.,This usually means parser state leaked from a neighboring OCR block.
78,genus_scientific_conflicts_with_scientific_name,profile_candidate,plant-profile-003237,イワザクラ,Primula tosaensis,サクラソウ科,PRIMULACEAE,122,,日本の野生植物 第2巻,Lysimachia,primula,The row's genus field should match the first word of the scientific name.,This usually means parser state leaked from a neighboring OCR block.
78,genus_scientific_conflicts_with_scientific_name,profile_candidate,plant-profile-000436,イワチドリ,Amitostigma keiskei,ラン科,ORCHIDACEAE,71,,日本の野生植物 第1巻,Amitostigmna,amitostigma,The row's genus field should match the first word of the scientific name.,This usually means parser state leaked from a neighboring OCR block.
78,genus_scientific_conflicts_with_scientific_name,profile_candidate,plant-profile-004882,イワツクバネウツギ,Zabelia integrifolia,スイカズラ科,CAPRIFOLIACEAE,316,,日本の野生植物 第2巻,Weigela,zabelia,The row's genus field should match the first word of the scientific name.,This usually means parser state leaked from a neighboring OCR block.
78,genus_scientific_conflicts_with_scientific_name,profile_candidate,plant-profile-003414,イワツツジ,Vaecinium praestans,ツツジ科,ERICACEAE,142,283,日本の野生植物 第2巻,Vaccinium,vaecinium,The row's genus field should match the first word of the scientific name.,This usually means parser state leaked from a neighboring OCR block.
78,genus_scientific_conflicts_with_scientific_name,profile_candidate,plant-profile-004348,イワテヒゴタイ,Saussurea brachycephala,キク科,ASTERACEAE,257,,日本の野生植物 第2巻,Hemisteptia,saussurea,The row's genus field should match the first word of the scientific name.,This usually means parser state leaked from a neighboring OCR block.
78,genus_scientific_conflicts_with_scientific_name,profile_candidate,plant-profile-003405,イワナンテン,Leucothoe keiskei,ツツジ科,ERICACEAE,140,,日本の野生植物 第2巻,Arctous,leucothoe,The row's genus field should match the first word of the scientific name.,This usually means parser state leaked from a neighboring OCR block.
78,genus_scientific_conflicts_with_scientific_name,profile_candidate,plant-profile-001723,イワネコノメソウ,Clhrysosplenium echinus,ユキノシタ科,SAXIFRAGACEAE,206,,日本の野生植物 第1巻,Astilbe,clhrysosplenium,The row's genus field should match the first word of the scientific name.,This usually means parser state leaked from a neighboring OCR block.
78,genus_scientific_conflicts_with_scientific_name,profile_candidate,plant-profile-001261,イワノガリヤス,Calamagrostis purpurea,イネ科,POACEAE,151,,日本の野生植物 第1巻,BromIs,calamagrostis,The row's genus field should match the first word of the scientific name.,This usually means parser state leaked from a neighboring OCR block.
78,genus_scientific_conflicts_with_scientific_name,profile_candidate,plant-profile-001731,イワボタン,Chrysosplenium macrostemon,ユキノシタ科,SAXIFRAGACEAE,207,,日本の野生植物 第1巻,Astilbe,chrysosplenium,The row's genus field should match the first word of the scientific name.,This usually means parser state leaked from a neighboring OCR block.
78,genus_scientific_conflicts_with_scientific_name,profile_candidate,plant-profile-001761,イワユキノシタ,Tanakaea radieans,ユキノシタ科,SAXIFRAGACEAE,210,,日本の野生植物 第1巻,Saxifraga,tanakaea,The row's genus field should match the first word of the scientific name.,This usually means parser state leaked from a neighboring OCR block.
78,genus_scientific_conflicts_with_scientific_name,profile_candidate,plant-profile-001784,イワレンゲ,Orostachys malacophylla,ベンケイソウ科,CRASSULACEAE,213,,日本の野生植物 第1巻,Kalanchoe,orostachys,The row's genus field should match the first word of the scientific name.,This usually means parser state leaked from a neighboring OCR block.
78,genus_scientific_conflicts_with_scientific_name,profile_candidate,plant-profile-000337,ウエマツソウ,Seiaphila secundilora,ホンゴウソウ科,TRIURIDACEAE,59,,日本の野生植物 第1巻,Sciaphila,seiaphila,The row's genus field should match the first word of the scientific name.,This usually means parser state leaked from a neighboring OCR block.
78,genus_scientific_conflicts_with_scientific_name,profile_candidate,plant-profile-001290,ウキガヤ,Glyceria depauperata,イネ科,POACEAE,154,306,日本の野生植物 第1巻,Glyeeria,glyceria,The row's genus field should match the first word of the scientific name.,This usually means parser state leaked from a neighboring OCR block.
78,genus_scientific_conflicts_with_scientific_name,profile_candidate,plant-profile-001432,ウキシバ,Pseudoraphis sordida,イネ科,POACEAE,172,,日本の野生植物 第1巻,Phacelurus,pseudoraphis,The row's genus field should match the first word of the scientific name.,This usually means parser state leaked from a neighboring OCR block.
78,genus_scientific_conflicts_with_scientific_name,profile_candidate,plant-profile-004349,ウゴトウヒレン,Saussurea ugoensis,キク科,ASTERACEAE,257,,日本の野生植物 第2巻,Hemisteptia,saussurea,The row's genus field should match the first word of the scientific name.,This usually means parser state leaked from a neighboring OCR block.
78,genus_scientific_conflicts_with_scientific_name,profile_candidate,plant-profile-004615,ウシオシカギク,Cotula coronopifolia,キク科,ASTERACEAE,284,,日本の野生植物 第2巻,Artemisia,cotula,The row's genus field should match the first word of the scientific name.,This usually means parser state leaked from a neighboring OCR block.
78,genus_scientific_conflicts_with_scientific_name,profile_candidate,plant-profile-001107,ウシクグ,Cyperus orthostachyus,カヤツリグサ科,CYPERACEAE,131,,日本の野生植物 第1巻,Cladium,cyperus,The row's genus field should match the first word of the scientific name.,This usually means parser state leaked from a neighboring OCR block.
78,genus_scientific_conflicts_with_scientific_name,profile_candidate,plant-profile-002679,ウシタキソウ,Circaea cordata,アカバナ科,ONAGRACEAE,43,,日本の野生植物 第2巻,Cireaea,circaea,The row's genus field should match the first word of the scientific name.,This usually means parser state leaked from a neighboring OCR block.
78,genus_scientific_conflicts_with_scientific_name,profile_candidate,plant-profile-001407,ウシノシッペイ,Hemarthria sibiriea,イネ科,POACEAE,168,,日本の野生植物 第1巻,Hemnarthria,hemarthria,The row's genus field should match the first word of the scientific name.,This usually means parser state leaked from a neighboring OCR block.
78,genus_scientific_conflicts_with_scientific_name,profile_candidate,plant-profile-002597,ウスカワゴロモ,Hydrobryumn floribundum,カワゴケソウ科,PODOSTEMACEAE,34,,日本の野生植物 第2巻,Hydrobryum,hydrobryumn,The row's genus field should match the first word of the scientific name.,This usually means parser state leaked from a neighboring OCR block.
78,genus_scientific_conflicts_with_scientific_name,profile_candidate,plant-profile-000537,ウスキムヨウラン,Lecanorchis kiusiana,ラン科,ORCHIDACEAE,82,162,日本の野生植物 第1巻,Herminium,lecanorchis,The row's genus field should match the first word of the scientific name.,This usually means parser state leaked from a neighboring OCR block.
78,genus_scientific_conflicts_with_scientific_name,profile_candidate,plant-profile-004479,ウスゲタマブキ,Parasenecio farfarifolius,キク科,ASTERACEAE,272,,日本の野生植物 第2巻,Nemnosenecio,parasenecio,The row's genus field should match the first word of the scientific name.,This usually means parser state leaked from a neighboring OCR block.
78,genus_scientific_conflicts_with_scientific_name,profile_candidate,plant-profile-003423,ウスノキ,Vaeeinium hirtum,ツツジ科,ERICACEAE,142,,日本の野生植物 第2巻,Vaccinium,vaeeinium,The row's genus field should match the first word of the scientific name.,This usually means parser state leaked from a neighboring OCR block.
78,genus_scientific_conflicts_with_scientific_name,profile_candidate,plant-profile-004848,ウスバヒョウタンボク,Lonicera cerasina,スイカズラ科,CAPRIFOLIACEAE,313,,日本の野生植物 第2巻,Linnaea,lonicera,The row's genus field should match the first word of the scientific name.,This usually means parser state leaked from a neighboring OCR block.
78,genus_scientific_conflicts_with_scientific_name,profile_candidate,plant-profile-004452,ウスベニニガナ,Emilia sonchifolia,キク科,ASTERACEAE,269,,日本の野生植物 第2巻,Dendrocacalia,emilia,The row's genus field should match the first word of the scientific name.,This usually means parser state leaked from a neighboring OCR block.
78,genus_scientific_conflicts_with_scientific_name,profile_candidate,plant-profile-004029,ウスユキクチナシグサ,Monochasmna savatieri,ハマウツボ科,OROBANCHACEAE,219,,日本の野生植物 第2巻,Monochasma,monochasmna,The row's genus field should match the first word of the scientific name.,This usually means parser state leaked from a neighboring OCR block.
78,genus_scientific_conflicts_with_scientific_name,profile_candidate,plant-profile-001512,ウゼントリカブト,Aconitum okuyamae,キンポウゲ科,RANUNCULACEAE,184,367,日本の野生植物 第1巻,Thalictrum,aconitum,The row's genus field should match the first word of the scientific name.,This usually means parser state leaked from a neighboring OCR block.
78,genus_scientific_conflicts_with_scientific_name,profile_candidate,plant-profile-000600,ウチョウラン,Ponerorehis graminifolia,ラン科,ORCHIDACEAE,88,,日本の野生植物 第1巻,Ponerorchis,ponerorehis,The row's genus field should match the first word of the scientific name.,This usually means parser state leaked from a neighboring OCR block.
78,genus_scientific_conflicts_with_scientific_name,profile_candidate,plant-profile-001940,ウチワツナギ,Phyllodium pulchellum,ハマビシ科,ZYGOPHYLLACEAE,238,474,日本の野生植物 第1巻,Oxytropis,phyllodium,The row's genus field should match the first word of the scientific name.,This usually means parser state leaked from a neighboring OCR block.
78,genus_scientific_conflicts_with_scientific_name,profile_candidate,plant-profile-003973,ウツボグサ,Prunella vulgaris,シソ科,LAMIACEAE,211,,日本の野生植物 第2巻,Nepeta,prunella,The row's genus field should match the first word of the scientific name.,This usually means parser state leaked from a neighboring OCR block.
78,genus_scientific_conflicts_with_scientific_name,profile_candidate,plant-profile-004756,ウバタケニンジン,Angeliea ubatakensis,セリ科,APIACEAE,302,,日本の野生植物 第2巻,Angelica,angeliea,The row's genus field should match the first word of the scientific name.,This usually means parser state leaked from a neighboring OCR block.
78,genus_scientific_conflicts_with_scientific_name,profile_candidate,plant-profile-001923,ウマゴヤシ,Medicago polymorpha,マメ科,FABACEAE,236,470,日本の野生植物 第1巻,Medieago,medicago,The row's genus field should match the first word of the scientific name.,This usually means parser state leaked from a neighboring OCR block.
78,genus_scientific_conflicts_with_scientific_name,profile_candidate,plant-profile-001067,ウマスゲ,Cares idzuroei,カヤツリグサ科,CYPERACEAE,128,,日本の野生植物 第1巻,Carex,cares,The row's genus field should match the first word of the scientific name.,This usually means parser state leaked from a neighboring OCR block.
78,genus_scientific_conflicts_with_scientific_name,profile_candidate,plant-profile-001262,ウマノチャヒキ,Bromus tectorum,イネ科,POACEAE,151,,日本の野生植物 第1巻,BromIs,bromus,The row's genus field should match the first word of the scientific name.,This usually means parser state leaked from a neighboring OCR block.
78,genus_scientific_conflicts_with_scientific_name,profile_candidate,plant-profile-002261,ウメ,Prunus mume,バラ科,ROSACEAE,276,,日本の野生植物 第1巻,Padus,prunus,The row's genus field should match the first word of the scientific name.,This usually means parser state leaked from a neighboring OCR block.
78,genus_scientific_conflicts_with_scientific_name,profile_candidate,plant-profile-004559,ウラギク,Tripolium pannonicum,キク科,ASTERACEAE,279,,日本の野生植物 第2巻,Symphyotrichum,tripolium,The row's genus field should match the first word of the scientific name.,This usually means parser state leaked from a neighboring OCR block.
78,genus_scientific_conflicts_with_scientific_name,profile_candidate,plant-profile-004721,ウラジロウコギ,Eleutheroeoeeus hypoleueus,ウコギ科,ARALIACEAE,297,,日本の野生植物 第2巻,Eleutherococeus,eleutheroeoeeus,The row's genus field should match the first word of the scientific name.,This usually means parser state leaked from a neighboring OCR block.
78,genus_scientific_conflicts_with_scientific_name,profile_candidate,plant-profile-003379,ウラジロミツバツツジ,Rhododendron osuzuyamense,ツツジ科,ERICACEAE,138,,日本の野生植物 第2巻,Phyllodoce,rhododendron,The row's genus field should match the first word of the scientific name.,This usually means parser state leaked from a neighboring OCR block.
78,genus_scientific_conflicts_with_scientific_name,profile_candidate,plant-profile-000242,ウリカワ,Sagittaria pygmaea,オモダカ科,ALISMATACEAE,47,,日本の野生植物 第1巻,Sagitaria,sagittaria,The row's genus field should match the first word of the scientific name.,This usually means parser state leaked from a neighboring OCR block.
78,genus_scientific_conflicts_with_scientific_name,profile_candidate,plant-profile-004322,ウリュウトウヒレン,Saussurea uryuensis,キク科,ASTERACEAE,256,,日本の野生植物 第2巻,Hemisteptia,saussurea,The row's genus field should match the first word of the scientific name.,This usually means parser state leaked from a neighboring OCR block.
78,genus_scientific_conflicts_with_scientific_name,profile_candidate,plant-profile-002726,ウルシ,Toxicodendron vernicifluum,ウルシ科,ANACARDIACEAE,50,,日本の野生植物 第2巻,Schinus,toxicodendron,The row's genus field should match the first word of the scientific name.,This usually means parser state leaked from a neighboring OCR block.
78,genus_scientific_conflicts_with_scientific_name,profile_candidate,plant-profile-003354,ウンゼンツツジ,Rhododendron serpyllifolium,ツツジ科,ERICACEAE,137,272,日本の野生植物 第2巻,Phyllodoce,rhododendron,The row's genus field should match the first word of the scientific name.,This usually means parser state leaked from a neighboring OCR block.
78,genus_scientific_conflicts_with_scientific_name,profile_candidate,plant-profile-000785,エゾイトイ,Juneus potaninii,イグサ科,JUNCACEAE,110,218,日本の野生植物 第1巻,Juncus,juneus,The row's genus field should match the first word of the scientific name.,This usually means parser state leaked from a neighboring OCR block.
78,genus_scientific_conflicts_with_scientific_name,profile_candidate,plant-profile-000765,エゾイヌノヒゲ,Erioeanlon perplexum,ホシクサ科,ERIOCAULACEAE,108,,日本の野生植物 第1巻,Eriocaulon,erioeanlon,The row's genus field should match the first word of the scientific name.,This usually means parser state leaked from a neighboring OCR block.
78,genus_scientific_conflicts_with_scientific_name,profile_candidate,plant-profile-004722,エゾウコギ,Eleutheroeoecus senticosus,ウコギ科,ARALIACEAE,297,,日本の野生植物 第2巻,Eleutherococeus,eleutheroeoecus,The row's genus field should match the first word of the scientific name.,This usually means parser state leaked from a neighboring OCR block.
78,genus_scientific_conflicts_with_scientific_name,profile_candidate,plant-profile-003798,エゾオオバコ,Plantago camtschatica,オオバコ科,PLANTAGINACEAE,188,,日本の野生植物 第2巻,Linaria,plantago,The row's genus field should match the first word of the scientific name.,This usually means parser state leaked from a neighboring OCR block.
78,genus_scientific_conflicts_with_scientific_name,profile_candidate,plant-profile-002606,エゾオトギリ,Hyperieum yezoense,オトギリソウ科,HYPERICACEAE,36,,日本の野生植物 第2巻,Hypericum,hyperieum,The row's genus field should match the first word of the scientific name.,This usually means parser state leaked from a neighboring OCR block.
78,genus_scientific_conflicts_with_scientific_name,profile_candidate,plant-profile-000635,エゾキスゲ,Hemeroeallis lilioasphodelus,ススキノキ科,XANTHORRHOEACEAE,93,184,日本の野生植物 第1巻,Hemerocalls,hemeroeallis,The row's genus field should match the first word of the scientific name.,This usually means parser state leaked from a neighboring OCR block.
78,genus_scientific_conflicts_with_scientific_name,profile_candidate,plant-profile-003133,エゾゴゼンタチバナ,Cormus suecica,ミズキ科,CORNACEAE,108,,日本の野生植物 第2巻,Alangium,cormus,The row's genus field should match the first word of the scientific name.,This usually means parser state leaked from a neighboring OCR block.
78,genus_scientific_conflicts_with_scientific_name,profile_candidate,plant-profile-003961,エゾシロネ,Lyeopus uniforus,シソ科,LAMIACEAE,210,,日本の野生植物 第2巻,Dracocephalum,lyeopus,The row's genus field should match the first word of the scientific name.,This usually means parser state leaked from a neighboring OCR block.
78,genus_scientific_conflicts_with_scientific_name,profile_candidate,plant-profile-002877,エゾスズシロ,Erysiinum cheiranthoides,アブラナ科,BRASSICACEAE,75,148,日本の野生植物 第2巻,Erysimum,erysiinum,The row's genus field should match the first word of the scientific name.,This usually means parser state leaked from a neighboring OCR block.
78,genus_scientific_conflicts_with_scientific_name,profile_candidate,plant-profile-004382,エゾタカネニガナ,Crepis gymnopus,キク科,ASTERACEAE,260,,日本の野生植物 第2巻,Crepidiastrum,crepis,The row's genus field should match the first word of the scientific name.,This usually means parser state leaked from a neighboring OCR block.
78,genus_scientific_conflicts_with_scientific_name,profile_candidate,plant-profile-000590,エゾチドリ,Platanthera metabifolia,ラン科,ORCHIDACEAE,87,,日本の野生植物 第1巻,Peristylus,platanthera,The row's genus field should match the first word of the scientific name.,This usually means parser state leaked from a neighboring OCR block.
78,genus_scientific_conflicts_with_scientific_name,profile_candidate,plant-profile-001012,エゾツリスゲ,Cares papulosa,カヤツリグサ科,CYPERACEAE,125,,日本の野生植物 第1巻,Carex,cares,The row's genus field should match the first word of the scientific name.,This usually means parser state leaked from a neighboring OCR block.
78,genus_scientific_conflicts_with_scientific_name,profile_candidate,plant-profile-003817,エゾノカワヂシャ,Veroniea amerieana,オオバコ科,PLANTAGINACEAE,190,,日本の野生植物 第2巻,Linaria,veroniea,The row's genus field should match the first word of the scientific name.,This usually means parser state leaked from a neighboring OCR block.
78,genus_scientific_conflicts_with_scientific_name,profile_candidate,plant-profile-001785,エゾノキリンソウ,Phedimus kamtschatieus,ベンケイソウ科,CRASSULACEAE,213,,日本の野生植物 第1巻,Kalanchoe,phedimus,The row's genus field should match the first word of the scientific name.,This usually means parser state leaked from a neighboring OCR block.
78,genus_scientific_conflicts_with_scientific_name,profile_candidate,plant-profile-003604,エゾノクサタチバナ,Vincetosieum inamoenum,キョウチクトウ科,APOCYNACEAE,163,,日本の野生植物 第2巻,Vincetoxicum,vincetosieum,The row's genus field should match the first word of the scientific name.,This usually means parser state leaked from a neighboring OCR block.
78,genus_scientific_conflicts_with_scientific_name,profile_candidate,plant-profile-001231,エゾノサヤヌカグサ,Leersia oryzoides,イネ科,POACEAE,147,,日本の野生植物 第1巻,Chikusichloa,leersia,The row's genus field should match the first word of the scientific name.,This usually means parser state leaked from a neighboring OCR block.
78,genus_scientific_conflicts_with_scientific_name,profile_candidate,plant-profile-004780,エゾノシシウド,Coelopleurum gmelinii,セリ科,APIACEAE,304,,日本の野生植物 第2巻,Cnidium,coelopleurum,The row's genus field should match the first word of the scientific name.,This usually means parser state leaked from a neighboring OCR block.
78,genus_scientific_conflicts_with_scientific_name,profile_candidate,plant-profile-004018,エゾノダッタンコゴメグサ,Eaphrasia peetinata,ハマウツボ科,OROBANCHACEAE,218,,日本の野生植物 第2巻,Euphrasia,eaphrasia,The row's genus field should match the first word of the scientific name.,This usually means parser state leaked from a neighboring OCR block.
78,genus_scientific_conflicts_with_scientific_name,profile_candidate,plant-profile-001742,エゾノチャルメルソウ,Mitella integripetala,ユキノシタ科,SAXIFRAGACEAE,208,,日本の野生植物 第1巻,Astilbe,mitella,The row's genus field should match the first word of the scientific name.,This usually means parser state leaked from a neighboring OCR block.
78,genus_scientific_conflicts_with_scientific_name,profile_candidate,plant-profile-000285,エゾノヒルムシロ,Potamogeton gramineus,ヒルムシロ科,POTAMOGETONACEAE,53,104,日本の野生植物 第1巻,Stuckenia,potamogeton,The row's genus field should match the first word of the scientific name.,This usually means parser state leaked from a neighboring OCR block.
78,genus_scientific_conflicts_with_scientific_name,profile_candidate,plant-profile-001504,エゾノホソバトリカブト,Aconitum yuparense,キンポウゲ科,RANUNCULACEAE,184,366,日本の野生植物 第1巻,Thalictrum,aconitum,The row's genus field should match the first word of the scientific name.,This usually means parser state leaked from a neighboring OCR block.
78,genus_scientific_conflicts_with_scientific_name,profile_candidate,plant-profile-000396,エゾヒメアマナ,Gagea vaginata,ユリ科,LILIACEAE,66,,日本の野生植物 第1巻,Fritillaria,gagea,The row's genus field should match the first word of the scientific name.,This usually means parser state leaked from a neighboring OCR block.
78,genus_scientific_conflicts_with_scientific_name,profile_candidate,plant-profile-003801,エゾヒメクワガタ,Veronica stelleri,オオバコ科,PLANTAGINACEAE,189,,日本の野生植物 第2巻,Linaria,veronica,The row's genus field should match the first word of the scientific name.,This usually means parser state leaked from a neighboring OCR block.
78,genus_scientific_conflicts_with_scientific_name,profile_candidate,plant-profile-002664,エゾミソハギ,Lythrum saliearia,ミソハギ科,LYTHRACEAE,41,,日本の野生植物 第2巻,Lagerstroemia,lythrum,The row's genus field should match the first word of the scientific name.,This usually means parser state leaked from a neighboring OCR block.
78,genus_scientific_conflicts_with_scientific_name,profile_candidate,plant-profile-003325,エゾムラサキツツジ,Rhododendron dauricum,ツツジ科,ERICACEAE,135,,日本の野生植物 第2巻,Phyllodoce,rhododendron,The row's genus field should match the first word of the scientific name.,This usually means parser state leaked from a neighboring OCR block.
78,genus_scientific_conflicts_with_scientific_name,profile_candidate,plant-profile-004402,エゾムラサキニガナ,Lactuea sibirica,キク科,ASTERACEAE,262,,日本の野生植物 第2巻,Ixeris,lactuea,The row's genus field should match the first word of the scientific name.,This usually means parser state leaked from a neighboring OCR block.
78,genus_scientific_conflicts_with_scientific_name,profile_candidate,plant-profile-000290,エゾヤナギモ,Potamogeton compressts,ヒルムシロ科,POTAMOGETONACEAE,53,105,日本の野生植物 第1巻,Stuckenia,potamogeton,The row's genus field should match the first word of the scientific name.,This usually means parser state leaked from a neighboring OCR block.
78,genus_scientific_conflicts_with_scientific_name,profile_candidate,plant-profile-002628,エゾヤマオトギリ,Hyperieum kurodakeanum,オトギリソウ科,HYPERICACEAE,37,,日本の野生植物 第2巻,Hypericum,hyperieum,The row's genus field should match the first word of the scientific name.,This usually means parser state leaked from a neighboring OCR block.
78,genus_scientific_conflicts_with_scientific_name,profile_candidate,plant-profile-004619,エゾヨモギギク,Tanacetum vulgare,キク科,ASTERACEAE,285,,日本の野生植物 第2巻,Soliva,tanacetum,The row's genus field should match the first word of the scientific name.,This usually means parser state leaked from a neighboring OCR block.
78,genus_scientific_conflicts_with_scientific_name,profile_candidate,plant-profile-003717,エゾルリソウ,Mertensia pterocarpa,ムラサキ科,BORAGINACEAE,177,,日本の野生植物 第2巻,Lithospermum,mertensia,The row's genus field should match the first word of the scientific name.,This usually means parser state leaked from a neighboring OCR block.
78,genus_scientific_conflicts_with_scientific_name,profile_candidate,plant-profile-003725,エチゴルリソウ,Nihon laevispermum,ムラサキ科,BORAGINACEAE,178,,日本の野生植物 第2巻,Myosotis,nihon,The row's genus field should match the first word of the scientific name.,This usually means parser state leaked from a neighboring OCR block.
78,genus_scientific_conflicts_with_scientific_name,profile_candidate,plant-profile-003788,エナシシソクサ,Limnophila fragrans,オオバコ科,PLANTAGINACEAE,187,,日本の野生植物 第2巻,Lagotis,limnophila,The row's genus field should match the first word of the scientific name.,This usually means parser state leaked from a neighboring OCR block.
78,genus_scientific_conflicts_with_scientific_name,profile_candidate,plant-profile-002420,エノキフジ,Diseoeleidion ulmifolium,トウダイグサ科,EUPHORBIACEAE,298,,日本の野生植物 第1巻,Acalypha,diseoeleidion,The row's genus field should match the first word of the scientific name.,This usually means parser state leaked from a neighboring OCR block.
78,genus_scientific_conflicts_with_scientific_name,profile_candidate,plant-profile-000296,エビモ,Potamogeton crispus,ヒルムシロ科,POTAMOGETONACEAE,53,,日本の野生植物 第1巻,Stuckenia,potamogeton,The row's genus field should match the first word of the scientific name.,This usually means parser state leaked from a neighboring OCR block.
78,genus_scientific_conflicts_with_scientific_name,profile_candidate,plant-profile-001973,エビラフジ,Vicia venosa,マメ科,FABACEAE,242,483,日本の野生植物 第1巻,Thermopsis,vicia,The row's genus field should match the first word of the scientific name.,This usually means parser state leaked from a neighboring OCR block.
78,genus_scientific_conflicts_with_scientific_name,profile_candidate,plant-profile-000362,エンレイソウ,Twillium apetalon,シュロソウ科,MELANTHIACEAE,62,,日本の野生植物 第1巻,Paris,twillium,The row's genus field should match the first word of the scientific name.,This usually means parser state leaked from a neighboring OCR block.
78,genus_scientific_conflicts_with_scientific_name,profile_candidate,plant-profile-000972,オオアオスゲ,Cares lonchophora,カヤツリグサ科,CYPERACEAE,123,,日本の野生植物 第1巻,Carex,cares,The row's genus field should match the first word of the scientific name.,This usually means parser state leaked from a neighboring OCR block.
78,genus_scientific_conflicts_with_scientific_name,profile_candidate,plant-profile-002051,オオイタビ,Ficus pumila,クワ科,MORACEAE,254,506,日本の野生植物 第1巻,Fieus,ficus,The row's genus field should match the first word of the scientific name.,This usually means parser state leaked from a neighboring OCR block.
78,genus_scientific_conflicts_with_scientific_name,profile_candidate,plant-profile-001315,オオイチゴツナギ,Poa nipponea,イネ科,POACEAE,157,312,日本の野生植物 第1巻,Phleum,poa,The row's genus field should match the first word of the scientific name.,This usually means parser state leaked from a neighboring OCR block.
78,genus_scientific_conflicts_with_scientific_name,profile_candidate,plant-profile-001284,オオウシノケグサ,Festuea rubra,イネ科,POACEAE,153,,日本の野生植物 第1巻,Eliytrigia,festuea,The row's genus field should match the first word of the scientific name.,This usually means parser state leaked from a neighboring OCR block.
78,genus_scientific_conflicts_with_scientific_name,profile_candidate,plant-profile-002246,オオウラジロノキ,Malus tschonoskii,バラ科,ROSACEAE,274,,日本の野生植物 第1巻,Laurocerasus,malus,The row's genus field should match the first word of the scientific name.,This usually means parser state leaked from a neighboring OCR block.
78,genus_scientific_conflicts_with_scientific_name,profile_candidate,plant-profile-002262,オオカナメモチ,Photinia serratifolia,バラ科,ROSACEAE,276,,日本の野生植物 第1巻,Padus,photinia,The row's genus field should match the first word of the scientific name.,This usually means parser state leaked from a neighboring OCR block.
78,genus_scientific_conflicts_with_scientific_name,profile_candidate,plant-profile-004480,オオカニコウモリ,Paraseneeio nikomontanus,キク科,ASTERACEAE,272,,日本の野生植物 第2巻,Nemnosenecio,paraseneeio,The row's genus field should match the first word of the scientific name.,This usually means parser state leaked from a neighboring OCR block.
78,genus_scientific_conflicts_with_scientific_name,profile_candidate,plant-profile-002362,オオカラスウリ,Trichosanthes laceribractea,ウリ科,CUCURBITACEAE,290,,日本の野生植物 第1巻,Thadiantha,trichosanthes,The row's genus field should match the first word of the scientific name.,This usually means parser state leaked from a neighboring OCR block.
78,genus_scientific_conflicts_with_scientific_name,profile_candidate,plant-profile-000845,オオカワズスゲ,Cares stipata,カヤツリグサ科,CYPERACEAE,116,,日本の野生植物 第1巻,Carex,cares,The row's genus field should match the first word of the scientific name.,This usually means parser state leaked from a neighboring OCR block.
78,genus_scientific_conflicts_with_scientific_name,profile_candidate,plant-profile-004864,オオキンレイカ,Patrinia takeuchiana,スイカズラ科,CAPRIFOLIACEAE,314,,日本の野生植物 第2巻,Linnaea,patrinia,The row's genus field should match the first word of the scientific name.,This usually means parser state leaked from a neighboring OCR block.
78,genus_scientific_conflicts_with_scientific_name,profile_candidate,plant-profile-001074,オオクグ,Cares rugulosa,カヤツリグサ科,CYPERACEAE,129,256,日本の野生植物 第1巻,Carex,cares,The row's genus field should match the first word of the scientific name.,This usually means parser state leaked from a neighboring OCR block.
78,genus_scientific_conflicts_with_scientific_name,profile_candidate,plant-profile-003235,オオサクラソウ,Primula jesoana,サクラソウ科,PRIMULACEAE,122,242,日本の野生植物 第2巻,Lysimachia,primula,The row's genus field should match the first word of the scientific name.,This usually means parser state leaked from a neighboring OCR block.
78,genus_scientific_conflicts_with_scientific_name,profile_candidate,plant-profile-000815,オオサンカクイ,Actinoscipus grossus,カヤツリグサ科,CYPERACEAE,112,,日本の野生植物 第1巻,Actinoscirpus,actinoscipus,The row's genus field should match the first word of the scientific name.,This usually means parser state leaked from a neighboring OCR block.
78,genus_scientific_conflicts_with_scientific_name,profile_candidate,plant-profile-002089,オオサンショウソウ,Pellionia radieans,イラクサ科,URTICACEAE,258,,日本の野生植物 第1巻,Oreocnide,pellionia,The row's genus field should match the first word of the scientific name.,This usually means parser state leaked from a neighboring OCR block.
78,genus_scientific_conflicts_with_scientific_name,profile_candidate,plant-profile-004603,オオシマノジギク,Chrysanthemum erassum,キク科,ASTERACEAE,283,,日本の野生植物 第2巻,Artemisia,chrysanthemum,The row's genus field should match the first word of the scientific name.,This usually means parser state leaked from a neighboring OCR block.
78,genus_scientific_conflicts_with_scientific_name,profile_candidate,plant-profile-000766,オオシラタマホシクサ,Erioeaulon sesangulare,ホシクサ科,ERIOCAULACEAE,108,,日本の野生植物 第1巻,Eriocaulon,erioeaulon,The row's genus field should match the first word of the scientific name.,This usually means parser state leaked from a neighboring OCR block.
78,genus_scientific_conflicts_with_scientific_name,profile_candidate,plant-profile-004360,オオダイトウヒレン,Saussurea nipponica,キク科,ASTERACEAE,258,514,日本の野生植物 第2巻,Hemisteptia,saussurea,The row's genus field should match the first word of the scientific name.,This usually means parser state leaked from a neighboring OCR block.
78,genus_scientific_conflicts_with_scientific_name,profile_candidate,plant-profile-004735,オオチドメ,Hydroeotyle ramifora,ウコギ科,ARALIACEAE,299,,日本の野生植物 第2巻,Hydrocotyle,hydroeotyle,The row's genus field should match the first word of the scientific name.,This usually means parser state leaked from a neighboring OCR block.
78,genus_scientific_conflicts_with_scientific_name,profile_candidate,plant-profile-001743,オオチャルメルソウ,Mitella japoniea,ユキノシタ科,SAXIFRAGACEAE,208,,日本の野生植物 第1巻,Astilbe,mitella,The row's genus field should match the first word of the scientific name.,This usually means parser state leaked from a neighboring OCR block.
78,genus_scientific_conflicts_with_scientific_name,profile_candidate,plant-profile-004818,オオチョウジガマズミ,Viburuum carlesi,ガマズミ科,VIBURNACEAE,309,616,日本の野生植物 第2巻,Sambucus,viburuum,The row's genus field should match the first word of the scientific name.,This usually means parser state leaked from a neighboring OCR block.
78,genus_scientific_conflicts_with_scientific_name,profile_candidate,plant-profile-004366,オオトウヒレン,Saussurea sikokiana,キク科,ASTERACEAE,258,,日本の野生植物 第2巻,Hemisteptia,saussurea,The row's genus field should match the first word of the scientific name.,This usually means parser state leaked from a neighboring OCR block.
78,genus_scientific_conflicts_with_scientific_name,profile_candidate,plant-profile-001285,オオトボシガラ,Festuca extremiorientalis,イネ科,POACEAE,153,,日本の野生植物 第1巻,Eliytrigia,festuca,The row's genus field should match the first word of the scientific name.,This usually means parser state leaked from a neighboring OCR block.
78,genus_scientific_conflicts_with_scientific_name,profile_candidate,plant-profile-003879,オオニンジンボク,Vitex quinata,シソ科,LAMIACEAE,199,,日本の野生植物 第2巻,Premna,vitex,The row's genus field should match the first word of the scientific name.,This usually means parser state leaked from a neighboring OCR block.
78,genus_scientific_conflicts_with_scientific_name,profile_candidate,plant-profile-000530,オオハクウンラン,Kuhihasseltia fissa,ラン科,ORCHIDACEAE,81,161,日本の野生植物 第1巻,Herminium,kuhihasseltia,The row's genus field should match the first word of the scientific name.,This usually means parser state leaked from a neighboring OCR block.
78,genus_scientific_conflicts_with_scientific_name,profile_candidate,plant-profile-004672,オオハマグルマ,Melanthera robusta,キク科,ASTERACEAE,291,,日本の野生植物 第2巻,Eclipta,melanthera,The row's genus field should match the first word of the scientific name.,This usually means parser state leaked from a neighboring OCR block.
78,genus_scientific_conflicts_with_scientific_name,profile_candidate,plant-profile-004673,オオハンゴンソウ,Rudbeekia laciniata,キク科,ASTERACEAE,291,,日本の野生植物 第2巻,Rudbeckia,rudbeekia,The row's genus field should match the first word of the scientific name.,This usually means parser state leaked from a neighboring OCR block.
78,genus_scientific_conflicts_with_scientific_name,profile_candidate,plant-profile-002603,オオバオトギリ,Hyperieum pibairense,オトギリソウ科,HYPERICACEAE,36,71,日本の野生植物 第2巻,Hypericum,hyperieum,The row's genus field should match the first word of the scientific name.,This usually means parser state leaked from a neighboring OCR block.
78,genus_scientific_conflicts_with_scientific_name,profile_candidate,plant-profile-001965,オオバクサフジ,Vicia pseudo-orobus,マメ科,FABACEAE,242,482,日本の野生植物 第1巻,Thermopsis,vicia,The row's genus field should match the first word of the scientific name.,This usually means parser state leaked from a neighboring OCR block.
78,genus_scientific_conflicts_with_scientific_name,profile_candidate,plant-profile-003799,オオバコ,Plantago asiatica,オオバコ科,PLANTAGINACEAE,188,,日本の野生植物 第2巻,Linaria,plantago,The row's genus field should match the first word of the scientific name.,This usually means parser state leaked from a neighboring OCR block.
78,genus_scientific_conflicts_with_scientific_name,profile_candidate,plant-profile-004474,オオバコウモリ,Paraseneeio tsehonoskii,キク科,ASTERACEAE,272,543,日本の野生植物 第2巻,Nemnosenecio,paraseneeio,The row's genus field should match the first word of the scientific name.,This usually means parser state leaked from a neighboring OCR block.
78,genus_scientific_conflicts_with_scientific_name,profile_candidate,plant-profile-002773,オオバシロテツ,Melicope grisea,ミカン科,RUTACEAE,56,,日本の野生植物 第2巻,Glyeosmis,melicope,The row's genus field should match the first word of the scientific name.,This usually means parser state leaked from a neighboring OCR block.
78,genus_scientific_conflicts_with_scientific_name,profile_candidate,plant-profile-000695,オオバジャノヒゲ,Ophiopogonl planiseapus,クサスギカズラ科,ASPARAGACEAE,99,197,日本の野生植物 第1巻,Ophiopogon,ophiopogonl,The row's genus field should match the first word of the scientific name.,This usually means parser state leaked from a neighboring OCR block.
78,genus_scientific_conflicts_with_scientific_name,profile_candidate,plant-profile-003345,オオバツツジ,Rhododendron nipponicum,ツツジ科,ERICACEAE,136,,日本の野生植物 第2巻,Phyllodoce,rhododendron,The row's genus field should match the first word of the scientific name.,This usually means parser state leaked from a neighboring OCR block.
78,genus_scientific_conflicts_with_scientific_name,profile_candidate,plant-profile-000363,オオバナノエンレイソウ,Trillium eamsehatcense,シュロソウ科,MELANTHIACEAE,62,,日本の野生植物 第1巻,Paris,trillium,The row's genus field should match the first word of the scientific name.,This usually means parser state leaked from a neighboring OCR block.
78,genus_scientific_conflicts_with_scientific_name,profile_candidate,plant-profile-000591,オオバノトンボソウ,Platanthera minor,ラン科,ORCHIDACEAE,87,,日本の野生植物 第1巻,Peristylus,platanthera,The row's genus field should match the first word of the scientific name.,This usually means parser state leaked from a neighboring OCR block.
78,genus_scientific_conflicts_with_scientific_name,profile_candidate,plant-profile-002816,オオバボダイジュ,Tilia maximowicziana,アオイ科,MALVACEAE,63,,日本の野生植物 第2巻,Thespesia,tilia,The row's genus field should match the first word of the scientific name.,This usually means parser state leaked from a neighboring OCR block.
78,genus_scientific_conflicts_with_scientific_name,profile_candidate,plant-profile-001206,オオバヤダケ,Indoealamus hamadae,イネ科,POACEAE,145,288,日本の野生植物 第1巻,Indocalamus,indoealamus,The row's genus field should match the first word of the scientific name.,This usually means parser state leaked from a neighboring OCR block.
78,genus_scientific_conflicts_with_scientific_name,profile_candidate,plant-profile-002916,オオバヤドリギ,Tasilus yadoriki,オオバヤドリギ科,LORANTHACEAE,81,,日本の野生植物 第2巻,Taxillus,tasilus,The row's genus field should match the first word of the scientific name.,This usually means parser state leaked from a neighboring OCR block.
78,genus_scientific_conflicts_with_scientific_name,profile_candidate,plant-profile-004052,オオヒキヨモギ,Siphonostegia laeta,ハマウツボ科,OROBANCHACEAE,221,,日本の野生植物 第2巻,Phtheirospermum,siphonostegia,The row's genus field should match the first word of the scientific name.,This usually means parser state leaked from a neighboring OCR block.
78,genus_scientific_conflicts_with_scientific_name,profile_candidate,plant-profile-004865,オオヒョウタンボク,Lonicera tsehonoskii,スイカズラ科,CAPRIFOLIACEAE,314,,日本の野生植物 第2巻,Linnaea,lonicera,The row's genus field should match the first word of the scientific name.,This usually means parser state leaked from a neighboring OCR block.
78,genus_scientific_conflicts_with_scientific_name,profile_candidate,plant-profile-001176,オオヒンジガヤツリ,Lipoearpha chinensis,カヤツリグサ科,CYPERACEAE,136,,日本の野生植物 第1巻,Lipocarpha,lipoearpha,The row's genus field should match the first word of the scientific name.,This usually means parser state leaked from a neighboring OCR block.
78,genus_scientific_conflicts_with_scientific_name,profile_candidate,plant-profile-001102,オオホウキガヤツリ,Cyperus digitatus,カヤツリグサ科,CYPERACEAE,131,261,日本の野生植物 第1巻,Cladium,cyperus,The row's genus field should match the first word of the scientific name.,This usually means parser state leaked from a neighboring OCR block.
78,genus_scientific_conflicts_with_scientific_name,profile_candidate,plant-profile-002703,オオマツヨイグサ,Oenothera glazioviana,アカバナ科,ONAGRACEAE,46,,日本の野生植物 第2巻,Ludwigi,oenothera,The row's genus field should match the first word of the scientific name.,This usually means parser state leaked from a neighboring OCR block.
78,genus_scientific_conflicts_with_scientific_name,profile_candidate,plant-profile-003677,オオマルバノホロシ,Solanum megacarpum,ナス科,SOLANACEAE,172,,日本の野生植物 第2巻,Seopolia,solanum,The row's genus field should match the first word of the scientific name.,This usually means parser state leaked from a neighboring OCR block.
78,genus_scientific_conflicts_with_scientific_name,profile_candidate,plant-profile-000583,オオヤマサギソウ,Platanthera sachalinensis,ラン科,ORCHIDACEAE,87,172,日本の野生植物 第1巻,Peristylus,platanthera,The row's genus field should match the first word of the scientific name.,This usually means parser state leaked from a neighboring OCR block.
78,genus_scientific_conflicts_with_scientific_name,profile_candidate,plant-profile-003368,オオヤマツツジ,Rhododendron transiens,ツツジ科,ERICACEAE,137,,日本の野生植物 第2巻,Phyllodoce,rhododendron,The row's genus field should match the first word of the scientific name.,This usually means parser state leaked from a neighboring OCR block.
78,genus_scientific_conflicts_with_scientific_name,profile_candidate,plant-profile-002879,オオユリワサビ,Eatrema okinosimense,アブラナ科,BRASSICACEAE,75,,日本の野生植物 第2巻,Erysimum,eatrema,The row's genus field should match the first word of the scientific name.,This usually means parser state leaked from a neighboring OCR block.
78,genus_scientific_conflicts_with_scientific_name,profile_candidate,plant-profile-001519,オオレイジンソウ,Aconitum iinumae,キンポウゲ科,RANUNCULACEAE,184,,日本の野生植物 第1巻,Thalictrum,aconitum,The row's genus field should match the first word of the scientific name.,This usually means parser state leaked from a neighboring OCR block.
78,genus_scientific_conflicts_with_scientific_name,profile_candidate,plant-profile-000805,オカスズメノヒエ,Luzula pallescens,イグサ科,JUNCACEAE,111,220,日本の野生植物 第1巻,Juncus,luzula,The row's genus field should match the first word of the scientific name.,This usually means parser state leaked from a neighboring OCR block.
78,genus_scientific_conflicts_with_scientific_name,profile_candidate,plant-profile-004481,オガコウモリ,Paraseneeio ogamontanus,キク科,ASTERACEAE,272,,日本の野生植物 第2巻,Nemnosenecio,paraseneeio,The row's genus field should match the first word of the scientific name.,This usually means parser state leaked from a neighboring OCR block.
78,genus_scientific_conflicts_with_scientific_name,profile_candidate,plant-profile-002066,オガサワラグワ,Morus boninensis,アサ科,CANNABACEAE,255,,日本の野生植物 第1巻,Maclura,morus,The row's genus field should match the first word of the scientific name.,This usually means parser state leaked from a neighboring OCR block.
78,genus_scientific_conflicts_with_scientific_name,profile_candidate,plant-profile-000155,オガサワラシロダモ,Neolitsea boninensis,クスノキ科,LAURACEAE,38,,日本の野生植物 第1巻,Machilus,neolitsea,The row's genus field should match the first word of the scientific name.,This usually means parser state leaked from a neighboring OCR block.
78,genus_scientific_conflicts_with_scientific_name,profile_candidate,plant-profile-001391,オガルカヤ,Cymbopogon tortilis,イネ科,POACEAE,166,330,日本の野生植物 第1巻,Coix,cymbopogon,The row's genus field should match the first word of the scientific name.,This usually means parser state leaked from a neighboring OCR block.
78,genus_scientific_conflicts_with_scientific_name,profile_candidate,plant-profile-004439,オキタンポポ,Taraxacum maruyamanum,キク科,ASTERACEAE,265,,日本の野生植物 第2巻,Scorzonera,taraxacum,The row's genus field should match the first word of the scientific name.,This usually means parser state leaked from a neighboring OCR block.
78,genus_scientific_conflicts_with_scientific_name,profile_candidate,plant-profile-003635,オキナアサガオ,Jacquemontia tamnifolia,キョウチクトウ科,APOCYNACEAE,167,,日本の野生植物 第2巻,Jacguemontia,jacquemontia,The row's genus field should match the first word of the scientific name.,This usually means parser state leaked from a neighboring OCR block.
78,genus_scientific_conflicts_with_scientific_name,profile_candidate,plant-profile-004736,オキナワチドメグサ,Hydroeotyle tuberifera,ウコギ科,ARALIACEAE,299,,日本の野生植物 第2巻,Hydrocotyle,hydroeotyle,The row's genus field should match the first word of the scientific name.,This usually means parser state leaked from a neighboring OCR block.
78,genus_scientific_conflicts_with_scientific_name,profile_candidate,plant-profile-000437,オキナワチドリ,Amitostigma lepidum,ラン科,ORCHIDACEAE,71,,日本の野生植物 第1巻,Amitostigmna,amitostigma,The row's genus field should match the first word of the scientific name.,This usually means parser state leaked from a neighboring OCR block.
78,genus_scientific_conflicts_with_scientific_name,profile_candidate,plant-profile-003678,オキナワヒヨドリジョウゴ,Solanum kayamae,ナス科,SOLANACEAE,172,,日本の野生植物 第2巻,Seopolia,solanum,The row's genus field should match the first word of the scientific name.,This usually means parser state leaked from a neighboring OCR block.
78,genus_scientific_conflicts_with_scientific_name,profile_candidate,plant-profile-003125,オキナワマツバボタン,Portulaea okinawensis,スベリヒユ科,PORTULACACEAE,107,,日本の野生植物 第2巻,Portulaca,portulaea,The row's genus field should match the first word of the scientific name.,This usually means parser state leaked from a neighboring OCR block.
78,genus_scientific_conflicts_with_scientific_name,profile_candidate,plant-profile-001388,オキナワミチシバ,Chrysopogon aciculatus,イネ科,POACEAE,165,,日本の野生植物 第1巻,Cenchrus,chrysopogon,The row's genus field should match the first word of the scientific name.,This usually means parser state leaked from a neighboring OCR block.
78,genus_scientific_conflicts_with_scientific_name,profile_candidate,plant-profile-004078,オギノツメ,Eygrophila ringens,キツネノマゴ科,ACANTHACEAE,224,,日本の野生植物 第2巻,Codonacanthus,eygrophila,The row's genus field should match the first word of the scientific name.,This usually means parser state leaked from a neighboring OCR block.
78,genus_scientific_conflicts_with_scientific_name,profile_candidate,plant-profile-001811,オグラノフサモ,Myrioplyllum oguraense,アリノトウグサ科,HALORAGACEAE,216,,日本の野生植物 第1巻,GonocarPus,myrioplyllum,The row's genus field should match the first word of the scientific name.,This usually means parser state leaked from a neighboring OCR block.
78,genus_scientific_conflicts_with_scientific_name,profile_candidate,plant-profile-004176,オケラ,Atraetylodes ovata,キク科,ASTERACEAE,243,484,日本の野生植物 第2巻,Atractylodes,atraetylodes,The row's genus field should match the first word of the scientific name.,This usually means parser state leaked from a neighboring OCR block.
78,genus_scientific_conflicts_with_scientific_name,profile_candidate,plant-profile-002630,オシマオトギリ,Hyperieum vuleanicum,オトギリソウ科,HYPERICACEAE,37,,日本の野生植物 第2巻,Hypericum,hyperieum,The row's genus field should match the first word of the scientific name.,This usually means parser state leaked from a neighboring OCR block.
78,genus_scientific_conflicts_with_scientific_name,profile_candidate,plant-profile-001520,オシマレイジンソウ,Aconitum umezawanum,キンポウゲ科,RANUNCULACEAE,184,,日本の野生植物 第1巻,Thalictrum,aconitum,The row's genus field should match the first word of the scientific name.,This usually means parser state leaked from a neighboring OCR block.
78,genus_scientific_conflicts_with_scientific_name,profile_candidate,plant-profile-001636,オトコゼリ,Ranuneulus tachiroei,キンポウゲ科,RANUNCULACEAE,194,,日本の野生植物 第1巻,Pulsatilla,ranuneulus,The row's genus field should match the first word of the scientific name.,This usually means parser state leaked from a neighboring OCR block.
78,genus_scientific_conflicts_with_scientific_name,profile_candidate,plant-profile-004831,オトコヨウゾメ,Viburnum phlebotrichum,ガマズミ科,VIBURNACEAE,310,,日本の野生植物 第2巻,Sambucus,viburnum,The row's genus field should match the first word of the scientific name.,This usually means parser state leaked from a neighboring OCR block.
78,genus_scientific_conflicts_with_scientific_name,profile_candidate,plant-profile-003935,オドリコソウ,Lamium album,シソ科,LAMIACEAE,206,411,日本の野生植物 第2巻,Suzukia,lamium,The row's genus field should match the first word of the scientific name.,This usually means parser state leaked from a neighboring OCR block.
78,genus_scientific_conflicts_with_scientific_name,profile_candidate,plant-profile-001329,オニイチゴツナギ,Poa eminens,イネ科,POACEAE,157,,日本の野生植物 第1巻,Phleum,poa,The row's genus field should match the first word of the scientific name.,This usually means parser state leaked from a neighboring OCR block.
78,genus_scientific_conflicts_with_scientific_name,profile_candidate,plant-profile-001108,オニガヤツリ,Cyperus pilosus,カヤツリグサ科,CYPERACEAE,131,,日本の野生植物 第1巻,Cladium,cyperus,The row's genus field should match the first word of the scientific name.,This usually means parser state leaked from a neighboring OCR block.
78,genus_scientific_conflicts_with_scientific_name,profile_candidate,plant-profile-003880,オニキランソウ,Ajuga dictyocarpa,シソ科,LAMIACEAE,199,,日本の野生植物 第2巻,Premna,ajuga,The row's genus field should match the first word of the scientific name.,This usually means parser state leaked from a neighboring OCR block.
78,genus_scientific_conflicts_with_scientific_name,profile_candidate,plant-profile-001091,オニクグ,Cyperus javanicus,カヤツリグサ科,CYPERACEAE,130,,日本の野生植物 第1巻,Cladium,cyperus,The row's genus field should match the first word of the scientific name.,This usually means parser state leaked from a neighboring OCR block.
78,genus_scientific_conflicts_with_scientific_name,profile_candidate,plant-profile-002827,オニシバリ,Daphne pseudomezereum,ジンチョウゲ科,THYMELAEACEAE,65,,日本の野生植物 第2巻,Daplne,daphne,The row's genus field should match the first word of the scientific name.,This usually means parser state leaked from a neighboring OCR block.
78,genus_scientific_conflicts_with_scientific_name,profile_candidate,plant-profile-001272,オニノガリヤス,Calamagrostis gigas,イネ科,POACEAE,152,,日本の野生植物 第1巻,BromIs,calamagrostis,The row's genus field should match the first word of the scientific name.,This usually means parser state leaked from a neighboring OCR block.
78,genus_scientific_conflicts_with_scientific_name,profile_candidate,plant-profile-004420,オニノゲシ,Sonchus asper,キク科,ASTERACEAE,264,,日本の野生植物 第2巻,Scorzonera,sonchus,The row's genus field should match the first word of the scientific name.,This usually means parser state leaked from a neighboring OCR block.
78,genus_scientific_conflicts_with_scientific_name,profile_candidate,plant-profile-004849,オニヒョウタンボク,Lonicera vidali,スイカズラ科,CAPRIFOLIACEAE,313,,日本の野生植物 第2巻,Linnaea,lonicera,The row's genus field should match the first word of the scientific name.,This usually means parser state leaked from a neighboring OCR block.
78,genus_scientific_conflicts_with_scientific_name,profile_candidate,plant-profile-001352,オヒゲシバ,Chloris virgata,イネ科,POACEAE,160,318,日本の野生植物 第1巻,Aeluropus,chloris,The row's genus field should match the first word of the scientific name.,This usually means parser state leaked from a neighboring OCR block.
78,genus_scientific_conflicts_with_scientific_name,profile_candidate,plant-profile-000297,オヒルムシロ,Potamogeton natans,ヒルムシロ科,POTAMOGETONACEAE,53,,日本の野生植物 第1巻,Stuckenia,potamogeton,The row's genus field should match the first word of the scientific name.,This usually means parser state leaked from a neighboring OCR block.
78,genus_scientific_conflicts_with_scientific_name,profile_candidate,plant-profile-004866,オミナエシ,Patrinia scabiosifolia,スイカズラ科,CAPRIFOLIACEAE,314,,日本の野生植物 第2巻,Linnaea,patrinia,The row's genus field should match the first word of the scientific name.,This usually means parser state leaked from a neighboring OCR block.
78,genus_scientific_conflicts_with_scientific_name,profile_candidate,plant-profile-003015,オムナグサ,Drymaria cordata,ナデシコ科,CARYOPHYLLACEAE,93,185,日本の野生植物 第2巻,Dianthus,drymaria,The row's genus field should match the first word of the scientific name.,This usually means parser state leaked from a neighboring OCR block.
78,genus_scientific_conflicts_with_scientific_name,profile_candidate,plant-profile-000249,オモダカ,Sagittaria trifolia,オモダカ科,ALISMATACEAE,48,,日本の野生植物 第1巻,Sagitaria,sagittaria,The row's genus field should match the first word of the scientific name.,This usually means parser state leaked from a neighboring OCR block.
78,genus_scientific_conflicts_with_scientific_name,profile_candidate,plant-profile-000710,オモト,Rohdea japoniea,クサスギカズラ科,ASPARAGACEAE,100,,日本の野生植物 第1巻,Reineckea,rohdea,The row's genus field should match the first word of the scientific name.,This usually means parser state leaked from a neighboring OCR block.
78,genus_scientific_conflicts_with_scientific_name,profile_candidate,plant-profile-004375,オヤマボクチ,Syuurus pungens,キク科,ASTERACEAE,259,,日本の野生植物 第2巻,Synurus,syuurus,The row's genus field should match the first word of the scientific name.,This usually means parser state leaked from a neighboring OCR block.
78,genus_scientific_conflicts_with_scientific_name,profile_candidate,plant-profile-003529,オヤマリンドウ,Gentiana makinoi,アカネ科,RUBIACEAE,155,,日本の野生植物 第2巻,Swertia,gentiana,The row's genus field should match the first word of the scientific name.,This usually means parser state leaked from a neighboring OCR block.
78,genus_scientific_conflicts_with_scientific_name,profile_candidate,plant-profile-001212,オロシマチク,Pleioblastus argenteostriatus,イネ科,POACEAE,145,,日本の野生植物 第1巻,Plyllostaclys,pleioblastus,The row's genus field should match the first word of the scientific name.,This usually means parser state leaked from a neighboring OCR block.
78,genus_scientific_conflicts_with_scientific_name,profile_candidate,plant-profile-001513,オンタケブシ,Aconitum metajaponicum,キンポウゲ科,RANUNCULACEAE,184,367,日本の野生植物 第1巻,Thalictrum,aconitum,The row's genus field should match the first word of the scientific name.,This usually means parser state leaked from a neighboring OCR block.
78,genus_scientific_conflicts_with_scientific_name,profile_candidate,plant-profile-000397,カイコバイモ,Fridillaria kaiensis,ユリ科,LILIACEAE,66,,日本の野生植物 第1巻,Fritillaria,fridillaria,The row's genus field should match the first word of the scientific name.,This usually means parser state leaked from a neighboring OCR block.
78,genus_scientific_conflicts_with_scientific_name,profile_candidate,plant-profile-003881,カイジンドウ,Ajuga ciliata,シソ科,LAMIACEAE,199,,日本の野生植物 第2巻,Premna,ajuga,The row's genus field should match the first word of the scientific name.,This usually means parser state leaked from a neighboring OCR block.
78,genus_scientific_conflicts_with_scientific_name,profile_candidate,plant-profile-003963,カキドオシ,Glechoma hederacea,シソ科,LAMIACEAE,210,,日本の野生植物 第2巻,Dracocephalum,glechoma,The row's genus field should match the first word of the scientific name.,This usually means parser state leaked from a neighboring OCR block.
78,genus_scientific_conflicts_with_scientific_name,profile_candidate,plant-profile-000495,カキラン,Epipaetis thunbergi,ラン科,ORCHIDACEAE,77,,日本の野生植物 第1巻,Epipactis,epipaetis,The row's genus field should match the first word of the scientific name.,This usually means parser state leaked from a neighboring OCR block.
78,genus_scientific_conflicts_with_scientific_name,profile_candidate,plant-profile-000575,カクチョウラン,Phaius tankervilleae,ラン科,ORCHIDACEAE,86,170,日本の野生植物 第1巻,Peristylus,phaius,The row's genus field should match the first word of the scientific name.,This usually means parser state leaked from a neighboring OCR block.
78,genus_scientific_conflicts_with_scientific_name,profile_candidate,plant-profile-000615,カゲロウラン,Zeuxine agyokuana,ラン科,ORCHIDACEAE,90,179,日本の野生植物 第1巻,Vrydagzynea,zeuxine,The row's genus field should match the first word of the scientific name.,This usually means parser state leaked from a neighboring OCR block.
78,genus_scientific_conflicts_with_scientific_name,profile_candidate,plant-profile-001974,カスマグサ,Vicia tetrasperma,ハマビシ科,ZYGOPHYLLACEAE,242,,日本の野生植物 第1巻,Thermopsis,vicia,The row's genus field should match the first word of the scientific name.,This usually means parser state leaked from a neighboring OCR block.
78,genus_scientific_conflicts_with_scientific_name,profile_candidate,plant-profile-004640,カズザキコウゾリナ,Blumea lanceolaria,キク科,ASTERACEAE,288,,日本の野生植物 第2巻,Blunea,blumea,The row's genus field should match the first word of the scientific name.,This usually means parser state leaked from a neighboring OCR block.
78,genus_scientific_conflicts_with_scientific_name,profile_candidate,plant-profile-001256,カズノコグサ,Beckmannia syzigachne,イネ科,POACEAE,150,,日本の野生植物 第1巻,Avenella,beckmannia,The row's genus field should match the first word of the scientific name.,This usually means parser state leaked from a neighboring OCR block.
78,genus_scientific_conflicts_with_scientific_name,profile_candidate,plant-profile-004651,カセンソウ,Inula salicina,キク科,ASTERACEAE,289,577,日本の野生植物 第2巻,Imula,inula,The row's genus field should match the first word of the scientific name.,This usually means parser state leaked from a neighboring OCR block.
78,genus_scientific_conflicts_with_scientific_name,profile_candidate,plant-profile-001358,カゼクサ,Eragrostis ferruginea,イネ科,POACEAE,161,320,日本の野生植物 第1巻,Eleusine,eragrostis,The row's genus field should match the first word of the scientific name.,This usually means parser state leaked from a neighboring OCR block.
78,genus_scientific_conflicts_with_scientific_name,profile_candidate,plant-profile-003238,カッコソウ,Primula kisoana,サクラソウ科,PRIMULACEAE,122,,日本の野生植物 第2巻,Lysimachia,primula,The row's genus field should match the first word of the scientific name.,This usually means parser state leaked from a neighboring OCR block.
78,genus_scientific_conflicts_with_scientific_name,profile_candidate,plant-profile-002911,カナビキソウ,Thesium chinense,ビャクダン科,SANTALACEAE,80,,日本の野生植物 第2巻,Viscum,thesium,The row's genus field should match the first word of the scientific name.,This usually means parser state leaked from a neighboring OCR block.
78,genus_scientific_conflicts_with_scientific_name,profile_candidate,plant-profile-002039,カナムグラ,Humulus scandens,アサ科,CANNABACEAE,252,502,日本の野生植物 第1巻,Celtis,humulus,The row's genus field should match the first word of the scientific name.,This usually means parser state leaked from a neighboring OCR block.
78,genus_scientific_conflicts_with_scientific_name,profile_candidate,plant-profile-002254,カナメモチ,Photinia glabra,バラ科,ROSACEAE,275,,日本の野生植物 第1巻,Padus,photinia,The row's genus field should match the first word of the scientific name.,This usually means parser state leaked from a neighboring OCR block.
78,genus_scientific_conflicts_with_scientific_name,profile_candidate,plant-profile-004466,カニコウモリ,Parasenecio adenostyloides,キク科,ASTERACEAE,272,542,日本の野生植物 第2巻,Nemnosenecio,parasenecio,The row's genus field should match the first word of the scientific name.,This usually means parser state leaked from a neighboring OCR block.
78,genus_scientific_conflicts_with_scientific_name,profile_candidate,plant-profile-001347,カニツリグサ,Trisetum bifidum,イネ科,POACEAE,159,316,日本の野生植物 第1巻,Torreyochloa,trisetum,The row's genus field should match the first word of the scientific name.,This usually means parser state leaked from a neighboring OCR block.
78,genus_scientific_conflicts_with_scientific_name,profile_candidate,plant-profile-002912,カマヤリソウ,Thesium refractum,ビャクダン科,SANTALACEAE,80,,日本の野生植物 第2巻,Viscum,thesium,The row's genus field should match the first word of the scientific name.,This usually means parser state leaked from a neighboring OCR block.
78,genus_scientific_conflicts_with_scientific_name,profile_candidate,plant-profile-003781,カミガモソウ,Gratiola fluviatilts,オオバコ科,PLANTAGINACEAE,186,,日本の野生植物 第2巻,Elisioplyllum,gratiola,The row's genus field should match the first word of the scientific name.,This usually means parser state leaked from a neighboring OCR block.
78,genus_scientific_conflicts_with_scientific_name,profile_candidate,plant-profile-004744,カミヤツデ,Tetrapanax papyrifer,ウコギ科,ARALIACEAE,300,,日本の野生植物 第2巻,Schefllera,tetrapanax,The row's genus field should match the first word of the scientific name.,This usually means parser state leaked from a neighboring OCR block.
78,genus_scientific_conflicts_with_scientific_name,profile_candidate,plant-profile-004323,カムイトウヒレン,Saussurea kenji-horieana,キク科,ASTERACEAE,256,,日本の野生植物 第2巻,Hemisteptia,saussurea,The row's genus field should match the first word of the scientific name.,This usually means parser state leaked from a neighboring OCR block.
78,genus_scientific_conflicts_with_scientific_name,profile_candidate,plant-profile-001521,カムイレイジンソウ,Aconitum asahikawaense,キンポウゲ科,RANUNCULACEAE,184,,日本の野生植物 第1巻,Thalictrum,aconitum,The row's genus field should match the first word of the scientific name.,This usually means parser state leaked from a neighboring OCR block.
78,genus_scientific_conflicts_with_scientific_name,profile_candidate,plant-profile-004350,カムロトウヒレン,Saussurea sawae,キク科,ASTERACEAE,257,,日本の野生植物 第2巻,Hemisteptia,saussurea,The row's genus field should match the first word of the scientific name.,This usually means parser state leaked from a neighboring OCR block.
78,genus_scientific_conflicts_with_scientific_name,profile_candidate,plant-profile-001414,カモノハシ,Ischaemum aristatum,イネ科,POACEAE,169,,日本の野生植物 第1巻,Imperata,ischaemum,The row's genus field should match the first word of the scientific name.,This usually means parser state leaked from a neighboring OCR block.
78,genus_scientific_conflicts_with_scientific_name,profile_candidate,plant-profile-000609,カヤラン,Thrixspermum japonicum,ラン科,ORCHIDACEAE,89,,日本の野生植物 第1巻,Taenioplyllum,thrixspermum,The row's genus field should match the first word of the scientific name.,This usually means parser state leaked from a neighboring OCR block.
78,genus_scientific_conflicts_with_scientific_name,profile_candidate,plant-profile-002828,カラスシキミ,Daphne miyabeana,ジンチョウゲ科,THYMELAEACEAE,65,,日本の野生植物 第2巻,Daplne,daphne,The row's genus field should match the first word of the scientific name.,This usually means parser state leaked from a neighboring OCR block.
78,genus_scientific_conflicts_with_scientific_name,profile_candidate,plant-profile-002043,カラハナソウ,Humulus lupulus,アサ科,CANNABACEAE,252,,日本の野生植物 第1巻,Celtis,humulus,The row's genus field should match the first word of the scientific name.,This usually means parser state leaked from a neighboring OCR block.
78,genus_scientific_conflicts_with_scientific_name,profile_candidate,plant-profile-004351,カラフトアザミ,Saussurea sachalinensis,キク科,ASTERACEAE,257,,日本の野生植物 第2巻,Hemisteptia,saussurea,The row's genus field should match the first word of the scientific name.,This usually means parser state leaked from a neighboring OCR block.
78,genus_scientific_conflicts_with_scientific_name,profile_candidate,plant-profile-001330,カラフトイチゴツナギ,Poa macrocalys,イネ科,POACEAE,157,,日本の野生植物 第1巻,Phleum,poa,The row's genus field should match the first word of the scientific name.,This usually means parser state leaked from a neighboring OCR block.
78,genus_scientific_conflicts_with_scientific_name,profile_candidate,plant-profile-001063,カラフトカサスゲ,Cares rostrata,カヤツリグサ科,CYPERACEAE,128,255,日本の野生植物 第1巻,Carex,cares,The row's genus field should match the first word of the scientific name.,This usually means parser state leaked from a neighboring OCR block.
78,genus_scientific_conflicts_with_scientific_name,profile_candidate,plant-profile-000240,カラフトグワイ,Sagittaria natans,オモダカ科,ALISMATACEAE,47,93,日本の野生植物 第1巻,Sagitaria,sagittaria,The row's genus field should match the first word of the scientific name.,This usually means parser state leaked from a neighboring OCR block.
78,genus_scientific_conflicts_with_scientific_name,profile_candidate,plant-profile-004779,カラフトニンジン,Conioselinum kamtschaticum,セリ科,APIACEAE,304,607,日本の野生植物 第2巻,Conioselimum,conioselinum,The row's genus field should match the first word of the scientific name.,This usually means parser state leaked from a neighboring OCR block.
78,genus_scientific_conflicts_with_scientific_name,profile_candidate,plant-profile-001514,カラフトブシ,Aconitum sachalinense,キンポウゲ科,RANUNCULACEAE,184,367,日本の野生植物 第1巻,Thalictrum,aconitum,The row's genus field should match the first word of the scientific name.,This usually means parser state leaked from a neighboring OCR block.
78,genus_scientific_conflicts_with_scientific_name,profile_candidate,plant-profile-003899,カリガネソウ,Tripora divarieata,シソ科,LAMIACEAE,201,401,日本の野生植物 第2巻,Teucrium,tripora,The row's genus field should match the first word of the scientific name.,This usually means parser state leaked from a neighboring OCR block.
78,genus_scientific_conflicts_with_scientific_name,profile_candidate,plant-profile-001401,カリマタガヤ,Dimeria ornithopoda,イネ科,POACEAE,167,,日本の野生植物 第1巻,Digitaria,dimeria,The row's genus field should match the first word of the scientific name.,This usually means parser state leaked from a neighboring OCR block.
78,genus_scientific_conflicts_with_scientific_name,profile_candidate,plant-profile-001421,カリヤス,Miseanthus tinetorius,イネ科,POACEAE,170,,日本の野生植物 第1巻,Melinis,miseanthus,The row's genus field should match the first word of the scientific name.,This usually means parser state leaked from a neighboring OCR block.
78,genus_scientific_conflicts_with_scientific_name,profile_candidate,plant-profile-002263,カリン,Pseudocydonia sinensis,バラ科,ROSACEAE,276,,日本の野生植物 第1巻,Padus,pseudocydonia,The row's genus field should match the first word of the scientific name.,This usually means parser state leaked from a neighboring OCR block.
78,genus_scientific_conflicts_with_scientific_name,profile_candidate,plant-profile-002598,カワゴロモ,Eydrobryum japonicum,カワゴケソウ科,PODOSTEMACEAE,34,,日本の野生植物 第2巻,Hydrobryum,eydrobryum,The row's genus field should match the first word of the scientific name.,This usually means parser state leaked from a neighboring OCR block.
78,genus_scientific_conflicts_with_scientific_name,profile_candidate,plant-profile-001522,カワチブシ,Aconitum grossedentatum,キンポウゲ科,RANUNCULACEAE,184,,日本の野生植物 第1巻,Thalictrum,aconitum,The row's genus field should match the first word of the scientific name.,This usually means parser state leaked from a neighboring OCR block.
78,genus_scientific_conflicts_with_scientific_name,profile_candidate,plant-profile-003818,カワヂシャ,Veroniea andulata,オオバコ科,PLANTAGINACEAE,190,,日本の野生植物 第2巻,Linaria,veroniea,The row's genus field should match the first word of the scientific name.,This usually means parser state leaked from a neighboring OCR block.
78,genus_scientific_conflicts_with_scientific_name,profile_candidate,plant-profile-001092,カワラスガナ,Cyperus sanguinolentus,カヤツリグサ科,CYPERACEAE,130,,日本の野生植物 第1巻,Cladium,cyperus,The row's genus field should match the first word of the scientific name.,This usually means parser state leaked from a neighboring OCR block.
78,genus_scientific_conflicts_with_scientific_name,profile_candidate,plant-profile-000895,カワラスゲ,Cares incisa,カヤツリグサ科,CYPERACEAE,119,237,日本の野生植物 第1巻,Carex,cares,The row's genus field should match the first word of the scientific name.,This usually means parser state leaked from a neighboring OCR block.
78,genus_scientific_conflicts_with_scientific_name,profile_candidate,plant-profile-002440,カワリバトウダイ,Eaphorbia graminea,トウダイグサ科,EUPHORBIACEAE,300,,日本の野生植物 第1巻,Euphorbia,eaphorbia,The row's genus field should match the first word of the scientific name.,This usually means parser state leaked from a neighboring OCR block.
78,genus_scientific_conflicts_with_scientific_name,profile_candidate,plant-profile-001882,カワリバマキエハギ,Desmnodium heterophyllum,ハマビシ科,ZYGOPHYLLACEAE,229,,日本の野生植物 第1巻,Dendrolobium,desmnodium,The row's genus field should match the first word of the scientific name.,This usually means parser state leaked from a neighboring OCR block.
78,genus_scientific_conflicts_with_scientific_name,profile_candidate,plant-profile-001109,カンエンガヤツリ,Cyperus exaltatus,カヤツリグサ科,CYPERACEAE,131,,日本の野生植物 第1巻,Cladium,cyperus,The row's genus field should match the first word of the scientific name.,This usually means parser state leaked from a neighboring OCR block.
78,genus_scientific_conflicts_with_scientific_name,profile_candidate,plant-profile-004823,カンボク,Viburnum opulus,ガマズミ科,VIBURNACEAE,309,,日本の野生植物 第2巻,Sambucus,viburnum,The row's genus field should match the first word of the scientific name.,This usually means parser state leaked from a neighboring OCR block.
78,genus_scientific_conflicts_with_scientific_name,profile_candidate,plant-profile-000470,カンラン,Cymbidium kanran,ラン科,ORCHIDACEAE,75,148,日本の野生植物 第1巻,Cryptostylis,cymbidium,The row's genus field should match the first word of the scientific name.,This usually means parser state leaked from a neighboring OCR block.
78,genus_scientific_conflicts_with_scientific_name,profile_candidate,plant-profile-000298,ガシャモク,Potamogeton lucens,ヒルムシロ科,POTAMOGETONACEAE,53,,日本の野生植物 第1巻,Stuckenia,potamogeton,The row's genus field should match the first word of the scientific name.,This usually means parser state leaked from a neighboring OCR block.
78,genus_scientific_conflicts_with_scientific_name,profile_candidate,plant-profile-000584,ガッサンチドリ,Platanthera takedae,ラン科,ORCHIDACEAE,87,172,日本の野生植物 第1巻,Peristylus,platanthera,The row's genus field should match the first word of the scientific name.,This usually means parser state leaked from a neighboring OCR block.
78,genus_scientific_conflicts_with_scientific_name,profile_candidate,plant-profile-001506,ガッサントリカブト,Aconitum gassanense,キンポウゲ科,RANUNCULACEAE,184,366,日本の野生植物 第1巻,Thalictrum,aconitum,The row's genus field should match the first word of the scientific name.,This usually means parser state leaked from a neighboring OCR block.
78,genus_scientific_conflicts_with_scientific_name,profile_candidate,plant-profile-000751,ガマ,Typha latifolia,ガマ科,TYPHACEAE,106,,日本の野生植物 第1巻,Sparganium,typha,The row's genus field should match the first word of the scientific name.,This usually means parser state leaked from a neighboring OCR block.
78,genus_scientific_conflicts_with_scientific_name,profile_candidate,plant-profile-001837,ガランビネムチャ,Chamaecrista garambiensis,ハマビシ科,ZYGOPHYLLACEAE,223,,日本の野生植物 第1巻,Chamaeerista,chamaecrista,The row's genus field should match the first word of the scientific name.,This usually means parser state leaked from a neighboring OCR block.
78,genus_scientific_conflicts_with_scientific_name,profile_candidate,plant-profile-003322,ガンコウラン,Empetrum nigrum,ツツジ科,ERICACEAE,133,,日本の野生植物 第2巻,Euiottia,empetrum,The row's genus field should match the first word of the scientific name.,This usually means parser state leaked from a neighboring OCR block.
78,genus_scientific_conflicts_with_scientific_name,profile_candidate,plant-profile-000576,ガンゼキラン,Phaius favus,ラン科,ORCHIDACEAE,86,170,日本の野生植物 第1巻,Peristylus,phaius,The row's genus field should match the first word of the scientific name.,This usually means parser state leaked from a neighboring OCR block.
78,genus_scientific_conflicts_with_scientific_name,profile_candidate,plant-profile-000631,キキョウラン,Dianella ensifolia,ススキノキ科,XANTHORRHOEACEAE,92,,日本の野生植物 第1巻,Hemerocallis,dianella,The row's genus field should match the first word of the scientific name.,This usually means parser state leaked from a neighboring OCR block.
78,genus_scientific_conflicts_with_scientific_name,profile_candidate,plant-profile-004312,キクアザミ,Saussurea ussuriensis,キク科,ASTERACEAE,256,510,日本の野生植物 第2巻,Hemisteptia,saussurea,The row's genus field should match the first word of the scientific name.,This usually means parser state leaked from a neighboring OCR block.
78,genus_scientific_conflicts_with_scientific_name,profile_candidate,plant-profile-004604,キクタニギク,Chrysanthemum seticuspe,キク科,ASTERACEAE,283,,日本の野生植物 第2巻,Artemisia,chrysanthemum,The row's genus field should match the first word of the scientific name.,This usually means parser state leaked from a neighboring OCR block.
78,genus_scientific_conflicts_with_scientific_name,profile_candidate,plant-profile-003819,キクバクワガタ,Veronica schmidtiana,オオバコ科,PLANTAGINACEAE,190,,日本の野生植物 第2巻,Linaria,veronica,The row's genus field should match the first word of the scientific name.,This usually means parser state leaked from a neighboring OCR block.
78,genus_scientific_conflicts_with_scientific_name,profile_candidate,plant-profile-003789,キクモ,Limnophila sessilinora,オオバコ科,PLANTAGINACEAE,187,,日本の野生植物 第2巻,Lagotis,limnophila,The row's genus field should match the first word of the scientific name.,This usually means parser state leaked from a neighboring OCR block.
78,genus_scientific_conflicts_with_scientific_name,profile_candidate,plant-profile-003369,キシツツジ,Rhododendron ripense,ツツジ科,ERICACEAE,137,,日本の野生植物 第2巻,Phyllodoce,rhododendron,The row's genus field should match the first word of the scientific name.,This usually means parser state leaked from a neighboring OCR block.
78,genus_scientific_conflicts_with_scientific_name,profile_candidate,plant-profile-003937,キセワタ,Leonurus maeranthus,シソ科,LAMIACEAE,206,,日本の野生植物 第2巻,Suzukia,leonurus,The row's genus field should match the first word of the scientific name.,This usually means parser state leaked from a neighboring OCR block.
78,genus_scientific_conflicts_with_scientific_name,profile_candidate,plant-profile-000216,キタグニコウキクサ,Lemna turionifera,サトイモ科,ARACEAE,44,87,日本の野生植物 第1巻,Landottia,lemna,The row's genus field should match the first word of the scientific name.,This usually means parser state leaked from a neighboring OCR block.
78,genus_scientific_conflicts_with_scientific_name,profile_candidate,plant-profile-001534,キタダケトリカブト,Aconitum kitadakense,キンポウゲ科,RANUNCULACEAE,185,,日本の野生植物 第1巻,Thalictrum,aconitum,The row's genus field should match the first word of the scientific name.,This usually means parser state leaked from a neighboring OCR block.
78,genus_scientific_conflicts_with_scientific_name,profile_candidate,plant-profile-000847,キタノカワズスゲ,Cares echinata,カヤツリグサ科,CYPERACEAE,116,,日本の野生植物 第1巻,Carex,cares,The row's genus field should match the first word of the scientific name.,This usually means parser state leaked from a neighboring OCR block.
78,genus_scientific_conflicts_with_scientific_name,profile_candidate,plant-profile-002631,キタミオトギリ,Hyperieum kitamense,オトギリソウ科,HYPERICACEAE,37,,日本の野生植物 第2巻,Hypericum,hyperieum,The row's genus field should match the first word of the scientific name.,This usually means parser state leaked from a neighboring OCR block.
78,genus_scientific_conflicts_with_scientific_name,profile_candidate,plant-profile-003835,キタミソウ,Limosela aguatiea,ゴマノハグサ科,SCROPHULARIACEAE,192,,日本の野生植物 第2巻,Limosella,limosela,The row's genus field should match the first word of the scientific name.,This usually means parser state leaked from a neighboring OCR block.
78,genus_scientific_conflicts_with_scientific_name,profile_candidate,plant-profile-002698,キダチキンバイ,Ludwigia octovalvis,アカバナ科,ONAGRACEAE,45,,日本の野生植物 第2巻,Ludwigi,ludwigia,The row's genus field should match the first word of the scientific name.,This usually means parser state leaked from a neighboring OCR block.
78,genus_scientific_conflicts_with_scientific_name,profile_candidate,plant-profile-004841,キダチニンドウ,Lonicera hypoglauca,スイカズラ科,CAPRIFOLIACEAE,313,624,日本の野生植物 第2巻,Linnaea,lonicera,The row's genus field should match the first word of the scientific name.,This usually means parser state leaked from a neighboring OCR block.
78,genus_scientific_conflicts_with_scientific_name,profile_candidate,plant-profile-001263,キツネガヤ,Bromus remotilorus,イネ科,POACEAE,151,,日本の野生植物 第1巻,BromIs,bromus,The row's genus field should match the first word of the scientific name.,This usually means parser state leaked from a neighboring OCR block.
78,genus_scientific_conflicts_with_scientific_name,profile_candidate,plant-profile-000656,キツネノカミソリ,Lyeoris sanguinea,ヒガンバナ科,AMARYLLIDACEAE,95,188,日本の野生植物 第1巻,Lycoris,lyeoris,The row's genus field should match the first word of the scientific name.,This usually means parser state leaked from a neighboring OCR block.
78,genus_scientific_conflicts_with_scientific_name,profile_candidate,plant-profile-001632,キツネノボタン,Ranuneulus silerifolius,キンポウゲ科,RANUNCULACEAE,194,387,日本の野生植物 第1巻,Pulsatilla,ranuneulus,The row's genus field should match the first word of the scientific name.,This usually means parser state leaked from a neighboring OCR block.
78,genus_scientific_conflicts_with_scientific_name,profile_candidate,plant-profile-004073,キツネノメマゴ,Justicia hayatae,キツネノマゴ科,ACANTHACEAE,224,446,日本の野生植物 第2巻,Codonacanthus,justicia,The row's genus field should match the first word of the scientific name.,This usually means parser state leaked from a neighboring OCR block.
78,genus_scientific_conflicts_with_scientific_name,profile_candidate,plant-profile-000617,キヌラン,Zeusine strateumatica,ラン科,ORCHIDACEAE,90,,日本の野生植物 第1巻,Vrydagzynea,zeusine,The row's genus field should match the first word of the scientific name.,This usually means parser state leaked from a neighboring OCR block.
78,genus_scientific_conflicts_with_scientific_name,profile_candidate,plant-profile-003790,キバナオトメアゼナ,Meeardonia proeumbens,オオバコ科,PLANTAGINACEAE,187,,日本の野生植物 第2巻,Linaria,meeardonia,The row's genus field should match the first word of the scientific name.,This usually means parser state leaked from a neighboring OCR block.
78,genus_scientific_conflicts_with_scientific_name,profile_candidate,plant-profile-001598,キバナサバノオ,Dichoearpum pterigionoeaudatum,キンポウゲ科,RANUNCULACEAE,191,,日本の野生植物 第1巻,Dichocarpum,dichoearpum,The row's genus field should match the first word of the scientific name.,This usually means parser state leaked from a neighboring OCR block.
78,genus_scientific_conflicts_with_scientific_name,profile_candidate,plant-profile-003326,キバナシャクナゲ,Rhododendron aureum,ツツジ科,ERICACEAE,135,,日本の野生植物 第2巻,Phyllodoce,rhododendron,The row's genus field should match the first word of the scientific name.,This usually means parser state leaked from a neighboring OCR block.
78,genus_scientific_conflicts_with_scientific_name,profile_candidate,plant-profile-000476,キバナノアツモリソウ,Cypripedium yatabeanum,ラン科,ORCHIDACEAE,75,149,日本の野生植物 第1巻,Cypripedlum,cypripedium,The row's genus field should match the first word of the scientific name.,This usually means parser state leaked from a neighboring OCR block.
78,genus_scientific_conflicts_with_scientific_name,profile_candidate,plant-profile-000398,キバナノアマナ,Gagea nakaiana,ユリ科,LILIACEAE,66,,日本の野生植物 第1巻,Fritillaria,gagea,The row's genus field should match the first word of the scientific name.,This usually means parser state leaked from a neighboring OCR block.
78,genus_scientific_conflicts_with_scientific_name,profile_candidate,plant-profile-000612,キバナノショウキラン,Yoania amagiensis,ラン科,ORCHIDACEAE,90,178,日本の野生植物 第1巻,Vrydagzynea,yoania,The row's genus field should match the first word of the scientific name.,This usually means parser state leaked from a neighboring OCR block.
78,genus_scientific_conflicts_with_scientific_name,profile_candidate,plant-profile-000486,キバナノセッコク,Dendrobium catenatum,ラン科,ORCHIDACEAE,76,,日本の野生植物 第1巻,Dactylostalix,dendrobium,The row's genus field should match the first word of the scientific name.,This usually means parser state leaked from a neighboring OCR block.
78,genus_scientific_conflicts_with_scientific_name,profile_candidate,plant-profile-002986,キブネダイオウ,Rumes nepalensis,タデ科,POLYGONACEAE,89,,日本の野生植物 第2巻,Rumex,rumes,The row's genus field should match the first word of the scientific name.,This usually means parser state leaked from a neighboring OCR block.
78,genus_scientific_conflicts_with_scientific_name,profile_candidate,plant-profile-002090,キミズ,Pellionia seabra,イラクサ科,URTICACEAE,258,,日本の野生植物 第1巻,Oreocnide,pellionia,The row's genus field should match the first word of the scientific name.,This usually means parser state leaked from a neighboring OCR block.
78,genus_scientific_conflicts_with_scientific_name,profile_candidate,plant-profile-002121,キョウガノコ,Fiipendula xpurpurea,バラ科,ROSACEAE,262,,日本の野生植物 第1巻,Filipendula,fiipendula,The row's genus field should match the first word of the scientific name.,This usually means parser state leaked from a neighboring OCR block.
78,genus_scientific_conflicts_with_scientific_name,profile_candidate,plant-profile-003581,キョウチクトウ,Nerium oleander,キョウチクトウ科,APOCYNACEAE,161,,日本の野生植物 第2巻,Metaplexis,nerium,The row's genus field should match the first word of the scientific name.,This usually means parser state leaked from a neighboring OCR block.
78,genus_scientific_conflicts_with_scientific_name,profile_candidate,plant-profile-003381,キヨスミミツバツツジ,Rhododendron kiyosumense,ツツジ科,ERICACEAE,138,,日本の野生植物 第2巻,Phyllodoce,rhododendron,The row's genus field should match the first word of the scientific name.,This usually means parser state leaked from a neighboring OCR block.
78,genus_scientific_conflicts_with_scientific_name,profile_candidate,plant-profile-001523,キヨミトリカブト,Aconitum kiyomiense,キンポウゲ科,RANUNCULACEAE,184,,日本の野生植物 第1巻,Thalictrum,aconitum,The row's genus field should match the first word of the scientific name.,This usually means parser state leaked from a neighboring OCR block.
78,genus_scientific_conflicts_with_scientific_name,profile_candidate,plant-profile-004324,キリガミネトウヒレン,Saussurea kirigaminensis,キク科,ASTERACEAE,256,,日本の野生植物 第2巻,Hemisteptia,saussurea,The row's genus field should match the first word of the scientific name.,This usually means parser state leaked from a neighboring OCR block.
78,genus_scientific_conflicts_with_scientific_name,profile_candidate,plant-profile-004325,キリシマヒゴタイ,Saussurea seaposa,キク科,ASTERACEAE,256,,日本の野生植物 第2巻,Hemisteptia,saussurea,The row's genus field should match the first word of the scientific name.,This usually means parser state leaked from a neighboring OCR block.
78,genus_scientific_conflicts_with_scientific_name,profile_candidate,plant-profile-001781,キリンソウ,Phedimus aizoon,ベンケイソウ科,CRASSULACEAE,213,424,日本の野生植物 第1巻,Kalanchoe,phedimus,The row's genus field should match the first word of the scientific name.,This usually means parser state leaked from a neighboring OCR block.
78,genus_scientific_conflicts_with_scientific_name,profile_candidate,plant-profile-003165,キレンゲショウマ,Kirengeshoma palmata,アジサイ科,HYDRANGEACEAE,112,,日本の野生植物 第2巻,Kireugeshoma,kirengeshoma,The row's genus field should match the first word of the scientific name.,This usually means parser state leaked from a neighboring OCR block.
78,genus_scientific_conflicts_with_scientific_name,profile_candidate,plant-profile-000944,キンキミヤマカンスゲ,Cares multifolia,カヤツリグサ科,CYPERACEAE,122,,日本の野生植物 第1巻,Carex,cares,The row's genus field should match the first word of the scientific name.,This usually means parser state leaked from a neighboring OCR block.
78,genus_scientific_conflicts_with_scientific_name,profile_candidate,plant-profile-004335,キンプヒゴタイ,Saussurea kimbuensis,キク科,ASTERACEAE,257,512,日本の野生植物 第2巻,Hemisteptia,saussurea,The row's genus field should match the first word of the scientific name.,This usually means parser state leaked from a neighboring OCR block.
78,genus_scientific_conflicts_with_scientific_name,profile_candidate,plant-profile-002110,キンミズヒキ,Agrimonia pilosa,バラ科,ROSACEAE,261,,日本の野生植物 第1巻,Agrimona,agrimonia,The row's genus field should match the first word of the scientific name.,This usually means parser state leaked from a neighboring OCR block.
78,genus_scientific_conflicts_with_scientific_name,profile_candidate,plant-profile-004867,キンレイカ,Patrinia palmata,スイカズラ科,CAPRIFOLIACEAE,314,,日本の野生植物 第2巻,Linnaea,patrinia,The row's genus field should match the first word of the scientific name.,This usually means parser state leaked from a neighboring OCR block.
78,genus_scientific_conflicts_with_scientific_name,profile_candidate,plant-profile-002122,キンロバイ,Dasiphora fruticosa,バラ科,ROSACEAE,262,,日本の野生植物 第1巻,Comarum,dasiphora,The row's genus field should match the first word of the scientific name.,This usually means parser state leaked from a neighboring OCR block.
78,genus_scientific_conflicts_with_scientific_name,profile_candidate,plant-profile-003305,ギンリョウソウ,Monotropastrum humile,ツツジ科,ERICACEAE,131,,日本の野生植物 第2巻,Monotropa,monotropastrum,The row's genus field should match the first word of the scientific name.,This usually means parser state leaked from a neighboring OCR block.
78,genus_scientific_conflicts_with_scientific_name,profile_candidate,plant-profile-001110,クグガヤツリ,Cyperus compressus,カヤツリグサ科,CYPERACEAE,131,,日本の野生植物 第1巻,Cladium,cyperus,The row's genus field should match the first word of the scientific name.,This usually means parser state leaked from a neighboring OCR block.
78,genus_scientific_conflicts_with_scientific_name,profile_candidate,plant-profile-001966,クサフジ,Vicia eraeea,マメ科,FABACEAE,242,482,日本の野生植物 第1巻,Thermopsis,vicia,The row's genus field should match the first word of the scientific name.,This usually means parser state leaked from a neighboring OCR block.
78,genus_scientific_conflicts_with_scientific_name,profile_candidate,plant-profile-004030,クチナシグサ,Monoehasma sheareri,ハマウツボ科,OROBANCHACEAE,219,,日本の野生植物 第2巻,Monochasma,monoehasma,The row's genus field should match the first word of the scientific name.,This usually means parser state leaked from a neighboring OCR block.
78,genus_scientific_conflicts_with_scientific_name,profile_candidate,plant-profile-003853,クチバシグサ,Bomuaya ruelloides,アゼナ科,LINDERNIACEAE,194,,日本の野生植物 第2巻,Bonnaya,bomuaya,The row's genus field should match the first word of the scientific name.,This usually means parser state leaked from a neighboring OCR block.
78,genus_scientific_conflicts_with_scientific_name,profile_candidate,plant-profile-000477,クマガイソウ,Cypripedium japonieum,ラン科,ORCHIDACEAE,75,149,日本の野生植物 第1巻,Cypripedlum,cypripedium,The row's genus field should match the first word of the scientific name.,This usually means parser state leaked from a neighboring OCR block.
78,genus_scientific_conflicts_with_scientific_name,profile_candidate,plant-profile-004674,クマノギク,Sphagneticola calendulacea,キク科,ASTERACEAE,291,,日本の野生植物 第2巻,Sphagueticola,sphagneticola,The row's genus field should match the first word of the scientific name.,This usually means parser state leaked from a neighboring OCR block.
78,genus_scientific_conflicts_with_scientific_name,profile_candidate,plant-profile-000809,クモマスズメノヒエ,Luzula areuata,イグサ科,JUNCACEAE,111,,日本の野生植物 第1巻,Juncus,luzula,The row's genus field should match the first word of the scientific name.,This usually means parser state leaked from a neighboring OCR block.
78,genus_scientific_conflicts_with_scientific_name,profile_candidate,plant-profile-000610,クモラン,Taeniophyllum glandulosum,ラン科,ORCHIDACEAE,89,,日本の野生植物 第1巻,Taenioplyllum,taeniophyllum,The row's genus field should match the first word of the scientific name.,This usually means parser state leaked from a neighboring OCR block.
78,genus_scientific_conflicts_with_scientific_name,profile_candidate,plant-profile-001949,クララ,Sophora flavescens,マメ科,FABACEAE,239,477,日本の野生植物 第1巻,Sophona,sophora,The row's genus field should match the first word of the scientific name.,This usually means parser state leaked from a neighboring OCR block.
78,genus_scientific_conflicts_with_scientific_name,profile_candidate,plant-profile-003239,クリンソウ,Primula japoniea,サクラソウ科,PRIMULACEAE,122,,日本の野生植物 第2巻,Lysimachia,primula,The row's genus field should match the first word of the scientific name.,This usually means parser state leaked from a neighboring OCR block.
78,genus_scientific_conflicts_with_scientific_name,profile_candidate,plant-profile-003120,クルマバザクロソウ,Mollugo verticillata,ザクロソウ科,MOLLUGINACEAE,106,,日本の野生植物 第2巻,Molugo,mollugo,The row's genus field should match the first word of the scientific name.,This usually means parser state leaked from a neighboring OCR block.
78,genus_scientific_conflicts_with_scientific_name,profile_candidate,plant-profile-001447,クロイワザサ,Thuarea involuta,イネ科,POACEAE,174,,日本の野生植物 第1巻,Stenotaphrum,thuarea,The row's genus field should match the first word of the scientific name.,This usually means parser state leaked from a neighboring OCR block.
78,genus_scientific_conflicts_with_scientific_name,profile_candidate,plant-profile-001729,クロクモソウ,Micranthes fusca,ユキノシタ科,SAXIFRAGACEAE,207,413,日本の野生植物 第1巻,Astilbe,micranthes,The row's genus field should match the first word of the scientific name.,This usually means parser state leaked from a neighboring OCR block.
78,genus_scientific_conflicts_with_scientific_name,profile_candidate,plant-profile-001164,クロタマガヤツリ,Fuirena cilaris,カヤツリグサ科,CYPERACEAE,135,,日本の野生植物 第1巻,Fimbristylis,fuirena,The row's genus field should match the first word of the scientific name.,This usually means parser state leaked from a neighboring OCR block.
78,genus_scientific_conflicts_with_scientific_name,profile_candidate,plant-profile-002385,クロツリバナ,Euomymus triearpus,ニシキギ科,CELASTRACEAE,293,584,日本の野生植物 第1巻,Euonymus,euomymus,The row's genus field should match the first word of the scientific name.,This usually means parser state leaked from a neighboring OCR block.
78,genus_scientific_conflicts_with_scientific_name,profile_candidate,plant-profile-003273,クロバイ,Symplocos prunifolia,ハイノキ科,SYMPLOCACEAE,126,250,日本の野生植物 第2巻,Syuplocos,symplocos,The row's genus field should match the first word of the scientific name.,This usually means parser state leaked from a neighboring OCR block.
78,genus_scientific_conflicts_with_scientific_name,profile_candidate,plant-profile-004749,クロバナウマノミツバ,Sanieula rubriflora,セリ科,APIACEAE,301,,日本の野生植物 第2巻,Sanicula,sanieula,The row's genus field should match the first word of the scientific name.,This usually means parser state leaked from a neighboring OCR block.
78,genus_scientific_conflicts_with_scientific_name,profile_candidate,plant-profile-002114,クロバナロウゲ,Comarun palustre,バラ科,ROSACEAE,262,522,日本の野生植物 第1巻,Comarum,comarun,The row's genus field should match the first word of the scientific name.,This usually means parser state leaked from a neighboring OCR block.
78,genus_scientific_conflicts_with_scientific_name,profile_candidate,plant-profile-000769,クロホシクサ,Erioeaulon paryum,ホシクサ科,ERIOCAULACEAE,108,,日本の野生植物 第1巻,Eriocaulon,erioeaulon,The row's genus field should match the first word of the scientific name.,This usually means parser state leaked from a neighboring OCR block.
78,genus_scientific_conflicts_with_scientific_name,profile_candidate,plant-profile-003262,クロミノサワフタギ,Symploeos tanakana,ハイノキ科,SYMPLOCACEAE,125,,日本の野生植物 第2巻,Syuplocos,symploeos,The row's genus field should match the first word of the scientific name.,This usually means parser state leaked from a neighboring OCR block.
78,genus_scientific_conflicts_with_scientific_name,profile_candidate,plant-profile-003263,クロミノニシゴリ,Symplocos paniculata,ハイノキ科,SYMPLOCACEAE,125,,日本の野生植物 第2巻,Syuplocos,symplocos,The row's genus field should match the first word of the scientific name.,This usually means parser state leaked from a neighboring OCR block.
78,genus_scientific_conflicts_with_scientific_name,profile_candidate,plant-profile-000531,クロムヨウラン,Lecanorchis nigricans,ラン科,ORCHIDACEAE,81,161,日本の野生植物 第1巻,Herminium,lecanorchis,The row's genus field should match the first word of the scientific name.,This usually means parser state leaked from a neighboring OCR block.
78,genus_scientific_conflicts_with_scientific_name,profile_candidate,plant-profile-000246,クワイ,Sagittaria trifolia,オモダカ科,ALISMATACEAE,48,94,日本の野生植物 第1巻,Sagitaria,sagittaria,The row's genus field should match the first word of the scientific name.,This usually means parser state leaked from a neighboring OCR block.
78,genus_scientific_conflicts_with_scientific_name,profile_candidate,plant-profile-002416,グミモドキ,Croton cascarilloides,トウダイグサ科,EUPHORBIACEAE,297,593,日本の野生植物 第1巻,Acalypha,croton,The row's genus field should match the first word of the scientific name.,This usually means parser state leaked from a neighboring OCR block.
78,genus_scientific_conflicts_with_scientific_name,profile_candidate,plant-profile-002902,グンバイナズナ,Thlaspi arvense,アブラナ科,BRASSICACEAE,78,,日本の野生植物 第2巻,Thaspi,thlaspi,The row's genus field should match the first word of the scientific name.,This usually means parser state leaked from a neighboring OCR block.
78,genus_scientific_conflicts_with_scientific_name,profile_candidate,plant-profile-003679,ケイヌホオズキ,Solanum sarrachoides,ナス科,SOLANACEAE,172,,日本の野生植物 第2巻,Seopolia,solanum,The row's genus field should match the first word of the scientific name.,This usually means parser state leaked from a neighboring OCR block.
78,genus_scientific_conflicts_with_scientific_name,profile_candidate,plant-profile-001410,ケカモノハシ,Ischaemum anthephoroides,イネ科,POACEAE,169,336,日本の野生植物 第1巻,Imperata,ischaemum,The row's genus field should match the first word of the scientific name.,This usually means parser state leaked from a neighboring OCR block.
78,genus_scientific_conflicts_with_scientific_name,profile_candidate,plant-profile-002060,ケグワ,Morus cathayana,アサ科,CANNABACEAE,254,,日本の野生植物 第1巻,Maclura,morus,The row's genus field should match the first word of the scientific name.,This usually means parser state leaked from a neighboring OCR block.
78,genus_scientific_conflicts_with_scientific_name,profile_candidate,plant-profile-003994,ケサヤバナ,Plectranthus formosanus,シソ科,LAMIACEAE,213,,日本の野生植物 第2巻,Pleetranthus,plectranthus,The row's genus field should match the first word of the scientific name.,This usually means parser state leaked from a neighboring OCR block.
78,genus_scientific_conflicts_with_scientific_name,profile_candidate,plant-profile-003476,ケシンテンルリミノキ,Lasianthus curtisii,アカネ科,RUBIACEAE,149,,日本の野生植物 第2巻,Knoxia,lasianthus,The row's genus field should match the first word of the scientific name.,This usually means parser state leaked from a neighboring OCR block.
78,genus_scientific_conflicts_with_scientific_name,profile_candidate,plant-profile-003652,ケチョウセンアサガオ,Datura wrightii,ナス科,SOLANACEAE,169,,日本の野生植物 第2巻,Cestrum,datura,The row's genus field should match the first word of the scientific name.,This usually means parser state leaked from a neighboring OCR block.
78,genus_scientific_conflicts_with_scientific_name,profile_candidate,plant-profile-003582,ケテイカカズラ,Trachelospermum jasminoides,キョウチクトウ科,APOCYNACEAE,161,,日本の野生植物 第2巻,Ochrosia,trachelospermum,The row's genus field should match the first word of the scientific name.,This usually means parser state leaked from a neighboring OCR block.
78,genus_scientific_conflicts_with_scientific_name,profile_candidate,plant-profile-003180,ケナガエサカキ,Adinandra yaeyamensis,サカキ科,PENTAPHYLACACEAE,115,,日本の野生植物 第2巻,Eurya,adinandra,The row's genus field should match the first word of the scientific name.,This usually means parser state leaked from a neighboring OCR block.
78,genus_scientific_conflicts_with_scientific_name,profile_candidate,plant-profile-004850,ケヨノミ,Lonicera caerulea,スイカズラ科,CAPRIFOLIACEAE,313,,日本の野生植物 第2巻,Linnaea,lonicera,The row's genus field should match the first word of the scientific name.,This usually means parser state leaked from a neighboring OCR block.
78,genus_scientific_conflicts_with_scientific_name,profile_candidate,plant-profile-003338,ケラマツツジ,Rhododendron scabrum,ツツジ科,ERICACEAE,136,271,日本の野生植物 第2巻,Phyllodoce,rhododendron,The row's genus field should match the first word of the scientific name.,This usually means parser state leaked from a neighboring OCR block.
78,genus_scientific_conflicts_with_scientific_name,profile_candidate,plant-profile-003730,ケルリソウ,Trigonotis radicans,ムラサキ科,BORAGINACEAE,179,,日本の野生植物 第2巻,Myosotis,trigonotis,The row's genus field should match the first word of the scientific name.,This usually means parser state leaked from a neighboring OCR block.
78,genus_scientific_conflicts_with_scientific_name,profile_candidate,plant-profile-003327,ゲンカイツツジ,Rhododendron mueronulafum,ツツジ科,ERICACEAE,135,,日本の野生植物 第2巻,Phyllodoce,rhododendron,The row's genus field should match the first word of the scientific name.,This usually means parser state leaked from a neighboring OCR block.
78,genus_scientific_conflicts_with_scientific_name,profile_candidate,plant-profile-003097,コアカザ,Chenopodium ficifolium,ヒユ科,AMARANTHACEAE,102,,日本の野生植物 第2巻,Chenopodiastrum,chenopodium,The row's genus field should match the first word of the scientific name.,This usually means parser state leaked from a neighboring OCR block.
78,genus_scientific_conflicts_with_scientific_name,profile_candidate,plant-profile-001111,コアゼガヤツリ,Cyperus haspan,カヤツリグサ科,CYPERACEAE,131,,日本の野生植物 第1巻,Cladium,cyperus,The row's genus field should match the first word of the scientific name.,This usually means parser state leaked from a neighboring OCR block.
78,genus_scientific_conflicts_with_scientific_name,profile_candidate,plant-profile-000478,コアツモリソウ,Cypripedium debile,ラン科,ORCHIDACEAE,75,,日本の野生植物 第1巻,Cypripedlum,cypripedium,The row's genus field should match the first word of the scientific name.,This usually means parser state leaked from a neighboring OCR block.
78,genus_scientific_conflicts_with_scientific_name,profile_candidate,plant-profile-000438,コアニチドリ,Amitostigma kinoshitae,ラン科,ORCHIDACEAE,71,,日本の野生植物 第1巻,Amitostigmna,amitostigma,The row's genus field should match the first word of the scientific name.,This usually means parser state leaked from a neighboring OCR block.
78,genus_scientific_conflicts_with_scientific_name,profile_candidate,plant-profile-003397,コアブラツツジ,Eakianthus nudipes,ツツジ科,ERICACEAE,139,,日本の野生植物 第2巻,Enkianthus,eakianthus,The row's genus field should match the first word of the scientific name.,This usually means parser state leaked from a neighboring OCR block.
78,genus_scientific_conflicts_with_scientific_name,profile_candidate,plant-profile-003240,コイワザクラ,Primula reinii,サクラソウ科,PRIMULACEAE,122,,日本の野生植物 第2巻,Lysimachia,primula,The row's genus field should match the first word of the scientific name.,This usually means parser state leaked from a neighboring OCR block.
78,genus_scientific_conflicts_with_scientific_name,profile_candidate,plant-profile-000270,コウガイモ,Vallisneria denseserrulata,トチカガミ科,HYDROCHARITACEAE,50,,日本の野生植物 第1巻,Thalassia,vallisneria,The row's genus field should match the first word of the scientific name.,This usually means parser state leaked from a neighboring OCR block.
78,genus_scientific_conflicts_with_scientific_name,profile_candidate,plant-profile-000217,コウキクサ,Lemna minor,サトイモ科,ARACEAE,44,87,日本の野生植物 第1巻,Landottia,lemna,The row's genus field should match the first word of the scientific name.,This usually means parser state leaked from a neighboring OCR block.
78,genus_scientific_conflicts_with_scientific_name,profile_candidate,plant-profile-000818,コウキヤガラ,Bolboschoenus koshevnikovii,カヤツリグサ科,CYPERACEAE,113,,日本の野生植物 第1巻,Actinoscirpus,bolboschoenus,The row's genus field should match the first word of the scientific name.,This usually means parser state leaked from a neighboring OCR block.
78,genus_scientific_conflicts_with_scientific_name,profile_candidate,plant-profile-004851,コウグイスカグラ,Lonicera ramosissima,スイカズラ科,CAPRIFOLIACEAE,313,,日本の野生植物 第2巻,Linnaea,lonicera,The row's genus field should match the first word of the scientific name.,This usually means parser state leaked from a neighboring OCR block.
78,genus_scientific_conflicts_with_scientific_name,profile_candidate,plant-profile-001093,コウシュンスゲ,Cyperus pedunculatus,カヤツリグサ科,CYPERACEAE,130,,日本の野生植物 第1巻,Cladium,cyperus,The row's genus field should match the first word of the scientific name.,This usually means parser state leaked from a neighboring OCR block.
78,genus_scientific_conflicts_with_scientific_name,profile_candidate,plant-profile-004352,コウシンヒゴタイ,Saussurea pseudosagitta,キク科,ASTERACEAE,257,,日本の野生植物 第2巻,Hemisteptia,saussurea,The row's genus field should match the first word of the scientific name.,This usually means parser state leaked from a neighboring OCR block.
78,genus_scientific_conflicts_with_scientific_name,profile_candidate,plant-profile-004412,コウゾリナ,Picris hieracioides,キク科,ASTERACEAE,263,525,日本の野生植物 第2巻,Nabalus,picris,The row's genus field should match the first word of the scientific name.,This usually means parser state leaked from a neighboring OCR block.
78,genus_scientific_conflicts_with_scientific_name,profile_candidate,plant-profile-001924,コウマゴヤシ,Medicago minima,マメ科,FABACEAE,236,470,日本の野生植物 第1巻,Medieago,medicago,The row's genus field should match the first word of the scientific name.,This usually means parser state leaked from a neighboring OCR block.
78,genus_scientific_conflicts_with_scientific_name,profile_candidate,plant-profile-001482,コウモリカズラ,Menispermum dauricum,ツヅラフジ科,MENISPERMACEAE,179,,日本の野生植物 第1巻,Cyelea,menispermum,The row's genus field should match the first word of the scientific name.,This usually means parser state leaked from a neighboring OCR block.
78,genus_scientific_conflicts_with_scientific_name,profile_candidate,plant-profile-004482,コウモリソウ,Parasenecio maximowiczianus,キク科,ASTERACEAE,272,,日本の野生植物 第2巻,Nemnosenecio,parasenecio,The row's genus field should match the first word of the scientific name.,This usually means parser state leaked from a neighboring OCR block.
78,genus_scientific_conflicts_with_scientific_name,profile_candidate,plant-profile-002003,コウヤグミ,Elaeagnts numajiriana,グミ科,ELAEAGNACEAE,246,,日本の野生植物 第1巻,Elaeagnus,elaeagnts,The row's genus field should match the first word of the scientific name.,This usually means parser state leaked from a neighboring OCR block.
78,genus_scientific_conflicts_with_scientific_name,profile_candidate,plant-profile-001257,コウヤザサ,Brachyelytrum japonicum,イネ科,POACEAE,150,,日本の野生植物 第1巻,Avenella,brachyelytrum,The row's genus field should match the first word of the scientific name.,This usually means parser state leaked from a neighboring OCR block.
78,genus_scientific_conflicts_with_scientific_name,profile_candidate,plant-profile-001599,コウヤシロカネソウ,Dichoearpum numajirianum,キンポウゲ科,RANUNCULACEAE,191,,日本の野生植物 第1巻,Dichocarpum,dichoearpum,The row's genus field should match the first word of the scientific name.,This usually means parser state leaked from a neighboring OCR block.
78,genus_scientific_conflicts_with_scientific_name,profile_candidate,plant-profile-001571,コウヤハンショウヅル,Clemnatis obvallata,キンポウゲ科,RANUNCULACEAE,189,,日本の野生植物 第1巻,Clematis,clemnatis,The row's genus field should match the first word of the scientific name.,This usually means parser state leaked from a neighboring OCR block.
78,genus_scientific_conflicts_with_scientific_name,profile_candidate,plant-profile-004496,コウリンギク,Seneeio argunensis,キク科,ASTERACEAE,273,,日本の野生植物 第2巻,Nemnosenecio,seneeio,The row's genus field should match the first word of the scientific name.,This usually means parser state leaked from a neighboring OCR block.
78,genus_scientific_conflicts_with_scientific_name,profile_candidate,plant-profile-000909,コカンスゲ,Cares reinii,カヤツリグサ科,CYPERACEAE,120,238,日本の野生植物 第1巻,Carex,cares,The row's genus field should match the first word of the scientific name.,This usually means parser state leaked from a neighboring OCR block.
78,genus_scientific_conflicts_with_scientific_name,profile_candidate,plant-profile-001726,コガネネコノメソウ,Chrysosplenium pilosum,ユキノシタ科,SAXIFRAGACEAE,207,412,日本の野生植物 第1巻,Astilbe,chrysosplenium,The row's genus field should match the first word of the scientific name.,This usually means parser state leaked from a neighboring OCR block.
78,genus_scientific_conflicts_with_scientific_name,profile_candidate,plant-profile-000752,コガマ,Typha orientalis,ガマ科,TYPHACEAE,106,,日本の野生植物 第1巻,Sparganium,typha,The row's genus field should match the first word of the scientific name.,This usually means parser state leaked from a neighboring OCR block.
78,genus_scientific_conflicts_with_scientific_name,profile_candidate,plant-profile-003791,コキクモ,Limnophila indiea,オオバコ科,PLANTAGINACEAE,187,,日本の野生植物 第2巻,Lagotis,limnophila,The row's genus field should match the first word of the scientific name.,This usually means parser state leaked from a neighboring OCR block.
78,genus_scientific_conflicts_with_scientific_name,profile_candidate,plant-profile-001637,コキツネノボタン,Ranunculus chinensis,キンポウゲ科,RANUNCULACEAE,194,,日本の野生植物 第1巻,Pulsatilla,ranunculus,The row's genus field should match the first word of the scientific name.,This usually means parser state leaked from a neighboring OCR block.
78,genus_scientific_conflicts_with_scientific_name,profile_candidate,plant-profile-002608,コケオトギリ,Hyperieum laxum,オトギリソウ科,HYPERICACEAE,36,,日本の野生植物 第2巻,Hypericum,hyperieum,The row's genus field should match the first word of the scientific name.,This usually means parser state leaked from a neighboring OCR block.
78,genus_scientific_conflicts_with_scientific_name,profile_candidate,plant-profile-002094,コケミズ,Pilea peploides,イラクサ科,URTICACEAE,259,516,日本の野生植物 第1巻,Pllea,pilea,The row's genus field should match the first word of the scientific name.,This usually means parser state leaked from a neighboring OCR block.
78,genus_scientific_conflicts_with_scientific_name,profile_candidate,plant-profile-003530,コケリンドウ,Gentiana squarrosa,アカネ科,RUBIACEAE,155,,日本の野生植物 第2巻,Swertia,gentiana,The row's genus field should match the first word of the scientific name.,This usually means parser state leaked from a neighboring OCR block.
78,genus_scientific_conflicts_with_scientific_name,profile_candidate,plant-profile-001112,コゴメガヤツリ,Cyperus iria,カヤツリグサ科,CYPERACEAE,131,,日本の野生植物 第1巻,Cladium,cyperus,The row's genus field should match the first word of the scientific name.,This usually means parser state leaked from a neighboring OCR block.
78,genus_scientific_conflicts_with_scientific_name,profile_candidate,plant-profile-000810,コゴメヌカボシ,Luzula piperi,イグサ科,JUNCACEAE,111,,日本の野生植物 第1巻,Juncus,luzula,The row's genus field should match the first word of the scientific name.,This usually means parser state leaked from a neighboring OCR block.
78,genus_scientific_conflicts_with_scientific_name,profile_candidate,plant-profile-000770,コシガヤホシクサ,Erioeanlon heleocharioides,ホシクサ科,ERIOCAULACEAE,108,,日本の野生植物 第1巻,Eriocaulon,erioeanlon,The row's genus field should match the first word of the scientific name.,This usually means parser state leaked from a neighboring OCR block.
78,genus_scientific_conflicts_with_scientific_name,profile_candidate,plant-profile-001744,コシノチャルメルソウ,Mitella koshiensis,ユキノシタ科,SAXIFRAGACEAE,208,,日本の野生植物 第1巻,Astilbe,mitella,The row's genus field should match the first word of the scientific name.,This usually means parser state leaked from a neighboring OCR block.
78,genus_scientific_conflicts_with_scientific_name,profile_candidate,plant-profile-002829,コショウノキ,Daphne kiusiana,ジンチョウゲ科,THYMELAEACEAE,65,,日本の野生植物 第2巻,Daplne,daphne,The row's genus field should match the first word of the scientific name.,This usually means parser state leaked from a neighboring OCR block.
78,genus_scientific_conflicts_with_scientific_name,profile_candidate,plant-profile-003964,コシロネ,Lycopus cavaleriei,シソ科,LAMIACEAE,210,,日本の野生植物 第2巻,Dracocephalum,lycopus,The row's genus field should match the first word of the scientific name.,This usually means parser state leaked from a neighboring OCR block.
78,genus_scientific_conflicts_with_scientific_name,profile_candidate,plant-profile-001197,コシンジュガヤ,Seleria parvula,カヤツリグサ科,CYPERACEAE,139,276,日本の野生植物 第1巻,Scleria,seleria,The row's genus field should match the first word of the scientific name.,This usually means parser state leaked from a neighboring OCR block.
78,genus_scientific_conflicts_with_scientific_name,profile_candidate,plant-profile-004394,コスギニガナ,Ixeridium yakuinsulare,キク科,ASTERACEAE,261,,日本の野生植物 第2巻,Hypochaeris,ixeridium,The row's genus field should match the first word of the scientific name.,This usually means parser state leaked from a neighboring OCR block.
78,genus_scientific_conflicts_with_scientific_name,profile_candidate,plant-profile-001359,コスズメガヤ,Eragrostis minor,イネ科,POACEAE,161,320,日本の野生植物 第1巻,Eleusine,eragrostis,The row's genus field should match the first word of the scientific name.,This usually means parser state leaked from a neighboring OCR block.
78,genus_scientific_conflicts_with_scientific_name,profile_candidate,plant-profile-001745,コチャルメルソウ,Mitella paucillora,ユキノシタ科,SAXIFRAGACEAE,208,,日本の野生植物 第1巻,Astilbe,mitella,The row's genus field should match the first word of the scientific name.,This usually means parser state leaked from a neighboring OCR block.
78,genus_scientific_conflicts_with_scientific_name,profile_candidate,plant-profile-003282,コニシハイノキ,Symploeos konishii,ハイノキ科,SYMPLOCACEAE,126,,日本の野生植物 第2巻,Syuplocos,symploeos,The row's genus field should match the first word of the scientific name.,This usually means parser state leaked from a neighboring OCR block.
78,genus_scientific_conflicts_with_scientific_name,profile_candidate,plant-profile-000569,コハクラン,Oreorchis indica,ラン科,ORCHIDACEAE,85,168,日本の野生植物 第1巻,Oreorehis,oreorchis,The row's genus field should match the first word of the scientific name.,This usually means parser state leaked from a neighboring OCR block.
78,genus_scientific_conflicts_with_scientific_name,profile_candidate,plant-profile-004605,コハマギク,Chrysanthemum yezoense,キク科,ASTERACEAE,283,,日本の野生植物 第2巻,Artemisia,chrysanthemum,The row's genus field should match the first word of the scientific name.,This usually means parser state leaked from a neighboring OCR block.
78,genus_scientific_conflicts_with_scientific_name,profile_candidate,plant-profile-000366,コバイケイソウ,Veratrum stamineum,シュロソウ科,MELANTHIACEAE,62,,日本の野生植物 第1巻,Paris,veratrum,The row's genus field should match the first word of the scientific name.,This usually means parser state leaked from a neighboring OCR block.
78,genus_scientific_conflicts_with_scientific_name,profile_candidate,plant-profile-000291,コバノヒルムシロ,Potamogeton cristatus,ヒルムシロ科,POTAMOGETONACEAE,53,105,日本の野生植物 第1巻,Stuckenia,potamogeton,The row's genus field should match the first word of the scientific name.,This usually means parser state leaked from a neighboring OCR block.
78,genus_scientific_conflicts_with_scientific_name,profile_candidate,plant-profile-003382,コバノミツバツツジ,Rhododendron reticulatum,ツツジ科,ERICACEAE,138,,日本の野生植物 第2巻,Phyllodoce,rhododendron,The row's genus field should match the first word of the scientific name.,This usually means parser state leaked from a neighboring OCR block.
78,genus_scientific_conflicts_with_scientific_name,profile_candidate,plant-profile-002469,コバンノキ,Phylanthus fexuosus,コミカンソウ科,PHYLLANTHACEAE,304,607,日本の野生植物 第1巻,Phyllanthus,phylanthus,The row's genus field should match the first word of the scientific name.,This usually means parser state leaked from a neighboring OCR block.
78,genus_scientific_conflicts_with_scientific_name,profile_candidate,plant-profile-000156,コブガシ,Maehilus kobu,クスノキ科,LAURACEAE,38,,日本の野生植物 第1巻,Machilus,maehilus,The row's genus field should match the first word of the scientific name.,This usually means parser state leaked from a neighboring OCR block.
78,genus_scientific_conflicts_with_scientific_name,profile_candidate,plant-profile-002704,コマツヨイグサ,Oenothera laciniata,アカバナ科,ONAGRACEAE,46,,日本の野生植物 第2巻,Ludwigi,oenothera,The row's genus field should match the first word of the scientific name.,This usually means parser state leaked from a neighboring OCR block.
78,genus_scientific_conflicts_with_scientific_name,profile_candidate,plant-profile-002095,コミヤマミズ,Pilea notata,イラクサ科,URTICACEAE,259,516,日本の野生植物 第1巻,Pllea,pilea,The row's genus field should match the first word of the scientific name.,This usually means parser state leaked from a neighboring OCR block.
78,genus_scientific_conflicts_with_scientific_name,profile_candidate,plant-profile-001304,コメガヤ,Meliea nutans,イネ科,POACEAE,155,,日本の野生植物 第1巻,Lolium,meliea,The row's genus field should match the first word of the scientific name.,This usually means parser state leaked from a neighboring OCR block.
78,genus_scientific_conflicts_with_scientific_name,profile_candidate,plant-profile-003346,コメツツジ,Rhododendron tschonoskii,ツツジ科,ERICACEAE,136,,日本の野生植物 第2巻,Phyllodoce,rhododendron,The row's genus field should match the first word of the scientific name.,This usually means parser state leaked from a neighboring OCR block.
78,genus_scientific_conflicts_with_scientific_name,profile_candidate,plant-profile-004690,コメナモミ,Sigesbeckia glabrescens,キク科,ASTERACEAE,293,,日本の野生植物 第2巻,Sigesbeekia,sigesbeckia,The row's genus field should match the first word of the scientific name.,This usually means parser state leaked from a neighboring OCR block.
78,genus_scientific_conflicts_with_scientific_name,profile_candidate,plant-profile-002994,コモウセンゴケ,Drosera spatulata,タデ科,POLYGONACEAE,90,,日本の野生植物 第2巻,Drosena,drosera,The row's genus field should match the first word of the scientific name.,This usually means parser state leaked from a neighboring OCR block.
78,genus_scientific_conflicts_with_scientific_name,profile_candidate,plant-profile-000687,コヤブラン,Liriope spieata,クサスギカズラ科,ASPARAGACEAE,98,,日本の野生植物 第1巻,Hosta,liriope,The row's genus field should match the first word of the scientific name.,This usually means parser state leaked from a neighboring OCR block.
78,genus_scientific_conflicts_with_scientific_name,profile_candidate,plant-profile-003340,コヨウラクツツジ,Rhododendron pentandrum,ツツジ科,ERICACEAE,136,271,日本の野生植物 第2巻,Phyllodoce,rhododendron,The row's genus field should match the first word of the scientific name.,This usually means parser state leaked from a neighboring OCR block.
78,genus_scientific_conflicts_with_scientific_name,profile_candidate,plant-profile-004326,コンセントウヒレン,Saussurea hamanakaensis,キク科,ASTERACEAE,256,,日本の野生植物 第2巻,Hemisteptia,saussurea,The row's genus field should match the first word of the scientific name.,This usually means parser state leaked from a neighboring OCR block.
78,genus_scientific_conflicts_with_scientific_name,profile_candidate,plant-profile-001500,コンプレイジンソウ,Aconitum hiroshi-igarashii,キンポウゲ科,RANUNCULACEAE,183,365,日本の野生植物 第1巻,Thalictrum,aconitum,The row's genus field should match the first word of the scientific name.,This usually means parser state leaked from a neighboring OCR block.
78,genus_scientific_conflicts_with_scientific_name,profile_candidate,plant-profile-002784,ゴシュユ,Tetradium ruticarpum,ミカン科,RUTACEAE,57,,日本の野生植物 第2巻,Skimmia,tetradium,The row's genus field should match the first word of the scientific name.,This usually means parser state leaked from a neighboring OCR block.
78,genus_scientific_conflicts_with_scientific_name,profile_candidate,plant-profile-004013,ゴマクサ,Centranthera cochinchinensis,ハマウツボ科,OROBANCHACEAE,217,,日本の野生植物 第2巻,Boschniakia,centranthera,The row's genus field should match the first word of the scientific name.,This usually means parser state leaked from a neighboring OCR block.
78,genus_scientific_conflicts_with_scientific_name,profile_candidate,plant-profile-004821,ゴモジュ,Viburnum suspensum,ガマズミ科,VIBURNACEAE,309,617,日本の野生植物 第2巻,Sambucus,viburnum,The row's genus field should match the first word of the scientific name.,This usually means parser state leaked from a neighboring OCR block.
78,genus_scientific_conflicts_with_scientific_name,profile_candidate,plant-profile-003339,ゴヨウザンヨウラク,Rhododendron goyozanense,ツツジ科,ERICACEAE,136,271,日本の野生植物 第2巻,Phyllodoce,rhododendron,The row's genus field should match the first word of the scientific name.,This usually means parser state leaked from a neighboring OCR block.
78,genus_scientific_conflicts_with_scientific_name,profile_candidate,plant-profile-002721,ゴンズイ,Euseaphis japonica,ミツバウツギ科,STAPHYLEACEAE,49,,日本の野生植物 第2巻,Euscaphis,euseaphis,The row's genus field should match the first word of the scientific name.,This usually means parser state leaked from a neighboring OCR block.
78,genus_scientific_conflicts_with_scientific_name,profile_candidate,plant-profile-003383,サイゴクミツバツツジ,Rhododendron nudipes,ツツジ科,ERICACEAE,138,,日本の野生植物 第2巻,Phyllodoce,rhododendron,The row's genus field should match the first word of the scientific name.,This usually means parser state leaked from a neighboring OCR block.
78,genus_scientific_conflicts_with_scientific_name,profile_candidate,plant-profile-000467,サイハイラン,Cremastra variabilis,ラン科,ORCHIDACEAE,74,147,日本の野生植物 第1巻,Cremnastra,cremastra,The row's genus field should match the first word of the scientific name.,This usually means parser state leaked from a neighboring OCR block.
78,genus_scientific_conflicts_with_scientific_name,profile_candidate,plant-profile-003328,サカイツツジ,Rhododendron lapponicum,ツツジ科,ERICACEAE,135,,日本の野生植物 第2巻,Phyllodoce,rhododendron,The row's genus field should match the first word of the scientific name.,This usually means parser state leaked from a neighboring OCR block.
78,genus_scientific_conflicts_with_scientific_name,profile_candidate,plant-profile-003341,サキシマツツジ,Rhododendron amanoi,ツツジ科,ERICACEAE,136,271,日本の野生植物 第2巻,Phyllodoce,rhododendron,The row's genus field should match the first word of the scientific name.,This usually means parser state leaked from a neighboring OCR block.
78,genus_scientific_conflicts_with_scientific_name,profile_candidate,plant-profile-000570,サギソウ,Pecteilis radiata,ラン科,ORCHIDACEAE,85,169,日本の野生植物 第1巻,Oreorehis,pecteilis,The row's genus field should match the first word of the scientific name.,This usually means parser state leaked from a neighboring OCR block.
78,genus_scientific_conflicts_with_scientific_name,profile_candidate,plant-profile-003241,サクラソウ,Primula sieboldii,サクラソウ科,PRIMULACEAE,122,,日本の野生植物 第2巻,Lysimachia,primula,The row's genus field should match the first word of the scientific name.,This usually means parser state leaked from a neighboring OCR block.
78,genus_scientific_conflicts_with_scientific_name,profile_candidate,plant-profile-003209,サクラソウモドキ,Corfusa matthioli,サクラソウ科,PRIMULACEAE,119,,日本の野生植物 第2巻,Cortusa,corfusa,The row's genus field should match the first word of the scientific name.,This usually means parser state leaked from a neighboring OCR block.
78,genus_scientific_conflicts_with_scientific_name,profile_candidate,plant-profile-002956,サクラタデ,Persiearia odorata,タデ科,POLYGONACEAE,87,,日本の野生植物 第2巻,Persicaria,persiearia,The row's genus field should match the first word of the scientific name.,This usually means parser state leaked from a neighboring OCR block.
78,genus_scientific_conflicts_with_scientific_name,profile_candidate,plant-profile-004641,サケバコウゾリナ,Blumea laeiniata,キク科,ASTERACEAE,288,,日本の野生植物 第2巻,Blunea,blumea,The row's genus field should match the first word of the scientific name.,This usually means parser state leaked from a neighboring OCR block.
78,genus_scientific_conflicts_with_scientific_name,profile_candidate,plant-profile-000292,ササバモ,Potamogeton wrightii,ヒルムシロ科,POTAMOGETONACEAE,53,105,日本の野生植物 第1巻,Stuckenia,potamogeton,The row's genus field should match the first word of the scientific name.,This usually means parser state leaked from a neighboring OCR block.
78,genus_scientific_conflicts_with_scientific_name,profile_candidate,plant-profile-003370,サツキ,Rhododendron indicum,ツツジ科,ERICACEAE,137,,日本の野生植物 第2巻,Phyllodoce,rhododendron,The row's genus field should match the first word of the scientific name.,This usually means parser state leaked from a neighboring OCR block.
78,genus_scientific_conflicts_with_scientific_name,profile_candidate,plant-profile-004606,サツマノギク,Chrysanthemum ornatu,キク科,ASTERACEAE,283,,日本の野生植物 第2巻,Artemisia,chrysanthemum,The row's genus field should match the first word of the scientific name.,This usually means parser state leaked from a neighboring OCR block.
78,genus_scientific_conflicts_with_scientific_name,profile_candidate,plant-profile-003607,サツマビャクゼン,Vincetoxieum doianum,キョウチクトウ科,APOCYNACEAE,163,,日本の野生植物 第2巻,Vincetoxicum,vincetoxieum,The row's genus field should match the first word of the scientific name.,This usually means parser state leaked from a neighboring OCR block.
78,genus_scientific_conflicts_with_scientific_name,profile_candidate,plant-profile-004483,サドカニコウモリ,Parasenecio sadoensis,キク科,ASTERACEAE,272,,日本の野生植物 第2巻,Nemnosenecio,parasenecio,The row's genus field should match the first word of the scientific name.,This usually means parser state leaked from a neighboring OCR block.
78,genus_scientific_conflicts_with_scientific_name,profile_candidate,plant-profile-004309,サドヒゴタイ,Saussurea nakagawae,キク科,ASTERACEAE,255,509,日本の野生植物 第2巻,Hemisteptia,saussurea,The row's genus field should match the first word of the scientific name.,This usually means parser state leaked from a neighboring OCR block.
78,genus_scientific_conflicts_with_scientific_name,profile_candidate,plant-profile-001227,サヤヌカグサ,Leersia sayanuka,イネ科,POACEAE,147,293,日本の野生植物 第1巻,Chikusichloa,leersia,The row's genus field should match the first word of the scientific name.,This usually means parser state leaked from a neighboring OCR block.
78,genus_scientific_conflicts_with_scientific_name,profile_candidate,plant-profile-002785,サルカケミカン,Toddalia asiatica,ミカン科,RUTACEAE,57,,日本の野生植物 第2巻,Skimmia,toddalia,The row's genus field should match the first word of the scientific name.,This usually means parser state leaked from a neighboring OCR block.
78,genus_scientific_conflicts_with_scientific_name,profile_candidate,plant-profile-000382,サルマメ,Smias trinervula,サルトリイバラ科,SMILACACEAE,64,,日本の野生植物 第1巻,Smilax,smias,The row's genus field should match the first word of the scientific name.,This usually means parser state leaked from a neighboring OCR block.
78,genus_scientific_conflicts_with_scientific_name,profile_candidate,plant-profile-002633,サワオトギリ,Hyperieum pseudopetiolatum,オトギリソウ科,HYPERICACEAE,37,,日本の野生植物 第2巻,Hypericum,hyperieum,The row's genus field should match the first word of the scientific name.,This usually means parser state leaked from a neighboring OCR block.
78,genus_scientific_conflicts_with_scientific_name,profile_candidate,plant-profile-003264,サワフタギ,Symplocos sawafutagi,ハイノキ科,SYMPLOCACEAE,125,,日本の野生植物 第2巻,Syuplocos,symplocos,The row's genus field should match the first word of the scientific name.,This usually means parser state leaked from a neighboring OCR block.
78,genus_scientific_conflicts_with_scientific_name,profile_candidate,plant-profile-000496,サワラン,Eleorehis japonica,ラン科,ORCHIDACEAE,77,,日本の野生植物 第1巻,Didymoplexiella,eleorehis,The row's genus field should match the first word of the scientific name.,This usually means parser state leaked from a neighboring OCR block.
78,genus_scientific_conflicts_with_scientific_name,profile_candidate,plant-profile-003712,サワルリソウ,Ancistrocarya japonica,ムラサキ科,BORAGINACEAE,176,,日本の野生植物 第2巻,Aegouychon,ancistrocarya,The row's genus field should match the first word of the scientific name.,This usually means parser state leaked from a neighboring OCR block.
78,genus_scientific_conflicts_with_scientific_name,profile_candidate,plant-profile-003820,サンインクワガタ,Veronica muratae,オオバコ科,PLANTAGINACEAE,190,,日本の野生植物 第2巻,Linaria,veronica,The row's genus field should match the first word of the scientific name.,This usually means parser state leaked from a neighboring OCR block.
78,genus_scientific_conflicts_with_scientific_name,profile_candidate,plant-profile-001602,サンインシロカネソウ,Dichoearpum sarmentosum,キンポウゲ科,RANUNCULACEAE,191,,日本の野生植物 第1巻,Dichocarpum,dichoearpum,The row's genus field should match the first word of the scientific name.,This usually means parser state leaked from a neighboring OCR block.
78,genus_scientific_conflicts_with_scientific_name,profile_candidate,plant-profile-003821,サンイントラノオ,Veronica ogurae,オオバコ科,PLANTAGINACEAE,190,,日本の野生植物 第2巻,Linaria,veronica,The row's genus field should match the first word of the scientific name.,This usually means parser state leaked from a neighboring OCR block.
78,genus_scientific_conflicts_with_scientific_name,profile_candidate,plant-profile-001492,サンカヨウ,Dipbylleia grayi,メギ科,BERBERIDACEAE,180,,日本の野生植物 第1巻,Cauloplyllum,dipbylleia,The row's genus field should match the first word of the scientific name.,This usually means parser state leaked from a neighboring OCR block.
78,genus_scientific_conflicts_with_scientific_name,profile_candidate,plant-profile-004824,サンゴジュ,Viburnum odoratissimum,ガマズミ科,VIBURNACEAE,309,,日本の野生植物 第2巻,Sambucus,viburnum,The row's genus field should match the first word of the scientific name.,This usually means parser state leaked from a neighboring OCR block.
78,genus_scientific_conflicts_with_scientific_name,profile_candidate,plant-profile-002357,サンゴジュスズメウリ,Mukia maderaspatana,ウリ科,CUCURBITACEAE,289,,日本の野生植物 第1巻,Gynostemma,mukia,The row's genus field should match the first word of the scientific name.,This usually means parser state leaked from a neighboring OCR block.
78,genus_scientific_conflicts_with_scientific_name,profile_candidate,plant-profile-002091,サンショウソウ,Pellionia radieans,イラクサ科,URTICACEAE,258,,日本の野生植物 第1巻,Oreocnide,pellionia,The row's genus field should match the first word of the scientific name.,This usually means parser state leaked from a neighboring OCR block.
78,genus_scientific_conflicts_with_scientific_name,profile_candidate,plant-profile-003477,サンタンカ,Ixora chinensis,アカネ科,RUBIACEAE,149,,日本の野生植物 第2巻,Hexasepalum,ixora,The row's genus field should match the first word of the scientific name.,This usually means parser state leaked from a neighboring OCR block.
78,genus_scientific_conflicts_with_scientific_name,profile_candidate,plant-profile-003522,サンプクリンドウ,Comastoma pulmonarium,アカネ科,RUBIACEAE,154,,日本の野生植物 第2巻,Swertia,comastoma,The row's genus field should match the first word of the scientific name.,This usually means parser state leaked from a neighboring OCR block.
78,genus_scientific_conflicts_with_scientific_name,profile_candidate,plant-profile-001524,サンヨウブシ,Aconitum sanyoense,キンポウゲ科,RANUNCULACEAE,184,,日本の野生植物 第1巻,Thalictrum,aconitum,The row's genus field should match the first word of the scientific name.,This usually means parser state leaked from a neighboring OCR block.
78,genus_scientific_conflicts_with_scientific_name,profile_candidate,plant-profile-000231,ザゼンソウ,Symplocarpus renifolius,サトイモ科,ARACEAE,45,,日本の野生植物 第1巻,Syunplocarpus,symplocarpus,The row's genus field should match the first word of the scientific name.,This usually means parser state leaked from a neighboring OCR block.
78,genus_scientific_conflicts_with_scientific_name,profile_candidate,plant-profile-004607,シオギク,Chrysanthemum shiwogiku,キク科,ASTERACEAE,283,,日本の野生植物 第2巻,Artemisia,chrysanthemum,The row's genus field should match the first word of the scientific name.,This usually means parser state leaked from a neighboring OCR block.
78,genus_scientific_conflicts_with_scientific_name,profile_candidate,plant-profile-000443,シコウラン,Bulboplyllum maeraei,ラン科,ORCHIDACEAE,72,,日本の野生植物 第1巻,Bulbophyllum,bulboplyllum,The row's genus field should match the first word of the scientific name.,This usually means parser state leaked from a neighboring OCR block.
78,genus_scientific_conflicts_with_scientific_name,profile_candidate,plant-profile-001739,シコクチャルメルソウ,Mitella stylosa,ユキノシタ科,SAXIFRAGACEAE,208,415,日本の野生植物 第1巻,Astilbe,mitella,The row's genus field should match the first word of the scientific name.,This usually means parser state leaked from a neighboring OCR block.
78,genus_scientific_conflicts_with_scientific_name,profile_candidate,plant-profile-001626,シコタンキンポウゲ,Ranunculus subeorymbosus,キンポウゲ科,RANUNCULACEAE,194,386,日本の野生植物 第1巻,Pulsatilla,ranunculus,The row's genus field should match the first word of the scientific name.,This usually means parser state leaked from a neighboring OCR block.
78,genus_scientific_conflicts_with_scientific_name,profile_candidate,plant-profile-003792,シソクサ,Limnophila aromatica,オオバコ科,PLANTAGINACEAE,187,,日本の野生植物 第2巻,Lagotis,limnophila,The row's genus field should match the first word of the scientific name.,This usually means parser state leaked from a neighboring OCR block.
78,genus_scientific_conflicts_with_scientific_name,profile_candidate,plant-profile-003912,シソバタツナミ,Scutellaria laeteviolacea,シソ科,LAMIACEAE,203,404,日本の野生植物 第2巻,Seutellaria,scutellaria,The row's genus field should match the first word of the scientific name.,This usually means parser state leaked from a neighboring OCR block.
78,genus_scientific_conflicts_with_scientific_name,profile_candidate,plant-profile-001097,シチトウイ,Cyperus malaecensis,カヤツリグサ科,CYPERACEAE,131,260,日本の野生植物 第1巻,Cladium,cyperus,The row's genus field should match the first word of the scientific name.,This usually means parser state leaked from a neighboring OCR block.
78,genus_scientific_conflicts_with_scientific_name,profile_candidate,plant-profile-004134,シデシャジン,Asyneuma japonicum,キキョウ科,CAMPANULACEAE,231,,日本の野生植物 第2巻,Asyneumna,asyneuma,The row's genus field should match the first word of the scientific name.,This usually means parser state leaked from a neighboring OCR block.
78,genus_scientific_conflicts_with_scientific_name,profile_candidate,plant-profile-000135,シナクスモドキ,Cryptoearya chinensis,クスノキ科,LAURACEAE,36,,日本の野生植物 第1巻,Cinnamomum,cryptoearya,The row's genus field should match the first word of the scientific name.,This usually means parser state leaked from a neighboring OCR block.
78,genus_scientific_conflicts_with_scientific_name,profile_candidate,plant-profile-002818,シナノキ,Tilia japonica,アオイ科,MALVACEAE,63,,日本の野生植物 第2巻,Thespesia,tilia,The row's genus field should match the first word of the scientific name.,This usually means parser state leaked from a neighboring OCR block.
78,genus_scientific_conflicts_with_scientific_name,profile_candidate,plant-profile-004336,シナノトウヒレン,Saussurea tobitae,キク科,ASTERACEAE,257,512,日本の野生植物 第2巻,Hemisteptia,saussurea,The row's genus field should match the first word of the scientific name.,This usually means parser state leaked from a neighboring OCR block.
78,genus_scientific_conflicts_with_scientific_name,profile_candidate,plant-profile-003550,シノノメソウ,Swertia swertopsis,アカネ科,RUBIACEAE,157,,日本の野生植物 第2巻,Schenkia,swertia,The row's genus field should match the first word of the scientific name.,This usually means parser state leaked from a neighboring OCR block.
78,genus_scientific_conflicts_with_scientific_name,profile_candidate,plant-profile-001952,シバネム,Smithia ciliata,ハマビシ科,ZYGOPHYLLACEAE,239,,日本の野生植物 第1巻,Suithia,smithia,The row's genus field should match the first word of the scientific name.,This usually means parser state leaked from a neighboring OCR block.
78,genus_scientific_conflicts_with_scientific_name,profile_candidate,plant-profile-001287,シバムギ,Elytrigia repens,イネ科,POACEAE,153,,日本の野生植物 第1巻,Eliytrigia,elytrigia,The row's genus field should match the first word of the scientific name.,This usually means parser state leaked from a neighboring OCR block.
78,genus_scientific_conflicts_with_scientific_name,profile_candidate,plant-profile-001178,シマイガクサ,Rlynchospora boninensis,カヤツリグサ科,CYPERACEAE,136,,日本の野生植物 第1巻,Rhynchospora,rlynchospora,The row's genus field should match the first word of the scientific name.,This usually means parser state leaked from a neighboring OCR block.
78,genus_scientific_conflicts_with_scientific_name,profile_candidate,plant-profile-003231,シマイズセンリョウ,Maesa perlaria,サクラソウ科,PRIMULACEAE,121,,日本の野生植物 第2巻,Lysimachia,maesa,The row's genus field should match the first word of the scientific name.,This usually means parser state leaked from a neighboring OCR block.
78,genus_scientific_conflicts_with_scientific_name,profile_candidate,plant-profile-000727,シマイボクサ,Murdamnia loriformis,ツユクサ科,COMMELINACEAE,103,,日本の野生植物 第1巻,Amischotolype,murdamnia,The row's genus field should match the first word of the scientific name.,This usually means parser state leaked from a neighboring OCR block.
78,genus_scientific_conflicts_with_scientific_name,profile_candidate,plant-profile-001932,シマエンジュ,Maackia tashiroi,ハマビシ科,ZYGOPHYLLACEAE,236,,日本の野生植物 第1巻,Maacka,maackia,The row's genus field should match the first word of the scientific name.,This usually means parser state leaked from a neighboring OCR block.
78,genus_scientific_conflicts_with_scientific_name,profile_candidate,plant-profile-003876,シマカコソウ,Ajuga boninsimae,シソ科,LAMIACEAE,199,397,日本の野生植物 第2巻,Premna,ajuga,The row's genus field should match the first word of the scientific name.,This usually means parser state leaked from a neighboring OCR block.
78,genus_scientific_conflicts_with_scientific_name,profile_candidate,plant-profile-002256,シマカナメモチ,Photinia wrightiana,バラ科,ROSACEAE,275,,日本の野生植物 第1巻,Padus,photinia,The row's genus field should match the first word of the scientific name.,This usually means parser state leaked from a neighboring OCR block.
78,genus_scientific_conflicts_with_scientific_name,profile_candidate,plant-profile-004608,シマカンギク,Chrysanthemum indicum,キク科,ASTERACEAE,283,,日本の野生植物 第2巻,Artemisia,chrysanthemum,The row's genus field should match the first word of the scientific name.,This usually means parser state leaked from a neighboring OCR block.
78,genus_scientific_conflicts_with_scientific_name,profile_candidate,plant-profile-004832,シマガマズミ,Viburuum brachyandrum,ガマズミ科,VIBURNACEAE,310,,日本の野生植物 第2巻,Sambucus,viburuum,The row's genus field should match the first word of the scientific name.,This usually means parser state leaked from a neighboring OCR block.
78,genus_scientific_conflicts_with_scientific_name,profile_candidate,plant-profile-004868,シマキンレイカ,Patrinia kozushimensis,スイカズラ科,CAPRIFOLIACEAE,314,,日本の野生植物 第2巻,Linnaea,patrinia,The row's genus field should match the first word of the scientific name.,This usually means parser state leaked from a neighboring OCR block.
78,genus_scientific_conflicts_with_scientific_name,profile_candidate,plant-profile-000160,シマクワズイモ,Alocasia cucullata,サトイモ科,ARACEAE,39,,日本の野生植物 第1巻,Calla,alocasia,The row's genus field should match the first word of the scientific name.,This usually means parser state leaked from a neighboring OCR block.
78,genus_scientific_conflicts_with_scientific_name,profile_candidate,plant-profile-003483,シマザクラ,Leptopetalum grayi,アカネ科,RUBIACEAE,150,298,日本の野生植物 第2巻,Leptodermis,leptopetalum,The row's genus field should match the first word of the scientific name.,This usually means parser state leaked from a neighboring OCR block.
78,genus_scientific_conflicts_with_scientific_name,profile_candidate,plant-profile-003487,シマソナレムグラ,Leptopetalum bilorum,アカネ科,RUBIACEAE,150,,日本の野生植物 第2巻,Leptodermis,leptopetalum,The row's genus field should match the first word of the scientific name.,This usually means parser state leaked from a neighboring OCR block.
78,genus_scientific_conflicts_with_scientific_name,profile_candidate,plant-profile-004327,シマトウヒレン,Saussurea insularis,キク科,ASTERACEAE,256,,日本の野生植物 第2巻,Hemisteptia,saussurea,The row's genus field should match the first word of the scientific name.,This usually means parser state leaked from a neighboring OCR block.
78,genus_scientific_conflicts_with_scientific_name,profile_candidate,plant-profile-004804,シムラニンジン,Pferygopleurum neurophyllum,セリ科,APIACEAE,306,,日本の野生植物 第2巻,Pterygopleurum,pferygopleurum,The row's genus field should match the first word of the scientific name.,This usually means parser state leaked from a neighboring OCR block.
78,genus_scientific_conflicts_with_scientific_name,profile_candidate,plant-profile-004773,シャク,Anthriscus sylvestris,セリ科,APIACEAE,303,,日本の野生植物 第2巻,Angelica,anthriscus,The row's genus field should match the first word of the scientific name.,This usually means parser state leaked from a neighboring OCR block.
78,genus_scientific_conflicts_with_scientific_name,profile_candidate,plant-profile-003306,シャクジョウソウ,Hypopitys monotropa,ツツジ科,ERICACEAE,131,,日本の野生植物 第2巻,Vaccinium,hypopitys,The row's genus field should match the first word of the scientific name.,This usually means parser state leaked from a neighboring OCR block.
78,genus_scientific_conflicts_with_scientific_name,profile_candidate,plant-profile-001955,シャジクソウ,Trifolium lupinaster,マメ科,FABACEAE,240,479,日本の野生植物 第1巻,Thermopsis,trifolium,The row's genus field should match the first word of the scientific name.,This usually means parser state leaked from a neighboring OCR block.
78,genus_scientific_conflicts_with_scientific_name,profile_candidate,plant-profile-000901,シュミットスゲ,Cares schmidtii,カヤツリグサ科,CYPERACEAE,119,,日本の野生植物 第1巻,Carex,cares,The row's genus field should match the first word of the scientific name.,This usually means parser state leaked from a neighboring OCR block.
78,genus_scientific_conflicts_with_scientific_name,profile_candidate,plant-profile-001113,シュロガヤツリ,Cyperus alternifolius,カヤツリグサ科,CYPERACEAE,131,,日本の野生植物 第1巻,Cladium,cyperus,The row's genus field should match the first word of the scientific name.,This usually means parser state leaked from a neighboring OCR block.
78,genus_scientific_conflicts_with_scientific_name,profile_candidate,plant-profile-000479,シュンラン,Cymbidium goeringii,ラン科,ORCHIDACEAE,75,,日本の野生植物 第1巻,Cryptostylis,cymbidium,The row's genus field should match the first word of the scientific name.,This usually means parser state leaked from a neighboring OCR block.
78,genus_scientific_conflicts_with_scientific_name,profile_candidate,plant-profile-000613,ショウキラン,Yoania japonica,ラン科,ORCHIDACEAE,90,178,日本の野生植物 第1巻,Vrydagzynea,yoania,The row's genus field should match the first word of the scientific name.,This usually means parser state leaked from a neighboring OCR block.
78,genus_scientific_conflicts_with_scientific_name,profile_candidate,plant-profile-002445,ショウジョウソウモドキ,Eaphorbia heterophylla,トウダイグサ科,EUPHORBIACEAE,300,,日本の野生植物 第1巻,Euphorbia,eaphorbia,The row's genus field should match the first word of the scientific name.,This usually means parser state leaked from a neighboring OCR block.
78,genus_scientific_conflicts_with_scientific_name,profile_candidate,plant-profile-004467,ショウナイオオカニコウモリ,Paraseneeio katoanus,キク科,ASTERACEAE,272,542,日本の野生植物 第2巻,Nemnosenecio,paraseneeio,The row's genus field should match the first word of the scientific name.,This usually means parser state leaked from a neighboring OCR block.
78,genus_scientific_conflicts_with_scientific_name,profile_candidate,plant-profile-002722,ショウベンノキ,Turpinia ternata,ミツバウツギ科,STAPHYLEACEAE,49,,日本の野生植物 第2巻,Staplylea,turpinia,The row's genus field should match the first word of the scientific name.,This usually means parser state leaked from a neighboring OCR block.
78,genus_scientific_conflicts_with_scientific_name,profile_candidate,plant-profile-001104,ショクヨウガヤツリ,Cyperus eseulentus,カヤツリグサ科,CYPERACEAE,131,261,日本の野生植物 第1巻,Cladium,cyperus,The row's genus field should match the first word of the scientific name.,This usually means parser state leaked from a neighboring OCR block.
78,genus_scientific_conflicts_with_scientific_name,profile_candidate,plant-profile-001823,シラガブドウ,Vitis shiragae,ブドウ科,VITACEAE,218,435,日本の野生植物 第1巻,Tetrastigma,vitis,The row's genus field should match the first word of the scientific name.,This usually means parser state leaked from a neighboring OCR block.
78,genus_scientific_conflicts_with_scientific_name,profile_candidate,plant-profile-000772,シラタマホシクサ,Eriocanlon nudicuspe,ホシクサ科,ERIOCAULACEAE,108,,日本の野生植物 第1巻,Eriocaulon,eriocanlon,The row's genus field should match the first word of the scientific name.,This usually means parser state leaked from a neighboring OCR block.
78,genus_scientific_conflicts_with_scientific_name,profile_candidate,plant-profile-001609,シラネアオイ,Glaucidium palmatum,キンポウゲ科,RANUNCULACEAE,192,,日本の野生植物 第1巻,Eranthis,glaucidium,The row's genus field should match the first word of the scientific name.,This usually means parser state leaked from a neighboring OCR block.
78,genus_scientific_conflicts_with_scientific_name,profile_candidate,plant-profile-004353,シラネヒゴタイ,Saussurea kaialpina,キク科,ASTERACEAE,257,,日本の野生植物 第2巻,Hemisteptia,saussurea,The row's genus field should match the first word of the scientific name.,This usually means parser state leaked from a neighboring OCR block.
78,genus_scientific_conflicts_with_scientific_name,profile_candidate,plant-profile-002391,シラヒゲソウ,Parnassia foliosa,ニシキギ科,CELASTRACEAE,293,585,日本の野生植物 第1巻,Gymnosporia,parnassia,The row's genus field should match the first word of the scientific name.,This usually means parser state leaked from a neighboring OCR block.
78,genus_scientific_conflicts_with_scientific_name,profile_candidate,plant-profile-000444,シラン,Bletilla striata,ラン科,ORCHIDACEAE,72,,日本の野生植物 第1巻,Arundina,bletilla,The row's genus field should match the first word of the scientific name.,This usually means parser state leaked from a neighboring OCR block.
78,genus_scientific_conflicts_with_scientific_name,profile_candidate,plant-profile-002297,シリブカガシ,Lithocarpus glaber,ブナ科,FAGACEAE,280,,日本の野生植物 第1巻,Fagus,lithocarpus,The row's genus field should match the first word of the scientific name.,This usually means parser state leaked from a neighboring OCR block.
78,genus_scientific_conflicts_with_scientific_name,profile_candidate,plant-profile-000592,シロウマチドリ,Platanthera convallarifolia,ラン科,ORCHIDACEAE,87,,日本の野生植物 第1巻,Peristylus,platanthera,The row's genus field should match the first word of the scientific name.,This usually means parser state leaked from a neighboring OCR block.
78,genus_scientific_conflicts_with_scientific_name,profile_candidate,plant-profile-000762,シロエゾホシクサ,Eriocanlon pallescens,ホシクサ科,ERIOCAULACEAE,108,215,日本の野生植物 第1巻,Eriocaulon,eriocanlon,The row's genus field should match the first word of the scientific name.,This usually means parser state leaked from a neighboring OCR block.
78,genus_scientific_conflicts_with_scientific_name,profile_candidate,plant-profile-001099,シロガヤツリ,Cyperus paeifeus,カヤツリグサ科,CYPERACEAE,131,260,日本の野生植物 第1巻,Cladium,cyperus,The row's genus field should match the first word of the scientific name.,This usually means parser state leaked from a neighboring OCR block.
78,genus_scientific_conflicts_with_scientific_name,profile_candidate,plant-profile-003098,シロザ,Chenopodium album,ヒユ科,AMARANTHACEAE,102,,日本の野生植物 第2巻,Chenopodiastrum,chenopodium,The row's genus field should match the first word of the scientific name.,This usually means parser state leaked from a neighboring OCR block.
78,genus_scientific_conflicts_with_scientific_name,profile_candidate,plant-profile-003092,シロザモドキ,Chenopodium strietum,ヒユ科,AMARANTHACEAE,102,203,日本の野生植物 第2巻,Chenopodiastrum,chenopodium,The row's genus field should match the first word of the scientific name.,This usually means parser state leaked from a neighboring OCR block.
78,genus_scientific_conflicts_with_scientific_name,profile_candidate,plant-profile-000153,シロダモ,Neolitsea sericea,クスノキ科,LAURACEAE,38,75,日本の野生植物 第1巻,Machilus,neolitsea,The row's genus field should match the first word of the scientific name.,This usually means parser state leaked from a neighboring OCR block.
78,genus_scientific_conflicts_with_scientific_name,profile_candidate,plant-profile-001956,シロツメクサ,Trifolium repens,マメ科,FABACEAE,240,479,日本の野生植物 第1巻,Thermopsis,trifolium,The row's genus field should match the first word of the scientific name.,This usually means parser state leaked from a neighboring OCR block.
78,genus_scientific_conflicts_with_scientific_name,profile_candidate,plant-profile-002778,シロテツ,Melicope guadriloeularis,ミカン科,RUTACEAE,56,,日本の野生植物 第2巻,Glyeosmis,melicope,The row's genus field should match the first word of the scientific name.,This usually means parser state leaked from a neighboring OCR block.
78,genus_scientific_conflicts_with_scientific_name,profile_candidate,plant-profile-003965,シロネ,Lycopus lucidus,シソ科,LAMIACEAE,210,,日本の野生植物 第2巻,Dracocephalum,lycopus,The row's genus field should match the first word of the scientific name.,This usually means parser state leaked from a neighboring OCR block.
78,genus_scientific_conflicts_with_scientific_name,profile_candidate,plant-profile-004440,シロバナタンポポ,Taraxacum albidum,キク科,ASTERACEAE,265,,日本の野生植物 第2巻,Scorzonera,taraxacum,The row's genus field should match the first word of the scientific name.,This usually means parser state leaked from a neighboring OCR block.
78,genus_scientific_conflicts_with_scientific_name,profile_candidate,plant-profile-001732,シロバナネコノメソウ,Chrysosplenium album,ユキノシタ科,SAXIFRAGACEAE,207,,日本の野生植物 第1巻,Astilbe,chrysosplenium,The row's genus field should match the first word of the scientific name.,This usually means parser state leaked from a neighboring OCR block.
78,genus_scientific_conflicts_with_scientific_name,profile_candidate,plant-profile-000661,シロバナマンジュシャゲ,Lyeoris xalbiflora,ヒガンバナ科,AMARYLLIDACEAE,95,,日本の野生植物 第1巻,Lycoris,lyeoris,The row's genus field should match the first word of the scientific name.,This usually means parser state leaked from a neighboring OCR block.
78,genus_scientific_conflicts_with_scientific_name,profile_candidate,plant-profile-000946,シロホンモンジスゲ,Cares polyschoena,カヤツリグサ科,CYPERACEAE,122,,日本の野生植物 第1巻,Carex,cares,The row's genus field should match the first word of the scientific name.,This usually means parser state leaked from a neighboring OCR block.
78,genus_scientific_conflicts_with_scientific_name,profile_candidate,plant-profile-001198,シンジュガヤ,Seleria levis,カヤツリグサ科,CYPERACEAE,139,276,日本の野生植物 第1巻,Scleria,seleria,The row's genus field should match the first word of the scientific name.,This usually means parser state leaked from a neighboring OCR block.
78,genus_scientific_conflicts_with_scientific_name,profile_candidate,plant-profile-003886,ジュウニヒトエ,Ajuga nipponensis,シソ科,LAMIACEAE,200,398,日本の野生植物 第2巻,Premna,ajuga,The row's genus field should match the first word of the scientific name.,This usually means parser state leaked from a neighboring OCR block.
78,genus_scientific_conflicts_with_scientific_name,profile_candidate,plant-profile-001507,ジョウシュウトリカブト,Aconitum tonense,キンポウゲ科,RANUNCULACEAE,184,366,日本の野生植物 第1巻,Thalictrum,aconitum,The row's genus field should match the first word of the scientific name.,This usually means parser state leaked from a neighboring OCR block.
78,genus_scientific_conflicts_with_scientific_name,profile_candidate,plant-profile-000427,ジョウロウホトトギス,Tricyrtis maerantha,ユリ科,LILIACEAE,68,,日本の野生植物 第1巻,Twricyatis,tricyrtis,The row's genus field should match the first word of the scientific name.,This usually means parser state leaked from a neighboring OCR block.
78,genus_scientific_conflicts_with_scientific_name,profile_candidate,plant-profile-003371,ジングウツツジ,Rhododendron sanetum,ツツジ科,ERICACEAE,137,,日本の野生植物 第2巻,Phyllodoce,rhododendron,The row's genus field should match the first word of the scientific name.,This usually means parser state leaked from a neighboring OCR block.
78,genus_scientific_conflicts_with_scientific_name,profile_candidate,plant-profile-001762,ジンジソウ,Sasifraga cortusifola,ユキノシタ科,SAXIFRAGACEAE,210,,日本の野生植物 第1巻,Saxifraga,sasifraga,The row's genus field should match the first word of the scientific name.,This usually means parser state leaked from a neighboring OCR block.
78,genus_scientific_conflicts_with_scientific_name,profile_candidate,plant-profile-002830,ジンチョウゲ,Daphne odora,ジンチョウゲ科,THYMELAEACEAE,65,,日本の野生植物 第2巻,Daplne,daphne,The row's genus field should match the first word of the scientific name.,This usually means parser state leaked from a neighboring OCR block.
78,genus_scientific_conflicts_with_scientific_name,profile_candidate,plant-profile-004384,スイラン,Hololeion krameri,キク科,ASTERACEAE,260,,日本の野生植物 第2巻,Hieracium,hololeion,The row's genus field should match the first word of the scientific name.,This usually means parser state leaked from a neighboring OCR block.
78,genus_scientific_conflicts_with_scientific_name,profile_candidate,plant-profile-003782,スギナモ,Hippuris vulgaris,オオバコ科,PLANTAGINACEAE,186,,日本の野生植物 第2巻,Elisioplyllum,hippuris,The row's genus field should match the first word of the scientific name.,This usually means parser state leaked from a neighboring OCR block.
78,genus_scientific_conflicts_with_scientific_name,profile_candidate,plant-profile-003830,スズカケソウ,Veronieastrum villosulum,オオバコ科,PLANTAGINACEAE,191,,日本の野生植物 第2巻,Veronicastrum,veronieastrum,The row's genus field should match the first word of the scientific name.,This usually means parser state leaked from a neighboring OCR block.
78,genus_scientific_conflicts_with_scientific_name,profile_candidate,plant-profile-003950,スズコウジュ,Perillula reptans,シソ科,LAMIACEAE,208,,日本の野生植物 第2巻,Mosla,perillula,The row's genus field should match the first word of the scientific name.,This usually means parser state leaked from a neighboring OCR block.
78,genus_scientific_conflicts_with_scientific_name,profile_candidate,plant-profile-003591,スズサイコ,Vincetoxieum pyenostelma,キョウチクトウ科,APOCYNACEAE,162,,日本の野生植物 第2巻,Vincetoxicum,vincetoxieum,The row's genus field should match the first word of the scientific name.,This usually means parser state leaked from a neighboring OCR block.
78,genus_scientific_conflicts_with_scientific_name,profile_candidate,plant-profile-001362,スズメガヤ,Eragrostis cilianensis,イネ科,POACEAE,161,,日本の野生植物 第1巻,Eleusine,eragrostis,The row's genus field should match the first word of the scientific name.,This usually means parser state leaked from a neighboring OCR block.
78,genus_scientific_conflicts_with_scientific_name,profile_candidate,plant-profile-003696,スズメナスビ,Solanum toryum,ナス科,SOLANACEAE,173,,日本の野生植物 第2巻,Seopolia,solanum,The row's genus field should match the first word of the scientific name.,This usually means parser state leaked from a neighboring OCR block.
78,genus_scientific_conflicts_with_scientific_name,profile_candidate,plant-profile-001967,スズメノエンドウ,Vicia hirsuta,マメ科,FABACEAE,242,482,日本の野生植物 第1巻,Thermopsis,vicia,The row's genus field should match the first word of the scientific name.,This usually means parser state leaked from a neighboring OCR block.
78,genus_scientific_conflicts_with_scientific_name,profile_candidate,plant-profile-001331,スズメノカタビラ,Poa amnua,イネ科,POACEAE,157,,日本の野生植物 第1巻,Phleum,poa,The row's genus field should match the first word of the scientific name.,This usually means parser state leaked from a neighboring OCR block.
78,genus_scientific_conflicts_with_scientific_name,profile_candidate,plant-profile-001259,スズメノチャヒキ,Bromus japonieus,イネ科,POACEAE,151,300,日本の野生植物 第1巻,BromIs,bromus,The row's genus field should match the first word of the scientific name.,This usually means parser state leaked from a neighboring OCR block.
78,genus_scientific_conflicts_with_scientific_name,profile_candidate,plant-profile-000673,スズラン,Couvallaria majalis,クサスギカズラ科,ASPARAGACEAE,97,,日本の野生植物 第1巻,Convallaria,couvallaria,The row's genus field should match the first word of the scientific name.,This usually means parser state leaked from a neighboring OCR block.
78,genus_scientific_conflicts_with_scientific_name,profile_candidate,plant-profile-001985,スナジマメ,Zornia cantoniensis,ハマビシ科,ZYGOPHYLLACEAE,244,,日本の野生植物 第1巻,Thermopsis,zornia,The row's genus field should match the first word of the scientific name.,This usually means parser state leaked from a neighboring OCR block.
78,genus_scientific_conflicts_with_scientific_name,profile_candidate,plant-profile-001114,スナハマスゲ,Cyperus stoloniferus,カヤツリグサ科,CYPERACEAE,131,,日本の野生植物 第1巻,Cladium,cyperus,The row's genus field should match the first word of the scientific name.,This usually means parser state leaked from a neighboring OCR block.
78,genus_scientific_conflicts_with_scientific_name,profile_candidate,plant-profile-003708,スナビキソウ,Heliotropium japonicum,ムラサキ科,BORAGINACEAE,175,,日本の野生植物 第2巻,Ehretia,heliotropium,The row's genus field should match the first word of the scientific name.,This usually means parser state leaked from a neighboring OCR block.
78,genus_scientific_conflicts_with_scientific_name,profile_candidate,plant-profile-002264,スモモ,Prunus salicina,バラ科,ROSACEAE,276,,日本の野生植物 第1巻,Padus,prunus,The row's genus field should match the first word of the scientific name.,This usually means parser state leaked from a neighboring OCR block.
78,genus_scientific_conflicts_with_scientific_name,profile_candidate,plant-profile-003384,セイシカ,Rhododendron latoucheae,ツツジ科,ERICACEAE,138,,日本の野生植物 第2巻,Phyllodoce,rhododendron,The row's genus field should match the first word of the scientific name.,This usually means parser state leaked from a neighboring OCR block.
78,genus_scientific_conflicts_with_scientific_name,profile_candidate,plant-profile-000807,セイタカヌカボシソウ,Luzua jimboi,イグサ科,JUNCACEAE,111,220,日本の野生植物 第1巻,Juncus,luzua,The row's genus field should match the first word of the scientific name.,This usually means parser state leaked from a neighboring OCR block.
78,genus_scientific_conflicts_with_scientific_name,profile_candidate,plant-profile-003620,セイヨウヒルガオ,Couvolvulus arvensis,キョウチクトウ科,APOCYNACEAE,165,,日本の野生植物 第2巻,Convolvulus,couvolvulus,The row's genus field should match the first word of the scientific name.,This usually means parser state leaked from a neighboring OCR block.
78,genus_scientific_conflicts_with_scientific_name,profile_candidate,plant-profile-000798,セキショウイ,Juneus prominens,イグサ科,JUNCACEAE,110,,日本の野生植物 第1巻,Juncus,juneus,The row's genus field should match the first word of the scientific name.,This usually means parser state leaked from a neighboring OCR block.
78,genus_scientific_conflicts_with_scientific_name,profile_candidate,plant-profile-000271,セキショウモ,Vallisneria natans,トチカガミ科,HYDROCHARITACEAE,50,,日本の野生植物 第1巻,Thalassia,vallisneria,The row's genus field should match the first word of the scientific name.,This usually means parser state leaked from a neighboring OCR block.
78,genus_scientific_conflicts_with_scientific_name,profile_candidate,plant-profile-000947,セキモンスゲ,Cares toyoshimae,カヤツリグサ科,CYPERACEAE,122,,日本の野生植物 第1巻,Carex,cares,The row's genus field should match the first word of the scientific name.,This usually means parser state leaked from a neighboring OCR block.
78,genus_scientific_conflicts_with_scientific_name,profile_candidate,plant-profile-002419,セキモンノキ,Claoxylon centenarium,トウダイグサ科,EUPHORBIACEAE,297,,日本の野生植物 第1巻,Acalypha,claoxylon,The row's genus field should match the first word of the scientific name.,This usually means parser state leaked from a neighboring OCR block.
78,genus_scientific_conflicts_with_scientific_name,profile_candidate,plant-profile-000484,セッコク,Dendrobium moniliforme,ラン科,ORCHIDACEAE,76,151,日本の野生植物 第1巻,Dactylostalix,dendrobium,The row's genus field should match the first word of the scientific name.,This usually means parser state leaked from a neighboring OCR block.
78,genus_scientific_conflicts_with_scientific_name,profile_candidate,plant-profile-000428,セトウチホトトギス,Trieyrtis setouchiensis,ユリ科,LILIACEAE,68,,日本の野生植物 第1巻,Twricyatis,trieyrtis,The row's genus field should match the first word of the scientific name.,This usually means parser state leaked from a neighboring OCR block.
78,genus_scientific_conflicts_with_scientific_name,profile_candidate,plant-profile-004661,セリバノセンダングサ,Glossocardia bidens,キク科,ASTERACEAE,290,,日本の野生植物 第2巻,Bidens,glossocardia,The row's genus field should match the first word of the scientific name.,This usually means parser state leaked from a neighboring OCR block.
78,genus_scientific_conflicts_with_scientific_name,profile_candidate,plant-profile-002612,センカクオトギリ,Hyperieum senkakuinsulare,オトギリソウ科,HYPERICACEAE,36,,日本の野生植物 第2巻,Hypericum,hyperieum,The row's genus field should match the first word of the scientific name.,This usually means parser state leaked from a neighboring OCR block.
78,genus_scientific_conflicts_with_scientific_name,profile_candidate,plant-profile-002634,センゲンオトギリ,Hyperieum yamamotoanum,オトギリソウ科,HYPERICACEAE,37,,日本の野生植物 第2巻,Hypericum,hyperieum,The row's genus field should match the first word of the scientific name.,This usually means parser state leaked from a neighboring OCR block.
78,genus_scientific_conflicts_with_scientific_name,profile_candidate,plant-profile-004361,センダイトウヒレン,Saussurea sendaiea,キク科,ASTERACEAE,258,514,日本の野生植物 第2巻,Hemisteptia,saussurea,The row's genus field should match the first word of the scientific name.,This usually means parser state leaked from a neighboring OCR block.
78,genus_scientific_conflicts_with_scientific_name,profile_candidate,plant-profile-000299,センニンモ,Potamogeton maackianus,ヒルムシロ科,POTAMOGETONACEAE,53,,日本の野生植物 第1巻,Stuckenia,potamogeton,The row's genus field should match the first word of the scientific name.,This usually means parser state leaked from a neighboring OCR block.
78,genus_scientific_conflicts_with_scientific_name,profile_candidate,plant-profile-000636,ゼンテイカ,Hemerocallis dumortieri,ススキノキ科,XANTHORRHOEACEAE,93,184,日本の野生植物 第1巻,Hemerocalls,hemerocallis,The row's genus field should match the first word of the scientific name.,This usually means parser state leaked from a neighboring OCR block.
78,genus_scientific_conflicts_with_scientific_name,profile_candidate,plant-profile-001668,ソウヤキンバイソウ,Trollius soyaensis,キンポウゲ科,RANUNCULACEAE,197,,日本の野生植物 第1巻,Thalictrum,trollius,The row's genus field should match the first word of the scientific name.,This usually means parser state leaked from a neighboring OCR block.
78,genus_scientific_conflicts_with_scientific_name,profile_candidate,plant-profile-001508,ソウヤレイジンソウ,Aconitum soyaense,キンポウゲ科,RANUNCULACEAE,184,366,日本の野生植物 第1巻,Thalictrum,aconitum,The row's genus field should match the first word of the scientific name.,This usually means parser state leaked from a neighboring OCR block.
78,genus_scientific_conflicts_with_scientific_name,profile_candidate,plant-profile-000316,ソクシンラン,Aletris spieata,キンコウカ科,NARTHECIACEAE,56,111,日本の野生植物 第1巻,Metanarthecium,aletris,The row's genus field should match the first word of the scientific name.,This usually means parser state leaked from a neighboring OCR block.
78,genus_scientific_conflicts_with_scientific_name,profile_candidate,plant-profile-003551,ソナレセンプリ,Swerfia noguchiana,アカネ科,RUBIACEAE,157,,日本の野生植物 第2巻,Schenkia,swerfia,The row's genus field should match the first word of the scientific name.,This usually means parser state leaked from a neighboring OCR block.
78,genus_scientific_conflicts_with_scientific_name,profile_candidate,plant-profile-003488,ソナレムグラ,Leptopetalum strigulosum,アカネ科,RUBIACEAE,150,,日本の野生植物 第2巻,Leptodermis,leptopetalum,The row's genus field should match the first word of the scientific name.,This usually means parser state leaked from a neighboring OCR block.
78,genus_scientific_conflicts_with_scientific_name,profile_candidate,plant-profile-002105,ソハヤキミメ,Pilea swinglei,イラクサ科,URTICACEAE,259,,日本の野生植物 第1巻,Pllea,pilea,The row's genus field should match the first word of the scientific name.,This usually means parser state leaked from a neighboring OCR block.
78,genus_scientific_conflicts_with_scientific_name,profile_candidate,plant-profile-003584,ソメモノカズラ,Marsdenia tinctoria,キョウチクトウ科,APOCYNACEAE,161,,日本の野生植物 第2巻,Jasminanthes,marsdenia,The row's genus field should match the first word of the scientific name.,This usually means parser state leaked from a neighboring OCR block.
78,genus_scientific_conflicts_with_scientific_name,profile_candidate,plant-profile-003242,ソラチコザクラ,Primula sorachiana,サクラソウ科,PRIMULACEAE,122,,日本の野生植物 第2巻,Lysimachia,primula,The row's genus field should match the first word of the scientific name.,This usually means parser state leaked from a neighboring OCR block.
78,genus_scientific_conflicts_with_scientific_name,profile_candidate,plant-profile-004328,タイシャクトウヒレン,Saussurea kubotae,キク科,ASTERACEAE,256,,日本の野生植物 第2巻,Hemisteptia,saussurea,The row's genus field should match the first word of the scientific name.,This usually means parser state leaked from a neighboring OCR block.
78,genus_scientific_conflicts_with_scientific_name,profile_candidate,plant-profile-001087,タイトウクグ,Cyperus sesquilorus,カヤツリグサ科,CYPERACEAE,130,259,日本の野生植物 第1巻,Cladium,cyperus,The row's genus field should match the first word of the scientific name.,This usually means parser state leaked from a neighboring OCR block.
78,genus_scientific_conflicts_with_scientific_name,profile_candidate,plant-profile-004465,タイミンガサ,Parasenecio peltifolius,キク科,ASTERACEAE,271,,日本の野生植物 第2巻,Nemnosenecio,parasenecio,The row's genus field should match the first word of the scientific name.,This usually means parser state leaked from a neighboring OCR block.
78,genus_scientific_conflicts_with_scientific_name,profile_candidate,plant-profile-001211,タイミンチク,Pleioblastus gramineus,イネ科,POACEAE,145,289,日本の野生植物 第1巻,Plyllostaclys,pleioblastus,The row's genus field should match the first word of the scientific name.,This usually means parser state leaked from a neighboring OCR block.
78,genus_scientific_conflicts_with_scientific_name,profile_candidate,plant-profile-001233,タイワンアシカキ,Leersia hexandra,イネ科,POACEAE,147,,日本の野生植物 第1巻,Chikusichloa,leersia,The row's genus field should match the first word of the scientific name.,This usually means parser state leaked from a neighboring OCR block.
78,genus_scientific_conflicts_with_scientific_name,profile_candidate,plant-profile-003585,タイワンキジョラン,Marsdenia formosana,キョウチクトウ科,APOCYNACEAE,161,,日本の野生植物 第2巻,Jasminanthes,marsdenia,The row's genus field should match the first word of the scientific name.,This usually means parser state leaked from a neighboring OCR block.
78,genus_scientific_conflicts_with_scientific_name,profile_candidate,plant-profile-003767,タイワンシシンラン,Lysionotus apicidens,イワタバコ科,GESNERIACEAE,183,,日本の野生植物 第2巻,Hemiboea,lysionotus,The row's genus field should match the first word of the scientific name.,This usually means parser state leaked from a neighboring OCR block.
78,genus_scientific_conflicts_with_scientific_name,profile_candidate,plant-profile-000434,タイワンショウキラン,Aeanthephippium sylhetense,ラン科,ORCHIDACEAE,71,140,日本の野生植物 第1巻,Staurochilus,aeanthephippium,The row's genus field should match the first word of the scientific name.,This usually means parser state leaked from a neighboring OCR block.
78,genus_scientific_conflicts_with_scientific_name,profile_candidate,plant-profile-003126,タイワンスベリヒユ,Porfulaea quadrifda,スベリヒユ科,PORTULACACEAE,107,,日本の野生植物 第2巻,Portulaca,porfulaea,The row's genus field should match the first word of the scientific name.,This usually means parser state leaked from a neighboring OCR block.
78,genus_scientific_conflicts_with_scientific_name,profile_candidate,plant-profile-004414,タイワンニガナ,Lactuea formosana,キク科,ASTERACEAE,263,,日本の野生植物 第2巻,Ixeris,lactuea,The row's genus field should match the first word of the scientific name.,This usually means parser state leaked from a neighboring OCR block.
78,genus_scientific_conflicts_with_scientific_name,profile_candidate,plant-profile-000429,タイワンホトトギス,Tricyrtis formosana,ユリ科,LILIACEAE,68,,日本の野生植物 第1巻,Twricyatis,tricyrtis,The row's genus field should match the first word of the scientific name.,This usually means parser state leaked from a neighboring OCR block.
78,genus_scientific_conflicts_with_scientific_name,profile_candidate,plant-profile-003480,タイワンルリミノキ,Lasianthus hiesutus,アカネ科,RUBIACEAE,149,,日本の野生植物 第2巻,Knoxia,lasianthus,The row's genus field should match the first word of the scientific name.,This usually means parser state leaked from a neighboring OCR block.
78,genus_scientific_conflicts_with_scientific_name,profile_candidate,plant-profile-004354,タカオヒゴタイ,Saussurea sinuatoides,キク科,ASTERACEAE,257,,日本の野生植物 第2巻,Hemisteptia,saussurea,The row's genus field should match the first word of the scientific name.,This usually means parser state leaked from a neighboring OCR block.
78,genus_scientific_conflicts_with_scientific_name,profile_candidate,plant-profile-000341,タカクマソウ,Seiaphila tenella,ホンゴウソウ科,TRIURIDACEAE,59,,日本の野生植物 第1巻,Sciaphila,seiaphila,The row's genus field should match the first word of the scientific name.,This usually means parser state leaked from a neighboring OCR block.
78,genus_scientific_conflicts_with_scientific_name,profile_candidate,plant-profile-003385,タカクマミツバツツジ,Rhododendron viseistylum,ツツジ科,ERICACEAE,138,,日本の野生植物 第2巻,Phyllodoce,rhododendron,The row's genus field should match the first word of the scientific name.,This usually means parser state leaked from a neighboring OCR block.
78,genus_scientific_conflicts_with_scientific_name,profile_candidate,plant-profile-002799,タカサゴイチビ,Abutilon indicum,アオイ科,MALVACEAE,60,,日本の野生植物 第2巻,Thespesia,abutilon,The row's genus field should match the first word of the scientific name.,This usually means parser state leaked from a neighboring OCR block.
78,genus_scientific_conflicts_with_scientific_name,profile_candidate,plant-profile-004643,タカサゴコウゾリナ,Blumea hieracifolia,キク科,ASTERACEAE,288,,日本の野生植物 第2巻,Blunea,blumea,The row's genus field should match the first word of the scientific name.,This usually means parser state leaked from a neighboring OCR block.
78,genus_scientific_conflicts_with_scientific_name,profile_candidate,plant-profile-000503,タカツルラン,Erythrorehis altissima,ラン科,ORCHIDACEAE,78,,日本の野生植物 第1巻,Erythrorchis,erythrorehis,The row's genus field should match the first word of the scientific name.,This usually means parser state leaked from a neighboring OCR block.
78,genus_scientific_conflicts_with_scientific_name,profile_candidate,plant-profile-000799,タカネイ,Juneus triglumis,イグサ科,JUNCACEAE,110,,日本の野生植物 第1巻,Juncus,juneus,The row's genus field should match the first word of the scientific name.,This usually means parser state leaked from a neighboring OCR block.
78,genus_scientific_conflicts_with_scientific_name,profile_candidate,plant-profile-002613,タカネオトギリ,Hlyperieum sikokumontanum,オトギリソウ科,HYPERICACEAE,36,,日本の野生植物 第2巻,Hypericum,hlyperieum,The row's genus field should match the first word of the scientific name.,This usually means parser state leaked from a neighboring OCR block.
78,genus_scientific_conflicts_with_scientific_name,profile_candidate,plant-profile-000593,タカネサギソウ,Platanthera mandarinorum,ラン科,ORCHIDACEAE,87,,日本の野生植物 第1巻,Peristylus,platanthera,The row's genus field should match the first word of the scientific name.,This usually means parser state leaked from a neighboring OCR block.
78,genus_scientific_conflicts_with_scientific_name,profile_candidate,plant-profile-000811,タカネスズメノヒエ,Luzula oligantha,イグサ科,JUNCACEAE,111,,日本の野生植物 第1巻,Juncus,luzula,The row's genus field should match the first word of the scientific name.,This usually means parser state leaked from a neighboring OCR block.
78,genus_scientific_conflicts_with_scientific_name,profile_candidate,plant-profile-001332,タカネタチイチゴツナギ,Poa glauca,イネ科,POACEAE,157,,日本の野生植物 第1巻,Phleum,poa,The row's genus field should match the first word of the scientific name.,This usually means parser state leaked from a neighboring OCR block.
78,genus_scientific_conflicts_with_scientific_name,profile_candidate,plant-profile-001528,タカネトリカブト,Aconitum zigzag,キンポウゲ科,RANUNCULACEAE,185,368,日本の野生植物 第1巻,Thalictrum,aconitum,The row's genus field should match the first word of the scientific name.,This usually means parser state leaked from a neighboring OCR block.
78,genus_scientific_conflicts_with_scientific_name,profile_candidate,plant-profile-000578,タカネトンボ,Platanthera chorisiana,ラン科,ORCHIDACEAE,86,171,日本の野生植物 第1巻,Peristylus,platanthera,The row's genus field should match the first word of the scientific name.,This usually means parser state leaked from a neighboring OCR block.
78,genus_scientific_conflicts_with_scientific_name,profile_candidate,plant-profile-004392,タカネニガナ,Ixeridium alpicola,キク科,ASTERACEAE,261,521,日本の野生植物 第2巻,Hypochaeris,ixeridium,The row's genus field should match the first word of the scientific name.,This usually means parser state leaked from a neighboring OCR block.
78,genus_scientific_conflicts_with_scientific_name,profile_candidate,plant-profile-001274,タカネノガリヤス,Calamagrostis sachalinensis,イネ科,POACEAE,152,,日本の野生植物 第1巻,BromIs,calamagrostis,The row's genus field should match the first word of the scientific name.,This usually means parser state leaked from a neighboring OCR block.
78,genus_scientific_conflicts_with_scientific_name,profile_candidate,plant-profile-004337,タカネヒゴタイ,Saussurea kaimontana,キク科,ASTERACEAE,257,512,日本の野生植物 第2巻,Hemisteptia,saussurea,The row's genus field should match the first word of the scientific name.,This usually means parser state leaked from a neighboring OCR block.
78,genus_scientific_conflicts_with_scientific_name,profile_candidate,plant-profile-001047,タカネヒメスゲ,Cares melanocarpa,カヤツリグサ科,CYPERACEAE,127,,日本の野生植物 第1巻,Carex,cares,The row's genus field should match the first word of the scientific name.,This usually means parser state leaked from a neighboring OCR block.
78,genus_scientific_conflicts_with_scientific_name,profile_candidate,plant-profile-004621,タカネヤハズハハコ,Anaphalis alpicola,キク科,ASTERACEAE,285,,日本の野生植物 第2巻,Tripleurospermum,anaphalis,The row's genus field should match the first word of the scientific name.,This usually means parser state leaked from a neighboring OCR block.
78,genus_scientific_conflicts_with_scientific_name,profile_candidate,plant-profile-000773,タカノホシクサ,Erioeaulon setaceum,ホシクサ科,ERIOCAULACEAE,108,,日本の野生植物 第1巻,Eriocaulon,erioeaulon,The row's genus field should match the first word of the scientific name.,This usually means parser state leaked from a neighboring OCR block.
78,genus_scientific_conflicts_with_scientific_name,profile_candidate,plant-profile-001617,タガラシ,Ranuneulus sceleratus,キンポウゲ科,RANUNCULACEAE,193,,日本の野生植物 第1巻,Pulsatilla,ranuneulus,The row's genus field should match the first word of the scientific name.,This usually means parser state leaked from a neighboring OCR block.
78,genus_scientific_conflicts_with_scientific_name,profile_candidate,plant-profile-001305,タキキビ,Phaenosperma globosum,イネ科,POACEAE,155,,日本の野生植物 第1巻,Lolium,phaenosperma,The row's genus field should match the first word of the scientific name.,This usually means parser state leaked from a neighboring OCR block.
78,genus_scientific_conflicts_with_scientific_name,profile_candidate,plant-profile-000394,タケシマユリ,Lillium hansonii,ユリ科,LILIACEAE,66,131,日本の野生植物 第1巻,Lilium,lillium,The row's genus field should match the first word of the scientific name.,This usually means parser state leaked from a neighboring OCR block.
78,genus_scientific_conflicts_with_scientific_name,profile_candidate,plant-profile-001472,タケニグサ,Macleaya cordata,ケシ科,PAPAVERACEAE,177,,日本の野生植物 第1巻,Hylomecon,macleaya,The row's genus field should match the first word of the scientific name.,This usually means parser state leaked from a neighboring OCR block.
78,genus_scientific_conflicts_with_scientific_name,profile_candidate,plant-profile-000355,タコノキ,Pandanus boninensis,タコノキ科,PANDANACEAE,61,120,日本の野生植物 第1巻,Freycinetia,pandanus,The row's genus field should match the first word of the scientific name.,This usually means parser state leaked from a neighboring OCR block.
78,genus_scientific_conflicts_with_scientific_name,profile_candidate,plant-profile-001267,タシロノガリヤス,Calamagrostis tashirol,イネ科,POACEAE,152,302,日本の野生植物 第1巻,BromIs,calamagrostis,The row's genus field should match the first word of the scientific name.,This usually means parser state leaked from a neighboring OCR block.
78,genus_scientific_conflicts_with_scientific_name,profile_candidate,plant-profile-000497,タシロラン,Epipogium roseum,ラン科,ORCHIDACEAE,77,,日本の野生植物 第1巻,Epipogiumn,epipogium,The row's genus field should match the first word of the scientific name.,This usually means parser state leaked from a neighboring OCR block.
78,genus_scientific_conflicts_with_scientific_name,profile_candidate,plant-profile-001317,タチイチゴツナギ,Poa nemoralis,イネ科,POACEAE,157,312,日本の野生植物 第1巻,Phleum,poa,The row's genus field should match the first word of the scientific name.,This usually means parser state leaked from a neighboring OCR block.
78,genus_scientific_conflicts_with_scientific_name,profile_candidate,plant-profile-003810,タチイヌノフグリ,Veronica arvensis,オオバコ科,PLANTAGINACEAE,190,378,日本の野生植物 第2巻,Linaria,veronica,The row's genus field should match the first word of the scientific name.,This usually means parser state leaked from a neighboring OCR block.
78,genus_scientific_conflicts_with_scientific_name,profile_candidate,plant-profile-003731,タチカメバソウ,Trigonotis guillelmii,ムラサキ科,BORAGINACEAE,179,,日本の野生植物 第2巻,Myosotis,trigonotis,The row's genus field should match the first word of the scientific name.,This usually means parser state leaked from a neighboring OCR block.
78,genus_scientific_conflicts_with_scientific_name,profile_candidate,plant-profile-001094,タチガヤツリ,Cyperus diaphanus,カヤツリグサ科,CYPERACEAE,130,,日本の野生植物 第1巻,Cladium,cyperus,The row's genus field should match the first word of the scientific name.,This usually means parser state leaked from a neighboring OCR block.
78,genus_scientific_conflicts_with_scientific_name,profile_candidate,plant-profile-003889,タチキランソウ,Ajuga makinoi,シソ科,LAMIACEAE,200,,日本の野生植物 第2巻,Premna,ajuga,The row's genus field should match the first word of the scientific name.,This usually means parser state leaked from a neighboring OCR block.
78,genus_scientific_conflicts_with_scientific_name,profile_candidate,plant-profile-004021,タチコゴメグサ,Eaplrasia maximnowiezii,ハマウツボ科,OROBANCHACEAE,218,,日本の野生植物 第2巻,Euphrasia,eaplrasia,The row's genus field should match the first word of the scientific name.,This usually means parser state leaked from a neighboring OCR block.
78,genus_scientific_conflicts_with_scientific_name,profile_candidate,plant-profile-001727,タチネコノメソウ,Chrysosplenium tosaense,ユキノシタ科,SAXIFRAGACEAE,207,412,日本の野生植物 第1巻,Astilbe,chrysosplenium,The row's genus field should match the first word of the scientific name.,This usually means parser state leaked from a neighboring OCR block.
78,genus_scientific_conflicts_with_scientific_name,profile_candidate,plant-profile-001088,タチヒメクグ,Cyperus kamtschatieus,カヤツリグサ科,CYPERACEAE,130,259,日本の野生植物 第1巻,Cladium,cyperus,The row's genus field should match the first word of the scientific name.,This usually means parser state leaked from a neighboring OCR block.
78,genus_scientific_conflicts_with_scientific_name,profile_candidate,plant-profile-001807,タチモ,Myriophyllum ussuriense,アリノトウグサ科,HALORAGACEAE,216,431,日本の野生植物 第1巻,GonocarPus,myriophyllum,The row's genus field should match the first word of the scientific name.,This usually means parser state leaked from a neighboring OCR block.
78,genus_scientific_conflicts_with_scientific_name,profile_candidate,plant-profile-003913,タツナミソウ,Scutellaria indica,シソ科,LAMIACEAE,203,404,日本の野生植物 第2巻,Seutellaria,scutellaria,The row's genus field should match the first word of the scientific name.,This usually means parser state leaked from a neighboring OCR block.
78,genus_scientific_conflicts_with_scientific_name,profile_candidate,plant-profile-001303,タツノヒゲ,Neomolinia japonica,イネ科,POACEAE,155,309,日本の野生植物 第1巻,Lolium,neomolinia,The row's genus field should match the first word of the scientific name.,This usually means parser state leaked from a neighboring OCR block.
78,genus_scientific_conflicts_with_scientific_name,profile_candidate,plant-profile-003974,タテヤマウツボグサ,Prunella prunellformis,シソ科,LAMIACEAE,211,,日本の野生植物 第2巻,Nepeta,prunella,The row's genus field should match the first word of the scientific name.,This usually means parser state leaked from a neighboring OCR block.
78,genus_scientific_conflicts_with_scientific_name,profile_candidate,plant-profile-002216,タテヤマキンバイ,Sibbaldia procumbens,バラ科,ROSACEAE,270,,日本の野生植物 第1巻,Sanguisorba,sibbaldia,The row's genus field should match the first word of the scientific name.,This usually means parser state leaked from a neighboring OCR block.
78,genus_scientific_conflicts_with_scientific_name,profile_candidate,plant-profile-004805,タニミツバ,Sium serra,セリ科,APIACEAE,306,,日本の野生植物 第2巻,Pterygopleurum,sium,The row's genus field should match the first word of the scientific name.,This usually means parser state leaked from a neighboring OCR block.
78,genus_scientific_conflicts_with_scientific_name,profile_candidate,plant-profile-000439,タネガシマムヨウラン,Aphyllorehis montana,ラン科,ORCHIDACEAE,71,,日本の野生植物 第1巻,Anoectochilus,aphyllorehis,The row's genus field should match the first word of the scientific name.,This usually means parser state leaked from a neighboring OCR block.
78,genus_scientific_conflicts_with_scientific_name,profile_candidate,plant-profile-001115,タマガヤツリ,Cyperus difformis,カヤツリグサ科,CYPERACEAE,131,,日本の野生植物 第1巻,Cladium,cyperus,The row's genus field should match the first word of the scientific name.,This usually means parser state leaked from a neighboring OCR block.
78,genus_scientific_conflicts_with_scientific_name,profile_candidate,plant-profile-004147,タンゲブ,Cyelocodon laneifolius,キキョウ科,CAMPANULACEAE,232,,日本の野生植物 第2巻,Cyclocodon,cyelocodon,The row's genus field should match the first word of the scientific name.,This usually means parser state leaked from a neighboring OCR block.
78,genus_scientific_conflicts_with_scientific_name,profile_candidate,plant-profile-002004,タンゴグミ,Elaengnus arakiana,グミ科,ELAEAGNACEAE,246,,日本の野生植物 第1巻,Elaeagnus,elaengnus,The row's genus field should match the first word of the scientific name.,This usually means parser state leaked from a neighboring OCR block.
78,genus_scientific_conflicts_with_scientific_name,profile_candidate,plant-profile-003265,タンナサワフタギ,Symplocos coreana,ハイノキ科,SYMPLOCACEAE,125,,日本の野生植物 第2巻,Syuplocos,symplocos,The row's genus field should match the first word of the scientific name.,This usually means parser state leaked from a neighboring OCR block.
78,genus_scientific_conflicts_with_scientific_name,profile_candidate,plant-profile-003372,タンナチョウセンヤマツツジ,Rhododendron yedoense,ツツジ科,ERICACEAE,137,,日本の野生植物 第2巻,Phyllodoce,rhododendron,The row's genus field should match the first word of the scientific name.,This usually means parser state leaked from a neighboring OCR block.
78,genus_scientific_conflicts_with_scientific_name,profile_candidate,plant-profile-003680,ダイオウナスビ,Solanum mauritianum,ナス科,SOLANACEAE,172,,日本の野生植物 第2巻,Seopolia,solanum,The row's genus field should match the first word of the scientific name.,This usually means parser state leaked from a neighboring OCR block.
78,genus_scientific_conflicts_with_scientific_name,profile_candidate,plant-profile-001509,ダイセツトリカブト,Aconitum yamazaki,キンポウゲ科,RANUNCULACEAE,184,366,日本の野生植物 第1巻,Thalictrum,aconitum,The row's genus field should match the first word of the scientific name.,This usually means parser state leaked from a neighboring OCR block.
78,genus_scientific_conflicts_with_scientific_name,profile_candidate,plant-profile-000743,ダンドク,Camna indiea,カンナ科,CANNACEAE,105,,日本の野生植物 第1巻,Canna,camna,The row's genus field should match the first word of the scientific name.,This usually means parser state leaked from a neighboring OCR block.
78,genus_scientific_conflicts_with_scientific_name,profile_candidate,plant-profile-003931,チシマオドリコソウ,Galeopsis bifda,シソ科,LAMIACEAE,205,,日本の野生植物 第2巻,Chelonopsis,galeopsis,The row's genus field should match the first word of the scientific name.,This usually means parser state leaked from a neighboring OCR block.
78,genus_scientific_conflicts_with_scientific_name,profile_candidate,plant-profile-001268,チシマガリヤス,Calamagrostis stricta,イネ科,POACEAE,152,302,日本の野生植物 第1巻,BromIs,calamagrostis,The row's genus field should match the first word of the scientific name.,This usually means parser state leaked from a neighboring OCR block.
78,genus_scientific_conflicts_with_scientific_name,profile_candidate,plant-profile-004022,チシマコゴメグサ,Eaphrasia mollis,ハマウツボ科,OROBANCHACEAE,218,,日本の野生植物 第2巻,Euphrasia,eaphrasia,The row's genus field should match the first word of the scientific name.,This usually means parser state leaked from a neighboring OCR block.
78,genus_scientific_conflicts_with_scientific_name,profile_candidate,plant-profile-000237,チシマゼキショウ,Tofeldia coccinea,チシマゼキショウ科,TOFIELDIACEAE,46,,日本の野生植物 第1巻,Tofieldia,tofeldia,The row's genus field should match the first word of the scientific name.,This usually means parser state leaked from a neighboring OCR block.
78,genus_scientific_conflicts_with_scientific_name,profile_candidate,plant-profile-001338,チシマドジョウツナギ,Puecinellia kurilensis,イネ科,POACEAE,158,314,日本の野生植物 第1巻,Puccinellia,puecinellia,The row's genus field should match the first word of the scientific name.,This usually means parser state leaked from a neighboring OCR block.
78,genus_scientific_conflicts_with_scientific_name,profile_candidate,plant-profile-001719,チシマネコノメソウ,Chrysosplenium kamtschaticum,ユキノシタ科,SAXIFRAGACEAE,206,411,日本の野生植物 第1巻,Astilbe,chrysosplenium,The row's genus field should match the first word of the scientific name.,This usually means parser state leaked from a neighboring OCR block.
78,genus_scientific_conflicts_with_scientific_name,profile_candidate,plant-profile-001664,チシマノキンバイソウ,Trollius riederianus,キンポウゲ科,RANUNCULACEAE,197,392,日本の野生植物 第1巻,Thalictrum,trollius,The row's genus field should match the first word of the scientific name.,This usually means parser state leaked from a neighboring OCR block.
78,genus_scientific_conflicts_with_scientific_name,profile_candidate,plant-profile-004852,チシマヒョウタンボク,Lonicera chamissoi,スイカズラ科,CAPRIFOLIACEAE,313,,日本の野生植物 第2巻,Linnaea,lonicera,The row's genus field should match the first word of the scientific name.,This usually means parser state leaked from a neighboring OCR block.
78,genus_scientific_conflicts_with_scientific_name,profile_candidate,plant-profile-004626,チチコグサモドキ,Gamochaeta pensylvanica,キク科,ASTERACEAE,286,,日本の野生植物 第2巻,Antennaria,gamochaeta,The row's genus field should match the first word of the scientific name.,This usually means parser state leaked from a neighboring OCR block.
78,genus_scientific_conflicts_with_scientific_name,profile_candidate,plant-profile-003283,チチジマクロキ,Symplocos pergracilis,ハイノキ科,SYMPLOCACEAE,126,,日本の野生植物 第2巻,Syuplocos,symplocos,The row's genus field should match the first word of the scientific name.,This usually means parser state leaked from a neighboring OCR block.
78,genus_scientific_conflicts_with_scientific_name,profile_candidate,plant-profile-003558,チトセカズラ,Gardneria multiflora,マチン科,LOGANIACEAE,158,,日本の野生植物 第2巻,Mitrasacme,gardneria,The row's genus field should match the first word of the scientific name.,This usually means parser state leaked from a neighboring OCR block.
78,genus_scientific_conflicts_with_scientific_name,profile_candidate,plant-profile-001618,チトセバイカモ,Ranunculus yezoensis,キンポウゲ科,RANUNCULACEAE,193,,日本の野生植物 第1巻,Pulsatilla,ranunculus,The row's genus field should match the first word of the scientific name.,This usually means parser state leaked from a neighboring OCR block.
78,genus_scientific_conflicts_with_scientific_name,profile_candidate,plant-profile-001116,チャガヤツリ,Cyperus amurieus,カヤツリグサ科,CYPERACEAE,131,,日本の野生植物 第1巻,Cladium,cyperus,The row's genus field should match the first word of the scientific name.,This usually means parser state leaked from a neighboring OCR block.
78,genus_scientific_conflicts_with_scientific_name,profile_candidate,plant-profile-000430,チャボホトトギス,Trieyrtis nana,ユリ科,LILIACEAE,68,,日本の野生植物 第1巻,Twricyatis,trieyrtis,The row's genus field should match the first word of the scientific name.,This usually means parser state leaked from a neighboring OCR block.
78,genus_scientific_conflicts_with_scientific_name,profile_candidate,plant-profile-001740,チャルメルソウ,Mitella furusei,ユキノシタ科,SAXIFRAGACEAE,208,415,日本の野生植物 第1巻,Astilbe,mitella,The row's genus field should match the first word of the scientific name.,This usually means parser state leaked from a neighboring OCR block.
78,genus_scientific_conflicts_with_scientific_name,profile_candidate,plant-profile-002699,チョウジタデ,Ludwigia epilobioides,アカバナ科,ONAGRACEAE,45,,日本の野生植物 第2巻,Ludwigi,ludwigia,The row's genus field should match the first word of the scientific name.,This usually means parser state leaked from a neighboring OCR block.
78,genus_scientific_conflicts_with_scientific_name,profile_candidate,plant-profile-002111,チョウセンキンミズヒキ,Agrimonia coreana,バラ科,ROSACEAE,261,,日本の野生植物 第1巻,Agrimona,agrimonia,The row's genus field should match the first word of the scientific name.,This usually means parser state leaked from a neighboring OCR block.
78,genus_scientific_conflicts_with_scientific_name,profile_candidate,plant-profile-004476,ツガルコウモリ,Paraseneeio hosoianus,キク科,ASTERACEAE,272,543,日本の野生植物 第2巻,Nemnosenecio,paraseneeio,The row's genus field should match the first word of the scientific name.,This usually means parser state leaked from a neighboring OCR block.
78,genus_scientific_conflicts_with_scientific_name,profile_candidate,plant-profile-001975,ツガルフジ,Vicia fauriei,ハマビシ科,ZYGOPHYLLACEAE,242,,日本の野生植物 第1巻,Thermopsis,vicia,The row's genus field should match the first word of the scientific name.,This usually means parser state leaked from a neighboring OCR block.
78,genus_scientific_conflicts_with_scientific_name,profile_candidate,plant-profile-000552,ツクシアリドオシラン,Myrmechis tsukusiana,ラン科,ORCHIDACEAE,83,,日本の野生植物 第1巻,Luisia,myrmechis,The row's genus field should match the first word of the scientific name.,This usually means parser state leaked from a neighboring OCR block.
78,genus_scientific_conflicts_with_scientific_name,profile_candidate,plant-profile-001117,ツクシオオガヤツリ,Cyperus olwii,カヤツリグサ科,CYPERACEAE,131,,日本の野生植物 第1巻,Cladium,cyperus,The row's genus field should match the first word of the scientific name.,This usually means parser state leaked from a neighboring OCR block.
78,genus_scientific_conflicts_with_scientific_name,profile_candidate,plant-profile-002243,ツクシカイドウ,Malus hupehensis,バラ科,ROSACEAE,274,547,日本の野生植物 第1巻,Laurocerasus,malus,The row's genus field should match the first word of the scientific name.,This usually means parser state leaked from a neighboring OCR block.
78,genus_scientific_conflicts_with_scientific_name,profile_candidate,plant-profile-000774,ツクシクロイヌノヒゲ,Erioeaulon kiusianum,ホシクサ科,ERIOCAULACEAE,108,,日本の野生植物 第1巻,Eriocaulon,erioeaulon,The row's genus field should match the first word of the scientific name.,This usually means parser state leaked from a neighboring OCR block.
78,genus_scientific_conflicts_with_scientific_name,profile_candidate,plant-profile-004035,ツクシシオガマ,Pedieularis refraeta,ハマウツボ科,OROBANCHACEAE,220,439,日本の野生植物 第2巻,Pedicularis,pedieularis,The row's genus field should match the first word of the scientific name.,This usually means parser state leaked from a neighboring OCR block.
78,genus_scientific_conflicts_with_scientific_name,profile_candidate,plant-profile-003347,ツクシシャクナゲ,Rhododendron japonoheptamerum,ツツジ科,ERICACEAE,136,,日本の野生植物 第2巻,Phyllodoce,rhododendron,The row's genus field should match the first word of the scientific name.,This usually means parser state leaked from a neighboring OCR block.
78,genus_scientific_conflicts_with_scientific_name,profile_candidate,plant-profile-001746,ツクシチャルメルソウ,Mitella kiusiana,ユキノシタ科,SAXIFRAGACEAE,208,,日本の野生植物 第1巻,Astilbe,mitella,The row's genus field should match the first word of the scientific name.,This usually means parser state leaked from a neighboring OCR block.
78,genus_scientific_conflicts_with_scientific_name,profile_candidate,plant-profile-004362,ツクシトウヒレン,Saussurea higomontana,キク科,ASTERACEAE,258,514,日本の野生植物 第2巻,Hemisteptia,saussurea,The row's genus field should match the first word of the scientific name.,This usually means parser state leaked from a neighboring OCR block.
78,genus_scientific_conflicts_with_scientific_name,profile_candidate,plant-profile-003812,ツクシトラノオ,Veronica ovata,オオバコ科,PLANTAGINACEAE,190,379,日本の野生植物 第2巻,Linaria,veronica,The row's genus field should match the first word of the scientific name.,This usually means parser state leaked from a neighboring OCR block.
78,genus_scientific_conflicts_with_scientific_name,profile_candidate,plant-profile-001733,ツクシネコノメソウ,Chrysosplenium rhabdospermum,ユキノシタ科,SAXIFRAGACEAE,207,,日本の野生植物 第1巻,Astilbe,chrysosplenium,The row's genus field should match the first word of the scientific name.,This usually means parser state leaked from a neighboring OCR block.
78,genus_scientific_conflicts_with_scientific_name,profile_candidate,plant-profile-004796,ツクシボウフウ,Pimpinella thellungiana,セリ科,APIACEAE,306,610,日本の野生植物 第2巻,Pimpinela,pimpinella,The row's genus field should match the first word of the scientific name.,This usually means parser state leaked from a neighboring OCR block.
78,genus_scientific_conflicts_with_scientific_name,profile_candidate,plant-profile-001953,ツクシムレスズメ,Sophora franchetiana,ハマビシ科,ZYGOPHYLLACEAE,239,,日本の野生植物 第1巻,Sophona,sophora,The row's genus field should match the first word of the scientific name.,This usually means parser state leaked from a neighboring OCR block.
78,genus_scientific_conflicts_with_scientific_name,profile_candidate,plant-profile-004691,ツクシメナモミ,Sigesbeckia orientalis,キク科,ASTERACEAE,293,,日本の野生植物 第2巻,Sigesbeekia,sigesbeckia,The row's genus field should match the first word of the scientific name.,This usually means parser state leaked from a neighboring OCR block.
78,genus_scientific_conflicts_with_scientific_name,profile_candidate,plant-profile-002913,ツクバネ,Buckleya lanceolata,ビャクダン科,SANTALACEAE,80,,日本の野生植物 第2巻,Viscum,buckleya,The row's genus field should match the first word of the scientific name.,This usually means parser state leaked from a neighboring OCR block.
78,genus_scientific_conflicts_with_scientific_name,profile_candidate,plant-profile-002494,ツゲモドキ,Putranjiva matsumurae,ツゲモドキ科,PUTRANJIVACEAE,18,,日本の野生植物 第2巻,Drypetes,putranjiva,The row's genus field should match the first word of the scientific name.,This usually means parser state leaked from a neighboring OCR block.
78,genus_scientific_conflicts_with_scientific_name,profile_candidate,plant-profile-004813,ツシマノダケ,Tiingia tsasimensis,セリ科,APIACEAE,307,,日本の野生植物 第2巻,Tilingia,tiingia,The row's genus field should match the first word of the scientific name.,This usually means parser state leaked from a neighboring OCR block.
78,genus_scientific_conflicts_with_scientific_name,profile_candidate,plant-profile-004853,ツシマヒョウタンボク,Lonieera fragrantissima,スイカズラ科,CAPRIFOLIACEAE,313,,日本の野生植物 第2巻,Linnaea,lonieera,The row's genus field should match the first word of the scientific name.,This usually means parser state leaked from a neighboring OCR block.
78,genus_scientific_conflicts_with_scientific_name,profile_candidate,plant-profile-001824,ツタ,Parthenocissus tricuspidata,ブドウ科,VITACEAE,218,,日本の野生植物 第1巻,Cayratia,parthenocissus,The row's genus field should match the first word of the scientific name.,This usually means parser state leaked from a neighboring OCR block.
78,genus_scientific_conflicts_with_scientific_name,profile_candidate,plant-profile-002729,ツタウルシ,Toxicodendron orientale,ウルシ科,ANACARDIACEAE,50,,日本の野生植物 第2巻,Schinus,toxicodendron,The row's genus field should match the first word of the scientific name.,This usually means parser state leaked from a neighboring OCR block.
78,genus_scientific_conflicts_with_scientific_name,profile_candidate,plant-profile-000293,ツツイトモ,Potamogeton pusillus,ヒルムシロ科,POTAMOGETONACEAE,53,105,日本の野生植物 第1巻,Stuckenia,potamogeton,The row's genus field should match the first word of the scientific name.,This usually means parser state leaked from a neighboring OCR block.
78,genus_scientific_conflicts_with_scientific_name,profile_candidate,plant-profile-001483,ツヅラフジ,Sinomenium acutum,ツヅラフジ科,MENISPERMACEAE,179,,日本の野生植物 第1巻,Pericampylus,sinomenium,The row's genus field should match the first word of the scientific name.,This usually means parser state leaked from a neighboring OCR block.
78,genus_scientific_conflicts_with_scientific_name,profile_candidate,plant-profile-001434,ツノアイアシ,Rottboellia cochinchinensis,イネ科,POACEAE,172,,日本の野生植物 第1巻,Rottboella,rottboellia,The row's genus field should match the first word of the scientific name.,This usually means parser state leaked from a neighboring OCR block.
78,genus_scientific_conflicts_with_scientific_name,profile_candidate,plant-profile-002347,ツノハシバミ,Corylus sieboldiana,カバノキ科,BETULACEAE,287,573,日本の野生植物 第1巻,CoryIus,corylus,The row's genus field should match the first word of the scientific name.,This usually means parser state leaked from a neighboring OCR block.
78,genus_scientific_conflicts_with_scientific_name,profile_candidate,plant-profile-003215,ツマトリソウ,Lysimnachia europaea,サクラソウ科,PRIMULACEAE,120,239,日本の野生植物 第2巻,Lysimachia,lysimnachia,The row's genus field should match the first word of the scientific name.,This usually means parser state leaked from a neighboring OCR block.
78,genus_scientific_conflicts_with_scientific_name,profile_candidate,plant-profile-003342,ツリガネツツジ,Rhododendron benhallii,ツツジ科,ERICACEAE,136,271,日本の野生植物 第2巻,Phyllodoce,rhododendron,The row's genus field should match the first word of the scientific name.,This usually means parser state leaked from a neighboring OCR block.
78,genus_scientific_conflicts_with_scientific_name,profile_candidate,plant-profile-000359,ツルアダン,Freyeinetia formosana,タコノキ科,PANDANACEAE,61,,日本の野生植物 第1巻,Freycinetia,freyeinetia,The row's genus field should match the first word of the scientific name.,This usually means parser state leaked from a neighboring OCR block.
78,genus_scientific_conflicts_with_scientific_name,profile_candidate,plant-profile-003489,ツルアリドオシ,Mitchella undulata,アカネ科,RUBIACEAE,150,,日本の野生植物 第2巻,Leptodermis,mitchella,The row's genus field should match the first word of the scientific name.,This usually means parser state leaked from a neighboring OCR block.
78,genus_scientific_conflicts_with_scientific_name,profile_candidate,plant-profile-003882,ツルカコソウ,Ajuga shikotanensis,シソ科,LAMIACEAE,199,,日本の野生植物 第2巻,Premna,ajuga,The row's genus field should match the first word of the scientific name.,This usually means parser state leaked from a neighboring OCR block.
78,genus_scientific_conflicts_with_scientific_name,profile_candidate,plant-profile-003608,ツルガシワ,Vincetoxieum maeroplyllum,キョウチクトウ科,APOCYNACEAE,163,,日本の野生植物 第2巻,Vincetoxicum,vincetoxieum,The row's genus field should match the first word of the scientific name.,This usually means parser state leaked from a neighboring OCR block.
78,genus_scientific_conflicts_with_scientific_name,profile_candidate,plant-profile-001638,ツルキツネノボタン,Ranunculus hakkodensis,キンポウゲ科,RANUNCULACEAE,194,,日本の野生植物 第1巻,Pulsatilla,ranunculus,The row's genus field should match the first word of the scientific name.,This usually means parser state leaked from a neighboring OCR block.
78,genus_scientific_conflicts_with_scientific_name,profile_candidate,plant-profile-003901,ツルニガクサ,Teuerium viseidum,シソ科,LAMIACEAE,201,,日本の野生植物 第2巻,Teucrium,teuerium,The row's genus field should match the first word of the scientific name.,This usually means parser state leaked from a neighboring OCR block.
78,genus_scientific_conflicts_with_scientific_name,profile_candidate,plant-profile-001734,ツルネコノメソウ,Chrysosplenium fagelliferum,ユキノシタ科,SAXIFRAGACEAE,207,,日本の野生植物 第1巻,Astilbe,chrysosplenium,The row's genus field should match the first word of the scientific name.,This usually means parser state leaked from a neighboring OCR block.
78,genus_scientific_conflicts_with_scientific_name,profile_candidate,plant-profile-004638,ツルハグマ,Blumea riparia,キク科,ASTERACEAE,288,574,日本の野生植物 第2巻,Blunea,blumea,The row's genus field should match the first word of the scientific name.,This usually means parser state leaked from a neighboring OCR block.
78,genus_scientific_conflicts_with_scientific_name,profile_candidate,plant-profile-001968,ツルフジバカマ,Vicia amoena,マメ科,FABACEAE,242,482,日本の野生植物 第1巻,Thermopsis,vicia,The row's genus field should match the first word of the scientific name.,This usually means parser state leaked from a neighboring OCR block.
78,genus_scientific_conflicts_with_scientific_name,profile_candidate,plant-profile-000669,ツルボ,Barnardia japonica,クサスギカズラ科,ASPARAGACEAE,96,,日本の野生植物 第1巻,Aspidistra,barnardia,The row's genus field should match the first word of the scientific name.,This usually means parser state leaked from a neighboring OCR block.
78,genus_scientific_conflicts_with_scientific_name,profile_candidate,plant-profile-003552,ツルリンドウ,Tripterospermum japonicum,アカネ科,RUBIACEAE,157,,日本の野生植物 第2巻,Schenkia,tripterospermum,The row's genus field should match the first word of the scientific name.,This usually means parser state leaked from a neighboring OCR block.
78,genus_scientific_conflicts_with_scientific_name,profile_candidate,plant-profile-000580,ツレサギソウ,Platanthera japoniea,ラン科,ORCHIDACEAE,86,,日本の野生植物 第1巻,Peristylus,platanthera,The row's genus field should match the first word of the scientific name.,This usually means parser state leaked from a neighboring OCR block.
78,genus_scientific_conflicts_with_scientific_name,profile_candidate,plant-profile-003586,テイカカズラ,Trachelospermum asiaticum,キョウチクトウ科,APOCYNACEAE,161,,日本の野生植物 第2巻,Ochrosia,trachelospermum,The row's genus field should match the first word of the scientific name.,This usually means parser state leaked from a neighboring OCR block.
78,genus_scientific_conflicts_with_scientific_name,profile_candidate,plant-profile-003902,テイネニガクサ,Teuerium teinense,シソ科,LAMIACEAE,201,,日本の野生植物 第2巻,Teucrium,teuerium,The row's genus field should match the first word of the scientific name.,This usually means parser state leaked from a neighboring OCR block.
78,genus_scientific_conflicts_with_scientific_name,profile_candidate,plant-profile-001669,テシオキンバイソウ,Trollus teshioensis,キンポウゲ科,RANUNCULACEAE,197,,日本の野生植物 第1巻,Thalictrum,trollus,The row's genus field should match the first word of the scientific name.,This usually means parser state leaked from a neighboring OCR block.
78,genus_scientific_conflicts_with_scientific_name,profile_candidate,plant-profile-003243,テシオコザクラ,Primula takedana,サクラソウ科,PRIMULACEAE,122,,日本の野生植物 第2巻,Lysimachia,primula,The row's genus field should match the first word of the scientific name.,This usually means parser state leaked from a neighboring OCR block.
78,genus_scientific_conflicts_with_scientific_name,profile_candidate,plant-profile-004484,テバコモミジガサ,Parasenecio tebakoensis,キク科,ASTERACEAE,272,,日本の野生植物 第2巻,Nemnosenecio,parasenecio,The row's genus field should match the first word of the scientific name.,This usually means parser state leaked from a neighboring OCR block.
78,genus_scientific_conflicts_with_scientific_name,profile_candidate,plant-profile-002374,テリハツルウメモドキ,Celastrus punctatus,ニシキギ科,CELASTRACEAE,291,581,日本の野生植物 第1巻,Tripterygium,celastrus,The row's genus field should match the first word of the scientific name.,This usually means parser state leaked from a neighboring OCR block.
78,genus_scientific_conflicts_with_scientific_name,profile_candidate,plant-profile-002657,テリハモモタマナ,Terminalia nitens,シクンシ科,COMBRETACEAE,40,,日本の野生植物 第2巻,Lumnitzera,terminalia,The row's genus field should match the first word of the scientific name.,This usually means parser state leaked from a neighboring OCR block.
78,genus_scientific_conflicts_with_scientific_name,profile_candidate,plant-profile-003802,テングクワガタ,Veronica serpyllfolia,オオバコ科,PLANTAGINACEAE,189,,日本の野生植物 第2巻,Linaria,veronica,The row's genus field should match the first word of the scientific name.,This usually means parser state leaked from a neighboring OCR block.
78,genus_scientific_conflicts_with_scientific_name,profile_candidate,plant-profile-000125,テングノハナ,Illigera luzonensis,ハスノハギリ科,HERNANDIACEAE,34,,日本の野生植物 第1巻,Iligera,illigera,The row's genus field should match the first word of the scientific name.,This usually means parser state leaked from a neighboring OCR block.
78,genus_scientific_conflicts_with_scientific_name,profile_candidate,plant-profile-001604,トウゴクサバノオ,Dichoearpum trachyspermum,キンポウゲ科,RANUNCULACEAE,191,,日本の野生植物 第1巻,Dichocarpum,dichoearpum,The row's genus field should match the first word of the scientific name.,This usually means parser state leaked from a neighboring OCR block.
78,genus_scientific_conflicts_with_scientific_name,profile_candidate,plant-profile-003386,トウゴクミツバツツジ,Rhododendron wadanum,ツツジ科,ERICACEAE,138,,日本の野生植物 第2巻,Phyllodoce,rhododendron,The row's genus field should match the first word of the scientific name.,This usually means parser state leaked from a neighboring OCR block.
78,genus_scientific_conflicts_with_scientific_name,profile_candidate,plant-profile-003822,トウテイラン,Veroniea ornata,オオバコ科,PLANTAGINACEAE,190,,日本の野生植物 第2巻,Linaria,veroniea,The row's genus field should match the first word of the scientific name.,This usually means parser state leaked from a neighboring OCR block.
78,genus_scientific_conflicts_with_scientific_name,profile_candidate,plant-profile-004338,トウミトウヒレン,Saussurea mihoko-kawakamiana,キク科,ASTERACEAE,257,512,日本の野生植物 第2巻,Hemisteptia,saussurea,The row's genus field should match the first word of the scientific name.,This usually means parser state leaked from a neighboring OCR block.
78,genus_scientific_conflicts_with_scientific_name,profile_candidate,plant-profile-001448,トウモロコシ,Zea mays,イネ科,POACEAE,174,,日本の野生植物 第1巻,Stenotaphrum,zea,The row's genus field should match the first word of the scientific name.,This usually means parser state leaked from a neighboring OCR block.
78,genus_scientific_conflicts_with_scientific_name,profile_candidate,plant-profile-003532,トウヤクリンドウ,Gentiana algida,アカネ科,RUBIACEAE,155,,日本の野生植物 第2巻,Swertia,gentiana,The row's genus field should match the first word of the scientific name.,This usually means parser state leaked from a neighboring OCR block.
78,genus_scientific_conflicts_with_scientific_name,profile_candidate,plant-profile-004363,トガヒゴタイ,Saussurea muramatsui,キク科,ASTERACEAE,258,514,日本の野生植物 第2巻,Hemisteptia,saussurea,The row's genus field should match the first word of the scientific name.,This usually means parser state leaked from a neighboring OCR block.
78,genus_scientific_conflicts_with_scientific_name,profile_candidate,plant-profile-000594,トキソウ,Pogonia japonica,ラン科,ORCHIDACEAE,87,,日本の野生植物 第1巻,Peristylus,pogonia,The row's genus field should match the first word of the scientific name.,This usually means parser state leaked from a neighboring OCR block.
78,genus_scientific_conflicts_with_scientific_name,profile_candidate,plant-profile-002083,トキホコリ,Elatostema densillorum,イラクサ科,URTICACEAE,257,,日本の野生植物 第1巻,Debregeasia,elatostema,The row's genus field should match the first word of the scientific name.,This usually means parser state leaked from a neighboring OCR block.
78,genus_scientific_conflicts_with_scientific_name,profile_candidate,plant-profile-002061,トキワイヌビワ,Ficus boninsimae,アサ科,CANNABACEAE,254,,日本の野生植物 第1巻,Fieus,ficus,The row's genus field should match the first word of the scientific name.,This usually means parser state leaked from a neighboring OCR block.
78,genus_scientific_conflicts_with_scientific_name,profile_candidate,plant-profile-001417,トキワススキ,Miseanthus floridulus,イネ科,POACEAE,170,338,日本の野生植物 第1巻,Melinis,miseanthus,The row's genus field should match the first word of the scientific name.,This usually means parser state leaked from a neighboring OCR block.
78,genus_scientific_conflicts_with_scientific_name,profile_candidate,plant-profile-001694,トキワマンサク,Loropetalum chinense,マンサク科,HAMAMELIDACEAE,202,403,日本の野生植物 第1巻,Hamamelis,loropetalum,The row's genus field should match the first word of the scientific name.,This usually means parser state leaked from a neighboring OCR block.
78,genus_scientific_conflicts_with_scientific_name,profile_candidate,plant-profile-004663,トキンソウ,Centipeda minima,キク科,ASTERACEAE,290,,日本の野生植物 第2巻,Ceutipeda,centipeda,The row's genus field should match the first word of the scientific name.,This usually means parser state leaked from a neighboring OCR block.
78,genus_scientific_conflicts_with_scientific_name,profile_candidate,plant-profile-001129,トクサイ,Eleoeharis ochrostaclys,カヤツリグサ科,CYPERACEAE,132,,日本の野生植物 第1巻,Eleocharis,eleoeharis,The row's genus field should match the first word of the scientific name.,This usually means parser state leaked from a neighboring OCR block.
78,genus_scientific_conflicts_with_scientific_name,profile_candidate,plant-profile-000468,トケンラン,Cremastra uguieulata,ラン科,ORCHIDACEAE,74,,日本の野生植物 第1巻,Cremnastra,cremastra,The row's genus field should match the first word of the scientific name.,This usually means parser state leaked from a neighboring OCR block.
78,genus_scientific_conflicts_with_scientific_name,profile_candidate,plant-profile-003115,トゲカズラ,Pisonia aculeata,オシロイバナ科,NYCTAGINACEAE,105,,日本の野生植物 第2巻,Boerhavia,pisonia,The row's genus field should match the first word of the scientific name.,This usually means parser state leaked from a neighboring OCR block.
78,genus_scientific_conflicts_with_scientific_name,profile_candidate,plant-profile-004415,トゲチシャ,Lactuca serriola,キク科,ASTERACEAE,263,,日本の野生植物 第2巻,Ixeris,lactuca,The row's genus field should match the first word of the scientific name.,This usually means parser state leaked from a neighboring OCR block.
78,genus_scientific_conflicts_with_scientific_name,profile_candidate,plant-profile-003116,トゲミウドノキ,Pisonia grandis,オシロイバナ科,NYCTAGINACEAE,105,,日本の野生植物 第2巻,Boerhavia,pisonia,The row's genus field should match the first word of the scientific name.,This usually means parser state leaked from a neighboring OCR block.
78,genus_scientific_conflicts_with_scientific_name,profile_candidate,plant-profile-002615,トサオトギリ,Hyperieum tosaense,オトギリソウ科,HYPERICACEAE,36,,日本の野生植物 第2巻,Hypericum,hyperieum,The row's genus field should match the first word of the scientific name.,This usually means parser state leaked from a neighboring OCR block.
78,genus_scientific_conflicts_with_scientific_name,profile_candidate,plant-profile-004368,トサトウヒレン,Saussurea yoshinagae,キク科,ASTERACEAE,258,,日本の野生植物 第2巻,Hemisteptia,saussurea,The row's genus field should match the first word of the scientific name.,This usually means parser state leaked from a neighboring OCR block.
78,genus_scientific_conflicts_with_scientific_name,profile_candidate,plant-profile-001747,トサノチャルメルソウ,Mitella yoshinagae,ユキノシタ科,SAXIFRAGACEAE,208,,日本の野生植物 第1巻,Astilbe,mitella,The row's genus field should match the first word of the scientific name.,This usually means parser state leaked from a neighboring OCR block.
78,genus_scientific_conflicts_with_scientific_name,profile_candidate,plant-profile-002766,トチノキ,Aesculus turbinata,ムクロジ科,SAPINDACEAE,54,,日本の野生植物 第2巻,Aeseulus,aesculus,The row's genus field should match the first word of the scientific name.,This usually means parser state leaked from a neighboring OCR block.
78,genus_scientific_conflicts_with_scientific_name,profile_candidate,plant-profile-004369,トビシマトウヒレン,Saussurea katoana,キク科,ASTERACEAE,258,,日本の野生植物 第2巻,Hemisteptia,saussurea,The row's genus field should match the first word of the scientific name.,This usually means parser state leaked from a neighboring OCR block.
78,genus_scientific_conflicts_with_scientific_name,profile_candidate,plant-profile-001288,トボシガラ,Festuea parvigluma,イネ科,POACEAE,153,,日本の野生植物 第1巻,Eliytrigia,festuea,The row's genus field should match the first word of the scientific name.,This usually means parser state leaked from a neighboring OCR block.
78,genus_scientific_conflicts_with_scientific_name,profile_candidate,plant-profile-003697,トマトダマシ,Solanum rostratum,ナス科,SOLANACEAE,173,,日本の野生植物 第2巻,Seopolia,solanum,The row's genus field should match the first word of the scientific name.,This usually means parser state leaked from a neighboring OCR block.
78,genus_scientific_conflicts_with_scientific_name,profile_candidate,plant-profile-000492,トラキチラン,Epipogium aplyllum,ラン科,ORCHIDACEAE,77,153,日本の野生植物 第1巻,Epipogiumn,epipogium,The row's genus field should match the first word of the scientific name.,This usually means parser state leaked from a neighboring OCR block.
78,genus_scientific_conflicts_with_scientific_name,profile_candidate,plant-profile-000579,トンボソウ,Platanthera ussuriensis,ラン科,ORCHIDACEAE,86,171,日本の野生植物 第1巻,Peristylus,platanthera,The row's genus field should match the first word of the scientific name.,This usually means parser state leaked from a neighboring OCR block.
78,genus_scientific_conflicts_with_scientific_name,profile_candidate,plant-profile-002351,ドクウツギ,Coriaria japoniea,カバノキ科,BETULACEAE,288,,日本の野生植物 第1巻,Corlaria,coriaria,The row's genus field should match the first word of the scientific name.,This usually means parser state leaked from a neighboring OCR block.
78,genus_scientific_conflicts_with_scientific_name,profile_candidate,plant-profile-001295,ドジョウツナギ,Glyceria ischyroneura,イネ科,POACEAE,154,,日本の野生植物 第1巻,Glyeeria,glyceria,The row's genus field should match the first word of the scientific name.,This usually means parser state leaked from a neighboring OCR block.
78,genus_scientific_conflicts_with_scientific_name,profile_candidate,plant-profile-004609,ナカガワノギク,Chrysanthemum yoshinaganthum,キク科,ASTERACEAE,283,,日本の野生植物 第2巻,Artemisia,chrysanthemum,The row's genus field should match the first word of the scientific name.,This usually means parser state leaked from a neighboring OCR block.
78,genus_scientific_conflicts_with_scientific_name,profile_candidate,plant-profile-003668,ナガエノセンナリホオズキ,Physalis acutifolia,ナス科,SOLANACEAE,171,,日本の野生植物 第2巻,Pliysalis,physalis,The row's genus field should match the first word of the scientific name.,This usually means parser state leaked from a neighboring OCR block.
78,genus_scientific_conflicts_with_scientific_name,profile_candidate,plant-profile-001333,ナガハグサ,Poa pratensis,イネ科,POACEAE,157,,日本の野生植物 第1巻,Phleum,poa,The row's genus field should match the first word of the scientific name.,This usually means parser state leaked from a neighboring OCR block.
78,genus_scientific_conflicts_with_scientific_name,profile_candidate,plant-profile-003611,ナガバアサガオ,Aniseia martinicensis,キョウチクトウ科,APOCYNACEAE,164,,日本の野生植物 第2巻,Anisela,aniseia,The row's genus field should match the first word of the scientific name.,This usually means parser state leaked from a neighboring OCR block.
78,genus_scientific_conflicts_with_scientific_name,profile_candidate,plant-profile-000729,ナガバイボクサ,Mwdamnia angustifolia,ツユクサ科,COMMELINACEAE,103,,日本の野生植物 第1巻,Amischotolype,mwdamnia,The row's genus field should match the first word of the scientific name.,This usually means parser state leaked from a neighboring OCR block.
78,genus_scientific_conflicts_with_scientific_name,profile_candidate,plant-profile-000286,ナガバエビモ,Potamogeton praelongus,ヒルムシロ科,POTAMOGETONACEAE,53,104,日本の野生植物 第1巻,Stuckenia,potamogeton,The row's genus field should match the first word of the scientific name.,This usually means parser state leaked from a neighboring OCR block.
78,genus_scientific_conflicts_with_scientific_name,profile_candidate,plant-profile-002408,ナガバコバンモチ,Elaeoearpus multilorus,ホルトノキ科,ELAEOCARPACEAE,295,589,日本の野生植物 第1巻,Elaeocarpus,elaeoearpus,The row's genus field should match the first word of the scientific name.,This usually means parser state leaked from a neighboring OCR block.
78,genus_scientific_conflicts_with_scientific_name,profile_candidate,plant-profile-002092,ナガバサンショウソウ,Pellionia yosiei,イラクサ科,URTICACEAE,258,,日本の野生植物 第1巻,Oreocnide,pellionia,The row's genus field should match the first word of the scientific name.,This usually means parser state leaked from a neighboring OCR block.
78,genus_scientific_conflicts_with_scientific_name,profile_candidate,plant-profile-002997,ナガバノイシモチソウ,Drosera indica,タデ科,POLYGONACEAE,91,,日本の野生植物 第2巻,Drosena,drosera,The row's genus field should match the first word of the scientific name.,This usually means parser state leaked from a neighboring OCR block.
78,genus_scientific_conflicts_with_scientific_name,profile_candidate,plant-profile-002960,ナガバノウナギツカミ,Persiearia hastatosagittata,タデ科,POLYGONACEAE,87,,日本の野生植物 第2巻,Persicaria,persiearia,The row's genus field should match the first word of the scientific name.,This usually means parser state leaked from a neighboring OCR block.
78,genus_scientific_conflicts_with_scientific_name,profile_candidate,plant-profile-002998,ナガバノモウセンゴケ,Drosera anglica,タデ科,POLYGONACEAE,91,,日本の野生植物 第2巻,Drosena,drosera,The row's genus field should match the first word of the scientific name.,This usually means parser state leaked from a neighboring OCR block.
78,genus_scientific_conflicts_with_scientific_name,profile_candidate,plant-profile-000932,ナガボスゲ,Cares dolichostachya,カヤツリグサ科,CYPERACEAE,122,242,日本の野生植物 第1巻,Carex,cares,The row's genus field should match the first word of the scientific name.,This usually means parser state leaked from a neighboring OCR block.
78,genus_scientific_conflicts_with_scientific_name,profile_candidate,plant-profile-003769,ナガミカズラ,Aeschynanthus aeuminatus,イワタバコ科,GESNERIACEAE,183,,日本の野生植物 第2巻,Aeschyuanthus,aeschynanthus,The row's genus field should match the first word of the scientific name.,This usually means parser state leaked from a neighboring OCR block.
78,genus_scientific_conflicts_with_scientific_name,profile_candidate,plant-profile-001351,ナギナタガヤ,Vulpia myuros,イネ科,POACEAE,159,,日本の野生植物 第1巻,Vahlodea,vulpia,The row's genus field should match the first word of the scientific name.,This usually means parser state leaked from a neighboring OCR block.
78,genus_scientific_conflicts_with_scientific_name,profile_candidate,plant-profile-003942,ナギナタコウジュ,Elsholtzia ciliata,シソ科,LAMIACEAE,207,,日本の野生植物 第2巻,EIsholtzia,elsholtzia,The row's genus field should match the first word of the scientific name.,This usually means parser state leaked from a neighboring OCR block.
78,genus_scientific_conflicts_with_scientific_name,profile_candidate,plant-profile-000472,ナギラン,Cymbidium nagifolium,ラン科,ORCHIDACEAE,75,148,日本の野生植物 第1巻,Cryptostylis,cymbidium,The row's genus field should match the first word of the scientific name.,This usually means parser state leaked from a neighboring OCR block.
78,genus_scientific_conflicts_with_scientific_name,profile_candidate,plant-profile-001982,ナツフジ,Wisteria japoniea,マメ科,FABACEAE,244,486,日本の野生植物 第1巻,Thermopsis,wisteria,The row's genus field should match the first word of the scientific name.,This usually means parser state leaked from a neighboring OCR block.
78,genus_scientific_conflicts_with_scientific_name,profile_candidate,plant-profile-000226,ナベクラザゼンソウ,Symploearpus nabekuraensis,サトイモ科,ARACEAE,45,89,日本の野生植物 第1巻,Syunplocarpus,symploearpus,The row's genus field should match the first word of the scientific name.,This usually means parser state leaked from a neighboring OCR block.
78,genus_scientific_conflicts_with_scientific_name,profile_candidate,plant-profile-004840,ナベナ,Dipsaeus japonieus,スイカズラ科,CAPRIFOLIACEAE,312,,日本の野生植物 第2巻,Dipsacus,dipsaeus,The row's genus field should match the first word of the scientific name.,This usually means parser state leaked from a neighboring OCR block.
78,genus_scientific_conflicts_with_scientific_name,profile_candidate,plant-profile-000510,ナヨテンマ,Gastrodin graeilis,ラン科,ORCHIDACEAE,79,156,日本の野生植物 第1巻,Gastrodia,gastrodin,The row's genus field should match the first word of the scientific name.,This usually means parser state leaked from a neighboring OCR block.
78,genus_scientific_conflicts_with_scientific_name,profile_candidate,plant-profile-004449,ナンカイウスベニニガナ,Emilia fosbergii,キク科,ASTERACEAE,269,536,日本の野生植物 第2巻,Dendrocacalia,emilia,The row's genus field should match the first word of the scientific name.,This usually means parser state leaked from a neighboring OCR block.
78,genus_scientific_conflicts_with_scientific_name,profile_candidate,plant-profile-000219,ナンゴクアオウキクサ,Lemna aequinoetialis,サトイモ科,ARACEAE,44,,日本の野生植物 第1巻,Landottia,lemna,The row's genus field should match the first word of the scientific name.,This usually means parser state leaked from a neighboring OCR block.
78,genus_scientific_conflicts_with_scientific_name,profile_candidate,plant-profile-003387,ナンゴクミツバツツジ,Rhododendron mayebarae,ツツジ科,ERICACEAE,138,,日本の野生植物 第2巻,Phyllodoce,rhododendron,The row's genus field should match the first word of the scientific name.,This usually means parser state leaked from a neighboring OCR block.
78,genus_scientific_conflicts_with_scientific_name,profile_candidate,plant-profile-001969,ナンテンハギ,Vicia unijuga,マメ科,FABACEAE,242,482,日本の野生植物 第1巻,Thermopsis,vicia,The row's genus field should match the first word of the scientific name.,This usually means parser state leaked from a neighboring OCR block.
78,genus_scientific_conflicts_with_scientific_name,profile_candidate,plant-profile-001672,ナンバンアワブキ,Meliosma squamulata,アワブキ科,SABIACEAE,198,394,日本の野生植物 第1巻,Sabia,meliosma,The row's genus field should match the first word of the scientific name.,This usually means parser state leaked from a neighboring OCR block.
78,genus_scientific_conflicts_with_scientific_name,profile_candidate,plant-profile-000730,ナンバンツユクサ,Commelina paludosa,ツユクサ科,COMMELINACEAE,103,,日本の野生植物 第1巻,Amischotolype,commelina,The row's genus field should match the first word of the scientific name.,This usually means parser state leaked from a neighboring OCR block.
78,genus_scientific_conflicts_with_scientific_name,profile_candidate,plant-profile-001324,ナンプソモソモ,Poa hayachinensis,イネ科,POACEAE,157,313,日本の野生植物 第1巻,Phleum,poa,The row's genus field should match the first word of the scientific name.,This usually means parser state leaked from a neighboring OCR block.
78,genus_scientific_conflicts_with_scientific_name,profile_candidate,plant-profile-004345,ナンプトウヒレン,Saussurea sugimurae,キク科,ASTERACEAE,257,513,日本の野生植物 第2巻,Hemisteptia,saussurea,The row's genus field should match the first word of the scientific name.,This usually means parser state leaked from a neighboring OCR block.
78,genus_scientific_conflicts_with_scientific_name,profile_candidate,plant-profile-000586,ニイタカチドリ,Platanthera brevicalearata,ラン科,ORCHIDACEAE,87,172,日本の野生植物 第1巻,Peristylus,platanthera,The row's genus field should match the first word of the scientific name.,This usually means parser state leaked from a neighboring OCR block.
78,genus_scientific_conflicts_with_scientific_name,profile_candidate,plant-profile-002961,ニオイタデ,Persiearia viseosa,タデ科,POLYGONACEAE,87,,日本の野生植物 第2巻,Persicaria,persiearia,The row's genus field should match the first word of the scientific name.,This usually means parser state leaked from a neighboring OCR block.
78,genus_scientific_conflicts_with_scientific_name,profile_candidate,plant-profile-002795,ニガキ,Picrasma quassioides,ニガキ科,SIMAROUBACEAE,58,,日本の野生植物 第2巻,Picrasmna,picrasma,The row's genus field should match the first word of the scientific name.,This usually means parser state leaked from a neighboring OCR block.
78,genus_scientific_conflicts_with_scientific_name,profile_candidate,plant-profile-004395,ニガナ,Ixeridium dentatum,キク科,ASTERACEAE,261,,日本の野生植物 第2巻,Hypochaeris,ixeridium,The row's genus field should match the first word of the scientific name.,This usually means parser state leaked from a neighboring OCR block.
78,genus_scientific_conflicts_with_scientific_name,profile_candidate,plant-profile-003481,ニコゲルリミノキ,Lasiantlus hispidulus,アカネ科,RUBIACEAE,149,,日本の野生植物 第2巻,Knoxia,lasiantlus,The row's genus field should match the first word of the scientific name.,This usually means parser state leaked from a neighboring OCR block.
78,genus_scientific_conflicts_with_scientific_name,profile_candidate,plant-profile-003891,ニシキゴロモ,Ajuga yesoensis,シソ科,LAMIACEAE,200,,日本の野生植物 第2巻,Premna,ajuga,The row's genus field should match the first word of the scientific name.,This usually means parser state leaked from a neighboring OCR block.
78,genus_scientific_conflicts_with_scientific_name,profile_candidate,plant-profile-001501,ニセコレイジンソウ,Aconitum ikedae,キンポウゲ科,RANUNCULACEAE,183,365,日本の野生植物 第1巻,Thalictrum,aconitum,The row's genus field should match the first word of the scientific name.,This usually means parser state leaked from a neighboring OCR block.
78,genus_scientific_conflicts_with_scientific_name,profile_candidate,plant-profile-004477,ニッコウコウモリ,Parasenecio nantaieus,キク科,ASTERACEAE,272,543,日本の野生植物 第2巻,Nemnosenecio,parasenecio,The row's genus field should match the first word of the scientific name.,This usually means parser state leaked from a neighboring OCR block.
78,genus_scientific_conflicts_with_scientific_name,profile_candidate,plant-profile-004869,ニッコウヒョウタンボク,Lonicera mochidzukiana,スイカズラ科,CAPRIFOLIACEAE,314,,日本の野生植物 第2巻,Linnaea,lonicera,The row's genus field should match the first word of the scientific name.,This usually means parser state leaked from a neighboring OCR block.
78,genus_scientific_conflicts_with_scientific_name,profile_candidate,plant-profile-000553,ニラバラン,Microtis unifolia,ラン科,ORCHIDACEAE,83,,日本の野生植物 第1巻,Luisia,microtis,The row's genus field should match the first word of the scientific name.,This usually means parser state leaked from a neighboring OCR block.
78,genus_scientific_conflicts_with_scientific_name,profile_candidate,plant-profile-002265,ニワウメ,Prunus japoniea,バラ科,ROSACEAE,276,,日本の野生植物 第1巻,Padus,prunus,The row's genus field should match the first word of the scientific name.,This usually means parser state leaked from a neighboring OCR block.
78,genus_scientific_conflicts_with_scientific_name,profile_candidate,plant-profile-002266,ニワザクラ,Prunus glandulosa,バラ科,ROSACEAE,276,,日本の野生植物 第1巻,Padus,prunus,The row's genus field should match the first word of the scientific name.,This usually means parser state leaked from a neighboring OCR block.
78,genus_scientific_conflicts_with_scientific_name,profile_candidate,plant-profile-001363,ニワホコリ,Eragrostis multicaulis,イネ科,POACEAE,161,,日本の野生植物 第1巻,Eleusine,eragrostis,The row's genus field should match the first word of the scientific name.,This usually means parser state leaked from a neighboring OCR block.
78,genus_scientific_conflicts_with_scientific_name,profile_candidate,plant-profile-000960,ヌカスゲ,Cares mitrata,カヤツリグサ科,CYPERACEAE,123,244,日本の野生植物 第1巻,Carex,cares,The row's genus field should match the first word of the scientific name.,This usually means parser state leaked from a neighboring OCR block.
78,genus_scientific_conflicts_with_scientific_name,profile_candidate,plant-profile-000812,ヌカボシソウ,Luzula plumosa,イグサ科,JUNCACEAE,111,,日本の野生植物 第1巻,Juncus,luzula,The row's genus field should match the first word of the scientific name.,This usually means parser state leaked from a neighboring OCR block.
78,genus_scientific_conflicts_with_scientific_name,profile_candidate,plant-profile-002972,ヌカボタデ,Persiearia taquetii,タデ科,POLYGONACEAE,88,,日本の野生植物 第2巻,Persicaria,persiearia,The row's genus field should match the first word of the scientific name.,This usually means parser state leaked from a neighboring OCR block.
78,genus_scientific_conflicts_with_scientific_name,profile_candidate,plant-profile-001325,ヌマイチゴツナギ,Poa palustris,イネ科,POACEAE,157,313,日本の野生植物 第1巻,Phleum,poa,The row's genus field should match the first word of the scientific name.,This usually means parser state leaked from a neighboring OCR block.
78,genus_scientific_conflicts_with_scientific_name,profile_candidate,plant-profile-001375,ヌマガヤ,Molinfopsis japoniea,イネ科,POACEAE,163,,日本の野生植物 第1巻,Hakonechloa,molinfopsis,The row's genus field should match the first word of the scientific name.,This usually means parser state leaked from a neighboring OCR block.
78,genus_scientific_conflicts_with_scientific_name,profile_candidate,plant-profile-001118,ヌマガヤツリ,Cyperus glomeratus,カヤツリグサ科,CYPERACEAE,131,,日本の野生植物 第1巻,Cladium,cyperus,The row's genus field should match the first word of the scientific name.,This usually means parser state leaked from a neighboring OCR block.
78,genus_scientific_conflicts_with_scientific_name,profile_candidate,plant-profile-002730,ヌルデ,Rhus javanica,ウルシ科,ANACARDIACEAE,50,,日本の野生植物 第2巻,Choerospondias,rhus,The row's genus field should match the first word of the scientific name.,This usually means parser state leaked from a neighboring OCR block.
78,genus_scientific_conflicts_with_scientific_name,profile_candidate,plant-profile-002025,ネコノチチ,Rhamnella franguloides,クロウメモドキ科,RHAMNACEAE,249,,日本の野生植物 第1巻,Paliurus,rhamnella,The row's genus field should match the first word of the scientific name.,This usually means parser state leaked from a neighboring OCR block.
78,genus_scientific_conflicts_with_scientific_name,profile_candidate,plant-profile-001720,ネコノメソウ,Chrysosplenium grayanum,ユキノシタ科,SAXIFRAGACEAE,206,411,日本の野生植物 第1巻,Astilbe,chrysosplenium,The row's genus field should match the first word of the scientific name.,This usually means parser state leaked from a neighboring OCR block.
78,genus_scientific_conflicts_with_scientific_name,profile_candidate,plant-profile-004329,ネコヤマヒゴタイ,Saussurea modesta,キク科,ASTERACEAE,256,,日本の野生植物 第2巻,Hemisteptia,saussurea,The row's genus field should match the first word of the scientific name.,This usually means parser state leaked from a neighboring OCR block.
78,genus_scientific_conflicts_with_scientific_name,profile_candidate,plant-profile-003409,ネジキ,Lyonia ovalifolia,ツツジ科,ERICACEAE,141,,日本の野生植物 第2巻,Arctous,lyonia,The row's genus field should match the first word of the scientific name.,This usually means parser state leaked from a neighboring OCR block.
78,genus_scientific_conflicts_with_scientific_name,profile_candidate,plant-profile-000604,ネジバナ,Spiranthes sinensis,ラン科,ORCHIDACEAE,88,,日本の野生植物 第1巻,Sedirea,spiranthes,The row's genus field should match the first word of the scientific name.,This usually means parser state leaked from a neighboring OCR block.
78,genus_scientific_conflicts_with_scientific_name,profile_candidate,plant-profile-001360,ネズミガヤ,Muhlenbergia japonica,イネ科,POACEAE,161,321,日本の野生植物 第1巻,LepturusR,muhlenbergia,The row's genus field should match the first word of the scientific name.,This usually means parser state leaked from a neighboring OCR block.
78,genus_scientific_conflicts_with_scientific_name,profile_candidate,plant-profile-001369,ネズミノオ,Sporobolas fertills,イネ科,POACEAE,162,,日本の野生植物 第1巻,Sporobolus,sporobolas,The row's genus field should match the first word of the scientific name.,This usually means parser state leaked from a neighboring OCR block.
78,genus_scientific_conflicts_with_scientific_name,profile_candidate,plant-profile-002962,ネバリタデ,Persiearia viseofera,タデ科,POLYGONACEAE,87,,日本の野生植物 第2巻,Persicaria,persiearia,The row's genus field should match the first word of the scientific name.,This usually means parser state leaked from a neighboring OCR block.
78,genus_scientific_conflicts_with_scientific_name,profile_candidate,plant-profile-000320,ネバリノギラン,Aletris foliata,キンコウカ科,NARTHECIACEAE,56,,日本の野生植物 第1巻,Metanarthecium,aletris,The row's genus field should match the first word of the scientific name.,This usually means parser state leaked from a neighboring OCR block.
78,genus_scientific_conflicts_with_scientific_name,profile_candidate,plant-profile-004044,ネムロシオガマ,Pedieularis schistostegia,ハマウツボ科,OROBANCHACEAE,220,,日本の野生植物 第2巻,Pedicularis,pedieularis,The row's genus field should match the first word of the scientific name.,This usually means parser state leaked from a neighboring OCR block.
78,genus_scientific_conflicts_with_scientific_name,profile_candidate,plant-profile-002244,ノカイドウ,Malus spontanea,バラ科,ROSACEAE,274,547,日本の野生植物 第1巻,Laurocerasus,malus,The row's genus field should match the first word of the scientific name.,This usually means parser state leaked from a neighboring OCR block.
78,genus_scientific_conflicts_with_scientific_name,profile_candidate,plant-profile-001657,ノカラマツ,Thalietrum simplex,キンポウゲ科,RANUNCULACEAE,196,,日本の野生植物 第1巻,Thalictrum,thalietrum,The row's genus field should match the first word of the scientific name.,This usually means parser state leaked from a neighboring OCR block.
78,genus_scientific_conflicts_with_scientific_name,profile_candidate,plant-profile-000640,ノカンゾウ,Hemeroeallis fulva,ススキノキ科,XANTHORRHOEACEAE,93,,日本の野生植物 第1巻,Hemerocalls,hemeroeallis,The row's genus field should match the first word of the scientific name.,This usually means parser state leaked from a neighboring OCR block.
78,genus_scientific_conflicts_with_scientific_name,profile_candidate,plant-profile-001275,ノガリヤス,Calamagrostis brachytricha,イネ科,POACEAE,152,,日本の野生植物 第1巻,BromIs,calamagrostis,The row's genus field should match the first word of the scientific name.,This usually means parser state leaked from a neighboring OCR block.
78,genus_scientific_conflicts_with_scientific_name,profile_candidate,plant-profile-001976,ノハラクサフジ,Vicia amurensis,ハマビシ科,ZYGOPHYLLACEAE,242,,日本の野生植物 第1巻,Thermopsis,vicia,The row's genus field should match the first word of the scientific name.,This usually means parser state leaked from a neighboring OCR block.
78,genus_scientific_conflicts_with_scientific_name,profile_candidate,plant-profile-003050,ノハラツメクサ,Spergula arvensis,ナデシコ科,CARYOPHYLLACEAE,96,,日本の野生植物 第2巻,Silene,spergula,The row's genus field should match the first word of the scientific name.,This usually means parser state leaked from a neighboring OCR block.
78,genus_scientific_conflicts_with_scientific_name,profile_candidate,plant-profile-004159,ノブキ,Adenoeanlon himalaicum,キク科,ASTERACEAE,240,,日本の野生植物 第2巻,Adenocaulon,adenoeanlon,The row's genus field should match the first word of the scientific name.,This usually means parser state leaked from a neighboring OCR block.
78,genus_scientific_conflicts_with_scientific_name,profile_candidate,plant-profile-002715,ノボタン,Melastoma candidum,ノボタン科,MELASTOMATACEAE,48,,日本の野生植物 第2巻,Bredia,melastoma,The row's genus field should match the first word of the scientific name.,This usually means parser state leaked from a neighboring OCR block.
78,genus_scientific_conflicts_with_scientific_name,profile_candidate,plant-profile-000716,ノヤシ,Clinostigma savoryanum,ヤシ科,ARECACEAE,101,,日本の野生植物 第1巻,Arenga,clinostigma,The row's genus field should match the first word of the scientific name.,This usually means parser state leaked from a neighboring OCR block.
78,genus_scientific_conflicts_with_scientific_name,profile_candidate,plant-profile-002605,ハイオトギリ,Hyperieum kamtschaticum,オトギリソウ科,HYPERICACEAE,36,71,日本の野生植物 第2巻,Hypericum,hyperieum,The row's genus field should match the first word of the scientific name.,This usually means parser state leaked from a neighboring OCR block.
78,genus_scientific_conflicts_with_scientific_name,profile_candidate,plant-profile-001364,ハイシバ,Lepturus repens,イネ科,POACEAE,161,,日本の野生植物 第1巻,LepturusR,lepturus,The row's genus field should match the first word of the scientific name.,This usually means parser state leaked from a neighboring OCR block.
78,genus_scientific_conflicts_with_scientific_name,profile_candidate,plant-profile-001435,ハイヌメリグサ,Sacciolepis spieata,イネ科,POACEAE,172,,日本の野生植物 第1巻,Sacciolepls,sacciolepis,The row's genus field should match the first word of the scientific name.,This usually means parser state leaked from a neighboring OCR block.
78,genus_scientific_conflicts_with_scientific_name,profile_candidate,plant-profile-003726,ハイルリソウ,Nihon proliferum,ムラサキ科,BORAGINACEAE,178,,日本の野生植物 第2巻,Myosotis,nihon,The row's genus field should match the first word of the scientific name.,This usually means parser state leaked from a neighboring OCR block.
78,genus_scientific_conflicts_with_scientific_name,profile_candidate,plant-profile-001886,ハギカズラ,Galaetia tashiroi,ハマビシ科,ZYGOPHYLLACEAE,230,459,日本の野生植物 第1巻,Flemingia,galaetia,The row's genus field should match the first word of the scientific name.,This usually means parser state leaked from a neighboring OCR block.
78,genus_scientific_conflicts_with_scientific_name,profile_candidate,plant-profile-000532,ハクウンラン,Kuhlhasseltia nakaiana,ラン科,ORCHIDACEAE,81,161,日本の野生植物 第1巻,Herminium,kuhlhasseltia,The row's genus field should match the first word of the scientific name.,This usually means parser state leaked from a neighboring OCR block.
78,genus_scientific_conflicts_with_scientific_name,profile_candidate,plant-profile-001334,ハクサンイチゴツナギ,Poa hakusanensis,イネ科,POACEAE,157,,日本の野生植物 第1巻,Phleum,poa,The row's genus field should match the first word of the scientific name.,This usually means parser state leaked from a neighboring OCR block.
78,genus_scientific_conflicts_with_scientific_name,profile_candidate,plant-profile-003800,ハクサンオオバコ,Plantago hakusanensis,オオバコ科,PLANTAGINACEAE,188,,日本の野生植物 第2巻,Linaria,plantago,The row's genus field should match the first word of the scientific name.,This usually means parser state leaked from a neighboring OCR block.
78,genus_scientific_conflicts_with_scientific_name,profile_candidate,plant-profile-004861,ハクサンオミナエシ,Patrinia triloba,スイカズラ科,CAPRIFOLIACEAE,314,627,日本の野生植物 第2巻,Linnaea,patrinia,The row's genus field should match the first word of the scientific name.,This usually means parser state leaked from a neighboring OCR block.
78,genus_scientific_conflicts_with_scientific_name,profile_candidate,plant-profile-003244,ハクサンコザクラ,Primula cuneifolia,サクラソウ科,PRIMULACEAE,122,,日本の野生植物 第2巻,Lysimachia,primula,The row's genus field should match the first word of the scientific name.,This usually means parser state leaked from a neighboring OCR block.
78,genus_scientific_conflicts_with_scientific_name,profile_candidate,plant-profile-003333,ハクサンシャクナゲ,Rhododendron brachycarpum,ツツジ科,ERICACEAE,136,270,日本の野生植物 第2巻,Phyllodoce,rhododendron,The row's genus field should match the first word of the scientific name.,This usually means parser state leaked from a neighboring OCR block.
78,genus_scientific_conflicts_with_scientific_name,profile_candidate,plant-profile-002891,ハクセンナズナ,Maeropodium pterospermum,アブラナ科,BRASSICACEAE,76,,日本の野生植物 第2巻,Macropodium,maeropodium,The row's genus field should match the first word of the scientific name.,This usually means parser state leaked from a neighboring OCR block.
78,genus_scientific_conflicts_with_scientific_name,profile_candidate,plant-profile-003513,ハクチョウゲ,Serissa japonica,アカネ科,RUBIACEAE,152,,日本の野生植物 第2巻,Rubia,serissa,The row's genus field should match the first word of the scientific name.,This usually means parser state leaked from a neighboring OCR block.
78,genus_scientific_conflicts_with_scientific_name,profile_candidate,plant-profile-003348,ハコネコメツツジ,Rhododendron tsusiophyllum,ツツジ科,ERICACEAE,136,,日本の野生植物 第2巻,Phyllodoce,rhododendron,The row's genus field should match the first word of the scientific name.,This usually means parser state leaked from a neighboring OCR block.
78,genus_scientific_conflicts_with_scientific_name,profile_candidate,plant-profile-001605,ハコネシロカネソウ,Dichoearpum hakonense,キンポウゲ科,RANUNCULACEAE,191,,日本の野生植物 第1巻,Dichocarpum,dichoearpum,The row's genus field should match the first word of the scientific name.,This usually means parser state leaked from a neighboring OCR block.
78,genus_scientific_conflicts_with_scientific_name,profile_candidate,plant-profile-003681,ハゴロモイヌホオズキ,Solanum trilorum,ナス科,SOLANACEAE,172,,日本の野生植物 第2巻,Seopolia,solanum,The row's genus field should match the first word of the scientific name.,This usually means parser state leaked from a neighboring OCR block.
78,genus_scientific_conflicts_with_scientific_name,profile_candidate,plant-profile-000126,ハスノハギリ,Hernandia nymphaeifolia,ハスノハギリ科,HERNANDIACEAE,34,,日本の野生植物 第1巻,Hernandla,hernandia,The row's genus field should match the first word of the scientific name.,This usually means parser state leaked from a neighboring OCR block.
78,genus_scientific_conflicts_with_scientific_name,profile_candidate,plant-profile-002724,ハゼノキ,Toxicodendron succedaneum,ウルシ科,ANACARDIACEAE,50,99,日本の野生植物 第2巻,Schinus,toxicodendron,The row's genus field should match the first word of the scientific name.,This usually means parser state leaked from a neighboring OCR block.
78,genus_scientific_conflicts_with_scientific_name,profile_candidate,plant-profile-000819,ハタガヤ,Bulbostylis barbata,カヤツリグサ科,CYPERACEAE,113,,日本の野生植物 第1巻,Bulbostylls,bulbostylis,The row's genus field should match the first word of the scientific name.,This usually means parser state leaked from a neighboring OCR block.
78,genus_scientific_conflicts_with_scientific_name,profile_candidate,plant-profile-003698,ハダカホオズキ,Tuboeapsieum anomalum,ナス科,SOLANACEAE,173,,日本の野生植物 第2巻,Tubocapsicum,tuboeapsieum,The row's genus field should match the first word of the scientific name.,This usually means parser state leaked from a neighboring OCR block.
78,genus_scientific_conflicts_with_scientific_name,profile_candidate,plant-profile-001207,ハチク,Phyllostachys nigra,イネ科,POACEAE,145,288,日本の野生植物 第1巻,Plyllostaclys,phyllostachys,The row's genus field should match the first word of the scientific name.,This usually means parser state leaked from a neighboring OCR block.
78,genus_scientific_conflicts_with_scientific_name,profile_candidate,plant-profile-000953,ハチジョウカンスゲ,Cares hachitjoensis,カヤツリグサ科,CYPERACEAE,122,,日本の野生植物 第1巻,Carex,cares,The row's genus field should match the first word of the scientific name.,This usually means parser state leaked from a neighboring OCR block.
78,genus_scientific_conflicts_with_scientific_name,profile_candidate,plant-profile-002067,ハチジョウグワ,Morus kagayamae,アサ科,CANNABACEAE,255,,日本の野生植物 第1巻,Maclura,morus,The row's genus field should match the first word of the scientific name.,This usually means parser state leaked from a neighboring OCR block.
78,genus_scientific_conflicts_with_scientific_name,profile_candidate,plant-profile-000595,ハチジョウツレサギ,Platanthera okuboi,ラン科,ORCHIDACEAE,87,,日本の野生植物 第1巻,Peristylus,platanthera,The row's genus field should match the first word of the scientific name.,This usually means parser state leaked from a neighboring OCR block.
78,genus_scientific_conflicts_with_scientific_name,profile_candidate,plant-profile-004421,ハチジョウナ,Sonchus brachyotus,キク科,ASTERACEAE,264,,日本の野生植物 第2巻,Scorzonera,sonchus,The row's genus field should match the first word of the scientific name.,This usually means parser state leaked from a neighboring OCR block.
78,genus_scientific_conflicts_with_scientific_name,profile_candidate,plant-profile-004355,ハチノヘトウヒレン,Saussurea neichiana,キク科,ASTERACEAE,257,,日本の野生植物 第2巻,Hemisteptia,saussurea,The row's genus field should match the first word of the scientific name.,This usually means parser state leaked from a neighboring OCR block.
78,genus_scientific_conflicts_with_scientific_name,profile_candidate,plant-profile-003966,ハッカ,Mentha canadensis,シソ科,LAMIACEAE,210,,日本の野生植物 第2巻,Meehania,mentha,The row's genus field should match the first word of the scientific name.,This usually means parser state leaked from a neighboring OCR block.
78,genus_scientific_conflicts_with_scientific_name,profile_candidate,plant-profile-000573,ハツシマラン,Odontochilus hatusimanus,ラン科,ORCHIDACEAE,85,,日本の野生植物 第1巻,Oberonia,odontochilus,The row's genus field should match the first word of the scientific name.,This usually means parser state leaked from a neighboring OCR block.
78,genus_scientific_conflicts_with_scientific_name,profile_candidate,plant-profile-003464,ハテルマギリ,Guettarda speeiosa,アカネ科,RUBIACEAE,148,295,日本の野生植物 第2巻,Gardenia,guettarda,The row's genus field should match the first word of the scientific name.,This usually means parser state leaked from a neighboring OCR block.
78,genus_scientific_conflicts_with_scientific_name,profile_candidate,plant-profile-003544,ハナイカリ,Halenia corniculata,アカネ科,RUBIACEAE,156,,日本の野生植物 第2巻,Gentianopsis,halenia,The row's genus field should match the first word of the scientific name.,This usually means parser state leaked from a neighboring OCR block.
78,genus_scientific_conflicts_with_scientific_name,profile_candidate,plant-profile-002247,ハナカイドウ,Malus halliana,バラ科,ROSACEAE,274,,日本の野生植物 第1巻,Laurocerasus,malus,The row's genus field should match the first word of the scientific name.,This usually means parser state leaked from a neighboring OCR block.
78,genus_scientific_conflicts_with_scientific_name,profile_candidate,plant-profile-001525,ハナカズラ,Aconitum ciliare,キンポウゲ科,RANUNCULACEAE,184,,日本の野生植物 第1巻,Thalictrum,aconitum,The row's genus field should match the first word of the scientific name.,This usually means parser state leaked from a neighboring OCR block.
78,genus_scientific_conflicts_with_scientific_name,profile_candidate,plant-profile-002313,ハナガガシ,Quercus hondae,ブナ科,FAGACEAE,282,562,日本の野生植物 第1巻,Fagus,quercus,The row's genus field should match the first word of the scientific name.,This usually means parser state leaked from a neighboring OCR block.
78,genus_scientific_conflicts_with_scientific_name,profile_candidate,plant-profile-003465,ハナガサノキ,Gynochthodes umbellata,アカネ科,RUBIACEAE,148,295,日本の野生植物 第2巻,Gyuochthodes,gynochthodes,The row's genus field should match the first word of the scientific name.,This usually means parser state leaked from a neighboring OCR block.
78,genus_scientific_conflicts_with_scientific_name,profile_candidate,plant-profile-001838,ハナズオウ,Cereis chinensis,ハマビシ科,ZYGOPHYLLACEAE,223,,日本の野生植物 第1巻,Cercis,cereis,The row's genus field should match the first word of the scientific name.,This usually means parser state leaked from a neighboring OCR block.
78,genus_scientific_conflicts_with_scientific_name,profile_candidate,plant-profile-002968,ハナタデ,Persiearia posumbu,タデ科,POLYGONACEAE,88,174,日本の野生植物 第2巻,Persicaria,persiearia,The row's genus field should match the first word of the scientific name.,This usually means parser state leaked from a neighboring OCR block.
78,genus_scientific_conflicts_with_scientific_name,profile_candidate,plant-profile-002875,ハナハタザオ,Dontostemon dentatus,アブラナ科,BRASSICACEAE,74,,日本の野生植物 第2巻,Deseurainia,dontostemon,The row's genus field should match the first word of the scientific name.,This usually means parser state leaked from a neighboring OCR block.
78,genus_scientific_conflicts_with_scientific_name,profile_candidate,plant-profile-004854,ハナヒョウタンボク,Lonicera maackii,スイカズラ科,CAPRIFOLIACEAE,313,,日本の野生植物 第2巻,Linnaea,lonicera,The row's genus field should match the first word of the scientific name.,This usually means parser state leaked from a neighboring OCR block.
78,genus_scientific_conflicts_with_scientific_name,profile_candidate,plant-profile-003403,ハナヒリノキ,Leucothoe grayana,ツツジ科,ERICACEAE,140,279,日本の野生植物 第2巻,Arctous,leucothoe,The row's genus field should match the first word of the scientific name.,This usually means parser state leaked from a neighboring OCR block.
78,genus_scientific_conflicts_with_scientific_name,profile_candidate,plant-profile-000801,ハナビゼキショウ,Juneus alatus,イグサ科,JUNCACEAE,110,,日本の野生植物 第1巻,Juncus,juneus,The row's genus field should match the first word of the scientific name.,This usually means parser state leaked from a neighboring OCR block.
78,genus_scientific_conflicts_with_scientific_name,profile_candidate,plant-profile-001239,ハネガヤ,Achnatherum pekinense,イネ科,POACEAE,148,,日本の野生植物 第1巻,Chikusichloa,achnatherum,The row's genus field should match the first word of the scientific name.,This usually means parser state leaked from a neighboring OCR block.
78,genus_scientific_conflicts_with_scientific_name,profile_candidate,plant-profile-004634,ハハコグサ,Pseudognaphalium affine,キク科,ASTERACEAE,287,,日本の野生植物 第2巻,Leontopodium,pseudognaphalium,The row's genus field should match the first word of the scientific name.,This usually means parser state leaked from a neighboring OCR block.
78,genus_scientific_conflicts_with_scientific_name,profile_candidate,plant-profile-002062,ハマイヌビワ,Ficus virgata,アサ科,CANNABACEAE,254,,日本の野生植物 第1巻,Fieus,ficus,The row's genus field should match the first word of the scientific name.,This usually means parser state leaked from a neighboring OCR block.
78,genus_scientific_conflicts_with_scientific_name,profile_candidate,plant-profile-002892,ハマガラシ,Lepidium englerianum,アブラナ科,BRASSICACEAE,76,,日本の野生植物 第2巻,Isatis,lepidium,The row's genus field should match the first word of the scientific name.,This usually means parser state leaked from a neighboring OCR block.
78,genus_scientific_conflicts_with_scientific_name,profile_candidate,plant-profile-003823,ハマクワガタ,Veronica javanica,オオバコ科,PLANTAGINACEAE,190,,日本の野生植物 第2巻,Linaria,veronica,The row's genus field should match the first word of the scientific name.,This usually means parser state leaked from a neighboring OCR block.
78,genus_scientific_conflicts_with_scientific_name,profile_candidate,plant-profile-003883,ハマゴウ,Vitex rotundifolia,シソ科,LAMIACEAE,199,,日本の野生植物 第2巻,Premna,vitex,The row's genus field should match the first word of the scientific name.,This usually means parser state leaked from a neighboring OCR block.
78,genus_scientific_conflicts_with_scientific_name,profile_candidate,plant-profile-003837,ハマジンチョウ,Pentacoelium bontioides,ゴマノハグサ科,SCROPHULARIACEAE,192,,日本の野生植物 第2巻,Myoporum,pentacoelium,The row's genus field should match the first word of the scientific name.,This usually means parser state leaked from a neighboring OCR block.
78,genus_scientific_conflicts_with_scientific_name,profile_candidate,plant-profile-001119,ハマスゲ,Cyperus rotundus,カヤツリグサ科,CYPERACEAE,131,,日本の野生植物 第1巻,Cladium,cyperus,The row's genus field should match the first word of the scientific name.,This usually means parser state leaked from a neighboring OCR block.
78,genus_scientific_conflicts_with_scientific_name,profile_candidate,plant-profile-002780,ハマセンダン,Tetradium glabrifolium,ミカン科,RUTACEAE,57,112,日本の野生植物 第2巻,Skimmia,tetradium,The row's genus field should match the first word of the scientific name.,This usually means parser state leaked from a neighboring OCR block.
78,genus_scientific_conflicts_with_scientific_name,profile_candidate,plant-profile-003618,ハマネナシカズラ,Cuseuta chinensis,キョウチクトウ科,APOCYNACEAE,165,329,日本の野生植物 第2巻,Cuscuta,cuseuta,The row's genus field should match the first word of the scientific name.,This usually means parser state leaked from a neighboring OCR block.
78,genus_scientific_conflicts_with_scientific_name,profile_candidate,plant-profile-004784,ハマボウフウ,Glehnia littoralis,セリ科,APIACEAE,304,,日本の野生植物 第2巻,Dystaenia,glehnia,The row's genus field should match the first word of the scientific name.,This usually means parser state leaked from a neighboring OCR block.
78,genus_scientific_conflicts_with_scientific_name,profile_candidate,plant-profile-004855,ハヤザキヒョウタンボク,Lonicera praeflorens,スイカズラ科,CAPRIFOLIACEAE,313,,日本の野生植物 第2巻,Linnaea,lonicera,The row's genus field should match the first word of the scientific name.,This usually means parser state leaked from a neighboring OCR block.
78,genus_scientific_conflicts_with_scientific_name,profile_candidate,plant-profile-004485,ハヤチネコウモリ,Parasenecio hayachinensis,キク科,ASTERACEAE,272,,日本の野生植物 第2巻,Nemnosenecio,parasenecio,The row's genus field should match the first word of the scientific name.,This usually means parser state leaked from a neighboring OCR block.
78,genus_scientific_conflicts_with_scientific_name,profile_candidate,plant-profile-003406,ハリガネカズラ,Gaultheria japonica,ツツジ科,ERICACEAE,140,,日本の野生植物 第2巻,Arctous,gaultheria,The row's genus field should match the first word of the scientific name.,This usually means parser state leaked from a neighboring OCR block.
78,genus_scientific_conflicts_with_scientific_name,profile_candidate,plant-profile-003699,ハリナスビ,Solanum sisymbrifolium,ナス科,SOLANACEAE,173,,日本の野生植物 第2巻,Seopolia,solanum,The row's genus field should match the first word of the scientific name.,This usually means parser state leaked from a neighboring OCR block.
78,genus_scientific_conflicts_with_scientific_name,profile_candidate,plant-profile-003519,ハリフタバ,Spermacoce artieularis,アカネ科,RUBIACEAE,153,,日本の野生植物 第2巻,Spermnacoce,spermacoce,The row's genus field should match the first word of the scientific name.,This usually means parser state leaked from a neighboring OCR block.
78,genus_scientific_conflicts_with_scientific_name,profile_candidate,plant-profile-004742,ハリブキ,Oplopanax japonicus,ウコギ科,ARALIACEAE,299,,日本の野生植物 第2巻,Hydrocotyle,oplopanax,The row's genus field should match the first word of the scientific name.,This usually means parser state leaked from a neighboring OCR block.
78,genus_scientific_conflicts_with_scientific_name,profile_candidate,plant-profile-000692,ハルナユキザサ,Maianthemum robustum,クサスギカズラ科,ASPARAGACEAE,99,196,日本の野生植物 第1巻,Maianthemu,maianthemum,The row's genus field should match the first word of the scientific name.,This usually means parser state leaked from a neighboring OCR block.
78,genus_scientific_conflicts_with_scientific_name,profile_candidate,plant-profile-002032,ハルニレ,Ulmus davidiana,ニレ科,ULMACEAE,250,,日本の野生植物 第1巻,Zelkova,ulmus,The row's genus field should match the first word of the scientific name.,This usually means parser state leaked from a neighboring OCR block.
78,genus_scientific_conflicts_with_scientific_name,profile_candidate,plant-profile-003533,ハルリンドウ,Gentiana thunbergii,アカネ科,RUBIACEAE,155,,日本の野生植物 第2巻,Swertia,gentiana,The row's genus field should match the first word of the scientific name.,This usually means parser state leaked from a neighboring OCR block.
78,genus_scientific_conflicts_with_scientific_name,profile_candidate,plant-profile-004045,ハンカイシオガマ,Pedieularis gloriosa,ハマウツボ科,OROBANCHACEAE,220,,日本の野生植物 第2巻,Pedicularis,pedieularis,The row's genus field should match the first word of the scientific name.,This usually means parser state leaked from a neighboring OCR block.
78,genus_scientific_conflicts_with_scientific_name,profile_candidate,plant-profile-004492,ハンゴンソウ,Senecio cannabifolius,キク科,ASTERACEAE,273,545,日本の野生植物 第2巻,Nemnosenecio,senecio,The row's genus field should match the first word of the scientific name.,This usually means parser state leaked from a neighboring OCR block.
78,genus_scientific_conflicts_with_scientific_name,profile_candidate,plant-profile-003376,バイカツツジ,Rhododendron semibarbatum,ツツジ科,ERICACEAE,138,274,日本の野生植物 第2巻,Phyllodoce,rhododendron,The row's genus field should match the first word of the scientific name.,This usually means parser state leaked from a neighboring OCR block.
78,genus_scientific_conflicts_with_scientific_name,profile_candidate,plant-profile-000374,バイケイソウ,Veratrum album,シュロソウ科,MELANTHIACEAE,63,,日本の野生植物 第1巻,Paris,veratrum,The row's genus field should match the first word of the scientific name.,This usually means parser state leaked from a neighboring OCR block.
78,genus_scientific_conflicts_with_scientific_name,profile_candidate,plant-profile-003564,バシクルモン,Apoeynum venetum,キョウチクトウ科,APOCYNACEAE,159,,日本の野生植物 第2巻,Apocyuum,apoeynum,The row's genus field should match the first word of the scientific name.,This usually means parser state leaked from a neighboring OCR block.
78,genus_scientific_conflicts_with_scientific_name,profile_candidate,plant-profile-004653,ヒイラギギク,Pluchea indica,キク科,ASTERACEAE,289,,日本の野生植物 第2巻,Imula,pluchea,The row's genus field should match the first word of the scientific name.,This usually means parser state leaked from a neighboring OCR block.
78,genus_scientific_conflicts_with_scientific_name,profile_candidate,plant-profile-003884,ヒイラギソウ,Ajuga incisa,シソ科,LAMIACEAE,199,,日本の野生植物 第2巻,Premna,ajuga,The row's genus field should match the first word of the scientific name.,This usually means parser state leaked from a neighboring OCR block.
78,genus_scientific_conflicts_with_scientific_name,profile_candidate,plant-profile-003329,ヒカゲツツジ,Rhododendron keiskei,ツツジ科,ERICACEAE,135,,日本の野生植物 第2巻,Phyllodoce,rhododendron,The row's genus field should match the first word of the scientific name.,This usually means parser state leaked from a neighboring OCR block.
78,genus_scientific_conflicts_with_scientific_name,profile_candidate,plant-profile-002093,ヒカゲミズ,Parietaria mierantha,イラクサ科,URTICACEAE,258,,日本の野生植物 第1巻,Oreocnide,parietaria,The row's genus field should match the first word of the scientific name.,This usually means parser state leaked from a neighboring OCR block.
78,genus_scientific_conflicts_with_scientific_name,profile_candidate,plant-profile-001619,ヒキノカサ,Ranunculus extorris,キンポウゲ科,RANUNCULACEAE,193,,日本の野生植物 第1巻,Pulsatilla,ranunculus,The row's genus field should match the first word of the scientific name.,This usually means parser state leaked from a neighboring OCR block.
78,genus_scientific_conflicts_with_scientific_name,profile_candidate,plant-profile-001344,ヒゲナガコメススキ,Piilagrostis alpina,イネ科,POACEAE,158,,日本の野生植物 第1巻,Polypogon,piilagrostis,The row's genus field should match the first word of the scientific name.,This usually means parser state leaked from a neighboring OCR block.
78,genus_scientific_conflicts_with_scientific_name,profile_candidate,plant-profile-001260,ヒゲナガスズメノチャヒキ,Bromus diandrus,イネ科,POACEAE,151,300,日本の野生植物 第1巻,BromIs,bromus,The row's genus field should match the first word of the scientific name.,This usually means parser state leaked from a neighboring OCR block.
78,genus_scientific_conflicts_with_scientific_name,profile_candidate,plant-profile-001269,ヒゲノガリヤス,Calamagrostis longiseta,イネ科,POACEAE,152,302,日本の野生植物 第1巻,BromIs,calamagrostis,The row's genus field should match the first word of the scientific name.,This usually means parser state leaked from a neighboring OCR block.
78,genus_scientific_conflicts_with_scientific_name,profile_candidate,plant-profile-003259,ヒコサンヒメシャラ,Stewartia serrata,ツバキ科,THEACEAE,124,,日本の野生植物 第2巻,Pyrenaria,stewartia,The row's genus field should match the first word of the scientific name.,This usually means parser state leaked from a neighboring OCR block.
78,genus_scientific_conflicts_with_scientific_name,profile_candidate,plant-profile-002670,ヒシ,Trapa jeholensis,ミソハギ科,LYTHRACEAE,42,,日本の野生植物 第2巻,Souneratia,trapa,The row's genus field should match the first word of the scientific name.,This usually means parser state leaked from a neighboring OCR block.
78,genus_scientific_conflicts_with_scientific_name,profile_candidate,plant-profile-003797,ヒシモドキ,Trapella sinensis,オオバコ科,PLANTAGINACEAE,188,375,日本の野生植物 第2巻,Linaria,trapella,The row's genus field should match the first word of the scientific name.,This usually means parser state leaked from a neighboring OCR block.
78,genus_scientific_conflicts_with_scientific_name,profile_candidate,plant-profile-003438,ヒジハリノキ,Benkara sinensis,アカネ科,RUBIACEAE,145,,日本の野生植物 第2巻,Argostemmna,benkara,The row's genus field should match the first word of the scientific name.,This usually means parser state leaked from a neighboring OCR block.
78,genus_scientific_conflicts_with_scientific_name,profile_candidate,plant-profile-003245,ヒダカイワザクラ,Primula hidakana,サクラソウ科,PRIMULACEAE,122,,日本の野生植物 第2巻,Lysimachia,primula,The row's genus field should match the first word of the scientific name.,This usually means parser state leaked from a neighboring OCR block.
78,genus_scientific_conflicts_with_scientific_name,profile_candidate,plant-profile-001526,ヒダカレイジンソウ,Aconitum tatewakii,キンポウゲ科,RANUNCULACEAE,184,,日本の野生植物 第1巻,Thalictrum,aconitum,The row's genus field should match the first word of the scientific name.,This usually means parser state leaked from a neighboring OCR block.
78,genus_scientific_conflicts_with_scientific_name,profile_candidate,plant-profile-000588,ヒトツバキソチドリ,Platanthera ophrydioides,ラン科,ORCHIDACEAE,87,173,日本の野生植物 第1巻,Peristylus,platanthera,The row's genus field should match the first word of the scientific name.,This usually means parser state leaked from a neighboring OCR block.
78,genus_scientific_conflicts_with_scientific_name,profile_candidate,plant-profile-003732,ヒトツバタゴ,Chionanthus retusus,モクセイ科,OLEACEAE,179,,日本の野生植物 第2巻,Syringa,chionanthus,The row's genus field should match the first word of the scientific name.,This usually means parser state leaked from a neighboring OCR block.
78,genus_scientific_conflicts_with_scientific_name,profile_candidate,plant-profile-001120,ヒナガヤツリ,Cyperus faecidus,カヤツリグサ科,CYPERACEAE,131,,日本の野生植物 第1巻,Cladium,cyperus,The row's genus field should match the first word of the scientific name.,This usually means parser state leaked from a neighboring OCR block.
78,genus_scientific_conflicts_with_scientific_name,profile_candidate,plant-profile-003236,ヒナザクラ,Primula nipponica,サクラソウ科,PRIMULACEAE,122,243,日本の野生植物 第2巻,Lysimachia,primula,The row's genus field should match the first word of the scientific name.,This usually means parser state leaked from a neighboring OCR block.
78,genus_scientific_conflicts_with_scientific_name,profile_candidate,plant-profile-000605,ヒナチドリ,Ponerorehis chidori,ラン科,ORCHIDACEAE,88,,日本の野生植物 第1巻,Ponerorchis,ponerorehis,The row's genus field should match the first word of the scientific name.,This usually means parser state leaked from a neighboring OCR block.
78,genus_scientific_conflicts_with_scientific_name,profile_candidate,plant-profile-000322,ヒナノボンボリ,Saionia hyodol,タヌキノショクダイ科,THISMIACEAE,57,113,日本の野生植物 第1巻,Thismia,saionia,The row's genus field should match the first word of the scientific name.,This usually means parser state leaked from a neighboring OCR block.
78,genus_scientific_conflicts_with_scientific_name,profile_candidate,plant-profile-000435,ヒナラン,Amitostigma gracile,ラン科,ORCHIDACEAE,71,140,日本の野生植物 第1巻,Amitostigmna,amitostigma,The row's genus field should match the first word of the scientific name.,This usually means parser state leaked from a neighboring OCR block.
78,genus_scientific_conflicts_with_scientific_name,profile_candidate,plant-profile-003534,ヒナリンドウ,Gentiana aguatiea,アカネ科,RUBIACEAE,155,,日本の野生植物 第2巻,Swertia,gentiana,The row's genus field should match the first word of the scientific name.,This usually means parser state leaked from a neighboring OCR block.
78,genus_scientific_conflicts_with_scientific_name,profile_candidate,plant-profile-002914,ヒノキバヤドリギ,Korthalsella japoniea,ビャクダン科,SANTALACEAE,80,,日本の野生植物 第2巻,Santalum,korthalsella,The row's genus field should match the first word of the scientific name.,This usually means parser state leaked from a neighboring OCR block.
78,genus_scientific_conflicts_with_scientific_name,profile_candidate,plant-profile-001121,ヒメアオガヤツリ,Cyperus extremiorientalis,カヤツリグサ科,CYPERACEAE,131,,日本の野生植物 第1巻,Cladium,cyperus,The row's genus field should match the first word of the scientific name.,This usually means parser state leaked from a neighboring OCR block.
78,genus_scientific_conflicts_with_scientific_name,profile_candidate,plant-profile-001390,ヒメアブラススキ,Capilipedium parvinorum,イネ科,POACEAE,165,,日本の野生植物 第1巻,Bothriochloa,capilipedium,The row's genus field should match the first word of the scientific name.,This usually means parser state leaked from a neighboring OCR block.
78,genus_scientific_conflicts_with_scientific_name,profile_candidate,plant-profile-000402,ヒメアマナ,Gagea japoniea,ユリ科,LILIACEAE,66,,日本の野生植物 第1巻,Fritillaria,gagea,The row's genus field should match the first word of the scientific name.,This usually means parser state leaked from a neighboring OCR block.
78,genus_scientific_conflicts_with_scientific_name,profile_candidate,plant-profile-003330,ヒメイソツツジ,Rhododendron subareticum,ツツジ科,ERICACEAE,135,,日本の野生植物 第2巻,Phyllodoce,rhododendron,The row's genus field should match the first word of the scientific name.,This usually means parser state leaked from a neighboring OCR block.
78,genus_scientific_conflicts_with_scientific_name,profile_candidate,plant-profile-003290,ヒメイワカガミ,Schizoeodon ilicifolius,イワウメ科,DIAPENSIACEAE,127,,日本の野生植物 第2巻,Schizocodon,schizoeodon,The row's genus field should match the first word of the scientific name.,This usually means parser state leaked from a neighboring OCR block.
78,genus_scientific_conflicts_with_scientific_name,profile_candidate,plant-profile-000221,ヒメウキクサ,Landoltia punctata,サトイモ科,ARACEAE,44,,日本の野生植物 第1巻,Landottia,landoltia,The row's genus field should match the first word of the scientific name.,This usually means parser state leaked from a neighboring OCR block.
78,genus_scientific_conflicts_with_scientific_name,profile_candidate,plant-profile-001640,ヒメウマノアシガタ,Ranunculus yakushimensis,キンポウゲ科,RANUNCULACEAE,194,,日本の野生植物 第1巻,Pulsatilla,ranunculus,The row's genus field should match the first word of the scientific name.,This usually means parser state leaked from a neighboring OCR block.
78,genus_scientific_conflicts_with_scientific_name,profile_candidate,plant-profile-003938,ヒメオドリコソウ,Lamium purpureum,シソ科,LAMIACEAE,206,,日本の野生植物 第2巻,Suzukia,lamium,The row's genus field should match the first word of the scientific name.,This usually means parser state leaked from a neighboring OCR block.
78,genus_scientific_conflicts_with_scientific_name,profile_candidate,plant-profile-000381,ヒメカカラ,Smilas bilora,サルトリイバラ科,SMILACACEAE,64,127,日本の野生植物 第1巻,Smilax,smilas,The row's genus field should match the first word of the scientific name.,This usually means parser state leaked from a neighboring OCR block.
78,genus_scientific_conflicts_with_scientific_name,profile_candidate,plant-profile-000756,ヒメガマ,Typha domingensis,ガマ科,TYPHACEAE,106,,日本の野生植物 第1巻,Sparganium,typha,The row's genus field should match the first word of the scientific name.,This usually means parser state leaked from a neighboring OCR block.
78,genus_scientific_conflicts_with_scientific_name,profile_candidate,plant-profile-003928,ヒメキセワタ,Matsumurella tuberifera,シソ科,LAMIACEAE,205,409,日本の野生植物 第2巻,Suzukia,matsumurella,The row's genus field should match the first word of the scientific name.,This usually means parser state leaked from a neighboring OCR block.
78,genus_scientific_conflicts_with_scientific_name,profile_candidate,plant-profile-001786,ヒメキリンソウ,Phedimnus sikokianus,ベンケイソウ科,CRASSULACEAE,213,,日本の野生植物 第1巻,Kalanchoe,phedimnus,The row's genus field should match the first word of the scientific name.,This usually means parser state leaked from a neighboring OCR block.
78,genus_scientific_conflicts_with_scientific_name,profile_candidate,plant-profile-002113,ヒメキンミズヒキ,Agrimonia nipponica,バラ科,ROSACEAE,261,,日本の野生植物 第1巻,Agrimona,agrimonia,The row's genus field should match the first word of the scientific name.,This usually means parser state leaked from a neighboring OCR block.
78,genus_scientific_conflicts_with_scientific_name,profile_candidate,plant-profile-001095,ヒメクグ,Cyperus brevifolius,カヤツリグサ科,CYPERACEAE,130,,日本の野生植物 第1巻,Cladium,cyperus,The row's genus field should match the first word of the scientific name.,This usually means parser state leaked from a neighboring OCR block.
78,genus_scientific_conflicts_with_scientific_name,profile_candidate,plant-profile-003803,ヒメクワガタ,Veroniea nipponiea,オオバコ科,PLANTAGINACEAE,189,,日本の野生植物 第2巻,Linaria,veroniea,The row's genus field should match the first word of the scientific name.,This usually means parser state leaked from a neighboring OCR block.
78,genus_scientific_conflicts_with_scientific_name,profile_candidate,plant-profile-000781,ヒメコウガイゼキショウ,Juneus bufonius,イグサ科,JUNCACEAE,109,,日本の野生植物 第1巻,Juncus,juneus,The row's genus field should match the first word of the scientific name.,This usually means parser state leaked from a neighboring OCR block.
78,genus_scientific_conflicts_with_scientific_name,profile_candidate,plant-profile-003246,ヒメコザクラ,Primula maerocarpa,サクラソウ科,PRIMULACEAE,122,,日本の野生植物 第2巻,Lysimachia,primula,The row's genus field should match the first word of the scientific name.,This usually means parser state leaked from a neighboring OCR block.
78,genus_scientific_conflicts_with_scientific_name,profile_candidate,plant-profile-000227,ヒメザゼンソウ,Symploearpus nipponicus,サトイモ科,ARACEAE,45,89,日本の野生植物 第1巻,Syunplocarpus,symploearpus,The row's genus field should match the first word of the scientific name.,This usually means parser state leaked from a neighboring OCR block.
78,genus_scientific_conflicts_with_scientific_name,profile_candidate,plant-profile-003399,ヒメシャクナゲ,Andromeda polifolia,ツツジ科,ERICACEAE,139,,日本の野生植物 第2巻,Arctous,andromeda,The row's genus field should match the first word of the scientific name.,This usually means parser state leaked from a neighboring OCR block.
78,genus_scientific_conflicts_with_scientific_name,profile_candidate,plant-profile-003260,ヒメシャラ,Stewartia monadelpha,ツバキ科,THEACEAE,124,,日本の野生植物 第2巻,Pyrenaria,stewartia,The row's genus field should match the first word of the scientific name.,This usually means parser state leaked from a neighboring OCR block.
78,genus_scientific_conflicts_with_scientific_name,profile_candidate,plant-profile-003967,ヒメシロネ,Lycopus maackianus,シソ科,LAMIACEAE,210,,日本の野生植物 第2巻,Dracocephalum,lycopus,The row's genus field should match the first word of the scientific name.,This usually means parser state leaked from a neighboring OCR block.
78,genus_scientific_conflicts_with_scientific_name,profile_candidate,plant-profile-003670,ヒメセンナリホオズキ,Physalis pubescens,ナス科,SOLANACEAE,171,,日本の野生植物 第2巻,Pliysalis,physalis,The row's genus field should match the first word of the scientific name.,This usually means parser state leaked from a neighboring OCR block.
78,genus_scientific_conflicts_with_scientific_name,profile_candidate,plant-profile-004682,ヒメセンニチモドキ,Aemella uliginosa,キク科,ASTERACEAE,292,,日本の野生植物 第2巻,Acmella,aemella,The row's genus field should match the first word of the scientific name.,This usually means parser state leaked from a neighboring OCR block.
78,genus_scientific_conflicts_with_scientific_name,profile_candidate,plant-profile-000318,ヒメソクシンラン,Aletris scopulorum,キンコウカ科,NARTHECIACEAE,56,111,日本の野生植物 第1巻,Metanarthecium,aletris,The row's genus field should match the first word of the scientific name.,This usually means parser state leaked from a neighboring OCR block.
78,genus_scientific_conflicts_with_scientific_name,profile_candidate,plant-profile-002973,ヒメタデ,Persiearia ereetominor,タデ科,POLYGONACEAE,88,,日本の野生植物 第2巻,Persicaria,persiearia,The row's genus field should match the first word of the scientific name.,This usually means parser state leaked from a neighboring OCR block.
78,genus_scientific_conflicts_with_scientific_name,profile_candidate,plant-profile-004062,ヒメタヌキモ,Uticularia minor,タヌキモ科,LENTIBULARIACEAE,222,,日本の野生植物 第2巻,Utricularia,uticularia,The row's genus field should match the first word of the scientific name.,This usually means parser state leaked from a neighboring OCR block.
78,genus_scientific_conflicts_with_scientific_name,profile_candidate,plant-profile-001394,ヒメチゴザサ,Cyrtocoeeum patens,イネ科,POACEAE,166,,日本の野生植物 第1巻,Cyrtococeum,cyrtocoeeum,The row's genus field should match the first word of the scientific name.,This usually means parser state leaked from a neighboring OCR block.
78,genus_scientific_conflicts_with_scientific_name,profile_candidate,plant-profile-004627,ヒメチチコグサ,Guaphalium uliginosum,キク科,ASTERACEAE,286,,日本の野生植物 第2巻,Gnaphalium,guaphalium,The row's genus field should match the first word of the scientific name.,This usually means parser state leaked from a neighboring OCR block.
78,genus_scientific_conflicts_with_scientific_name,profile_candidate,plant-profile-001748,ヒメチャルメルソウ,Mitella doiana,ユキノシタ科,SAXIFRAGACEAE,208,,日本の野生植物 第1巻,Astilbe,mitella,The row's genus field should match the first word of the scientific name.,This usually means parser state leaked from a neighboring OCR block.
78,genus_scientific_conflicts_with_scientific_name,profile_candidate,plant-profile-003664,ヒメツクバネアサガオ,Petunia parvillora,ナス科,SOLANACEAE,170,,日本の野生植物 第2巻,Pefunia,petunia,The row's genus field should match the first word of the scientific name.,This usually means parser state leaked from a neighboring OCR block.
78,genus_scientific_conflicts_with_scientific_name,profile_candidate,plant-profile-001683,ヒメツゲ,Buxus mierophylla,ツゲ科,BUXACEAE,200,398,日本の野生植物 第1巻,Pachysandra,buxus,The row's genus field should match the first word of the scientific name.,This usually means parser state leaked from a neighboring OCR block.
78,genus_scientific_conflicts_with_scientific_name,profile_candidate,plant-profile-001981,ヒメツルアズキ,Vigna minima,ハマビシ科,ZYGOPHYLLACEAE,243,,日本の野生植物 第1巻,Thermopsis,vigna,The row's genus field should match the first word of the scientific name.,This usually means parser state leaked from a neighboring OCR block.
78,genus_scientific_conflicts_with_scientific_name,profile_candidate,plant-profile-000356,ヒメツルアダン,Freyeinetia williamsi,タコノキ科,PANDANACEAE,61,120,日本の野生植物 第1巻,Freycinetia,freyeinetia,The row's genus field should match the first word of the scientific name.,This usually means parser state leaked from a neighboring OCR block.
78,genus_scientific_conflicts_with_scientific_name,profile_candidate,plant-profile-003419,ヒメツルコケモモ,Vaecinium microearpum,ツツジ科,ERICACEAE,142,283,日本の野生植物 第2巻,Vaccinium,vaecinium,The row's genus field should match the first word of the scientific name.,This usually means parser state leaked from a neighboring OCR block.
78,genus_scientific_conflicts_with_scientific_name,profile_candidate,plant-profile-000606,ヒメトケンラン,Tainia laxiflora,ラン科,ORCHIDACEAE,89,176,日本の野生植物 第1巻,Taenioplyllum,tainia,The row's genus field should match the first word of the scientific name.,This usually means parser state leaked from a neighboring OCR block.
78,genus_scientific_conflicts_with_scientific_name,profile_candidate,plant-profile-003559,ヒメナエ,Mitrasaeme indiea,マチン科,LOGANIACEAE,158,,日本の野生植物 第2巻,Geniostoma,mitrasaeme,The row's genus field should match the first word of the scientific name.,This usually means parser state leaked from a neighboring OCR block.
78,genus_scientific_conflicts_with_scientific_name,profile_candidate,plant-profile-001270,ヒメノガリヤス,Calamagrostis hakonensis,イネ科,POACEAE,152,302,日本の野生植物 第1巻,BromIs,calamagrostis,The row's genus field should match the first word of the scientific name.,This usually means parser state leaked from a neighboring OCR block.
78,genus_scientific_conflicts_with_scientific_name,profile_candidate,plant-profile-002717,ヒメノボタン,Osbeekia chinensis,ノボタン科,MELASTOMATACEAE,48,,日本の野生植物 第2巻,Osbeckia,osbeekia,The row's genus field should match the first word of the scientific name.,This usually means parser state leaked from a neighboring OCR block.
78,genus_scientific_conflicts_with_scientific_name,profile_candidate,plant-profile-000535,ヒメノヤガラ,Hetaeria shikokiana,ラン科,ORCHIDACEAE,81,,日本の野生植物 第1巻,Herminium,hetaeria,The row's genus field should match the first word of the scientific name.,This usually means parser state leaked from a neighboring OCR block.
78,genus_scientific_conflicts_with_scientific_name,profile_candidate,plant-profile-003968,ヒメハッカ,Mentha japonica,シソ科,LAMIACEAE,210,,日本の野生植物 第2巻,Meehania,mentha,The row's genus field should match the first word of the scientific name.,This usually means parser state leaked from a neighboring OCR block.
78,genus_scientific_conflicts_with_scientific_name,profile_candidate,plant-profile-001620,ヒメバイカモ,Ranuneulus kadzusensis,キンポウゲ科,RANUNCULACEAE,193,,日本の野生植物 第1巻,Pulsatilla,ranuneulus,The row's genus field should match the first word of the scientific name.,This usually means parser state leaked from a neighboring OCR block.
78,genus_scientific_conflicts_with_scientific_name,profile_candidate,plant-profile-000626,ヒメヒオウギズイセン,Crocosmia xerocosmiflora,アヤメ科,IRIDACEAE,91,,日本の野生植物 第1巻,Crocosmnia,crocosmia,The row's genus field should match the first word of the scientific name.,This usually means parser state leaked from a neighboring OCR block.
78,genus_scientific_conflicts_with_scientific_name,profile_candidate,plant-profile-002672,ヒメビシ,Trapa incisa,ミソハギ科,LYTHRACEAE,42,,日本の野生植物 第2巻,Souneratia,trapa,The row's genus field should match the first word of the scientific name.,This usually means parser state leaked from a neighboring OCR block.
78,genus_scientific_conflicts_with_scientific_name,profile_candidate,plant-profile-001122,ヒメホウキガヤツリ,Cyperus nutans,カヤツリグサ科,CYPERACEAE,131,,日本の野生植物 第1巻,Cladium,cyperus,The row's genus field should match the first word of the scientific name.,This usually means parser state leaked from a neighboring OCR block.
78,genus_scientific_conflicts_with_scientific_name,profile_candidate,plant-profile-000698,ヒメマイヅルソウ,Malanthemum bifolium,クサスギカズラ科,ASPARAGACEAE,99,,日本の野生植物 第1巻,Maianthemu,malanthemum,The row's genus field should match the first word of the scientific name.,This usually means parser state leaked from a neighboring OCR block.
78,genus_scientific_conflicts_with_scientific_name,profile_candidate,plant-profile-004063,ヒメミミカキグサ,Utrieularia minutissima,タヌキモ科,LENTIBULARIACEAE,222,,日本の野生植物 第2巻,Utricularia,utrieularia,The row's genus field should match the first word of the scientific name.,This usually means parser state leaked from a neighboring OCR block.
78,genus_scientific_conflicts_with_scientific_name,profile_candidate,plant-profile-000488,ヒメヤツシロラン,Didymoplexis mieradenia,ラン科,ORCHIDACEAE,76,,日本の野生植物 第1巻,Didymoplexiella,didymoplexis,The row's genus field should match the first word of the scientific name.,This usually means parser state leaked from a neighboring OCR block.
78,genus_scientific_conflicts_with_scientific_name,profile_candidate,plant-profile-000689,ヒメヤブラン,Liriope minor,クサスギカズラ科,ASPARAGACEAE,98,,日本の野生植物 第1巻,Hosta,liriope,The row's genus field should match the first word of the scientific name.,This usually means parser state leaked from a neighboring OCR block.
78,genus_scientific_conflicts_with_scientific_name,profile_candidate,plant-profile-004763,ヒュウガセンキュウ,Angeliea minamitanii,セリ科,APIACEAE,302,,日本の野生植物 第2巻,Angelica,angeliea,The row's genus field should match the first word of the scientific name.,This usually means parser state leaked from a neighboring OCR block.
78,genus_scientific_conflicts_with_scientific_name,profile_candidate,plant-profile-000776,ヒュウガホシクサ,Erioeaulon echinulatum,ホシクサ科,ERIOCAULACEAE,108,,日本の野生植物 第1巻,Eriocaulon,erioeaulon,The row's genus field should match the first word of the scientific name.,This usually means parser state leaked from a neighboring OCR block.
78,genus_scientific_conflicts_with_scientific_name,profile_candidate,plant-profile-003388,ヒュウガミツバツツジ,Rhododendron hyugaense,ツツジ科,ERICACEAE,138,,日本の野生植物 第2巻,Phyllodoce,rhododendron,The row's genus field should match the first word of the scientific name.,This usually means parser state leaked from a neighboring OCR block.
78,genus_scientific_conflicts_with_scientific_name,profile_candidate,plant-profile-003824,ヒヨクソウ,Veroniea laxa,オオバコ科,PLANTAGINACEAE,190,,日本の野生植物 第2巻,Linaria,veroniea,The row's genus field should match the first word of the scientific name.,This usually means parser state leaked from a neighboring OCR block.
78,genus_scientific_conflicts_with_scientific_name,profile_candidate,plant-profile-003682,ヒヨドリジョウゴ,Solanum lyratum,ナス科,SOLANACEAE,172,,日本の野生植物 第2巻,Seopolia,solanum,The row's genus field should match the first word of the scientific name.,This usually means parser state leaked from a neighboring OCR block.
78,genus_scientific_conflicts_with_scientific_name,profile_candidate,plant-profile-001179,ヒラアンベライ,Machaerina glomerata,カヤツリグサ科,CYPERACEAE,136,,日本の野生植物 第1巻,Lipocarpha,machaerina,The row's genus field should match the first word of the scientific name.,This usually means parser state leaked from a neighboring OCR block.
78,genus_scientific_conflicts_with_scientific_name,profile_candidate,plant-profile-003700,ヒラナス,Solanum aethiopicum,ナス科,SOLANACEAE,173,,日本の野生植物 第2巻,Seopolia,solanum,The row's genus field should match the first word of the scientific name.,This usually means parser state leaked from a neighboring OCR block.
78,genus_scientific_conflicts_with_scientific_name,profile_candidate,plant-profile-001875,ヒルギカズラ,Dalbergia eandenatensis,ハマビシ科,ZYGOPHYLLACEAE,228,,日本の野生植物 第1巻,Crotalaria,dalbergia,The row's genus field should match the first word of the scientific name.,This usually means parser state leaked from a neighboring OCR block.
78,genus_scientific_conflicts_with_scientific_name,profile_candidate,plant-profile-004071,ヒルギダマシ,Avicennia marina,キツネノマゴ科,ACANTHACEAE,223,,日本の野生植物 第2巻,Aviceunia,avicennia,The row's genus field should match the first word of the scientific name.,This usually means parser state leaked from a neighboring OCR block.
78,genus_scientific_conflicts_with_scientific_name,profile_candidate,plant-profile-001660,ヒレフリカラマツ,Thalietrum toyamae,キンポウゲ科,RANUNCULACEAE,196,,日本の野生植物 第1巻,Thalictrum,thalietrum,The row's genus field should match the first word of the scientific name.,This usually means parser state leaked from a neighboring OCR block.
78,genus_scientific_conflicts_with_scientific_name,profile_candidate,plant-profile-004825,ヒロハガマズミ,Viburnum koreanum,ガマズミ科,VIBURNACEAE,309,,日本の野生植物 第2巻,Sambucus,viburnum,The row's genus field should match the first word of the scientific name.,This usually means parser state leaked from a neighboring OCR block.
78,genus_scientific_conflicts_with_scientific_name,profile_candidate,plant-profile-001971,ヒロハクサフジ,Vicia japonica,マメ科,FABACEAE,242,482,日本の野生植物 第1巻,Thermopsis,vicia,The row's genus field should match the first word of the scientific name.,This usually means parser state leaked from a neighboring OCR block.
78,genus_scientific_conflicts_with_scientific_name,profile_candidate,plant-profile-003490,ヒロハコンロンカ,Mussaenda shikokiana,アカネ科,RUBIACEAE,150,,日本の野生植物 第2巻,Morinda,mussaenda,The row's genus field should match the first word of the scientific name.,This usually means parser state leaked from a neighboring OCR block.
78,genus_scientific_conflicts_with_scientific_name,profile_candidate,plant-profile-003783,ヒロハスギナモ,Hippuris tetraphylla,オオバコ科,PLANTAGINACEAE,186,,日本の野生植物 第2巻,Elisioplyllum,hippuris,The row's genus field should match the first word of the scientific name.,This usually means parser state leaked from a neighboring OCR block.
78,genus_scientific_conflicts_with_scientific_name,profile_candidate,plant-profile-000581,ヒロハトンボソウ,Platanthera fuscescens,ラン科,ORCHIDACEAE,86,,日本の野生植物 第1巻,Peristylus,platanthera,The row's genus field should match the first word of the scientific name.,This usually means parser state leaked from a neighboring OCR block.
78,genus_scientific_conflicts_with_scientific_name,profile_candidate,plant-profile-000777,ヒロハノイヌノヒゲ,Erioeaulon alpestre,ホシクサ科,ERIOCAULACEAE,108,,日本の野生植物 第1巻,Eriocaulon,erioeaulon,The row's genus field should match the first word of the scientific name.,This usually means parser state leaked from a neighboring OCR block.
78,genus_scientific_conflicts_with_scientific_name,profile_candidate,plant-profile-000287,ヒロハノエビモ,Potamogeton perfoliatus,ヒルムシロ科,POTAMOGETONACEAE,53,104,日本の野生植物 第1巻,Stuckenia,potamogeton,The row's genus field should match the first word of the scientific name.,This usually means parser state leaked from a neighboring OCR block.
78,genus_scientific_conflicts_with_scientific_name,profile_candidate,plant-profile-001018,ヒロハノオオタマツリスゲ,Cares arakiana,カヤツリグサ科,CYPERACEAE,125,,日本の野生植物 第1巻,Carex,cares,The row's genus field should match the first word of the scientific name.,This usually means parser state leaked from a neighboring OCR block.
78,genus_scientific_conflicts_with_scientific_name,profile_candidate,plant-profile-001167,ヒロハノクロタマガヤツリ,Fuirena umbellata,カヤツリグサ科,CYPERACEAE,135,,日本の野生植物 第1巻,Fimbristylis,fuirena,The row's genus field should match the first word of the scientific name.,This usually means parser state leaked from a neighboring OCR block.
78,genus_scientific_conflicts_with_scientific_name,profile_candidate,plant-profile-000803,ヒロハノコウガイゼキショウ,Juneus diastrophanthus,イグサ科,JUNCACEAE,110,,日本の野生植物 第1巻,Juncus,juneus,The row's genus field should match the first word of the scientific name.,This usually means parser state leaked from a neighboring OCR block.
78,genus_scientific_conflicts_with_scientific_name,profile_candidate,plant-profile-001296,ヒロハノドジョウツナギ,Glyceria leptolepis,イネ科,POACEAE,154,,日本の野生植物 第1巻,Glyeeria,glyceria,The row's genus field should match the first word of the scientific name.,This usually means parser state leaked from a neighboring OCR block.
78,genus_scientific_conflicts_with_scientific_name,profile_candidate,plant-profile-001241,ヒロハノハネガヤ,Achnatherum coreanum,イネ科,POACEAE,148,,日本の野生植物 第1巻,Chikusichloa,achnatherum,The row's genus field should match the first word of the scientific name.,This usually means parser state leaked from a neighboring OCR block.
78,genus_scientific_conflicts_with_scientific_name,profile_candidate,plant-profile-003284,ヒロハノミミズバイ,Symplocos tanakae,ハイノキ科,SYMPLOCACEAE,126,,日本の野生植物 第2巻,Syuplocos,symplocos,The row's genus field should match the first word of the scientific name.,This usually means parser state leaked from a neighboring OCR block.
78,genus_scientific_conflicts_with_scientific_name,profile_candidate,plant-profile-003671,ヒロハフウリンホオズキ,Plysalis angulata,ナス科,SOLANACEAE,171,,日本の野生植物 第2巻,Pliysalis,plysalis,The row's genus field should match the first word of the scientific name.,This usually means parser state leaked from a neighboring OCR block.
78,genus_scientific_conflicts_with_scientific_name,profile_candidate,plant-profile-001488,ヒロハヘビノボラズ,Berberis amurensis,メギ科,BERBERIDACEAE,180,359,日本の野生植物 第1巻,Achlys,berberis,The row's genus field should match the first word of the scientific name.,This usually means parser state leaked from a neighboring OCR block.
78,genus_scientific_conflicts_with_scientific_name,profile_candidate,plant-profile-000693,ヒロハユキザサ,Maianthemum yesoense,クサスギカズラ科,ASPARAGACEAE,99,196,日本の野生植物 第1巻,Maianthemu,maianthemum,The row's genus field should match the first word of the scientific name.,This usually means parser state leaked from a neighboring OCR block.
78,genus_scientific_conflicts_with_scientific_name,profile_candidate,plant-profile-000223,ヒンジモ,Lemna trisulea,サトイモ科,ARACEAE,44,,日本の野生植物 第1巻,Landottia,lemna,The row's genus field should match the first word of the scientific name.,This usually means parser state leaked from a neighboring OCR block.
78,genus_scientific_conflicts_with_scientific_name,profile_candidate,plant-profile-001159,ビャッコイ,Isolepis erassiuseula,カヤツリグサ科,CYPERACEAE,135,269,日本の野生植物 第1巻,Gahnia,isolepis,The row's genus field should match the first word of the scientific name.,This usually means parser state leaked from a neighboring OCR block.
78,genus_scientific_conflicts_with_scientific_name,profile_candidate,plant-profile-000717,ビロウ,Livistona chinensis,ヤシ科,ARECACEAE,101,,日本の野生植物 第1巻,Arenga,livistona,The row's genus field should match the first word of the scientific name.,This usually means parser state leaked from a neighboring OCR block.
78,genus_scientific_conflicts_with_scientific_name,profile_candidate,plant-profile-001445,ビロードキビ,Urochloa villosa,イネ科,POACEAE,174,347,日本の野生植物 第1巻,Stenotaphrum,urochloa,The row's genus field should match the first word of the scientific name.,This usually means parser state leaked from a neighboring OCR block.
78,genus_scientific_conflicts_with_scientific_name,profile_candidate,plant-profile-003846,ビロードモウズイカ,Verbaseum thapsus,ゴマノハグサ科,SCROPHULARIACEAE,193,,日本の野生植物 第2巻,Verbascum,verbaseum,The row's genus field should match the first word of the scientific name.,This usually means parser state leaked from a neighboring OCR block.
78,genus_scientific_conflicts_with_scientific_name,profile_candidate,plant-profile-002812,フウセンアカメガシワ,Kleinhovia hospita,アオイ科,MALVACEAE,62,,日本の野生植物 第2巻,Hibiscus,kleinhovia,The row's genus field should match the first word of the scientific name.,This usually means parser state leaked from a neighboring OCR block.
78,genus_scientific_conflicts_with_scientific_name,profile_candidate,plant-profile-000611,フウラン,Vanda falcata,ラン科,ORCHIDACEAE,89,,日本の野生植物 第1巻,Tipularia,vanda,The row's genus field should match the first word of the scientific name.,This usually means parser state leaked from a neighboring OCR block.
78,genus_scientific_conflicts_with_scientific_name,profile_candidate,plant-profile-001345,フォーリーガヤ,Sehizachne pupurascens,イネ科,POACEAE,158,,日本の野生植物 第1巻,Schedonorus,sehizachne,The row's genus field should match the first word of the scientific name.,This usually means parser state leaked from a neighboring OCR block.
78,genus_scientific_conflicts_with_scientific_name,profile_candidate,plant-profile-004370,フカウラトウヒレン,Saussuren andoana,キク科,ASTERACEAE,258,,日本の野生植物 第2巻,Hemisteptia,saussuren,The row's genus field should match the first word of the scientific name.,This usually means parser state leaked from a neighboring OCR block.
78,genus_scientific_conflicts_with_scientific_name,profile_candidate,plant-profile-004743,フカノキ,Sehefllera heptaplylla,ウコギ科,ARALIACEAE,299,,日本の野生植物 第2巻,Schefllera,sehefllera,The row's genus field should match the first word of the scientific name.,This usually means parser state leaked from a neighboring OCR block.
78,genus_scientific_conflicts_with_scientific_name,profile_candidate,plant-profile-004490,フキ,Petasites japonicus,キク科,ASTERACEAE,273,544,日本の野生植物 第2巻,Nemnosenecio,petasites,The row's genus field should match the first word of the scientific name.,This usually means parser state leaked from a neighboring OCR block.
78,genus_scientific_conflicts_with_scientific_name,profile_candidate,plant-profile-001276,フサガヤ,Cinna latifolia,イネ科,POACEAE,152,,日本の野生植物 第1巻,BromIs,cinna,The row's genus field should match the first word of the scientific name.,This usually means parser state leaked from a neighboring OCR block.
78,genus_scientific_conflicts_with_scientific_name,profile_candidate,plant-profile-003838,フサフジウツギ,Buddleja davidii,ゴマノハグサ科,SCROPHULARIACEAE,192,,日本の野生植物 第2巻,Verbascum,buddleja,The row's genus field should match the first word of the scientific name.,This usually means parser state leaked from a neighboring OCR block.
78,genus_scientific_conflicts_with_scientific_name,profile_candidate,plant-profile-004670,フシザキソウ,Synedrella nodiflora,キク科,ASTERACEAE,291,581,日本の野生植物 第2巻,Syuedrella,synedrella,The row's genus field should match the first word of the scientific name.,This usually means parser state leaked from a neighboring OCR block.
78,genus_scientific_conflicts_with_scientific_name,profile_candidate,plant-profile-001850,フシナシササハギ,Alysiearpus ovalifolius,ハマビシ科,ZYGOPHYLLACEAE,225,,日本の野生植物 第1巻,Abrus,alysiearpus,The row's genus field should match the first word of the scientific name.,This usually means parser state leaked from a neighboring OCR block.
78,genus_scientific_conflicts_with_scientific_name,profile_candidate,plant-profile-003839,フジウツギ,Buddleja japonica,ゴマノハグサ科,SCROPHULARIACEAE,192,,日本の野生植物 第2巻,Verbascum,buddleja,The row's genus field should match the first word of the scientific name.,This usually means parser state leaked from a neighboring OCR block.
78,genus_scientific_conflicts_with_scientific_name,profile_candidate,plant-profile-000563,フジチドリ,Neottianthe fujisanensis,ラン科,ORCHIDACEAE,84,,日本の野生植物 第1巻,Neottia,neottianthe,The row's genus field should match the first word of the scientific name.,This usually means parser state leaked from a neighboring OCR block.
78,genus_scientific_conflicts_with_scientific_name,profile_candidate,plant-profile-001963,フジボグサ,Uraria crinita,ハマビシ科,ZYGOPHYLLACEAE,241,,日本の野生植物 第1巻,Thermopsis,uraria,The row's genus field should match the first word of the scientific name.,This usually means parser state leaked from a neighboring OCR block.
78,genus_scientific_conflicts_with_scientific_name,profile_candidate,plant-profile-004422,フタナミソウ,Seorzonera rebunensis,キク科,ASTERACEAE,264,,日本の野生植物 第2巻,Scorzonera,seorzonera,The row's genus field should match the first word of the scientific name.,This usually means parser state leaked from a neighboring OCR block.
78,genus_scientific_conflicts_with_scientific_name,profile_candidate,plant-profile-004385,フタマタタンポポ,Crepis hokkaidoensis,キク科,ASTERACEAE,260,,日本の野生植物 第2巻,Crepidiastrum,crepis,The row's genus field should match the first word of the scientific name.,This usually means parser state leaked from a neighboring OCR block.
78,genus_scientific_conflicts_with_scientific_name,profile_candidate,plant-profile-003535,フデリンドウ,Gentiana zollingeri,アカネ科,RUBIACEAE,155,,日本の野生植物 第2巻,Swertia,gentiana,The row's genus field should match the first word of the scientific name.,This usually means parser state leaked from a neighboring OCR block.
78,genus_scientific_conflicts_with_scientific_name,profile_candidate,plant-profile-001185,フトイ,Schoenoplectus tabernaemontami,カヤツリグサ科,CYPERACEAE,137,273,日本の野生植物 第1巻,Schoenopleetus,schoenoplectus,The row's genus field should match the first word of the scientific name.,This usually means parser state leaked from a neighboring OCR block.
78,genus_scientific_conflicts_with_scientific_name,profile_candidate,plant-profile-000300,フトヒルムシロ,Potamogeton fryeri,ヒルムシロ科,POTAMOGETONACEAE,53,,日本の野生植物 第1巻,Stuckenia,potamogeton,The row's genus field should match the first word of the scientific name.,This usually means parser state leaked from a neighboring OCR block.
78,genus_scientific_conflicts_with_scientific_name,profile_candidate,plant-profile-003943,フトボナギナタコウジュ,Elsholtzia nipponiea,シソ科,LAMIACEAE,207,,日本の野生植物 第2巻,EIsholtzia,elsholtzia,The row's genus field should match the first word of the scientific name.,This usually means parser state leaked from a neighboring OCR block.
78,genus_scientific_conflicts_with_scientific_name,profile_candidate,plant-profile-003609,フナバラソウ,Vincetosicum atratum,キョウチクトウ科,APOCYNACEAE,163,,日本の野生植物 第2巻,Vincetoxicum,vincetosicum,The row's genus field should match the first word of the scientific name.,This usually means parser state leaked from a neighboring OCR block.
78,genus_scientific_conflicts_with_scientific_name,profile_candidate,plant-profile-004346,フボウトウヒレン,Saussurea fuboensis,キク科,ASTERACEAE,257,513,日本の野生植物 第2巻,Hemisteptia,saussurea,The row's genus field should match the first word of the scientific name.,This usually means parser state leaked from a neighboring OCR block.
78,genus_scientific_conflicts_with_scientific_name,profile_candidate,plant-profile-003553,ヘツカリンドウ,Swertia tashiroi,アカネ科,RUBIACEAE,157,,日本の野生植物 第2巻,Schenkia,swertia,The row's genus field should match the first word of the scientific name.,This usually means parser state leaked from a neighboring OCR block.
78,genus_scientific_conflicts_with_scientific_name,profile_candidate,plant-profile-000241,ヘラオモダカ,Alismna canaliculatum,オモダカ科,ALISMATACEAE,47,93,日本の野生植物 第1巻,Alisma,alismna,The row's genus field should match the first word of the scientific name.,This usually means parser state leaked from a neighboring OCR block.
78,genus_scientific_conflicts_with_scientific_name,profile_candidate,plant-profile-000312,ベニアマモ,Cymodoeea rotundata,ベニアマモ科,CYMODOCEACEAE,55,,日本の野生植物 第1巻,Cymodocea,cymodoeea,The row's genus field should match the first word of the scientific name.,This usually means parser state leaked from a neighboring OCR block.
78,genus_scientific_conflicts_with_scientific_name,profile_candidate,plant-profile-004859,ベニバナヒョウタンボク,Lonicera maximowiezii,スイカズラ科,CAPRIFOLIACEAE,314,626,日本の野生植物 第2巻,Linnaea,lonicera,The row's genus field should match the first word of the scientific name.,This usually means parser state leaked from a neighboring OCR block.
78,genus_scientific_conflicts_with_scientific_name,profile_candidate,plant-profile-001771,ベンケイソウ,Hy lotelephium erythrostictum,ベンケイソウ科,CRASSULACEAE,211,,日本の野生植物 第1巻,Hylotelephium,hy,The row's genus field should match the first word of the scientific name.,This usually means parser state leaked from a neighboring OCR block.
78,genus_scientific_conflicts_with_scientific_name,profile_candidate,plant-profile-001123,ホウキガヤツリ,Cyperus distans,カヤツリグサ科,CYPERACEAE,131,,日本の野生植物 第1巻,Cladium,cyperus,The row's genus field should match the first word of the scientific name.,This usually means parser state leaked from a neighboring OCR block.
78,genus_scientific_conflicts_with_scientific_name,profile_candidate,plant-profile-000480,ホウサイ,Cymbidium sinense,ラン科,ORCHIDACEAE,75,,日本の野生植物 第1巻,Cryptostylis,cymbidium,The row's genus field should match the first word of the scientific name.,This usually means parser state leaked from a neighboring OCR block.
78,genus_scientific_conflicts_with_scientific_name,profile_candidate,plant-profile-003610,ホウヨカモメヅル,Vincefoxicum hoyoense,キョウチクトウ科,APOCYNACEAE,163,,日本の野生植物 第2巻,Vincetoxicum,vincefoxicum,The row's genus field should match the first word of the scientific name.,This usually means parser state leaked from a neighboring OCR block.
78,genus_scientific_conflicts_with_scientific_name,profile_candidate,plant-profile-003560,ホウライカズラ,Gardneria nutans,マチン科,LOGANIACEAE,158,,日本の野生植物 第2巻,Mitrasacme,gardneria,The row's genus field should match the first word of the scientific name.,This usually means parser state leaked from a neighboring OCR block.
78,genus_scientific_conflicts_with_scientific_name,profile_candidate,plant-profile-003793,ホウライシソクサ,Limnophila rugosa,オオバコ科,PLANTAGINACEAE,187,,日本の野生植物 第2巻,Lagotis,limnophila,The row's genus field should match the first word of the scientific name.,This usually means parser state leaked from a neighboring OCR block.
78,genus_scientific_conflicts_with_scientific_name,profile_candidate,plant-profile-000731,ホウライツユクサ,Commelina aurieulata,ツユクサ科,COMMELINACEAE,103,,日本の野生植物 第1巻,Amischotolype,commelina,The row's genus field should match the first word of the scientific name.,This usually means parser state leaked from a neighboring OCR block.
78,genus_scientific_conflicts_with_scientific_name,profile_candidate,plant-profile-003672,ホオズキ,Physalis alkekengi,ナス科,SOLANACEAE,171,,日本の野生植物 第2巻,Pliysalis,physalis,The row's genus field should match the first word of the scientific name.,This usually means parser state leaked from a neighboring OCR block.
78,genus_scientific_conflicts_with_scientific_name,profile_candidate,plant-profile-001264,ホガエリガヤ,Brylkinia eaudata,イネ科,POACEAE,151,,日本の野生植物 第1巻,BromIs,brylkinia,The row's genus field should match the first word of the scientific name.,This usually means parser state leaked from a neighboring OCR block.
78,genus_scientific_conflicts_with_scientific_name,profile_candidate,plant-profile-004330,ホクチアザミ,Saussurea gracilis,キク科,ASTERACEAE,256,,日本の野生植物 第2巻,Hemisteptia,saussurea,The row's genus field should match the first word of the scientific name.,This usually means parser state leaked from a neighboring OCR block.
78,genus_scientific_conflicts_with_scientific_name,profile_candidate,plant-profile-001724,ホクリクネコノメ,Chrysosplenium fauriei,ユキノシタ科,SAXIFRAGACEAE,206,,日本の野生植物 第1巻,Astilbe,chrysosplenium,The row's genus field should match the first word of the scientific name.,This usually means parser state leaked from a neighboring OCR block.
78,genus_scientific_conflicts_with_scientific_name,profile_candidate,plant-profile-004364,ホクロクトウヒレン,Saussurea hokurokuensis,キク科,ASTERACEAE,258,514,日本の野生植物 第2巻,Hemisteptia,saussurea,The row's genus field should match the first word of the scientific name.,This usually means parser state leaked from a neighboring OCR block.
78,genus_scientific_conflicts_with_scientific_name,profile_candidate,plant-profile-000555,ホザキイチヨウラン,Malaxis monoplyllos,ラン科,ORCHIDACEAE,83,,日本の野生植物 第1巻,Luisia,malaxis,The row's genus field should match the first word of the scientific name.,This usually means parser state leaked from a neighboring OCR block.
78,genus_scientific_conflicts_with_scientific_name,profile_candidate,plant-profile-003349,ホザキツリガネツツジ,Rhododendron katsumatae,ツツジ科,ERICACEAE,136,,日本の野生植物 第2巻,Phyllodoce,rhododendron,The row's genus field should match the first word of the scientific name.,This usually means parser state leaked from a neighboring OCR block.
78,genus_scientific_conflicts_with_scientific_name,profile_candidate,plant-profile-000778,ホシクサ,Erioeaulon cinereum,ホシクサ科,ERIOCAULACEAE,108,,日本の野生植物 第1巻,Eriocaulon,erioeaulon,The row's genus field should match the first word of the scientific name.,This usually means parser state leaked from a neighboring OCR block.
78,genus_scientific_conflicts_with_scientific_name,profile_candidate,plant-profile-000867,ホソスゲ,Cares disperma,カヤツリグサ科,CYPERACEAE,117,,日本の野生植物 第1巻,Carex,cares,The row's genus field should match the first word of the scientific name.,This usually means parser state leaked from a neighboring OCR block.
78,genus_scientific_conflicts_with_scientific_name,profile_candidate,plant-profile-003093,ホソバアカザ,Chenopodium stenoplyllum,ヒユ科,AMARANTHACEAE,102,203,日本の野生植物 第2巻,Chenopodiastrum,chenopodium,The row's genus field should match the first word of the scientific name.,This usually means parser state leaked from a neighboring OCR block.
78,genus_scientific_conflicts_with_scientific_name,profile_candidate,plant-profile-002974,ホソバイヌタデ,Persiearia trigonoearpa,タデ科,POLYGONACEAE,88,,日本の野生植物 第2巻,Persicaria,persiearia,The row's genus field should match the first word of the scientific name.,This usually means parser state leaked from a neighboring OCR block.
78,genus_scientific_conflicts_with_scientific_name,profile_candidate,plant-profile-004654,ホソバオグルマ,Iaula linarifolia,キク科,ASTERACEAE,289,,日本の野生植物 第2巻,Imula,iaula,The row's genus field should match the first word of the scientific name.,This usually means parser state leaked from a neighboring OCR block.
78,genus_scientific_conflicts_with_scientific_name,profile_candidate,plant-profile-001529,ホソバトリカブト,Aconitum senanense,キンポウゲ科,RANUNCULACEAE,185,368,日本の野生植物 第1巻,Thalictrum,aconitum,The row's genus field should match the first word of the scientific name.,This usually means parser state leaked from a neighboring OCR block.
78,genus_scientific_conflicts_with_scientific_name,profile_candidate,plant-profile-004396,ホソバニガナ,Ixeridium beauverdianum,キク科,ASTERACEAE,261,,日本の野生植物 第2巻,Hypochaeris,ixeridium,The row's genus field should match the first word of the scientific name.,This usually means parser state leaked from a neighboring OCR block.
78,genus_scientific_conflicts_with_scientific_name,profile_candidate,plant-profile-000596,ホソバノキソチドリ,Platanthera tipuloides,ラン科,ORCHIDACEAE,87,,日本の野生植物 第1巻,Peristylus,platanthera,The row's genus field should match the first word of the scientific name.,This usually means parser state leaked from a neighboring OCR block.
78,genus_scientific_conflicts_with_scientific_name,profile_candidate,plant-profile-003090,ホソバハマアカザ,Atriplex patens,ヒユ科,AMARANTHACEAE,101,,日本の野生植物 第2巻,Amaranthus,atriplex,The row's genus field should match the first word of the scientific name.,This usually means parser state leaked from a neighboring OCR block.
78,genus_scientific_conflicts_with_scientific_name,profile_candidate,plant-profile-003825,ホソバヒメトラノオ,Veronica linariifolia,オオバコ科,PLANTAGINACEAE,190,,日本の野生植物 第2巻,Linaria,veronica,The row's genus field should match the first word of the scientific name.,This usually means parser state leaked from a neighboring OCR block.
78,genus_scientific_conflicts_with_scientific_name,profile_candidate,plant-profile-000301,ホソバヒルムシロ,Potamogeton alpinus,ヒルムシロ科,POTAMOGETONACEAE,53,,日本の野生植物 第1巻,Stuckenia,potamogeton,The row's genus field should match the first word of the scientific name.,This usually means parser state leaked from a neighboring OCR block.
78,genus_scientific_conflicts_with_scientific_name,profile_candidate,plant-profile-001964,ホソバフジボグサ,Uraria picta,ハマビシ科,ZYGOPHYLLACEAE,241,,日本の野生植物 第1巻,Thermopsis,uraria,The row's genus field should match the first word of the scientific name.,This usually means parser state leaked from a neighboring OCR block.
78,genus_scientific_conflicts_with_scientific_name,profile_candidate,plant-profile-000302,ホソバミズヒキモ,Potamogeton octandrus,ヒルムシロ科,POTAMOGETONACEAE,53,,日本の野生植物 第1巻,Stuckenia,potamogeton,The row's genus field should match the first word of the scientific name.,This usually means parser state leaked from a neighboring OCR block.
78,genus_scientific_conflicts_with_scientific_name,profile_candidate,plant-profile-002057,ホソバムクイヌビワ,Ficus ampelas,クワ科,MORACEAE,254,506,日本の野生植物 第1巻,Fieus,ficus,The row's genus field should match the first word of the scientific name.,This usually means parser state leaked from a neighboring OCR block.
78,genus_scientific_conflicts_with_scientific_name,profile_candidate,plant-profile-001201,ホソパシンジュガヤ,Seleria biflora,カヤツリグサ科,CYPERACEAE,139,,日本の野生植物 第1巻,Scleria,seleria,The row's genus field should match the first word of the scientific name.,This usually means parser state leaked from a neighboring OCR block.
78,genus_scientific_conflicts_with_scientific_name,profile_candidate,plant-profile-001265,ホッスガヤ,Calamagrostis pseudophragmites,イネ科,POACEAE,151,,日本の野生植物 第1巻,BromIs,calamagrostis,The row's genus field should match the first word of the scientific name.,This usually means parser state leaked from a neighboring OCR block.
78,genus_scientific_conflicts_with_scientific_name,profile_candidate,plant-profile-000464,ホテイラン,Calypso bulbosa,ラン科,ORCHIDACEAE,73,,日本の野生植物 第1巻,Calanthe,calypso,The row's genus field should match the first word of the scientific name.,This usually means parser state leaked from a neighboring OCR block.
78,genus_scientific_conflicts_with_scientific_name,profile_candidate,plant-profile-003939,ホトケノザ,Lamium amplesieaule,シソ科,LAMIACEAE,206,,日本の野生植物 第2巻,Suzukia,lamium,The row's genus field should match the first word of the scientific name.,This usually means parser state leaked from a neighboring OCR block.
78,genus_scientific_conflicts_with_scientific_name,profile_candidate,plant-profile-000432,ホトトギス,Tricyrtis hirta,ユリ科,LILIACEAE,68,,日本の野生植物 第1巻,Twricyatis,tricyrtis,The row's genus field should match the first word of the scientific name.,This usually means parser state leaked from a neighboring OCR block.
78,genus_scientific_conflicts_with_scientific_name,profile_candidate,plant-profile-003625,ホルトカズラ,Eryeibe henryi,キョウチクトウ科,APOCYNACEAE,166,,日本の野生植物 第2巻,Erycibe,eryeibe,The row's genus field should match the first word of the scientific name.,This usually means parser state leaked from a neighboring OCR block.
78,genus_scientific_conflicts_with_scientific_name,profile_candidate,plant-profile-001065,ホロムイクグ,Cares tsuishikarensis,カヤツリグサ科,CYPERACEAE,128,255,日本の野生植物 第1巻,Carex,cares,The row's genus field should match the first word of the scientific name.,This usually means parser state leaked from a neighboring OCR block.
78,genus_scientific_conflicts_with_scientific_name,profile_candidate,plant-profile-002820,ボダイジュ,Tila miqueliana,アオイ科,MALVACEAE,63,,日本の野生植物 第2巻,Thespesia,tila,The row's genus field should match the first word of the scientific name.,This usually means parser state leaked from a neighboring OCR block.
78,genus_scientific_conflicts_with_scientific_name,profile_candidate,plant-profile-000699,マイヅルソウ,Maianthemum dilatatum,クサスギカズラ科,ASPARAGACEAE,99,,日本の野生植物 第1巻,Maianthemu,maianthemum,The row's genus field should match the first word of the scientific name.,This usually means parser state leaked from a neighboring OCR block.
78,genus_scientific_conflicts_with_scientific_name,profile_candidate,plant-profile-001229,マコモ,Zizania latifolia,イネ科,POACEAE,147,293,日本の野生植物 第1巻,Chikusichloa,zizania,The row's genus field should match the first word of the scientific name.,This usually means parser state leaked from a neighboring OCR block.
78,genus_scientific_conflicts_with_scientific_name,profile_candidate,plant-profile-002639,マシケオトギリ,Hyperieum yamamotoi,オトギリソウ科,HYPERICACEAE,37,,日本の野生植物 第2巻,Hypericum,hyperieum,The row's genus field should match the first word of the scientific name.,This usually means parser state leaked from a neighboring OCR block.
78,genus_scientific_conflicts_with_scientific_name,profile_candidate,plant-profile-001502,マシケレイジンソウ,Aconitum mashikense,キンポウゲ科,RANUNCULACEAE,183,365,日本の野生植物 第1巻,Thalictrum,aconitum,The row's genus field should match the first word of the scientific name.,This usually means parser state leaked from a neighboring OCR block.
78,genus_scientific_conflicts_with_scientific_name,profile_candidate,plant-profile-001192,マツカサススキ,Scirpus mitsukurianus,カヤツリグサ科,CYPERACEAE,138,275,日本の野生植物 第1巻,Schoenus,scirpus,The row's genus field should match the first word of the scientific name.,This usually means parser state leaked from a neighboring OCR block.
78,genus_scientific_conflicts_with_scientific_name,profile_candidate,plant-profile-001805,マツノハマンネングサ,Sedu hakonense,ベンケイソウ科,CRASSULACEAE,215,,日本の野生植物 第1巻,Sedum,sedu,The row's genus field should match the first word of the scientific name.,This usually means parser state leaked from a neighboring OCR block.
78,genus_scientific_conflicts_with_scientific_name,profile_candidate,plant-profile-002452,マツバトウダイ,Eaphorbia cyparissias,トウダイグサ科,EUPHORBIACEAE,300,,日本の野生植物 第1巻,Euphorbia,eaphorbia,The row's genus field should match the first word of the scientific name.,This usually means parser state leaked from a neighboring OCR block.
78,genus_scientific_conflicts_with_scientific_name,profile_candidate,plant-profile-002706,マツヨイグサ,Oenothera strieta,アカバナ科,ONAGRACEAE,46,,日本の野生植物 第2巻,Ludwigi,oenothera,The row's genus field should match the first word of the scientific name.,This usually means parser state leaked from a neighboring OCR block.
78,genus_scientific_conflicts_with_scientific_name,profile_candidate,plant-profile-002295,マテバシイ,Lithocarpus edulis,ブナ科,FAGACEAE,280,559,日本の野生植物 第1巻,Fagus,lithocarpus,The row's genus field should match the first word of the scientific name.,This usually means parser state leaked from a neighboring OCR block.
78,genus_scientific_conflicts_with_scientific_name,profile_candidate,plant-profile-003940,マネキグサ,Loxocalys ambiguus,シソ科,LAMIACEAE,206,,日本の野生植物 第2巻,Suzukia,loxocalys,The row's genus field should match the first word of the scientific name.,This usually means parser state leaked from a neighboring OCR block.
78,genus_scientific_conflicts_with_scientific_name,profile_candidate,plant-profile-003622,マメダオシ,Cuseuta australis,キョウチクトウ科,APOCYNACEAE,165,,日本の野生植物 第2巻,Cuscuta,cuseuta,The row's genus field should match the first word of the scientific name.,This usually means parser state leaked from a neighboring OCR block.
78,genus_scientific_conflicts_with_scientific_name,profile_candidate,plant-profile-003575,マメヅタカズラ,Dischidia formosana,キョウチクトウ科,APOCYNACEAE,160,,日本の野生植物 第2巻,Asclepias,dischidia,The row's genus field should match the first word of the scientific name.,This usually means parser state leaked from a neighboring OCR block.
78,genus_scientific_conflicts_with_scientific_name,profile_candidate,plant-profile-000445,マメヅタラン,Bulboplyllum drymoglossum,ラン科,ORCHIDACEAE,72,,日本の野生植物 第1巻,Bulbophyllum,bulboplyllum,The row's genus field should match the first word of the scientific name.,This usually means parser state leaked from a neighboring OCR block.
78,genus_scientific_conflicts_with_scientific_name,profile_candidate,plant-profile-002273,マメナシ,Pyrus calleryana,バラ科,ROSACEAE,277,,日本の野生植物 第1巻,Padus,pyrus,The row's genus field should match the first word of the scientific name.,This usually means parser state leaked from a neighboring OCR block.
78,genus_scientific_conflicts_with_scientific_name,profile_candidate,plant-profile-000474,マヤラン,Cymbidium macrorhizon,ラン科,ORCHIDACEAE,75,148,日本の野生植物 第1巻,Cryptostylis,cymbidium,The row's genus field should match the first word of the scientific name.,This usually means parser state leaked from a neighboring OCR block.
78,genus_scientific_conflicts_with_scientific_name,profile_candidate,plant-profile-003099,マルバアカザ,Chenopodium aeuminatum,ヒユ科,AMARANTHACEAE,102,,日本の野生植物 第2巻,Chenopodiastrum,chenopodium,The row's genus field should match the first word of the scientific name.,This usually means parser state leaked from a neighboring OCR block.
78,genus_scientific_conflicts_with_scientific_name,profile_candidate,plant-profile-004870,マルバキンレイカ,Patrinia gibbosa,スイカズラ科,CAPRIFOLIACEAE,314,,日本の野生植物 第2巻,Linnaea,patrinia,The row's genus field should match the first word of the scientific name.,This usually means parser state leaked from a neighboring OCR block.
78,genus_scientific_conflicts_with_scientific_name,profile_candidate,plant-profile-003356,マルバサツキ,Rhododendron erioearpum,ツツジ科,ERICACEAE,137,272,日本の野生植物 第2巻,Phyllodoce,rhododendron,The row's genus field should match the first word of the scientific name.,This usually means parser state leaked from a neighboring OCR block.
78,genus_scientific_conflicts_with_scientific_name,profile_candidate,plant-profile-003491,マルバシマザクラ,Leptopetalum mexieanum,アカネ科,RUBIACEAE,150,,日本の野生植物 第2巻,Leptodermis,leptopetalum,The row's genus field should match the first word of the scientific name.,This usually means parser state leaked from a neighboring OCR block.
78,genus_scientific_conflicts_with_scientific_name,profile_candidate,plant-profile-001749,マルバチャルメルソウ,Mitella uuda,ユキノシタ科,SAXIFRAGACEAE,208,,日本の野生植物 第1巻,Astilbe,mitella,The row's genus field should match the first word of the scientific name.,This usually means parser state leaked from a neighboring OCR block.
78,genus_scientific_conflicts_with_scientific_name,profile_candidate,plant-profile-000732,マルバツユクサ,Commelina benghalensis,ツユクサ科,COMMELINACEAE,103,,日本の野生植物 第1巻,Amischotolype,commelina,The row's genus field should match the first word of the scientific name.,This usually means parser state leaked from a neighboring OCR block.
78,genus_scientific_conflicts_with_scientific_name,profile_candidate,plant-profile-001735,マルバネコノメソウ,Chrysosplenium ramosum,ユキノシタ科,SAXIFRAGACEAE,207,,日本の野生植物 第1巻,Astilbe,chrysosplenium,The row's genus field should match the first word of the scientific name.,This usually means parser state leaked from a neighboring OCR block.
78,genus_scientific_conflicts_with_scientific_name,profile_candidate,plant-profile-003683,マルバノホロシ,Solanum maximowiezii,ナス科,SOLANACEAE,172,,日本の野生植物 第2巻,Seopolia,solanum,The row's genus field should match the first word of the scientific name.,This usually means parser state leaked from a neighboring OCR block.
78,genus_scientific_conflicts_with_scientific_name,profile_candidate,plant-profile-000252,マルミスブタ,Blysa aubertii,トチカガミ科,HYDROCHARITACEAE,48,,日本の野生植物 第1巻,Blyxa,blysa,The row's genus field should match the first word of the scientific name.,This usually means parser state leaked from a neighboring OCR block.
78,genus_scientific_conflicts_with_scientific_name,profile_candidate,plant-profile-002468,マルヤマカンコノキ,Bridelia balansae,コミカンソウ科,PHYLLANTHACEAE,303,,日本の野生植物 第1巻,Bischofia,bridelia,The row's genus field should match the first word of the scientific name.,This usually means parser state leaked from a neighboring OCR block.
78,genus_scientific_conflicts_with_scientific_name,profile_candidate,plant-profile-002815,マンシュウボダイジュ,Tilia mandshuriea,アオイ科,MALVACEAE,63,125,日本の野生植物 第2巻,Thespesia,tilia,The row's genus field should match the first word of the scientific name.,This usually means parser state leaked from a neighboring OCR block.
78,genus_scientific_conflicts_with_scientific_name,profile_candidate,plant-profile-001181,ミカヅキグサ,Rlyuchospora alba,カヤツリグサ科,CYPERACEAE,136,,日本の野生植物 第1巻,Rhynchospora,rlyuchospora,The row's genus field should match the first word of the scientific name.,This usually means parser state leaked from a neighboring OCR block.
78,genus_scientific_conflicts_with_scientific_name,profile_candidate,plant-profile-000779,ミカワイヌノヒゲ,Erioeaulon mikawanum,ホシクサ科,ERIOCAULACEAE,108,,日本の野生植物 第1巻,Eriocaulon,erioeaulon,The row's genus field should match the first word of the scientific name.,This usually means parser state leaked from a neighboring OCR block.
78,genus_scientific_conflicts_with_scientific_name,profile_candidate,plant-profile-000253,ミカワスブタ,Blysa leiosperma,トチカガミ科,HYDROCHARITACEAE,48,,日本の野生植物 第1巻,Blyxa,blysa,The row's genus field should match the first word of the scientific name.,This usually means parser state leaked from a neighboring OCR block.
78,genus_scientific_conflicts_with_scientific_name,profile_candidate,plant-profile-001173,ミクリガヤ,Rlynchospora malasica,カヤツリグサ科,CYPERACEAE,136,271,日本の野生植物 第1巻,Rhynchospora,rlynchospora,The row's genus field should match the first word of the scientific name.,This usually means parser state leaked from a neighboring OCR block.
78,genus_scientific_conflicts_with_scientific_name,profile_candidate,plant-profile-000804,ミクリゼキショウ,Juneus ensifolius,イグサ科,JUNCACEAE,110,,日本の野生植物 第1巻,Juncus,juneus,The row's genus field should match the first word of the scientific name.,This usually means parser state leaked from a neighboring OCR block.
78,genus_scientific_conflicts_with_scientific_name,profile_candidate,plant-profile-000228,ミジンコウキクサ,Wolffa globosa,サトイモ科,ARACEAE,45,89,日本の野生植物 第1巻,Wolffia,wolffa,The row's genus field should match the first word of the scientific name.,This usually means parser state leaked from a neighboring OCR block.
78,genus_scientific_conflicts_with_scientific_name,profile_candidate,plant-profile-002625,ミズオトギリ,Triadenum japonicum,オトギリソウ科,HYPERICACEAE,37,73,日本の野生植物 第2巻,Hypericum,triadenum,The row's genus field should match the first word of the scientific name.,This usually means parser state leaked from a neighboring OCR block.
78,genus_scientific_conflicts_with_scientific_name,profile_candidate,plant-profile-001124,ミズガヤツリ,Cyperus serotinus,カヤツリグサ科,CYPERACEAE,131,,日本の野生植物 第1巻,Cladium,cyperus,The row's genus field should match the first word of the scientific name.,This usually means parser state leaked from a neighboring OCR block.
78,genus_scientific_conflicts_with_scientific_name,profile_candidate,plant-profile-002666,ミズガンピ,Pemphis acidula,ミソハギ科,LYTHRACEAE,41,,日本の野生植物 第2巻,Lagerstroemia,pemphis,The row's genus field should match the first word of the scientific name.,This usually means parser state leaked from a neighboring OCR block.
78,genus_scientific_conflicts_with_scientific_name,profile_candidate,plant-profile-003135,ミズキ,Cornus controversa,ミズキ科,CORNACEAE,108,,日本の野生植物 第2巻,Alangium,cornus,The row's genus field should match the first word of the scientific name.,This usually means parser state leaked from a neighboring OCR block.
78,genus_scientific_conflicts_with_scientific_name,profile_candidate,plant-profile-004649,ミズギク,Inula ciliaris,キク科,ASTERACEAE,289,576,日本の野生植物 第2巻,Imula,inula,The row's genus field should match the first word of the scientific name.,This usually means parser state leaked from a neighboring OCR block.
78,genus_scientific_conflicts_with_scientific_name,profile_candidate,plant-profile-003733,ミズタビラコ,Trigonotis brevipes,ムラサキ科,BORAGINACEAE,179,,日本の野生植物 第2巻,Myosotis,trigonotis,The row's genus field should match the first word of the scientific name.,This usually means parser state leaked from a neighboring OCR block.
78,genus_scientific_conflicts_with_scientific_name,profile_candidate,plant-profile-000582,ミズチドリ,Platanthera hologlottis,ラン科,ORCHIDACEAE,86,,日本の野生植物 第1巻,Peristylus,platanthera,The row's genus field should match the first word of the scientific name.,This usually means parser state leaked from a neighboring OCR block.
78,genus_scientific_conflicts_with_scientific_name,profile_candidate,plant-profile-000224,ミズバショウ,Lysichiton camtschatcensis,サトイモ科,ARACEAE,44,,日本の野生植物 第1巻,Landottia,lysichiton,The row's genus field should match the first word of the scientific name.,This usually means parser state leaked from a neighboring OCR block.
78,genus_scientific_conflicts_with_scientific_name,profile_candidate,plant-profile-002700,ミズユキノシタ,Lndwigia ovalis,アカバナ科,ONAGRACEAE,45,,日本の野生植物 第2巻,Ludwigi,lndwigia,The row's genus field should match the first word of the scientific name.,This usually means parser state leaked from a neighboring OCR block.
78,genus_scientific_conflicts_with_scientific_name,profile_candidate,plant-profile-002663,ミソハギ,Lythrum anceps,ミソハギ科,LYTHRACEAE,41,81,日本の野生植物 第2巻,Lagerstroemia,lythrum,The row's genus field should match the first word of the scientific name.,This usually means parser state leaked from a neighboring OCR block.
78,genus_scientific_conflicts_with_scientific_name,profile_candidate,plant-profile-001335,ミゾイチゴツナギ,Poa aeroleuea,イネ科,POACEAE,157,,日本の野生植物 第1巻,Phleum,poa,The row's genus field should match the first word of the scientific name.,This usually means parser state leaked from a neighboring OCR block.
78,genus_scientific_conflicts_with_scientific_name,profile_candidate,plant-profile-001309,ミチシバ,Melica onoei,イネ科,POACEAE,155,,日本の野生植物 第1巻,Lolium,melica,The row's genus field should match the first word of the scientific name.,This usually means parser state leaked from a neighboring OCR block.
78,genus_scientific_conflicts_with_scientific_name,profile_candidate,plant-profile-002975,ミチヤナギ,Polygonum aviculare,タデ科,POLYGONACEAE,88,,日本の野生植物 第2巻,Persicaria,polygonum,The row's genus field should match the first word of the scientific name.,This usually means parser state leaked from a neighboring OCR block.
78,genus_scientific_conflicts_with_scientific_name,profile_candidate,plant-profile-004156,ミツガシワ,Menyanthes trifoliata,ミツガシワ科,MENYANTHACEAE,233,,日本の野生植物 第2巻,Nephrophyllidium,menyanthes,The row's genus field should match the first word of the scientific name.,This usually means parser state leaked from a neighboring OCR block.
78,genus_scientific_conflicts_with_scientific_name,profile_candidate,plant-profile-002723,ミツバウツギ,Staphylea bumalda,ミツバウツギ科,STAPHYLEACEAE,49,,日本の野生植物 第2巻,Staplylea,staphylea,The row's genus field should match the first word of the scientific name.,This usually means parser state leaked from a neighboring OCR block.
78,genus_scientific_conflicts_with_scientific_name,profile_candidate,plant-profile-004806,ミツバグサ,Pimpinella diversifolia,セリ科,APIACEAE,306,,日本の野生植物 第2巻,Pimpinela,pimpinella,The row's genus field should match the first word of the scientific name.,This usually means parser state leaked from a neighboring OCR block.
78,genus_scientific_conflicts_with_scientific_name,profile_candidate,plant-profile-003885,ミツバハマゴウ,Vitex trifolia,シソ科,LAMIACEAE,199,,日本の野生植物 第2巻,Premna,vitex,The row's genus field should match the first word of the scientific name.,This usually means parser state leaked from a neighboring OCR block.
78,genus_scientific_conflicts_with_scientific_name,profile_candidate,plant-profile-003094,ミドリアカザ,Chenopodium bryonifolium,ヒユ科,AMARANTHACEAE,102,203,日本の野生植物 第2巻,Chenopodiastrum,chenopodium,The row's genus field should match the first word of the scientific name.,This usually means parser state leaked from a neighboring OCR block.
78,genus_scientific_conflicts_with_scientific_name,profile_candidate,plant-profile-002640,ミネオトギリ,Hyperieum kimurae,オトギリソウ科,HYPERICACEAE,37,,日本の野生植物 第2巻,Hypericum,hyperieum,The row's genus field should match the first word of the scientific name.,This usually means parser state leaked from a neighboring OCR block.
78,genus_scientific_conflicts_with_scientific_name,profile_candidate,plant-profile-001199,ミネハリイ,Trichophorum cespitosum,カヤツリグサ科,CYPERACEAE,139,277,日本の野生植物 第1巻,Scleria,trichophorum,The row's genus field should match the first word of the scientific name.,This usually means parser state leaked from a neighboring OCR block.
78,genus_scientific_conflicts_with_scientific_name,profile_candidate,plant-profile-001301,ミノボロ,Koeleria maerantha,イネ科,POACEAE,155,308,日本の野生植物 第1巻,Hordeum,koeleria,The row's genus field should match the first word of the scientific name.,This usually means parser state leaked from a neighboring OCR block.
78,genus_scientific_conflicts_with_scientific_name,profile_candidate,plant-profile-004470,ミミコウモリ,Parasenecio kamtsehatieus,キク科,ASTERACEAE,272,542,日本の野生植物 第2巻,Nemnosenecio,parasenecio,The row's genus field should match the first word of the scientific name.,This usually means parser state leaked from a neighboring OCR block.
78,genus_scientific_conflicts_with_scientific_name,profile_candidate,plant-profile-003091,ミヤコジマハマアカザ,Atriplex maximowicziana,ヒユ科,AMARANTHACEAE,101,,日本の野生植物 第2巻,Amaranthus,atriplex,The row's genus field should match the first word of the scientific name.,This usually means parser state leaked from a neighboring OCR block.
78,genus_scientific_conflicts_with_scientific_name,profile_candidate,plant-profile-002107,ミヤコミズ,Pilea kiotensis,イラクサ科,URTICACEAE,259,,日本の野生植物 第1巻,Pllea,pilea,The row's genus field should match the first word of the scientific name.,This usually means parser state leaked from a neighboring OCR block.
78,genus_scientific_conflicts_with_scientific_name,profile_candidate,plant-profile-004408,ミヤマアキノノゲシ,Lactuea triangulata,キク科,ASTERACEAE,262,,日本の野生植物 第2巻,Ixeris,lactuea,The row's genus field should match the first word of the scientific name.,This usually means parser state leaked from a neighboring OCR block.
78,genus_scientific_conflicts_with_scientific_name,profile_candidate,plant-profile-003554,ミヤマアケボノソウ,Swertia perennis,アカネ科,RUBIACEAE,157,,日本の野生植物 第2巻,Schenkia,swertia,The row's genus field should match the first word of the scientific name.,This usually means parser state leaked from a neighboring OCR block.
78,genus_scientific_conflicts_with_scientific_name,profile_candidate,plant-profile-001336,ミヤマイチゴツナギ,Poa malacantha,イネ科,POACEAE,157,,日本の野生植物 第1巻,Phleum,poa,The row's genus field should match the first word of the scientific name.,This usually means parser state leaked from a neighboring OCR block.
78,genus_scientific_conflicts_with_scientific_name,profile_candidate,plant-profile-000361,ミヤマエンレイソウ,Trwillium tschonoskii,シュロソウ科,MELANTHIACEAE,62,123,日本の野生植物 第1巻,Paris,trwillium,The row's genus field should match the first word of the scientific name.,This usually means parser state leaked from a neighboring OCR block.
78,genus_scientific_conflicts_with_scientific_name,profile_candidate,plant-profile-001554,ミヤマオダマキ,Aguilegia flabellata,キンポウゲ科,RANUNCULACEAE,187,,日本の野生植物 第1巻,Aquilegia,aguilegia,The row's genus field should match the first word of the scientific name.,This usually means parser state leaked from a neighboring OCR block.
78,genus_scientific_conflicts_with_scientific_name,profile_candidate,plant-profile-000956,ミヤマカンスゲ,Cares multifolia,カヤツリグサ科,CYPERACEAE,122,,日本の野生植物 第1巻,Carex,cares,The row's genus field should match the first word of the scientific name.,This usually means parser state leaked from a neighboring OCR block.
78,genus_scientific_conflicts_with_scientific_name,profile_candidate,plant-profile-004356,ミヤマキタアザミ,Saussurea franchetii,キク科,ASTERACEAE,257,,日本の野生植物 第2巻,Hemisteptia,saussurea,The row's genus field should match the first word of the scientific name.,This usually means parser state leaked from a neighboring OCR block.
78,genus_scientific_conflicts_with_scientific_name,profile_candidate,plant-profile-003373,ミヤマキリシマ,Rhododendron kiusianum,ツツジ科,ERICACEAE,137,,日本の野生植物 第2巻,Phyllodoce,rhododendron,The row's genus field should match the first word of the scientific name.,This usually means parser state leaked from a neighboring OCR block.
78,genus_scientific_conflicts_with_scientific_name,profile_candidate,plant-profile-003959,ミヤマクルマバナ,Clinopodiam maeranthum,シソ科,LAMIACEAE,209,,日本の野生植物 第2巻,Clinopodium,clinopodiam,The row's genus field should match the first word of the scientific name.,This usually means parser state leaked from a neighboring OCR block.
78,genus_scientific_conflicts_with_scientific_name,profile_candidate,plant-profile-003266,ミヤマシロバイ,Symploeos sonoharae,ハイノキ科,SYMPLOCACEAE,125,,日本の野生植物 第2巻,Syuplocos,symploeos,The row's genus field should match the first word of the scientific name.,This usually means parser state leaked from a neighboring OCR block.
78,genus_scientific_conflicts_with_scientific_name,profile_candidate,plant-profile-000813,ミヤマスズメノヒエ,Luzula nipponica,イグサ科,JUNCACEAE,111,,日本の野生植物 第1巻,Juncus,luzula,The row's genus field should match the first word of the scientific name.,This usually means parser state leaked from a neighboring OCR block.
78,genus_scientific_conflicts_with_scientific_name,profile_candidate,plant-profile-004786,ミヤマセンキュウ,Conioselinum flicinum,セリ科,APIACEAE,304,,日本の野生植物 第2巻,Conioselimum,conioselinum,The row's genus field should match the first word of the scientific name.,This usually means parser state leaked from a neighboring OCR block.
78,genus_scientific_conflicts_with_scientific_name,profile_candidate,plant-profile-004787,ミヤマゼンゴ,Coelopleurum multiseetum,セリ科,APIACEAE,304,,日本の野生植物 第2巻,Cnidium,coelopleurum,The row's genus field should match the first word of the scientific name.,This usually means parser state leaked from a neighboring OCR block.
78,genus_scientific_conflicts_with_scientific_name,profile_candidate,plant-profile-002682,ミヤマタニタデ,Circaea alpina,アカバナ科,ONAGRACEAE,43,,日本の野生植物 第2巻,Cireaea,circaea,The row's genus field should match the first word of the scientific name.,This usually means parser state leaked from a neighboring OCR block.
78,genus_scientific_conflicts_with_scientific_name,profile_candidate,plant-profile-001977,ミヤマタニワタシ,Vicia bifolia,ハマビシ科,ZYGOPHYLLACEAE,242,,日本の野生植物 第1巻,Thermopsis,vicia,The row's genus field should match the first word of the scientific name.,This usually means parser state leaked from a neighboring OCR block.
78,genus_scientific_conflicts_with_scientific_name,profile_candidate,plant-profile-004441,ミヤマタンポポ,Taraxacum alpicola,キク科,ASTERACEAE,265,,日本の野生植物 第2巻,Scorzonera,taraxacum,The row's genus field should match the first word of the scientific name.,This usually means parser state leaked from a neighboring OCR block.
78,genus_scientific_conflicts_with_scientific_name,profile_candidate,plant-profile-000597,ミヤマチドリ,Platanthera takedae,ラン科,ORCHIDACEAE,87,,日本の野生植物 第1巻,Peristylus,platanthera,The row's genus field should match the first word of the scientific name.,This usually means parser state leaked from a neighboring OCR block.
78,genus_scientific_conflicts_with_scientific_name,profile_candidate,plant-profile-003027,ミヤマツメクサ,Minuartin maeroearpa,ナデシコ科,CARYOPHYLLACEAE,94,,日本の野生植物 第2巻,Minuartia,minuartin,The row's genus field should match the first word of the scientific name.,This usually means parser state leaked from a neighboring OCR block.
78,genus_scientific_conflicts_with_scientific_name,profile_candidate,plant-profile-004357,ミヤマトウヒレン,Saussurea pennata,キク科,ASTERACEAE,257,,日本の野生植物 第2巻,Hemisteptia,saussurea,The row's genus field should match the first word of the scientific name.,This usually means parser state leaked from a neighboring OCR block.
78,genus_scientific_conflicts_with_scientific_name,profile_candidate,plant-profile-001532,ミヤマトリカブト,Aconitum uipponicum,キンポウゲ科,RANUNCULACEAE,185,369,日本の野生植物 第1巻,Thalictrum,aconitum,The row's genus field should match the first word of the scientific name.,This usually means parser state leaked from a neighboring OCR block.
78,genus_scientific_conflicts_with_scientific_name,profile_candidate,plant-profile-001291,ミヤマドジョウツナギ,Glyceria alnasteretum,イネ科,POACEAE,154,306,日本の野生植物 第1巻,Glyeeria,glyceria,The row's genus field should match the first word of the scientific name.,This usually means parser state leaked from a neighboring OCR block.
78,genus_scientific_conflicts_with_scientific_name,profile_candidate,plant-profile-000808,ミヤマヌカボシソウ,Luzula jimboi,イグサ科,JUNCACEAE,111,220,日本の野生植物 第1巻,Juncus,luzula,The row's genus field should match the first word of the scientific name.,This usually means parser state leaked from a neighboring OCR block.
78,genus_scientific_conflicts_with_scientific_name,profile_candidate,plant-profile-001277,ミヤマノガリヤス,Calamagrostis sesquiflora,イネ科,POACEAE,152,,日本の野生植物 第1巻,BromIs,calamagrostis,The row's genus field should match the first word of the scientific name.,This usually means parser state leaked from a neighboring OCR block.
78,genus_scientific_conflicts_with_scientific_name,profile_candidate,plant-profile-001188,ミヤマホタルイ,Schoenoplectiella hondoensis,カヤツリグサ科,CYPERACEAE,137,,日本の野生植物 第1巻,Schoenopleetiella,schoenoplectiella,The row's genus field should match the first word of the scientific name.,This usually means parser state leaked from a neighboring OCR block.
78,genus_scientific_conflicts_with_scientific_name,profile_candidate,plant-profile-002108,ミヤマミズ,Pilea angulata,イラクサ科,URTICACEAE,259,,日本の野生植物 第1巻,Pllea,pilea,The row's genus field should match the first word of the scientific name.,This usually means parser state leaked from a neighboring OCR block.
78,genus_scientific_conflicts_with_scientific_name,profile_candidate,plant-profile-000565,ミヤマモジズリ,Neottianthe cueullata,ラン科,ORCHIDACEAE,84,,日本の野生植物 第1巻,Neottia,neottianthe,The row's genus field should match the first word of the scientific name.,This usually means parser state leaked from a neighboring OCR block.
78,genus_scientific_conflicts_with_scientific_name,profile_candidate,plant-profile-003536,ミヤマリンドウ,Gentiana nipponiea,アカネ科,RUBIACEAE,155,,日本の野生植物 第2巻,Swertia,gentiana,The row's genus field should match the first word of the scientific name.,This usually means parser state leaked from a neighboring OCR block.
78,genus_scientific_conflicts_with_scientific_name,profile_candidate,plant-profile-000561,ムカゴサイシン,Nervila nipponiea,ラン科,ORCHIDACEAE,84,167,日本の野生植物 第1巻,Nervilia,nervila,The row's genus field should match the first word of the scientific name.,This usually means parser state leaked from a neighboring OCR block.
78,genus_scientific_conflicts_with_scientific_name,profile_candidate,plant-profile-000536,ムカゴソウ,Herninium lanceum,ラン科,ORCHIDACEAE,81,,日本の野生植物 第1巻,Herminium,herninium,The row's genus field should match the first word of the scientific name.,This usually means parser state leaked from a neighboring OCR block.
78,genus_scientific_conflicts_with_scientific_name,profile_candidate,plant-profile-004807,ムカゴニンジン,Sium ninsi,セリ科,APIACEAE,306,,日本の野生植物 第2巻,Pterygopleurum,sium,The row's genus field should match the first word of the scientific name.,This usually means parser state leaked from a neighboring OCR block.
78,genus_scientific_conflicts_with_scientific_name,profile_candidate,plant-profile-001721,ムカゴネコノメソウ,Chrysosplenium maximnowiezii,ユキノシタ科,SAXIFRAGACEAE,206,411,日本の野生植物 第1巻,Astilbe,chrysosplenium,The row's genus field should match the first word of the scientific name.,This usually means parser state leaked from a neighboring OCR block.
78,genus_scientific_conflicts_with_scientific_name,profile_candidate,plant-profile-001752,ムカゴユキノシタ,Sasifraga cernua,ユキノシタ科,SAXIFRAGACEAE,209,417,日本の野生植物 第1巻,Saxifraga,sasifraga,The row's genus field should match the first word of the scientific name.,This usually means parser state leaked from a neighboring OCR block.
78,genus_scientific_conflicts_with_scientific_name,profile_candidate,plant-profile-000574,ムカデラン,Pelatantheria seolopendrifolia,ラン科,ORCHIDACEAE,85,,日本の野生植物 第1巻,Oreorehis,pelatantheria,The row's genus field should match the first word of the scientific name.,This usually means parser state leaked from a neighboring OCR block.
78,genus_scientific_conflicts_with_scientific_name,profile_candidate,plant-profile-001089,ムギガラガヤツリ,Cyperus unioloides,カヤツリグサ科,CYPERACEAE,130,259,日本の野生植物 第1巻,Cladium,cyperus,The row's genus field should match the first word of the scientific name.,This usually means parser state leaked from a neighboring OCR block.
78,genus_scientific_conflicts_with_scientific_name,profile_candidate,plant-profile-003804,ムシクサ,Veroniea peregrina,オオバコ科,PLANTAGINACEAE,189,,日本の野生植物 第2巻,Linaria,veroniea,The row's genus field should match the first word of the scientific name.,This usually means parser state leaked from a neighboring OCR block.
78,genus_scientific_conflicts_with_scientific_name,profile_candidate,plant-profile-004371,ムツトウヒレン,Saussurea hosoiana,キク科,ASTERACEAE,258,,日本の野生植物 第2巻,Hemisteptia,saussurea,The row's genus field should match the first word of the scientific name.,This usually means parser state leaked from a neighboring OCR block.
78,genus_scientific_conflicts_with_scientific_name,profile_candidate,plant-profile-001278,ムツノガリヤス,Calamagrostis matsumurae,イネ科,POACEAE,152,,日本の野生植物 第1巻,BromIs,calamagrostis,The row's genus field should match the first word of the scientific name.,This usually means parser state leaked from a neighboring OCR block.
78,genus_scientific_conflicts_with_scientific_name,profile_candidate,plant-profile-001168,ムニンクロガヤ,Galnia aspera,カヤツリグサ科,CYPERACEAE,135,,日本の野生植物 第1巻,Gahnia,galnia,The row's genus field should match the first word of the scientific name.,This usually means parser state leaked from a neighboring OCR block.
78,genus_scientific_conflicts_with_scientific_name,profile_candidate,plant-profile-003267,ムニンクロキ,Symplocos boninensis,ハイノキ科,SYMPLOCACEAE,125,,日本の野生植物 第2巻,Syuplocos,symplocos,The row's genus field should match the first word of the scientific name.,This usually means parser state leaked from a neighboring OCR block.
78,genus_scientific_conflicts_with_scientific_name,profile_candidate,plant-profile-002779,ムニンゴシュユ,Melicope nishimurae,ミカン科,RUTACEAE,56,,日本の野生植物 第2巻,Glyeosmis,melicope,The row's genus field should match the first word of the scientific name.,This usually means parser state leaked from a neighboring OCR block.
78,genus_scientific_conflicts_with_scientific_name,profile_candidate,plant-profile-003428,ムニンシャシャンボ,Vaceinium boninense,ツツジ科,ERICACEAE,142,,日本の野生植物 第2巻,Vaccinium,vaceinium,The row's genus field should match the first word of the scientific name.,This usually means parser state leaked from a neighboring OCR block.
78,genus_scientific_conflicts_with_scientific_name,profile_candidate,plant-profile-002714,ムニンノボタン,Melastoma tetramerum,ノボタン科,MELASTOMATACEAE,48,94,日本の野生植物 第2巻,Bredia,melastoma,The row's genus field should match the first word of the scientific name.,This usually means parser state leaked from a neighboring OCR block.
78,genus_scientific_conflicts_with_scientific_name,profile_candidate,plant-profile-004731,ムニンヤツデ,Fatsia oligoearpella,ウコギ科,ARALIACEAE,298,,日本の野生植物 第2巻,Eleutherococeus,fatsia,The row's genus field should match the first word of the scientific name.,This usually means parser state leaked from a neighboring OCR block.
78,genus_scientific_conflicts_with_scientific_name,profile_candidate,plant-profile-000538,ムヨウラン,Lecanorehis japoniea,ラン科,ORCHIDACEAE,82,162,日本の野生植物 第1巻,Herminium,lecanorehis,The row's genus field should match the first word of the scientific name.,This usually means parser state leaked from a neighboring OCR block.
78,genus_scientific_conflicts_with_scientific_name,profile_candidate,plant-profile-001927,ムラサキウマゴヤシ,Medicago sativa,マメ科,FABACEAE,236,470,日本の野生植物 第1巻,Medieago,medicago,The row's genus field should match the first word of the scientific name.,This usually means parser state leaked from a neighboring OCR block.
78,genus_scientific_conflicts_with_scientific_name,profile_candidate,plant-profile-003555,ムラサキセンプリ,Swertia pseudochinensis,アカネ科,RUBIACEAE,157,,日本の野生植物 第2巻,Schenkia,swertia,The row's genus field should match the first word of the scientific name.,This usually means parser state leaked from a neighboring OCR block.
78,genus_scientific_conflicts_with_scientific_name,profile_candidate,plant-profile-004417,ムラサキニガナ,Paraprenanthes sororia,キク科,ASTERACEAE,263,,日本の野生植物 第2巻,Nabalus,paraprenanthes,The row's genus field should match the first word of the scientific name.,This usually means parser state leaked from a neighboring OCR block.
78,genus_scientific_conflicts_with_scientific_name,profile_candidate,plant-profile-003350,ムラサキヤシオツツジ,Rhododendron albrechtii,ツツジ科,ERICACEAE,136,,日本の野生植物 第2巻,Phyllodoce,rhododendron,The row's genus field should match the first word of the scientific name.,This usually means parser state leaked from a neighboring OCR block.
78,genus_scientific_conflicts_with_scientific_name,profile_candidate,plant-profile-000209,ムロウテンナンショウ,Arisaemna yamatense,サトイモ科,ARACEAE,43,,日本の野生植物 第1巻,Arisaema,arisaemna,The row's genus field should match the first word of the scientific name.,This usually means parser state leaked from a neighboring OCR block.
78,genus_scientific_conflicts_with_scientific_name,profile_candidate,plant-profile-002217,メアカンキンバイ,Sibbaldia miyabei,バラ科,ROSACEAE,270,,日本の野生植物 第1巻,Sanguisorba,sibbaldia,The row's genus field should match the first word of the scientific name.,This usually means parser state leaked from a neighboring OCR block.
78,genus_scientific_conflicts_with_scientific_name,profile_candidate,plant-profile-001449,メガルカヤ,Themeda barbata,イネ科,POACEAE,174,,日本の野生植物 第1巻,Stenotaphrum,themeda,The row's genus field should match the first word of the scientific name.,This usually means parser state leaked from a neighboring OCR block.
78,genus_scientific_conflicts_with_scientific_name,profile_candidate,plant-profile-001213,メダケ,Pleioblastus simonii,イネ科,POACEAE,145,,日本の野生植物 第1巻,Plyllostaclys,pleioblastus,The row's genus field should match the first word of the scientific name.,This usually means parser state leaked from a neighboring OCR block.
78,genus_scientific_conflicts_with_scientific_name,profile_candidate,plant-profile-002701,メマツヨイグサ,Oenothera biennis,アカバナ科,ONAGRACEAE,46,90,日本の野生植物 第2巻,Ludwigi,oenothera,The row's genus field should match the first word of the scientific name.,This usually means parser state leaked from a neighboring OCR block.
78,genus_scientific_conflicts_with_scientific_name,profile_candidate,plant-profile-001101,メリケンガヤツリ,Cyperus eragrostis,カヤツリグサ科,CYPERACEAE,131,260,日本の野生植物 第1巻,Cladium,cyperus,The row's genus field should match the first word of the scientific name.,This usually means parser state leaked from a neighboring OCR block.
78,genus_scientific_conflicts_with_scientific_name,profile_candidate,plant-profile-000759,モウコガマ,Typha laxmannii,ガマ科,TYPHACEAE,107,,日本の野生植物 第1巻,Sparganium,typha,The row's genus field should match the first word of the scientific name.,This usually means parser state leaked from a neighboring OCR block.
78,genus_scientific_conflicts_with_scientific_name,profile_candidate,plant-profile-002999,モウセンゴケ,Drosera rotundifolia,タデ科,POLYGONACEAE,91,,日本の野生植物 第2巻,Drosena,drosera,The row's genus field should match the first word of the scientific name.,This usually means parser state leaked from a neighboring OCR block.
78,genus_scientific_conflicts_with_scientific_name,profile_candidate,plant-profile-001214,モウソウチク,Phyllostachys edulis,イネ科,POACEAE,145,,日本の野生植物 第1巻,Plyllostaclys,phyllostachys,The row's genus field should match the first word of the scientific name.,This usually means parser state leaked from a neighboring OCR block.
78,genus_scientific_conflicts_with_scientific_name,profile_candidate,plant-profile-002398,モクレイシ,Microtropis japoniea,ニシキギ科,CELASTRACEAE,293,,日本の野生植物 第1巻,Gymnosporia,microtropis,The row's genus field should match the first word of the scientific name.,This usually means parser state leaked from a neighboring OCR block.
78,genus_scientific_conflicts_with_scientific_name,profile_candidate,plant-profile-003357,モチツツジ,Rhododendron macrosepalum,ツツジ科,ERICACEAE,137,272,日本の野生植物 第2巻,Phyllodoce,rhododendron,The row's genus field should match the first word of the scientific name.,This usually means parser state leaked from a neighboring OCR block.
78,genus_scientific_conflicts_with_scientific_name,profile_candidate,plant-profile-002369,モミジカラスウリ,Trichosanthes multiloba,ウリ科,CUCURBITACEAE,290,,日本の野生植物 第1巻,Thadiantha,trichosanthes,The row's genus field should match the first word of the scientific name.,This usually means parser state leaked from a neighboring OCR block.
78,genus_scientific_conflicts_with_scientific_name,profile_candidate,plant-profile-001661,モミジカラマツ,Trautvetteria palmata,キンポウゲ科,RANUNCULACEAE,196,,日本の野生植物 第1巻,Thalictrum,trautvetteria,The row's genus field should match the first word of the scientific name.,This usually means parser state leaked from a neighboring OCR block.
78,genus_scientific_conflicts_with_scientific_name,profile_candidate,plant-profile-004472,モミジコウモリ,Parasenecio kiusianus,キク科,ASTERACEAE,272,542,日本の野生植物 第2巻,Nemnosenecio,parasenecio,The row's genus field should match the first word of the scientific name.,This usually means parser state leaked from a neighboring OCR block.
78,genus_scientific_conflicts_with_scientific_name,profile_candidate,plant-profile-001750,モミジチャルメルソウ,Mitella acerina,ユキノシタ科,SAXIFRAGACEAE,208,,日本の野生植物 第1巻,Astilbe,mitella,The row's genus field should match the first word of the scientific name.,This usually means parser state leaked from a neighboring OCR block.
78,genus_scientific_conflicts_with_scientific_name,profile_candidate,plant-profile-002267,モモ,Prunus persica,バラ科,ROSACEAE,276,,日本の野生植物 第1巻,Padus,prunus,The row's genus field should match the first word of the scientific name.,This usually means parser state leaked from a neighboring OCR block.
78,genus_scientific_conflicts_with_scientific_name,profile_candidate,plant-profile-003707,モンパノキ,Heliotropium foertherianum,ムラサキ科,BORAGINACEAE,175,349,日本の野生植物 第2巻,Ehretia,heliotropium,The row's genus field should match the first word of the scientific name.,This usually means parser state leaked from a neighboring OCR block.
78,genus_scientific_conflicts_with_scientific_name,profile_candidate,plant-profile-003894,ヤエヤマキランソウ,Ajuga taiwanensis,シソ科,LAMIACEAE,200,,日本の野生植物 第2巻,Premna,ajuga,The row's genus field should match the first word of the scientific name.,This usually means parser state leaked from a neighboring OCR block.
78,genus_scientific_conflicts_with_scientific_name,profile_candidate,plant-profile-003285,ヤエヤマクロバイ,Symplocos eaudata,ハイノキ科,SYMPLOCACEAE,126,,日本の野生植物 第2巻,Syuplocos,symplocos,The row's genus field should match the first word of the scientific name.,This usually means parser state leaked from a neighboring OCR block.
78,genus_scientific_conflicts_with_scientific_name,profile_candidate,plant-profile-004645,ヤエヤマコウゾリナ,Blumea lacera,キク科,ASTERACEAE,288,,日本の野生植物 第2巻,Blunea,blumea,The row's genus field should match the first word of the scientific name.,This usually means parser state leaked from a neighboring OCR block.
78,genus_scientific_conflicts_with_scientific_name,profile_candidate,plant-profile-003658,ヤエヤマメジロホオズキ,Lyeianthes laevis,ナス科,SOLANACEAE,170,338,日本の野生植物 第2巻,Lycianthes,lyeianthes,The row's genus field should match the first word of the scientific name.,This usually means parser state leaked from a neighboring OCR block.
78,genus_scientific_conflicts_with_scientific_name,profile_candidate,plant-profile-000529,ヤクシマアカシュスラン,Hetaeria yakusimensis,ラン科,ORCHIDACEAE,81,160,日本の野生植物 第1巻,Herminium,hetaeria,The row's genus field should match the first word of the scientific name.,This usually means parser state leaked from a neighboring OCR block.
78,genus_scientific_conflicts_with_scientific_name,profile_candidate,plant-profile-004486,ヤクシマコウモリ,Paraseneeio yakusimensis,キク科,ASTERACEAE,272,,日本の野生植物 第2巻,Nemnosenecio,paraseneeio,The row's genus field should match the first word of the scientific name.,This usually means parser state leaked from a neighboring OCR block.
78,genus_scientific_conflicts_with_scientific_name,profile_candidate,plant-profile-003351,ヤクシマシャクナゲ,Rhododendron yakushimnanum,ツツジ科,ERICACEAE,136,,日本の野生植物 第2巻,Phyllodoce,rhododendron,The row's genus field should match the first word of the scientific name.,This usually means parser state leaked from a neighboring OCR block.
78,genus_scientific_conflicts_with_scientific_name,profile_candidate,plant-profile-000589,ヤクシマチドリ,Platanthera amabilis,ラン科,ORCHIDACEAE,87,173,日本の野生植物 第1巻,Peristylus,platanthera,The row's genus field should match the first word of the scientific name.,This usually means parser state leaked from a neighboring OCR block.
78,genus_scientific_conflicts_with_scientific_name,profile_candidate,plant-profile-004397,ヤクシマニガナ,Ixeridium parvum,キク科,ASTERACEAE,261,,日本の野生植物 第2巻,Hypochaeris,ixeridium,The row's genus field should match the first word of the scientific name.,This usually means parser state leaked from a neighboring OCR block.
78,genus_scientific_conflicts_with_scientific_name,profile_candidate,plant-profile-000608,ヤクシマネッタイラン,Tropidia nipponiea,ラン科,ORCHIDACEAE,89,177,日本の野生植物 第1巻,Tipularia,tropidia,The row's genus field should match the first word of the scientific name.,This usually means parser state leaked from a neighboring OCR block.
78,genus_scientific_conflicts_with_scientific_name,profile_candidate,plant-profile-000533,ヤクシマヒメアリドオシラン,Kuhilhasseltia yakushimensis,ラン科,ORCHIDACEAE,81,161,日本の野生植物 第1巻,Herminium,kuhilhasseltia,The row's genus field should match the first word of the scientific name.,This usually means parser state leaked from a neighboring OCR block.
78,genus_scientific_conflicts_with_scientific_name,profile_candidate,plant-profile-003389,ヤクシマミツバツツジ,Rhododendron yakumontanum,ツツジ科,ERICACEAE,138,,日本の野生植物 第2巻,Phyllodoce,rhododendron,The row's genus field should match the first word of the scientific name.,This usually means parser state leaked from a neighboring OCR block.
78,genus_scientific_conflicts_with_scientific_name,profile_candidate,plant-profile-003358,ヤクシマヤマツツジ,Rhododendron yakuinsulare,ツツジ科,ERICACEAE,137,272,日本の野生植物 第2巻,Phyllodoce,rhododendron,The row's genus field should match the first word of the scientific name.,This usually means parser state leaked from a neighboring OCR block.
78,genus_scientific_conflicts_with_scientific_name,profile_candidate,plant-profile-003352,ヤクシマヨウラクツツジ,Rhododendron yakushimense,ツツジ科,ERICACEAE,136,,日本の野生植物 第2巻,Phyllodoce,rhododendron,The row's genus field should match the first word of the scientific name.,This usually means parser state leaked from a neighboring OCR block.
78,genus_scientific_conflicts_with_scientific_name,profile_candidate,plant-profile-003537,ヤクシマリンドウ,Gentiana yakushimensis,アカネ科,RUBIACEAE,155,,日本の野生植物 第2巻,Swertia,gentiana,The row's genus field should match the first word of the scientific name.,This usually means parser state leaked from a neighboring OCR block.
78,genus_scientific_conflicts_with_scientific_name,profile_candidate,plant-profile-000325,ヤクノヒナホシ,Saionia yamashitae,タヌキノショクダイ科,THISMIACEAE,57,,日本の野生植物 第1巻,Thismia,saionia,The row's genus field should match the first word of the scientific name.,This usually means parser state leaked from a neighboring OCR block.
78,genus_scientific_conflicts_with_scientific_name,profile_candidate,plant-profile-000239,ヤシュウハナゼキショウ,Tofeldia furusei,チシマゼキショウ科,TOFIELDIACEAE,46,,日本の野生植物 第1巻,Tofieldia,tofeldia,The row's genus field should match the first word of the scientific name.,This usually means parser state leaked from a neighboring OCR block.
78,genus_scientific_conflicts_with_scientific_name,profile_candidate,plant-profile-000842,ヤチカワズスゲ,Cares omiana,カヤツリグサ科,CYPERACEAE,116,231,日本の野生植物 第1巻,Carex,cares,The row's genus field should match the first word of the scientific name.,This usually means parser state leaked from a neighboring OCR block.
78,genus_scientific_conflicts_with_scientific_name,profile_candidate,plant-profile-004727,ヤツデ,Fatsia japoniea,ウコギ科,ARALIACEAE,298,594,日本の野生植物 第2巻,Eleutherococeus,fatsia,The row's genus field should match the first word of the scientific name.,This usually means parser state leaked from a neighboring OCR block.
78,genus_scientific_conflicts_with_scientific_name,profile_candidate,plant-profile-002919,ヤドリギ,Viseum album,ビャクダン科,SANTALACEAE,81,,日本の野生植物 第2巻,Santalum,viseum,The row's genus field should match the first word of the scientific name.,This usually means parser state leaked from a neighboring OCR block.
78,genus_scientific_conflicts_with_scientific_name,profile_candidate,plant-profile-000254,ヤナギスブタ,Blysa japoniea,トチカガミ科,HYDROCHARITACEAE,48,,日本の野生植物 第1巻,Blyxa,blysa,The row's genus field should match the first word of the scientific name.,This usually means parser state leaked from a neighboring OCR block.
78,genus_scientific_conflicts_with_scientific_name,profile_candidate,plant-profile-004398,ヤナギニガナ,Ixeridium laevigatum,キク科,ASTERACEAE,261,,日本の野生植物 第2巻,Hypochaeris,ixeridium,The row's genus field should match the first word of the scientific name.,This usually means parser state leaked from a neighboring OCR block.
78,genus_scientific_conflicts_with_scientific_name,profile_candidate,plant-profile-002976,ヤナギヌカボ,Persiearia foliosa,タデ科,POLYGONACEAE,88,,日本の野生植物 第2巻,Persicaria,persiearia,The row's genus field should match the first word of the scientific name.,This usually means parser state leaked from a neighboring OCR block.
78,genus_scientific_conflicts_with_scientific_name,profile_candidate,plant-profile-000295,ヤナギモ,Potamogeton oxyphyllus,ヒルムシロ科,POTAMOGETONACEAE,53,105,日本の野生植物 第1巻,Stuckenia,potamogeton,The row's genus field should match the first word of the scientific name.,This usually means parser state leaked from a neighboring OCR block.
78,genus_scientific_conflicts_with_scientific_name,profile_candidate,plant-profile-004622,ヤハズハハコ,Anaphalis siniea,キク科,ASTERACEAE,285,,日本の野生植物 第2巻,Tripleurospermum,anaphalis,The row's genus field should match the first word of the scientific name.,This usually means parser state leaked from a neighboring OCR block.
78,genus_scientific_conflicts_with_scientific_name,profile_candidate,plant-profile-004340,ヤハズヒゴタイ,Saussurea triptera,キク科,ASTERACEAE,257,512,日本の野生植物 第2巻,Hemisteptia,saussurea,The row's genus field should match the first word of the scientific name.,This usually means parser state leaked from a neighboring OCR block.
78,genus_scientific_conflicts_with_scientific_name,profile_candidate,plant-profile-001796,ヤハズマンネングサ,Sedam tosaense,ベンケイソウ科,CRASSULACEAE,214,,日本の野生植物 第1巻,Sedum,sedam,The row's genus field should match the first word of the scientific name.,This usually means parser state leaked from a neighboring OCR block.
78,genus_scientific_conflicts_with_scientific_name,profile_candidate,plant-profile-004833,ヤブデマリ,Viburnum plicatum,ガマズミ科,VIBURNACEAE,310,,日本の野生植物 第2巻,Sambucus,viburnum,The row's genus field should match the first word of the scientific name.,This usually means parser state leaked from a neighboring OCR block.
78,genus_scientific_conflicts_with_scientific_name,profile_candidate,plant-profile-004856,ヤブヒョウタンボク,Lonicera linderifolia,スイカズラ科,CAPRIFOLIACEAE,313,,日本の野生植物 第2巻,Linnaea,lonicera,The row's genus field should match the first word of the scientific name.,This usually means parser state leaked from a neighboring OCR block.
78,genus_scientific_conflicts_with_scientific_name,profile_candidate,plant-profile-000691,ヤブラン,Liriope museari,クサスギカズラ科,ASPARAGACEAE,98,,日本の野生植物 第1巻,Hosta,liriope,The row's genus field should match the first word of the scientific name.,This usually means parser state leaked from a neighboring OCR block.
78,genus_scientific_conflicts_with_scientific_name,profile_candidate,plant-profile-001266,ヤマアワ,Calamagrostis epigeios,イネ科,POACEAE,151,,日本の野生植物 第1巻,BromIs,calamagrostis,The row's genus field should match the first word of the scientific name.,This usually means parser state leaked from a neighboring OCR block.
78,genus_scientific_conflicts_with_scientific_name,profile_candidate,plant-profile-004857,ヤマウグイスカグラ,Lonicera gracilipes,スイカズラ科,CAPRIFOLIACEAE,313,,日本の野生植物 第2巻,Linnaea,lonicera,The row's genus field should match the first word of the scientific name.,This usually means parser state leaked from a neighboring OCR block.
78,genus_scientific_conflicts_with_scientific_name,profile_candidate,plant-profile-004027,ヤマウツボ,Latlraea japonica,ハマウツボ科,OROBANCHACEAE,218,,日本の野生植物 第2巻,Euphrasia,latlraea,The row's genus field should match the first word of the scientific name.,This usually means parser state leaked from a neighboring OCR block.
78,genus_scientific_conflicts_with_scientific_name,profile_candidate,plant-profile-000957,ヤマオオイトスゲ,Cares clivorum,カヤツリグサ科,CYPERACEAE,122,,日本の野生植物 第1巻,Carex,cares,The row's genus field should match the first word of the scientific name.,This usually means parser state leaked from a neighboring OCR block.
78,genus_scientific_conflicts_with_scientific_name,profile_candidate,plant-profile-001551,ヤマオダマキ,Aguilegia buergeriana,キンポウゲ科,RANUNCULACEAE,187,373,日本の野生植物 第1巻,Aquilegia,aguilegia,The row's genus field should match the first word of the scientific name.,This usually means parser state leaked from a neighboring OCR block.
78,genus_scientific_conflicts_with_scientific_name,profile_candidate,plant-profile-004372,ヤマガタトウヒレン,Saussurea yamagataensis,キク科,ASTERACEAE,258,,日本の野生植物 第2巻,Hemisteptia,saussurea,The row's genus field should match the first word of the scientific name.,This usually means parser state leaked from a neighboring OCR block.
78,genus_scientific_conflicts_with_scientific_name,profile_candidate,plant-profile-002851,ヤマガラシ,Barbarea orthoceras,アブラナ科,BRASSICACEAE,71,,日本の野生植物 第2巻,Arabis,barbarea,The row's genus field should match the first word of the scientific name.,This usually means parser state leaked from a neighboring OCR block.
78,genus_scientific_conflicts_with_scientific_name,profile_candidate,plant-profile-003826,ヤマクワガタ,Veroniea japonensis,オオバコ科,PLANTAGINACEAE,190,,日本の野生植物 第2巻,Linaria,veroniea,The row's genus field should match the first word of the scientific name.,This usually means parser state leaked from a neighboring OCR block.
78,genus_scientific_conflicts_with_scientific_name,profile_candidate,plant-profile-000598,ヤマサギソウ,Platanthera mandarinorum,ラン科,ORCHIDACEAE,87,,日本の野生植物 第1巻,Peristylus,platanthera,The row's genus field should match the first word of the scientific name.,This usually means parser state leaked from a neighboring OCR block.
78,genus_scientific_conflicts_with_scientific_name,profile_candidate,plant-profile-003933,ヤマジオウ,Ajugoides humilis,シソ科,LAMIACEAE,205,,日本の野生植物 第2巻,Suzukia,ajugoides,The row's genus field should match the first word of the scientific name.,This usually means parser state leaked from a neighboring OCR block.
78,genus_scientific_conflicts_with_scientific_name,profile_candidate,plant-profile-000433,ヤマジノホトトギス,Tricyrtis affnis,ユリ科,LILIACEAE,68,,日本の野生植物 第1巻,Twricyatis,tricyrtis,The row's genus field should match the first word of the scientific name.,This usually means parser state leaked from a neighboring OCR block.
78,genus_scientific_conflicts_with_scientific_name,profile_candidate,plant-profile-000814,ヤマスズメノヒエ,Luzula multillora,イグサ科,JUNCACEAE,111,,日本の野生植物 第1巻,Juncus,luzula,The row's genus field should match the first word of the scientific name.,This usually means parser state leaked from a neighboring OCR block.
78,genus_scientific_conflicts_with_scientific_name,profile_candidate,plant-profile-003909,ヤマタツナミソウ,Scutellaria pekinensis,シソ科,LAMIACEAE,202,,日本の野生植物 第2巻,Seutellaria,scutellaria,The row's genus field should match the first word of the scientific name.,This usually means parser state leaked from a neighboring OCR block.
78,genus_scientific_conflicts_with_scientific_name,profile_candidate,plant-profile-003374,ヤマツツジ,Rhododendron kaempferi,ツツジ科,ERICACEAE,137,,日本の野生植物 第2巻,Phyllodoce,rhododendron,The row's genus field should match the first word of the scientific name.,This usually means parser state leaked from a neighboring OCR block.
78,genus_scientific_conflicts_with_scientific_name,profile_candidate,plant-profile-000907,ヤマテキリスゲ,Cares fabellata,カヤツリグサ科,CYPERACEAE,119,,日本の野生植物 第1巻,Carex,cares,The row's genus field should match the first word of the scientific name.,This usually means parser state leaked from a neighboring OCR block.
78,genus_scientific_conflicts_with_scientific_name,profile_candidate,plant-profile-000599,ヤマトキソウ,Pogonia minor,ラン科,ORCHIDACEAE,87,,日本の野生植物 第1巻,Peristylus,pogonia,The row's genus field should match the first word of the scientific name.,This usually means parser state leaked from a neighboring OCR block.
78,genus_scientific_conflicts_with_scientific_name,profile_candidate,plant-profile-002085,ヤマトキホコリ,Elatostema laetevirens,イラクサ科,URTICACEAE,257,,日本の野生植物 第1巻,Debregeasia,elatostema,The row's genus field should match the first word of the scientific name.,This usually means parser state leaked from a neighboring OCR block.
78,genus_scientific_conflicts_with_scientific_name,profile_candidate,plant-profile-001289,ヤマトボシガラ,Festuea japoniea,イネ科,POACEAE,153,,日本の野生植物 第1巻,Eliytrigia,festuea,The row's genus field should match the first word of the scientific name.,This usually means parser state leaked from a neighboring OCR block.
78,genus_scientific_conflicts_with_scientific_name,profile_candidate,plant-profile-001518,ヤマトリカブト,Aconitum japonicum,キンポウゲ科,RANUNCULACEAE,184,367,日本の野生植物 第1巻,Thalictrum,aconitum,The row's genus field should match the first word of the scientific name.,This usually means parser state leaked from a neighboring OCR block.
78,genus_scientific_conflicts_with_scientific_name,profile_candidate,plant-profile-002274,ヤマナシ,Pyrus pyrifolia,バラ科,ROSACEAE,277,,日本の野生植物 第1巻,Padus,pyrus,The row's genus field should match the first word of the scientific name.,This usually means parser state leaked from a neighboring OCR block.
78,genus_scientific_conflicts_with_scientific_name,profile_candidate,plant-profile-004409,ヤマニガナ,Lactuca raddeana,キク科,ASTERACEAE,262,,日本の野生植物 第2巻,Ixeris,lactuca,The row's genus field should match the first word of the scientific name.,This usually means parser state leaked from a neighboring OCR block.
78,genus_scientific_conflicts_with_scientific_name,profile_candidate,plant-profile-001736,ヤマネコノメソウ,Chrysosplenium japonicum,ユキノシタ科,SAXIFRAGACEAE,207,,日本の野生植物 第1巻,Astilbe,chrysosplenium,The row's genus field should match the first word of the scientific name.,This usually means parser state leaked from a neighboring OCR block.
78,genus_scientific_conflicts_with_scientific_name,profile_candidate,plant-profile-002731,ヤマハゼ,Toxicodendron sylvestre,ウルシ科,ANACARDIACEAE,50,,日本の野生植物 第2巻,Schinus,toxicodendron,The row's genus field should match the first word of the scientific name.,This usually means parser state leaked from a neighboring OCR block.
78,genus_scientific_conflicts_with_scientific_name,profile_candidate,plant-profile-001737,ヤマハナソウ,Mieranthes sachalinensis,ユキノシタ科,SAXIFRAGACEAE,207,,日本の野生植物 第1巻,Astilbe,mieranthes,The row's genus field should match the first word of the scientific name.,This usually means parser state leaked from a neighboring OCR block.
78,genus_scientific_conflicts_with_scientific_name,profile_candidate,plant-profile-004623,ヤマハハコ,Anaphalis margaritacea,キク科,ASTERACEAE,285,,日本の野生植物 第2巻,Tripleurospermum,anaphalis,The row's genus field should match the first word of the scientific name.,This usually means parser state leaked from a neighboring OCR block.
78,genus_scientific_conflicts_with_scientific_name,profile_candidate,plant-profile-001678,ヤマビワ,Meliosma rigida,アワブキ科,SABIACEAE,198,,日本の野生植物 第1巻,Sabia,meliosma,The row's genus field should match the first word of the scientific name.,This usually means parser state leaked from a neighboring OCR block.
78,genus_scientific_conflicts_with_scientific_name,profile_candidate,plant-profile-001984,ヤマフジ,Wisteria brachybotrys,マメ科,FABACEAE,244,486,日本の野生植物 第1巻,Thermopsis,wisteria,The row's genus field should match the first word of the scientific name.,This usually means parser state leaked from a neighboring OCR block.
78,genus_scientific_conflicts_with_scientific_name,profile_candidate,plant-profile-001825,ヤマブドウ,Vitis coignetiae,ブドウ科,VITACEAE,218,,日本の野生植物 第1巻,Tetrastigma,vitis,The row's genus field should match the first word of the scientific name.,This usually means parser state leaked from a neighboring OCR block.
78,genus_scientific_conflicts_with_scientific_name,profile_candidate,plant-profile-003675,ヤマホロシ,Solanum japonense,ナス科,SOLANACEAE,172,343,日本の野生植物 第2巻,Seopolia,solanum,The row's genus field should match the first word of the scientific name.,This usually means parser state leaked from a neighboring OCR block.
78,genus_scientific_conflicts_with_scientific_name,profile_candidate,plant-profile-002098,ヤマミズ,Pilea japoniea,イラクサ科,URTICACEAE,259,516,日本の野生植物 第1巻,Pllea,pilea,The row's genus field should match the first word of the scientific name.,This usually means parser state leaked from a neighboring OCR block.
78,genus_scientific_conflicts_with_scientific_name,profile_candidate,plant-profile-001337,ヤマミゾイチゴツナギ,Poa hisanchil,イネ科,POACEAE,157,,日本の野生植物 第1巻,Phleum,poa,The row's genus field should match the first word of the scientific name.,This usually means parser state leaked from a neighboring OCR block.
78,genus_scientific_conflicts_with_scientific_name,profile_candidate,plant-profile-003727,ヤマルリソウ,Nihon japonicum,ムラサキ科,BORAGINACEAE,178,,日本の野生植物 第2巻,Myosotis,nihon,The row's genus field should match the first word of the scientific name.,This usually means parser state leaked from a neighboring OCR block.
78,genus_scientific_conflicts_with_scientific_name,profile_candidate,plant-profile-001757,ヤワタソウ,Peltoboykinia tellimoides,ユキノシタ科,SAXIFRAGACEAE,209,,日本の野生植物 第1巻,Astilbe,peltoboykinia,The row's genus field should match the first word of the scientific name.,This usually means parser state leaked from a neighboring OCR block.
78,genus_scientific_conflicts_with_scientific_name,profile_candidate,plant-profile-000616,ヤンバルキヌラン,Zeuxine tenuifolia,ラン科,ORCHIDACEAE,90,179,日本の野生植物 第1巻,Vrydagzynea,zeuxine,The row's genus field should match the first word of the scientific name.,This usually means parser state leaked from a neighboring OCR block.
78,genus_scientific_conflicts_with_scientific_name,profile_candidate,plant-profile-003944,ヤンバルツルハッカ,Leueas mollissima,シソ科,LAMIACEAE,207,,日本の野生植物 第2巻,Leucas,leueas,The row's genus field should match the first word of the scientific name.,This usually means parser state leaked from a neighboring OCR block.
78,genus_scientific_conflicts_with_scientific_name,profile_candidate,plant-profile-003684,ヤンバルナスビ,Solanum erianthum,ナス科,SOLANACEAE,172,,日本の野生植物 第2巻,Seopolia,solanum,The row's genus field should match the first word of the scientific name.,This usually means parser state leaked from a neighboring OCR block.
78,genus_scientific_conflicts_with_scientific_name,profile_candidate,plant-profile-004074,ヤンバルハグロソウ,Dicliptera chinensis,キツネノマゴ科,ACANTHACEAE,224,446,日本の野生植物 第2巻,Codonacanthus,dicliptera,The row's genus field should match the first word of the scientific name.,This usually means parser state leaked from a neighboring OCR block.
78,genus_scientific_conflicts_with_scientific_name,profile_candidate,plant-profile-003278,ヤンバルミミズバイ,Symplocos stellaris,ハイノキ科,SYMPLOCACEAE,126,250,日本の野生植物 第2巻,Syuplocos,symplocos,The row's genus field should match the first word of the scientific name.,This usually means parser state leaked from a neighboring OCR block.
78,genus_scientific_conflicts_with_scientific_name,profile_candidate,plant-profile-003247,ユウバリコザクラ,Primula yuparensis,サクラソウ科,PRIMULACEAE,122,,日本の野生植物 第2巻,Lysimachia,primula,The row's genus field should match the first word of the scientific name.,This usually means parser state leaked from a neighboring OCR block.
78,genus_scientific_conflicts_with_scientific_name,profile_candidate,plant-profile-004331,ユウバリトウヒレン,Saussurea yubarimoutana,キク科,ASTERACEAE,256,,日本の野生植物 第2巻,Hemisteptia,saussurea,The row's genus field should match the first word of the scientific name.,This usually means parser state leaked from a neighboring OCR block.
78,genus_scientific_conflicts_with_scientific_name,profile_candidate,plant-profile-003390,ユキグニミツバツツジ,Rhododendron lagopus,ツツジ科,ERICACEAE,138,,日本の野生植物 第2巻,Phyllodoce,rhododendron,The row's genus field should match the first word of the scientific name.,This usually means parser state leaked from a neighboring OCR block.
78,genus_scientific_conflicts_with_scientific_name,profile_candidate,plant-profile-000700,ユキザサ,Maianthemum japonicum,クサスギカズラ科,ASPARAGACEAE,99,,日本の野生植物 第1巻,Maianthemu,maianthemum,The row's genus field should match the first word of the scientific name.,This usually means parser state leaked from a neighboring OCR block.
78,genus_scientific_conflicts_with_scientific_name,profile_candidate,plant-profile-004332,ユキバヒゴタイ,Saussurea chionophylla,キク科,ASTERACEAE,256,,日本の野生植物 第2巻,Hemisteptia,saussurea,The row's genus field should match the first word of the scientific name.,This usually means parser state leaked from a neighboring OCR block.
78,genus_scientific_conflicts_with_scientific_name,profile_candidate,plant-profile-003248,ユキワリソウ,Primula modesta,サクラソウ科,PRIMULACEAE,122,,日本の野生植物 第2巻,Lysimachia,primula,The row's genus field should match the first word of the scientific name.,This usually means parser state leaked from a neighboring OCR block.
78,genus_scientific_conflicts_with_scientific_name,profile_candidate,plant-profile-002268,ユスラウメ,Prunus tomentosa,バラ科,ROSACEAE,276,,日本の野生植物 第1巻,Padus,prunus,The row's genus field should match the first word of the scientific name.,This usually means parser state leaked from a neighboring OCR block.
78,genus_scientific_conflicts_with_scientific_name,profile_candidate,plant-profile-002885,ユリワサビ,Eutrema tenue,アブラナ科,BRASSICACEAE,75,,日本の野生植物 第2巻,Erysimum,eutrema,The row's genus field should match the first word of the scientific name.,This usually means parser state leaked from a neighboring OCR block.
78,genus_scientific_conflicts_with_scientific_name,profile_candidate,plant-profile-003353,ヨウラクツツジ,Rhododendron kroniae,ツツジ科,ERICACEAE,136,,日本の野生植物 第2巻,Phyllodoce,rhododendron,The row's genus field should match the first word of the scientific name.,This usually means parser state leaked from a neighboring OCR block.
78,genus_scientific_conflicts_with_scientific_name,profile_candidate,plant-profile-002018,ヨコグラノキ,Berehemiella berchemiifolia,クロウメモドキ科,RHAMNACEAE,248,,日本の野生植物 第1巻,Berchemia,berehemiella,The row's genus field should match the first word of the scientific name.,This usually means parser state leaked from a neighboring OCR block.
78,genus_scientific_conflicts_with_scientific_name,profile_candidate,plant-profile-003538,ヨコヤマリンドウ,Gentiana glauca,アカネ科,RUBIACEAE,155,,日本の野生植物 第2巻,Swertia,gentiana,The row's genus field should match the first word of the scientific name.,This usually means parser state leaked from a neighboring OCR block.
78,genus_scientific_conflicts_with_scientific_name,profile_candidate,plant-profile-004049,ヨツバシオガマ,Pedicnlaris japonica,ハマウツボ科,OROBANCHACEAE,220,,日本の野生植物 第2巻,Pedicularis,pedicnlaris,The row's genus field should match the first word of the scientific name.,This usually means parser state leaked from a neighboring OCR block.
78,genus_scientific_conflicts_with_scientific_name,profile_candidate,plant-profile-001972,ヨツバハギ,Vicia nipponica,マメ科,FABACEAE,242,482,日本の野生植物 第1巻,Thermopsis,vicia,The row's genus field should match the first word of the scientific name.,This usually means parser state leaked from a neighboring OCR block.
78,genus_scientific_conflicts_with_scientific_name,profile_candidate,plant-profile-003602,ヨナクニカモメヅル,Vincetoxieum yonakuniense,キョウチクトウ科,APOCYNACEAE,163,325,日本の野生植物 第2巻,Vincetoxicum,vincetoxieum,The row's genus field should match the first word of the scientific name.,This usually means parser state leaked from a neighboring OCR block.
78,genus_scientific_conflicts_with_scientific_name,profile_candidate,plant-profile-001037,ラウススゲ,Cares stylosa,カヤツリグサ科,CYPERACEAE,126,,日本の野生植物 第1巻,Carex,cares,The row's genus field should match the first word of the scientific name.,This usually means parser state leaked from a neighboring OCR block.
78,genus_scientific_conflicts_with_scientific_name,profile_candidate,plant-profile-003701,ラシャナス,Solanum elaeagnifolium,ナス科,SOLANACEAE,173,,日本の野生植物 第2巻,Seopolia,solanum,The row's genus field should match the first word of the scientific name.,This usually means parser state leaked from a neighboring OCR block.
78,genus_scientific_conflicts_with_scientific_name,profile_candidate,plant-profile-002825,ラセンソウ,Triufetta japonica,アオイ科,MALVACEAE,64,,日本の野生植物 第2巻,Triumfetta,triufetta,The row's genus field should match the first word of the scientific name.,This usually means parser state leaked from a neighboring OCR block.
78,genus_scientific_conflicts_with_scientific_name,profile_candidate,plant-profile-001474,リシリヒナゲシ,Papaver fauriei,ケシ科,PAPAVERACEAE,177,,日本の野生植物 第1巻,Hylomecon,papaver,The row's genus field should match the first word of the scientific name.,This usually means parser state leaked from a neighboring OCR block.
78,genus_scientific_conflicts_with_scientific_name,profile_candidate,plant-profile-003446,リュウキュウアリドオシ,Damnaeanthus billorus,アカネ科,RUBIACEAE,146,,日本の野生植物 第2巻,Damnacanthus,damnaeanthus,The row's genus field should match the first word of the scientific name.,This usually means parser state leaked from a neighboring OCR block.
78,genus_scientific_conflicts_with_scientific_name,profile_candidate,plant-profile-002370,リュウキュウカラスウリ,Trichosanthes miyagii,ウリ科,CUCURBITACEAE,290,,日本の野生植物 第1巻,Thadiantha,trichosanthes,The row's genus field should match the first word of the scientific name.,This usually means parser state leaked from a neighboring OCR block.
78,genus_scientific_conflicts_with_scientific_name,profile_candidate,plant-profile-003571,リュウキュウガシワ,Cynanchum liukiuense,キョウチクトウ科,APOCYNACEAE,160,318,日本の野生植物 第2巻,Asclepias,cynanchum,The row's genus field should match the first word of the scientific name.,This usually means parser state leaked from a neighboring OCR block.
78,genus_scientific_conflicts_with_scientific_name,profile_candidate,plant-profile-003832,リュウキュウスズカケ,Veronieastrum liukiuense,オオバコ科,PLANTAGINACEAE,191,,日本の野生植物 第2巻,Veronicastrum,veronieastrum,The row's genus field should match the first word of the scientific name.,This usually means parser state leaked from a neighboring OCR block.
78,genus_scientific_conflicts_with_scientific_name,profile_candidate,plant-profile-003182,リュウキュウナガエサカキ,Adinandra ryukyuensis,サカキ科,PENTAPHYLACACEAE,115,,日本の野生植物 第2巻,Eurya,adinandra,The row's genus field should match the first word of the scientific name.,This usually means parser state leaked from a neighboring OCR block.
78,genus_scientific_conflicts_with_scientific_name,profile_candidate,plant-profile-003268,リュウキュウハイノキ,Symplocos okinawensis,ハイノキ科,SYMPLOCACEAE,125,,日本の野生植物 第2巻,Syuplocos,symplocos,The row's genus field should match the first word of the scientific name.,This usually means parser state leaked from a neighboring OCR block.
78,genus_scientific_conflicts_with_scientific_name,profile_candidate,plant-profile-003561,リュウキュウホウライカズラ,Gardneria liukiuensis,マチン科,LOGANIACEAE,158,,日本の野生植物 第2巻,Mitrasacme,gardneria,The row's genus field should match the first word of the scientific name.,This usually means parser state leaked from a neighboring OCR block.
78,genus_scientific_conflicts_with_scientific_name,profile_candidate,plant-profile-003685,リュウキュウヤナギ,Solanum glaucoplyllam,ナス科,SOLANACEAE,172,,日本の野生植物 第2巻,Seopolia,solanum,The row's genus field should match the first word of the scientific name.,This usually means parser state leaked from a neighboring OCR block.
78,genus_scientific_conflicts_with_scientific_name,profile_candidate,plant-profile-004610,リュウノウギク,Chrysanthemum makinoi,キク科,ASTERACEAE,283,,日本の野生植物 第2巻,Artemisia,chrysanthemum,The row's genus field should match the first word of the scientific name.,This usually means parser state leaked from a neighboring OCR block.
78,genus_scientific_conflicts_with_scientific_name,profile_candidate,plant-profile-003527,リンドウ,Gentiana scabra,リンドウ科,GENTIANACEAE,155,309,日本の野生植物 第2巻,Swertia,gentiana,The row's genus field should match the first word of the scientific name.,This usually means parser state leaked from a neighboring OCR block.
78,genus_scientific_conflicts_with_scientific_name,profile_candidate,plant-profile-004838,リンネソウ,Lianaea borealis,スイカズラ科,CAPRIFOLIACEAE,312,622,日本の野生植物 第2巻,Linnaea,lianaea,The row's genus field should match the first word of the scientific name.,This usually means parser state leaked from a neighboring OCR block.
78,genus_scientific_conflicts_with_scientific_name,profile_candidate,plant-profile-001533,ルイヨウショウマ,Actaea asiatica,キンポウゲ科,RANUNCULACEAE,185,369,日本の野生植物 第1巻,Thalictrum,actaea,The row's genus field should match the first word of the scientific name.,This usually means parser state leaked from a neighboring OCR block.
78,genus_scientific_conflicts_with_scientific_name,profile_candidate,plant-profile-003723,ルリソウ,Nihon krameri,ムラサキ科,BORAGINACEAE,178,355,日本の野生植物 第2巻,Myosotis,nihon,The row's genus field should match the first word of the scientific name.,This usually means parser state leaked from a neighboring OCR block.
78,genus_scientific_conflicts_with_scientific_name,profile_candidate,plant-profile-003482,ルリミノキ,Lasianthus japonieus,アカネ科,RUBIACEAE,149,,日本の野生植物 第2巻,Knoxia,lasianthus,The row's genus field should match the first word of the scientific name.,This usually means parser state leaked from a neighboring OCR block.
78,genus_scientific_conflicts_with_scientific_name,profile_candidate,plant-profile-001527,レイジンソウ,Aconitum loezyanum,キンポウゲ科,RANUNCULACEAE,184,,日本の野生植物 第1巻,Thalictrum,aconitum,The row's genus field should match the first word of the scientific name.,This usually means parser state leaked from a neighboring OCR block.
78,genus_scientific_conflicts_with_scientific_name,profile_candidate,plant-profile-001670,レブンキンバイソウ,Trollius rebunensis,キンポウゲ科,RANUNCULACEAE,197,,日本の野生植物 第1巻,Thalictrum,trollius,The row's genus field should match the first word of the scientific name.,This usually means parser state leaked from a neighboring OCR block.
78,genus_scientific_conflicts_with_scientific_name,profile_candidate,plant-profile-003953,レモンエゴマ,Perilla citriodora,シソ科,LAMIACEAE,208,,日本の野生植物 第2巻,Mosla,perilla,The row's genus field should match the first word of the scientific name.,This usually means parser state leaked from a neighboring OCR block.
78,genus_scientific_conflicts_with_scientific_name,profile_candidate,plant-profile-003336,レンゲツツジ,Rhododendron molle,ツツジ科,ERICACEAE,136,270,日本の野生植物 第2巻,Phyllodoce,rhododendron,The row's genus field should match the first word of the scientific name.,This usually means parser state leaked from a neighboring OCR block.
78,genus_scientific_conflicts_with_scientific_name,profile_candidate,plant-profile-004333,ワカサトウヒレン,Saussurea wakasugiana,キク科,ASTERACEAE,256,,日本の野生植物 第2巻,Hemisteptia,saussurea,The row's genus field should match the first word of the scientific name.,This usually means parser state leaked from a neighboring OCR block.
78,genus_scientific_conflicts_with_scientific_name,profile_candidate,plant-profile-004611,ワカサハマギク,Chrysanthemum wakasaense,キク科,ASTERACEAE,283,,日本の野生植物 第2巻,Artemisia,chrysanthemum,The row's genus field should match the first word of the scientific name.,This usually means parser state leaked from a neighboring OCR block.
78,genus_scientific_conflicts_with_scientific_name,profile_candidate,plant-profile-002886,ワサビ,Eutrema japonicum,アブラナ科,BRASSICACEAE,75,,日本の野生植物 第2巻,Erysimum,eutrema,The row's genus field should match the first word of the scientific name.,This usually means parser state leaked from a neighboring OCR block.
78,genus_scientific_conflicts_with_scientific_name,profile_candidate,plant-profile-001758,ワタナベソウ,Peltoboykinia watanabei,ユキノシタ科,SAXIFRAGACEAE,209,,日本の野生植物 第1巻,Astilbe,peltoboykinia,The row's genus field should match the first word of the scientific name.,This usually means parser state leaked from a neighboring OCR block.
78,genus_scientific_conflicts_with_scientific_name,profile_candidate,plant-profile-000984,ワタリスゲ,Cares conicoides,カヤツリグサ科,CYPERACEAE,123,,日本の野生植物 第1巻,Carex,cares,The row's genus field should match the first word of the scientific name.,This usually means parser state leaked from a neighboring OCR block.
78,genus_scientific_conflicts_with_scientific_name,profile_candidate,plant-profile-000705,ワニグチソウ,Polygonatu involueratum,クサスギカズラ科,ASPARAGACEAE,100,198,日本の野生植物 第1巻,Polygonatum,polygonatu,The row's genus field should match the first word of the scientific name.,This usually means parser state leaked from a neighboring OCR block.
78,genus_scientific_conflicts_with_scientific_name,profile_candidate,plant-profile-003693,ワルナスビ,Solanum earolinense,ナス科,SOLANACEAE,173,344,日本の野生植物 第2巻,Seopolia,solanum,The row's genus field should match the first word of the scientific name.,This usually means parser state leaked from a neighboring OCR block.
72,ocr_page_missing,profile_candidate,plant-profile-004269,アイヅヒメアザミ,Cirsium aidzuense,キク科,ASTERACEAE,252,502,日本の野生植物 第2巻,252,Cached OCR page should exist,The profile points to a page that is not present in the OCR cache.,
72,ocr_page_missing,profile_candidate,plant-profile-003556,アイナエ,Mitrasaeme pygmaea,マチン科,LOGANIACEAE,158,,日本の野生植物 第2巻,158,Cached OCR page should exist,The profile points to a page that is not present in the OCR cache.,
72,ocr_page_missing,profile_candidate,plant-profile-002584,アイヌタチツボスミレ,Viola sacchalinensis,スミレ科,VIOLACEAE,31,,日本の野生植物 第2巻,31,Cached OCR page should exist,The profile points to a page that is not present in the OCR cache.,
72,ocr_page_missing,profile_candidate,plant-profile-003619,アオイゴケ,Dichondra mierantha,キョウチクトウ科,APOCYNACEAE,165,,日本の野生植物 第2巻,165,Cached OCR page should exist,The profile points to a page that is not present in the OCR cache.,
72,ocr_page_missing,profile_candidate,plant-profile-002559,アオイスミレ,Viola hondoensis W. Becker et H. Boissieu,スミレ科,VIOLACEAE,30,59,日本の野生植物 第2巻,30,Cached OCR page should exist,The profile points to a page that is not present in the OCR cache.,
72,ocr_page_missing,profile_candidate,plant-profile-004431,アオオニタビラコ,Youngia japonica,キク科,ASTERACEAE,265,529,日本の野生植物 第2巻,265,Cached OCR page should exist,The profile points to a page that is not present in the OCR cache.,
72,ocr_page_missing,profile_candidate,plant-profile-003603,アオカモメヅル,Vincetoxicum ambiguum,キョウチクトウ科,APOCYNACEAE,163,,日本の野生植物 第2巻,163,Cached OCR page should exist,The profile points to a page that is not present in the OCR cache.,
72,ocr_page_missing,profile_candidate,plant-profile-002838,アオガンピ,Wikstroemia retusa A. Gray,ジンチョウゲ科,THYMELAEACEAE,66,131,日本の野生植物 第2巻,66,Cached OCR page should exist,The profile points to a page that is not present in the OCR cache.,
72,ocr_page_missing,profile_candidate,plant-profile-003433,アオキ,Aucuba japoniea,アオキ科,GARRYACEAE,144,,日本の野生植物 第2巻,144,Cached OCR page should exist,The profile points to a page that is not present in the OCR cache.,
72,ocr_page_missing,profile_candidate,plant-profile-002802,アオギリ,Firmiana simnplex,アオイ科,MALVACEAE,61,,日本の野生植物 第2巻,61,Cached OCR page should exist,The profile points to a page that is not present in the OCR cache.,
72,ocr_page_missing,profile_candidate,plant-profile-003077,アオゲイトウ,Amaranthus retrollexus,ヒユ科,AMARANTHACEAE,100,,日本の野生植物 第2巻,100,Cached OCR page should exist,The profile points to a page that is not present in the OCR cache.,
72,ocr_page_missing,profile_candidate,plant-profile-003148,アオコウツギ,Deutzia ogatae,アジサイ科,HYDRANGEACEAE,110,,日本の野生植物 第2巻,110,Cached OCR page should exist,The profile points to a page that is not present in the OCR cache.,
72,ocr_page_missing,profile_candidate,plant-profile-003319,アオノツガザクラ,Plyllodoce aleutica,ツツジ科,ERICACEAE,133,,日本の野生植物 第2巻,133,Cached OCR page should exist,The profile points to a page that is not present in the OCR cache.,
72,ocr_page_missing,profile_candidate,plant-profile-004110,アオハダ,Ilex macropoda,モチノキ科,AQUIFOLIACEAE,229,457,日本の野生植物 第2巻,229,Cached OCR page should exist,The profile points to a page that is not present in the OCR cache.,
72,ocr_page_missing,profile_candidate,plant-profile-003280,アオバナハイノキ,Symplocos liukiuensis,ハイノキ科,SYMPLOCACEAE,126,,日本の野生植物 第2巻,126,Cached OCR page should exist,The profile points to a page that is not present in the OCR cache.,
72,ocr_page_missing,profile_candidate,plant-profile-003269,アオバノキ,Symplocos cochinchinensis,ハイノキ科,SYMPLOCACEAE,126,250,日本の野生植物 第2巻,126,Cached OCR page should exist,The profile points to a page that is not present in the OCR cache.,
72,ocr_page_missing,profile_candidate,plant-profile-003659,アオホオズキ,Physaliastrum japonicum,ナス科,SOLANACEAE,170,,日本の野生植物 第2巻,170,Cached OCR page should exist,The profile points to a page that is not present in the OCR cache.,
72,ocr_page_missing,profile_candidate,plant-profile-004196,アオモリアザミ,Cirsium aomorense,キク科,ASTERACEAE,248,495,日本の野生植物 第2巻,248,Cached OCR page should exist,The profile points to a page that is not present in the OCR cache.,
72,ocr_page_missing,profile_candidate,plant-profile-003044,アオモリマンテマ,Silene aomorensis,ナデシコ科,CARYOPHYLLACEAE,96,,日本の野生植物 第2巻,96,Cached OCR page should exist,The profile points to a page that is not present in the OCR cache.,
72,ocr_page_missing,profile_candidate,plant-profile-004553,アオヤギバナ,Solidago yokusaiana,キク科,ASTERACEAE,278,,日本の野生植物 第2巻,278,Cached OCR page should exist,The profile points to a page that is not present in the OCR cache.,
72,ocr_page_missing,profile_candidate,plant-profile-002764,アカギモドキ,Allophylus timoriensis,ムクロジ科,SAPINDACEAE,54,,日本の野生植物 第2巻,54,Cached OCR page should exist,The profile points to a page that is not present in the OCR cache.,
72,ocr_page_missing,profile_candidate,plant-profile-003190,アカテツ,Planchonella obovata (R. Br.) Pierre,アカテツ科,SAPOTACEAE,117,232,日本の野生植物 第2巻,117,Cached OCR page should exist,The profile points to a page that is not present in the OCR cache.,
72,ocr_page_missing,profile_candidate,plant-profile-003508,アカネ,Rubia argyi,アカネ科,RUBIACEAE,152,,日本の野生植物 第2巻,152,Cached OCR page should exist,The profile points to a page that is not present in the OCR cache.,
72,ocr_page_missing,profile_candidate,plant-profile-002565,アカネスミレ,Viola phalacrocarpa,スミレ科,VIOLACEAE,30,,日本の野生植物 第2巻,30,Cached OCR page should exist,The profile points to a page that is not present in the OCR cache.,
72,ocr_page_missing,profile_candidate,plant-profile-003509,アカネムグラ,Rubia jesoensis,アカネ科,RUBIACEAE,152,,日本の野生植物 第2巻,152,Cached OCR page should exist,The profile points to a page that is not present in the OCR cache.,
72,ocr_page_missing,profile_candidate,plant-profile-002688,アカバナ,Epilobium pyrricholophum,アカバナ科,ONAGRACEAE,44,,日本の野生植物 第2巻,44,Cached OCR page should exist,The profile points to a page that is not present in the OCR cache.,
72,ocr_page_missing,profile_candidate,plant-profile-003910,アカボシタツナミソウ,Seutellaria rubropunctata,シソ科,LAMIACEAE,203,404,日本の野生植物 第2巻,203,Cached OCR page should exist,The profile points to a page that is not present in the OCR cache.,
72,ocr_page_missing,profile_candidate,plant-profile-003517,アカミズキ,Wendlandia formosana,アカネ科,RUBIACEAE,153,,日本の野生植物 第2巻,153,Cached OCR page should exist,The profile points to a page that is not present in the OCR cache.,
72,ocr_page_missing,profile_candidate,plant-profile-004423,アカミタンポポ,Taraxacum laevigatum,キク科,ASTERACEAE,265,528,日本の野生植物 第2巻,265,Cached OCR page should exist,The profile points to a page that is not present in the OCR cache.,
72,ocr_page_missing,profile_candidate,plant-profile-003694,アカミノイヌホオズキ,Solanum villlosum,ナス科,SOLANACEAE,173,,日本の野生植物 第2巻,173,Cached OCR page should exist,The profile points to a page that is not present in the OCR cache.,
72,ocr_page_missing,profile_candidate,plant-profile-003404,アカモノ,Gaultheria adenothrix,ツツジ科,ERICACEAE,140,,日本の野生植物 第2巻,140,Cached OCR page should exist,The profile points to a page that is not present in the OCR cache.,
72,ocr_page_missing,profile_candidate,plant-profile-003344,アカヤシオ,Rhododendron pentaphyllum,ツツジ科,ERICACEAE,136,,日本の野生植物 第2巻,136,Cached OCR page should exist,The profile points to a page that is not present in the OCR cache.,
72,ocr_page_missing,profile_candidate,plant-profile-003982,アキギリ,Salvia glabrescens,シソ科,LAMIACEAE,212,,日本の野生植物 第2巻,212,Cached OCR page should exist,The profile points to a page that is not present in the OCR cache.,
72,ocr_page_missing,profile_candidate,plant-profile-003992,アキチョウジ,Isodon longitubus,シソ科,LAMIACEAE,213,,日本の野生植物 第2巻,213,Cached OCR page should exist,The profile points to a page that is not present in the OCR cache.,
72,ocr_page_missing,profile_candidate,plant-profile-004554,アキノキリンソウ,Solidago virgaurea,キク科,ASTERACEAE,278,,日本の野生植物 第2巻,278,Cached OCR page should exist,The profile points to a page that is not present in the OCR cache.,
72,ocr_page_missing,profile_candidate,plant-profile-004593,アキノコハマギク,Chrysanthemum arcticum,キク科,ASTERACEAE,282,,日本の野生植物 第2巻,282,Cached OCR page should exist,The profile points to a page that is not present in the OCR cache.,
72,ocr_page_missing,profile_candidate,plant-profile-003975,アキノタムラソウ,Salvia japonica,シソ科,LAMIACEAE,212,422,日本の野生植物 第2巻,212,Cached OCR page should exist,The profile points to a page that is not present in the OCR cache.,
72,ocr_page_missing,profile_candidate,plant-profile-004410,アキノノゲシ,Lactuca indica var. indica,キク科,ASTERACEAE,263,524,日本の野生植物 第2巻,263,Cached OCR page should exist,The profile points to a page that is not present in the OCR cache.,
72,ocr_page_missing,profile_candidate,plant-profile-004629,アキノハハコグサ,Pseudognaphalium lypoleucum,キク科,ASTERACEAE,287,,日本の野生植物 第2巻,287,Cached OCR page should exist,The profile points to a page that is not present in the OCR cache.,
72,ocr_page_missing,profile_candidate,plant-profile-002977,アキノミチヤナギ,Polygonum polyneuron,タデ科,POLYGONACEAE,89,176,日本の野生植物 第2巻,89,Cached OCR page should exist,The profile points to a page that is not present in the OCR cache.,
72,ocr_page_missing,profile_candidate,plant-profile-004521,アキハギク,Aster sugimotoi,キク科,ASTERACEAE,276,550,日本の野生植物 第2巻,276,Cached OCR page should exist,The profile points to a page that is not present in the OCR cache.,
72,ocr_page_missing,profile_candidate,plant-profile-004185,アキヨシアザミ,Cirsium caleicola,キク科,ASTERACEAE,247,,日本の野生植物 第2巻,247,Cached OCR page should exist,The profile points to a page that is not present in the OCR cache.,
72,ocr_page_missing,profile_candidate,plant-profile-003008,アキヨシミミナグサ,Cerastium akiyoshiense,ナデシコ科,CARYOPHYLLACEAE,92,,日本の野生植物 第2巻,92,Cached OCR page should exist,The profile points to a page that is not present in the OCR cache.,
72,ocr_page_missing,profile_candidate,plant-profile-003413,アクシバ,Vaecinium japonieu,ツツジ科,ERICACEAE,142,283,日本の野生植物 第2巻,142,Cached OCR page should exist,The profile points to a page that is not present in the OCR cache.,
72,ocr_page_missing,profile_candidate,plant-profile-003421,アクシバモドキ,Vaccinium yakushimense,ツツジ科,ERICACEAE,142,,日本の野生植物 第2巻,142,Cached OCR page should exist,The profile points to a page that is not present in the OCR cache.,
72,ocr_page_missing,profile_candidate,plant-profile-002538,アケボノスミレ,Viola rossii,スミレ科,VIOLACEAE,29,56,日本の野生植物 第2巻,29,Cached OCR page should exist,The profile points to a page that is not present in the OCR cache.,
72,ocr_page_missing,profile_candidate,plant-profile-003548,アケボノソウ,Swertia bimaculata,アカネ科,RUBIACEAE,157,,日本の野生植物 第2巻,157,Cached OCR page should exist,The profile points to a page that is not present in the OCR cache.,
72,ocr_page_missing,profile_candidate,plant-profile-003629,アサガオ,Ipomoea nil,ヒルガオ科,CONVOLVULACEAE,167,333,日本の野生植物 第2巻,167,Cached OCR page should exist,The profile points to a page that is not present in the OCR cache.,
72,ocr_page_missing,profile_candidate,plant-profile-003624,アサガオガラクサ,Evolvulus alsinoides,キョウチクトウ科,APOCYNACEAE,166,,日本の野生植物 第2巻,166,Cached OCR page should exist,The profile points to a page that is not present in the OCR cache.,
72,ocr_page_missing,profile_candidate,plant-profile-003286,アサガラ,Pterostyrax corymbosus,エゴノキ科,STYRACACEAE,127,,日本の野生植物 第2巻,127,Cached OCR page should exist,The profile points to a page that is not present in the OCR cache.,
72,ocr_page_missing,profile_candidate,plant-profile-004594,アサギリソウ,Artemisia schmidtiana,キク科,ASTERACEAE,282,,日本の野生植物 第2巻,282,Cached OCR page should exist,The profile points to a page that is not present in the OCR cache.,
72,ocr_page_missing,profile_candidate,plant-profile-004153,アサザ,Nymphoides peltata,ミツガシワ科,MENYANTHACEAE,233,,日本の野生植物 第2巻,233,Cached OCR page should exist,The profile points to a page that is not present in the OCR cache.,
72,ocr_page_missing,profile_candidate,plant-profile-002740,アサノハカエデ,Acer argutum,ムクロジ科,SAPINDACEAE,52,,日本の野生植物 第2巻,52,Cached OCR page should exist,The profile points to a page that is not present in the OCR cache.,
72,ocr_page_missing,profile_candidate,plant-profile-004239,アサヒカワアザミ,Cirsium kenji-horieanum,キク科,ASTERACEAE,250,,日本の野生植物 第2巻,250,Cached OCR page should exist,The profile points to a page that is not present in the OCR cache.,
72,ocr_page_missing,profile_candidate,plant-profile-004358,アサマヒゴタイ,Saussurea savatieri,キク科,ASTERACEAE,258,514,日本の野生植物 第2巻,258,Cached OCR page should exist,The profile points to a page that is not present in the OCR cache.,
72,ocr_page_missing,profile_candidate,plant-profile-002648,アサマフウロ,Geranium soboliferum,フウロソウ科,GERANIACEAE,39,,日本の野生植物 第2巻,39,Cached OCR page should exist,The profile points to a page that is not present in the OCR cache.,
72,ocr_page_missing,profile_candidate,plant-profile-003528,アサマリンドウ,Gentiana sikokiana,アカネ科,RUBIACEAE,155,,日本の野生植物 第2巻,155,Cached OCR page should exist,The profile points to a page that is not present in the OCR cache.,
72,ocr_page_missing,profile_candidate,plant-profile-004258,アシウアザミ,Cirsium ashiuense,キク科,ASTERACEAE,251,501,日本の野生植物 第2巻,251,Cached OCR page should exist,The profile points to a page that is not present in the OCR cache.,
72,ocr_page_missing,profile_candidate,plant-profile-003927,アシタカジャコウソウ,,,,205,408,日本の野生植物 第2巻,205,Cached OCR page should exist,The profile points to a page that is not present in the OCR cache.,
72,ocr_page_missing,profile_candidate,plant-profile-003366,アシタカツツジ,Rhododendron komiyamae,ツツジ科,ERICACEAE,137,,日本の野生植物 第2巻,137,Cached OCR page should exist,The profile points to a page that is not present in the OCR cache.,
72,ocr_page_missing,profile_candidate,plant-profile-004754,アシタバ,Angelica keiskei,セリ科,APIACEAE,302,,日本の野生植物 第2巻,302,Cached OCR page should exist,The profile points to a page that is not present in the OCR cache.,
72,ocr_page_missing,profile_candidate,plant-profile-004294,アシノクラアザミ,Cirsium ashinokuraense,キク科,ASTERACEAE,253,504,日本の野生植物 第2巻,253,Cached OCR page should exist,The profile points to a page that is not present in the OCR cache.,
72,ocr_page_missing,profile_candidate,plant-profile-002689,アシボソアカバナ,Epilobium anagallidifolium,アカバナ科,ONAGRACEAE,44,,日本の野生植物 第2巻,44,Cached OCR page should exist,The profile points to a page that is not present in the OCR cache.,
72,ocr_page_missing,profile_candidate,plant-profile-004540,アズマギク,Erigeron thunbergii,キク科,ASTERACEAE,277,,日本の野生植物 第2巻,277,Cached OCR page should exist,The profile points to a page that is not present in the OCR cache.,
72,ocr_page_missing,profile_candidate,plant-profile-003331,アズマシャクナゲ,Rhododendron degronianum,ツツジ科,ERICACEAE,136,270,日本の野生植物 第2巻,136,Cached OCR page should exist,The profile points to a page that is not present in the OCR cache.,
72,ocr_page_missing,profile_candidate,plant-profile-004276,アズマヤマアザミ,Cirsium microspicatum,キク科,ASTERACEAE,252,503,日本の野生植物 第2巻,252,Cached OCR page should exist,The profile points to a page that is not present in the OCR cache.,
72,ocr_page_missing,profile_candidate,plant-profile-003408,アセビ,Pieris japonica,ツツジ科,ERICACEAE,141,,日本の野生植物 第2巻,141,Cached OCR page should exist,The profile points to a page that is not present in the OCR cache.,
72,ocr_page_missing,profile_candidate,plant-profile-002627,アゼオトギリ,Hypericum oliganthum,オトギリソウ科,HYPERICACEAE,37,,日本の野生植物 第2巻,37,Cached OCR page should exist,The profile points to a page that is not present in the OCR cache.,
72,ocr_page_missing,profile_candidate,plant-profile-003856,アゼトウガラシ,Vandellia mierantha,アゼナ科,LINDERNIACEAE,195,,日本の野生植物 第2巻,195,Cached OCR page should exist,The profile points to a page that is not present in the OCR cache.,
72,ocr_page_missing,profile_candidate,plant-profile-004380,アゼトウナ,Crepidiastrum keiskeanum,キク科,ASTERACEAE,260,,日本の野生植物 第2巻,260,Cached OCR page should exist,The profile points to a page that is not present in the OCR cache.,
72,ocr_page_missing,profile_candidate,plant-profile-003851,アゼナ,Lindernia procumbens,アゼナ科,LINDERNIACEAE,194,,日本の野生植物 第2巻,194,Cached OCR page should exist,The profile points to a page that is not present in the OCR cache.,
72,ocr_page_missing,profile_candidate,plant-profile-003103,アッケシソウ,Salicornia perennans,ヒユ科,AMARANTHACEAE,103,,日本の野生植物 第2巻,103,Cached OCR page should exist,The profile points to a page that is not present in the OCR cache.,
72,ocr_page_missing,profile_candidate,plant-profile-003634,アツバアサガオ,Ipomoea imperati,キョウチクトウ科,APOCYNACEAE,167,,日本の野生植物 第2巻,167,Cached OCR page should exist,The profile points to a page that is not present in the OCR cache.,
72,ocr_page_missing,profile_candidate,plant-profile-003660,アツバクコ,Lycium sandwicense,ナス科,SOLANACEAE,170,,日本の野生植物 第2巻,170,Cached OCR page should exist,The profile points to a page that is not present in the OCR cache.,
72,ocr_page_missing,profile_candidate,plant-profile-003486,アツバシマザクラ,Leptopetalum paclyplyllam,アカネ科,RUBIACEAE,150,,日本の野生植物 第2巻,150,Cached OCR page should exist,The profile points to a page that is not present in the OCR cache.,
72,ocr_page_missing,profile_candidate,plant-profile-003914,アツバタツナミソウ,Seutellaria tsusimensis,シソ科,LAMIACEAE,203,,日本の野生植物 第2巻,203,Cached OCR page should exist,The profile points to a page that is not present in the OCR cache.,
72,ocr_page_missing,profile_candidate,plant-profile-002709,アデク,Syzygium buxifolium,フトモモ科,MYRTACEAE,47,,日本の野生植物 第2巻,47,Cached OCR page should exist,The profile points to a page that is not present in the OCR cache.,
72,ocr_page_missing,profile_candidate,plant-profile-004365,アブクマトウヒレン,Saussurea yuki-uenoana,キク科,ASTERACEAE,258,515,日本の野生植物 第2巻,258,Cached OCR page should exist,The profile points to a page that is not present in the OCR cache.,
72,ocr_page_missing,profile_candidate,plant-profile-002924,アブクマトラノオ,Bistorta abukumensis,タデ科,POLYGONACEAE,84,166,日本の野生植物 第2巻,84,Cached OCR page should exist,The profile points to a page that is not present in the OCR cache.,
72,ocr_page_missing,profile_candidate,plant-profile-003391,アブラツツジ,Enkianthus subsessilis,ツツジ科,ERICACEAE,139,276,日本の野生植物 第2巻,139,Cached OCR page should exist,The profile points to a page that is not present in the OCR cache.,
72,ocr_page_missing,profile_candidate,plant-profile-003775,アプノメ,Dopatrium junceum,オオバコ科,PLANTAGINACEAE,185,,日本の野生植物 第2巻,185,Cached OCR page should exist,The profile points to a page that is not present in the OCR cache.,
72,ocr_page_missing,profile_candidate,plant-profile-004359,アベトウヒレン,Saussurea kurosawae,キク科,ASTERACEAE,258,514,日本の野生植物 第2巻,258,Cached OCR page should exist,The profile points to a page that is not present in the OCR cache.,
72,ocr_page_missing,profile_candidate,plant-profile-004221,アポイアザミ,Cirsium apoense,キク科,ASTERACEAE,249,,日本の野生植物 第2巻,249,Cached OCR page should exist,The profile points to a page that is not present in the OCR cache.,
72,ocr_page_missing,profile_candidate,plant-profile-003367,アマギツツジ,Rhododendron amagianum,ツツジ科,ERICACEAE,137,,日本の野生植物 第2巻,137,Cached OCR page should exist,The profile points to a page that is not present in the OCR cache.,
72,ocr_page_missing,profile_candidate,plant-profile-002907,アマクサツチトリモチ,Balanophora subeupularis,ツチトリモチ科,BALANOPHORACEAE,79,,日本の野生植物 第2巻,79,Cached OCR page should exist,The profile points to a page that is not present in the OCR cache.,
72,ocr_page_missing,profile_candidate,plant-profile-003378,アマクサミツバツツジ,Rhododendron amakusaense,ツツジ科,ERICACEAE,138,,日本の野生植物 第2巻,138,Cached OCR page should exist,The profile points to a page that is not present in the OCR cache.,
72,ocr_page_missing,profile_candidate,plant-profile-003270,アマシバ,Symplocos formosana,ハイノキ科,SYMPLOCACEAE,126,250,日本の野生植物 第2巻,126,Cached OCR page should exist,The profile points to a page that is not present in the OCR cache.,
72,ocr_page_missing,profile_candidate,plant-profile-004755,アマニュウ,Angelica edulis,セリ科,APIACEAE,302,,日本の野生植物 第2巻,302,Cached OCR page should exist,The profile points to a page that is not present in the OCR cache.,
72,ocr_page_missing,profile_candidate,plant-profile-003494,アマミアワゴケ,Ophiorrhiza yamashitae,アカネ科,RUBIACEAE,151,,日本の野生植物 第2巻,151,Cached OCR page should exist,The profile points to a page that is not present in the OCR cache.,
72,ocr_page_missing,profile_candidate,plant-profile-003565,アマミイケマ,Cynanchum boudieri,キョウチクトウ科,APOCYNACEAE,160,318,日本の野生植物 第2巻,160,Cached OCR page should exist,The profile points to a page that is not present in the OCR cache.,
72,ocr_page_missing,profile_candidate,plant-profile-003495,アマミイナモリ,Ophiorrhiza amamiana,アカネ科,RUBIACEAE,151,,日本の野生植物 第2巻,151,Cached OCR page should exist,The profile points to a page that is not present in the OCR cache.,
72,ocr_page_missing,profile_candidate,plant-profile-002751,アマミカジカエデ,Acer amamiense,ムクロジ科,SAPINDACEAE,53,,日本の野生植物 第2巻,53,Cached OCR page should exist,The profile points to a page that is not present in the OCR cache.,
72,ocr_page_missing,profile_candidate,plant-profile-003137,アマミクサアジサイ,Cardiandra amamiohsimensis Koidz.,アジサイ科,HYDRANGEACEAE,109,217,日本の野生植物 第2巻,109,Cached OCR page should exist,The profile points to a page that is not present in the OCR cache.,
72,ocr_page_missing,profile_candidate,plant-profile-002566,アマミスミレ,Viola amamiana,スミレ科,VIOLACEAE,30,,日本の野生植物 第2巻,30,Cached OCR page should exist,The profile points to a page that is not present in the OCR cache.,
72,ocr_page_missing,profile_candidate,plant-profile-004102,アマミヒイラギモチ,Ilex dimorphophylla,モチノキ科,AQUIFOLIACEAE,228,,日本の野生植物 第2巻,228,Cached OCR page should exist,The profile points to a page that is not present in the OCR cache.,
72,ocr_page_missing,profile_candidate,plant-profile-003186,アマミヒサカキ,Eurya osimensis,サカキ科,PENTAPHYLACACEAE,116,,日本の野生植物 第2巻,116,Cached OCR page should exist,The profile points to a page that is not present in the OCR cache.,
72,ocr_page_missing,profile_candidate,plant-profile-003630,アメリカアサガオ,Ipomoea hederacea,キョウチクトウ科,APOCYNACEAE,167,333,日本の野生植物 第2巻,167,Cached OCR page should exist,The profile points to a page that is not present in the OCR cache.,
72,ocr_page_missing,profile_candidate,plant-profile-003848,アメリカアゼナ,,,,194,387,日本の野生植物 第2巻,194,Cached OCR page should exist,The profile points to a page that is not present in the OCR cache.,
72,ocr_page_missing,profile_candidate,plant-profile-004656,アメリカセンダングサ,Bidens frondosa,キク科,ASTERACEAE,290,579,日本の野生植物 第2巻,290,Cached OCR page should exist,The profile points to a page that is not present in the OCR cache.,
72,ocr_page_missing,profile_candidate,plant-profile-004666,アメリカタカサブロウ,,,,291,580,日本の野生植物 第2巻,291,Cached OCR page should exist,The profile points to a page that is not present in the OCR cache.,
72,ocr_page_missing,profile_candidate,plant-profile-003615,アメリカネナシカズラ,,,,165,329,日本の野生植物 第2巻,165,Cached OCR page should exist,The profile points to a page that is not present in the OCR cache.,
72,ocr_page_missing,profile_candidate,plant-profile-004087,アメリカノウゼンカズラ,,,,226,450,日本の野生植物 第2巻,226,Cached OCR page should exist,The profile points to a page that is not present in the OCR cache.,
72,ocr_page_missing,profile_candidate,plant-profile-002732,アメリカハナノキ,,,,52,103,日本の野生植物 第2巻,52,Cached OCR page should exist,The profile points to a page that is not present in the OCR cache.,
72,ocr_page_missing,profile_candidate,plant-profile-004669,アメリカハマグルマ,,,,291,581,日本の野生植物 第2巻,291,Cached OCR page should exist,The profile points to a page that is not present in the OCR cache.,
72,ocr_page_missing,profile_candidate,plant-profile-003075,アメリカビユ,Amaranthus blitoides,ヒユ科,AMARANTHACEAE,100,199,日本の野生植物 第2巻,100,Cached OCR page should exist,The profile points to a page that is not present in the OCR cache.,
72,ocr_page_missing,profile_candidate,plant-profile-002642,アメリカフウロ,Geranium earolinianum,フウロソウ科,GERANIACEAE,39,76,日本の野生植物 第2巻,39,Cached OCR page should exist,The profile points to a page that is not present in the OCR cache.,
72,ocr_page_missing,profile_candidate,plant-profile-004563,アライトヨモギ,Artemisia borealis,キク科,ASTERACEAE,280,558,日本の野生植物 第2巻,280,Cached OCR page should exist,The profile points to a page that is not present in the OCR cache.,
72,ocr_page_missing,profile_candidate,plant-profile-002953,アラゲタデ,Persiearia pulehra,タデ科,POLYGONACEAE,87,,日本の野生植物 第2巻,87,Cached OCR page should exist,The profile points to a page that is not present in the OCR cache.,
72,ocr_page_missing,profile_candidate,plant-profile-003422,アラゲナツハゼ,Vaecinfum cilatum,ツツジ科,ERICACEAE,142,,日本の野生植物 第2巻,142,Cached OCR page should exist,The profile points to a page that is not present in the OCR cache.,
72,ocr_page_missing,profile_candidate,plant-profile-003896,アラゲニガクサ,,,,201,400,日本の野生植物 第2巻,201,Cached OCR page should exist,The profile points to a page that is not present in the OCR cache.,
72,ocr_page_missing,profile_candidate,plant-profile-004671,アラゲハンゴンソウ,Rudbeckia hirta,キク科,ASTERACEAE,291,,日本の野生植物 第2巻,291,Cached OCR page should exist,The profile points to a page that is not present in the OCR cache.,
72,ocr_page_missing,profile_candidate,plant-profile-004846,アラゲヒョウタンボク,Lonicera strophiophora,スイカズラ科,CAPRIFOLIACEAE,313,,日本の野生植物 第2巻,313,Cached OCR page should exist,The profile points to a page that is not present in the OCR cache.,
72,ocr_page_missing,profile_candidate,plant-profile-004347,アラサワトウヒレン,Saussurea yanagitae,キク科,ASTERACEAE,257,,日本の野生植物 第2巻,257,Cached OCR page should exist,The profile points to a page that is not present in the OCR cache.,
72,ocr_page_missing,profile_candidate,plant-profile-002545,アリアケスミレ,Viola betonicifolia var. albescens,スミレ科,VIOLACEAE,29,57,日本の野生植物 第2巻,29,Cached OCR page should exist,The profile points to a page that is not present in the OCR cache.,
72,ocr_page_missing,profile_candidate,plant-profile-003100,アリタソウ,Dysphania ambrosioides,ヒユ科,AMARANTHACEAE,103,204,日本の野生植物 第2巻,103,Cached OCR page should exist,The profile points to a page that is not present in the OCR cache.,
72,ocr_page_missing,profile_candidate,plant-profile-003440,アリドオシ,Damnaeantihus indieus,アカネ科,RUBIACEAE,146,,日本の野生植物 第2巻,146,Cached OCR page should exist,The profile points to a page that is not present in the OCR cache.,
72,ocr_page_missing,profile_candidate,plant-profile-004070,アリモリソウ,Codonacantlus pauciflorus,キツネノマゴ科,ACANTHACEAE,223,445,日本の野生植物 第2巻,223,Cached OCR page should exist,The profile points to a page that is not present in the OCR cache.,
72,ocr_page_missing,profile_candidate,plant-profile-004186,アレチアザミ,Cirsium segetum,キク科,ASTERACEAE,247,,日本の野生植物 第2巻,247,Cached OCR page should exist,The profile points to a page that is not present in the OCR cache.,
72,ocr_page_missing,profile_candidate,plant-profile-002985,アレチギシギシ,Rumex conglomeratus,タデ科,POLYGONACEAE,89,,日本の野生植物 第2巻,89,Cached OCR page should exist,The profile points to a page that is not present in the OCR cache.,
72,ocr_page_missing,profile_candidate,plant-profile-004541,アレチノギク,Erigeron bonariensis,キク科,ASTERACEAE,277,,日本の野生植物 第2巻,277,Cached OCR page should exist,The profile points to a page that is not present in the OCR cache.,
72,ocr_page_missing,profile_candidate,plant-profile-004094,アレチハナガサ,Verbena brasiliensis,クマツヅラ科,VERBENACEAE,227,,日本の野生植物 第2巻,227,Cached OCR page should exist,The profile points to a page that is not present in the OCR cache.,
72,ocr_page_missing,profile_candidate,plant-profile-003843,アレチモウズイカ,,,,193,385,日本の野生植物 第2巻,193,Cached OCR page should exist,The profile points to a page that is not present in the OCR cache.,
72,ocr_page_missing,profile_candidate,plant-profile-002579,アワガタケスミレ,Viola awagatakensis,スミレ科,VIOLACEAE,31,61,日本の野生植物 第2巻,31,Cached OCR page should exist,The profile points to a page that is not present in the OCR cache.,
72,ocr_page_missing,profile_candidate,plant-profile-003772,アワゴケ,Callitriche japonica,オオバコ科,PLANTAGINACEAE,185,368,日本の野生植物 第2巻,185,Cached OCR page should exist,The profile points to a page that is not present in the OCR cache.,
72,ocr_page_missing,profile_candidate,plant-profile-002772,アワダン,Melicope triphylla,ミカン科,RUTACEAE,56,111,日本の野生植物 第2巻,56,Cached OCR page should exist,The profile points to a page that is not present in the OCR cache.,
72,ocr_page_missing,profile_candidate,plant-profile-002495,イイギリ,Idesia polycarpa,ヤナギ科,SALICACEAE,19,36,日本の野生植物 第2巻,19,Cached OCR page should exist,The profile points to a page that is not present in the OCR cache.,
72,ocr_page_missing,profile_candidate,plant-profile-004678,イガオナモミ,Xanthium orientale,キク科,ASTERACEAE,292,,日本の野生植物 第2巻,292,Cached OCR page should exist,The profile points to a page that is not present in the OCR cache.,
72,ocr_page_missing,profile_candidate,plant-profile-004614,イガトキンソウ,Soliva anthemifolia,キク科,ASTERACEAE,284,,日本の野生植物 第2巻,284,Cached OCR page should exist,The profile points to a page that is not present in the OCR cache.,
72,ocr_page_missing,profile_candidate,plant-profile-003661,イガホオズキ,Physaliastrum echinatum,ナス科,SOLANACEAE,170,,日本の野生植物 第2巻,170,Cached OCR page should exist,The profile points to a page that is not present in the OCR cache.,
72,ocr_page_missing,profile_candidate,plant-profile-003566,イケマ,Cynanchum caudatum var. caudatum,キョウチクトウ科,APOCYNACEAE,160,318,日本の野生植物 第2巻,160,Cached OCR page should exist,The profile points to a page that is not present in the OCR cache.,
72,ocr_page_missing,profile_candidate,plant-profile-004250,イシヅチアザミ,Cirsium ishizuchiense,キク科,ASTERACEAE,251,500,日本の野生植物 第2巻,251,Cached OCR page should exist,The profile points to a page that is not present in the OCR cache.,
72,ocr_page_missing,profile_candidate,plant-profile-004769,イシヅチボウフウ,Angelica saxicola,セリ科,APIACEAE,303,,日本の野生植物 第2巻,303,Cached OCR page should exist,The profile points to a page that is not present in the OCR cache.,
72,ocr_page_missing,profile_candidate,plant-profile-002940,イシミカワ,Persicaria perfoliata,タデ科,POLYGONACEAE,86,,日本の野生植物 第2巻,86,Cached OCR page should exist,The profile points to a page that is not present in the OCR cache.,
72,ocr_page_missing,profile_candidate,plant-profile-002996,イシモチソウ,Drosera peltata,タデ科,POLYGONACEAE,91,,日本の野生植物 第2巻,91,Cached OCR page should exist,The profile points to a page that is not present in the OCR cache.,
72,ocr_page_missing,profile_candidate,plant-profile-003828,イスミスズカケ,Veronicastrum noguchii,オオバコ科,PLANTAGINACEAE,191,,日本の野生植物 第2巻,191,Cached OCR page should exist,The profile points to a page that is not present in the OCR cache.,
72,ocr_page_missing,profile_candidate,plant-profile-004464,イズカニコウモリ,Parasenecio amagiensis,キク科,ASTERACEAE,271,,日本の野生植物 第2巻,271,Cached OCR page should exist,The profile points to a page that is not present in the OCR cache.,
72,ocr_page_missing,profile_candidate,plant-profile-003594,イズカモメヅル,Vincetoxicum izuense,キョウチクトウ科,APOCYNACEAE,163,324,日本の野生植物 第2巻,163,Cached OCR page should exist,The profile points to a page that is not present in the OCR cache.,
72,ocr_page_missing,profile_candidate,plant-profile-004008,イズコゴメグサ,,,,217,433,日本の野生植物 第2巻,217,Cached OCR page should exist,The profile points to a page that is not present in the OCR cache.,
72,ocr_page_missing,profile_candidate,plant-profile-003229,イズセンリョウ,Maesa japonica,サクラソウ科,PRIMULACEAE,121,,日本の野生植物 第2巻,121,Cached OCR page should exist,The profile points to a page that is not present in the OCR cache.,
72,ocr_page_missing,profile_candidate,plant-profile-004549,イズハハコ,Eschenbachia japonica,キク科,ASTERACEAE,278,554,日本の野生植物 第2巻,278,Cached OCR page should exist,The profile points to a page that is not present in the OCR cache.,
72,ocr_page_missing,profile_candidate,plant-profile-004259,イズモアザミ,Cirsium indefensum,キク科,ASTERACEAE,251,501,日本の野生植物 第2巻,251,Cached OCR page should exist,The profile points to a page that is not present in the OCR cache.,
72,ocr_page_missing,profile_candidate,plant-profile-004079,イセハナビ,Strobilanthes japonica,キツネノマゴ科,ACANTHACEAE,225,449,日本の野生植物 第2巻,225,Cached OCR page should exist,The profile points to a page that is not present in the OCR cache.,
72,ocr_page_missing,profile_candidate,plant-profile-004600,イソギク,Chrysanthemum pacificum,キク科,ASTERACEAE,283,,日本の野生植物 第2巻,283,Cached OCR page should exist,The profile points to a page that is not present in the OCR cache.,
72,ocr_page_missing,profile_candidate,plant-profile-002580,イソスミレ,Viola grayi,スミレ科,VIOLACEAE,31,61,日本の野生植物 第2巻,31,Cached OCR page should exist,The profile points to a page that is not present in the OCR cache.,
72,ocr_page_missing,profile_candidate,plant-profile-003324,イソツツジ,Rhododendron diversipilosum,ツツジ科,ERICACEAE,135,,日本の野生植物 第2巻,135,Cached OCR page should exist,The profile points to a page that is not present in the OCR cache.,
72,ocr_page_missing,profile_candidate,plant-profile-004510,イソノギク,Aster asagrayi,キク科,ASTERACEAE,275,,日本の野生植物 第2巻,275,Cached OCR page should exist,The profile points to a page that is not present in the OCR cache.,
72,ocr_page_missing,profile_candidate,plant-profile-003086,イソフサギ,Blutaparon wrightii,ヒユ科,AMARANTHACEAE,101,,日本の野生植物 第2巻,101,Cached OCR page should exist,The profile points to a page that is not present in the OCR cache.,
72,ocr_page_missing,profile_candidate,plant-profile-003087,イソホウキギ,Bassia seoparia,ヒユ科,AMARANTHACEAE,101,,日本の野生植物 第2巻,101,Cached OCR page should exist,The profile points to a page that is not present in the OCR cache.,
72,ocr_page_missing,profile_candidate,plant-profile-002921,イソマツ,Limonium wrightii (Hance) Kuntze var. arbusculum (Maxim.) H. Hara,イソマツ科,PLUMBAGINACEAE,82,163,日本の野生植物 第2巻,82,Cached OCR page should exist,The profile points to a page that is not present in the OCR cache.,
72,ocr_page_missing,profile_candidate,plant-profile-002932,イタドリ,Fallopia japonica var. japonica,タデ科,POLYGONACEAE,85,168,日本の野生植物 第2巻,85,Cached OCR page should exist,The profile points to a page that is not present in the OCR cache.,
72,ocr_page_missing,profile_candidate,plant-profile-002750,イタヤカエデ,Acer pictum,ムクロジ科,SAPINDACEAE,53,105,日本の野生植物 第2巻,53,Cached OCR page should exist,The profile points to a page that is not present in the OCR cache.,
72,ocr_page_missing,profile_candidate,plant-profile-003302,イチゲイチヤクソウ,Moneses unillora,ツツジ科,ERICACEAE,131,261,日本の野生植物 第2巻,131,Cached OCR page should exist,The profile points to a page that is not present in the OCR cache.,
72,ocr_page_missing,profile_candidate,plant-profile-002649,イチゲフウロ,Geranium sibirieum,フウロソウ科,GERANIACEAE,39,,日本の野生植物 第2巻,39,Cached OCR page should exist,The profile points to a page that is not present in the OCR cache.,
72,ocr_page_missing,profile_candidate,plant-profile-003311,イチヤクソウ,Pyrola japoniea,ツツジ科,ERICACEAE,132,,日本の野生植物 第2巻,132,Cached OCR page should exist,The profile points to a page that is not present in the OCR cache.,
72,ocr_page_missing,profile_candidate,plant-profile-004555,イッスンキンカ,Solidago minutissima,キク科,ASTERACEAE,278,,日本の野生植物 第2巻,278,Cached OCR page should exist,The profile points to a page that is not present in the OCR cache.,
72,ocr_page_missing,profile_candidate,plant-profile-003064,イトハコベ,Stellaria flicaulis,ナデシコ科,CARYOPHYLLACEAE,97,,日本の野生植物 第2巻,97,Cached OCR page should exist,The profile points to a page that is not present in the OCR cache.,
72,ocr_page_missing,profile_candidate,plant-profile-004522,イナカギク,Aster semiamplexicaulis,キク科,ASTERACEAE,276,550,日本の野生植物 第2巻,276,Cached OCR page should exist,The profile points to a page that is not present in the OCR cache.,
72,ocr_page_missing,profile_candidate,plant-profile-004317,イナトウヒレン,Saussurea inaensis,キク科,ASTERACEAE,256,511,日本の野生植物 第2巻,256,Cached OCR page should exist,The profile points to a page that is not present in the OCR cache.,
72,ocr_page_missing,profile_candidate,plant-profile-004180,イナベアザミ,Cirsium magofukui,キク科,ASTERACEAE,247,493,日本の野生植物 第2巻,247,Cached OCR page should exist,The profile points to a page that is not present in the OCR cache.,
72,ocr_page_missing,profile_candidate,plant-profile-003496,イナモリソウ,Pseudopysis depressa,アカネ科,RUBIACEAE,151,,日本の野生植物 第2巻,151,Cached OCR page should exist,The profile points to a page that is not present in the OCR cache.,
72,ocr_page_missing,profile_candidate,plant-profile-002894,イヌガラシ,Rorippa indica,アブラナ科,BRASSICACEAE,77,153,日本の野生植物 第2巻,77,Cached OCR page should exist,The profile points to a page that is not present in the OCR cache.,
72,ocr_page_missing,profile_candidate,plant-profile-003945,イヌコウジュ,Mosla scabra,シソ科,LAMIACEAE,208,414,日本の野生植物 第2巻,208,Cached OCR page should exist,The profile points to a page that is not present in the OCR cache.,
72,ocr_page_missing,profile_candidate,plant-profile-002521,イヌコリヤナギ,Salix integra,ヤナギ科,SALICACEAE,24,,日本の野生植物 第2巻,24,Cached OCR page should exist,The profile points to a page that is not present in the OCR cache.,
72,ocr_page_missing,profile_candidate,plant-profile-003929,イヌゴマ,Stachys aspera,シソ科,LAMIACEAE,205,,日本の野生植物 第2巻,205,Cached OCR page should exist,The profile points to a page that is not present in the OCR cache.,
72,ocr_page_missing,profile_candidate,plant-profile-002786,イヌザンショウ,Zanthoxylum schinifolium var. schinifolium,ミカン科,RUTACEAE,58,114,日本の野生植物 第2巻,58,Cached OCR page should exist,The profile points to a page that is not present in the OCR cache.,
72,ocr_page_missing,profile_candidate,plant-profile-003549,イヌセンプリ,Swertia tosaensis,アカネ科,RUBIACEAE,157,,日本の野生植物 第2巻,157,Cached OCR page should exist,The profile points to a page that is not present in the OCR cache.,
72,ocr_page_missing,profile_candidate,plant-profile-002965,イヌタデ,Persicaria longiseta,タデ科,POLYGONACEAE,88,174,日本の野生植物 第2巻,88,Cached OCR page should exist,The profile points to a page that is not present in the OCR cache.,
72,ocr_page_missing,profile_candidate,plant-profile-004055,イヌタヌキモ,Utricularia australis,タヌキモ科,LENTIBULARIACEAE,222,443,日本の野生植物 第2巻,222,Cached OCR page should exist,The profile points to a page that is not present in the OCR cache.,
72,ocr_page_missing,profile_candidate,plant-profile-004098,イヌツゲ,Ilex crenata var. crenata,モチノキ科,AQUIFOLIACEAE,228,455,日本の野生植物 第2巻,228,Cached OCR page should exist,The profile points to a page that is not present in the OCR cache.,
72,ocr_page_missing,profile_candidate,plant-profile-004770,イヌトウキ,Angelica shikokiana,セリ科,APIACEAE,303,,日本の野生植物 第2巻,303,Cached OCR page should exist,The profile points to a page that is not present in the OCR cache.,
72,ocr_page_missing,profile_candidate,plant-profile-003956,イヌトウバナ,Clinopodium mieranthum,シソ科,LAMIACEAE,209,,日本の野生植物 第2巻,209,Cached OCR page should exist,The profile points to a page that is not present in the OCR cache.,
72,ocr_page_missing,profile_candidate,plant-profile-004473,イヌドウナ,Parasenecio aidzuensis,キク科,ASTERACEAE,272,543,日本の野生植物 第2巻,272,Cached OCR page should exist,The profile points to a page that is not present in the OCR cache.,
72,ocr_page_missing,profile_candidate,plant-profile-002870,イヌナズナ,Draba nemorosa,アブラナ科,BRASSICACEAE,74,147,日本の野生植物 第2巻,74,Cached OCR page should exist,The profile points to a page that is not present in the OCR cache.,
72,ocr_page_missing,profile_candidate,plant-profile-003805,イヌノフグリ,Veronica polita,オオバコ科,PLANTAGINACEAE,190,378,日本の野生植物 第2巻,190,Cached OCR page should exist,The profile points to a page that is not present in the OCR cache.,
72,ocr_page_missing,profile_candidate,plant-profile-003971,イヌハッカ,Nepeta eataria,シソ科,LAMIACEAE,211,420,日本の野生植物 第2巻,211,Cached OCR page should exist,The profile points to a page that is not present in the OCR cache.,
72,ocr_page_missing,profile_candidate,plant-profile-004178,イヌヒレアザミ,Carduus tenuiflorus,キク科,ASTERACEAE,243,,日本の野生植物 第2巻,243,Cached OCR page should exist,The profile points to a page that is not present in the OCR cache.,
72,ocr_page_missing,profile_candidate,plant-profile-003078,イヌビユ,Amaranthus blitum,ヒユ科,AMARANTHACEAE,100,,日本の野生植物 第2巻,100,Cached OCR page should exist,The profile points to a page that is not present in the OCR cache.,
72,ocr_page_missing,profile_candidate,plant-profile-003686,イヌホオズキ,Solanum nigrum,ナス科,SOLANACEAE,173,344,日本の野生植物 第2巻,173,Cached OCR page should exist,The profile points to a page that is not present in the OCR cache.,
72,ocr_page_missing,profile_candidate,plant-profile-003710,イヌムラサキ,Buglossoides arvensis,ムラサキ科,BORAGINACEAE,176,351,日本の野生植物 第2巻,176,Cached OCR page should exist,The profile points to a page that is not present in the OCR cache.,
72,ocr_page_missing,profile_candidate,plant-profile-003993,イヌヤマハッカ,Isodon umbrosus,シソ科,LAMIACEAE,213,,日本の野生植物 第2巻,213,Cached OCR page should exist,The profile points to a page that is not present in the OCR cache.,
72,ocr_page_missing,profile_candidate,plant-profile-004577,イヌヨモギ,Artemisia keiskeana,キク科,ASTERACEAE,281,,日本の野生植物 第2巻,281,Cached OCR page should exist,The profile points to a page that is not present in the OCR cache.,
72,ocr_page_missing,profile_candidate,plant-profile-003070,イノコヅチ,Achyranthes bidentata var. japonica,ヒユ科,AMARANTHACEAE,99,196,日本の野生植物 第2巻,99,Cached OCR page should exist,The profile points to a page that is not present in the OCR cache.,
72,ocr_page_missing,profile_candidate,plant-profile-003980,イブキジャコウソウ,Thymus quinquecostatus var. ibukiensis,シソ科,LAMIACEAE,212,423,日本の野生植物 第2巻,212,Cached OCR page should exist,The profile points to a page that is not present in the OCR cache.,
72,ocr_page_missing,profile_candidate,plant-profile-002567,イブキスミレ,Viola mirabilis,スミレ科,VIOLACEAE,30,,日本の野生植物 第2巻,30,Cached OCR page should exist,The profile points to a page that is not present in the OCR cache.,
72,ocr_page_missing,profile_candidate,plant-profile-004812,イブキゼリモドキ,Tilingia holopetala,セリ科,APIACEAE,307,,日本の野生植物 第2巻,307,Cached OCR page should exist,The profile points to a page that is not present in the OCR cache.,
72,ocr_page_missing,profile_candidate,plant-profile-002925,イブキトラノオ,Bistorta officinalis Delarbre subsp. japonica (H. Hara) Yonek.,タデ科,POLYGONACEAE,84,167,日本の野生植物 第2巻,84,Cached OCR page should exist,The profile points to a page that is not present in the OCR cache.,
72,ocr_page_missing,profile_candidate,plant-profile-004788,イブキボウフウ,Libanotis coreana var. coreana,セリ科,APIACEAE,305,608,日本の野生植物 第2巻,305,Cached OCR page should exist,The profile points to a page that is not present in the OCR cache.,
72,ocr_page_missing,profile_candidate,plant-profile-003900,イボタクサギ,Volkameria inermis,シソ科,LAMIACEAE,201,,日本の野生植物 第2巻,201,Cached OCR page should exist,The profile points to a page that is not present in the OCR cache.,
72,ocr_page_missing,profile_candidate,plant-profile-003750,イボタノキ,Ligustrum obtusifolium,モクセイ科,OLEACEAE,181,,日本の野生植物 第2巻,181,Cached OCR page should exist,The profile points to a page that is not present in the OCR cache.,
72,ocr_page_missing,profile_candidate,plant-profile-004847,イボタヒョウタンボク,Lonicera demissa,スイカズラ科,CAPRIFOLIACEAE,313,,日本の野生植物 第2巻,313,Cached OCR page should exist,The profile points to a page that is not present in the OCR cache.,
72,ocr_page_missing,profile_candidate,plant-profile-003595,イヨカズラ,Vincetoxicum japonicum (C. Morren et Decne.) Decne.,キョウチクトウ科,APOCYNACEAE,163,324,日本の野生植物 第2巻,163,Cached OCR page should exist,The profile points to a page that is not present in the OCR cache.,
72,ocr_page_missing,profile_candidate,plant-profile-002645,イヨフウロ,Geranium shikokianum,フウロソウ科,GERANIACEAE,39,77,日本の野生植物 第2巻,39,Cached OCR page should exist,The profile points to a page that is not present in the OCR cache.,
72,ocr_page_missing,profile_candidate,plant-profile-003695,イラブナスビ,Solanum miyakojimense,ナス科,SOLANACEAE,173,,日本の野生植物 第2巻,173,Cached OCR page should exist,The profile points to a page that is not present in the OCR cache.,
72,ocr_page_missing,profile_candidate,plant-profile-004199,イリオモテアザミ,Cirsium irumtiense,キク科,ASTERACEAE,248,,日本の野生植物 第2巻,248,Cached OCR page should exist,The profile points to a page that is not present in the OCR cache.,
72,ocr_page_missing,profile_candidate,plant-profile-003436,イリオモテソウ,Argostemma solanillorum,アカネ科,RUBIACEAE,145,,日本の野生植物 第2巻,145,Cached OCR page should exist,The profile points to a page that is not present in the OCR cache.,
72,ocr_page_missing,profile_candidate,plant-profile-002733,イロハモミジ,Acer palmatum,ムクロジ科,SAPINDACEAE,52,103,日本の野生植物 第2巻,52,Cached OCR page should exist,The profile points to a page that is not present in the OCR cache.,
72,ocr_page_missing,profile_candidate,plant-profile-003095,イワアカザ,Chenopodium gracilispicum,ヒユ科,AMARANTHACEAE,102,,日本の野生植物 第2巻,102,Cached OCR page should exist,The profile points to a page that is not present in the OCR cache.,
72,ocr_page_missing,profile_candidate,plant-profile-004152,イワイチョウ,Nephrophy llidium crista-gall,ミツガシワ科,MENYANTHACEAE,233,464,日本の野生植物 第2巻,233,Cached OCR page should exist,The profile points to a page that is not present in the OCR cache.,
72,ocr_page_missing,profile_candidate,plant-profile-004601,イワインチン,Chrysanthemum rupestre,キク科,ASTERACEAE,283,,日本の野生植物 第2巻,283,Cached OCR page should exist,The profile points to a page that is not present in the OCR cache.,
72,ocr_page_missing,profile_candidate,plant-profile-003287,イワウチワ,Shortia unifora,イワウメ科,DIAPENSIACEAE,127,,日本の野生植物 第2巻,127,Cached OCR page should exist,The profile points to a page that is not present in the OCR cache.,
72,ocr_page_missing,profile_candidate,plant-profile-003281,イワウメ,Diapensia lapponica,イワウメ科,DIAPENSIACEAE,126,,日本の野生植物 第2巻,126,Cached OCR page should exist,The profile points to a page that is not present in the OCR cache.,
72,ocr_page_missing,profile_candidate,plant-profile-003279,イワカガミ,Schizocodon soldanelloides Siebold et Zucc. var. soldanelloides,イワウメ科,DIAPENSIACEAE,126,251,日本の野生植物 第2巻,126,Cached OCR page should exist,The profile points to a page that is not present in the OCR cache.,
72,ocr_page_missing,profile_candidate,plant-profile-003170,イワガラミ,Schizophragma hydrangeoides,アジサイ科,HYDRANGEACEAE,113,225,日本の野生植物 第2巻,113,Cached OCR page should exist,The profile points to a page that is not present in the OCR cache.,
72,ocr_page_missing,profile_candidate,plant-profile-004266,イワキヒメアザミ,Cirsium yuzawae,キク科,ASTERACEAE,251,,日本の野生植物 第2巻,251,Cached OCR page should exist,The profile points to a page that is not present in the OCR cache.,
72,ocr_page_missing,profile_candidate,plant-profile-004132,イワギキョウ,Campanula lasiocarpa,キキョウ科,CAMPANULACEAE,231,461,日本の野生植物 第2巻,231,Cached OCR page should exist,The profile points to a page that is not present in the OCR cache.,
72,ocr_page_missing,profile_candidate,plant-profile-004602,イワギク,Chrysanthemum zawadskii,キク科,ASTERACEAE,283,,日本の野生植物 第2巻,283,Cached OCR page should exist,The profile points to a page that is not present in the OCR cache.,
72,ocr_page_missing,profile_candidate,plant-profile-003765,イワギリソウ,Opithandra primuloides,イワタバコ科,GESNERIACEAE,183,,日本の野生植物 第2巻,183,Cached OCR page should exist,The profile points to a page that is not present in the OCR cache.,
72,ocr_page_missing,profile_candidate,plant-profile-003237,イワザクラ,Primula tosaensis,サクラソウ科,PRIMULACEAE,122,,日本の野生植物 第2巻,122,Cached OCR page should exist,The profile points to a page that is not present in the OCR cache.,
72,ocr_page_missing,profile_candidate,plant-profile-002791,イワザンショウ,Zanthoxylum beecheyanum,ミカン科,RUTACEAE,58,,日本の野生植物 第2巻,58,Cached OCR page should exist,The profile points to a page that is not present in the OCR cache.,
72,ocr_page_missing,profile_candidate,plant-profile-004122,イワシャジン,Adenophora takedae,キキョウ科,CAMPANULACEAE,230,,日本の野生植物 第2巻,230,Cached OCR page should exist,The profile points to a page that is not present in the OCR cache.,
72,ocr_page_missing,profile_candidate,plant-profile-004801,イワセントウソウ,Pternopetalum tanakae,セリ科,APIACEAE,306,,日本の野生植物 第2巻,306,Cached OCR page should exist,The profile points to a page that is not present in the OCR cache.,
72,ocr_page_missing,profile_candidate,plant-profile-003766,イワタバコ,Conandron ramondioides,イワタバコ科,GESNERIACEAE,183,,日本の野生植物 第2巻,183,Cached OCR page should exist,The profile points to a page that is not present in the OCR cache.,
72,ocr_page_missing,profile_candidate,plant-profile-004089,イワダレソウ,Phyla nodiflora,クマツヅラ科,VERBENACEAE,226,451,日本の野生植物 第2巻,226,Cached OCR page should exist,The profile points to a page that is not present in the OCR cache.,
72,ocr_page_missing,profile_candidate,plant-profile-004882,イワツクバネウツギ,Zabelia integrifolia,スイカズラ科,CAPRIFOLIACEAE,316,,日本の野生植物 第2巻,316,Cached OCR page should exist,The profile points to a page that is not present in the OCR cache.,
72,ocr_page_missing,profile_candidate,plant-profile-003414,イワツツジ,Vaecinium praestans,ツツジ科,ERICACEAE,142,283,日本の野生植物 第2巻,142,Cached OCR page should exist,The profile points to a page that is not present in the OCR cache.,
72,ocr_page_missing,profile_candidate,plant-profile-003059,イワツメクサ,Stellaria nipponica,ナデシコ科,CARYOPHYLLACEAE,97,193,日本の野生植物 第2巻,97,Cached OCR page should exist,The profile points to a page that is not present in the OCR cache.,
72,ocr_page_missing,profile_candidate,plant-profile-004037,イワテシオガマ,Pedicularis iwatensis,ハマウツボ科,OROBANCHACEAE,220,,日本の野生植物 第2巻,220,Cached OCR page should exist,The profile points to a page that is not present in the OCR cache.,
72,ocr_page_missing,profile_candidate,plant-profile-004348,イワテヒゴタイ,Saussurea brachycephala,キク科,ASTERACEAE,257,,日本の野生植物 第2巻,257,Cached OCR page should exist,The profile points to a page that is not present in the OCR cache.,
72,ocr_page_missing,profile_candidate,plant-profile-003320,イワナシ,Epigaea asiatiea,ツツジ科,ERICACEAE,133,,日本の野生植物 第2巻,133,Cached OCR page should exist,The profile points to a page that is not present in the OCR cache.,
72,ocr_page_missing,profile_candidate,plant-profile-003405,イワナンテン,Leucothoe keiskei,ツツジ科,ERICACEAE,140,,日本の野生植物 第2巻,140,Cached OCR page should exist,The profile points to a page that is not present in the OCR cache.,
72,ocr_page_missing,profile_candidate,plant-profile-004399,イワニガナ,Ixeris stolonifera,キク科,ASTERACEAE,262,522,日本の野生植物 第2巻,262,Cached OCR page should exist,The profile points to a page that is not present in the OCR cache.,
72,ocr_page_missing,profile_candidate,plant-profile-004771,イワニンジン,Angelica hakonensis,セリ科,APIACEAE,303,,日本の野生植物 第2巻,303,Cached OCR page should exist,The profile points to a page that is not present in the OCR cache.,
72,ocr_page_missing,profile_candidate,plant-profile-003429,イワヒゲ,Cassiope lycopodioides,ツツジ科,ERICACEAE,143,284,日本の野生植物 第2巻,143,Cached OCR page should exist,The profile points to a page that is not present in the OCR cache.,
72,ocr_page_missing,profile_candidate,plant-profile-003786,イワブクロ,Pennellianthus frutescens,オオバコ科,PLANTAGINACEAE,187,373,日本の野生植物 第2巻,187,Cached OCR page should exist,The profile points to a page that is not present in the OCR cache.,
72,ocr_page_missing,profile_candidate,plant-profile-003714,イワムラサキ,Lappula deflexa,ムラサキ科,BORAGINACEAE,177,352,日本の野生植物 第2巻,177,Cached OCR page should exist,The profile points to a page that is not present in the OCR cache.,
72,ocr_page_missing,profile_candidate,plant-profile-004381,イワヤクシソウ,Crepidiastrum yoshinoi,キク科,ASTERACEAE,260,,日本の野生植物 第2巻,260,Cached OCR page should exist,The profile points to a page that is not present in the OCR cache.,
72,ocr_page_missing,profile_candidate,plant-profile-004578,イワヨモギ,Artemisia gmelinii,キク科,ASTERACEAE,281,,日本の野生植物 第2巻,281,Cached OCR page should exist,The profile points to a page that is not present in the OCR cache.,
72,ocr_page_missing,profile_candidate,plant-profile-003096,インドヒモカズラ,Deeringia polysperma,ヒユ科,AMARANTHACEAE,102,,日本の野生植物 第2巻,102,Cached OCR page should exist,The profile points to a page that is not present in the OCR cache.,
72,ocr_page_missing,profile_candidate,plant-profile-004270,ウエツアザミ,Cirsium uetsuense,キク科,ASTERACEAE,252,502,日本の野生植物 第2巻,252,Cached OCR page should exist,The profile points to a page that is not present in the OCR cache.,
72,ocr_page_missing,profile_candidate,plant-profile-004875,ウコンウツギ,Weigela middendorffana,スイカズラ科,CAPRIFOLIACEAE,315,,日本の野生植物 第2巻,315,Cached OCR page should exist,The profile points to a page that is not present in the OCR cache.,
72,ocr_page_missing,profile_candidate,plant-profile-004283,ウゴアザミ,Cirsium ugoense,キク科,ASTERACEAE,252,,日本の野生植物 第2巻,252,Cached OCR page should exist,The profile points to a page that is not present in the OCR cache.,
72,ocr_page_missing,profile_candidate,plant-profile-004349,ウゴトウヒレン,Saussurea ugoensis,キク科,ASTERACEAE,257,,日本の野生植物 第2巻,257,Cached OCR page should exist,The profile points to a page that is not present in the OCR cache.,
72,ocr_page_missing,profile_candidate,plant-profile-004685,ウサギギク,Arnica unalaschcensis var. tschonoskyi,キク科,ASTERACEAE,293,585,日本の野生植物 第2巻,293,Cached OCR page should exist,The profile points to a page that is not present in the OCR cache.,
72,ocr_page_missing,profile_candidate,plant-profile-004615,ウシオシカギク,Cotula coronopifolia,キク科,ASTERACEAE,284,,日本の野生植物 第2巻,284,Cached OCR page should exist,The profile points to a page that is not present in the OCR cache.,
72,ocr_page_missing,profile_candidate,plant-profile-003045,ウシオツメクサ,Spergularia marina,ナデシコ科,CARYOPHYLLACEAE,96,,日本の野生植物 第2巻,96,Cached OCR page should exist,The profile points to a page that is not present in the OCR cache.,
72,ocr_page_missing,profile_candidate,plant-profile-002679,ウシタキソウ,Circaea cordata,アカバナ科,ONAGRACEAE,43,,日本の野生植物 第2巻,43,Cached OCR page should exist,The profile points to a page that is not present in the OCR cache.,
72,ocr_page_missing,profile_candidate,plant-profile-003052,ウシハコベ,Stellaria aquatica,ナデシコ科,CARYOPHYLLACEAE,97,192,日本の野生植物 第2巻,97,Cached OCR page should exist,The profile points to a page that is not present in the OCR cache.,
72,ocr_page_missing,profile_candidate,plant-profile-002597,ウスカワゴロモ,Hydrobryumn floribundum,カワゴケソウ科,PODOSTEMACEAE,34,,日本の野生植物 第2巻,34,Cached OCR page should exist,The profile points to a page that is not present in the OCR cache.,
72,ocr_page_missing,profile_candidate,plant-profile-003759,ウスギモクセイ,Osmanthus fragrans,モクセイ科,OLEACEAE,182,,日本の野生植物 第2巻,182,Cached OCR page should exist,The profile points to a page that is not present in the OCR cache.,
72,ocr_page_missing,profile_candidate,plant-profile-004479,ウスゲタマブキ,Parasenecio farfarifolius,キク科,ASTERACEAE,272,,日本の野生植物 第2巻,272,Cached OCR page should exist,The profile points to a page that is not present in the OCR cache.,
72,ocr_page_missing,profile_candidate,plant-profile-003423,ウスノキ,Vaeeinium hirtum,ツツジ科,ERICACEAE,142,,日本の野生植物 第2巻,142,Cached OCR page should exist,The profile points to a page that is not present in the OCR cache.,
72,ocr_page_missing,profile_candidate,plant-profile-003088,ウスバアカザ,Chenopodiastrum hybridum,ヒユ科,AMARANTHACEAE,101,,日本の野生植物 第2巻,101,Cached OCR page should exist,The profile points to a page that is not present in the OCR cache.,
72,ocr_page_missing,profile_candidate,plant-profile-004271,ウスバアザミ,Cirsium teuue,キク科,ASTERACEAE,252,502,日本の野生植物 第2巻,252,Cached OCR page should exist,The profile points to a page that is not present in the OCR cache.,
72,ocr_page_missing,profile_candidate,plant-profile-002548,ウスバスミレ,Viola blandiformis,スミレ科,VIOLACEAE,29,,日本の野生植物 第2巻,29,Cached OCR page should exist,The profile points to a page that is not present in the OCR cache.,
72,ocr_page_missing,profile_candidate,plant-profile-004848,ウスバヒョウタンボク,Lonicera cerasina,スイカズラ科,CAPRIFOLIACEAE,313,,日本の野生植物 第2巻,313,Cached OCR page should exist,The profile points to a page that is not present in the OCR cache.,
72,ocr_page_missing,profile_candidate,plant-profile-004452,ウスベニニガナ,Emilia sonchifolia,キク科,ASTERACEAE,269,,日本の野生植物 第2巻,269,Cached OCR page should exist,The profile points to a page that is not present in the OCR cache.,
72,ocr_page_missing,profile_candidate,plant-profile-004029,ウスユキクチナシグサ,Monochasmna savatieri,ハマウツボ科,OROBANCHACEAE,219,,日本の野生植物 第2巻,219,Cached OCR page should exist,The profile points to a page that is not present in the OCR cache.,
72,ocr_page_missing,profile_candidate,plant-profile-004630,ウスユキソウ,Leontopodium japonicum,キク科,ASTERACEAE,287,,日本の野生植物 第2巻,287,Cached OCR page should exist,The profile points to a page that is not present in the OCR cache.,
72,ocr_page_missing,profile_candidate,plant-profile-004334,ウスユキトウヒレン,Saussurea yanagisawae,キク科,ASTERACEAE,257,512,日本の野生植物 第2巻,257,Cached OCR page should exist,The profile points to a page that is not present in the OCR cache.,
72,ocr_page_missing,profile_candidate,plant-profile-003447,ウスユキムグラ,Galium shikokiamum,アカネ科,RUBIACEAE,147,293,日本の野生植物 第2巻,147,Cached OCR page should exist,The profile points to a page that is not present in the OCR cache.,
72,ocr_page_missing,profile_candidate,plant-profile-004232,ウゼンアザミ,Cirsium uzenense,キク科,ASTERACEAE,250,499,日本の野生植物 第2巻,250,Cached OCR page should exist,The profile points to a page that is not present in the OCR cache.,
72,ocr_page_missing,profile_candidate,plant-profile-004277,ウゼンヒメアザミ,,,,252,503,日本の野生植物 第2巻,252,Cached OCR page should exist,The profile points to a page that is not present in the OCR cache.,
72,ocr_page_missing,profile_candidate,plant-profile-003261,ウチダシクロキ,Symplocos kawakamii,ハイノキ科,SYMPLOCACEAE,125,249,日本の野生植物 第2巻,125,Cached OCR page should exist,The profile points to a page that is not present in the OCR cache.,
72,ocr_page_missing,profile_candidate,plant-profile-003143,ウツギ,Deutzia crenata var. crenata,アジサイ科,HYDRANGEACEAE,110,219,日本の野生植物 第2巻,110,Cached OCR page should exist,The profile points to a page that is not present in the OCR cache.,
72,ocr_page_missing,profile_candidate,plant-profile-003973,ウツボグサ,Prunella vulgaris,シソ科,LAMIACEAE,211,,日本の野生植物 第2巻,211,Cached OCR page should exist,The profile points to a page that is not present in the OCR cache.,
72,ocr_page_missing,profile_candidate,plant-profile-004712,ウド,Aralia cordata,ウコギ科,ARALIACEAE,296,,日本の野生植物 第2巻,296,Cached OCR page should exist,The profile points to a page that is not present in the OCR cache.,
72,ocr_page_missing,profile_candidate,plant-profile-002941,ウナギツカミ,Persicaria sagittata,タデ科,POLYGONACEAE,87,172,日本の野生植物 第2巻,87,Cached OCR page should exist,The profile points to a page that is not present in the OCR cache.,
72,ocr_page_missing,profile_candidate,plant-profile-004756,ウバタケニンジン,Angeliea ubatakensis,セリ科,APIACEAE,302,,日本の野生植物 第2巻,302,Cached OCR page should exist,The profile points to a page that is not present in the OCR cache.,
72,ocr_page_missing,profile_candidate,plant-profile-004746,ウマノミツバ,Sanicula chinensis,セリ科,APIACEAE,301,601,日本の野生植物 第2巻,301,Cached OCR page should exist,The profile points to a page that is not present in the OCR cache.,
72,ocr_page_missing,profile_candidate,plant-profile-003223,ウミミドリ,Lysimachia maritima,サクラソウ科,PRIMULACEAE,121,240,日本の野生植物 第2巻,121,Cached OCR page should exist,The profile points to a page that is not present in the OCR cache.,
72,ocr_page_missing,profile_candidate,plant-profile-003149,ウメウツギ,Deutzia uniflora,アジサイ科,HYDRANGEACEAE,110,,日本の野生植物 第2巻,110,Cached OCR page should exist,The profile points to a page that is not present in the OCR cache.,
72,ocr_page_missing,profile_candidate,plant-profile-003303,ウメガサソウ,Chimaphila japonica,ツツジ科,ERICACEAE,131,,日本の野生植物 第2巻,131,Cached OCR page should exist,The profile points to a page that is not present in the OCR cache.,
72,ocr_page_missing,profile_candidate,plant-profile-004107,ウメモドキ,Ilex serrata,モチノキ科,AQUIFOLIACEAE,229,456,日本の野生植物 第2巻,229,Cached OCR page should exist,The profile points to a page that is not present in the OCR cache.,
72,ocr_page_missing,profile_candidate,plant-profile-004559,ウラギク,Tripolium pannonicum,キク科,ASTERACEAE,279,,日本の野生植物 第2巻,279,Cached OCR page should exist,The profile points to a page that is not present in the OCR cache.,
72,ocr_page_missing,profile_candidate,plant-profile-003394,ウラシマツツジ,Arctous alpinus var. japonicus,ツツジ科,ERICACEAE,139,277,日本の野生植物 第2巻,139,Cached OCR page should exist,The profile points to a page that is not present in the OCR cache.,
72,ocr_page_missing,profile_candidate,plant-profile-003104,ウラジロアカザ,Oxybasis glauca,ヒユ科,AMARANTHACEAE,103,,日本の野生植物 第2巻,103,Cached OCR page should exist,The profile points to a page that is not present in the OCR cache.,
72,ocr_page_missing,profile_candidate,plant-profile-004721,ウラジロウコギ,Eleutheroeoeeus hypoleueus,ウコギ科,ARALIACEAE,297,,日本の野生植物 第2巻,297,Cached OCR page should exist,The profile points to a page that is not present in the OCR cache.,
72,ocr_page_missing,profile_candidate,plant-profile-003144,ウラジロウツギ,Deutzia maximowicziana,アジサイ科,HYDRANGEACEAE,110,219,日本の野生植物 第2巻,110,Cached OCR page should exist,The profile points to a page that is not present in the OCR cache.,
72,ocr_page_missing,profile_candidate,plant-profile-004251,ウラジロカガノアザミ,Cirsium furusei,キク科,ASTERACEAE,251,500,日本の野生植物 第2巻,251,Cached OCR page should exist,The profile points to a page that is not present in the OCR cache.,
72,ocr_page_missing,profile_candidate,plant-profile-003870,ウラジロコムラサキ,Callicarpa parvifolia,シソ科,LAMIACEAE,198,,日本の野生植物 第2巻,198,Cached OCR page should exist,The profile points to a page that is not present in the OCR cache.,
72,ocr_page_missing,profile_candidate,plant-profile-002923,ウラジロタデ,Aconogonon weyrichii,タデ科,POLYGONACEAE,83,,日本の野生植物 第2巻,83,Cached OCR page should exist,The profile points to a page that is not present in the OCR cache.,
72,ocr_page_missing,profile_candidate,plant-profile-003379,ウラジロミツバツツジ,Rhododendron osuzuyamense,ツツジ科,ERICACEAE,138,,日本の野生植物 第2巻,138,Cached OCR page should exist,The profile points to a page that is not present in the OCR cache.,
72,ocr_page_missing,profile_candidate,plant-profile-003337,ウラジロヨウラク,Rhododendron multiflorum var. multiflorum,ツツジ科,ERICACEAE,136,271,日本の野生植物 第2巻,136,Cached OCR page should exist,The profile points to a page that is not present in the OCR cache.,
72,ocr_page_missing,profile_candidate,plant-profile-002734,ウリカエデ,Acer crataegifolium,ムクロジ科,SAPINDACEAE,52,103,日本の野生植物 第2巻,52,Cached OCR page should exist,The profile points to a page that is not present in the OCR cache.,
72,ocr_page_missing,profile_candidate,plant-profile-003852,ウリクサ,Torenia erustacea,アゼナ科,LINDERNIACEAE,194,,日本の野生植物 第2巻,194,Cached OCR page should exist,The profile points to a page that is not present in the OCR cache.,
72,ocr_page_missing,profile_candidate,plant-profile-003132,ウリノキ,Alangium platanifolium,ミズキ科,CORNACEAE,108,,日本の野生植物 第2巻,108,Cached OCR page should exist,The profile points to a page that is not present in the OCR cache.,
72,ocr_page_missing,profile_candidate,plant-profile-002735,ウリハダカエデ,Acer rufinerve Siebold et Zucc.,ムクロジ科,SAPINDACEAE,52,103,日本の野生植物 第2巻,52,Cached OCR page should exist,The profile points to a page that is not present in the OCR cache.,
72,ocr_page_missing,profile_candidate,plant-profile-004322,ウリュウトウヒレン,Saussurea uryuensis,キク科,ASTERACEAE,256,,日本の野生植物 第2巻,256,Cached OCR page should exist,The profile points to a page that is not present in the OCR cache.,
72,ocr_page_missing,profile_candidate,plant-profile-002726,ウルシ,Toxicodendron vernicifluum,ウルシ科,ANACARDIACEAE,50,,日本の野生植物 第2巻,50,Cached OCR page should exist,The profile points to a page that is not present in the OCR cache.,
72,ocr_page_missing,profile_candidate,plant-profile-003780,ウルップソウ,Lagotis glauca,オオバコ科,PLANTAGINACEAE,186,371,日本の野生植物 第2巻,186,Cached OCR page should exist,The profile points to a page that is not present in the OCR cache.,
72,ocr_page_missing,profile_candidate,plant-profile-004077,ウロコマリ,Lepidagathis formosensis,キツネノマゴ科,ACANTHACEAE,224,,日本の野生植物 第2巻,224,Cached OCR page should exist,The profile points to a page that is not present in the OCR cache.,
72,ocr_page_missing,profile_candidate,plant-profile-004213,ウンゼンアザミ,Cirsium unzenense,キク科,ASTERACEAE,249,497,日本の野生植物 第2巻,249,Cached OCR page should exist,The profile points to a page that is not present in the OCR cache.,
72,ocr_page_missing,profile_candidate,plant-profile-003354,ウンゼンツツジ,Rhododendron serpyllifolium,ツツジ科,ERICACEAE,137,272,日本の野生植物 第2巻,137,Cached OCR page should exist,The profile points to a page that is not present in the OCR cache.,
72,ocr_page_missing,profile_candidate,plant-profile-003787,ウンラン,Linaria japonica,オオバコ科,PLANTAGINACEAE,187,,日本の野生植物 第2巻,187,Cached OCR page should exist,The profile points to a page that is not present in the OCR cache.,
72,ocr_page_missing,profile_candidate,plant-profile-002549,エイザンスミレ,Viola eizanensis,スミレ科,VIOLACEAE,29,,日本の野生植物 第2巻,29,Cached OCR page should exist,The profile points to a page that is not present in the OCR cache.,
72,ocr_page_missing,profile_candidate,plant-profile-004772,エキサイゼリ,Apodicarpum ikenoi,セリ科,APIACEAE,303,,日本の野生植物 第2巻,303,Cached OCR page should exist,The profile points to a page that is not present in the OCR cache.,
72,ocr_page_missing,profile_candidate,plant-profile-003291,エゴノキ,Styrax japonicus Siebold et Zucc.,エゴノキ科,STYRACACEAE,128,254,日本の野生植物 第2巻,128,Cached OCR page should exist,The profile points to a page that is not present in the OCR cache.,
72,ocr_page_missing,profile_candidate,plant-profile-002573,エゾアオイスミレ,Viola collina,スミレ科,VIOLACEAE,31,60,日本の野生植物 第2巻,31,Cached OCR page should exist,The profile points to a page that is not present in the OCR cache.,
72,ocr_page_missing,profile_candidate,plant-profile-002690,エゾアカバナ,Epilobium montanum,アカバナ科,ONAGRACEAE,44,,日本の野生植物 第2巻,44,Cached OCR page should exist,The profile points to a page that is not present in the OCR cache.,
72,ocr_page_missing,profile_candidate,plant-profile-003155,エゾアジサイ,Hortensia euspidata,アジサイ科,HYDRANGEACEAE,111,,日本の野生植物 第2巻,111,Cached OCR page should exist,The profile points to a page that is not present in the OCR cache.,
72,ocr_page_missing,profile_candidate,plant-profile-003307,エゾイチヤクソウ,Pyrola minor,ツツジ科,ERICACEAE,132,262,日本の野生植物 第2巻,132,Cached OCR page should exist,The profile points to a page that is not present in the OCR cache.,
72,ocr_page_missing,profile_candidate,plant-profile-002871,エゾイヌナズナ,Draba borealis,アブラナ科,BRASSICACEAE,74,147,日本の野生植物 第2巻,74,Cached OCR page should exist,The profile points to a page that is not present in the OCR cache.,
72,ocr_page_missing,profile_candidate,plant-profile-003060,エゾイワツメクサ,Stellaria pterosperma,ナデシコ科,CARYOPHYLLACEAE,97,193,日本の野生植物 第2巻,97,Cached OCR page should exist,The profile points to a page that is not present in the OCR cache.,
72,ocr_page_missing,profile_candidate,plant-profile-004722,エゾウコギ,Eleutheroeoecus senticosus,ウコギ科,ARALIACEAE,297,,日本の野生植物 第2巻,297,Cached OCR page should exist,The profile points to a page that is not present in the OCR cache.,
72,ocr_page_missing,profile_candidate,plant-profile-004631,エゾウスユキソウ,Leontopodium discolor,キク科,ASTERACEAE,287,,日本の野生植物 第2巻,287,Cached OCR page should exist,The profile points to a page that is not present in the OCR cache.,
72,ocr_page_missing,profile_candidate,plant-profile-003798,エゾオオバコ,Plantago camtschatica,オオバコ科,PLANTAGINACEAE,188,,日本の野生植物 第2巻,188,Cached OCR page should exist,The profile points to a page that is not present in the OCR cache.,
72,ocr_page_missing,profile_candidate,plant-profile-003065,エゾオオヤマハコベ,Stellaria radians,ナデシコ科,CARYOPHYLLACEAE,97,,日本の野生植物 第2巻,97,Cached OCR page should exist,The profile points to a page that is not present in the OCR cache.,
72,ocr_page_missing,profile_candidate,plant-profile-004487,エゾオグルマ,Senecio pseudoarnica,キク科,ASTERACEAE,273,544,日本の野生植物 第2巻,273,Cached OCR page should exist,The profile points to a page that is not present in the OCR cache.,
72,ocr_page_missing,profile_candidate,plant-profile-002606,エゾオトギリ,Hyperieum yezoense,オトギリソウ科,HYPERICACEAE,36,,日本の野生植物 第2巻,36,Cached OCR page should exist,The profile points to a page that is not present in the OCR cache.,
72,ocr_page_missing,profile_candidate,plant-profile-003524,エゾオヤマリンドウ,,,,155,309,日本の野生植物 第2巻,155,Cached OCR page should exist,The profile points to a page that is not present in the OCR cache.,
72,ocr_page_missing,profile_candidate,plant-profile-003466,エゾキヌタソウ,Galium boreale,アカネ科,RUBIACEAE,148,,日本の野生植物 第2巻,148,Cached OCR page should exist,The profile points to a page that is not present in the OCR cache.,
72,ocr_page_missing,profile_candidate,plant-profile-004393,エゾコウゾリナ,Hypochaeris erepidioides,キク科,ASTERACEAE,261,,日本の野生植物 第2巻,261,Cached OCR page should exist,The profile points to a page that is not present in the OCR cache.,
72,ocr_page_missing,profile_candidate,plant-profile-003133,エゾゴゼンタチバナ,Cormus suecica,ミズキ科,CORNACEAE,108,,日本の野生植物 第2巻,108,Cached OCR page should exist,The profile points to a page that is not present in the OCR cache.,
72,ocr_page_missing,profile_candidate,plant-profile-004038,エゾシオガマ,Pedicularis yezoensis,ハマウツボ科,OROBANCHACEAE,220,,日本の野生植物 第2巻,220,Cached OCR page should exist,The profile points to a page that is not present in the OCR cache.,
72,ocr_page_missing,profile_candidate,plant-profile-003961,エゾシロネ,Lyeopus uniforus,シソ科,LAMIACEAE,210,,日本の野生植物 第2巻,210,Cached OCR page should exist,The profile points to a page that is not present in the OCR cache.,
72,ocr_page_missing,profile_candidate,plant-profile-002877,エゾスズシロ,Erysiinum cheiranthoides,アブラナ科,BRASSICACEAE,75,148,日本の野生植物 第2巻,75,Cached OCR page should exist,The profile points to a page that is not present in the OCR cache.,
72,ocr_page_missing,profile_candidate,plant-profile-003032,エゾセンノウ,Silene fulgens,ナデシコ科,CARYOPHYLLACEAE,95,189,日本の野生植物 第2巻,95,Cached OCR page should exist,The profile points to a page that is not present in the OCR cache.,
72,ocr_page_missing,profile_candidate,plant-profile-004382,エゾタカネニガナ,Crepis gymnopus,キク科,ASTERACEAE,260,,日本の野生植物 第2巻,260,Cached OCR page should exist,The profile points to a page that is not present in the OCR cache.,
72,ocr_page_missing,profile_candidate,plant-profile-004432,エゾタンポポ,Taraxacum venustum subsp. venustum,キク科,ASTERACEAE,265,529,日本の野生植物 第2巻,265,Cached OCR page should exist,The profile points to a page that is not present in the OCR cache.,
72,ocr_page_missing,profile_candidate,plant-profile-003380,エゾツツジ,Therorhodion camtschaticum,ツツジ科,ERICACEAE,138,,日本の野生植物 第2巻,138,Cached OCR page should exist,The profile points to a page that is not present in the OCR cache.,
72,ocr_page_missing,profile_candidate,plant-profile-004318,エゾトウヒレン,Saussurea yesoensis,キク科,ASTERACEAE,256,511,日本の野生植物 第2巻,256,Cached OCR page should exist,The profile points to a page that is not present in the OCR cache.,
72,ocr_page_missing,profile_candidate,plant-profile-003905,エゾナミキ,Seutellaria yezoensis,シソ科,LAMIACEAE,202,,日本の野生植物 第2巻,202,Cached OCR page should exist,The profile points to a page that is not present in the OCR cache.,
72,ocr_page_missing,profile_candidate,plant-profile-003897,エゾニガクサ,Teucrium veronicoides var. veronicoides,シソ科,LAMIACEAE,201,400,日本の野生植物 第2巻,201,Cached OCR page should exist,The profile points to a page that is not present in the OCR cache.,
72,ocr_page_missing,profile_candidate,plant-profile-004757,エゾニュウ,Angelica ursina,セリ科,APIACEAE,302,,日本の野生植物 第2巻,302,Cached OCR page should exist,The profile points to a page that is not present in the OCR cache.,
72,ocr_page_missing,profile_candidate,plant-profile-003817,エゾノカワヂシャ,Veroniea amerieana,オオバコ科,PLANTAGINACEAE,190,,日本の野生植物 第2巻,190,Cached OCR page should exist,The profile points to a page that is not present in the OCR cache.,
72,ocr_page_missing,profile_candidate,plant-profile-002522,エゾノカワヤナギ,Salix miyabeana,ヤナギ科,SALICACEAE,24,,日本の野生植物 第2巻,24,Cached OCR page should exist,The profile points to a page that is not present in the OCR cache.,
72,ocr_page_missing,profile_candidate,plant-profile-004187,エゾノキツネアザミ,Cirsium setosum,キク科,ASTERACEAE,247,,日本の野生植物 第2巻,247,Cached OCR page should exist,The profile points to a page that is not present in the OCR cache.,
72,ocr_page_missing,profile_candidate,plant-profile-002516,エゾノキヌヤナギ,Salix schwerinii,ヤナギ科,SALICACEAE,24,46,日本の野生植物 第2巻,24,Cached OCR page should exist,The profile points to a page that is not present in the OCR cache.,
72,ocr_page_missing,profile_candidate,plant-profile-002990,エゾノギシギシ,Rumex obtusifolius,タデ科,POLYGONACEAE,90,178,日本の野生植物 第2巻,90,Cached OCR page should exist,The profile points to a page that is not present in the OCR cache.,
72,ocr_page_missing,profile_candidate,plant-profile-003604,エゾノクサタチバナ,Vincetosieum inamoenum,キョウチクトウ科,APOCYNACEAE,163,,日本の野生植物 第2巻,163,Cached OCR page should exist,The profile points to a page that is not present in the OCR cache.,
72,ocr_page_missing,profile_candidate,plant-profile-004560,エゾノコギリソウ,Achillea ptarmiea,キク科,ASTERACEAE,279,,日本の野生植物 第2巻,279,Cached OCR page should exist,The profile points to a page that is not present in the OCR cache.,
72,ocr_page_missing,profile_candidate,plant-profile-004208,エゾノサワアザミ,Cirsium pectinellum,キク科,ASTERACEAE,249,496,日本の野生植物 第2巻,249,Cached OCR page should exist,The profile points to a page that is not present in the OCR cache.,
72,ocr_page_missing,profile_candidate,plant-profile-004780,エゾノシシウド,Coelopleurum gmelinii,セリ科,APIACEAE,304,,日本の野生植物 第2巻,304,Cached OCR page should exist,The profile points to a page that is not present in the OCR cache.,
72,ocr_page_missing,profile_candidate,plant-profile-004659,エゾノタウコギ,Bidens maximowieziana,キク科,ASTERACEAE,290,,日本の野生植物 第2巻,290,Cached OCR page should exist,The profile points to a page that is not present in the OCR cache.,
72,ocr_page_missing,profile_candidate,plant-profile-002574,エゾノタチツボスミレ,Viola acuminata Ledeb.,スミレ科,VIOLACEAE,31,60,日本の野生植物 第2巻,31,Cached OCR page should exist,The profile points to a page that is not present in the OCR cache.,
72,ocr_page_missing,profile_candidate,plant-profile-004018,エゾノダッタンコゴメグサ,Eaphrasia peetinata,ハマウツボ科,OROBANCHACEAE,218,,日本の野生植物 第2巻,218,Cached OCR page should exist,The profile points to a page that is not present in the OCR cache.,
72,ocr_page_missing,profile_candidate,plant-profile-004624,エゾノチチコグサ,Antennaria dioica,キク科,ASTERACEAE,286,,日本の野生植物 第2巻,286,Cached OCR page should exist,The profile points to a page that is not present in the OCR cache.,
72,ocr_page_missing,profile_candidate,plant-profile-003321,エゾノツガザクラ,Phyllodoce caerulea,ツツジ科,ERICACEAE,133,,日本の野生植物 第2巻,133,Cached OCR page should exist,The profile points to a page that is not present in the OCR cache.,
72,ocr_page_missing,profile_candidate,plant-profile-002954,エゾノミズタデ,Persicaria amphibia,タデ科,POLYGONACEAE,87,,日本の野生植物 第2巻,87,Cached OCR page should exist,The profile points to a page that is not present in the OCR cache.,
72,ocr_page_missing,profile_candidate,plant-profile-004209,エゾノミヤマアザミ,Cirsium yezoalpinum,キク科,ASTERACEAE,249,496,日本の野生植物 第2巻,249,Cached OCR page should exist,The profile points to a page that is not present in the OCR cache.,
72,ocr_page_missing,profile_candidate,plant-profile-004750,エゾノヨロイグサ,,,,302,603,日本の野生植物 第2巻,302,Cached OCR page should exist,The profile points to a page that is not present in the OCR cache.,
72,ocr_page_missing,profile_candidate,plant-profile-003066,エゾハコベ,Stellaria humifusa,ナデシコ科,CARYOPHYLLACEAE,97,,日本の野生植物 第2巻,97,Cached OCR page should exist,The profile points to a page that is not present in the OCR cache.,
72,ocr_page_missing,profile_candidate,plant-profile-002860,エゾハタザオ,Catolobus pendulus,アブラナ科,BRASSICACEAE,73,,日本の野生植物 第2巻,73,Cached OCR page should exist,The profile points to a page that is not present in the OCR cache.,
72,ocr_page_missing,profile_candidate,plant-profile-004579,エゾハハコヨモギ,Artemisia fureata,キク科,ASTERACEAE,281,,日本の野生植物 第2巻,281,Cached OCR page should exist,The profile points to a page that is not present in the OCR cache.,
72,ocr_page_missing,profile_candidate,plant-profile-003840,エゾヒナノウスツボ,Scrophularia alata,ゴマノハグサ科,SCROPHULARIACEAE,193,384,日本の野生植物 第2巻,193,Cached OCR page should exist,The profile points to a page that is not present in the OCR cache.,
72,ocr_page_missing,profile_candidate,plant-profile-003801,エゾヒメクワガタ,Veronica stelleri,オオバコ科,PLANTAGINACEAE,189,,日本の野生植物 第2巻,189,Cached OCR page should exist,The profile points to a page that is not present in the OCR cache.,
72,ocr_page_missing,profile_candidate,plant-profile-004845,エゾヒョウタンボク,Lonicera alpigena,スイカズラ科,CAPRIFOLIACEAE,313,625,日本の野生植物 第2巻,313,Cached OCR page should exist,The profile points to a page that is not present in the OCR cache.,
72,ocr_page_missing,profile_candidate,plant-profile-004748,エゾボウフウ,Aegopodium alpestre,セリ科,APIACEAE,301,,日本の野生植物 第2巻,301,Cached OCR page should exist,The profile points to a page that is not present in the OCR cache.,
72,ocr_page_missing,profile_candidate,plant-profile-004863,エゾマツムシソウ,Seabiosa jezoensis,スイカズラ科,CAPRIFOLIACEAE,314,,日本の野生植物 第2巻,314,Cached OCR page should exist,The profile points to a page that is not present in the OCR cache.,
72,ocr_page_missing,profile_candidate,plant-profile-004019,エゾママコナ,Melampyrum yezoense,ハマウツボ科,OROBANCHACEAE,218,,日本の野生植物 第2巻,218,Cached OCR page should exist,The profile points to a page that is not present in the OCR cache.,
72,ocr_page_missing,profile_candidate,plant-profile-004210,エゾマミヤアザミ,Cirsium charkeviczii,キク科,ASTERACEAE,249,496,日本の野生植物 第2巻,249,Cached OCR page should exist,The profile points to a page that is not present in the OCR cache.,
72,ocr_page_missing,profile_candidate,plant-profile-002506,エゾマメヤナギ,Salix nummularia,ヤナギ科,SALICACEAE,23,,日本の野生植物 第2巻,23,Cached OCR page should exist,The profile points to a page that is not present in the OCR cache.,
72,ocr_page_missing,profile_candidate,plant-profile-003036,エゾマンテマ,Silene foliosa,ナデシコ科,CARYOPHYLLACEAE,95,,日本の野生植物 第2巻,95,Cached OCR page should exist,The profile points to a page that is not present in the OCR cache.,
72,ocr_page_missing,profile_candidate,plant-profile-002680,エゾミズタマソウ,Cireaea eanadensis,アカバナ科,ONAGRACEAE,43,,日本の野生植物 第2巻,43,Cached OCR page should exist,The profile points to a page that is not present in the OCR cache.,
72,ocr_page_missing,profile_candidate,plant-profile-002664,エゾミソハギ,Lythrum saliearia,ミソハギ科,LYTHRACEAE,41,,日本の野生植物 第2巻,41,Cached OCR page should exist,The profile points to a page that is not present in the OCR cache.,
72,ocr_page_missing,profile_candidate,plant-profile-004542,エゾムカシヨモギ,Erigeron aeris,キク科,ASTERACEAE,277,,日本の野生植物 第2巻,277,Cached OCR page should exist,The profile points to a page that is not present in the OCR cache.,
72,ocr_page_missing,profile_candidate,plant-profile-003448,エゾムグラ,Galium manshuricum,アカネ科,RUBIACEAE,147,293,日本の野生植物 第2巻,147,Cached OCR page should exist,The profile points to a page that is not present in the OCR cache.,
72,ocr_page_missing,profile_candidate,plant-profile-003724,エゾムラサキ,Myosotis sylvatiea,ムラサキ科,BORAGINACEAE,178,,日本の野生植物 第2巻,178,Cached OCR page should exist,The profile points to a page that is not present in the OCR cache.,
72,ocr_page_missing,profile_candidate,plant-profile-003325,エゾムラサキツツジ,Rhododendron dauricum,ツツジ科,ERICACEAE,135,,日本の野生植物 第2巻,135,Cached OCR page should exist,The profile points to a page that is not present in the OCR cache.,
72,ocr_page_missing,profile_candidate,plant-profile-004402,エゾムラサキニガナ,Lactuea sibirica,キク科,ASTERACEAE,262,,日本の野生植物 第2巻,262,Cached OCR page should exist,The profile points to a page that is not present in the OCR cache.,
72,ocr_page_missing,profile_candidate,plant-profile-002523,エゾヤナギ,Salix rorida,ヤナギ科,SALICACEAE,24,,日本の野生植物 第2巻,24,Cached OCR page should exist,The profile points to a page that is not present in the OCR cache.,
72,ocr_page_missing,profile_candidate,plant-profile-004278,エゾヤマアザミ,Cirsium albrechtii,キク科,ASTERACEAE,252,503,日本の野生植物 第2巻,252,Cached OCR page should exist,The profile points to a page that is not present in the OCR cache.,
72,ocr_page_missing,profile_candidate,plant-profile-002628,エゾヤマオトギリ,Hyperieum kurodakeanum,オトギリソウ科,HYPERICACEAE,37,,日本の野生植物 第2巻,37,Cached OCR page should exist,The profile points to a page that is not present in the OCR cache.,
72,ocr_page_missing,profile_candidate,plant-profile-004039,エゾヨツバシオガマ,Pedicularis chamissonis,ハマウツボ科,OROBANCHACEAE,220,,日本の野生植物 第2巻,220,Cached OCR page should exist,The profile points to a page that is not present in the OCR cache.,
72,ocr_page_missing,profile_candidate,plant-profile-004619,エゾヨモギギク,Tanacetum vulgare,キク科,ASTERACEAE,285,,日本の野生植物 第2巻,285,Cached OCR page should exist,The profile points to a page that is not present in the OCR cache.,
72,ocr_page_missing,profile_candidate,plant-profile-003525,エゾリンドウ,Gentiana triflora var. japonica,リンドウ科,GENTIANACEAE,155,309,日本の野生植物 第2巻,155,Cached OCR page should exist,The profile points to a page that is not present in the OCR cache.,
72,ocr_page_missing,profile_candidate,plant-profile-003717,エゾルリソウ,Mertensia pterocarpa,ムラサキ科,BORAGINACEAE,177,,日本の野生植物 第2巻,177,Cached OCR page should exist,The profile points to a page that is not present in the OCR cache.,
72,ocr_page_missing,profile_candidate,plant-profile-002861,エゾワサビ,Cardamine yezoensis,アブラナ科,BRASSICACEAE,73,,日本の野生植物 第2巻,73,Cached OCR page should exist,The profile points to a page that is not present in the OCR cache.,
72,ocr_page_missing,profile_candidate,plant-profile-002684,エダウチアカバナ,Epilobium fastigiatoramosum,アカバナ科,ONAGRACEAE,44,86,日本の野生植物 第2巻,44,Cached OCR page should exist,The profile points to a page that is not present in the OCR cache.,
72,ocr_page_missing,profile_candidate,plant-profile-003725,エチゴルリソウ,Nihon laevispermum,ムラサキ科,BORAGINACEAE,178,,日本の野生植物 第2巻,178,Cached OCR page should exist,The profile points to a page that is not present in the OCR cache.,
72,ocr_page_missing,profile_candidate,plant-profile-004200,エチゼンオニアザミ,Cirsium occidentalinippouense,キク科,ASTERACEAE,248,,日本の野生植物 第2巻,248,Cached OCR page should exist,The profile points to a page that is not present in the OCR cache.,
72,ocr_page_missing,profile_candidate,plant-profile-004240,エチゼンヒメアザミ,Cirsium wakasugianum,キク科,ASTERACEAE,250,,日本の野生植物 第2巻,250,Cached OCR page should exist,The profile points to a page that is not present in the OCR cache.,
72,ocr_page_missing,profile_candidate,plant-profile-003788,エナシシソクサ,Limnophila fragrans,オオバコ科,PLANTAGINACEAE,187,,日本の野生植物 第2巻,187,Cached OCR page should exist,The profile points to a page that is not present in the OCR cache.,
72,ocr_page_missing,profile_candidate,plant-profile-004161,エンシュウハグマ,Ainsliaea disseeta,キク科,ASTERACEAE,241,,日本の野生植物 第2巻,241,Cached OCR page should exist,The profile points to a page that is not present in the OCR cache.,
72,ocr_page_missing,profile_candidate,plant-profile-003037,エンビセンノウ,Silene wilfordii,ナデシコ科,CARYOPHYLLACEAE,95,,日本の野生植物 第2巻,95,Cached OCR page should exist,The profile points to a page that is not present in the OCR cache.,
72,ocr_page_missing,profile_candidate,plant-profile-004190,オイランアザミ,Cirsium spinosum,キク科,ASTERACEAE,248,494,日本の野生植物 第2巻,248,Cached OCR page should exist,The profile points to a page that is not present in the OCR cache.,
72,ocr_page_missing,profile_candidate,plant-profile-003874,オウギカズラ,Ajuga japonica,シソ科,LAMIACEAE,199,397,日本の野生植物 第2巻,199,Cached OCR page should exist,The profile points to a page that is not present in the OCR cache.,
72,ocr_page_missing,profile_candidate,plant-profile-003510,オオアカネ,Rubia hexaphylla,アカネ科,RUBIACEAE,152,,日本の野生植物 第2巻,152,Cached OCR page should exist,The profile points to a page that is not present in the OCR cache.,
72,ocr_page_missing,profile_candidate,plant-profile-002691,オオアカバナ,Epilobium hirsutum,アカバナ科,ONAGRACEAE,44,,日本の野生植物 第2巻,44,Cached OCR page should exist,The profile points to a page that is not present in the OCR cache.,
72,ocr_page_missing,profile_candidate,plant-profile-003778,オオアブノメ,Gratiola japonica,オオバコ科,PLANTAGINACEAE,186,370,日本の野生植物 第2巻,186,Cached OCR page should exist,The profile points to a page that is not present in the OCR cache.,
72,ocr_page_missing,profile_candidate,plant-profile-004543,オオアレチノギク,Erigeron sumatrensis,キク科,ASTERACEAE,277,,日本の野生植物 第2巻,277,Cached OCR page should exist,The profile points to a page that is not present in the OCR cache.,
72,ocr_page_missing,profile_candidate,plant-profile-004550,オオアワダチソウ,Solidago gigantea,キク科,ASTERACEAE,278,555,日本の野生植物 第2巻,278,Cached OCR page should exist,The profile points to a page that is not present in the OCR cache.,
72,ocr_page_missing,profile_candidate,plant-profile-004505,オオイソノギク,,,,275,549,日本の野生植物 第2巻,275,Cached OCR page should exist,The profile points to a page that is not present in the OCR cache.,
72,ocr_page_missing,profile_candidate,plant-profile-002933,オオイタドリ,Fallopia sachalinensis,タデ科,POLYGONACEAE,85,168,日本の野生植物 第2巻,85,Cached OCR page should exist,The profile points to a page that is not present in the OCR cache.,
72,ocr_page_missing,profile_candidate,plant-profile-002741,オオイタヤメイゲツ,Acer shirasawanum,ムクロジ科,SAPINDACEAE,52,,日本の野生植物 第2巻,52,Cached OCR page should exist,The profile points to a page that is not present in the OCR cache.,
72,ocr_page_missing,profile_candidate,plant-profile-002971,オオイヌタデ,Persicaria lapathifolia,タデ科,POLYGONACEAE,88,,日本の野生植物 第2巻,88,Cached OCR page should exist,The profile points to a page that is not present in the OCR cache.,
72,ocr_page_missing,profile_candidate,plant-profile-003806,オオイヌノフグリ,Veronica persica,オオバコ科,PLANTAGINACEAE,190,378,日本の野生植物 第2巻,190,Cached OCR page should exist,The profile points to a page that is not present in the OCR cache.,
72,ocr_page_missing,profile_candidate,plant-profile-003687,オオイヌホオズキ,Solanum nigrescens,ナス科,SOLANACEAE,173,344,日本の野生植物 第2巻,173,Cached OCR page should exist,The profile points to a page that is not present in the OCR cache.,
72,ocr_page_missing,profile_candidate,plant-profile-004596,オオイワインチン,Chrysanthemum pallasianum,キク科,ASTERACEAE,283,564,日本の野生植物 第2巻,283,Cached OCR page should exist,The profile points to a page that is not present in the OCR cache.,
72,ocr_page_missing,profile_candidate,plant-profile-004686,オオウサギギク,Arnica sachalinensis,キク科,ASTERACEAE,293,585,日本の野生植物 第2巻,293,Cached OCR page should exist,The profile points to a page that is not present in the OCR cache.,
72,ocr_page_missing,profile_candidate,plant-profile-003304,オオウメガサソウ,Chimaphila umnbellata,ツツジ科,ERICACEAE,131,,日本の野生植物 第2巻,131,Cached OCR page should exist,The profile points to a page that is not present in the OCR cache.,
72,ocr_page_missing,profile_candidate,plant-profile-004802,オオカサモチ,Pleurospermum uralense,セリ科,APIACEAE,306,,日本の野生植物 第2巻,306,Cached OCR page should exist,The profile points to a page that is not present in the OCR cache.,
72,ocr_page_missing,profile_candidate,plant-profile-004480,オオカニコウモリ,Paraseneeio nikomontanus,キク科,ASTERACEAE,272,,日本の野生植物 第2巻,272,Cached OCR page should exist,The profile points to a page that is not present in the OCR cache.,
72,ocr_page_missing,profile_candidate,plant-profile-004819,オオカメノキ,Viburnum furcatum,ガマズミ科,VIBURNACEAE,309,617,日本の野生植物 第2巻,309,Cached OCR page should exist,The profile points to a page that is not present in the OCR cache.,
72,ocr_page_missing,profile_candidate,plant-profile-003600,オオカモメヅル,Vincetoxicum aristolochioides,キョウチクトウ科,APOCYNACEAE,163,325,日本の野生植物 第2巻,163,Cached OCR page should exist,The profile points to a page that is not present in the OCR cache.,
72,ocr_page_missing,profile_candidate,plant-profile-003807,オオカワヂシャ,,,,190,378,日本の野生植物 第2巻,190,Cached OCR page should exist,The profile points to a page that is not present in the OCR cache.,
72,ocr_page_missing,profile_candidate,plant-profile-004639,オオガンクビソウ,Carpesium macrocephalum,キク科,ASTERACEAE,288,,日本の野生植物 第2巻,288,Cached OCR page should exist,The profile points to a page that is not present in the OCR cache.,
72,ocr_page_missing,profile_candidate,plant-profile-002507,オオキツネヤナギ,Salix futura,ヤナギ科,SALICACEAE,23,,日本の野生植物 第2巻,23,Cached OCR page should exist,The profile points to a page that is not present in the OCR cache.,
72,ocr_page_missing,profile_candidate,plant-profile-003511,オオキヌタソウ,Rubia chinensis,アカネ科,RUBIACEAE,152,,日本の野生植物 第2巻,152,Cached OCR page should exist,The profile points to a page that is not present in the OCR cache.,
72,ocr_page_missing,profile_candidate,plant-profile-004637,オオキバナムカシヨモギ,Blumea conspicua,キク科,ASTERACEAE,288,574,日本の野生植物 第2巻,288,Cached OCR page should exist,The profile points to a page that is not present in the OCR cache.,
72,ocr_page_missing,profile_candidate,plant-profile-004864,オオキンレイカ,Patrinia takeuchiana,スイカズラ科,CAPRIFOLIACEAE,314,,日本の野生植物 第2巻,314,Cached OCR page should exist,The profile points to a page that is not present in the OCR cache.,
72,ocr_page_missing,profile_candidate,plant-profile-003138,オオクサアジサイ,Cardiandra moellendorffi,アジサイ科,HYDRANGEACEAE,109,,日本の野生植物 第2巻,109,Cached OCR page should exist,The profile points to a page that is not present in the OCR cache.,
72,ocr_page_missing,profile_candidate,plant-profile-003113,オオクサボク,Pisonia umbellifera (J. R. Forst. et G. Forst.) Seem.,オシロイバナ科,NYCTAGINACEAE,105,209,日本の野生植物 第2巻,105,Cached OCR page should exist,The profile points to a page that is not present in the OCR cache.,
72,ocr_page_missing,profile_candidate,plant-profile-002949,オオケタデ,Persicaria orientalis (L.) Spach,タデ科,POLYGONACEAE,87,173,日本の野生植物 第2巻,87,Cached OCR page should exist,The profile points to a page that is not present in the OCR cache.,
72,ocr_page_missing,profile_candidate,plant-profile-002856,オオケタネツケバナ,,,,73,145,日本の野生植物 第2巻,73,Cached OCR page should exist,The profile points to a page that is not present in the OCR cache.,
72,ocr_page_missing,profile_candidate,plant-profile-003235,オオサクラソウ,Primula jesoana,サクラソウ科,PRIMULACEAE,122,242,日本の野生植物 第2巻,122,Cached OCR page should exist,The profile points to a page that is not present in the OCR cache.,
72,ocr_page_missing,profile_candidate,plant-profile-002966,オオサクラタデ,Persicaria glabra (Willd.) M. Gómez,タデ科,POLYGONACEAE,88,174,日本の野生植物 第2巻,88,Cached OCR page should exist,The profile points to a page that is not present in the OCR cache.,
72,ocr_page_missing,profile_candidate,plant-profile-004113,オオシイバモチ,Ilex warburgii,モチノキ科,AQUIFOLIACEAE,229,,日本の野生植物 第2巻,229,Cached OCR page should exist,The profile points to a page that is not present in the OCR cache.,
72,ocr_page_missing,profile_candidate,plant-profile-002618,オオシナノオトギリ,Hypericum ovalifolium,オトギリソウ科,HYPERICACEAE,37,72,日本の野生植物 第2巻,37,Cached OCR page should exist,The profile points to a page that is not present in the OCR cache.,
72,ocr_page_missing,profile_candidate,plant-profile-003145,オオシマウツギ,Deutzia naseana,アジサイ科,HYDRANGEACEAE,110,219,日本の野生植物 第2巻,110,Cached OCR page should exist,The profile points to a page that is not present in the OCR cache.,
72,ocr_page_missing,profile_candidate,plant-profile-004829,オオシマガマズミ,Viburnum tashiroi,ガマズミ科,VIBURNACEAE,310,619,日本の野生植物 第2巻,310,Cached OCR page should exist,The profile points to a page that is not present in the OCR cache.,
72,ocr_page_missing,profile_candidate,plant-profile-002841,オオシマガンピ,Diplomorpha phymatoglossa,ジンチョウゲ科,THYMELAEACEAE,66,,日本の野生植物 第2巻,66,Cached OCR page should exist,The profile points to a page that is not present in the OCR cache.,
72,ocr_page_missing,profile_candidate,plant-profile-004603,オオシマノジギク,Chrysanthemum erassum,キク科,ASTERACEAE,283,,日本の野生植物 第2巻,283,Cached OCR page should exist,The profile points to a page that is not present in the OCR cache.,
72,ocr_page_missing,profile_candidate,plant-profile-003871,オオシマムラサキ,Callicarpa oshimensis,シソ科,LAMIACEAE,198,,日本の野生植物 第2巻,198,Cached OCR page should exist,The profile points to a page that is not present in the OCR cache.,
72,ocr_page_missing,profile_candidate,plant-profile-003504,オオシラタマカズラ,Psychotria boninensis Nakai,アカネ科,RUBIACEAE,152,302,日本の野生植物 第2巻,152,Cached OCR page should exist,The profile points to a page that is not present in the OCR cache.,
72,ocr_page_missing,profile_candidate,plant-profile-004400,オオジシバリ,Ixeris japonica,キク科,ASTERACEAE,262,522,日本の野生植物 第2巻,262,Cached OCR page should exist,The profile points to a page that is not present in the OCR cache.,
72,ocr_page_missing,profile_candidate,plant-profile-003662,オオセンナリ,Nicandra physalodes,ナス科,SOLANACEAE,170,,日本の野生植物 第2巻,170,Cached OCR page should exist,The profile points to a page that is not present in the OCR cache.,
72,ocr_page_missing,profile_candidate,plant-profile-002585,オオタチツボスミレ,Viola kusanoana,スミレ科,VIOLACEAE,31,,日本の野生植物 第2巻,31,Cached OCR page should exist,The profile points to a page that is not present in the OCR cache.,
72,ocr_page_missing,profile_candidate,plant-profile-002508,オオタチヤナギ,Salix pierotii,ヤナギ科,SALICACEAE,23,,日本の野生植物 第2巻,23,Cached OCR page should exist,The profile points to a page that is not present in the OCR cache.,
72,ocr_page_missing,profile_candidate,plant-profile-004056,オオタヌキモ,Utricularia macrorhiza,タヌキモ科,LENTIBULARIACEAE,222,443,日本の野生植物 第2巻,222,Cached OCR page should exist,The profile points to a page that is not present in the OCR cache.,
72,ocr_page_missing,profile_candidate,plant-profile-004360,オオダイトウヒレン,Saussurea nipponica,キク科,ASTERACEAE,258,514,日本の野生植物 第2巻,258,Cached OCR page should exist,The profile points to a page that is not present in the OCR cache.,
72,ocr_page_missing,profile_candidate,plant-profile-004735,オオチドメ,Hydroeotyle ramifora,ウコギ科,ARALIACEAE,299,,日本の野生植物 第2巻,299,Cached OCR page should exist,The profile points to a page that is not present in the OCR cache.,
72,ocr_page_missing,profile_candidate,plant-profile-004818,オオチョウジガマズミ,Viburuum carlesi,ガマズミ科,VIBURNACEAE,309,616,日本の野生植物 第2巻,309,Cached OCR page should exist,The profile points to a page that is not present in the OCR cache.,
72,ocr_page_missing,profile_candidate,plant-profile-004834,オオツクバネウツギ,Abelia tetrasepala,スイカズラ科,CAPRIFOLIACEAE,311,620;621,日本の野生植物 第2巻,311,Cached OCR page should exist,The profile points to a page that is not present in the OCR cache.,
72,ocr_page_missing,profile_candidate,plant-profile-002935,オオツルイタドリ,Fallopia dentatoalata,タデ科,POLYGONACEAE,85,,日本の野生植物 第2巻,85,Cached OCR page should exist,The profile points to a page that is not present in the OCR cache.,
72,ocr_page_missing,profile_candidate,plant-profile-003203,オオツルコウジ,Ardisia walkeri,サクラソウ科,PRIMULACEAE,119,236,日本の野生植物 第2巻,119,Cached OCR page should exist,The profile points to a page that is not present in the OCR cache.,
72,ocr_page_missing,profile_candidate,plant-profile-004366,オオトウヒレン,Saussurea sikokiana,キク科,ASTERACEAE,258,,日本の野生植物 第2巻,258,Cached OCR page should exist,The profile points to a page that is not present in the OCR cache.,
72,ocr_page_missing,profile_candidate,plant-profile-004006,オオナンバンギセル,Aeginetia sinensis,ハマウツボ科,OROBANCHACEAE,216,431,日本の野生植物 第2巻,216,Cached OCR page should exist,The profile points to a page that is not present in the OCR cache.,
72,ocr_page_missing,profile_candidate,plant-profile-004413,オオニガナ,Nabalus tanakae,キク科,ASTERACEAE,263,,日本の野生植物 第2巻,263,Cached OCR page should exist,The profile points to a page that is not present in the OCR cache.,
72,ocr_page_missing,profile_candidate,plant-profile-003879,オオニンジンボク,Vitex quinata,シソ科,LAMIACEAE,199,,日本の野生植物 第2巻,199,Cached OCR page should exist,The profile points to a page that is not present in the OCR cache.,
72,ocr_page_missing,profile_candidate,plant-profile-002950,オオネバリタデ,,,,87,173,日本の野生植物 第2巻,87,Cached OCR page should exist,The profile points to a page that is not present in the OCR cache.,
72,ocr_page_missing,profile_candidate,plant-profile-003053,オオハコベ,Stellaria bungeana,ナデシコ科,CARYOPHYLLACEAE,97,192,日本の野生植物 第2巻,97,Cached OCR page should exist,The profile points to a page that is not present in the OCR cache.,
72,ocr_page_missing,profile_candidate,plant-profile-004142,オオハマギキョウ,Lobelia boninensis,キキョウ科,CAMPANULACEAE,232,,日本の野生植物 第2巻,232,Cached OCR page should exist,The profile points to a page that is not present in the OCR cache.,
72,ocr_page_missing,profile_candidate,plant-profile-004672,オオハマグルマ,Melanthera robusta,キク科,ASTERACEAE,291,,日本の野生植物 第2巻,291,Cached OCR page should exist,The profile points to a page that is not present in the OCR cache.,
72,ocr_page_missing,profile_candidate,plant-profile-002807,オオハマボウ,Hibiscus tiliaceus,アオイ科,MALVACEAE,62;63,123;125,日本の野生植物 第2巻,62;63,Cached OCR page should exist,The profile points to a page that is not present in the OCR cache.,
72,ocr_page_missing,profile_candidate,plant-profile-004673,オオハンゴンソウ,Rudbeekia laciniata,キク科,ASTERACEAE,291,,日本の野生植物 第2巻,291,Cached OCR page should exist,The profile points to a page that is not present in the OCR cache.,
72,ocr_page_missing,profile_candidate,plant-profile-003288,オオバアサガラ,Pterostyrax hispidus,エゴノキ科,STYRACACEAE,127,,日本の野生植物 第2巻,127,Cached OCR page should exist,The profile points to a page that is not present in the OCR cache.,
72,ocr_page_missing,profile_candidate,plant-profile-003751,オオバイボタ,Ligustrum ovalifolium,モクセイ科,OLEACEAE,181,,日本の野生植物 第2巻,181,Cached OCR page should exist,The profile points to a page that is not present in the OCR cache.,
72,ocr_page_missing,profile_candidate,plant-profile-002603,オオバオトギリ,Hyperieum pibairense,オトギリソウ科,HYPERICACEAE,36,71,日本の野生植物 第2巻,36,Cached OCR page should exist,The profile points to a page that is not present in the OCR cache.,
72,ocr_page_missing,profile_candidate,plant-profile-002534,オオバキスミレ,Viola brevistipulata,スミレ科,VIOLACEAE,28,,日本の野生植物 第2巻,28,Cached OCR page should exist,The profile points to a page that is not present in the OCR cache.,
72,ocr_page_missing,profile_candidate,plant-profile-003631,オオバケアサガオ,Lepistemon binectariferum (Wall.) Kuntze var. trichocarpum (Gagnep.) Ooststr.,ヒルガオ科,CONVOLVULACEAE,167,333,日本の野生植物 第2巻,167,Cached OCR page should exist,The profile points to a page that is not present in the OCR cache.,
72,ocr_page_missing,profile_candidate,plant-profile-003799,オオバコ,Plantago asiatica,オオバコ科,PLANTAGINACEAE,188,,日本の野生植物 第2巻,188,Cached OCR page should exist,The profile points to a page that is not present in the OCR cache.,
72,ocr_page_missing,profile_candidate,plant-profile-004474,オオバコウモリ,Paraseneeio tsehonoskii,キク科,ASTERACEAE,272,543,日本の野生植物 第2巻,272,Cached OCR page should exist,The profile points to a page that is not present in the OCR cache.,
72,ocr_page_missing,profile_candidate,plant-profile-003424,オオバコケモモ,Vaccinium emarginatum,ツツジ科,ERICACEAE,142,,日本の野生植物 第2巻,142,Cached OCR page should exist,The profile points to a page that is not present in the OCR cache.,
72,ocr_page_missing,profile_candidate,plant-profile-003864,オオバシマムラサキ,Callicarpa subpubescens,シソ科,LAMIACEAE,198,394,日本の野生植物 第2巻,198,Cached OCR page should exist,The profile points to a page that is not present in the OCR cache.,
72,ocr_page_missing,profile_candidate,plant-profile-002773,オオバシロテツ,Melicope grisea,ミカン科,RUTACEAE,56,,日本の野生植物 第2巻,56,Cached OCR page should exist,The profile points to a page that is not present in the OCR cache.,
72,ocr_page_missing,profile_candidate,plant-profile-003425,オオバスノキ,Vaccinium smallii,ツツジ科,ERICACEAE,142,,日本の野生植物 第2巻,142,Cached OCR page should exist,The profile points to a page that is not present in the OCR cache.,
72,ocr_page_missing,profile_candidate,plant-profile-004751,オオバセンキュウ,Angelica genuflexa,セリ科,APIACEAE,302,603,日本の野生植物 第2巻,302,Cached OCR page should exist,The profile points to a page that is not present in the OCR cache.,
72,ocr_page_missing,profile_candidate,plant-profile-002575,オオバタチツボスミレ,Viola kamtchadalorum,スミレ科,VIOLACEAE,31,60,日本の野生植物 第2巻,31,Cached OCR page should exist,The profile points to a page that is not present in the OCR cache.,
72,ocr_page_missing,profile_candidate,plant-profile-002862,オオバタネツケバナ,Cardamine regeliana,アブラナ科,BRASSICACEAE,73,,日本の野生植物 第2巻,73,Cached OCR page should exist,The profile points to a page that is not present in the OCR cache.,
72,ocr_page_missing,profile_candidate,plant-profile-004729,オオバチドメ,Hydrocotyle javanica,ウコギ科,ARALIACEAE,298,,日本の野生植物 第2巻,298,Cached OCR page should exist,The profile points to a page that is not present in the OCR cache.,
72,ocr_page_missing,profile_candidate,plant-profile-003345,オオバツツジ,Rhododendron nipponicum,ツツジ科,ERICACEAE,136,,日本の野生植物 第2巻,136,Cached OCR page should exist,The profile points to a page that is not present in the OCR cache.,
72,ocr_page_missing,profile_candidate,plant-profile-003003,オオバナノミミナグサ,Cerastium fischerianum Ser. var. fischerianum,ナデシコ科,CARYOPHYLLACEAE,92,183,日本の野生植物 第2巻,92,Cached OCR page should exist,The profile points to a page that is not present in the OCR cache.,
72,ocr_page_missing,profile_candidate,plant-profile-003449,オオバノヤエムグラ,Galium pseudoasprellum,アカネ科,RUBIACEAE,147,,日本の野生植物 第2巻,147,Cached OCR page should exist,The profile points to a page that is not present in the OCR cache.,
72,ocr_page_missing,profile_candidate,plant-profile-003461,オオバノヨツバムグラ,Galium kamtschaticum,アカネ科,RUBIACEAE,148,294,日本の野生植物 第2巻,148,Cached OCR page should exist,The profile points to a page that is not present in the OCR cache.,
72,ocr_page_missing,profile_candidate,plant-profile-003644,オオバハマアサガオ,Stictocardia tiliifolia (Desr.) Hallier f.,ヒルガオ科,CONVOLVULACEAE,168,335,日本の野生植物 第2巻,168,Cached OCR page should exist,The profile points to a page that is not present in the OCR cache.,
72,ocr_page_missing,profile_candidate,plant-profile-002816,オオバボダイジュ,Tilia maximowicziana,アオイ科,MALVACEAE,63,,日本の野生植物 第2巻,63,Cached OCR page should exist,The profile points to a page that is not present in the OCR cache.,
72,ocr_page_missing,profile_candidate,plant-profile-002823,オオバボンテンカ,Urena lobata,アオイ科,MALVACEAE,64,,日本の野生植物 第2巻,64,Cached OCR page should exist,The profile points to a page that is not present in the OCR cache.,
72,ocr_page_missing,profile_candidate,plant-profile-004001,オオバミゾホオズキ,Mimulus sessilifolius,ハエドクソウ科,PHRYMACEAE,215,428,日本の野生植物 第2巻,215,Cached OCR page should exist,The profile points to a page that is not present in the OCR cache.,
72,ocr_page_missing,profile_candidate,plant-profile-002916,オオバヤドリギ,Tasilus yadoriki,オオバヤドリギ科,LORANTHACEAE,81,,日本の野生植物 第2巻,81,Cached OCR page should exist,The profile points to a page that is not present in the OCR cache.,
72,ocr_page_missing,profile_candidate,plant-profile-004531,オオバヨメナ,Aster miguelianus,キク科,ASTERACEAE,276,,日本の野生植物 第2巻,276,Cached OCR page should exist,The profile points to a page that is not present in the OCR cache.,
72,ocr_page_missing,profile_candidate,plant-profile-003473,オオバルリミノキ,Lasianthus verticillatus,アカネ科,RUBIACEAE,149,297,日本の野生植物 第2巻,149,Cached OCR page should exist,The profile points to a page that is not present in the OCR cache.,
72,ocr_page_missing,profile_candidate,plant-profile-004052,オオヒキヨモギ,Siphonostegia laeta,ハマウツボ科,OROBANCHACEAE,221,,日本の野生植物 第2巻,221,Cached OCR page should exist,The profile points to a page that is not present in the OCR cache.,
72,ocr_page_missing,profile_candidate,plant-profile-003841,オオヒナノウスツボ,Serophularia kakudensis,ゴマノハグサ科,SCROPHULARIACEAE,193,384,日本の野生植物 第2巻,193,Cached OCR page should exist,The profile points to a page that is not present in the OCR cache.,
72,ocr_page_missing,profile_candidate,plant-profile-004865,オオヒョウタンボク,Lonicera tsehonoskii,スイカズラ科,CAPRIFOLIACEAE,314,,日本の野生植物 第2巻,314,Cached OCR page should exist,The profile points to a page that is not present in the OCR cache.,
72,ocr_page_missing,profile_candidate,plant-profile-004632,オオヒラウスユキソウ,Leontopodium miyabeanum,キク科,ASTERACEAE,287,,日本の野生植物 第2巻,287,Cached OCR page should exist,The profile points to a page that is not present in the OCR cache.,
72,ocr_page_missing,profile_candidate,plant-profile-004424,オオヒラタンポポ,Taraxacum ohirense,キク科,ASTERACEAE,265,528,日本の野生植物 第2巻,265,Cached OCR page should exist,The profile points to a page that is not present in the OCR cache.,
72,ocr_page_missing,profile_candidate,plant-profile-003041,オオビランジ,Silene keiskei,ナデシコ科,CARYOPHYLLACEAE,96,190,日本の野生植物 第2巻,96,Cached OCR page should exist,The profile points to a page that is not present in the OCR cache.,
72,ocr_page_missing,profile_candidate,plant-profile-003467,オオフタバムグラ,Hexasepalum teres,アカネ科,RUBIACEAE,148,,日本の野生植物 第2巻,148,Cached OCR page should exist,The profile points to a page that is not present in the OCR cache.,
72,ocr_page_missing,profile_candidate,plant-profile-004677,オオブタクサ,Ambrosia trifida,キク科,ASTERACEAE,292,583,日本の野生植物 第2巻,292,Cached OCR page should exist,The profile points to a page that is not present in the OCR cache.,
72,ocr_page_missing,profile_candidate,plant-profile-003666,オオブドウホオズキ,Physalis philadelphica,ナス科,SOLANACEAE,171,341,日本の野生植物 第2巻,171,Cached OCR page should exist,The profile points to a page that is not present in the OCR cache.,
72,ocr_page_missing,profile_candidate,plant-profile-004876,オオベニウツギ,Weigela forida,スイカズラ科,CAPRIFOLIACEAE,315,,日本の野生植物 第2巻,315,Cached OCR page should exist,The profile points to a page that is not present in the OCR cache.,
72,ocr_page_missing,profile_candidate,plant-profile-002703,オオマツヨイグサ,Oenothera glazioviana,アカバナ科,ONAGRACEAE,46,,日本の野生植物 第2巻,46,Cached OCR page should exist,The profile points to a page that is not present in the OCR cache.,
72,ocr_page_missing,profile_candidate,plant-profile-004020,オオママコナ,Melampyrum maeranthum,ハマウツボ科,OROBANCHACEAE,218,,日本の野生植物 第2巻,218,Cached OCR page should exist,The profile points to a page that is not present in the OCR cache.,
72,ocr_page_missing,profile_candidate,plant-profile-003677,オオマルバノホロシ,Solanum megacarpum,ナス科,SOLANACEAE,172,,日本の野生植物 第2巻,172,Cached OCR page should exist,The profile points to a page that is not present in the OCR cache.,
72,ocr_page_missing,profile_candidate,plant-profile-004214,オオミネアザミ,Cirsium ohminense,キク科,ASTERACEAE,249,497,日本の野生植物 第2巻,249,Cached OCR page should exist,The profile points to a page that is not present in the OCR cache.,
72,ocr_page_missing,profile_candidate,plant-profile-004703,オオミノトベラ,Pittosporum chichijimense,トベラ科,PITTOSPORACEAE,295,589,日本の野生植物 第2巻,295,Cached OCR page should exist,The profile points to a page that is not present in the OCR cache.,
72,ocr_page_missing,profile_candidate,plant-profile-003760,オオモクセイ,Osmanthus rigidus,モクセイ科,OLEACEAE,182,,日本の野生植物 第2巻,182,Cached OCR page should exist,The profile points to a page that is not present in the OCR cache.,
72,ocr_page_missing,profile_candidate,plant-profile-002736,オオモミジ,Acer amoenum var. amoenum,ムクロジ科,SAPINDACEAE,52,103,日本の野生植物 第2巻,52,Cached OCR page should exist,The profile points to a page that is not present in the OCR cache.,
72,ocr_page_missing,profile_candidate,plant-profile-004458,オオモミジガサ,Miricacalia makinoana,キク科,ASTERACEAE,270,539,日本の野生植物 第2巻,270,Cached OCR page should exist,The profile points to a page that is not present in the OCR cache.,
72,ocr_page_missing,profile_candidate,plant-profile-004181,オオヤナギアザミ,,,,247,493,日本の野生植物 第2巻,247,Cached OCR page should exist,The profile points to a page that is not present in the OCR cache.,
72,ocr_page_missing,profile_candidate,plant-profile-003948,オオヤマジソ,Mosla hadae,シソ科,LAMIACEAE,208,,日本の野生植物 第2巻,208,Cached OCR page should exist,The profile points to a page that is not present in the OCR cache.,
72,ocr_page_missing,profile_candidate,plant-profile-003368,オオヤマツツジ,Rhododendron transiens,ツツジ科,ERICACEAE,137,,日本の野生植物 第2巻,137,Cached OCR page should exist,The profile points to a page that is not present in the OCR cache.,
72,ocr_page_missing,profile_candidate,plant-profile-003054,オオヤマハコベ,Stellaria monosperma,ナデシコ科,CARYOPHYLLACEAE,97,192,日本の野生植物 第2巻,97,Cached OCR page should exist,The profile points to a page that is not present in the OCR cache.,
72,ocr_page_missing,profile_candidate,plant-profile-003000,オオヤマフスマ,Arenaria lateriflora,ナデシコ科,CARYOPHYLLACEAE,92,182,日本の野生植物 第2巻,92,Cached OCR page should exist,The profile points to a page that is not present in the OCR cache.,
72,ocr_page_missing,profile_candidate,plant-profile-004506,オオユウガギク,,,,275,549,日本の野生植物 第2巻,275,Cached OCR page should exist,The profile points to a page that is not present in the OCR cache.,
72,ocr_page_missing,profile_candidate,plant-profile-002879,オオユリワサビ,Eatrema okinosimense,アブラナ科,BRASSICACEAE,75,,日本の野生植物 第2巻,75,Cached OCR page should exist,The profile points to a page that is not present in the OCR cache.,
72,ocr_page_missing,profile_candidate,plant-profile-002595,オオヨドカワゴロモ,Hydrobryum koribanum,カワゴケソウ科,PODOSTEMACEAE,34,66,日本の野生植物 第2巻,34,Cached OCR page should exist,The profile points to a page that is not present in the OCR cache.,
72,ocr_page_missing,profile_candidate,plant-profile-004570,オオヨモギ,Artemisia montana var. montana,キク科,ASTERACEAE,281,561,日本の野生植物 第2巻,281,Cached OCR page should exist,The profile points to a page that is not present in the OCR cache.,
72,ocr_page_missing,profile_candidate,plant-profile-003715,オオルリソウ,Cynoglossum furcatum var. villosulum,ムラサキ科,BORAGINACEAE,177,352,日本の野生植物 第2巻,177,Cached OCR page should exist,The profile points to a page that is not present in the OCR cache.,
72,ocr_page_missing,profile_candidate,plant-profile-004028,オカウツボ,,,,219,436,日本の野生植物 第2巻,219,Cached OCR page should exist,The profile points to a page that is not present in the OCR cache.,
72,ocr_page_missing,profile_candidate,plant-profile-004499,オカオグルマ,Tephroseris integrifolia,キク科,ASTERACEAE,274,,日本の野生植物 第2巻,274,Cached OCR page should exist,The profile points to a page that is not present in the OCR cache.,
72,ocr_page_missing,profile_candidate,plant-profile-003915,オカタツナミソウ,Seutellaria braclyspiea,シソ科,LAMIACEAE,203,,日本の野生植物 第2巻,203,Cached OCR page should exist,The profile points to a page that is not present in the OCR cache.,
72,ocr_page_missing,profile_candidate,plant-profile-004694,オカダイコン,Adenostemma madurense,キク科,ASTERACEAE,294,586,日本の野生植物 第2巻,294,Cached OCR page should exist,The profile points to a page that is not present in the OCR cache.,
72,ocr_page_missing,profile_candidate,plant-profile-003224,オカトラノオ,Lysimachia clethroides,サクラソウ科,PRIMULACEAE,121,240,日本の野生植物 第2巻,121,Cached OCR page should exist,The profile points to a page that is not present in the OCR cache.,
72,ocr_page_missing,profile_candidate,plant-profile-003105,オカヒジキ,Salsola komarovil lljin,ヒユ科,AMARANTHACEAE,103,,日本の野生植物 第2巻,103,Cached OCR page should exist,The profile points to a page that is not present in the OCR cache.,
72,ocr_page_missing,profile_candidate,plant-profile-004233,オガアザミ,Cirsium horiianum,キク科,ASTERACEAE,250,499,日本の野生植物 第2巻,250,Cached OCR page should exist,The profile points to a page that is not present in the OCR cache.,
72,ocr_page_missing,profile_candidate,plant-profile-004481,オガコウモリ,Paraseneeio ogamontanus,キク科,ASTERACEAE,272,,日本の野生植物 第2巻,272,Cached OCR page should exist,The profile points to a page that is not present in the OCR cache.,
72,ocr_page_missing,profile_candidate,plant-profile-004201,オガサワラアザミ,Cirsium boninense,キク科,ASTERACEAE,248,,日本の野生植物 第2巻,248,Cached OCR page should exist,The profile points to a page that is not present in the OCR cache.,
72,ocr_page_missing,profile_candidate,plant-profile-003468,オガサワラクチナシ,Gardenia boninensis,アカネ科,RUBIACEAE,148,,日本の野生植物 第2巻,148,Cached OCR page should exist,The profile points to a page that is not present in the OCR cache.,
72,ocr_page_missing,profile_candidate,plant-profile-003512,オガサワラボチョウジ,Psychotria homalosperma,アカネ科,RUBIACEAE,152,,日本の野生植物 第2巻,152,Cached OCR page should exist,The profile points to a page that is not present in the OCR cache.,
72,ocr_page_missing,profile_candidate,plant-profile-003557,オガサワラモクレイシ,Geniostoma glabrum,マチン科,LOGANIACEAE,158,,日本の野生植物 第2巻,158,Cached OCR page should exist,The profile points to a page that is not present in the OCR cache.,
72,ocr_page_missing,profile_candidate,plant-profile-002745,オガラバナ,Acer ukurunduense,ムクロジ科,SAPINDACEAE,53,104,日本の野生植物 第2巻,53,Cached OCR page should exist,The profile points to a page that is not present in the OCR cache.,
72,ocr_page_missing,profile_candidate,plant-profile-004439,オキタンポポ,Taraxacum maruyamanum,キク科,ASTERACEAE,265,,日本の野生植物 第2巻,265,Cached OCR page should exist,The profile points to a page that is not present in the OCR cache.,
72,ocr_page_missing,profile_candidate,plant-profile-003635,オキナアサガオ,Jacquemontia tamnifolia,キョウチクトウ科,APOCYNACEAE,167,,日本の野生植物 第2巻,167,Cached OCR page should exist,The profile points to a page that is not present in the OCR cache.,
72,ocr_page_missing,profile_candidate,plant-profile-003747,オキナワイボタ,Ligustrum liukiuense,モクセイ科,OLEACEAE,181,361,日本の野生植物 第2巻,181,Cached OCR page should exist,The profile points to a page that is not present in the OCR cache.,
72,ocr_page_missing,profile_candidate,plant-profile-004511,オキナワギク,Aster miyagil,キク科,ASTERACEAE,275,,日本の野生植物 第2巻,275,Cached OCR page should exist,The profile points to a page that is not present in the OCR cache.,
72,ocr_page_missing,profile_candidate,plant-profile-003955,オキナワクルマバナ,,,,209,417,日本の野生植物 第2巻,209,Cached OCR page should exist,The profile points to a page that is not present in the OCR cache.,
72,ocr_page_missing,profile_candidate,plant-profile-004082,オキナワスズムシソウ,Strobilanthes tashiroi,キツネノマゴ科,ACANTHACEAE,225,,日本の野生植物 第2巻,225,Cached OCR page should exist,The profile points to a page that is not present in the OCR cache.,
72,ocr_page_missing,profile_candidate,plant-profile-002586,オキナワスミレ,Viola utchinensis,スミレ科,VIOLACEAE,31,,日本の野生植物 第2巻,31,Cached OCR page should exist,The profile points to a page that is not present in the OCR cache.,
72,ocr_page_missing,profile_candidate,plant-profile-003740,オキナワソケイ,Jasminum superfluum,モクセイ科,OLEACEAE,180,,日本の野生植物 第2巻,180,Cached OCR page should exist,The profile points to a page that is not present in the OCR cache.,
72,ocr_page_missing,profile_candidate,plant-profile-004736,オキナワチドメグサ,Hydroeotyle tuberifera,ウコギ科,ARALIACEAE,299,,日本の野生植物 第2巻,299,Cached OCR page should exist,The profile points to a page that is not present in the OCR cache.,
72,ocr_page_missing,profile_candidate,plant-profile-003577,オキナワテイカカズラ,Trachelospermum gracilipes Hook. f. var. liukiuense (Hatus.) Kitam.,キョウチクトウ科,APOCYNACEAE,161,321,日本の野生植物 第2巻,161,Cached OCR page should exist,The profile points to a page that is not present in the OCR cache.,
72,ocr_page_missing,profile_candidate,plant-profile-004160,オキナワハグマ,Ainsliaea macroclinidioides,キク科,ASTERACEAE,241,481,日本の野生植物 第2巻,241,Cached OCR page should exist,The profile points to a page that is not present in the OCR cache.,
72,ocr_page_missing,profile_candidate,plant-profile-003678,オキナワヒヨドリジョウゴ,Solanum kayamae,ナス科,SOLANACEAE,172,,日本の野生植物 第2巻,172,Cached OCR page should exist,The profile points to a page that is not present in the OCR cache.,
72,ocr_page_missing,profile_candidate,plant-profile-003125,オキナワマツバボタン,Portulaea okinawensis,スベリヒユ科,PORTULACACEAE,107,,日本の野生植物 第2巻,107,Cached OCR page should exist,The profile points to a page that is not present in the OCR cache.,
72,ocr_page_missing,profile_candidate,plant-profile-004078,オギノツメ,Eygrophila ringens,キツネノマゴ科,ACANTHACEAE,224,,日本の野生植物 第2巻,224,Cached OCR page should exist,The profile points to a page that is not present in the OCR cache.,
72,ocr_page_missing,profile_candidate,plant-profile-003450,オククルマムグラ,Galium triloriforme,アカネ科,RUBIACEAE,147,,日本の野生植物 第2巻,147,Cached OCR page should exist,The profile points to a page that is not present in the OCR cache.,
72,ocr_page_missing,profile_candidate,plant-profile-002969,オクミチヤナギ,,,,88,175,日本の野生植物 第2巻,88,Cached OCR page should exist,The profile points to a page that is not present in the OCR cache.,
72,ocr_page_missing,profile_candidate,plant-profile-004162,オクモミジハグマ,Ainsliaea acerifolia,キク科,ASTERACEAE,241,,日本の野生植物 第2巻,241,Cached OCR page should exist,The profile points to a page that is not present in the OCR cache.,
72,ocr_page_missing,profile_candidate,plant-profile-004260,オクヤマアザミ,Cirsium ovalifolium,キク科,ASTERACEAE,251,501,日本の野生植物 第2巻,251,Cached OCR page should exist,The profile points to a page that is not present in the OCR cache.,
72,ocr_page_missing,profile_candidate,plant-profile-002629,オクヤマオトギリ,Hypericum gracillimum,オトギリソウ科,HYPERICACEAE,37,,日本の野生植物 第2巻,37,Cached OCR page should exist,The profile points to a page that is not present in the OCR cache.,
72,ocr_page_missing,profile_candidate,plant-profile-002863,オクヤマガラシ,Cardamine torrentis,アブラナ科,BRASSICACEAE,73,,日本の野生植物 第2巻,73,Cached OCR page should exist,The profile points to a page that is not present in the OCR cache.,
72,ocr_page_missing,profile_candidate,plant-profile-003033,オグラセンノウ,Silene kiusiana,ナデシコ科,CARYOPHYLLACEAE,95,189,日本の野生植物 第2巻,95,Cached OCR page should exist,The profile points to a page that is not present in the OCR cache.,
72,ocr_page_missing,profile_candidate,plant-profile-004650,オグルマ,Inula britannica subsp. japonica,キク科,ASTERACEAE,289,577,日本の野生植物 第2巻,289,Cached OCR page should exist,The profile points to a page that is not present in the OCR cache.,
72,ocr_page_missing,profile_candidate,plant-profile-004176,オケラ,Atraetylodes ovata,キク科,ASTERACEAE,243,484,日本の野生植物 第2巻,243,Cached OCR page should exist,The profile points to a page that is not present in the OCR cache.,
72,ocr_page_missing,profile_candidate,plant-profile-002630,オシマオトギリ,Hyperieum vuleanicum,オトギリソウ科,HYPERICACEAE,37,,日本の野生植物 第2巻,37,Cached OCR page should exist,The profile points to a page that is not present in the OCR cache.,
72,ocr_page_missing,profile_candidate,plant-profile-003114,オシロイバナ,Mirabilis jalapa L.,オシロイバナ科,NYCTAGINACEAE,105,209,日本の野生植物 第2巻,105,Cached OCR page should exist,The profile points to a page that is not present in the OCR cache.,
72,ocr_page_missing,profile_candidate,plant-profile-004284,オゼヌマアザミ,Cirsium homolepis,キク科,ASTERACEAE,252,,日本の野生植物 第2巻,252,Cached OCR page should exist,The profile points to a page that is not present in the OCR cache.,
72,ocr_page_missing,profile_candidate,plant-profile-004453,オタカラコウ,Ligularia fischeri,キク科,ASTERACEAE,270,538,日本の野生植物 第2巻,270,Cached OCR page should exist,The profile points to a page that is not present in the OCR cache.,
72,ocr_page_missing,profile_candidate,plant-profile-003962,オチフジ,Meehania montis-koyae,シソ科,LAMIACEAE,210,,日本の野生植物 第2巻,210,Cached OCR page should exist,The profile points to a page that is not present in the OCR cache.,
72,ocr_page_missing,profile_candidate,plant-profile-002619,オトギリソウ,Hypericum erectum var. erectum,オトギリソウ科,HYPERICACEAE,37,72,日本の野生植物 第2巻,37,Cached OCR page should exist,The profile points to a page that is not present in the OCR cache.,
72,ocr_page_missing,profile_candidate,plant-profile-004858,オトコエシ,Patrinia villosa,スイカズラ科,CAPRIFOLIACEAE,314,626,日本の野生植物 第2巻,314,Cached OCR page should exist,The profile points to a page that is not present in the OCR cache.,
72,ocr_page_missing,profile_candidate,plant-profile-004831,オトコヨウゾメ,Viburnum phlebotrichum,ガマズミ科,VIBURNACEAE,310,,日本の野生植物 第2巻,310,Cached OCR page should exist,The profile points to a page that is not present in the OCR cache.,
72,ocr_page_missing,profile_candidate,plant-profile-004565,オトコヨモギ,Artemisia japonica subsp. japonica var. japonica,キク科,ASTERACEAE,281,560,日本の野生植物 第2巻,281,Cached OCR page should exist,The profile points to a page that is not present in the OCR cache.,
72,ocr_page_missing,profile_candidate,plant-profile-003935,オドリコソウ,Lamium album,シソ科,LAMIACEAE,206,411,日本の野生植物 第2巻,206,Cached OCR page should exist,The profile points to a page that is not present in the OCR cache.,
72,ocr_page_missing,profile_candidate,plant-profile-004679,オナモミ,Xanthium strumarium,キク科,ASTERACEAE,292,,日本の野生植物 第2巻,292,Cached OCR page should exist,The profile points to a page that is not present in the OCR cache.,
72,ocr_page_missing,profile_candidate,plant-profile-004197,オニアザミ,Cirsium borealinipponense,キク科,ASTERACEAE,248,495,日本の野生植物 第2巻,248,Cached OCR page should exist,The profile points to a page that is not present in the OCR cache.,
72,ocr_page_missing,profile_candidate,plant-profile-004564,オニオトコヨモギ,Artemisia congesta,キク科,ASTERACEAE,280,,日本の野生植物 第2巻,280,Cached OCR page should exist,The profile points to a page that is not present in the OCR cache.,
72,ocr_page_missing,profile_candidate,plant-profile-003880,オニキランソウ,Ajuga dictyocarpa,シソ科,LAMIACEAE,199,,日本の野生植物 第2巻,199,Cached OCR page should exist,The profile points to a page that is not present in the OCR cache.,
72,ocr_page_missing,profile_candidate,plant-profile-004011,オニク,Boschniakia rossica,ハマウツボ科,OROBANCHACEAE,217,,日本の野生植物 第2巻,217,Cached OCR page should exist,The profile points to a page that is not present in the OCR cache.,
72,ocr_page_missing,profile_candidate,plant-profile-003212,オニコナスビ,Lysimachia tashiroi,サクラソウ科,PRIMULACEAE,120,239,日本の野生植物 第2巻,120,Cached OCR page should exist,The profile points to a page that is not present in the OCR cache.,
72,ocr_page_missing,profile_candidate,plant-profile-004040,オニシオガマ,Pedicularis uipponiea,ハマウツボ科,OROBANCHACEAE,220,,日本の野生植物 第2巻,220,Cached OCR page should exist,The profile points to a page that is not present in the OCR cache.,
72,ocr_page_missing,profile_candidate,plant-profile-002827,オニシバリ,Daphne pseudomezereum,ジンチョウゲ科,THYMELAEACEAE,65,,日本の野生植物 第2巻,65,Cached OCR page should exist,The profile points to a page that is not present in the OCR cache.,
72,ocr_page_missing,profile_candidate,plant-profile-004420,オニノゲシ,Sonchus asper,キク科,ASTERACEAE,264,,日本の野生植物 第2巻,264,Cached OCR page should exist,The profile points to a page that is not present in the OCR cache.,
72,ocr_page_missing,profile_candidate,plant-profile-004849,オニヒョウタンボク,Lonicera vidali,スイカズラ科,CAPRIFOLIACEAE,313,,日本の野生植物 第2巻,313,Cached OCR page should exist,The profile points to a page that is not present in the OCR cache.,
72,ocr_page_missing,profile_candidate,plant-profile-003718,オニルリソウ,Cynoglossum asperrimum,ムラサキ科,BORAGINACEAE,177,,日本の野生植物 第2巻,177,Cached OCR page should exist,The profile points to a page that is not present in the OCR cache.,
72,ocr_page_missing,profile_candidate,plant-profile-002524,オノエヤナギ,Salix udensis,ヤナギ科,SALICACEAE,24,,日本の野生植物 第2巻,24,Cached OCR page should exist,The profile points to a page that is not present in the OCR cache.,
72,ocr_page_missing,profile_candidate,plant-profile-004234,オハラメアザミ,Cirsium kiotoense,キク科,ASTERACEAE,250,499,日本の野生植物 第2巻,250,Cached OCR page should exist,The profile points to a page that is not present in the OCR cache.,
72,ocr_page_missing,profile_candidate,plant-profile-004866,オミナエシ,Patrinia scabiosifolia,スイカズラ科,CAPRIFOLIACEAE,314,,日本の野生植物 第2巻,314,Cached OCR page should exist,The profile points to a page that is not present in the OCR cache.,
72,ocr_page_missing,profile_candidate,plant-profile-003015,オムナグサ,Drymaria cordata,ナデシコ科,CARYOPHYLLACEAE,93,185,日本の野生植物 第2巻,93,Cached OCR page should exist,The profile points to a page that is not present in the OCR cache.,
72,ocr_page_missing,profile_candidate,plant-profile-004808,オヤブジラミ,,,,307,612,日本の野生植物 第2巻,307,Cached OCR page should exist,The profile points to a page that is not present in the OCR cache.,
72,ocr_page_missing,profile_candidate,plant-profile-002927,オヤマソバ,Aconogonon nakaii,タデ科,POLYGONACEAE,84,,日本の野生植物 第2巻,84,Cached OCR page should exist,The profile points to a page that is not present in the OCR cache.,
72,ocr_page_missing,profile_candidate,plant-profile-004375,オヤマボクチ,Syuurus pungens,キク科,ASTERACEAE,259,,日本の野生植物 第2巻,259,Cached OCR page should exist,The profile points to a page that is not present in the OCR cache.,
72,ocr_page_missing,profile_candidate,plant-profile-003529,オヤマリンドウ,Gentiana makinoi,アカネ科,RUBIACEAE,155,,日本の野生植物 第2巻,155,Cached OCR page should exist,The profile points to a page that is not present in the OCR cache.,
72,ocr_page_missing,profile_candidate,plant-profile-004170,オヤリハグマ,Pertya trilobata,キク科,ASTERACEAE,242,,日本の野生植物 第2巻,242,Cached OCR page should exist,The profile points to a page that is not present in the OCR cache.,
72,ocr_page_missing,profile_candidate,plant-profile-002888,オランダガラシ,Nasturtium officinale,アブラナ科,BRASSICACEAE,76,151,日本の野生植物 第2巻,76,Cached OCR page should exist,The profile points to a page that is not present in the OCR cache.,
72,ocr_page_missing,profile_candidate,plant-profile-002641,オランダフウロ,Erodium cicutarium,フウロソウ科,GERANIACEAE,38,,日本の野生植物 第2巻,38,Cached OCR page should exist,The profile points to a page that is not present in the OCR cache.,
72,ocr_page_missing,profile_candidate,plant-profile-003004,オランダミミナグサ,Cerastium glomeratum,ナデシコ科,CARYOPHYLLACEAE,92,183,日本の野生植物 第2巻,92,Cached OCR page should exist,The profile points to a page that is not present in the OCR cache.,
72,ocr_page_missing,profile_candidate,plant-profile-002587,オリヅルスミレ,Viola stoloniflora,スミレ科,VIOLACEAE,31,,日本の野生植物 第2巻,31,Cached OCR page should exist,The profile points to a page that is not present in the OCR cache.,
72,ocr_page_missing,profile_candidate,plant-profile-003195,オルドガキ,Diospyros oldhamii,カキノキ科,EBENACEAE,117,,日本の野生植物 第2巻,117,Cached OCR page should exist,The profile points to a page that is not present in the OCR cache.,
72,ocr_page_missing,profile_candidate,plant-profile-003359,オンツツジ,Rhododendron weyrichii,ツツジ科,ERICACEAE,137,273,日本の野生植物 第2巻,137,Cached OCR page should exist,The profile points to a page that is not present in the OCR cache.,
72,ocr_page_missing,profile_candidate,plant-profile-003881,カイジンドウ,Ajuga ciliata,シソ科,LAMIACEAE,199,,日本の野生植物 第2巻,199,Cached OCR page should exist,The profile points to a page that is not present in the OCR cache.,
72,ocr_page_missing,profile_candidate,plant-profile-004460,カイタカラコウ,Ligularia kaialpina,キク科,ASTERACEAE,270,,日本の野生植物 第2巻,270,Cached OCR page should exist,The profile points to a page that is not present in the OCR cache.,
72,ocr_page_missing,profile_candidate,plant-profile-003396,カイナンサラサドウダン,Enkianthus sikokiants,ツツジ科,ERICACEAE,139,,日本の野生植物 第2巻,139,Cached OCR page should exist,The profile points to a page that is not present in the OCR cache.,
72,ocr_page_missing,profile_candidate,plant-profile-004235,カガノアザミ,Cirsium kagamontanum,キク科,ASTERACEAE,250,499,日本の野生植物 第2巻,250,Cached OCR page should exist,The profile points to a page that is not present in the OCR cache.,
72,ocr_page_missing,profile_candidate,plant-profile-003963,カキドオシ,Glechoma hederacea,シソ科,LAMIACEAE,210,,日本の野生植物 第2巻,210,Cached OCR page should exist,The profile points to a page that is not present in the OCR cache.,
72,ocr_page_missing,profile_candidate,plant-profile-003196,カキノキ,Diospyros kaki,カキノキ科,EBENACEAE,117,,日本の野生植物 第2巻,117,Cached OCR page should exist,The profile points to a page that is not present in the OCR cache.,
72,ocr_page_missing,profile_candidate,plant-profile-003703,カキバチシャノキ,Cordia dichotoma,ムラサキ科,BORAGINACEAE,174,,日本の野生植物 第2巻,174,Cached OCR page should exist,The profile points to a page that is not present in the OCR cache.,
72,ocr_page_missing,profile_candidate,plant-profile-003516,カギカズラ,Uncaria rhynchophylla,アカネ科,RUBIACEAE,153,305,日本の野生植物 第2巻,153,Cached OCR page should exist,The profile points to a page that is not present in the OCR cache.,
72,ocr_page_missing,profile_candidate,plant-profile-004717,カクレミノ,Dendropanax trifidus,ウコギ科,ARALIACEAE,297,592,日本の野生植物 第2巻,297,Cached OCR page should exist,The profile points to a page that is not present in the OCR cache.,
72,ocr_page_missing,profile_candidate,plant-profile-004792,カサモチ,Nothosmyrnium japonicum,セリ科,APIACEAE,305,,日本の野生植物 第2巻,305,Cached OCR page should exist,The profile points to a page that is not present in the OCR cache.,
72,ocr_page_missing,profile_candidate,plant-profile-004171,カシワバハグマ,Pertya robusta,キク科,ASTERACEAE,242,,日本の野生植物 第2巻,242,Cached OCR page should exist,The profile points to a page that is not present in the OCR cache.,
72,ocr_page_missing,profile_candidate,plant-profile-002746,カジカエデ,Acer diabolicum,ムクロジ科,SAPINDACEAE,53,104,日本の野生植物 第2巻,53,Cached OCR page should exist,The profile points to a page that is not present in the OCR cache.,
72,ocr_page_missing,profile_candidate,plant-profile-002821,カジノハラセンソウ,Triumfetta rhomboidea,アオイ科,MALVACEAE,64,126,日本の野生植物 第2巻,64,Cached OCR page should exist,The profile points to a page that is not present in the OCR cache.,
72,ocr_page_missing,profile_candidate,plant-profile-004640,カズザキコウゾリナ,Blumea lanceolaria,キク科,ASTERACEAE,288,,日本の野生植物 第2巻,288,Cached OCR page should exist,The profile points to a page that is not present in the OCR cache.,
72,ocr_page_missing,profile_candidate,plant-profile-004651,カセンソウ,Inula salicina,キク科,ASTERACEAE,289,577,日本の野生植物 第2巻,289,Cached OCR page should exist,The profile points to a page that is not present in the OCR cache.,
72,ocr_page_missing,profile_candidate,plant-profile-003238,カッコソウ,Primula kisoana,サクラソウ科,PRIMULACEAE,122,,日本の野生植物 第2巻,122,Cached OCR page should exist,The profile points to a page that is not present in the OCR cache.,
72,ocr_page_missing,profile_candidate,plant-profile-004215,カツラカワアザミ,Cirsium opacum,キク科,ASTERACEAE,249,497,日本の野生植物 第2巻,249,Cached OCR page should exist,The profile points to a page that is not present in the OCR cache.,
72,ocr_page_missing,profile_candidate,plant-profile-003009,カトウハコベ,Arenaria katoana,ナデシコ科,CARYOPHYLLACEAE,92,,日本の野生植物 第2巻,92,Cached OCR page should exist,The profile points to a page that is not present in the OCR cache.,
72,ocr_page_missing,profile_candidate,plant-profile-002911,カナビキソウ,Thesium chinense,ビャクダン科,SANTALACEAE,80,,日本の野生植物 第2巻,80,Cached OCR page should exist,The profile points to a page that is not present in the OCR cache.,
72,ocr_page_missing,profile_candidate,plant-profile-004466,カニコウモリ,Parasenecio adenostyloides,キク科,ASTERACEAE,272,542,日本の野生植物 第2巻,272,Cached OCR page should exist,The profile points to a page that is not present in the OCR cache.,
72,ocr_page_missing,profile_candidate,plant-profile-004871,カノコソウ,Valeriana fauriei,スイカズラ科,CAPRIFOLIACEAE,315,628,日本の野生植物 第2巻,315,Cached OCR page should exist,The profile points to a page that is not present in the OCR cache.,
72,ocr_page_missing,profile_candidate,plant-profile-004809,カノツメソウ,Spuriopimpinella calycina,セリ科,APIACEAE,307,612,日本の野生植物 第2巻,307,Cached OCR page should exist,The profile points to a page that is not present in the OCR cache.,
72,ocr_page_missing,profile_candidate,plant-profile-002912,カマヤリソウ,Thesium refractum,ビャクダン科,SANTALACEAE,80,,日本の野生植物 第2巻,80,Cached OCR page should exist,The profile points to a page that is not present in the OCR cache.,
72,ocr_page_missing,profile_candidate,plant-profile-003781,カミガモソウ,Gratiola fluviatilts,オオバコ科,PLANTAGINACEAE,186,,日本の野生植物 第2巻,186,Cached OCR page should exist,The profile points to a page that is not present in the OCR cache.,
72,ocr_page_missing,profile_candidate,plant-profile-004744,カミヤツデ,Tetrapanax papyrifer,ウコギ科,ARALIACEAE,300,,日本の野生植物 第2巻,300,Cached OCR page should exist,The profile points to a page that is not present in the OCR cache.,
72,ocr_page_missing,profile_candidate,plant-profile-004241,カムイアザミ,Cirsium austrohidakaense,キク科,ASTERACEAE,250,,日本の野生植物 第2巻,250,Cached OCR page should exist,The profile points to a page that is not present in the OCR cache.,
72,ocr_page_missing,profile_candidate,plant-profile-004323,カムイトウヒレン,Saussurea kenji-horieana,キク科,ASTERACEAE,256,,日本の野生植物 第2巻,256,Cached OCR page should exist,The profile points to a page that is not present in the OCR cache.,
72,ocr_page_missing,profile_candidate,plant-profile-003046,カムイビランジ,Silene hidaka-alpina,ナデシコ科,CARYOPHYLLACEAE,96,,日本の野生植物 第2巻,96,Cached OCR page should exist,The profile points to a page that is not present in the OCR cache.,
72,ocr_page_missing,profile_candidate,plant-profile-004350,カムロトウヒレン,Saussurea sawae,キク科,ASTERACEAE,257,,日本の野生植物 第2巻,257,Cached OCR page should exist,The profile points to a page that is not present in the OCR cache.,
72,ocr_page_missing,profile_candidate,plant-profile-002737,カラコギカエデ,Acer tataricum subsp. aidzuense,ムクロジ科,SAPINDACEAE,52,103,日本の野生植物 第2巻,52,Cached OCR page should exist,The profile points to a page that is not present in the OCR cache.,
72,ocr_page_missing,profile_candidate,plant-profile-002792,カラスザンショウ,Zanthoxylum ailanthoides,ミカン科,RUTACEAE,58,,日本の野生植物 第2巻,58,Cached OCR page should exist,The profile points to a page that is not present in the OCR cache.,
72,ocr_page_missing,profile_candidate,plant-profile-002828,カラスシキミ,Daphne miyabeana,ジンチョウゲ科,THYMELAEACEAE,65,,日本の野生植物 第2巻,65,Cached OCR page should exist,The profile points to a page that is not present in the OCR cache.,
72,ocr_page_missing,profile_candidate,plant-profile-002798,カラスノゴマ,Corchoropsis crenata,アオイ科,MALVACEAE,60,119,日本の野生植物 第2巻,60,Cached OCR page should exist,The profile points to a page that is not present in the OCR cache.,
72,ocr_page_missing,profile_candidate,plant-profile-002774,カラタチ,Citrus trifoliata,ミカン科,RUTACEAE,56,,日本の野生植物 第2巻,56,Cached OCR page should exist,The profile points to a page that is not present in the OCR cache.,
72,ocr_page_missing,profile_candidate,plant-profile-003206,カラタチバナ,Ardisia crispa,サクラソウ科,PRIMULACEAE,119,237,日本の野生植物 第2巻,119,Cached OCR page should exist,The profile points to a page that is not present in the OCR cache.,
72,ocr_page_missing,profile_candidate,plant-profile-002692,カラフトアカバナ,Epilobium cilliatum,アカバナ科,ONAGRACEAE,44,,日本の野生植物 第2巻,44,Cached OCR page should exist,The profile points to a page that is not present in the OCR cache.,
72,ocr_page_missing,profile_candidate,plant-profile-004351,カラフトアザミ,Saussurea sachalinensis,キク科,ASTERACEAE,257,,日本の野生植物 第2巻,257,Cached OCR page should exist,The profile points to a page that is not present in the OCR cache.,
72,ocr_page_missing,profile_candidate,plant-profile-003312,カラフトイチヤクソウ,Pyrola faurieana,ツツジ科,ERICACEAE,132,,日本の野生植物 第2巻,132,Cached OCR page should exist,The profile points to a page that is not present in the OCR cache.,
72,ocr_page_missing,profile_candidate,plant-profile-004779,カラフトニンジン,Conioselinum kamtschaticum,セリ科,APIACEAE,304,607,日本の野生植物 第2巻,304,Cached OCR page should exist,The profile points to a page that is not present in the OCR cache.,
72,ocr_page_missing,profile_candidate,plant-profile-002979,カラフトノダイオウ,Rumex gmelinii,タデ科,POLYGONACEAE,89,177,日本の野生植物 第2巻,89,Cached OCR page should exist,The profile points to a page that is not present in the OCR cache.,
72,ocr_page_missing,profile_candidate,plant-profile-003038,カラフトマンテマ,Silene repens,ナデシコ科,CARYOPHYLLACEAE,95,,日本の野生植物 第2巻,95,Cached OCR page should exist,The profile points to a page that is not present in the OCR cache.,
72,ocr_page_missing,profile_candidate,plant-profile-003899,カリガネソウ,Tripora divarieata,シソ科,LAMIACEAE,201,401,日本の野生植物 第2巻,201,Cached OCR page should exist,The profile points to a page that is not present in the OCR cache.,
72,ocr_page_missing,profile_candidate,plant-profile-002596,カワゴケソウ,Cladopus doianus,カワゴケソウ科,PODOSTEMACEAE,34,66,日本の野生植物 第2巻,34,Cached OCR page should exist,The profile points to a page that is not present in the OCR cache.,
72,ocr_page_missing,profile_candidate,plant-profile-002598,カワゴロモ,Eydrobryum japonicum,カワゴケソウ科,PODOSTEMACEAE,34,,日本の野生植物 第2巻,34,Cached OCR page should exist,The profile points to a page that is not present in the OCR cache.,
72,ocr_page_missing,profile_candidate,plant-profile-003998,カワセミソウ,Mazus quadriprotuberans,サギゴケ科,MAZACEAE,214,,日本の野生植物 第2巻,214,Cached OCR page should exist,The profile points to a page that is not present in the OCR cache.,
72,ocr_page_missing,profile_candidate,plant-profile-004764,カワゼンゴ,Angelica tenuisecta,セリ科,APIACEAE,303,604,日本の野生植物 第2巻,303,Cached OCR page should exist,The profile points to a page that is not present in the OCR cache.,
72,ocr_page_missing,profile_candidate,plant-profile-002846,カワチスズシロソウ,,,,71,140,日本の野生植物 第2巻,71,Cached OCR page should exist,The profile points to a page that is not present in the OCR cache.,
72,ocr_page_missing,profile_candidate,plant-profile-003818,カワヂシャ,Veroniea andulata,オオバコ科,PLANTAGINACEAE,190,,日本の野生植物 第2巻,190,Cached OCR page should exist,The profile points to a page that is not present in the OCR cache.,
72,ocr_page_missing,profile_candidate,plant-profile-003954,カワミドリ,Agastache rugosa,シソ科,LAMIACEAE,209,416,日本の野生植物 第2巻,209,Cached OCR page should exist,The profile points to a page that is not present in the OCR cache.,
72,ocr_page_missing,profile_candidate,plant-profile-002620,カワラオトギリ,Hypericum kawaranum,オトギリソウ科,HYPERICACEAE,37,72,日本の野生植物 第2巻,37,Cached OCR page should exist,The profile points to a page that is not present in the OCR cache.,
72,ocr_page_missing,profile_candidate,plant-profile-003013,カワラナデシコ,Dianthus superbus var. longicalycinus,ナデシコ科,CARYOPHYLLACEAE,93,184,日本の野生植物 第2巻,93,Cached OCR page should exist,The profile points to a page that is not present in the OCR cache.,
72,ocr_page_missing,profile_candidate,plant-profile-004403,カワラニガナ,Ixeris tamagawaensis,キク科,ASTERACEAE,262,,日本の野生植物 第2巻,262,Cached OCR page should exist,The profile points to a page that is not present in the OCR cache.,
72,ocr_page_missing,profile_candidate,plant-profile-004566,カワラニンジン,Artemisia carvifolia,キク科,ASTERACEAE,281,560,日本の野生植物 第2巻,281,Cached OCR page should exist,The profile points to a page that is not present in the OCR cache.,
72,ocr_page_missing,profile_candidate,plant-profile-004503,カワラノギク,Aster kantoensis,キク科,ASTERACEAE,275,548,日本の野生植物 第2巻,275,Cached OCR page should exist,The profile points to a page that is not present in the OCR cache.,
72,ocr_page_missing,profile_candidate,plant-profile-004803,カワラボウフウ,Peucedanum terebinthaceum,セリ科,APIACEAE,306,,日本の野生植物 第2巻,306,Cached OCR page should exist,The profile points to a page that is not present in the OCR cache.,
72,ocr_page_missing,profile_candidate,plant-profile-004580,カワラヨモギ,Artemisia capillaris,キク科,ASTERACEAE,281,,日本の野生植物 第2巻,281,Cached OCR page should exist,The profile points to a page that is not present in the OCR cache.,
72,ocr_page_missing,profile_candidate,plant-profile-003626,カワリバアサガオ,Ipomoea polymorpha,キョウチクトウ科,APOCYNACEAE,167,332,日本の野生植物 第2巻,167,Cached OCR page should exist,The profile points to a page that is not present in the OCR cache.,
72,ocr_page_missing,profile_candidate,plant-profile-004425,カンサイタンポポ,Taraxacum japonicum,キク科,ASTERACEAE,265,528,日本の野生植物 第2巻,265,Cached OCR page should exist,The profile points to a page that is not present in the OCR cache.,
72,ocr_page_missing,profile_candidate,plant-profile-003271,カンザブロウノキ,Symplocos theophrastifolia Siebold et Zucc.,ハイノキ科,SYMPLOCACEAE,126,250,日本の野生植物 第2巻,126,Cached OCR page should exist,The profile points to a page that is not present in the OCR cache.,
72,ocr_page_missing,profile_candidate,plant-profile-003067,カンチヤチハコベ,Stellaria calyeantha,ナデシコ科,CARYOPHYLLACEAE,97,,日本の野生植物 第2巻,97,Cached OCR page should exist,The profile points to a page that is not present in the OCR cache.,
72,ocr_page_missing,profile_candidate,plant-profile-004450,カンツワブキ,Farfugium hiberniflorum,キク科,ASTERACEAE,269,537,日本の野生植物 第2巻,269,Cached OCR page should exist,The profile points to a page that is not present in the OCR cache.,
72,ocr_page_missing,profile_candidate,plant-profile-004426,カントウタンポポ,Taraxacum platycarpum var. platycarpum,キク科,ASTERACEAE,265,528,日本の野生植物 第2巻,265,Cached OCR page should exist,The profile points to a page that is not present in the OCR cache.,
72,ocr_page_missing,profile_candidate,plant-profile-004507,カントウヨメナ,,,,275,549,日本の野生植物 第2巻,275,Cached OCR page should exist,The profile points to a page that is not present in the OCR cache.,
72,ocr_page_missing,profile_candidate,plant-profile-004823,カンボク,Viburnum opulus,ガマズミ科,VIBURNACEAE,309,,日本の野生植物 第2巻,309,Cached OCR page should exist,The profile points to a page that is not present in the OCR cache.,
72,ocr_page_missing,profile_candidate,plant-profile-003580,ガガイモ,Metaplexis japonica,キョウチクトウ科,APOCYNACEAE,161,,日本の野生植物 第2巻,161,Cached OCR page should exist,The profile points to a page that is not present in the OCR cache.,
72,ocr_page_missing,profile_candidate,plant-profile-004154,ガガブタ,Nymphoides indiea,ミツガシワ科,MENYANTHACEAE,233,,日本の野生植物 第2巻,233,Cached OCR page should exist,The profile points to a page that is not present in the OCR cache.,
72,ocr_page_missing,profile_candidate,plant-profile-003154,ガクアジサイ,Hortensia macrophylla,アジサイ科,HYDRANGEACEAE,111,221,日本の野生植物 第2巻,111,Cached OCR page should exist,The profile points to a page that is not present in the OCR cache.,
72,ocr_page_missing,profile_candidate,plant-profile-003158,ガクウツギ,Hortensia scandens,アジサイ科,HYDRANGEACEAE,112,222,日本の野生植物 第2巻,112,Cached OCR page should exist,The profile points to a page that is not present in the OCR cache.,
72,ocr_page_missing,profile_candidate,plant-profile-004830,ガマズミ,Viburnum dilatatum,ガマズミ科,VIBURNACEAE,310,619,日本の野生植物 第2巻,310,Cached OCR page should exist,The profile points to a page that is not present in the OCR cache.,
72,ocr_page_missing,profile_candidate,plant-profile-004191,ガランビアザミ,,,,248,494,日本の野生植物 第2巻,248,Cached OCR page should exist,The profile points to a page that is not present in the OCR cache.,
72,ocr_page_missing,profile_candidate,plant-profile-004647,ガンクビソウ,Carpesium divarieatum,キク科,ASTERACEAE,289,576,日本の野生植物 第2巻,289,Cached OCR page should exist,The profile points to a page that is not present in the OCR cache.,
72,ocr_page_missing,profile_candidate,plant-profile-003322,ガンコウラン,Empetrum nigrum,ツツジ科,ERICACEAE,133,,日本の野生植物 第2巻,133,Cached OCR page should exist,The profile points to a page that is not present in the OCR cache.,
72,ocr_page_missing,profile_candidate,plant-profile-004305,ガンジュアザミ,Cirsium ganjuense,キク科,ASTERACEAE,253,,日本の野生植物 第2巻,253,Cached OCR page should exist,The profile points to a page that is not present in the OCR cache.,
72,ocr_page_missing,profile_candidate,plant-profile-002832,ガンピ,Diplomorpha sikokiana,ジンチョウゲ科,THYMELAEACEAE,66,130,日本の野生植物 第2巻,66,Cached OCR page should exist,The profile points to a page that is not present in the OCR cache.,
72,ocr_page_missing,profile_candidate,plant-profile-002908,キイレツチトリモチ,Balanophora tobiracola,ツチトリモチ科,BALANOPHORACEAE,79,,日本の野生植物 第2巻,79,Cached OCR page should exist,The profile points to a page that is not present in the OCR cache.,
72,ocr_page_missing,profile_candidate,plant-profile-004488,キオン,Senecio nemorensis,キク科,ASTERACEAE,273,544,日本の野生植物 第2巻,273,Cached OCR page should exist,The profile points to a page that is not present in the OCR cache.,
72,ocr_page_missing,profile_candidate,plant-profile-003911,キカイタツナミソウ,Scutellaria kikai-insularis,シソ科,LAMIACEAE,203,404,日本の野生植物 第2巻,203,Cached OCR page should exist,The profile points to a page that is not present in the OCR cache.,
72,ocr_page_missing,profile_candidate,plant-profile-002669,キカシグサ,Rotala indica,ミソハギ科,LYTHRACEAE,42,,日本の野生植物 第2巻,42,Cached OCR page should exist,The profile points to a page that is not present in the OCR cache.,
72,ocr_page_missing,profile_candidate,plant-profile-002833,キガンピ,Diplomorpha trichotoma,ジンチョウゲ科,THYMELAEACEAE,66,130,日本の野生植物 第2巻,66,Cached OCR page should exist,The profile points to a page that is not present in the OCR cache.,
72,ocr_page_missing,profile_candidate,plant-profile-004143,キキョウ,Platyeodon grandilorus,キキョウ科,CAMPANULACEAE,232,,日本の野生植物 第2巻,232,Cached OCR page should exist,The profile points to a page that is not present in the OCR cache.,
72,ocr_page_missing,profile_candidate,plant-profile-004312,キクアザミ,Saussurea ussuriensis,キク科,ASTERACEAE,256,510,日本の野生植物 第2巻,256,Cached OCR page should exist,The profile points to a page that is not present in the OCR cache.,
72,ocr_page_missing,profile_candidate,plant-profile-003779,キクガラクサ,Elisiophyllum pinnatum,オオバコ科,PLANTAGINACEAE,186,370,日本の野生植物 第2巻,186,Cached OCR page should exist,The profile points to a page that is not present in the OCR cache.,
72,ocr_page_missing,profile_candidate,plant-profile-003627,キクザアサガオ,,,,167,332,日本の野生植物 第2巻,167,Cached OCR page should exist,The profile points to a page that is not present in the OCR cache.,
72,ocr_page_missing,profile_candidate,plant-profile-004604,キクタニギク,Chrysanthemum seticuspe,キク科,ASTERACEAE,283,,日本の野生植物 第2巻,283,Cached OCR page should exist,The profile points to a page that is not present in the OCR cache.,
72,ocr_page_missing,profile_candidate,plant-profile-003819,キクバクワガタ,Veronica schmidtiana,オオバコ科,PLANTAGINACEAE,190,,日本の野生植物 第2巻,190,Cached OCR page should exist,The profile points to a page that is not present in the OCR cache.,
72,ocr_page_missing,profile_candidate,plant-profile-003469,キクムグラ,Galium kikumugura,アカネ科,RUBIACEAE,148,,日本の野生植物 第2巻,148,Cached OCR page should exist,The profile points to a page that is not present in the OCR cache.,
72,ocr_page_missing,profile_candidate,plant-profile-003789,キクモ,Limnophila sessilinora,オオバコ科,PLANTAGINACEAE,187,,日本の野生植物 第2巻,187,Cached OCR page should exist,The profile points to a page that is not present in the OCR cache.,
72,ocr_page_missing,profile_candidate,plant-profile-004090,キササゲ,Catalpa ovata,ノウゼンカズラ科,BIGNONIACEAE,226,,日本の野生植物 第2巻,226,Cached OCR page should exist,The profile points to a page that is not present in the OCR cache.,
72,ocr_page_missing,profile_candidate,plant-profile-003369,キシツツジ,Rhododendron ripense,ツツジ科,ERICACEAE,137,,日本の野生植物 第2巻,137,Cached OCR page should exist,The profile points to a page that is not present in the OCR cache.,
72,ocr_page_missing,profile_candidate,plant-profile-003576,キジョラン,Marsdenia tomentosa,キョウチクトウ科,APOCYNACEAE,161,320,日本の野生植物 第2巻,161,Cached OCR page should exist,The profile points to a page that is not present in the OCR cache.,
72,ocr_page_missing,profile_candidate,plant-profile-002531,キスミレ,Viola orientalis,スミレ科,VIOLACEAE,28,55,日本の野生植物 第2巻,28,Cached OCR page should exist,The profile points to a page that is not present in the OCR cache.,
72,ocr_page_missing,profile_candidate,plant-profile-004211,キセルアザミ,Cirsium sieboldii,キク科,ASTERACEAE,249,496,日本の野生植物 第2巻,249,Cached OCR page should exist,The profile points to a page that is not present in the OCR cache.,
72,ocr_page_missing,profile_candidate,plant-profile-003937,キセワタ,Leonurus maeranthus,シソ科,LAMIACEAE,206,,日本の野生植物 第2巻,206,Cached OCR page should exist,The profile points to a page that is not present in the OCR cache.,
72,ocr_page_missing,profile_candidate,plant-profile-004272,キソアザミ,Cirsium fauriei,キク科,ASTERACEAE,252,502,日本の野生植物 第2巻,252,Cached OCR page should exist,The profile points to a page that is not present in the OCR cache.,
72,ocr_page_missing,profile_candidate,plant-profile-003976,キソキバナアキギリ,,,,212,422,日本の野生植物 第2巻,212,Cached OCR page should exist,The profile points to a page that is not present in the OCR cache.,
72,ocr_page_missing,profile_candidate,plant-profile-004306,キタカミアザミ,Cirsium nipponicum,キク科,ASTERACEAE,253,,日本の野生植物 第2巻,253,Cached OCR page should exist,The profile points to a page that is not present in the OCR cache.,
72,ocr_page_missing,profile_candidate,plant-profile-003936,キタダケオドリコソウ,,,,206,411,日本の野生植物 第2巻,206,Cached OCR page should exist,The profile points to a page that is not present in the OCR cache.,
72,ocr_page_missing,profile_candidate,plant-profile-002878,キタダケナズナ,Draba kitadakensis,アブラナ科,BRASSICACEAE,75,148,日本の野生植物 第2巻,75,Cached OCR page should exist,The profile points to a page that is not present in the OCR cache.,
72,ocr_page_missing,profile_candidate,plant-profile-004592,キタダケヨモギ,Artemisia kitadakensis,キク科,ASTERACEAE,282,562,日本の野生植物 第2巻,282,Cached OCR page should exist,The profile points to a page that is not present in the OCR cache.,
72,ocr_page_missing,profile_candidate,plant-profile-002631,キタミオトギリ,Hyperieum kitamense,オトギリソウ科,HYPERICACEAE,37,,日本の野生植物 第2巻,37,Cached OCR page should exist,The profile points to a page that is not present in the OCR cache.,
72,ocr_page_missing,profile_candidate,plant-profile-003835,キタミソウ,Limosela aguatiea,ゴマノハグサ科,SCROPHULARIACEAE,192,,日本の野生植物 第2巻,192,Cached OCR page should exist,The profile points to a page that is not present in the OCR cache.,
72,ocr_page_missing,profile_candidate,plant-profile-003674,キダチイヌホオズキ,Solanum spirale Roxb.,ナス科,SOLANACEAE,172,343,日本の野生植物 第2巻,172,Cached OCR page should exist,The profile points to a page that is not present in the OCR cache.,
72,ocr_page_missing,profile_candidate,plant-profile-002698,キダチキンバイ,Ludwigia octovalvis,アカバナ科,ONAGRACEAE,45,,日本の野生植物 第2巻,45,Cached OCR page should exist,The profile points to a page that is not present in the OCR cache.,
72,ocr_page_missing,profile_candidate,plant-profile-003663,キダチタバコ,Nicotiana glauca,ナス科,SOLANACEAE,170,,日本の野生植物 第2巻,170,Cached OCR page should exist,The profile points to a page that is not present in the OCR cache.,
72,ocr_page_missing,profile_candidate,plant-profile-003647,キダチチョウセンアサガオ,Brugmansia suaveolens,ナス科,SOLANACEAE,169,336,日本の野生植物 第2巻,169,Cached OCR page should exist,The profile points to a page that is not present in the OCR cache.,
72,ocr_page_missing,profile_candidate,plant-profile-003648,キダチトウガラシ,Capsicum frutescens L.,ナス科,SOLANACEAE,169,336,日本の野生植物 第2巻,169,Cached OCR page should exist,The profile points to a page that is not present in the OCR cache.,
72,ocr_page_missing,profile_candidate,plant-profile-004841,キダチニンドウ,Lonicera hypoglauca,スイカズラ科,CAPRIFOLIACEAE,313,624,日本の野生植物 第2巻,313,Cached OCR page should exist,The profile points to a page that is not present in the OCR cache.,
72,ocr_page_missing,profile_candidate,plant-profile-004667,キダチハマグルマ,Melanthera biflora,キク科,ASTERACEAE,291,580,日本の野生植物 第2巻,291,Cached OCR page should exist,The profile points to a page that is not present in the OCR cache.,
72,ocr_page_missing,profile_candidate,plant-profile-004163,キッコウハグマ,Ainsliaea apiculata,キク科,ASTERACEAE,241,,日本の野生植物 第2巻,241,Cached OCR page should exist,The profile points to a page that is not present in the OCR cache.,
72,ocr_page_missing,profile_candidate,plant-profile-004307,キツネアザミ,Hemisteptia lyrata,キク科,ASTERACEAE,253,,日本の野生植物 第2巻,253,Cached OCR page should exist,The profile points to a page that is not present in the OCR cache.,
72,ocr_page_missing,profile_candidate,plant-profile-004072,キツネノマゴ,Justicia procumbens var. procumbens,キツネノマゴ科,ACANTHACEAE,224,446,日本の野生植物 第2巻,224,Cached OCR page should exist,The profile points to a page that is not present in the OCR cache.,
72,ocr_page_missing,profile_candidate,plant-profile-004073,キツネノメマゴ,Justicia hayatae,キツネノマゴ科,ACANTHACEAE,224,446,日本の野生植物 第2巻,224,Cached OCR page should exist,The profile points to a page that is not present in the OCR cache.,
72,ocr_page_missing,profile_candidate,plant-profile-002501,キツネヤナギ,Salix vulpina,ヤナギ科,SALICACEAE,23,45,日本の野生植物 第2巻,23,Cached OCR page should exist,The profile points to a page that is not present in the OCR cache.,
72,ocr_page_missing,profile_candidate,plant-profile-003173,キツリフネ,Impatiens noli-tangere,ツリフネソウ科,BALSAMINACEAE,114,226,日本の野生植物 第2巻,114,Cached OCR page should exist,The profile points to a page that is not present in the OCR cache.,
72,ocr_page_missing,profile_candidate,plant-profile-004728,キヅタ,Hedera rhombea,ウコギ科,ARALIACEAE,298,595,日本の野生植物 第2巻,298,Cached OCR page should exist,The profile points to a page that is not present in the OCR cache.,
72,ocr_page_missing,profile_candidate,plant-profile-003462,キヌタソウ,Galium kinnta,アカネ科,RUBIACEAE,148,294,日本の野生植物 第2巻,148,Cached OCR page should exist,The profile points to a page that is not present in the OCR cache.,
72,ocr_page_missing,profile_candidate,plant-profile-003829,キノクニスズカケ,Veronicastrum tagawae,オオバコ科,PLANTAGINACEAE,191,,日本の野生植物 第2巻,191,Cached OCR page should exist,The profile points to a page that is not present in the OCR cache.,
72,ocr_page_missing,profile_candidate,plant-profile-002783,キハダ,Phellodendron amurense,ミカン科,RUTACEAE,57,,日本の野生植物 第2巻,57,Cached OCR page should exist,The profile points to a page that is not present in the OCR cache.,
72,ocr_page_missing,profile_candidate,plant-profile-003977,キバナアキギリ,Salvia nipponica,シソ科,LAMIACEAE,212,422,日本の野生植物 第2巻,212,Cached OCR page should exist,The profile points to a page that is not present in the OCR cache.,
72,ocr_page_missing,profile_candidate,plant-profile-004873,キバナウツギ,Weigela maximowiczii,スイカズラ科,CAPRIFOLIACEAE,315,629,日本の野生植物 第2巻,315,Cached OCR page should exist,The profile points to a page that is not present in the OCR cache.,
72,ocr_page_missing,profile_candidate,plant-profile-003790,キバナオトメアゼナ,Meeardonia proeumbens,オオバコ科,PLANTAGINACEAE,187,,日本の野生植物 第2巻,187,Cached OCR page should exist,The profile points to a page that is not present in the OCR cache.,
72,ocr_page_missing,profile_candidate,plant-profile-003451,キバナカワラマツバ,Galium verum,アカネ科,RUBIACEAE,147,,日本の野生植物 第2巻,147,Cached OCR page should exist,The profile points to a page that is not present in the OCR cache.,
72,ocr_page_missing,profile_candidate,plant-profile-004500,キバナコウリンカ,Tephroseris furusei,キク科,ASTERACEAE,274,,日本の野生植物 第2巻,274,Cached OCR page should exist,The profile points to a page that is not present in the OCR cache.,
72,ocr_page_missing,profile_candidate,plant-profile-004041,キバナシオガマ,Pedicularis oederi,ハマウツボ科,OROBANCHACEAE,220,,日本の野生植物 第2巻,220,Cached OCR page should exist,The profile points to a page that is not present in the OCR cache.,
72,ocr_page_missing,profile_candidate,plant-profile-003326,キバナシャクナゲ,Rhododendron aureum,ツツジ科,ERICACEAE,135,,日本の野生植物 第2巻,135,Cached OCR page should exist,The profile points to a page that is not present in the OCR cache.,
72,ocr_page_missing,profile_candidate,plant-profile-002535,キバナノコマノツメ,Viola binora,スミレ科,VIOLACEAE,28,,日本の野生植物 第2巻,28,Cached OCR page should exist,The profile points to a page that is not present in the OCR cache.,
72,ocr_page_missing,profile_candidate,plant-profile-002895,キバナハタザオ,Sisymbrium luteum,アブラナ科,BRASSICACEAE,77,153,日本の野生植物 第2巻,77,Cached OCR page should exist,The profile points to a page that is not present in the OCR cache.,
72,ocr_page_missing,profile_candidate,plant-profile-003636,キバナハマヒルガオ,Ipomoea violacea,キョウチクトウ科,APOCYNACEAE,167,,日本の野生植物 第2巻,167,Cached OCR page should exist,The profile points to a page that is not present in the OCR cache.,
72,ocr_page_missing,profile_candidate,plant-profile-004433,キビシロタンポポ,Taraxacum hideoi,キク科,ASTERACEAE,265,529,日本の野生植物 第2巻,265,Cached OCR page should exist,The profile points to a page that is not present in the OCR cache.,
72,ocr_page_missing,profile_candidate,plant-profile-002719,キブシ,Stachyurus praecox Siebold et Zucc.,キブシ科,STACHYURACEAE,49,97,日本の野生植物 第2巻,49,Cached OCR page should exist,The profile points to a page that is not present in the OCR cache.,
72,ocr_page_missing,profile_candidate,plant-profile-002986,キブネダイオウ,Rumes nepalensis,タデ科,POLYGONACEAE,89,,日本の野生植物 第2巻,89,Cached OCR page should exist,The profile points to a page that is not present in the OCR cache.,
72,ocr_page_missing,profile_candidate,plant-profile-003728,キュウリグサ,Trigonotis peduncularis,ムラサキ科,BORAGINACEAE,179,356,日本の野生植物 第2巻,179,Cached OCR page should exist,The profile points to a page that is not present in the OCR cache.,
72,ocr_page_missing,profile_candidate,plant-profile-003581,キョウチクトウ,Nerium oleander,キョウチクトウ科,APOCYNACEAE,161,,日本の野生植物 第2巻,161,Cached OCR page should exist,The profile points to a page that is not present in the OCR cache.,
72,ocr_page_missing,profile_candidate,plant-profile-004053,キヨスミウツボ,Phacellanthus tubiflorus,ハマウツボ科,OROBANCHACEAE,221,,日本の野生植物 第2巻,221,Cached OCR page should exist,The profile points to a page that is not present in the OCR cache.,
72,ocr_page_missing,profile_candidate,plant-profile-003381,キヨスミミツバツツジ,Rhododendron kiyosumense,ツツジ科,ERICACEAE,138,,日本の野生植物 第2巻,138,Cached OCR page should exist,The profile points to a page that is not present in the OCR cache.,
72,ocr_page_missing,profile_candidate,plant-profile-003875,キランソウ,Ajuga decumbens,シソ科,LAMIACEAE,199,397,日本の野生植物 第2巻,199,Cached OCR page should exist,The profile points to a page that is not present in the OCR cache.,
72,ocr_page_missing,profile_candidate,plant-profile-004005,キリ,Paulownia tomentosa,キリ科,PAULOWNIACEAE,215,,日本の野生植物 第2巻,215,Cached OCR page should exist,The profile points to a page that is not present in the OCR cache.,
72,ocr_page_missing,profile_candidate,plant-profile-004324,キリガミネトウヒレン,Saussurea kirigaminensis,キク科,ASTERACEAE,256,,日本の野生植物 第2巻,256,Cached OCR page should exist,The profile points to a page that is not present in the OCR cache.,
72,ocr_page_missing,profile_candidate,plant-profile-004216,キリシマアザミ,Cirsium kirishimense,キク科,ASTERACEAE,249,497,日本の野生植物 第2巻,249,Cached OCR page should exist,The profile points to a page that is not present in the OCR cache.,
72,ocr_page_missing,profile_candidate,plant-profile-004325,キリシマヒゴタイ,Saussurea seaposa,キク科,ASTERACEAE,256,,日本の野生植物 第2巻,256,Cached OCR page should exist,The profile points to a page that is not present in the OCR cache.,
72,ocr_page_missing,profile_candidate,plant-profile-003165,キレンゲショウマ,Kirengeshoma palmata,アジサイ科,HYDRANGEACEAE,112,,日本の野生植物 第2巻,112,Cached OCR page should exist,The profile points to a page that is not present in the OCR cache.,
72,ocr_page_missing,profile_candidate,plant-profile-004295,キンカアザミ,Cirsium muraii,キク科,ASTERACEAE,253,504,日本の野生植物 第2巻,253,Cached OCR page should exist,The profile points to a page that is not present in the OCR cache.,
72,ocr_page_missing,profile_candidate,plant-profile-003688,キンギンナスビ,Solanum capsicoides,ナス科,SOLANACEAE,173,344,日本の野生植物 第2巻,173,Cached OCR page should exist,The profile points to a page that is not present in the OCR cache.,
72,ocr_page_missing,profile_candidate,plant-profile-003689,キンギンナスビモドキ,,,,173,344,日本の野生植物 第2巻,173,Cached OCR page should exist,The profile points to a page that is not present in the OCR cache.,
72,ocr_page_missing,profile_candidate,plant-profile-004842,キンギンボク,Lonicera morrowii,スイカズラ科,CAPRIFOLIACEAE,313,624,日本の野生植物 第2巻,313,Cached OCR page should exist,The profile points to a page that is not present in the OCR cache.,
72,ocr_page_missing,profile_candidate,plant-profile-002601,キンシバイ,Hypericum patulum,オトギリソウ科,HYPERICACEAE,36,70,日本の野生植物 第2巻,36,Cached OCR page should exist,The profile points to a page that is not present in the OCR cache.,
72,ocr_page_missing,profile_candidate,plant-profile-004335,キンプヒゴタイ,Saussurea kimbuensis,キク科,ASTERACEAE,257,512,日本の野生植物 第2巻,257,Cached OCR page should exist,The profile points to a page that is not present in the OCR cache.,
72,ocr_page_missing,profile_candidate,plant-profile-004867,キンレイカ,Patrinia palmata,スイカズラ科,CAPRIFOLIACEAE,314,,日本の野生植物 第2巻,314,Cached OCR page should exist,The profile points to a page that is not present in the OCR cache.,
72,ocr_page_missing,profile_candidate,plant-profile-002980,ギシギシ,Rumex japonicus,タデ科,POLYGONACEAE,89,177,日本の野生植物 第2巻,89,Cached OCR page should exist,The profile points to a page that is not present in the OCR cache.,
72,ocr_page_missing,profile_candidate,plant-profile-004192,ギョウジャアザミ,Cirsium gyojanum,キク科,ASTERACEAE,248,494,日本の野生植物 第2巻,248,Cached OCR page should exist,The profile points to a page that is not present in the OCR cache.,
72,ocr_page_missing,profile_candidate,plant-profile-003515,ギョクシンカ,Tarenna kotoensis,アカネ科,RUBIACEAE,153,304,日本の野生植物 第2巻,153,Cached OCR page should exist,The profile points to a page that is not present in the OCR cache.,
72,ocr_page_missing,profile_candidate,plant-profile-002842,ギョボク,Crateva formosensis,フウチョウボク科,CAPPARACEAE,67,132,日本の野生植物 第2巻,67,Cached OCR page should exist,The profile points to a page that is not present in the OCR cache.,
72,ocr_page_missing,profile_candidate,plant-profile-003139,ギンバイソウ,Deinanthe bifda,アジサイ科,HYDRANGEACEAE,109,,日本の野生植物 第2巻,109,Cached OCR page should exist,The profile points to a page that is not present in the OCR cache.,
72,ocr_page_missing,profile_candidate,plant-profile-003305,ギンリョウソウ,Monotropastrum humile,ツツジ科,ERICACEAE,131,,日本の野生植物 第2巻,131,Cached OCR page should exist,The profile points to a page that is not present in the OCR cache.,
72,ocr_page_missing,profile_candidate,plant-profile-003301,ギンリョウソウモドキ,Monotropa uniflora,ツツジ科,ERICACEAE,131,260,日本の野生植物 第2巻,131,Cached OCR page should exist,The profile points to a page that is not present in the OCR cache.,
72,ocr_page_missing,profile_candidate,plant-profile-003407,ギーマ,Vaccinium wrightii,ツツジ科,ERICACEAE,141,281,日本の野生植物 第2巻,141,Cached OCR page should exist,The profile points to a page that is not present in the OCR cache.,
72,ocr_page_missing,profile_candidate,plant-profile-003827,クガイソウ,Veronicastrum sibiricum f. glabratum,オオバコ科,PLANTAGINACEAE,191,381,日本の野生植物 第2巻,191,Cached OCR page should exist,The profile points to a page that is not present in the OCR cache.,
72,ocr_page_missing,profile_candidate,plant-profile-003655,クコ,Lycium chinense,ナス科,SOLANACEAE,170,338,日本の野生植物 第2巻,170,Cached OCR page should exist,The profile points to a page that is not present in the OCR cache.,
72,ocr_page_missing,profile_candidate,plant-profile-003140,クサアジサイ,Cardiandra alternifolia,アジサイ科,HYDRANGEACEAE,109,,日本の野生植物 第2巻,109,Cached OCR page should exist,The profile points to a page that is not present in the OCR cache.,
72,ocr_page_missing,profile_candidate,plant-profile-003888,クサギ,Clerodendrum trichotomum,シソ科,LAMIACEAE,200,,日本の野生植物 第2巻,200,Cached OCR page should exist,The profile points to a page that is not present in the OCR cache.,
72,ocr_page_missing,profile_candidate,plant-profile-003589,クサタチバナ,Vincetoxicum acuminatum,キョウチクトウ科,APOCYNACEAE,162,,日本の野生植物 第2巻,162,Cached OCR page should exist,The profile points to a page that is not present in the OCR cache.,
72,ocr_page_missing,profile_candidate,plant-profile-004157,クサトベラ,Scaevola taccada,クサトベラ科,GOODENIACEAE,234,466,日本の野生植物 第2巻,234,Cached OCR page should exist,The profile points to a page that is not present in the OCR cache.,
72,ocr_page_missing,profile_candidate,plant-profile-003596,クサナギオゴケ,Vincetoxicum katoi (Ohwi) Kitag.,キョウチクトウ科,APOCYNACEAE,163,324,日本の野生植物 第2巻,163,Cached OCR page should exist,The profile points to a page that is not present in the OCR cache.,
72,ocr_page_missing,profile_candidate,plant-profile-004383,クサノオウバノギク,Crepidiastrum chelidoniifolium,キク科,ASTERACEAE,260,,日本の野生植物 第2巻,260,Cached OCR page should exist,The profile points to a page that is not present in the OCR cache.,
72,ocr_page_missing,profile_candidate,plant-profile-003430,クサミズキ,Nothapodytes nimmoniana,クロタキカズラ科,ICACINACEAE,143,,日本の野生植物 第2巻,143,Cached OCR page should exist,The profile points to a page that is not present in the OCR cache.,
72,ocr_page_missing,profile_candidate,plant-profile-004164,クサヤツデ,Diaspananthus uniflorus,キク科,ASTERACEAE,241,,日本の野生植物 第2巻,241,Cached OCR page should exist,The profile points to a page that is not present in the OCR cache.,
72,ocr_page_missing,profile_candidate,plant-profile-003217,クサレダマ,Lysimachia vulgaris,サクラソウ科,PRIMULACEAE,120,,日本の野生植物 第2巻,120,Cached OCR page should exist,The profile points to a page that is not present in the OCR cache.,
72,ocr_page_missing,profile_candidate,plant-profile-004434,クシバタンポポ,Taraxacum pectinatum,キク科,ASTERACEAE,265,529,日本の野生植物 第2巻,265,Cached OCR page should exist,The profile points to a page that is not present in the OCR cache.,
72,ocr_page_missing,profile_candidate,plant-profile-003616,クシロネナシカズラ,Cuscuta europaea L.,ヒルガオ科,CONVOLVULACEAE,165,329,日本の野生植物 第2巻,165,Cached OCR page should exist,The profile points to a page that is not present in the OCR cache.,
72,ocr_page_missing,profile_candidate,plant-profile-003021,クシロワチガイソウ,Pseudostellaria sylyatica,ナデシコ科,CARYOPHYLLACEAE,94,187,日本の野生植物 第2巻,94,Cached OCR page should exist,The profile points to a page that is not present in the OCR cache.,
72,ocr_page_missing,profile_candidate,plant-profile-004222,クジュウアザミ,Cirsium kujuense,キク科,ASTERACEAE,249,,日本の野生植物 第2巻,249,Cached OCR page should exist,The profile points to a page that is not present in the OCR cache.,
72,ocr_page_missing,profile_candidate,plant-profile-002868,クジラグサ,Deseurainia sophia,アブラナ科,BRASSICACEAE,74,146,日本の野生植物 第2巻,74,Cached OCR page should exist,The profile points to a page that is not present in the OCR cache.,
72,ocr_page_missing,profile_candidate,plant-profile-002530,クスドイゲ,Xylosma congesta,ヤナギ科,SALICACEAE,26,,日本の野生植物 第2巻,26,Cached OCR page should exist,The profile points to a page that is not present in the OCR cache.,
72,ocr_page_missing,profile_candidate,plant-profile-002758,クスノハカエデ,Acer itoanum,ムクロジ科,SAPINDACEAE,54,106,日本の野生植物 第2巻,54,Cached OCR page should exist,The profile points to a page that is not present in the OCR cache.,
72,ocr_page_missing,profile_candidate,plant-profile-004567,クソニンジン,Artemisia annua,キク科,ASTERACEAE,281,560,日本の野生植物 第2巻,281,Cached OCR page should exist,The profile points to a page that is not present in the OCR cache.,
72,ocr_page_missing,profile_candidate,plant-profile-003463,クチナシ,Gardenia jasminoides,アカネ科,RUBIACEAE,148,294,日本の野生植物 第2巻,148,Cached OCR page should exist,The profile points to a page that is not present in the OCR cache.,
72,ocr_page_missing,profile_candidate,plant-profile-004030,クチナシグサ,Monoehasma sheareri,ハマウツボ科,OROBANCHACEAE,219,,日本の野生植物 第2巻,219,Cached OCR page should exist,The profile points to a page that is not present in the OCR cache.,
72,ocr_page_missing,profile_candidate,plant-profile-003853,クチバシグサ,Bomuaya ruelloides,アゼナ科,LINDERNIACEAE,194,,日本の野生植物 第2巻,194,Cached OCR page should exist,The profile points to a page that is not present in the OCR cache.,
72,ocr_page_missing,profile_candidate,plant-profile-003183,クニガミヒサカキ,Eurya zigzag,サカキ科,PENTAPHYLACACEAE,116,230,日本の野生植物 第2巻,116,Cached OCR page should exist,The profile points to a page that is not present in the OCR cache.,
72,ocr_page_missing,profile_candidate,plant-profile-004095,クマツヅラ,Verbena offcinalis,クマツヅラ科,VERBENACEAE,227,,日本の野生植物 第2巻,227,Cached OCR page should exist,The profile points to a page that is not present in the OCR cache.,
72,ocr_page_missing,profile_candidate,plant-profile-004674,クマノギク,Sphagneticola calendulacea,キク科,ASTERACEAE,291,,日本の野生植物 第2巻,291,Cached OCR page should exist,The profile points to a page that is not present in the OCR cache.,
72,ocr_page_missing,profile_candidate,plant-profile-003128,クマノミズキ,Cornus macrophylla Wall.,ミズキ科,CORNACEAE,108,215,日本の野生植物 第2巻,108,Cached OCR page should exist,The profile points to a page that is not present in the OCR cache.,
72,ocr_page_missing,profile_candidate,plant-profile-002607,クモイオトギリ,Hypericum hyugamontanum,オトギリソウ科,HYPERICACEAE,36,,日本の野生植物 第2巻,36,Cached OCR page should exist,The profile points to a page that is not present in the OCR cache.,
72,ocr_page_missing,profile_candidate,plant-profile-002847,クモイナズナ,Arabis tanakana,アブラナ科,BRASSICACEAE,71,,日本の野生植物 第2巻,71,Cached OCR page should exist,The profile points to a page that is not present in the OCR cache.,
72,ocr_page_missing,profile_candidate,plant-profile-004427,クモマタンポポ,Taraxacum yesoalpinum,キク科,ASTERACEAE,265,528,日本の野生植物 第2巻,265,Cached OCR page should exist,The profile points to a page that is not present in the OCR cache.,
72,ocr_page_missing,profile_candidate,plant-profile-003239,クリンソウ,Primula japoniea,サクラソウ科,PRIMULACEAE,122,,日本の野生植物 第2巻,122,Cached OCR page should exist,The profile points to a page that is not present in the OCR cache.,
72,ocr_page_missing,profile_candidate,plant-profile-002928,クリンユキフデ,Bistorta suffulta,タデ科,POLYGONACEAE,84,,日本の野生植物 第2巻,84,Cached OCR page should exist,The profile points to a page that is not present in the OCR cache.,
72,ocr_page_missing,profile_candidate,plant-profile-004532,クルマギク,Aster tenuipes,キク科,ASTERACEAE,276,,日本の野生植物 第2巻,276,Cached OCR page should exist,The profile points to a page that is not present in the OCR cache.,
72,ocr_page_missing,profile_candidate,plant-profile-003507,クルマバアカネ,Rubia cordifolia var. lancifolia,アカネ科,RUBIACEAE,152,303,日本の野生植物 第2巻,152,Cached OCR page should exist,The profile points to a page that is not present in the OCR cache.,
72,ocr_page_missing,profile_candidate,plant-profile-003120,クルマバザクロソウ,Mollugo verticillata,ザクロソウ科,MOLLUGINACEAE,106,,日本の野生植物 第2巻,106,Cached OCR page should exist,The profile points to a page that is not present in the OCR cache.,
72,ocr_page_missing,profile_candidate,plant-profile-003452,クルマバソウ,Galium odoratum,アカネ科,RUBIACEAE,147,,日本の野生植物 第2巻,147,Cached OCR page should exist,The profile points to a page that is not present in the OCR cache.,
72,ocr_page_missing,profile_candidate,plant-profile-003957,クルマバナ,Clinopodium coreanum,シソ科,LAMIACEAE,209,,日本の野生植物 第2巻,209,Cached OCR page should exist,The profile points to a page that is not present in the OCR cache.,
72,ocr_page_missing,profile_candidate,plant-profile-004169,クルマバハグマ,Pertya rigidula,キク科,ASTERACEAE,242,482,日本の野生植物 第2巻,242,Cached OCR page should exist,The profile points to a page that is not present in the OCR cache.,
72,ocr_page_missing,profile_candidate,plant-profile-003453,クルマムグラ,Galium japonicum,アカネ科,RUBIACEAE,147,,日本の野生植物 第2巻,147,Cached OCR page should exist,The profile points to a page that is not present in the OCR cache.,
72,ocr_page_missing,profile_candidate,plant-profile-003415,クロウスゴ,Vaccinium ovalifolium,ツツジ科,ERICACEAE,142,283,日本の野生植物 第2巻,142,Cached OCR page should exist,The profile points to a page that is not present in the OCR cache.,
72,ocr_page_missing,profile_candidate,plant-profile-004103,クロガネモチ,Ilex rotunda,モチノキ科,AQUIFOLIACEAE,228,,日本の野生植物 第2巻,228,Cached OCR page should exist,The profile points to a page that is not present in the OCR cache.,
72,ocr_page_missing,profile_candidate,plant-profile-003272,クロキ,Symplocos kuroki,ハイノキ科,SYMPLOCACEAE,126,250,日本の野生植物 第2巻,126,Cached OCR page should exist,The profile points to a page that is not present in the OCR cache.,
72,ocr_page_missing,profile_candidate,plant-profile-004104,クロソヨゴ,Iex sugerokii,モチノキ科,AQUIFOLIACEAE,228,,日本の野生植物 第2巻,228,Cached OCR page should exist,The profile points to a page that is not present in the OCR cache.,
72,ocr_page_missing,profile_candidate,plant-profile-003431,クロタキカズラ,Hosiea japonica,クロタキカズラ科,ICACINACEAE,143,,日本の野生植物 第2巻,143,Cached OCR page should exist,The profile points to a page that is not present in the OCR cache.,
72,ocr_page_missing,profile_candidate,plant-profile-002621,クロテンシラトリオトギリ,Hypericum watanabei,オトギリソウ科,HYPERICACEAE,37,72,日本の野生植物 第2巻,37,Cached OCR page should exist,The profile points to a page that is not present in the OCR cache.,
72,ocr_page_missing,profile_candidate,plant-profile-004341,クロトウヒレン,Saussurea sessiliflora,キク科,ASTERACEAE,257,513,日本の野生植物 第2巻,257,Cached OCR page should exist,The profile points to a page that is not present in the OCR cache.,
72,ocr_page_missing,profile_candidate,plant-profile-003273,クロバイ,Symplocos prunifolia,ハイノキ科,SYMPLOCACEAE,126,250,日本の野生植物 第2巻,126,Cached OCR page should exist,The profile points to a page that is not present in the OCR cache.,
72,ocr_page_missing,profile_candidate,plant-profile-004749,クロバナウマノミツバ,Sanieula rubriflora,セリ科,APIACEAE,301,,日本の野生植物 第2巻,301,Cached OCR page should exist,The profile points to a page that is not present in the OCR cache.,
72,ocr_page_missing,profile_candidate,plant-profile-003988,クロバナヒキオコシ,Isodon trichocarpus,シソ科,LAMIACEAE,213,424,日本の野生植物 第2巻,213,Cached OCR page should exist,The profile points to a page that is not present in the OCR cache.,
72,ocr_page_missing,profile_candidate,plant-profile-002752,クロビイタヤ,Acer mniyabei,ムクロジ科,SAPINDACEAE,53,,日本の野生植物 第2巻,53,Cached OCR page should exist,The profile points to a page that is not present in the OCR cache.,
72,ocr_page_missing,profile_candidate,plant-profile-003426,クロマメノキ,Vaccinium uliginosum,ツツジ科,ERICACEAE,142,,日本の野生植物 第2巻,142,Cached OCR page should exist,The profile points to a page that is not present in the OCR cache.,
72,ocr_page_missing,profile_candidate,plant-profile-003262,クロミノサワフタギ,Symploeos tanakana,ハイノキ科,SYMPLOCACEAE,125,,日本の野生植物 第2巻,125,Cached OCR page should exist,The profile points to a page that is not present in the OCR cache.,
72,ocr_page_missing,profile_candidate,plant-profile-003263,クロミノニシゴリ,Symplocos paniculata,ハイノキ科,SYMPLOCACEAE,125,,日本の野生植物 第2巻,125,Cached OCR page should exist,The profile points to a page that is not present in the OCR cache.,
72,ocr_page_missing,profile_candidate,plant-profile-003808,クワガタソウ,Veronica miqueliana,オオバコ科,PLANTAGINACEAE,190,378,日本の野生植物 第2巻,190,Cached OCR page should exist,The profile points to a page that is not present in the OCR cache.,
72,ocr_page_missing,profile_candidate,plant-profile-002650,グンナイフウロ,Geranium onoei,フウロソウ科,GERANIACEAE,39,,日本の野生植物 第2巻,39,Cached OCR page should exist,The profile points to a page that is not present in the OCR cache.,
72,ocr_page_missing,profile_candidate,plant-profile-003809,グンバイヅル,Veronica onoei,オオバコ科,PLANTAGINACEAE,190,378,日本の野生植物 第2巻,190,Cached OCR page should exist,The profile points to a page that is not present in the OCR cache.,
72,ocr_page_missing,profile_candidate,plant-profile-002902,グンバイナズナ,Thlaspi arvense,アブラナ科,BRASSICACEAE,78,,日本の野生植物 第2巻,78,Cached OCR page should exist,The profile points to a page that is not present in the OCR cache.,
72,ocr_page_missing,profile_candidate,plant-profile-003628,グンバイヒルガオ,Ipomoea pes-caprae,ヒルガオ科,CONVOLVULACEAE,167,332,日本の野生植物 第2巻,167,Cached OCR page should exist,The profile points to a page that is not present in the OCR cache.,
72,ocr_page_missing,profile_candidate,plant-profile-003735,ケアオダモ,Fraxinus lanuginosa f. lanuginosa,モクセイ科,OLEACEAE,180,359,日本の野生植物 第2巻,180,Cached OCR page should exist,The profile points to a page that is not present in the OCR cache.,
72,ocr_page_missing,profile_candidate,plant-profile-003679,ケイヌホオズキ,Solanum sarrachoides,ナス科,SOLANACEAE,172,,日本の野生植物 第2巻,172,Cached OCR page should exist,The profile points to a page that is not present in the OCR cache.,
72,ocr_page_missing,profile_candidate,plant-profile-003071,ケイノコヅチ,Achyranthes aspera,ヒユ科,AMARANTHACEAE,99,196,日本の野生植物 第2巻,99,Cached OCR page should exist,The profile points to a page that is not present in the OCR cache.,
72,ocr_page_missing,profile_candidate,plant-profile-003857,ケウリクサ,Vandellia viseosa,アゼナ科,LINDERNIACEAE,195,,日本の野生植物 第2巻,195,Cached OCR page should exist,The profile points to a page that is not present in the OCR cache.,
72,ocr_page_missing,profile_candidate,plant-profile-002693,ケゴンアカバナ,Epilobium amurense,アカバナ科,ONAGRACEAE,44,,日本の野生植物 第2巻,44,Cached OCR page should exist,The profile points to a page that is not present in the OCR cache.,
72,ocr_page_missing,profile_candidate,plant-profile-003994,ケサヤバナ,Plectranthus formosanus,シソ科,LAMIACEAE,213,,日本の野生植物 第2巻,213,Cached OCR page should exist,The profile points to a page that is not present in the OCR cache.,
72,ocr_page_missing,profile_candidate,plant-profile-002509,ケショウヤナギ,Salix arbutifolia,ヤナギ科,SALICACEAE,23,,日本の野生植物 第2巻,23,Cached OCR page should exist,The profile points to a page that is not present in the OCR cache.,
72,ocr_page_missing,profile_candidate,plant-profile-004581,ケショウヨモギ,Artemisia codonoeephala,キク科,ASTERACEAE,281,,日本の野生植物 第2巻,281,Cached OCR page should exist,The profile points to a page that is not present in the OCR cache.,
72,ocr_page_missing,profile_candidate,plant-profile-004523,ケシロヨメナ,,,,276,550,日本の野生植物 第2巻,276,Cached OCR page should exist,The profile points to a page that is not present in the OCR cache.,
72,ocr_page_missing,profile_candidate,plant-profile-003476,ケシンテンルリミノキ,Lasianthus curtisii,アカネ科,RUBIACEAE,149,,日本の野生植物 第2巻,149,Cached OCR page should exist,The profile points to a page that is not present in the OCR cache.,
72,ocr_page_missing,profile_candidate,plant-profile-002955,ケタデ,Persicaria barbata,タデ科,POLYGONACEAE,87,,日本の野生植物 第2巻,87,Cached OCR page should exist,The profile points to a page that is not present in the OCR cache.,
72,ocr_page_missing,profile_candidate,plant-profile-004737,ケチドメグサ,Hydrocotyle dichondrioides,ウコギ科,ARALIACEAE,299,,日本の野生植物 第2巻,299,Cached OCR page should exist,The profile points to a page that is not present in the OCR cache.,
72,ocr_page_missing,profile_candidate,plant-profile-003652,ケチョウセンアサガオ,Datura wrightii,ナス科,SOLANACEAE,169,,日本の野生植物 第2巻,169,Cached OCR page should exist,The profile points to a page that is not present in the OCR cache.,
72,ocr_page_missing,profile_candidate,plant-profile-003582,ケテイカカズラ,Trachelospermum jasminoides,キョウチクトウ科,APOCYNACEAE,161,,日本の野生植物 第2巻,161,Cached OCR page should exist,The profile points to a page that is not present in the OCR cache.,
72,ocr_page_missing,profile_candidate,plant-profile-003180,ケナガエサカキ,Adinandra yaeyamensis,サカキ科,PENTAPHYLACACEAE,115,,日本の野生植物 第2巻,115,Cached OCR page should exist,The profile points to a page that is not present in the OCR cache.,
72,ocr_page_missing,profile_candidate,plant-profile-003497,ケニオイグサ,Oldenlandia tenelinora,アカネ科,RUBIACEAE,151,,日本の野生植物 第2巻,151,Cached OCR page should exist,The profile points to a page that is not present in the OCR cache.,
72,ocr_page_missing,profile_candidate,plant-profile-002676,ケミヤマタニタデ,,,,43,85,日本の野生植物 第2巻,43,Cached OCR page should exist,The profile points to a page that is not present in the OCR cache.,
72,ocr_page_missing,profile_candidate,plant-profile-004723,ケヤマウコギ,Eleutherococeus divaricatus,ウコギ科,ARALIACEAE,297,,日本の野生植物 第2巻,297,Cached OCR page should exist,The profile points to a page that is not present in the OCR cache.,
72,ocr_page_missing,profile_candidate,plant-profile-004850,ケヨノミ,Lonicera caerulea,スイカズラ科,CAPRIFOLIACEAE,313,,日本の野生植物 第2巻,313,Cached OCR page should exist,The profile points to a page that is not present in the OCR cache.,
72,ocr_page_missing,profile_candidate,plant-profile-003338,ケラマツツジ,Rhododendron scabrum,ツツジ科,ERICACEAE,136,271,日本の野生植物 第2巻,136,Cached OCR page should exist,The profile points to a page that is not present in the OCR cache.,
72,ocr_page_missing,profile_candidate,plant-profile-003730,ケルリソウ,Trigonotis radicans,ムラサキ科,BORAGINACEAE,179,,日本の野生植物 第2巻,179,Cached OCR page should exist,The profile points to a page that is not present in the OCR cache.,
72,ocr_page_missing,profile_candidate,plant-profile-004267,ゲイホクアザミ,Cirsium akimontamum,キク科,ASTERACEAE,251,,日本の野生植物 第2巻,251,Cached OCR page should exist,The profile points to a page that is not present in the OCR cache.,
72,ocr_page_missing,profile_candidate,plant-profile-002775,ゲッキツ,Murraya paniculata,ミカン科,RUTACEAE,56,,日本の野生植物 第2巻,56,Cached OCR page should exist,The profile points to a page that is not present in the OCR cache.,
72,ocr_page_missing,profile_candidate,plant-profile-003327,ゲンカイツツジ,Rhododendron mueronulafum,ツツジ科,ERICACEAE,135,,日本の野生植物 第2巻,135,Cached OCR page should exist,The profile points to a page that is not present in the OCR cache.,
72,ocr_page_missing,profile_candidate,plant-profile-002554,ゲンジスミレ,Viola variegata,スミレ科,VIOLACEAE,30,58,日本の野生植物 第2巻,30,Cached OCR page should exist,The profile points to a page that is not present in the OCR cache.,
72,ocr_page_missing,profile_candidate,plant-profile-002643,ゲンノショウコ,Geranium thunbergii,フウロソウ科,GERANIACEAE,39,76,日本の野生植物 第2巻,39,Cached OCR page should exist,The profile points to a page that is not present in the OCR cache.,
72,ocr_page_missing,profile_candidate,plant-profile-003097,コアカザ,Chenopodium ficifolium,ヒユ科,AMARANTHACEAE,102,,日本の野生植物 第2巻,102,Cached OCR page should exist,The profile points to a page that is not present in the OCR cache.,
72,ocr_page_missing,profile_candidate,plant-profile-003159,コアジサイ,Hortensia hirta,アジサイ科,HYDRANGEACEAE,112,222,日本の野生植物 第2巻,112,Cached OCR page should exist,The profile points to a page that is not present in the OCR cache.,
72,ocr_page_missing,profile_candidate,plant-profile-003397,コアブラツツジ,Eakianthus nudipes,ツツジ科,ERICACEAE,139,,日本の野生植物 第2巻,139,Cached OCR page should exist,The profile points to a page that is not present in the OCR cache.,
72,ocr_page_missing,profile_candidate,plant-profile-003567,コイケマ,Cynanchum wilfordii,キョウチクトウ科,APOCYNACEAE,160,318,日本の野生植物 第2巻,160,Cached OCR page should exist,The profile points to a page that is not present in the OCR cache.,
72,ocr_page_missing,profile_candidate,plant-profile-003308,コイチヤクソウ,Orthilia secunda,ツツジ科,ERICACEAE,132,262,日本の野生植物 第2巻,132,Cached OCR page should exist,The profile points to a page that is not present in the OCR cache.,
72,ocr_page_missing,profile_candidate,plant-profile-002893,コイヌガラシ,Rorippa cantoniensis (Lour.) Ohwi,アブラナ科,BRASSICACEAE,77,152,日本の野生植物 第2巻,77,Cached OCR page should exist,The profile points to a page that is not present in the OCR cache.,
72,ocr_page_missing,profile_candidate,plant-profile-004273,コイブキアザミ,Cirsium confertissimum,キク科,ASTERACEAE,252,502,日本の野生植物 第2巻,252,Cached OCR page should exist,The profile points to a page that is not present in the OCR cache.,
72,ocr_page_missing,profile_candidate,plant-profile-003240,コイワザクラ,Primula reinii,サクラソウ科,PRIMULACEAE,122,,日本の野生植物 第2巻,122,Cached OCR page should exist,The profile points to a page that is not present in the OCR cache.,
72,ocr_page_missing,profile_candidate,plant-profile-004851,コウグイスカグラ,Lonicera ramosissima,スイカズラ科,CAPRIFOLIACEAE,313,,日本の野生植物 第2巻,313,Cached OCR page should exist,The profile points to a page that is not present in the OCR cache.,
72,ocr_page_missing,profile_candidate,plant-profile-004342,コウシュウヒゴタイ,Saussurea amabilis,キク科,ASTERACEAE,257,513,日本の野生植物 第2巻,257,Cached OCR page should exist,The profile points to a page that is not present in the OCR cache.,
72,ocr_page_missing,profile_candidate,plant-profile-002492,コウシュンカズラ,Tristellateia australasiae,キントラノオ科,MALPIGHIACEAE,17,,日本の野生植物 第2巻,17,Cached OCR page should exist,The profile points to a page that is not present in the OCR cache.,
72,ocr_page_missing,profile_candidate,plant-profile-004058,コウシンソウ,Pinguicula ramosa,タヌキモ科,LENTIBULARIACEAE,222,,日本の野生植物 第2巻,222,Cached OCR page should exist,The profile points to a page that is not present in the OCR cache.,
72,ocr_page_missing,profile_candidate,plant-profile-004352,コウシンヒゴタイ,Saussurea pseudosagitta,キク科,ASTERACEAE,257,,日本の野生植物 第2巻,257,Cached OCR page should exist,The profile points to a page that is not present in the OCR cache.,
72,ocr_page_missing,profile_candidate,plant-profile-004412,コウゾリナ,Picris hieracioides,キク科,ASTERACEAE,263,525,日本の野生植物 第2巻,263,Cached OCR page should exist,The profile points to a page that is not present in the OCR cache.,
72,ocr_page_missing,profile_candidate,plant-profile-003146,コウツギ,Deutzia floribunda,アジサイ科,HYDRANGEACEAE,110,219,日本の野生植物 第2巻,110,Cached OCR page should exist,The profile points to a page that is not present in the OCR cache.,
72,ocr_page_missing,profile_candidate,plant-profile-004482,コウモリソウ,Parasenecio maximowiczianus,キク科,ASTERACEAE,272,,日本の野生植物 第2巻,272,Cached OCR page should exist,The profile points to a page that is not present in the OCR cache.,
72,ocr_page_missing,profile_candidate,plant-profile-004172,コウヤボウキ,Pertya seandens,キク科,ASTERACEAE,242,,日本の野生植物 第2巻,242,Cached OCR page should exist,The profile points to a page that is not present in the OCR cache.,
72,ocr_page_missing,profile_candidate,plant-profile-004497,コウリンカ,Tephroseris flammea subsp. glabrifolia,キク科,ASTERACEAE,274,546,日本の野生植物 第2巻,274,Cached OCR page should exist,The profile points to a page that is not present in the OCR cache.,
72,ocr_page_missing,profile_candidate,plant-profile-004496,コウリンギク,Seneeio argunensis,キク科,ASTERACEAE,273,,日本の野生植物 第2巻,273,Cached OCR page should exist,The profile points to a page that is not present in the OCR cache.,
72,ocr_page_missing,profile_candidate,plant-profile-002632,コオトギリ,Hypericum hakonense,オトギリソウ科,HYPERICACEAE,37,,日本の野生植物 第2巻,37,Cached OCR page should exist,The profile points to a page that is not present in the OCR cache.,
72,ocr_page_missing,profile_candidate,plant-profile-004411,コオニタビラコ,Lapsanastrum apogonoides,キク科,ASTERACEAE,263,524,日本の野生植物 第2巻,263,Cached OCR page should exist,The profile points to a page that is not present in the OCR cache.,
72,ocr_page_missing,profile_candidate,plant-profile-003605,コカモメヅル,Vincetoxicum floribundum,キョウチクトウ科,APOCYNACEAE,163,,日本の野生植物 第2巻,163,Cached OCR page should exist,The profile points to a page that is not present in the OCR cache.,
72,ocr_page_missing,profile_candidate,plant-profile-002787,コカラスザンショウ,Zanthoxylum fauriei,ミカン科,RUTACEAE,58,114,日本の野生植物 第2巻,58,Cached OCR page should exist,The profile points to a page that is not present in the OCR cache.,
72,ocr_page_missing,profile_candidate,plant-profile-003166,コガクウツギ,Hortensia luteovenosa,アジサイ科,HYDRANGEACEAE,112,,日本の野生植物 第2巻,112,Cached OCR page should exist,The profile points to a page that is not present in the OCR cache.,
72,ocr_page_missing,profile_candidate,plant-profile-002992,コガネギシギシ,Rumex maritimus,タデ科,POLYGONACEAE,90,,日本の野生植物 第2巻,90,Cached OCR page should exist,The profile points to a page that is not present in the OCR cache.,
72,ocr_page_missing,profile_candidate,plant-profile-002834,コガンピ,Diplomorpha gaapi,ジンチョウゲ科,THYMELAEACEAE,66,130,日本の野生植物 第2巻,66,Cached OCR page should exist,The profile points to a page that is not present in the OCR cache.,
72,ocr_page_missing,profile_candidate,plant-profile-003791,コキクモ,Limnophila indiea,オオバコ科,PLANTAGINACEAE,187,,日本の野生植物 第2巻,187,Cached OCR page should exist,The profile points to a page that is not present in the OCR cache.,
72,ocr_page_missing,profile_candidate,plant-profile-002993,コギシギシ,Rumex dentatus,タデ科,POLYGONACEAE,90,,日本の野生植物 第2巻,90,Cached OCR page should exist,The profile points to a page that is not present in the OCR cache.,
72,ocr_page_missing,profile_candidate,plant-profile-002776,コクサギ,Orixa japonica,ミカン科,RUTACEAE,56,,日本の野生植物 第2巻,56,Cached OCR page should exist,The profile points to a page that is not present in the OCR cache.,
72,ocr_page_missing,profile_candidate,plant-profile-002608,コケオトギリ,Hyperieum laxum,オトギリソウ科,HYPERICACEAE,36,,日本の野生植物 第2巻,36,Cached OCR page should exist,The profile points to a page that is not present in the OCR cache.,
72,ocr_page_missing,profile_candidate,plant-profile-004012,コケコゴメグサ,Euphrasia kisoalpina,ハマウツボ科,OROBANCHACEAE,217,,日本の野生植物 第2巻,217,Cached OCR page should exist,The profile points to a page that is not present in the OCR cache.,
72,ocr_page_missing,profile_candidate,plant-profile-004556,コケセンボンギク,Lagenophora lanata,キク科,ASTERACEAE,278,,日本の野生植物 第2巻,278,Cached OCR page should exist,The profile points to a page that is not present in the OCR cache.,
72,ocr_page_missing,profile_candidate,plant-profile-003427,コケモモ,Vaccinium vitis-idaea,ツツジ科,ERICACEAE,142,,日本の野生植物 第2巻,142,Cached OCR page should exist,The profile points to a page that is not present in the OCR cache.,
72,ocr_page_missing,profile_candidate,plant-profile-003530,コケリンドウ,Gentiana squarrosa,アカネ科,RUBIACEAE,155,,日本の野生植物 第2巻,155,Cached OCR page should exist,The profile points to a page that is not present in the OCR cache.,
72,ocr_page_missing,profile_candidate,plant-profile-004688,コゴメギク,Galinsoga parvillora,キク科,ASTERACEAE,293,,日本の野生植物 第2巻,293,Cached OCR page should exist,The profile points to a page that is not present in the OCR cache.,
72,ocr_page_missing,profile_candidate,plant-profile-004718,コシアブラ,Chengiopanax sciadophylloides,ウコギ科,ARALIACEAE,297,592,日本の野生植物 第2巻,297,Cached OCR page should exist,The profile points to a page that is not present in the OCR cache.,
72,ocr_page_missing,profile_candidate,plant-profile-004054,コシオガマ,Phtheirospermum japonieum,ハマウツボ科,OROBANCHACEAE,221,,日本の野生植物 第2巻,221,Cached OCR page should exist,The profile points to a page that is not present in the OCR cache.,
72,ocr_page_missing,profile_candidate,plant-profile-004612,コシカギク,Matricaria matricarioides,キク科,ASTERACEAE,284,566,日本の野生植物 第2巻,284,Cached OCR page should exist,The profile points to a page that is not present in the OCR cache.,
72,ocr_page_missing,profile_candidate,plant-profile-004524,コシキギク,Aster koshikiensis,キク科,ASTERACEAE,276,550,日本の野生植物 第2巻,276,Cached OCR page should exist,The profile points to a page that is not present in the OCR cache.,
72,ocr_page_missing,profile_candidate,plant-profile-002829,コショウノキ,Daphne kiusiana,ジンチョウゲ科,THYMELAEACEAE,65,,日本の野生植物 第2巻,65,Cached OCR page should exist,The profile points to a page that is not present in the OCR cache.,
72,ocr_page_missing,profile_candidate,plant-profile-003964,コシロネ,Lycopus cavaleriei,シソ科,LAMIACEAE,210,,日本の野生植物 第2巻,210,Cached OCR page should exist,The profile points to a page that is not present in the OCR cache.,
72,ocr_page_missing,profile_candidate,plant-profile-004394,コスギニガナ,Ixeridium yakuinsulare,キク科,ASTERACEAE,261,,日本の野生植物 第2巻,261,Cached OCR page should exist,The profile points to a page that is not present in the OCR cache.,
72,ocr_page_missing,profile_candidate,plant-profile-002555,コスミレ,Viola japonica,スミレ科,VIOLACEAE,30,58,日本の野生植物 第2巻,30,Cached OCR page should exist,The profile points to a page that is not present in the OCR cache.,
72,ocr_page_missing,profile_candidate,plant-profile-004660,コセンダングサ,Bidens pilosa,キク科,ASTERACEAE,290,,日本の野生植物 第2巻,290,Cached OCR page should exist,The profile points to a page that is not present in the OCR cache.,
72,ocr_page_missing,profile_candidate,plant-profile-004059,コタヌキモ,Utricularia intermedia,タヌキモ科,LENTIBULARIACEAE,222,,日本の野生植物 第2巻,222,Cached OCR page should exist,The profile points to a page that is not present in the OCR cache.,
72,ocr_page_missing,profile_candidate,plant-profile-004080,コダチスズムシソウ,Strobilanthes glandulifera,キツネノマゴ科,ACANTHACEAE,225,449,日本の野生植物 第2巻,225,Cached OCR page should exist,The profile points to a page that is not present in the OCR cache.,
72,ocr_page_missing,profile_candidate,plant-profile-004835,コツクバネウツギ,Abelia serrata,スイカズラ科,CAPRIFOLIACEAE,311,,日本の野生植物 第2巻,311,Cached OCR page should exist,The profile points to a page that is not present in the OCR cache.,
72,ocr_page_missing,profile_candidate,plant-profile-003213,コツマトリソウ,,,,120,239,日本の野生植物 第2巻,120,Cached OCR page should exist,The profile points to a page that is not present in the OCR cache.,
72,ocr_page_missing,profile_candidate,plant-profile-004689,コトブキギク,Tridax procumbens,キク科,ASTERACEAE,293,,日本の野生植物 第2巻,293,Cached OCR page should exist,The profile points to a page that is not present in the OCR cache.,
72,ocr_page_missing,profile_candidate,plant-profile-003214,コナスビ,Lysimachia japoniea,サクラソウ科,PRIMULACEAE,120,239,日本の野生植物 第2巻,120,Cached OCR page should exist,The profile points to a page that is not present in the OCR cache.,
72,ocr_page_missing,profile_candidate,plant-profile-003906,コナミキ,Seutellaria guilielmii,シソ科,LAMIACEAE,202,,日本の野生植物 第2巻,202,Cached OCR page should exist,The profile points to a page that is not present in the OCR cache.,
72,ocr_page_missing,profile_candidate,plant-profile-003282,コニシハイノキ,Symploeos konishii,ハイノキ科,SYMPLOCACEAE,126,,日本の野生植物 第2巻,126,Cached OCR page should exist,The profile points to a page that is not present in the OCR cache.,
72,ocr_page_missing,profile_candidate,plant-profile-002738,コハウチワカエデ,Acer sieboldianum,ムクロジ科,SAPINDACEAE,52,103,日本の野生植物 第2巻,52,Cached OCR page should exist,The profile points to a page that is not present in the OCR cache.,
72,ocr_page_missing,profile_candidate,plant-profile-003292,コハクウンボク,Styrax shiraianus,エゴノキ科,STYRACACEAE,128,254,日本の野生植物 第2巻,128,Cached OCR page should exist,The profile points to a page that is not present in the OCR cache.,
72,ocr_page_missing,profile_candidate,plant-profile-003055,コハコベ,Stellaria media,ナデシコ科,CARYOPHYLLACEAE,97,192,日本の野生植物 第2巻,97,Cached OCR page should exist,The profile points to a page that is not present in the OCR cache.,
72,ocr_page_missing,profile_candidate,plant-profile-004605,コハマギク,Chrysanthemum yezoense,キク科,ASTERACEAE,283,,日本の野生植物 第2巻,283,Cached OCR page should exist,The profile points to a page that is not present in the OCR cache.,
72,ocr_page_missing,profile_candidate,plant-profile-003836,コハマジンチョウ,Myoporum boninense,ゴマノハグサ科,SCROPHULARIACEAE,192,,日本の野生植物 第2巻,192,Cached OCR page should exist,The profile points to a page that is not present in the OCR cache.,
72,ocr_page_missing,profile_candidate,plant-profile-004704,コバトベラ,Pittosporum parvifolium,トベラ科,PITTOSPORACEAE,295,589,日本の野生植物 第2巻,295,Cached OCR page should exist,The profile points to a page that is not present in the OCR cache.,
72,ocr_page_missing,profile_candidate,plant-profile-004242,コバナアザミ,Cirsium boreale,キク科,ASTERACEAE,250,,日本の野生植物 第2巻,250,Cached OCR page should exist,The profile points to a page that is not present in the OCR cache.,
72,ocr_page_missing,profile_candidate,plant-profile-004652,コバナガンクビソウ,Carpesium faberi,キク科,ASTERACEAE,289,,日本の野生植物 第2巻,289,Cached OCR page should exist,The profile points to a page that is not present in the OCR cache.,
72,ocr_page_missing,profile_candidate,plant-profile-003849,コバナツルウリクサ,Torenia asiatica,アゼナ科,LINDERNIACEAE,194,387,日本の野生植物 第2巻,194,Cached OCR page should exist,The profile points to a page that is not present in the OCR cache.,
72,ocr_page_missing,profile_candidate,plant-profile-004475,コバナノコウモリソウ,Parasenecio chokaiensis,キク科,ASTERACEAE,272,543,日本の野生植物 第2巻,272,Cached OCR page should exist,The profile points to a page that is not present in the OCR cache.,
72,ocr_page_missing,profile_candidate,plant-profile-003313,コバノイチヤクソウ,Pyrola alpina,ツツジ科,ERICACEAE,132,,日本の野生植物 第2巻,132,Cached OCR page should exist,The profile points to a page that is not present in the OCR cache.,
72,ocr_page_missing,profile_candidate,plant-profile-002889,コバノオランダガラシ,,,,76,151,日本の野生植物 第2巻,76,Cached OCR page should exist,The profile points to a page that is not present in the OCR cache.,
72,ocr_page_missing,profile_candidate,plant-profile-003606,コバノカモメヅル,Vincetoxicum sublanceolatum,キョウチクトウ科,APOCYNACEAE,163,,日本の野生植物 第2巻,163,Cached OCR page should exist,The profile points to a page that is not present in the OCR cache.,
72,ocr_page_missing,profile_candidate,plant-profile-004826,コバノガマズミ,Viburnum erosum var. erosum,ガマズミ科,VIBURNACEAE,310,618,日本の野生植物 第2巻,310,Cached OCR page should exist,The profile points to a page that is not present in the OCR cache.,
72,ocr_page_missing,profile_candidate,plant-profile-004009,コバノコゴメグサ,Euphrasia matsumurae,ハマウツボ科,OROBANCHACEAE,217,433,日本の野生植物 第2巻,217,Cached OCR page should exist,The profile points to a page that is not present in the OCR cache.,
72,ocr_page_missing,profile_candidate,plant-profile-004657,コバノセンダングサ,Bidens bipinnata,キク科,ASTERACEAE,290,579,日本の野生植物 第2巻,290,Cached OCR page should exist,The profile points to a page that is not present in the OCR cache.,
72,ocr_page_missing,profile_candidate,plant-profile-003382,コバノミツバツツジ,Rhododendron reticulatum,ツツジ科,ERICACEAE,138,,日本の野生植物 第2巻,138,Cached OCR page should exist,The profile points to a page that is not present in the OCR cache.,
72,ocr_page_missing,profile_candidate,plant-profile-003010,コバノミミナグサ,Cerastium ibukiense,ナデシコ科,CARYOPHYLLACEAE,92,,日本の野生植物 第2巻,92,Cached OCR page should exist,The profile points to a page that is not present in the OCR cache.,
72,ocr_page_missing,profile_candidate,plant-profile-002713,コバノミヤマノボタン,Bredia okinawensis,ノボタン科,MELASTOMATACEAE,48,94,日本の野生植物 第2巻,48,Cached OCR page should exist,The profile points to a page that is not present in the OCR cache.,
72,ocr_page_missing,profile_candidate,plant-profile-003441,コバンムグラ,Exallage chrysotricha,アカネ科,RUBIACEAE,146,,日本の野生植物 第2巻,146,Cached OCR page should exist,The profile points to a page that is not present in the OCR cache.,
72,ocr_page_missing,profile_candidate,plant-profile-003612,コヒルガオ,Calystegia hederacea,ヒルガオ科,CONVOLVULACEAE,165,328,日本の野生植物 第2巻,165,Cached OCR page should exist,The profile points to a page that is not present in the OCR cache.,
72,ocr_page_missing,profile_candidate,plant-profile-002651,コフウロ,Geranium triparfitum,フウロソウ科,GERANIACEAE,39,,日本の野生植物 第2巻,39,Cached OCR page should exist,The profile points to a page that is not present in the OCR cache.,
72,ocr_page_missing,profile_candidate,plant-profile-003833,コフジウツギ,Buddleja curviflora,ゴマノハグサ科,SCROPHULARIACEAE,192,382,日本の野生植物 第2巻,192,Cached OCR page should exist,The profile points to a page that is not present in the OCR cache.,
72,ocr_page_missing,profile_candidate,plant-profile-004376,コヘラナレン,Crepidiastrum grandicollum,キク科,ASTERACEAE,260,518,日本の野生植物 第2巻,260,Cached OCR page should exist,The profile points to a page that is not present in the OCR cache.,
72,ocr_page_missing,profile_candidate,plant-profile-002525,コマイワヤナギ,Salix rupifraga,ヤナギ科,SALICACEAE,24,,日本の野生植物 第2巻,24,Cached OCR page should exist,The profile points to a page that is not present in the OCR cache.,
72,ocr_page_missing,profile_candidate,plant-profile-004628,コマウスユキソウ,Leontopodium shinanense,キク科,ASTERACEAE,287,572,日本の野生植物 第2巻,287,Cached OCR page should exist,The profile points to a page that is not present in the OCR cache.,
72,ocr_page_missing,profile_candidate,plant-profile-002704,コマツヨイグサ,Oenothera laciniata,アカバナ科,ONAGRACEAE,46,,日本の野生植物 第2巻,46,Cached OCR page should exist,The profile points to a page that is not present in the OCR cache.,
72,ocr_page_missing,profile_candidate,plant-profile-002942,コミゾソバ,,,,87,172,日本の野生植物 第2巻,87,Cached OCR page should exist,The profile points to a page that is not present in the OCR cache.,
72,ocr_page_missing,profile_candidate,plant-profile-002753,コミネカエデ,Acer mieranthum,ムクロジ科,SAPINDACEAE,53,,日本の野生植物 第2巻,53,Cached OCR page should exist,The profile points to a page that is not present in the OCR cache.,
72,ocr_page_missing,profile_candidate,plant-profile-003150,コミノヒメウツギ,Deutzia hatusimae,アジサイ科,HYDRANGEACEAE,110,,日本の野生植物 第2巻,110,Cached OCR page should exist,The profile points to a page that is not present in the OCR cache.,
72,ocr_page_missing,profile_candidate,plant-profile-002568,コミヤマスミレ,Viola maximnowieziana,スミレ科,VIOLACEAE,30,,日本の野生植物 第2巻,30,Cached OCR page should exist,The profile points to a page that is not present in the OCR cache.,
72,ocr_page_missing,profile_candidate,plant-profile-003872,コムラサキ,Callicarpa dichotoma,シソ科,LAMIACEAE,198,,日本の野生植物 第2巻,198,Cached OCR page should exist,The profile points to a page that is not present in the OCR cache.,
72,ocr_page_missing,profile_candidate,plant-profile-003346,コメツツジ,Rhododendron tschonoskii,ツツジ科,ERICACEAE,136,,日本の野生植物 第2巻,136,Cached OCR page should exist,The profile points to a page that is not present in the OCR cache.,
72,ocr_page_missing,profile_candidate,plant-profile-004690,コメナモミ,Sigesbeckia glabrescens,キク科,ASTERACEAE,293,,日本の野生植物 第2巻,293,Cached OCR page should exist,The profile points to a page that is not present in the OCR cache.,
72,ocr_page_missing,profile_candidate,plant-profile-003395,コメバツガザクラ,Arcterica nana,ツツジ科,ERICACEAE,139,277,日本の野生植物 第2巻,139,Cached OCR page should exist,The profile points to a page that is not present in the OCR cache.,
72,ocr_page_missing,profile_candidate,plant-profile-002994,コモウセンゴケ,Drosera spatulata,タデ科,POLYGONACEAE,90,,日本の野生植物 第2巻,90,Cached OCR page should exist,The profile points to a page that is not present in the OCR cache.,
72,ocr_page_missing,profile_candidate,plant-profile-004512,コモノギク,Aster komonoensis,キク科,ASTERACEAE,275,,日本の野生植物 第2巻,275,Cached OCR page should exist,The profile points to a page that is not present in the OCR cache.,
72,ocr_page_missing,profile_candidate,plant-profile-004705,コヤスノキ,Pittosporum illicioides,トベラ科,PITTOSPORACEAE,295,589,日本の野生植物 第2巻,295,Cached OCR page should exist,The profile points to a page that is not present in the OCR cache.,
72,ocr_page_missing,profile_candidate,plant-profile-004648,コヤブタバコ,Carpesium cermuum,キク科,ASTERACEAE,289,576,日本の野生植物 第2巻,289,Cached OCR page should exist,The profile points to a page that is not present in the OCR cache.,
72,ocr_page_missing,profile_candidate,plant-profile-004491,コヤブレガサ,Syneilesis aconitifolia,キク科,ASTERACEAE,273,545,日本の野生植物 第2巻,273,Cached OCR page should exist,The profile points to a page that is not present in the OCR cache.,
72,ocr_page_missing,profile_candidate,plant-profile-003340,コヨウラクツツジ,Rhododendron pentandrum,ツツジ科,ERICACEAE,136,271,日本の野生植物 第2巻,136,Cached OCR page should exist,The profile points to a page that is not present in the OCR cache.,
72,ocr_page_missing,profile_candidate,plant-profile-004508,コヨメナ,Aster indicus,キク科,ASTERACEAE,275,549,日本の野生植物 第2巻,275,Cached OCR page should exist,The profile points to a page that is not present in the OCR cache.,
72,ocr_page_missing,profile_candidate,plant-profile-002517,コリヤナギ,Salix koriyanagi,ヤナギ科,SALICACEAE,24,46,日本の野生植物 第2巻,24,Cached OCR page should exist,The profile points to a page that is not present in the OCR cache.,
72,ocr_page_missing,profile_candidate,plant-profile-004326,コンセントウヒレン,Saussurea hamanakaensis,キク科,ASTERACEAE,256,,日本の野生植物 第2巻,256,Cached OCR page should exist,The profile points to a page that is not present in the OCR cache.,
72,ocr_page_missing,profile_candidate,plant-profile-002824,コンペイトウグサ,Triumfetta repens,アオイ科,MALVACEAE,64,,日本の野生植物 第2巻,64,Cached OCR page should exist,The profile points to a page that is not present in the OCR cache.,
72,ocr_page_missing,profile_candidate,plant-profile-003484,コンロンカ,Mussaenda parviflora,アカネ科,RUBIACEAE,150,299,日本の野生植物 第2巻,150,Cached OCR page should exist,The profile points to a page that is not present in the OCR cache.,
72,ocr_page_missing,profile_candidate,plant-profile-002864,コンロンソウ,Cardamine leucantha,アブラナ科,BRASSICACEAE,73,,日本の野生植物 第2巻,73,Cached OCR page should exist,The profile points to a page that is not present in the OCR cache.,
72,ocr_page_missing,profile_candidate,plant-profile-002784,ゴシュユ,Tetradium ruticarpum,ミカン科,RUTACEAE,57,,日本の野生植物 第2巻,57,Cached OCR page should exist,The profile points to a page that is not present in the OCR cache.,
72,ocr_page_missing,profile_candidate,plant-profile-003127,ゴゼンタチバナ,Cornus canadensis,ミズキ科,CORNACEAE,108,214,日本の野生植物 第2巻,108,Cached OCR page should exist,The profile points to a page that is not present in the OCR cache.,
72,ocr_page_missing,profile_candidate,plant-profile-003181,ゴバンノアシ,Barringtonia asiatica,サガリバナ科,LECYTHIDACEAE,115,,日本の野生植物 第2巻,115,Cached OCR page should exist,The profile points to a page that is not present in the OCR cache.,
72,ocr_page_missing,profile_candidate,plant-profile-004820,ゴマキ,Viburnum sieboldii var. sieboldii,ガマズミ科,VIBURNACEAE,309,617,日本の野生植物 第2巻,309,Cached OCR page should exist,The profile points to a page that is not present in the OCR cache.,
72,ocr_page_missing,profile_candidate,plant-profile-004013,ゴマクサ,Centranthera cochinchinensis,ハマウツボ科,OROBANCHACEAE,217,,日本の野生植物 第2巻,217,Cached OCR page should exist,The profile points to a page that is not present in the OCR cache.,
72,ocr_page_missing,profile_candidate,plant-profile-004533,ゴマナ,Aster glehnii,キク科,ASTERACEAE,276,,日本の野生植物 第2巻,276,Cached OCR page should exist,The profile points to a page that is not present in the OCR cache.,
72,ocr_page_missing,profile_candidate,plant-profile-003844,ゴマノハグサ,Serophularia buergeriana,ゴマノハグサ科,SCROPHULARIACEAE,193,,日本の野生植物 第2巻,193,Cached OCR page should exist,The profile points to a page that is not present in the OCR cache.,
72,ocr_page_missing,profile_candidate,plant-profile-003590,ゴムカズラ,Urceola mierantha,キョウチクトウ科,APOCYNACEAE,162,,日本の野生植物 第2巻,162,Cached OCR page should exist,The profile points to a page that is not present in the OCR cache.,
72,ocr_page_missing,profile_candidate,plant-profile-004821,ゴモジュ,Viburnum suspensum,ガマズミ科,VIBURNACEAE,309,617,日本の野生植物 第2巻,309,Cached OCR page should exist,The profile points to a page that is not present in the OCR cache.,
72,ocr_page_missing,profile_candidate,plant-profile-003339,ゴヨウザンヨウラク,Rhododendron goyozanense,ツツジ科,ERICACEAE,136,271,日本の野生植物 第2巻,136,Cached OCR page should exist,The profile points to a page that is not present in the OCR cache.,
72,ocr_page_missing,profile_candidate,plant-profile-002721,ゴンズイ,Euseaphis japonica,ミツバウツギ科,STAPHYLEACEAE,49,,日本の野生植物 第2巻,49,Cached OCR page should exist,The profile points to a page that is not present in the OCR cache.,
72,ocr_page_missing,profile_candidate,plant-profile-003360,サイカイツツジ,,,,137,273,日本の野生植物 第2巻,137,Cached OCR page should exist,The profile points to a page that is not present in the OCR cache.,
72,ocr_page_missing,profile_candidate,plant-profile-002502,サイコクキツネヤナギ,,,,23,45,日本の野生植物 第2巻,23,Cached OCR page should exist,The profile points to a page that is not present in the OCR cache.,
72,ocr_page_missing,profile_candidate,plant-profile-003752,サイゴクイボタ,Ligustrum ibota,モクセイ科,OLEACEAE,181,,日本の野生植物 第2巻,181,Cached OCR page should exist,The profile points to a page that is not present in the OCR cache.,
72,ocr_page_missing,profile_candidate,plant-profile-003383,サイゴクミツバツツジ,Rhododendron nudipes,ツツジ科,ERICACEAE,138,,日本の野生植物 第2巻,138,Cached OCR page should exist,The profile points to a page that is not present in the OCR cache.,
72,ocr_page_missing,profile_candidate,plant-profile-003328,サカイツツジ,Rhododendron lapponicum,ツツジ科,ERICACEAE,135,,日本の野生植物 第2巻,135,Cached OCR page should exist,The profile points to a page that is not present in the OCR cache.,
72,ocr_page_missing,profile_candidate,plant-profile-003179,サカキ,Cleyera japonica,サカキ科,PENTAPHYLACACEAE,115,229,日本の野生植物 第2巻,115,Cached OCR page should exist,The profile points to a page that is not present in the OCR cache.,
72,ocr_page_missing,profile_candidate,plant-profile-003562,サカキカズラ,Anodendron affne,キョウチクトウ科,APOCYNACEAE,159,,日本の野生植物 第2巻,159,Cached OCR page should exist,The profile points to a page that is not present in the OCR cache.,
72,ocr_page_missing,profile_candidate,plant-profile-003178,サガリバナ,Barringtonia racemosa,サガリバナ科,LECYTHIDACEAE,115,228,日本の野生植物 第2巻,115,Cached OCR page should exist,The profile points to a page that is not present in the OCR cache.,
72,ocr_page_missing,profile_candidate,plant-profile-002803,サキシマスオウノキ,Heritiera littoralis,アオイ科,MALVACEAE,61,,日本の野生植物 第2巻,61,Cached OCR page should exist,The profile points to a page that is not present in the OCR cache.,
72,ocr_page_missing,profile_candidate,plant-profile-003341,サキシマツツジ,Rhododendron amanoi,ツツジ科,ERICACEAE,136,271,日本の野生植物 第2巻,136,Cached OCR page should exist,The profile points to a page that is not present in the OCR cache.,
72,ocr_page_missing,profile_candidate,plant-profile-002817,サキシマハマボウ,Thespesia populnea,アオイ科,MALVACEAE,63,,日本の野生植物 第2巻,63,Cached OCR page should exist,The profile points to a page that is not present in the OCR cache.,
72,ocr_page_missing,profile_candidate,plant-profile-003187,サキシマヒサカキ,Eurya sakishiimensis,サカキ科,PENTAPHYLACACEAE,116,,日本の野生植物 第2巻,116,Cached OCR page should exist,The profile points to a page that is not present in the OCR cache.,
72,ocr_page_missing,profile_candidate,plant-profile-002810,サキシマフヨウ,Hibiscus makinoi,アオイ科,MALVACEAE,62,,日本の野生植物 第2巻,62,Cached OCR page should exist,The profile points to a page that is not present in the OCR cache.,
72,ocr_page_missing,profile_candidate,plant-profile-003999,サギゴケ,Mazus miquelii,サギゴケ科,MAZACEAE,214,,日本の野生植物 第2巻,214,Cached OCR page should exist,The profile points to a page that is not present in the OCR cache.,
72,ocr_page_missing,profile_candidate,plant-profile-002835,サクラガンピ,Diplomorpha pauciflora (Franch. et Sav.) Nakai var. pauciflora,ジンチョウゲ科,THYMELAEACEAE,66,130,日本の野生植物 第2巻,66,Cached OCR page should exist,The profile points to a page that is not present in the OCR cache.,
72,ocr_page_missing,profile_candidate,plant-profile-002569,サクラスミレ,Viola hirtipes,スミレ科,VIOLACEAE,30,,日本の野生植物 第2巻,30,Cached OCR page should exist,The profile points to a page that is not present in the OCR cache.,
72,ocr_page_missing,profile_candidate,plant-profile-003241,サクラソウ,Primula sieboldii,サクラソウ科,PRIMULACEAE,122,,日本の野生植物 第2巻,122,Cached OCR page should exist,The profile points to a page that is not present in the OCR cache.,
72,ocr_page_missing,profile_candidate,plant-profile-003209,サクラソウモドキ,Corfusa matthioli,サクラソウ科,PRIMULACEAE,119,,日本の野生植物 第2巻,119,Cached OCR page should exist,The profile points to a page that is not present in the OCR cache.,
72,ocr_page_missing,profile_candidate,plant-profile-002956,サクラタデ,Persiearia odorata,タデ科,POLYGONACEAE,87,,日本の野生植物 第2巻,87,Cached OCR page should exist,The profile points to a page that is not present in the OCR cache.,
72,ocr_page_missing,profile_candidate,plant-profile-003361,サクラツツジ,Rhododendron tashiroi Maxim. var. tashiroi,ツツジ科,ERICACEAE,137,273,日本の野生植物 第2巻,137,Cached OCR page should exist,The profile points to a page that is not present in the OCR cache.,
72,ocr_page_missing,profile_candidate,plant-profile-003572,サクララン,Hoya carnosa,キョウチクトウ科,APOCYNACEAE,160,319,日本の野生植物 第2巻,160,Cached OCR page should exist,The profile points to a page that is not present in the OCR cache.,
72,ocr_page_missing,profile_candidate,plant-profile-004641,サケバコウゾリナ,Blumea laeiniata,キク科,ASTERACEAE,288,,日本の野生植物 第2巻,288,Cached OCR page should exist,The profile points to a page that is not present in the OCR cache.,
72,ocr_page_missing,profile_candidate,plant-profile-004707,サケバヒヨドリ,Eupatorium laeiniatum,キク科,ASTERACEAE,295,,日本の野生植物 第2巻,295,Cached OCR page should exist,The profile points to a page that is not present in the OCR cache.,
72,ocr_page_missing,profile_candidate,plant-profile-002490,ササキカズラ,Ryssopterys timoriensis,キントラノオ科,MALPIGHIACEAE,17,33,日本の野生植物 第2巻,17,Cached OCR page should exist,The profile points to a page that is not present in the OCR cache.,
72,ocr_page_missing,profile_candidate,plant-profile-003251,サザンカ,Camellia sasanqua,ツバキ科,THEACEAE,124,246,日本の野生植物 第2巻,124,Cached OCR page should exist,The profile points to a page that is not present in the OCR cache.,
72,ocr_page_missing,profile_candidate,plant-profile-004642,サジガンクビソウ,Carpesium glossophyllum,キク科,ASTERACEAE,288,,日本の野生植物 第2巻,288,Cached OCR page should exist,The profile points to a page that is not present in the OCR cache.,
72,ocr_page_missing,profile_candidate,plant-profile-003370,サツキ,Rhododendron indicum,ツツジ科,ERICACEAE,137,,日本の野生植物 第2巻,137,Cached OCR page should exist,The profile points to a page that is not present in the OCR cache.,
72,ocr_page_missing,profile_candidate,plant-profile-003842,サツキヒナノウスツボ,Scrophularia musashiensis var. musashiensis,ゴマノハグサ科,SCROPHULARIACEAE,193,384,日本の野生植物 第2巻,193,Cached OCR page should exist,The profile points to a page that is not present in the OCR cache.,
72,ocr_page_missing,profile_candidate,plant-profile-003498,サツマイナモリ,Ophiorrhiza japoniea,アカネ科,RUBIACEAE,151,,日本の野生植物 第2巻,151,Cached OCR page should exist,The profile points to a page that is not present in the OCR cache.,
72,ocr_page_missing,profile_candidate,plant-profile-004525,サツマシロギク,,,,276,550,日本の野生植物 第2巻,276,Cached OCR page should exist,The profile points to a page that is not present in the OCR cache.,
72,ocr_page_missing,profile_candidate,plant-profile-004606,サツマノギク,Chrysanthemum ornatu,キク科,ASTERACEAE,283,,日本の野生植物 第2巻,283,Cached OCR page should exist,The profile points to a page that is not present in the OCR cache.,
72,ocr_page_missing,profile_candidate,plant-profile-003607,サツマビャクゼン,Vincetoxieum doianum,キョウチクトウ科,APOCYNACEAE,163,,日本の野生植物 第2巻,163,Cached OCR page should exist,The profile points to a page that is not present in the OCR cache.,
72,ocr_page_missing,profile_candidate,plant-profile-004223,サツママアザミ,Cirsium austrokiashianum,キク科,ASTERACEAE,249,,日本の野生植物 第2巻,249,Cached OCR page should exist,The profile points to a page that is not present in the OCR cache.,
72,ocr_page_missing,profile_candidate,plant-profile-002957,サデクサ,Persicaria maackiana,タデ科,POLYGONACEAE,87,,日本の野生植物 第2巻,87,Cached OCR page should exist,The profile points to a page that is not present in the OCR cache.,
72,ocr_page_missing,profile_candidate,plant-profile-004261,サドアザミ,Cirsium sadoense,キク科,ASTERACEAE,251,501,日本の野生植物 第2巻,251,Cached OCR page should exist,The profile points to a page that is not present in the OCR cache.,
72,ocr_page_missing,profile_candidate,plant-profile-004483,サドカニコウモリ,Parasenecio sadoensis,キク科,ASTERACEAE,272,,日本の野生植物 第2巻,272,Cached OCR page should exist,The profile points to a page that is not present in the OCR cache.,
72,ocr_page_missing,profile_candidate,plant-profile-004309,サドヒゴタイ,Saussurea nakagawae,キク科,ASTERACEAE,255,509,日本の野生植物 第2巻,255,Cached OCR page should exist,The profile points to a page that is not present in the OCR cache.,
72,ocr_page_missing,profile_candidate,plant-profile-002609,サマニオトギリ,Hypericum nakai,オトギリソウ科,HYPERICACEAE,36,,日本の野生植物 第2巻,36,Cached OCR page should exist,The profile points to a page that is not present in the OCR cache.,
72,ocr_page_missing,profile_candidate,plant-profile-004582,サマニヨモギ,Artemisia aretica,キク科,ASTERACEAE,281,,日本の野生植物 第2巻,281,Cached OCR page should exist,The profile points to a page that is not present in the OCR cache.,
72,ocr_page_missing,profile_candidate,plant-profile-003392,サラサドウダン,Enkianthus campanulatus var. campanulatus,ツツジ科,ERICACEAE,139,276,日本の野生植物 第2巻,139,Cached OCR page should exist,The profile points to a page that is not present in the OCR cache.,
72,ocr_page_missing,profile_candidate,plant-profile-002785,サルカケミカン,Toddalia asiatica,ミカン科,RUTACEAE,57,,日本の野生植物 第2巻,57,Cached OCR page should exist,The profile points to a page that is not present in the OCR cache.,
72,ocr_page_missing,profile_candidate,plant-profile-003293,サルナシ,Actinidia arguta var. arguta,マタタビ科,ACTINIDIACEAE,128,255,日本の野生植物 第2巻,128,Cached OCR page should exist,The profile points to a page that is not present in the OCR cache.,
72,ocr_page_missing,profile_candidate,plant-profile-004217,サワアザミ,Cirsium yezoense,キク科,ASTERACEAE,249,497,日本の野生植物 第2巻,249,Cached OCR page should exist,The profile points to a page that is not present in the OCR cache.,
72,ocr_page_missing,profile_candidate,plant-profile-004501,サワオグルマ,Tephroseris pierotii,キク科,ASTERACEAE,274,,日本の野生植物 第2巻,274,Cached OCR page should exist,The profile points to a page that is not present in the OCR cache.,
72,ocr_page_missing,profile_candidate,plant-profile-002633,サワオトギリ,Hyperieum pseudopetiolatum,オトギリソウ科,HYPERICACEAE,37,,日本の野生植物 第2巻,37,Cached OCR page should exist,The profile points to a page that is not present in the OCR cache.,
72,ocr_page_missing,profile_candidate,plant-profile-004144,サワギキョウ,Lobelia sessilifolia,キキョウ科,CAMPANULACEAE,232,,日本の野生植物 第2巻,232,Cached OCR page should exist,The profile points to a page that is not present in the OCR cache.,
72,ocr_page_missing,profile_candidate,plant-profile-004459,サワギク,Nemosenecio nikoensis,キク科,ASTERACEAE,270,539,日本の野生植物 第2巻,270,Cached OCR page should exist,The profile points to a page that is not present in the OCR cache.,
72,ocr_page_missing,profile_candidate,plant-profile-004513,サワシロギク,Aster rugulosus,キク科,ASTERACEAE,275,,日本の野生植物 第2巻,275,Cached OCR page should exist,The profile points to a page that is not present in the OCR cache.,
72,ocr_page_missing,profile_candidate,plant-profile-003776,サワトウガラシ,Deinostema violaceum,オオバコ科,PLANTAGINACEAE,185,,日本の野生植物 第2巻,185,Cached OCR page should exist,The profile points to a page that is not present in the OCR cache.,
72,ocr_page_missing,profile_candidate,plant-profile-003230,サワトラノオ,Lysimachia leucantha,サクラソウ科,PRIMULACEAE,121,,日本の野生植物 第2巻,121,Cached OCR page should exist,The profile points to a page that is not present in the OCR cache.,
72,ocr_page_missing,profile_candidate,plant-profile-003056,サワハコベ,Stellaria diversiflora Maxim. var. diversiflora,ナデシコ科,CARYOPHYLLACEAE,97,192,日本の野生植物 第2巻,97,Cached OCR page should exist,The profile points to a page that is not present in the OCR cache.,
72,ocr_page_missing,profile_candidate,plant-profile-004696,サワヒヨドリ,Eupatorium lindleyanum,キク科,ASTERACEAE,294,,日本の野生植物 第2巻,294,Cached OCR page should exist,The profile points to a page that is not present in the OCR cache.,
72,ocr_page_missing,profile_candidate,plant-profile-003264,サワフタギ,Symplocos sawafutagi,ハイノキ科,SYMPLOCACEAE,125,,日本の野生植物 第2巻,125,Cached OCR page should exist,The profile points to a page that is not present in the OCR cache.,
72,ocr_page_missing,profile_candidate,plant-profile-003712,サワルリソウ,Ancistrocarya japonica,ムラサキ科,BORAGINACEAE,176,,日本の野生植物 第2巻,176,Cached OCR page should exist,The profile points to a page that is not present in the OCR cache.,
72,ocr_page_missing,profile_candidate,plant-profile-003820,サンインクワガタ,Veronica muratae,オオバコ科,PLANTAGINACEAE,190,,日本の野生植物 第2巻,190,Cached OCR page should exist,The profile points to a page that is not present in the OCR cache.,
72,ocr_page_missing,profile_candidate,plant-profile-003821,サンイントラノオ,Veronica ogurae,オオバコ科,PLANTAGINACEAE,190,,日本の野生植物 第2巻,190,Cached OCR page should exist,The profile points to a page that is not present in the OCR cache.,
72,ocr_page_missing,profile_candidate,plant-profile-004824,サンゴジュ,Viburnum odoratissimum,ガマズミ科,VIBURNACEAE,309,,日本の野生植物 第2巻,309,Cached OCR page should exist,The profile points to a page that is not present in the OCR cache.,
72,ocr_page_missing,profile_candidate,plant-profile-003129,サンシュユ,Cornus officinalis Siebold et Zucc.,ミズキ科,CORNACEAE,108,215,日本の野生植物 第2巻,108,Cached OCR page should exist,The profile points to a page that is not present in the OCR cache.,
72,ocr_page_missing,profile_candidate,plant-profile-002793,サンショウ,Zanthoxylum piperitum,ミカン科,RUTACEAE,58,,日本の野生植物 第2巻,58,Cached OCR page should exist,The profile points to a page that is not present in the OCR cache.,
72,ocr_page_missing,profile_candidate,plant-profile-002727,サンショウモドキ,Schinus terebinthifolia,ウルシ科,ANACARDIACEAE,50,,日本の野生植物 第2巻,50,Cached OCR page should exist,The profile points to a page that is not present in the OCR cache.,
72,ocr_page_missing,profile_candidate,plant-profile-003477,サンタンカ,Ixora chinensis,アカネ科,RUBIACEAE,149,,日本の野生植物 第2巻,149,Cached OCR page should exist,The profile points to a page that is not present in the OCR cache.,
72,ocr_page_missing,profile_candidate,plant-profile-003522,サンプクリンドウ,Comastoma pulmonarium,アカネ科,RUBIACEAE,154,,日本の野生植物 第2巻,154,Cached OCR page should exist,The profile points to a page that is not present in the OCR cache.,
72,ocr_page_missing,profile_candidate,plant-profile-004228,サンベサワアザミ,Cirsium tenuisquamatum,キク科,ASTERACEAE,250,498,日本の野生植物 第2巻,250,Cached OCR page should exist,The profile points to a page that is not present in the OCR cache.,
72,ocr_page_missing,profile_candidate,plant-profile-004285,ザオウアザミ,Cirsium zawoense,キク科,ASTERACEAE,252,,日本の野生植物 第2巻,252,Cached OCR page should exist,The profile points to a page that is not present in the OCR cache.,
72,ocr_page_missing,profile_candidate,plant-profile-003121,ザクロソウ,Trigastrotheea stricta,ザクロソウ科,MOLLUGINACEAE,106,,日本の野生植物 第2巻,106,Cached OCR page should exist,The profile points to a page that is not present in the OCR cache.,
72,ocr_page_missing,profile_candidate,plant-profile-002777,シイクワシャー,Citrus depressa,ミカン科,RUTACEAE,56,,日本の野生植物 第2巻,56,Cached OCR page should exist,The profile points to a page that is not present in the OCR cache.,
72,ocr_page_missing,profile_candidate,plant-profile-004114,シイモチ,Ies buergeri,モチノキ科,AQUIFOLIACEAE,229,,日本の野生植物 第2巻,229,Cached OCR page should exist,The profile points to a page that is not present in the OCR cache.,
72,ocr_page_missing,profile_candidate,plant-profile-002610,シオカゼオトギリ,Hypericum iwatelittorale,オトギリソウ科,HYPERICACEAE,36,,日本の野生植物 第2巻,36,Cached OCR page should exist,The profile points to a page that is not present in the OCR cache.,
72,ocr_page_missing,profile_candidate,plant-profile-004042,シオガマギク,Pedicularis resupinata,ハマウツボ科,OROBANCHACEAE,220,,日本の野生植物 第2巻,220,Cached OCR page should exist,The profile points to a page that is not present in the OCR cache.,
72,ocr_page_missing,profile_candidate,plant-profile-004607,シオギク,Chrysanthemum shiwogiku,キク科,ASTERACEAE,283,,日本の野生植物 第2巻,283,Cached OCR page should exist,The profile points to a page that is not present in the OCR cache.,
72,ocr_page_missing,profile_candidate,plant-profile-003741,シオジ,Fraxinus spaethiana,モクセイ科,OLEACEAE,180,,日本の野生植物 第2巻,180,Cached OCR page should exist,The profile points to a page that is not present in the OCR cache.,
72,ocr_page_missing,profile_candidate,plant-profile-004528,シオン,Aster tataricus,キク科,ASTERACEAE,276,551,日本の野生植物 第2巻,276,Cached OCR page should exist,The profile points to a page that is not present in the OCR cache.,
72,ocr_page_missing,profile_candidate,plant-profile-004620,シカギク,Tripleurospermum tetragonospermum,キク科,ASTERACEAE,285,,日本の野生植物 第2巻,285,Cached OCR page should exist,The profile points to a page that is not present in the OCR cache.,
72,ocr_page_missing,profile_candidate,plant-profile-004534,シコクシロギク,Aster yoshinaganus,キク科,ASTERACEAE,276,,日本の野生植物 第2巻,276,Cached OCR page should exist,The profile points to a page that is not present in the OCR cache.,
72,ocr_page_missing,profile_candidate,plant-profile-002539,シコクスミレ,Viola shikokiana,スミレ科,VIOLACEAE,29,56,日本の野生植物 第2巻,29,Cached OCR page should exist,The profile points to a page that is not present in the OCR cache.,
72,ocr_page_missing,profile_candidate,plant-profile-004229,シコタンアザミ,Cirsium ito-kojianum,キク科,ASTERACEAE,250,498,日本の野生植物 第2巻,250,Cached OCR page should exist,The profile points to a page that is not present in the OCR cache.,
72,ocr_page_missing,profile_candidate,plant-profile-004428,シコタンタンポポ,Taraxacum shikotanense,キク科,ASTERACEAE,265,528,日本の野生植物 第2巻,265,Cached OCR page should exist,The profile points to a page that is not present in the OCR cache.,
72,ocr_page_missing,profile_candidate,plant-profile-003061,シコタンハコベ,Stellaria ruscifolia,ナデシコ科,CARYOPHYLLACEAE,97,193,日本の野生植物 第2巻,97,Cached OCR page should exist,The profile points to a page that is not present in the OCR cache.,
72,ocr_page_missing,profile_candidate,plant-profile-004583,シコタンヨモギ,Artemisia tanacetifolia,キク科,ASTERACEAE,281,,日本の野生植物 第2巻,281,Cached OCR page should exist,The profile points to a page that is not present in the OCR cache.,
72,ocr_page_missing,profile_candidate,plant-profile-003207,シシアクチ,Ardisia quinquegona,サクラソウ科,PRIMULACEAE,119,237,日本の野生植物 第2巻,119,Cached OCR page should exist,The profile points to a page that is not present in the OCR cache.,
72,ocr_page_missing,profile_candidate,plant-profile-004758,シシウド,Angelica pubescens,セリ科,APIACEAE,302,,日本の野生植物 第2巻,302,Cached OCR page should exist,The profile points to a page that is not present in the OCR cache.,
72,ocr_page_missing,profile_candidate,plant-profile-003764,シシンラン,Lysionotus pauciflorus,イワタバコ科,GESNERIACEAE,183,365,日本の野生植物 第2巻,183,Cached OCR page should exist,The profile points to a page that is not present in the OCR cache.,
72,ocr_page_missing,profile_candidate,plant-profile-003792,シソクサ,Limnophila aromatica,オオバコ科,PLANTAGINACEAE,187,,日本の野生植物 第2巻,187,Cached OCR page should exist,The profile points to a page that is not present in the OCR cache.,
72,ocr_page_missing,profile_candidate,plant-profile-003478,シソノミグサ,Knoxia sumatrensis,アカネ科,RUBIACEAE,149,,日本の野生植物 第2巻,149,Cached OCR page should exist,The profile points to a page that is not present in the OCR cache.,
72,ocr_page_missing,profile_candidate,plant-profile-003858,シソバウリクサ,Vandellia setulosa,アゼナ科,LINDERNIACEAE,195,,日本の野生植物 第2巻,195,Cached OCR page should exist,The profile points to a page that is not present in the OCR cache.,
72,ocr_page_missing,profile_candidate,plant-profile-002540,シソバキスミレ,Viola yubariana,スミレ科,VIOLACEAE,29,56,日本の野生植物 第2巻,29,Cached OCR page should exist,The profile points to a page that is not present in the OCR cache.,
72,ocr_page_missing,profile_candidate,plant-profile-003912,シソバタツナミ,Scutellaria laeteviolacea,シソ科,LAMIACEAE,203,404,日本の野生植物 第2巻,203,Cached OCR page should exist,The profile points to a page that is not present in the OCR cache.,
72,ocr_page_missing,profile_candidate,plant-profile-003574,シタキソウ,Jasminanthes mueronata,キョウチクトウ科,APOCYNACEAE,160,,日本の野生植物 第2巻,160,Cached OCR page should exist,The profile points to a page that is not present in the OCR cache.,
72,ocr_page_missing,profile_candidate,plant-profile-002503,シダレヤナギ,Salix babylonica var. babylonica,ヤナギ科,SALICACEAE,23,45,日本の野生植物 第2巻,23,Cached OCR page should exist,The profile points to a page that is not present in the OCR cache.,
72,ocr_page_missing,profile_candidate,plant-profile-004091,シチヘンゲ,Lantana camara,クマツヅラ科,VERBENACEAE,226,,日本の野生植物 第2巻,226,Cached OCR page should exist,The profile points to a page that is not present in the OCR cache.,
72,ocr_page_missing,profile_candidate,plant-profile-003106,シチメンソウ,Suaeda japonica,ヒユ科,AMARANTHACEAE,104,206,日本の野生植物 第2巻,104,Cached OCR page should exist,The profile points to a page that is not present in the OCR cache.,
72,ocr_page_missing,profile_candidate,plant-profile-003479,シチョウゲ,Leptodermis pulchella,アカネ科,RUBIACEAE,149,,日本の野生植物 第2巻,149,Cached OCR page should exist,The profile points to a page that is not present in the OCR cache.,
72,ocr_page_missing,profile_candidate,plant-profile-004134,シデシャジン,Asyneuma japonicum,キキョウ科,CAMPANULACEAE,231,,日本の野生植物 第2巻,231,Cached OCR page should exist,The profile points to a page that is not present in the OCR cache.,
72,ocr_page_missing,profile_candidate,plant-profile-004268,シドキヤマアザミ,Cirsium shidokimontanum,キク科,ASTERACEAE,251,,日本の野生植物 第2巻,251,Cached OCR page should exist,The profile points to a page that is not present in the OCR cache.,
72,ocr_page_missing,profile_candidate,plant-profile-003983,シナノアキギリ,Salvia koyamae,シソ科,LAMIACEAE,212,,日本の野生植物 第2巻,212,Cached OCR page should exist,The profile points to a page that is not present in the OCR cache.,
72,ocr_page_missing,profile_candidate,plant-profile-002611,シナノオトギリ,Hypericum senanense,オトギリソウ科,HYPERICACEAE,36,,日本の野生植物 第2巻,36,Cached OCR page should exist,The profile points to a page that is not present in the OCR cache.,
72,ocr_page_missing,profile_candidate,plant-profile-002818,シナノキ,Tilia japonica,アオイ科,MALVACEAE,63,,日本の野生植物 第2巻,63,Cached OCR page should exist,The profile points to a page that is not present in the OCR cache.,
72,ocr_page_missing,profile_candidate,plant-profile-004435,シナノタンポポ,,,,265,529,日本の野生植物 第2巻,265,Cached OCR page should exist,The profile points to a page that is not present in the OCR cache.,
72,ocr_page_missing,profile_candidate,plant-profile-004336,シナノトウヒレン,Saussurea tobitae,キク科,ASTERACEAE,257,512,日本の野生植物 第2巻,257,Cached OCR page should exist,The profile points to a page that is not present in the OCR cache.,
72,ocr_page_missing,profile_candidate,plant-profile-003014,シナノナデシコ,Dianthus shinanensis (Yatabe) Makino,ナデシコ科,CARYOPHYLLACEAE,93,184,日本の野生植物 第2巻,93,Cached OCR page should exist,The profile points to a page that is not present in the OCR cache.,
72,ocr_page_missing,profile_candidate,plant-profile-004765,シナノノダケ,,,,303,604,日本の野生植物 第2巻,303,Cached OCR page should exist,The profile points to a page that is not present in the OCR cache.,
72,ocr_page_missing,profile_candidate,plant-profile-003204,シナヤブコウジ,Ardisia cymosa,サクラソウ科,PRIMULACEAE,119,236,日本の野生植物 第2巻,119,Cached OCR page should exist,The profile points to a page that is not present in the OCR cache.,
72,ocr_page_missing,profile_candidate,plant-profile-003550,シノノメソウ,Swertia swertopsis,アカネ科,RUBIACEAE,157,,日本の野生植物 第2巻,157,Cached OCR page should exist,The profile points to a page that is not present in the OCR cache.,
72,ocr_page_missing,profile_candidate,plant-profile-002556,シハイスミレ,Viola violacea,スミレ科,VIOLACEAE,30,58,日本の野生植物 第2巻,30,Cached OCR page should exist,The profile points to a page that is not present in the OCR cache.,
72,ocr_page_missing,profile_candidate,plant-profile-002518,シバヤナギ,Salix japonica,ヤナギ科,SALICACEAE,24,46,日本の野生植物 第2巻,24,Cached OCR page should exist,The profile points to a page that is not present in the OCR cache.,
72,ocr_page_missing,profile_candidate,plant-profile-004193,シマアザミ,Cirsium brevicaule,キク科,ASTERACEAE,248,494,日本の野生植物 第2巻,248,Cached OCR page should exist,The profile points to a page that is not present in the OCR cache.,
72,ocr_page_missing,profile_candidate,plant-profile-003231,シマイズセンリョウ,Maesa perlaria,サクラソウ科,PRIMULACEAE,121,,日本の野生植物 第2巻,121,Cached OCR page should exist,The profile points to a page that is not present in the OCR cache.,
72,ocr_page_missing,profile_candidate,plant-profile-003289,シマイワウチワ,Shortia rotundifolia,イワウメ科,DIAPENSIACEAE,127,,日本の野生植物 第2巻,127,Cached OCR page should exist,The profile points to a page that is not present in the OCR cache.,
72,ocr_page_missing,profile_candidate,plant-profile-004031,シマウツボ,Orobanche boninsimae,ハマウツボ科,OROBANCHACEAE,219,,日本の野生植物 第2巻,219,Cached OCR page should exist,The profile points to a page that is not present in the OCR cache.,
72,ocr_page_missing,profile_candidate,plant-profile-002742,シマウリカエデ,Acer insulare,ムクロジ科,SAPINDACEAE,52,,日本の野生植物 第2巻,52,Cached OCR page should exist,The profile points to a page that is not present in the OCR cache.,
72,ocr_page_missing,profile_candidate,plant-profile-003859,シマウリクサ,Vandellia anagallis,アゼナ科,LINDERNIACEAE,195,,日本の野生植物 第2巻,195,Cached OCR page should exist,The profile points to a page that is not present in the OCR cache.,
72,ocr_page_missing,profile_candidate,plant-profile-003134,シマウリノキ,Alangium premnifolium,ミズキ科,CORNACEAE,108,,日本の野生植物 第2巻,108,Cached OCR page should exist,The profile points to a page that is not present in the OCR cache.,
72,ocr_page_missing,profile_candidate,plant-profile-003876,シマカコソウ,Ajuga boninsimae,シソ科,LAMIACEAE,199,397,日本の野生植物 第2巻,199,Cached OCR page should exist,The profile points to a page that is not present in the OCR cache.,
72,ocr_page_missing,profile_candidate,plant-profile-004608,シマカンギク,Chrysanthemum indicum,キク科,ASTERACEAE,283,,日本の野生植物 第2巻,283,Cached OCR page should exist,The profile points to a page that is not present in the OCR cache.,
72,ocr_page_missing,profile_candidate,plant-profile-004832,シマガマズミ,Viburuum brachyandrum,ガマズミ科,VIBURNACEAE,310,,日本の野生植物 第2巻,310,Cached OCR page should exist,The profile points to a page that is not present in the OCR cache.,
72,ocr_page_missing,profile_candidate,plant-profile-004868,シマキンレイカ,Patrinia kozushimensis,スイカズラ科,CAPRIFOLIACEAE,314,,日本の野生植物 第2巻,314,Cached OCR page should exist,The profile points to a page that is not present in the OCR cache.,
72,ocr_page_missing,profile_candidate,plant-profile-003518,シマギョクシンカ,Tarenna subsessilis,アカネ科,RUBIACEAE,153,,日本の野生植物 第2巻,153,Cached OCR page should exist,The profile points to a page that is not present in the OCR cache.,
72,ocr_page_missing,profile_candidate,plant-profile-003218,シマギンレイカ,Lysimachia decurrens,サクラソウ科,PRIMULACEAE,120,,日本の野生植物 第2巻,120,Cached OCR page should exist,The profile points to a page that is not present in the OCR cache.,
72,ocr_page_missing,profile_candidate,plant-profile-004173,シマコウヤボウキ,Pertya yakushimensis,キク科,ASTERACEAE,242,,日本の野生植物 第2巻,242,Cached OCR page should exist,The profile points to a page that is not present in the OCR cache.,
72,ocr_page_missing,profile_candidate,plant-profile-002659,シマサルスベリ,Lagerstroemia subcostata var. subcostata,ミソハギ科,LYTHRACEAE,41,80,日本の野生植物 第2巻,41,Cached OCR page should exist,The profile points to a page that is not present in the OCR cache.,
72,ocr_page_missing,profile_candidate,plant-profile-003294,シマサルナシ,Actinidia rufa,マタタビ科,ACTINIDIACEAE,128,255,日本の野生植物 第2巻,128,Cached OCR page should exist,The profile points to a page that is not present in the OCR cache.,
72,ocr_page_missing,profile_candidate,plant-profile-003483,シマザクラ,Leptopetalum grayi,アカネ科,RUBIACEAE,150,298,日本の野生植物 第2巻,150,Cached OCR page should exist,The profile points to a page that is not present in the OCR cache.,
72,ocr_page_missing,profile_candidate,plant-profile-004135,シマシャジン,Adenophora tashiroi,キキョウ科,CAMPANULACEAE,231,,日本の野生植物 第2巻,231,Cached OCR page should exist,The profile points to a page that is not present in the OCR cache.,
72,ocr_page_missing,profile_candidate,plant-profile-003978,シマジタムラソウ,Salvia isensis,シソ科,LAMIACEAE,212,422,日本の野生植物 第2巻,212,Cached OCR page should exist,The profile points to a page that is not present in the OCR cache.,
72,ocr_page_missing,profile_candidate,plant-profile-002576,シマジリスミレ,,,,31,60,日本の野生植物 第2巻,31,Cached OCR page should exist,The profile points to a page that is not present in the OCR cache.,
72,ocr_page_missing,profile_candidate,plant-profile-003541,シマセンプリ,Schenkia japonica,アカネ科,RUBIACEAE,156,,日本の野生植物 第2巻,156,Cached OCR page should exist,The profile points to a page that is not present in the OCR cache.,
72,ocr_page_missing,profile_candidate,plant-profile-003583,シマソケイ,Ochrosia iwasakiana,キョウチクトウ科,APOCYNACEAE,161,,日本の野生植物 第2巻,161,Cached OCR page should exist,The profile points to a page that is not present in the OCR cache.,
72,ocr_page_missing,profile_candidate,plant-profile-003487,シマソナレムグラ,Leptopetalum bilorum,アカネ科,RUBIACEAE,150,,日本の野生植物 第2巻,150,Cached OCR page should exist,The profile points to a page that is not present in the OCR cache.,
72,ocr_page_missing,profile_candidate,plant-profile-003225,シマタイミンタチバナ,Myrsine maximowiczii,サクラソウ科,PRIMULACEAE,121,241,日本の野生植物 第2巻,121,Cached OCR page should exist,The profile points to a page that is not present in the OCR cache.,
72,ocr_page_missing,profile_candidate,plant-profile-003742,シマタゴ,Fraxinus insularis,モクセイ科,OLEACEAE,180,,日本の野生植物 第2巻,180,Cached OCR page should exist,The profile points to a page that is not present in the OCR cache.,
72,ocr_page_missing,profile_candidate,plant-profile-002800,シマツナソ,,,,61,120,日本の野生植物 第2巻,61,Cached OCR page should exist,The profile points to a page that is not present in the OCR cache.,
72,ocr_page_missing,profile_candidate,plant-profile-004327,シマトウヒレン,Saussurea insularis,キク科,ASTERACEAE,256,,日本の野生植物 第2巻,256,Cached OCR page should exist,The profile points to a page that is not present in the OCR cache.,
72,ocr_page_missing,profile_candidate,plant-profile-003736,シマトネリコ,Fraxinus griffithii,モクセイ科,OLEACEAE,180,359,日本の野生植物 第2巻,180,Cached OCR page should exist,The profile points to a page that is not present in the OCR cache.,
72,ocr_page_missing,profile_candidate,plant-profile-002488,シマバラソウ,Bergia serrata,ミゾハコベ科,ELATINACEAE,16,31,日本の野生植物 第2巻,16,Cached OCR page should exist,The profile points to a page that is not present in the OCR cache.,
72,ocr_page_missing,profile_candidate,plant-profile-002967,シマヒメタデ,Persicaria tenella,タデ科,POLYGONACEAE,88,174,日本の野生植物 第2巻,88,Cached OCR page should exist,The profile points to a page that is not present in the OCR cache.,
72,ocr_page_missing,profile_candidate,plant-profile-004708,シマフジバカマ,Eupatorium luchuense,キク科,ASTERACEAE,295,,日本の野生植物 第2巻,295,Cached OCR page should exist,The profile points to a page that is not present in the OCR cache.,
72,ocr_page_missing,profile_candidate,plant-profile-004136,シマホタルプクロ,Campanula mierodonta,キキョウ科,CAMPANULACEAE,231,,日本の野生植物 第2巻,231,Cached OCR page should exist,The profile points to a page that is not present in the OCR cache.,
72,ocr_page_missing,profile_candidate,plant-profile-003434,シマミサオノキ,Aidia canthioides,アカネ科,RUBIACEAE,145,289,日本の野生植物 第2巻,145,Cached OCR page should exist,The profile points to a page that is not present in the OCR cache.,
72,ocr_page_missing,profile_candidate,plant-profile-003873,シマムラサキ,Callicarpa glabra,シソ科,LAMIACEAE,198,,日本の野生植物 第2巻,198,Cached OCR page should exist,The profile points to a page that is not present in the OCR cache.,
72,ocr_page_missing,profile_candidate,plant-profile-003756,シマモクセイ,Osmanthus insularis var. insularis,モクセイ科,OLEACEAE,182,362,日本の野生植物 第2巻,182,Cached OCR page should exist,The profile points to a page that is not present in the OCR cache.,
72,ocr_page_missing,profile_candidate,plant-profile-004115,シマモチ,Ilex mertensii,モチノキ科,AQUIFOLIACEAE,229,,日本の野生植物 第2巻,229,Cached OCR page should exist,The profile points to a page that is not present in the OCR cache.,
72,ocr_page_missing,profile_candidate,plant-profile-003163,シマユキカズラ,Pileostegia viburnoides,アジサイ科,HYDRANGEACEAE,112,223,日本の野生植物 第2巻,112,Cached OCR page should exist,The profile points to a page that is not present in the OCR cache.,
72,ocr_page_missing,profile_candidate,plant-profile-004804,シムラニンジン,Pferygopleurum neurophyllum,セリ科,APIACEAE,306,,日本の野生植物 第2巻,306,Cached OCR page should exist,The profile points to a page that is not present in the OCR cache.,
72,ocr_page_missing,profile_candidate,plant-profile-004252,シモツケアザミ,,,,251,500,日本の野生植物 第2巻,251,Cached OCR page should exist,The profile points to a page that is not present in the OCR cache.,
72,ocr_page_missing,profile_candidate,plant-profile-003949,シモバシラ,Keiskea japoniea,シソ科,LAMIACEAE,208,,日本の野生植物 第2巻,208,Cached OCR page should exist,The profile points to a page that is not present in the OCR cache.,
72,ocr_page_missing,profile_candidate,plant-profile-004773,シャク,Anthriscus sylvestris,セリ科,APIACEAE,303,,日本の野生植物 第2巻,303,Cached OCR page should exist,The profile points to a page that is not present in the OCR cache.,
72,ocr_page_missing,profile_candidate,plant-profile-003306,シャクジョウソウ,Hypopitys monotropa,ツツジ科,ERICACEAE,131,,日本の野生植物 第2巻,131,Cached OCR page should exist,The profile points to a page that is not present in the OCR cache.,
72,ocr_page_missing,profile_candidate,plant-profile-002826,シャクナンガンピ,Daphnimorpha kudoi,ジンチョウゲ科,THYMELAEACEAE,65,129,日本の野生植物 第2巻,65,Cached OCR page should exist,The profile points to a page that is not present in the OCR cache.,
72,ocr_page_missing,profile_candidate,plant-profile-003410,シャシャンボ,Vaccinium bracteatum,ツツジ科,ERICACEAE,142,282,日本の野生植物 第2巻,142,Cached OCR page should exist,The profile points to a page that is not present in the OCR cache.,
72,ocr_page_missing,profile_candidate,plant-profile-004535,シュウブンソウ,Aster verticillatus,キク科,ASTERACEAE,276,,日本の野生植物 第2巻,276,Cached OCR page should exist,The profile points to a page that is not present in the OCR cache.,
72,ocr_page_missing,profile_candidate,plant-profile-003743,ショウドシマレンギョウ,Forsythia togashii,モクセイ科,OLEACEAE,180,,日本の野生植物 第2巻,180,Cached OCR page should exist,The profile points to a page that is not present in the OCR cache.,
72,ocr_page_missing,profile_candidate,plant-profile-004467,ショウナイオオカニコウモリ,Paraseneeio katoanus,キク科,ASTERACEAE,272,542,日本の野生植物 第2巻,272,Cached OCR page should exist,The profile points to a page that is not present in the OCR cache.,
72,ocr_page_missing,profile_candidate,plant-profile-004343,ショウナイトウヒレン,Saussurea shonaiensis,キク科,ASTERACEAE,257,513,日本の野生植物 第2巻,257,Cached OCR page should exist,The profile points to a page that is not present in the OCR cache.,
72,ocr_page_missing,profile_candidate,plant-profile-002722,ショウベンノキ,Turpinia ternata,ミツバウツギ科,STAPHYLEACEAE,49,,日本の野生植物 第2巻,49,Cached OCR page should exist,The profile points to a page that is not present in the OCR cache.,
72,ocr_page_missing,profile_candidate,plant-profile-002526,シライヤナギ,Salix shiraii,ヤナギ科,SALICACEAE,24,,日本の野生植物 第2巻,24,Cached OCR page should exist,The profile points to a page that is not present in the OCR cache.,
72,ocr_page_missing,profile_candidate,plant-profile-004243,シライワアザミ,Cirsium akimotoi,キク科,ASTERACEAE,250,,日本の野生植物 第2巻,250,Cached OCR page should exist,The profile points to a page that is not present in the OCR cache.,
72,ocr_page_missing,profile_candidate,plant-profile-003062,シラオイハコベ,Stellaria fenzlii,ナデシコ科,CARYOPHYLLACEAE,97,193,日本の野生植物 第2巻,97,Cached OCR page should exist,The profile points to a page that is not present in the OCR cache.,
72,ocr_page_missing,profile_candidate,plant-profile-003946,シラゲヒメジソ,Mosla hirta,シソ科,LAMIACEAE,208,414,日本の野生植物 第2巻,208,Cached OCR page should exist,The profile points to a page that is not present in the OCR cache.,
72,ocr_page_missing,profile_candidate,plant-profile-003505,シラタマカズラ,Psychotria serpens,アカネ科,RUBIACEAE,152,302,日本の野生植物 第2巻,152,Cached OCR page should exist,The profile points to a page that is not present in the OCR cache.,
72,ocr_page_missing,profile_candidate,plant-profile-003401,シラタマノキ,Gaultheria pyroloides,ツツジ科,ERICACEAE,140,278,日本の野生植物 第2巻,140,Cached OCR page should exist,The profile points to a page that is not present in the OCR cache.,
72,ocr_page_missing,profile_candidate,plant-profile-002622,シラトリオトギリ,Hypericum tatewakii,オトギリソウ科,HYPERICACEAE,37,72,日本の野生植物 第2巻,37,Cached OCR page should exist,The profile points to a page that is not present in the OCR cache.,
72,ocr_page_missing,profile_candidate,plant-profile-004123,シラトリシャジン,Adenophora uyuensis,キキョウ科,CAMPANULACEAE,230,,日本の野生植物 第2巻,230,Cached OCR page should exist,The profile points to a page that is not present in the OCR cache.,
72,ocr_page_missing,profile_candidate,plant-profile-004344,シラネアザミ,Saussurea nikoensis,キク科,ASTERACEAE,257,513,日本の野生植物 第2巻,257,Cached OCR page should exist,The profile points to a page that is not present in the OCR cache.,
72,ocr_page_missing,profile_candidate,plant-profile-004759,シラネセンキュウ,Angelica polymorpha,セリ科,APIACEAE,302,,日本の野生植物 第2巻,302,Cached OCR page should exist,The profile points to a page that is not present in the OCR cache.,
72,ocr_page_missing,profile_candidate,plant-profile-004810,シラネニンジン,Tilingia ajanensis,セリ科,APIACEAE,307,612,日本の野生植物 第2巻,307,Cached OCR page should exist,The profile points to a page that is not present in the OCR cache.,
72,ocr_page_missing,profile_candidate,plant-profile-004353,シラネヒゴタイ,Saussurea kaialpina,キク科,ASTERACEAE,257,,日本の野生植物 第2巻,257,Cached OCR page should exist,The profile points to a page that is not present in the OCR cache.,
72,ocr_page_missing,profile_candidate,plant-profile-004509,シラヤマギク,Aster scaber,キク科,ASTERACEAE,275,549,日本の野生植物 第2巻,275,Cached OCR page should exist,The profile points to a page that is not present in the OCR cache.,
72,ocr_page_missing,profile_candidate,plant-profile-002880,シリベシナズナ,Draba igarashii,アブラナ科,BRASSICACEAE,75,,日本の野生植物 第2巻,75,Cached OCR page should exist,The profile points to a page that is not present in the OCR cache.,
72,ocr_page_missing,profile_candidate,plant-profile-002536,シレトコスミレ,Viola kitamiana,スミレ科,VIOLACEAE,28,,日本の野生植物 第2巻,28,Cached OCR page should exist,The profile points to a page that is not present in the OCR cache.,
72,ocr_page_missing,profile_candidate,plant-profile-002843,シロイヌナズナ,Arabidopsis thaliana (L.) Heynh.,アブラナ科,BRASSICACEAE,70,139,日本の野生植物 第2巻,70,Cached OCR page should exist,The profile points to a page that is not present in the OCR cache.,
72,ocr_page_missing,profile_candidate,plant-profile-002685,シロウマアカバナ,Epilobium lactilorum,アカバナ科,ONAGRACEAE,44,87,日本の野生植物 第2巻,44,Cached OCR page should exist,The profile points to a page that is not present in the OCR cache.,
72,ocr_page_missing,profile_candidate,plant-profile-002881,シロウマナズナ,Draba shiroumana,アブラナ科,BRASSICACEAE,75,,日本の野生植物 第2巻,75,Cached OCR page should exist,The profile points to a page that is not present in the OCR cache.,
72,ocr_page_missing,profile_candidate,plant-profile-003542,シロウマリンドウ,Gentianopsis yabei,アカネ科,RUBIACEAE,156,,日本の野生植物 第2巻,156,Cached OCR page should exist,The profile points to a page that is not present in the OCR cache.,
72,ocr_page_missing,profile_candidate,plant-profile-003623,シロガネガラクサ,,,,166,330,日本の野生植物 第2巻,166,Cached OCR page should exist,The profile points to a page that is not present in the OCR cache.,
72,ocr_page_missing,profile_candidate,plant-profile-003098,シロザ,Chenopodium album,ヒユ科,AMARANTHACEAE,102,,日本の野生植物 第2巻,102,Cached OCR page should exist,The profile points to a page that is not present in the OCR cache.,
72,ocr_page_missing,profile_candidate,plant-profile-003092,シロザモドキ,Chenopodium strietum,ヒユ科,AMARANTHACEAE,102,203,日本の野生植物 第2巻,102,Cached OCR page should exist,The profile points to a page that is not present in the OCR cache.,
72,ocr_page_missing,profile_candidate,plant-profile-002546,シロスミレ,Viola patrinii DC. var. patrinii,スミレ科,VIOLACEAE,29,57,日本の野生植物 第2巻,29,Cached OCR page should exist,The profile points to a page that is not present in the OCR cache.,
72,ocr_page_missing,profile_candidate,plant-profile-002778,シロテツ,Melicope guadriloeularis,ミカン科,RUTACEAE,56,,日本の野生植物 第2巻,56,Cached OCR page should exist,The profile points to a page that is not present in the OCR cache.,
72,ocr_page_missing,profile_candidate,plant-profile-004706,シロトベラ,Pittosporum boninense,トベラ科,PITTOSPORACEAE,295,589,日本の野生植物 第2巻,295,Cached OCR page should exist,The profile points to a page that is not present in the OCR cache.,
72,ocr_page_missing,profile_candidate,plant-profile-003965,シロネ,Lycopus lucidus,シソ科,LAMIACEAE,210,,日本の野生植物 第2巻,210,Cached OCR page should exist,The profile points to a page that is not present in the OCR cache.,
72,ocr_page_missing,profile_candidate,plant-profile-003274,シロバイ,Symplocos lancifolia,ハイノキ科,SYMPLOCACEAE,126,250,日本の野生植物 第2巻,126,Cached OCR page should exist,The profile points to a page that is not present in the OCR cache.,
72,ocr_page_missing,profile_candidate,plant-profile-003539,シロバナアカイシリンドウ,,,,156,310,日本の野生植物 第2巻,156,Cached OCR page should exist,The profile points to a page that is not present in the OCR cache.,
72,ocr_page_missing,profile_candidate,plant-profile-004444,シロバナイガコウゾリナ,Elephantopus mollis,キク科,ASTERACEAE,266,,日本の野生植物 第2巻,266,Cached OCR page should exist,The profile points to a page that is not present in the OCR cache.,
72,ocr_page_missing,profile_candidate,plant-profile-003499,シロバナイナモリソウ,Pseudopyxis heterophylla,アカネ科,RUBIACEAE,151,,日本の野生植物 第2巻,151,Cached OCR page should exist,The profile points to a page that is not present in the OCR cache.,
72,ocr_page_missing,profile_candidate,plant-profile-002958,シロバナサクラタデ,Persicaria japonica,タデ科,POLYGONACEAE,87,,日本の野生植物 第2巻,87,Cached OCR page should exist,The profile points to a page that is not present in the OCR cache.,
72,ocr_page_missing,profile_candidate,plant-profile-004440,シロバナタンポポ,Taraxacum albidum,キク科,ASTERACEAE,265,,日本の野生植物 第2巻,265,Cached OCR page should exist,The profile points to a page that is not present in the OCR cache.,
72,ocr_page_missing,profile_candidate,plant-profile-003443,シロミミズ,Diplospora dubia,アカネ科,RUBIACEAE,146,,日本の野生植物 第2巻,146,Cached OCR page should exist,The profile points to a page that is not present in the OCR cache.,
72,ocr_page_missing,profile_candidate,plant-profile-003332,シロヤシオ,Rhododendron quinquefolium,ツツジ科,ERICACEAE,136,270,日本の野生植物 第2巻,136,Cached OCR page should exist,The profile points to a page that is not present in the OCR cache.,
72,ocr_page_missing,profile_candidate,plant-profile-002510,シロヤナギ,Salix dolichostyla,ヤナギ科,SALICACEAE,23,,日本の野生植物 第2巻,23,Cached OCR page should exist,The profile points to a page that is not present in the OCR cache.,
72,ocr_page_missing,profile_candidate,plant-profile-004536,シロヨメナ,Aster leiophyllus,キク科,ASTERACEAE,276,,日本の野生植物 第2巻,276,Cached OCR page should exist,The profile points to a page that is not present in the OCR cache.,
72,ocr_page_missing,profile_candidate,plant-profile-004571,シロヨモギ,Artemisia stelleriana,キク科,ASTERACEAE,281,561,日本の野生植物 第2巻,281,Cached OCR page should exist,The profile points to a page that is not present in the OCR cache.,
72,ocr_page_missing,profile_candidate,plant-profile-002959,シンミズヒキ,Persicaria neofliformis,タデ科,POLYGONACEAE,87,,日本の野生植物 第2巻,87,Cached OCR page should exist,The profile points to a page that is not present in the OCR cache.,
72,ocr_page_missing,profile_candidate,plant-profile-003722,シンワスレナグサ,Myosotis seorpioides,ムラサキ科,BORAGINACEAE,178,354,日本の野生植物 第2巻,178,Cached OCR page should exist,The profile points to a page that is not present in the OCR cache.,
72,ocr_page_missing,profile_candidate,plant-profile-003416,ジムカデ,Harrimanella stelleriana (Pall.) Coville,ツツジ科,ERICACEAE,142,283,日本の野生植物 第2巻,142,Cached OCR page should exist,The profile points to a page that is not present in the OCR cache.,
72,ocr_page_missing,profile_candidate,plant-profile-003930,ジャコウソウ,Chelonopsis moschata,シソ科,LAMIACEAE,205,,日本の野生植物 第2巻,205,Cached OCR page should exist,The profile points to a page that is not present in the OCR cache.,
72,ocr_page_missing,profile_candidate,plant-profile-002865,ジャニンジン,Cardamine impatiens,アブラナ科,BRASSICACEAE,73,,日本の野生植物 第2巻,73,Cached OCR page should exist,The profile points to a page that is not present in the OCR cache.,
72,ocr_page_missing,profile_candidate,plant-profile-002504,ジャヤナギ,Salix eriocarpa,ヤナギ科,SALICACEAE,23,45,日本の野生植物 第2巻,23,Cached OCR page should exist,The profile points to a page that is not present in the OCR cache.,
72,ocr_page_missing,profile_candidate,plant-profile-003886,ジュウニヒトエ,Ajuga nipponensis,シソ科,LAMIACEAE,200,398,日本の野生植物 第2巻,200,Cached OCR page should exist,The profile points to a page that is not present in the OCR cache.,
72,ocr_page_missing,profile_candidate,plant-profile-003442,ジュズネノキ,Damnacanthus maerophyllas,アカネ科,RUBIACEAE,146,,日本の野生植物 第2巻,146,Cached OCR page should exist,The profile points to a page that is not present in the OCR cache.,
72,ocr_page_missing,profile_candidate,plant-profile-004202,ジョウシュウオニアザミ,Cirsium okamotoi,キク科,ASTERACEAE,248,,日本の野生植物 第2巻,248,Cached OCR page should exist,The profile points to a page that is not present in the OCR cache.,
72,ocr_page_missing,profile_candidate,plant-profile-003371,ジングウツツジ,Rhododendron sanetum,ツツジ科,ERICACEAE,137,,日本の野生植物 第2巻,137,Cached OCR page should exist,The profile points to a page that is not present in the OCR cache.,
72,ocr_page_missing,profile_candidate,plant-profile-002830,ジンチョウゲ,Daphne odora,ジンチョウゲ科,THYMELAEACEAE,65,,日本の野生植物 第2巻,65,Cached OCR page should exist,The profile points to a page that is not present in the OCR cache.,
72,ocr_page_missing,profile_candidate,plant-profile-003309,ジンヨウイチヤクソウ,Pyrola renifolia,ツツジ科,ERICACEAE,132,263,日本の野生植物 第2巻,132,Cached OCR page should exist,The profile points to a page that is not present in the OCR cache.,
72,ocr_page_missing,profile_candidate,plant-profile-002537,ジンヨウキスミレ,Viola alliarifolia,スミレ科,VIOLACEAE,28,,日本の野生植物 第2巻,28,Cached OCR page should exist,The profile points to a page that is not present in the OCR cache.,
72,ocr_page_missing,profile_candidate,plant-profile-002936,ジンヨウスイバ,Oxyria digyna,タデ科,POLYGONACEAE,85,,日本の野生植物 第2巻,85,Cached OCR page should exist,The profile points to a page that is not present in the OCR cache.,
72,ocr_page_missing,profile_candidate,plant-profile-004839,スイカズラ,Lonicera japonica var. japonica,スイカズラ科,CAPRIFOLIACEAE,312,623,日本の野生植物 第2巻,312,Cached OCR page should exist,The profile points to a page that is not present in the OCR cache.,
72,ocr_page_missing,profile_candidate,plant-profile-002981,スイバ,Rumex acetosa,タデ科,POLYGONACEAE,89,177,日本の野生植物 第2巻,89,Cached OCR page should exist,The profile points to a page that is not present in the OCR cache.,
72,ocr_page_missing,profile_candidate,plant-profile-004384,スイラン,Hololeion krameri,キク科,ASTERACEAE,260,,日本の野生植物 第2巻,260,Cached OCR page should exist,The profile points to a page that is not present in the OCR cache.,
72,ocr_page_missing,profile_candidate,plant-profile-002897,スカシタゴボウ,Rorippa palustris,アブラナ科,BRASSICACEAE,77,,日本の野生植物 第2巻,77,Cached OCR page should exist,The profile points to a page that is not present in the OCR cache.,
72,ocr_page_missing,profile_candidate,plant-profile-003782,スギナモ,Hippuris vulgaris,オオバコ科,PLANTAGINACEAE,186,,日本の野生植物 第2巻,186,Cached OCR page should exist,The profile points to a page that is not present in the OCR cache.,
72,ocr_page_missing,profile_candidate,plant-profile-004279,スズカアザミ,Cirsium suzukaense,キク科,ASTERACEAE,252,503,日本の野生植物 第2巻,252,Cached OCR page should exist,The profile points to a page that is not present in the OCR cache.,
72,ocr_page_missing,profile_candidate,plant-profile-003830,スズカケソウ,Veronieastrum villosulum,オオバコ科,PLANTAGINACEAE,191,,日本の野生植物 第2巻,191,Cached OCR page should exist,The profile points to a page that is not present in the OCR cache.,
72,ocr_page_missing,profile_candidate,plant-profile-003950,スズコウジュ,Perillula reptans,シソ科,LAMIACEAE,208,,日本の野生植物 第2巻,208,Cached OCR page should exist,The profile points to a page that is not present in the OCR cache.,
72,ocr_page_missing,profile_candidate,plant-profile-003591,スズサイコ,Vincetoxieum pyenostelma,キョウチクトウ科,APOCYNACEAE,162,,日本の野生植物 第2巻,162,Cached OCR page should exist,The profile points to a page that is not present in the OCR cache.,
72,ocr_page_missing,profile_candidate,plant-profile-002848,スズシロソウ,Arabis flagellosa,アブラナ科,BRASSICACEAE,71,,日本の野生植物 第2巻,71,Cached OCR page should exist,The profile points to a page that is not present in the OCR cache.,
72,ocr_page_missing,profile_candidate,plant-profile-004081,スズムシバナ,Strobilanthes oligantha,キツネノマゴ科,ACANTHACEAE,225,449,日本の野生植物 第2巻,225,Cached OCR page should exist,The profile points to a page that is not present in the OCR cache.,
72,ocr_page_missing,profile_candidate,plant-profile-003696,スズメナスビ,Solanum toryum,ナス科,SOLANACEAE,173,,日本の野生植物 第2巻,173,Cached OCR page should exist,The profile points to a page that is not present in the OCR cache.,
72,ocr_page_missing,profile_candidate,plant-profile-003854,スズメノトウガラシ,Bonnaya antipoda,アゼナ科,LINDERNIACEAE,194,,日本の野生植物 第2巻,194,Cached OCR page should exist,The profile points to a page that is not present in the OCR cache.,
72,ocr_page_missing,profile_candidate,plant-profile-003855,スズメノトウガラシモドキ,Bonnaya ciliata,アゼナ科,LINDERNIACEAE,194,,日本の野生植物 第2巻,194,Cached OCR page should exist,The profile points to a page that is not present in the OCR cache.,
72,ocr_page_missing,profile_candidate,plant-profile-003997,スズメノハコベ,Microcarpaea minima,サギゴケ科,MAZACEAE,214,427,日本の野生植物 第2巻,214,Cached OCR page should exist,The profile points to a page that is not present in the OCR cache.,
72,ocr_page_missing,profile_candidate,plant-profile-003708,スナビキソウ,Heliotropium japonicum,ムラサキ科,BORAGINACEAE,175,,日本の野生植物 第2巻,175,Cached OCR page should exist,The profile points to a page that is not present in the OCR cache.,
72,ocr_page_missing,profile_candidate,plant-profile-003123,スベリヒユ,Portulaca oleracea,スベリヒユ科,PORTULACACEAE,107,212,日本の野生植物 第2巻,107,Cached OCR page should exist,The profile points to a page that is not present in the OCR cache.,
72,ocr_page_missing,profile_candidate,plant-profile-002550,スミレ,Viola mandshurica,スミレ科,VIOLACEAE,29,,日本の野生植物 第2巻,29,Cached OCR page should exist,The profile points to a page that is not present in the OCR cache.,
72,ocr_page_missing,profile_candidate,plant-profile-002541,スミレサイシン,Viola vaginata,スミレ科,VIOLACEAE,29,56,日本の野生植物 第2巻,29,Cached OCR page should exist,The profile points to a page that is not present in the OCR cache.,
72,ocr_page_missing,profile_candidate,plant-profile-003384,セイシカ,Rhododendron latoucheae,ツツジ科,ERICACEAE,138,,日本の野生植物 第2巻,138,Cached OCR page should exist,The profile points to a page that is not present in the OCR cache.,
72,ocr_page_missing,profile_candidate,plant-profile-004551,セイタカアワダチソウ,Solidago altissima,キク科,ASTERACEAE,278,555,日本の野生植物 第2巻,278,Cached OCR page should exist,The profile points to a page that is not present in the OCR cache.,
72,ocr_page_missing,profile_candidate,plant-profile-002604,セイタカオトギリ,Hypericum momoseanum,オトギリソウ科,HYPERICACEAE,36,71,日本の野生植物 第2巻,36,Cached OCR page should exist,The profile points to a page that is not present in the OCR cache.,
72,ocr_page_missing,profile_candidate,plant-profile-004313,セイタカトウヒレン,Saussurea tanakae,キク科,ASTERACEAE,256,510,日本の野生植物 第2巻,256,Cached OCR page should exist,The profile points to a page that is not present in the OCR cache.,
72,ocr_page_missing,profile_candidate,plant-profile-003903,セイタカナミキソウ,,,,202,403,日本の野生植物 第2巻,202,Cached OCR page should exist,The profile points to a page that is not present in the OCR cache.,
72,ocr_page_missing,profile_candidate,plant-profile-003877,セイヨウジュウニヒトエ,,,,199,397,日本の野生植物 第2巻,199,Cached OCR page should exist,The profile points to a page that is not present in the OCR cache.,
72,ocr_page_missing,profile_candidate,plant-profile-004429,セイヨウタンポポ,Taraxacum officinale,キク科,ASTERACEAE,265,528,日本の野生植物 第2巻,265,Cached OCR page should exist,The profile points to a page that is not present in the OCR cache.,
72,ocr_page_missing,profile_candidate,plant-profile-004561,セイヨウノコギリソウ,Achillea millefolium,キク科,ASTERACEAE,279,,日本の野生植物 第2巻,279,Cached OCR page should exist,The profile points to a page that is not present in the OCR cache.,
72,ocr_page_missing,profile_candidate,plant-profile-003620,セイヨウヒルガオ,Couvolvulus arvensis,キョウチクトウ科,APOCYNACEAE,165,,日本の野生植物 第2巻,165,Cached OCR page should exist,The profile points to a page that is not present in the OCR cache.,
72,ocr_page_missing,profile_candidate,plant-profile-003989,セキヤノアキチョウジ,Isodon effusus,シソ科,LAMIACEAE,213,424,日本の野生植物 第2巻,213,Cached OCR page should exist,The profile points to a page that is not present in the OCR cache.,
72,ocr_page_missing,profile_candidate,plant-profile-004790,セリ,Oenanthe javanica subsp. javanica,セリ科,APIACEAE,305,609,日本の野生植物 第2巻,305,Cached OCR page should exist,The profile points to a page that is not present in the OCR cache.,
72,ocr_page_missing,profile_candidate,plant-profile-004043,セリバシオガマ,Pedicularis keiskei,ハマウツボ科,OROBANCHACEAE,220,,日本の野生植物 第2巻,220,Cached OCR page should exist,The profile points to a page that is not present in the OCR cache.,
72,ocr_page_missing,profile_candidate,plant-profile-004661,セリバノセンダングサ,Glossocardia bidens,キク科,ASTERACEAE,290,,日本の野生植物 第2巻,290,Cached OCR page should exist,The profile points to a page that is not present in the OCR cache.,
72,ocr_page_missing,profile_candidate,plant-profile-004781,セリモドキ,Dystaenia ibukiensis,セリ科,APIACEAE,304,,日本の野生植物 第2巻,304,Cached OCR page should exist,The profile points to a page that is not present in the OCR cache.,
72,ocr_page_missing,profile_candidate,plant-profile-002612,センカクオトギリ,Hyperieum senkakuinsulare,オトギリソウ科,HYPERICACEAE,36,,日本の野生植物 第2巻,36,Cached OCR page should exist,The profile points to a page that is not present in the OCR cache.,
72,ocr_page_missing,profile_candidate,plant-profile-002634,センゲンオトギリ,Hyperieum yamamotoanum,オトギリソウ科,HYPERICACEAE,37,,日本の野生植物 第2巻,37,Cached OCR page should exist,The profile points to a page that is not present in the OCR cache.,
72,ocr_page_missing,profile_candidate,plant-profile-003034,センジュガンピ,Silene gracillima,ナデシコ科,CARYOPHYLLACEAE,95,189,日本の野生植物 第2巻,95,Cached OCR page should exist,The profile points to a page that is not present in the OCR cache.,
72,ocr_page_missing,profile_candidate,plant-profile-004286,センジョウアザミ,Cirsium senjoense,キク科,ASTERACEAE,252,,日本の野生植物 第2巻,252,Cached OCR page should exist,The profile points to a page that is not present in the OCR cache.,
72,ocr_page_missing,profile_candidate,plant-profile-004361,センダイトウヒレン,Saussurea sendaiea,キク科,ASTERACEAE,258,514,日本の野生植物 第2巻,258,Cached OCR page should exist,The profile points to a page that is not present in the OCR cache.,
72,ocr_page_missing,profile_candidate,plant-profile-002797,センダン,Melia azedarach,センダン科,MELIACEAE,59,116,日本の野生植物 第2巻,59,Cached OCR page should exist,The profile points to a page that is not present in the OCR cache.,
72,ocr_page_missing,profile_candidate,plant-profile-004662,センダングサ,Bidens biternata,キク科,ASTERACEAE,290,,日本の野生植物 第2巻,290,Cached OCR page should exist,The profile points to a page that is not present in the OCR cache.,
72,ocr_page_missing,profile_candidate,plant-profile-004774,セントウソウ,Chamaele decumbens,セリ科,APIACEAE,303,,日本の野生植物 第2巻,303,Cached OCR page should exist,The profile points to a page that is not present in the OCR cache.,
72,ocr_page_missing,profile_candidate,plant-profile-003547,センブリ,Swertia japonica (Schult.) Makino,リンドウ科,GENTIANACEAE,157,313,日本の野生植物 第2巻,157,Cached OCR page should exist,The profile points to a page that is not present in the OCR cache.,
72,ocr_page_missing,profile_candidate,plant-profile-004158,センボンヤリ,Leibnitzia anandria,キク科,ASTERACEAE,240,479,日本の野生植物 第2巻,240,Cached OCR page should exist,The profile points to a page that is not present in the OCR cache.,
72,ocr_page_missing,profile_candidate,plant-profile-004050,センリゴマ,Rehmannia japonica,ハマウツボ科,OROBANCHACEAE,221,440,日本の野生植物 第2巻,221,Cached OCR page should exist,The profile points to a page that is not present in the OCR cache.,
72,ocr_page_missing,profile_candidate,plant-profile-002882,ソウウンナズナ,Draba nakaiana,アブラナ科,BRASSICACEAE,75,,日本の野生植物 第2巻,75,Cached OCR page should exist,The profile points to a page that is not present in the OCR cache.,
72,ocr_page_missing,profile_candidate,plant-profile-004816,ソクズ,Sambucus chinensis,ガマズミ科,VIBURNACEAE,308,,日本の野生植物 第2巻,308,Cached OCR page should exist,The profile points to a page that is not present in the OCR cache.,
72,ocr_page_missing,profile_candidate,plant-profile-003637,ソコベニヒルガオ,Ipomoea littoralis,キョウチクトウ科,APOCYNACEAE,167,,日本の野生植物 第2巻,167,Cached OCR page should exist,The profile points to a page that is not present in the OCR cache.,
72,ocr_page_missing,profile_candidate,plant-profile-003551,ソナレセンプリ,Swerfia noguchiana,アカネ科,RUBIACEAE,157,,日本の野生植物 第2巻,157,Cached OCR page should exist,The profile points to a page that is not present in the OCR cache.,
72,ocr_page_missing,profile_candidate,plant-profile-003488,ソナレムグラ,Leptopetalum strigulosum,アカネ科,RUBIACEAE,150,,日本の野生植物 第2巻,150,Cached OCR page should exist,The profile points to a page that is not present in the OCR cache.,
72,ocr_page_missing,profile_candidate,plant-profile-002934,ソバカズラ,Fallopia convolvulus,タデ科,POLYGONACEAE,85,168,日本の野生植物 第2巻,85,Cached OCR page should exist,The profile points to a page that is not present in the OCR cache.,
72,ocr_page_missing,profile_candidate,plant-profile-004124,ソバナ,Adenophora remotiora,キキョウ科,CAMPANULACEAE,230,,日本の野生植物 第2巻,230,Cached OCR page should exist,The profile points to a page that is not present in the OCR cache.,
72,ocr_page_missing,profile_candidate,plant-profile-003584,ソメモノカズラ,Marsdenia tinctoria,キョウチクトウ科,APOCYNACEAE,161,,日本の野生植物 第2巻,161,Cached OCR page should exist,The profile points to a page that is not present in the OCR cache.,
72,ocr_page_missing,profile_candidate,plant-profile-004099,ソヨゴ,Ilex pedunculosa,モチノキ科,AQUIFOLIACEAE,228,455,日本の野生植物 第2巻,228,Cached OCR page should exist,The profile points to a page that is not present in the OCR cache.,
72,ocr_page_missing,profile_candidate,plant-profile-004552,ソラチアオヤギバナ,Solidago horieana,キク科,ASTERACEAE,278,555,日本の野生植物 第2巻,278,Cached OCR page should exist,The profile points to a page that is not present in the OCR cache.,
72,ocr_page_missing,profile_candidate,plant-profile-003242,ソラチコザクラ,Primula sorachiana,サクラソウ科,PRIMULACEAE,122,,日本の野生植物 第2巻,122,Cached OCR page should exist,The profile points to a page that is not present in the OCR cache.,
72,ocr_page_missing,profile_candidate,plant-profile-004262,タイアザミ,Cirsium comosum,キク科,ASTERACEAE,251,501,日本の野生植物 第2巻,251,Cached OCR page should exist,The profile points to a page that is not present in the OCR cache.,
72,ocr_page_missing,profile_candidate,plant-profile-004489,タイキンギク,Senecio scandens,キク科,ASTERACEAE,273,544,日本の野生植物 第2巻,273,Cached OCR page should exist,The profile points to a page that is not present in the OCR cache.,
72,ocr_page_missing,profile_candidate,plant-profile-004328,タイシャクトウヒレン,Saussurea kubotae,キク科,ASTERACEAE,256,,日本の野生植物 第2巻,256,Cached OCR page should exist,The profile points to a page that is not present in the OCR cache.,
72,ocr_page_missing,profile_candidate,plant-profile-004465,タイミンガサ,Parasenecio peltifolius,キク科,ASTERACEAE,271,,日本の野生植物 第2巻,271,Cached OCR page should exist,The profile points to a page that is not present in the OCR cache.,
72,ocr_page_missing,profile_candidate,plant-profile-003226,タイミンタチバナ,Myrsine seguinii H. Lév.,サクラソウ科,PRIMULACEAE,121,241,日本の野生植物 第2巻,121,Cached OCR page should exist,The profile points to a page that is not present in the OCR cache.,
72,ocr_page_missing,profile_candidate,plant-profile-003867,タイワンウオクサギ,Premna serratifolia,シソ科,LAMIACEAE,198,395,日本の野生植物 第2巻,198,Cached OCR page should exist,The profile points to a page that is not present in the OCR cache.,
72,ocr_page_missing,profile_candidate,plant-profile-003585,タイワンキジョラン,Marsdenia formosana,キョウチクトウ科,APOCYNACEAE,161,,日本の野生植物 第2巻,161,Cached OCR page should exist,The profile points to a page that is not present in the OCR cache.,
72,ocr_page_missing,profile_candidate,plant-profile-004083,タイワンサギゴケ,Staurogyne concinmula,キツネノマゴ科,ACANTHACEAE,225,,日本の野生植物 第2巻,225,Cached OCR page should exist,The profile points to a page that is not present in the OCR cache.,
72,ocr_page_missing,profile_candidate,plant-profile-003767,タイワンシシンラン,Lysionotus apicidens,イワタバコ科,GESNERIACEAE,183,,日本の野生植物 第2巻,183,Cached OCR page should exist,The profile points to a page that is not present in the OCR cache.,
72,ocr_page_missing,profile_candidate,plant-profile-003126,タイワンスベリヒユ,Porfulaea quadrifda,スベリヒユ科,PORTULACACEAE,107,,日本の野生植物 第2巻,107,Cached OCR page should exist,The profile points to a page that is not present in the OCR cache.,
72,ocr_page_missing,profile_candidate,plant-profile-004738,タイワンチドメグサ,Hydrocotyle pseudoconferta,ウコギ科,ARALIACEAE,299,,日本の野生植物 第2巻,299,Cached OCR page should exist,The profile points to a page that is not present in the OCR cache.,
72,ocr_page_missing,profile_candidate,plant-profile-004836,タイワンツクバネウツギ,Abelia chinensis,スイカズラ科,CAPRIFOLIACEAE,311,,日本の野生植物 第2巻,311,Cached OCR page should exist,The profile points to a page that is not present in the OCR cache.,
72,ocr_page_missing,profile_candidate,plant-profile-002801,タイワンツナソ,Corchorus olitorius L.,アオイ科,MALVACEAE,61,120,日本の野生植物 第2巻,61,Cached OCR page should exist,The profile points to a page that is not present in the OCR cache.,
72,ocr_page_missing,profile_candidate,plant-profile-004414,タイワンニガナ,Lactuea formosana,キク科,ASTERACEAE,263,,日本の野生植物 第2巻,263,Cached OCR page should exist,The profile points to a page that is not present in the OCR cache.,
72,ocr_page_missing,profile_candidate,plant-profile-004695,タイワンヒヨドリ,Eupatorium formosanum,キク科,ASTERACEAE,294,587,日本の野生植物 第2巻,294,Cached OCR page should exist,The profile points to a page that is not present in the OCR cache.,
72,ocr_page_missing,profile_candidate,plant-profile-003355,タイワンヤマツツジ,Rhododendron simsii Planch.,ツツジ科,ERICACEAE,137,272,日本の野生植物 第2巻,137,Cached OCR page should exist,The profile points to a page that is not present in the OCR cache.,
72,ocr_page_missing,profile_candidate,plant-profile-003719,タイワンルリソウ,Cynoglossum lanceolatum,ムラサキ科,BORAGINACEAE,177,,日本の野生植物 第2巻,177,Cached OCR page should exist,The profile points to a page that is not present in the OCR cache.,
72,ocr_page_missing,profile_candidate,plant-profile-003480,タイワンルリミノキ,Lasianthus hiesutus,アカネ科,RUBIACEAE,149,,日本の野生植物 第2巻,149,Cached OCR page should exist,The profile points to a page that is not present in the OCR cache.,
72,ocr_page_missing,profile_candidate,plant-profile-004658,タウコギ,Bidens tripartita,キク科,ASTERACEAE,290,579,日本の野生植物 第2巻,290,Cached OCR page should exist,The profile points to a page that is not present in the OCR cache.,
72,ocr_page_missing,profile_candidate,plant-profile-004182,タカアザミ,Cirsium pendulum,キク科,ASTERACEAE,247,493,日本の野生植物 第2巻,247,Cached OCR page should exist,The profile points to a page that is not present in the OCR cache.,
72,ocr_page_missing,profile_candidate,plant-profile-004354,タカオヒゴタイ,Saussurea sinuatoides,キク科,ASTERACEAE,257,,日本の野生植物 第2巻,257,Cached OCR page should exist,The profile points to a page that is not present in the OCR cache.,
72,ocr_page_missing,profile_candidate,plant-profile-002836,タカクマキガンピ,Diplomorpha × ohsumiensis (Hatus.) Hamaya,ジンチョウゲ科,THYMELAEACEAE,66,130,日本の野生植物 第2巻,66,Cached OCR page should exist,The profile points to a page that is not present in the OCR cache.,
72,ocr_page_missing,profile_candidate,plant-profile-003385,タカクマミツバツツジ,Rhododendron viseistylum,ツツジ科,ERICACEAE,138,,日本の野生植物 第2巻,138,Cached OCR page should exist,The profile points to a page that is not present in the OCR cache.,
72,ocr_page_missing,profile_candidate,plant-profile-003865,タカクマムラサキ,Callicarpa longissima,シソ科,LAMIACEAE,198,394,日本の野生植物 第2巻,198,Cached OCR page should exist,The profile points to a page that is not present in the OCR cache.,
72,ocr_page_missing,profile_candidate,plant-profile-002799,タカサゴイチビ,Abutilon indicum,アオイ科,MALVACEAE,60,,日本の野生植物 第2巻,60,Cached OCR page should exist,The profile points to a page that is not present in the OCR cache.,
72,ocr_page_missing,profile_candidate,plant-profile-004643,タカサゴコウゾリナ,Blumea hieracifolia,キク科,ASTERACEAE,288,,日本の野生植物 第2巻,288,Cached OCR page should exist,The profile points to a page that is not present in the OCR cache.,
72,ocr_page_missing,profile_candidate,plant-profile-003298,タカサゴシラタマ,Saurauia tristyla DC. var. oldhamii (Hemsl.) Finet et Gagnep.,マタタビ科,ACTINIDIACEAE,129,256,日本の野生植物 第2巻,129,Cached OCR page should exist,The profile points to a page that is not present in the OCR cache.,
72,ocr_page_missing,profile_candidate,plant-profile-004404,タカサゴソウ,Ixeris chinensis,キク科,ASTERACEAE,262,,日本の野生植物 第2巻,262,Cached OCR page should exist,The profile points to a page that is not present in the OCR cache.,
72,ocr_page_missing,profile_candidate,plant-profile-004436,タカサゴタンポポ,,,,265,529,日本の野生植物 第2巻,265,Cached OCR page should exist,The profile points to a page that is not present in the OCR cache.,
72,ocr_page_missing,profile_candidate,plant-profile-004739,タカサゴノチドメ,Hydrocotyle batrachium,ウコギ科,ARALIACEAE,299,,日本の野生植物 第2巻,299,Cached OCR page should exist,The profile points to a page that is not present in the OCR cache.,
72,ocr_page_missing,profile_candidate,plant-profile-004675,タカサブロウ,Eclipta thermalis,キク科,ASTERACEAE,291,,日本の野生植物 第2巻,291,Cached OCR page should exist,The profile points to a page that is not present in the OCR cache.,
72,ocr_page_missing,profile_candidate,plant-profile-002613,タカネオトギリ,Hlyperieum sikokumontanum,オトギリソウ科,HYPERICACEAE,36,,日本の野生植物 第2巻,36,Cached OCR page should exist,The profile points to a page that is not present in the OCR cache.,
72,ocr_page_missing,profile_candidate,plant-profile-002890,タカネグンバイ,Noccaea cochleariformis,アブラナ科,BRASSICACEAE,76,151,日本の野生植物 第2巻,76,Cached OCR page should exist,The profile points to a page that is not present in the OCR cache.,
72,ocr_page_missing,profile_candidate,plant-profile-004498,タカネコウリンカ,Tephroseris takedana,キク科,ASTERACEAE,274,546,日本の野生植物 第2巻,274,Cached OCR page should exist,The profile points to a page that is not present in the OCR cache.,
72,ocr_page_missing,profile_candidate,plant-profile-004034,タカネシオガマ,Pedicularis verticillata,ハマウツボ科,OROBANCHACEAE,220,439,日本の野生植物 第2巻,220,Cached OCR page should exist,The profile points to a page that is not present in the OCR cache.,
72,ocr_page_missing,profile_candidate,plant-profile-002987,タカネスイバ,Rumex alpestris,タデ科,POLYGONACEAE,89,,日本の野生植物 第2巻,89,Cached OCR page should exist,The profile points to a page that is not present in the OCR cache.,
72,ocr_page_missing,profile_candidate,plant-profile-002533,タカネスミレ,Viola crassa,スミレ科,VIOLACEAE,28,55,日本の野生植物 第2巻,28,Cached OCR page should exist,The profile points to a page that is not present in the OCR cache.,
72,ocr_page_missing,profile_candidate,plant-profile-002577,タカネタチツボスミレ,Viola langsdorfi,スミレ科,VIOLACEAE,31,60,日本の野生植物 第2巻,31,Cached OCR page should exist,The profile points to a page that is not present in the OCR cache.,
72,ocr_page_missing,profile_candidate,plant-profile-003024,タカネツメクサ,Minuartia aretica,ナデシコ科,CARYOPHYLLACEAE,94,,日本の野生植物 第2巻,94,Cached OCR page should exist,The profile points to a page that is not present in the OCR cache.,
72,ocr_page_missing,profile_candidate,plant-profile-004392,タカネニガナ,Ixeridium alpicola,キク科,ASTERACEAE,261,521,日本の野生植物 第2巻,261,Cached OCR page should exist,The profile points to a page that is not present in the OCR cache.,
72,ocr_page_missing,profile_candidate,plant-profile-004337,タカネヒゴタイ,Saussurea kaimontana,キク科,ASTERACEAE,257,512,日本の野生植物 第2巻,257,Cached OCR page should exist,The profile points to a page that is not present in the OCR cache.,
72,ocr_page_missing,profile_candidate,plant-profile-003042,タカネビランジ,Silene akaisialpina,ナデシコ科,CARYOPHYLLACEAE,96,190,日本の野生植物 第2巻,96,Cached OCR page should exist,The profile points to a page that is not present in the OCR cache.,
72,ocr_page_missing,profile_candidate,plant-profile-003047,タカネマンテマ,Silene uralensis,ナデシコ科,CARYOPHYLLACEAE,96,,日本の野生植物 第2巻,96,Cached OCR page should exist,The profile points to a page that is not present in the OCR cache.,
72,ocr_page_missing,profile_candidate,plant-profile-004621,タカネヤハズハハコ,Anaphalis alpicola,キク科,ASTERACEAE,285,,日本の野生植物 第2巻,285,Cached OCR page should exist,The profile points to a page that is not present in the OCR cache.,
72,ocr_page_missing,profile_candidate,plant-profile-004584,タカネヨモギ,Artemisia sinanensis,キク科,ASTERACEAE,281,,日本の野生植物 第2巻,281,Cached OCR page should exist,The profile points to a page that is not present in the OCR cache.,
72,ocr_page_missing,profile_candidate,plant-profile-004726,タカノツメ,Gamblea innovans,ウコギ科,ARALIACEAE,298,594,日本の野生植物 第2巻,298,Cached OCR page should exist,The profile points to a page that is not present in the OCR cache.,
72,ocr_page_missing,profile_candidate,plant-profile-003005,タガソデソウ,Cerastium paucillorum,ナデシコ科,CARYOPHYLLACEAE,92,183,日本の野生植物 第2巻,92,Cached OCR page should exist,The profile points to a page that is not present in the OCR cache.,
72,ocr_page_missing,profile_candidate,plant-profile-004203,タキアザミ,Cirsium yoshidae,キク科,ASTERACEAE,248,,日本の野生植物 第2巻,248,Cached OCR page should exist,The profile points to a page that is not present in the OCR cache.,
72,ocr_page_missing,profile_candidate,plant-profile-004447,タケダグサ,Erechtites valerianifolius,キク科,ASTERACEAE,269,536,日本の野生植物 第2巻,269,Cached OCR page should exist,The profile points to a page that is not present in the OCR cache.,
72,ocr_page_missing,profile_candidate,plant-profile-002599,タシロカワゴケソウ,Cladopus fukienensis,カワゴケソウ科,PODOSTEMACEAE,34,,日本の野生植物 第2巻,34,Cached OCR page should exist,The profile points to a page that is not present in the OCR cache.,
72,ocr_page_missing,profile_candidate,plant-profile-003984,タジマタムラソウ,Salvia omeroealys,シソ科,LAMIACEAE,212,,日本の野生植物 第2巻,212,Cached OCR page should exist,The profile points to a page that is not present in the OCR cache.,
72,ocr_page_missing,profile_candidate,plant-profile-004287,タチアザミ,Cirsium inundatum,キク科,ASTERACEAE,252,,日本の野生植物 第2巻,252,Cached OCR page should exist,The profile points to a page that is not present in the OCR cache.,
72,ocr_page_missing,profile_candidate,plant-profile-003810,タチイヌノフグリ,Veronica arvensis,オオバコ科,PLANTAGINACEAE,190,378,日本の野生植物 第2巻,190,Cached OCR page should exist,The profile points to a page that is not present in the OCR cache.,
72,ocr_page_missing,profile_candidate,plant-profile-003731,タチカメバソウ,Trigonotis guillelmii,ムラサキ科,BORAGINACEAE,179,,日本の野生植物 第2巻,179,Cached OCR page should exist,The profile points to a page that is not present in the OCR cache.,
72,ocr_page_missing,profile_candidate,plant-profile-003597,タチカモメヅル,Vincetoxicum glabrum (Nakai) Kitag.,キョウチクトウ科,APOCYNACEAE,163,324,日本の野生植物 第2巻,163,Cached OCR page should exist,The profile points to a page that is not present in the OCR cache.,
72,ocr_page_missing,profile_candidate,plant-profile-003592,タチガシワ,Vincetoxicum magnificum,キョウチクトウ科,APOCYNACEAE,162,,日本の野生植物 第2巻,162,Cached OCR page should exist,The profile points to a page that is not present in the OCR cache.,
72,ocr_page_missing,profile_candidate,plant-profile-003889,タチキランソウ,Ajuga makinoi,シソ科,LAMIACEAE,200,,日本の野生植物 第2巻,200,Cached OCR page should exist,The profile points to a page that is not present in the OCR cache.,
72,ocr_page_missing,profile_candidate,plant-profile-004021,タチコゴメグサ,Eaplrasia maximnowiezii,ハマウツボ科,OROBANCHACEAE,218,,日本の野生植物 第2巻,218,Cached OCR page should exist,The profile points to a page that is not present in the OCR cache.,
72,ocr_page_missing,profile_candidate,plant-profile-002588,タチスミレ,Viola raddeana,スミレ科,VIOLACEAE,31,,日本の野生植物 第2巻,31,Cached OCR page should exist,The profile points to a page that is not present in the OCR cache.,
72,ocr_page_missing,profile_candidate,plant-profile-002857,タチタネツケバナ,,,,73,145,日本の野生植物 第2巻,73,Cached OCR page should exist,The profile points to a page that is not present in the OCR cache.,
72,ocr_page_missing,profile_candidate,plant-profile-002589,タチツボスミレ,Viola grypoceras,スミレ科,VIOLACEAE,31,,日本の野生植物 第2巻,31,Cached OCR page should exist,The profile points to a page that is not present in the OCR cache.,
72,ocr_page_missing,profile_candidate,plant-profile-003001,タチハコベ,Arenaria trinervia,ナデシコ科,CARYOPHYLLACEAE,92,182,日本の野生植物 第2巻,92,Cached OCR page should exist,The profile points to a page that is not present in the OCR cache.,
72,ocr_page_missing,profile_candidate,plant-profile-002770,タチバナ,Citrus tachibana,ミカン科,RUTACEAE,56,110,日本の野生植物 第2巻,56,Cached OCR page should exist,The profile points to a page that is not present in the OCR cache.,
72,ocr_page_missing,profile_candidate,plant-profile-002646,タチフウロ,Geranium krameri,フウロソウ科,GERANIACEAE,39,77,日本の野生植物 第2巻,39,Cached OCR page should exist,The profile points to a page that is not present in the OCR cache.,
72,ocr_page_missing,profile_candidate,plant-profile-004145,タチミゾカクシ,Lobelia dopatrioides,キキョウ科,CAMPANULACEAE,232,,日本の野生植物 第2巻,232,Cached OCR page should exist,The profile points to a page that is not present in the OCR cache.,
72,ocr_page_missing,profile_candidate,plant-profile-002511,タチヤナギ,Salix triandra,ヤナギ科,SALICACEAE,23,,日本の野生植物 第2巻,23,Cached OCR page should exist,The profile points to a page that is not present in the OCR cache.,
72,ocr_page_missing,profile_candidate,plant-profile-003913,タツナミソウ,Scutellaria indica,シソ科,LAMIACEAE,203,404,日本の野生植物 第2巻,203,Cached OCR page should exist,The profile points to a page that is not present in the OCR cache.,
72,ocr_page_missing,profile_candidate,plant-profile-004288,タテヤマアザミ,Cirsium otayae,キク科,ASTERACEAE,252,,日本の野生植物 第2巻,252,Cached OCR page should exist,The profile points to a page that is not present in the OCR cache.,
72,ocr_page_missing,profile_candidate,plant-profile-003974,タテヤマウツボグサ,Prunella prunellformis,シソ科,LAMIACEAE,211,,日本の野生植物 第2巻,211,Cached OCR page should exist,The profile points to a page that is not present in the OCR cache.,
72,ocr_page_missing,profile_candidate,plant-profile-004537,タテヤマギク,Aster dimorphophyllus,キク科,ASTERACEAE,276,,日本の野生植物 第2巻,276,Cached OCR page should exist,The profile points to a page that is not present in the OCR cache.,
72,ocr_page_missing,profile_candidate,plant-profile-002590,タデスミレ,Viola thibaudieri,スミレ科,VIOLACEAE,31,,日本の野生植物 第2巻,31,Cached OCR page should exist,The profile points to a page that is not present in the OCR cache.,
72,ocr_page_missing,profile_candidate,plant-profile-004883,タニウツギ,Weigela hortensis,スイカズラ科,CAPRIFOLIACEAE,316,,日本の野生植物 第2巻,316,Cached OCR page should exist,The profile points to a page that is not present in the OCR cache.,
72,ocr_page_missing,profile_candidate,plant-profile-004146,タニギキョウ,Peraearpa carnosa,キキョウ科,CAMPANULACEAE,232,,日本の野生植物 第2巻,232,Cached OCR page should exist,The profile points to a page that is not present in the OCR cache.,
72,ocr_page_missing,profile_candidate,plant-profile-003922,タニジャコウソウ,Chelonopsis longipes,シソ科,LAMIACEAE,204,,日本の野生植物 第2巻,204,Cached OCR page should exist,The profile points to a page that is not present in the OCR cache.,
72,ocr_page_missing,profile_candidate,plant-profile-002943,タニソバ,Persicaria nepalensis (Meisn.) H. Gross,タデ科,POLYGONACEAE,87,172,日本の野生植物 第2巻,87,Cached OCR page should exist,The profile points to a page that is not present in the OCR cache.,
72,ocr_page_missing,profile_candidate,plant-profile-002681,タニタデ,Cireaea erubescens,アカバナ科,ONAGRACEAE,43,,日本の野生植物 第2巻,43,Cached OCR page should exist,The profile points to a page that is not present in the OCR cache.,
72,ocr_page_missing,profile_candidate,plant-profile-002542,タニマスミレ,Viola epipsiloides,スミレ科,VIOLACEAE,29,56,日本の野生植物 第2巻,29,Cached OCR page should exist,The profile points to a page that is not present in the OCR cache.,
72,ocr_page_missing,profile_candidate,plant-profile-002636,タニマノオトギリ,Hypericum pseudoereetum,オトギリソウ科,HYPERICACEAE,37,,日本の野生植物 第2巻,37,Cached OCR page should exist,The profile points to a page that is not present in the OCR cache.,
72,ocr_page_missing,profile_candidate,plant-profile-004805,タニミツバ,Sium serra,セリ科,APIACEAE,306,,日本の野生植物 第2巻,306,Cached OCR page should exist,The profile points to a page that is not present in the OCR cache.,
72,ocr_page_missing,profile_candidate,plant-profile-003437,タニワタリノキ,Adina pilulifera,アカネ科,RUBIACEAE,145,,日本の野生植物 第2巻,145,Cached OCR page should exist,The profile points to a page that is not present in the OCR cache.,
72,ocr_page_missing,profile_candidate,plant-profile-004060,タヌキモ,Utricularia xjaponica,タヌキモ科,LENTIBULARIACEAE,222,,日本の野生植物 第2巻,222,Cached OCR page should exist,The profile points to a page that is not present in the OCR cache.,
72,ocr_page_missing,profile_candidate,plant-profile-004308,タネガシマアザミ,Cirsium tanegashimense,キク科,ASTERACEAE,253,,日本の野生植物 第2巻,253,Cached OCR page should exist,The profile points to a page that is not present in the OCR cache.,
72,ocr_page_missing,profile_candidate,plant-profile-002858,タネツケバナ,Cardamine occulta,アブラナ科,BRASSICACEAE,73,145,日本の野生植物 第2巻,73,Cached OCR page should exist,The profile points to a page that is not present in the OCR cache.,
72,ocr_page_missing,profile_candidate,plant-profile-003169,タマアジサイ,Platyerater involuerata,アジサイ科,HYDRANGEACEAE,113,224,日本の野生植物 第2巻,113,Cached OCR page should exist,The profile points to a page that is not present in the OCR cache.,
72,ocr_page_missing,profile_candidate,plant-profile-003673,タマサンゴ,Solanum pseudocapsicum,ナス科,SOLANACEAE,172,342,日本の野生植物 第2巻,172,Cached OCR page should exist,The profile points to a page that is not present in the OCR cache.,
72,ocr_page_missing,profile_candidate,plant-profile-004116,タマミズキ,Ilex mierocoeea,モチノキ科,AQUIFOLIACEAE,229,,日本の野生植物 第2巻,229,Cached OCR page should exist,The profile points to a page that is not present in the OCR cache.,
72,ocr_page_missing,profile_candidate,plant-profile-004367,タムラソウ,Serratula coronata,キク科,ASTERACEAE,258,,日本の野生植物 第2巻,258,Cached OCR page should exist,The profile points to a page that is not present in the OCR cache.,
72,ocr_page_missing,profile_candidate,plant-profile-002512,タライカヤナギ,Salix taraikensis,ヤナギ科,SALICACEAE,23,,日本の野生植物 第2巻,23,Cached OCR page should exist,The profile points to a page that is not present in the OCR cache.,
72,ocr_page_missing,profile_candidate,plant-profile-004713,タラノキ,Aralia elata,ウコギ科,ARALIACEAE,296,,日本の野生植物 第2巻,296,Cached OCR page should exist,The profile points to a page that is not present in the OCR cache.,
72,ocr_page_missing,profile_candidate,plant-profile-004108,タラヨウ,Ilex latifolia,モチノキ科,AQUIFOLIACEAE,229,456,日本の野生植物 第2巻,229,Cached OCR page should exist,The profile points to a page that is not present in the OCR cache.,
72,ocr_page_missing,profile_candidate,plant-profile-004147,タンゲブ,Cyelocodon laneifolius,キキョウ科,CAMPANULACEAE,232,,日本の野生植物 第2巻,232,Cached OCR page should exist,The profile points to a page that is not present in the OCR cache.,
72,ocr_page_missing,profile_candidate,plant-profile-003568,タンザワイケマ,,,,160,318,日本の野生植物 第2巻,160,Cached OCR page should exist,The profile points to a page that is not present in the OCR cache.,
72,ocr_page_missing,profile_candidate,plant-profile-004319,タンザワヒゴタイ,Saussurea hisauchii,キク科,ASTERACEAE,256,511,日本の野生植物 第2巻,256,Cached OCR page should exist,The profile points to a page that is not present in the OCR cache.,
72,ocr_page_missing,profile_candidate,plant-profile-003362,タンナアカツツジ,,,,137,273,日本の野生植物 第2巻,137,Cached OCR page should exist,The profile points to a page that is not present in the OCR cache.,
72,ocr_page_missing,profile_candidate,plant-profile-003265,タンナサワフタギ,Symplocos coreana,ハイノキ科,SYMPLOCACEAE,125,,日本の野生植物 第2巻,125,Cached OCR page should exist,The profile points to a page that is not present in the OCR cache.,
72,ocr_page_missing,profile_candidate,plant-profile-003372,タンナチョウセンヤマツツジ,Rhododendron yedoense,ツツジ科,ERICACEAE,137,,日本の野生植物 第2巻,137,Cached OCR page should exist,The profile points to a page that is not present in the OCR cache.,
72,ocr_page_missing,profile_candidate,plant-profile-003680,ダイオウナスビ,Solanum mauritianum,ナス科,SOLANACEAE,172,,日本の野生植物 第2巻,172,Cached OCR page should exist,The profile points to a page that is not present in the OCR cache.,
72,ocr_page_missing,profile_candidate,plant-profile-002623,ダイセツヒナオトギリ,Hypericum yojiroanum,オトギリソウ科,HYPERICACEAE,37,72,日本の野生植物 第2巻,37,Cached OCR page should exist,The profile points to a page that is not present in the OCR cache.,
72,ocr_page_missing,profile_candidate,plant-profile-002635,ダイセンオトギリ,Hypericum asahinae,オトギリソウ科,HYPERICACEAE,37,,日本の野生植物 第2巻,37,Cached OCR page should exist,The profile points to a page that is not present in the OCR cache.,
72,ocr_page_missing,profile_candidate,plant-profile-002532,ダイセンキスミレ,,,,28,55,日本の野生植物 第2巻,28,Cached OCR page should exist,The profile points to a page that is not present in the OCR cache.,
72,ocr_page_missing,profile_candidate,plant-profile-004377,ダイトウワダン,,,,260,518,日本の野生植物 第2巻,260,Cached OCR page should exist,The profile points to a page that is not present in the OCR cache.,
72,ocr_page_missing,profile_candidate,plant-profile-004224,ダイニチアザミ,Cirsium babanum,キク科,ASTERACEAE,249,,日本の野生植物 第2巻,249,Cached OCR page should exist,The profile points to a page that is not present in the OCR cache.,
72,ocr_page_missing,profile_candidate,plant-profile-004296,ダキバヒメアザミ,Cirsium amplexifolium,キク科,ASTERACEAE,253,504,日本の野生植物 第2巻,253,Cached OCR page should exist,The profile points to a page that is not present in the OCR cache.,
72,ocr_page_missing,profile_candidate,plant-profile-004514,ダルマギク,Aster spathulifolius,キク科,ASTERACEAE,275,,日本の野生植物 第2巻,275,Cached OCR page should exist,The profile points to a page that is not present in the OCR cache.,
72,ocr_page_missing,profile_candidate,plant-profile-003890,ダンギク,Caryopteris incana,シソ科,LAMIACEAE,200,,日本の野生植物 第2巻,200,Cached OCR page should exist,The profile points to a page that is not present in the OCR cache.,
72,ocr_page_missing,profile_candidate,plant-profile-004448,ダンドボロギク,Erechtites hieraciifolius var. hieraciifolius,キク科,ASTERACEAE,269,536,日本の野生植物 第2巻,269,Cached OCR page should exist,The profile points to a page that is not present in the OCR cache.,
72,ocr_page_missing,profile_candidate,plant-profile-004230,チカブミアザミ,Cirsium chikabumiense,キク科,ASTERACEAE,250,498,日本の野生植物 第2巻,250,Cached OCR page should exist,The profile points to a page that is not present in the OCR cache.,
72,ocr_page_missing,profile_candidate,plant-profile-004244,チシマアザミ,Cirsium kamtschaticum,キク科,ASTERACEAE,250,,日本の野生植物 第2巻,250,Cached OCR page should exist,The profile points to a page that is not present in the OCR cache.,
72,ocr_page_missing,profile_candidate,plant-profile-002551,チシマウスバスミレ,Viola hultenii,スミレ科,VIOLACEAE,29,,日本の野生植物 第2巻,29,Cached OCR page should exist,The profile points to a page that is not present in the OCR cache.,
72,ocr_page_missing,profile_candidate,plant-profile-004633,チシマウスユキソウ,Leontopodium kurilense,キク科,ASTERACEAE,287,,日本の野生植物 第2巻,287,Cached OCR page should exist,The profile points to a page that is not present in the OCR cache.,
72,ocr_page_missing,profile_candidate,plant-profile-003931,チシマオドリコソウ,Galeopsis bifda,シソ科,LAMIACEAE,205,,日本の野生植物 第2巻,205,Cached OCR page should exist,The profile points to a page that is not present in the OCR cache.,
72,ocr_page_missing,profile_candidate,plant-profile-004860,チシマキンレイカ,Patrinia sibirica,スイカズラ科,CAPRIFOLIACEAE,314,627,日本の野生植物 第2巻,314,Cached OCR page should exist,The profile points to a page that is not present in the OCR cache.,
72,ocr_page_missing,profile_candidate,plant-profile-004137,チシマギキョウ,Campanula chamissonis,キキョウ科,CAMPANULACEAE,231,,日本の野生植物 第2巻,231,Cached OCR page should exist,The profile points to a page that is not present in the OCR cache.,
72,ocr_page_missing,profile_candidate,plant-profile-004022,チシマコゴメグサ,Eaphrasia mollis,ハマウツボ科,OROBANCHACEAE,218,,日本の野生植物 第2巻,218,Cached OCR page should exist,The profile points to a page that is not present in the OCR cache.,
72,ocr_page_missing,profile_candidate,plant-profile-003546,チシマセンブリ,Swertia tetrapetala Pall.,リンドウ科,GENTIANACEAE,157,312,日本の野生植物 第2巻,157,Cached OCR page should exist,The profile points to a page that is not present in the OCR cache.,
72,ocr_page_missing,profile_candidate,plant-profile-003310,チシマツガザクラ,Bryanthus gmelinii,ツツジ科,ERICACEAE,132,263,日本の野生植物 第2巻,132,Cached OCR page should exist,The profile points to a page that is not present in the OCR cache.,
72,ocr_page_missing,profile_candidate,plant-profile-003029,チシマツメクサ,Sagina saginoides,ナデシコ科,CARYOPHYLLACEAE,95,188,日本の野生植物 第2巻,95,Cached OCR page should exist,The profile points to a page that is not present in the OCR cache.,
72,ocr_page_missing,profile_candidate,plant-profile-004852,チシマヒョウタンボク,Lonicera chamissoi,スイカズラ科,CAPRIFOLIACEAE,313,,日本の野生植物 第2巻,313,Cached OCR page should exist,The profile points to a page that is not present in the OCR cache.,
72,ocr_page_missing,profile_candidate,plant-profile-002652,チシマフウロ,Geranium erianthum,フウロソウ科,GERANIACEAE,39,,日本の野生植物 第2巻,39,Cached OCR page should exist,The profile points to a page that is not present in the OCR cache.,
72,ocr_page_missing,profile_candidate,plant-profile-003777,チシマミズハコベ,Callitriche hermaphroditica,オオバコ科,PLANTAGINACEAE,185,,日本の野生植物 第2巻,185,Cached OCR page should exist,The profile points to a page that is not present in the OCR cache.,
72,ocr_page_missing,profile_candidate,plant-profile-004585,チシマヨモギ,Artemisia unalaskensis,キク科,ASTERACEAE,281,,日本の野生植物 第2巻,281,Cached OCR page should exist,The profile points to a page that is not present in the OCR cache.,
72,ocr_page_missing,profile_candidate,plant-profile-003531,チシマリンドウ,Gentianella auricnlata,アカネ科,RUBIACEAE,155,,日本の野生植物 第2巻,155,Cached OCR page should exist,The profile points to a page that is not present in the OCR cache.,
72,ocr_page_missing,profile_candidate,plant-profile-003704,チシャノキ,Ehretia acuminata var. obovata,ムラサキ科,BORAGINACEAE,175,348,日本の野生植物 第2巻,175,Cached OCR page should exist,The profile points to a page that is not present in the OCR cache.,
72,ocr_page_missing,profile_candidate,plant-profile-004625,チチコグサ,Gnaphalium japonieum,キク科,ASTERACEAE,286,,日本の野生植物 第2巻,286,Cached OCR page should exist,The profile points to a page that is not present in the OCR cache.,
72,ocr_page_missing,profile_candidate,plant-profile-004626,チチコグサモドキ,Gamochaeta pensylvanica,キク科,ASTERACEAE,286,,日本の野生植物 第2巻,286,Cached OCR page should exist,The profile points to a page that is not present in the OCR cache.,
72,ocr_page_missing,profile_candidate,plant-profile-003283,チチジマクロキ,Symplocos pergracilis,ハイノキ科,SYMPLOCACEAE,126,,日本の野生植物 第2巻,126,Cached OCR page should exist,The profile points to a page that is not present in the OCR cache.,
72,ocr_page_missing,profile_candidate,plant-profile-003543,チチブリンドウ,Gentianopsis contorta,アカネ科,RUBIACEAE,156,,日本の野生植物 第2巻,156,Cached OCR page should exist,The profile points to a page that is not present in the OCR cache.,
72,ocr_page_missing,profile_candidate,plant-profile-003558,チトセカズラ,Gardneria multiflora,マチン科,LOGANIACEAE,158,,日本の野生植物 第2巻,158,Cached OCR page should exist,The profile points to a page that is not present in the OCR cache.,
72,ocr_page_missing,profile_candidate,plant-profile-004740,チドメグサ,Hydrocotyle sibthorpioides,ウコギ科,ARALIACEAE,299,,日本の野生植物 第2巻,299,Cached OCR page should exist,The profile points to a page that is not present in the OCR cache.,
72,ocr_page_missing,profile_candidate,plant-profile-002747,チドリノキ,Acer carpinifolium,ムクロジ科,SAPINDACEAE,53,104,日本の野生植物 第2巻,53,Cached OCR page should exist,The profile points to a page that is not present in the OCR cache.,
72,ocr_page_missing,profile_candidate,plant-profile-003252,チャノキ,Camellia sinensis,ツバキ科,THEACEAE,124,246,日本の野生植物 第2巻,124,Cached OCR page should exist,The profile points to a page that is not present in the OCR cache.,
72,ocr_page_missing,profile_candidate,plant-profile-003500,チャボイナモリ,Ophiorrhiza pumila,アカネ科,RUBIACEAE,151,,日本の野生植物 第2巻,151,Cached OCR page should exist,The profile points to a page that is not present in the OCR cache.,
72,ocr_page_missing,profile_candidate,plant-profile-002728,チャンチンモドキ,Choerospondias axillaris,ウルシ科,ANACARDIACEAE,50,,日本の野生植物 第2巻,50,Cached OCR page should exist,The profile points to a page that is not present in the OCR cache.,
72,ocr_page_missing,profile_candidate,plant-profile-004204,チョウカイアザミ,Cirsium chokaiense,キク科,ASTERACEAE,248,,日本の野生植物 第2巻,248,Cached OCR page should exist,The profile points to a page that is not present in the OCR cache.,
72,ocr_page_missing,profile_candidate,plant-profile-003578,チョウジカズラ,,,,161,321,日本の野生植物 第2巻,161,Cached OCR page should exist,The profile points to a page that is not present in the OCR cache.,
72,ocr_page_missing,profile_candidate,plant-profile-004687,チョウジギク,Arnica mallotopus,キク科,ASTERACEAE,293,585,日本の野生植物 第2巻,293,Cached OCR page should exist,The profile points to a page that is not present in the OCR cache.,
72,ocr_page_missing,profile_candidate,plant-profile-003563,チョウジソウ,Amsonia elliptiea,キョウチクトウ科,APOCYNACEAE,159,,日本の野生植物 第2巻,159,Cached OCR page should exist,The profile points to a page that is not present in the OCR cache.,
72,ocr_page_missing,profile_candidate,plant-profile-002699,チョウジタデ,Ludwigia epilobioides,アカバナ科,ONAGRACEAE,45,,日本の野生植物 第2巻,45,Cached OCR page should exist,The profile points to a page that is not present in the OCR cache.,
72,ocr_page_missing,profile_candidate,plant-profile-003649,チョウセンアサガオ,,,,169,337,日本の野生植物 第2巻,169,Cached OCR page should exist,The profile points to a page that is not present in the OCR cache.,
72,ocr_page_missing,profile_candidate,plant-profile-003734,チョウセンレンギョウ,,,,180,358,日本の野生植物 第2巻,180,Cached OCR page should exist,The profile points to a page that is not present in the OCR cache.,
72,ocr_page_missing,profile_candidate,plant-profile-003318,ツガザクラ,Phyllodoce nipponica,ツツジ科,ERICACEAE,133,265,日本の野生植物 第2巻,133,Cached OCR page should exist,The profile points to a page that is not present in the OCR cache.,
72,ocr_page_missing,profile_candidate,plant-profile-004225,ツガルオニアザミ,Cirsium shimae,キク科,ASTERACEAE,249,,日本の野生植物 第2巻,249,Cached OCR page should exist,The profile points to a page that is not present in the OCR cache.,
72,ocr_page_missing,profile_candidate,plant-profile-004476,ツガルコウモリ,Paraseneeio hosoianus,キク科,ASTERACEAE,272,543,日本の野生植物 第2巻,272,Cached OCR page should exist,The profile points to a page that is not present in the OCR cache.,
72,ocr_page_missing,profile_candidate,plant-profile-002614,ツキヌキオトギリ,Hypericum sampsonii,オトギリソウ科,HYPERICACEAE,36,,日本の野生植物 第2巻,36,Cached OCR page should exist,The profile points to a page that is not present in the OCR cache.,
72,ocr_page_missing,profile_candidate,plant-profile-004877,ツキヌキソウ,Triosteum sinuatum,スイカズラ科,CAPRIFOLIACEAE,315,,日本の野生植物 第2巻,315,Cached OCR page should exist,The profile points to a page that is not present in the OCR cache.,
72,ocr_page_missing,profile_candidate,plant-profile-004218,ツクシアザミ,Cirsium suffultun,キク科,ASTERACEAE,249,497,日本の野生植物 第2巻,249,Cached OCR page should exist,The profile points to a page that is not present in the OCR cache.,
72,ocr_page_missing,profile_candidate,plant-profile-004125,ツクシイワシャジン,Adenophora hatsushimae,キキョウ科,CAMPANULACEAE,230,,日本の野生植物 第2巻,230,Cached OCR page should exist,The profile points to a page that is not present in the OCR cache.,
72,ocr_page_missing,profile_candidate,plant-profile-004468,ツクシコウモリ,Parasenecio nipponicus,キク科,ASTERACEAE,272,542,日本の野生植物 第2巻,272,Cached OCR page should exist,The profile points to a page that is not present in the OCR cache.,
72,ocr_page_missing,profile_candidate,plant-profile-004023,ツクシコゴメグサ,Euphrasia multifolia,ハマウツボ科,OROBANCHACEAE,218,,日本の野生植物 第2巻,218,Cached OCR page should exist,The profile points to a page that is not present in the OCR cache.,
72,ocr_page_missing,profile_candidate,plant-profile-004035,ツクシシオガマ,Pedieularis refraeta,ハマウツボ科,OROBANCHACEAE,220,439,日本の野生植物 第2巻,220,Cached OCR page should exist,The profile points to a page that is not present in the OCR cache.,
72,ocr_page_missing,profile_candidate,plant-profile-003347,ツクシシャクナゲ,Rhododendron japonoheptamerum,ツツジ科,ERICACEAE,136,,日本の野生植物 第2巻,136,Cached OCR page should exist,The profile points to a page that is not present in the OCR cache.,
72,ocr_page_missing,profile_candidate,plant-profile-002560,ツクシスミレ,Viola diffusa,スミレ科,VIOLACEAE,30,59,日本の野生植物 第2巻,30,Cached OCR page should exist,The profile points to a page that is not present in the OCR cache.,
72,ocr_page_missing,profile_candidate,plant-profile-004760,ツクシゼリ,Angelica longiradiata,セリ科,APIACEAE,302,,日本の野生植物 第2巻,302,Cached OCR page should exist,The profile points to a page that is not present in the OCR cache.,
72,ocr_page_missing,profile_candidate,plant-profile-003916,ツクシタツナミソウ,Seutellaria kiusiana,シソ科,LAMIACEAE,203,,日本の野生植物 第2巻,203,Cached OCR page should exist,The profile points to a page that is not present in the OCR cache.,
72,ocr_page_missing,profile_candidate,plant-profile-004437,ツクシタンポポ,Taraxacum kiushianum,キク科,ASTERACEAE,265,529,日本の野生植物 第2巻,265,Cached OCR page should exist,The profile points to a page that is not present in the OCR cache.,
72,ocr_page_missing,profile_candidate,plant-profile-004362,ツクシトウヒレン,Saussurea higomontana,キク科,ASTERACEAE,258,514,日本の野生植物 第2巻,258,Cached OCR page should exist,The profile points to a page that is not present in the OCR cache.,
72,ocr_page_missing,profile_candidate,plant-profile-003812,ツクシトラノオ,Veronica ovata,オオバコ科,PLANTAGINACEAE,190,379,日本の野生植物 第2巻,190,Cached OCR page should exist,The profile points to a page that is not present in the OCR cache.,
72,ocr_page_missing,profile_candidate,plant-profile-003393,ツクシドウダン,,,,139,276,日本の野生植物 第2巻,139,Cached OCR page should exist,The profile points to a page that is not present in the OCR cache.,
72,ocr_page_missing,profile_candidate,plant-profile-004796,ツクシボウフウ,Pimpinella thellungiana,セリ科,APIACEAE,306,610,日本の野生植物 第2巻,306,Cached OCR page should exist,The profile points to a page that is not present in the OCR cache.,
72,ocr_page_missing,profile_candidate,plant-profile-004691,ツクシメナモミ,Sigesbeckia orientalis,キク科,ASTERACEAE,293,,日本の野生植物 第2巻,293,Cached OCR page should exist,The profile points to a page that is not present in the OCR cache.,
72,ocr_page_missing,profile_candidate,plant-profile-004878,ツクシヤプウツギ,Weigela japonica,スイカズラ科,CAPRIFOLIACEAE,315,,日本の野生植物 第2巻,315,Cached OCR page should exist,The profile points to a page that is not present in the OCR cache.,
72,ocr_page_missing,profile_candidate,plant-profile-002913,ツクバネ,Buckleya lanceolata,ビャクダン科,SANTALACEAE,80,,日本の野生植物 第2巻,80,Cached OCR page should exist,The profile points to a page that is not present in the OCR cache.,
72,ocr_page_missing,profile_candidate,plant-profile-004837,ツクバネウツギ,Abelia spathulata,スイカズラ科,CAPRIFOLIACEAE,311,,日本の野生植物 第2巻,311,Cached OCR page should exist,The profile points to a page that is not present in the OCR cache.,
72,ocr_page_missing,profile_candidate,plant-profile-004117,ツゲモチ,Iex goshiensis,モチノキ科,AQUIFOLIACEAE,229,,日本の野生植物 第2巻,229,Cached OCR page should exist,The profile points to a page that is not present in the OCR cache.,
72,ocr_page_missing,profile_candidate,plant-profile-002494,ツゲモドキ,Putranjiva matsumurae,ツゲモドキ科,PUTRANJIVACEAE,18,,日本の野生植物 第2巻,18,Cached OCR page should exist,The profile points to a page that is not present in the OCR cache.,
72,ocr_page_missing,profile_candidate,plant-profile-004813,ツシマノダケ,Tiingia tsasimensis,セリ科,APIACEAE,307,,日本の野生植物 第2巻,307,Cached OCR page should exist,The profile points to a page that is not present in the OCR cache.,
72,ocr_page_missing,profile_candidate,plant-profile-004853,ツシマヒョウタンボク,Lonieera fragrantissima,スイカズラ科,CAPRIFOLIACEAE,313,,日本の野生植物 第2巻,313,Cached OCR page should exist,The profile points to a page that is not present in the OCR cache.,
72,ocr_page_missing,profile_candidate,plant-profile-002729,ツタウルシ,Toxicodendron orientale,ウルシ科,ANACARDIACEAE,50,,日本の野生植物 第2巻,50,Cached OCR page should exist,The profile points to a page that is not present in the OCR cache.,
72,ocr_page_missing,profile_candidate,plant-profile-003645,ツタノハヒルガオ,Merremia hederacea,キョウチクトウ科,APOCYNACEAE,168,,日本の野生植物 第2巻,168,Cached OCR page should exist,The profile points to a page that is not present in the OCR cache.,
72,ocr_page_missing,profile_candidate,plant-profile-002905,ツチトリモチ,Balanophora japonica,ツチトリモチ科,BALANOPHORACEAE,79,156,日本の野生植物 第2巻,79,Cached OCR page should exist,The profile points to a page that is not present in the OCR cache.,
72,ocr_page_missing,profile_candidate,plant-profile-002831,ツチビノキ,Daphnimorpha capitellata,ジンチョウゲ科,THYMELAEACEAE,65,,日本の野生植物 第2巻,65,Cached OCR page should exist,The profile points to a page that is not present in the OCR cache.,
72,ocr_page_missing,profile_candidate,plant-profile-003768,ツノギリソウ,Hemiboea bicoruuta,イワタバコ科,GESNERIACEAE,183,,日本の野生植物 第2巻,183,Cached OCR page should exist,The profile points to a page that is not present in the OCR cache.,
72,ocr_page_missing,profile_candidate,plant-profile-003650,ツノミチョウセンアサガオ,Datura ferox,ナス科,SOLANACEAE,169,337,日本の野生植物 第2巻,169,Cached OCR page should exist,The profile points to a page that is not present in the OCR cache.,
72,ocr_page_missing,profile_candidate,plant-profile-004745,ツボクサ,Centella asiatica,セリ科,APIACEAE,301,600,日本の野生植物 第2巻,301,Cached OCR page should exist,The profile points to a page that is not present in the OCR cache.,
72,ocr_page_missing,profile_candidate,plant-profile-002578,ツボスミレ,Viola verecunda,スミレ科,VIOLACEAE,31,60,日本の野生植物 第2巻,31,Cached OCR page should exist,The profile points to a page that is not present in the OCR cache.,
72,ocr_page_missing,profile_candidate,plant-profile-003794,ツボミオオバコ,Plantago virginica,オオバコ科,PLANTAGINACEAE,188,374,日本の野生植物 第2巻,188,Cached OCR page should exist,The profile points to a page that is not present in the OCR cache.,
72,ocr_page_missing,profile_candidate,plant-profile-003215,ツマトリソウ,Lysimnachia europaea,サクラソウ科,PRIMULACEAE,120,239,日本の野生植物 第2巻,120,Cached OCR page should exist,The profile points to a page that is not present in the OCR cache.,
72,ocr_page_missing,profile_candidate,plant-profile-003030,ツメクサ,Sagina japonica,ナデシコ科,CARYOPHYLLACEAE,95,188,日本の野生植物 第2巻,95,Cached OCR page should exist,The profile points to a page that is not present in the OCR cache.,
72,ocr_page_missing,profile_candidate,plant-profile-003342,ツリガネツツジ,Rhododendron benhallii,ツツジ科,ERICACEAE,136,271,日本の野生植物 第2巻,136,Cached OCR page should exist,The profile points to a page that is not present in the OCR cache.,
72,ocr_page_missing,profile_candidate,plant-profile-004126,ツリガネニンジン,Adenophora triphylla,キキョウ科,CAMPANULACEAE,230,,日本の野生植物 第2巻,230,Cached OCR page should exist,The profile points to a page that is not present in the OCR cache.,
72,ocr_page_missing,profile_candidate,plant-profile-003175,ツリフネソウ,Impatiens textorii,ツリフネソウ科,BALSAMINACEAE,114,,日本の野生植物 第2巻,114,Cached OCR page should exist,The profile points to a page that is not present in the OCR cache.,
72,ocr_page_missing,profile_candidate,plant-profile-003136,ツルアジサイ,Calyptranthe petiolaris (Siebold et Zucc.) H. Ohba et S. Akiyama,アジサイ科,HYDRANGEACEAE,109,216,日本の野生植物 第2巻,109,Cached OCR page should exist,The profile points to a page that is not present in the OCR cache.,
72,ocr_page_missing,profile_candidate,plant-profile-003489,ツルアリドオシ,Mitchella undulata,アカネ科,RUBIACEAE,150,,日本の野生植物 第2巻,150,Cached OCR page should exist,The profile points to a page that is not present in the OCR cache.,
72,ocr_page_missing,profile_candidate,plant-profile-003850,ツルウリクサ,Torenia coneolor,アゼナ科,LINDERNIACEAE,194,387,日本の野生植物 第2巻,194,Cached OCR page should exist,The profile points to a page that is not present in the OCR cache.,
72,ocr_page_missing,profile_candidate,plant-profile-003882,ツルカコソウ,Ajuga shikotanensis,シソ科,LAMIACEAE,199,,日本の野生植物 第2巻,199,Cached OCR page should exist,The profile points to a page that is not present in the OCR cache.,
72,ocr_page_missing,profile_candidate,plant-profile-004872,ツルカノコソウ,Valeriana flaccidissima,スイカズラ科,CAPRIFOLIACEAE,315,628,日本の野生植物 第2巻,315,Cached OCR page should exist,The profile points to a page that is not present in the OCR cache.,
72,ocr_page_missing,profile_candidate,plant-profile-003729,ツルカメバソウ,Trigonotis iinumae,ムラサキ科,BORAGINACEAE,179,356,日本の野生植物 第2巻,179,Cached OCR page should exist,The profile points to a page that is not present in the OCR cache.,
72,ocr_page_missing,profile_candidate,plant-profile-003608,ツルガシワ,Vincetoxieum maeroplyllum,キョウチクトウ科,APOCYNACEAE,163,,日本の野生植物 第2巻,163,Cached OCR page should exist,The profile points to a page that is not present in the OCR cache.,
72,ocr_page_missing,profile_candidate,plant-profile-004138,ツルギキョウ,Codonopsis javanica,キキョウ科,CAMPANULACEAE,231,,日本の野生植物 第2巻,231,Cached OCR page should exist,The profile points to a page that is not present in the OCR cache.,
72,ocr_page_missing,profile_candidate,plant-profile-003375,ツルギミツバツツジ,Rhododendron tsurugisanense (T. Yamaz.) T. Yamaz.,ツツジ科,ERICACEAE,138,274,日本の野生植物 第2巻,138,Cached OCR page should exist,The profile points to a page that is not present in the OCR cache.,
72,ocr_page_missing,profile_candidate,plant-profile-003210,ツルコウジ,Ardisia pusilla,サクラソウ科,PRIMULACEAE,119,,日本の野生植物 第2巻,119,Cached OCR page should exist,The profile points to a page that is not present in the OCR cache.,
72,ocr_page_missing,profile_candidate,plant-profile-003417,ツルコケモモ,Vaccinium oxycoccos,ツツジ科,ERICACEAE,142,283,日本の野生植物 第2巻,142,Cached OCR page should exist,The profile points to a page that is not present in the OCR cache.,
72,ocr_page_missing,profile_candidate,plant-profile-002794,ツルザンショウ,Zanthoxylum scandens,ミカン科,RUTACEAE,58,,日本の野生植物 第2巻,58,Cached OCR page should exist,The profile points to a page that is not present in the OCR cache.,
72,ocr_page_missing,profile_candidate,plant-profile-002944,ツルソバ,Persicaria chinensis,タデ科,POLYGONACEAE,87,172,日本の野生植物 第2巻,87,Cached OCR page should exist,The profile points to a page that is not present in the OCR cache.,
72,ocr_page_missing,profile_candidate,plant-profile-004109,ツルツゲ,Ilex rugosa,モチノキ科,AQUIFOLIACEAE,229,456,日本の野生植物 第2巻,229,Cached OCR page should exist,The profile points to a page that is not present in the OCR cache.,
72,ocr_page_missing,profile_candidate,plant-profile-002937,ツルドクダミ,Fallopia multiflora,タデ科,POLYGONACEAE,85,,日本の野生植物 第2巻,85,Cached OCR page should exist,The profile points to a page that is not present in the OCR cache.,
72,ocr_page_missing,profile_candidate,plant-profile-003107,ツルナ,Tetragonia tetragonoides (Pall.) Kuntze,ハマミズナ科,AIZOACEAE,104,207,日本の野生植物 第2巻,104,Cached OCR page should exist,The profile points to a page that is not present in the OCR cache.,
72,ocr_page_missing,profile_candidate,plant-profile-003901,ツルニガクサ,Teuerium viseidum,シソ科,LAMIACEAE,201,,日本の野生植物 第2巻,201,Cached OCR page should exist,The profile points to a page that is not present in the OCR cache.,
72,ocr_page_missing,profile_candidate,plant-profile-004133,ツルニンジン,Codonopsis lanceolata,キキョウ科,CAMPANULACEAE,231,461,日本の野生植物 第2巻,231,Cached OCR page should exist,The profile points to a page that is not present in the OCR cache.,
72,ocr_page_missing,profile_candidate,plant-profile-003072,ツルノゲイトウ,Alternanthera sessilis,ヒユ科,AMARANTHACEAE,99,197,日本の野生植物 第2巻,99,Cached OCR page should exist,The profile points to a page that is not present in the OCR cache.,
72,ocr_page_missing,profile_candidate,plant-profile-004638,ツルハグマ,Blumea riparia,キク科,ASTERACEAE,288,574,日本の野生植物 第2巻,288,Cached OCR page should exist,The profile points to a page that is not present in the OCR cache.,
72,ocr_page_missing,profile_candidate,plant-profile-003227,ツルマンリョウ,Myrsine stolonifera (Koidz.) E. Walker,サクラソウ科,PRIMULACEAE,121,241,日本の野生植物 第2巻,121,Cached OCR page should exist,The profile points to a page that is not present in the OCR cache.,
72,ocr_page_missing,profile_candidate,plant-profile-003598,ツルモウリンカ,Vincetoxicum tanakae,キョウチクトウ科,APOCYNACEAE,163,324,日本の野生植物 第2巻,163,Cached OCR page should exist,The profile points to a page that is not present in the OCR cache.,
72,ocr_page_missing,profile_candidate,plant-profile-003552,ツルリンドウ,Tripterospermum japonicum,アカネ科,RUBIACEAE,157,,日本の野生植物 第2巻,157,Cached OCR page should exist,The profile points to a page that is not present in the OCR cache.,
72,ocr_page_missing,profile_candidate,plant-profile-004405,ツルワダン,Ixeris longirostra,キク科,ASTERACEAE,262,,日本の野生植物 第2巻,262,Cached OCR page should exist,The profile points to a page that is not present in the OCR cache.,
72,ocr_page_missing,profile_candidate,plant-profile-004451,ツワブキ,Farfugium japonicum var. japonicum,キク科,ASTERACEAE,269,537,日本の野生植物 第2巻,269,Cached OCR page should exist,The profile points to a page that is not present in the OCR cache.,
72,ocr_page_missing,profile_candidate,plant-profile-003586,テイカカズラ,Trachelospermum asiaticum,キョウチクトウ科,APOCYNACEAE,161,,日本の野生植物 第2巻,161,Cached OCR page should exist,The profile points to a page that is not present in the OCR cache.,
72,ocr_page_missing,profile_candidate,plant-profile-004165,テイショウソウ,Ainsliaea cordifolia,キク科,ASTERACEAE,241,,日本の野生植物 第2巻,241,Cached OCR page should exist,The profile points to a page that is not present in the OCR cache.,
72,ocr_page_missing,profile_candidate,plant-profile-003902,テイネニガクサ,Teuerium teinense,シソ科,LAMIACEAE,201,,日本の野生植物 第2巻,201,Cached OCR page should exist,The profile points to a page that is not present in the OCR cache.,
72,ocr_page_missing,profile_candidate,plant-profile-004245,テシオアザミ,Cirsium teshioense,キク科,ASTERACEAE,250,,日本の野生植物 第2巻,250,Cached OCR page should exist,The profile points to a page that is not present in the OCR cache.,
72,ocr_page_missing,profile_candidate,plant-profile-003243,テシオコザクラ,Primula takedana,サクラソウ科,PRIMULACEAE,122,,日本の野生植物 第2巻,122,Cached OCR page should exist,The profile points to a page that is not present in the OCR cache.,
72,ocr_page_missing,profile_candidate,plant-profile-002754,テツカエデ,Acer nipponicum,ムクロジ科,SAPINDACEAE,53,,日本の野生植物 第2巻,53,Cached OCR page should exist,The profile points to a page that is not present in the OCR cache.,
72,ocr_page_missing,profile_candidate,plant-profile-003048,テバコマンテマ,Silene yanoei,ナデシコ科,CARYOPHYLLACEAE,96,,日本の野生植物 第2巻,96,Cached OCR page should exist,The profile points to a page that is not present in the OCR cache.,
72,ocr_page_missing,profile_candidate,plant-profile-004484,テバコモミジガサ,Parasenecio tebakoensis,キク科,ASTERACEAE,272,,日本の野生植物 第2巻,272,Cached OCR page should exist,The profile points to a page that is not present in the OCR cache.,
72,ocr_page_missing,profile_candidate,plant-profile-004219,テリハアザミ,Cirsium lucens,キク科,ASTERACEAE,249,497,日本の野生植物 第2巻,249,Cached OCR page should exist,The profile points to a page that is not present in the OCR cache.,
72,ocr_page_missing,profile_candidate,plant-profile-002788,テリハザンショウ,Zanthoxylum nitidum,ミカン科,RUTACEAE,58,114,日本の野生植物 第2巻,58,Cached OCR page should exist,The profile points to a page that is not present in the OCR cache.,
72,ocr_page_missing,profile_candidate,plant-profile-002581,テリハタチツボスミレ,Viola faurieana,スミレ科,VIOLACEAE,31,61,日本の野生植物 第2巻,31,Cached OCR page should exist,The profile points to a page that is not present in the OCR cache.,
72,ocr_page_missing,profile_candidate,plant-profile-004526,テリハノギク,Aster lucens,キク科,ASTERACEAE,276,550,日本の野生植物 第2巻,276,Cached OCR page should exist,The profile points to a page that is not present in the OCR cache.,
72,ocr_page_missing,profile_candidate,plant-profile-002705,テリハバンジロウ,Psidium cattleianum,フトモモ科,MYRTACEAE,46,,日本の野生植物 第2巻,46,Cached OCR page should exist,The profile points to a page that is not present in the OCR cache.,
72,ocr_page_missing,profile_candidate,plant-profile-002592,テリハボク,Calophyllum inophyllum,テリハボク科,CALOPHYLLACEAE,32,63,日本の野生植物 第2巻,32,Cached OCR page should exist,The profile points to a page that is not present in the OCR cache.,
72,ocr_page_missing,profile_candidate,plant-profile-002657,テリハモモタマナ,Terminalia nitens,シクンシ科,COMBRETACEAE,40,,日本の野生植物 第2巻,40,Cached OCR page should exist,The profile points to a page that is not present in the OCR cache.,
72,ocr_page_missing,profile_candidate,plant-profile-003690,テリミノイヌホオズキ,Solanum americanum Mill.,ナス科,SOLANACEAE,173,344,日本の野生植物 第2巻,173,Cached OCR page should exist,The profile points to a page that is not present in the OCR cache.,
72,ocr_page_missing,profile_candidate,plant-profile-003802,テングクワガタ,Veronica serpyllfolia,オオバコ科,PLANTAGINACEAE,189,,日本の野生植物 第2巻,189,Cached OCR page should exist,The profile points to a page that is not present in the OCR cache.,
72,ocr_page_missing,profile_candidate,plant-profile-002710,テンニンカ,Rhodomyrtus tomentosa,フトモモ科,MYRTACEAE,47,,日本の野生植物 第2巻,47,Cached OCR page should exist,The profile points to a page that is not present in the OCR cache.,
72,ocr_page_missing,profile_candidate,plant-profile-003923,テンニンソウ,Comanthosphace japonica,シソ科,LAMIACEAE,204,,日本の野生植物 第2巻,204,Cached OCR page should exist,The profile points to a page that is not present in the OCR cache.,
72,ocr_page_missing,profile_candidate,plant-profile-003917,デワノタツナミソウ,Seutellaria muramatsui,シソ科,LAMIACEAE,203,,日本の野生植物 第2巻,203,Cached OCR page should exist,The profile points to a page that is not present in the OCR cache.,
72,ocr_page_missing,profile_candidate,plant-profile-003796,トウオオバコ,Plantago japonica,オオバコ科,PLANTAGINACEAE,188,375,日本の野生植物 第2巻,188,Cached OCR page should exist,The profile points to a page that is not present in the OCR cache.,
72,ocr_page_missing,profile_candidate,plant-profile-002991,トウカイコモウセンゴケ,Drosera tokaiensis (Komiya et C. Shibata) T. Nakam. et K. Ueda subsp. tokaiensis,モウセンゴケ科,DROSERACEAE,90,179,日本の野生植物 第2巻,90,Cached OCR page should exist,The profile points to a page that is not present in the OCR cache.,
72,ocr_page_missing,profile_candidate,plant-profile-002561,トウカイスミレ,,,,30,59,日本の野生植物 第2巻,30,Cached OCR page should exist,The profile points to a page that is not present in the OCR cache.,
72,ocr_page_missing,profile_candidate,plant-profile-002765,トウカエデ,Acer buergerianum,ムクロジ科,SAPINDACEAE,54,,日本の野生植物 第2巻,54,Cached OCR page should exist,The profile points to a page that is not present in the OCR cache.,
72,ocr_page_missing,profile_candidate,plant-profile-004766,トウキ,Angelica acutiloba var. acutiloba,セリ科,APIACEAE,303,604,日本の野生植物 第2巻,303,Cached OCR page should exist,The profile points to a page that is not present in the OCR cache.,
72,ocr_page_missing,profile_candidate,plant-profile-004454,トウゲブキ,Ligularia hodgsonii,キク科,ASTERACEAE,270,538,日本の野生植物 第2巻,270,Cached OCR page should exist,The profile points to a page that is not present in the OCR cache.,
72,ocr_page_missing,profile_candidate,plant-profile-003386,トウゴクミツバツツジ,Rhododendron wadanum,ツツジ科,ERICACEAE,138,,日本の野生植物 第2巻,138,Cached OCR page should exist,The profile points to a page that is not present in the OCR cache.,
72,ocr_page_missing,profile_candidate,plant-profile-003232,トウサワトラノオ,Lysimachia candida,サクラソウ科,PRIMULACEAE,121,,日本の野生植物 第2巻,121,Cached OCR page should exist,The profile points to a page that is not present in the OCR cache.,
72,ocr_page_missing,profile_candidate,plant-profile-004700,トウザンヒヨドリ,,,,295,588,日本の野生植物 第2巻,295,Cached OCR page should exist,The profile points to a page that is not present in the OCR cache.,
72,ocr_page_missing,profile_candidate,plant-profile-004127,トウシャジン,Adenophora stricta,キキョウ科,CAMPANULACEAE,230,,日本の野生植物 第2巻,230,Cached OCR page should exist,The profile points to a page that is not present in the OCR cache.,
72,ocr_page_missing,profile_candidate,plant-profile-003822,トウテイラン,Veroniea ornata,オオバコ科,PLANTAGINACEAE,190,,日本の野生植物 第2巻,190,Cached OCR page should exist,The profile points to a page that is not present in the OCR cache.,
72,ocr_page_missing,profile_candidate,plant-profile-004799,トウヌマゼリ,,,,306,611,日本の野生植物 第2巻,306,Cached OCR page should exist,The profile points to a page that is not present in the OCR cache.,
72,ocr_page_missing,profile_candidate,plant-profile-003958,トウバナ,Clinopodium gracile,シソ科,LAMIACEAE,209,,日本の野生植物 第2巻,209,Cached OCR page should exist,The profile points to a page that is not present in the OCR cache.,
72,ocr_page_missing,profile_candidate,plant-profile-003834,トウフジウツギ,Buddleja lindleyana,ゴマノハグサ科,SCROPHULARIACEAE,192,382,日本の野生植物 第2巻,192,Cached OCR page should exist,The profile points to a page that is not present in the OCR cache.,
72,ocr_page_missing,profile_candidate,plant-profile-004338,トウミトウヒレン,Saussurea mihoko-kawakamiana,キク科,ASTERACEAE,257,512,日本の野生植物 第2巻,257,Cached OCR page should exist,The profile points to a page that is not present in the OCR cache.,
72,ocr_page_missing,profile_candidate,plant-profile-003532,トウヤクリンドウ,Gentiana algida,アカネ科,RUBIACEAE,155,,日本の野生植物 第2巻,155,Cached OCR page should exist,The profile points to a page that is not present in the OCR cache.,
72,ocr_page_missing,profile_candidate,plant-profile-003569,トウワタ,Asclepias curassavica,キョウチクトウ科,APOCYNACEAE,160,318,日本の野生植物 第2巻,160,Cached OCR page should exist,The profile points to a page that is not present in the OCR cache.,
72,ocr_page_missing,profile_candidate,plant-profile-004289,トオノアザミ,Cirsium heiianum,キク科,ASTERACEAE,252,,日本の野生植物 第2巻,252,Cached OCR page should exist,The profile points to a page that is not present in the OCR cache.,
72,ocr_page_missing,profile_candidate,plant-profile-003049,トカチビランジ,Silene tokachiensis,ナデシコ科,CARYOPHYLLACEAE,96,,日本の野生植物 第2巻,96,Cached OCR page should exist,The profile points to a page that is not present in the OCR cache.,
72,ocr_page_missing,profile_candidate,plant-profile-002498,トカチヤナギ,Salix cardiophylla,ヤナギ科,SALICACEAE,23,44,日本の野生植物 第2巻,23,Cached OCR page should exist,The profile points to a page that is not present in the OCR cache.,
72,ocr_page_missing,profile_candidate,plant-profile-003160,トカラアジサイ,,,,112,222,日本の野生植物 第2巻,112,Cached OCR page should exist,The profile points to a page that is not present in the OCR cache.,
72,ocr_page_missing,profile_candidate,plant-profile-004297,トガアザミ,Cirsium togaense,キク科,ASTERACEAE,253,504,日本の野生植物 第2巻,253,Cached OCR page should exist,The profile points to a page that is not present in the OCR cache.,
72,ocr_page_missing,profile_candidate,plant-profile-002873,トガクシナズナ,Draba sakuraii,アブラナ科,BRASSICACEAE,74,,日本の野生植物 第2巻,74,Cached OCR page should exist,The profile points to a page that is not present in the OCR cache.,
72,ocr_page_missing,profile_candidate,plant-profile-004363,トガヒゴタイ,Saussurea muramatsui,キク科,ASTERACEAE,258,514,日本の野生植物 第2巻,258,Cached OCR page should exist,The profile points to a page that is not present in the OCR cache.,
72,ocr_page_missing,profile_candidate,plant-profile-003599,トキワカモメヅル,Vincetoxicum sieboldii,キョウチクトウ科,APOCYNACEAE,163,324,日本の野生植物 第2巻,163,Cached OCR page should exist,The profile points to a page that is not present in the OCR cache.,
72,ocr_page_missing,profile_candidate,plant-profile-003197,トキワガキ,Diospyros morrisiana,カキノキ科,EBENACEAE,117,,日本の野生植物 第2巻,117,Cached OCR page should exist,The profile points to a page that is not present in the OCR cache.,
72,ocr_page_missing,profile_candidate,plant-profile-003996,トキワハゼ,Mazus pumilus,サギゴケ科,MAZACEAE,214,426,日本の野生植物 第2巻,214,Cached OCR page should exist,The profile points to a page that is not present in the OCR cache.,
72,ocr_page_missing,profile_candidate,plant-profile-003377,トキワバイカツツジ,Rhododendron uwaense,ツツジ科,ERICACEAE,138,275,日本の野生植物 第2巻,138,Cached OCR page should exist,The profile points to a page that is not present in the OCR cache.,
72,ocr_page_missing,profile_candidate,plant-profile-004663,トキンソウ,Centipeda minima,キク科,ASTERACEAE,290,,日本の野生植物 第2巻,290,Cached OCR page should exist,The profile points to a page that is not present in the OCR cache.,
72,ocr_page_missing,profile_candidate,plant-profile-002529,トゲイヌツゲ,Scolopia oldhamii,ヤナギ科,SALICACEAE,26,50,日本の野生植物 第2巻,26,Cached OCR page should exist,The profile points to a page that is not present in the OCR cache.,
72,ocr_page_missing,profile_candidate,plant-profile-003753,トゲイボタ,Ligustrum tamakii,モクセイ科,OLEACEAE,181,,日本の野生植物 第2巻,181,Cached OCR page should exist,The profile points to a page that is not present in the OCR cache.,
72,ocr_page_missing,profile_candidate,plant-profile-004680,トゲオナモミ,Xanthium spinosum,キク科,ASTERACEAE,292,,日本の野生植物 第2巻,292,Cached OCR page should exist,The profile points to a page that is not present in the OCR cache.,
72,ocr_page_missing,profile_candidate,plant-profile-003115,トゲカズラ,Pisonia aculeata,オシロイバナ科,NYCTAGINACEAE,105,,日本の野生植物 第2巻,105,Cached OCR page should exist,The profile points to a page that is not present in the OCR cache.,
72,ocr_page_missing,profile_candidate,plant-profile-004415,トゲチシャ,Lactuca serriola,キク科,ASTERACEAE,263,,日本の野生植物 第2巻,263,Cached OCR page should exist,The profile points to a page that is not present in the OCR cache.,
72,ocr_page_missing,profile_candidate,plant-profile-003116,トゲミウドノキ,Pisonia grandis,オシロイバナ科,NYCTAGINACEAE,105,,日本の野生植物 第2巻,105,Cached OCR page should exist,The profile points to a page that is not present in the OCR cache.,
72,ocr_page_missing,profile_candidate,plant-profile-003702,トゲミノイヌチシャ,Cordia aspera,ムラサキ科,BORAGINACEAE,174,347,日本の野生植物 第2巻,174,Cached OCR page should exist,The profile points to a page that is not present in the OCR cache.,
72,ocr_page_missing,profile_candidate,plant-profile-002615,トサオトギリ,Hyperieum tosaense,オトギリソウ科,HYPERICACEAE,36,,日本の野生植物 第2巻,36,Cached OCR page should exist,The profile points to a page that is not present in the OCR cache.,
72,ocr_page_missing,profile_candidate,plant-profile-004368,トサトウヒレン,Saussurea yoshinagae,キク科,ASTERACEAE,258,,日本の野生植物 第2巻,258,Cached OCR page should exist,The profile points to a page that is not present in the OCR cache.,
72,ocr_page_missing,profile_candidate,plant-profile-003860,トサムラサキ,Callicarpa shikokiana,シソ科,LAMIACEAE,197,393,日本の野生植物 第2巻,197,Cached OCR page should exist,The profile points to a page that is not present in the OCR cache.,
72,ocr_page_missing,profile_candidate,plant-profile-002694,トダイアカバナ,Epilobium platystigmatosum,アカバナ科,ONAGRACEAE,44,,日本の野生植物 第2巻,44,Cached OCR page should exist,The profile points to a page that is not present in the OCR cache.,
72,ocr_page_missing,profile_candidate,plant-profile-003200,トチナイソウ,Androsace chamaejasme,サクラソウ科,PRIMULACEAE,118,,日本の野生植物 第2巻,118,Cached OCR page should exist,The profile points to a page that is not present in the OCR cache.,
72,ocr_page_missing,profile_candidate,plant-profile-002766,トチノキ,Aesculus turbinata,ムクロジ科,SAPINDACEAE,54,,日本の野生植物 第2巻,54,Cached OCR page should exist,The profile points to a page that is not present in the OCR cache.,
72,ocr_page_missing,profile_candidate,plant-profile-004734,トチバニンジン,Panax japonicus var. japonicus,ウコギ科,ARALIACEAE,299,597,日本の野生植物 第2巻,299,Cached OCR page should exist,The profile points to a page that is not present in the OCR cache.,
72,ocr_page_missing,profile_candidate,plant-profile-003737,トネリコ,Fraxinus japonica,モクセイ科,OLEACEAE,180,359,日本の野生植物 第2巻,180,Cached OCR page should exist,The profile points to a page that is not present in the OCR cache.,
72,ocr_page_missing,profile_candidate,plant-profile-002767,トネリコバノカエデ,Acer negundo,ムクロジ科,SAPINDACEAE,54,,日本の野生植物 第2巻,54,Cached OCR page should exist,The profile points to a page that is not present in the OCR cache.,
72,ocr_page_missing,profile_candidate,plant-profile-004369,トビシマトウヒレン,Saussurea katoana,キク科,ASTERACEAE,258,,日本の野生植物 第2巻,258,Cached OCR page should exist,The profile points to a page that is not present in the OCR cache.,
72,ocr_page_missing,profile_candidate,plant-profile-004709,トベラ,Pittosporum tobira,トベラ科,PITTOSPORACEAE,295,,日本の野生植物 第2巻,295,Cached OCR page should exist,The profile points to a page that is not present in the OCR cache.,
72,ocr_page_missing,profile_candidate,plant-profile-003697,トマトダマシ,Solanum rostratum,ナス科,SOLANACEAE,173,,日本の野生植物 第2巻,173,Cached OCR page should exist,The profile points to a page that is not present in the OCR cache.,
72,ocr_page_missing,profile_candidate,plant-profile-002602,トモエソウ,Hypericum ascyron var. ascyron,オトギリソウ科,HYPERICACEAE,36,70,日本の野生植物 第2巻,36,Cached OCR page should exist,The profile points to a page that is not present in the OCR cache.,
72,ocr_page_missing,profile_candidate,plant-profile-002874,トモシリソウ,Cochlearia officinalis,アブラナ科,BRASSICACEAE,74,,日本の野生植物 第2巻,74,Cached OCR page should exist,The profile points to a page that is not present in the OCR cache.,
72,ocr_page_missing,profile_candidate,plant-profile-003831,トラノオスズカケ,Veronicastrum axillare,オオバコ科,PLANTAGINACEAE,191,,日本の野生植物 第2巻,191,Cached OCR page should exist,The profile points to a page that is not present in the OCR cache.,
72,ocr_page_missing,profile_candidate,plant-profile-003398,ドウダンツツジ,Enkianthus perulatus,ツツジ科,ERICACEAE,139,,日本の野生植物 第2巻,139,Cached OCR page should exist,The profile points to a page that is not present in the OCR cache.,
72,ocr_page_missing,profile_candidate,plant-profile-004782,ドクゼリ,Cicuta virosa,セリ科,APIACEAE,304,,日本の野生植物 第2巻,304,Cached OCR page should exist,The profile points to a page that is not present in the OCR cache.,
72,ocr_page_missing,profile_candidate,plant-profile-002496,ドロヤナギ,Populus suaveolens Fisch.,ヤナギ科,SALICACEAE,19,37,日本の野生植物 第2巻,19,Cached OCR page should exist,The profile points to a page that is not present in the OCR cache.,
72,ocr_page_missing,profile_candidate,plant-profile-004609,ナカガワノギク,Chrysanthemum yoshinaganthum,キク科,ASTERACEAE,283,,日本の野生植物 第2巻,283,Cached OCR page should exist,The profile points to a page that is not present in the OCR cache.,
72,ocr_page_missing,profile_candidate,plant-profile-003275,ナカハラクロキ,Symplocos nakaharae,ハイノキ科,SYMPLOCACEAE,126,250,日本の野生植物 第2巻,126,Cached OCR page should exist,The profile points to a page that is not present in the OCR cache.,
72,ocr_page_missing,profile_candidate,plant-profile-003668,ナガエノセンナリホオズキ,Physalis acutifolia,ナス科,SOLANACEAE,171,,日本の野生植物 第2巻,171,Cached OCR page should exist,The profile points to a page that is not present in the OCR cache.,
72,ocr_page_missing,profile_candidate,plant-profile-002624,ナガサキオトギリ,Hypericum kiusianum var. kiusianum,オトギリソウ科,HYPERICACEAE,37,73,日本の野生植物 第2巻,37,Cached OCR page should exist,The profile points to a page that is not present in the OCR cache.,
72,ocr_page_missing,profile_candidate,plant-profile-004236,ナガトアザミ,Cirsium nagatoense,キク科,ASTERACEAE,250,499,日本の野生植物 第2巻,250,Cached OCR page should exist,The profile points to a page that is not present in the OCR cache.,
72,ocr_page_missing,profile_candidate,plant-profile-002582,ナガハシスミレ,Viola rostrata var. japonica,スミレ科,VIOLACEAE,31,61,日本の野生植物 第2巻,31,Cached OCR page should exist,The profile points to a page that is not present in the OCR cache.,
72,ocr_page_missing,profile_candidate,plant-profile-003611,ナガバアサガオ,Aniseia martinicensis,キョウチクトウ科,APOCYNACEAE,164,,日本の野生植物 第2巻,164,Cached OCR page should exist,The profile points to a page that is not present in the OCR cache.,
72,ocr_page_missing,profile_candidate,plant-profile-004105,ナガバイヌツゲ,Ilex mnaximowieziana,モチノキ科,AQUIFOLIACEAE,228,,日本の野生植物 第2巻,228,Cached OCR page should exist,The profile points to a page that is not present in the OCR cache.,
72,ocr_page_missing,profile_candidate,plant-profile-004314,ナガバキタアザミ,Saussurea riederi var. yezoensis,キク科,ASTERACEAE,256,510,日本の野生植物 第2巻,256,Cached OCR page should exist,The profile points to a page that is not present in the OCR cache.,
72,ocr_page_missing,profile_candidate,plant-profile-002720,ナガバキブシ,Stachyurus macrocarpus Koidz. var. macrocarpus,キブシ科,STACHYURACEAE,49,97,日本の野生植物 第2巻,49,Cached OCR page should exist,The profile points to a page that is not present in the OCR cache.,
72,ocr_page_missing,profile_candidate,plant-profile-002982,ナガバギシギシ,,,,89,177,日本の野生植物 第2巻,89,Cached OCR page should exist,The profile points to a page that is not present in the OCR cache.,
72,ocr_page_missing,profile_candidate,plant-profile-003444,ナガバジュズネノキ,Damnacanthus giganteus,アカネ科,RUBIACEAE,146,,日本の野生植物 第2巻,146,Cached OCR page should exist,The profile points to a page that is not present in the OCR cache.,
72,ocr_page_missing,profile_candidate,plant-profile-002591,ナガバタチツボスミレ,Viola ovato-oblonga,スミレ科,VIOLACEAE,31,,日本の野生植物 第2巻,31,Cached OCR page should exist,The profile points to a page that is not present in the OCR cache.,
72,ocr_page_missing,profile_candidate,plant-profile-003063,ナガバツメクサ,Stellaria longifolia,ナデシコ科,CARYOPHYLLACEAE,97,193,日本の野生植物 第2巻,97,Cached OCR page should exist,The profile points to a page that is not present in the OCR cache.,
72,ocr_page_missing,profile_candidate,plant-profile-002997,ナガバノイシモチソウ,Drosera indica,タデ科,POLYGONACEAE,91,,日本の野生植物 第2巻,91,Cached OCR page should exist,The profile points to a page that is not present in the OCR cache.,
72,ocr_page_missing,profile_candidate,plant-profile-002960,ナガバノウナギツカミ,Persiearia hastatosagittata,タデ科,POLYGONACEAE,87,,日本の野生植物 第2巻,87,Cached OCR page should exist,The profile points to a page that is not present in the OCR cache.,
72,ocr_page_missing,profile_candidate,plant-profile-004174,ナガバノコウヤボウキ,Pertya glabrescens,キク科,ASTERACEAE,242,,日本の野生植物 第2巻,242,Cached OCR page should exist,The profile points to a page that is not present in the OCR cache.,
72,ocr_page_missing,profile_candidate,plant-profile-002543,ナガバノスミレサイシン,Viola bissetii,スミレ科,VIOLACEAE,29,56,日本の野生植物 第2巻,29,Cached OCR page should exist,The profile points to a page that is not present in the OCR cache.,
72,ocr_page_missing,profile_candidate,plant-profile-002998,ナガバノモウセンゴケ,Drosera anglica,タデ科,POLYGONACEAE,91,,日本の野生植物 第2巻,91,Cached OCR page should exist,The profile points to a page that is not present in the OCR cache.,
72,ocr_page_missing,profile_candidate,plant-profile-002945,ナガバノヤノネグサ,Persicaria breviochreata,タデ科,POLYGONACEAE,87,172,日本の野生植物 第2巻,87,Cached OCR page should exist,The profile points to a page that is not present in the OCR cache.,
72,ocr_page_missing,profile_candidate,plant-profile-004002,ナガバハエドクソウ,Phryma oblongifolia,ハエドクソウ科,PHRYMACEAE,215,428,日本の野生植物 第2巻,215,Cached OCR page should exist,The profile points to a page that is not present in the OCR cache.,
72,ocr_page_missing,profile_candidate,plant-profile-004166,ナガバハグマ,Ainsliaea oblonga,キク科,ASTERACEAE,241,,日本の野生植物 第2巻,241,Cached OCR page should exist,The profile points to a page that is not present in the OCR cache.,
72,ocr_page_missing,profile_candidate,plant-profile-004092,ナガボソウ,Stachytarpheta urticifolia,クマツヅラ科,VERBENACEAE,226,,日本の野生植物 第2巻,226,Cached OCR page should exist,The profile points to a page that is not present in the OCR cache.,
72,ocr_page_missing,profile_candidate,plant-profile-003411,ナガボナツハゼ,Vaccinium sieboldii Miq.,ツツジ科,ERICACEAE,142,282,日本の野生植物 第2巻,142,Cached OCR page should exist,The profile points to a page that is not present in the OCR cache.,
72,ocr_page_missing,profile_candidate,plant-profile-003769,ナガミカズラ,Aeschynanthus aeuminatus,イワタバコ科,GESNERIACEAE,183,,日本の野生植物 第2巻,183,Cached OCR page should exist,The profile points to a page that is not present in the OCR cache.,
72,ocr_page_missing,profile_candidate,plant-profile-003506,ナガミボチョウジ,Psychotria manillensis,アカネ科,RUBIACEAE,152,302,日本の野生植物 第2巻,152,Cached OCR page should exist,The profile points to a page that is not present in the OCR cache.,
72,ocr_page_missing,profile_candidate,plant-profile-003942,ナギナタコウジュ,Elsholtzia ciliata,シソ科,LAMIACEAE,207,,日本の野生植物 第2巻,207,Cached OCR page should exist,The profile points to a page that is not present in the OCR cache.,
72,ocr_page_missing,profile_candidate,plant-profile-002853,ナズナ,Capsella bursa-pastoris,アブラナ科,BRASSICACEAE,72,142,日本の野生植物 第2巻,72,Cached OCR page should exist,The profile points to a page that is not present in the OCR cache.,
72,ocr_page_missing,profile_candidate,plant-profile-003147,ナチウツギ,,,,110,219,日本の野生植物 第2巻,110,Cached OCR page should exist,The profile points to a page that is not present in the OCR cache.,
72,ocr_page_missing,profile_candidate,plant-profile-003257,ナツツバキ,Stewartia pseudocamellia,ツバキ科,THEACEAE,124,247,日本の野生植物 第2巻,124,Cached OCR page should exist,The profile points to a page that is not present in the OCR cache.,
72,ocr_page_missing,profile_candidate,plant-profile-003985,ナツノタムラソウ,Salvia lutescens,シソ科,LAMIACEAE,212,,日本の野生植物 第2巻,212,Cached OCR page should exist,The profile points to a page that is not present in the OCR cache.,
72,ocr_page_missing,profile_candidate,plant-profile-003412,ナツハゼ,Vaccinium oldhamii,ツツジ科,ERICACEAE,142,282,日本の野生植物 第2巻,142,Cached OCR page should exist,The profile points to a page that is not present in the OCR cache.,
72,ocr_page_missing,profile_candidate,plant-profile-004237,ナトリアザミ,Cirsium kasaianum,キク科,ASTERACEAE,250,499,日本の野生植物 第2巻,250,Cached OCR page should exist,The profile points to a page that is not present in the OCR cache.,
72,ocr_page_missing,profile_candidate,plant-profile-004100,ナナミノキ,Ilex chinensis,モチノキ科,AQUIFOLIACEAE,228,455,日本の野生植物 第2巻,228,Cached OCR page should exist,The profile points to a page that is not present in the OCR cache.,
72,ocr_page_missing,profile_candidate,plant-profile-003117,ナハカノコソウ,Boerhavia glabrata,オシロイバナ科,NYCTAGINACEAE,105,,日本の野生植物 第2巻,105,Cached OCR page should exist,The profile points to a page that is not present in the OCR cache.,
72,ocr_page_missing,profile_candidate,plant-profile-004840,ナベナ,Dipsaeus japonieus,スイカズラ科,CAPRIFOLIACEAE,312,,日本の野生植物 第2巻,312,Cached OCR page should exist,The profile points to a page that is not present in the OCR cache.,
72,ocr_page_missing,profile_candidate,plant-profile-003904,ナミキソウ,Scutellaria strigillosa,シソ科,LAMIACEAE,202,403,日本の野生植物 第2巻,202,Cached OCR page should exist,The profile points to a page that is not present in the OCR cache.,
72,ocr_page_missing,profile_candidate,plant-profile-004014,ナヨナヨコゴメグサ,Euphrasia microphylla,ハマウツボ科,OROBANCHACEAE,217,,日本の野生植物 第2巻,217,Cached OCR page should exist,The profile points to a page that is not present in the OCR cache.,
72,ocr_page_missing,profile_candidate,plant-profile-004449,ナンカイウスベニニガナ,Emilia fosbergii,キク科,ASTERACEAE,269,536,日本の野生植物 第2巻,269,Cached OCR page should exist,The profile points to a page that is not present in the OCR cache.,
72,ocr_page_missing,profile_candidate,plant-profile-003601,ナンゴクカモメヅル,Vincetoxicum austrokiusianum,キョウチクトウ科,APOCYNACEAE,163,325,日本の野生植物 第2巻,163,Cached OCR page should exist,The profile points to a page that is not present in the OCR cache.,
72,ocr_page_missing,profile_candidate,plant-profile-002660,ナンゴクヒメミソハギ,,,,41,80,日本の野生植物 第2巻,41,Cached OCR page should exist,The profile points to a page that is not present in the OCR cache.,
72,ocr_page_missing,profile_candidate,plant-profile-003387,ナンゴクミツバツツジ,Rhododendron mayebarae,ツツジ科,ERICACEAE,138,,日本の野生植物 第2巻,138,Cached OCR page should exist,The profile points to a page that is not present in the OCR cache.,
72,ocr_page_missing,profile_candidate,plant-profile-002755,ナンゴクミネカエデ,Acer australe,ムクロジ科,SAPINDACEAE,53,,日本の野生植物 第2巻,53,Cached OCR page should exist,The profile points to a page that is not present in the OCR cache.,
72,ocr_page_missing,profile_candidate,plant-profile-002552,ナンザンスミレ,Viola chaerophylloides,スミレ科,VIOLACEAE,29,,日本の野生植物 第2巻,29,Cached OCR page should exist,The profile points to a page that is not present in the OCR cache.,
72,ocr_page_missing,profile_candidate,plant-profile-004007,ナンバンギセル,Aeginetia indica,ハマウツボ科,OROBANCHACEAE,216,431,日本の野生植物 第2巻,216,Cached OCR page should exist,The profile points to a page that is not present in the OCR cache.,
72,ocr_page_missing,profile_candidate,plant-profile-003035,ナンバンハコベ,Silene baccifera var. japonica,ナデシコ科,CARYOPHYLLACEAE,95,189,日本の野生植物 第2巻,95,Cached OCR page should exist,The profile points to a page that is not present in the OCR cache.,
72,ocr_page_missing,profile_candidate,plant-profile-004253,ナンブアザミ,Cirsium tonense,キク科,ASTERACEAE,251,500,日本の野生植物 第2巻,251,Cached OCR page should exist,The profile points to a page that is not present in the OCR cache.,
72,ocr_page_missing,profile_candidate,plant-profile-002872,ナンブイヌナズナ,Draba japonica Maxim.,アブラナ科,BRASSICACEAE,74,147,日本の野生植物 第2巻,74,Cached OCR page should exist,The profile points to a page that is not present in the OCR cache.,
72,ocr_page_missing,profile_candidate,plant-profile-004183,ナンブタカネアザミ,Cirsium nambuense,キク科,ASTERACEAE,247,493,日本の野生植物 第2巻,247,Cached OCR page should exist,The profile points to a page that is not present in the OCR cache.,
72,ocr_page_missing,profile_candidate,plant-profile-002926,ナンブトラノオ,Bistorta hayachinensis (Makino) H. Gross,タデ科,POLYGONACEAE,84,167,日本の野生植物 第2巻,84,Cached OCR page should exist,The profile points to a page that is not present in the OCR cache.,
72,ocr_page_missing,profile_candidate,plant-profile-003022,ナンブワチガイソウ,Pseudostellaria japonica (Korsh.) Pax,ナデシコ科,CARYOPHYLLACEAE,94,187,日本の野生植物 第2巻,94,Cached OCR page should exist,The profile points to a page that is not present in the OCR cache.,
72,ocr_page_missing,profile_candidate,plant-profile-004345,ナンプトウヒレン,Saussurea sugimurae,キク科,ASTERACEAE,257,513,日本の野生植物 第2巻,257,Cached OCR page should exist,The profile points to a page that is not present in the OCR cache.,
72,ocr_page_missing,profile_candidate,plant-profile-004568,ニイタカヨモギ,,,,281,560,日本の野生植物 第2巻,281,Cached OCR page should exist,The profile points to a page that is not present in the OCR cache.,
72,ocr_page_missing,profile_candidate,plant-profile-002583,ニオイタチツボスミレ,Viola obtusa,スミレ科,VIOLACEAE,31,61,日本の野生植物 第2巻,31,Cached OCR page should exist,The profile points to a page that is not present in the OCR cache.,
72,ocr_page_missing,profile_candidate,plant-profile-002961,ニオイタデ,Persiearia viseosa,タデ科,POLYGONACEAE,87,,日本の野生植物 第2巻,87,Cached OCR page should exist,The profile points to a page that is not present in the OCR cache.,
72,ocr_page_missing,profile_candidate,plant-profile-002795,ニガキ,Picrasma quassioides,ニガキ科,SIMAROUBACEAE,58,,日本の野生植物 第2巻,58,Cached OCR page should exist,The profile points to a page that is not present in the OCR cache.,
72,ocr_page_missing,profile_candidate,plant-profile-003898,ニガクサ,Teucrium japonicum,シソ科,LAMIACEAE,201,400,日本の野生植物 第2巻,201,Cached OCR page should exist,The profile points to a page that is not present in the OCR cache.,
72,ocr_page_missing,profile_candidate,plant-profile-004395,ニガナ,Ixeridium dentatum,キク科,ASTERACEAE,261,,日本の野生植物 第2巻,261,Cached OCR page should exist,The profile points to a page that is not present in the OCR cache.,
72,ocr_page_missing,profile_candidate,plant-profile-003481,ニコゲルリミノキ,Lasiantlus hispidulus,アカネ科,RUBIACEAE,149,,日本の野生植物 第2巻,149,Cached OCR page should exist,The profile points to a page that is not present in the OCR cache.,
72,ocr_page_missing,profile_candidate,plant-profile-004881,ニシキウツギ,Weigela decora,スイカズラ科,CAPRIFOLIACEAE,316,630,日本の野生植物 第2巻,316,Cached OCR page should exist,The profile points to a page that is not present in the OCR cache.,
72,ocr_page_missing,profile_candidate,plant-profile-003941,ニシキコウジュ,,,,207,413,日本の野生植物 第2巻,207,Cached OCR page should exist,The profile points to a page that is not present in the OCR cache.,
72,ocr_page_missing,profile_candidate,plant-profile-003891,ニシキゴロモ,Ajuga yesoensis,シソ科,LAMIACEAE,200,,日本の野生植物 第2巻,200,Cached OCR page should exist,The profile points to a page that is not present in the OCR cache.,
72,ocr_page_missing,profile_candidate,plant-profile-004226,ニセツクシアザミ,Cirsium psendosuffultum,キク科,ASTERACEAE,249,,日本の野生植物 第2巻,249,Cached OCR page should exist,The profile points to a page that is not present in the OCR cache.,
72,ocr_page_missing,profile_candidate,plant-profile-002637,ニッコウオトギリ,Hypericum nikkoense,オトギリソウ科,HYPERICACEAE,37,,日本の野生植物 第2巻,37,Cached OCR page should exist,The profile points to a page that is not present in the OCR cache.,
72,ocr_page_missing,profile_candidate,plant-profile-004477,ニッコウコウモリ,Parasenecio nantaieus,キク科,ASTERACEAE,272,543,日本の野生植物 第2巻,272,Cached OCR page should exist,The profile points to a page that is not present in the OCR cache.,
72,ocr_page_missing,profile_candidate,plant-profile-004869,ニッコウヒョウタンボク,Lonicera mochidzukiana,スイカズラ科,CAPRIFOLIACEAE,314,,日本の野生植物 第2巻,314,Cached OCR page should exist,The profile points to a page that is not present in the OCR cache.,
72,ocr_page_missing,profile_candidate,plant-profile-004298,ニッポウアザミ,Cirsium nippoense,キク科,ASTERACEAE,253,504,日本の野生植物 第2巻,253,Cached OCR page should exist,The profile points to a page that is not present in the OCR cache.,
72,ocr_page_missing,profile_candidate,plant-profile-004676,ニトベギク,Tithonia diversifolia,キク科,ASTERACEAE,292,582,日本の野生植物 第2巻,292,Cached OCR page should exist,The profile points to a page that is not present in the OCR cache.,
72,ocr_page_missing,profile_candidate,plant-profile-002790,ニワウルシ,Ailanthus altissima,ニガキ科,SIMAROUBACEAE,58,115,日本の野生植物 第2巻,58,Cached OCR page should exist,The profile points to a page that is not present in the OCR cache.,
72,ocr_page_missing,profile_candidate,plant-profile-004815,ニワトコ,Sambucus racemosa subsp. sieboldiana var. sieboldiana,ガマズミ科,VIBURNACEAE,308,614,日本の野生植物 第2巻,308,Cached OCR page should exist,The profile points to a page that is not present in the OCR cache.,
72,ocr_page_missing,profile_candidate,plant-profile-002972,ヌカボタデ,Persiearia taquetii,タデ科,POLYGONACEAE,88,,日本の野生植物 第2巻,88,Cached OCR page should exist,The profile points to a page that is not present in the OCR cache.,
72,ocr_page_missing,profile_candidate,plant-profile-002978,ヌカボミチヤナギ,Polygonum argyrocoleon Steud. ex Kunze,タデ科,POLYGONACEAE,89,176,日本の野生植物 第2巻,89,Cached OCR page should exist,The profile points to a page that is not present in the OCR cache.,
72,ocr_page_missing,profile_candidate,plant-profile-004800,ヌマゼリ,Sium suave,セリ科,APIACEAE,306,611,日本の野生植物 第2巻,306,Cached OCR page should exist,The profile points to a page that is not present in the OCR cache.,
72,ocr_page_missing,profile_candidate,plant-profile-004697,ヌマダイコン,Adenostemma lavenia,キク科,ASTERACEAE,294,,日本の野生植物 第2巻,294,Cached OCR page should exist,The profile points to a page that is not present in the OCR cache.,
72,ocr_page_missing,profile_candidate,plant-profile-004681,ヌマツルギク,Acmella oppositifolia,キク科,ASTERACEAE,292,,日本の野生植物 第2巻,292,Cached OCR page should exist,The profile points to a page that is not present in the OCR cache.,
72,ocr_page_missing,profile_candidate,plant-profile-003233,ヌマトラノオ,Lysimachia fortunei,サクラソウ科,PRIMULACEAE,121,,日本の野生植物 第2巻,121,Cached OCR page should exist,The profile points to a page that is not present in the OCR cache.,
72,ocr_page_missing,profile_candidate,plant-profile-003122,ヌマハコベ,Montia fontana,ヌマハコベ科,MONTIACEAE,106,,日本の野生植物 第2巻,106,Cached OCR page should exist,The profile points to a page that is not present in the OCR cache.,
72,ocr_page_missing,profile_candidate,plant-profile-002730,ヌルデ,Rhus javanica,ウルシ科,ANACARDIACEAE,50,,日本の野生植物 第2巻,50,Cached OCR page should exist,The profile points to a page that is not present in the OCR cache.,
72,ocr_page_missing,profile_candidate,plant-profile-003638,ネコアサガオ,Ipomoea biflora,キョウチクトウ科,APOCYNACEAE,167,,日本の野生植物 第2巻,167,Cached OCR page should exist,The profile points to a page that is not present in the OCR cache.,
72,ocr_page_missing,profile_candidate,plant-profile-004668,ネコノシタ,Melanthera prostrata,キク科,ASTERACEAE,291,580,日本の野生植物 第2巻,291,Cached OCR page should exist,The profile points to a page that is not present in the OCR cache.,
72,ocr_page_missing,profile_candidate,plant-profile-002527,ネコヤナギ,Salix gracilistyla,ヤナギ科,SALICACEAE,24,,日本の野生植物 第2巻,24,Cached OCR page should exist,The profile points to a page that is not present in the OCR cache.,
72,ocr_page_missing,profile_candidate,plant-profile-004329,ネコヤマヒゴタイ,Saussurea modesta,キク科,ASTERACEAE,256,,日本の野生植物 第2巻,256,Cached OCR page should exist,The profile points to a page that is not present in the OCR cache.,
72,ocr_page_missing,profile_candidate,plant-profile-003409,ネジキ,Lyonia ovalifolia,ツツジ科,ERICACEAE,141,,日本の野生植物 第2巻,141,Cached OCR page should exist,The profile points to a page that is not present in the OCR cache.,
72,ocr_page_missing,profile_candidate,plant-profile-003754,ネズミモチ,Ligustrum japonicum,モクセイ科,OLEACEAE,181,,日本の野生植物 第2巻,181,Cached OCR page should exist,The profile points to a page that is not present in the OCR cache.,
72,ocr_page_missing,profile_candidate,plant-profile-003617,ネナシカズラ,Cuscuta japonica,ヒルガオ科,CONVOLVULACEAE,165,329,日本の野生植物 第2巻,165,Cached OCR page should exist,The profile points to a page that is not present in the OCR cache.,
72,ocr_page_missing,profile_candidate,plant-profile-002962,ネバリタデ,Persiearia viseofera,タデ科,POLYGONACEAE,87,,日本の野生植物 第2巻,87,Cached OCR page should exist,The profile points to a page that is not present in the OCR cache.,
72,ocr_page_missing,profile_candidate,plant-profile-002665,ネバリミソハギ,Cuphea carthagenensis,ミソハギ科,LYTHRACEAE,41,,日本の野生植物 第2巻,41,Cached OCR page should exist,The profile points to a page that is not present in the OCR cache.,
72,ocr_page_missing,profile_candidate,plant-profile-004044,ネムロシオガマ,Pedieularis schistostegia,ハマウツボ科,OROBANCHACEAE,220,,日本の野生植物 第2巻,220,Cached OCR page should exist,The profile points to a page that is not present in the OCR cache.,
72,ocr_page_missing,profile_candidate,plant-profile-004843,ネムロブシダマ,Lonicera chrysantha,スイカズラ科,CAPRIFOLIACEAE,313,624,日本の野生植物 第2巻,313,Cached OCR page should exist,The profile points to a page that is not present in the OCR cache.,
72,ocr_page_missing,profile_candidate,plant-profile-003632,ノアサガオ,Ipomoea indica,ヒルガオ科,CONVOLVULACEAE,167,333,日本の野生植物 第2巻,167,Cached OCR page should exist,The profile points to a page that is not present in the OCR cache.,
72,ocr_page_missing,profile_candidate,plant-profile-004194,ノアザミ,Cirsium japonicum,キク科,ASTERACEAE,248,494,日本の野生植物 第2巻,248,Cached OCR page should exist,The profile points to a page that is not present in the OCR cache.,
72,ocr_page_missing,profile_candidate,plant-profile-004088,ノウゼンカズラ,Campsis grandiflora,ノウゼンカズラ科,BIGNONIACEAE,226,450,日本の野生植物 第2巻,226,Cached OCR page should exist,The profile points to a page that is not present in the OCR cache.,
72,ocr_page_missing,profile_candidate,plant-profile-003089,ノゲイトウ,Celosia argentea,ヒユ科,AMARANTHACEAE,101,,日本の野生植物 第2巻,101,Cached OCR page should exist,The profile points to a page that is not present in the OCR cache.,
72,ocr_page_missing,profile_candidate,plant-profile-004419,ノゲシ,Sonchus oleraceus,キク科,ASTERACEAE,264,526,日本の野生植物 第2巻,264,Cached OCR page should exist,The profile points to a page that is not present in the OCR cache.,
72,ocr_page_missing,profile_candidate,plant-profile-004562,ノコギリソウ,Achillea alpina,キク科,ASTERACEAE,279,,日本の野生植物 第2巻,279,Cached OCR page should exist,The profile points to a page that is not present in the OCR cache.,
72,ocr_page_missing,profile_candidate,plant-profile-004529,ノコンギク,Aster microcephalus var. ovatus,キク科,ASTERACEAE,276,551,日本の野生植物 第2巻,276,Cached OCR page should exist,The profile points to a page that is not present in the OCR cache.,
72,ocr_page_missing,profile_candidate,plant-profile-002811,ノジアオイ,Melochia corchorifolia,アオイ科,MALVACEAE,62,,日本の野生植物 第2巻,62,Cached OCR page should exist,The profile points to a page that is not present in the OCR cache.,
72,ocr_page_missing,profile_candidate,plant-profile-004597,ノジギク,Chrysanthemum japonense var. japonense,キク科,ASTERACEAE,283,564,日本の野生植物 第2巻,283,Cached OCR page should exist,The profile points to a page that is not present in the OCR cache.,
72,ocr_page_missing,profile_candidate,plant-profile-002553,ノジスミレ,Viola yedoensis,スミレ科,VIOLACEAE,29,,日本の野生植物 第2巻,29,Cached OCR page should exist,The profile points to a page that is not present in the OCR cache.,
72,ocr_page_missing,profile_candidate,plant-profile-003234,ノジトラノオ,Lysimachia barystachys,サクラソウ科,PRIMULACEAE,121,,日本の野生植物 第2巻,121,Cached OCR page should exist,The profile points to a page that is not present in the OCR cache.,
72,ocr_page_missing,profile_candidate,plant-profile-004061,ノタヌキモ,Utricularia aurea,タヌキモ科,LENTIBULARIACEAE,222,,日本の野生植物 第2巻,222,Cached OCR page should exist,The profile points to a page that is not present in the OCR cache.,
72,ocr_page_missing,profile_candidate,plant-profile-002686,ノダアカバナ,,,,44,87,日本の野生植物 第2巻,44,Cached OCR page should exist,The profile points to a page that is not present in the OCR cache.,
72,ocr_page_missing,profile_candidate,plant-profile-002988,ノダイオウ,Rumex longifolius,タデ科,POLYGONACEAE,89,,日本の野生植物 第2巻,89,Cached OCR page should exist,The profile points to a page that is not present in the OCR cache.,
72,ocr_page_missing,profile_candidate,plant-profile-004761,ノダケ,Angelica decursiva,セリ科,APIACEAE,302,,日本の野生植物 第2巻,302,Cached OCR page should exist,The profile points to a page that is not present in the OCR cache.,
72,ocr_page_missing,profile_candidate,plant-profile-004741,ノチドメ,Hydrocotyle maritima,ウコギ科,ARALIACEAE,299,,日本の野生植物 第2巻,299,Cached OCR page should exist,The profile points to a page that is not present in the OCR cache.,
72,ocr_page_missing,profile_candidate,plant-profile-004879,ノヂシャ,Valerianella locusta,スイカズラ科,CAPRIFOLIACEAE,315,,日本の野生植物 第2巻,315,Cached OCR page should exist,The profile points to a page that is not present in the OCR cache.,
72,ocr_page_missing,profile_candidate,plant-profile-004406,ノニガナ,Ixeris polyeephala,キク科,ASTERACEAE,262,,日本の野生植物 第2巻,262,Cached OCR page should exist,The profile points to a page that is not present in the OCR cache.,
72,ocr_page_missing,profile_candidate,plant-profile-004198,ノハラアザミ,Cirsium oligophyllum,キク科,ASTERACEAE,248,495,日本の野生植物 第2巻,248,Cached OCR page should exist,The profile points to a page that is not present in the OCR cache.,
72,ocr_page_missing,profile_candidate,plant-profile-003050,ノハラツメクサ,Spergula arvensis,ナデシコ科,CARYOPHYLLACEAE,96,,日本の野生植物 第2巻,96,Cached OCR page should exist,The profile points to a page that is not present in the OCR cache.,
72,ocr_page_missing,profile_candidate,plant-profile-003101,ノハラヒジキ,,,,103,205,日本の野生植物 第2巻,103,Cached OCR page should exist,The profile points to a page that is not present in the OCR cache.,
72,ocr_page_missing,profile_candidate,plant-profile-004159,ノブキ,Adenoeanlon himalaicum,キク科,ASTERACEAE,240,,日本の野生植物 第2巻,240,Cached OCR page should exist,The profile points to a page that is not present in the OCR cache.,
72,ocr_page_missing,profile_candidate,plant-profile-002715,ノボタン,Melastoma candidum,ノボタン科,MELASTOMATACEAE,48,,日本の野生植物 第2巻,48,Cached OCR page should exist,The profile points to a page that is not present in the OCR cache.,
72,ocr_page_missing,profile_candidate,plant-profile-004246,ノマアザミ,Cirsium chikushiense,キク科,ASTERACEAE,250,,日本の野生植物 第2巻,250,Cached OCR page should exist,The profile points to a page that is not present in the OCR cache.,
72,ocr_page_missing,profile_candidate,plant-profile-003011,ノミノツヅリ,Arenaria serpyllifolia,ナデシコ科,CARYOPHYLLACEAE,92,,日本の野生植物 第2巻,92,Cached OCR page should exist,The profile points to a page that is not present in the OCR cache.,
72,ocr_page_missing,profile_candidate,plant-profile-003068,ノミノフスマ,Stellaria uliginosa,ナデシコ科,CARYOPHYLLACEAE,97,,日本の野生植物 第2巻,97,Cached OCR page should exist,The profile points to a page that is not present in the OCR cache.,
72,ocr_page_missing,profile_candidate,plant-profile-002513,ノヤナギ,Salix subopposita,ヤナギ科,SALICACEAE,23,,日本の野生植物 第2巻,23,Cached OCR page should exist,The profile points to a page that is not present in the OCR cache.,
72,ocr_page_missing,profile_candidate,plant-profile-003156,ノリウツギ,Heteromalla panieulata,アジサイ科,HYDRANGEACEAE,111,,日本の野生植物 第2巻,111,Cached OCR page should exist,The profile points to a page that is not present in the OCR cache.,
72,ocr_page_missing,profile_candidate,plant-profile-004263,ノリクラアザミ,Cirsium norikurense,キク科,ASTERACEAE,251,501,日本の野生植物 第2巻,251,Cached OCR page should exist,The profile points to a page that is not present in the OCR cache.,
72,ocr_page_missing,profile_candidate,plant-profile-002605,ハイオトギリ,Hyperieum kamtschaticum,オトギリソウ科,HYPERICACEAE,36,71,日本の野生植物 第2巻,36,Cached OCR page should exist,The profile points to a page that is not present in the OCR cache.,
72,ocr_page_missing,profile_candidate,plant-profile-002819,ハイキンゴジカ,Sida rhombifolia,アオイ科,MALVACEAE,63,,日本の野生植物 第2巻,63,Cached OCR page should exist,The profile points to a page that is not present in the OCR cache.,
72,ocr_page_missing,profile_candidate,plant-profile-003025,ハイツメクサ,Minuartia biflora,ナデシコ科,CARYOPHYLLACEAE,94,,日本の野生植物 第2巻,94,Cached OCR page should exist,The profile points to a page that is not present in the OCR cache.,
72,ocr_page_missing,profile_candidate,plant-profile-003276,ハイノキ,Symplocos myrtacea,ハイノキ科,SYMPLOCACEAE,126,250,日本の野生植物 第2巻,126,Cached OCR page should exist,The profile points to a page that is not present in the OCR cache.,
72,ocr_page_missing,profile_candidate,plant-profile-003249,ハイハマボッス,Samolus parviflorus,サクラソウ科,PRIMULACEAE,123,244,日本の野生植物 第2巻,123,Cached OCR page should exist,The profile points to a page that is not present in the OCR cache.,
72,ocr_page_missing,profile_candidate,plant-profile-003079,ハイビユ,Amaranthus dellexus,ヒユ科,AMARANTHACEAE,100,,日本の野生植物 第2巻,100,Cached OCR page should exist,The profile points to a page that is not present in the OCR cache.,
72,ocr_page_missing,profile_candidate,plant-profile-003726,ハイルリソウ,Nihon proliferum,ムラサキ科,BORAGINACEAE,178,,日本の野生植物 第2巻,178,Cached OCR page should exist,The profile points to a page that is not present in the OCR cache.,
72,ocr_page_missing,profile_candidate,plant-profile-002743,ハウチワカエデ,Acer japonicum,ムクロジ科,SAPINDACEAE,52,,日本の野生植物 第2巻,52,Cached OCR page should exist,The profile points to a page that is not present in the OCR cache.,
72,ocr_page_missing,profile_candidate,plant-profile-002761,ハウチワノキ,Dodonaea viscosa,ムクロジ科,SAPINDACEAE,54,107,日本の野生植物 第2巻,54,Cached OCR page should exist,The profile points to a page that is not present in the OCR cache.,
72,ocr_page_missing,profile_candidate,plant-profile-004003,ハエドクソウ,Phryma nana,ハエドクソウ科,PHRYMACEAE,215,428,日本の野生植物 第2巻,215,Cached OCR page should exist,The profile points to a page that is not present in the OCR cache.,
72,ocr_page_missing,profile_candidate,plant-profile-003174,ハガクレツリフネ,Impatiens hypophylla,ツリフネソウ科,BALSAMINACEAE,114,226,日本の野生植物 第2巻,114,Cached OCR page should exist,The profile points to a page that is not present in the OCR cache.,
72,ocr_page_missing,profile_candidate,plant-profile-004692,ハキダメギク,Galinsoga guadriradiata,キク科,ASTERACEAE,293,,日本の野生植物 第2巻,293,Cached OCR page should exist,The profile points to a page that is not present in the OCR cache.,
72,ocr_page_missing,profile_candidate,plant-profile-003297,ハクウンボク,Styrax obassia,エゴノキ科,STYRACACEAE,128,,日本の野生植物 第2巻,128,Cached OCR page should exist,The profile points to a page that is not present in the OCR cache.,
72,ocr_page_missing,profile_candidate,plant-profile-004254,ハクサンアザミ,Cirsium matsumurae,キク科,ASTERACEAE,251,500,日本の野生植物 第2巻,251,Cached OCR page should exist,The profile points to a page that is not present in the OCR cache.,
72,ocr_page_missing,profile_candidate,plant-profile-003800,ハクサンオオバコ,Plantago hakusanensis,オオバコ科,PLANTAGINACEAE,188,,日本の野生植物 第2巻,188,Cached OCR page should exist,The profile points to a page that is not present in the OCR cache.,
72,ocr_page_missing,profile_candidate,plant-profile-004861,ハクサンオミナエシ,Patrinia triloba,スイカズラ科,CAPRIFOLIACEAE,314,627,日本の野生植物 第2巻,314,Cached OCR page should exist,The profile points to a page that is not present in the OCR cache.,
72,ocr_page_missing,profile_candidate,plant-profile-003244,ハクサンコザクラ,Primula cuneifolia,サクラソウ科,PRIMULACEAE,122,,日本の野生植物 第2巻,122,Cached OCR page should exist,The profile points to a page that is not present in the OCR cache.,
72,ocr_page_missing,profile_candidate,plant-profile-004775,ハクサンサイコ,Bupleurum nipponieum,セリ科,APIACEAE,303,,日本の野生植物 第2巻,303,Cached OCR page should exist,The profile points to a page that is not present in the OCR cache.,
72,ocr_page_missing,profile_candidate,plant-profile-003333,ハクサンシャクナゲ,Rhododendron brachycarpum,ツツジ科,ERICACEAE,136,270,日本の野生植物 第2巻,136,Cached OCR page should exist,The profile points to a page that is not present in the OCR cache.,
72,ocr_page_missing,profile_candidate,plant-profile-002844,ハクサンハタザオ,Arabidopsis halleri subsp. gemmifera var. senanensis,アブラナ科,BRASSICACEAE,70,139,日本の野生植物 第2巻,70,Cached OCR page should exist,The profile points to a page that is not present in the OCR cache.,
72,ocr_page_missing,profile_candidate,plant-profile-002653,ハクサンフウロ,Geranium yesoense,フウロソウ科,GERANIACEAE,39,,日本の野生植物 第2巻,39,Cached OCR page should exist,The profile points to a page that is not present in the OCR cache.,
72,ocr_page_missing,profile_candidate,plant-profile-004797,ハクサンボウフウ,Peucedanum multivittatum,セリ科,APIACEAE,306,610,日本の野生植物 第2巻,306,Cached OCR page should exist,The profile points to a page that is not present in the OCR cache.,
72,ocr_page_missing,profile_candidate,plant-profile-004827,ハクサンボク,Viburnum japonicum var. japonicum,ガマズミ科,VIBURNACEAE,310,618,日本の野生植物 第2巻,310,Cached OCR page should exist,The profile points to a page that is not present in the OCR cache.,
72,ocr_page_missing,profile_candidate,plant-profile-002891,ハクセンナズナ,Maeropodium pterospermum,アブラナ科,BRASSICACEAE,76,,日本の野生植物 第2巻,76,Cached OCR page should exist,The profile points to a page that is not present in the OCR cache.,
72,ocr_page_missing,profile_candidate,plant-profile-003513,ハクチョウゲ,Serissa japonica,アカネ科,RUBIACEAE,152,,日本の野生植物 第2巻,152,Cached OCR page should exist,The profile points to a page that is not present in the OCR cache.,
72,ocr_page_missing,profile_candidate,plant-profile-004299,ハグロサンアザミ,Cirsium hagurosanense,キク科,ASTERACEAE,253,504,日本の野生植物 第2巻,253,Cached OCR page should exist,The profile points to a page that is not present in the OCR cache.,
72,ocr_page_missing,profile_candidate,plant-profile-004075,ハグロソウ,Peristrophe japonica,キツネノマゴ科,ACANTHACEAE,224,447,日本の野生植物 第2巻,224,Cached OCR page should exist,The profile points to a page that is not present in the OCR cache.,
72,ocr_page_missing,profile_candidate,plant-profile-004884,ハコネウツギ,Weigela coraeensis,スイカズラ科,CAPRIFOLIACEAE,316,,日本の野生植物 第2巻,316,Cached OCR page should exist,The profile points to a page that is not present in the OCR cache.,
72,ocr_page_missing,profile_candidate,plant-profile-004527,ハコネギク,Aster viscidulus var. viscidulus,キク科,ASTERACEAE,276,550,日本の野生植物 第2巻,276,Cached OCR page should exist,The profile points to a page that is not present in the OCR cache.,
72,ocr_page_missing,profile_candidate,plant-profile-003348,ハコネコメツツジ,Rhododendron tsusiophyllum,ツツジ科,ERICACEAE,136,,日本の野生植物 第2巻,136,Cached OCR page should exist,The profile points to a page that is not present in the OCR cache.,
72,ocr_page_missing,profile_candidate,plant-profile-003667,ハコベホオズキ,Salpichroa origanifolia (Lam.) Baill.,ナス科,SOLANACEAE,171,341,日本の野生植物 第2巻,171,Cached OCR page should exist,The profile points to a page that is not present in the OCR cache.,
72,ocr_page_missing,profile_candidate,plant-profile-003681,ハゴロモイヌホオズキ,Solanum trilorum,ナス科,SOLANACEAE,172,,日本の野生植物 第2巻,172,Cached OCR page should exist,The profile points to a page that is not present in the OCR cache.,
72,ocr_page_missing,profile_candidate,plant-profile-003485,ハシカグサ,Neanotis hirsuta,アカネ科,RUBIACEAE,150,299,日本の野生植物 第2巻,150,Cached OCR page should exist,The profile points to a page that is not present in the OCR cache.,
72,ocr_page_missing,profile_candidate,plant-profile-002716,ハシカンボク,Bredia hirsuta,ノボタン科,MELASTOMATACEAE,48,,日本の野生植物 第2巻,48,Cached OCR page should exist,The profile points to a page that is not present in the OCR cache.,
72,ocr_page_missing,profile_candidate,plant-profile-003761,ハシドイ,Syringa reticulata,モクセイ科,OLEACEAE,182,,日本の野生植物 第2巻,182,Cached OCR page should exist,The profile points to a page that is not present in the OCR cache.,
72,ocr_page_missing,profile_candidate,plant-profile-003669,ハシリドコロ,Seopolia japonica,ナス科,SOLANACEAE,171,,日本の野生植物 第2巻,171,Cached OCR page should exist,The profile points to a page that is not present in the OCR cache.,
72,ocr_page_missing,profile_candidate,plant-profile-002724,ハゼノキ,Toxicodendron succedaneum,ウルシ科,ANACARDIACEAE,50,99,日本の野生植物 第2巻,50,Cached OCR page should exist,The profile points to a page that is not present in the OCR cache.,
72,ocr_page_missing,profile_candidate,plant-profile-002903,ハタザオ,Turritis glabra,アブラナ科,BRASSICACEAE,78,,日本の野生植物 第2巻,78,Cached OCR page should exist,The profile points to a page that is not present in the OCR cache.,
72,ocr_page_missing,profile_candidate,plant-profile-003698,ハダカホオズキ,Tuboeapsieum anomalum,ナス科,SOLANACEAE,173,,日本の野生植物 第2巻,173,Cached OCR page should exist,The profile points to a page that is not present in the OCR cache.,
72,ocr_page_missing,profile_candidate,plant-profile-004247,ハチオウジアザミ,Cirsium tamastoloniferum,キク科,ASTERACEAE,250,,日本の野生植物 第2巻,250,Cached OCR page should exist,The profile points to a page that is not present in the OCR cache.,
72,ocr_page_missing,profile_candidate,plant-profile-004300,ハチジョウアザミ,Cirsium hachijoense,キク科,ASTERACEAE,253,504,日本の野生植物 第2巻,253,Cached OCR page should exist,The profile points to a page that is not present in the OCR cache.,
72,ocr_page_missing,profile_candidate,plant-profile-002638,ハチジョウオトギリ,Hypericum hachijyoense,オトギリソウ科,HYPERICACEAE,37,,日本の野生植物 第2巻,37,Cached OCR page should exist,The profile points to a page that is not present in the OCR cache.,
72,ocr_page_missing,profile_candidate,plant-profile-004015,ハチジョウコゴメグサ,Euphrasia hachtj oensis,ハマウツボ科,OROBANCHACEAE,217,,日本の野生植物 第2巻,217,Cached OCR page should exist,The profile points to a page that is not present in the OCR cache.,
72,ocr_page_missing,profile_candidate,plant-profile-004421,ハチジョウナ,Sonchus brachyotus,キク科,ASTERACEAE,264,,日本の野生植物 第2巻,264,Cached OCR page should exist,The profile points to a page that is not present in the OCR cache.,
72,ocr_page_missing,profile_candidate,plant-profile-004355,ハチノヘトウヒレン,Saussurea neichiana,キク科,ASTERACEAE,257,,日本の野生植物 第2巻,257,Cached OCR page should exist,The profile points to a page that is not present in the OCR cache.,
72,ocr_page_missing,profile_candidate,plant-profile-004205,ハチマンタイアザミ,Cirsium hachimantaiense,キク科,ASTERACEAE,248,,日本の野生植物 第2巻,248,Cached OCR page should exist,The profile points to a page that is not present in the OCR cache.,
72,ocr_page_missing,profile_candidate,plant-profile-003966,ハッカ,Mentha canadensis,シソ科,LAMIACEAE,210,,日本の野生植物 第2巻,210,Cached OCR page should exist,The profile points to a page that is not present in the OCR cache.,
72,ocr_page_missing,profile_candidate,plant-profile-004264,ハッポウアザミ,Cirsium happoense,キク科,ASTERACEAE,251,501,日本の野生植物 第2巻,251,Cached OCR page should exist,The profile points to a page that is not present in the OCR cache.,
72,ocr_page_missing,profile_candidate,plant-profile-002493,ハツバキ,Drypetes integerrima,ツゲモドキ科,PUTRANJIVACEAE,18,34,日本の野生植物 第2巻,18,Cached OCR page should exist,The profile points to a page that is not present in the OCR cache.,
72,ocr_page_missing,profile_candidate,plant-profile-002822,ハテルマカズラ,Triumfetta procumbens,アオイ科,MALVACEAE,64,126,日本の野生植物 第2巻,64,Cached OCR page should exist,The profile points to a page that is not present in the OCR cache.,
72,ocr_page_missing,profile_candidate,plant-profile-003464,ハテルマギリ,Guettarda speeiosa,アカネ科,RUBIACEAE,148,295,日本の野生植物 第2巻,148,Cached OCR page should exist,The profile points to a page that is not present in the OCR cache.,
72,ocr_page_missing,profile_candidate,plant-profile-004096,ハナイカダ,Helwingia japonica,ハナイカダ科,HELWINGIACEAE,227,,日本の野生植物 第2巻,227,Cached OCR page should exist,The profile points to a page that is not present in the OCR cache.,
72,ocr_page_missing,profile_candidate,plant-profile-003544,ハナイカリ,Halenia corniculata,アカネ科,RUBIACEAE,156,,日本の野生植物 第2巻,156,Cached OCR page should exist,The profile points to a page that is not present in the OCR cache.,
72,ocr_page_missing,profile_candidate,plant-profile-003711,ハナイバナ,Bothriospermum zeylanicum,ムラサキ科,BORAGINACEAE,176,351,日本の野生植物 第2巻,176,Cached OCR page should exist,The profile points to a page that is not present in the OCR cache.,
72,ocr_page_missing,profile_candidate,plant-profile-004789,ハナウド,Heracleum sphondylium subsp. sphondylium var. nipponicum,セリ科,APIACEAE,305,608,日本の野生植物 第2巻,305,Cached OCR page should exist,The profile points to a page that is not present in the OCR cache.,
72,ocr_page_missing,profile_candidate,plant-profile-003465,ハナガサノキ,Gynochthodes umbellata,アカネ科,RUBIACEAE,148,295,日本の野生植物 第2巻,148,Cached OCR page should exist,The profile points to a page that is not present in the OCR cache.,
72,ocr_page_missing,profile_candidate,plant-profile-003176,ハナシノブ,Polemonium caeruleum,ハナシノブ科,POLEMONIACEAE,114,,日本の野生植物 第2巻,114,Cached OCR page should exist,The profile points to a page that is not present in the OCR cache.,
72,ocr_page_missing,profile_candidate,plant-profile-002771,ハナシンボウギ,Glycosmis parviflora,ミカン科,RUTACEAE,56,110,日本の野生植物 第2巻,56,Cached OCR page should exist,The profile points to a page that is not present in the OCR cache.,
72,ocr_page_missing,profile_candidate,plant-profile-003918,ハナタツナミソウ,Seutellaria iyoensis,シソ科,LAMIACEAE,203,,日本の野生植物 第2巻,203,Cached OCR page should exist,The profile points to a page that is not present in the OCR cache.,
72,ocr_page_missing,profile_candidate,plant-profile-002968,ハナタデ,Persiearia posumbu,タデ科,POLYGONACEAE,88,174,日本の野生植物 第2巻,88,Cached OCR page should exist,The profile points to a page that is not present in the OCR cache.,
72,ocr_page_missing,profile_candidate,plant-profile-002904,ハナナズナ,Stevenia maximowiczii,アブラナ科,BRASSICACEAE,78,,日本の野生植物 第2巻,78,Cached OCR page should exist,The profile points to a page that is not present in the OCR cache.,
72,ocr_page_missing,profile_candidate,plant-profile-002739,ハナノキ,Acer pycnanthum,ムクロジ科,SAPINDACEAE,52,103,日本の野生植物 第2巻,52,Cached OCR page should exist,The profile points to a page that is not present in the OCR cache.,
72,ocr_page_missing,profile_candidate,plant-profile-002875,ハナハタザオ,Dontostemon dentatus,アブラナ科,BRASSICACEAE,74,,日本の野生植物 第2巻,74,Cached OCR page should exist,The profile points to a page that is not present in the OCR cache.,
72,ocr_page_missing,profile_candidate,plant-profile-003981,ハナハッカ,,,,212,423,日本の野生植物 第2巻,212,Cached OCR page should exist,The profile points to a page that is not present in the OCR cache.,
72,ocr_page_missing,profile_candidate,plant-profile-004854,ハナヒョウタンボク,Lonicera maackii,スイカズラ科,CAPRIFOLIACEAE,313,,日本の野生植物 第2巻,313,Cached OCR page should exist,The profile points to a page that is not present in the OCR cache.,
72,ocr_page_missing,profile_candidate,plant-profile-003403,ハナヒリノキ,Leucothoe grayana,ツツジ科,ERICACEAE,140,279,日本の野生植物 第2巻,140,Cached OCR page should exist,The profile points to a page that is not present in the OCR cache.,
72,ocr_page_missing,profile_candidate,plant-profile-004762,ハナビゼリ,Angelica inaequalis,セリ科,APIACEAE,302,,日本の野生植物 第2巻,302,Cached OCR page should exist,The profile points to a page that is not present in the OCR cache.,
72,ocr_page_missing,profile_candidate,plant-profile-004248,ハナマキアザミ,Cirsium hanamakiense,キク科,ASTERACEAE,250,,日本の野生植物 第2巻,250,Cached OCR page should exist,The profile points to a page that is not present in the OCR cache.,
72,ocr_page_missing,profile_candidate,plant-profile-003130,ハナミズキ,Cornus florida L.,ミズキ科,CORNACEAE,108,215,日本の野生植物 第2巻,108,Cached OCR page should exist,The profile points to a page that is not present in the OCR cache.,
72,ocr_page_missing,profile_candidate,plant-profile-003454,ハナムグラ,Galium tokyoense,アカネ科,RUBIACEAE,147,,日本の野生植物 第2巻,147,Cached OCR page should exist,The profile points to a page that is not present in the OCR cache.,
72,ocr_page_missing,profile_candidate,plant-profile-004634,ハハコグサ,Pseudognaphalium affine,キク科,ASTERACEAE,287,,日本の野生植物 第2巻,287,Cached OCR page should exist,The profile points to a page that is not present in the OCR cache.,
72,ocr_page_missing,profile_candidate,plant-profile-004586,ハハコヨモギ,Artemisia glomerata,キク科,ASTERACEAE,281,,日本の野生植物 第2巻,281,Cached OCR page should exist,The profile points to a page that is not present in the OCR cache.,
72,ocr_page_missing,profile_candidate,plant-profile-004714,ハハジマトベラ,Pittosporum beecheyi,トベラ科,PITTOSPORACEAE,296,,日本の野生植物 第2巻,296,Cached OCR page should exist,The profile points to a page that is not present in the OCR cache.,
72,ocr_page_missing,profile_candidate,plant-profile-004373,ハバヤマボクチ,Synurus excelsus,キク科,ASTERACEAE,259,516,日本の野生植物 第2巻,259,Cached OCR page should exist,The profile points to a page that is not present in the OCR cache.,
72,ocr_page_missing,profile_candidate,plant-profile-003085,ハマアカザ,Atriplex subcordata,ヒユ科,AMARANTHACEAE,101,200,日本の野生植物 第2巻,101,Cached OCR page should exist,The profile points to a page that is not present in the OCR cache.,
72,ocr_page_missing,profile_candidate,plant-profile-004195,ハマアザミ,Cirsium maritimum,キク科,ASTERACEAE,248,494,日本の野生植物 第2巻,248,Cached OCR page should exist,The profile points to a page that is not present in the OCR cache.,
72,ocr_page_missing,profile_candidate,plant-profile-004032,ハマウツボ,Orobanche coerulescens,ハマウツボ科,OROBANCHACEAE,219,,日本の野生植物 第2巻,219,Cached OCR page should exist,The profile points to a page that is not present in the OCR cache.,
72,ocr_page_missing,profile_candidate,plant-profile-004752,ハマウド,Angelica japonica var. japonica,セリ科,APIACEAE,302,603,日本の野生植物 第2巻,302,Cached OCR page should exist,The profile points to a page that is not present in the OCR cache.,
72,ocr_page_missing,profile_candidate,plant-profile-002892,ハマガラシ,Lepidium englerianum,アブラナ科,BRASSICACEAE,76,,日本の野生植物 第2巻,76,Cached OCR page should exist,The profile points to a page that is not present in the OCR cache.,
72,ocr_page_missing,profile_candidate,plant-profile-004616,ハマギク,Nipponanthemum nipponicum,キク科,ASTERACEAE,284,,日本の野生植物 第2巻,284,Cached OCR page should exist,The profile points to a page that is not present in the OCR cache.,
72,ocr_page_missing,profile_candidate,plant-profile-003868,ハマクサギ,Premna microphylla,シソ科,LAMIACEAE,198,395,日本の野生植物 第2巻,198,Cached OCR page should exist,The profile points to a page that is not present in the OCR cache.,
72,ocr_page_missing,profile_candidate,plant-profile-003823,ハマクワガタ,Veronica javanica,オオバコ科,PLANTAGINACEAE,190,,日本の野生植物 第2巻,190,Cached OCR page should exist,The profile points to a page that is not present in the OCR cache.,
72,ocr_page_missing,profile_candidate,plant-profile-003883,ハマゴウ,Vitex rotundifolia,シソ科,LAMIACEAE,199,,日本の野生植物 第2巻,199,Cached OCR page should exist,The profile points to a page that is not present in the OCR cache.,
72,ocr_page_missing,profile_candidate,plant-profile-002922,ハマサジ,Limonium tetragonum,イソマツ科,PLUMBAGINACEAE,82,,日本の野生植物 第2巻,82,Cached OCR page should exist,The profile points to a page that is not present in the OCR cache.,
72,ocr_page_missing,profile_candidate,plant-profile-002667,ハマザクロ,Sonneratia alba,ミソハギ科,LYTHRACEAE,42,82,日本の野生植物 第2巻,42,Cached OCR page should exist,The profile points to a page that is not present in the OCR cache.,
72,ocr_page_missing,profile_candidate,plant-profile-003837,ハマジンチョウ,Pentacoelium bontioides,ゴマノハグサ科,SCROPHULARIACEAE,192,,日本の野生植物 第2巻,192,Cached OCR page should exist,The profile points to a page that is not present in the OCR cache.,
72,ocr_page_missing,profile_candidate,plant-profile-002780,ハマセンダン,Tetradium glabrifolium,ミカン科,RUTACEAE,57,112,日本の野生植物 第2巻,57,Cached OCR page should exist,The profile points to a page that is not present in the OCR cache.,
72,ocr_page_missing,profile_candidate,plant-profile-004783,ハマゼリ,Cnidium japonicum,セリ科,APIACEAE,304,,日本の野生植物 第2巻,304,Cached OCR page should exist,The profile points to a page that is not present in the OCR cache.,
72,ocr_page_missing,profile_candidate,plant-profile-002883,ハマタイセイ,Isatis tinctoria,アブラナ科,BRASSICACEAE,75,,日本の野生植物 第2巻,75,Cached OCR page should exist,The profile points to a page that is not present in the OCR cache.,
72,ocr_page_missing,profile_candidate,plant-profile-002898,ハマダイコン,Raphanus sativus,アブラナ科,BRASSICACEAE,77,,日本の野生植物 第2巻,77,Cached OCR page should exist,The profile points to a page that is not present in the OCR cache.,
72,ocr_page_missing,profile_candidate,plant-profile-003031,ハマツメクサ,Sagina maxima,ナデシコ科,CARYOPHYLLACEAE,95,188,日本の野生植物 第2巻,95,Cached OCR page should exist,The profile points to a page that is not present in the OCR cache.,
72,ocr_page_missing,profile_candidate,plant-profile-003813,ハマトラノオ,Veronica sieboldiana,オオバコ科,PLANTAGINACEAE,190,379,日本の野生植物 第2巻,190,Cached OCR page should exist,The profile points to a page that is not present in the OCR cache.,
72,ocr_page_missing,profile_candidate,plant-profile-003017,ハマナデシコ,Dianthus japonicus,ナデシコ科,CARYOPHYLLACEAE,93,,日本の野生植物 第2巻,93,Cached OCR page should exist,The profile points to a page that is not present in the OCR cache.,
72,ocr_page_missing,profile_candidate,plant-profile-004407,ハマニガナ,Ixeris repens,キク科,ASTERACEAE,262,,日本の野生植物 第2巻,262,Cached OCR page should exist,The profile points to a page that is not present in the OCR cache.,
72,ocr_page_missing,profile_candidate,plant-profile-004844,ハマニンドウ,Lonicera affinis,スイカズラ科,CAPRIFOLIACEAE,313,624,日本の野生植物 第2巻,313,Cached OCR page should exist,The profile points to a page that is not present in the OCR cache.,
72,ocr_page_missing,profile_candidate,plant-profile-003618,ハマネナシカズラ,Cuseuta chinensis,キョウチクトウ科,APOCYNACEAE,165,329,日本の野生植物 第2巻,165,Cached OCR page should exist,The profile points to a page that is not present in the OCR cache.,
72,ocr_page_missing,profile_candidate,plant-profile-003018,ハマハコベ,Honckenya peploides,ナデシコ科,CARYOPHYLLACEAE,93,,日本の野生植物 第2巻,93,Cached OCR page should exist,The profile points to a page that is not present in the OCR cache.,
72,ocr_page_missing,profile_candidate,plant-profile-002849,ハマハタザオ,Arabis stelleri,アブラナ科,BRASSICACEAE,71,,日本の野生植物 第2巻,71,Cached OCR page should exist,The profile points to a page that is not present in the OCR cache.,
72,ocr_page_missing,profile_candidate,plant-profile-003184,ハマヒサカキ,Eurya emarginata,サカキ科,PENTAPHYLACACEAE,116,230,日本の野生植物 第2巻,116,Cached OCR page should exist,The profile points to a page that is not present in the OCR cache.,
72,ocr_page_missing,profile_candidate,plant-profile-003613,ハマヒルガオ,Calystegia soldanella,ヒルガオ科,CONVOLVULACEAE,165,328,日本の野生植物 第2巻,165,Cached OCR page should exist,The profile points to a page that is not present in the OCR cache.,
72,ocr_page_missing,profile_candidate,plant-profile-002647,ハマフウロ,,,,39,77,日本の野生植物 第2巻,39,Cached OCR page should exist,The profile points to a page that is not present in the OCR cache.,
72,ocr_page_missing,profile_candidate,plant-profile-004515,ハマベノギク,Aster arenarius,キク科,ASTERACEAE,275,,日本の野生植物 第2巻,275,Cached OCR page should exist,The profile points to a page that is not present in the OCR cache.,
72,ocr_page_missing,profile_candidate,plant-profile-003716,ハマベンケイソウ,Mertensia maritima subsp. asiatica,ムラサキ科,BORAGINACEAE,177,353,日本の野生植物 第2巻,177,Cached OCR page should exist,The profile points to a page that is not present in the OCR cache.,
72,ocr_page_missing,profile_candidate,plant-profile-002808,ハマボウ,Hibiscus hamabo,アオイ科,MALVACEAE,62,123,日本の野生植物 第2巻,62,Cached OCR page should exist,The profile points to a page that is not present in the OCR cache.,
72,ocr_page_missing,profile_candidate,plant-profile-004784,ハマボウフウ,Glehnia littoralis,セリ科,APIACEAE,304,,日本の野生植物 第2巻,304,Cached OCR page should exist,The profile points to a page that is not present in the OCR cache.,
72,ocr_page_missing,profile_candidate,plant-profile-003219,ハマボッス,Lysimachia mauritiana,サクラソウ科,PRIMULACEAE,120,,日本の野生植物 第2巻,120,Cached OCR page should exist,The profile points to a page that is not present in the OCR cache.,
72,ocr_page_missing,profile_candidate,plant-profile-003109,ハママツナ,Suaeda maritima,ヒユ科,AMARANTHACEAE,104,,日本の野生植物 第2巻,104,Cached OCR page should exist,The profile points to a page that is not present in the OCR cache.,
72,ocr_page_missing,profile_candidate,plant-profile-004855,ハヤザキヒョウタンボク,Lonicera praeflorens,スイカズラ科,CAPRIFOLIACEAE,313,,日本の野生植物 第2巻,313,Cached OCR page should exist,The profile points to a page that is not present in the OCR cache.,
72,ocr_page_missing,profile_candidate,plant-profile-004635,ハヤチネウスユキソウ,Leontopodium hayachinense,キク科,ASTERACEAE,287,,日本の野生植物 第2巻,287,Cached OCR page should exist,The profile points to a page that is not present in the OCR cache.,
72,ocr_page_missing,profile_candidate,plant-profile-004485,ハヤチネコウモリ,Parasenecio hayachinensis,キク科,ASTERACEAE,272,,日本の野生植物 第2巻,272,Cached OCR page should exist,The profile points to a page that is not present in the OCR cache.,
72,ocr_page_missing,profile_candidate,plant-profile-003406,ハリガネカズラ,Gaultheria japonica,ツツジ科,ERICACEAE,140,,日本の野生植物 第2巻,140,Cached OCR page should exist,The profile points to a page that is not present in the OCR cache.,
72,ocr_page_missing,profile_candidate,plant-profile-004732,ハリギリ,Kalopanax septemlobus subsp. septemlobus,ウコギ科,ARALIACEAE,299,596,日本の野生植物 第2巻,299,Cached OCR page should exist,The profile points to a page that is not present in the OCR cache.,
72,ocr_page_missing,profile_candidate,plant-profile-003699,ハリナスビ,Solanum sisymbrifolium,ナス科,SOLANACEAE,173,,日本の野生植物 第2巻,173,Cached OCR page should exist,The profile points to a page that is not present in the OCR cache.,
72,ocr_page_missing,profile_candidate,plant-profile-002900,ハリナズナ,Subularia aquatica,アブラナ科,BRASSICACEAE,78,154,日本の野生植物 第2巻,78,Cached OCR page should exist,The profile points to a page that is not present in the OCR cache.,
72,ocr_page_missing,profile_candidate,plant-profile-003102,ハリヒジキ,,,,103,205,日本の野生植物 第2巻,103,Cached OCR page should exist,The profile points to a page that is not present in the OCR cache.,
72,ocr_page_missing,profile_candidate,plant-profile-003080,ハリビユ,Amaranthus spinosus,ヒユ科,AMARANTHACEAE,100,,日本の野生植物 第2巻,100,Cached OCR page should exist,The profile points to a page that is not present in the OCR cache.,
72,ocr_page_missing,profile_candidate,plant-profile-003519,ハリフタバ,Spermacoce artieularis,アカネ科,RUBIACEAE,153,,日本の野生植物 第2巻,153,Cached OCR page should exist,The profile points to a page that is not present in the OCR cache.,
72,ocr_page_missing,profile_candidate,plant-profile-004742,ハリブキ,Oplopanax japonicus,ウコギ科,ARALIACEAE,299,,日本の野生植物 第2巻,299,Cached OCR page should exist,The profile points to a page that is not present in the OCR cache.,
72,ocr_page_missing,profile_candidate,plant-profile-004544,ハルジオン,Erigeron philadelphieus,キク科,ASTERACEAE,277,,日本の野生植物 第2巻,277,Cached OCR page should exist,The profile points to a page that is not present in the OCR cache.,
72,ocr_page_missing,profile_candidate,plant-profile-002951,ハルタデ,Persicaria maculosa Gray subsp. hirticaulis (Danser) S. Ekman et T. Knutsson var. pubescens (Makino) Yonek.,タデ科,POLYGONACEAE,87,173,日本の野生植物 第2巻,87,Cached OCR page should exist,The profile points to a page that is not present in the OCR cache.,
72,ocr_page_missing,profile_candidate,plant-profile-002929,ハルトラノオ,Bistorta tenuicaulis,タデ科,POLYGONACEAE,84,,日本の野生植物 第2巻,84,Cached OCR page should exist,The profile points to a page that is not present in the OCR cache.,
72,ocr_page_missing,profile_candidate,plant-profile-003986,ハルノタムラソウ,Salvia ranzaniana,シソ科,LAMIACEAE,212,,日本の野生植物 第2巻,212,Cached OCR page should exist,The profile points to a page that is not present in the OCR cache.,
72,ocr_page_missing,profile_candidate,plant-profile-003533,ハルリンドウ,Gentiana thunbergii,アカネ科,RUBIACEAE,155,,日本の野生植物 第2巻,155,Cached OCR page should exist,The profile points to a page that is not present in the OCR cache.,
72,ocr_page_missing,profile_candidate,plant-profile-004045,ハンカイシオガマ,Pedieularis gloriosa,ハマウツボ科,OROBANCHACEAE,220,,日本の野生植物 第2巻,220,Cached OCR page should exist,The profile points to a page that is not present in the OCR cache.,
72,ocr_page_missing,profile_candidate,plant-profile-004455,ハンカイソウ,Ligularia japonica,キク科,ASTERACEAE,270,538,日本の野生植物 第2巻,270,Cached OCR page should exist,The profile points to a page that is not present in the OCR cache.,
72,ocr_page_missing,profile_candidate,plant-profile-004492,ハンゴンソウ,Senecio cannabifolius,キク科,ASTERACEAE,273,545,日本の野生植物 第2巻,273,Cached OCR page should exist,The profile points to a page that is not present in the OCR cache.,
72,ocr_page_missing,profile_candidate,plant-profile-004148,バアソブ,Codonopsis ussuriensis,キキョウ科,CAMPANULACEAE,232,,日本の野生植物 第2巻,232,Cached OCR page should exist,The profile points to a page that is not present in the OCR cache.,
72,ocr_page_missing,profile_candidate,plant-profile-003171,バイカアマチャ,Platyerater arguta,アジサイ科,HYDRANGEACEAE,113,,日本の野生植物 第2巻,113,Cached OCR page should exist,The profile points to a page that is not present in the OCR cache.,
72,ocr_page_missing,profile_candidate,plant-profile-003164,バイカウツギ,Philadelphus satsumi,アジサイ科,HYDRANGEACEAE,112,223,日本の野生植物 第2巻,112,Cached OCR page should exist,The profile points to a page that is not present in the OCR cache.,
72,ocr_page_missing,profile_candidate,plant-profile-003376,バイカツツジ,Rhododendron semibarbatum,ツツジ科,ERICACEAE,138,274,日本の野生植物 第2巻,138,Cached OCR page should exist,The profile points to a page that is not present in the OCR cache.,
72,ocr_page_missing,profile_candidate,plant-profile-003564,バシクルモン,Apoeynum venetum,キョウチクトウ科,APOCYNACEAE,159,,日本の野生植物 第2巻,159,Cached OCR page should exist,The profile points to a page that is not present in the OCR cache.,
72,ocr_page_missing,profile_candidate,plant-profile-002505,バッコヤナギ,Salix caprea,ヤナギ科,SALICACEAE,23,45,日本の野生植物 第2巻,23,Cached OCR page should exist,The profile points to a page that is not present in the OCR cache.,
72,ocr_page_missing,profile_candidate,plant-profile-002702,バンジロウ,Psidium guajava,フトモモ科,MYRTACEAE,46,91,日本の野生植物 第2巻,46,Cached OCR page should exist,The profile points to a page that is not present in the OCR cache.,
72,ocr_page_missing,profile_candidate,plant-profile-003762,ヒイラギ,Osmanthus heterophyllus,モクセイ科,OLEACEAE,182,,日本の野生植物 第2巻,182,Cached OCR page should exist,The profile points to a page that is not present in the OCR cache.,
72,ocr_page_missing,profile_candidate,plant-profile-004653,ヒイラギギク,Pluchea indica,キク科,ASTERACEAE,289,,日本の野生植物 第2巻,289,Cached OCR page should exist,The profile points to a page that is not present in the OCR cache.,
72,ocr_page_missing,profile_candidate,plant-profile-003884,ヒイラギソウ,Ajuga incisa,シソ科,LAMIACEAE,199,,日本の野生植物 第2巻,199,Cached OCR page should exist,The profile points to a page that is not present in the OCR cache.,
72,ocr_page_missing,profile_candidate,plant-profile-002557,ヒカゲスミレ,Viola yezoensis,スミレ科,VIOLACEAE,30,58,日本の野生植物 第2巻,30,Cached OCR page should exist,The profile points to a page that is not present in the OCR cache.,
72,ocr_page_missing,profile_candidate,plant-profile-003329,ヒカゲツツジ,Rhododendron keiskei,ツツジ科,ERICACEAE,135,,日本の野生植物 第2巻,135,Cached OCR page should exist,The profile points to a page that is not present in the OCR cache.,
72,ocr_page_missing,profile_candidate,plant-profile-003990,ヒキオコシ,Isodon japonicus,シソ科,LAMIACEAE,213,424,日本の野生植物 第2巻,213,Cached OCR page should exist,The profile points to a page that is not present in the OCR cache.,
72,ocr_page_missing,profile_candidate,plant-profile-004051,ヒキヨモギ,Siphonostegia chinensis,ハマウツボ科,OROBANCHACEAE,221,441,日本の野生植物 第2巻,221,Cached OCR page should exist,The profile points to a page that is not present in the OCR cache.,
72,ocr_page_missing,profile_candidate,plant-profile-003892,ヒギリ,Clerodendrum japonicum,シソ科,LAMIACEAE,200,,日本の野生植物 第2巻,200,Cached OCR page should exist,The profile points to a page that is not present in the OCR cache.,
72,ocr_page_missing,profile_candidate,plant-profile-003026,ヒゲネワチガイソウ,Pseudostellaria palibiniana,ナデシコ科,CARYOPHYLLACEAE,94,,日本の野生植物 第2巻,94,Cached OCR page should exist,The profile points to a page that is not present in the OCR cache.,
72,ocr_page_missing,profile_candidate,plant-profile-003259,ヒコサンヒメシャラ,Stewartia serrata,ツバキ科,THEACEAE,124,,日本の野生植物 第2巻,124,Cached OCR page should exist,The profile points to a page that is not present in the OCR cache.,
72,ocr_page_missing,profile_candidate,plant-profile-004724,ヒゴウコギ,Eleutherococeus higoensis,ウコギ科,ARALIACEAE,297,,日本の野生植物 第2巻,297,Cached OCR page should exist,The profile points to a page that is not present in the OCR cache.,
72,ocr_page_missing,profile_candidate,plant-profile-004516,ヒゴシオン,Aster maackii,キク科,ASTERACEAE,275,,日本の野生植物 第2巻,275,Cached OCR page should exist,The profile points to a page that is not present in the OCR cache.,
72,ocr_page_missing,profile_candidate,plant-profile-004175,ヒゴタイ,Echinops setifer,キク科,ASTERACEAE,242,,日本の野生植物 第2巻,242,Cached OCR page should exist,The profile points to a page that is not present in the OCR cache.,
72,ocr_page_missing,profile_candidate,plant-profile-003185,ヒサカキ,Eurya japonica,サカキ科,PENTAPHYLACACEAE,116,230,日本の野生植物 第2巻,116,Cached OCR page should exist,The profile points to a page that is not present in the OCR cache.,
72,ocr_page_missing,profile_candidate,plant-profile-003253,ヒサカキサザンカ,Pyrenaria virgata,ツバキ科,THEACEAE,124,246,日本の野生植物 第2巻,124,Cached OCR page should exist,The profile points to a page that is not present in the OCR cache.,
72,ocr_page_missing,profile_candidate,plant-profile-002670,ヒシ,Trapa jeholensis,ミソハギ科,LYTHRACEAE,42,,日本の野生植物 第2巻,42,Cached OCR page should exist,The profile points to a page that is not present in the OCR cache.,
72,ocr_page_missing,profile_candidate,plant-profile-002804,ヒシバウオトリギ,Grewia rhombifolia,アオイ科,MALVACEAE,61,,日本の野生植物 第2巻,61,Cached OCR page should exist,The profile points to a page that is not present in the OCR cache.,
72,ocr_page_missing,profile_candidate,plant-profile-003797,ヒシモドキ,Trapella sinensis,オオバコ科,PLANTAGINACEAE,188,375,日本の野生植物 第2巻,188,Cached OCR page should exist,The profile points to a page that is not present in the OCR cache.,
72,ocr_page_missing,profile_candidate,plant-profile-003438,ヒジハリノキ,Benkara sinensis,アカネ科,RUBIACEAE,145,,日本の野生植物 第2巻,145,Cached OCR page should exist,The profile points to a page that is not present in the OCR cache.,
72,ocr_page_missing,profile_candidate,plant-profile-004231,ヒダカアザミ,Cirsium hidakamontanum,キク科,ASTERACEAE,250,498,日本の野生植物 第2巻,250,Cached OCR page should exist,The profile points to a page that is not present in the OCR cache.,
72,ocr_page_missing,profile_candidate,plant-profile-003245,ヒダカイワザクラ,Primula hidakana,サクラソウ科,PRIMULACEAE,122,,日本の野生植物 第2巻,122,Cached OCR page should exist,The profile points to a page that is not present in the OCR cache.,
72,ocr_page_missing,profile_candidate,plant-profile-004320,ヒダカトウヒレン,Saussurea kudoana,キク科,ASTERACEAE,256,511,日本の野生植物 第2巻,256,Cached OCR page should exist,The profile points to a page that is not present in the OCR cache.,
72,ocr_page_missing,profile_candidate,plant-profile-004227,ヒダキセルアザミ,Cirsium hidapaludosum,キク科,ASTERACEAE,249,,日本の野生植物 第2巻,249,Cached OCR page should exist,The profile points to a page that is not present in the OCR cache.,
72,ocr_page_missing,profile_candidate,plant-profile-004291,ヒッツキアザミ,Cirsium congestissimum,キク科,ASTERACEAE,252,,日本の野生植物 第2巻,252,Cached OCR page should exist,The profile points to a page that is not present in the OCR cache.,
72,ocr_page_missing,profile_candidate,plant-profile-002756,ヒトツバカエデ,Acer distylum,ムクロジ科,SAPINDACEAE,53,,日本の野生植物 第2巻,53,Cached OCR page should exist,The profile points to a page that is not present in the OCR cache.,
72,ocr_page_missing,profile_candidate,plant-profile-003732,ヒトツバタゴ,Chionanthus retusus,モクセイ科,OLEACEAE,179,,日本の野生植物 第2巻,179,Cached OCR page should exist,The profile points to a page that is not present in the OCR cache.,
72,ocr_page_missing,profile_candidate,plant-profile-004587,ヒトツバヨモギ,Artemisia monophylla,キク科,ASTERACEAE,281,,日本の野生植物 第2巻,281,Cached OCR page should exist,The profile points to a page that is not present in the OCR cache.,
72,ocr_page_missing,profile_candidate,plant-profile-002744,ヒナウチワカエデ,Acer tenuifolium,ムクロジ科,SAPINDACEAE,52,,日本の野生植物 第2巻,52,Cached OCR page should exist,The profile points to a page that is not present in the OCR cache.,
72,ocr_page_missing,profile_candidate,plant-profile-004149,ヒナギキョウ,Wahlenbergia marginata,キキョウ科,CAMPANULACEAE,232,,日本の野生植物 第2巻,232,Cached OCR page should exist,The profile points to a page that is not present in the OCR cache.,
72,ocr_page_missing,profile_candidate,plant-profile-003236,ヒナザクラ,Primula nipponica,サクラソウ科,PRIMULACEAE,122,243,日本の野生植物 第2巻,122,Cached OCR page should exist,The profile points to a page that is not present in the OCR cache.,
72,ocr_page_missing,profile_candidate,plant-profile-004121,ヒナシャジン,Adenophora maximowicziana,キキョウ科,CAMPANULACEAE,230,459,日本の野生植物 第2巻,230,Cached OCR page should exist,The profile points to a page that is not present in the OCR cache.,
72,ocr_page_missing,profile_candidate,plant-profile-002983,ヒナスイバ,,,,89,177,日本の野生植物 第2巻,89,Cached OCR page should exist,The profile points to a page that is not present in the OCR cache.,
72,ocr_page_missing,profile_candidate,plant-profile-003845,ヒナノウスツボ,Serophularia duplicatoserrata,ゴマノハグサ科,SCROPHULARIACEAE,193,,日本の野生植物 第2巻,193,Cached OCR page should exist,The profile points to a page that is not present in the OCR cache.,
72,ocr_page_missing,profile_candidate,plant-profile-004310,ヒナヒゴタイ,Saussurea japonica,キク科,ASTERACEAE,255,509,日本の野生植物 第2巻,255,Cached OCR page should exist,The profile points to a page that is not present in the OCR cache.,
72,ocr_page_missing,profile_candidate,plant-profile-003534,ヒナリンドウ,Gentiana aguatiea,アカネ科,RUBIACEAE,155,,日本の野生植物 第2巻,155,Cached OCR page should exist,The profile points to a page that is not present in the OCR cache.,
72,ocr_page_missing,profile_candidate,plant-profile-002914,ヒノキバヤドリギ,Korthalsella japoniea,ビャクダン科,SANTALACEAE,80,,日本の野生植物 第2巻,80,Cached OCR page should exist,The profile points to a page that is not present in the OCR cache.,
72,ocr_page_missing,profile_candidate,plant-profile-002687,ヒメアカバナ,Epilobium fauriei,アカバナ科,ONAGRACEAE,44,87,日本の野生植物 第2巻,44,Cached OCR page should exist,The profile points to a page that is not present in the OCR cache.,
72,ocr_page_missing,profile_candidate,plant-profile-004274,ヒメアザミ,Cirsium buergeri,キク科,ASTERACEAE,252,502,日本の野生植物 第2巻,252,Cached OCR page should exist,The profile points to a page that is not present in the OCR cache.,
72,ocr_page_missing,profile_candidate,plant-profile-003330,ヒメイソツツジ,Rhododendron subareticum,ツツジ科,ERICACEAE,135,,日本の野生植物 第2巻,135,Cached OCR page should exist,The profile points to a page that is not present in the OCR cache.,
72,ocr_page_missing,profile_candidate,plant-profile-003290,ヒメイワカガミ,Schizoeodon ilicifolius,イワウメ科,DIAPENSIACEAE,127,,日本の野生植物 第2巻,127,Cached OCR page should exist,The profile points to a page that is not present in the OCR cache.,
72,ocr_page_missing,profile_candidate,plant-profile-002930,ヒメイワタデ,Aconogonon ajanense,タデ科,POLYGONACEAE,84,,日本の野生植物 第2巻,84,Cached OCR page should exist,The profile points to a page that is not present in the OCR cache.,
72,ocr_page_missing,profile_candidate,plant-profile-004719,ヒメウコギ,Eleutherococcus sieboldianus,ウコギ科,ARALIACEAE,297,593,日本の野生植物 第2巻,297,Cached OCR page should exist,The profile points to a page that is not present in the OCR cache.,
72,ocr_page_missing,profile_candidate,plant-profile-003418,ヒメウスノキ,Vaccinium yatabei,ツツジ科,ERICACEAE,142,283,日本の野生植物 第2巻,142,Cached OCR page should exist,The profile points to a page that is not present in the OCR cache.,
72,ocr_page_missing,profile_candidate,plant-profile-003151,ヒメウツギ,Deutzia gracilis,アジサイ科,HYDRANGEACEAE,110,,日本の野生植物 第2巻,110,Cached OCR page should exist,The profile points to a page that is not present in the OCR cache.,
72,ocr_page_missing,profile_candidate,plant-profile-004747,ヒメウマノミツバ,Sanicula lamelligera var. lamelligera,セリ科,APIACEAE,301,601,日本の野生植物 第2巻,301,Cached OCR page should exist,The profile points to a page that is not present in the OCR cache.,
72,ocr_page_missing,profile_candidate,plant-profile-002616,ヒメオトギリ,Hypericum japonicum,オトギリソウ科,HYPERICACEAE,36,,日本の野生植物 第2巻,36,Cached OCR page should exist,The profile points to a page that is not present in the OCR cache.,
72,ocr_page_missing,profile_candidate,plant-profile-003938,ヒメオドリコソウ,Lamium purpureum,シソ科,LAMIACEAE,206,,日本の野生植物 第2巻,206,Cached OCR page should exist,The profile points to a page that is not present in the OCR cache.,
72,ocr_page_missing,profile_candidate,plant-profile-004644,ヒメガンクビソウ,Carpesium rosulatum,キク科,ASTERACEAE,288,,日本の野生植物 第2巻,288,Cached OCR page should exist,The profile points to a page that is not present in the OCR cache.,
72,ocr_page_missing,profile_candidate,plant-profile-002671,ヒメキカシグサ,Rotala elatinomorpha,ミソハギ科,LYTHRACEAE,42,,日本の野生植物 第2巻,42,Cached OCR page should exist,The profile points to a page that is not present in the OCR cache.,
72,ocr_page_missing,profile_candidate,plant-profile-004557,ヒメキクタビラコ,Myriaetis japonensis,キク科,ASTERACEAE,278,,日本の野生植物 第2巻,278,Cached OCR page should exist,The profile points to a page that is not present in the OCR cache.,
72,ocr_page_missing,profile_candidate,plant-profile-003928,ヒメキセワタ,Matsumurella tuberifera,シソ科,LAMIACEAE,205,409,日本の野生植物 第2巻,205,Cached OCR page should exist,The profile points to a page that is not present in the OCR cache.,
72,ocr_page_missing,profile_candidate,plant-profile-003878,ヒメキランソウ,Ajuga pygmaea,シソ科,LAMIACEAE,199,397,日本の野生植物 第2巻,199,Cached OCR page should exist,The profile points to a page that is not present in the OCR cache.,
72,ocr_page_missing,profile_candidate,plant-profile-002869,ヒメクジラグサ,,,,74,146,日本の野生植物 第2巻,74,Cached OCR page should exist,The profile points to a page that is not present in the OCR cache.,
72,ocr_page_missing,profile_candidate,plant-profile-003847,ヒメクチバシグサ,Bonnaya tenuifolia,アゼナ科,LINDERNIACEAE,194,386,日本の野生植物 第2巻,194,Cached OCR page should exist,The profile points to a page that is not present in the OCR cache.,
72,ocr_page_missing,profile_candidate,plant-profile-003803,ヒメクワガタ,Veroniea nipponiea,オオバコ科,PLANTAGINACEAE,189,,日本の野生植物 第2巻,189,Cached OCR page should exist,The profile points to a page that is not present in the OCR cache.,
72,ocr_page_missing,profile_candidate,plant-profile-003051,ヒメケフシグロ,Silene aprica,ナデシコ科,CARYOPHYLLACEAE,96,,日本の野生植物 第2巻,96,Cached OCR page should exist,The profile points to a page that is not present in the OCR cache.,
72,ocr_page_missing,profile_candidate,plant-profile-004469,ヒメコウモリ,Parasenecio shikokianus,キク科,ASTERACEAE,272,542,日本の野生植物 第2巻,272,Cached OCR page should exist,The profile points to a page that is not present in the OCR cache.,
72,ocr_page_missing,profile_candidate,plant-profile-003246,ヒメコザクラ,Primula maerocarpa,サクラソウ科,PRIMULACEAE,122,,日本の野生植物 第2巻,122,Cached OCR page should exist,The profile points to a page that is not present in the OCR cache.,
72,ocr_page_missing,profile_candidate,plant-profile-004000,ヒメサギゴケ,Mazus goodenifolius,サギゴケ科,MAZACEAE,214,,日本の野生植物 第2巻,214,Cached OCR page should exist,The profile points to a page that is not present in the OCR cache.,
72,ocr_page_missing,profile_candidate,plant-profile-003254,ヒメサザンカ,Camellia lutchuensis T. Itô,ツバキ科,THEACEAE,124,246,日本の野生植物 第2巻,124,Cached OCR page should exist,The profile points to a page that is not present in the OCR cache.,
72,ocr_page_missing,profile_candidate,plant-profile-004538,ヒメシオン,Aster fastigiatus,キク科,ASTERACEAE,276,,日本の野生植物 第2巻,276,Cached OCR page should exist,The profile points to a page that is not present in the OCR cache.,
72,ocr_page_missing,profile_candidate,plant-profile-003399,ヒメシャクナゲ,Andromeda polifolia,ツツジ科,ERICACEAE,139,,日本の野生植物 第2巻,139,Cached OCR page should exist,The profile points to a page that is not present in the OCR cache.,
72,ocr_page_missing,profile_candidate,plant-profile-004131,ヒメシャジン,Adenophora nikoensis,キキョウ科,CAMPANULACEAE,231,460,日本の野生植物 第2巻,231,Cached OCR page should exist,The profile points to a page that is not present in the OCR cache.,
72,ocr_page_missing,profile_candidate,plant-profile-003260,ヒメシャラ,Stewartia monadelpha,ツバキ科,THEACEAE,124,,日本の野生植物 第2巻,124,Cached OCR page should exist,The profile points to a page that is not present in the OCR cache.,
72,ocr_page_missing,profile_candidate,plant-profile-004155,ヒメシロアサザ,Nymphoides coreana,ミツガシワ科,MENYANTHACEAE,233,,日本の野生植物 第2巻,233,Cached OCR page should exist,The profile points to a page that is not present in the OCR cache.,
72,ocr_page_missing,profile_candidate,plant-profile-003967,ヒメシロネ,Lycopus maackianus,シソ科,LAMIACEAE,210,,日本の野生植物 第2巻,210,Cached OCR page should exist,The profile points to a page that is not present in the OCR cache.,
72,ocr_page_missing,profile_candidate,plant-profile-003081,ヒメシロビユ,Amaranthus albus,ヒユ科,AMARANTHACEAE,100,,日本の野生植物 第2巻,100,Cached OCR page should exist,The profile points to a page that is not present in the OCR cache.,
72,ocr_page_missing,profile_candidate,plant-profile-003947,ヒメジソ,Mosla dianthera,シソ科,LAMIACEAE,208,414,日本の野生植物 第2巻,208,Cached OCR page should exist,The profile points to a page that is not present in the OCR cache.,
72,ocr_page_missing,profile_candidate,plant-profile-004545,ヒメジョオン,Erigeron annuus,キク科,ASTERACEAE,277,,日本の野生植物 第2巻,277,Cached OCR page should exist,The profile points to a page that is not present in the OCR cache.,
72,ocr_page_missing,profile_candidate,plant-profile-002984,ヒメスイバ,Rumex acetosella subsp. pyrenaicus,タデ科,POLYGONACEAE,89,177,日本の野生植物 第2巻,89,Cached OCR page should exist,The profile points to a page that is not present in the OCR cache.,
72,ocr_page_missing,profile_candidate,plant-profile-002547,ヒメスミレ,Viola inconspicua subsp. nagasakiensis,スミレ科,VIOLACEAE,29,57,日本の野生植物 第2巻,29,Cached OCR page should exist,The profile points to a page that is not present in the OCR cache.,
72,ocr_page_missing,profile_candidate,plant-profile-002544,ヒメスミレサイシン,Viola yazawana,スミレ科,VIOLACEAE,29,56,日本の野生植物 第2巻,29,Cached OCR page should exist,The profile points to a page that is not present in the OCR cache.,
72,ocr_page_missing,profile_candidate,plant-profile-003670,ヒメセンナリホオズキ,Physalis pubescens,ナス科,SOLANACEAE,171,,日本の野生植物 第2巻,171,Cached OCR page should exist,The profile points to a page that is not present in the OCR cache.,
72,ocr_page_missing,profile_candidate,plant-profile-004682,ヒメセンニチモドキ,Aemella uliginosa,キク科,ASTERACEAE,292,,日本の野生植物 第2巻,292,Cached OCR page should exist,The profile points to a page that is not present in the OCR cache.,
72,ocr_page_missing,profile_candidate,plant-profile-003545,ヒメセンプリ,Lomatogonium carinthiaeum,アカネ科,RUBIACEAE,156,,日本の野生植物 第2巻,156,Cached OCR page should exist,The profile points to a page that is not present in the OCR cache.,
72,ocr_page_missing,profile_candidate,plant-profile-002973,ヒメタデ,Persiearia ereetominor,タデ科,POLYGONACEAE,88,,日本の野生植物 第2巻,88,Cached OCR page should exist,The profile points to a page that is not present in the OCR cache.,
72,ocr_page_missing,profile_candidate,plant-profile-004062,ヒメタヌキモ,Uticularia minor,タヌキモ科,LENTIBULARIACEAE,222,,日本の野生植物 第2巻,222,Cached OCR page should exist,The profile points to a page that is not present in the OCR cache.,
72,ocr_page_missing,profile_candidate,plant-profile-003979,ヒメタムラソウ,,,,212,422,日本の野生植物 第2巻,212,Cached OCR page should exist,The profile points to a page that is not present in the OCR cache.,
72,ocr_page_missing,profile_candidate,plant-profile-004627,ヒメチチコグサ,Guaphalium uliginosum,キク科,ASTERACEAE,286,,日本の野生植物 第2巻,286,Cached OCR page should exist,The profile points to a page that is not present in the OCR cache.,
72,ocr_page_missing,profile_candidate,plant-profile-004733,ヒメチドメ,Hydrocotyle yabei,ウコギ科,ARALIACEAE,299,596,日本の野生植物 第2巻,299,Cached OCR page should exist,The profile points to a page that is not present in the OCR cache.,
72,ocr_page_missing,profile_candidate,plant-profile-003664,ヒメツクバネアサガオ,Petunia parvillora,ナス科,SOLANACEAE,170,,日本の野生植物 第2巻,170,Cached OCR page should exist,The profile points to a page that is not present in the OCR cache.,
72,ocr_page_missing,profile_candidate,plant-profile-003258,ヒメツバキ,Schima wallichii (DC.) Korth. subsp. mertensiana (Siebold et Zucc.),ツバキ科,THEACEAE,124,247,日本の野生植物 第2巻,124,Cached OCR page should exist,The profile points to a page that is not present in the OCR cache.,
72,ocr_page_missing,profile_candidate,plant-profile-003419,ヒメツルコケモモ,Vaecinium microearpum,ツツジ科,ERICACEAE,142,283,日本の野生植物 第2巻,142,Cached OCR page should exist,The profile points to a page that is not present in the OCR cache.,
72,ocr_page_missing,profile_candidate,plant-profile-003559,ヒメナエ,Mitrasaeme indiea,マチン科,LOGANIACEAE,158,,日本の野生植物 第2巻,158,Cached OCR page should exist,The profile points to a page that is not present in the OCR cache.,
72,ocr_page_missing,profile_candidate,plant-profile-003907,ヒメナミキ,Seutellaria dependens,シソ科,LAMIACEAE,202,,日本の野生植物 第2巻,202,Cached OCR page should exist,The profile points to a page that is not present in the OCR cache.,
72,ocr_page_missing,profile_candidate,plant-profile-004753,ヒメノダケ,Angelica cartilaginomarginata,セリ科,APIACEAE,302,603,日本の野生植物 第2巻,302,Cached OCR page should exist,The profile points to a page that is not present in the OCR cache.,
72,ocr_page_missing,profile_candidate,plant-profile-002717,ヒメノボタン,Osbeekia chinensis,ノボタン科,MELASTOMATACEAE,48,,日本の野生植物 第2巻,48,Cached OCR page should exist,The profile points to a page that is not present in the OCR cache.,
72,ocr_page_missing,profile_candidate,plant-profile-003968,ヒメハッカ,Mentha japonica,シソ科,LAMIACEAE,210,,日本の野生植物 第2巻,210,Cached OCR page should exist,The profile points to a page that is not present in the OCR cache.,
72,ocr_page_missing,profile_candidate,plant-profile-003019,ヒメハマナデシコ,Dianthus kiusianus,ナデシコ科,CARYOPHYLLACEAE,93,,日本の野生植物 第2巻,93,Cached OCR page should exist,The profile points to a page that is not present in the OCR cache.,
72,ocr_page_missing,profile_candidate,plant-profile-004311,ヒメヒゴタイ,Saussurea pulchella,キク科,ASTERACEAE,255,509,日本の野生植物 第2巻,255,Cached OCR page should exist,The profile points to a page that is not present in the OCR cache.,
72,ocr_page_missing,profile_candidate,plant-profile-003188,ヒメヒサカキ,Eurya yakushimensis,サカキ科,PENTAPHYLACACEAE,116,,日本の野生植物 第2巻,116,Cached OCR page should exist,The profile points to a page that is not present in the OCR cache.,
72,ocr_page_missing,profile_candidate,plant-profile-004179,ヒメヒレアザミ,Carduus pyenocephalus,キク科,ASTERACEAE,243,,日本の野生植物 第2巻,243,Cached OCR page should exist,The profile points to a page that is not present in the OCR cache.,
72,ocr_page_missing,profile_candidate,plant-profile-002672,ヒメビシ,Trapa incisa,ミソハギ科,LYTHRACEAE,42,,日本の野生植物 第2巻,42,Cached OCR page should exist,The profile points to a page that is not present in the OCR cache.,
72,ocr_page_missing,profile_candidate,plant-profile-002655,ヒメフウロ,Geranium robertianum,フウロソウ科,GERANIACEAE,39,,日本の野生植物 第2巻,39,Cached OCR page should exist,The profile points to a page that is not present in the OCR cache.,
72,ocr_page_missing,profile_candidate,plant-profile-002708,ヒメフトモモ,Syzygium cleyerifolium (Yatabe) Makino,フトモモ科,MYRTACEAE,47,92,日本の野生植物 第2巻,47,Cached OCR page should exist,The profile points to a page that is not present in the OCR cache.,
72,ocr_page_missing,profile_candidate,plant-profile-002661,ヒメミソハギ,Ammannia multiflora,ミソハギ科,LYTHRACEAE,41,80,日本の野生植物 第2巻,41,Cached OCR page should exist,The profile points to a page that is not present in the OCR cache.,
72,ocr_page_missing,profile_candidate,plant-profile-004063,ヒメミミカキグサ,Utrieularia minutissima,タヌキモ科,LENTIBULARIACEAE,222,,日本の野生植物 第2巻,222,Cached OCR page should exist,The profile points to a page that is not present in the OCR cache.,
72,ocr_page_missing,profile_candidate,plant-profile-002562,ヒメミヤマスミレ,Viola boissieuana,スミレ科,VIOLACEAE,30,59,日本の野生植物 第2巻,30,Cached OCR page should exist,The profile points to a page that is not present in the OCR cache.,
72,ocr_page_missing,profile_candidate,plant-profile-004546,ヒメムカシヨモギ,Erigeron canadensis,キク科,ASTERACEAE,277,,日本の野生植物 第2巻,277,Cached OCR page should exist,The profile points to a page that is not present in the OCR cache.,
72,ocr_page_missing,profile_candidate,plant-profile-004118,ヒメモチ,Ilex leucoclada,モチノキ科,AQUIFOLIACEAE,229,,日本の野生植物 第2巻,229,Cached OCR page should exist,The profile points to a page that is not present in the OCR cache.,
72,ocr_page_missing,profile_candidate,plant-profile-003470,ヒメヨツバムグラ,Galium graeilens,アカネ科,RUBIACEAE,148,,日本の野生植物 第2巻,148,Cached OCR page should exist,The profile points to a page that is not present in the OCR cache.,
72,ocr_page_missing,profile_candidate,plant-profile-004588,ヒメヨモギ,Artemisia lancea,キク科,ASTERACEAE,281,,日本の野生植物 第2巻,281,Cached OCR page should exist,The profile points to a page that is not present in the OCR cache.,
72,ocr_page_missing,profile_candidate,plant-profile-004249,ヒュウガアザミ,Cirsium masami-saitoanum,キク科,ASTERACEAE,250,,日本の野生植物 第2巻,250,Cached OCR page should exist,The profile points to a page that is not present in the OCR cache.,
72,ocr_page_missing,profile_candidate,plant-profile-004763,ヒュウガセンキュウ,Angeliea minamitanii,セリ科,APIACEAE,302,,日本の野生植物 第2巻,302,Cached OCR page should exist,The profile points to a page that is not present in the OCR cache.,
72,ocr_page_missing,profile_candidate,plant-profile-003388,ヒュウガミツバツツジ,Rhododendron hyugaense,ツツジ科,ERICACEAE,138,,日本の野生植物 第2巻,138,Cached OCR page should exist,The profile points to a page that is not present in the OCR cache.,
72,ocr_page_missing,profile_candidate,plant-profile-004493,ヒュウガヤブレガサ,Syneilesis akagii,キク科,ASTERACEAE,273,545,日本の野生植物 第2巻,273,Cached OCR page should exist,The profile points to a page that is not present in the OCR cache.,
72,ocr_page_missing,profile_candidate,plant-profile-003082,ヒユ,Amaranthus tricolor,ヒユ科,AMARANTHACEAE,100,,日本の野生植物 第2巻,100,Cached OCR page should exist,The profile points to a page that is not present in the OCR cache.,
72,ocr_page_missing,profile_candidate,plant-profile-003439,ヒョウタンカズラ,Coptosapelta diffusa,アカネ科,RUBIACEAE,145,,日本の野生植物 第2巻,145,Cached OCR page should exist,The profile points to a page that is not present in the OCR cache.,
72,ocr_page_missing,profile_candidate,plant-profile-003824,ヒヨクソウ,Veroniea laxa,オオバコ科,PLANTAGINACEAE,190,,日本の野生植物 第2巻,190,Cached OCR page should exist,The profile points to a page that is not present in the OCR cache.,
72,ocr_page_missing,profile_candidate,plant-profile-003682,ヒヨドリジョウゴ,Solanum lyratum,ナス科,SOLANACEAE,172,,日本の野生植物 第2巻,172,Cached OCR page should exist,The profile points to a page that is not present in the OCR cache.,
72,ocr_page_missing,profile_candidate,plant-profile-004710,ヒヨドリバナ,Eupatorium makinoi,キク科,ASTERACEAE,295,,日本の野生植物 第2巻,295,Cached OCR page should exist,The profile points to a page that is not present in the OCR cache.,
72,ocr_page_missing,profile_candidate,plant-profile-003700,ヒラナス,Solanum aethiopicum,ナス科,SOLANACEAE,173,,日本の野生植物 第2巻,173,Cached OCR page should exist,The profile points to a page that is not present in the OCR cache.,
72,ocr_page_missing,profile_candidate,plant-profile-003614,ヒルガオ,Calystegia pubescens,ヒルガオ科,CONVOLVULACEAE,165,328,日本の野生植物 第2巻,165,Cached OCR page should exist,The profile points to a page that is not present in the OCR cache.,
72,ocr_page_missing,profile_candidate,plant-profile-004071,ヒルギダマシ,Avicennia marina,キツネノマゴ科,ACANTHACEAE,223,,日本の野生植物 第2巻,223,Cached OCR page should exist,The profile points to a page that is not present in the OCR cache.,
72,ocr_page_missing,profile_candidate,plant-profile-002658,ヒルギモドキ,Lumnitzera racemosa,シクンシ科,COMBRETACEAE,40,,日本の野生植物 第2巻,40,Cached OCR page should exist,The profile points to a page that is not present in the OCR cache.,
72,ocr_page_missing,profile_candidate,plant-profile-004177,ヒレアザミ,Carduus erispus,キク科,ASTERACEAE,243,484,日本の野生植物 第2巻,243,Cached OCR page should exist,The profile points to a page that is not present in the OCR cache.,
72,ocr_page_missing,profile_candidate,plant-profile-004572,ヒロハウラジロヨモギ,Artemisia koidzumii var. koidzumii,キク科,ASTERACEAE,281,561,日本の野生植物 第2巻,281,Cached OCR page should exist,The profile points to a page that is not present in the OCR cache.,
72,ocr_page_missing,profile_candidate,plant-profile-004825,ヒロハガマズミ,Viburnum koreanum,ガマズミ科,VIBURNACEAE,309,,日本の野生植物 第2巻,309,Cached OCR page should exist,The profile points to a page that is not present in the OCR cache.,
72,ocr_page_missing,profile_candidate,plant-profile-003493,ヒロハケニオイグサ,,,,151,300,日本の野生植物 第2巻,151,Cached OCR page should exist,The profile points to a page that is not present in the OCR cache.,
72,ocr_page_missing,profile_candidate,plant-profile-003490,ヒロハコンロンカ,Mussaenda shikokiana,アカネ科,RUBIACEAE,150,,日本の野生植物 第2巻,150,Cached OCR page should exist,The profile points to a page that is not present in the OCR cache.,
72,ocr_page_missing,profile_candidate,plant-profile-002854,ヒロハコンロンソウ,Cardamine appendiculata,アブラナ科,BRASSICACEAE,73,144,日本の野生植物 第2巻,73,Cached OCR page should exist,The profile points to a page that is not present in the OCR cache.,
72,ocr_page_missing,profile_candidate,plant-profile-004084,ヒロハサギゴケ,Strobilanthes reptans,キツネノマゴ科,ACANTHACEAE,225,,日本の野生植物 第2巻,225,Cached OCR page should exist,The profile points to a page that is not present in the OCR cache.,
72,ocr_page_missing,profile_candidate,plant-profile-003783,ヒロハスギナモ,Hippuris tetraphylla,オオバコ科,PLANTAGINACEAE,186,,日本の野生植物 第2巻,186,Cached OCR page should exist,The profile points to a page that is not present in the OCR cache.,
72,ocr_page_missing,profile_candidate,plant-profile-004111,ヒロハタマミズキ,Ilex macrocarpa,モチノキ科,AQUIFOLIACEAE,229,457,日本の野生植物 第2巻,229,Cached OCR page should exist,The profile points to a page that is not present in the OCR cache.,
72,ocr_page_missing,profile_candidate,plant-profile-002677,ヒロハノミズタマソウ,,,,43,85,日本の野生植物 第2巻,43,Cached OCR page should exist,The profile points to a page that is not present in the OCR cache.,
72,ocr_page_missing,profile_candidate,plant-profile-003284,ヒロハノミミズバイ,Symplocos tanakae,ハイノキ科,SYMPLOCACEAE,126,,日本の野生植物 第2巻,126,Cached OCR page should exist,The profile points to a page that is not present in the OCR cache.,
72,ocr_page_missing,profile_candidate,plant-profile-003621,ヒロハヒルガオ,Calystegia sepium,キョウチクトウ科,APOCYNACEAE,165,,日本の野生植物 第2巻,165,Cached OCR page should exist,The profile points to a page that is not present in the OCR cache.,
72,ocr_page_missing,profile_candidate,plant-profile-003671,ヒロハフウリンホオズキ,Plysalis angulata,ナス科,SOLANACEAE,171,,日本の野生植物 第2巻,171,Cached OCR page should exist,The profile points to a page that is not present in the OCR cache.,
72,ocr_page_missing,profile_candidate,plant-profile-003110,ヒロハマツナ,Suaeda malaeosperma,ヒユ科,AMARANTHACEAE,104,,日本の野生植物 第2巻,104,Cached OCR page should exist,The profile points to a page that is not present in the OCR cache.,
72,ocr_page_missing,profile_candidate,plant-profile-004573,ヒロハヤマヨモギ,Artemisia stolonifera,キク科,ASTERACEAE,281,561,日本の野生植物 第2巻,281,Cached OCR page should exist,The profile points to a page that is not present in the OCR cache.,
72,ocr_page_missing,profile_candidate,plant-profile-004290,ビッチュウアザミ,Cirsium bitchuense,キク科,ASTERACEAE,252,,日本の野生植物 第2巻,252,Cached OCR page should exist,The profile points to a page that is not present in the OCR cache.,
72,ocr_page_missing,profile_candidate,plant-profile-002654,ビッチュウフウロ,Geranium yoshinoi,フウロソウ科,GERANIACEAE,39,,日本の野生植物 第2巻,39,Cached OCR page should exist,The profile points to a page that is not present in the OCR cache.,
72,ocr_page_missing,profile_candidate,plant-profile-002617,ビヨウヤナギ,Hypericum monogyuum,オトギリソウ科,HYPERICACEAE,36,,日本の野生植物 第2巻,36,Cached OCR page should exist,The profile points to a page that is not present in the OCR cache.,
72,ocr_page_missing,profile_candidate,plant-profile-003862,ビロードムラサキ,Callicarpa kochiana,シソ科,LAMIACEAE,197,,日本の野生植物 第2巻,197,Cached OCR page should exist,The profile points to a page that is not present in the OCR cache.,
72,ocr_page_missing,profile_candidate,plant-profile-003846,ビロードモウズイカ,Verbaseum thapsus,ゴマノハグサ科,SCROPHULARIACEAE,193,,日本の野生植物 第2巻,193,Cached OCR page should exist,The profile points to a page that is not present in the OCR cache.,
72,ocr_page_missing,profile_candidate,plant-profile-004598,ピレオギク,Chrysanthemum weyrichii,キク科,ASTERACEAE,283,565,日本の野生植物 第2巻,283,Cached OCR page should exist,The profile points to a page that is not present in the OCR cache.,
72,ocr_page_missing,profile_candidate,plant-profile-002812,フウセンアカメガシワ,Kleinhovia hospita,アオイ科,MALVACEAE,62,,日本の野生植物 第2巻,62,Cached OCR page should exist,The profile points to a page that is not present in the OCR cache.,
72,ocr_page_missing,profile_candidate,plant-profile-003646,フウセンアサガオ,Opereulina turpethum,キョウチクトウ科,APOCYNACEAE,168,,日本の野生植物 第2巻,168,Cached OCR page should exist,The profile points to a page that is not present in the OCR cache.,
72,ocr_page_missing,profile_candidate,plant-profile-004112,フウリンウメモドキ,Ilex geniculata,モチノキ科,AQUIFOLIACEAE,229,457,日本の野生植物 第2巻,229,Cached OCR page should exist,The profile points to a page that is not present in the OCR cache.,
72,ocr_page_missing,profile_candidate,plant-profile-004315,フォーリーアザミ,Saussurea fauriei,キク科,ASTERACEAE,256,510,日本の野生植物 第2巻,256,Cached OCR page should exist,The profile points to a page that is not present in the OCR cache.,
72,ocr_page_missing,profile_candidate,plant-profile-004370,フカウラトウヒレン,Saussuren andoana,キク科,ASTERACEAE,258,,日本の野生植物 第2巻,258,Cached OCR page should exist,The profile points to a page that is not present in the OCR cache.,
72,ocr_page_missing,profile_candidate,plant-profile-004743,フカノキ,Sehefllera heptaplylla,ウコギ科,ARALIACEAE,299,,日本の野生植物 第2巻,299,Cached OCR page should exist,The profile points to a page that is not present in the OCR cache.,
72,ocr_page_missing,profile_candidate,plant-profile-004490,フキ,Petasites japonicus,キク科,ASTERACEAE,273,544,日本の野生植物 第2巻,273,Cached OCR page should exist,The profile points to a page that is not present in the OCR cache.,
72,ocr_page_missing,profile_candidate,plant-profile-004416,フクオウソウ,Nabalus acerifolius,キク科,ASTERACEAE,263,,日本の野生植物 第2巻,263,Cached OCR page should exist,The profile points to a page that is not present in the OCR cache.,
72,ocr_page_missing,profile_candidate,plant-profile-002594,フクギ,Garcinia subelliptica,フクギ科,CLUSIACEAE,33,64,日本の野生植物 第2巻,33,Cached OCR page should exist,The profile points to a page that is not present in the OCR cache.,
72,ocr_page_missing,profile_candidate,plant-profile-004128,フクシマシャジン,Adenophora divaricata,キキョウ科,CAMPANULACEAE,230,,日本の野生植物 第2巻,230,Cached OCR page should exist,The profile points to a page that is not present in the OCR cache.,
72,ocr_page_missing,profile_candidate,plant-profile-004569,フクド,Artemisia fukudo,キク科,ASTERACEAE,281,560,日本の野生植物 第2巻,281,Cached OCR page should exist,The profile points to a page that is not present in the OCR cache.,
72,ocr_page_missing,profile_candidate,plant-profile-003709,フクマンギ,Ehretia mierophylla,ムラサキ科,BORAGINACEAE,175,,日本の野生植物 第2巻,175,Cached OCR page should exist,The profile points to a page that is not present in the OCR cache.,
72,ocr_page_missing,profile_candidate,plant-profile-004064,フサタヌキモ,Utricularia dimorphantha,タヌキモ科,LENTIBULARIACEAE,222,,日本の野生植物 第2巻,222,Cached OCR page should exist,The profile points to a page that is not present in the OCR cache.,
72,ocr_page_missing,profile_candidate,plant-profile-003838,フサフジウツギ,Buddleja davidii,ゴマノハグサ科,SCROPHULARIACEAE,192,,日本の野生植物 第2巻,192,Cached OCR page should exist,The profile points to a page that is not present in the OCR cache.,
72,ocr_page_missing,profile_candidate,plant-profile-003043,フシグロ,Silene firma,ナデシコ科,CARYOPHYLLACEAE,96,190,日本の野生植物 第2巻,96,Cached OCR page should exist,The profile points to a page that is not present in the OCR cache.,
72,ocr_page_missing,profile_candidate,plant-profile-003039,フシグロセンノウ,Silene miqueliana,ナデシコ科,CARYOPHYLLACEAE,95,,日本の野生植物 第2巻,95,Cached OCR page should exist,The profile points to a page that is not present in the OCR cache.,
72,ocr_page_missing,profile_candidate,plant-profile-004670,フシザキソウ,Synedrella nodiflora,キク科,ASTERACEAE,291,581,日本の野生植物 第2巻,291,Cached OCR page should exist,The profile points to a page that is not present in the OCR cache.,
72,ocr_page_missing,profile_candidate,plant-profile-004188,フジアザミ,Cirsium purpuratum,キク科,ASTERACEAE,247,,日本の野生植物 第2巻,247,Cached OCR page should exist,The profile points to a page that is not present in the OCR cache.,
72,ocr_page_missing,profile_candidate,plant-profile-003839,フジウツギ,Buddleja japonica,ゴマノハグサ科,SCROPHULARIACEAE,192,,日本の野生植物 第2巻,192,Cached OCR page should exist,The profile points to a page that is not present in the OCR cache.,
72,ocr_page_missing,profile_candidate,plant-profile-002570,フジスミレ,Viola tokubuchiana,スミレ科,VIOLACEAE,30,,日本の野生植物 第2巻,30,Cached OCR page should exist,The profile points to a page that is not present in the OCR cache.,
72,ocr_page_missing,profile_candidate,plant-profile-003363,フジツツジ,Rhododendron tosaense,ツツジ科,ERICACEAE,137,273,日本の野生植物 第2巻,137,Cached OCR page should exist,The profile points to a page that is not present in the OCR cache.,
72,ocr_page_missing,profile_candidate,plant-profile-002850,フジハタザオ,Arabis serrata,アブラナ科,BRASSICACEAE,71,,日本の野生植物 第2巻,71,Cached OCR page should exist,The profile points to a page that is not present in the OCR cache.,
72,ocr_page_missing,profile_candidate,plant-profile-004698,フジバカマ,Eupatorium japonieum,キク科,ASTERACEAE,294,,日本の野生植物 第2巻,294,Cached OCR page should exist,The profile points to a page that is not present in the OCR cache.,
72,ocr_page_missing,profile_candidate,plant-profile-004422,フタナミソウ,Seorzonera rebunensis,キク科,ASTERACEAE,264,,日本の野生植物 第2巻,264,Cached OCR page should exist,The profile points to a page that is not present in the OCR cache.,
72,ocr_page_missing,profile_candidate,plant-profile-003501,フタバムグラ,Oldenlandia brachypoda,アカネ科,RUBIACEAE,151,,日本の野生植物 第2巻,151,Cached OCR page should exist,The profile points to a page that is not present in the OCR cache.,
72,ocr_page_missing,profile_candidate,plant-profile-004238,フタマタアザミ,Cirsium hasunumae,キク科,ASTERACEAE,250,499,日本の野生植物 第2巻,250,Cached OCR page should exist,The profile points to a page that is not present in the OCR cache.,
72,ocr_page_missing,profile_candidate,plant-profile-004385,フタマタタンポポ,Crepis hokkaidoensis,キク科,ASTERACEAE,260,,日本の野生植物 第2巻,260,Cached OCR page should exist,The profile points to a page that is not present in the OCR cache.,
72,ocr_page_missing,profile_candidate,plant-profile-003535,フデリンドウ,Gentiana zollingeri,アカネ科,RUBIACEAE,155,,日本の野生植物 第2巻,155,Cached OCR page should exist,The profile points to a page that is not present in the OCR cache.,
72,ocr_page_missing,profile_candidate,plant-profile-004093,フトボナガボソウ,Stachytarpheta jamaicensis,クマツヅラ科,VERBENACEAE,226,,日本の野生植物 第2巻,226,Cached OCR page should exist,The profile points to a page that is not present in the OCR cache.,
72,ocr_page_missing,profile_candidate,plant-profile-003943,フトボナギナタコウジュ,Elsholtzia nipponiea,シソ科,LAMIACEAE,207,,日本の野生植物 第2巻,207,Cached OCR page should exist,The profile points to a page that is not present in the OCR cache.,
72,ocr_page_missing,profile_candidate,plant-profile-002711,フトモモ,Syzygium jambos,フトモモ科,MYRTACEAE,47,,日本の野生植物 第2巻,47,Cached OCR page should exist,The profile points to a page that is not present in the OCR cache.,
72,ocr_page_missing,profile_candidate,plant-profile-003609,フナバラソウ,Vincetosicum atratum,キョウチクトウ科,APOCYNACEAE,163,,日本の野生植物 第2巻,163,Cached OCR page should exist,The profile points to a page that is not present in the OCR cache.,
72,ocr_page_missing,profile_candidate,plant-profile-004346,フボウトウヒレン,Saussurea fuboensis,キク科,ASTERACEAE,257,513,日本の野生植物 第2巻,257,Cached OCR page should exist,The profile points to a page that is not present in the OCR cache.,
72,ocr_page_missing,profile_candidate,plant-profile-002563,フモトスミレ,Viola sieboldii,スミレ科,VIOLACEAE,30,59,日本の野生植物 第2巻,30,Cached OCR page should exist,The profile points to a page that is not present in the OCR cache.,
72,ocr_page_missing,profile_candidate,plant-profile-002789,フユザンショウ,Zanthoxylum armatum,ミカン科,RUTACEAE,58,114,日本の野生植物 第2巻,58,Cached OCR page should exist,The profile points to a page that is not present in the OCR cache.,
72,ocr_page_missing,profile_candidate,plant-profile-002806,フヨウ,Hibiscus mutabilis,アオイ科,MALVACEAE,62,122,日本の野生植物 第2巻,62,Cached OCR page should exist,The profile points to a page that is not present in the OCR cache.,
72,ocr_page_missing,profile_candidate,plant-profile-003811,フラサバソウ,Veronica hederifolia,オオバコ科,PLANTAGINACEAE,190,378,日本の野生植物 第2巻,190,Cached OCR page should exist,The profile points to a page that is not present in the OCR cache.,
72,ocr_page_missing,profile_candidate,plant-profile-004530,ブクリョウサイ,Dichrocephala integrifolia,キク科,ASTERACEAE,276,551,日本の野生植物 第2巻,276,Cached OCR page should exist,The profile points to a page that is not present in the OCR cache.,
72,ocr_page_missing,profile_candidate,plant-profile-003921,ブゾロイバナ,Anisomeles indica,シソ科,LAMIACEAE,204,406,日本の野生植物 第2巻,204,Cached OCR page should exist,The profile points to a page that is not present in the OCR cache.,
72,ocr_page_missing,profile_candidate,plant-profile-004683,ブタクサ,Ambrosia artemisiifolia,キク科,ASTERACEAE,292,,日本の野生植物 第2巻,292,Cached OCR page should exist,The profile points to a page that is not present in the OCR cache.,
72,ocr_page_missing,profile_candidate,plant-profile-004684,ブタクサモドキ,Ambrosia psilostachya,キク科,ASTERACEAE,292,,日本の野生植物 第2巻,292,Cached OCR page should exist,The profile points to a page that is not present in the OCR cache.,
72,ocr_page_missing,profile_candidate,plant-profile-004391,ブタナ,Hypochaeris radicata,キク科,ASTERACEAE,261,520,日本の野生植物 第2巻,261,Cached OCR page should exist,The profile points to a page that is not present in the OCR cache.,
72,ocr_page_missing,profile_candidate,plant-profile-003665,ブドウホオズキ,Physalis peruviana,ナス科,SOLANACEAE,171,340,日本の野生植物 第2巻,171,Cached OCR page should exist,The profile points to a page that is not present in the OCR cache.,
72,ocr_page_missing,profile_candidate,plant-profile-003152,ブンゴウツギ,Deutzia zentaroana,アジサイ科,HYDRANGEACEAE,110,,日本の野生植物 第2巻,110,Cached OCR page should exist,The profile points to a page that is not present in the OCR cache.,
72,ocr_page_missing,profile_candidate,plant-profile-003502,ヘクソカズラ,Paederia foetida,アカネ科,RUBIACEAE,151,,日本の野生植物 第2巻,151,Cached OCR page should exist,The profile points to a page that is not present in the OCR cache.,
72,ocr_page_missing,profile_candidate,plant-profile-003220,ヘツカコナスビ,Lysimachia ohsumiensis,サクラソウ科,PRIMULACEAE,120,,日本の野生植物 第2巻,120,Cached OCR page should exist,The profile points to a page that is not present in the OCR cache.,
72,ocr_page_missing,profile_candidate,plant-profile-003520,ヘツカニガキ,Sinoadina racemosa,アカネ科,RUBIACEAE,153,,日本の野生植物 第2巻,153,Cached OCR page should exist,The profile points to a page that is not present in the OCR cache.,
72,ocr_page_missing,profile_candidate,plant-profile-003553,ヘツカリンドウ,Swertia tashiroi,アカネ科,RUBIACEAE,157,,日本の野生植物 第2巻,157,Cached OCR page should exist,The profile points to a page that is not present in the OCR cache.,
72,ocr_page_missing,profile_candidate,plant-profile-003795,ヘラオオバコ,Plantago lanceolata,オオバコ科,PLANTAGINACEAE,188,374,日本の野生植物 第2巻,188,Cached OCR page should exist,The profile points to a page that is not present in the OCR cache.,
72,ocr_page_missing,profile_candidate,plant-profile-004386,ヘラナレン,Crepidiastrum linguifolium,キク科,ASTERACEAE,260,,日本の野生植物 第2巻,260,Cached OCR page should exist,The profile points to a page that is not present in the OCR cache.,
72,ocr_page_missing,profile_candidate,plant-profile-002814,ヘラノキ,Tilia kiusiana,アオイ科,MALVACEAE,63,125,日本の野生植物 第2巻,63,Cached OCR page should exist,The profile points to a page that is not present in the OCR cache.,
72,ocr_page_missing,profile_candidate,plant-profile-004547,ヘラバヒメジョオン,Erigeron strigosus,キク科,ASTERACEAE,277,,日本の野生植物 第2巻,277,Cached OCR page should exist,The profile points to a page that is not present in the OCR cache.,
72,ocr_page_missing,profile_candidate,plant-profile-003167,ベニガクアジサイ,Hortensia japoniea,アジサイ科,HYDRANGEACEAE,112,,日本の野生植物 第2巻,112,Cached OCR page should exist,The profile points to a page that is not present in the OCR cache.,
72,ocr_page_missing,profile_candidate,plant-profile-004046,ベニシオガマ,Pedicularis koidzumiana,ハマウツボ科,OROBANCHACEAE,220,,日本の野生植物 第2巻,220,Cached OCR page should exist,The profile points to a page that is not present in the OCR cache.,
72,ocr_page_missing,profile_candidate,plant-profile-003400,ベニドウダン,Enkianthus cernuus,ツツジ科,ERICACEAE,139,,日本の野生植物 第2巻,139,Cached OCR page should exist,The profile points to a page that is not present in the OCR cache.,
72,ocr_page_missing,profile_candidate,plant-profile-003314,ベニバナイチヤクソウ,Pyrola inearnata,ツツジ科,ERICACEAE,132,,日本の野生植物 第2巻,132,Cached OCR page should exist,The profile points to a page that is not present in the OCR cache.,
72,ocr_page_missing,profile_candidate,plant-profile-004859,ベニバナヒョウタンボク,Lonicera maximowiezii,スイカズラ科,CAPRIFOLIACEAE,314,626,日本の野生植物 第2巻,314,Cached OCR page should exist,The profile points to a page that is not present in the OCR cache.,
72,ocr_page_missing,profile_candidate,plant-profile-004445,ベニバナボロギク,Crassocephalum crepidioides,キク科,ASTERACEAE,268,535,日本の野生植物 第2巻,268,Cached OCR page should exist,The profile points to a page that is not present in the OCR cache.,
72,ocr_page_missing,profile_candidate,plant-profile-004255,ホウキアザミ,Cirsium gratiosum,キク科,ASTERACEAE,251,500,日本の野生植物 第2巻,251,Cached OCR page should exist,The profile points to a page that is not present in the OCR cache.,
72,ocr_page_missing,profile_candidate,plant-profile-004558,ホウキギク,Symphyotrichum subulatum,キク科,ASTERACEAE,279,556,日本の野生植物 第2巻,279,Cached OCR page should exist,The profile points to a page that is not present in the OCR cache.,
72,ocr_page_missing,profile_candidate,plant-profile-003610,ホウヨカモメヅル,Vincefoxicum hoyoense,キョウチクトウ科,APOCYNACEAE,163,,日本の野生植物 第2巻,163,Cached OCR page should exist,The profile points to a page that is not present in the OCR cache.,
72,ocr_page_missing,profile_candidate,plant-profile-003573,ホウライアオカズラ,Gymnema sylvestre,キョウチクトウ科,APOCYNACEAE,160,319,日本の野生植物 第2巻,160,Cached OCR page should exist,The profile points to a page that is not present in the OCR cache.,
72,ocr_page_missing,profile_candidate,plant-profile-003579,ホウライカガミ,Parsonsia alboflavescens,キョウチクトウ科,APOCYNACEAE,161,321,日本の野生植物 第2巻,161,Cached OCR page should exist,The profile points to a page that is not present in the OCR cache.,
72,ocr_page_missing,profile_candidate,plant-profile-003560,ホウライカズラ,Gardneria nutans,マチン科,LOGANIACEAE,158,,日本の野生植物 第2巻,158,Cached OCR page should exist,The profile points to a page that is not present in the OCR cache.,
72,ocr_page_missing,profile_candidate,plant-profile-003793,ホウライシソクサ,Limnophila rugosa,オオバコ科,PLANTAGINACEAE,187,,日本の野生植物 第2巻,187,Cached OCR page should exist,The profile points to a page that is not present in the OCR cache.,
72,ocr_page_missing,profile_candidate,plant-profile-003861,ホウライムラサキ,Callicarpa formosana,シソ科,LAMIACEAE,197,393,日本の野生植物 第2巻,197,Cached OCR page should exist,The profile points to a page that is not present in the OCR cache.,
72,ocr_page_missing,profile_candidate,plant-profile-003672,ホオズキ,Physalis alkekengi,ナス科,SOLANACEAE,171,,日本の野生植物 第2巻,171,Cached OCR page should exist,The profile points to a page that is not present in the OCR cache.,
72,ocr_page_missing,profile_candidate,plant-profile-004330,ホクチアザミ,Saussurea gracilis,キク科,ASTERACEAE,256,,日本の野生植物 第2巻,256,Cached OCR page should exist,The profile points to a page that is not present in the OCR cache.,
72,ocr_page_missing,profile_candidate,plant-profile-004364,ホクロクトウヒレン,Saussurea hokurokuensis,キク科,ASTERACEAE,258,514,日本の野生植物 第2巻,258,Cached OCR page should exist,The profile points to a page that is not present in the OCR cache.,
72,ocr_page_missing,profile_candidate,plant-profile-002673,ホザキキカシグサ,Rotala rotandifolia,ミソハギ科,LYTHRACEAE,42,,日本の野生植物 第2巻,42,Cached OCR page should exist,The profile points to a page that is not present in the OCR cache.,
72,ocr_page_missing,profile_candidate,plant-profile-002491,ホザキサルノオ,Hiptage benghalensis,キントラノオ科,MALPIGHIACEAE,17,33,日本の野生植物 第2巻,17,Cached OCR page should exist,The profile points to a page that is not present in the OCR cache.,
72,ocr_page_missing,profile_candidate,plant-profile-003250,ホザキザクラ,Stimpsonia chamaedryoides,サクラソウ科,PRIMULACEAE,123,,日本の野生植物 第2巻,123,Cached OCR page should exist,The profile points to a page that is not present in the OCR cache.,
72,ocr_page_missing,profile_candidate,plant-profile-004036,ホザキシオガマ,Pedicularis spieata,ハマウツボ科,OROBANCHACEAE,220,439,日本の野生植物 第2巻,220,Cached OCR page should exist,The profile points to a page that is not present in the OCR cache.,
72,ocr_page_missing,profile_candidate,plant-profile-004880,ホザキツキヌキソウ,Triosteum pinnatifdum,スイカズラ科,CAPRIFOLIACEAE,315,,日本の野生植物 第2巻,315,Cached OCR page should exist,The profile points to a page that is not present in the OCR cache.,
72,ocr_page_missing,profile_candidate,plant-profile-003349,ホザキツリガネツツジ,Rhododendron katsumatae,ツツジ科,ERICACEAE,136,,日本の野生植物 第2巻,136,Cached OCR page should exist,The profile points to a page that is not present in the OCR cache.,
72,ocr_page_missing,profile_candidate,plant-profile-004065,ホザキノミミカキグサ,Utricularia caerulea,タヌキモ科,LENTIBULARIACEAE,222,,日本の野生植物 第2巻,222,Cached OCR page should exist,The profile points to a page that is not present in the OCR cache.,
72,ocr_page_missing,profile_candidate,plant-profile-002917,ホザキヤドリギ,Loranthus tanakae,オオバヤドリギ科,LORANTHACEAE,81,,日本の野生植物 第2巻,81,Cached OCR page should exist,The profile points to a page that is not present in the OCR cache.,
72,ocr_page_missing,profile_candidate,plant-profile-003633,ホシアサガオ,Ipomoea triloba L.,ヒルガオ科,CONVOLVULACEAE,167,333,日本の野生植物 第2巻,167,Cached OCR page should exist,The profile points to a page that is not present in the OCR cache.,
72,ocr_page_missing,profile_candidate,plant-profile-003083,ホソアオゲイトウ,Amaranthus hybridus,ヒユ科,AMARANTHACEAE,100,,日本の野生植物 第2巻,100,Cached OCR page should exist,The profile points to a page that is not present in the OCR cache.,
72,ocr_page_missing,profile_candidate,plant-profile-002748,ホソエカエデ,Acer capillipes,ムクロジ科,SAPINDACEAE,53,104,日本の野生植物 第2巻,53,Cached OCR page should exist,The profile points to a page that is not present in the OCR cache.,
72,ocr_page_missing,profile_candidate,plant-profile-004256,ホソエノアザミ,Cirsium tenuipedunculatum,キク科,ASTERACEAE,251,500,日本の野生植物 第2巻,251,Cached OCR page should exist,The profile points to a page that is not present in the OCR cache.,
72,ocr_page_missing,profile_candidate,plant-profile-003093,ホソバアカザ,Chenopodium stenoplyllum,ヒユ科,AMARANTHACEAE,102,203,日本の野生植物 第2巻,102,Cached OCR page should exist,The profile points to a page that is not present in the OCR cache.,
72,ocr_page_missing,profile_candidate,plant-profile-002695,ホソバアカバナ,Epilobium palustre,アカバナ科,ONAGRACEAE,44,,日本の野生植物 第2巻,44,Cached OCR page should exist,The profile points to a page that is not present in the OCR cache.,
72,ocr_page_missing,profile_candidate,plant-profile-002974,ホソバイヌタデ,Persiearia trigonoearpa,タデ科,POLYGONACEAE,88,,日本の野生植物 第2巻,88,Cached OCR page should exist,The profile points to a page that is not present in the OCR cache.,
72,ocr_page_missing,profile_candidate,plant-profile-003784,ホソバウルップソウ,Lagotis yesoensis,オオバコ科,PLANTAGINACEAE,186,,日本の野生植物 第2巻,186,Cached OCR page should exist,The profile points to a page that is not present in the OCR cache.,
72,ocr_page_missing,profile_candidate,plant-profile-004654,ホソバオグルマ,Iaula linarifolia,キク科,ASTERACEAE,289,,日本の野生植物 第2巻,289,Cached OCR page should exist,The profile points to a page that is not present in the OCR cache.,
72,ocr_page_missing,profile_candidate,plant-profile-003334,ホソバシャクナゲ,Rhododendron makinoi,ツツジ科,ERICACEAE,136,270,日本の野生植物 第2巻,136,Cached OCR page should exist,The profile points to a page that is not present in the OCR cache.,
72,ocr_page_missing,profile_candidate,plant-profile-003020,ホソバツメクサ,Minuartia verna (L.) Hiern var. japonica H. Hara,ナデシコ科,CARYOPHYLLACEAE,94,186,日本の野生植物 第2巻,94,Cached OCR page should exist,The profile points to a page that is not present in the OCR cache.,
72,ocr_page_missing,profile_candidate,plant-profile-003073,ホソバツルノゲイトウ,Alternanthera dentieulata,ヒユ科,AMARANTHACEAE,99,,日本の野生植物 第2巻,99,Cached OCR page should exist,The profile points to a page that is not present in the OCR cache.,
72,ocr_page_missing,profile_candidate,plant-profile-004767,ホソバトウキ,Angelica stenoloba,セリ科,APIACEAE,303,604,日本の野生植物 第2巻,303,Cached OCR page should exist,The profile points to a page that is not present in the OCR cache.,
72,ocr_page_missing,profile_candidate,plant-profile-004396,ホソバニガナ,Ixeridium beauverdianum,キク科,ASTERACEAE,261,,日本の野生植物 第2巻,261,Cached OCR page should exist,The profile points to a page that is not present in the OCR cache.,
72,ocr_page_missing,profile_candidate,plant-profile-002946,ホソバノウナギツカミ,Persicaria praetermissa,タデ科,POLYGONACEAE,87,172,日本の野生植物 第2巻,87,Cached OCR page should exist,The profile points to a page that is not present in the OCR cache.,
72,ocr_page_missing,profile_candidate,plant-profile-004517,ホソバノギク,Aster sohayakiensis,キク科,ASTERACEAE,275,,日本の野生植物 第2巻,275,Cached OCR page should exist,The profile points to a page that is not present in the OCR cache.,
72,ocr_page_missing,profile_candidate,plant-profile-004664,ホソバノセンダングサ,Bidens parviflora,キク科,ASTERACEAE,290,,日本の野生植物 第2巻,290,Cached OCR page should exist,The profile points to a page that is not present in the OCR cache.,
72,ocr_page_missing,profile_candidate,plant-profile-003540,ホソバノツルリンドウ,Pterygocalyx volubilis Maxim.,リンドウ科,GENTIANACEAE,156,311,日本の野生植物 第2巻,156,Cached OCR page should exist,The profile points to a page that is not present in the OCR cache.,
72,ocr_page_missing,profile_candidate,plant-profile-003455,ホソバノヨツバムグラ,Galium trifdum,アカネ科,RUBIACEAE,147,,日本の野生植物 第2巻,147,Cached OCR page should exist,The profile points to a page that is not present in the OCR cache.,
72,ocr_page_missing,profile_candidate,plant-profile-004167,ホソバハグマ,Ainsliaea linearis,キク科,ASTERACEAE,241,,日本の野生植物 第2巻,241,Cached OCR page should exist,The profile points to a page that is not present in the OCR cache.,
72,ocr_page_missing,profile_candidate,plant-profile-003090,ホソバハマアカザ,Atriplex patens,ヒユ科,AMARANTHACEAE,101,,日本の野生植物 第2巻,101,Cached OCR page should exist,The profile points to a page that is not present in the OCR cache.,
72,ocr_page_missing,profile_candidate,plant-profile-003825,ホソバヒメトラノオ,Veronica linariifolia,オオバコ科,PLANTAGINACEAE,190,,日本の野生植物 第2巻,190,Cached OCR page should exist,The profile points to a page that is not present in the OCR cache.,
72,ocr_page_missing,profile_candidate,plant-profile-002662,ホソバヒメミソハギ,,,,41,80,日本の野生植物 第2巻,41,Cached OCR page should exist,The profile points to a page that is not present in the OCR cache.,
72,ocr_page_missing,profile_candidate,plant-profile-004024,ホソバママコナ,Melampyrum setaceum,ハマウツボ科,OROBANCHACEAE,218,,日本の野生植物 第2巻,218,Cached OCR page should exist,The profile points to a page that is not present in the OCR cache.,
72,ocr_page_missing,profile_candidate,plant-profile-003006,ホソバミミナグサ,Cerastium rubescens Mattf. var. ovatum (Miyabe) M. Mizush.,ナデシコ科,CARYOPHYLLACEAE,92,183,日本の野生植物 第2巻,92,Cached OCR page should exist,The profile points to a page that is not present in the OCR cache.,
72,ocr_page_missing,profile_candidate,plant-profile-003951,ホソバヤマジソ,Mosla chinensis,シソ科,LAMIACEAE,208,,日本の野生植物 第2巻,208,Cached OCR page should exist,The profile points to a page that is not present in the OCR cache.,
72,ocr_page_missing,profile_candidate,plant-profile-003587,ホソバヤロード,Ochrosia hesandra,キョウチクトウ科,APOCYNACEAE,161,,日本の野生植物 第2巻,161,Cached OCR page should exist,The profile points to a page that is not present in the OCR cache.,
72,ocr_page_missing,profile_candidate,plant-profile-004387,ホソバワダン,Crepidiastrum lanceolatum,キク科,ASTERACEAE,260,,日本の野生植物 第2巻,260,Cached OCR page should exist,The profile points to a page that is not present in the OCR cache.,
72,ocr_page_missing,profile_candidate,plant-profile-003713,ホタルカズラ,Aegouychon zollingeri,ムラサキ科,BORAGINACEAE,176,,日本の野生植物 第2巻,176,Cached OCR page should exist,The profile points to a page that is not present in the OCR cache.,
72,ocr_page_missing,profile_candidate,plant-profile-004776,ホタルサイコ,Bupleurum longiradiatum,セリ科,APIACEAE,303,,日本の野生植物 第2巻,303,Cached OCR page should exist,The profile points to a page that is not present in the OCR cache.,
72,ocr_page_missing,profile_candidate,plant-profile-004139,ホタルブクロ,Campanula punctata,キキョウ科,CAMPANULACEAE,231,,日本の野生植物 第2巻,231,Cached OCR page should exist,The profile points to a page that is not present in the OCR cache.,
72,ocr_page_missing,profile_candidate,plant-profile-004257,ホッコクアザミ,Cirsium hokkokuense,キク科,ASTERACEAE,251,500,日本の野生植物 第2巻,251,Cached OCR page should exist,The profile points to a page that is not present in the OCR cache.,
72,ocr_page_missing,profile_candidate,plant-profile-003316,ホツツジ,Elliottia paniculata,ツツジ科,ERICACEAE,133,264,日本の野生植物 第2巻,133,Cached OCR page should exist,The profile points to a page that is not present in the OCR cache.,
72,ocr_page_missing,profile_candidate,plant-profile-003939,ホトケノザ,Lamium amplesieaule,シソ科,LAMIACEAE,206,,日本の野生植物 第2巻,206,Cached OCR page should exist,The profile points to a page that is not present in the OCR cache.,
72,ocr_page_missing,profile_candidate,plant-profile-003084,ホナガアオゲイトウ,Amaranthus powelli,ヒユ科,AMARANTHACEAE,100,,日本の野生植物 第2巻,100,Cached OCR page should exist,The profile points to a page that is not present in the OCR cache.,
72,ocr_page_missing,profile_candidate,plant-profile-003076,ホナガイヌビユ,Amaranthus viridis,ヒユ科,AMARANTHACEAE,100,199;198,日本の野生植物 第2巻,100,Cached OCR page should exist,The profile points to a page that is not present in the OCR cache.,
72,ocr_page_missing,profile_candidate,plant-profile-003625,ホルトカズラ,Eryeibe henryi,キョウチクトウ科,APOCYNACEAE,166,,日本の野生植物 第2巻,166,Cached OCR page should exist,The profile points to a page that is not present in the OCR cache.,
72,ocr_page_missing,profile_candidate,plant-profile-003335,ホンシャクナゲ,,,,136,270,日本の野生植物 第2巻,136,Cached OCR page should exist,The profile points to a page that is not present in the OCR cache.,
72,ocr_page_missing,profile_candidate,plant-profile-003893,ボタンクサギ,Clerodendrum bungei,シソ科,LAMIACEAE,200,,日本の野生植物 第2巻,200,Cached OCR page should exist,The profile points to a page that is not present in the OCR cache.,
72,ocr_page_missing,profile_candidate,plant-profile-004798,ボタンボウフウ,Peucedanum japonicum,セリ科,APIACEAE,306,610,日本の野生植物 第2巻,306,Cached OCR page should exist,The profile points to a page that is not present in the OCR cache.,
72,ocr_page_missing,profile_candidate,plant-profile-002820,ボダイジュ,Tila miqueliana,アオイ科,MALVACEAE,63,,日本の野生植物 第2巻,63,Cached OCR page should exist,The profile points to a page that is not present in the OCR cache.,
72,ocr_page_missing,profile_candidate,plant-profile-003514,ボチョウジ,Psychotria asiatiea,アカネ科,RUBIACEAE,152,,日本の野生植物 第2巻,152,Cached OCR page should exist,The profile points to a page that is not present in the OCR cache.,
72,ocr_page_missing,profile_candidate,plant-profile-002920,ボロボロノキ,Schoepfia jasminodora,ボロボロノキ科,SCHOEPFIACEAE,82,162,日本の野生植物 第2巻,82,Cached OCR page should exist,The profile points to a page that is not present in the OCR cache.,
72,ocr_page_missing,profile_candidate,plant-profile-002963,ボントクタデ,Persicaria pubescens,タデ科,POLYGONACEAE,87,,日本の野生植物 第2巻,87,Cached OCR page should exist,The profile points to a page that is not present in the OCR cache.,
72,ocr_page_missing,profile_candidate,plant-profile-002639,マシケオトギリ,Hyperieum yamamotoi,オトギリソウ科,HYPERICACEAE,37,,日本の野生植物 第2巻,37,Cached OCR page should exist,The profile points to a page that is not present in the OCR cache.,
72,ocr_page_missing,profile_candidate,plant-profile-004574,マシュウヨモギ,,,,281,561,日本の野生植物 第2巻,281,Cached OCR page should exist,The profile points to a page that is not present in the OCR cache.,
72,ocr_page_missing,profile_candidate,plant-profile-003295,マタタビ,Actinidia polygama,マタタビ科,ACTINIDIACEAE,128,255,日本の野生植物 第2巻,128,Cached OCR page should exist,The profile points to a page that is not present in the OCR cache.,
72,ocr_page_missing,profile_candidate,plant-profile-002989,マダイオウ,Rumex madaio,タデ科,POLYGONACEAE,89,,日本の野生植物 第2巻,89,Cached OCR page should exist,The profile points to a page that is not present in the OCR cache.,
72,ocr_page_missing,profile_candidate,plant-profile-002769,マツカゼソウ,Boenninghausenia albiflora var. japonica,ミカン科,RUTACEAE,55,109,日本の野生植物 第2巻,55,Cached OCR page should exist,The profile points to a page that is not present in the OCR cache.,
72,ocr_page_missing,profile_candidate,plant-profile-002918,マツグミ,Taxillus kaempferi,オオバヤドリギ科,LORANTHACEAE,81,,日本の野生植物 第2巻,81,Cached OCR page should exist,The profile points to a page that is not present in the OCR cache.,
72,ocr_page_missing,profile_candidate,plant-profile-004301,マツシマアザミ,Cirsium sendaicum,キク科,ASTERACEAE,253,504,日本の野生植物 第2巻,253,Cached OCR page should exist,The profile points to a page that is not present in the OCR cache.,
72,ocr_page_missing,profile_candidate,plant-profile-003111,マツナ,Suaeda glauea,ヒユ科,AMARANTHACEAE,104,,日本の野生植物 第2巻,104,Cached OCR page should exist,The profile points to a page that is not present in the OCR cache.,
72,ocr_page_missing,profile_candidate,plant-profile-002593,マツバニンジン,Linum stelleroides,アマ科,LINACEAE,32,,日本の野生植物 第2巻,32,Cached OCR page should exist,The profile points to a page that is not present in the OCR cache.,
72,ocr_page_missing,profile_candidate,plant-profile-004862,マツムシソウ,Scabiosa japonica var. japonica,スイカズラ科,CAPRIFOLIACEAE,314,627,日本の野生植物 第2巻,314,Cached OCR page should exist,The profile points to a page that is not present in the OCR cache.,
72,ocr_page_missing,profile_candidate,plant-profile-003770,マツムラソウ,Titanotrichum oldhamii,イワタバコ科,GESNERIACEAE,184,366,日本の野生植物 第2巻,184,Cached OCR page should exist,The profile points to a page that is not present in the OCR cache.,
72,ocr_page_missing,profile_candidate,plant-profile-003040,マツモトセンノウ,Silene sieboldli,ナデシコ科,CARYOPHYLLACEAE,95,,日本の野生植物 第2巻,95,Cached OCR page should exist,The profile points to a page that is not present in the OCR cache.,
72,ocr_page_missing,profile_candidate,plant-profile-002706,マツヨイグサ,Oenothera strieta,アカバナ科,ONAGRACEAE,46,,日本の野生植物 第2巻,46,Cached OCR page should exist,The profile points to a page that is not present in the OCR cache.,
72,ocr_page_missing,profile_candidate,plant-profile-003940,マネキグサ,Loxocalys ambiguus,シソ科,LAMIACEAE,206,,日本の野生植物 第2巻,206,Cached OCR page should exist,The profile points to a page that is not present in the OCR cache.,
72,ocr_page_missing,profile_candidate,plant-profile-004025,ママコナ,Melampyrum roseum,ハマウツボ科,OROBANCHACEAE,218,,日本の野生植物 第2巻,218,Cached OCR page should exist,The profile points to a page that is not present in the OCR cache.,
72,ocr_page_missing,profile_candidate,plant-profile-002938,ママコノシリヌグイ,Persicaria senticosa,タデ科,POLYGONACEAE,86,171,日本の野生植物 第2巻,86,Cached OCR page should exist,The profile points to a page that is not present in the OCR cache.,
72,ocr_page_missing,profile_candidate,plant-profile-004280,マミガサキアザミ,,,,252,503,日本の野生植物 第2巻,252,Cached OCR page should exist,The profile points to a page that is not present in the OCR cache.,
72,ocr_page_missing,profile_candidate,plant-profile-003639,マメアサガオ,Ipomoea lacunosa,キョウチクトウ科,APOCYNACEAE,167,,日本の野生植物 第2巻,167,Cached OCR page should exist,The profile points to a page that is not present in the OCR cache.,
72,ocr_page_missing,profile_candidate,plant-profile-004599,マメカミツレ,Cotula australis,キク科,ASTERACEAE,283,565,日本の野生植物 第2巻,283,Cached OCR page should exist,The profile points to a page that is not present in the OCR cache.,
72,ocr_page_missing,profile_candidate,plant-profile-003192,マメガキ,Diospyros lotus,カキノキ科,EBENACEAE,117,233,日本の野生植物 第2巻,117,Cached OCR page should exist,The profile points to a page that is not present in the OCR cache.,
72,ocr_page_missing,profile_candidate,plant-profile-002887,マメグンバイナズナ,Lepidium virginicum L.,アブラナ科,BRASSICACEAE,76,150,日本の野生植物 第2巻,76,Cached OCR page should exist,The profile points to a page that is not present in the OCR cache.,
72,ocr_page_missing,profile_candidate,plant-profile-003622,マメダオシ,Cuseuta australis,キョウチクトウ科,APOCYNACEAE,165,,日本の野生植物 第2巻,165,Cached OCR page should exist,The profile points to a page that is not present in the OCR cache.,
72,ocr_page_missing,profile_candidate,plant-profile-003575,マメヅタカズラ,Dischidia formosana,キョウチクトウ科,APOCYNACEAE,160,,日本の野生植物 第2巻,160,Cached OCR page should exist,The profile points to a page that is not present in the OCR cache.,
72,ocr_page_missing,profile_candidate,plant-profile-003738,マルバアオダモ,Fraxinus sieboldiana,モクセイ科,OLEACEAE,180,359,日本の野生植物 第2巻,180,Cached OCR page should exist,The profile points to a page that is not present in the OCR cache.,
72,ocr_page_missing,profile_candidate,plant-profile-003099,マルバアカザ,Chenopodium aeuminatum,ヒユ科,AMARANTHACEAE,102,,日本の野生植物 第2巻,102,Cached OCR page should exist,The profile points to a page that is not present in the OCR cache.,
72,ocr_page_missing,profile_candidate,plant-profile-003640,マルバアサガオ,Ipomoea purpurea,キョウチクトウ科,APOCYNACEAE,167,,日本の野生植物 第2巻,167,Cached OCR page should exist,The profile points to a page that is not present in the OCR cache.,
72,ocr_page_missing,profile_candidate,plant-profile-003420,マルバウスゴ,Vaccinium shikokianum Nakai,ツツジ科,ERICACEAE,142,283,日本の野生植物 第2巻,142,Cached OCR page should exist,The profile points to a page that is not present in the OCR cache.,
72,ocr_page_missing,profile_candidate,plant-profile-003141,マルバウツギ,Deutzia scabra var. scabra,アジサイ科,HYDRANGEACEAE,110,218,日本の野生植物 第2巻,110,Cached OCR page should exist,The profile points to a page that is not present in the OCR cache.,
72,ocr_page_missing,profile_candidate,plant-profile-004870,マルバキンレイカ,Patrinia gibbosa,スイカズラ科,CAPRIFOLIACEAE,314,,日本の野生植物 第2巻,314,Cached OCR page should exist,The profile points to a page that is not present in the OCR cache.,
72,ocr_page_missing,profile_candidate,plant-profile-003124,マルバケヅメクサ,Portulaca psammotropha,スベリヒユ科,PORTULACACEAE,107,212,日本の野生植物 第2巻,107,Cached OCR page should exist,The profile points to a page that is not present in the OCR cache.,
72,ocr_page_missing,profile_candidate,plant-profile-003142,マルバコウツギ,Deutzia bungoensis Hatus.,アジサイ科,HYDRANGEACEAE,110,218,日本の野生植物 第2巻,110,Cached OCR page should exist,The profile points to a page that is not present in the OCR cache.,
72,ocr_page_missing,profile_candidate,plant-profile-004010,マルバコゴメグサ,,,,217,433,日本の野生植物 第2巻,217,Cached OCR page should exist,The profile points to a page that is not present in the OCR cache.,
72,ocr_page_missing,profile_candidate,plant-profile-002866,マルバコンロンソウ,Cardamine tanakae,アブラナ科,BRASSICACEAE,73,,日本の野生植物 第2巻,73,Cached OCR page should exist,The profile points to a page that is not present in the OCR cache.,
72,ocr_page_missing,profile_candidate,plant-profile-003356,マルバサツキ,Rhododendron erioearpum,ツツジ科,ERICACEAE,137,272,日本の野生植物 第2巻,137,Cached OCR page should exist,The profile points to a page that is not present in the OCR cache.,
72,ocr_page_missing,profile_candidate,plant-profile-003491,マルバシマザクラ,Leptopetalum mexieanum,アカネ科,RUBIACEAE,150,,日本の野生植物 第2巻,150,Cached OCR page should exist,The profile points to a page that is not present in the OCR cache.,
72,ocr_page_missing,profile_candidate,plant-profile-002558,マルバスミレ,Viola keiskei Miq.,スミレ科,VIOLACEAE,30,58,日本の野生植物 第2巻,30,Cached OCR page should exist,The profile points to a page that is not present in the OCR cache.,
72,ocr_page_missing,profile_candidate,plant-profile-003228,マルバタイミンタチバナ,,,,121,241,日本の野生植物 第2巻,121,Cached OCR page should exist,The profile points to a page that is not present in the OCR cache.,
72,ocr_page_missing,profile_candidate,plant-profile-004461,マルバダケブキ,Ligularia dentata,キク科,ASTERACEAE,270,,日本の野生植物 第2巻,270,Cached OCR page should exist,The profile points to a page that is not present in the OCR cache.,
72,ocr_page_missing,profile_candidate,plant-profile-003705,マルバチシャノキ,Ehretia dicksonii,ムラサキ科,BORAGINACEAE,175,348,日本の野生植物 第2巻,175,Cached OCR page should exist,The profile points to a page that is not present in the OCR cache.,
72,ocr_page_missing,profile_candidate,plant-profile-004168,マルバテイショウソウ,Ainsliaea fragrans,キク科,ASTERACEAE,241,,日本の野生植物 第2巻,241,Cached OCR page should exist,The profile points to a page that is not present in the OCR cache.,
72,ocr_page_missing,profile_candidate,plant-profile-004793,マルバトウキ,Ligusticum hultenii,セリ科,APIACEAE,305,,日本の野生植物 第2巻,305,Cached OCR page should exist,The profile points to a page that is not present in the OCR cache.,
72,ocr_page_missing,profile_candidate,plant-profile-003315,マルバノイチヤクソウ,Pyrola nephrophylla,ツツジ科,ERICACEAE,132,,日本の野生植物 第2巻,132,Cached OCR page should exist,The profile points to a page that is not present in the OCR cache.,
72,ocr_page_missing,profile_candidate,plant-profile-003774,マルバノサワトウガラシ,Deinostema adenoeaulum,オオバコ科,PLANTAGINACEAE,185,369,日本の野生植物 第2巻,185,Cached OCR page should exist,The profile points to a page that is not present in the OCR cache.,
72,ocr_page_missing,profile_candidate,plant-profile-003683,マルバノホロシ,Solanum maximowiezii,ナス科,SOLANACEAE,172,,日本の野生植物 第2巻,172,Cached OCR page should exist,The profile points to a page that is not present in the OCR cache.,
72,ocr_page_missing,profile_candidate,plant-profile-004141,マルバハタケムシロ,Lobelia loochooensis,キキョウ科,CAMPANULACEAE,232,463,日本の野生植物 第2巻,232,Cached OCR page should exist,The profile points to a page that is not present in the OCR cache.,
72,ocr_page_missing,profile_candidate,plant-profile-004281,マルバヒレアザミ,Cirsium grayanum,キク科,ASTERACEAE,252,503,日本の野生植物 第2巻,252,Cached OCR page should exist,The profile points to a page that is not present in the OCR cache.,
72,ocr_page_missing,profile_candidate,plant-profile-004699,マルバフジバカマ,Ageratina altissima,キク科,ASTERACEAE,294,,日本の野生植物 第2巻,294,Cached OCR page should exist,The profile points to a page that is not present in the OCR cache.,
72,ocr_page_missing,profile_candidate,plant-profile-004017,マルバママコナ,,,,218,435,日本の野生植物 第2巻,218,Cached OCR page should exist,The profile points to a page that is not present in the OCR cache.,
72,ocr_page_missing,profile_candidate,plant-profile-004150,マルバミゾカクシ,Lobelia zeylanica,キキョウ科,CAMPANULACEAE,232,,日本の野生植物 第2巻,232,Cached OCR page should exist,The profile points to a page that is not present in the OCR cache.,
72,ocr_page_missing,profile_candidate,plant-profile-002514,マルバヤナギ,Salix chaenomeloides,ヤナギ科,SALICACEAE,23,,日本の野生植物 第2巻,23,Cached OCR page should exist,The profile points to a page that is not present in the OCR cache.,
72,ocr_page_missing,profile_candidate,plant-profile-003641,マルバルコウ,Ipomoea coecinea,キョウチクトウ科,APOCYNACEAE,167,,日本の野生植物 第2巻,167,Cached OCR page should exist,The profile points to a page that is not present in the OCR cache.,
72,ocr_page_missing,profile_candidate,plant-profile-003474,マルバルリミノキ,Lasianthus attenuatus,アカネ科,RUBIACEAE,149,297,日本の野生植物 第2巻,149,Cached OCR page should exist,The profile points to a page that is not present in the OCR cache.,
72,ocr_page_missing,profile_candidate,plant-profile-003118,マルミノヤマゴボウ,Phytolaeea japoniea,ヤマゴボウ科,PHYTOLACCACEAE,105,,日本の野生植物 第2巻,105,Cached OCR page should exist,The profile points to a page that is not present in the OCR cache.,
72,ocr_page_missing,profile_candidate,plant-profile-004304,マルモリアザミ,Cirsium yuki-uenoanum,キク科,ASTERACEAE,253,505,日本の野生植物 第2巻,253,Cached OCR page should exist,The profile points to a page that is not present in the OCR cache.,
72,ocr_page_missing,profile_candidate,plant-profile-002762,マロニエ,,,,54,107,日本の野生植物 第2巻,54,Cached OCR page should exist,The profile points to a page that is not present in the OCR cache.,
72,ocr_page_missing,profile_candidate,plant-profile-004401,マンシュウタカサゴソウ,,,,262,522,日本の野生植物 第2巻,262,Cached OCR page should exist,The profile points to a page that is not present in the OCR cache.,
72,ocr_page_missing,profile_candidate,plant-profile-002815,マンシュウボダイジュ,Tilia mandshuriea,アオイ科,MALVACEAE,63,125,日本の野生植物 第2巻,63,Cached OCR page should exist,The profile points to a page that is not present in the OCR cache.,
72,ocr_page_missing,profile_candidate,plant-profile-003211,マンリョウ,Ardisia crenata,サクラソウ科,PRIMULACEAE,119,,日本の野生植物 第2巻,119,Cached OCR page should exist,The profile points to a page that is not present in the OCR cache.,
72,ocr_page_missing,profile_candidate,plant-profile-003924,ミカエリソウ,Comanthosphace stellipila,シソ科,LAMIACEAE,204,,日本の野生植物 第2巻,204,Cached OCR page should exist,The profile points to a page that is not present in the OCR cache.,
72,ocr_page_missing,profile_candidate,plant-profile-004057,ミカワタヌキモ,Utricularia exoleta,タヌキモ科,LENTIBULARIACEAE,222,443,日本の野生植物 第2巻,222,Cached OCR page should exist,The profile points to a page that is not present in the OCR cache.,
72,ocr_page_missing,profile_candidate,plant-profile-003364,ミカワツツジ,,,,137,273,日本の野生植物 第2巻,137,Cached OCR page should exist,The profile points to a page that is not present in the OCR cache.,
72,ocr_page_missing,profile_candidate,plant-profile-002899,ミギワガラシ,Rorippa globosa,アブラナ科,BRASSICACEAE,77,,日本の野生植物 第2巻,77,Cached OCR page should exist,The profile points to a page that is not present in the OCR cache.,
72,ocr_page_missing,profile_candidate,plant-profile-004321,ミクラシマトウヒレン,Saussurea mikurasimensis,キク科,ASTERACEAE,256,511,日本の野生植物 第2巻,256,Cached OCR page should exist,The profile points to a page that is not present in the OCR cache.,
72,ocr_page_missing,profile_candidate,plant-profile-004613,ミコシギク,Leucanthemella linearis,キク科,ASTERACEAE,284,566,日本の野生植物 第2巻,284,Cached OCR page should exist,The profile points to a page that is not present in the OCR cache.,
72,ocr_page_missing,profile_candidate,plant-profile-003435,ミサオノキ,Aidia henryi,アカネ科,RUBIACEAE,145,289,日本の野生植物 第2巻,145,Cached OCR page should exist,The profile points to a page that is not present in the OCR cache.,
72,ocr_page_missing,profile_candidate,plant-profile-004777,ミシマサイコ,Bupleurum falcatum,セリ科,APIACEAE,303,,日本の野生植物 第2巻,303,Cached OCR page should exist,The profile points to a page that is not present in the OCR cache.,
72,ocr_page_missing,profile_candidate,plant-profile-004443,ミスミグサ,Elephantopus scaber,キク科,ASTERACEAE,266,531,日本の野生植物 第2巻,266,Cached OCR page should exist,The profile points to a page that is not present in the OCR cache.,
72,ocr_page_missing,profile_candidate,plant-profile-002625,ミズオトギリ,Triadenum japonicum,オトギリソウ科,HYPERICACEAE,37,73,日本の野生植物 第2巻,37,Cached OCR page should exist,The profile points to a page that is not present in the OCR cache.,
72,ocr_page_missing,profile_candidate,plant-profile-002666,ミズガンピ,Pemphis acidula,ミソハギ科,LYTHRACEAE,41,,日本の野生植物 第2巻,41,Cached OCR page should exist,The profile points to a page that is not present in the OCR cache.,
72,ocr_page_missing,profile_candidate,plant-profile-003135,ミズキ,Cornus controversa,ミズキ科,CORNACEAE,108,,日本の野生植物 第2巻,108,Cached OCR page should exist,The profile points to a page that is not present in the OCR cache.,
72,ocr_page_missing,profile_candidate,plant-profile-002668,ミズキカシグサ,Rotala rosea,ミソハギ科,LYTHRACEAE,42,82,日本の野生植物 第2巻,42,Cached OCR page should exist,The profile points to a page that is not present in the OCR cache.,
72,ocr_page_missing,profile_candidate,plant-profile-002697,ミズキンバイ,Ludwigia peploides (Kunth) P. H. Raven subsp. stipulacea (Ohwi) P. H. Raven,アカバナ科,ONAGRACEAE,45,88,日本の野生植物 第2巻,45,Cached OCR page should exist,The profile points to a page that is not present in the OCR cache.,
72,ocr_page_missing,profile_candidate,plant-profile-004649,ミズギク,Inula ciliaris,キク科,ASTERACEAE,289,576,日本の野生植物 第2巻,289,Cached OCR page should exist,The profile points to a page that is not present in the OCR cache.,
72,ocr_page_missing,profile_candidate,plant-profile-002674,ミズスギナ,Rotala hippuris,ミソハギ科,LYTHRACEAE,42,,日本の野生植物 第2巻,42,Cached OCR page should exist,The profile points to a page that is not present in the OCR cache.,
72,ocr_page_missing,profile_candidate,plant-profile-002867,ミズタガラシ,Cardamine lyrata,アブラナ科,BRASSICACEAE,73,,日本の野生植物 第2巻,73,Cached OCR page should exist,The profile points to a page that is not present in the OCR cache.,
72,ocr_page_missing,profile_candidate,plant-profile-003733,ミズタビラコ,Trigonotis brevipes,ムラサキ科,BORAGINACEAE,179,,日本の野生植物 第2巻,179,Cached OCR page should exist,The profile points to a page that is not present in the OCR cache.,
72,ocr_page_missing,profile_candidate,plant-profile-002678,ミズタマソウ,Circaea mollis,アカバナ科,ONAGRACEAE,43,85,日本の野生植物 第2巻,43,Cached OCR page should exist,The profile points to a page that is not present in the OCR cache.,
72,ocr_page_missing,profile_candidate,plant-profile-003925,ミズトラノオ,Pogostemon yatabeanus,シソ科,LAMIACEAE,204,,日本の野生植物 第2巻,204,Cached OCR page should exist,The profile points to a page that is not present in the OCR cache.,
72,ocr_page_missing,profile_candidate,plant-profile-003926,ミズネコノオ,Pogostemon stellatus,シソ科,LAMIACEAE,204,,日本の野生植物 第2巻,204,Cached OCR page should exist,The profile points to a page that is not present in the OCR cache.,
72,ocr_page_missing,profile_candidate,plant-profile-003773,ミズハコベ,Callitriche palustris,オオバコ科,PLANTAGINACEAE,185,368,日本の野生植物 第2巻,185,Cached OCR page should exist,The profile points to a page that is not present in the OCR cache.,
72,ocr_page_missing,profile_candidate,plant-profile-002947,ミズヒキ,Persicaria filiformis,タデ科,POLYGONACEAE,87,172,日本の野生植物 第2巻,87,Cached OCR page should exist,The profile points to a page that is not present in the OCR cache.,
72,ocr_page_missing,profile_candidate,plant-profile-003763,ミズビワソウ,Cyrtandra cumingii,イワタバコ科,GESNERIACEAE,183,364,日本の野生植物 第2巻,183,Cached OCR page should exist,The profile points to a page that is not present in the OCR cache.,
72,ocr_page_missing,profile_candidate,plant-profile-002675,ミズマツバ,Rotala mexieana,ミソハギ科,LYTHRACEAE,42,,日本の野生植物 第2巻,42,Cached OCR page should exist,The profile points to a page that is not present in the OCR cache.,
72,ocr_page_missing,profile_candidate,plant-profile-002700,ミズユキノシタ,Lndwigia ovalis,アカバナ科,ONAGRACEAE,45,,日本の野生植物 第2巻,45,Cached OCR page should exist,The profile points to a page that is not present in the OCR cache.,
72,ocr_page_missing,profile_candidate,plant-profile-003972,ミソガワソウ,Nepeta subsessilis,シソ科,LAMIACEAE,211,420,日本の野生植物 第2巻,211,Cached OCR page should exist,The profile points to a page that is not present in the OCR cache.,
72,ocr_page_missing,profile_candidate,plant-profile-002663,ミソハギ,Lythrum anceps,ミソハギ科,LYTHRACEAE,41,81,日本の野生植物 第2巻,41,Cached OCR page should exist,The profile points to a page that is not present in the OCR cache.,
72,ocr_page_missing,profile_candidate,plant-profile-004151,ミゾカクシ,Lobelia chinensis,キキョウ科,CAMPANULACEAE,232,,日本の野生植物 第2巻,232,Cached OCR page should exist,The profile points to a page that is not present in the OCR cache.,
72,ocr_page_missing,profile_candidate,plant-profile-003987,ミゾコウジュ,Salvia plebeia,シソ科,LAMIACEAE,212,,日本の野生植物 第2巻,212,Cached OCR page should exist,The profile points to a page that is not present in the OCR cache.,
72,ocr_page_missing,profile_candidate,plant-profile-002948,ミゾソバ,Persicaria thunbergii var. thunbergii,タデ科,POLYGONACEAE,87,172,日本の野生植物 第2巻,87,Cached OCR page should exist,The profile points to a page that is not present in the OCR cache.,
72,ocr_page_missing,profile_candidate,plant-profile-002489,ミゾハコベ,Elatine triandra,ミゾハコベ科,ELATINACEAE,16,,日本の野生植物 第2巻,16,Cached OCR page should exist,The profile points to a page that is not present in the OCR cache.,
72,ocr_page_missing,profile_candidate,plant-profile-004004,ミゾホオズキ,Mimulus nepalensis,ハエドクソウ科,PHRYMACEAE,215,428,日本の野生植物 第2巻,215,Cached OCR page should exist,The profile points to a page that is not present in the OCR cache.,
72,ocr_page_missing,profile_candidate,plant-profile-004462,ミチノクヤマタバコ,Ligularia fauriei,キク科,ASTERACEAE,270,,日本の野生植物 第2巻,270,Cached OCR page should exist,The profile points to a page that is not present in the OCR cache.,
72,ocr_page_missing,profile_candidate,plant-profile-002896,ミチバタガラシ,,,,77,153,日本の野生植物 第2巻,77,Cached OCR page should exist,The profile points to a page that is not present in the OCR cache.,
72,ocr_page_missing,profile_candidate,plant-profile-002975,ミチヤナギ,Polygonum aviculare,タデ科,POLYGONACEAE,88,,日本の野生植物 第2巻,88,Cached OCR page should exist,The profile points to a page that is not present in the OCR cache.,
72,ocr_page_missing,profile_candidate,plant-profile-004156,ミツガシワ,Menyanthes trifoliata,ミツガシワ科,MENYANTHACEAE,233,,日本の野生植物 第2巻,233,Cached OCR page should exist,The profile points to a page that is not present in the OCR cache.,
72,ocr_page_missing,profile_candidate,plant-profile-002759,ミツデカエデ,Acer cissifolium,ムクロジ科,SAPINDACEAE,54,106,日本の野生植物 第2巻,54,Cached OCR page should exist,The profile points to a page that is not present in the OCR cache.,
72,ocr_page_missing,profile_candidate,plant-profile-004785,ミツバ,Cryptotaenia japonica,セリ科,APIACEAE,304,,日本の野生植物 第2巻,304,Cached OCR page should exist,The profile points to a page that is not present in the OCR cache.,
72,ocr_page_missing,profile_candidate,plant-profile-004730,ミツバウコギ,Eleutherococeus trifoliatus,ウコギ科,ARALIACEAE,298,,日本の野生植物 第2巻,298,Cached OCR page should exist,The profile points to a page that is not present in the OCR cache.,
72,ocr_page_missing,profile_candidate,plant-profile-002723,ミツバウツギ,Staphylea bumalda,ミツバウツギ科,STAPHYLEACEAE,49,,日本の野生植物 第2巻,49,Cached OCR page should exist,The profile points to a page that is not present in the OCR cache.,
72,ocr_page_missing,profile_candidate,plant-profile-004806,ミツバグサ,Pimpinella diversifolia,セリ科,APIACEAE,306,,日本の野生植物 第2巻,306,Cached OCR page should exist,The profile points to a page that is not present in the OCR cache.,
72,ocr_page_missing,profile_candidate,plant-profile-002859,ミツバコンロンソウ,Cardamine anemonoides,アブラナ科,BRASSICACEAE,73,145,日本の野生植物 第2巻,73,Cached OCR page should exist,The profile points to a page that is not present in the OCR cache.,
72,ocr_page_missing,profile_candidate,plant-profile-003365,ミツバツツジ,Rhododendron dilatatum Miq. var. dilatatum,ツツジ科,ERICACEAE,137,273,日本の野生植物 第2巻,137,Cached OCR page should exist,The profile points to a page that is not present in the OCR cache.,
72,ocr_page_missing,profile_candidate,plant-profile-003885,ミツバハマゴウ,Vitex trifolia,シソ科,LAMIACEAE,199,,日本の野生植物 第2巻,199,Cached OCR page should exist,The profile points to a page that is not present in the OCR cache.,
72,ocr_page_missing,profile_candidate,plant-profile-002644,ミツバフウロ,Geranium wilfordii Maxim. var. wilfordii,フウロソウ科,GERANIACEAE,39,76,日本の野生植物 第2巻,39,Cached OCR page should exist,The profile points to a page that is not present in the OCR cache.,
72,ocr_page_missing,profile_candidate,plant-profile-002839,ミツマタ,Edgeworthia chrysantha,ジンチョウゲ科,THYMELAEACEAE,66,131,日本の野生植物 第2巻,66,Cached OCR page should exist,The profile points to a page that is not present in the OCR cache.,
72,ocr_page_missing,profile_candidate,plant-profile-003094,ミドリアカザ,Chenopodium bryonifolium,ヒユ科,AMARANTHACEAE,102,203,日本の野生植物 第2巻,102,Cached OCR page should exist,The profile points to a page that is not present in the OCR cache.,
72,ocr_page_missing,profile_candidate,plant-profile-003057,ミドリハコベ,Stellaria neglecta,ナデシコ科,CARYOPHYLLACEAE,97,192,日本の野生植物 第2巻,97,Cached OCR page should exist,The profile points to a page that is not present in the OCR cache.,
72,ocr_page_missing,profile_candidate,plant-profile-004282,ミネアザミ,Cirsium alpicola,キク科,ASTERACEAE,252,503,日本の野生植物 第2巻,252,Cached OCR page should exist,The profile points to a page that is not present in the OCR cache.,
72,ocr_page_missing,profile_candidate,plant-profile-002640,ミネオトギリ,Hyperieum kimurae,オトギリソウ科,HYPERICACEAE,37,,日本の野生植物 第2巻,37,Cached OCR page should exist,The profile points to a page that is not present in the OCR cache.,
72,ocr_page_missing,profile_candidate,plant-profile-002749,ミネカエデ,Acer tschonoskii,ムクロジ科,SAPINDACEAE,53,104,日本の野生植物 第2巻,53,Cached OCR page should exist,The profile points to a page that is not present in the OCR cache.,
72,ocr_page_missing,profile_candidate,plant-profile-003323,ミネズオウ,Loiseleuria procumbens,ツツジ科,ERICACEAE,133,,日本の野生植物 第2巻,133,Cached OCR page should exist,The profile points to a page that is not present in the OCR cache.,
72,ocr_page_missing,profile_candidate,plant-profile-003570,ミフクラギ,Cerbera manghas,キョウチクトウ科,APOCYNACEAE,160,318,日本の野生植物 第2巻,160,Cached OCR page should exist,The profile points to a page that is not present in the OCR cache.,
72,ocr_page_missing,profile_candidate,plant-profile-004595,ミブヨモギ,Artemisia maritima,キク科,ASTERACEAE,282,,日本の野生植物 第2巻,282,Cached OCR page should exist,The profile points to a page that is not present in the OCR cache.,
72,ocr_page_missing,profile_candidate,plant-profile-004066,ミミカキグサ,Utricularia bifida,タヌキモ科,LENTIBULARIACEAE,222,,日本の野生植物 第2巻,222,Cached OCR page should exist,The profile points to a page that is not present in the OCR cache.,
72,ocr_page_missing,profile_candidate,plant-profile-004470,ミミコウモリ,Parasenecio kamtsehatieus,キク科,ASTERACEAE,272,542,日本の野生植物 第2巻,272,Cached OCR page should exist,The profile points to a page that is not present in the OCR cache.,
72,ocr_page_missing,profile_candidate,plant-profile-003277,ミミズバイ,Symplocos glauca,ハイノキ科,SYMPLOCACEAE,126,250,日本の野生植物 第2巻,126,Cached OCR page should exist,The profile points to a page that is not present in the OCR cache.,
72,ocr_page_missing,profile_candidate,plant-profile-003007,ミミナグサ,Cerastium fontanum subsp. vulgare var. angustifolium,ナデシコ科,CARYOPHYLLACEAE,92,183,日本の野生植物 第2巻,92,Cached OCR page should exist,The profile points to a page that is not present in the OCR cache.,
72,ocr_page_missing,profile_candidate,plant-profile-004316,ミヤコアザミ,Saussurea maximowiczii,キク科,ASTERACEAE,256,510,日本の野生植物 第2巻,256,Cached OCR page should exist,The profile points to a page that is not present in the OCR cache.,
72,ocr_page_missing,profile_candidate,plant-profile-002626,ミヤコオトギリ,Hypericum kinashianum,オトギリソウ科,HYPERICACEAE,37,73,日本の野生植物 第2巻,37,Cached OCR page should exist,The profile points to a page that is not present in the OCR cache.,
72,ocr_page_missing,profile_candidate,plant-profile-003091,ミヤコジマハマアカザ,Atriplex maximowicziana,ヒユ科,AMARANTHACEAE,101,,日本の野生植物 第2巻,101,Cached OCR page should exist,The profile points to a page that is not present in the OCR cache.,
72,ocr_page_missing,profile_candidate,plant-profile-003744,ミヤマアオダモ,Fraxinus apertisquamifera,モクセイ科,OLEACEAE,180,,日本の野生植物 第2巻,180,Cached OCR page should exist,The profile points to a page that is not present in the OCR cache.,
72,ocr_page_missing,profile_candidate,plant-profile-002696,ミヤマアカバナ,Epilobium hornemannii,アカバナ科,ONAGRACEAE,44,,日本の野生植物 第2巻,44,Cached OCR page should exist,The profile points to a page that is not present in the OCR cache.,
72,ocr_page_missing,profile_candidate,plant-profile-004408,ミヤマアキノノゲシ,Lactuea triangulata,キク科,ASTERACEAE,262,,日本の野生植物 第2巻,262,Cached OCR page should exist,The profile points to a page that is not present in the OCR cache.,
72,ocr_page_missing,profile_candidate,plant-profile-003554,ミヤマアケボノソウ,Swertia perennis,アカネ科,RUBIACEAE,157,,日本の野生植物 第2巻,157,Cached OCR page should exist,The profile points to a page that is not present in the OCR cache.,
72,ocr_page_missing,profile_candidate,plant-profile-003748,ミヤマイボタ,Ligustrum tschonoskii,モクセイ科,OLEACEAE,181,361,日本の野生植物 第2巻,181,Cached OCR page should exist,The profile points to a page that is not present in the OCR cache.,
72,ocr_page_missing,profile_candidate,plant-profile-004811,ミヤマウイキョウ,Tilingia tachiroei,セリ科,APIACEAE,307,612,日本の野生植物 第2巻,307,Cached OCR page should exist,The profile points to a page that is not present in the OCR cache.,
72,ocr_page_missing,profile_candidate,plant-profile-004725,ミヤマウコギ,Eleutherococeus trichodon,ウコギ科,ARALIACEAE,297,,日本の野生植物 第2巻,297,Cached OCR page should exist,The profile points to a page that is not present in the OCR cache.,
72,ocr_page_missing,profile_candidate,plant-profile-004636,ミヤマウスユキソウ,Leontopodium fauriei,キク科,ASTERACEAE,287,,日本の野生植物 第2巻,287,Cached OCR page should exist,The profile points to a page that is not present in the OCR cache.,
72,ocr_page_missing,profile_candidate,plant-profile-004715,ミヤマウド,Aralia glabra,ウコギ科,ARALIACEAE,296,,日本の野生植物 第2巻,296,Cached OCR page should exist,The profile points to a page that is not present in the OCR cache.,
72,ocr_page_missing,profile_candidate,plant-profile-004119,ミヤマウメモドキ,Ilex nipponica,モチノキ科,AQUIFOLIACEAE,229,,日本の野生植物 第2巻,229,Cached OCR page should exist,The profile points to a page that is not present in the OCR cache.,
72,ocr_page_missing,profile_candidate,plant-profile-004502,ミヤマオグルマ,Tephroseris kawakamii,キク科,ASTERACEAE,274,,日本の野生植物 第2巻,274,Cached OCR page should exist,The profile points to a page that is not present in the OCR cache.,
72,ocr_page_missing,profile_candidate,plant-profile-004589,ミヤマオトコヨモギ,Artemisia pedancnlosa,キク科,ASTERACEAE,281,,日本の野生植物 第2巻,281,Cached OCR page should exist,The profile points to a page that is not present in the OCR cache.,
72,ocr_page_missing,profile_candidate,plant-profile-004828,ミヤマガマズミ,Viburnum wrightii,ガマズミ科,VIBURNACEAE,310,618,日本の野生植物 第2巻,310,Cached OCR page should exist,The profile points to a page that is not present in the OCR cache.,
72,ocr_page_missing,profile_candidate,plant-profile-002837,ミヤマガンピ,Diplomorpha albiflora,ジンチョウゲ科,THYMELAEACEAE,66,130,日本の野生植物 第2巻,66,Cached OCR page should exist,The profile points to a page that is not present in the OCR cache.,
72,ocr_page_missing,profile_candidate,plant-profile-004356,ミヤマキタアザミ,Saussurea franchetii,キク科,ASTERACEAE,257,,日本の野生植物 第2巻,257,Cached OCR page should exist,The profile points to a page that is not present in the OCR cache.,
72,ocr_page_missing,profile_candidate,plant-profile-003471,ミヤマキヌタソウ,Galium nakail,アカネ科,RUBIACEAE,148,,日本の野生植物 第2巻,148,Cached OCR page should exist,The profile points to a page that is not present in the OCR cache.,
72,ocr_page_missing,profile_candidate,plant-profile-002781,ミヤマキハダ,,,,57,112,日本の野生植物 第2巻,57,Cached OCR page should exist,The profile points to a page that is not present in the OCR cache.,
72,ocr_page_missing,profile_candidate,plant-profile-003373,ミヤマキリシマ,Rhododendron kiusianum,ツツジ科,ERICACEAE,137,,日本の野生植物 第2巻,137,Cached OCR page should exist,The profile points to a page that is not present in the OCR cache.,
72,ocr_page_missing,profile_candidate,plant-profile-003959,ミヤマクルマバナ,Clinopodiam maeranthum,シソ科,LAMIACEAE,209,,日本の野生植物 第2巻,209,Cached OCR page should exist,The profile points to a page that is not present in the OCR cache.,
72,ocr_page_missing,profile_candidate,plant-profile-004378,ミヤマコウゾリナ,Hieracium japonicum,キク科,ASTERACEAE,260,519,日本の野生植物 第2巻,260,Cached OCR page should exist,The profile points to a page that is not present in the OCR cache.,
72,ocr_page_missing,profile_candidate,plant-profile-004016,ミヤマコゴメグサ,Euphrasia insignis,ハマウツボ科,OROBANCHACEAE,217,,日本の野生植物 第2巻,217,Cached OCR page should exist,The profile points to a page that is not present in the OCR cache.,
72,ocr_page_missing,profile_candidate,plant-profile-003216,ミヤマコナスビ,Lysimachia tanakae,サクラソウ科,PRIMULACEAE,120,239,日本の野生植物 第2巻,120,Cached OCR page should exist,The profile points to a page that is not present in the OCR cache.,
72,ocr_page_missing,profile_candidate,plant-profile-004047,ミヤマシオガマ,Pedicularis apodochila,ハマウツボ科,OROBANCHACEAE,220,,日本の野生植物 第2巻,220,Cached OCR page should exist,The profile points to a page that is not present in the OCR cache.,
72,ocr_page_missing,profile_candidate,plant-profile-002782,ミヤマシキミ,Skimmia japonica,ミカン科,RUTACEAE,57,112,日本の野生植物 第2巻,57,Cached OCR page should exist,The profile points to a page that is not present in the OCR cache.,
72,ocr_page_missing,profile_candidate,plant-profile-003266,ミヤマシロバイ,Symploeos sonoharae,ハイノキ科,SYMPLOCACEAE,125,,日本の野生植物 第2巻,125,Cached OCR page should exist,The profile points to a page that is not present in the OCR cache.,
72,ocr_page_missing,profile_candidate,plant-profile-002564,ミヤマスミレ,Viola selkirkii,スミレ科,VIOLACEAE,30,59,日本の野生植物 第2巻,30,Cached OCR page should exist,The profile points to a page that is not present in the OCR cache.,
72,ocr_page_missing,profile_candidate,plant-profile-004786,ミヤマセンキュウ,Conioselinum flicinum,セリ科,APIACEAE,304,,日本の野生植物 第2巻,304,Cached OCR page should exist,The profile points to a page that is not present in the OCR cache.,
72,ocr_page_missing,profile_candidate,plant-profile-004787,ミヤマゼンゴ,Coelopleurum multiseetum,セリ科,APIACEAE,304,,日本の野生植物 第2巻,304,Cached OCR page should exist,The profile points to a page that is not present in the OCR cache.,
72,ocr_page_missing,profile_candidate,plant-profile-002939,ミヤマタニソバ,Persicaria debilis (Meisn.) H. Gross ex W. T. Lee,タデ科,POLYGONACEAE,86,171,日本の野生植物 第2巻,86,Cached OCR page should exist,The profile points to a page that is not present in the OCR cache.,
72,ocr_page_missing,profile_candidate,plant-profile-002682,ミヤマタニタデ,Circaea alpina,アカバナ科,ONAGRACEAE,43,,日本の野生植物 第2巻,43,Cached OCR page should exist,The profile points to a page that is not present in the OCR cache.,
72,ocr_page_missing,profile_candidate,plant-profile-002855,ミヤマタネツケバナ,Cardamine nipponica,アブラナ科,BRASSICACEAE,73,144,日本の野生植物 第2巻,73,Cached OCR page should exist,The profile points to a page that is not present in the OCR cache.,
72,ocr_page_missing,profile_candidate,plant-profile-004441,ミヤマタンポポ,Taraxacum alpicola,キク科,ASTERACEAE,265,,日本の野生植物 第2巻,265,Cached OCR page should exist,The profile points to a page that is not present in the OCR cache.,
72,ocr_page_missing,profile_candidate,plant-profile-002909,ミヤマツチトリモチ,Balanophora nipponiea,ツチトリモチ科,BALANOPHORACEAE,79,,日本の野生植物 第2巻,79,Cached OCR page should exist,The profile points to a page that is not present in the OCR cache.,
72,ocr_page_missing,profile_candidate,plant-profile-003027,ミヤマツメクサ,Minuartin maeroearpa,ナデシコ科,CARYOPHYLLACEAE,94,,日本の野生植物 第2巻,94,Cached OCR page should exist,The profile points to a page that is not present in the OCR cache.,
72,ocr_page_missing,profile_candidate,plant-profile-004768,ミヤマトウキ,,,,303,604,日本の野生植物 第2巻,303,Cached OCR page should exist,The profile points to a page that is not present in the OCR cache.,
72,ocr_page_missing,profile_candidate,plant-profile-004357,ミヤマトウヒレン,Saussurea pennata,キク科,ASTERACEAE,257,,日本の野生植物 第2巻,257,Cached OCR page should exist,The profile points to a page that is not present in the OCR cache.,
72,ocr_page_missing,profile_candidate,plant-profile-003919,ミヤマナミキ,Seutellaria shikokiana,シソ科,LAMIACEAE,203,,日本の野生植物 第2巻,203,Cached OCR page should exist,The profile points to a page that is not present in the OCR cache.,
72,ocr_page_missing,profile_candidate,plant-profile-004791,ミヤマニンジン,Ostericum florentii,セリ科,APIACEAE,305,609,日本の野生植物 第2巻,305,Cached OCR page should exist,The profile points to a page that is not present in the OCR cache.,
72,ocr_page_missing,profile_candidate,plant-profile-004548,ミヤマノギク,Erigeron miyabeanus,キク科,ASTERACEAE,277,,日本の野生植物 第2巻,277,Cached OCR page should exist,The profile points to a page that is not present in the OCR cache.,
72,ocr_page_missing,profile_candidate,plant-profile-003069,ミヤマハコベ,Stellaria sessiliflora,ナデシコ科,CARYOPHYLLACEAE,97,,日本の野生植物 第2巻,97,Cached OCR page should exist,The profile points to a page that is not present in the OCR cache.,
72,ocr_page_missing,profile_candidate,plant-profile-002712,ミヤマハシカンボク,Blastus cochinchinensis,ノボタン科,MELASTOMATACEAE,47,,日本の野生植物 第2巻,47,Cached OCR page should exist,The profile points to a page that is not present in the OCR cache.,
72,ocr_page_missing,profile_candidate,plant-profile-002845,ミヤマハタザオ,Arabidopsis kamchatica subsp. kamchatica,アブラナ科,BRASSICACEAE,70,139,日本の野生植物 第2巻,70,Cached OCR page should exist,The profile points to a page that is not present in the OCR cache.,
72,ocr_page_missing,profile_candidate,plant-profile-003995,ミヤマヒキオコシ,Isodon shikokianus,シソ科,LAMIACEAE,213,,日本の野生植物 第2巻,213,Cached OCR page should exist,The profile points to a page that is not present in the OCR cache.,
72,ocr_page_missing,profile_candidate,plant-profile-003317,ミヤマホツツジ,Elliottia bracteata,ツツジ科,ERICACEAE,133,264,日本の野生植物 第2巻,133,Cached OCR page should exist,The profile points to a page that is not present in the OCR cache.,
72,ocr_page_missing,profile_candidate,plant-profile-003296,ミヤママタタビ,Actinidia kolomikta,マタタビ科,ACTINIDIACEAE,128,255,日本の野生植物 第2巻,128,Cached OCR page should exist,The profile points to a page that is not present in the OCR cache.,
72,ocr_page_missing,profile_candidate,plant-profile-004026,ミヤマママコナ,Melampyrum laxum,ハマウツボ科,OROBANCHACEAE,218,,日本の野生植物 第2巻,218,Cached OCR page should exist,The profile points to a page that is not present in the OCR cache.,
72,ocr_page_missing,profile_candidate,plant-profile-003012,ミヤマミミナグサ,Cerastium sehizopetalum,ナデシコ科,CARYOPHYLLACEAE,92,,日本の野生植物 第2巻,92,Cached OCR page should exist,The profile points to a page that is not present in the OCR cache.,
72,ocr_page_missing,profile_candidate,plant-profile-003472,ミヤマムグラ,Galium paradosum,アカネ科,RUBIACEAE,148,,日本の野生植物 第2巻,148,Cached OCR page should exist,The profile points to a page that is not present in the OCR cache.,
72,ocr_page_missing,profile_candidate,plant-profile-003720,ミヤマムラサキ,Eritrichium uipponieum,ムラサキ科,BORAGINACEAE,177,,日本の野生植物 第2巻,177,Cached OCR page should exist,The profile points to a page that is not present in the OCR cache.,
72,ocr_page_missing,profile_candidate,plant-profile-002499,ミヤマヤチヤナギ,Salix fuscescens,ヤナギ科,SALICACEAE,23,44,日本の野生植物 第2巻,23,Cached OCR page should exist,The profile points to a page that is not present in the OCR cache.,
72,ocr_page_missing,profile_candidate,plant-profile-002519,ミヤマヤナギ,Salix reinii,ヤナギ科,SALICACEAE,24,46,日本の野生植物 第2巻,24,Cached OCR page should exist,The profile points to a page that is not present in the OCR cache.,
72,ocr_page_missing,profile_candidate,plant-profile-004655,ミヤマヤブタバコ,Carpesium triste,キク科,ASTERACEAE,289,,日本の野生植物 第2巻,289,Cached OCR page should exist,The profile points to a page that is not present in the OCR cache.,
72,ocr_page_missing,profile_candidate,plant-profile-004518,ミヤマヨメナ,Aster savatieri,キク科,ASTERACEAE,275,,日本の野生植物 第2巻,275,Cached OCR page should exist,The profile points to a page that is not present in the OCR cache.,
72,ocr_page_missing,profile_candidate,plant-profile-003536,ミヤマリンドウ,Gentiana nipponiea,アカネ科,RUBIACEAE,155,,日本の野生植物 第2巻,155,Cached OCR page should exist,The profile points to a page that is not present in the OCR cache.,
72,ocr_page_missing,profile_candidate,plant-profile-003108,ミルスベリヒユ,Sesuvium portulacastrum (L.) L. var. portulacastrum,ハマミズナ科,AIZOACEAE,104,207,日本の野生植物 第2巻,104,Cached OCR page should exist,The profile points to a page that is not present in the OCR cache.,
72,ocr_page_missing,profile_candidate,plant-profile-002931,ムカゴトラノオ,Bistorta vivipara,タデ科,POLYGONACEAE,84,,日本の野生植物 第2巻,84,Cached OCR page should exist,The profile points to a page that is not present in the OCR cache.,
72,ocr_page_missing,profile_candidate,plant-profile-004807,ムカゴニンジン,Sium ninsi,セリ科,APIACEAE,306,,日本の野生植物 第2巻,306,Cached OCR page should exist,The profile points to a page that is not present in the OCR cache.,
72,ocr_page_missing,profile_candidate,plant-profile-002809,ムクゲ,Hibiscus syriacus,アオイ科,MALVACEAE,62,123,日本の野生植物 第2巻,62,Cached OCR page should exist,The profile points to a page that is not present in the OCR cache.,
72,ocr_page_missing,profile_candidate,plant-profile-002768,ムクロジ,Sapindus mukorossi,ムクロジ科,SAPINDACEAE,55,108,日本の野生植物 第2巻,55,Cached OCR page should exist,The profile points to a page that is not present in the OCR cache.,
72,ocr_page_missing,profile_candidate,plant-profile-003804,ムシクサ,Veroniea peregrina,オオバコ科,PLANTAGINACEAE,189,,日本の野生植物 第2巻,189,Cached OCR page should exist,The profile points to a page that is not present in the OCR cache.,
72,ocr_page_missing,profile_candidate,plant-profile-004067,ムシトリスミレ,Pinguicula maeroceras,タヌキモ科,LENTIBULARIACEAE,222,,日本の野生植物 第2巻,222,Cached OCR page should exist,The profile points to a page that is not present in the OCR cache.,
72,ocr_page_missing,profile_candidate,plant-profile-003969,ムシャリンドウ,Dracocephalum argunense,シソ科,LAMIACEAE,210,,日本の野生植物 第2巻,210,Cached OCR page should exist,The profile points to a page that is not present in the OCR cache.,
72,ocr_page_missing,profile_candidate,plant-profile-002995,ムジナモ,Aldrovanda vesiculosa,タデ科,POLYGONACEAE,90,,日本の野生植物 第2巻,90,Cached OCR page should exist,The profile points to a page that is not present in the OCR cache.,
72,ocr_page_missing,profile_candidate,plant-profile-004371,ムツトウヒレン,Saussurea hosoiana,キク科,ASTERACEAE,258,,日本の野生植物 第2巻,258,Cached OCR page should exist,The profile points to a page that is not present in the OCR cache.,
72,ocr_page_missing,profile_candidate,plant-profile-002840,ムニンアオガンピ,Wikstroemia pseudoretusa Koidz.,ジンチョウゲ科,THYMELAEACEAE,66,131,日本の野生植物 第2巻,66,Cached OCR page should exist,The profile points to a page that is not present in the OCR cache.,
72,ocr_page_missing,profile_candidate,plant-profile-004106,ムニンイヌツゲ,Iex matanoana,モチノキ科,AQUIFOLIACEAE,228,,日本の野生植物 第2巻,228,Cached OCR page should exist,The profile points to a page that is not present in the OCR cache.,
72,ocr_page_missing,profile_candidate,plant-profile-003267,ムニンクロキ,Symplocos boninensis,ハイノキ科,SYMPLOCACEAE,125,,日本の野生植物 第2巻,125,Cached OCR page should exist,The profile points to a page that is not present in the OCR cache.,
72,ocr_page_missing,profile_candidate,plant-profile-002779,ムニンゴシュユ,Melicope nishimurae,ミカン科,RUTACEAE,56,,日本の野生植物 第2巻,56,Cached OCR page should exist,The profile points to a page that is not present in the OCR cache.,
72,ocr_page_missing,profile_candidate,plant-profile-003428,ムニンシャシャンボ,Vaceinium boninense,ツツジ科,ERICACEAE,142,,日本の野生植物 第2巻,142,Cached OCR page should exist,The profile points to a page that is not present in the OCR cache.,
72,ocr_page_missing,profile_candidate,plant-profile-003920,ムニンタツナミソウ,Seutellaria longituba,シソ科,LAMIACEAE,203,,日本の野生植物 第2巻,203,Cached OCR page should exist,The profile points to a page that is not present in the OCR cache.,
72,ocr_page_missing,profile_candidate,plant-profile-003343,ムニンツツジ,Rhododendron boninense Nakai,ツツジ科,ERICACEAE,136,271,日本の野生植物 第2巻,136,Cached OCR page should exist,The profile points to a page that is not present in the OCR cache.,
72,ocr_page_missing,profile_candidate,plant-profile-003755,ムニンネズミモチ,Ligustrum mieranthum,モクセイ科,OLEACEAE,181,,日本の野生植物 第2巻,181,Cached OCR page should exist,The profile points to a page that is not present in the OCR cache.,
72,ocr_page_missing,profile_candidate,plant-profile-003191,ムニンノキ,Planchonella boninensis (Nakai) Masam. et Yanagih.,アカテツ科,SAPOTACEAE,117,232,日本の野生植物 第2巻,117,Cached OCR page should exist,The profile points to a page that is not present in the OCR cache.,
72,ocr_page_missing,profile_candidate,plant-profile-002714,ムニンノボタン,Melastoma tetramerum,ノボタン科,MELASTOMATACEAE,48,94,日本の野生植物 第2巻,48,Cached OCR page should exist,The profile points to a page that is not present in the OCR cache.,
72,ocr_page_missing,profile_candidate,plant-profile-002915,ムニンビャクダン,Santalum boninense,ビャクダン科,SANTALACEAE,80,,日本の野生植物 第2巻,80,Cached OCR page should exist,The profile points to a page that is not present in the OCR cache.,
72,ocr_page_missing,profile_candidate,plant-profile-002707,ムニンフトモモ,Metrosideros boninensis,フトモモ科,MYRTACEAE,46,,日本の野生植物 第2巻,46,Cached OCR page should exist,The profile points to a page that is not present in the OCR cache.,
72,ocr_page_missing,profile_candidate,plant-profile-003656,ムニンホオズキ,Lycianthes boninensis Bitter,ナス科,SOLANACEAE,170,338,日本の野生植物 第2巻,170,Cached OCR page should exist,The profile points to a page that is not present in the OCR cache.,
72,ocr_page_missing,profile_candidate,plant-profile-004731,ムニンヤツデ,Fatsia oligoearpella,ウコギ科,ARALIACEAE,298,,日本の野生植物 第2巻,298,Cached OCR page should exist,The profile points to a page that is not present in the OCR cache.,
72,ocr_page_missing,profile_candidate,plant-profile-004206,ムラクモアザミ,Cirsium maruyamanum,キク科,ASTERACEAE,248,,日本の野生植物 第2巻,248,Cached OCR page should exist,The profile points to a page that is not present in the OCR cache.,
72,ocr_page_missing,profile_candidate,plant-profile-003721,ムラサキ,Lithospermum murasaki,ムラサキ科,BORAGINACEAE,177,,日本の野生植物 第2巻,177,Cached OCR page should exist,The profile points to a page that is not present in the OCR cache.,
72,ocr_page_missing,profile_candidate,plant-profile-003866,ムラサキシキブ,Callicarpa japonica var. japonica,シソ科,LAMIACEAE,198,394,日本の野生植物 第2巻,198,Cached OCR page should exist,The profile points to a page that is not present in the OCR cache.,
72,ocr_page_missing,profile_candidate,plant-profile-003555,ムラサキセンプリ,Swertia pseudochinensis,アカネ科,RUBIACEAE,157,,日本の野生植物 第2巻,157,Cached OCR page should exist,The profile points to a page that is not present in the OCR cache.,
72,ocr_page_missing,profile_candidate,plant-profile-004417,ムラサキニガナ,Paraprenanthes sororia,キク科,ASTERACEAE,263,,日本の野生植物 第2巻,263,Cached OCR page should exist,The profile points to a page that is not present in the OCR cache.,
72,ocr_page_missing,profile_candidate,plant-profile-004068,ムラサキミミカキグサ,Utricularia wliginosa,タヌキモ科,LENTIBULARIACEAE,222,,日本の野生植物 第2巻,222,Cached OCR page should exist,The profile points to a page that is not present in the OCR cache.,
72,ocr_page_missing,profile_candidate,plant-profile-004442,ムラサキムカシヨモギ,Cyanthillium cinereum,キク科,ASTERACEAE,266,530,日本の野生植物 第2巻,266,Cached OCR page should exist,The profile points to a page that is not present in the OCR cache.,
72,ocr_page_missing,profile_candidate,plant-profile-003350,ムラサキヤシオツツジ,Rhododendron albrechtii,ツツジ科,ERICACEAE,136,,日本の野生植物 第2巻,136,Cached OCR page should exist,The profile points to a page that is not present in the OCR cache.,
72,ocr_page_missing,profile_candidate,plant-profile-003002,メアカンフスマ,Arenaria merekioides,ナデシコ科,CARYOPHYLLACEAE,92,182,日本の野生植物 第2巻,92,Cached OCR page should exist,The profile points to a page that is not present in the OCR cache.,
72,ocr_page_missing,profile_candidate,plant-profile-002760,メグスリノキ,Acer maximowiczianum,ムクロジ科,SAPINDACEAE,54,106,日本の野生植物 第2巻,54,Cached OCR page should exist,The profile points to a page that is not present in the OCR cache.,
72,ocr_page_missing,profile_candidate,plant-profile-003657,メジロホオズキ,Lycianthes biflora (Lour.) Bitter,ナス科,SOLANACEAE,170,338,日本の野生植物 第2巻,170,Cached OCR page should exist,The profile points to a page that is not present in the OCR cache.,
72,ocr_page_missing,profile_candidate,plant-profile-004456,メタカラコウ,Ligularia stenocephala,キク科,ASTERACEAE,270,538,日本の野生植物 第2巻,270,Cached OCR page should exist,The profile points to a page that is not present in the OCR cache.,
72,ocr_page_missing,profile_candidate,plant-profile-004693,メナモミ,Sigesbeekia pabescens,キク科,ASTERACEAE,293,,日本の野生植物 第2巻,293,Cached OCR page should exist,The profile points to a page that is not present in the OCR cache.,
72,ocr_page_missing,profile_candidate,plant-profile-003934,メハジキ,Leonurus japonicus,シソ科,LAMIACEAE,206,410,日本の野生植物 第2巻,206,Cached OCR page should exist,The profile points to a page that is not present in the OCR cache.,
72,ocr_page_missing,profile_candidate,plant-profile-002701,メマツヨイグサ,Oenothera biennis,アカバナ科,ONAGRACEAE,46,90,日本の野生植物 第2巻,46,Cached OCR page should exist,The profile points to a page that is not present in the OCR cache.,
72,ocr_page_missing,profile_candidate,plant-profile-004617,メリケントキンソウ,Soliva sessilis,キク科,ASTERACEAE,284,,日本の野生植物 第2巻,284,Cached OCR page should exist,The profile points to a page that is not present in the OCR cache.,
72,ocr_page_missing,profile_candidate,plant-profile-004129,モイワシャジン,Adenophora pereskiifolia,キキョウ科,CAMPANULACEAE,230,,日本の野生植物 第2巻,230,Cached OCR page should exist,The profile points to a page that is not present in the OCR cache.,
72,ocr_page_missing,profile_candidate,plant-profile-002876,モイワナズナ,Draba sachalinensis,アブラナ科,BRASSICACEAE,74,,日本の野生植物 第2巻,74,Cached OCR page should exist,The profile points to a page that is not present in the OCR cache.,
72,ocr_page_missing,profile_candidate,plant-profile-004438,モウコタンポポ,Taraxacum mongolicum,キク科,ASTERACEAE,265,529,日本の野生植物 第2巻,265,Cached OCR page should exist,The profile points to a page that is not present in the OCR cache.,
72,ocr_page_missing,profile_candidate,plant-profile-002999,モウセンゴケ,Drosera rotundifolia,タデ科,POLYGONACEAE,91,,日本の野生植物 第2巻,91,Cached OCR page should exist,The profile points to a page that is not present in the OCR cache.,
72,ocr_page_missing,profile_candidate,plant-profile-002763,モクゲンジ,Koelreuteria paniculata Laxm.,ムクロジ科,SAPINDACEAE,54,107,日本の野生植物 第2巻,54,Cached OCR page should exist,The profile points to a page that is not present in the OCR cache.,
72,ocr_page_missing,profile_candidate,plant-profile-003208,モクタチバナ,Ardisia sieboldii,サクラソウ科,PRIMULACEAE,119,237,日本の野生植物 第2巻,119,Cached OCR page should exist,The profile points to a page that is not present in the OCR cache.,
72,ocr_page_missing,profile_candidate,plant-profile-004618,モクビャッコウ,Crossostephium chinense,キク科,ASTERACEAE,284,,日本の野生植物 第2巻,284,Cached OCR page should exist,The profile points to a page that is not present in the OCR cache.,
72,ocr_page_missing,profile_candidate,plant-profile-003357,モチツツジ,Rhododendron macrosepalum,ツツジ科,ERICACEAE,137,272,日本の野生植物 第2巻,137,Cached OCR page should exist,The profile points to a page that is not present in the OCR cache.,
72,ocr_page_missing,profile_candidate,plant-profile-004101,モチノキ,Ilex integra,モチノキ科,AQUIFOLIACEAE,228,455,日本の野生植物 第2巻,228,Cached OCR page should exist,The profile points to a page that is not present in the OCR cache.,
72,ocr_page_missing,profile_candidate,plant-profile-003189,モッコク,Ternstroemia gymnanthera,サカキ科,PENTAPHYLACACEAE,116,,日本の野生植物 第2巻,116,Cached OCR page should exist,The profile points to a page that is not present in the OCR cache.,
72,ocr_page_missing,profile_candidate,plant-profile-004471,モミジガサ,Parasenecio delphiniifolius,キク科,ASTERACEAE,272,542,日本の野生植物 第2巻,272,Cached OCR page should exist,The profile points to a page that is not present in the OCR cache.,
72,ocr_page_missing,profile_candidate,plant-profile-004472,モミジコウモリ,Parasenecio kiusianus,キク科,ASTERACEAE,272,542,日本の野生植物 第2巻,272,Cached OCR page should exist,The profile points to a page that is not present in the OCR cache.,
72,ocr_page_missing,profile_candidate,plant-profile-003642,モミジヒルガオ,Ipomoea eairiea,キョウチクトウ科,APOCYNACEAE,167,,日本の野生植物 第2巻,167,Cached OCR page should exist,The profile points to a page that is not present in the OCR cache.,
72,ocr_page_missing,profile_candidate,plant-profile-002656,モモタマナ,Terminalia catappa,シクンシ科,COMBRETACEAE,40,78,日本の野生植物 第2巻,40,Cached OCR page should exist,The profile points to a page that is not present in the OCR cache.,
72,ocr_page_missing,profile_candidate,plant-profile-004189,モリアザミ,Cirsium dipsacolepis,キク科,ASTERACEAE,247,,日本の野生植物 第2巻,247,Cached OCR page should exist,The profile points to a page that is not present in the OCR cache.,
72,ocr_page_missing,profile_candidate,plant-profile-003221,モロコシソウ,Lysimachia sikokiana,サクラソウ科,PRIMULACEAE,120,,日本の野生植物 第2巻,120,Cached OCR page should exist,The profile points to a page that is not present in the OCR cache.,
72,ocr_page_missing,profile_candidate,plant-profile-002813,モンテンボク,Hibiscus glaber,アオイ科,MALVACEAE,62,,日本の野生植物 第2巻,62,Cached OCR page should exist,The profile points to a page that is not present in the OCR cache.,
72,ocr_page_missing,profile_candidate,plant-profile-003691,モンバナスビ,,,,173,344,日本の野生植物 第2巻,173,Cached OCR page should exist,The profile points to a page that is not present in the OCR cache.,
72,ocr_page_missing,profile_candidate,plant-profile-003707,モンパノキ,Heliotropium foertherianum,ムラサキ科,BORAGINACEAE,175,349,日本の野生植物 第2巻,175,Cached OCR page should exist,The profile points to a page that is not present in the OCR cache.,
72,ocr_page_missing,profile_candidate,plant-profile-003692,ヤイマナスビ,Solanum macaonense,ナス科,SOLANACEAE,173,344,日本の野生植物 第2巻,173,Cached OCR page should exist,The profile points to a page that is not present in the OCR cache.,
72,ocr_page_missing,profile_candidate,plant-profile-003456,ヤエムグラ,Galium spurium,アカネ科,RUBIACEAE,147,,日本の野生植物 第2巻,147,Cached OCR page should exist,The profile points to a page that is not present in the OCR cache.,
72,ocr_page_missing,profile_candidate,plant-profile-003492,ヤエヤマアオキ,Morinda citrifolia,アカネ科,RUBIACEAE,150,,日本の野生植物 第2巻,150,Cached OCR page should exist,The profile points to a page that is not present in the OCR cache.,
72,ocr_page_missing,profile_candidate,plant-profile-003153,ヤエヤマウツギ,Deutzia yaeyamensis,アジサイ科,HYDRANGEACEAE,110,,日本の野生植物 第2巻,110,Cached OCR page should exist,The profile points to a page that is not present in the OCR cache.,
72,ocr_page_missing,profile_candidate,plant-profile-003894,ヤエヤマキランソウ,Ajuga taiwanensis,シソ科,LAMIACEAE,200,,日本の野生植物 第2巻,200,Cached OCR page should exist,The profile points to a page that is not present in the OCR cache.,
72,ocr_page_missing,profile_candidate,plant-profile-003285,ヤエヤマクロバイ,Symplocos eaudata,ハイノキ科,SYMPLOCACEAE,126,,日本の野生植物 第2巻,126,Cached OCR page should exist,The profile points to a page that is not present in the OCR cache.,
72,ocr_page_missing,profile_candidate,plant-profile-004645,ヤエヤマコウゾリナ,Blumea lacera,キク科,ASTERACEAE,288,,日本の野生植物 第2巻,288,Cached OCR page should exist,The profile points to a page that is not present in the OCR cache.,
72,ocr_page_missing,profile_candidate,plant-profile-003193,ヤエヤマコクタン,Diospyros egbertwalkeri,カキノキ科,EBENACEAE,117,233,日本の野生植物 第2巻,117,Cached OCR page should exist,The profile points to a page that is not present in the OCR cache.,
72,ocr_page_missing,profile_candidate,plant-profile-003168,ヤエヤマコンテリギ,Hortensia chinensis,アジサイ科,HYDRANGEACEAE,112,,日本の野生植物 第2巻,112,Cached OCR page should exist,The profile points to a page that is not present in the OCR cache.,
72,ocr_page_missing,profile_candidate,plant-profile-003932,ヤエヤマスズコウジュ,Suzukia luchuensis,シソ科,LAMIACEAE,205,,日本の野生植物 第2巻,205,Cached OCR page should exist,The profile points to a page that is not present in the OCR cache.,
72,ocr_page_missing,profile_candidate,plant-profile-002571,ヤエヤマスミレ,Viola tashiroi,スミレ科,VIOLACEAE,30,,日本の野生植物 第2巻,30,Cached OCR page should exist,The profile points to a page that is not present in the OCR cache.,
72,ocr_page_missing,profile_candidate,plant-profile-002718,ヤエヤマノボタン,Bredia yaeyamensis,ノボタン科,MELASTOMATACEAE,48,,日本の野生植物 第2巻,48,Cached OCR page should exist,The profile points to a page that is not present in the OCR cache.,
72,ocr_page_missing,profile_candidate,plant-profile-003757,ヤエヤマヒイラギ,Osmanthus iriomotensis,モクセイ科,OLEACEAE,182,362,日本の野生植物 第2巻,182,Cached OCR page should exist,The profile points to a page that is not present in the OCR cache.,
72,ocr_page_missing,profile_candidate,plant-profile-003658,ヤエヤマメジロホオズキ,Lyeianthes laevis,ナス科,SOLANACEAE,170,338,日本の野生植物 第2巻,170,Cached OCR page should exist,The profile points to a page that is not present in the OCR cache.,
72,ocr_page_missing,profile_candidate,plant-profile-004388,ヤクシソウ,Crepidiastrum denticulatum,キク科,ASTERACEAE,260,,日本の野生植物 第2巻,260,Cached OCR page should exist,The profile points to a page that is not present in the OCR cache.,
72,ocr_page_missing,profile_candidate,plant-profile-004220,ヤクシマアザミ,Cirsium yakusiimnense,キク科,ASTERACEAE,249,497,日本の野生植物 第2巻,249,Cached OCR page should exist,The profile points to a page that is not present in the OCR cache.,
72,ocr_page_missing,profile_candidate,plant-profile-003161,ヤクシマアジサイ,Hortensia kawagoeana var. grosseserrata,アジサイ科,HYDRANGEACEAE,112,222,日本の野生植物 第2巻,112,Cached OCR page should exist,The profile points to a page that is not present in the OCR cache.,
72,ocr_page_missing,profile_candidate,plant-profile-002757,ヤクシマオナガカエデ,Acer morifolium,ムクロジ科,SAPINDACEAE,53,,日本の野生植物 第2巻,53,Cached OCR page should exist,The profile points to a page that is not present in the OCR cache.,
72,ocr_page_missing,profile_candidate,plant-profile-002796,ヤクシマカラスザンショウ,Zanthoxylum yakumontanum,ミカン科,RUTACEAE,58,,日本の野生植物 第2巻,58,Cached OCR page should exist,The profile points to a page that is not present in the OCR cache.,
72,ocr_page_missing,profile_candidate,plant-profile-002600,ヤクシマカワゴロモ,Hydrobryum puneticulatum,カワゴケソウ科,PODOSTEMACEAE,34,,日本の野生植物 第2巻,34,Cached OCR page should exist,The profile points to a page that is not present in the OCR cache.,
72,ocr_page_missing,profile_candidate,plant-profile-004486,ヤクシマコウモリ,Paraseneeio yakusimensis,キク科,ASTERACEAE,272,,日本の野生植物 第2巻,272,Cached OCR page should exist,The profile points to a page that is not present in the OCR cache.,
72,ocr_page_missing,profile_candidate,plant-profile-004048,ヤクシマシオガマ,Pedicularis ochiaiana,ハマウツボ科,OROBANCHACEAE,220,,日本の野生植物 第2巻,220,Cached OCR page should exist,The profile points to a page that is not present in the OCR cache.,
72,ocr_page_missing,profile_candidate,plant-profile-003351,ヤクシマシャクナゲ,Rhododendron yakushimnanum,ツツジ科,ERICACEAE,136,,日本の野生植物 第2巻,136,Cached OCR page should exist,The profile points to a page that is not present in the OCR cache.,
72,ocr_page_missing,profile_candidate,plant-profile-002572,ヤクシマスミレ,Viola iwagawae,スミレ科,VIOLACEAE,30,,日本の野生植物 第2巻,30,Cached OCR page should exist,The profile points to a page that is not present in the OCR cache.,
72,ocr_page_missing,profile_candidate,plant-profile-002910,ヤクシマツチトリモチ,Balanophora yakushimensis,ツチトリモチ科,BALANOPHORACEAE,79,,日本の野生植物 第2巻,79,Cached OCR page should exist,The profile points to a page that is not present in the OCR cache.,
72,ocr_page_missing,profile_candidate,plant-profile-004397,ヤクシマニガナ,Ixeridium parvum,キク科,ASTERACEAE,261,,日本の野生植物 第2巻,261,Cached OCR page should exist,The profile points to a page that is not present in the OCR cache.,
72,ocr_page_missing,profile_candidate,plant-profile-004539,ヤクシマノギク,Aster yakushimensis,キク科,ASTERACEAE,276,,日本の野生植物 第2巻,276,Cached OCR page should exist,The profile points to a page that is not present in the OCR cache.,
72,ocr_page_missing,profile_candidate,plant-profile-004711,ヤクシマヒヨドリ,Eupatorium yakushimense,キク科,ASTERACEAE,295,,日本の野生植物 第2巻,295,Cached OCR page should exist,The profile points to a page that is not present in the OCR cache.,
72,ocr_page_missing,profile_candidate,plant-profile-003389,ヤクシマミツバツツジ,Rhododendron yakumontanum,ツツジ科,ERICACEAE,138,,日本の野生植物 第2巻,138,Cached OCR page should exist,The profile points to a page that is not present in the OCR cache.,
72,ocr_page_missing,profile_candidate,plant-profile-003358,ヤクシマヤマツツジ,Rhododendron yakuinsulare,ツツジ科,ERICACEAE,137,272,日本の野生植物 第2巻,137,Cached OCR page should exist,The profile points to a page that is not present in the OCR cache.,
72,ocr_page_missing,profile_candidate,plant-profile-003352,ヤクシマヨウラクツツジ,Rhododendron yakushimense,ツツジ科,ERICACEAE,136,,日本の野生植物 第2巻,136,Cached OCR page should exist,The profile points to a page that is not present in the OCR cache.,
72,ocr_page_missing,profile_candidate,plant-profile-003537,ヤクシマリンドウ,Gentiana yakushimensis,アカネ科,RUBIACEAE,155,,日本の野生植物 第2巻,155,Cached OCR page should exist,The profile points to a page that is not present in the OCR cache.,
72,ocr_page_missing,profile_candidate,plant-profile-003653,ヤコウカ,Cestrum nocturnum,ナス科,SOLANACEAE,169,,日本の野生植物 第2巻,169,Cached OCR page should exist,The profile points to a page that is not present in the OCR cache.,
72,ocr_page_missing,profile_candidate,plant-profile-004033,ヤセウツボ,Orobanche minor,ハマウツボ科,OROBANCHACEAE,219,,日本の野生植物 第2巻,219,Cached OCR page should exist,The profile points to a page that is not present in the OCR cache.,
72,ocr_page_missing,profile_candidate,plant-profile-004292,ヤチアザミ,Cirsium shinanense,キク科,ASTERACEAE,252,,日本の野生植物 第2巻,252,Cached OCR page should exist,The profile points to a page that is not present in the OCR cache.,
72,ocr_page_missing,profile_candidate,plant-profile-004069,ヤチコタヌキモ,Utricularia ochroleuea,タヌキモ科,LENTIBULARIACEAE,222,,日本の野生植物 第2巻,222,Cached OCR page should exist,The profile points to a page that is not present in the OCR cache.,
72,ocr_page_missing,profile_candidate,plant-profile-004130,ヤチシャジン,Adenophora palustris,キキョウ科,CAMPANULACEAE,230,,日本の野生植物 第2巻,230,Cached OCR page should exist,The profile points to a page that is not present in the OCR cache.,
72,ocr_page_missing,profile_candidate,plant-profile-003745,ヤチダモ,Fraxinus mandshurica,モクセイ科,OLEACEAE,180,,日本の野生植物 第2巻,180,Cached OCR page should exist,The profile points to a page that is not present in the OCR cache.,
72,ocr_page_missing,profile_candidate,plant-profile-003402,ヤチツツジ,Chamaedaphne calyculata,ツツジ科,ERICACEAE,140,278,日本の野生植物 第2巻,140,Cached OCR page should exist,The profile points to a page that is not present in the OCR cache.,
72,ocr_page_missing,profile_candidate,plant-profile-003299,ヤッコソウ,Mitrastemon yamamotoi Makino,ヤッコソウ科,MITRASTEMONACEAE,129,257,日本の野生植物 第2巻,129,Cached OCR page should exist,The profile points to a page that is not present in the OCR cache.,
72,ocr_page_missing,profile_candidate,plant-profile-002884,ヤツガタケナズナ,Draba oiana,アブラナ科,BRASSICACEAE,75,,日本の野生植物 第2巻,75,Cached OCR page should exist,The profile points to a page that is not present in the OCR cache.,
72,ocr_page_missing,profile_candidate,plant-profile-003457,ヤツガタケムグラ,Galium trillorum,アカネ科,RUBIACEAE,147,,日本の野生植物 第2巻,147,Cached OCR page should exist,The profile points to a page that is not present in the OCR cache.,
72,ocr_page_missing,profile_candidate,plant-profile-004140,ヤツシロソウ,Campanula glomerata,キキョウ科,CAMPANULACEAE,231,,日本の野生植物 第2巻,231,Cached OCR page should exist,The profile points to a page that is not present in the OCR cache.,
72,ocr_page_missing,profile_candidate,plant-profile-004275,ヤツタカネアザミ,Cirsium yatsualpieola,キク科,ASTERACEAE,252,502,日本の野生植物 第2巻,252,Cached OCR page should exist,The profile points to a page that is not present in the OCR cache.,
72,ocr_page_missing,profile_candidate,plant-profile-004727,ヤツデ,Fatsia japoniea,ウコギ科,ARALIACEAE,298,594,日本の野生植物 第2巻,298,Cached OCR page should exist,The profile points to a page that is not present in the OCR cache.,
72,ocr_page_missing,profile_candidate,plant-profile-003643,ヤツデアサガオ,Ipomoea mauritiana,キョウチクトウ科,APOCYNACEAE,167,,日本の野生植物 第2巻,167,Cached OCR page should exist,The profile points to a page that is not present in the OCR cache.,
72,ocr_page_missing,profile_candidate,plant-profile-002919,ヤドリギ,Viseum album,ビャクダン科,SANTALACEAE,81,,日本の野生植物 第2巻,81,Cached OCR page should exist,The profile points to a page that is not present in the OCR cache.,
72,ocr_page_missing,profile_candidate,plant-profile-004184,ヤナギアザミ,Cirsium lineare,キク科,ASTERACEAE,247,493,日本の野生植物 第2巻,247,Cached OCR page should exist,The profile points to a page that is not present in the OCR cache.,
72,ocr_page_missing,profile_candidate,plant-profile-003074,ヤナギイノコヅチ,Achyranthes longifolia,ヒユ科,AMARANTHACEAE,99,,日本の野生植物 第2巻,99,Cached OCR page should exist,The profile points to a page that is not present in the OCR cache.,
72,ocr_page_missing,profile_candidate,plant-profile-003749,ヤナギイボタ,Ligustrum salicinum,モクセイ科,OLEACEAE,181,361,日本の野生植物 第2巻,181,Cached OCR page should exist,The profile points to a page that is not present in the OCR cache.,
72,ocr_page_missing,profile_candidate,plant-profile-004665,ヤナギタウコギ,Bidens cernua,キク科,ASTERACEAE,290,,日本の野生植物 第2巻,290,Cached OCR page should exist,The profile points to a page that is not present in the OCR cache.,
72,ocr_page_missing,profile_candidate,plant-profile-002952,ヤナギタデ,Persicaria hydropiper (L.) Delarbre,タデ科,POLYGONACEAE,87,173,日本の野生植物 第2巻,87,Cached OCR page should exist,The profile points to a page that is not present in the OCR cache.,
72,ocr_page_missing,profile_candidate,plant-profile-004379,ヤナギタンポポ,Hieracium umbellatum,キク科,ASTERACEAE,260,519,日本の野生植物 第2巻,260,Cached OCR page should exist,The profile points to a page that is not present in the OCR cache.,
72,ocr_page_missing,profile_candidate,plant-profile-003222,ヤナギトラノオ,Lysimachia thyrsinlora,サクラソウ科,PRIMULACEAE,120,,日本の野生植物 第2巻,120,Cached OCR page should exist,The profile points to a page that is not present in the OCR cache.,
72,ocr_page_missing,profile_candidate,plant-profile-004398,ヤナギニガナ,Ixeridium laevigatum,キク科,ASTERACEAE,261,,日本の野生植物 第2巻,261,Cached OCR page should exist,The profile points to a page that is not present in the OCR cache.,
72,ocr_page_missing,profile_candidate,plant-profile-002976,ヤナギヌカボ,Persiearia foliosa,タデ科,POLYGONACEAE,88,,日本の野生植物 第2巻,88,Cached OCR page should exist,The profile points to a page that is not present in the OCR cache.,
72,ocr_page_missing,profile_candidate,plant-profile-004097,ヤナギハナガサ,Verbena bonariensis,クマツヅラ科,VERBENACEAE,227,,日本の野生植物 第2巻,227,Cached OCR page should exist,The profile points to a page that is not present in the OCR cache.,
72,ocr_page_missing,profile_candidate,plant-profile-002683,ヤナギラン,Chamaenerion angustifolium,アカバナ科,ONAGRACEAE,43,,日本の野生植物 第2巻,43,Cached OCR page should exist,The profile points to a page that is not present in the OCR cache.,
72,ocr_page_missing,profile_candidate,plant-profile-002964,ヤノネグサ,Persicaria muricata,タデ科,POLYGONACEAE,87,,日本の野生植物 第2巻,87,Cached OCR page should exist,The profile points to a page that is not present in the OCR cache.,
72,ocr_page_missing,profile_candidate,plant-profile-003172,ヤハズアジサイ,Platyerater sikokiana,アジサイ科,HYDRANGEACEAE,113,,日本の野生植物 第2巻,113,Cached OCR page should exist,The profile points to a page that is not present in the OCR cache.,
72,ocr_page_missing,profile_candidate,plant-profile-004339,ヤハズトウヒレン,Saussurea sagitta,キク科,ASTERACEAE,257,512,日本の野生植物 第2巻,257,Cached OCR page should exist,The profile points to a page that is not present in the OCR cache.,
72,ocr_page_missing,profile_candidate,plant-profile-002901,ヤハズナズナ,,,,78,154,日本の野生植物 第2巻,78,Cached OCR page should exist,The profile points to a page that is not present in the OCR cache.,
72,ocr_page_missing,profile_candidate,plant-profile-004622,ヤハズハハコ,Anaphalis siniea,キク科,ASTERACEAE,285,,日本の野生植物 第2巻,285,Cached OCR page should exist,The profile points to a page that is not present in the OCR cache.,
72,ocr_page_missing,profile_candidate,plant-profile-004340,ヤハズヒゴタイ,Saussurea triptera,キク科,ASTERACEAE,257,512,日本の野生植物 第2巻,257,Cached OCR page should exist,The profile points to a page that is not present in the OCR cache.,
72,ocr_page_missing,profile_candidate,plant-profile-004874,ヤブウツギ,Weigela floribunda,スイカズラ科,CAPRIFOLIACEAE,315,629,日本の野生植物 第2巻,315,Cached OCR page should exist,The profile points to a page that is not present in the OCR cache.,
72,ocr_page_missing,profile_candidate,plant-profile-003205,ヤブコウジ,Ardisia japonica,サクラソウ科,PRIMULACEAE,119,236,日本の野生植物 第2巻,119,Cached OCR page should exist,The profile points to a page that is not present in the OCR cache.,
72,ocr_page_missing,profile_candidate,plant-profile-004814,ヤブジラミ,Torilis japonica,セリ科,APIACEAE,307,,日本の野生植物 第2巻,307,Cached OCR page should exist,The profile points to a page that is not present in the OCR cache.,
72,ocr_page_missing,profile_candidate,plant-profile-004646,ヤブタバコ,Carpesium abrotanoides,キク科,ASTERACEAE,288,,日本の野生植物 第2巻,288,Cached OCR page should exist,The profile points to a page that is not present in the OCR cache.,
72,ocr_page_missing,profile_candidate,plant-profile-004418,ヤブタビラコ,Lapsanastrum humile,キク科,ASTERACEAE,263,,日本の野生植物 第2巻,263,Cached OCR page should exist,The profile points to a page that is not present in the OCR cache.,
72,ocr_page_missing,profile_candidate,plant-profile-003255,ヤブツバキ,Camellia japonica L. var. japonica,ツバキ科,THEACEAE,124,246,日本の野生植物 第2巻,124,Cached OCR page should exist,The profile points to a page that is not present in the OCR cache.,
72,ocr_page_missing,profile_candidate,plant-profile-004833,ヤブデマリ,Viburnum plicatum,ガマズミ科,VIBURNACEAE,310,,日本の野生植物 第2巻,310,Cached OCR page should exist,The profile points to a page that is not present in the OCR cache.,
72,ocr_page_missing,profile_candidate,plant-profile-004794,ヤブニンジン,Osmorhiza aristata,セリ科,APIACEAE,305,,日本の野生植物 第2巻,305,Cached OCR page should exist,The profile points to a page that is not present in the OCR cache.,
72,ocr_page_missing,profile_candidate,plant-profile-004856,ヤブヒョウタンボク,Lonicera linderifolia,スイカズラ科,CAPRIFOLIACEAE,313,,日本の野生植物 第2巻,313,Cached OCR page should exist,The profile points to a page that is not present in the OCR cache.,
72,ocr_page_missing,profile_candidate,plant-profile-003458,ヤブムグラ,Galium niewerthii,アカネ科,RUBIACEAE,147,,日本の野生植物 第2巻,147,Cached OCR page should exist,The profile points to a page that is not present in the OCR cache.,
72,ocr_page_missing,profile_candidate,plant-profile-003863,ヤブムラサキ,Callicarpa mollis,シソ科,LAMIACEAE,197,,日本の野生植物 第2巻,197,Cached OCR page should exist,The profile points to a page that is not present in the OCR cache.,
72,ocr_page_missing,profile_candidate,plant-profile-004575,ヤブヨモギ,Artemisia rubripes,キク科,ASTERACEAE,281,561,日本の野生植物 第2巻,281,Cached OCR page should exist,The profile points to a page that is not present in the OCR cache.,
72,ocr_page_missing,profile_candidate,plant-profile-004494,ヤブレガサ,Syneilesis palmata,キク科,ASTERACEAE,273,545,日本の野生植物 第2巻,273,Cached OCR page should exist,The profile points to a page that is not present in the OCR cache.,
72,ocr_page_missing,profile_candidate,plant-profile-004495,ヤブレガサモドキ,Syneilesis tagawae,キク科,ASTERACEAE,273,545,日本の野生植物 第2巻,273,Cached OCR page should exist,The profile points to a page that is not present in the OCR cache.,
72,ocr_page_missing,profile_candidate,plant-profile-004293,ヤマアザミ,Cirsium spicatum,キク科,ASTERACEAE,252,,日本の野生植物 第2巻,252,Cached OCR page should exist,The profile points to a page that is not present in the OCR cache.,
72,ocr_page_missing,profile_candidate,plant-profile-003157,ヤマアジサイ,Hortensia serrata,アジサイ科,HYDRANGEACEAE,111,,日本の野生植物 第2巻,111,Cached OCR page should exist,The profile points to a page that is not present in the OCR cache.,
72,ocr_page_missing,profile_candidate,plant-profile-004857,ヤマウグイスカグラ,Lonicera gracilipes,スイカズラ科,CAPRIFOLIACEAE,313,,日本の野生植物 第2巻,313,Cached OCR page should exist,The profile points to a page that is not present in the OCR cache.,
72,ocr_page_missing,profile_candidate,plant-profile-004720,ヤマウコギ,Eleutherococcus spinosus var. spinosus,ウコギ科,ARALIACEAE,297,593,日本の野生植物 第2巻,297,Cached OCR page should exist,The profile points to a page that is not present in the OCR cache.,
72,ocr_page_missing,profile_candidate,plant-profile-004027,ヤマウツボ,Latlraea japonica,ハマウツボ科,OROBANCHACEAE,218,,日本の野生植物 第2巻,218,Cached OCR page should exist,The profile points to a page that is not present in the OCR cache.,
72,ocr_page_missing,profile_candidate,plant-profile-002725,ヤマウルシ,Toxicodendron trichocarpum,ウルシ科,ANACARDIACEAE,50,99,日本の野生植物 第2巻,50,Cached OCR page should exist,The profile points to a page that is not present in the OCR cache.,
72,ocr_page_missing,profile_candidate,plant-profile-004372,ヤマガタトウヒレン,Saussurea yamagataensis,キク科,ASTERACEAE,258,,日本の野生植物 第2巻,258,Cached OCR page should exist,The profile points to a page that is not present in the OCR cache.,
72,ocr_page_missing,profile_candidate,plant-profile-002851,ヤマガラシ,Barbarea orthoceras,アブラナ科,BRASSICACEAE,71,,日本の野生植物 第2巻,71,Cached OCR page should exist,The profile points to a page that is not present in the OCR cache.,
72,ocr_page_missing,profile_candidate,plant-profile-003826,ヤマクワガタ,Veroniea japonensis,オオバコ科,PLANTAGINACEAE,190,,日本の野生植物 第2巻,190,Cached OCR page should exist,The profile points to a page that is not present in the OCR cache.,
72,ocr_page_missing,profile_candidate,plant-profile-003119,ヤマゴボウ,Plytolaeea acinosa,ヤマゴボウ科,PHYTOLACCACEAE,105,,日本の野生植物 第2巻,105,Cached OCR page should exist,The profile points to a page that is not present in the OCR cache.,
72,ocr_page_missing,profile_candidate,plant-profile-004822,ヤマシグレ,Viburnum urceolatum,ガマズミ科,VIBURNACEAE,309,617,日本の野生植物 第2巻,309,Cached OCR page should exist,The profile points to a page that is not present in the OCR cache.,
72,ocr_page_missing,profile_candidate,plant-profile-003933,ヤマジオウ,Ajugoides humilis,シソ科,LAMIACEAE,205,,日本の野生植物 第2巻,205,Cached OCR page should exist,The profile points to a page that is not present in the OCR cache.,
72,ocr_page_missing,profile_candidate,plant-profile-003952,ヤマジソ,Mosla japonica,シソ科,LAMIACEAE,208,,日本の野生植物 第2巻,208,Cached OCR page should exist,The profile points to a page that is not present in the OCR cache.,
72,ocr_page_missing,profile_candidate,plant-profile-004504,ヤマジノギク,Aster hispidus,キク科,ASTERACEAE,275,548,日本の野生植物 第2巻,275,Cached OCR page should exist,The profile points to a page that is not present in the OCR cache.,
72,ocr_page_missing,profile_candidate,plant-profile-003908,ヤマジノタツナミソウ,Seutellaria amabilis,シソ科,LAMIACEAE,202,,日本の野生植物 第2巻,202,Cached OCR page should exist,The profile points to a page that is not present in the OCR cache.,
72,ocr_page_missing,profile_candidate,plant-profile-004795,ヤマゼリ,Ostericum sieboldii,セリ科,APIACEAE,305,,日本の野生植物 第2巻,305,Cached OCR page should exist,The profile points to a page that is not present in the OCR cache.,
72,ocr_page_missing,profile_candidate,plant-profile-004463,ヤマタイミンガサ,Parasenecio yatabei,キク科,ASTERACEAE,271,541,日本の野生植物 第2巻,271,Cached OCR page should exist,The profile points to a page that is not present in the OCR cache.,
72,ocr_page_missing,profile_candidate,plant-profile-003909,ヤマタツナミソウ,Scutellaria pekinensis,シソ科,LAMIACEAE,202,,日本の野生植物 第2巻,202,Cached OCR page should exist,The profile points to a page that is not present in the OCR cache.,
72,ocr_page_missing,profile_candidate,plant-profile-004457,ヤマタバコ,Ligularia angusta,キク科,ASTERACEAE,270,538,日本の野生植物 第2巻,270,Cached OCR page should exist,The profile points to a page that is not present in the OCR cache.,
72,ocr_page_missing,profile_candidate,plant-profile-003374,ヤマツツジ,Rhododendron kaempferi,ツツジ科,ERICACEAE,137,,日本の野生植物 第2巻,137,Cached OCR page should exist,The profile points to a page that is not present in the OCR cache.,
72,ocr_page_missing,profile_candidate,plant-profile-003739,ヤマトアオダモ,Fraxinus longicuspis,モクセイ科,OLEACEAE,180,359,日本の野生植物 第2巻,180,Cached OCR page should exist,The profile points to a page that is not present in the OCR cache.,
72,ocr_page_missing,profile_candidate,plant-profile-003960,ヤマトウバナ,Clinopodium multieaule,シソ科,LAMIACEAE,209,,日本の野生植物 第2巻,209,Cached OCR page should exist,The profile points to a page that is not present in the OCR cache.,
72,ocr_page_missing,profile_candidate,plant-profile-003521,ヤマトグサ,Theligonum japonicum,アカネ科,RUBIACEAE,153,,日本の野生植物 第2巻,153,Cached OCR page should exist,The profile points to a page that is not present in the OCR cache.,
72,ocr_page_missing,profile_candidate,plant-profile-003814,ヤマトラノオ,Veronica rotunda,オオバコ科,PLANTAGINACEAE,190,379,日本の野生植物 第2巻,190,Cached OCR page should exist,The profile points to a page that is not present in the OCR cache.,
72,ocr_page_missing,profile_candidate,plant-profile-003746,ヤマトレンギョウ,Forsythia japonica,モクセイ科,OLEACEAE,180,,日本の野生植物 第2巻,180,Cached OCR page should exist,The profile points to a page that is not present in the OCR cache.,
72,ocr_page_missing,profile_candidate,plant-profile-002497,ヤマナラシ,Populus tremula var. sieboldii,ヤナギ科,SALICACEAE,19,37,日本の野生植物 第2巻,19,Cached OCR page should exist,The profile points to a page that is not present in the OCR cache.,
72,ocr_page_missing,profile_candidate,plant-profile-004409,ヤマニガナ,Lactuca raddeana,キク科,ASTERACEAE,262,,日本の野生植物 第2巻,262,Cached OCR page should exist,The profile points to a page that is not present in the OCR cache.,
72,ocr_page_missing,profile_candidate,plant-profile-003058,ヤマハコベ,Stellaria uchiyamana,ナデシコ科,CARYOPHYLLACEAE,97,192,日本の野生植物 第2巻,97,Cached OCR page should exist,The profile points to a page that is not present in the OCR cache.,
72,ocr_page_missing,profile_candidate,plant-profile-002731,ヤマハゼ,Toxicodendron sylvestre,ウルシ科,ANACARDIACEAE,50,,日本の野生植物 第2巻,50,Cached OCR page should exist,The profile points to a page that is not present in the OCR cache.,
72,ocr_page_missing,profile_candidate,plant-profile-002852,ヤマハタザオ,Arabis hirsuta,アブラナ科,BRASSICACEAE,71,,日本の野生植物 第2巻,71,Cached OCR page should exist,The profile points to a page that is not present in the OCR cache.,
72,ocr_page_missing,profile_candidate,plant-profile-003991,ヤマハッカ,Isodon inflexus,シソ科,LAMIACEAE,213,424,日本の野生植物 第2巻,213,Cached OCR page should exist,The profile points to a page that is not present in the OCR cache.,
72,ocr_page_missing,profile_candidate,plant-profile-004623,ヤマハハコ,Anaphalis margaritacea,キク科,ASTERACEAE,285,,日本の野生植物 第2巻,285,Cached OCR page should exist,The profile points to a page that is not present in the OCR cache.,
72,ocr_page_missing,profile_candidate,plant-profile-004701,ヤマヒヨドリバナ,Eupatorium variabile,キク科,ASTERACEAE,295,588,日本の野生植物 第2巻,295,Cached OCR page should exist,The profile points to a page that is not present in the OCR cache.,
72,ocr_page_missing,profile_candidate,plant-profile-003771,ヤマビワソウ,Rhyuchotechum discolor,イワタバコ科,GESNERIACEAE,184,,日本の野生植物 第2巻,184,Cached OCR page should exist,The profile points to a page that is not present in the OCR cache.,
72,ocr_page_missing,profile_candidate,plant-profile-003654,ヤマホオスキ,Archiplysalis chamaesarachoides,ナス科,SOLANACEAE,169,,日本の野生植物 第2巻,169,Cached OCR page should exist,The profile points to a page that is not present in the OCR cache.,
72,ocr_page_missing,profile_candidate,plant-profile-003675,ヤマホロシ,Solanum japonense,ナス科,SOLANACEAE,172,343,日本の野生植物 第2巻,172,Cached OCR page should exist,The profile points to a page that is not present in the OCR cache.,
72,ocr_page_missing,profile_candidate,plant-profile-003131,ヤマボウシ,Cornus kousa subsp. kousa,ミズキ科,CORNACEAE,108,215,日本の野生植物 第2巻,108,Cached OCR page should exist,The profile points to a page that is not present in the OCR cache.,
72,ocr_page_missing,profile_candidate,plant-profile-004374,ヤマボクチ,Synurus palmatopinnatifidus var. indivisus,キク科,ASTERACEAE,259,516,日本の野生植物 第2巻,259,Cached OCR page should exist,The profile points to a page that is not present in the OCR cache.,
72,ocr_page_missing,profile_candidate,plant-profile-003459,ヤマムグラ,Galium pogonanthum,アカネ科,RUBIACEAE,147,,日本の野生植物 第2巻,147,Cached OCR page should exist,The profile points to a page that is not present in the OCR cache.,
72,ocr_page_missing,profile_candidate,plant-profile-002520,ヤマヤナギ,Salix sieboldiana,ヤナギ科,SALICACEAE,24,47,日本の野生植物 第2巻,24,Cached OCR page should exist,The profile points to a page that is not present in the OCR cache.,
72,ocr_page_missing,profile_candidate,plant-profile-003727,ヤマルリソウ,Nihon japonicum,ムラサキ科,BORAGINACEAE,178,,日本の野生植物 第2巻,178,Cached OCR page should exist,The profile points to a page that is not present in the OCR cache.,
72,ocr_page_missing,profile_candidate,plant-profile-003815,ヤマルリトラノオ,,,,190,379,日本の野生植物 第2巻,190,Cached OCR page should exist,The profile points to a page that is not present in the OCR cache.,
72,ocr_page_missing,profile_candidate,plant-profile-003588,ヤロード,Ochrosia nakaiana,キョウチクトウ科,APOCYNACEAE,161,,日本の野生植物 第2巻,161,Cached OCR page should exist,The profile points to a page that is not present in the OCR cache.,
72,ocr_page_missing,profile_candidate,plant-profile-003198,ヤワラケガキ,Diospyros eriantha,カキノキ科,EBENACEAE,117,,日本の野生植物 第2巻,117,Cached OCR page should exist,The profile points to a page that is not present in the OCR cache.,
72,ocr_page_missing,profile_candidate,plant-profile-003445,ヤンバルアリドオシ,Damnacanthus okinawensis,アカネ科,RUBIACEAE,146,,日本の野生植物 第2巻,146,Cached OCR page should exist,The profile points to a page that is not present in the OCR cache.,
72,ocr_page_missing,profile_candidate,plant-profile-002805,ヤンバルゴマ,Helicteres angustifolia,アオイ科,MALVACEAE,61,,日本の野生植物 第2巻,61,Cached OCR page should exist,The profile points to a page that is not present in the OCR cache.,
72,ocr_page_missing,profile_candidate,plant-profile-003944,ヤンバルツルハッカ,Leueas mollissima,シソ科,LAMIACEAE,207,,日本の野生植物 第2巻,207,Cached OCR page should exist,The profile points to a page that is not present in the OCR cache.,
72,ocr_page_missing,profile_candidate,plant-profile-003684,ヤンバルナスビ,Solanum erianthum,ナス科,SOLANACEAE,172,,日本の野生植物 第2巻,172,Cached OCR page should exist,The profile points to a page that is not present in the OCR cache.,
72,ocr_page_missing,profile_candidate,plant-profile-004074,ヤンバルハグロソウ,Dicliptera chinensis,キツネノマゴ科,ACANTHACEAE,224,446,日本の野生植物 第2巻,224,Cached OCR page should exist,The profile points to a page that is not present in the OCR cache.,
72,ocr_page_missing,profile_candidate,plant-profile-003016,ヤンバルハコベ,Drymaria diandra,ナデシコ科,CARYOPHYLLACEAE,93,185,日本の野生植物 第2巻,93,Cached OCR page should exist,The profile points to a page that is not present in the OCR cache.,
72,ocr_page_missing,profile_candidate,plant-profile-002970,ヤンバルミチヤナギ,Polygonum plebeium,タデ科,POLYGONACEAE,88,175,日本の野生植物 第2巻,88,Cached OCR page should exist,The profile points to a page that is not present in the OCR cache.,
72,ocr_page_missing,profile_candidate,plant-profile-003278,ヤンバルミミズバイ,Symplocos stellaris,ハイノキ科,SYMPLOCACEAE,126,250,日本の野生植物 第2巻,126,Cached OCR page should exist,The profile points to a page that is not present in the OCR cache.,
72,ocr_page_missing,profile_candidate,plant-profile-004519,ユウガギク,Aster iinumae,キク科,ASTERACEAE,275,,日本の野生植物 第2巻,275,Cached OCR page should exist,The profile points to a page that is not present in the OCR cache.,
72,ocr_page_missing,profile_candidate,plant-profile-003247,ユウバリコザクラ,Primula yuparensis,サクラソウ科,PRIMULACEAE,122,,日本の野生植物 第2巻,122,Cached OCR page should exist,The profile points to a page that is not present in the OCR cache.,
72,ocr_page_missing,profile_candidate,plant-profile-003785,ユウバリソウ,Lagotis takedana,オオバコ科,PLANTAGINACEAE,186,,日本の野生植物 第2巻,186,Cached OCR page should exist,The profile points to a page that is not present in the OCR cache.,
72,ocr_page_missing,profile_candidate,plant-profile-004430,ユウバリタンポポ,Taraxacum yuparense,キク科,ASTERACEAE,265,528,日本の野生植物 第2巻,265,Cached OCR page should exist,The profile points to a page that is not present in the OCR cache.,
72,ocr_page_missing,profile_candidate,plant-profile-004331,ユウバリトウヒレン,Saussurea yubarimoutana,キク科,ASTERACEAE,256,,日本の野生植物 第2巻,256,Cached OCR page should exist,The profile points to a page that is not present in the OCR cache.,
72,ocr_page_missing,profile_candidate,plant-profile-003526,ユウバリリンドウ,Gentianella amarella,リンドウ科,GENTIANACEAE,155,309,日本の野生植物 第2巻,155,Cached OCR page should exist,The profile points to a page that is not present in the OCR cache.,
72,ocr_page_missing,profile_candidate,plant-profile-003390,ユキグニミツバツツジ,Rhododendron lagopus,ツツジ科,ERICACEAE,138,,日本の野生植物 第2巻,138,Cached OCR page should exist,The profile points to a page that is not present in the OCR cache.,
72,ocr_page_missing,profile_candidate,plant-profile-003256,ユキツバキ,Camellia rusticana,ツバキ科,THEACEAE,124,246,日本の野生植物 第2巻,124,Cached OCR page should exist,The profile points to a page that is not present in the OCR cache.,
72,ocr_page_missing,profile_candidate,plant-profile-004332,ユキバヒゴタイ,Saussurea chionophylla,キク科,ASTERACEAE,256,,日本の野生植物 第2巻,256,Cached OCR page should exist,The profile points to a page that is not present in the OCR cache.,
72,ocr_page_missing,profile_candidate,plant-profile-004085,ユキミバナ,Strobilanthes wakasana,キツネノマゴ科,ACANTHACEAE,225,,日本の野生植物 第2巻,225,Cached OCR page should exist,The profile points to a page that is not present in the OCR cache.,
72,ocr_page_missing,profile_candidate,plant-profile-004590,ユキヨモギ,Artemisia momiyamae,キク科,ASTERACEAE,281,,日本の野生植物 第2巻,281,Cached OCR page should exist,The profile points to a page that is not present in the OCR cache.,
72,ocr_page_missing,profile_candidate,plant-profile-003248,ユキワリソウ,Primula modesta,サクラソウ科,PRIMULACEAE,122,,日本の野生植物 第2巻,122,Cached OCR page should exist,The profile points to a page that is not present in the OCR cache.,
72,ocr_page_missing,profile_candidate,plant-profile-004389,ユズリハワダン,Crepidiastrum ameristophyllum,キク科,ASTERACEAE,260,,日本の野生植物 第2巻,260,Cached OCR page should exist,The profile points to a page that is not present in the OCR cache.,
72,ocr_page_missing,profile_candidate,plant-profile-002528,ユビソヤナギ,Salix hukaoana,ヤナギ科,SALICACEAE,24,,日本の野生植物 第2巻,24,Cached OCR page should exist,The profile points to a page that is not present in the OCR cache.,
72,ocr_page_missing,profile_candidate,plant-profile-002885,ユリワサビ,Eutrema tenue,アブラナ科,BRASSICACEAE,75,,日本の野生植物 第2巻,75,Cached OCR page should exist,The profile points to a page that is not present in the OCR cache.,
72,ocr_page_missing,profile_candidate,plant-profile-003651,ヨウシュチョウセンアサガオ,Datura stramonium,ナス科,SOLANACEAE,169,337,日本の野生植物 第2巻,169,Cached OCR page should exist,The profile points to a page that is not present in the OCR cache.,
72,ocr_page_missing,profile_candidate,plant-profile-003112,ヨウシュヤマゴボウ,Phytolaeca americana,ヤマゴボウ科,PHYTOLACCACEAE,105,208,日本の野生植物 第2巻,105,Cached OCR page should exist,The profile points to a page that is not present in the OCR cache.,
72,ocr_page_missing,profile_candidate,plant-profile-003353,ヨウラクツツジ,Rhododendron kroniae,ツツジ科,ERICACEAE,136,,日本の野生植物 第2巻,136,Cached OCR page should exist,The profile points to a page that is not present in the OCR cache.,
72,ocr_page_missing,profile_candidate,plant-profile-003538,ヨコヤマリンドウ,Gentiana glauca,アカネ科,RUBIACEAE,155,,日本の野生植物 第2巻,155,Cached OCR page should exist,The profile points to a page that is not present in the OCR cache.,
72,ocr_page_missing,profile_candidate,plant-profile-004265,ヨシノアザミ,Cirsium yoshinoi,キク科,ASTERACEAE,251,501,日本の野生植物 第2巻,251,Cached OCR page should exist,The profile points to a page that is not present in the OCR cache.,
72,ocr_page_missing,profile_candidate,plant-profile-002515,ヨシノヤナギ,Salix yoshinoi,ヤナギ科,SALICACEAE,23,,日本の野生植物 第2巻,23,Cached OCR page should exist,The profile points to a page that is not present in the OCR cache.,
72,ocr_page_missing,profile_candidate,plant-profile-004049,ヨツバシオガマ,Pedicnlaris japonica,ハマウツボ科,OROBANCHACEAE,220,,日本の野生植物 第2巻,220,Cached OCR page should exist,The profile points to a page that is not present in the OCR cache.,
72,ocr_page_missing,profile_candidate,plant-profile-004702,ヨツバヒヨドリ,Eupatorium glehnii,キク科,ASTERACEAE,295,588,日本の野生植物 第2巻,295,Cached OCR page should exist,The profile points to a page that is not present in the OCR cache.,
72,ocr_page_missing,profile_candidate,plant-profile-003460,ヨツバムグラ,Galium trachyspermum,アカネ科,RUBIACEAE,147,,日本の野生植物 第2巻,147,Cached OCR page should exist,The profile points to a page that is not present in the OCR cache.,
72,ocr_page_missing,profile_candidate,plant-profile-003602,ヨナクニカモメヅル,Vincetoxieum yonakuniense,キョウチクトウ科,APOCYNACEAE,163,325,日本の野生植物 第2巻,163,Cached OCR page should exist,The profile points to a page that is not present in the OCR cache.,
72,ocr_page_missing,profile_candidate,plant-profile-004478,ヨブスマソウ,Parasenecio robustus,キク科,ASTERACEAE,272,543,日本の野生植物 第2巻,272,Cached OCR page should exist,The profile points to a page that is not present in the OCR cache.,
72,ocr_page_missing,profile_candidate,plant-profile-004520,ヨメナ,Aster yomena,キク科,ASTERACEAE,275,,日本の野生植物 第2巻,275,Cached OCR page should exist,The profile points to a page that is not present in the OCR cache.,
72,ocr_page_missing,profile_candidate,plant-profile-004576,ヨモギ,Artemisia indica var. maximowiczii,キク科,ASTERACEAE,281,561,日本の野生植物 第2巻,281,Cached OCR page should exist,The profile points to a page that is not present in the OCR cache.,
72,ocr_page_missing,profile_candidate,plant-profile-003701,ラシャナス,Solanum elaeagnifolium,ナス科,SOLANACEAE,173,,日本の野生植物 第2巻,173,Cached OCR page should exist,The profile points to a page that is not present in the OCR cache.,
72,ocr_page_missing,profile_candidate,plant-profile-003970,ラショウモンカズラ,Meehania urticifolia,シソ科,LAMIACEAE,210,,日本の野生植物 第2巻,210,Cached OCR page should exist,The profile points to a page that is not present in the OCR cache.,
72,ocr_page_missing,profile_candidate,plant-profile-002825,ラセンソウ,Triufetta japonica,アオイ科,MALVACEAE,64,,日本の野生植物 第2巻,64,Cached OCR page should exist,The profile points to a page that is not present in the OCR cache.,
72,ocr_page_missing,profile_candidate,plant-profile-004302,リシリアザミ,Cirsium umezawanum,キク科,ASTERACEAE,253,504,日本の野生植物 第2巻,253,Cached OCR page should exist,The profile points to a page that is not present in the OCR cache.,
72,ocr_page_missing,profile_candidate,plant-profile-003523,リシリリンドウ,Gentiana jamesii,リンドウ科,GENTIANACEAE,155,308,日本の野生植物 第2巻,155,Cached OCR page should exist,The profile points to a page that is not present in the OCR cache.,
72,ocr_page_missing,profile_candidate,plant-profile-004086,リュウキュウアイ,Strobilanthes cusia,キツネノマゴ科,ACANTHACEAE,225,,日本の野生植物 第2巻,225,Cached OCR page should exist,The profile points to a page that is not present in the OCR cache.,
72,ocr_page_missing,profile_candidate,plant-profile-003446,リュウキュウアリドオシ,Damnaeanthus billorus,アカネ科,RUBIACEAE,146,,日本の野生植物 第2巻,146,Cached OCR page should exist,The profile points to a page that is not present in the OCR cache.,
72,ocr_page_missing,profile_candidate,plant-profile-003503,リュウキュウイナモリ,Ophiorrhiza kuroiwae,アカネ科,RUBIACEAE,151,,日本の野生植物 第2巻,151,Cached OCR page should exist,The profile points to a page that is not present in the OCR cache.,
72,ocr_page_missing,profile_candidate,plant-profile-004076,リュウキュウウロコマリ,Lepidagathis inaequalis,キツネノマゴ科,ACANTHACEAE,224,447,日本の野生植物 第2巻,224,Cached OCR page should exist,The profile points to a page that is not present in the OCR cache.,
72,ocr_page_missing,profile_candidate,plant-profile-003194,リュウキュウガキ,Diospyros maritima,カキノキ科,EBENACEAE,117,233,日本の野生植物 第2巻,117,Cached OCR page should exist,The profile points to a page that is not present in the OCR cache.,
72,ocr_page_missing,profile_candidate,plant-profile-003571,リュウキュウガシワ,Cynanchum liukiuense,キョウチクトウ科,APOCYNACEAE,160,318,日本の野生植物 第2巻,160,Cached OCR page should exist,The profile points to a page that is not present in the OCR cache.,
72,ocr_page_missing,profile_candidate,plant-profile-003201,リュウキュウコザクラ,Androsace umbellata,サクラソウ科,PRIMULACEAE,118,,日本の野生植物 第2巻,118,Cached OCR page should exist,The profile points to a page that is not present in the OCR cache.,
72,ocr_page_missing,profile_candidate,plant-profile-003162,リュウキュウコンテリギ,Hortensia liukiuensis,アジサイ科,HYDRANGEACEAE,112,222,日本の野生植物 第2巻,112,Cached OCR page should exist,The profile points to a page that is not present in the OCR cache.,
72,ocr_page_missing,profile_candidate,plant-profile-003832,リュウキュウスズカケ,Veronieastrum liukiuense,オオバコ科,PLANTAGINACEAE,191,,日本の野生植物 第2巻,191,Cached OCR page should exist,The profile points to a page that is not present in the OCR cache.,
72,ocr_page_missing,profile_candidate,plant-profile-004716,リュウキュウタラノキ,Aralia ryukyuensis,ウコギ科,ARALIACEAE,296,,日本の野生植物 第2巻,296,Cached OCR page should exist,The profile points to a page that is not present in the OCR cache.,
72,ocr_page_missing,profile_candidate,plant-profile-003706,リュウキュウチシャノキ,Ehretia philippinensis,ムラサキ科,BORAGINACEAE,175,348,日本の野生植物 第2巻,175,Cached OCR page should exist,The profile points to a page that is not present in the OCR cache.,
72,ocr_page_missing,profile_candidate,plant-profile-002906,リュウキュウツチトリモチ,Balanophora fungosa,ツチトリモチ科,BALANOPHORACEAE,79,156,日本の野生植物 第2巻,79,Cached OCR page should exist,The profile points to a page that is not present in the OCR cache.,
72,ocr_page_missing,profile_candidate,plant-profile-003182,リュウキュウナガエサカキ,Adinandra ryukyuensis,サカキ科,PENTAPHYLACACEAE,115,,日本の野生植物 第2巻,115,Cached OCR page should exist,The profile points to a page that is not present in the OCR cache.,
72,ocr_page_missing,profile_candidate,plant-profile-003268,リュウキュウハイノキ,Symplocos okinawensis,ハイノキ科,SYMPLOCACEAE,125,,日本の野生植物 第2巻,125,Cached OCR page should exist,The profile points to a page that is not present in the OCR cache.,
72,ocr_page_missing,profile_candidate,plant-profile-003561,リュウキュウホウライカズラ,Gardneria liukiuensis,マチン科,LOGANIACEAE,158,,日本の野生植物 第2巻,158,Cached OCR page should exist,The profile points to a page that is not present in the OCR cache.,
72,ocr_page_missing,profile_candidate,plant-profile-003199,リュウキュウマメガキ,Diospyros japonica,カキノキ科,EBENACEAE,117,,日本の野生植物 第2巻,117,Cached OCR page should exist,The profile points to a page that is not present in the OCR cache.,
72,ocr_page_missing,profile_candidate,plant-profile-003758,リュウキュウモクセイ,Osmanthus marginatus,モクセイ科,OLEACEAE,182,362,日本の野生植物 第2巻,182,Cached OCR page should exist,The profile points to a page that is not present in the OCR cache.,
72,ocr_page_missing,profile_candidate,plant-profile-004120,リュウキュウモチ,Ilex liukiuensis,モチノキ科,AQUIFOLIACEAE,229,,日本の野生植物 第2巻,229,Cached OCR page should exist,The profile points to a page that is not present in the OCR cache.,
72,ocr_page_missing,profile_candidate,plant-profile-003685,リュウキュウヤナギ,Solanum glaucoplyllam,ナス科,SOLANACEAE,172,,日本の野生植物 第2巻,172,Cached OCR page should exist,The profile points to a page that is not present in the OCR cache.,
72,ocr_page_missing,profile_candidate,plant-profile-003475,リュウキュウルリミノキ,Lasianthus fordii Hance var. fordii,アカネ科,RUBIACEAE,149,297,日本の野生植物 第2巻,149,Cached OCR page should exist,The profile points to a page that is not present in the OCR cache.,
72,ocr_page_missing,profile_candidate,plant-profile-004610,リュウノウギク,Chrysanthemum makinoi,キク科,ASTERACEAE,283,,日本の野生植物 第2巻,283,Cached OCR page should exist,The profile points to a page that is not present in the OCR cache.,
72,ocr_page_missing,profile_candidate,plant-profile-004303,リョウウアザミ,Cirsium domonii,キク科,ASTERACEAE,253,504,日本の野生植物 第2巻,253,Cached OCR page should exist,The profile points to a page that is not present in the OCR cache.,
72,ocr_page_missing,profile_candidate,plant-profile-004207,リョウノウアザミ,Cirsium grandirosuliferum,キク科,ASTERACEAE,248,,日本の野生植物 第2巻,248,Cached OCR page should exist,The profile points to a page that is not present in the OCR cache.,
72,ocr_page_missing,profile_candidate,plant-profile-003300,リョウブ,Clethra barbinervis,リョウブ科,CLETHRACEAE,129,,日本の野生植物 第2巻,129,Cached OCR page should exist,The profile points to a page that is not present in the OCR cache.,
72,ocr_page_missing,profile_candidate,plant-profile-003527,リンドウ,Gentiana scabra,リンドウ科,GENTIANACEAE,155,309,日本の野生植物 第2巻,155,Cached OCR page should exist,The profile points to a page that is not present in the OCR cache.,
72,ocr_page_missing,profile_candidate,plant-profile-003887,リンドレイクサギ,Clerodendrum lindleyi,シソ科,LAMIACEAE,200,399,日本の野生植物 第2巻,200,Cached OCR page should exist,The profile points to a page that is not present in the OCR cache.,
72,ocr_page_missing,profile_candidate,plant-profile-004838,リンネソウ,Lianaea borealis,スイカズラ科,CAPRIFOLIACEAE,312,622,日本の野生植物 第2巻,312,Cached OCR page should exist,The profile points to a page that is not present in the OCR cache.,
72,ocr_page_missing,profile_candidate,plant-profile-003869,ルソンハマクサギ,Premna nauseosa,シソ科,LAMIACEAE,198,395,日本の野生植物 第2巻,198,Cached OCR page should exist,The profile points to a page that is not present in the OCR cache.,
72,ocr_page_missing,profile_candidate,plant-profile-003676,ルリイロツルナス,Solanum seaforthianum,ナス科,SOLANACEAE,172,343,日本の野生植物 第2巻,172,Cached OCR page should exist,The profile points to a page that is not present in the OCR cache.,
72,ocr_page_missing,profile_candidate,plant-profile-003723,ルリソウ,Nihon krameri,ムラサキ科,BORAGINACEAE,178,355,日本の野生植物 第2巻,178,Cached OCR page should exist,The profile points to a page that is not present in the OCR cache.,
72,ocr_page_missing,profile_candidate,plant-profile-003816,ルリトラノオ,Veronica subsessilis,オオバコ科,PLANTAGINACEAE,190,379,日本の野生植物 第2巻,190,Cached OCR page should exist,The profile points to a page that is not present in the OCR cache.,
72,ocr_page_missing,profile_candidate,plant-profile-003202,ルリハコベ,Anagallis arvensis,サクラソウ科,PRIMULACEAE,118,,日本の野生植物 第2巻,118,Cached OCR page should exist,The profile points to a page that is not present in the OCR cache.,
72,ocr_page_missing,profile_candidate,plant-profile-003895,ルリハッカ,Amethystea eaerulea,シソ科,LAMIACEAE,200,,日本の野生植物 第2巻,200,Cached OCR page should exist,The profile points to a page that is not present in the OCR cache.,
72,ocr_page_missing,profile_candidate,plant-profile-003482,ルリミノキ,Lasianthus japonieus,アカネ科,RUBIACEAE,149,,日本の野生植物 第2巻,149,Cached OCR page should exist,The profile points to a page that is not present in the OCR cache.,
72,ocr_page_missing,profile_candidate,plant-profile-004778,レブンサイコ,Bupleurum triradiatum,セリ科,APIACEAE,303,,日本の野生植物 第2巻,303,Cached OCR page should exist,The profile points to a page that is not present in the OCR cache.,
72,ocr_page_missing,profile_candidate,plant-profile-003953,レモンエゴマ,Perilla citriodora,シソ科,LAMIACEAE,208,,日本の野生植物 第2巻,208,Cached OCR page should exist,The profile points to a page that is not present in the OCR cache.,
72,ocr_page_missing,profile_candidate,plant-profile-002500,レンゲイワヤナギ,Salix nakamurana,ヤナギ科,SALICACEAE,23,44,日本の野生植物 第2巻,23,Cached OCR page should exist,The profile points to a page that is not present in the OCR cache.,
72,ocr_page_missing,profile_candidate,plant-profile-003336,レンゲツツジ,Rhododendron molle,ツツジ科,ERICACEAE,136,270,日本の野生植物 第2巻,136,Cached OCR page should exist,The profile points to a page that is not present in the OCR cache.,
72,ocr_page_missing,profile_candidate,plant-profile-004817,レンプクソウ,Adoxa moschatellina,ガマズミ科,VIBURNACEAE,308,,日本の野生植物 第2巻,308,Cached OCR page should exist,The profile points to a page that is not present in the OCR cache.,
72,ocr_page_missing,profile_candidate,plant-profile-003593,ロクオンソウ,Vincetoxicum amplexicaule,キョウチクトウ科,APOCYNACEAE,162,,日本の野生植物 第2巻,162,Cached OCR page should exist,The profile points to a page that is not present in the OCR cache.,
72,ocr_page_missing,profile_candidate,plant-profile-004333,ワカサトウヒレン,Saussurea wakasugiana,キク科,ASTERACEAE,256,,日本の野生植物 第2巻,256,Cached OCR page should exist,The profile points to a page that is not present in the OCR cache.,
72,ocr_page_missing,profile_candidate,plant-profile-004611,ワカサハマギク,Chrysanthemum wakasaense,キク科,ASTERACEAE,283,,日本の野生植物 第2巻,283,Cached OCR page should exist,The profile points to a page that is not present in the OCR cache.,
72,ocr_page_missing,profile_candidate,plant-profile-002886,ワサビ,Eutrema japonicum,アブラナ科,BRASSICACEAE,75,,日本の野生植物 第2巻,75,Cached OCR page should exist,The profile points to a page that is not present in the OCR cache.,
72,ocr_page_missing,profile_candidate,plant-profile-004212,ワタムキアザミ,Cirsium tashiroi,キク科,ASTERACEAE,249,496,日本の野生植物 第2巻,249,Cached OCR page should exist,The profile points to a page that is not present in the OCR cache.,
72,ocr_page_missing,profile_candidate,plant-profile-004591,ワタヨモギ,Artemisia gilvescens,キク科,ASTERACEAE,281,,日本の野生植物 第2巻,281,Cached OCR page should exist,The profile points to a page that is not present in the OCR cache.,
72,ocr_page_missing,profile_candidate,plant-profile-003177,ワタラセツリフネソウ,Impatiens ohwadae,ツリフネソウ科,BALSAMINACEAE,114,,日本の野生植物 第2巻,114,Cached OCR page should exist,The profile points to a page that is not present in the OCR cache.,
72,ocr_page_missing,profile_candidate,plant-profile-003028,ワダソウ,Pseudostellaria heteroplylla,ナデシコ科,CARYOPHYLLACEAE,94,,日本の野生植物 第2巻,94,Cached OCR page should exist,The profile points to a page that is not present in the OCR cache.,
72,ocr_page_missing,profile_candidate,plant-profile-003432,ワダツミノキ,Nothapodytes amamiana,クロタキカズラ科,ICACINACEAE,143,,日本の野生植物 第2巻,143,Cached OCR page should exist,The profile points to a page that is not present in the OCR cache.,
72,ocr_page_missing,profile_candidate,plant-profile-004390,ワダン,Crepidiastrum platyplyllum,キク科,ASTERACEAE,260,,日本の野生植物 第2巻,260,Cached OCR page should exist,The profile points to a page that is not present in the OCR cache.,
72,ocr_page_missing,profile_candidate,plant-profile-004446,ワダンノキ,Dendrocacalia crepidifolia,キク科,ASTERACEAE,268,535,日本の野生植物 第2巻,268,Cached OCR page should exist,The profile points to a page that is not present in the OCR cache.,
72,ocr_page_missing,profile_candidate,plant-profile-003023,ワチガイソウ,Pseudostellaria heterantha,ナデシコ科,CARYOPHYLLACEAE,94,187,日本の野生植物 第2巻,94,Cached OCR page should exist,The profile points to a page that is not present in the OCR cache.,
72,ocr_page_missing,profile_candidate,plant-profile-003693,ワルナスビ,Solanum earolinense,ナス科,SOLANACEAE,173,344,日本の野生植物 第2巻,173,Cached OCR page should exist,The profile points to a page that is not present in the OCR cache.,
64,ylist_scientific_name_conflict,profile_candidate,plant-profile-001478,アオツヅラフジ,Cocculus orbieulatus,ツヅラフジ科,MENISPERMACEAE,179,356,日本の野生植物 第1巻,Cocculus orbieulatus,Cocculus trilobus,"The scientific name differs from YList; this may be a synonym, taxonomy difference, or OCR issue.",ylist_canonical=アオツヅラフジ; similarity=0.70
64,ylist_scientific_name_conflict,profile_candidate,plant-profile-003508,アカネ,Rubia argyi,アカネ科,RUBIACEAE,152,,日本の野生植物 第2巻,Rubia argyi,Rubia akane,"The scientific name differs from YList; this may be a synonym, taxonomy difference, or OCR issue.",ylist_canonical=アカネ; similarity=0.64
64,ylist_scientific_name_conflict,profile_candidate,plant-profile-002047,アコウ,Fieus subpisoearpa,クワ科,MORACEAE,254,506,日本の野生植物 第1巻,Fieus subpisoearpa,Ficus superba var. japonica,"The scientific name differs from YList; this may be a synonym, taxonomy difference, or OCR issue.",ylist_canonical=アコウ; similarity=0.58
64,ylist_scientific_name_conflict,profile_candidate,plant-profile-001361,アゼガヤ,Leptochloa chinensis,イネ科,POACEAE,161,,日本の野生植物 第1巻,Leptochloa chinensis,Dinebra chinensis,"The scientific name differs from YList; this may be a synonym, taxonomy difference, or OCR issue.",ylist_canonical=アゼガヤ; similarity=0.65
64,ylist_scientific_name_conflict,profile_candidate,plant-profile-000426,アマナ,Tulipa edulis,ユリ科,LILIACEAE,68,,日本の野生植物 第1巻,Tulipa edulis,Amana edulis,"The scientific name differs from YList; this may be a synonym, taxonomy difference, or OCR issue.",ylist_canonical=アマナ; similarity=0.64
64,ylist_scientific_name_conflict,profile_candidate,plant-profile-003324,イソツツジ,Rhododendron diversipilosum,ツツジ科,ERICACEAE,135,,日本の野生植物 第2巻,Rhododendron diversipilosum,Ledum palustre subsp. diversipilosum var. nipponicum,"The scientific name differs from YList; this may be a synonym, taxonomy difference, or OCR issue.",ylist_canonical=イソツツジ; similarity=0.15
64,ylist_scientific_name_conflict,profile_candidate,plant-profile-002281,イブキシモツケ,Spiraea nervosa,バラ科,ROSACEAE,279,556,日本の野生植物 第1巻,Spiraea nervosa,Spiraea dasyantha,"The scientific name differs from YList; this may be a synonym, taxonomy difference, or OCR issue.",ylist_canonical=イブキシモツケ; similarity=0.62
64,ylist_scientific_name_conflict,profile_candidate,plant-profile-004788,イブキボウフウ,Libanotis coreana var. coreana,セリ科,APIACEAE,305,608,日本の野生植物 第2巻,Libanotis coreana var. coreana,Libanotis ugoensis var. japonica,"The scientific name differs from YList; this may be a synonym, taxonomy difference, or OCR issue.",ylist_canonical=イブキボウフウ; similarity=0.74
64,ylist_scientific_name_conflict,profile_candidate,plant-profile-003170,イワガラミ,Schizophragma hydrangeoides,アジサイ科,HYDRANGEACEAE,113,225,日本の野生植物 第2巻,Schizophragma hydrangeoides,Hydrangea hydrangeoides,"The scientific name differs from YList; this may be a synonym, taxonomy difference, or OCR issue.",ylist_canonical=イワガラミ; similarity=0.76
64,ylist_scientific_name_conflict,profile_candidate,plant-profile-000163,ウラシマソウ,Arisaema thunbergii,サトイモ科,ARACEAE,42,82,日本の野生植物 第1巻,Arisaema thunbergii,Arisaema urashima,"The scientific name differs from YList; this may be a synonym, taxonomy difference, or OCR issue.",ylist_canonical=ウラシマソウ; similarity=0.61
64,ylist_scientific_name_conflict,profile_candidate,plant-profile-002482,オオシマコバンノキ,Phyllanthus vitis-idaea,コミカンソウ科,PHYLLANTHACEAE,305,,日本の野生植物 第1巻,Phyllanthus vitis-idaea,Breynia officinalis,"The scientific name differs from YList; this may be a synonym, taxonomy difference, or OCR issue.",ylist_canonical=オオシマコバンノキ; similarity=0.22
64,ylist_scientific_name_conflict,profile_candidate,plant-profile-003424,オオバコケモモ,Vaccinium emarginatum,ツツジ科,ERICACEAE,142,,日本の野生植物 第2巻,Vaccinium emarginatum,Vaccinium vitis-idaea,"The scientific name differs from YList; this may be a synonym, taxonomy difference, or OCR issue.",ylist_canonical=コケモモ; similarity=0.67
64,ylist_scientific_name_conflict,profile_candidate,plant-profile-002862,オオバタネツケバナ,Cardamine regeliana,アブラナ科,BRASSICACEAE,73,,日本の野生植物 第2巻,Cardamine regeliana,Cardamine scutata,"The scientific name differs from YList; this may be a synonym, taxonomy difference, or OCR issue.",ylist_canonical=オオバタネツケバナ; similarity=0.67
64,ylist_scientific_name_conflict,profile_candidate,plant-profile-000644,オガサワラハマユウ,Crinum gigas,ヒガンバナ科,AMARYLLIDACEAE,94,187,日本の野生植物 第1巻,Crinum gigas,Crinum asiaticum var. sinicum,"The scientific name differs from YList; this may be a synonym, taxonomy difference, or OCR issue.",ylist_canonical=タイワンハマオモト; similarity=0.64
64,ylist_scientific_name_conflict,profile_candidate,plant-profile-003577,オキナワテイカカズラ,Trachelospermum gracilipes Hook. f. var. liukiuense (Hatus.) Kitam.,キョウチクトウ科,APOCYNACEAE,161,321,日本の野生植物 第2巻,Trachelospermum gracilipes Hook. f. var. liukiuense (Hatus.) Kitam.,Trachelospermum asiaticum var. liukiuense,"The scientific name differs from YList; this may be a synonym, taxonomy difference, or OCR issue.",ylist_canonical=オキナワテイカカズラ; similarity=0.71
64,ylist_scientific_name_conflict,profile_candidate,plant-profile-004078,オギノツメ,Eygrophila ringens,キツネノマゴ科,ACANTHACEAE,224,,日本の野生植物 第2巻,Eygrophila ringens,Hygrophila lancea,"The scientific name differs from YList; this may be a synonym, taxonomy difference, or OCR issue.",ylist_canonical=オギノツメ; similarity=0.69
64,ylist_scientific_name_conflict,profile_candidate,plant-profile-002480,カキバカンコノキ,Phyllanthus nitidus,コミカンソウ科,PHYLLANTHACEAE,305,608,日本の野生植物 第1巻,Phyllanthus nitidus,Glochidion zeylanicum var. zeylanicum,"The scientific name differs from YList; this may be a synonym, taxonomy difference, or OCR issue.",ylist_canonical=カキバカンコノキ; similarity=0.30
64,ylist_scientific_name_conflict,profile_candidate,plant-profile-000375,カラスキバサンキライ,Heterosmilax japoniea,サルトリイバラ科,SMILACACEAE,64,126,日本の野生植物 第1巻,Heterosmilax japoniea,Smilax insularis,"The scientific name differs from YList; this may be a synonym, taxonomy difference, or OCR issue.",ylist_canonical=カラスキバサンキライ; similarity=0.49
64,ylist_scientific_name_conflict,profile_candidate,plant-profile-004803,カワラボウフウ,Peucedanum terebinthaceum,セリ科,APIACEAE,306,,日本の野生植物 第2巻,Peucedanum terebinthaceum,Kitagawia terebinthacea,"The scientific name differs from YList; this may be a synonym, taxonomy difference, or OCR issue.",ylist_canonical=カワラボウフウ; similarity=0.58
64,ylist_scientific_name_conflict,profile_candidate,plant-profile-002484,カンコノキ,Phyllanthus sieboldianus,コミカンソウ科,PHYLLANTHACEAE,305,,日本の野生植物 第1巻,Phyllanthus sieboldianus,Glochidion obovatum,"The scientific name differs from YList; this may be a synonym, taxonomy difference, or OCR issue.",ylist_canonical=カンコノキ; similarity=0.33
64,ylist_scientific_name_conflict,profile_candidate,plant-profile-003154,ガクアジサイ,Hortensia macrophylla,アジサイ科,HYDRANGEACEAE,111,221,日本の野生植物 第2巻,Hortensia macrophylla,Hydrangea macrophylla f. normalis,"The scientific name differs from YList; this may be a synonym, taxonomy difference, or OCR issue.",ylist_canonical=ガクアジサイ; similarity=0.76
64,ylist_scientific_name_conflict,profile_candidate,plant-profile-003158,ガクウツギ,Hortensia scandens,アジサイ科,HYDRANGEACEAE,112,222,日本の野生植物 第2巻,Hortensia scandens,Hydrangea scandens,"The scientific name differs from YList; this may be a synonym, taxonomy difference, or OCR issue.",ylist_canonical=ガクウツギ; similarity=0.72
64,ylist_scientific_name_conflict,profile_candidate,plant-profile-004667,キダチハマグルマ,Melanthera biflora,キク科,ASTERACEAE,291,580,日本の野生植物 第2巻,Melanthera biflora,Wollastonia biflora,"The scientific name differs from YList; this may be a synonym, taxonomy difference, or OCR issue.",ylist_canonical=キダチハマグルマ; similarity=0.65
64,ylist_scientific_name_conflict,profile_candidate,plant-profile-002485,キールンカンコノキ,Phyllanthus keelungensis,コミカンソウ科,PHYLLANTHACEAE,305,,日本の野生植物 第1巻,Phyllanthus keelungensis,Glochidion zeylanicum var. lanceolatum,"The scientific name differs from YList; this may be a synonym, taxonomy difference, or OCR issue.",ylist_canonical=キールンカンコノキ; similarity=0.27
64,ylist_scientific_name_conflict,profile_candidate,plant-profile-003827,クガイソウ,Veronicastrum sibiricum f. glabratum,オオバコ科,PLANTAGINACEAE,191,381,日本の野生植物 第2巻,Veronicastrum sibiricum f. glabratum,Veronicastrum japonicum,"The scientific name differs from YList; this may be a synonym, taxonomy difference, or OCR issue.",ylist_canonical=クガイソウ; similarity=0.78
64,ylist_scientific_name_conflict,profile_candidate,plant-profile-001966,クサフジ,Vicia eraeea,マメ科,FABACEAE,242,482,日本の野生植物 第1巻,Vicia eraeea,Vicia cracca,"The scientific name differs from YList; this may be a synonym, taxonomy difference, or OCR issue.",ylist_canonical=クサフジ; similarity=0.75
64,ylist_scientific_name_conflict,profile_candidate,plant-profile-002399,クロヅル,Tripterygium wilfordii,ニシキギ科,CELASTRACEAE,294,586,日本の野生植物 第1巻,Tripterygium wilfordii,Tripterygium regelii,"The scientific name differs from YList; this may be a synonym, taxonomy difference, or OCR issue.",ylist_canonical=クロヅル; similarity=0.76
64,ylist_scientific_name_conflict,profile_candidate,plant-profile-003735,ケアオダモ,Fraxinus lanuginosa f. lanuginosa,モクセイ科,OLEACEAE,180,359,日本の野生植物 第2巻,Fraxinus lanuginosa f. lanuginosa,Fraxinus sieboldiana,"The scientific name differs from YList; this may be a synonym, taxonomy difference, or OCR issue.",ylist_canonical=ケアオダモ; similarity=0.67
64,ylist_scientific_name_conflict,profile_candidate,plant-profile-002360,ケカラスウリ,Trichosanthes ovigera var. ovigera,ウリ科,CUCURBITACEAE,290,578,日本の野生植物 第1巻,Trichosanthes ovigera var. ovigera,Trichosanthes pilosa,"The scientific name differs from YList; this may be a synonym, taxonomy difference, or OCR issue.",ylist_canonical=ケカラスウリ; similarity=0.78
64,ylist_scientific_name_conflict,profile_candidate,plant-profile-003159,コアジサイ,Hortensia hirta,アジサイ科,HYDRANGEACEAE,112,222,日本の野生植物 第2巻,Hortensia hirta,Hydrangea hirta,"The scientific name differs from YList; this may be a synonym, taxonomy difference, or OCR issue.",ylist_canonical=コアジサイ; similarity=0.67
64,ylist_scientific_name_conflict,profile_candidate,plant-profile-003166,コガクウツギ,Hortensia luteovenosa,アジサイ科,HYDRANGEACEAE,112,,日本の野生植物 第2巻,Hortensia luteovenosa,Hydrangea luteovenosa,"The scientific name differs from YList; this may be a synonym, taxonomy difference, or OCR issue.",ylist_canonical=コガクウツギ; similarity=0.76
64,ylist_scientific_name_conflict,profile_candidate,plant-profile-001897,コマツナギ,Indigofera bungeana,マメ科,FABACEAE,232,463,日本の野生植物 第1巻,Indigofera bungeana,Indigofera pseudotinctoria,"The scientific name differs from YList; this may be a synonym, taxonomy difference, or OCR issue.",ylist_canonical=コマツナギ; similarity=0.62
64,ylist_scientific_name_conflict,profile_candidate,plant-profile-002721,ゴンズイ,Euseaphis japonica,ミツバウツギ科,STAPHYLEACEAE,49,,日本の野生植物 第2巻,Euseaphis japonica,Staphylea japonica,"The scientific name differs from YList; this may be a synonym, taxonomy difference, or OCR issue.",ylist_canonical=ゴンズイ; similarity=0.72
64,ylist_scientific_name_conflict,profile_candidate,plant-profile-000382,サルマメ,Smias trinervula,サルトリイバラ科,SMILACACEAE,64,,日本の野生植物 第1巻,Smias trinervula,Smilax biflora var. trinervula,"The scientific name differs from YList; this may be a synonym, taxonomy difference, or OCR issue.",ylist_canonical=サルマメ; similarity=0.33
64,ylist_scientific_name_conflict,profile_candidate,plant-profile-003741,シオジ,Fraxinus spaethiana,モクセイ科,OLEACEAE,180,,日本の野生植物 第2巻,Fraxinus spaethiana,Fraxinus platypoda,"The scientific name differs from YList; this may be a synonym, taxonomy difference, or OCR issue.",ylist_canonical=シオジ; similarity=0.70
64,ylist_scientific_name_conflict,profile_candidate,plant-profile-001877,シバハギ,Desmodium heterocarpon,マメ科,FABACEAE,229,456,日本の野生植物 第1巻,Desmodium heterocarpon,Grona heterocarpa,"The scientific name differs from YList; this may be a synonym, taxonomy difference, or OCR issue.",ylist_canonical=シバハギ; similarity=0.62
64,ylist_scientific_name_conflict,profile_candidate,plant-profile-001287,シバムギ,Elytrigia repens,イネ科,POACEAE,153,,日本の野生植物 第1巻,Elytrigia repens,Elymus repens,"The scientific name differs from YList; this may be a synonym, taxonomy difference, or OCR issue.",ylist_canonical=シバムギ; similarity=0.69
64,ylist_scientific_name_conflict,profile_candidate,plant-profile-004536,シロヨメナ,Aster leiophyllus,キク科,ASTERACEAE,276,,日本の野生植物 第2巻,Aster leiophyllus,Aster ageratoides var. ageratoides,"The scientific name differs from YList; this may be a synonym, taxonomy difference, or OCR issue.",ylist_canonical=シロヨメナ; similarity=0.53
64,ylist_scientific_name_conflict,profile_candidate,plant-profile-001833,ジャケツイバラ,Caesalpinia decapetala,マメ科,FABACEAE,223,444,日本の野生植物 第1巻,Caesalpinia decapetala,Biancaea decapetala,"The scientific name differs from YList; this may be a synonym, taxonomy difference, or OCR issue.",ylist_canonical=ジャケツイバラ; similarity=0.73
64,ylist_scientific_name_conflict,profile_candidate,plant-profile-003854,スズメノトウガラシ,Bonnaya antipoda,アゼナ科,LINDERNIACEAE,194,,日本の野生植物 第2巻,Bonnaya antipoda,Vandellia anagallis var. verbenifolia,"The scientific name differs from YList; this may be a synonym, taxonomy difference, or OCR issue.",ylist_canonical=スズメノトウガラシ; similarity=0.34
64,ylist_scientific_name_conflict,profile_candidate,plant-profile-000540,セイタカスズムシソウ,Liparis japonica,ラン科,ORCHIDACEAE,82,163,日本の野生植物 第1巻,Liparis japonica,Liparis makinoana,"The scientific name differs from YList; this may be a synonym, taxonomy difference, or OCR issue.",ylist_canonical=セイタカスズムシソウ; similarity=0.73
64,ylist_scientific_name_conflict,profile_candidate,plant-profile-001854,タイツリオウギ,Astragalus mongholicus,マメ科,FABACEAE,226,451,日本の野生植物 第1巻,Astragalus mongholicus,Astragalus shinanensis,"The scientific name differs from YList; this may be a synonym, taxonomy difference, or OCR issue.",ylist_canonical=タイツリオウギ; similarity=0.64
64,ylist_scientific_name_conflict,profile_candidate,plant-profile-004337,タカネヒゴタイ,Saussurea kaimontana,キク科,ASTERACEAE,257,512,日本の野生植物 第2巻,Saussurea kaimontana,Saussurea triptera,"The scientific name differs from YList; this may be a synonym, taxonomy difference, or OCR issue.",ylist_canonical=ヤハズヒゴタイ; similarity=0.58
64,ylist_scientific_name_conflict,profile_candidate,plant-profile-003169,タマアジサイ,Platyerater involuerata,アジサイ科,HYDRANGEACEAE,113,224,日本の野生植物 第2巻,Platyerater involuerata,Hydrangea involucrata,"The scientific name differs from YList; this may be a synonym, taxonomy difference, or OCR issue.",ylist_canonical=タマアジサイ; similarity=0.68
64,ylist_scientific_name_conflict,profile_candidate,plant-profile-001878,タマツナギ,Desmodium gangeticum,マメ科,FABACEAE,229,456,日本の野生植物 第1巻,Desmodium gangeticum,Pleurolobus gangeticus,"The scientific name differs from YList; this may be a synonym, taxonomy difference, or OCR issue.",ylist_canonical=タマツナギ; similarity=0.57
64,ylist_scientific_name_conflict,profile_candidate,plant-profile-004367,タムラソウ,Serratula coronata,キク科,ASTERACEAE,258,,日本の野生植物 第2巻,Serratula coronata,Serratula insularis,"The scientific name differs from YList; this may be a synonym, taxonomy difference, or OCR issue.",ylist_canonical=タムラソウ; similarity=0.59
64,ylist_scientific_name_conflict,profile_candidate,plant-profile-003136,ツルアジサイ,Calyptranthe petiolaris (Siebold et Zucc.) H. Ohba et S. Akiyama,アジサイ科,HYDRANGEACEAE,109,216,日本の野生植物 第2巻,Calyptranthe petiolaris (Siebold et Zucc.) H. Ohba et S. Akiyama,Hydrangea petiolaris,"The scientific name differs from YList; this may be a synonym, taxonomy difference, or OCR issue.",ylist_canonical=ツルアジサイ; similarity=0.74
64,ylist_scientific_name_conflict,profile_candidate,plant-profile-001982,ナツフジ,Wisteria japoniea,マメ科,FABACEAE,244,486,日本の野生植物 第1巻,Wisteria japoniea,Wisteriopsis japonica,"The scientific name differs from YList; this may be a synonym, taxonomy difference, or OCR issue.",ylist_canonical=ナツフジ; similarity=0.79
64,ylist_scientific_name_conflict,profile_candidate,plant-profile-001835,ナンテンカズラ,Caesalpinia crista,マメ科,FABACEAE,223,444,日本の野生植物 第1巻,Caesalpinia crista,Guilandina crista,"The scientific name differs from YList; this may be a synonym, taxonomy difference, or OCR issue.",ylist_canonical=ナンテンカズラ; similarity=0.63
64,ylist_scientific_name_conflict,profile_candidate,plant-profile-004668,ネコノシタ,Melanthera prostrata,キク科,ASTERACEAE,291,580,日本の野生植物 第2巻,Melanthera prostrata,Wollastonia dentata,"The scientific name differs from YList; this may be a synonym, taxonomy difference, or OCR issue.",ylist_canonical=ネコノシタ; similarity=0.36
64,ylist_scientific_name_conflict,profile_candidate,plant-profile-001275,ノガリヤス,Calamagrostis brachytricha,イネ科,POACEAE,152,,日本の野生植物 第1巻,Calamagrostis brachytricha,Calamagrostis arundinacea subsp. brachytricha,"The scientific name differs from YList; this may be a synonym, taxonomy difference, or OCR issue.",ylist_canonical=ノガリヤス; similarity=0.71
64,ylist_scientific_name_conflict,profile_candidate,plant-profile-004562,ノコギリソウ,Achillea alpina,キク科,ASTERACEAE,279,,日本の野生植物 第2巻,Achillea alpina,Achillea sibirica,"The scientific name differs from YList; this may be a synonym, taxonomy difference, or OCR issue.",ylist_canonical=ノコギリソウ; similarity=0.62
64,ylist_scientific_name_conflict,profile_candidate,plant-profile-003156,ノリウツギ,Heteromalla panieulata,アジサイ科,HYDRANGEACEAE,111,,日本の野生植物 第2巻,Heteromalla panieulata,Hydrangea paniculata,"The scientific name differs from YList; this may be a synonym, taxonomy difference, or OCR issue.",ylist_canonical=ノリウツギ; similarity=0.62
64,ylist_scientific_name_conflict,profile_candidate,plant-profile-001881,ハイマキエハギ,Desmodium triflorum,マメ科,FABACEAE,229,457,日本の野生植物 第1巻,Desmodium triflorum,Grona triflora,"The scientific name differs from YList; this may be a synonym, taxonomy difference, or OCR issue.",ylist_canonical=ハイマキエハギ; similarity=0.55
64,ylist_scientific_name_conflict,profile_candidate,plant-profile-001836,ハスノミカズラ,Caesalpinia major,マメ科,FABACEAE,223,444,日本の野生植物 第1巻,Caesalpinia major,Guilandina major,"The scientific name differs from YList; this may be a synonym, taxonomy difference, or OCR issue.",ylist_canonical=ハスノミカズラ; similarity=0.61
64,ylist_scientific_name_conflict,profile_candidate,plant-profile-003403,ハナヒリノキ,Leucothoe grayana,ツツジ科,ERICACEAE,140,279,日本の野生植物 第2巻,Leucothoe grayana,Eubotryoides grayana var. grayana,"The scientific name differs from YList; this may be a synonym, taxonomy difference, or OCR issue.",ylist_canonical=ハナヒリノキ; similarity=0.76
64,ylist_scientific_name_conflict,profile_candidate,plant-profile-004616,ハマギク,Nipponanthemum nipponicum,キク科,ASTERACEAE,284,,日本の野生植物 第2巻,Nipponanthemum nipponicum,Chrysanthemum nipponicum,"The scientific name differs from YList; this may be a synonym, taxonomy difference, or OCR issue.",ylist_canonical=ハマギク; similarity=0.78
64,ylist_scientific_name_conflict,profile_candidate,plant-profile-000374,バイケイソウ,Veratrum album,シュロソウ科,MELANTHIACEAE,63,,日本の野生植物 第1巻,Veratrum album,Veratrum oxysepalum var. oxysepalum,"The scientific name differs from YList; this may be a synonym, taxonomy difference, or OCR issue.",ylist_canonical=バイケイソウ; similarity=0.79
64,ylist_scientific_name_conflict,profile_candidate,plant-profile-001269,ヒゲノガリヤス,Calamagrostis longiseta,イネ科,POACEAE,152,302,日本の野生植物 第1巻,Calamagrostis longiseta,Deyeuxia longiseta,"The scientific name differs from YList; this may be a synonym, taxonomy difference, or OCR issue.",ylist_canonical=ヒゲノガリヤス; similarity=0.54
64,ylist_scientific_name_conflict,profile_candidate,plant-profile-002670,ヒシ,Trapa jeholensis,ミソハギ科,LYTHRACEAE,42,,日本の野生植物 第2巻,Trapa jeholensis,Trapa japonica,"The scientific name differs from YList; this may be a synonym, taxonomy difference, or OCR issue.",ylist_canonical=ヒシ; similarity=0.67
64,ylist_scientific_name_conflict,profile_candidate,plant-profile-000111,ヒメカンアオイ,Asarum fauriei var. takaoi,ウマノスズクサ科,ARISTOLOCHIACEAE,32,63,日本の野生植物 第1巻,Asarum fauriei var. takaoi,Asarum takaoi,"The scientific name differs from YList; this may be a synonym, taxonomy difference, or OCR issue.",ylist_canonical=ヒメカンアオイ; similarity=0.67
64,ylist_scientific_name_conflict,profile_candidate,plant-profile-002042,ヒメコウゾ,Broussonetia monoica,クワ科,MORACEAE,252,503,日本の野生植物 第1巻,Broussonetia monoica,Broussonetia kazinoki,"The scientific name differs from YList; this may be a synonym, taxonomy difference, or OCR issue.",ylist_canonical=ヒメコウゾ; similarity=0.78
64,ylist_scientific_name_conflict,profile_candidate,plant-profile-001270,ヒメノガリヤス,Calamagrostis hakonensis,イネ科,POACEAE,152,302,日本の野生植物 第1巻,Calamagrostis hakonensis,Deyeuxia hakonensis,"The scientific name differs from YList; this may be a synonym, taxonomy difference, or OCR issue.",ylist_canonical=ヒメノガリヤス; similarity=0.56
64,ylist_scientific_name_conflict,profile_candidate,plant-profile-002487,ヒラミカンコノキ,Phyllanthus ruber,コミカンソウ科,PHYLLANTHACEAE,305,,日本の野生植物 第1巻,Phyllanthus ruber,Glochidion rubrum,"The scientific name differs from YList; this may be a synonym, taxonomy difference, or OCR issue.",ylist_canonical=ヒラミカンコノキ; similarity=0.41
64,ylist_scientific_name_conflict,profile_candidate,plant-profile-004743,フカノキ,Sehefllera heptaplylla,ウコギ科,ARALIACEAE,299,,日本の野生植物 第2巻,Sehefllera heptaplylla,Heptapleurum heptaphyllum,"The scientific name differs from YList; this may be a synonym, taxonomy difference, or OCR issue.",ylist_canonical=フカノキ; similarity=0.64
64,ylist_scientific_name_conflict,profile_candidate,plant-profile-001771,ベンケイソウ,Hy lotelephium erythrostictum,ベンケイソウ科,CRASSULACEAE,211,,日本の野生植物 第1巻,Hy lotelephium erythrostictum,Hylotelephium erythrostictum,"The scientific name differs from YList; this may be a synonym, taxonomy difference, or OCR issue.",ylist_canonical=ベンケイソウ; similarity=0.62
64,ylist_scientific_name_conflict,profile_candidate,plant-profile-003672,ホオズキ,Physalis alkekengi,ナス科,SOLANACEAE,171,,日本の野生植物 第2巻,Physalis alkekengi,Alkekengi officinarum var. franchetii,"The scientific name differs from YList; this may be a synonym, taxonomy difference, or OCR issue.",ylist_canonical=ホオズキ; similarity=0.46
64,ylist_scientific_name_conflict,profile_candidate,plant-profile-003093,ホソバアカザ,Chenopodium stenoplyllum,ヒユ科,AMARANTHACEAE,102,203,日本の野生植物 第2巻,Chenopodium stenoplyllum,Chenopodium virgatum,"The scientific name differs from YList; this may be a synonym, taxonomy difference, or OCR issue.",ylist_canonical=ホソバアカザ; similarity=0.68
64,ylist_scientific_name_conflict,profile_candidate,plant-profile-003713,ホタルカズラ,Aegouychon zollingeri,ムラサキ科,BORAGINACEAE,176,,日本の野生植物 第2巻,Aegouychon zollingeri,Lithospermum zollingeri,"The scientific name differs from YList; this may be a synonym, taxonomy difference, or OCR issue.",ylist_canonical=ホタルカズラ; similarity=0.59
64,ylist_scientific_name_conflict,profile_candidate,plant-profile-001265,ホッスガヤ,Calamagrostis pseudophragmites,イネ科,POACEAE,151,,日本の野生植物 第1巻,Calamagrostis pseudophragmites,Calamagrostis pseudo-phragmites,"The scientific name differs from YList; this may be a synonym, taxonomy difference, or OCR issue.",ylist_canonical=ホッスガヤ; similarity=0.80
64,ylist_scientific_name_conflict,profile_candidate,plant-profile-000748,ミクリ,Sparganium erectum,ガマ科,TYPHACEAE,106,211,日本の野生植物 第1巻,Sparganium erectum,Sparganium stoloniferum,"The scientific name differs from YList; this may be a synonym, taxonomy difference, or OCR issue.",ylist_canonical=ミクリ; similarity=0.73
64,ylist_scientific_name_conflict,profile_candidate,plant-profile-004777,ミシマサイコ,Bupleurum falcatum,セリ科,APIACEAE,303,,日本の野生植物 第2巻,Bupleurum falcatum,Bupleurum stenophyllum,"The scientific name differs from YList; this may be a synonym, taxonomy difference, or OCR issue.",ylist_canonical=ミシマサイコ; similarity=0.65
64,ylist_scientific_name_conflict,profile_candidate,plant-profile-001459,ミチノクエンゴサク,Corydalis orthoceras,ケシ科,PAPAVERACEAE,176,351,日本の野生植物 第1巻,Corydalis orthoceras,Corydalis capillipes,"The scientific name differs from YList; this may be a synonym, taxonomy difference, or OCR issue.",ylist_canonical=ミチノクエンゴサク; similarity=0.65
64,ylist_scientific_name_conflict,profile_candidate,plant-profile-004785,ミツバ,Cryptotaenia japonica,セリ科,APIACEAE,304,,日本の野生植物 第2巻,Cryptotaenia japonica,Cryptotaenia canadensis subsp. japonica,"The scientific name differs from YList; this may be a synonym, taxonomy difference, or OCR issue.",ylist_canonical=ミツバ; similarity=0.68
64,ylist_scientific_name_conflict,profile_candidate,plant-profile-004786,ミヤマセンキュウ,Conioselinum flicinum,セリ科,APIACEAE,304,,日本の野生植物 第2巻,Conioselinum flicinum,Conioselinum chinense var. chinense,"The scientific name differs from YList; this may be a synonym, taxonomy difference, or OCR issue.",ylist_canonical=ミヤマセンキュウ; similarity=0.76
64,ylist_scientific_name_conflict,profile_candidate,plant-profile-001830,モダマ,Entada phaseoloides subsp. tonkinensis,マメ科,FABACEAE,222,443,日本の野生植物 第1巻,Entada phaseoloides subsp. tonkinensis,Entada tonkinensis,"The scientific name differs from YList; this may be a synonym, taxonomy difference, or OCR issue.",ylist_canonical=モダマ; similarity=0.54
64,ylist_scientific_name_conflict,profile_candidate,plant-profile-003707,モンパノキ,Heliotropium foertherianum,ムラサキ科,BORAGINACEAE,175,349,日本の野生植物 第2巻,Heliotropium foertherianum,Heliotropium arboreum,"The scientific name differs from YList; this may be a synonym, taxonomy difference, or OCR issue.",ylist_canonical=モンパノキ; similarity=0.72
64,ylist_scientific_name_conflict,profile_candidate,plant-profile-001816,ヤブカラシ,Cayratia japoniea,ブドウ科,VITACEAE,217,,日本の野生植物 第1巻,Cayratia japoniea,Causonis japonica,"The scientific name differs from YList; this may be a synonym, taxonomy difference, or OCR issue.",ylist_canonical=ヤブカラシ; similarity=0.65
64,ylist_scientific_name_conflict,profile_candidate,plant-profile-003157,ヤマアジサイ,Hortensia serrata,アジサイ科,HYDRANGEACEAE,111,,日本の野生植物 第2巻,Hortensia serrata,Hydrangea serrata var. serrata,"The scientific name differs from YList; this may be a synonym, taxonomy difference, or OCR issue.",ylist_canonical=ヤマアジサイ; similarity=0.71
64,ylist_scientific_name_conflict,profile_candidate,plant-profile-001266,ヤマアワ,Calamagrostis epigeios,イネ科,POACEAE,151,,日本の野生植物 第1巻,Calamagrostis epigeios,Deyeuxia epigeios,"The scientific name differs from YList; this may be a synonym, taxonomy difference, or OCR issue.",ylist_canonical=ヤマアワ; similarity=0.51
64,ylist_scientific_name_conflict,profile_candidate,plant-profile-000433,ヤマジノホトトギス,Tricyrtis affnis,ユリ科,LILIACEAE,68,,日本の野生植物 第1巻,Tricyrtis affnis,Tricyrtis macropoda subsp. affinis,"The scientific name differs from YList; this may be a synonym, taxonomy difference, or OCR issue.",ylist_canonical=ヤマジノホトトギス; similarity=0.63
64,ylist_scientific_name_conflict,profile_candidate,plant-profile-002852,ヤマハタザオ,Arabis hirsuta,アブラナ科,BRASSICACEAE,71,,日本の野生植物 第2巻,Arabis hirsuta,Arabis nipponica,"The scientific name differs from YList; this may be a synonym, taxonomy difference, or OCR issue.",ylist_canonical=ヤマハタザオ; similarity=0.60
64,ylist_scientific_name_conflict,profile_candidate,plant-profile-003162,リュウキュウコンテリギ,Hortensia liukiuensis,アジサイ科,HYDRANGEACEAE,112,222,日本の野生植物 第2巻,Hortensia liukiuensis,Hydrangea liukiuensis,"The scientific name differs from YList; this may be a synonym, taxonomy difference, or OCR issue.",ylist_canonical=リュウキュウコンテリギ; similarity=0.76
64,ylist_scientific_name_conflict,profile_candidate,plant-profile-001593,リュウキュウボタンヅル,Clematis grata,キンポウゲ科,RANUNCULACEAE,190,,日本の野生植物 第1巻,Clematis grata,Clematis javana,"The scientific name differs from YList; this may be a synonym, taxonomy difference, or OCR issue.",ylist_canonical=リュウキュウボタンヅル; similarity=0.76
