audit_id,insect_id,current_japanese_name,source_japanese_name,canonical_reference,pdf_file,source_pdf_sha256,ocr_sha256,source_pdf_page,source_printed_page,source_ocr_line,plant_name,plant_family,match_method,decision,reviewed_on,review_note
kamikiri-host-index-p175-l15880-species-22693,species-22693,コゲチャサビカミキリ,コゲチャサビカミキリ,日本産カミキリムシ,日本産カミキリムシ_compressed.pdf,52299895c14c1fd1c74279dca00f6fd9ba64d36d69e3bf3dd9c3a29a92802e77,efb17b5912fbb2c144dab4d99924dbc341e8f64054be7909dd7818cad155bef2,175,683,15880,ソテツ,ソテツ科,exact_japanese_name,include,2026-07-11,PDF原本の寄主植物一覧（冊子p.683）で植物見出しと掲載和名を目視確認。
kamikiri-host-index-p175-l15883-species-21916,species-21916,テツイロヒメカミキリ,テツイロヒメカミキリ,日本産カミキリムシ,日本産カミキリムシ_compressed.pdf,52299895c14c1fd1c74279dca00f6fd9ba64d36d69e3bf3dd9c3a29a92802e77,efb17b5912fbb2c144dab4d99924dbc341e8f64054be7909dd7818cad155bef2,175,683,15883,イチョウ,イチョウ科,exact_japanese_name,include,2026-07-11,PDF原本の寄主植物一覧（冊子p.683）で植物見出しと掲載和名を目視確認。原典は植栽記録。
kamikiri-host-index-p175-l15883-species-22739,species-22739,イチョウヒゲビロウドカミキリ,イチョウヒゲビロウドカミキリ,日本産カミキリムシ,日本産カミキリムシ_compressed.pdf,52299895c14c1fd1c74279dca00f6fd9ba64d36d69e3bf3dd9c3a29a92802e77,efb17b5912fbb2c144dab4d99924dbc341e8f64054be7909dd7818cad155bef2,175,683,15883,イチョウ,イチョウ科,exact_japanese_name,include,2026-07-11,PDF原本の寄主植物一覧（冊子p.683）で植物見出しと掲載和名を目視確認。原典は植栽記録。
KDB175183-0001,1-1,ウスバカミキリ 基亜種,ウスバカミキリ,日本産カミキリムシ,日本産カミキリムシ_compressed.pdf,52299895c14c1fd1c74279dca00f6fd9ba64d36d69e3bf3dd9c3a29a92802e77,efb17b5912fbb2c144dab4d99924dbc341e8f64054be7909dd7818cad155bef2,175,683-684,15888,モミ,マツ科,exact_derived_base_name,needs_review,2026-07-11,索引画像で「ウスバカミキリ Megopis sinica sinica」を確認。種解説（冊子p.340-341）と現行同種群を照合したが、種解説の名義亜種範囲は奄美・沖縄個体群を含むが、現行CSVでは2018年記載の奄美沖縄亜種 adachii が分離済み。索引レコードに産地がなく現行基亜種へ配分不能。
KDB175183-0002,13-1,ノコギリカミキリ 基亜種,ノコギリカミキリ,日本産カミキリムシ,日本産カミキリムシ_compressed.pdf,52299895c14c1fd1c74279dca00f6fd9ba64d36d69e3bf3dd9c3a29a92802e77,efb17b5912fbb2c144dab4d99924dbc341e8f64054be7909dd7818cad155bef2,175,683-684,15888,モミ,マツ科,exact_derived_base_name,include,2026-07-11,索引画像で「ノコギリカミキリ Prionus insularis insularis」を確認。種解説（冊子p.342-343）と現行同種群を照合し、名義亜種または原典で別名の近縁群から区別された当該分類群として現行IDへ帰属可能。
kamikiri-host-index-p175-l15888-species-21877,species-21877,ミドリカミキリ,ミドリカミキリ,日本産カミキリムシ,日本産カミキリムシ_compressed.pdf,52299895c14c1fd1c74279dca00f6fd9ba64d36d69e3bf3dd9c3a29a92802e77,efb17b5912fbb2c144dab4d99924dbc341e8f64054be7909dd7818cad155bef2,175,683-684,15888,モミ,マツ科,exact_japanese_name,include,2026-07-11,PDF原本の寄主植物一覧（冊子p.683-684）で植物見出しと掲載和名を目視確認。
KDB175183-0005,species-21900,スギカミキリ 基亜種,アオヒメスギカミキリ,日本産カミキリムシ,日本産カミキリムシ_compressed.pdf,52299895c14c1fd1c74279dca00f6fd9ba64d36d69e3bf3dd9c3a29a92802e77,efb17b5912fbb2c144dab4d99924dbc341e8f64054be7909dd7818cad155bef2,175,683-684,15888,モミ,マツ科,exact_derived_base_name,exclude_ocr_or_boundary,2026-07-11,索引画像では改行前後を合わせた種名が「アオヒメスギカミキリ Palaeocallidium chlorizans」。改行後半の「スギカミキリ」だけを抽出したOCR誤りで、Semanotus japonicus ではない。
kamikiri-host-index-p175-l15888-species-22007,species-22007,ヤマトシロオビトラカミキリ,ヤマトシロオビトラカミキリ,日本産カミキリムシ,日本産カミキリムシ_compressed.pdf,52299895c14c1fd1c74279dca00f6fd9ba64d36d69e3bf3dd9c3a29a92802e77,efb17b5912fbb2c144dab4d99924dbc341e8f64054be7909dd7818cad155bef2,175,683-684,15888,モミ,マツ科,exact_japanese_name,include,2026-07-11,PDF原本の寄主植物一覧（冊子p.683-684）で植物見出しと掲載和名を目視確認。
kamikiri-host-index-p175-l15888-species-22027,species-22027,オオトラカミキリ,オオトラカミキリ,日本産カミキリムシ,日本産カミキリムシ_compressed.pdf,52299895c14c1fd1c74279dca00f6fd9ba64d36d69e3bf3dd9c3a29a92802e77,efb17b5912fbb2c144dab4d99924dbc341e8f64054be7909dd7818cad155bef2,175,683-684,15888,モミ,マツ科,exact_japanese_name,include,2026-07-11,PDF原本の寄主植物一覧（冊子p.683-684）で植物見出しと掲載和名を目視確認。
kamikiri-host-index-p175-l15888-species-22064,species-22064,イエカミキリ,イエカミキリ,日本産カミキリムシ,日本産カミキリムシ_compressed.pdf,52299895c14c1fd1c74279dca00f6fd9ba64d36d69e3bf3dd9c3a29a92802e77,efb17b5912fbb2c144dab4d99924dbc341e8f64054be7909dd7818cad155bef2,175,683-684,15888,モミ,マツ科,exact_japanese_name,include,2026-07-11,PDF原本の寄主植物一覧（冊子p.683-684）で植物見出しと掲載和名を目視確認。
KDB175183-0004,species-22069,シラホシヒゲナガコバネカミキリ 亜種,シラホシヒゲナガコバネカミキリ,日本産カミキリムシ,日本産カミキリムシ_compressed.pdf,52299895c14c1fd1c74279dca00f6fd9ba64d36d69e3bf3dd9c3a29a92802e77,efb17b5912fbb2c144dab4d99924dbc341e8f64054be7909dd7818cad155bef2,175,683-684,15888,モミ,マツ科,exact_derived_base_name,exclude_ocr_or_boundary,2026-07-11,索引画像は「シラホシヒゲナガコバネカミキリ Molorchus minor fuscus」。種解説（冊子p.454-455）では現行 species-22069 に対応する ikedai を「ホソムネシラホシヒゲナガコバネカミキリ」と別記するため、現行IDへの誤帰属。
kamikiri-host-index-p175-l15888-species-22093,species-22093,コジマヒゲナガコバネカミキリ,コジマヒゲナガコバネカミキリ,日本産カミキリムシ,日本産カミキリムシ_compressed.pdf,52299895c14c1fd1c74279dca00f6fd9ba64d36d69e3bf3dd9c3a29a92802e77,efb17b5912fbb2c144dab4d99924dbc341e8f64054be7909dd7818cad155bef2,175,683-684,15888,モミ,マツ科,exact_japanese_name,include,2026-07-11,PDF原本の寄主植物一覧（冊子p.683-684）で植物見出しと掲載和名を目視確認。
kamikiri-host-index-p175-l15888-species-22132,species-22132,トワダムモンメダカカミキリ,トワダムモンメダカカミキリ,日本産カミキリムシ,日本産カミキリムシ_compressed.pdf,52299895c14c1fd1c74279dca00f6fd9ba64d36d69e3bf3dd9c3a29a92802e77,efb17b5912fbb2c144dab4d99924dbc341e8f64054be7909dd7818cad155bef2,175,683-684,15888,モミ,マツ科,exact_japanese_name,include,2026-07-11,PDF原本の寄主植物一覧（冊子p.683-684）で植物見出しと掲載和名を目視確認。
kamikiri-host-index-p175-l15888-species-22200,species-22200,ツヤケシハナカミキリ,ツヤケシハナカミキリ,日本産カミキリムシ,日本産カミキリムシ_compressed.pdf,52299895c14c1fd1c74279dca00f6fd9ba64d36d69e3bf3dd9c3a29a92802e77,efb17b5912fbb2c144dab4d99924dbc341e8f64054be7909dd7818cad155bef2,175,683-684,15888,モミ,マツ科,exact_japanese_name,include,2026-07-11,PDF原本の寄主植物一覧（冊子p.683-684）で植物見出しと掲載和名を目視確認。
kamikiri-host-index-p175-l15888-species-22232,species-22232,ミヤマルリハナカミキリ,ミヤマルリハナカミキリ,日本産カミキリムシ,日本産カミキリムシ_compressed.pdf,52299895c14c1fd1c74279dca00f6fd9ba64d36d69e3bf3dd9c3a29a92802e77,efb17b5912fbb2c144dab4d99924dbc341e8f64054be7909dd7818cad155bef2,175,683-684,15888,モミ,マツ科,exact_japanese_name,include,2026-07-11,PDF原本の寄主植物一覧（冊子p.683-684）で植物見出しと掲載和名を目視確認。
KDB175183-0003,species-22251,ヨツスジハナカミキリ 基亜種,ヨツスジハナカミキリ,日本産カミキリムシ,日本産カミキリムシ_compressed.pdf,52299895c14c1fd1c74279dca00f6fd9ba64d36d69e3bf3dd9c3a29a92802e77,efb17b5912fbb2c144dab4d99924dbc341e8f64054be7909dd7818cad155bef2,175,683-684,15888,モミ,マツ科,exact_derived_base_name,needs_review,2026-07-11,索引画像で「ヨツスジハナカミキリ Leptura ochraceofasciata ochraceofasciata」を確認。種解説（冊子p.406-407）と現行同種群を照合したが、種解説の名義亜種分布は五島列島を含むが、現行CSVでは2018年記載の五島列島亜種が分離済み。索引レコードに産地がなく現行基亜種へ配分不能。
kamikiri-host-index-p175-l15888-species-22309,species-22309,タケウチホソハナカミキリ,タケウチホソハナカミキリ,日本産カミキリムシ,日本産カミキリムシ_compressed.pdf,52299895c14c1fd1c74279dca00f6fd9ba64d36d69e3bf3dd9c3a29a92802e77,efb17b5912fbb2c144dab4d99924dbc341e8f64054be7909dd7818cad155bef2,175,683-684,15888,モミ,マツ科,exact_japanese_name,include,2026-07-11,PDF原本の寄主植物一覧（冊子p.683-684）で植物見出しと掲載和名を目視確認。
kamikiri-host-index-p175-l15888-species-22456,species-22456,ハイイロハナカミキリ,ハイイロハナカミキリ,日本産カミキリムシ,日本産カミキリムシ_compressed.pdf,52299895c14c1fd1c74279dca00f6fd9ba64d36d69e3bf3dd9c3a29a92802e77,efb17b5912fbb2c144dab4d99924dbc341e8f64054be7909dd7818cad155bef2,175,683-684,15888,モミ,マツ科,exact_japanese_name,include,2026-07-11,PDF原本の寄主植物一覧（冊子p.683-684）で植物見出しと掲載和名を目視確認。
kamikiri-host-index-p175-l15888-species-22460,species-22460,アラメハナカミキリ,アラメハナカミキリ,日本産カミキリムシ,日本産カミキリムシ_compressed.pdf,52299895c14c1fd1c74279dca00f6fd9ba64d36d69e3bf3dd9c3a29a92802e77,efb17b5912fbb2c144dab4d99924dbc341e8f64054be7909dd7818cad155bef2,175,683-684,15888,モミ,マツ科,exact_japanese_name,include,2026-07-11,PDF原本の寄主植物一覧（冊子p.683-684）で植物見出しと掲載和名を目視確認。
kamikiri-host-index-p175-l15888-species-22467,species-22467,オオマルクビヒラタカミキリ,オオマルクビヒラタカミキリ,日本産カミキリムシ,日本産カミキリムシ_compressed.pdf,52299895c14c1fd1c74279dca00f6fd9ba64d36d69e3bf3dd9c3a29a92802e77,efb17b5912fbb2c144dab4d99924dbc341e8f64054be7909dd7818cad155bef2,175,683-684,15888,モミ,マツ科,reviewed_source_crosswalk,include,2026-07-11,PDF原本の寄主植物一覧（冊子p.683-684）で植物見出しと掲載和名を目視確認。
kamikiri-host-index-p175-l15888-species-22471,species-22471,オオクロカミキリ,オオクロカミキリ,日本産カミキリムシ,日本産カミキリムシ_compressed.pdf,52299895c14c1fd1c74279dca00f6fd9ba64d36d69e3bf3dd9c3a29a92802e77,efb17b5912fbb2c144dab4d99924dbc341e8f64054be7909dd7818cad155bef2,175,683-684,15888,モミ,マツ科,exact_japanese_name,include,2026-07-11,PDF原本の寄主植物一覧（冊子p.683-684）で植物見出しと掲載和名を目視確認。
kamikiri-host-index-p175-l15888-species-22474,species-22474,トドマツカミキリ,トドマツカミキリ,日本産カミキリムシ,日本産カミキリムシ_compressed.pdf,52299895c14c1fd1c74279dca00f6fd9ba64d36d69e3bf3dd9c3a29a92802e77,efb17b5912fbb2c144dab4d99924dbc341e8f64054be7909dd7818cad155bef2,175,683-684,15888,モミ,マツ科,reviewed_source_crosswalk,include,2026-07-11,PDF原本の寄主植物一覧（冊子p.683-684）で植物見出しと掲載和名を目視確認。
KDB175183-0006,13-1,ノコギリカミキリ 基亜種,ノコギリカミキリ,日本産カミキリムシ,日本産カミキリムシ_compressed.pdf,52299895c14c1fd1c74279dca00f6fd9ba64d36d69e3bf3dd9c3a29a92802e77,efb17b5912fbb2c144dab4d99924dbc341e8f64054be7909dd7818cad155bef2,176,684,15944,ウラジロモミ,マツ科,exact_derived_base_name,include,2026-07-11,索引画像で「ノコギリカミキリ Prionus insularis insularis」を確認。種解説（冊子p.342-343）と現行同種群を照合し、名義亜種または原典で別名の近縁群から区別された当該分類群として現行IDへ帰属可能。
kamikiri-host-index-p176-l15944-species-21868,species-21868,シロトラカミキリ,シロトラカミキリ,日本産カミキリムシ,日本産カミキリムシ_compressed.pdf,52299895c14c1fd1c74279dca00f6fd9ba64d36d69e3bf3dd9c3a29a92802e77,efb17b5912fbb2c144dab4d99924dbc341e8f64054be7909dd7818cad155bef2,176,684,15944,ウラジロモミ,マツ科,exact_japanese_name,include,2026-07-11,PDF原本の寄主植物一覧（冊子p.684）で植物見出しと掲載和名を目視確認。
kamikiri-host-index-p176-l15944-species-22027,species-22027,オオトラカミキリ,オオトラカミキリ,日本産カミキリムシ,日本産カミキリムシ_compressed.pdf,52299895c14c1fd1c74279dca00f6fd9ba64d36d69e3bf3dd9c3a29a92802e77,efb17b5912fbb2c144dab4d99924dbc341e8f64054be7909dd7818cad155bef2,176,684,15944,ウラジロモミ,マツ科,exact_japanese_name,include,2026-07-11,PDF原本の寄主植物一覧（冊子p.684）で植物見出しと掲載和名を目視確認。
kamikiri-host-index-p176-l15944-species-22185,species-22185,カラカネハナカミキリ,カラカネハナカミキリ,日本産カミキリムシ,日本産カミキリムシ_compressed.pdf,52299895c14c1fd1c74279dca00f6fd9ba64d36d69e3bf3dd9c3a29a92802e77,efb17b5912fbb2c144dab4d99924dbc341e8f64054be7909dd7818cad155bef2,176,684,15944,ウラジロモミ,マツ科,exact_japanese_name,include,2026-07-11,PDF原本の寄主植物一覧（冊子p.684）で植物見出しと掲載和名を目視確認。
KDB175183-0007,species-22251,ヨツスジハナカミキリ 基亜種,ヨツスジハナカミキリ,日本産カミキリムシ,日本産カミキリムシ_compressed.pdf,52299895c14c1fd1c74279dca00f6fd9ba64d36d69e3bf3dd9c3a29a92802e77,efb17b5912fbb2c144dab4d99924dbc341e8f64054be7909dd7818cad155bef2,176,684,15944,ウラジロモミ,マツ科,exact_derived_base_name,needs_review,2026-07-11,索引画像で「ヨツスジハナカミキリ Leptura ochraceofasciata ochraceofasciata」を確認。種解説（冊子p.406-407）と現行同種群を照合したが、種解説の名義亜種分布は五島列島を含むが、現行CSVでは2018年記載の五島列島亜種が分離済み。索引レコードに産地がなく現行基亜種へ配分不能。
kamikiri-host-index-p176-l15944-species-22299,species-22299,アカハナカミキリ,アカハナカミキリ,日本産カミキリムシ,日本産カミキリムシ_compressed.pdf,52299895c14c1fd1c74279dca00f6fd9ba64d36d69e3bf3dd9c3a29a92802e77,efb17b5912fbb2c144dab4d99924dbc341e8f64054be7909dd7818cad155bef2,176,684,15944,ウラジロモミ,マツ科,reviewed_source_crosswalk,include,2026-07-11,PDF原本の寄主植物一覧（冊子p.684）で植物見出しと掲載和名を目視確認。
kamikiri-host-index-p176-l15944-species-22453,species-22453,ホンドニセハイイロハナカミキリ,ホンドニセハイイロハナカミキリ,日本産カミキリムシ,日本産カミキリムシ_compressed.pdf,52299895c14c1fd1c74279dca00f6fd9ba64d36d69e3bf3dd9c3a29a92802e77,efb17b5912fbb2c144dab4d99924dbc341e8f64054be7909dd7818cad155bef2,176,684,15944,ウラジロモミ,マツ科,exact_japanese_name,include,2026-07-11,PDF原本の寄主植物一覧（冊子p.684）で植物見出しと掲載和名を目視確認。
kamikiri-host-index-p176-l15944-species-22467,species-22467,オオマルクビヒラタカミキリ,オオマルクビヒラタカミキリ,日本産カミキリムシ,日本産カミキリムシ_compressed.pdf,52299895c14c1fd1c74279dca00f6fd9ba64d36d69e3bf3dd9c3a29a92802e77,efb17b5912fbb2c144dab4d99924dbc341e8f64054be7909dd7818cad155bef2,176,684,15944,ウラジロモミ,マツ科,reviewed_source_crosswalk,include,2026-07-11,PDF原本の寄主植物一覧（冊子p.684）で植物見出しと掲載和名を目視確認。
kamikiri-host-index-p176-l15944-species-22468,species-22468,マルクビヒラタカミキリ,マルクビヒラタカミキリ,日本産カミキリムシ,日本産カミキリムシ_compressed.pdf,52299895c14c1fd1c74279dca00f6fd9ba64d36d69e3bf3dd9c3a29a92802e77,efb17b5912fbb2c144dab4d99924dbc341e8f64054be7909dd7818cad155bef2,176,684,15944,ウラジロモミ,マツ科,exact_japanese_name,include,2026-07-11,PDF原本の寄主植物一覧（冊子p.684）で植物見出しと掲載和名を目視確認。
kamikiri-host-index-p176-l15944-species-22471,species-22471,オオクロカミキリ,オオクロカミキリ,日本産カミキリムシ,日本産カミキリムシ_compressed.pdf,52299895c14c1fd1c74279dca00f6fd9ba64d36d69e3bf3dd9c3a29a92802e77,efb17b5912fbb2c144dab4d99924dbc341e8f64054be7909dd7818cad155bef2,176,684,15944,ウラジロモミ,マツ科,exact_japanese_name,include,2026-07-11,PDF原本の寄主植物一覧（冊子p.684）で植物見出しと掲載和名を目視確認。
kamikiri-host-index-p176-l15944-species-22482,species-22482,ヒゲナガモモブトカミキリ,ヒゲナガモモブトカミキリ,日本産カミキリムシ,日本産カミキリムシ_compressed.pdf,52299895c14c1fd1c74279dca00f6fd9ba64d36d69e3bf3dd9c3a29a92802e77,efb17b5912fbb2c144dab4d99924dbc341e8f64054be7909dd7818cad155bef2,176,684,15944,ウラジロモミ,マツ科,reviewed_source_crosswalk,include,2026-07-11,PDF原本の寄主植物一覧（冊子p.684）で植物見出しと掲載和名を目視確認。
kamikiri-host-index-p176-l15944-species-22689,species-22689,シロオビドイカミキリ,シロオビドイカミキリ,日本産カミキリムシ,日本産カミキリムシ_compressed.pdf,52299895c14c1fd1c74279dca00f6fd9ba64d36d69e3bf3dd9c3a29a92802e77,efb17b5912fbb2c144dab4d99924dbc341e8f64054be7909dd7818cad155bef2,176,684,15944,ウラジロモミ,マツ科,exact_japanese_name,include,2026-07-11,PDF原本の寄主植物一覧（冊子p.684）で植物見出しと掲載和名を目視確認。
kamikiri-host-index-p176-l15944-species-22782,species-22782,シラフヒゲナガカミキリ,シラフヒゲナガカミキリ,日本産カミキリムシ,日本産カミキリムシ_compressed.pdf,52299895c14c1fd1c74279dca00f6fd9ba64d36d69e3bf3dd9c3a29a92802e77,efb17b5912fbb2c144dab4d99924dbc341e8f64054be7909dd7818cad155bef2,176,684,15944,ウラジロモミ,マツ科,exact_japanese_name,include,2026-07-11,PDF原本の寄主植物一覧（冊子p.684）で植物見出しと掲載和名を目視確認。
kamikiri-host-index-p176-l15944-species-22783,species-22783,シラフヨツボシヒゲナガカミキリ,シラフヨツボシヒゲナガカミキリ,日本産カミキリムシ,日本産カミキリムシ_compressed.pdf,52299895c14c1fd1c74279dca00f6fd9ba64d36d69e3bf3dd9c3a29a92802e77,efb17b5912fbb2c144dab4d99924dbc341e8f64054be7909dd7818cad155bef2,176,684,15944,ウラジロモミ,マツ科,exact_japanese_name,include,2026-07-11,PDF原本の寄主植物一覧（冊子p.684）で植物見出しと掲載和名を目視確認。
kamikiri-host-index-p176-l15963-species-21877,species-21877,ミドリカミキリ,ミドリカミキリ,日本産カミキリムシ,日本産カミキリムシ_compressed.pdf,52299895c14c1fd1c74279dca00f6fd9ba64d36d69e3bf3dd9c3a29a92802e77,efb17b5912fbb2c144dab4d99924dbc341e8f64054be7909dd7818cad155bef2,176,684,15963,オオシラビソ,マツ科,exact_japanese_name,include,2026-07-11,OCR誤読「オオシラビン」をPDF見出し「オオシラビソ」へ訂正。掲載和名も同植物欄で目視確認。
kamikiri-host-index-p176-l15963-species-22027,species-22027,オオトラカミキリ,オオトラカミキリ,日本産カミキリムシ,日本産カミキリムシ_compressed.pdf,52299895c14c1fd1c74279dca00f6fd9ba64d36d69e3bf3dd9c3a29a92802e77,efb17b5912fbb2c144dab4d99924dbc341e8f64054be7909dd7818cad155bef2,176,684,15963,オオシラビソ,マツ科,exact_japanese_name,include,2026-07-11,OCR誤読「オオシラビン」をPDF見出し「オオシラビソ」へ訂正。掲載和名も同植物欄で目視確認。
kamikiri-host-index-p176-l15963-species-22087,species-22087,オダヒゲナガコバネカミキリ,オダヒゲナガコバネカミキリ,日本産カミキリムシ,日本産カミキリムシ_compressed.pdf,52299895c14c1fd1c74279dca00f6fd9ba64d36d69e3bf3dd9c3a29a92802e77,efb17b5912fbb2c144dab4d99924dbc341e8f64054be7909dd7818cad155bef2,176,684,15963,オオシラビソ,マツ科,exact_japanese_name,include,2026-07-11,OCR誤読「オオシラビン」をPDF見出し「オオシラビソ」へ訂正。掲載和名も同植物欄で目視確認。
kamikiri-host-index-p176-l15963-species-22216,species-22216,フタスジハナカミキリ,フタスジハナカミキリ,日本産カミキリムシ,日本産カミキリムシ_compressed.pdf,52299895c14c1fd1c74279dca00f6fd9ba64d36d69e3bf3dd9c3a29a92802e77,efb17b5912fbb2c144dab4d99924dbc341e8f64054be7909dd7818cad155bef2,176,684,15963,オオシラビソ,マツ科,exact_japanese_name,include,2026-07-11,OCR誤読「オオシラビン」をPDF見出し「オオシラビソ」へ訂正。掲載和名も同植物欄で目視確認。
kamikiri-host-index-p176-l15963-species-22247,species-22247,キモンハナカミキリ,キモンハナカミキリ,日本産カミキリムシ,日本産カミキリムシ_compressed.pdf,52299895c14c1fd1c74279dca00f6fd9ba64d36d69e3bf3dd9c3a29a92802e77,efb17b5912fbb2c144dab4d99924dbc341e8f64054be7909dd7818cad155bef2,176,684,15963,オオシラビソ,マツ科,exact_japanese_name,include,2026-07-11,OCR誤読「オオシラビン」をPDF見出し「オオシラビソ」へ訂正。掲載和名も同植物欄で目視確認。
KDB175183-0008,species-22251,ヨツスジハナカミキリ 基亜種,ヨツスジハナカミキリ,日本産カミキリムシ,日本産カミキリムシ_compressed.pdf,52299895c14c1fd1c74279dca00f6fd9ba64d36d69e3bf3dd9c3a29a92802e77,efb17b5912fbb2c144dab4d99924dbc341e8f64054be7909dd7818cad155bef2,176,684,15963,オオシラビソ,マツ科,exact_derived_base_name,needs_review,2026-07-11,索引画像で「ヨツスジハナカミキリ Leptura ochraceofasciata ochraceofasciata」を確認。種解説（冊子p.406-407）と現行同種群を照合したが、種解説の名義亜種分布は五島列島を含むが、現行CSVでは2018年記載の五島列島亜種が分離済み。索引レコードに産地がなく現行基亜種へ配分不能。 植物見出しOCR「オオシラビン」を画像から「オオシラビソ」に補正。
kamikiri-host-index-p176-l15963-species-22276,species-22276,マルガタハナカミキリ,マルガタハナカミキリ,日本産カミキリムシ,日本産カミキリムシ_compressed.pdf,52299895c14c1fd1c74279dca00f6fd9ba64d36d69e3bf3dd9c3a29a92802e77,efb17b5912fbb2c144dab4d99924dbc341e8f64054be7909dd7818cad155bef2,176,684,15963,オオシラビソ,マツ科,exact_japanese_name,include,2026-07-11,OCR誤読「オオシラビン」をPDF見出し「オオシラビソ」へ訂正。掲載和名も同植物欄で目視確認。
kamikiri-host-index-p176-l15963-species-22299,species-22299,アカハナカミキリ,アカハナカミキリ,日本産カミキリムシ,日本産カミキリムシ_compressed.pdf,52299895c14c1fd1c74279dca00f6fd9ba64d36d69e3bf3dd9c3a29a92802e77,efb17b5912fbb2c144dab4d99924dbc341e8f64054be7909dd7818cad155bef2,176,684,15963,オオシラビソ,マツ科,reviewed_source_crosswalk,include,2026-07-11,OCR誤読「オオシラビン」をPDF見出し「オオシラビソ」へ訂正。掲載和名も同植物欄で目視確認。
kamikiri-host-index-p176-l15963-species-22304,species-22304,ブチヒゲハナカミキリ,ブチヒゲハナカミキリ,日本産カミキリムシ,日本産カミキリムシ_compressed.pdf,52299895c14c1fd1c74279dca00f6fd9ba64d36d69e3bf3dd9c3a29a92802e77,efb17b5912fbb2c144dab4d99924dbc341e8f64054be7909dd7818cad155bef2,176,684,15963,オオシラビソ,マツ科,exact_japanese_name,include,2026-07-11,OCR誤読「オオシラビン」をPDF見出し「オオシラビソ」へ訂正。掲載和名も同植物欄で目視確認。
kamikiri-host-index-p176-l15963-species-22417,species-22417,カクムネヒメハナカミキリ,カクムネヒメハナカミキリ,日本産カミキリムシ,日本産カミキリムシ_compressed.pdf,52299895c14c1fd1c74279dca00f6fd9ba64d36d69e3bf3dd9c3a29a92802e77,efb17b5912fbb2c144dab4d99924dbc341e8f64054be7909dd7818cad155bef2,176,684,15963,オオシラビソ,マツ科,exact_japanese_name,include,2026-07-11,OCR誤読「オオシラビン」をPDF見出し「オオシラビソ」へ訂正。掲載和名も同植物欄で目視確認。
kamikiri-host-index-p176-l15963-species-22445,species-22445,キベリカタビロハナカミキリ,キベリカタビロハナカミキリ,日本産カミキリムシ,日本産カミキリムシ_compressed.pdf,52299895c14c1fd1c74279dca00f6fd9ba64d36d69e3bf3dd9c3a29a92802e77,efb17b5912fbb2c144dab4d99924dbc341e8f64054be7909dd7818cad155bef2,176,684,15963,オオシラビソ,マツ科,reviewed_source_crosswalk,exclude_ocr_or_boundary,2026-07-11,OCR誤読「オオシラビン」をPDF見出し「オオシラビソ」へ訂正。正規化データに訂正後の同一ペアが既存のため追加対象外。
kamikiri-host-index-p176-l15963-species-22456,species-22456,ハイイロハナカミキリ,ハイイロハナカミキリ,日本産カミキリムシ,日本産カミキリムシ_compressed.pdf,52299895c14c1fd1c74279dca00f6fd9ba64d36d69e3bf3dd9c3a29a92802e77,efb17b5912fbb2c144dab4d99924dbc341e8f64054be7909dd7818cad155bef2,176,684,15963,オオシラビソ,マツ科,exact_japanese_name,include,2026-07-11,OCR誤読「オオシラビン」をPDF見出し「オオシラビソ」へ訂正。掲載和名も同植物欄で目視確認。
kamikiri-host-index-p176-l15963-species-22460,species-22460,アラメハナカミキリ,アラメハナカミキリ,日本産カミキリムシ,日本産カミキリムシ_compressed.pdf,52299895c14c1fd1c74279dca00f6fd9ba64d36d69e3bf3dd9c3a29a92802e77,efb17b5912fbb2c144dab4d99924dbc341e8f64054be7909dd7818cad155bef2,176,684,15963,オオシラビソ,マツ科,exact_japanese_name,include,2026-07-11,OCR誤読「オオシラビン」をPDF見出し「オオシラビソ」へ訂正。掲載和名も同植物欄で目視確認。
kamikiri-host-index-p176-l15963-species-22467,species-22467,オオマルクビヒラタカミキリ,オオマルクビヒラタカミキリ,日本産カミキリムシ,日本産カミキリムシ_compressed.pdf,52299895c14c1fd1c74279dca00f6fd9ba64d36d69e3bf3dd9c3a29a92802e77,efb17b5912fbb2c144dab4d99924dbc341e8f64054be7909dd7818cad155bef2,176,684,15963,オオシラビソ,マツ科,reviewed_source_crosswalk,include,2026-07-11,OCR誤読「オオシラビン」をPDF見出し「オオシラビソ」へ訂正。掲載和名も同植物欄で目視確認。
kamikiri-host-index-p176-l15963-species-22471,species-22471,オオクロカミキリ,オオクロカミキリ,日本産カミキリムシ,日本産カミキリムシ_compressed.pdf,52299895c14c1fd1c74279dca00f6fd9ba64d36d69e3bf3dd9c3a29a92802e77,efb17b5912fbb2c144dab4d99924dbc341e8f64054be7909dd7818cad155bef2,176,684,15963,オオシラビソ,マツ科,exact_japanese_name,include,2026-07-11,OCR誤読「オオシラビン」をPDF見出し「オオシラビソ」へ訂正。掲載和名も同植物欄で目視確認。
kamikiri-host-index-p176-l15963-species-22689,species-22689,シロオビドイカミキリ,シロオビドイカミキリ,日本産カミキリムシ,日本産カミキリムシ_compressed.pdf,52299895c14c1fd1c74279dca00f6fd9ba64d36d69e3bf3dd9c3a29a92802e77,efb17b5912fbb2c144dab4d99924dbc341e8f64054be7909dd7818cad155bef2,176,684,15963,オオシラビソ,マツ科,exact_japanese_name,include,2026-07-11,OCR誤読「オオシラビン」をPDF見出し「オオシラビソ」へ訂正。掲載和名も同植物欄で目視確認。
kamikiri-host-index-p176-l15963-species-22779,species-22779,ヒゲナガカミキリ,ヒゲナガカミキリ,日本産カミキリムシ,日本産カミキリムシ_compressed.pdf,52299895c14c1fd1c74279dca00f6fd9ba64d36d69e3bf3dd9c3a29a92802e77,efb17b5912fbb2c144dab4d99924dbc341e8f64054be7909dd7818cad155bef2,176,684,15963,オオシラビソ,マツ科,exact_japanese_name,include,2026-07-11,OCR誤読「オオシラビン」をPDF見出し「オオシラビソ」へ訂正。掲載和名も同植物欄で目視確認。
kamikiri-host-index-p176-l15963-species-22782,species-22782,シラフヒゲナガカミキリ,シラフヒゲナガカミキリ,日本産カミキリムシ,日本産カミキリムシ_compressed.pdf,52299895c14c1fd1c74279dca00f6fd9ba64d36d69e3bf3dd9c3a29a92802e77,efb17b5912fbb2c144dab4d99924dbc341e8f64054be7909dd7818cad155bef2,176,684,15963,オオシラビソ,マツ科,exact_japanese_name,include,2026-07-11,OCR誤読「オオシラビン」をPDF見出し「オオシラビソ」へ訂正。掲載和名も同植物欄で目視確認。
KDB175183-0009,species-23007,シラホシカミキリ 基亜種,シラホシカミキリ,日本産カミキリムシ,日本産カミキリムシ_compressed.pdf,52299895c14c1fd1c74279dca00f6fd9ba64d36d69e3bf3dd9c3a29a92802e77,efb17b5912fbb2c144dab4d99924dbc341e8f64054be7909dd7818cad155bef2,176,684,15963,オオシラビソ,マツ科,exact_derived_base_name,include,2026-07-11,索引画像で「シラホシカミキリ Glenea relicta relicta」を確認。種解説（冊子p.662-663）と現行同種群を照合し、名義亜種または原典で別名の近縁群から区別された当該分類群として現行IDへ帰属可能。 植物見出しOCR「オオシラビン」を画像から「オオシラビソ」に補正。
kamikiri-host-index-p176-l15963-species-23058,species-23058,ヘリグロアオカミキリ,ヘリグロアオカミキリ,日本産カミキリムシ,日本産カミキリムシ_compressed.pdf,52299895c14c1fd1c74279dca00f6fd9ba64d36d69e3bf3dd9c3a29a92802e77,efb17b5912fbb2c144dab4d99924dbc341e8f64054be7909dd7818cad155bef2,176,684,15963,オオシラビソ,マツ科,exact_japanese_name,include,2026-07-11,OCR誤読「オオシラビン」をPDF見出し「オオシラビソ」へ訂正。掲載和名も同植物欄で目視確認。
KDB175183-0010,1-1,ウスバカミキリ 基亜種,ウスバカミキリ,日本産カミキリムシ,日本産カミキリムシ_compressed.pdf,52299895c14c1fd1c74279dca00f6fd9ba64d36d69e3bf3dd9c3a29a92802e77,efb17b5912fbb2c144dab4d99924dbc341e8f64054be7909dd7818cad155bef2,176,685,15988,トドマツ,マツ科,exact_derived_base_name,needs_review,2026-07-11,索引画像で「ウスバカミキリ Megopis sinica sinica」を確認。種解説（冊子p.340-341）と現行同種群を照合したが、種解説の名義亜種範囲は奄美・沖縄個体群を含むが、現行CSVでは2018年記載の奄美沖縄亜種 adachii が分離済み。索引レコードに産地がなく現行基亜種へ配分不能。
kamikiri-host-index-p176-l15988-species-21882,species-21882,ヒメスギカミキリ,ヒメスギカミキリ,日本産カミキリムシ,日本産カミキリムシ_compressed.pdf,52299895c14c1fd1c74279dca00f6fd9ba64d36d69e3bf3dd9c3a29a92802e77,efb17b5912fbb2c144dab4d99924dbc341e8f64054be7909dd7818cad155bef2,176,685,15988,トドマツ,マツ科,reviewed_source_crosswalk,include,2026-07-11,PDF原本の寄主植物一覧（冊子p.685）で植物見出しと掲載和名を目視確認。
kamikiri-host-index-p176-l15988-species-21883,species-21883,ルリヒラタカミキリ,ルリヒラタカミキリ,日本産カミキリムシ,日本産カミキリムシ_compressed.pdf,52299895c14c1fd1c74279dca00f6fd9ba64d36d69e3bf3dd9c3a29a92802e77,efb17b5912fbb2c144dab4d99924dbc341e8f64054be7909dd7818cad155bef2,176,685,15988,トドマツ,マツ科,exact_japanese_name,include,2026-07-11,PDF原本の寄主植物一覧（冊子p.685）で植物見出しと掲載和名を目視確認。
kamikiri-host-index-p176-l15988-species-21884,species-21884,ミドリヒラタカミキリ,ミドリヒラタカミキリ,日本産カミキリムシ,日本産カミキリムシ_compressed.pdf,52299895c14c1fd1c74279dca00f6fd9ba64d36d69e3bf3dd9c3a29a92802e77,efb17b5912fbb2c144dab4d99924dbc341e8f64054be7909dd7818cad155bef2,176,685,15988,トドマツ,マツ科,reviewed_source_crosswalk,include,2026-07-11,PDF原本の寄主植物一覧（冊子p.685）で植物見出しと掲載和名を目視確認。
kamikiri-host-index-p176-l15988-species-21972,species-21972,キョクトウトラカミキリ,キョクトウトラカミキリ,日本産カミキリムシ,日本産カミキリムシ_compressed.pdf,52299895c14c1fd1c74279dca00f6fd9ba64d36d69e3bf3dd9c3a29a92802e77,efb17b5912fbb2c144dab4d99924dbc341e8f64054be7909dd7818cad155bef2,176,685,15988,トドマツ,マツ科,exact_japanese_name,include,2026-07-11,PDF原本の寄主植物一覧（冊子p.685）で植物見出しと掲載和名を目視確認。
kamikiri-host-index-p176-l15988-species-22027,species-22027,オオトラカミキリ,オオトラカミキリ,日本産カミキリムシ,日本産カミキリムシ_compressed.pdf,52299895c14c1fd1c74279dca00f6fd9ba64d36d69e3bf3dd9c3a29a92802e77,efb17b5912fbb2c144dab4d99924dbc341e8f64054be7909dd7818cad155bef2,176,685,15988,トドマツ,マツ科,exact_japanese_name,include,2026-07-11,PDF原本の寄主植物一覧（冊子p.685）で植物見出しと掲載和名を目視確認。
kamikiri-host-index-p176-l15988-species-22201,species-22201,ヨコグロハナカミキリ,ヨコグロハナカミキリ,日本産カミキリムシ,日本産カミキリムシ_compressed.pdf,52299895c14c1fd1c74279dca00f6fd9ba64d36d69e3bf3dd9c3a29a92802e77,efb17b5912fbb2c144dab4d99924dbc341e8f64054be7909dd7818cad155bef2,176,685,15988,トドマツ,マツ科,exact_japanese_name,include,2026-07-11,PDF原本の寄主植物一覧（冊子p.685）で植物見出しと掲載和名を目視確認。
kamikiri-host-index-p176-l15988-species-22216,species-22216,フタスジハナカミキリ,フタスジハナカミキリ,日本産カミキリムシ,日本産カミキリムシ_compressed.pdf,52299895c14c1fd1c74279dca00f6fd9ba64d36d69e3bf3dd9c3a29a92802e77,efb17b5912fbb2c144dab4d99924dbc341e8f64054be7909dd7818cad155bef2,176,685,15988,トドマツ,マツ科,exact_japanese_name,include,2026-07-11,PDF原本の寄主植物一覧（冊子p.685）で植物見出しと掲載和名を目視確認。
KDB175183-0012,species-22251,ヨツスジハナカミキリ 基亜種,ヨツスジハナカミキリ,日本産カミキリムシ,日本産カミキリムシ_compressed.pdf,52299895c14c1fd1c74279dca00f6fd9ba64d36d69e3bf3dd9c3a29a92802e77,efb17b5912fbb2c144dab4d99924dbc341e8f64054be7909dd7818cad155bef2,176,685,15988,トドマツ,マツ科,exact_derived_base_name,needs_review,2026-07-11,索引画像で「ヨツスジハナカミキリ Leptura ochraceofasciata ochraceofasciata」を確認。種解説（冊子p.406-407）と現行同種群を照合したが、種解説の名義亜種分布は五島列島を含むが、現行CSVでは2018年記載の五島列島亜種が分離済み。索引レコードに産地がなく現行基亜種へ配分不能。
kamikiri-host-index-p176-l15988-species-22261,species-22261,オオヨツスジハナカミキリ,オオヨツスジハナカミキリ,日本産カミキリムシ,日本産カミキリムシ_compressed.pdf,52299895c14c1fd1c74279dca00f6fd9ba64d36d69e3bf3dd9c3a29a92802e77,efb17b5912fbb2c144dab4d99924dbc341e8f64054be7909dd7818cad155bef2,176,685,15988,トドマツ,マツ科,reviewed_source_crosswalk,include,2026-07-11,PDF原本の寄主植物一覧（冊子p.685）で植物見出しと掲載和名を目視確認。
kamikiri-host-index-p176-l15988-species-22263,species-22263,クロオオハナカミキリ,クロオオハナカミキリ,日本産カミキリムシ,日本産カミキリムシ_compressed.pdf,52299895c14c1fd1c74279dca00f6fd9ba64d36d69e3bf3dd9c3a29a92802e77,efb17b5912fbb2c144dab4d99924dbc341e8f64054be7909dd7818cad155bef2,176,685,15988,トドマツ,マツ科,exact_japanese_name,include,2026-07-11,PDF原本の寄主植物一覧（冊子p.685）で植物見出しと掲載和名を目視確認。
kamikiri-host-index-p176-l15988-species-22299,species-22299,アカハナカミキリ,アカハナカミキリ,日本産カミキリムシ,日本産カミキリムシ_compressed.pdf,52299895c14c1fd1c74279dca00f6fd9ba64d36d69e3bf3dd9c3a29a92802e77,efb17b5912fbb2c144dab4d99924dbc341e8f64054be7909dd7818cad155bef2,176,685,15988,トドマツ,マツ科,reviewed_source_crosswalk,include,2026-07-11,PDF原本の寄主植物一覧（冊子p.685）で植物見出しと掲載和名を目視確認。
kamikiri-host-index-p176-l15988-species-22304,species-22304,ブチヒゲハナカミキリ,ブチヒゲハナカミキリ,日本産カミキリムシ,日本産カミキリムシ_compressed.pdf,52299895c14c1fd1c74279dca00f6fd9ba64d36d69e3bf3dd9c3a29a92802e77,efb17b5912fbb2c144dab4d99924dbc341e8f64054be7909dd7818cad155bef2,176,685,15988,トドマツ,マツ科,exact_japanese_name,include,2026-07-11,PDF原本の寄主植物一覧（冊子p.685）で植物見出しと掲載和名を目視確認。
KDB175183-0011,species-22454,エゾハイイロハナカミキリ 基亜種,エゾハイイロハナカミキリ,日本産カミキリムシ,日本産カミキリムシ_compressed.pdf,52299895c14c1fd1c74279dca00f6fd9ba64d36d69e3bf3dd9c3a29a92802e77,efb17b5912fbb2c144dab4d99924dbc341e8f64054be7909dd7818cad155bef2,176,685,15988,トドマツ,マツ科,exact_derived_base_name,include,2026-07-11,索引画像で「エゾハイイロハナカミキリ Rhagium heyrovskyi heyrovskyi」を確認。種解説（冊子p.352-353）と現行同種群を照合し、名義亜種または原典で別名の近縁群から区別された当該分類群として現行IDへ帰属可能。
kamikiri-host-index-p176-l15988-species-22456,species-22456,ハイイロハナカミキリ,ハイイロハナカミキリ,日本産カミキリムシ,日本産カミキリムシ_compressed.pdf,52299895c14c1fd1c74279dca00f6fd9ba64d36d69e3bf3dd9c3a29a92802e77,efb17b5912fbb2c144dab4d99924dbc341e8f64054be7909dd7818cad155bef2,176,685,15988,トドマツ,マツ科,exact_japanese_name,include,2026-07-11,PDF原本の寄主植物一覧（冊子p.685）で植物見出しと掲載和名を目視確認。
kamikiri-host-index-p176-l15988-species-22460,species-22460,アラメハナカミキリ,アラメハナカミキリ,日本産カミキリムシ,日本産カミキリムシ_compressed.pdf,52299895c14c1fd1c74279dca00f6fd9ba64d36d69e3bf3dd9c3a29a92802e77,efb17b5912fbb2c144dab4d99924dbc341e8f64054be7909dd7818cad155bef2,176,685,15988,トドマツ,マツ科,exact_japanese_name,include,2026-07-11,PDF原本の寄主植物一覧（冊子p.685）で植物見出しと掲載和名を目視確認。
kamikiri-host-index-p176-l15988-species-22463,species-22463,サビカミキリ,サビカミキリ,日本産カミキリムシ,日本産カミキリムシ_compressed.pdf,52299895c14c1fd1c74279dca00f6fd9ba64d36d69e3bf3dd9c3a29a92802e77,efb17b5912fbb2c144dab4d99924dbc341e8f64054be7909dd7818cad155bef2,176,685,15988,トドマツ,マツ科,exact_japanese_name,include,2026-07-11,PDF原本の寄主植物一覧（冊子p.685）で植物見出しと掲載和名を目視確認。
kamikiri-host-index-p176-l15988-species-22466,species-22466,ヒメマルクビヒラタカミキリ,ヒメマルクビヒラタカミキリ,日本産カミキリムシ,日本産カミキリムシ_compressed.pdf,52299895c14c1fd1c74279dca00f6fd9ba64d36d69e3bf3dd9c3a29a92802e77,efb17b5912fbb2c144dab4d99924dbc341e8f64054be7909dd7818cad155bef2,176,685,15988,トドマツ,マツ科,exact_japanese_name,include,2026-07-11,PDF原本の寄主植物一覧（冊子p.685）で植物見出しと掲載和名を目視確認。
kamikiri-host-index-p176-l15988-species-22471,species-22471,オオクロカミキリ,オオクロカミキリ,日本産カミキリムシ,日本産カミキリムシ_compressed.pdf,52299895c14c1fd1c74279dca00f6fd9ba64d36d69e3bf3dd9c3a29a92802e77,efb17b5912fbb2c144dab4d99924dbc341e8f64054be7909dd7818cad155bef2,176,685,15988,トドマツ,マツ科,exact_japanese_name,include,2026-07-11,PDF原本の寄主植物一覧（冊子p.685）で植物見出しと掲載和名を目視確認。
kamikiri-host-index-p176-l15988-species-22474,species-22474,トドマツカミキリ,トドマツカミキリ,日本産カミキリムシ,日本産カミキリムシ_compressed.pdf,52299895c14c1fd1c74279dca00f6fd9ba64d36d69e3bf3dd9c3a29a92802e77,efb17b5912fbb2c144dab4d99924dbc341e8f64054be7909dd7818cad155bef2,176,685,15988,トドマツ,マツ科,reviewed_source_crosswalk,include,2026-07-11,PDF原本の寄主植物一覧（冊子p.685）で植物見出しと掲載和名を目視確認。
kamikiri-host-index-p176-l15988-species-22482,species-22482,ヒゲナガモモブトカミキリ,ヒゲナガモモブトカミキリ,日本産カミキリムシ,日本産カミキリムシ_compressed.pdf,52299895c14c1fd1c74279dca00f6fd9ba64d36d69e3bf3dd9c3a29a92802e77,efb17b5912fbb2c144dab4d99924dbc341e8f64054be7909dd7818cad155bef2,176,685,15988,トドマツ,マツ科,reviewed_source_crosswalk,include,2026-07-11,PDF原本の寄主植物一覧（冊子p.685）で植物見出しと掲載和名を目視確認。
kamikiri-host-index-p176-l15988-species-22484,species-22484,カラフトモモブトカミキリ,カラフトモモブトカミキリ,日本産カミキリムシ,日本産カミキリムシ_compressed.pdf,52299895c14c1fd1c74279dca00f6fd9ba64d36d69e3bf3dd9c3a29a92802e77,efb17b5912fbb2c144dab4d99924dbc341e8f64054be7909dd7818cad155bef2,176,685,15988,トドマツ,マツ科,exact_japanese_name,include,2026-07-11,PDF原本の寄主植物一覧（冊子p.685）で植物見出しと掲載和名を目視確認。
KDB175183-0014,species-22673,ミヤマチビコブカミキリ 基亜種,ミヤマチビコブカミキリ,日本産カミキリムシ,日本産カミキリムシ_compressed.pdf,52299895c14c1fd1c74279dca00f6fd9ba64d36d69e3bf3dd9c3a29a92802e77,efb17b5912fbb2c144dab4d99924dbc341e8f64054be7909dd7818cad155bef2,176,685,15988,トドマツ,マツ科,exact_derived_base_name,include,2026-07-11,索引画像で「ミヤマチビコブカミキリ Miccolamia glabricula glabricula」を確認。種解説（冊子p.620-621）と現行同種群を照合し、名義亜種または原典で別名の近縁群から区別された当該分類群として現行IDへ帰属可能。
kamikiri-host-index-p176-l15988-species-22746,species-22746,センノカミキリ 基亜種,センノキカミキリ,日本産カミキリムシ,日本産カミキリムシ_compressed.pdf,52299895c14c1fd1c74279dca00f6fd9ba64d36d69e3bf3dd9c3a29a92802e77,efb17b5912fbb2c144dab4d99924dbc341e8f64054be7909dd7818cad155bef2,176,685,15988,トドマツ,マツ科,exact_alternative_name,include,2026-07-11,PDF原本の寄主植物一覧（冊子p.685）で植物見出しと掲載和名を目視確認。
kamikiri-host-index-p176-l15988-species-22779,species-22779,ヒゲナガカミキリ,ヒゲナガカミキリ,日本産カミキリムシ,日本産カミキリムシ_compressed.pdf,52299895c14c1fd1c74279dca00f6fd9ba64d36d69e3bf3dd9c3a29a92802e77,efb17b5912fbb2c144dab4d99924dbc341e8f64054be7909dd7818cad155bef2,176,685,15988,トドマツ,マツ科,exact_japanese_name,include,2026-07-11,PDF原本の寄主植物一覧（冊子p.685）で植物見出しと掲載和名を目視確認。
KDB175183-0013,species-22890,カタシロゴマフカミキリ 基亜種,カタシロゴマフカミキリ,日本産カミキリムシ,日本産カミキリムシ_compressed.pdf,52299895c14c1fd1c74279dca00f6fd9ba64d36d69e3bf3dd9c3a29a92802e77,efb17b5912fbb2c144dab4d99924dbc341e8f64054be7909dd7818cad155bef2,176,685,15988,トドマツ,マツ科,exact_derived_base_name,include,2026-07-11,索引画像で「カタシロゴマフカミキリ Mesosa hirsuta hirsuta」を確認。種解説（冊子p.520-521）と現行同種群を照合し、名義亜種または原典で別名の近縁群から区別された当該分類群として現行IDへ帰属可能。
kamikiri-host-index-p176-l15988-species-23060,species-23060,ヤツボシカミキリ,ヤツボシカミキリ,日本産カミキリムシ,日本産カミキリムシ_compressed.pdf,52299895c14c1fd1c74279dca00f6fd9ba64d36d69e3bf3dd9c3a29a92802e77,efb17b5912fbb2c144dab4d99924dbc341e8f64054be7909dd7818cad155bef2,176,685,15988,トドマツ,マツ科,exact_japanese_name,needs_review,2026-07-11,PDF原本では当該掲載和名・学名の後に「?」が付記されており、寄主記録の確度を要確認。
kamikiri-host-index-p176-l16021-species-22782,species-22782,シラフヒゲナガカミキリ,シラフヒゲナガカミキリ,日本産カミキリムシ,日本産カミキリムシ_compressed.pdf,52299895c14c1fd1c74279dca00f6fd9ba64d36d69e3bf3dd9c3a29a92802e77,efb17b5912fbb2c144dab4d99924dbc341e8f64054be7909dd7818cad155bef2,176,685,16021,シコクシラベ,マツ科,exact_japanese_name,include,2026-07-11,PDF原本の寄主植物一覧（冊子p.685）で植物見出しと掲載和名を目視確認。
kamikiri-host-index-p176-l16024-species-22027,species-22027,オオトラカミキリ,オオトラカミキリ,日本産カミキリムシ,日本産カミキリムシ_compressed.pdf,52299895c14c1fd1c74279dca00f6fd9ba64d36d69e3bf3dd9c3a29a92802e77,efb17b5912fbb2c144dab4d99924dbc341e8f64054be7909dd7818cad155bef2,176,685,16024,シラビソ,マツ科,exact_japanese_name,include,2026-07-11,OCR誤読「シラビン」をPDF見出し「シラビソ」へ訂正。掲載和名も同植物欄で目視確認。
kamikiri-host-index-p176-l16024-species-22276,species-22276,マルガタハナカミキリ,マルガタハナカミキリ,日本産カミキリムシ,日本産カミキリムシ_compressed.pdf,52299895c14c1fd1c74279dca00f6fd9ba64d36d69e3bf3dd9c3a29a92802e77,efb17b5912fbb2c144dab4d99924dbc341e8f64054be7909dd7818cad155bef2,176,685,16024,シラビソ,マツ科,exact_japanese_name,include,2026-07-11,OCR誤読「シラビン」をPDF見出し「シラビソ」へ訂正。掲載和名も同植物欄で目視確認。
kamikiri-host-index-p176-l16024-species-22299,species-22299,アカハナカミキリ,アカハナカミキリ,日本産カミキリムシ,日本産カミキリムシ_compressed.pdf,52299895c14c1fd1c74279dca00f6fd9ba64d36d69e3bf3dd9c3a29a92802e77,efb17b5912fbb2c144dab4d99924dbc341e8f64054be7909dd7818cad155bef2,176,685,16024,シラビソ,マツ科,reviewed_source_crosswalk,include,2026-07-11,OCR誤読「シラビン」をPDF見出し「シラビソ」へ訂正。掲載和名も同植物欄で目視確認。
kamikiri-host-index-p176-l16024-species-22456,species-22456,ハイイロハナカミキリ,ハイイロハナカミキリ,日本産カミキリムシ,日本産カミキリムシ_compressed.pdf,52299895c14c1fd1c74279dca00f6fd9ba64d36d69e3bf3dd9c3a29a92802e77,efb17b5912fbb2c144dab4d99924dbc341e8f64054be7909dd7818cad155bef2,176,685,16024,シラビソ,マツ科,exact_japanese_name,include,2026-07-11,OCR誤読「シラビン」をPDF見出し「シラビソ」へ訂正。掲載和名も同植物欄で目視確認。
kamikiri-host-index-p176-l16024-species-22474,species-22474,トドマツカミキリ,トドマツカミキリ,日本産カミキリムシ,日本産カミキリムシ_compressed.pdf,52299895c14c1fd1c74279dca00f6fd9ba64d36d69e3bf3dd9c3a29a92802e77,efb17b5912fbb2c144dab4d99924dbc341e8f64054be7909dd7818cad155bef2,176,685,16024,シラビソ,マツ科,reviewed_source_crosswalk,include,2026-07-11,OCR誤読「シラビン」をPDF見出し「シラビソ」へ訂正。掲載和名も同植物欄で目視確認。
kamikiri-host-index-p176-l16024-species-22515,species-22515,トゲバカミキリ,トゲバカミキリ,日本産カミキリムシ,日本産カミキリムシ_compressed.pdf,52299895c14c1fd1c74279dca00f6fd9ba64d36d69e3bf3dd9c3a29a92802e77,efb17b5912fbb2c144dab4d99924dbc341e8f64054be7909dd7818cad155bef2,176,685,16024,シラビソ,マツ科,exact_japanese_name,include,2026-07-11,OCR誤読「シラビン」をPDF見出し「シラビソ」へ訂正。掲載和名も同植物欄で目視確認。
kamikiri-host-index-p176-l16024-species-22779,species-22779,ヒゲナガカミキリ,ヒゲナガカミキリ,日本産カミキリムシ,日本産カミキリムシ_compressed.pdf,52299895c14c1fd1c74279dca00f6fd9ba64d36d69e3bf3dd9c3a29a92802e77,efb17b5912fbb2c144dab4d99924dbc341e8f64054be7909dd7818cad155bef2,176,685,16024,シラビソ,マツ科,exact_japanese_name,include,2026-07-11,OCR誤読「シラビン」をPDF見出し「シラビソ」へ訂正。掲載和名も同植物欄で目視確認。
kamikiri-host-index-p176-l16024-species-22782,species-22782,シラフヒゲナガカミキリ,シラフヒゲナガカミキリ,日本産カミキリムシ,日本産カミキリムシ_compressed.pdf,52299895c14c1fd1c74279dca00f6fd9ba64d36d69e3bf3dd9c3a29a92802e77,efb17b5912fbb2c144dab4d99924dbc341e8f64054be7909dd7818cad155bef2,176,685,16024,シラビソ,マツ科,exact_japanese_name,include,2026-07-11,OCR誤読「シラビン」をPDF見出し「シラビソ」へ訂正。掲載和名も同植物欄で目視確認。
KDB175183-0015,species-23007,シラホシカミキリ 基亜種,シラホシカミキリ,日本産カミキリムシ,日本産カミキリムシ_compressed.pdf,52299895c14c1fd1c74279dca00f6fd9ba64d36d69e3bf3dd9c3a29a92802e77,efb17b5912fbb2c144dab4d99924dbc341e8f64054be7909dd7818cad155bef2,176,685,16024,シラビソ,マツ科,exact_derived_base_name,include,2026-07-11,索引画像で「シラホシカミキリ Glenea relicta relicta」を確認。種解説（冊子p.662-663）と現行同種群を照合し、名義亜種または原典で別名の近縁群から区別された当該分類群として現行IDへ帰属可能。 植物見出しOCR「シラビン」を画像から「シラビソ」に補正。
kamikiri-host-index-p176-l16024-species-23058,species-23058,ヘリグロアオカミキリ,ヘリグロアオカミキリ,日本産カミキリムシ,日本産カミキリムシ_compressed.pdf,52299895c14c1fd1c74279dca00f6fd9ba64d36d69e3bf3dd9c3a29a92802e77,efb17b5912fbb2c144dab4d99924dbc341e8f64054be7909dd7818cad155bef2,176,685,16024,シラビソ,マツ科,exact_japanese_name,include,2026-07-11,OCR誤読「シラビン」をPDF見出し「シラビソ」へ訂正。掲載和名も同植物欄で目視確認。
KDB175183-0016,1-1,ウスバカミキリ 基亜種,ウスバカミキリ,日本産カミキリムシ,日本産カミキリムシ_compressed.pdf,52299895c14c1fd1c74279dca00f6fd9ba64d36d69e3bf3dd9c3a29a92802e77,efb17b5912fbb2c144dab4d99924dbc341e8f64054be7909dd7818cad155bef2,176,685,16031,モミ類,マツ科,exact_derived_base_name,needs_review,2026-07-11,索引画像で「ウスバカミキリ Megopis sinica sinica」を確認。種解説（冊子p.340-341）と現行同種群を照合したが、種解説の名義亜種範囲は奄美・沖縄個体群を含むが、現行CSVでは2018年記載の奄美沖縄亜種 adachii が分離済み。索引レコードに産地がなく現行基亜種へ配分不能。
kamikiri-host-index-p176-l16031-species-21885,species-21885,アオヒメスギカミキリ,アオヒメスギカミキリ,日本産カミキリムシ,日本産カミキリムシ_compressed.pdf,52299895c14c1fd1c74279dca00f6fd9ba64d36d69e3bf3dd9c3a29a92802e77,efb17b5912fbb2c144dab4d99924dbc341e8f64054be7909dd7818cad155bef2,176,685,16031,モミ類,マツ科,reviewed_source_crosswalk,include,2026-07-11,PDF原本の寄主植物一覧（冊子p.685）で植物見出しと掲載和名を目視確認。
kamikiri-host-index-p176-l16031-species-21916,species-21916,テツイロヒメカミキリ,テツイロヒメカミキリ,日本産カミキリムシ,日本産カミキリムシ_compressed.pdf,52299895c14c1fd1c74279dca00f6fd9ba64d36d69e3bf3dd9c3a29a92802e77,efb17b5912fbb2c144dab4d99924dbc341e8f64054be7909dd7818cad155bef2,176,685,16031,モミ類,マツ科,exact_japanese_name,include,2026-07-11,PDF原本の寄主植物一覧（冊子p.685）で植物見出しと掲載和名を目視確認。
kamikiri-host-index-p176-l16031-species-22065,species-22065,マルクビケマダラカミキリ,マルクビケマダラカミキリ,日本産カミキリムシ,日本産カミキリムシ_compressed.pdf,52299895c14c1fd1c74279dca00f6fd9ba64d36d69e3bf3dd9c3a29a92802e77,efb17b5912fbb2c144dab4d99924dbc341e8f64054be7909dd7818cad155bef2,176,685,16031,モミ類,マツ科,exact_japanese_name,include,2026-07-11,PDF原本の寄主植物一覧（冊子p.685）で植物見出しと掲載和名を目視確認。
kamikiri-host-index-p176-l16031-species-22456,species-22456,ハイイロハナカミキリ,ハイイロハナカミキリ,日本産カミキリムシ,日本産カミキリムシ_compressed.pdf,52299895c14c1fd1c74279dca00f6fd9ba64d36d69e3bf3dd9c3a29a92802e77,efb17b5912fbb2c144dab4d99924dbc341e8f64054be7909dd7818cad155bef2,176,685,16031,モミ類,マツ科,exact_japanese_name,include,2026-07-11,PDF原本の寄主植物一覧（冊子p.685）で植物見出しと掲載和名を目視確認。
kamikiri-host-index-p176-l16031-species-22471,species-22471,オオクロカミキリ,オオクロカミキリ,日本産カミキリムシ,日本産カミキリムシ_compressed.pdf,52299895c14c1fd1c74279dca00f6fd9ba64d36d69e3bf3dd9c3a29a92802e77,efb17b5912fbb2c144dab4d99924dbc341e8f64054be7909dd7818cad155bef2,176,685,16031,モミ類,マツ科,exact_japanese_name,include,2026-07-11,PDF原本の寄主植物一覧（冊子p.685）で植物見出しと掲載和名を目視確認。
kamikiri-host-index-p176-l16031-species-22777,species-22777,マツノマダラカミキリ,マツノマダラカミキリ,日本産カミキリムシ,日本産カミキリムシ_compressed.pdf,52299895c14c1fd1c74279dca00f6fd9ba64d36d69e3bf3dd9c3a29a92802e77,efb17b5912fbb2c144dab4d99924dbc341e8f64054be7909dd7818cad155bef2,176,685,16031,モミ類,マツ科,exact_japanese_name,include,2026-07-11,PDF原本の寄主植物一覧（冊子p.685）で植物見出しと掲載和名を目視確認。
kamikiri-host-index-p176-l16031-species-22779,species-22779,ヒゲナガカミキリ,ヒゲナガカミキリ,日本産カミキリムシ,日本産カミキリムシ_compressed.pdf,52299895c14c1fd1c74279dca00f6fd9ba64d36d69e3bf3dd9c3a29a92802e77,efb17b5912fbb2c144dab4d99924dbc341e8f64054be7909dd7818cad155bef2,176,685,16031,モミ類,マツ科,exact_japanese_name,include,2026-07-11,PDF原本の寄主植物一覧（冊子p.685）で植物見出しと掲載和名を目視確認。
kamikiri-host-index-p176-l16031-species-22782,species-22782,シラフヒゲナガカミキリ,シラフヒゲナガカミキリ,日本産カミキリムシ,日本産カミキリムシ_compressed.pdf,52299895c14c1fd1c74279dca00f6fd9ba64d36d69e3bf3dd9c3a29a92802e77,efb17b5912fbb2c144dab4d99924dbc341e8f64054be7909dd7818cad155bef2,176,685,16031,モミ類,マツ科,exact_japanese_name,include,2026-07-11,PDF原本の寄主植物一覧（冊子p.685）で植物見出しと掲載和名を目視確認。
kamikiri-host-index-p177-l16045-species-22783,species-22783,シラフヨツボシヒゲナガカミキリ,シラフヨツボシヒゲナガカミキリ,日本産カミキリムシ,日本産カミキリムシ_compressed.pdf,52299895c14c1fd1c74279dca00f6fd9ba64d36d69e3bf3dd9c3a29a92802e77,efb17b5912fbb2c144dab4d99924dbc341e8f64054be7909dd7818cad155bef2,177,686,16045,グイマツ,マツ科,exact_japanese_name,include,2026-07-11,OCR誤読「ダイマツ」をPDF見出し「グイマツ」へ訂正。掲載和名も同植物欄で目視確認。原典は植栽記録。
kamikiri-host-index-p177-l16048-species-21877,species-21877,ミドリカミキリ,ミドリカミキリ,日本産カミキリムシ,日本産カミキリムシ_compressed.pdf,52299895c14c1fd1c74279dca00f6fd9ba64d36d69e3bf3dd9c3a29a92802e77,efb17b5912fbb2c144dab4d99924dbc341e8f64054be7909dd7818cad155bef2,177,686,16048,カラマツ,マツ科,exact_japanese_name,include,2026-07-11,PDF原本の寄主植物一覧（冊子p.686）で植物見出しと掲載和名を目視確認。
kamikiri-host-index-p177-l16048-species-21883,species-21883,ルリヒラタカミキリ,ルリヒラタカミキリ,日本産カミキリムシ,日本産カミキリムシ_compressed.pdf,52299895c14c1fd1c74279dca00f6fd9ba64d36d69e3bf3dd9c3a29a92802e77,efb17b5912fbb2c144dab4d99924dbc341e8f64054be7909dd7818cad155bef2,177,686,16048,カラマツ,マツ科,exact_japanese_name,include,2026-07-11,PDF原本の寄主植物一覧（冊子p.686）で植物見出しと掲載和名を目視確認。
kamikiri-host-index-p177-l16048-species-21899,species-21899,ビャクシンカミキリ,ビャクシンカミキリ,日本産カミキリムシ,日本産カミキリムシ_compressed.pdf,52299895c14c1fd1c74279dca00f6fd9ba64d36d69e3bf3dd9c3a29a92802e77,efb17b5912fbb2c144dab4d99924dbc341e8f64054be7909dd7818cad155bef2,177,686,16048,カラマツ,マツ科,exact_japanese_name,include,2026-07-11,PDF原本の寄主植物一覧（冊子p.686）で植物見出しと掲載和名を目視確認。
KDB175183-0018,species-21900,スギカミキリ 基亜種,ヒメスギカミキリ,日本産カミキリムシ,日本産カミキリムシ_compressed.pdf,52299895c14c1fd1c74279dca00f6fd9ba64d36d69e3bf3dd9c3a29a92802e77,efb17b5912fbb2c144dab4d99924dbc341e8f64054be7909dd7818cad155bef2,177,686,16048,カラマツ,マツ科,exact_derived_base_name,exclude_ocr_or_boundary,2026-07-11,索引画像では改行前後を合わせた種名が「ヒメスギカミキリ Callidiellum rufipenne」。改行後半の「スギカミキリ」だけを抽出したOCR誤りで、Semanotus japonicus ではない。
kamikiri-host-index-p177-l16048-species-21976,species-21976,キスジトラカミキリ,キスジトラカミキリ,日本産カミキリムシ,日本産カミキリムシ_compressed.pdf,52299895c14c1fd1c74279dca00f6fd9ba64d36d69e3bf3dd9c3a29a92802e77,efb17b5912fbb2c144dab4d99924dbc341e8f64054be7909dd7818cad155bef2,177,686,16048,カラマツ,マツ科,exact_japanese_name,include,2026-07-11,PDF原本の寄主植物一覧（冊子p.686）で植物見出しと掲載和名を目視確認。
KDB175183-0019,species-22022,ヒメクロトラカミキリ 基亜種,ヒメクロトラカミキリ,日本産カミキリムシ,日本産カミキリムシ_compressed.pdf,52299895c14c1fd1c74279dca00f6fd9ba64d36d69e3bf3dd9c3a29a92802e77,efb17b5912fbb2c144dab4d99924dbc341e8f64054be7909dd7818cad155bef2,177,686,16048,カラマツ,マツ科,exact_derived_base_name,include,2026-07-11,索引画像で「ヒメクロトラカミキリ Rhaphuma diminuta diminuta」を確認。種解説（冊子p.502-504）と現行同種群を照合し、名義亜種または原典で別名の近縁群から区別された当該分類群として現行IDへ帰属可能。
kamikiri-host-index-p177-l16048-species-22046,species-22046,ニイジマトラカミキリ,ニイジマトラカミキリ,日本産カミキリムシ,日本産カミキリムシ_compressed.pdf,52299895c14c1fd1c74279dca00f6fd9ba64d36d69e3bf3dd9c3a29a92802e77,efb17b5912fbb2c144dab4d99924dbc341e8f64054be7909dd7818cad155bef2,177,686,16048,カラマツ,マツ科,exact_japanese_name,include,2026-07-11,PDF原本の寄主植物一覧（冊子p.686）で植物見出しと掲載和名を目視確認。
kamikiri-host-index-p177-l16048-species-22185,species-22185,カラカネハナカミキリ,カラカネハナカミキリ,日本産カミキリムシ,日本産カミキリムシ_compressed.pdf,52299895c14c1fd1c74279dca00f6fd9ba64d36d69e3bf3dd9c3a29a92802e77,efb17b5912fbb2c144dab4d99924dbc341e8f64054be7909dd7818cad155bef2,177,686,16048,カラマツ,マツ科,exact_japanese_name,include,2026-07-11,PDF原本の寄主植物一覧（冊子p.686）で植物見出しと掲載和名を目視確認。
kamikiri-host-index-p177-l16048-species-22216,species-22216,フタスジハナカミキリ,フタスジハナカミキリ,日本産カミキリムシ,日本産カミキリムシ_compressed.pdf,52299895c14c1fd1c74279dca00f6fd9ba64d36d69e3bf3dd9c3a29a92802e77,efb17b5912fbb2c144dab4d99924dbc341e8f64054be7909dd7818cad155bef2,177,686,16048,カラマツ,マツ科,exact_japanese_name,include,2026-07-11,PDF原本の寄主植物一覧（冊子p.686）で植物見出しと掲載和名を目視確認。
KDB175183-0017,species-22229,ヌバタマハナカミキリ 基亜種,ヌバタマハナカミキリ,日本産カミキリムシ,日本産カミキリムシ_compressed.pdf,52299895c14c1fd1c74279dca00f6fd9ba64d36d69e3bf3dd9c3a29a92802e77,efb17b5912fbb2c144dab4d99924dbc341e8f64054be7909dd7818cad155bef2,177,686,16048,カラマツ,マツ科,exact_derived_base_name,include,2026-07-11,索引画像で「ヌバタマハナカミキリ Judolidia bangi」を確認。種解説（冊子p.398-399）と現行同種群を照合し、名義亜種または原典で別名の近縁群から区別された当該分類群として現行IDへ帰属可能。
kamikiri-host-index-p177-l16048-species-22265,species-22265,ムナミゾハナカミキリ,ムナミゾハナカミキリ,日本産カミキリムシ,日本産カミキリムシ_compressed.pdf,52299895c14c1fd1c74279dca00f6fd9ba64d36d69e3bf3dd9c3a29a92802e77,efb17b5912fbb2c144dab4d99924dbc341e8f64054be7909dd7818cad155bef2,177,686,16048,カラマツ,マツ科,exact_japanese_name,include,2026-07-11,PDF原本の寄主植物一覧（冊子p.686）で植物見出しと掲載和名を目視確認。
kamikiri-host-index-p177-l16048-species-22276,species-22276,マルガタハナカミキリ,マルガタハナカミキリ,日本産カミキリムシ,日本産カミキリムシ_compressed.pdf,52299895c14c1fd1c74279dca00f6fd9ba64d36d69e3bf3dd9c3a29a92802e77,efb17b5912fbb2c144dab4d99924dbc341e8f64054be7909dd7818cad155bef2,177,686,16048,カラマツ,マツ科,exact_japanese_name,include,2026-07-11,PDF原本の寄主植物一覧（冊子p.686）で植物見出しと掲載和名を目視確認。
kamikiri-host-index-p177-l16048-species-22299,species-22299,アカハナカミキリ,アカハナカミキリ,日本産カミキリムシ,日本産カミキリムシ_compressed.pdf,52299895c14c1fd1c74279dca00f6fd9ba64d36d69e3bf3dd9c3a29a92802e77,efb17b5912fbb2c144dab4d99924dbc341e8f64054be7909dd7818cad155bef2,177,686,16048,カラマツ,マツ科,reviewed_source_crosswalk,include,2026-07-11,PDF原本の寄主植物一覧（冊子p.686）で植物見出しと掲載和名を目視確認。
kamikiri-host-index-p177-l16048-species-22456,species-22456,ハイイロハナカミキリ,ハイイロハナカミキリ,日本産カミキリムシ,日本産カミキリムシ_compressed.pdf,52299895c14c1fd1c74279dca00f6fd9ba64d36d69e3bf3dd9c3a29a92802e77,efb17b5912fbb2c144dab4d99924dbc341e8f64054be7909dd7818cad155bef2,177,686,16048,カラマツ,マツ科,exact_japanese_name,include,2026-07-11,PDF原本の寄主植物一覧（冊子p.686）で植物見出しと掲載和名を目視確認。
kamikiri-host-index-p177-l16048-species-22460,species-22460,アラメハナカミキリ,アラメハナカミキリ,日本産カミキリムシ,日本産カミキリムシ_compressed.pdf,52299895c14c1fd1c74279dca00f6fd9ba64d36d69e3bf3dd9c3a29a92802e77,efb17b5912fbb2c144dab4d99924dbc341e8f64054be7909dd7818cad155bef2,177,686,16048,カラマツ,マツ科,exact_japanese_name,include,2026-07-11,PDF原本の寄主植物一覧（冊子p.686）で植物見出しと掲載和名を目視確認。
kamikiri-host-index-p177-l16048-species-22463,species-22463,サビカミキリ,サビカミキリ,日本産カミキリムシ,日本産カミキリムシ_compressed.pdf,52299895c14c1fd1c74279dca00f6fd9ba64d36d69e3bf3dd9c3a29a92802e77,efb17b5912fbb2c144dab4d99924dbc341e8f64054be7909dd7818cad155bef2,177,686,16048,カラマツ,マツ科,exact_japanese_name,include,2026-07-11,PDF原本の寄主植物一覧（冊子p.686）で植物見出しと掲載和名を目視確認。
kamikiri-host-index-p177-l16048-species-22466,species-22466,ヒメマルクビヒラタカミキリ,ヒメマルクビヒラタカミキリ,日本産カミキリムシ,日本産カミキリムシ_compressed.pdf,52299895c14c1fd1c74279dca00f6fd9ba64d36d69e3bf3dd9c3a29a92802e77,efb17b5912fbb2c144dab4d99924dbc341e8f64054be7909dd7818cad155bef2,177,686,16048,カラマツ,マツ科,exact_japanese_name,include,2026-07-11,PDF原本の寄主植物一覧（冊子p.686）で植物見出しと掲載和名を目視確認。
kamikiri-host-index-p177-l16048-species-22467,species-22467,オオマルクビヒラタカミキリ,オオマルクビヒラタカミキリ,日本産カミキリムシ,日本産カミキリムシ_compressed.pdf,52299895c14c1fd1c74279dca00f6fd9ba64d36d69e3bf3dd9c3a29a92802e77,efb17b5912fbb2c144dab4d99924dbc341e8f64054be7909dd7818cad155bef2,177,686,16048,カラマツ,マツ科,reviewed_source_crosswalk,include,2026-07-11,PDF原本の寄主植物一覧（冊子p.686）で植物見出しと掲載和名を目視確認。
kamikiri-host-index-p177-l16048-species-22471,species-22471,オオクロカミキリ,オオクロカミキリ,日本産カミキリムシ,日本産カミキリムシ_compressed.pdf,52299895c14c1fd1c74279dca00f6fd9ba64d36d69e3bf3dd9c3a29a92802e77,efb17b5912fbb2c144dab4d99924dbc341e8f64054be7909dd7818cad155bef2,177,686,16048,カラマツ,マツ科,exact_japanese_name,include,2026-07-11,PDF原本の寄主植物一覧（冊子p.686）で植物見出しと掲載和名を目視確認。
kamikiri-host-index-p177-l16048-species-22474,species-22474,トドマツカミキリ,トドマツカミキリ,日本産カミキリムシ,日本産カミキリムシ_compressed.pdf,52299895c14c1fd1c74279dca00f6fd9ba64d36d69e3bf3dd9c3a29a92802e77,efb17b5912fbb2c144dab4d99924dbc341e8f64054be7909dd7818cad155bef2,177,686,16048,カラマツ,マツ科,reviewed_source_crosswalk,include,2026-07-11,PDF原本の寄主植物一覧（冊子p.686）で植物見出しと掲載和名を目視確認。
kamikiri-host-index-p177-l16048-species-22480,species-22480,クロカミキリ,クロカミキリ,日本産カミキリムシ,日本産カミキリムシ_compressed.pdf,52299895c14c1fd1c74279dca00f6fd9ba64d36d69e3bf3dd9c3a29a92802e77,efb17b5912fbb2c144dab4d99924dbc341e8f64054be7909dd7818cad155bef2,177,686,16048,カラマツ,マツ科,reviewed_source_crosswalk,include,2026-07-11,PDF原本の寄主植物一覧（冊子p.686）で植物見出しと掲載和名を目視確認。
kamikiri-host-index-p177-l16048-species-22482,species-22482,ヒゲナガモモブトカミキリ,ヒゲナガモモブトカミキリ,日本産カミキリムシ,日本産カミキリムシ_compressed.pdf,52299895c14c1fd1c74279dca00f6fd9ba64d36d69e3bf3dd9c3a29a92802e77,efb17b5912fbb2c144dab4d99924dbc341e8f64054be7909dd7818cad155bef2,177,686,16048,カラマツ,マツ科,reviewed_source_crosswalk,include,2026-07-11,PDF原本の寄主植物一覧（冊子p.686）で植物見出しと掲載和名を目視確認。
kamikiri-host-index-p177-l16048-species-22484,species-22484,カラフトモモブトカミキリ,カラフトモモブトカミキリ,日本産カミキリムシ,日本産カミキリムシ_compressed.pdf,52299895c14c1fd1c74279dca00f6fd9ba64d36d69e3bf3dd9c3a29a92802e77,efb17b5912fbb2c144dab4d99924dbc341e8f64054be7909dd7818cad155bef2,177,686,16048,カラマツ,マツ科,exact_japanese_name,include,2026-07-11,PDF原本の寄主植物一覧（冊子p.686）で植物見出しと掲載和名を目視確認。
kamikiri-host-index-p177-l16048-species-22498,species-22498,ゴマダラモモブトカミキリ,ゴマダラモモブトカミキリ,日本産カミキリムシ,日本産カミキリムシ_compressed.pdf,52299895c14c1fd1c74279dca00f6fd9ba64d36d69e3bf3dd9c3a29a92802e77,efb17b5912fbb2c144dab4d99924dbc341e8f64054be7909dd7818cad155bef2,177,686,16048,カラマツ,マツ科,exact_japanese_name,include,2026-07-11,PDF原本の寄主植物一覧（冊子p.686）で植物見出しと掲載和名を目視確認。
KDB175183-0021,species-22682,ドイカミキリ 基亜種,ドイカミキリ,日本産カミキリムシ,日本産カミキリムシ_compressed.pdf,52299895c14c1fd1c74279dca00f6fd9ba64d36d69e3bf3dd9c3a29a92802e77,efb17b5912fbb2c144dab4d99924dbc341e8f64054be7909dd7818cad155bef2,177,686,16048,カラマツ,マツ科,exact_derived_base_name,include,2026-07-11,索引画像で「ドイカミキリ Mimectatina divaricata divaricata」を確認。種解説（冊子p.624-625）と現行同種群を照合し、名義亜種または原典で別名の近縁群から区別された当該分類群として現行IDへ帰属可能。
KDB175183-0020,species-22735,ビロウドカミキリ 基亜種,ビロウドカミキリ,日本産カミキリムシ,日本産カミキリムシ_compressed.pdf,52299895c14c1fd1c74279dca00f6fd9ba64d36d69e3bf3dd9c3a29a92802e77,efb17b5912fbb2c144dab4d99924dbc341e8f64054be7909dd7818cad155bef2,177,686,16048,カラマツ,マツ科,exact_derived_base_name,include,2026-07-11,索引画像で「ビロウドカミキリ Acalolepta fraudatrix fraudatrix」を確認。種解説（冊子p.588-589）と現行同種群を照合し、名義亜種または原典で別名の近縁群から区別された当該分類群として現行IDへ帰属可能。
kamikiri-host-index-p177-l16048-species-22803,species-22803,タニグチコブヤハズカミキリ,タニグチコブヤハズカミキリ,日本産カミキリムシ,日本産カミキリムシ_compressed.pdf,52299895c14c1fd1c74279dca00f6fd9ba64d36d69e3bf3dd9c3a29a92802e77,efb17b5912fbb2c144dab4d99924dbc341e8f64054be7909dd7818cad155bef2,177,686,16048,カラマツ,マツ科,exact_japanese_name,include,2026-07-11,PDF原本の寄主植物一覧（冊子p.686）で植物見出しと掲載和名を目視確認。
kamikiri-host-index-p177-l16048-species-22842,species-22842,マルバネコブヒゲカミキリ,マルバネコブヒゲカミキリ,日本産カミキリムシ,日本産カミキリムシ_compressed.pdf,52299895c14c1fd1c74279dca00f6fd9ba64d36d69e3bf3dd9c3a29a92802e77,efb17b5912fbb2c144dab4d99924dbc341e8f64054be7909dd7818cad155bef2,177,686,16048,カラマツ,マツ科,exact_japanese_name,include,2026-07-11,PDF原本の寄主植物一覧（冊子p.686）で植物見出しと掲載和名を目視確認。
kamikiri-host-index-p177-l16048-species-22930,species-22930,ヒメシラオビカミキリ,ヒメシラオビカミキリ,日本産カミキリムシ,日本産カミキリムシ_compressed.pdf,52299895c14c1fd1c74279dca00f6fd9ba64d36d69e3bf3dd9c3a29a92802e77,efb17b5912fbb2c144dab4d99924dbc341e8f64054be7909dd7818cad155bef2,177,686,16048,カラマツ,マツ科,exact_japanese_name,include,2026-07-11,PDF原本の寄主植物一覧（冊子p.686）で植物見出しと掲載和名を目視確認。
kamikiri-host-index-p177-l16048-species-22941,species-22941,クワサビカミキリ,クワサビカミキリ,日本産カミキリムシ,日本産カミキリムシ_compressed.pdf,52299895c14c1fd1c74279dca00f6fd9ba64d36d69e3bf3dd9c3a29a92802e77,efb17b5912fbb2c144dab4d99924dbc341e8f64054be7909dd7818cad155bef2,177,686,16048,カラマツ,マツ科,exact_japanese_name,include,2026-07-11,PDF原本の寄主植物一覧（冊子p.686）で植物見出しと掲載和名を目視確認。
kamikiri-host-index-p177-l16048-species-22965,species-22965,アトモンサビカミキリ,アトモンサビカミキリ,日本産カミキリムシ,日本産カミキリムシ_compressed.pdf,52299895c14c1fd1c74279dca00f6fd9ba64d36d69e3bf3dd9c3a29a92802e77,efb17b5912fbb2c144dab4d99924dbc341e8f64054be7909dd7818cad155bef2,177,686,16048,カラマツ,マツ科,exact_japanese_name,include,2026-07-11,PDF原本の寄主植物一覧（冊子p.686）で植物見出しと掲載和名を目視確認。
KDB175183-0022,species-22988,ハンノアオカミキリ 基亜種,ハンノアオカミキリ,日本産カミキリムシ,日本産カミキリムシ_compressed.pdf,52299895c14c1fd1c74279dca00f6fd9ba64d36d69e3bf3dd9c3a29a92802e77,efb17b5912fbb2c144dab4d99924dbc341e8f64054be7909dd7818cad155bef2,177,686,16048,カラマツ,マツ科,exact_derived_base_name,include,2026-07-11,索引画像で「ハンノアオカミキリ Eutetrapha chrysochloris chrysochloris」を確認。種解説（冊子p.654-655）と現行同種群を照合し、名義亜種または原典で別名の近縁群から区別された当該分類群として現行IDへ帰属可能。
KDB175183-0023,species-23007,シラホシカミキリ 基亜種,シラホシカミキリ,日本産カミキリムシ,日本産カミキリムシ_compressed.pdf,52299895c14c1fd1c74279dca00f6fd9ba64d36d69e3bf3dd9c3a29a92802e77,efb17b5912fbb2c144dab4d99924dbc341e8f64054be7909dd7818cad155bef2,177,686,16048,カラマツ,マツ科,exact_derived_base_name,include,2026-07-11,索引画像で「シラホシカミキリ Glenea relicta relicta」を確認。種解説（冊子p.662-663）と現行同種群を照合し、名義亜種または原典で別名の近縁群から区別された当該分類群として現行IDへ帰属可能。
kamikiri-host-index-p177-l16048-species-23058,species-23058,ヘリグロアオカミキリ,ヘリグロアオカミキリ,日本産カミキリムシ,日本産カミキリムシ_compressed.pdf,52299895c14c1fd1c74279dca00f6fd9ba64d36d69e3bf3dd9c3a29a92802e77,efb17b5912fbb2c144dab4d99924dbc341e8f64054be7909dd7818cad155bef2,177,686,16048,カラマツ,マツ科,exact_japanese_name,include,2026-07-11,PDF原本の寄主植物一覧（冊子p.686）で植物見出しと掲載和名を目視確認。
KDB175183-0024,species-22251,ヨツスジハナカミキリ 基亜種,ヨツスジハナカミキリ,日本産カミキリムシ,日本産カミキリムシ_compressed.pdf,52299895c14c1fd1c74279dca00f6fd9ba64d36d69e3bf3dd9c3a29a92802e77,efb17b5912fbb2c144dab4d99924dbc341e8f64054be7909dd7818cad155bef2,177,686,16103,チョウセンカラマツ,マツ科,exact_derived_base_name,needs_review,2026-07-11,索引画像で「ヨツスジハナカミキリ Leptura ochraceofasciata ochraceofasciata」を確認。種解説（冊子p.406-407）と現行同種群を照合したが、種解説の名義亜種分布は五島列島を含むが、現行CSVでは2018年記載の五島列島亜種が分離済み。索引レコードに産地がなく現行基亜種へ配分不能。
kamikiri-host-index-p177-l16106-species-21883,species-21883,ルリヒラタカミキリ,ルリヒラタカミキリ,日本産カミキリムシ,日本産カミキリムシ_compressed.pdf,52299895c14c1fd1c74279dca00f6fd9ba64d36d69e3bf3dd9c3a29a92802e77,efb17b5912fbb2c144dab4d99924dbc341e8f64054be7909dd7818cad155bef2,177,686,16106,カラマツ類,マツ科,exact_japanese_name,include,2026-07-11,PDF原本の寄主植物一覧（冊子p.686）で植物見出しと掲載和名を目視確認。
kamikiri-host-index-p177-l16106-species-22474,species-22474,トドマツカミキリ,トドマツカミキリ,日本産カミキリムシ,日本産カミキリムシ_compressed.pdf,52299895c14c1fd1c74279dca00f6fd9ba64d36d69e3bf3dd9c3a29a92802e77,efb17b5912fbb2c144dab4d99924dbc341e8f64054be7909dd7818cad155bef2,177,686,16106,カラマツ類,マツ科,reviewed_source_crosswalk,include,2026-07-11,PDF原本の寄主植物一覧（冊子p.686）で植物見出しと掲載和名を目視確認。
kamikiri-host-index-p177-l16106-species-22779,species-22779,ヒゲナガカミキリ,ヒゲナガカミキリ,日本産カミキリムシ,日本産カミキリムシ_compressed.pdf,52299895c14c1fd1c74279dca00f6fd9ba64d36d69e3bf3dd9c3a29a92802e77,efb17b5912fbb2c144dab4d99924dbc341e8f64054be7909dd7818cad155bef2,177,686,16106,カラマツ類,マツ科,exact_japanese_name,include,2026-07-11,PDF原本の寄主植物一覧（冊子p.686）で植物見出しと掲載和名を目視確認。
kamikiri-host-index-p177-l16106-species-22790,species-22790,ヒメシラフヒゲナガカミキリ,ヒメシラフヒゲナガカミキリ,日本産カミキリムシ,日本産カミキリムシ_compressed.pdf,52299895c14c1fd1c74279dca00f6fd9ba64d36d69e3bf3dd9c3a29a92802e77,efb17b5912fbb2c144dab4d99924dbc341e8f64054be7909dd7818cad155bef2,177,686,16106,カラマツ類,マツ科,exact_japanese_name,include,2026-07-11,PDF原本の寄主植物一覧（冊子p.686）で植物見出しと掲載和名を目視確認。
kamikiri-host-index-p177-l16110-species-21884,species-21884,ミドリヒラタカミキリ,ミドリヒラタカミキリ,日本産カミキリムシ,日本産カミキリムシ_compressed.pdf,52299895c14c1fd1c74279dca00f6fd9ba64d36d69e3bf3dd9c3a29a92802e77,efb17b5912fbb2c144dab4d99924dbc341e8f64054be7909dd7818cad155bef2,177,686,16110,ドイツトウヒ,マツ科,reviewed_source_crosswalk,exclude_ocr_or_boundary,2026-07-11,OCR植物ブロック境界誤りをPDF見出し「ドイツトウヒ」へ訂正。正規化データに訂正後の同一ペアが既存のため追加対象外。
KDB175183-0025,species-22755,ニセビロウドカミキリ 基亜種,ニセビロウドカミキリ,日本産カミキリムシ,日本産カミキリムシ_compressed.pdf,52299895c14c1fd1c74279dca00f6fd9ba64d36d69e3bf3dd9c3a29a92802e77,efb17b5912fbb2c144dab4d99924dbc341e8f64054be7909dd7818cad155bef2,177,686,16110,ドイツトウヒ,マツ科,exact_derived_base_name,include,2026-07-11,索引画像で「ニセビロウドカミキリ Acalolepta sejuncta sejuncta」を確認。種解説（冊子p.592-593）と現行同種群を照合し、名義亜種または原典で別名の近縁群から区別された当該分類群として現行IDへ帰属可能。 段組み境界を画像で補正し、報告値「カラマツ類」を実際の植物見出し「ドイツトウヒ」に修正。
kamikiri-host-index-p177-l16110-species-22777,species-22777,マツノマダラカミキリ,マツノマダラカミキリ,日本産カミキリムシ,日本産カミキリムシ_compressed.pdf,52299895c14c1fd1c74279dca00f6fd9ba64d36d69e3bf3dd9c3a29a92802e77,efb17b5912fbb2c144dab4d99924dbc341e8f64054be7909dd7818cad155bef2,177,686,16110,ドイツトウヒ,マツ科,exact_japanese_name,include,2026-07-11,OCR植物ブロック境界誤りをPDF見出し「ドイツトウヒ」へ訂正。掲載和名も同植物欄で目視確認。原典は植栽記録。
kamikiri-host-index-p177-l16110-species-22782,species-22782,シラフヒゲナガカミキリ,シラフヒゲナガカミキリ,日本産カミキリムシ,日本産カミキリムシ_compressed.pdf,52299895c14c1fd1c74279dca00f6fd9ba64d36d69e3bf3dd9c3a29a92802e77,efb17b5912fbb2c144dab4d99924dbc341e8f64054be7909dd7818cad155bef2,177,686,16110,ドイツトウヒ,マツ科,exact_japanese_name,include,2026-07-11,OCR植物ブロック境界誤りをPDF見出し「ドイツトウヒ」へ訂正。掲載和名も同植物欄で目視確認。原典は植栽記録。
kamikiri-host-index-p177-l16115-species-22065,species-22065,マルクビケマダラカミキリ,マルクビケマダラカミキリ,日本産カミキリムシ,日本産カミキリムシ_compressed.pdf,52299895c14c1fd1c74279dca00f6fd9ba64d36d69e3bf3dd9c3a29a92802e77,efb17b5912fbb2c144dab4d99924dbc341e8f64054be7909dd7818cad155bef2,177,686,16115,イラモミ,マツ科,exact_japanese_name,include,2026-07-11,PDF原本の寄主植物一覧（冊子p.686）で植物見出しと掲載和名を目視確認。
kamikiri-host-index-p177-l16115-species-22471,species-22471,オオクロカミキリ,オオクロカミキリ,日本産カミキリムシ,日本産カミキリムシ_compressed.pdf,52299895c14c1fd1c74279dca00f6fd9ba64d36d69e3bf3dd9c3a29a92802e77,efb17b5912fbb2c144dab4d99924dbc341e8f64054be7909dd7818cad155bef2,177,686,16115,イラモミ,マツ科,exact_japanese_name,include,2026-07-11,PDF原本の寄主植物一覧（冊子p.686）で植物見出しと掲載和名を目視確認。
kamikiri-host-index-p177-l16120-species-21877,species-21877,ミドリカミキリ,ミドリカミキリ,日本産カミキリムシ,日本産カミキリムシ_compressed.pdf,52299895c14c1fd1c74279dca00f6fd9ba64d36d69e3bf3dd9c3a29a92802e77,efb17b5912fbb2c144dab4d99924dbc341e8f64054be7909dd7818cad155bef2,177,687,16120,アカエゾマツ,マツ科,exact_japanese_name,include,2026-07-11,PDF原本の寄主植物一覧（冊子p.687）で植物見出しと掲載和名を目視確認。
kamikiri-host-index-p177-l16120-species-21883,species-21883,ルリヒラタカミキリ,ルリヒラタカミキリ,日本産カミキリムシ,日本産カミキリムシ_compressed.pdf,52299895c14c1fd1c74279dca00f6fd9ba64d36d69e3bf3dd9c3a29a92802e77,efb17b5912fbb2c144dab4d99924dbc341e8f64054be7909dd7818cad155bef2,177,687,16120,アカエゾマツ,マツ科,exact_japanese_name,include,2026-07-11,PDF原本の寄主植物一覧（冊子p.687）で植物見出しと掲載和名を目視確認。
kamikiri-host-index-p177-l16120-species-22025,species-22025,ホソトラカミキリ,ホソトラカミキリ,日本産カミキリムシ,日本産カミキリムシ_compressed.pdf,52299895c14c1fd1c74279dca00f6fd9ba64d36d69e3bf3dd9c3a29a92802e77,efb17b5912fbb2c144dab4d99924dbc341e8f64054be7909dd7818cad155bef2,177,687,16120,アカエゾマツ,マツ科,exact_japanese_name,include,2026-07-11,PDF原本の寄主植物一覧（冊子p.687）で植物見出しと掲載和名を目視確認。
KDB175183-0027,species-22069,シラホシヒゲナガコバネカミキリ 亜種,シラホシヒゲナガコバネカミキリ,日本産カミキリムシ,日本産カミキリムシ_compressed.pdf,52299895c14c1fd1c74279dca00f6fd9ba64d36d69e3bf3dd9c3a29a92802e77,efb17b5912fbb2c144dab4d99924dbc341e8f64054be7909dd7818cad155bef2,177,687,16120,アカエゾマツ,マツ科,exact_derived_base_name,exclude_ocr_or_boundary,2026-07-11,索引画像は「シラホシヒゲナガコバネカミキリ Molorchus minor fuscus」。種解説（冊子p.454-455）では現行 species-22069 に対応する ikedai を「ホソムネシラホシヒゲナガコバネカミキリ」と別記するため、現行IDへの誤帰属。
kamikiri-host-index-p177-l16120-species-22200,species-22200,ツヤケシハナカミキリ,ツヤケシハナカミキリ,日本産カミキリムシ,日本産カミキリムシ_compressed.pdf,52299895c14c1fd1c74279dca00f6fd9ba64d36d69e3bf3dd9c3a29a92802e77,efb17b5912fbb2c144dab4d99924dbc341e8f64054be7909dd7818cad155bef2,177,687,16120,アカエゾマツ,マツ科,exact_japanese_name,include,2026-07-11,PDF原本の寄主植物一覧（冊子p.687）で植物見出しと掲載和名を目視確認。
kamikiri-host-index-p177-l16120-species-22261,species-22261,オオヨツスジハナカミキリ,オオヨツスジハナカミキリ,日本産カミキリムシ,日本産カミキリムシ_compressed.pdf,52299895c14c1fd1c74279dca00f6fd9ba64d36d69e3bf3dd9c3a29a92802e77,efb17b5912fbb2c144dab4d99924dbc341e8f64054be7909dd7818cad155bef2,177,687,16120,アカエゾマツ,マツ科,reviewed_source_crosswalk,include,2026-07-11,PDF原本の寄主植物一覧（冊子p.687）で植物見出しと掲載和名を目視確認。
kamikiri-host-index-p177-l16120-species-22263,species-22263,クロオオハナカミキリ,クロオオハナカミキリ,日本産カミキリムシ,日本産カミキリムシ_compressed.pdf,52299895c14c1fd1c74279dca00f6fd9ba64d36d69e3bf3dd9c3a29a92802e77,efb17b5912fbb2c144dab4d99924dbc341e8f64054be7909dd7818cad155bef2,177,687,16120,アカエゾマツ,マツ科,exact_japanese_name,include,2026-07-11,PDF原本の寄主植物一覧（冊子p.687）で植物見出しと掲載和名を目視確認。
kamikiri-host-index-p177-l16120-species-22299,species-22299,アカハナカミキリ,アカハナカミキリ,日本産カミキリムシ,日本産カミキリムシ_compressed.pdf,52299895c14c1fd1c74279dca00f6fd9ba64d36d69e3bf3dd9c3a29a92802e77,efb17b5912fbb2c144dab4d99924dbc341e8f64054be7909dd7818cad155bef2,177,687,16120,アカエゾマツ,マツ科,reviewed_source_crosswalk,include,2026-07-11,PDF原本の寄主植物一覧（冊子p.687）で植物見出しと掲載和名を目視確認。
kamikiri-host-index-p177-l16120-species-22304,species-22304,ブチヒゲハナカミキリ,ブチヒゲハナカミキリ,日本産カミキリムシ,日本産カミキリムシ_compressed.pdf,52299895c14c1fd1c74279dca00f6fd9ba64d36d69e3bf3dd9c3a29a92802e77,efb17b5912fbb2c144dab4d99924dbc341e8f64054be7909dd7818cad155bef2,177,687,16120,アカエゾマツ,マツ科,exact_japanese_name,include,2026-07-11,PDF原本の寄主植物一覧（冊子p.687）で植物見出しと掲載和名を目視確認。
KDB175183-0026,species-22454,エゾハイイロハナカミキリ 基亜種,エゾハイイロハナカミキリ,日本産カミキリムシ,日本産カミキリムシ_compressed.pdf,52299895c14c1fd1c74279dca00f6fd9ba64d36d69e3bf3dd9c3a29a92802e77,efb17b5912fbb2c144dab4d99924dbc341e8f64054be7909dd7818cad155bef2,177,687,16120,アカエゾマツ,マツ科,exact_derived_base_name,include,2026-07-11,索引画像で「エゾハイイロハナカミキリ Rhagium heyrovskyi heyrovskyi」を確認。種解説（冊子p.352-353）と現行同種群を照合し、名義亜種または原典で別名の近縁群から区別された当該分類群として現行IDへ帰属可能。
kamikiri-host-index-p177-l16120-species-22456,species-22456,ハイイロハナカミキリ,ハイイロハナカミキリ,日本産カミキリムシ,日本産カミキリムシ_compressed.pdf,52299895c14c1fd1c74279dca00f6fd9ba64d36d69e3bf3dd9c3a29a92802e77,efb17b5912fbb2c144dab4d99924dbc341e8f64054be7909dd7818cad155bef2,177,687,16120,アカエゾマツ,マツ科,exact_japanese_name,include,2026-07-11,PDF原本の寄主植物一覧（冊子p.687）で植物見出しと掲載和名を目視確認。
kamikiri-host-index-p177-l16120-species-22471,species-22471,オオクロカミキリ,オオクロカミキリ,日本産カミキリムシ,日本産カミキリムシ_compressed.pdf,52299895c14c1fd1c74279dca00f6fd9ba64d36d69e3bf3dd9c3a29a92802e77,efb17b5912fbb2c144dab4d99924dbc341e8f64054be7909dd7818cad155bef2,177,687,16120,アカエゾマツ,マツ科,exact_japanese_name,include,2026-07-11,PDF原本の寄主植物一覧（冊子p.687）で植物見出しと掲載和名を目視確認。
kamikiri-host-index-p177-l16120-species-22779,species-22779,ヒゲナガカミキリ,ヒゲナガカミキリ,日本産カミキリムシ,日本産カミキリムシ_compressed.pdf,52299895c14c1fd1c74279dca00f6fd9ba64d36d69e3bf3dd9c3a29a92802e77,efb17b5912fbb2c144dab4d99924dbc341e8f64054be7909dd7818cad155bef2,177,687,16120,アカエゾマツ,マツ科,exact_japanese_name,include,2026-07-11,PDF原本の寄主植物一覧（冊子p.687）で植物見出しと掲載和名を目視確認。
kamikiri-host-index-p177-l16120-species-22790,species-22790,ヒメシラフヒゲナガカミキリ,ヒメシラフヒゲナガカミキリ,日本産カミキリムシ,日本産カミキリムシ_compressed.pdf,52299895c14c1fd1c74279dca00f6fd9ba64d36d69e3bf3dd9c3a29a92802e77,efb17b5912fbb2c144dab4d99924dbc341e8f64054be7909dd7818cad155bef2,177,687,16120,アカエゾマツ,マツ科,exact_japanese_name,include,2026-07-11,PDF原本の寄主植物一覧（冊子p.687）で植物見出しと掲載和名を目視確認。
KDB175183-0028,1-1,ウスバカミキリ 基亜種,ウスバカミキリ,日本産カミキリムシ,日本産カミキリムシ_compressed.pdf,52299895c14c1fd1c74279dca00f6fd9ba64d36d69e3bf3dd9c3a29a92802e77,efb17b5912fbb2c144dab4d99924dbc341e8f64054be7909dd7818cad155bef2,177,687,16135,エゾマツ,マツ科,exact_derived_base_name,needs_review,2026-07-11,索引画像で「ウスバカミキリ Megopis sinica sinica」を確認。種解説（冊子p.340-341）と現行同種群を照合したが、種解説の名義亜種範囲は奄美・沖縄個体群を含むが、現行CSVでは2018年記載の奄美沖縄亜種 adachii が分離済み。索引レコードに産地がなく現行基亜種へ配分不能。
kamikiri-host-index-p177-l16135-species-21877,species-21877,ミドリカミキリ,ミドリカミキリ,日本産カミキリムシ,日本産カミキリムシ_compressed.pdf,52299895c14c1fd1c74279dca00f6fd9ba64d36d69e3bf3dd9c3a29a92802e77,efb17b5912fbb2c144dab4d99924dbc341e8f64054be7909dd7818cad155bef2,177,687,16135,エゾマツ,マツ科,exact_japanese_name,include,2026-07-11,PDF原本の寄主植物一覧（冊子p.687）で植物見出しと掲載和名を目視確認。
kamikiri-host-index-p177-l16135-species-21883,species-21883,ルリヒラタカミキリ,ルリヒラタカミキリ,日本産カミキリムシ,日本産カミキリムシ_compressed.pdf,52299895c14c1fd1c74279dca00f6fd9ba64d36d69e3bf3dd9c3a29a92802e77,efb17b5912fbb2c144dab4d99924dbc341e8f64054be7909dd7818cad155bef2,177,687,16135,エゾマツ,マツ科,exact_japanese_name,include,2026-07-11,PDF原本の寄主植物一覧（冊子p.687）で植物見出しと掲載和名を目視確認。
kamikiri-host-index-p177-l16135-species-22027,species-22027,オオトラカミキリ,オオトラカミキリ,日本産カミキリムシ,日本産カミキリムシ_compressed.pdf,52299895c14c1fd1c74279dca00f6fd9ba64d36d69e3bf3dd9c3a29a92802e77,efb17b5912fbb2c144dab4d99924dbc341e8f64054be7909dd7818cad155bef2,177,687,16135,エゾマツ,マツ科,exact_japanese_name,include,2026-07-11,PDF原本の寄主植物一覧（冊子p.687）で植物見出しと掲載和名を目視確認。
KDB175183-0030,species-22069,シラホシヒゲナガコバネカミキリ 亜種,シラホシヒゲナガコバネカミキリ,日本産カミキリムシ,日本産カミキリムシ_compressed.pdf,52299895c14c1fd1c74279dca00f6fd9ba64d36d69e3bf3dd9c3a29a92802e77,efb17b5912fbb2c144dab4d99924dbc341e8f64054be7909dd7818cad155bef2,177,687,16135,エゾマツ,マツ科,exact_derived_base_name,exclude_ocr_or_boundary,2026-07-11,索引画像は「シラホシヒゲナガコバネカミキリ Molorchus minor fuscus」。種解説（冊子p.454-455）では現行 species-22069 に対応する ikedai を「ホソムネシラホシヒゲナガコバネカミキリ」と別記するため、現行IDへの誤帰属。
kamikiri-host-index-p177-l16135-species-22216,species-22216,フタスジハナカミキリ,フタスジハナカミキリ,日本産カミキリムシ,日本産カミキリムシ_compressed.pdf,52299895c14c1fd1c74279dca00f6fd9ba64d36d69e3bf3dd9c3a29a92802e77,efb17b5912fbb2c144dab4d99924dbc341e8f64054be7909dd7818cad155bef2,177,687,16135,エゾマツ,マツ科,exact_japanese_name,include,2026-07-11,PDF原本の寄主植物一覧（冊子p.687）で植物見出しと掲載和名を目視確認。
kamikiri-host-index-p177-l16135-species-22236,species-22236,クロハナカミキリ,クロハナカミキリ,日本産カミキリムシ,日本産カミキリムシ_compressed.pdf,52299895c14c1fd1c74279dca00f6fd9ba64d36d69e3bf3dd9c3a29a92802e77,efb17b5912fbb2c144dab4d99924dbc341e8f64054be7909dd7818cad155bef2,177,687,16135,エゾマツ,マツ科,exact_japanese_name,include,2026-07-11,PDF原本の寄主植物一覧（冊子p.687）で植物見出しと掲載和名を目視確認。
KDB175183-0029,species-22251,ヨツスジハナカミキリ 基亜種,ヨツスジハナカミキリ,日本産カミキリムシ,日本産カミキリムシ_compressed.pdf,52299895c14c1fd1c74279dca00f6fd9ba64d36d69e3bf3dd9c3a29a92802e77,efb17b5912fbb2c144dab4d99924dbc341e8f64054be7909dd7818cad155bef2,177,687,16135,エゾマツ,マツ科,exact_derived_base_name,needs_review,2026-07-11,索引画像で「ヨツスジハナカミキリ Leptura ochraceofasciata ochraceofasciata」を確認。種解説（冊子p.406-407）と現行同種群を照合したが、種解説の名義亜種分布は五島列島を含むが、現行CSVでは2018年記載の五島列島亜種が分離済み。索引レコードに産地がなく現行基亜種へ配分不能。
kamikiri-host-index-p177-l16135-species-22261,species-22261,オオヨツスジハナカミキリ,オオヨツスジハナカミキリ,日本産カミキリムシ,日本産カミキリムシ_compressed.pdf,52299895c14c1fd1c74279dca00f6fd9ba64d36d69e3bf3dd9c3a29a92802e77,efb17b5912fbb2c144dab4d99924dbc341e8f64054be7909dd7818cad155bef2,177,687,16135,エゾマツ,マツ科,reviewed_source_crosswalk,include,2026-07-11,PDF原本の寄主植物一覧（冊子p.687）で植物見出しと掲載和名を目視確認。
kamikiri-host-index-p177-l16135-species-22299,species-22299,アカハナカミキリ,アカハナカミキリ,日本産カミキリムシ,日本産カミキリムシ_compressed.pdf,52299895c14c1fd1c74279dca00f6fd9ba64d36d69e3bf3dd9c3a29a92802e77,efb17b5912fbb2c144dab4d99924dbc341e8f64054be7909dd7818cad155bef2,177,687,16135,エゾマツ,マツ科,reviewed_source_crosswalk,include,2026-07-11,PDF原本の寄主植物一覧（冊子p.687）で植物見出しと掲載和名を目視確認。
kamikiri-host-index-p177-l16135-species-22456,species-22456,ハイイロハナカミキリ,ハイイロハナカミキリ,日本産カミキリムシ,日本産カミキリムシ_compressed.pdf,52299895c14c1fd1c74279dca00f6fd9ba64d36d69e3bf3dd9c3a29a92802e77,efb17b5912fbb2c144dab4d99924dbc341e8f64054be7909dd7818cad155bef2,177,687,16135,エゾマツ,マツ科,exact_japanese_name,include,2026-07-11,PDF原本の寄主植物一覧（冊子p.687）で植物見出しと掲載和名を目視確認。
kamikiri-host-index-p177-l16135-species-22463,species-22463,サビカミキリ,サビカミキリ,日本産カミキリムシ,日本産カミキリムシ_compressed.pdf,52299895c14c1fd1c74279dca00f6fd9ba64d36d69e3bf3dd9c3a29a92802e77,efb17b5912fbb2c144dab4d99924dbc341e8f64054be7909dd7818cad155bef2,177,687,16135,エゾマツ,マツ科,exact_japanese_name,include,2026-07-11,PDF原本の寄主植物一覧（冊子p.687）で植物見出しと掲載和名を目視確認。
kamikiri-host-index-p177-l16135-species-22466,species-22466,ヒメマルクビヒラタカミキリ,ヒメマルクビヒラタカミキリ,日本産カミキリムシ,日本産カミキリムシ_compressed.pdf,52299895c14c1fd1c74279dca00f6fd9ba64d36d69e3bf3dd9c3a29a92802e77,efb17b5912fbb2c144dab4d99924dbc341e8f64054be7909dd7818cad155bef2,177,687,16135,エゾマツ,マツ科,exact_japanese_name,include,2026-07-11,PDF原本の寄主植物一覧（冊子p.687）で植物見出しと掲載和名を目視確認。
kamikiri-host-index-p177-l16135-species-22467,species-22467,オオマルクビヒラタカミキリ,オオマルクビヒラタカミキリ,日本産カミキリムシ,日本産カミキリムシ_compressed.pdf,52299895c14c1fd1c74279dca00f6fd9ba64d36d69e3bf3dd9c3a29a92802e77,efb17b5912fbb2c144dab4d99924dbc341e8f64054be7909dd7818cad155bef2,177,687,16135,エゾマツ,マツ科,reviewed_source_crosswalk,include,2026-07-11,PDF原本の寄主植物一覧（冊子p.687）で植物見出しと掲載和名を目視確認。
kamikiri-host-index-p177-l16135-species-22471,species-22471,オオクロカミキリ,オオクロカミキリ,日本産カミキリムシ,日本産カミキリムシ_compressed.pdf,52299895c14c1fd1c74279dca00f6fd9ba64d36d69e3bf3dd9c3a29a92802e77,efb17b5912fbb2c144dab4d99924dbc341e8f64054be7909dd7818cad155bef2,177,687,16135,エゾマツ,マツ科,exact_japanese_name,include,2026-07-11,PDF原本の寄主植物一覧（冊子p.687）で植物見出しと掲載和名を目視確認。
kamikiri-host-index-p177-l16135-species-22474,species-22474,トドマツカミキリ,トドマツカミキリ,日本産カミキリムシ,日本産カミキリムシ_compressed.pdf,52299895c14c1fd1c74279dca00f6fd9ba64d36d69e3bf3dd9c3a29a92802e77,efb17b5912fbb2c144dab4d99924dbc341e8f64054be7909dd7818cad155bef2,177,687,16135,エゾマツ,マツ科,reviewed_source_crosswalk,include,2026-07-11,PDF原本の寄主植物一覧（冊子p.687）で植物見出しと掲載和名を目視確認。
kamikiri-host-index-p177-l16135-species-22482,species-22482,ヒゲナガモモブトカミキリ,ヒゲナガモモブトカミキリ,日本産カミキリムシ,日本産カミキリムシ_compressed.pdf,52299895c14c1fd1c74279dca00f6fd9ba64d36d69e3bf3dd9c3a29a92802e77,efb17b5912fbb2c144dab4d99924dbc341e8f64054be7909dd7818cad155bef2,177,687,16135,エゾマツ,マツ科,reviewed_source_crosswalk,include,2026-07-11,PDF原本の寄主植物一覧（冊子p.687）で植物見出しと掲載和名を目視確認。
kamikiri-host-index-p177-l16135-species-22790,species-22790,ヒメシラフヒゲナガカミキリ,ヒメシラフヒゲナガカミキリ,日本産カミキリムシ,日本産カミキリムシ_compressed.pdf,52299895c14c1fd1c74279dca00f6fd9ba64d36d69e3bf3dd9c3a29a92802e77,efb17b5912fbb2c144dab4d99924dbc341e8f64054be7909dd7818cad155bef2,177,687,16135,エゾマツ,マツ科,exact_japanese_name,include,2026-07-11,PDF原本の寄主植物一覧（冊子p.687）で植物見出しと掲載和名を目視確認。
kamikiri-host-index-p177-l16135-species-22930,species-22930,ヒメシラオビカミキリ,ヒメシラオビカミキリ,日本産カミキリムシ,日本産カミキリムシ_compressed.pdf,52299895c14c1fd1c74279dca00f6fd9ba64d36d69e3bf3dd9c3a29a92802e77,efb17b5912fbb2c144dab4d99924dbc341e8f64054be7909dd7818cad155bef2,177,687,16135,エゾマツ,マツ科,exact_japanese_name,include,2026-07-11,PDF原本の寄主植物一覧（冊子p.687）で植物見出しと掲載和名を目視確認。
kamikiri-host-index-p177-l16161-species-21884,species-21884,ミドリヒラタカミキリ,ミドリヒラタカミキリ,日本産カミキリムシ,日本産カミキリムシ_compressed.pdf,52299895c14c1fd1c74279dca00f6fd9ba64d36d69e3bf3dd9c3a29a92802e77,efb17b5912fbb2c144dab4d99924dbc341e8f64054be7909dd7818cad155bef2,177,687-688,16161,トウヒ,マツ科,reviewed_source_crosswalk,include,2026-07-11,PDF原本の寄主植物一覧（冊子p.687-688）で植物見出しと掲載和名を目視確認。
kamikiri-host-index-p177-l16161-species-21885,species-21885,アオヒメスギカミキリ,アオヒメスギカミキリ,日本産カミキリムシ,日本産カミキリムシ_compressed.pdf,52299895c14c1fd1c74279dca00f6fd9ba64d36d69e3bf3dd9c3a29a92802e77,efb17b5912fbb2c144dab4d99924dbc341e8f64054be7909dd7818cad155bef2,177,687-688,16161,トウヒ,マツ科,reviewed_source_crosswalk,include,2026-07-11,PDF原本の寄主植物一覧（冊子p.687-688）で植物見出しと掲載和名を目視確認。
kamikiri-host-index-p177-l16161-species-22027,species-22027,オオトラカミキリ,オオトラカミキリ,日本産カミキリムシ,日本産カミキリムシ_compressed.pdf,52299895c14c1fd1c74279dca00f6fd9ba64d36d69e3bf3dd9c3a29a92802e77,efb17b5912fbb2c144dab4d99924dbc341e8f64054be7909dd7818cad155bef2,177,687-688,16161,トウヒ,マツ科,exact_japanese_name,include,2026-07-11,PDF原本の寄主植物一覧（冊子p.687-688）で植物見出しと掲載和名を目視確認。
kamikiri-host-index-p177-l16161-species-22065,species-22065,マルクビケマダラカミキリ,マルクビケマダラカミキリ,日本産カミキリムシ,日本産カミキリムシ_compressed.pdf,52299895c14c1fd1c74279dca00f6fd9ba64d36d69e3bf3dd9c3a29a92802e77,efb17b5912fbb2c144dab4d99924dbc341e8f64054be7909dd7818cad155bef2,177,687-688,16161,トウヒ,マツ科,exact_japanese_name,include,2026-07-11,PDF原本の寄主植物一覧（冊子p.687-688）で植物見出しと掲載和名を目視確認。
kamikiri-host-index-p177-l16161-species-22070,species-22070,オニヒゲナガコバネカミキリ,オニヒゲナガコバネカミキリ,日本産カミキリムシ,日本産カミキリムシ_compressed.pdf,52299895c14c1fd1c74279dca00f6fd9ba64d36d69e3bf3dd9c3a29a92802e77,efb17b5912fbb2c144dab4d99924dbc341e8f64054be7909dd7818cad155bef2,177,687-688,16161,トウヒ,マツ科,reviewed_source_crosswalk,include,2026-07-11,PDF原本の寄主植物一覧（冊子p.687-688）で植物見出しと掲載和名を目視確認。
kamikiri-host-index-p177-l16161-species-22185,species-22185,カラカネハナカミキリ,カラカネハナカミキリ,日本産カミキリムシ,日本産カミキリムシ_compressed.pdf,52299895c14c1fd1c74279dca00f6fd9ba64d36d69e3bf3dd9c3a29a92802e77,efb17b5912fbb2c144dab4d99924dbc341e8f64054be7909dd7818cad155bef2,177,687-688,16161,トウヒ,マツ科,exact_japanese_name,include,2026-07-11,PDF原本の寄主植物一覧（冊子p.687-688）で植物見出しと掲載和名を目視確認。
kamikiri-host-index-p177-l16161-species-22200,species-22200,ツヤケシハナカミキリ,ツヤケシハナカミキリ,日本産カミキリムシ,日本産カミキリムシ_compressed.pdf,52299895c14c1fd1c74279dca00f6fd9ba64d36d69e3bf3dd9c3a29a92802e77,efb17b5912fbb2c144dab4d99924dbc341e8f64054be7909dd7818cad155bef2,177,687-688,16161,トウヒ,マツ科,exact_japanese_name,include,2026-07-11,PDF原本の寄主植物一覧（冊子p.687-688）で植物見出しと掲載和名を目視確認。
kamikiri-host-index-p177-l16161-species-22216,species-22216,フタスジハナカミキリ,フタスジハナカミキリ,日本産カミキリムシ,日本産カミキリムシ_compressed.pdf,52299895c14c1fd1c74279dca00f6fd9ba64d36d69e3bf3dd9c3a29a92802e77,efb17b5912fbb2c144dab4d99924dbc341e8f64054be7909dd7818cad155bef2,177,687-688,16161,トウヒ,マツ科,exact_japanese_name,include,2026-07-11,PDF原本の寄主植物一覧（冊子p.687-688）で植物見出しと掲載和名を目視確認。
KDB175183-0031,species-22251,ヨツスジハナカミキリ 基亜種,ヨツスジハナカミキリ,日本産カミキリムシ,日本産カミキリムシ_compressed.pdf,52299895c14c1fd1c74279dca00f6fd9ba64d36d69e3bf3dd9c3a29a92802e77,efb17b5912fbb2c144dab4d99924dbc341e8f64054be7909dd7818cad155bef2,177,687-688,16161,トウヒ,マツ科,exact_derived_base_name,needs_review,2026-07-11,索引画像で「ヨツスジハナカミキリ Leptura ochraceofasciata ochraceofasciata」を確認。種解説（冊子p.406-407）と現行同種群を照合したが、種解説の名義亜種分布は五島列島を含むが、現行CSVでは2018年記載の五島列島亜種が分離済み。索引レコードに産地がなく現行基亜種へ配分不能。
kamikiri-host-index-p177-l16161-species-22265,species-22265,ムナミゾハナカミキリ,ムナミゾハナカミキリ,日本産カミキリムシ,日本産カミキリムシ_compressed.pdf,52299895c14c1fd1c74279dca00f6fd9ba64d36d69e3bf3dd9c3a29a92802e77,efb17b5912fbb2c144dab4d99924dbc341e8f64054be7909dd7818cad155bef2,177,687-688,16161,トウヒ,マツ科,exact_japanese_name,include,2026-07-11,PDF原本の寄主植物一覧（冊子p.687-688）で植物見出しと掲載和名を目視確認。
kamikiri-host-index-p177-l16161-species-22299,species-22299,アカハナカミキリ,アカハナカミキリ,日本産カミキリムシ,日本産カミキリムシ_compressed.pdf,52299895c14c1fd1c74279dca00f6fd9ba64d36d69e3bf3dd9c3a29a92802e77,efb17b5912fbb2c144dab4d99924dbc341e8f64054be7909dd7818cad155bef2,177,687-688,16161,トウヒ,マツ科,reviewed_source_crosswalk,include,2026-07-11,PDF原本の寄主植物一覧（冊子p.687-688）で植物見出しと掲載和名を目視確認。
kamikiri-host-index-p177-l16161-species-22453,species-22453,ホンドニセハイイロハナカミキリ,ホンドニセハイイロハナカミキリ,日本産カミキリムシ,日本産カミキリムシ_compressed.pdf,52299895c14c1fd1c74279dca00f6fd9ba64d36d69e3bf3dd9c3a29a92802e77,efb17b5912fbb2c144dab4d99924dbc341e8f64054be7909dd7818cad155bef2,177,687-688,16161,トウヒ,マツ科,exact_japanese_name,include,2026-07-11,PDF原本の寄主植物一覧（冊子p.687-688）で植物見出しと掲載和名を目視確認。
kamikiri-host-index-p177-l16161-species-22456,species-22456,ハイイロハナカミキリ,ハイイロハナカミキリ,日本産カミキリムシ,日本産カミキリムシ_compressed.pdf,52299895c14c1fd1c74279dca00f6fd9ba64d36d69e3bf3dd9c3a29a92802e77,efb17b5912fbb2c144dab4d99924dbc341e8f64054be7909dd7818cad155bef2,177,687-688,16161,トウヒ,マツ科,exact_japanese_name,include,2026-07-11,PDF原本の寄主植物一覧（冊子p.687-688）で植物見出しと掲載和名を目視確認。
kamikiri-host-index-p177-l16161-species-22463,species-22463,サビカミキリ,サビカミキリ,日本産カミキリムシ,日本産カミキリムシ_compressed.pdf,52299895c14c1fd1c74279dca00f6fd9ba64d36d69e3bf3dd9c3a29a92802e77,efb17b5912fbb2c144dab4d99924dbc341e8f64054be7909dd7818cad155bef2,177,687-688,16161,トウヒ,マツ科,exact_japanese_name,include,2026-07-11,PDF原本の寄主植物一覧（冊子p.687-688）で植物見出しと掲載和名を目視確認。
kamikiri-host-index-p177-l16161-species-22466,species-22466,ヒメマルクビヒラタカミキリ,ヒメマルクビヒラタカミキリ,日本産カミキリムシ,日本産カミキリムシ_compressed.pdf,52299895c14c1fd1c74279dca00f6fd9ba64d36d69e3bf3dd9c3a29a92802e77,efb17b5912fbb2c144dab4d99924dbc341e8f64054be7909dd7818cad155bef2,177,687-688,16161,トウヒ,マツ科,exact_japanese_name,include,2026-07-11,PDF原本の寄主植物一覧（冊子p.687-688）で植物見出しと掲載和名を目視確認。
kamikiri-host-index-p177-l16161-species-22467,species-22467,オオマルクビヒラタカミキリ,オオマルクビヒラタカミキリ,日本産カミキリムシ,日本産カミキリムシ_compressed.pdf,52299895c14c1fd1c74279dca00f6fd9ba64d36d69e3bf3dd9c3a29a92802e77,efb17b5912fbb2c144dab4d99924dbc341e8f64054be7909dd7818cad155bef2,177,687-688,16161,トウヒ,マツ科,reviewed_source_crosswalk,include,2026-07-11,PDF原本の寄主植物一覧（冊子p.687-688）で植物見出しと掲載和名を目視確認。
kamikiri-host-index-p177-l16161-species-22474,species-22474,トドマツカミキリ,トドマツカミキリ,日本産カミキリムシ,日本産カミキリムシ_compressed.pdf,52299895c14c1fd1c74279dca00f6fd9ba64d36d69e3bf3dd9c3a29a92802e77,efb17b5912fbb2c144dab4d99924dbc341e8f64054be7909dd7818cad155bef2,177,687-688,16161,トウヒ,マツ科,reviewed_source_crosswalk,include,2026-07-11,PDF原本の寄主植物一覧（冊子p.687-688）で植物見出しと掲載和名を目視確認。
kamikiri-host-index-p177-l16161-species-22480,species-22480,クロカミキリ,クロカミキリ,日本産カミキリムシ,日本産カミキリムシ_compressed.pdf,52299895c14c1fd1c74279dca00f6fd9ba64d36d69e3bf3dd9c3a29a92802e77,efb17b5912fbb2c144dab4d99924dbc341e8f64054be7909dd7818cad155bef2,177,687-688,16161,トウヒ,マツ科,reviewed_source_crosswalk,include,2026-07-11,PDF原本の寄主植物一覧（冊子p.687-688）で植物見出しと掲載和名を目視確認。
kamikiri-host-index-p177-l16161-species-22777,species-22777,マツノマダラカミキリ,マツノマダラカミキリ,日本産カミキリムシ,日本産カミキリムシ_compressed.pdf,52299895c14c1fd1c74279dca00f6fd9ba64d36d69e3bf3dd9c3a29a92802e77,efb17b5912fbb2c144dab4d99924dbc341e8f64054be7909dd7818cad155bef2,177,687-688,16161,トウヒ,マツ科,exact_japanese_name,include,2026-07-11,PDF原本の寄主植物一覧（冊子p.687-688）で植物見出しと掲載和名を目視確認。
kamikiri-host-index-p178-l16190-species-22027,species-22027,オオトラカミキリ,オオトラカミキリ,日本産カミキリムシ,日本産カミキリムシ_compressed.pdf,52299895c14c1fd1c74279dca00f6fd9ba64d36d69e3bf3dd9c3a29a92802e77,efb17b5912fbb2c144dab4d99924dbc341e8f64054be7909dd7818cad155bef2,178,688,16190,ヒメバラモミ,マツ科,exact_japanese_name,include,2026-07-11,PDF原本の寄主植物一覧（冊子p.688）で植物見出しと掲載和名を目視確認。
kamikiri-host-index-p178-l16190-species-22065,species-22065,マルクビケマダラカミキリ,マルクビケマダラカミキリ,日本産カミキリムシ,日本産カミキリムシ_compressed.pdf,52299895c14c1fd1c74279dca00f6fd9ba64d36d69e3bf3dd9c3a29a92802e77,efb17b5912fbb2c144dab4d99924dbc341e8f64054be7909dd7818cad155bef2,178,688,16190,ヒメバラモミ,マツ科,exact_japanese_name,include,2026-07-11,PDF原本の寄主植物一覧（冊子p.688）で植物見出しと掲載和名を目視確認。
KDB175183-0032,1-1,ウスバカミキリ 基亜種,ウスバカミキリ,日本産カミキリムシ,日本産カミキリムシ_compressed.pdf,52299895c14c1fd1c74279dca00f6fd9ba64d36d69e3bf3dd9c3a29a92802e77,efb17b5912fbb2c144dab4d99924dbc341e8f64054be7909dd7818cad155bef2,178,688,16192,バラモミ,マツ科,exact_derived_base_name,needs_review,2026-07-11,索引画像で「ウスバカミキリ Megopis sinica sinica」を確認。種解説（冊子p.340-341）と現行同種群を照合したが、種解説の名義亜種範囲は奄美・沖縄個体群を含むが、現行CSVでは2018年記載の奄美沖縄亜種 adachii が分離済み。索引レコードに産地がなく現行基亜種へ配分不能。
kamikiri-host-index-p178-l16192-species-22027,species-22027,オオトラカミキリ,オオトラカミキリ,日本産カミキリムシ,日本産カミキリムシ_compressed.pdf,52299895c14c1fd1c74279dca00f6fd9ba64d36d69e3bf3dd9c3a29a92802e77,efb17b5912fbb2c144dab4d99924dbc341e8f64054be7909dd7818cad155bef2,178,688,16192,バラモミ,マツ科,exact_japanese_name,include,2026-07-11,PDF原本の寄主植物一覧（冊子p.688）で植物見出しと掲載和名を目視確認。
kamikiri-host-index-p178-l16192-species-22200,species-22200,ツヤケシハナカミキリ,ツヤケシハナカミキリ,日本産カミキリムシ,日本産カミキリムシ_compressed.pdf,52299895c14c1fd1c74279dca00f6fd9ba64d36d69e3bf3dd9c3a29a92802e77,efb17b5912fbb2c144dab4d99924dbc341e8f64054be7909dd7818cad155bef2,178,688,16192,バラモミ,マツ科,exact_japanese_name,include,2026-07-11,PDF原本の寄主植物一覧（冊子p.688）で植物見出しと掲載和名を目視確認。
kamikiri-host-index-p178-l16192-species-22471,species-22471,オオクロカミキリ,オオクロカミキリ,日本産カミキリムシ,日本産カミキリムシ_compressed.pdf,52299895c14c1fd1c74279dca00f6fd9ba64d36d69e3bf3dd9c3a29a92802e77,efb17b5912fbb2c144dab4d99924dbc341e8f64054be7909dd7818cad155bef2,178,688,16192,バラモミ,マツ科,exact_japanese_name,include,2026-07-11,PDF原本の寄主植物一覧（冊子p.688）で植物見出しと掲載和名を目視確認。
kamikiri-host-index-p178-l16192-species-22482,species-22482,ヒゲナガモモブトカミキリ,ヒゲナガモモブトカミキリ,日本産カミキリムシ,日本産カミキリムシ_compressed.pdf,52299895c14c1fd1c74279dca00f6fd9ba64d36d69e3bf3dd9c3a29a92802e77,efb17b5912fbb2c144dab4d99924dbc341e8f64054be7909dd7818cad155bef2,178,688,16192,バラモミ,マツ科,reviewed_source_crosswalk,include,2026-07-11,PDF原本の寄主植物一覧（冊子p.688）で植物見出しと掲載和名を目視確認。
kamikiri-host-index-p178-l16192-species-22497,species-22497,ミヤマモモブトカミキリ,ミヤマモモブトカミキリ,日本産カミキリムシ,日本産カミキリムシ_compressed.pdf,52299895c14c1fd1c74279dca00f6fd9ba64d36d69e3bf3dd9c3a29a92802e77,efb17b5912fbb2c144dab4d99924dbc341e8f64054be7909dd7818cad155bef2,178,688,16192,バラモミ,マツ科,exact_japanese_name,include,2026-07-11,PDF原本の寄主植物一覧（冊子p.688）で植物見出しと掲載和名を目視確認。
kamikiri-host-index-p178-l16192-species-22779,species-22779,ヒゲナガカミキリ,ヒゲナガカミキリ,日本産カミキリムシ,日本産カミキリムシ_compressed.pdf,52299895c14c1fd1c74279dca00f6fd9ba64d36d69e3bf3dd9c3a29a92802e77,efb17b5912fbb2c144dab4d99924dbc341e8f64054be7909dd7818cad155bef2,178,688,16192,バラモミ,マツ科,exact_japanese_name,include,2026-07-11,PDF原本の寄主植物一覧（冊子p.688）で植物見出しと掲載和名を目視確認。
kamikiri-host-index-p178-l16203-species-22777,species-22777,マツノマダラカミキリ,マツノマダラカミキリ,日本産カミキリムシ,日本産カミキリムシ_compressed.pdf,52299895c14c1fd1c74279dca00f6fd9ba64d36d69e3bf3dd9c3a29a92802e77,efb17b5912fbb2c144dab4d99924dbc341e8f64054be7909dd7818cad155bef2,178,688,16203,モリンダトウヒ,マツ科,exact_japanese_name,include,2026-07-11,PDF原本の寄主植物一覧（冊子p.688）で植物見出しと掲載和名を目視確認。原典は植栽記録。
KDB175183-0033,1-1,ウスバカミキリ 基亜種,ウスバカミキリ,日本産カミキリムシ,日本産カミキリムシ_compressed.pdf,52299895c14c1fd1c74279dca00f6fd9ba64d36d69e3bf3dd9c3a29a92802e77,efb17b5912fbb2c144dab4d99924dbc341e8f64054be7909dd7818cad155bef2,178,688,16206,トウヒ類,マツ科,exact_derived_base_name,needs_review,2026-07-11,索引画像で「ウスバカミキリ Megopis sinica sinica」を確認。種解説（冊子p.340-341）と現行同種群を照合したが、種解説の名義亜種範囲は奄美・沖縄個体群を含むが、現行CSVでは2018年記載の奄美沖縄亜種 adachii が分離済み。索引レコードに産地がなく現行基亜種へ配分不能。
kamikiri-host-index-p178-l16206-species-21885,species-21885,アオヒメスギカミキリ,アオヒメスギカミキリ,日本産カミキリムシ,日本産カミキリムシ_compressed.pdf,52299895c14c1fd1c74279dca00f6fd9ba64d36d69e3bf3dd9c3a29a92802e77,efb17b5912fbb2c144dab4d99924dbc341e8f64054be7909dd7818cad155bef2,178,688,16206,トウヒ類,マツ科,reviewed_source_crosswalk,include,2026-07-11,PDF原本の寄主植物一覧（冊子p.688）で植物見出しと掲載和名を目視確認。
kamikiri-host-index-p178-l16206-species-22463,species-22463,サビカミキリ,サビカミキリ,日本産カミキリムシ,日本産カミキリムシ_compressed.pdf,52299895c14c1fd1c74279dca00f6fd9ba64d36d69e3bf3dd9c3a29a92802e77,efb17b5912fbb2c144dab4d99924dbc341e8f64054be7909dd7818cad155bef2,178,688,16206,トウヒ類,マツ科,exact_japanese_name,include,2026-07-11,PDF原本の寄主植物一覧（冊子p.688）で植物見出しと掲載和名を目視確認。
kamikiri-host-index-p178-l16206-species-22474,species-22474,トドマツカミキリ,トドマツカミキリ,日本産カミキリムシ,日本産カミキリムシ_compressed.pdf,52299895c14c1fd1c74279dca00f6fd9ba64d36d69e3bf3dd9c3a29a92802e77,efb17b5912fbb2c144dab4d99924dbc341e8f64054be7909dd7818cad155bef2,178,688,16206,トウヒ類,マツ科,reviewed_source_crosswalk,include,2026-07-11,PDF原本の寄主植物一覧（冊子p.688）で植物見出しと掲載和名を目視確認。
kamikiri-host-index-p178-l16206-species-22777,species-22777,マツノマダラカミキリ,マツノマダラカミキリ,日本産カミキリムシ,日本産カミキリムシ_compressed.pdf,52299895c14c1fd1c74279dca00f6fd9ba64d36d69e3bf3dd9c3a29a92802e77,efb17b5912fbb2c144dab4d99924dbc341e8f64054be7909dd7818cad155bef2,178,688,16206,トウヒ類,マツ科,exact_japanese_name,include,2026-07-11,PDF原本の寄主植物一覧（冊子p.688）で植物見出しと掲載和名を目視確認。
kamikiri-host-index-p178-l16206-species-22783,species-22783,シラフヨツボシヒゲナガカミキリ,シラフヨツボシヒゲナガカミキリ,日本産カミキリムシ,日本産カミキリムシ_compressed.pdf,52299895c14c1fd1c74279dca00f6fd9ba64d36d69e3bf3dd9c3a29a92802e77,efb17b5912fbb2c144dab4d99924dbc341e8f64054be7909dd7818cad155bef2,178,688,16206,トウヒ類,マツ科,exact_japanese_name,include,2026-07-11,PDF原本の寄主植物一覧（冊子p.688）で植物見出しと掲載和名を目視確認。
kamikiri-host-index-p178-l16206-species-22790,species-22790,ヒメシラフヒゲナガカミキリ,ヒメシラフヒゲナガカミキリ,日本産カミキリムシ,日本産カミキリムシ_compressed.pdf,52299895c14c1fd1c74279dca00f6fd9ba64d36d69e3bf3dd9c3a29a92802e77,efb17b5912fbb2c144dab4d99924dbc341e8f64054be7909dd7818cad155bef2,178,688,16206,トウヒ類,マツ科,exact_japanese_name,include,2026-07-11,PDF原本の寄主植物一覧（冊子p.688）で植物見出しと掲載和名を目視確認。
kamikiri-host-index-p178-l16217-species-22065,species-22065,マルクビケマダラカミキリ,マルクビケマダラカミキリ,日本産カミキリムシ,日本産カミキリムシ_compressed.pdf,52299895c14c1fd1c74279dca00f6fd9ba64d36d69e3bf3dd9c3a29a92802e77,efb17b5912fbb2c144dab4d99924dbc341e8f64054be7909dd7818cad155bef2,178,688,16217,ヤクタネゴヨウ,マツ科,exact_japanese_name,include,2026-07-11,PDF原本の寄主植物一覧（冊子p.688）で植物見出しと掲載和名を目視確認。
kamikiri-host-index-p178-l16217-species-22777,species-22777,マツノマダラカミキリ,マツノマダラカミキリ,日本産カミキリムシ,日本産カミキリムシ_compressed.pdf,52299895c14c1fd1c74279dca00f6fd9ba64d36d69e3bf3dd9c3a29a92802e77,efb17b5912fbb2c144dab4d99924dbc341e8f64054be7909dd7818cad155bef2,178,688,16217,ヤクタネゴヨウ,マツ科,exact_japanese_name,include,2026-07-11,PDF原本の寄主植物一覧（冊子p.688）で植物見出しと掲載和名を目視確認。
kamikiri-host-index-p178-l16223-species-22777,species-22777,マツノマダラカミキリ,マツノマダラカミキリ,日本産カミキリムシ,日本産カミキリムシ_compressed.pdf,52299895c14c1fd1c74279dca00f6fd9ba64d36d69e3bf3dd9c3a29a92802e77,efb17b5912fbb2c144dab4d99924dbc341e8f64054be7909dd7818cad155bef2,178,688,16223,シロマツ,マツ科,exact_japanese_name,include,2026-07-11,PDF原本の寄主植物一覧（冊子p.688）で植物見出しと掲載和名を目視確認。原典は植栽記録。
KDB175183-0034,1-1,ウスバカミキリ 基亜種,ウスバカミキリ,日本産カミキリムシ,日本産カミキリムシ_compressed.pdf,52299895c14c1fd1c74279dca00f6fd9ba64d36d69e3bf3dd9c3a29a92802e77,efb17b5912fbb2c144dab4d99924dbc341e8f64054be7909dd7818cad155bef2,178,688-689,16226,アカマツ,マツ科,exact_derived_base_name,needs_review,2026-07-11,索引画像で「ウスバカミキリ Megopis sinica sinica」を確認。種解説（冊子p.340-341）と現行同種群を照合したが、種解説の名義亜種範囲は奄美・沖縄個体群を含むが、現行CSVでは2018年記載の奄美沖縄亜種 adachii が分離済み。索引レコードに産地がなく現行基亜種へ配分不能。 段組み境界を画像で補正し、報告値「シロマツ」を実際の植物見出し「アカマツ」に修正。
kamikiri-host-index-p178-l16226-14,14,ニセノコギリカミキリ,ニセノコギリカミキリ,日本産カミキリムシ,日本産カミキリムシ_compressed.pdf,52299895c14c1fd1c74279dca00f6fd9ba64d36d69e3bf3dd9c3a29a92802e77,efb17b5912fbb2c144dab4d99924dbc341e8f64054be7909dd7818cad155bef2,178,688-689,16226,アカマツ,マツ科,exact_japanese_name,include,2026-07-11,OCR植物ブロック境界誤りをPDF見出し「アカマツ」へ訂正。掲載和名も同植物欄で目視確認。
kamikiri-host-index-p178-l16226-species-21877,species-21877,ミドリカミキリ,ミドリカミキリ,日本産カミキリムシ,日本産カミキリムシ_compressed.pdf,52299895c14c1fd1c74279dca00f6fd9ba64d36d69e3bf3dd9c3a29a92802e77,efb17b5912fbb2c144dab4d99924dbc341e8f64054be7909dd7818cad155bef2,178,688-689,16226,アカマツ,マツ科,exact_japanese_name,include,2026-07-11,OCR植物ブロック境界誤りをPDF見出し「アカマツ」へ訂正。掲載和名も同植物欄で目視確認。
kamikiri-host-index-p178-l16226-species-21983,species-21983,トゲヒゲトラカミキリ,トゲヒゲトラカミキリ,日本産カミキリムシ,日本産カミキリムシ_compressed.pdf,52299895c14c1fd1c74279dca00f6fd9ba64d36d69e3bf3dd9c3a29a92802e77,efb17b5912fbb2c144dab4d99924dbc341e8f64054be7909dd7818cad155bef2,178,688-689,16226,アカマツ,マツ科,exact_japanese_name,include,2026-07-11,OCR植物ブロック境界誤りをPDF見出し「アカマツ」へ訂正。掲載和名も同植物欄で目視確認。
kamikiri-host-index-p178-l16226-species-22089,species-22089,カエデヒゲナガコバネカミキリ,カエデヒゲナガコバネカミキリ,日本産カミキリムシ,日本産カミキリムシ_compressed.pdf,52299895c14c1fd1c74279dca00f6fd9ba64d36d69e3bf3dd9c3a29a92802e77,efb17b5912fbb2c144dab4d99924dbc341e8f64054be7909dd7818cad155bef2,178,688-689,16226,アカマツ,マツ科,reviewed_source_crosswalk,exclude_ocr_or_boundary,2026-07-11,OCR植物ブロック境界誤りをPDF見出し「アカマツ」へ訂正。正規化データに訂正後の同一ペアが既存のため追加対象外。
KDB175183-0035,species-22169,トラフホソバネカミキリ 基亜種,トラフホソバネカミキリ,日本産カミキリムシ,日本産カミキリムシ_compressed.pdf,52299895c14c1fd1c74279dca00f6fd9ba64d36d69e3bf3dd9c3a29a92802e77,efb17b5912fbb2c144dab4d99924dbc341e8f64054be7909dd7818cad155bef2,178,688-689,16226,アカマツ,マツ科,exact_derived_base_name,needs_review,2026-07-11,索引画像で「トラフホソバネカミキリ Thranius variegatus variegatus」を確認。種解説（冊子p.464-465）と現行同種群を照合したが、種解説の名義亜種分布はトカラ中之島を含むが、現行CSVでは2023年記載の中之島亜種が分離済み。索引レコードに産地がなく現行基亜種へ配分不能。 段組み境界を画像で補正し、報告値「シロマツ」を実際の植物見出し「アカマツ」に修正。
kamikiri-host-index-p178-l16226-species-22182,species-22182,クビアカドウガネハナカミキリ,クビアカハナカミキリ,日本産カミキリムシ,日本産カミキリムシ_compressed.pdf,52299895c14c1fd1c74279dca00f6fd9ba64d36d69e3bf3dd9c3a29a92802e77,efb17b5912fbb2c144dab4d99924dbc341e8f64054be7909dd7818cad155bef2,178,688-689,16226,アカマツ,マツ科,reviewed_source_crosswalk,exclude_ocr_or_boundary,2026-07-11,OCR植物ブロック境界誤りをPDF見出し「アカマツ」へ訂正。正規化データに訂正後の同一ペアが既存のため追加対象外。
kamikiri-host-index-p178-l16226-species-22200,species-22200,ツヤケシハナカミキリ,ツヤケシハナカミキリ,日本産カミキリムシ,日本産カミキリムシ_compressed.pdf,52299895c14c1fd1c74279dca00f6fd9ba64d36d69e3bf3dd9c3a29a92802e77,efb17b5912fbb2c144dab4d99924dbc341e8f64054be7909dd7818cad155bef2,178,688-689,16226,アカマツ,マツ科,exact_japanese_name,include,2026-07-11,OCR植物ブロック境界誤りをPDF見出し「アカマツ」へ訂正。掲載和名も同植物欄で目視確認。
kamikiri-host-index-p178-l16226-species-22233,species-22233,オオハナカミキリ,オオハナカミキリ,日本産カミキリムシ,日本産カミキリムシ_compressed.pdf,52299895c14c1fd1c74279dca00f6fd9ba64d36d69e3bf3dd9c3a29a92802e77,efb17b5912fbb2c144dab4d99924dbc341e8f64054be7909dd7818cad155bef2,178,688-689,16226,アカマツ,マツ科,reviewed_source_crosswalk,exclude_ocr_or_boundary,2026-07-11,OCR植物ブロック境界誤りをPDF見出し「アカマツ」へ訂正。正規化データに訂正後の同一ペアが既存のため追加対象外。
kamikiri-host-index-p178-l16226-species-22234,species-22234,ホソハナカミキリ,ホソハナカミキリ,日本産カミキリムシ,日本産カミキリムシ_compressed.pdf,52299895c14c1fd1c74279dca00f6fd9ba64d36d69e3bf3dd9c3a29a92802e77,efb17b5912fbb2c144dab4d99924dbc341e8f64054be7909dd7818cad155bef2,178,688-689,16226,アカマツ,マツ科,exact_japanese_name,include,2026-07-11,OCR植物ブロック境界誤りをPDF見出し「アカマツ」へ訂正。掲載和名も同植物欄で目視確認。
kamikiri-host-index-p178-l16226-species-22236,species-22236,クロハナカミキリ,クロハナカミキリ,日本産カミキリムシ,日本産カミキリムシ_compressed.pdf,52299895c14c1fd1c74279dca00f6fd9ba64d36d69e3bf3dd9c3a29a92802e77,efb17b5912fbb2c144dab4d99924dbc341e8f64054be7909dd7818cad155bef2,178,688-689,16226,アカマツ,マツ科,exact_japanese_name,include,2026-07-11,OCR植物ブロック境界誤りをPDF見出し「アカマツ」へ訂正。掲載和名も同植物欄で目視確認。
kamikiri-host-index-p178-l16226-species-22261,species-22261,オオヨツスジハナカミキリ,オオヨツスジハナカミキリ,日本産カミキリムシ,日本産カミキリムシ_compressed.pdf,52299895c14c1fd1c74279dca00f6fd9ba64d36d69e3bf3dd9c3a29a92802e77,efb17b5912fbb2c144dab4d99924dbc341e8f64054be7909dd7818cad155bef2,178,688-689,16226,アカマツ,マツ科,reviewed_source_crosswalk,include,2026-07-11,OCR植物ブロック境界誤りをPDF見出し「アカマツ」へ訂正。掲載和名も同植物欄で目視確認。
kamikiri-host-index-p178-l16226-species-22283,species-22283,ニンフホソハナカミキリ,ニンフホソハナカミキリ,日本産カミキリムシ,日本産カミキリムシ_compressed.pdf,52299895c14c1fd1c74279dca00f6fd9ba64d36d69e3bf3dd9c3a29a92802e77,efb17b5912fbb2c144dab4d99924dbc341e8f64054be7909dd7818cad155bef2,178,688-689,16226,アカマツ,マツ科,exact_japanese_name,include,2026-07-11,OCR植物ブロック境界誤りをPDF見出し「アカマツ」へ訂正。掲載和名も同植物欄で目視確認。
kamikiri-host-index-p178-l16226-species-22299,species-22299,アカハナカミキリ,アカハナカミキリ,日本産カミキリムシ,日本産カミキリムシ_compressed.pdf,52299895c14c1fd1c74279dca00f6fd9ba64d36d69e3bf3dd9c3a29a92802e77,efb17b5912fbb2c144dab4d99924dbc341e8f64054be7909dd7818cad155bef2,178,688-689,16226,アカマツ,マツ科,reviewed_source_crosswalk,include,2026-07-11,OCR植物ブロック境界誤りをPDF見出し「アカマツ」へ訂正。掲載和名も同植物欄で目視確認。
kamikiri-host-index-p178-l16226-species-22456,species-22456,ハイイロハナカミキリ,ハイイロハナカミキリ,日本産カミキリムシ,日本産カミキリムシ_compressed.pdf,52299895c14c1fd1c74279dca00f6fd9ba64d36d69e3bf3dd9c3a29a92802e77,efb17b5912fbb2c144dab4d99924dbc341e8f64054be7909dd7818cad155bef2,178,688-689,16226,アカマツ,マツ科,exact_japanese_name,include,2026-07-11,OCR植物ブロック境界誤りをPDF見出し「アカマツ」へ訂正。掲載和名も同植物欄で目視確認。
kamikiri-host-index-p178-l16226-species-22457,species-22457,ツシマニセハイイロハナカミキリ,ニセハイイロハナカミキリ,日本産カミキリムシ,日本産カミキリムシ_compressed.pdf,52299895c14c1fd1c74279dca00f6fd9ba64d36d69e3bf3dd9c3a29a92802e77,efb17b5912fbb2c144dab4d99924dbc341e8f64054be7909dd7818cad155bef2,178,688-689,16226,アカマツ,マツ科,reviewed_source_crosswalk,include,2026-07-11,OCR植物ブロック境界誤りをPDF見出し「アカマツ」へ訂正。掲載和名も同植物欄で目視確認。
kamikiri-host-index-p178-l16226-species-22463,species-22463,サビカミキリ,サビカミキリ,日本産カミキリムシ,日本産カミキリムシ_compressed.pdf,52299895c14c1fd1c74279dca00f6fd9ba64d36d69e3bf3dd9c3a29a92802e77,efb17b5912fbb2c144dab4d99924dbc341e8f64054be7909dd7818cad155bef2,178,688-689,16226,アカマツ,マツ科,exact_japanese_name,include,2026-07-11,OCR植物ブロック境界誤りをPDF見出し「アカマツ」へ訂正。掲載和名も同植物欄で目視確認。
kamikiri-host-index-p178-l16226-species-22466,species-22466,ヒメマルクビヒラタカミキリ,ヒメマルクビヒラタカミキリ,日本産カミキリムシ,日本産カミキリムシ_compressed.pdf,52299895c14c1fd1c74279dca00f6fd9ba64d36d69e3bf3dd9c3a29a92802e77,efb17b5912fbb2c144dab4d99924dbc341e8f64054be7909dd7818cad155bef2,178,688-689,16226,アカマツ,マツ科,exact_japanese_name,include,2026-07-11,OCR植物ブロック境界誤りをPDF見出し「アカマツ」へ訂正。掲載和名も同植物欄で目視確認。
kamikiri-host-index-p178-l16226-species-22468,species-22468,マルクビヒラタカミキリ,マルクビヒラタカミキリ,日本産カミキリムシ,日本産カミキリムシ_compressed.pdf,52299895c14c1fd1c74279dca00f6fd9ba64d36d69e3bf3dd9c3a29a92802e77,efb17b5912fbb2c144dab4d99924dbc341e8f64054be7909dd7818cad155bef2,178,688-689,16226,アカマツ,マツ科,exact_japanese_name,include,2026-07-11,OCR植物ブロック境界誤りをPDF見出し「アカマツ」へ訂正。掲載和名も同植物欄で目視確認。
kamikiri-host-index-p178-l16226-species-22472,species-22472,ケブカヒラタカミキリ,ケブカヒラタカミキリ,日本産カミキリムシ,日本産カミキリムシ_compressed.pdf,52299895c14c1fd1c74279dca00f6fd9ba64d36d69e3bf3dd9c3a29a92802e77,efb17b5912fbb2c144dab4d99924dbc341e8f64054be7909dd7818cad155bef2,178,688-689,16226,アカマツ,マツ科,exact_japanese_name,include,2026-07-11,OCR植物ブロック境界誤りをPDF見出し「アカマツ」へ訂正。掲載和名も同植物欄で目視確認。
kamikiri-host-index-p178-l16226-species-22480,species-22480,クロカミキリ,クロカミキリ,日本産カミキリムシ,日本産カミキリムシ_compressed.pdf,52299895c14c1fd1c74279dca00f6fd9ba64d36d69e3bf3dd9c3a29a92802e77,efb17b5912fbb2c144dab4d99924dbc341e8f64054be7909dd7818cad155bef2,178,688-689,16226,アカマツ,マツ科,reviewed_source_crosswalk,include,2026-07-11,OCR植物ブロック境界誤りをPDF見出し「アカマツ」へ訂正。掲載和名も同植物欄で目視確認。
kamikiri-host-index-p178-l16226-species-22481,species-22481,ナカバヤシモモブトカミキリ,ナカバヤシモモブトカミキリ,日本産カミキリムシ,日本産カミキリムシ_compressed.pdf,52299895c14c1fd1c74279dca00f6fd9ba64d36d69e3bf3dd9c3a29a92802e77,efb17b5912fbb2c144dab4d99924dbc341e8f64054be7909dd7818cad155bef2,178,688-689,16226,アカマツ,マツ科,exact_japanese_name,include,2026-07-11,OCR植物ブロック境界誤りをPDF見出し「アカマツ」へ訂正。掲載和名も同植物欄で目視確認。
kamikiri-host-index-p178-l16226-species-22482,species-22482,ヒゲナガモモブトカミキリ,ヒゲナガモモブトカミキリ,日本産カミキリムシ,日本産カミキリムシ_compressed.pdf,52299895c14c1fd1c74279dca00f6fd9ba64d36d69e3bf3dd9c3a29a92802e77,efb17b5912fbb2c144dab4d99924dbc341e8f64054be7909dd7818cad155bef2,178,688-689,16226,アカマツ,マツ科,reviewed_source_crosswalk,include,2026-07-11,OCR植物ブロック境界誤りをPDF見出し「アカマツ」へ訂正。掲載和名も同植物欄で目視確認。
kamikiri-host-index-p178-l16226-species-22507,species-22507,キュウシュウトゲバカミキリ,キュウシュウトゲバカミキリ,日本産カミキリムシ,日本産カミキリムシ_compressed.pdf,52299895c14c1fd1c74279dca00f6fd9ba64d36d69e3bf3dd9c3a29a92802e77,efb17b5912fbb2c144dab4d99924dbc341e8f64054be7909dd7818cad155bef2,178,688-689,16226,アカマツ,マツ科,exact_japanese_name,include,2026-07-11,OCR植物ブロック境界誤りをPDF見出し「アカマツ」へ訂正。掲載和名も同植物欄で目視確認。
kamikiri-host-index-p178-l16226-species-22526,species-22526,ケシカミキリ,ケシカミキリ,日本産カミキリムシ,日本産カミキリムシ_compressed.pdf,52299895c14c1fd1c74279dca00f6fd9ba64d36d69e3bf3dd9c3a29a92802e77,efb17b5912fbb2c144dab4d99924dbc341e8f64054be7909dd7818cad155bef2,178,688-689,16226,アカマツ,マツ科,exact_japanese_name,include,2026-07-11,OCR植物ブロック境界誤りをPDF見出し「アカマツ」へ訂正。掲載和名も同植物欄で目視確認。
kamikiri-host-index-p178-l16226-species-22616,species-22616,キボシチビカミキリ,キボシチビカミキリ,日本産カミキリムシ,日本産カミキリムシ_compressed.pdf,52299895c14c1fd1c74279dca00f6fd9ba64d36d69e3bf3dd9c3a29a92802e77,efb17b5912fbb2c144dab4d99924dbc341e8f64054be7909dd7818cad155bef2,178,688-689,16226,アカマツ,マツ科,reviewed_source_crosswalk,exclude_ocr_or_boundary,2026-07-11,OCR植物ブロック境界誤りをPDF見出し「アカマツ」へ訂正。正規化データに訂正後の同一ペアが既存のため追加対象外。
KDB175183-0037,species-22735,ビロウドカミキリ 基亜種,ビロウドカミキリ,日本産カミキリムシ,日本産カミキリムシ_compressed.pdf,52299895c14c1fd1c74279dca00f6fd9ba64d36d69e3bf3dd9c3a29a92802e77,efb17b5912fbb2c144dab4d99924dbc341e8f64054be7909dd7818cad155bef2,178,688-689,16226,アカマツ,マツ科,exact_derived_base_name,include,2026-07-11,索引画像で「ビロウドカミキリ Acalolepta fraudatrix fraudatrix」を確認。種解説（冊子p.588-589）と現行同種群を照合し、名義亜種または原典で別名の近縁群から区別された当該分類群として現行IDへ帰属可能。 段組み境界を画像で補正し、報告値「シロマツ」を実際の植物見出し「アカマツ」に修正。
KDB175183-0038,species-22755,ニセビロウドカミキリ 基亜種,ニセビロウドカミキリ,日本産カミキリムシ,日本産カミキリムシ_compressed.pdf,52299895c14c1fd1c74279dca00f6fd9ba64d36d69e3bf3dd9c3a29a92802e77,efb17b5912fbb2c144dab4d99924dbc341e8f64054be7909dd7818cad155bef2,178,688-689,16226,アカマツ,マツ科,exact_derived_base_name,include,2026-07-11,索引画像で「ニセビロウドカミキリ Acalolepta sejuncta sejuncta」を確認。種解説（冊子p.592-593）と現行同種群を照合し、名義亜種または原典で別名の近縁群から区別された当該分類群として現行IDへ帰属可能。 段組み境界を画像で補正し、報告値「シロマツ」を実際の植物見出し「アカマツ」に修正。
kamikiri-host-index-p178-l16226-species-22779,species-22779,ヒゲナガカミキリ,ヒゲナガカミキリ,日本産カミキリムシ,日本産カミキリムシ_compressed.pdf,52299895c14c1fd1c74279dca00f6fd9ba64d36d69e3bf3dd9c3a29a92802e77,efb17b5912fbb2c144dab4d99924dbc341e8f64054be7909dd7818cad155bef2,178,688-689,16226,アカマツ,マツ科,exact_japanese_name,include,2026-07-11,OCR植物ブロック境界誤りをPDF見出し「アカマツ」へ訂正。掲載和名も同植物欄で目視確認。
kamikiri-host-index-p178-l16226-species-22785,species-22785,カラフトヒゲナガカミキリ,カラフトヒゲナガカミキリ,日本産カミキリムシ,日本産カミキリムシ_compressed.pdf,52299895c14c1fd1c74279dca00f6fd9ba64d36d69e3bf3dd9c3a29a92802e77,efb17b5912fbb2c144dab4d99924dbc341e8f64054be7909dd7818cad155bef2,178,688-689,16226,アカマツ,マツ科,exact_japanese_name,exclude_ocr_or_boundary,2026-07-11,OCR植物ブロック境界誤りをPDF見出し「アカマツ」へ訂正。正規化データに訂正後の同一ペアが既存のため追加対象外。
KDB175183-0036,species-22786,ヒメヒゲナガカミキリ 基亜種,ヒメヒゲナガカミキリ,日本産カミキリムシ,日本産カミキリムシ_compressed.pdf,52299895c14c1fd1c74279dca00f6fd9ba64d36d69e3bf3dd9c3a29a92802e77,efb17b5912fbb2c144dab4d99924dbc341e8f64054be7909dd7818cad155bef2,178,688-689,16226,アカマツ,マツ科,exact_derived_base_name,include,2026-07-11,索引画像で「ヒメヒゲナガカミキリ Monochamus subfasciatus subfasciatus」を確認。種解説（冊子p.580-581）と現行同種群を照合し、名義亜種または原典で別名の近縁群から区別された当該分類群として現行IDへ帰属可能。 段組み境界を画像で補正し、報告値「シロマツ」を実際の植物見出し「アカマツ」に修正。
KDB175183-0039,species-22843,セミスジコブヒゲカミキリ 基亜種,セミスジコブヒゲカミキリ,日本産カミキリムシ,日本産カミキリムシ_compressed.pdf,52299895c14c1fd1c74279dca00f6fd9ba64d36d69e3bf3dd9c3a29a92802e77,efb17b5912fbb2c144dab4d99924dbc341e8f64054be7909dd7818cad155bef2,178,688-689,16226,アカマツ,マツ科,exact_derived_base_name,include,2026-07-11,索引画像で「セミスジコブヒゲカミキリ Rhodopina lewisii lewisii」を確認。種解説（冊子p.612-613）と現行同種群を照合し、名義亜種または原典で別名の近縁群から区別された当該分類群として現行IDへ帰属可能。 段組み境界を画像で補正し、報告値「シロマツ」を実際の植物見出し「アカマツ」に修正。
kamikiri-host-index-p178-l16226-species-22866,species-22866,ナガゴマフカミキリ,ナガゴマフカミキリ,日本産カミキリムシ,日本産カミキリムシ_compressed.pdf,52299895c14c1fd1c74279dca00f6fd9ba64d36d69e3bf3dd9c3a29a92802e77,efb17b5912fbb2c144dab4d99924dbc341e8f64054be7909dd7818cad155bef2,178,688-689,16226,アカマツ,マツ科,exact_japanese_name,include,2026-07-11,OCR植物ブロック境界誤りをPDF見出し「アカマツ」へ訂正。掲載和名も同植物欄で目視確認。
kamikiri-host-index-p178-l16226-species-22870,species-22870,キリシマゴマフカミキリ,キリシマゴマフカミキリ,日本産カミキリムシ,日本産カミキリムシ_compressed.pdf,52299895c14c1fd1c74279dca00f6fd9ba64d36d69e3bf3dd9c3a29a92802e77,efb17b5912fbb2c144dab4d99924dbc341e8f64054be7909dd7818cad155bef2,178,688-689,16226,アカマツ,マツ科,exact_japanese_name,include,2026-07-11,OCR植物ブロック境界誤りをPDF見出し「アカマツ」へ訂正。掲載和名も同植物欄で目視確認。
kamikiri-host-index-p178-l16226-species-22930,species-22930,ヒメシラオビカミキリ,ヒメシラオビカミキリ,日本産カミキリムシ,日本産カミキリムシ_compressed.pdf,52299895c14c1fd1c74279dca00f6fd9ba64d36d69e3bf3dd9c3a29a92802e77,efb17b5912fbb2c144dab4d99924dbc341e8f64054be7909dd7818cad155bef2,178,688-689,16226,アカマツ,マツ科,exact_japanese_name,include,2026-07-11,OCR植物ブロック境界誤りをPDF見出し「アカマツ」へ訂正。掲載和名も同植物欄で目視確認。
kamikiri-host-index-p178-l16226-species-22941,species-22941,クワサビカミキリ,クワサビカミキリ,日本産カミキリムシ,日本産カミキリムシ_compressed.pdf,52299895c14c1fd1c74279dca00f6fd9ba64d36d69e3bf3dd9c3a29a92802e77,efb17b5912fbb2c144dab4d99924dbc341e8f64054be7909dd7818cad155bef2,178,688-689,16226,アカマツ,マツ科,exact_japanese_name,include,2026-07-11,OCR植物ブロック境界誤りをPDF見出し「アカマツ」へ訂正。掲載和名も同植物欄で目視確認。
kamikiri-host-index-p178-l16226-species-23058,species-23058,ヘリグロアオカミキリ,ヘリグロアオカミキリ,日本産カミキリムシ,日本産カミキリムシ_compressed.pdf,52299895c14c1fd1c74279dca00f6fd9ba64d36d69e3bf3dd9c3a29a92802e77,efb17b5912fbb2c144dab4d99924dbc341e8f64054be7909dd7818cad155bef2,178,688-689,16226,アカマツ,マツ科,exact_japanese_name,include,2026-07-11,OCR植物ブロック境界誤りをPDF見出し「アカマツ」へ訂正。掲載和名も同植物欄で目視確認。
kamikiri-host-index-p178-l16278-species-22777,species-22777,マツノマダラカミキリ,マツノマダラカミキリ,日本産カミキリムシ,日本産カミキリムシ_compressed.pdf,52299895c14c1fd1c74279dca00f6fd9ba64d36d69e3bf3dd9c3a29a92802e77,efb17b5912fbb2c144dab4d99924dbc341e8f64054be7909dd7818cad155bef2,178,689,16278,スラッシュマツ,マツ科,exact_japanese_name,include,2026-07-11,PDF原本の寄主植物一覧（冊子p.689）で植物見出しと掲載和名を目視確認。原典は植栽記録。
kamikiri-host-index-p178-l16280-species-22466,species-22466,ヒメマルクビヒラタカミキリ,ヒメマルクビヒラタカミキリ,日本産カミキリムシ,日本産カミキリムシ_compressed.pdf,52299895c14c1fd1c74279dca00f6fd9ba64d36d69e3bf3dd9c3a29a92802e77,efb17b5912fbb2c144dab4d99924dbc341e8f64054be7909dd7818cad155bef2,178,689,16280,チョウセンゴヨウ,マツ科,exact_japanese_name,include,2026-07-11,PDF原本の寄主植物一覧（冊子p.689）で植物見出しと掲載和名を目視確認。
kamikiri-host-index-p178-l16280-species-22467,species-22467,オオマルクビヒラタカミキリ,オオマルクビヒラタカミキリ,日本産カミキリムシ,日本産カミキリムシ_compressed.pdf,52299895c14c1fd1c74279dca00f6fd9ba64d36d69e3bf3dd9c3a29a92802e77,efb17b5912fbb2c144dab4d99924dbc341e8f64054be7909dd7818cad155bef2,178,689,16280,チョウセンゴヨウ,マツ科,reviewed_source_crosswalk,include,2026-07-11,PDF原本の寄主植物一覧（冊子p.689）で植物見出しと掲載和名を目視確認。
kamikiri-host-index-p178-l16280-species-22783,species-22783,シラフヨツボシヒゲナガカミキリ,シラフヨツボシヒゲナガカミキリ,日本産カミキリムシ,日本産カミキリムシ_compressed.pdf,52299895c14c1fd1c74279dca00f6fd9ba64d36d69e3bf3dd9c3a29a92802e77,efb17b5912fbb2c144dab4d99924dbc341e8f64054be7909dd7818cad155bef2,178,689,16280,チョウセンゴヨウ,マツ科,exact_japanese_name,include,2026-07-11,PDF原本の寄主植物一覧（冊子p.689）で植物見出しと掲載和名を目視確認。
kamikiri-host-index-p178-l16280-species-22871,species-22871,ゴマフカミキリ,ゴマフカミキリ,日本産カミキリムシ,日本産カミキリムシ_compressed.pdf,52299895c14c1fd1c74279dca00f6fd9ba64d36d69e3bf3dd9c3a29a92802e77,efb17b5912fbb2c144dab4d99924dbc341e8f64054be7909dd7818cad155bef2,178,689,16280,チョウセンゴヨウ,マツ科,exact_japanese_name,include,2026-07-11,PDF原本の寄主植物一覧（冊子p.689）で植物見出しと掲載和名を目視確認。
KDB175183-0040,species-21904,リュウキュウヒメカミキリ 基亜種,リュウキュウヒメカミキリ,日本産カミキリムシ,日本産カミキリムシ_compressed.pdf,52299895c14c1fd1c74279dca00f6fd9ba64d36d69e3bf3dd9c3a29a92802e77,efb17b5912fbb2c144dab4d99924dbc341e8f64054be7909dd7818cad155bef2,178,689,16285,リュウキュウマツ,マツ科,exact_derived_base_name,include,2026-07-11,索引画像で「リュウキュウヒメカミキリ Ceresium fuscum fuscum」を確認。種解説（冊子p.438-439）と現行同種群を照合し、名義亜種または原典で別名の近縁群から区別された当該分類群として現行IDへ帰属可能。
kamikiri-host-index-p178-l16285-species-22463,species-22463,サビカミキリ,サビカミキリ,日本産カミキリムシ,日本産カミキリムシ_compressed.pdf,52299895c14c1fd1c74279dca00f6fd9ba64d36d69e3bf3dd9c3a29a92802e77,efb17b5912fbb2c144dab4d99924dbc341e8f64054be7909dd7818cad155bef2,178,689,16285,リュウキュウマツ,マツ科,exact_japanese_name,include,2026-07-11,PDF原本の寄主植物一覧（冊子p.689）で植物見出しと掲載和名を目視確認。
KDB175183-0044,species-22491,サトウオガサワラカミキリ 基亜種,サトウオガサワラカミキリ,日本産カミキリムシ,日本産カミキリムシ_compressed.pdf,52299895c14c1fd1c74279dca00f6fd9ba64d36d69e3bf3dd9c3a29a92802e77,efb17b5912fbb2c144dab4d99924dbc341e8f64054be7909dd7818cad155bef2,178,689,16285,リュウキュウマツ,マツ科,exact_derived_base_name,needs_review,2026-07-11,索引画像で「サトウオガサワラカミキリ Boninella satoi」を確認。種解説（冊子p.648-650）と現行同種群を照合したが、種解説は Boninella satoi を母島を含む範囲で扱うが、現行CSVでは2009年記載の母島亜種が分離済み。索引レコードに産地がなく現行基亜種へ配分不能。
kamikiri-host-index-p178-l16285-species-22507,species-22507,キュウシュウトゲバカミキリ,キュウシュウトゲバカミキリ,日本産カミキリムシ,日本産カミキリムシ_compressed.pdf,52299895c14c1fd1c74279dca00f6fd9ba64d36d69e3bf3dd9c3a29a92802e77,efb17b5912fbb2c144dab4d99924dbc341e8f64054be7909dd7818cad155bef2,178,689,16285,リュウキュウマツ,マツ科,exact_japanese_name,include,2026-07-11,PDF原本の寄主植物一覧（冊子p.689）で植物見出しと掲載和名を目視確認。
KDB175183-0043,species-22517,クロオビトゲムネカミキリ 基亜種,クロオビトゲムネカミキリ,日本産カミキリムシ,日本産カミキリムシ_compressed.pdf,52299895c14c1fd1c74279dca00f6fd9ba64d36d69e3bf3dd9c3a29a92802e77,efb17b5912fbb2c144dab4d99924dbc341e8f64054be7909dd7818cad155bef2,178,689,16285,リュウキュウマツ,マツ科,exact_derived_base_name,exclude_ocr_or_boundary,2026-07-11,索引画像は「クロオビトゲムネカミキリ Sciades fasciatus okinawanus」。種解説（冊子p.644-645）では基亜種 fasciatus と沖縄亜種 okinawanus を別記するため、現行基亜種IDへの誤帰属。
kamikiri-host-index-p178-l16285-species-22638,species-22638,サキシマアトモンチビカミキリ,サキシマアトモンチビカミキリ,日本産カミキリムシ,日本産カミキリムシ_compressed.pdf,52299895c14c1fd1c74279dca00f6fd9ba64d36d69e3bf3dd9c3a29a92802e77,efb17b5912fbb2c144dab4d99924dbc341e8f64054be7909dd7818cad155bef2,178,689,16285,リュウキュウマツ,マツ科,exact_japanese_name,include,2026-07-11,PDF原本の寄主植物一覧（冊子p.689）で植物見出しと掲載和名を目視確認。
kamikiri-host-index-p178-l16285-species-22847,species-22847,アマミコブヒゲカミキリ,アマミコブヒゲカミキリ,日本産カミキリムシ,日本産カミキリムシ_compressed.pdf,52299895c14c1fd1c74279dca00f6fd9ba64d36d69e3bf3dd9c3a29a92802e77,efb17b5912fbb2c144dab4d99924dbc341e8f64054be7909dd7818cad155bef2,178,689,16285,リュウキュウマツ,マツ科,exact_japanese_name,include,2026-07-11,PDF原本の寄主植物一覧（冊子p.689）で植物見出しと掲載和名を目視確認。
kamikiri-host-index-p178-l16285-species-22877,species-22877,コウノゴマフカミキリ 沖縄島亜種,オキナワコウノゴマフカミキリ,日本産カミキリムシ,日本産カミキリムシ_compressed.pdf,52299895c14c1fd1c74279dca00f6fd9ba64d36d69e3bf3dd9c3a29a92802e77,efb17b5912fbb2c144dab4d99924dbc341e8f64054be7909dd7818cad155bef2,178,689,16285,リュウキュウマツ,マツ科,exact_alternative_name,include,2026-07-11,PDF原本の寄主植物一覧（冊子p.689）で植物見出しと掲載和名を目視確認。
KDB175183-0041,species-22883,イシガキゴマフカミキリ 基亜種,イシガキゴマフカミキリ,日本産カミキリムシ,日本産カミキリムシ_compressed.pdf,52299895c14c1fd1c74279dca00f6fd9ba64d36d69e3bf3dd9c3a29a92802e77,efb17b5912fbb2c144dab4d99924dbc341e8f64054be7909dd7818cad155bef2,178,689,16285,リュウキュウマツ,マツ科,exact_derived_base_name,exclude_ocr_or_boundary,2026-07-11,索引画像は「イシガキゴマフカミキリ Mesosa yonaguni subkonoi」。種解説（冊子p.516-517）の基亜種 yonaguni は「ヨナグニゴマフカミキリ」であり、現行基亜種IDへの誤帰属。
KDB175183-0042,species-22893,オキナワゴマフカミキリ 基亜種,オキナワゴマフカミキリ,日本産カミキリムシ,日本産カミキリムシ_compressed.pdf,52299895c14c1fd1c74279dca00f6fd9ba64d36d69e3bf3dd9c3a29a92802e77,efb17b5912fbb2c144dab4d99924dbc341e8f64054be7909dd7818cad155bef2,178,689,16285,リュウキュウマツ,マツ科,exact_derived_base_name,include,2026-07-11,索引画像で「オキナワゴマフカミキリ Mesosa pictipes pictipes」を確認。種解説（冊子p.518-520）と現行同種群を照合し、名義亜種または原典で別名の近縁群から区別された当該分類群として現行IDへ帰属可能。
kamikiri-host-index-p178-l16301-species-22879,species-22879,ヨツボシシロオビゴマフカミキリ,ヨツボシシロオビゴマフカミキリ,日本産カミキリムシ,日本産カミキリムシ_compressed.pdf,52299895c14c1fd1c74279dca00f6fd9ba64d36d69e3bf3dd9c3a29a92802e77,efb17b5912fbb2c144dab4d99924dbc341e8f64054be7909dd7818cad155bef2,178,689,16301,ダイオウショウ,マツ科,reviewed_source_crosswalk,include,2026-07-11,PDF原本の寄主植物一覧（冊子p.689）で植物見出しと掲載和名を目視確認。原典は植栽記録。
kamikiri-host-index-p178-l16303-species-22453,species-22453,ホンドニセハイイロハナカミキリ,ホンドニセハイイロハナカミキリ,日本産カミキリムシ,日本産カミキリムシ_compressed.pdf,52299895c14c1fd1c74279dca00f6fd9ba64d36d69e3bf3dd9c3a29a92802e77,efb17b5912fbb2c144dab4d99924dbc341e8f64054be7909dd7818cad155bef2,178,689,16303,ヒメコマツ,マツ科,exact_japanese_name,include,2026-07-11,PDF原本の寄主植物一覧（冊子p.689）で植物見出しと掲載和名を目視確認。
kamikiri-host-index-p178-l16303-species-22463,species-22463,サビカミキリ,サビカミキリ,日本産カミキリムシ,日本産カミキリムシ_compressed.pdf,52299895c14c1fd1c74279dca00f6fd9ba64d36d69e3bf3dd9c3a29a92802e77,efb17b5912fbb2c144dab4d99924dbc341e8f64054be7909dd7818cad155bef2,178,689,16303,ヒメコマツ,マツ科,exact_japanese_name,include,2026-07-11,PDF原本の寄主植物一覧（冊子p.689）で植物見出しと掲載和名を目視確認。
kamikiri-host-index-p178-l16303-species-22526,species-22526,ケシカミキリ,ケシカミキリ,日本産カミキリムシ,日本産カミキリムシ_compressed.pdf,52299895c14c1fd1c74279dca00f6fd9ba64d36d69e3bf3dd9c3a29a92802e77,efb17b5912fbb2c144dab4d99924dbc341e8f64054be7909dd7818cad155bef2,178,689,16303,ヒメコマツ,マツ科,exact_japanese_name,include,2026-07-11,PDF原本の寄主植物一覧（冊子p.689）で植物見出しと掲載和名を目視確認。
KDB175183-0045,species-22755,ニセビロウドカミキリ 基亜種,ニセビロウドカミキリ,日本産カミキリムシ,日本産カミキリムシ_compressed.pdf,52299895c14c1fd1c74279dca00f6fd9ba64d36d69e3bf3dd9c3a29a92802e77,efb17b5912fbb2c144dab4d99924dbc341e8f64054be7909dd7818cad155bef2,178,689,16303,ヒメコマツ,マツ科,exact_derived_base_name,include,2026-07-11,索引画像で「ニセビロウドカミキリ Acalolepta sejuncta sejuncta」を確認。種解説（冊子p.592-593）と現行同種群を照合し、名義亜種または原典で別名の近縁群から区別された当該分類群として現行IDへ帰属可能。
kamikiri-host-index-p178-l16303-species-22779,species-22779,ヒゲナガカミキリ,ヒゲナガカミキリ,日本産カミキリムシ,日本産カミキリムシ_compressed.pdf,52299895c14c1fd1c74279dca00f6fd9ba64d36d69e3bf3dd9c3a29a92802e77,efb17b5912fbb2c144dab4d99924dbc341e8f64054be7909dd7818cad155bef2,178,689,16303,ヒメコマツ,マツ科,exact_japanese_name,include,2026-07-11,PDF原本の寄主植物一覧（冊子p.689）で植物見出しと掲載和名を目視確認。
kamikiri-host-index-p179-l16313-species-22463,species-22463,サビカミキリ,サビカミキリ,日本産カミキリムシ,日本産カミキリムシ_compressed.pdf,52299895c14c1fd1c74279dca00f6fd9ba64d36d69e3bf3dd9c3a29a92802e77,efb17b5912fbb2c144dab4d99924dbc341e8f64054be7909dd7818cad155bef2,179,690,16313,キタゴヨウ,マツ科,exact_japanese_name,include,2026-07-11,PDF原本の寄主植物一覧（冊子p.690）で植物見出しと掲載和名を目視確認。
kamikiri-host-index-p179-l16315-species-21877,species-21877,ミドリカミキリ,ミドリカミキリ,日本産カミキリムシ,日本産カミキリムシ_compressed.pdf,52299895c14c1fd1c74279dca00f6fd9ba64d36d69e3bf3dd9c3a29a92802e77,efb17b5912fbb2c144dab4d99924dbc341e8f64054be7909dd7818cad155bef2,179,690,16315,ハイマツ,マツ科,exact_japanese_name,include,2026-07-11,PDF原本の寄主植物一覧（冊子p.690）で植物見出しと掲載和名を目視確認。
kamikiri-host-index-p179-l16315-species-21972,species-21972,キョクトウトラカミキリ,キョクトウトラカミキリ,日本産カミキリムシ,日本産カミキリムシ_compressed.pdf,52299895c14c1fd1c74279dca00f6fd9ba64d36d69e3bf3dd9c3a29a92802e77,efb17b5912fbb2c144dab4d99924dbc341e8f64054be7909dd7818cad155bef2,179,690,16315,ハイマツ,マツ科,exact_japanese_name,include,2026-07-11,PDF原本の寄主植物一覧（冊子p.690）で植物見出しと掲載和名を目視確認。
kamikiri-host-index-p179-l16318-species-22777,species-22777,マツノマダラカミキリ,マツノマダラカミキリ,日本産カミキリムシ,日本産カミキリムシ_compressed.pdf,52299895c14c1fd1c74279dca00f6fd9ba64d36d69e3bf3dd9c3a29a92802e77,efb17b5912fbb2c144dab4d99924dbc341e8f64054be7909dd7818cad155bef2,179,690,16318,ストローブマツ,マツ科,exact_japanese_name,include,2026-07-11,PDF原本の寄主植物一覧（冊子p.690）で植物見出しと掲載和名を目視確認。原典は植栽記録。
kamikiri-host-index-p179-l16321-species-22777,species-22777,マツノマダラカミキリ,マツノマダラカミキリ,日本産カミキリムシ,日本産カミキリムシ_compressed.pdf,52299895c14c1fd1c74279dca00f6fd9ba64d36d69e3bf3dd9c3a29a92802e77,efb17b5912fbb2c144dab4d99924dbc341e8f64054be7909dd7818cad155bef2,179,690,16321,テーダマツ,マツ科,exact_japanese_name,include,2026-07-11,PDF原本の寄主植物一覧（冊子p.690）で植物見出しと掲載和名を目視確認。原典は植栽記録。
KDB175183-0046,13-1,ノコギリカミキリ 基亜種,ノコギリカミキリ,日本産カミキリムシ,日本産カミキリムシ_compressed.pdf,52299895c14c1fd1c74279dca00f6fd9ba64d36d69e3bf3dd9c3a29a92802e77,efb17b5912fbb2c144dab4d99924dbc341e8f64054be7909dd7818cad155bef2,179,690,16325,クロマツ,マツ科,exact_derived_base_name,include,2026-07-11,索引画像で「ノコギリカミキリ Prionus insularis insularis」を確認。種解説（冊子p.342-343）と現行同種群を照合し、名義亜種または原典で別名の近縁群から区別された当該分類群として現行IDへ帰属可能。
kamikiri-host-index-p179-l16325-species-21882,species-21882,ヒメスギカミキリ,ヒメスギカミキリ,日本産カミキリムシ,日本産カミキリムシ_compressed.pdf,52299895c14c1fd1c74279dca00f6fd9ba64d36d69e3bf3dd9c3a29a92802e77,efb17b5912fbb2c144dab4d99924dbc341e8f64054be7909dd7818cad155bef2,179,690,16325,クロマツ,マツ科,reviewed_source_crosswalk,include,2026-07-11,PDF原本の寄主植物一覧（冊子p.690）で植物見出しと掲載和名を目視確認。
KDB175183-0048,species-21998,ヨツスジトラカミキリ 基亜種,ヨツスジトラカミキリ,日本産カミキリムシ,日本産カミキリムシ_compressed.pdf,52299895c14c1fd1c74279dca00f6fd9ba64d36d69e3bf3dd9c3a29a92802e77,efb17b5912fbb2c144dab4d99924dbc341e8f64054be7909dd7818cad155bef2,179,690,16325,クロマツ,マツ科,exact_derived_base_name,needs_review,2026-07-11,索引画像で「ヨツスジトラカミキリ Chlorophorus quinquefasciatus」を確認。種解説（冊子p.498-499）と現行同種群を照合したが、種解説と索引は種レベル Chlorophorus quinquefasciatus として琉球列島を含む個体群を一括するが、現行CSVでは2023年に奄美沖縄・先島亜種が分離済み。産地不明の索引レコードは現行基亜種へ配分不能。
KDB175183-0047,species-22251,ヨツスジハナカミキリ 基亜種,ヨツスジハナカミキリ,日本産カミキリムシ,日本産カミキリムシ_compressed.pdf,52299895c14c1fd1c74279dca00f6fd9ba64d36d69e3bf3dd9c3a29a92802e77,efb17b5912fbb2c144dab4d99924dbc341e8f64054be7909dd7818cad155bef2,179,690,16325,クロマツ,マツ科,exact_derived_base_name,needs_review,2026-07-11,索引画像で「ヨツスジハナカミキリ Leptura ochraceofasciata ochraceofasciata」を確認。種解説（冊子p.406-407）と現行同種群を照合したが、種解説の名義亜種分布は五島列島を含むが、現行CSVでは2018年記載の五島列島亜種が分離済み。索引レコードに産地がなく現行基亜種へ配分不能。
kamikiri-host-index-p179-l16325-species-22299,species-22299,アカハナカミキリ,アカハナカミキリ,日本産カミキリムシ,日本産カミキリムシ_compressed.pdf,52299895c14c1fd1c74279dca00f6fd9ba64d36d69e3bf3dd9c3a29a92802e77,efb17b5912fbb2c144dab4d99924dbc341e8f64054be7909dd7818cad155bef2,179,690,16325,クロマツ,マツ科,reviewed_source_crosswalk,include,2026-07-11,PDF原本の寄主植物一覧（冊子p.690）で植物見出しと掲載和名を目視確認。
kamikiri-host-index-p179-l16325-species-22456,species-22456,ハイイロハナカミキリ,ハイイロハナカミキリ,日本産カミキリムシ,日本産カミキリムシ_compressed.pdf,52299895c14c1fd1c74279dca00f6fd9ba64d36d69e3bf3dd9c3a29a92802e77,efb17b5912fbb2c144dab4d99924dbc341e8f64054be7909dd7818cad155bef2,179,690,16325,クロマツ,マツ科,exact_japanese_name,include,2026-07-11,PDF原本の寄主植物一覧（冊子p.690）で植物見出しと掲載和名を目視確認。
kamikiri-host-index-p179-l16325-species-22463,species-22463,サビカミキリ,サビカミキリ,日本産カミキリムシ,日本産カミキリムシ_compressed.pdf,52299895c14c1fd1c74279dca00f6fd9ba64d36d69e3bf3dd9c3a29a92802e77,efb17b5912fbb2c144dab4d99924dbc341e8f64054be7909dd7818cad155bef2,179,690,16325,クロマツ,マツ科,exact_japanese_name,include,2026-07-11,PDF原本の寄主植物一覧（冊子p.690）で植物見出しと掲載和名を目視確認。
kamikiri-host-index-p179-l16325-species-22472,species-22472,ケブカヒラタカミキリ,ケブカヒラタカミキリ,日本産カミキリムシ,日本産カミキリムシ_compressed.pdf,52299895c14c1fd1c74279dca00f6fd9ba64d36d69e3bf3dd9c3a29a92802e77,efb17b5912fbb2c144dab4d99924dbc341e8f64054be7909dd7818cad155bef2,179,690,16325,クロマツ,マツ科,exact_japanese_name,include,2026-07-11,PDF原本の寄主植物一覧（冊子p.690）で植物見出しと掲載和名を目視確認。
kamikiri-host-index-p179-l16325-species-22480,species-22480,クロカミキリ,クロカミキリ,日本産カミキリムシ,日本産カミキリムシ_compressed.pdf,52299895c14c1fd1c74279dca00f6fd9ba64d36d69e3bf3dd9c3a29a92802e77,efb17b5912fbb2c144dab4d99924dbc341e8f64054be7909dd7818cad155bef2,179,690,16325,クロマツ,マツ科,reviewed_source_crosswalk,include,2026-07-11,PDF原本の寄主植物一覧（冊子p.690）で植物見出しと掲載和名を目視確認。
kamikiri-host-index-p179-l16325-species-22481,species-22481,ナカバヤシモモブトカミキリ,ナカバヤシモモブトカミキリ,日本産カミキリムシ,日本産カミキリムシ_compressed.pdf,52299895c14c1fd1c74279dca00f6fd9ba64d36d69e3bf3dd9c3a29a92802e77,efb17b5912fbb2c144dab4d99924dbc341e8f64054be7909dd7818cad155bef2,179,690,16325,クロマツ,マツ科,exact_japanese_name,include,2026-07-11,PDF原本の寄主植物一覧（冊子p.690）で植物見出しと掲載和名を目視確認。
kamikiri-host-index-p179-l16325-species-22526,species-22526,ケシカミキリ,ケシカミキリ,日本産カミキリムシ,日本産カミキリムシ_compressed.pdf,52299895c14c1fd1c74279dca00f6fd9ba64d36d69e3bf3dd9c3a29a92802e77,efb17b5912fbb2c144dab4d99924dbc341e8f64054be7909dd7818cad155bef2,179,690,16325,クロマツ,マツ科,exact_japanese_name,include,2026-07-11,PDF原本の寄主植物一覧（冊子p.690）で植物見出しと掲載和名を目視確認。
KDB175183-0050,species-22682,ドイカミキリ 基亜種,ドイカミキリ,日本産カミキリムシ,日本産カミキリムシ_compressed.pdf,52299895c14c1fd1c74279dca00f6fd9ba64d36d69e3bf3dd9c3a29a92802e77,efb17b5912fbb2c144dab4d99924dbc341e8f64054be7909dd7818cad155bef2,179,690,16325,クロマツ,マツ科,exact_derived_base_name,include,2026-07-11,索引画像で「ドイカミキリ Mimectatina divaricata divaricata」を確認。種解説（冊子p.624-625）と現行同種群を照合し、名義亜種または原典で別名の近縁群から区別された当該分類群として現行IDへ帰属可能。
KDB175183-0049,species-22786,ヒメヒゲナガカミキリ 基亜種,ヒメヒゲナガカミキリ,日本産カミキリムシ,日本産カミキリムシ_compressed.pdf,52299895c14c1fd1c74279dca00f6fd9ba64d36d69e3bf3dd9c3a29a92802e77,efb17b5912fbb2c144dab4d99924dbc341e8f64054be7909dd7818cad155bef2,179,690,16325,クロマツ,マツ科,exact_derived_base_name,include,2026-07-11,索引画像で「ヒメヒゲナガカミキリ Monochamus subfasciatus subfasciatus」を確認。種解説（冊子p.580-581）と現行同種群を照合し、名義亜種または原典で別名の近縁群から区別された当該分類群として現行IDへ帰属可能。
kamikiri-host-index-p179-l16325-species-22870,species-22870,キリシマゴマフカミキリ,キリシマゴマフカミキリ,日本産カミキリムシ,日本産カミキリムシ_compressed.pdf,52299895c14c1fd1c74279dca00f6fd9ba64d36d69e3bf3dd9c3a29a92802e77,efb17b5912fbb2c144dab4d99924dbc341e8f64054be7909dd7818cad155bef2,179,690,16325,クロマツ,マツ科,exact_japanese_name,include,2026-07-11,PDF原本の寄主植物一覧（冊子p.690）で植物見出しと掲載和名を目視確認。
kamikiri-host-index-p179-l16325-species-22889,species-22889,コブバネゴマフカミキリ,コブバネゴマフカミキリ,日本産カミキリムシ,日本産カミキリムシ_compressed.pdf,52299895c14c1fd1c74279dca00f6fd9ba64d36d69e3bf3dd9c3a29a92802e77,efb17b5912fbb2c144dab4d99924dbc341e8f64054be7909dd7818cad155bef2,179,690,16325,クロマツ,マツ科,exact_japanese_name,include,2026-07-11,PDF原本の寄主植物一覧（冊子p.690）で植物見出しと掲載和名を目視確認。
kamikiri-host-index-p179-l16354-species-22027,species-22027,オオトラカミキリ,オオトラカミキリ,日本産カミキリムシ,日本産カミキリムシ_compressed.pdf,52299895c14c1fd1c74279dca00f6fd9ba64d36d69e3bf3dd9c3a29a92802e77,efb17b5912fbb2c144dab4d99924dbc341e8f64054be7909dd7818cad155bef2,179,690,16354,コメツガ,マツ科,exact_japanese_name,include,2026-07-11,PDF原本の寄主植物一覧（冊子p.690）で植物見出しと掲載和名を目視確認。
kamikiri-host-index-p179-l16354-species-22061,species-22061,キジマトラカミキリ,キジマトラカミキリ,日本産カミキリムシ,日本産カミキリムシ_compressed.pdf,52299895c14c1fd1c74279dca00f6fd9ba64d36d69e3bf3dd9c3a29a92802e77,efb17b5912fbb2c144dab4d99924dbc341e8f64054be7909dd7818cad155bef2,179,690,16354,コメツガ,マツ科,exact_japanese_name,include,2026-07-11,PDF原本の寄主植物一覧（冊子p.690）で植物見出しと掲載和名を目視確認。
kamikiri-host-index-p179-l16354-species-22326,species-22326,カラフトホソコバネカミキリ,カラフトホソコバネカミキリ,日本産カミキリムシ,日本産カミキリムシ_compressed.pdf,52299895c14c1fd1c74279dca00f6fd9ba64d36d69e3bf3dd9c3a29a92802e77,efb17b5912fbb2c144dab4d99924dbc341e8f64054be7909dd7818cad155bef2,179,690,16354,コメツガ,マツ科,exact_japanese_name,include,2026-07-11,PDF原本の寄主植物一覧（冊子p.690）で植物見出しと掲載和名を目視確認。
kamikiri-host-index-p179-l16354-species-22456,species-22456,ハイイロハナカミキリ,ハイイロハナカミキリ,日本産カミキリムシ,日本産カミキリムシ_compressed.pdf,52299895c14c1fd1c74279dca00f6fd9ba64d36d69e3bf3dd9c3a29a92802e77,efb17b5912fbb2c144dab4d99924dbc341e8f64054be7909dd7818cad155bef2,179,690,16354,コメツガ,マツ科,exact_japanese_name,include,2026-07-11,PDF原本の寄主植物一覧（冊子p.690）で植物見出しと掲載和名を目視確認。
kamikiri-host-index-p179-l16354-species-22460,species-22460,アラメハナカミキリ,アラメハナカミキリ,日本産カミキリムシ,日本産カミキリムシ_compressed.pdf,52299895c14c1fd1c74279dca00f6fd9ba64d36d69e3bf3dd9c3a29a92802e77,efb17b5912fbb2c144dab4d99924dbc341e8f64054be7909dd7818cad155bef2,179,690,16354,コメツガ,マツ科,exact_japanese_name,include,2026-07-11,PDF原本の寄主植物一覧（冊子p.690）で植物見出しと掲載和名を目視確認。
kamikiri-host-index-p179-l16354-species-22779,species-22779,ヒゲナガカミキリ,ヒゲナガカミキリ,日本産カミキリムシ,日本産カミキリムシ_compressed.pdf,52299895c14c1fd1c74279dca00f6fd9ba64d36d69e3bf3dd9c3a29a92802e77,efb17b5912fbb2c144dab4d99924dbc341e8f64054be7909dd7818cad155bef2,179,690,16354,コメツガ,マツ科,exact_japanese_name,include,2026-07-11,PDF原本の寄主植物一覧（冊子p.690）で植物見出しと掲載和名を目視確認。
kamikiri-host-index-p179-l16363-species-22025,species-22025,ホソトラカミキリ,ホソトラカミキリ,日本産カミキリムシ,日本産カミキリムシ_compressed.pdf,52299895c14c1fd1c74279dca00f6fd9ba64d36d69e3bf3dd9c3a29a92802e77,efb17b5912fbb2c144dab4d99924dbc341e8f64054be7909dd7818cad155bef2,179,690-691,16363,ツガ,マツ科,exact_japanese_name,include,2026-07-11,PDF原本の寄主植物一覧（冊子p.690-691）で植物見出しと掲載和名を目視確認。
kamikiri-host-index-p179-l16363-species-22027,species-22027,オオトラカミキリ,オオトラカミキリ,日本産カミキリムシ,日本産カミキリムシ_compressed.pdf,52299895c14c1fd1c74279dca00f6fd9ba64d36d69e3bf3dd9c3a29a92802e77,efb17b5912fbb2c144dab4d99924dbc341e8f64054be7909dd7818cad155bef2,179,690-691,16363,ツガ,マツ科,exact_japanese_name,include,2026-07-11,PDF原本の寄主植物一覧（冊子p.690-691）で植物見出しと掲載和名を目視確認。
kamikiri-host-index-p179-l16363-species-22053,species-22053,ズマルトラカミキリ,ズマルトラカミキリ,日本産カミキリムシ,日本産カミキリムシ_compressed.pdf,52299895c14c1fd1c74279dca00f6fd9ba64d36d69e3bf3dd9c3a29a92802e77,efb17b5912fbb2c144dab4d99924dbc341e8f64054be7909dd7818cad155bef2,179,690-691,16363,ツガ,マツ科,exact_japanese_name,include,2026-07-11,PDF原本の寄主植物一覧（冊子p.690-691）で植物見出しと掲載和名を目視確認。
kamikiri-host-index-p179-l16363-species-22061,species-22061,キジマトラカミキリ,キジマトラカミキリ,日本産カミキリムシ,日本産カミキリムシ_compressed.pdf,52299895c14c1fd1c74279dca00f6fd9ba64d36d69e3bf3dd9c3a29a92802e77,efb17b5912fbb2c144dab4d99924dbc341e8f64054be7909dd7818cad155bef2,179,690-691,16363,ツガ,マツ科,exact_japanese_name,include,2026-07-11,PDF原本の寄主植物一覧（冊子p.690-691）で植物見出しと掲載和名を目視確認。
kamikiri-host-index-p179-l16363-species-22200,species-22200,ツヤケシハナカミキリ,ツヤケシハナカミキリ,日本産カミキリムシ,日本産カミキリムシ_compressed.pdf,52299895c14c1fd1c74279dca00f6fd9ba64d36d69e3bf3dd9c3a29a92802e77,efb17b5912fbb2c144dab4d99924dbc341e8f64054be7909dd7818cad155bef2,179,690-691,16363,ツガ,マツ科,exact_japanese_name,include,2026-07-11,PDF原本の寄主植物一覧（冊子p.690-691）で植物見出しと掲載和名を目視確認。
KDB175183-0051,species-22251,ヨツスジハナカミキリ 基亜種,ヨツスジハナカミキリ,日本産カミキリムシ,日本産カミキリムシ_compressed.pdf,52299895c14c1fd1c74279dca00f6fd9ba64d36d69e3bf3dd9c3a29a92802e77,efb17b5912fbb2c144dab4d99924dbc341e8f64054be7909dd7818cad155bef2,179,690-691,16363,ツガ,マツ科,exact_derived_base_name,needs_review,2026-07-11,索引画像で「ヨツスジハナカミキリ Leptura ochraceofasciata ochraceofasciata」を確認。種解説（冊子p.406-407）と現行同種群を照合したが、種解説の名義亜種分布は五島列島を含むが、現行CSVでは2018年記載の五島列島亜種が分離済み。索引レコードに産地がなく現行基亜種へ配分不能。
kamikiri-host-index-p179-l16363-species-22261,species-22261,オオヨツスジハナカミキリ,オオヨツスジハナカミキリ,日本産カミキリムシ,日本産カミキリムシ_compressed.pdf,52299895c14c1fd1c74279dca00f6fd9ba64d36d69e3bf3dd9c3a29a92802e77,efb17b5912fbb2c144dab4d99924dbc341e8f64054be7909dd7818cad155bef2,179,690-691,16363,ツガ,マツ科,reviewed_source_crosswalk,include,2026-07-11,PDF原本の寄主植物一覧（冊子p.690-691）で植物見出しと掲載和名を目視確認。
kamikiri-host-index-p179-l16363-species-22276,species-22276,マルガタハナカミキリ,マルガタハナカミキリ,日本産カミキリムシ,日本産カミキリムシ_compressed.pdf,52299895c14c1fd1c74279dca00f6fd9ba64d36d69e3bf3dd9c3a29a92802e77,efb17b5912fbb2c144dab4d99924dbc341e8f64054be7909dd7818cad155bef2,179,690-691,16363,ツガ,マツ科,exact_japanese_name,include,2026-07-11,PDF原本の寄主植物一覧（冊子p.690-691）で植物見出しと掲載和名を目視確認。
kamikiri-host-index-p179-l16363-species-22283,species-22283,ニンフホソハナカミキリ,ニンフホソハナカミキリ,日本産カミキリムシ,日本産カミキリムシ_compressed.pdf,52299895c14c1fd1c74279dca00f6fd9ba64d36d69e3bf3dd9c3a29a92802e77,efb17b5912fbb2c144dab4d99924dbc341e8f64054be7909dd7818cad155bef2,179,690-691,16363,ツガ,マツ科,exact_japanese_name,include,2026-07-11,PDF原本の寄主植物一覧（冊子p.690-691）で植物見出しと掲載和名を目視確認。
kamikiri-host-index-p179-l16363-species-22456,species-22456,ハイイロハナカミキリ,ハイイロハナカミキリ,日本産カミキリムシ,日本産カミキリムシ_compressed.pdf,52299895c14c1fd1c74279dca00f6fd9ba64d36d69e3bf3dd9c3a29a92802e77,efb17b5912fbb2c144dab4d99924dbc341e8f64054be7909dd7818cad155bef2,179,690-691,16363,ツガ,マツ科,exact_japanese_name,include,2026-07-11,PDF原本の寄主植物一覧（冊子p.690-691）で植物見出しと掲載和名を目視確認。
kamikiri-host-index-p179-l16363-species-22471,species-22471,オオクロカミキリ,オオクロカミキリ,日本産カミキリムシ,日本産カミキリムシ_compressed.pdf,52299895c14c1fd1c74279dca00f6fd9ba64d36d69e3bf3dd9c3a29a92802e77,efb17b5912fbb2c144dab4d99924dbc341e8f64054be7909dd7818cad155bef2,179,690-691,16363,ツガ,マツ科,exact_japanese_name,include,2026-07-11,PDF原本の寄主植物一覧（冊子p.690-691）で植物見出しと掲載和名を目視確認。
kamikiri-host-index-p179-l16363-species-22474,species-22474,トドマツカミキリ,トドマツカミキリ,日本産カミキリムシ,日本産カミキリムシ_compressed.pdf,52299895c14c1fd1c74279dca00f6fd9ba64d36d69e3bf3dd9c3a29a92802e77,efb17b5912fbb2c144dab4d99924dbc341e8f64054be7909dd7818cad155bef2,179,690-691,16363,ツガ,マツ科,reviewed_source_crosswalk,include,2026-07-11,PDF原本の寄主植物一覧（冊子p.690-691）で植物見出しと掲載和名を目視確認。
kamikiri-host-index-p179-l16363-species-22481,species-22481,ナカバヤシモモブトカミキリ,ナカバヤシモモブトカミキリ,日本産カミキリムシ,日本産カミキリムシ_compressed.pdf,52299895c14c1fd1c74279dca00f6fd9ba64d36d69e3bf3dd9c3a29a92802e77,efb17b5912fbb2c144dab4d99924dbc341e8f64054be7909dd7818cad155bef2,179,690-691,16363,ツガ,マツ科,exact_japanese_name,include,2026-07-11,PDF原本の寄主植物一覧（冊子p.690-691）で植物見出しと掲載和名を目視確認。
kamikiri-host-index-p179-l16363-species-22779,species-22779,ヒゲナガカミキリ,ヒゲナガカミキリ,日本産カミキリムシ,日本産カミキリムシ_compressed.pdf,52299895c14c1fd1c74279dca00f6fd9ba64d36d69e3bf3dd9c3a29a92802e77,efb17b5912fbb2c144dab4d99924dbc341e8f64054be7909dd7818cad155bef2,179,690-691,16363,ツガ,マツ科,exact_japanese_name,include,2026-07-11,PDF原本の寄主植物一覧（冊子p.690-691）で植物見出しと掲載和名を目視確認。
kamikiri-host-index-p179-l16363-species-22803,species-22803,タニグチコブヤハズカミキリ,タニグチコブヤハズカミキリ,日本産カミキリムシ,日本産カミキリムシ_compressed.pdf,52299895c14c1fd1c74279dca00f6fd9ba64d36d69e3bf3dd9c3a29a92802e77,efb17b5912fbb2c144dab4d99924dbc341e8f64054be7909dd7818cad155bef2,179,690-691,16363,ツガ,マツ科,exact_japanese_name,include,2026-07-11,PDF原本の寄主植物一覧（冊子p.690-691）で植物見出しと掲載和名を目視確認。
kamikiri-host-index-p179-l16363-species-22871,species-22871,ゴマフカミキリ,ゴマフカミキリ,日本産カミキリムシ,日本産カミキリムシ_compressed.pdf,52299895c14c1fd1c74279dca00f6fd9ba64d36d69e3bf3dd9c3a29a92802e77,efb17b5912fbb2c144dab4d99924dbc341e8f64054be7909dd7818cad155bef2,179,690-691,16363,ツガ,マツ科,exact_japanese_name,include,2026-07-11,PDF原本の寄主植物一覧（冊子p.690-691）で植物見出しと掲載和名を目視確認。
kamikiri-host-index-p179-l16363-species-22941,species-22941,クワサビカミキリ,クワサビカミキリ,日本産カミキリムシ,日本産カミキリムシ_compressed.pdf,52299895c14c1fd1c74279dca00f6fd9ba64d36d69e3bf3dd9c3a29a92802e77,efb17b5912fbb2c144dab4d99924dbc341e8f64054be7909dd7818cad155bef2,179,690-691,16363,ツガ,マツ科,exact_japanese_name,include,2026-07-11,PDF原本の寄主植物一覧（冊子p.690-691）で植物見出しと掲載和名を目視確認。
KDB175183-0052,species-23007,シラホシカミキリ 基亜種,シラホシカミキリ,日本産カミキリムシ,日本産カミキリムシ_compressed.pdf,52299895c14c1fd1c74279dca00f6fd9ba64d36d69e3bf3dd9c3a29a92802e77,efb17b5912fbb2c144dab4d99924dbc341e8f64054be7909dd7818cad155bef2,179,690-691,16363,ツガ,マツ科,exact_derived_base_name,include,2026-07-11,索引画像で「シラホシカミキリ Glenea relicta relicta」を確認。種解説（冊子p.662-663）と現行同種群を照合し、名義亜種または原典で別名の近縁群から区別された当該分類群として現行IDへ帰属可能。
kamikiri-host-index-p179-l16363-species-23058,species-23058,ヘリグロアオカミキリ,ヘリグロアオカミキリ,日本産カミキリムシ,日本産カミキリムシ_compressed.pdf,52299895c14c1fd1c74279dca00f6fd9ba64d36d69e3bf3dd9c3a29a92802e77,efb17b5912fbb2c144dab4d99924dbc341e8f64054be7909dd7818cad155bef2,179,690-691,16363,ツガ,マツ科,exact_japanese_name,include,2026-07-11,PDF原本の寄主植物一覧（冊子p.690-691）で植物見出しと掲載和名を目視確認。
kamikiri-host-index-p179-l16389-species-22456,species-22456,ハイイロハナカミキリ,ハイイロハナカミキリ,日本産カミキリムシ,日本産カミキリムシ_compressed.pdf,52299895c14c1fd1c74279dca00f6fd9ba64d36d69e3bf3dd9c3a29a92802e77,efb17b5912fbb2c144dab4d99924dbc341e8f64054be7909dd7818cad155bef2,179,691,16389,ツガ類,マツ科,exact_japanese_name,include,2026-07-11,OCR誤読「ツが類」をPDF見出し「ツガ類」へ訂正。掲載和名も同植物欄で目視確認。
kamikiri-host-index-p179-l16389-species-22779,species-22779,ヒゲナガカミキリ,ヒゲナガカミキリ,日本産カミキリムシ,日本産カミキリムシ_compressed.pdf,52299895c14c1fd1c74279dca00f6fd9ba64d36d69e3bf3dd9c3a29a92802e77,efb17b5912fbb2c144dab4d99924dbc341e8f64054be7909dd7818cad155bef2,179,691,16389,ツガ類,マツ科,exact_japanese_name,include,2026-07-11,OCR誤読「ツが類」をPDF見出し「ツガ類」へ訂正。掲載和名も同植物欄で目視確認。
KDB175183-0053,1-1,ウスバカミキリ 基亜種,ウスバカミキリ,日本産カミキリムシ,日本産カミキリムシ_compressed.pdf,52299895c14c1fd1c74279dca00f6fd9ba64d36d69e3bf3dd9c3a29a92802e77,efb17b5912fbb2c144dab4d99924dbc341e8f64054be7909dd7818cad155bef2,179,691,16391,マツ類,マツ科,exact_derived_base_name,needs_review,2026-07-11,索引画像で「ウスバカミキリ Megopis sinica sinica」を確認。種解説（冊子p.340-341）と現行同種群を照合したが、種解説の名義亜種範囲は奄美・沖縄個体群を含むが、現行CSVでは2018年記載の奄美沖縄亜種 adachii が分離済み。索引レコードに産地がなく現行基亜種へ配分不能。
KDB175183-0054,13-1,ノコギリカミキリ 基亜種,ノコギリカミキリ,日本産カミキリムシ,日本産カミキリムシ_compressed.pdf,52299895c14c1fd1c74279dca00f6fd9ba64d36d69e3bf3dd9c3a29a92802e77,efb17b5912fbb2c144dab4d99924dbc341e8f64054be7909dd7818cad155bef2,179,691,16391,マツ類,マツ科,exact_derived_base_name,include,2026-07-11,索引画像で「ノコギリカミキリ Prionus insularis insularis」を確認。種解説（冊子p.342-343）と現行同種群を照合し、名義亜種または原典で別名の近縁群から区別された当該分類群として現行IDへ帰属可能。
KDB175183-0056,species-21900,スギカミキリ 基亜種,スギカミキリ,日本産カミキリムシ,日本産カミキリムシ_compressed.pdf,52299895c14c1fd1c74279dca00f6fd9ba64d36d69e3bf3dd9c3a29a92802e77,efb17b5912fbb2c144dab4d99924dbc341e8f64054be7909dd7818cad155bef2,179,691,16391,マツ類,マツ科,exact_derived_base_name,include,2026-07-11,索引画像で「スギカミキリ Semanotus japonicus」を確認。種解説（冊子p.478-479）と現行同種群を照合し、名義亜種または原典で別名の近縁群から区別された当該分類群として現行IDへ帰属可能。
kamikiri-host-index-p179-l16391-species-22065,species-22065,マルクビケマダラカミキリ,マルクビケマダラカミキリ,日本産カミキリムシ,日本産カミキリムシ_compressed.pdf,52299895c14c1fd1c74279dca00f6fd9ba64d36d69e3bf3dd9c3a29a92802e77,efb17b5912fbb2c144dab4d99924dbc341e8f64054be7909dd7818cad155bef2,179,691,16391,マツ類,マツ科,exact_japanese_name,include,2026-07-11,PDF原本の寄主植物一覧（冊子p.691）で植物見出しと掲載和名を目視確認。
KDB175183-0055,species-22251,ヨツスジハナカミキリ 基亜種,ヨツスジハナカミキリ,日本産カミキリムシ,日本産カミキリムシ_compressed.pdf,52299895c14c1fd1c74279dca00f6fd9ba64d36d69e3bf3dd9c3a29a92802e77,efb17b5912fbb2c144dab4d99924dbc341e8f64054be7909dd7818cad155bef2,179,691,16391,マツ類,マツ科,exact_derived_base_name,needs_review,2026-07-11,索引画像で「ヨツスジハナカミキリ Leptura ochraceofasciata ochraceofasciata」を確認。種解説（冊子p.406-407）と現行同種群を照合したが、種解説の名義亜種分布は五島列島を含むが、現行CSVでは2018年記載の五島列島亜種が分離済み。索引レコードに産地がなく現行基亜種へ配分不能。
kamikiri-host-index-p179-l16391-species-22299,species-22299,アカハナカミキリ,アカハナカミキリ,日本産カミキリムシ,日本産カミキリムシ_compressed.pdf,52299895c14c1fd1c74279dca00f6fd9ba64d36d69e3bf3dd9c3a29a92802e77,efb17b5912fbb2c144dab4d99924dbc341e8f64054be7909dd7818cad155bef2,179,691,16391,マツ類,マツ科,reviewed_source_crosswalk,include,2026-07-11,PDF原本の寄主植物一覧（冊子p.691）で植物見出しと掲載和名を目視確認。
kamikiri-host-index-p179-l16391-species-22456,species-22456,ハイイロハナカミキリ,ハイイロハナカミキリ,日本産カミキリムシ,日本産カミキリムシ_compressed.pdf,52299895c14c1fd1c74279dca00f6fd9ba64d36d69e3bf3dd9c3a29a92802e77,efb17b5912fbb2c144dab4d99924dbc341e8f64054be7909dd7818cad155bef2,179,691,16391,マツ類,マツ科,exact_japanese_name,include,2026-07-11,PDF原本の寄主植物一覧（冊子p.691）で植物見出しと掲載和名を目視確認。
kamikiri-host-index-p179-l16391-species-22463,species-22463,サビカミキリ,サビカミキリ,日本産カミキリムシ,日本産カミキリムシ_compressed.pdf,52299895c14c1fd1c74279dca00f6fd9ba64d36d69e3bf3dd9c3a29a92802e77,efb17b5912fbb2c144dab4d99924dbc341e8f64054be7909dd7818cad155bef2,179,691,16391,マツ類,マツ科,exact_japanese_name,include,2026-07-11,PDF原本の寄主植物一覧（冊子p.691）で植物見出しと掲載和名を目視確認。
kamikiri-host-index-p179-l16391-species-22467,species-22467,オオマルクビヒラタカミキリ,オオマルクビヒラタカミキリ,日本産カミキリムシ,日本産カミキリムシ_compressed.pdf,52299895c14c1fd1c74279dca00f6fd9ba64d36d69e3bf3dd9c3a29a92802e77,efb17b5912fbb2c144dab4d99924dbc341e8f64054be7909dd7818cad155bef2,179,691,16391,マツ類,マツ科,reviewed_source_crosswalk,include,2026-07-11,PDF原本の寄主植物一覧（冊子p.691）で植物見出しと掲載和名を目視確認。
kamikiri-host-index-p179-l16391-species-22471,species-22471,オオクロカミキリ,オオクロカミキリ,日本産カミキリムシ,日本産カミキリムシ_compressed.pdf,52299895c14c1fd1c74279dca00f6fd9ba64d36d69e3bf3dd9c3a29a92802e77,efb17b5912fbb2c144dab4d99924dbc341e8f64054be7909dd7818cad155bef2,179,691,16391,マツ類,マツ科,exact_japanese_name,include,2026-07-11,PDF原本の寄主植物一覧（冊子p.691）で植物見出しと掲載和名を目視確認。
kamikiri-host-index-p179-l16391-species-22480,species-22480,クロカミキリ,クロカミキリ,日本産カミキリムシ,日本産カミキリムシ_compressed.pdf,52299895c14c1fd1c74279dca00f6fd9ba64d36d69e3bf3dd9c3a29a92802e77,efb17b5912fbb2c144dab4d99924dbc341e8f64054be7909dd7818cad155bef2,179,691,16391,マツ類,マツ科,reviewed_source_crosswalk,include,2026-07-11,PDF原本の寄主植物一覧（冊子p.691）で植物見出しと掲載和名を目視確認。
kamikiri-host-index-p179-l16391-species-22526,species-22526,ケシカミキリ,ケシカミキリ,日本産カミキリムシ,日本産カミキリムシ_compressed.pdf,52299895c14c1fd1c74279dca00f6fd9ba64d36d69e3bf3dd9c3a29a92802e77,efb17b5912fbb2c144dab4d99924dbc341e8f64054be7909dd7818cad155bef2,179,691,16391,マツ類,マツ科,exact_japanese_name,include,2026-07-11,PDF原本の寄主植物一覧（冊子p.691）で植物見出しと掲載和名を目視確認。
kamikiri-host-index-p179-l16391-species-22777,species-22777,マツノマダラカミキリ,マツノマダラカミキリ,日本産カミキリムシ,日本産カミキリムシ_compressed.pdf,52299895c14c1fd1c74279dca00f6fd9ba64d36d69e3bf3dd9c3a29a92802e77,efb17b5912fbb2c144dab4d99924dbc341e8f64054be7909dd7818cad155bef2,179,691,16391,マツ類,マツ科,exact_japanese_name,include,2026-07-11,PDF原本の寄主植物一覧（冊子p.691）で植物見出しと掲載和名を目視確認。
kamikiri-host-index-p179-l16391-species-22779,species-22779,ヒゲナガカミキリ,ヒゲナガカミキリ,日本産カミキリムシ,日本産カミキリムシ_compressed.pdf,52299895c14c1fd1c74279dca00f6fd9ba64d36d69e3bf3dd9c3a29a92802e77,efb17b5912fbb2c144dab4d99924dbc341e8f64054be7909dd7818cad155bef2,179,691,16391,マツ類,マツ科,exact_japanese_name,include,2026-07-11,PDF原本の寄主植物一覧（冊子p.691）で植物見出しと掲載和名を目視確認。
kamikiri-host-index-p179-l16391-species-22782,species-22782,シラフヒゲナガカミキリ,シラフヒゲナガカミキリ,日本産カミキリムシ,日本産カミキリムシ_compressed.pdf,52299895c14c1fd1c74279dca00f6fd9ba64d36d69e3bf3dd9c3a29a92802e77,efb17b5912fbb2c144dab4d99924dbc341e8f64054be7909dd7818cad155bef2,179,691,16391,マツ類,マツ科,exact_japanese_name,include,2026-07-11,PDF原本の寄主植物一覧（冊子p.691）で植物見出しと掲載和名を目視確認。
kamikiri-host-index-p179-l16391-species-22783,species-22783,シラフヨツボシヒゲナガカミキリ,シラフヨツボシヒゲナガカミキリ,日本産カミキリムシ,日本産カミキリムシ_compressed.pdf,52299895c14c1fd1c74279dca00f6fd9ba64d36d69e3bf3dd9c3a29a92802e77,efb17b5912fbb2c144dab4d99924dbc341e8f64054be7909dd7818cad155bef2,179,691,16391,マツ類,マツ科,exact_japanese_name,include,2026-07-11,PDF原本の寄主植物一覧（冊子p.691）で植物見出しと掲載和名を目視確認。
kamikiri-host-index-p179-l16391-species-22785,species-22785,カラフトヒゲナガカミキリ,カラフトヒゲナガカミキリ,日本産カミキリムシ,日本産カミキリムシ_compressed.pdf,52299895c14c1fd1c74279dca00f6fd9ba64d36d69e3bf3dd9c3a29a92802e77,efb17b5912fbb2c144dab4d99924dbc341e8f64054be7909dd7818cad155bef2,179,691,16391,マツ類,マツ科,exact_japanese_name,include,2026-07-11,PDF原本の寄主植物一覧（冊子p.691）で植物見出しと掲載和名を目視確認。
KDB175183-0057,species-22786,ヒメヒゲナガカミキリ 基亜種,ヒメヒゲナガカミキリ,日本産カミキリムシ,日本産カミキリムシ_compressed.pdf,52299895c14c1fd1c74279dca00f6fd9ba64d36d69e3bf3dd9c3a29a92802e77,efb17b5912fbb2c144dab4d99924dbc341e8f64054be7909dd7818cad155bef2,179,691,16391,マツ類,マツ科,exact_derived_base_name,include,2026-07-11,索引画像で「ヒメヒゲナガカミキリ Monochamus subfasciatus subfasciatus」を確認。種解説（冊子p.580-581）と現行同種群を照合し、名義亜種または原典で別名の近縁群から区別された当該分類群として現行IDへ帰属可能。
kamikiri-host-index-p179-l16391-species-22790,species-22790,ヒメシラフヒゲナガカミキリ,ヒメシラフヒゲナガカミキリ,日本産カミキリムシ,日本産カミキリムシ_compressed.pdf,52299895c14c1fd1c74279dca00f6fd9ba64d36d69e3bf3dd9c3a29a92802e77,efb17b5912fbb2c144dab4d99924dbc341e8f64054be7909dd7818cad155bef2,179,691,16391,マツ類,マツ科,exact_japanese_name,include,2026-07-11,PDF原本の寄主植物一覧（冊子p.691）で植物見出しと掲載和名を目視確認。
kamikiri-host-index-p179-l16391-species-22941,species-22941,クワサビカミキリ,クワサビカミキリ,日本産カミキリムシ,日本産カミキリムシ_compressed.pdf,52299895c14c1fd1c74279dca00f6fd9ba64d36d69e3bf3dd9c3a29a92802e77,efb17b5912fbb2c144dab4d99924dbc341e8f64054be7909dd7818cad155bef2,179,691,16391,マツ類,マツ科,exact_japanese_name,include,2026-07-11,PDF原本の寄主植物一覧（冊子p.691）で植物見出しと掲載和名を目視確認。
KDB175183-0058,13-1,ノコギリカミキリ 基亜種,ノコギリカミキリ,日本産カミキリムシ,日本産カミキリムシ_compressed.pdf,52299895c14c1fd1c74279dca00f6fd9ba64d36d69e3bf3dd9c3a29a92802e77,efb17b5912fbb2c144dab4d99924dbc341e8f64054be7909dd7818cad155bef2,179,691,16414,スギ,ヒノキ科,exact_derived_base_name,include,2026-07-11,索引画像で「ノコギリカミキリ Prionus insularis insularis」を確認。種解説（冊子p.342-343）と現行同種群を照合し、名義亜種または原典で別名の近縁群から区別された当該分類群として現行IDへ帰属可能。 原典の科見出しは旧体系の「スギ科」だが、サイトの現行分類に合わせ「ヒノキ科」に標準化。
kamikiri-host-index-p179-l16414-species-21859,species-21859,トガリバアカネトラカミキリ,トガリバアカネトラカミキリ,日本産カミキリムシ,日本産カミキリムシ_compressed.pdf,52299895c14c1fd1c74279dca00f6fd9ba64d36d69e3bf3dd9c3a29a92802e77,efb17b5912fbb2c144dab4d99924dbc341e8f64054be7909dd7818cad155bef2,179,691,16414,スギ,ヒノキ科,exact_japanese_name,include,2026-07-11,PDF原本の寄主植物一覧（冊子p.691）で植物見出しと掲載和名を目視確認。原典のスギ科表記は現行分類のヒノキ科へ正規化。
kamikiri-host-index-p179-l16414-species-21860,species-21860,スギノアカネトラカミキリ,スギノアカネトラカミキリ,日本産カミキリムシ,日本産カミキリムシ_compressed.pdf,52299895c14c1fd1c74279dca00f6fd9ba64d36d69e3bf3dd9c3a29a92802e77,efb17b5912fbb2c144dab4d99924dbc341e8f64054be7909dd7818cad155bef2,179,691,16414,スギ,ヒノキ科,exact_japanese_name,include,2026-07-11,PDF原本の寄主植物一覧（冊子p.691）で植物見出しと掲載和名を目視確認。原典のスギ科表記は現行分類のヒノキ科へ正規化。
kamikiri-host-index-p179-l16414-species-21877,species-21877,ミドリカミキリ,ミドリカミキリ,日本産カミキリムシ,日本産カミキリムシ_compressed.pdf,52299895c14c1fd1c74279dca00f6fd9ba64d36d69e3bf3dd9c3a29a92802e77,efb17b5912fbb2c144dab4d99924dbc341e8f64054be7909dd7818cad155bef2,179,691,16414,スギ,ヒノキ科,exact_japanese_name,include,2026-07-11,PDF原本の寄主植物一覧（冊子p.691）で植物見出しと掲載和名を目視確認。原典のスギ科表記は現行分類のヒノキ科へ正規化。
kamikiri-host-index-p179-l16414-species-21899,species-21899,ビャクシンカミキリ,ビャクシンカミキリ,日本産カミキリムシ,日本産カミキリムシ_compressed.pdf,52299895c14c1fd1c74279dca00f6fd9ba64d36d69e3bf3dd9c3a29a92802e77,efb17b5912fbb2c144dab4d99924dbc341e8f64054be7909dd7818cad155bef2,179,691,16414,スギ,ヒノキ科,exact_japanese_name,include,2026-07-11,PDF原本の寄主植物一覧（冊子p.691）で植物見出しと掲載和名を目視確認。原典のスギ科表記は現行分類のヒノキ科へ正規化。
kamikiri-host-index-p179-l16414-species-21983,species-21983,トゲヒゲトラカミキリ,トゲヒゲトラカミキリ,日本産カミキリムシ,日本産カミキリムシ_compressed.pdf,52299895c14c1fd1c74279dca00f6fd9ba64d36d69e3bf3dd9c3a29a92802e77,efb17b5912fbb2c144dab4d99924dbc341e8f64054be7909dd7818cad155bef2,179,691,16414,スギ,ヒノキ科,exact_japanese_name,include,2026-07-11,PDF原本の寄主植物一覧（冊子p.691）で植物見出しと掲載和名を目視確認。原典のスギ科表記は現行分類のヒノキ科へ正規化。
kamikiri-host-index-p179-l16414-species-21986,species-21986,キイロトラカミキリ,キイロトラカミキリ,日本産カミキリムシ,日本産カミキリムシ_compressed.pdf,52299895c14c1fd1c74279dca00f6fd9ba64d36d69e3bf3dd9c3a29a92802e77,efb17b5912fbb2c144dab4d99924dbc341e8f64054be7909dd7818cad155bef2,179,691,16414,スギ,ヒノキ科,exact_japanese_name,include,2026-07-11,PDF原本の寄主植物一覧（冊子p.691）で植物見出しと掲載和名を目視確認。原典のスギ科表記は現行分類のヒノキ科へ正規化。
KDB175183-0060,species-21998,ヨツスジトラカミキリ 基亜種,ヨツスジトラカミキリ,日本産カミキリムシ,日本産カミキリムシ_compressed.pdf,52299895c14c1fd1c74279dca00f6fd9ba64d36d69e3bf3dd9c3a29a92802e77,efb17b5912fbb2c144dab4d99924dbc341e8f64054be7909dd7818cad155bef2,179,691,16414,スギ,ヒノキ科,exact_derived_base_name,needs_review,2026-07-11,索引画像で「ヨツスジトラカミキリ Chlorophorus quinquefasciatus」を確認。種解説（冊子p.498-499）と現行同種群を照合したが、種解説と索引は種レベル Chlorophorus quinquefasciatus として琉球列島を含む個体群を一括するが、現行CSVでは2023年に奄美沖縄・先島亜種が分離済み。産地不明の索引レコードは現行基亜種へ配分不能。 原典の科見出しは旧体系の「スギ科」だが、サイトの現行分類に合わせ「ヒノキ科」に標準化。
kamikiri-host-index-p179-l16414-species-22025,species-22025,ホソトラカミキリ,ホソトラカミキリ,日本産カミキリムシ,日本産カミキリムシ_compressed.pdf,52299895c14c1fd1c74279dca00f6fd9ba64d36d69e3bf3dd9c3a29a92802e77,efb17b5912fbb2c144dab4d99924dbc341e8f64054be7909dd7818cad155bef2,179,691,16414,スギ,ヒノキ科,exact_japanese_name,include,2026-07-11,PDF原本の寄主植物一覧（冊子p.691）で植物見出しと掲載和名を目視確認。原典のスギ科表記は現行分類のヒノキ科へ正規化。
kamikiri-host-index-p179-l16414-species-22064,species-22064,イエカミキリ,イエカミキリ,日本産カミキリムシ,日本産カミキリムシ_compressed.pdf,52299895c14c1fd1c74279dca00f6fd9ba64d36d69e3bf3dd9c3a29a92802e77,efb17b5912fbb2c144dab4d99924dbc341e8f64054be7909dd7818cad155bef2,179,691,16414,スギ,ヒノキ科,exact_japanese_name,include,2026-07-11,PDF原本の寄主植物一覧（冊子p.691）で植物見出しと掲載和名を目視確認。原典のスギ科表記は現行分類のヒノキ科へ正規化。
kamikiri-host-index-p179-l16414-species-22232,species-22232,ミヤマルリハナカミキリ,ミヤマルリハナカミキリ,日本産カミキリムシ,日本産カミキリムシ_compressed.pdf,52299895c14c1fd1c74279dca00f6fd9ba64d36d69e3bf3dd9c3a29a92802e77,efb17b5912fbb2c144dab4d99924dbc341e8f64054be7909dd7818cad155bef2,179,691,16414,スギ,ヒノキ科,exact_japanese_name,include,2026-07-11,PDF原本の寄主植物一覧（冊子p.691）で植物見出しと掲載和名を目視確認。原典のスギ科表記は現行分類のヒノキ科へ正規化。
kamikiri-host-index-p179-l16414-species-22236,species-22236,クロハナカミキリ,クロハナカミキリ,日本産カミキリムシ,日本産カミキリムシ_compressed.pdf,52299895c14c1fd1c74279dca00f6fd9ba64d36d69e3bf3dd9c3a29a92802e77,efb17b5912fbb2c144dab4d99924dbc341e8f64054be7909dd7818cad155bef2,179,691,16414,スギ,ヒノキ科,exact_japanese_name,include,2026-07-11,PDF原本の寄主植物一覧（冊子p.691）で植物見出しと掲載和名を目視確認。原典のスギ科表記は現行分類のヒノキ科へ正規化。
kamikiri-host-index-p179-l16414-species-22245,species-22245,ムネアカクロハナカミキリ,ムネアカクロハナカミキリ,日本産カミキリムシ,日本産カミキリムシ_compressed.pdf,52299895c14c1fd1c74279dca00f6fd9ba64d36d69e3bf3dd9c3a29a92802e77,efb17b5912fbb2c144dab4d99924dbc341e8f64054be7909dd7818cad155bef2,179,691,16414,スギ,ヒノキ科,exact_japanese_name,include,2026-07-11,PDF原本の寄主植物一覧（冊子p.691）で植物見出しと掲載和名を目視確認。原典のスギ科表記は現行分類のヒノキ科へ正規化。
KDB175183-0059,species-22251,ヨツスジハナカミキリ 基亜種,ヨツスジハナカミキリ,日本産カミキリムシ,日本産カミキリムシ_compressed.pdf,52299895c14c1fd1c74279dca00f6fd9ba64d36d69e3bf3dd9c3a29a92802e77,efb17b5912fbb2c144dab4d99924dbc341e8f64054be7909dd7818cad155bef2,179,691,16414,スギ,ヒノキ科,exact_derived_base_name,needs_review,2026-07-11,索引画像で「ヨツスジハナカミキリ Leptura ochraceofasciata ochraceofasciata」を確認。種解説（冊子p.406-407）と現行同種群を照合したが、種解説の名義亜種分布は五島列島を含むが、現行CSVでは2018年記載の五島列島亜種が分離済み。索引レコードに産地がなく現行基亜種へ配分不能。 原典の科見出しは旧体系の「スギ科」だが、サイトの現行分類に合わせ「ヒノキ科」に標準化。
kamikiri-host-index-p179-l16414-species-22283,species-22283,ニンフホソハナカミキリ,ニンフホソハナカミキリ,日本産カミキリムシ,日本産カミキリムシ_compressed.pdf,52299895c14c1fd1c74279dca00f6fd9ba64d36d69e3bf3dd9c3a29a92802e77,efb17b5912fbb2c144dab4d99924dbc341e8f64054be7909dd7818cad155bef2,179,691,16414,スギ,ヒノキ科,exact_japanese_name,include,2026-07-11,PDF原本の寄主植物一覧（冊子p.691）で植物見出しと掲載和名を目視確認。原典のスギ科表記は現行分類のヒノキ科へ正規化。
kamikiri-host-index-p179-l16414-species-22456,species-22456,ハイイロハナカミキリ,ハイイロハナカミキリ,日本産カミキリムシ,日本産カミキリムシ_compressed.pdf,52299895c14c1fd1c74279dca00f6fd9ba64d36d69e3bf3dd9c3a29a92802e77,efb17b5912fbb2c144dab4d99924dbc341e8f64054be7909dd7818cad155bef2,179,691,16414,スギ,ヒノキ科,exact_japanese_name,include,2026-07-11,PDF原本の寄主植物一覧（冊子p.691）で植物見出しと掲載和名を目視確認。原典のスギ科表記は現行分類のヒノキ科へ正規化。
kamikiri-host-index-p179-l16414-species-22459,species-22459,ヒラヤマコブハナカミキリ,ヒラヤマコブハナカミキリ,日本産カミキリムシ,日本産カミキリムシ_compressed.pdf,52299895c14c1fd1c74279dca00f6fd9ba64d36d69e3bf3dd9c3a29a92802e77,efb17b5912fbb2c144dab4d99924dbc341e8f64054be7909dd7818cad155bef2,179,691,16414,スギ,ヒノキ科,exact_japanese_name,include,2026-07-11,PDF原本の寄主植物一覧（冊子p.691）で植物見出しと掲載和名を目視確認。原典のスギ科表記は現行分類のヒノキ科へ正規化。
kamikiri-host-index-p179-l16414-species-22463,species-22463,サビカミキリ,サビカミキリ,日本産カミキリムシ,日本産カミキリムシ_compressed.pdf,52299895c14c1fd1c74279dca00f6fd9ba64d36d69e3bf3dd9c3a29a92802e77,efb17b5912fbb2c144dab4d99924dbc341e8f64054be7909dd7818cad155bef2,179,691,16414,スギ,ヒノキ科,exact_japanese_name,include,2026-07-11,PDF原本の寄主植物一覧（冊子p.691）で植物見出しと掲載和名を目視確認。原典のスギ科表記は現行分類のヒノキ科へ正規化。
kamikiri-host-index-p179-l16414-species-22467,species-22467,オオマルクビヒラタカミキリ,オオマルクビヒラタカミキリ,日本産カミキリムシ,日本産カミキリムシ_compressed.pdf,52299895c14c1fd1c74279dca00f6fd9ba64d36d69e3bf3dd9c3a29a92802e77,efb17b5912fbb2c144dab4d99924dbc341e8f64054be7909dd7818cad155bef2,179,691,16414,スギ,ヒノキ科,reviewed_source_crosswalk,include,2026-07-11,PDF原本の寄主植物一覧（冊子p.691）で植物見出しと掲載和名を目視確認。原典のスギ科表記は現行分類のヒノキ科へ正規化。
kamikiri-host-index-p179-l16414-species-22764,species-22764,ゴマダラカミキリ,ゴマダラカミキリ,日本産カミキリムシ,日本産カミキリムシ_compressed.pdf,52299895c14c1fd1c74279dca00f6fd9ba64d36d69e3bf3dd9c3a29a92802e77,efb17b5912fbb2c144dab4d99924dbc341e8f64054be7909dd7818cad155bef2,179,691,16414,スギ,ヒノキ科,exact_japanese_name,include,2026-07-11,PDF原本の寄主植物一覧（冊子p.691）で植物見出しと掲載和名を目視確認。原典のスギ科表記は現行分類のヒノキ科へ正規化。
kamikiri-host-index-p179-l16414-species-22777,species-22777,マツノマダラカミキリ,マツノマダラカミキリ,日本産カミキリムシ,日本産カミキリムシ_compressed.pdf,52299895c14c1fd1c74279dca00f6fd9ba64d36d69e3bf3dd9c3a29a92802e77,efb17b5912fbb2c144dab4d99924dbc341e8f64054be7909dd7818cad155bef2,179,691,16414,スギ,ヒノキ科,exact_japanese_name,include,2026-07-11,PDF原本の寄主植物一覧（冊子p.691）で植物見出しと掲載和名を目視確認。原典のスギ科表記は現行分類のヒノキ科へ正規化。
kamikiri-host-index-p179-l16414-species-22842,species-22842,マルバネコブヒゲカミキリ,マルバネコブヒゲカミキリ,日本産カミキリムシ,日本産カミキリムシ_compressed.pdf,52299895c14c1fd1c74279dca00f6fd9ba64d36d69e3bf3dd9c3a29a92802e77,efb17b5912fbb2c144dab4d99924dbc341e8f64054be7909dd7818cad155bef2,179,691,16414,スギ,ヒノキ科,exact_japanese_name,include,2026-07-11,PDF原本の寄主植物一覧（冊子p.691）で植物見出しと掲載和名を目視確認。原典のスギ科表記は現行分類のヒノキ科へ正規化。
kamikiri-host-index-p179-l16414-species-22965,species-22965,アトモンサビカミキリ,アトモンサビカミキリ,日本産カミキリムシ,日本産カミキリムシ_compressed.pdf,52299895c14c1fd1c74279dca00f6fd9ba64d36d69e3bf3dd9c3a29a92802e77,efb17b5912fbb2c144dab4d99924dbc341e8f64054be7909dd7818cad155bef2,179,691,16414,スギ,ヒノキ科,exact_japanese_name,include,2026-07-11,PDF原本の寄主植物一覧（冊子p.691）で植物見出しと掲載和名を目視確認。原典のスギ科表記は現行分類のヒノキ科へ正規化。
KDB175183-0061,species-21998,ヨツスジトラカミキリ 基亜種,ヨツスジトラカミキリ,日本産カミキリムシ,日本産カミキリムシ_compressed.pdf,52299895c14c1fd1c74279dca00f6fd9ba64d36d69e3bf3dd9c3a29a92802e77,efb17b5912fbb2c144dab4d99924dbc341e8f64054be7909dd7818cad155bef2,179,692,16444,コウヨウザン,スギ科,exact_derived_base_name,needs_review,2026-07-11,索引画像で「ヨツスジトラカミキリ Chlorophorus quinquefasciatus」を確認。種解説（冊子p.498-499）と現行同種群を照合したが、種解説と索引は種レベル Chlorophorus quinquefasciatus として琉球列島を含む個体群を一括するが、現行CSVでは2023年に奄美沖縄・先島亜種が分離済み。産地不明の索引レコードは現行基亜種へ配分不能。
KDB175183-0062,species-21900,スギカミキリ 基亜種,スギカミキリ,日本産カミキリムシ,日本産カミキリムシ_compressed.pdf,52299895c14c1fd1c74279dca00f6fd9ba64d36d69e3bf3dd9c3a29a92802e77,efb17b5912fbb2c144dab4d99924dbc341e8f64054be7909dd7818cad155bef2,180,692,16451,ローソンヒノキ,ヒノキ科,exact_derived_base_name,include,2026-07-11,索引画像で「スギカミキリ Semanotus japonicus」を確認。種解説（冊子p.478-479）と現行同種群を照合し、名義亜種または原典で別名の近縁群から区別された当該分類群として現行IDへ帰属可能。
KDB175183-0063,13-1,ノコギリカミキリ 基亜種,ノコギリカミキリ,日本産カミキリムシ,日本産カミキリムシ_compressed.pdf,52299895c14c1fd1c74279dca00f6fd9ba64d36d69e3bf3dd9c3a29a92802e77,efb17b5912fbb2c144dab4d99924dbc341e8f64054be7909dd7818cad155bef2,180,692,16454,ヒノキ,ヒノキ科,exact_derived_base_name,include,2026-07-11,索引画像で「ノコギリカミキリ Prionus insularis insularis」を確認。種解説（冊子p.342-343）と現行同種群を照合し、名義亜種または原典で別名の近縁群から区別された当該分類群として現行IDへ帰属可能。
kamikiri-host-index-p180-l16454-species-21860,species-21860,スギノアカネトラカミキリ,スギノアカネトラカミキリ,日本産カミキリムシ,日本産カミキリムシ_compressed.pdf,52299895c14c1fd1c74279dca00f6fd9ba64d36d69e3bf3dd9c3a29a92802e77,efb17b5912fbb2c144dab4d99924dbc341e8f64054be7909dd7818cad155bef2,180,692,16454,ヒノキ,ヒノキ科,exact_japanese_name,include,2026-07-11,PDF原本の寄主植物一覧（冊子p.692）で植物見出しと掲載和名を目視確認。
kamikiri-host-index-p180-l16454-species-21899,species-21899,ビャクシンカミキリ,ビャクシンカミキリ,日本産カミキリムシ,日本産カミキリムシ_compressed.pdf,52299895c14c1fd1c74279dca00f6fd9ba64d36d69e3bf3dd9c3a29a92802e77,efb17b5912fbb2c144dab4d99924dbc341e8f64054be7909dd7818cad155bef2,180,692,16454,ヒノキ,ヒノキ科,exact_japanese_name,include,2026-07-11,PDF原本の寄主植物一覧（冊子p.692）で植物見出しと掲載和名を目視確認。
KDB175183-0064,species-21900,スギカミキリ 基亜種,スギカミキリ,日本産カミキリムシ,日本産カミキリムシ_compressed.pdf,52299895c14c1fd1c74279dca00f6fd9ba64d36d69e3bf3dd9c3a29a92802e77,efb17b5912fbb2c144dab4d99924dbc341e8f64054be7909dd7818cad155bef2,180,692,16454,ヒノキ,ヒノキ科,exact_derived_base_name,include,2026-07-11,索引画像で「スギカミキリ Semanotus japonicus」を確認。種解説（冊子p.478-479）と現行同種群を照合し、名義亜種または原典で別名の近縁群から区別された当該分類群として現行IDへ帰属可能。
kamikiri-host-index-p180-l16454-species-21945,species-21945,アカネキスジトラカミキリ 基亜種,アカネキスジトラカミキリ,日本産カミキリムシ,日本産カミキリムシ_compressed.pdf,52299895c14c1fd1c74279dca00f6fd9ba64d36d69e3bf3dd9c3a29a92802e77,efb17b5912fbb2c144dab4d99924dbc341e8f64054be7909dd7818cad155bef2,180,692,16454,ヒノキ,ヒノキ科,reviewed_source_crosswalk,needs_review,2026-07-11,PDF原本では当該掲載和名・学名の後に「?」が付記されており、寄主記録の確度を要確認。
kamikiri-host-index-p180-l16454-species-22065,species-22065,マルクビケマダラカミキリ,マルクビケマダラカミキリ,日本産カミキリムシ,日本産カミキリムシ_compressed.pdf,52299895c14c1fd1c74279dca00f6fd9ba64d36d69e3bf3dd9c3a29a92802e77,efb17b5912fbb2c144dab4d99924dbc341e8f64054be7909dd7818cad155bef2,180,692,16454,ヒノキ,ヒノキ科,exact_japanese_name,include,2026-07-11,PDF原本の寄主植物一覧（冊子p.692）で植物見出しと掲載和名を目視確認。
kamikiri-host-index-p180-l16454-species-22261,species-22261,オオヨツスジハナカミキリ,オオヨツスジハナカミキリ,日本産カミキリムシ,日本産カミキリムシ_compressed.pdf,52299895c14c1fd1c74279dca00f6fd9ba64d36d69e3bf3dd9c3a29a92802e77,efb17b5912fbb2c144dab4d99924dbc341e8f64054be7909dd7818cad155bef2,180,692,16454,ヒノキ,ヒノキ科,reviewed_source_crosswalk,include,2026-07-11,PDF原本の寄主植物一覧（冊子p.692）で植物見出しと掲載和名を目視確認。
kamikiri-host-index-p180-l16454-species-22456,species-22456,ハイイロハナカミキリ,ハイイロハナカミキリ,日本産カミキリムシ,日本産カミキリムシ_compressed.pdf,52299895c14c1fd1c74279dca00f6fd9ba64d36d69e3bf3dd9c3a29a92802e77,efb17b5912fbb2c144dab4d99924dbc341e8f64054be7909dd7818cad155bef2,180,692,16454,ヒノキ,ヒノキ科,exact_japanese_name,include,2026-07-11,PDF原本の寄主植物一覧（冊子p.692）で植物見出しと掲載和名を目視確認。
kamikiri-host-index-p180-l16454-species-22471,species-22471,オオクロカミキリ,オオクロカミキリ,日本産カミキリムシ,日本産カミキリムシ_compressed.pdf,52299895c14c1fd1c74279dca00f6fd9ba64d36d69e3bf3dd9c3a29a92802e77,efb17b5912fbb2c144dab4d99924dbc341e8f64054be7909dd7818cad155bef2,180,692,16454,ヒノキ,ヒノキ科,exact_japanese_name,include,2026-07-11,PDF原本の寄主植物一覧（冊子p.692）で植物見出しと掲載和名を目視確認。
kamikiri-host-index-p180-l16454-species-22480,species-22480,クロカミキリ,クロカミキリ,日本産カミキリムシ,日本産カミキリムシ_compressed.pdf,52299895c14c1fd1c74279dca00f6fd9ba64d36d69e3bf3dd9c3a29a92802e77,efb17b5912fbb2c144dab4d99924dbc341e8f64054be7909dd7818cad155bef2,180,692,16454,ヒノキ,ヒノキ科,reviewed_source_crosswalk,include,2026-07-11,PDF原本の寄主植物一覧（冊子p.692）で植物見出しと掲載和名を目視確認。
kamikiri-host-index-p180-l16454-species-22803,species-22803,タニグチコブヤハズカミキリ,タニグチコブヤハズカミキリ,日本産カミキリムシ,日本産カミキリムシ_compressed.pdf,52299895c14c1fd1c74279dca00f6fd9ba64d36d69e3bf3dd9c3a29a92802e77,efb17b5912fbb2c144dab4d99924dbc341e8f64054be7909dd7818cad155bef2,180,692,16454,ヒノキ,ヒノキ科,exact_japanese_name,include,2026-07-11,PDF原本の寄主植物一覧（冊子p.692）で植物見出しと掲載和名を目視確認。
kamikiri-host-index-p180-l16454-species-22842,species-22842,マルバネコブヒゲカミキリ,マルバネコブヒゲカミキリ,日本産カミキリムシ,日本産カミキリムシ_compressed.pdf,52299895c14c1fd1c74279dca00f6fd9ba64d36d69e3bf3dd9c3a29a92802e77,efb17b5912fbb2c144dab4d99924dbc341e8f64054be7909dd7818cad155bef2,180,692,16454,ヒノキ,ヒノキ科,exact_japanese_name,include,2026-07-11,PDF原本の寄主植物一覧（冊子p.692）で植物見出しと掲載和名を目視確認。
kamikiri-host-index-p180-l16454-species-22871,species-22871,ゴマフカミキリ,ゴマフカミキリ,日本産カミキリムシ,日本産カミキリムシ_compressed.pdf,52299895c14c1fd1c74279dca00f6fd9ba64d36d69e3bf3dd9c3a29a92802e77,efb17b5912fbb2c144dab4d99924dbc341e8f64054be7909dd7818cad155bef2,180,692,16454,ヒノキ,ヒノキ科,exact_japanese_name,include,2026-07-11,PDF原本の寄主植物一覧（冊子p.692）で植物見出しと掲載和名を目視確認。
kamikiri-host-index-p180-l16476-species-21860,species-21860,スギノアカネトラカミキリ,スギノアカネトラカミキリ,日本産カミキリムシ,日本産カミキリムシ_compressed.pdf,52299895c14c1fd1c74279dca00f6fd9ba64d36d69e3bf3dd9c3a29a92802e77,efb17b5912fbb2c144dab4d99924dbc341e8f64054be7909dd7818cad155bef2,180,692,16476,サワラ,ヒノキ科,exact_japanese_name,include,2026-07-11,PDF原本の寄主植物一覧（冊子p.692）で植物見出しと掲載和名を目視確認。
KDB175183-0065,species-21900,スギカミキリ 基亜種,スギカミキリ,日本産カミキリムシ,日本産カミキリムシ_compressed.pdf,52299895c14c1fd1c74279dca00f6fd9ba64d36d69e3bf3dd9c3a29a92802e77,efb17b5912fbb2c144dab4d99924dbc341e8f64054be7909dd7818cad155bef2,180,692,16476,サワラ,ヒノキ科,exact_derived_base_name,include,2026-07-11,索引画像で「スギカミキリ Semanotus japonicus」を確認。種解説（冊子p.478-479）と現行同種群を照合し、名義亜種または原典で別名の近縁群から区別された当該分類群として現行IDへ帰属可能。
kamikiri-host-index-p180-l16476-species-22471,species-22471,オオクロカミキリ,オオクロカミキリ,日本産カミキリムシ,日本産カミキリムシ_compressed.pdf,52299895c14c1fd1c74279dca00f6fd9ba64d36d69e3bf3dd9c3a29a92802e77,efb17b5912fbb2c144dab4d99924dbc341e8f64054be7909dd7818cad155bef2,180,692,16476,サワラ,ヒノキ科,exact_japanese_name,include,2026-07-11,PDF原本の寄主植物一覧（冊子p.692）で植物見出しと掲載和名を目視確認。
kamikiri-host-index-p180-l16482-species-21860,species-21860,スギノアカネトラカミキリ,スギノアカネトラカミキリ,日本産カミキリムシ,日本産カミキリムシ_compressed.pdf,52299895c14c1fd1c74279dca00f6fd9ba64d36d69e3bf3dd9c3a29a92802e77,efb17b5912fbb2c144dab4d99924dbc341e8f64054be7909dd7818cad155bef2,180,692,16482,シノブヒバ,ヒノキ科,exact_japanese_name,include,2026-07-11,PDF原本の寄主植物一覧（冊子p.692）で植物見出しと掲載和名を目視確認。原典は植栽記録。
kamikiri-host-index-p180-l16485-species-21860,species-21860,スギノアカネトラカミキリ,スギノアカネトラカミキリ,日本産カミキリムシ,日本産カミキリムシ_compressed.pdf,52299895c14c1fd1c74279dca00f6fd9ba64d36d69e3bf3dd9c3a29a92802e77,efb17b5912fbb2c144dab4d99924dbc341e8f64054be7909dd7818cad155bef2,180,692,16485,ヒムロ,ヒノキ科,exact_japanese_name,include,2026-07-11,PDF原本の寄主植物一覧（冊子p.692）で植物見出しと掲載和名を目視確認。原典は植栽記録。
KDB175183-0066,species-21900,スギカミキリ 基亜種,スギカミキリ,日本産カミキリムシ,日本産カミキリムシ_compressed.pdf,52299895c14c1fd1c74279dca00f6fd9ba64d36d69e3bf3dd9c3a29a92802e77,efb17b5912fbb2c144dab4d99924dbc341e8f64054be7909dd7818cad155bef2,180,692,16487,モントレーイトスギ,ヒノキ科,exact_derived_base_name,include,2026-07-11,索引画像で「スギカミキリ Semanotus japonicus」を確認。種解説（冊子p.478-479）と現行同種群を照合し、名義亜種または原典で別名の近縁群から区別された当該分類群として現行IDへ帰属可能。
kamikiri-host-index-p180-l16489-species-21882,species-21882,ヒメスギカミキリ,ヒメスギカミキリ,日本産カミキリムシ,日本産カミキリムシ_compressed.pdf,52299895c14c1fd1c74279dca00f6fd9ba64d36d69e3bf3dd9c3a29a92802e77,efb17b5912fbb2c144dab4d99924dbc341e8f64054be7909dd7818cad155bef2,180,692,16489,イブキ,ヒノキ科,reviewed_source_crosswalk,include,2026-07-11,OCR植物ブロック境界誤りをPDF見出し「イブキ」へ訂正。掲載和名も同植物欄で目視確認。
kamikiri-host-index-p180-l16489-species-21899,species-21899,ビャクシンカミキリ,ビャクシンカミキリ,日本産カミキリムシ,日本産カミキリムシ_compressed.pdf,52299895c14c1fd1c74279dca00f6fd9ba64d36d69e3bf3dd9c3a29a92802e77,efb17b5912fbb2c144dab4d99924dbc341e8f64054be7909dd7818cad155bef2,180,692,16489,イブキ,ヒノキ科,exact_japanese_name,include,2026-07-11,OCR植物ブロック境界誤りをPDF見出し「イブキ」へ訂正。掲載和名も同植物欄で目視確認。
kamikiri-host-index-p180-l16493-species-21860,species-21860,スギノアカネトラカミキリ,スギノアカネトラカミキリ,日本産カミキリムシ,日本産カミキリムシ_compressed.pdf,52299895c14c1fd1c74279dca00f6fd9ba64d36d69e3bf3dd9c3a29a92802e77,efb17b5912fbb2c144dab4d99924dbc341e8f64054be7909dd7818cad155bef2,180,692,16493,ネズ,ヒノキ科,exact_japanese_name,include,2026-07-11,PDF原本の寄主植物一覧（冊子p.692）で植物見出しと掲載和名を目視確認。
kamikiri-host-index-p180-l16493-species-21877,species-21877,ミドリカミキリ,ミドリカミキリ,日本産カミキリムシ,日本産カミキリムシ_compressed.pdf,52299895c14c1fd1c74279dca00f6fd9ba64d36d69e3bf3dd9c3a29a92802e77,efb17b5912fbb2c144dab4d99924dbc341e8f64054be7909dd7818cad155bef2,180,692,16493,ネズ,ヒノキ科,exact_japanese_name,include,2026-07-11,PDF原本の寄主植物一覧（冊子p.692）で植物見出しと掲載和名を目視確認。
kamikiri-host-index-p180-l16493-species-21882,species-21882,ヒメスギカミキリ,ヒメスギカミキリ,日本産カミキリムシ,日本産カミキリムシ_compressed.pdf,52299895c14c1fd1c74279dca00f6fd9ba64d36d69e3bf3dd9c3a29a92802e77,efb17b5912fbb2c144dab4d99924dbc341e8f64054be7909dd7818cad155bef2,180,692,16493,ネズ,ヒノキ科,reviewed_source_crosswalk,include,2026-07-11,PDF原本の寄主植物一覧（冊子p.692）で植物見出しと掲載和名を目視確認。
kamikiri-host-index-p180-l16493-species-21899,species-21899,ビャクシンカミキリ,ビャクシンカミキリ,日本産カミキリムシ,日本産カミキリムシ_compressed.pdf,52299895c14c1fd1c74279dca00f6fd9ba64d36d69e3bf3dd9c3a29a92802e77,efb17b5912fbb2c144dab4d99924dbc341e8f64054be7909dd7818cad155bef2,180,692,16493,ネズ,ヒノキ科,exact_japanese_name,include,2026-07-11,PDF原本の寄主植物一覧（冊子p.692）で植物見出しと掲載和名を目視確認。
kamikiri-host-index-p180-l16493-species-21983,species-21983,トゲヒゲトラカミキリ,トゲヒゲトラカミキリ,日本産カミキリムシ,日本産カミキリムシ_compressed.pdf,52299895c14c1fd1c74279dca00f6fd9ba64d36d69e3bf3dd9c3a29a92802e77,efb17b5912fbb2c144dab4d99924dbc341e8f64054be7909dd7818cad155bef2,180,692,16493,ネズ,ヒノキ科,exact_japanese_name,include,2026-07-11,PDF原本の寄主植物一覧（冊子p.692）で植物見出しと掲載和名を目視確認。
kamikiri-host-index-p180-l16493-species-22478,species-22478,ケブカマルクビカミキリ,ケブカマルクビカミキリ,日本産カミキリムシ,日本産カミキリムシ_compressed.pdf,52299895c14c1fd1c74279dca00f6fd9ba64d36d69e3bf3dd9c3a29a92802e77,efb17b5912fbb2c144dab4d99924dbc341e8f64054be7909dd7818cad155bef2,180,692,16493,ネズ,ヒノキ科,exact_japanese_name,include,2026-07-11,PDF原本の寄主植物一覧（冊子p.692）で植物見出しと掲載和名を目視確認。
kamikiri-host-index-p180-l16501-species-21882,species-21882,ヒメスギカミキリ,ヒメスギカミキリ,日本産カミキリムシ,日本産カミキリムシ_compressed.pdf,52299895c14c1fd1c74279dca00f6fd9ba64d36d69e3bf3dd9c3a29a92802e77,efb17b5912fbb2c144dab4d99924dbc341e8f64054be7909dd7818cad155bef2,180,692,16501,ビャクシン類,ヒノキ科,reviewed_source_crosswalk,include,2026-07-11,PDF原本の寄主植物一覧（冊子p.692）で植物見出しと掲載和名を目視確認。
kamikiri-host-index-p180-l16501-species-21899,species-21899,ビャクシンカミキリ,ビャクシンカミキリ,日本産カミキリムシ,日本産カミキリムシ_compressed.pdf,52299895c14c1fd1c74279dca00f6fd9ba64d36d69e3bf3dd9c3a29a92802e77,efb17b5912fbb2c144dab4d99924dbc341e8f64054be7909dd7818cad155bef2,180,692,16501,ビャクシン類,ヒノキ科,exact_japanese_name,include,2026-07-11,PDF原本の寄主植物一覧（冊子p.692）で植物見出しと掲載和名を目視確認。
kamikiri-host-index-p180-l16503-species-21860,species-21860,スギノアカネトラカミキリ,スギノアカネトラカミキリ,日本産カミキリムシ,日本産カミキリムシ_compressed.pdf,52299895c14c1fd1c74279dca00f6fd9ba64d36d69e3bf3dd9c3a29a92802e77,efb17b5912fbb2c144dab4d99924dbc341e8f64054be7909dd7818cad155bef2,180,692,16503,ニオイヒバ,ヒノキ科,exact_japanese_name,include,2026-07-11,PDF原本の寄主植物一覧（冊子p.692）で植物見出しと掲載和名を目視確認。原典は植栽記録。
kamikiri-host-index-p180-l16503-species-21899,species-21899,ビャクシンカミキリ,ビャクシンカミキリ,日本産カミキリムシ,日本産カミキリムシ_compressed.pdf,52299895c14c1fd1c74279dca00f6fd9ba64d36d69e3bf3dd9c3a29a92802e77,efb17b5912fbb2c144dab4d99924dbc341e8f64054be7909dd7818cad155bef2,180,692,16503,ニオイヒバ,ヒノキ科,exact_japanese_name,include,2026-07-11,PDF原本の寄主植物一覧（冊子p.692）で植物見出しと掲載和名を目視確認。原典は植栽記録。
kamikiri-host-index-p180-l16508-species-21899,species-21899,ビャクシンカミキリ,ビャクシンカミキリ,日本産カミキリムシ,日本産カミキリムシ_compressed.pdf,52299895c14c1fd1c74279dca00f6fd9ba64d36d69e3bf3dd9c3a29a92802e77,efb17b5912fbb2c144dab4d99924dbc341e8f64054be7909dd7818cad155bef2,180,693,16508,コノテガシワ,ヒノキ科,exact_japanese_name,include,2026-07-11,PDF原本の寄主植物一覧（冊子p.693）で植物見出しと掲載和名を目視確認。原典は植栽記録。
KDB175183-0067,species-21900,スギカミキリ 基亜種,スギカミキリ,日本産カミキリムシ,日本産カミキリムシ_compressed.pdf,52299895c14c1fd1c74279dca00f6fd9ba64d36d69e3bf3dd9c3a29a92802e77,efb17b5912fbb2c144dab4d99924dbc341e8f64054be7909dd7818cad155bef2,180,693,16511,アメリカネズコ,ヒノキ科,exact_derived_base_name,include,2026-07-11,索引画像で「スギカミキリ Semanotus japonicus」を確認。種解説（冊子p.478-479）と現行同種群を照合し、名義亜種または原典で別名の近縁群から区別された当該分類群として現行IDへ帰属可能。
kamikiri-host-index-p180-l16513-species-21882,species-21882,ヒメスギカミキリ,ヒメスギカミキリ,日本産カミキリムシ,日本産カミキリムシ_compressed.pdf,52299895c14c1fd1c74279dca00f6fd9ba64d36d69e3bf3dd9c3a29a92802e77,efb17b5912fbb2c144dab4d99924dbc341e8f64054be7909dd7818cad155bef2,180,693,16513,クロベ,ヒノキ科,reviewed_source_crosswalk,include,2026-07-11,OCR植物ブロック境界誤りをPDF見出し「クロベ」へ訂正。掲載和名も同植物欄で目視確認。
kamikiri-host-index-p180-l16513-species-22453,species-22453,ホンドニセハイイロハナカミキリ,ホンドニセハイイロハナカミキリ,日本産カミキリムシ,日本産カミキリムシ_compressed.pdf,52299895c14c1fd1c74279dca00f6fd9ba64d36d69e3bf3dd9c3a29a92802e77,efb17b5912fbb2c144dab4d99924dbc341e8f64054be7909dd7818cad155bef2,180,693,16513,クロベ,ヒノキ科,exact_japanese_name,include,2026-07-11,OCR植物ブロック境界誤りをPDF見出し「クロベ」へ訂正。掲載和名も同植物欄で目視確認。
kamikiri-host-index-p180-l16516-species-21860,species-21860,スギノアカネトラカミキリ,スギノアカネトラカミキリ,日本産カミキリムシ,日本産カミキリムシ_compressed.pdf,52299895c14c1fd1c74279dca00f6fd9ba64d36d69e3bf3dd9c3a29a92802e77,efb17b5912fbb2c144dab4d99924dbc341e8f64054be7909dd7818cad155bef2,180,693,16516,アスナロ,ヒノキ科,exact_japanese_name,include,2026-07-11,PDF原本の寄主植物一覧（冊子p.693）で植物見出しと掲載和名を目視確認。
kamikiri-host-index-p180-l16516-species-21882,species-21882,ヒメスギカミキリ,ヒメスギカミキリ,日本産カミキリムシ,日本産カミキリムシ_compressed.pdf,52299895c14c1fd1c74279dca00f6fd9ba64d36d69e3bf3dd9c3a29a92802e77,efb17b5912fbb2c144dab4d99924dbc341e8f64054be7909dd7818cad155bef2,180,693,16516,アスナロ,ヒノキ科,reviewed_source_crosswalk,include,2026-07-11,PDF原本の寄主植物一覧（冊子p.693）で植物見出しと掲載和名を目視確認。
KDB175183-0068,species-21900,スギカミキリ 基亜種,スギカミキリ,日本産カミキリムシ,日本産カミキリムシ_compressed.pdf,52299895c14c1fd1c74279dca00f6fd9ba64d36d69e3bf3dd9c3a29a92802e77,efb17b5912fbb2c144dab4d99924dbc341e8f64054be7909dd7818cad155bef2,180,693,16516,アスナロ,ヒノキ科,exact_derived_base_name,include,2026-07-11,索引画像で「スギカミキリ Semanotus japonicus」を確認。種解説（冊子p.478-479）と現行同種群を照合し、名義亜種または原典で別名の近縁群から区別された当該分類群として現行IDへ帰属可能。
kamikiri-host-index-p180-l16516-species-21983,species-21983,トゲヒゲトラカミキリ,トゲヒゲトラカミキリ,日本産カミキリムシ,日本産カミキリムシ_compressed.pdf,52299895c14c1fd1c74279dca00f6fd9ba64d36d69e3bf3dd9c3a29a92802e77,efb17b5912fbb2c144dab4d99924dbc341e8f64054be7909dd7818cad155bef2,180,693,16516,アスナロ,ヒノキ科,exact_japanese_name,include,2026-07-11,PDF原本の寄主植物一覧（冊子p.693）で植物見出しと掲載和名を目視確認。
kamikiri-host-index-p180-l16516-species-22466,species-22466,ヒメマルクビヒラタカミキリ,ヒメマルクビヒラタカミキリ,日本産カミキリムシ,日本産カミキリムシ_compressed.pdf,52299895c14c1fd1c74279dca00f6fd9ba64d36d69e3bf3dd9c3a29a92802e77,efb17b5912fbb2c144dab4d99924dbc341e8f64054be7909dd7818cad155bef2,180,693,16516,アスナロ,ヒノキ科,exact_japanese_name,include,2026-07-11,PDF原本の寄主植物一覧（冊子p.693）で植物見出しと掲載和名を目視確認。
kamikiri-host-index-p180-l16521-species-21860,species-21860,スギノアカネトラカミキリ,スギノアカネトラカミキリ,日本産カミキリムシ,日本産カミキリムシ_compressed.pdf,52299895c14c1fd1c74279dca00f6fd9ba64d36d69e3bf3dd9c3a29a92802e77,efb17b5912fbb2c144dab4d99924dbc341e8f64054be7909dd7818cad155bef2,180,693,16521,ヒノキアスナロ,ヒノキ科,exact_japanese_name,include,2026-07-11,PDF原本の寄主植物一覧（冊子p.693）で植物見出しと掲載和名を目視確認。
kamikiri-host-index-p180-l16524-species-21863,species-21863,ケブカトラカミキリ,ケブカトラカミキリ,日本産カミキリムシ,日本産カミキリムシ_compressed.pdf,52299895c14c1fd1c74279dca00f6fd9ba64d36d69e3bf3dd9c3a29a92802e77,efb17b5912fbb2c144dab4d99924dbc341e8f64054be7909dd7818cad155bef2,180,693,16524,イヌマキ,マキ科,exact_japanese_name,include,2026-07-11,PDF原本の寄主植物一覧（冊子p.693）で植物見出しと掲載和名を目視確認。
kamikiri-host-index-p180-l16524-species-21910,species-21910,ヒゲナガヒメカミキリ,ヒゲナガヒメカミキリ,日本産カミキリムシ,日本産カミキリムシ_compressed.pdf,52299895c14c1fd1c74279dca00f6fd9ba64d36d69e3bf3dd9c3a29a92802e77,efb17b5912fbb2c144dab4d99924dbc341e8f64054be7909dd7818cad155bef2,180,693,16524,イヌマキ,マキ科,exact_japanese_name,include,2026-07-11,PDF原本の寄主植物一覧（冊子p.693）で植物見出しと掲載和名を目視確認。
kamikiri-host-index-p180-l16526-species-21936,species-21936,ケナガカミキリ,ケナガカミキリ,日本産カミキリムシ,日本産カミキリムシ_compressed.pdf,52299895c14c1fd1c74279dca00f6fd9ba64d36d69e3bf3dd9c3a29a92802e77,efb17b5912fbb2c144dab4d99924dbc341e8f64054be7909dd7818cad155bef2,180,693,16526,ナギ,マキ科,exact_japanese_name,include,2026-07-11,PDF原本の寄主植物一覧（冊子p.693）で植物見出しと掲載和名を目視確認。
KDB175183-0069,species-21998,ヨツスジトラカミキリ 基亜種,ヨツスジトラカミキリ,日本産カミキリムシ,日本産カミキリムシ_compressed.pdf,52299895c14c1fd1c74279dca00f6fd9ba64d36d69e3bf3dd9c3a29a92802e77,efb17b5912fbb2c144dab4d99924dbc341e8f64054be7909dd7818cad155bef2,180,693,16526,ナギ,マキ科,exact_derived_base_name,needs_review,2026-07-11,索引画像で「ヨツスジトラカミキリ Chlorophorus quinquefasciatus」を確認。種解説（冊子p.498-499）と現行同種群を照合したが、種解説と索引は種レベル Chlorophorus quinquefasciatus として琉球列島を含む個体群を一括するが、現行CSVでは2023年に奄美沖縄・先島亜種が分離済み。産地不明の索引レコードは現行基亜種へ配分不能。
kamikiri-host-index-p180-l16526-species-22064,species-22064,イエカミキリ,イエカミキリ,日本産カミキリムシ,日本産カミキリムシ_compressed.pdf,52299895c14c1fd1c74279dca00f6fd9ba64d36d69e3bf3dd9c3a29a92802e77,efb17b5912fbb2c144dab4d99924dbc341e8f64054be7909dd7818cad155bef2,180,693,16526,ナギ,マキ科,exact_japanese_name,include,2026-07-11,PDF原本の寄主植物一覧（冊子p.693）で植物見出しと掲載和名を目視確認。
KDB175183-0070,species-22786,ヒメヒゲナガカミキリ 基亜種,ヒメヒゲナガカミキリ,日本産カミキリムシ,日本産カミキリムシ_compressed.pdf,52299895c14c1fd1c74279dca00f6fd9ba64d36d69e3bf3dd9c3a29a92802e77,efb17b5912fbb2c144dab4d99924dbc341e8f64054be7909dd7818cad155bef2,180,693,16526,ナギ,マキ科,exact_derived_base_name,include,2026-07-11,索引画像で「ヒメヒゲナガカミキリ Monochamus subfasciatus subfasciatus」を確認。種解説（冊子p.580-581）と現行同種群を照合し、名義亜種または原典で別名の近縁群から区別された当該分類群として現行IDへ帰属可能。
kamikiri-host-index-p180-l16532-species-21882,species-21882,ヒメスギカミキリ,ヒメスギカミキリ,日本産カミキリムシ,日本産カミキリムシ_compressed.pdf,52299895c14c1fd1c74279dca00f6fd9ba64d36d69e3bf3dd9c3a29a92802e77,efb17b5912fbb2c144dab4d99924dbc341e8f64054be7909dd7818cad155bef2,180,693,16532,イチイ,イチイ科,reviewed_source_crosswalk,include,2026-07-11,PDF原本の寄主植物一覧（冊子p.693）で植物見出しと掲載和名を目視確認。
kamikiri-host-index-p180-l16532-species-21899,species-21899,ビャクシンカミキリ,ビャクシンカミキリ,日本産カミキリムシ,日本産カミキリムシ_compressed.pdf,52299895c14c1fd1c74279dca00f6fd9ba64d36d69e3bf3dd9c3a29a92802e77,efb17b5912fbb2c144dab4d99924dbc341e8f64054be7909dd7818cad155bef2,180,693,16532,イチイ,イチイ科,exact_japanese_name,include,2026-07-11,PDF原本の寄主植物一覧（冊子p.693）で植物見出しと掲載和名を目視確認。
KDB175183-0071,species-22755,ニセビロウドカミキリ 基亜種,ニセビロウドカミキリ,日本産カミキリムシ,日本産カミキリムシ_compressed.pdf,52299895c14c1fd1c74279dca00f6fd9ba64d36d69e3bf3dd9c3a29a92802e77,efb17b5912fbb2c144dab4d99924dbc341e8f64054be7909dd7818cad155bef2,180,693,16532,イチイ,イチイ科,exact_derived_base_name,include,2026-07-11,索引画像で「ニセビロウドカミキリ Acalolepta sejuncta sejuncta」を確認。種解説（冊子p.592-593）と現行同種群を照合し、名義亜種または原典で別名の近縁群から区別された当該分類群として現行IDへ帰属可能。
KDB175183-0072,species-22251,ヨツスジハナカミキリ 基亜種,ヨツスジハナカミキリ,日本産カミキリムシ,日本産カミキリムシ_compressed.pdf,52299895c14c1fd1c74279dca00f6fd9ba64d36d69e3bf3dd9c3a29a92802e77,efb17b5912fbb2c144dab4d99924dbc341e8f64054be7909dd7818cad155bef2,180,693,16535,カヤ,イチイ科,exact_derived_base_name,needs_review,2026-07-11,索引画像で「ヨツスジハナカミキリ Leptura ochraceofasciata ochraceofasciata」を確認。種解説（冊子p.406-407）と現行同種群を照合したが、種解説の名義亜種分布は五島列島を含むが、現行CSVでは2018年記載の五島列島亜種が分離済み。索引レコードに産地がなく現行基亜種へ配分不能。
kamikiri-host-index-p180-l16540-6,6,オガサワラヒラタカミキリ,オガサワラヒラタカミキリ,日本産カミキリムシ,日本産カミキリムシ_compressed.pdf,52299895c14c1fd1c74279dca00f6fd9ba64d36d69e3bf3dd9c3a29a92802e77,efb17b5912fbb2c144dab4d99924dbc341e8f64054be7909dd7818cad155bef2,180,693,16540,モクマオウ,モクマオウ科,exact_japanese_name,include,2026-07-11,OCR植物ブロック境界誤りをPDF見出し「モクマオウ」へ訂正。掲載和名も同植物欄で目視確認。原典は植栽記録。
kamikiri-host-index-p180-l16540-species-22064,species-22064,イエカミキリ,イエカミキリ,日本産カミキリムシ,日本産カミキリムシ_compressed.pdf,52299895c14c1fd1c74279dca00f6fd9ba64d36d69e3bf3dd9c3a29a92802e77,efb17b5912fbb2c144dab4d99924dbc341e8f64054be7909dd7818cad155bef2,180,693,16540,モクマオウ,モクマオウ科,exact_japanese_name,include,2026-07-11,OCR植物ブロック境界誤りをPDF見出し「モクマオウ」へ訂正。掲載和名も同植物欄で目視確認。原典は植栽記録。
kamikiri-host-index-p180-l16540-species-22651,species-22651,オキナワクワカミキリ,オキナワクワカミキリ,日本産カミキリムシ,日本産カミキリムシ_compressed.pdf,52299895c14c1fd1c74279dca00f6fd9ba64d36d69e3bf3dd9c3a29a92802e77,efb17b5912fbb2c144dab4d99924dbc341e8f64054be7909dd7818cad155bef2,180,693,16540,モクマオウ,モクマオウ科,exact_japanese_name,include,2026-07-11,OCR植物ブロック境界誤りをPDF見出し「モクマオウ」へ訂正。掲載和名も同植物欄で目視確認。原典は植栽記録。
kamikiri-host-index-p180-l16540-species-22764,species-22764,ゴマダラカミキリ,ゴマダラカミキリ,日本産カミキリムシ,日本産カミキリムシ_compressed.pdf,52299895c14c1fd1c74279dca00f6fd9ba64d36d69e3bf3dd9c3a29a92802e77,efb17b5912fbb2c144dab4d99924dbc341e8f64054be7909dd7818cad155bef2,180,693,16540,モクマオウ,モクマオウ科,exact_japanese_name,include,2026-07-11,OCR植物ブロック境界誤りをPDF見出し「モクマオウ」へ訂正。掲載和名も同植物欄で目視確認。原典は植栽記録。
kamikiri-host-index-p180-l16540-species-22880,species-22880,チャゴマフカミキリ,チャゴマフカミキリ,日本産カミキリムシ,日本産カミキリムシ_compressed.pdf,52299895c14c1fd1c74279dca00f6fd9ba64d36d69e3bf3dd9c3a29a92802e77,efb17b5912fbb2c144dab4d99924dbc341e8f64054be7909dd7818cad155bef2,180,693,16540,モクマオウ,モクマオウ科,exact_japanese_name,include,2026-07-11,OCR植物ブロック境界誤りをPDF見出し「モクマオウ」へ訂正。掲載和名も同植物欄で目視確認。原典は植栽記録。
kamikiri-host-index-p181-l16550-species-22064,species-22064,イエカミキリ,イエカミキリ,日本産カミキリムシ,日本産カミキリムシ_compressed.pdf,52299895c14c1fd1c74279dca00f6fd9ba64d36d69e3bf3dd9c3a29a92802e77,efb17b5912fbb2c144dab4d99924dbc341e8f64054be7909dd7818cad155bef2,181,694,16550,ヤマモモ,ヤマモモ科,exact_japanese_name,include,2026-07-11,PDF原本の寄主植物一覧（冊子p.694）で植物見出しと掲載和名を目視確認。
kamikiri-host-index-p181-l16550-species-22153,species-22153,フェリエベニボシカミキリ,フェリエベニボシカミキリ,日本産カミキリムシ,日本産カミキリムシ_compressed.pdf,52299895c14c1fd1c74279dca00f6fd9ba64d36d69e3bf3dd9c3a29a92802e77,efb17b5912fbb2c144dab4d99924dbc341e8f64054be7909dd7818cad155bef2,181,694,16550,ヤマモモ,ヤマモモ科,exact_japanese_name,include,2026-07-11,PDF原本の寄主植物一覧（冊子p.694）で植物見出しと掲載和名を目視確認。
kamikiri-host-index-p181-l16553-species-22764,species-22764,ゴマダラカミキリ,ゴマダラカミキリ,日本産カミキリムシ,日本産カミキリムシ_compressed.pdf,52299895c14c1fd1c74279dca00f6fd9ba64d36d69e3bf3dd9c3a29a92802e77,efb17b5912fbb2c144dab4d99924dbc341e8f64054be7909dd7818cad155bef2,181,694,16553,ペカン,クルミ科,exact_japanese_name,include,2026-07-11,PDF原本の寄主植物一覧（冊子p.694）で植物見出しと掲載和名を目視確認。原典は植栽記録。
kamikiri-host-index-p181-l16555-species-21898,species-21898,クロヒラタカミキリ,クロヒラタカミキリ,日本産カミキリムシ,日本産カミキリムシ_compressed.pdf,52299895c14c1fd1c74279dca00f6fd9ba64d36d69e3bf3dd9c3a29a92802e77,efb17b5912fbb2c144dab4d99924dbc341e8f64054be7909dd7818cad155bef2,181,694,16555,オニグルミ,クルミ科,exact_japanese_name,include,2026-07-11,PDF原本の寄主植物一覧（冊子p.694）で植物見出しと掲載和名を目視確認。
kamikiri-host-index-p181-l16555-species-21910,species-21910,ヒゲナガヒメカミキリ,ヒゲナガヒメカミキリ,日本産カミキリムシ,日本産カミキリムシ_compressed.pdf,52299895c14c1fd1c74279dca00f6fd9ba64d36d69e3bf3dd9c3a29a92802e77,efb17b5912fbb2c144dab4d99924dbc341e8f64054be7909dd7818cad155bef2,181,694,16555,オニグルミ,クルミ科,exact_japanese_name,include,2026-07-11,PDF原本の寄主植物一覧（冊子p.694）で植物見出しと掲載和名を目視確認。
kamikiri-host-index-p181-l16555-species-21916,species-21916,テツイロヒメカミキリ,テツイロヒメカミキリ,日本産カミキリムシ,日本産カミキリムシ_compressed.pdf,52299895c14c1fd1c74279dca00f6fd9ba64d36d69e3bf3dd9c3a29a92802e77,efb17b5912fbb2c144dab4d99924dbc341e8f64054be7909dd7818cad155bef2,181,694,16555,オニグルミ,クルミ科,exact_japanese_name,include,2026-07-11,PDF原本の寄主植物一覧（冊子p.694）で植物見出しと掲載和名を目視確認。
kamikiri-host-index-p181-l16555-species-21973,species-21973,キンケトラカミキリ,キンケトラカミキリ,日本産カミキリムシ,日本産カミキリムシ_compressed.pdf,52299895c14c1fd1c74279dca00f6fd9ba64d36d69e3bf3dd9c3a29a92802e77,efb17b5912fbb2c144dab4d99924dbc341e8f64054be7909dd7818cad155bef2,181,694,16555,オニグルミ,クルミ科,exact_japanese_name,include,2026-07-11,PDF原本の寄主植物一覧（冊子p.694）で植物見出しと掲載和名を目視確認。
kamikiri-host-index-p181-l16555-species-21974,species-21974,シラケトラカミキリ,シラケトラカミキリ,日本産カミキリムシ,日本産カミキリムシ_compressed.pdf,52299895c14c1fd1c74279dca00f6fd9ba64d36d69e3bf3dd9c3a29a92802e77,efb17b5912fbb2c144dab4d99924dbc341e8f64054be7909dd7818cad155bef2,181,694,16555,オニグルミ,クルミ科,exact_japanese_name,include,2026-07-11,PDF原本の寄主植物一覧（冊子p.694）で植物見出しと掲載和名を目視確認。
kamikiri-host-index-p181-l16555-species-21976,species-21976,キスジトラカミキリ,キスジトラカミキリ,日本産カミキリムシ,日本産カミキリムシ_compressed.pdf,52299895c14c1fd1c74279dca00f6fd9ba64d36d69e3bf3dd9c3a29a92802e77,efb17b5912fbb2c144dab4d99924dbc341e8f64054be7909dd7818cad155bef2,181,694,16555,オニグルミ,クルミ科,exact_japanese_name,include,2026-07-11,PDF原本の寄主植物一覧（冊子p.694）で植物見出しと掲載和名を目視確認。
kamikiri-host-index-p181-l16555-species-21986,species-21986,キイロトラカミキリ,キイロトラカミキリ,日本産カミキリムシ,日本産カミキリムシ_compressed.pdf,52299895c14c1fd1c74279dca00f6fd9ba64d36d69e3bf3dd9c3a29a92802e77,efb17b5912fbb2c144dab4d99924dbc341e8f64054be7909dd7818cad155bef2,181,694,16555,オニグルミ,クルミ科,exact_japanese_name,include,2026-07-11,PDF原本の寄主植物一覧（冊子p.694）で植物見出しと掲載和名を目視確認。
kamikiri-host-index-p181-l16555-species-21988,species-21988,エグリトラカミキリ,エグリトラカミキリ,日本産カミキリムシ,日本産カミキリムシ_compressed.pdf,52299895c14c1fd1c74279dca00f6fd9ba64d36d69e3bf3dd9c3a29a92802e77,efb17b5912fbb2c144dab4d99924dbc341e8f64054be7909dd7818cad155bef2,181,694,16555,オニグルミ,クルミ科,exact_japanese_name,include,2026-07-11,PDF原本の寄主植物一覧（冊子p.694）で植物見出しと掲載和名を目視確認。
kamikiri-host-index-p181-l16555-species-22045,species-22045,ウスイロトラカミキリ,ウスイロトラカミキリ,日本産カミキリムシ,日本産カミキリムシ_compressed.pdf,52299895c14c1fd1c74279dca00f6fd9ba64d36d69e3bf3dd9c3a29a92802e77,efb17b5912fbb2c144dab4d99924dbc341e8f64054be7909dd7818cad155bef2,181,694,16555,オニグルミ,クルミ科,exact_japanese_name,include,2026-07-11,PDF原本の寄主植物一覧（冊子p.694）で植物見出しと掲載和名を目視確認。
kamikiri-host-index-p181-l16555-species-22155,species-22155,ルリボシカミキリ,ルリボシカミキリ,日本産カミキリムシ,日本産カミキリムシ_compressed.pdf,52299895c14c1fd1c74279dca00f6fd9ba64d36d69e3bf3dd9c3a29a92802e77,efb17b5912fbb2c144dab4d99924dbc341e8f64054be7909dd7818cad155bef2,181,694,16555,オニグルミ,クルミ科,exact_japanese_name,include,2026-07-11,PDF原本の寄主植物一覧（冊子p.694）で植物見出しと掲載和名を目視確認。
kamikiri-host-index-p181-l16555-species-22176,species-22176,ヘリグロベニカミキリ,ヘリグロベニカミキリ,日本産カミキリムシ,日本産カミキリムシ_compressed.pdf,52299895c14c1fd1c74279dca00f6fd9ba64d36d69e3bf3dd9c3a29a92802e77,efb17b5912fbb2c144dab4d99924dbc341e8f64054be7909dd7818cad155bef2,181,694,16555,オニグルミ,クルミ科,exact_japanese_name,include,2026-07-11,PDF原本の寄主植物一覧（冊子p.694）で植物見出しと掲載和名を目視確認。
kamikiri-host-index-p181-l16555-species-22526,species-22526,ケシカミキリ,ケシカミキリ,日本産カミキリムシ,日本産カミキリムシ_compressed.pdf,52299895c14c1fd1c74279dca00f6fd9ba64d36d69e3bf3dd9c3a29a92802e77,efb17b5912fbb2c144dab4d99924dbc341e8f64054be7909dd7818cad155bef2,181,694,16555,オニグルミ,クルミ科,exact_japanese_name,include,2026-07-11,PDF原本の寄主植物一覧（冊子p.694）で植物見出しと掲載和名を目視確認。
KDB175183-0074,species-22569,シナノクロフカミキリ 基亜種,シナノクロフカミキリ,日本産カミキリムシ,日本産カミキリムシ_compressed.pdf,52299895c14c1fd1c74279dca00f6fd9ba64d36d69e3bf3dd9c3a29a92802e77,efb17b5912fbb2c144dab4d99924dbc341e8f64054be7909dd7818cad155bef2,181,694,16555,オニグルミ,クルミ科,exact_derived_base_name,needs_review,2026-07-11,索引画像で「シナノクロフカミキリ Asaperda agapanthina」を確認。種解説（冊子p.526-528）と現行同種群を照合したが、種解説は Asaperda agapanthina 内の地域型を一括し、索引も二名法だけで産地を示さない。現行CSVの四国・御蔵島・九州亜種との切り分けができず基亜種へ配分不能。
kamikiri-host-index-p181-l16555-species-22583,species-22583,コブスジサビカミキリ,コブスジサビカミキリ,日本産カミキリムシ,日本産カミキリムシ_compressed.pdf,52299895c14c1fd1c74279dca00f6fd9ba64d36d69e3bf3dd9c3a29a92802e77,efb17b5912fbb2c144dab4d99924dbc341e8f64054be7909dd7818cad155bef2,181,694,16555,オニグルミ,クルミ科,exact_japanese_name,include,2026-07-11,PDF原本の寄主植物一覧（冊子p.694）で植物見出しと掲載和名を目視確認。
kamikiri-host-index-p181-l16555-species-22642,species-22642,シロオビチビカミキリ 基亜種,シロオビチビカミキリ,日本産カミキリムシ,日本産カミキリムシ_compressed.pdf,52299895c14c1fd1c74279dca00f6fd9ba64d36d69e3bf3dd9c3a29a92802e77,efb17b5912fbb2c144dab4d99924dbc341e8f64054be7909dd7818cad155bef2,181,694,16555,オニグルミ,クルミ科,reviewed_source_crosswalk,include,2026-07-11,PDF原本の寄主植物一覧（冊子p.694）で植物見出しと掲載和名を目視確認。
kamikiri-host-index-p181-l16555-species-22664,species-22664,ジュウジクロカミキリ,ジュウジクロカミキリ,日本産カミキリムシ,日本産カミキリムシ_compressed.pdf,52299895c14c1fd1c74279dca00f6fd9ba64d36d69e3bf3dd9c3a29a92802e77,efb17b5912fbb2c144dab4d99924dbc341e8f64054be7909dd7818cad155bef2,181,694,16555,オニグルミ,クルミ科,exact_japanese_name,include,2026-07-11,PDF原本の寄主植物一覧（冊子p.694）で植物見出しと掲載和名を目視確認。
kamikiri-host-index-p181-l16555-species-22669,species-22669,ホソヒゲケブカカミキリ,ホソヒゲケブカカミキリ,日本産カミキリムシ,日本産カミキリムシ_compressed.pdf,52299895c14c1fd1c74279dca00f6fd9ba64d36d69e3bf3dd9c3a29a92802e77,efb17b5912fbb2c144dab4d99924dbc341e8f64054be7909dd7818cad155bef2,181,694,16555,オニグルミ,クルミ科,exact_japanese_name,include,2026-07-11,PDF原本の寄主植物一覧（冊子p.694）で植物見出しと掲載和名を目視確認。
KDB175183-0078,species-22682,ドイカミキリ 基亜種,ドイカミキリ,日本産カミキリムシ,日本産カミキリムシ_compressed.pdf,52299895c14c1fd1c74279dca00f6fd9ba64d36d69e3bf3dd9c3a29a92802e77,efb17b5912fbb2c144dab4d99924dbc341e8f64054be7909dd7818cad155bef2,181,694,16555,オニグルミ,クルミ科,exact_derived_base_name,include,2026-07-11,索引画像で「ドイカミキリ Mimectatina divaricata divaricata」を確認。種解説（冊子p.624-625）と現行同種群を照合し、名義亜種または原典で別名の近縁群から区別された当該分類群として現行IDへ帰属可能。
KDB175183-0077,species-22786,ヒメヒゲナガカミキリ 基亜種,ヒメヒゲナガカミキリ,日本産カミキリムシ,日本産カミキリムシ_compressed.pdf,52299895c14c1fd1c74279dca00f6fd9ba64d36d69e3bf3dd9c3a29a92802e77,efb17b5912fbb2c144dab4d99924dbc341e8f64054be7909dd7818cad155bef2,181,694,16555,オニグルミ,クルミ科,exact_derived_base_name,include,2026-07-11,索引画像で「ヒメヒゲナガカミキリ Monochamus subfasciatus subfasciatus」を確認。種解説（冊子p.580-581）と現行同種群を照合し、名義亜種または原典で別名の近縁群から区別された当該分類群として現行IDへ帰属可能。
kamikiri-host-index-p181-l16555-species-22790,species-22790,ヒメシラフヒゲナガカミキリ,ヒメシラフヒゲナガカミキリ,日本産カミキリムシ,日本産カミキリムシ_compressed.pdf,52299895c14c1fd1c74279dca00f6fd9ba64d36d69e3bf3dd9c3a29a92802e77,efb17b5912fbb2c144dab4d99924dbc341e8f64054be7909dd7818cad155bef2,181,694,16555,オニグルミ,クルミ科,exact_japanese_name,needs_review,2026-07-11,PDF原本では当該掲載和名・学名の後に「?」が付記されており、寄主記録の確度を要確認。
kamikiri-host-index-p181-l16555-species-22862,species-22862,シロオビゴマフカミキリ,シロオビゴマフカミキリ,日本産カミキリムシ,日本産カミキリムシ_compressed.pdf,52299895c14c1fd1c74279dca00f6fd9ba64d36d69e3bf3dd9c3a29a92802e77,efb17b5912fbb2c144dab4d99924dbc341e8f64054be7909dd7818cad155bef2,181,694,16555,オニグルミ,クルミ科,exact_japanese_name,include,2026-07-11,PDF原本の寄主植物一覧（冊子p.694）で植物見出しと掲載和名を目視確認。
kamikiri-host-index-p181-l16555-species-22871,species-22871,ゴマフカミキリ,ゴマフカミキリ,日本産カミキリムシ,日本産カミキリムシ_compressed.pdf,52299895c14c1fd1c74279dca00f6fd9ba64d36d69e3bf3dd9c3a29a92802e77,efb17b5912fbb2c144dab4d99924dbc341e8f64054be7909dd7818cad155bef2,181,694,16555,オニグルミ,クルミ科,exact_japanese_name,include,2026-07-11,PDF原本の寄主植物一覧（冊子p.694）で植物見出しと掲載和名を目視確認。
KDB175183-0073,species-22890,カタシロゴマフカミキリ 基亜種,カタシロゴマフカミキリ,日本産カミキリムシ,日本産カミキリムシ_compressed.pdf,52299895c14c1fd1c74279dca00f6fd9ba64d36d69e3bf3dd9c3a29a92802e77,efb17b5912fbb2c144dab4d99924dbc341e8f64054be7909dd7818cad155bef2,181,694,16555,オニグルミ,クルミ科,exact_derived_base_name,include,2026-07-11,索引画像で「カタシロゴマフカミキリ Mesosa hirsuta hirsuta」を確認。種解説（冊子p.520-521）と現行同種群を照合し、名義亜種または原典で別名の近縁群から区別された当該分類群として現行IDへ帰属可能。
kamikiri-host-index-p181-l16555-species-22910,species-22910,クモガタケシカミキリ,クモガタケシカミキリ,日本産カミキリムシ,日本産カミキリムシ_compressed.pdf,52299895c14c1fd1c74279dca00f6fd9ba64d36d69e3bf3dd9c3a29a92802e77,efb17b5912fbb2c144dab4d99924dbc341e8f64054be7909dd7818cad155bef2,181,694,16555,オニグルミ,クルミ科,exact_japanese_name,include,2026-07-11,PDF原本の寄主植物一覧（冊子p.694）で植物見出しと掲載和名を目視確認。
kamikiri-host-index-p181-l16555-species-22927,species-22927,キッコウモンケシカミキリ,キッコウモンケシカミキリ,日本産カミキリムシ,日本産カミキリムシ_compressed.pdf,52299895c14c1fd1c74279dca00f6fd9ba64d36d69e3bf3dd9c3a29a92802e77,efb17b5912fbb2c144dab4d99924dbc341e8f64054be7909dd7818cad155bef2,181,694,16555,オニグルミ,クルミ科,exact_japanese_name,include,2026-07-11,PDF原本の寄主植物一覧（冊子p.694）で植物見出しと掲載和名を目視確認。
kamikiri-host-index-p181-l16555-species-22941,species-22941,クワサビカミキリ,クワサビカミキリ,日本産カミキリムシ,日本産カミキリムシ_compressed.pdf,52299895c14c1fd1c74279dca00f6fd9ba64d36d69e3bf3dd9c3a29a92802e77,efb17b5912fbb2c144dab4d99924dbc341e8f64054be7909dd7818cad155bef2,181,694,16555,オニグルミ,クルミ科,exact_japanese_name,include,2026-07-11,PDF原本の寄主植物一覧（冊子p.694）で植物見出しと掲載和名を目視確認。
KDB175183-0076,species-22947,ナカジロサビカミキリ 基亜種,ナカジロサビカミキリ,日本産カミキリムシ,日本産カミキリムシ_compressed.pdf,52299895c14c1fd1c74279dca00f6fd9ba64d36d69e3bf3dd9c3a29a92802e77,efb17b5912fbb2c144dab4d99924dbc341e8f64054be7909dd7818cad155bef2,181,694,16555,オニグルミ,クルミ科,exact_derived_base_name,include,2026-07-11,索引画像で「ナカジロサビカミキリ Pterolophia jugosa jugosa」を確認。種解説（冊子p.560-561）と現行同種群を照合し、名義亜種または原典で別名の近縁群から区別された当該分類群として現行IDへ帰属可能。
kamikiri-host-index-p181-l16555-species-22960,species-22960,マルモンサビカミキリ,マルモンサビカミキリ,日本産カミキリムシ,日本産カミキリムシ_compressed.pdf,52299895c14c1fd1c74279dca00f6fd9ba64d36d69e3bf3dd9c3a29a92802e77,efb17b5912fbb2c144dab4d99924dbc341e8f64054be7909dd7818cad155bef2,181,694,16555,オニグルミ,クルミ科,exact_japanese_name,include,2026-07-11,PDF原本の寄主植物一覧（冊子p.694）で植物見出しと掲載和名を目視確認。
KDB175183-0075,species-22963,トガリシロオビサビカミキリ 基亜種,トガリシロオビサビカミキリ,日本産カミキリムシ,日本産カミキリムシ_compressed.pdf,52299895c14c1fd1c74279dca00f6fd9ba64d36d69e3bf3dd9c3a29a92802e77,efb17b5912fbb2c144dab4d99924dbc341e8f64054be7909dd7818cad155bef2,181,694,16555,オニグルミ,クルミ科,exact_derived_base_name,include,2026-07-11,索引画像で「トガリシロオビサビカミキリ Pterolophia caudata caudata」を確認。種解説（冊子p.558-559）と現行同種群を照合し、名義亜種または原典で別名の近縁群から区別された当該分類群として現行IDへ帰属可能。
kamikiri-host-index-p181-l16555-species-22965,species-22965,アトモンサビカミキリ,アトモンサビカミキリ,日本産カミキリムシ,日本産カミキリムシ_compressed.pdf,52299895c14c1fd1c74279dca00f6fd9ba64d36d69e3bf3dd9c3a29a92802e77,efb17b5912fbb2c144dab4d99924dbc341e8f64054be7909dd7818cad155bef2,181,694,16555,オニグルミ,クルミ科,exact_japanese_name,include,2026-07-11,PDF原本の寄主植物一覧（冊子p.694）で植物見出しと掲載和名を目視確認。
kamikiri-host-index-p181-l16555-species-22970,species-22970,エゾサビカミキリ,エゾサビカミキリ,日本産カミキリムシ,日本産カミキリムシ_compressed.pdf,52299895c14c1fd1c74279dca00f6fd9ba64d36d69e3bf3dd9c3a29a92802e77,efb17b5912fbb2c144dab4d99924dbc341e8f64054be7909dd7818cad155bef2,181,694,16555,オニグルミ,クルミ科,exact_japanese_name,include,2026-07-11,PDF原本の寄主植物一覧（冊子p.694）で植物見出しと掲載和名を目視確認。
kamikiri-host-index-p181-l16555-species-22972,species-22972,アトジロサビカミキリ,アトジロサビカミキリ,日本産カミキリムシ,日本産カミキリムシ_compressed.pdf,52299895c14c1fd1c74279dca00f6fd9ba64d36d69e3bf3dd9c3a29a92802e77,efb17b5912fbb2c144dab4d99924dbc341e8f64054be7909dd7818cad155bef2,181,694,16555,オニグルミ,クルミ科,exact_japanese_name,include,2026-07-11,PDF原本の寄主植物一覧（冊子p.694）で植物見出しと掲載和名を目視確認。
kamikiri-host-index-p181-l16555-species-22980,species-22980,ヒゲナガシラホシカミキリ,ヒゲナガシラホシカミキリ,日本産カミキリムシ,日本産カミキリムシ_compressed.pdf,52299895c14c1fd1c74279dca00f6fd9ba64d36d69e3bf3dd9c3a29a92802e77,efb17b5912fbb2c144dab4d99924dbc341e8f64054be7909dd7818cad155bef2,181,694,16555,オニグルミ,クルミ科,exact_japanese_name,include,2026-07-11,PDF原本の寄主植物一覧（冊子p.694）で植物見出しと掲載和名を目視確認。
KDB175183-0079,species-22988,ハンノアオカミキリ 基亜種,ハンノアオカミキリ,日本産カミキリムシ,日本産カミキリムシ_compressed.pdf,52299895c14c1fd1c74279dca00f6fd9ba64d36d69e3bf3dd9c3a29a92802e77,efb17b5912fbb2c144dab4d99924dbc341e8f64054be7909dd7818cad155bef2,181,694,16555,オニグルミ,クルミ科,exact_derived_base_name,include,2026-07-11,索引画像で「ハンノアオカミキリ Eutetrapha chrysochloris chrysochloris」を確認。種解説（冊子p.654-655）と現行同種群を照合し、名義亜種または原典で別名の近縁群から区別された当該分類群として現行IDへ帰属可能。
kamikiri-host-index-p181-l16555-species-23012,species-23012,オニグルミノキモンカミキリ,オニグルミノキモンカミキリ,日本産カミキリムシ,日本産カミキリムシ_compressed.pdf,52299895c14c1fd1c74279dca00f6fd9ba64d36d69e3bf3dd9c3a29a92802e77,efb17b5912fbb2c144dab4d99924dbc341e8f64054be7909dd7818cad155bef2,181,694,16555,オニグルミ,クルミ科,exact_japanese_name,include,2026-07-11,PDF原本の寄主植物一覧（冊子p.694）で植物見出しと掲載和名を目視確認。
kamikiri-host-index-p181-l16555-species-23013,species-23013,キモンカミキリ,キモンカミキリ,日本産カミキリムシ,日本産カミキリムシ_compressed.pdf,52299895c14c1fd1c74279dca00f6fd9ba64d36d69e3bf3dd9c3a29a92802e77,efb17b5912fbb2c144dab4d99924dbc341e8f64054be7909dd7818cad155bef2,181,694,16555,オニグルミ,クルミ科,exact_japanese_name,include,2026-07-11,PDF原本の寄主植物一覧（冊子p.694）で植物見出しと掲載和名を目視確認。
KDB175183-0080,species-23014,チチブニセリンゴカミキリ 基亜種,チチブニセリンゴカミキリ,日本産カミキリムシ,日本産カミキリムシ_compressed.pdf,52299895c14c1fd1c74279dca00f6fd9ba64d36d69e3bf3dd9c3a29a92802e77,efb17b5912fbb2c144dab4d99924dbc341e8f64054be7909dd7818cad155bef2,181,694,16555,オニグルミ,クルミ科,exact_derived_base_name,include,2026-07-11,索引画像で「チチブニセリンゴカミキリ Niponostenostola niponensis niponensis」を確認。種解説（冊子p.666-667）と現行同種群を照合し、名義亜種または原典で別名の近縁群から区別された当該分類群として現行IDへ帰属可能。
kamikiri-host-index-p181-l16555-species-23061,species-23061,ブロイニングカミキリ,ブロイニングカミキリ,日本産カミキリムシ,日本産カミキリムシ_compressed.pdf,52299895c14c1fd1c74279dca00f6fd9ba64d36d69e3bf3dd9c3a29a92802e77,efb17b5912fbb2c144dab4d99924dbc341e8f64054be7909dd7818cad155bef2,181,694,16555,オニグルミ,クルミ科,exact_japanese_name,include,2026-07-11,PDF原本の寄主植物一覧（冊子p.694）で植物見出しと掲載和名を目視確認。
kamikiri-host-index-p181-l16605-species-21986,species-21986,キイロトラカミキリ,キイロトラカミキリ,日本産カミキリムシ,日本産カミキリムシ_compressed.pdf,52299895c14c1fd1c74279dca00f6fd9ba64d36d69e3bf3dd9c3a29a92802e77,efb17b5912fbb2c144dab4d99924dbc341e8f64054be7909dd7818cad155bef2,181,694-695,16605,ノグルミ,クルミ科,exact_japanese_name,include,2026-07-11,PDF原本の寄主植物一覧（冊子p.694-695）で植物見出しと掲載和名を目視確認。
kamikiri-host-index-p181-l16605-species-21988,species-21988,エグリトラカミキリ,エグリトラカミキリ,日本産カミキリムシ,日本産カミキリムシ_compressed.pdf,52299895c14c1fd1c74279dca00f6fd9ba64d36d69e3bf3dd9c3a29a92802e77,efb17b5912fbb2c144dab4d99924dbc341e8f64054be7909dd7818cad155bef2,181,694-695,16605,ノグルミ,クルミ科,exact_japanese_name,include,2026-07-11,PDF原本の寄主植物一覧（冊子p.694-695）で植物見出しと掲載和名を目視確認。
kamikiri-host-index-p181-l16605-species-22463,species-22463,サビカミキリ,サビカミキリ,日本産カミキリムシ,日本産カミキリムシ_compressed.pdf,52299895c14c1fd1c74279dca00f6fd9ba64d36d69e3bf3dd9c3a29a92802e77,efb17b5912fbb2c144dab4d99924dbc341e8f64054be7909dd7818cad155bef2,181,694-695,16605,ノグルミ,クルミ科,exact_japanese_name,include,2026-07-11,PDF原本の寄主植物一覧（冊子p.694-695）で植物見出しと掲載和名を目視確認。
kamikiri-host-index-p181-l16605-species-22642,species-22642,シロオビチビカミキリ 基亜種,シロオビチビカミキリ,日本産カミキリムシ,日本産カミキリムシ_compressed.pdf,52299895c14c1fd1c74279dca00f6fd9ba64d36d69e3bf3dd9c3a29a92802e77,efb17b5912fbb2c144dab4d99924dbc341e8f64054be7909dd7818cad155bef2,181,694-695,16605,ノグルミ,クルミ科,reviewed_source_crosswalk,include,2026-07-11,PDF原本の寄主植物一覧（冊子p.694-695）で植物見出しと掲載和名を目視確認。
kamikiri-host-index-p181-l16605-species-22710,species-22710,タカサゴシロカミキリ,タカサゴシロカミキリ,日本産カミキリムシ,日本産カミキリムシ_compressed.pdf,52299895c14c1fd1c74279dca00f6fd9ba64d36d69e3bf3dd9c3a29a92802e77,efb17b5912fbb2c144dab4d99924dbc341e8f64054be7909dd7818cad155bef2,181,694-695,16605,ノグルミ,クルミ科,exact_japanese_name,include,2026-07-11,PDF原本の寄主植物一覧（冊子p.694-695）で植物見出しと掲載和名を目視確認。
kamikiri-host-index-p181-l16605-species-22713,species-22713,チョウセンシロカミキリ,チョウセンシロカミキリ,日本産カミキリムシ,日本産カミキリムシ_compressed.pdf,52299895c14c1fd1c74279dca00f6fd9ba64d36d69e3bf3dd9c3a29a92802e77,efb17b5912fbb2c144dab4d99924dbc341e8f64054be7909dd7818cad155bef2,181,694-695,16605,ノグルミ,クルミ科,exact_japanese_name,include,2026-07-11,PDF原本の寄主植物一覧（冊子p.694-695）で植物見出しと掲載和名を目視確認。
KDB175183-0082,species-22755,ニセビロウドカミキリ 基亜種,ニセビロウドカミキリ,日本産カミキリムシ,日本産カミキリムシ_compressed.pdf,52299895c14c1fd1c74279dca00f6fd9ba64d36d69e3bf3dd9c3a29a92802e77,efb17b5912fbb2c144dab4d99924dbc341e8f64054be7909dd7818cad155bef2,181,694-695,16605,ノグルミ,クルミ科,exact_derived_base_name,include,2026-07-11,索引画像で「ニセビロウドカミキリ Acalolepta sejuncta sejuncta」を確認。種解説（冊子p.592-593）と現行同種群を照合し、名義亜種または原典で別名の近縁群から区別された当該分類群として現行IDへ帰属可能。
KDB175183-0081,species-22786,ヒメヒゲナガカミキリ 基亜種,ヒメヒゲナガカミキリ,日本産カミキリムシ,日本産カミキリムシ_compressed.pdf,52299895c14c1fd1c74279dca00f6fd9ba64d36d69e3bf3dd9c3a29a92802e77,efb17b5912fbb2c144dab4d99924dbc341e8f64054be7909dd7818cad155bef2,181,694-695,16605,ノグルミ,クルミ科,exact_derived_base_name,include,2026-07-11,索引画像で「ヒメヒゲナガカミキリ Monochamus subfasciatus subfasciatus」を確認。種解説（冊子p.580-581）と現行同種群を照合し、名義亜種または原典で別名の近縁群から区別された当該分類群として現行IDへ帰属可能。
kamikiri-host-index-p181-l16605-species-22866,species-22866,ナガゴマフカミキリ,ナガゴマフカミキリ,日本産カミキリムシ,日本産カミキリムシ_compressed.pdf,52299895c14c1fd1c74279dca00f6fd9ba64d36d69e3bf3dd9c3a29a92802e77,efb17b5912fbb2c144dab4d99924dbc341e8f64054be7909dd7818cad155bef2,181,694-695,16605,ノグルミ,クルミ科,exact_japanese_name,include,2026-07-11,PDF原本の寄主植物一覧（冊子p.694-695）で植物見出しと掲載和名を目視確認。
kamikiri-host-index-p181-l16605-species-22928,species-22928,ツシマケシカミキリ,ツシマケシカミキリ,日本産カミキリムシ,日本産カミキリムシ_compressed.pdf,52299895c14c1fd1c74279dca00f6fd9ba64d36d69e3bf3dd9c3a29a92802e77,efb17b5912fbb2c144dab4d99924dbc341e8f64054be7909dd7818cad155bef2,181,694-695,16605,ノグルミ,クルミ科,exact_japanese_name,include,2026-07-11,PDF原本の寄主植物一覧（冊子p.694-695）で植物見出しと掲載和名を目視確認。
KDB175183-0083,1-1,ウスバカミキリ 基亜種,ウスバカミキリ,日本産カミキリムシ,日本産カミキリムシ_compressed.pdf,52299895c14c1fd1c74279dca00f6fd9ba64d36d69e3bf3dd9c3a29a92802e77,efb17b5912fbb2c144dab4d99924dbc341e8f64054be7909dd7818cad155bef2,181,695,16619,サワグルミ,クルミ科,exact_derived_base_name,needs_review,2026-07-11,索引画像で「ウスバカミキリ Megopis sinica sinica」を確認。種解説（冊子p.340-341）と現行同種群を照合したが、種解説の名義亜種範囲は奄美・沖縄個体群を含むが、現行CSVでは2018年記載の奄美沖縄亜種 adachii が分離済み。索引レコードに産地がなく現行基亜種へ配分不能。
kamikiri-host-index-p181-l16619-species-21876,species-21876,オオアオカミキリ,オオアオカミキリ,日本産カミキリムシ,日本産カミキリムシ_compressed.pdf,52299895c14c1fd1c74279dca00f6fd9ba64d36d69e3bf3dd9c3a29a92802e77,efb17b5912fbb2c144dab4d99924dbc341e8f64054be7909dd7818cad155bef2,181,695,16619,サワグルミ,クルミ科,exact_japanese_name,include,2026-07-11,PDF原本の寄主植物一覧（冊子p.695）で植物見出しと掲載和名を目視確認。
kamikiri-host-index-p181-l16619-species-21976,species-21976,キスジトラカミキリ,キスジトラカミキリ,日本産カミキリムシ,日本産カミキリムシ_compressed.pdf,52299895c14c1fd1c74279dca00f6fd9ba64d36d69e3bf3dd9c3a29a92802e77,efb17b5912fbb2c144dab4d99924dbc341e8f64054be7909dd7818cad155bef2,181,695,16619,サワグルミ,クルミ科,exact_japanese_name,include,2026-07-11,PDF原本の寄主植物一覧（冊子p.695）で植物見出しと掲載和名を目視確認。
kamikiri-host-index-p181-l16619-species-21986,species-21986,キイロトラカミキリ,キイロトラカミキリ,日本産カミキリムシ,日本産カミキリムシ_compressed.pdf,52299895c14c1fd1c74279dca00f6fd9ba64d36d69e3bf3dd9c3a29a92802e77,efb17b5912fbb2c144dab4d99924dbc341e8f64054be7909dd7818cad155bef2,181,695,16619,サワグルミ,クルミ科,exact_japanese_name,include,2026-07-11,PDF原本の寄主植物一覧（冊子p.695）で植物見出しと掲載和名を目視確認。
KDB175183-0084,species-21990,フタオビミドリトラカミキリ 基亜種,フタオビミドリトラカミキリ,日本産カミキリムシ,日本産カミキリムシ_compressed.pdf,52299895c14c1fd1c74279dca00f6fd9ba64d36d69e3bf3dd9c3a29a92802e77,efb17b5912fbb2c144dab4d99924dbc341e8f64054be7909dd7818cad155bef2,181,695,16619,サワグルミ,クルミ科,exact_derived_base_name,needs_review,2026-07-11,索引画像で「フタオビミドリトラカミキリ Chlorophorus muscosus」を確認。種解説（冊子p.500-501）と現行同種群を照合したが、種解説と索引は種レベル Chlorophorus muscosus として地理的変異を一括するが、現行CSVでは2023年に複数島嶼亜種が分離済み。産地不明の索引レコードは現行基亜種へ配分不能。
kamikiri-host-index-p181-l16619-species-22045,species-22045,ウスイロトラカミキリ,ウスイロトラカミキリ,日本産カミキリムシ,日本産カミキリムシ_compressed.pdf,52299895c14c1fd1c74279dca00f6fd9ba64d36d69e3bf3dd9c3a29a92802e77,efb17b5912fbb2c144dab4d99924dbc341e8f64054be7909dd7818cad155bef2,181,695,16619,サワグルミ,クルミ科,exact_japanese_name,include,2026-07-11,PDF原本の寄主植物一覧（冊子p.695）で植物見出しと掲載和名を目視確認。
kamikiri-host-index-p181-l16619-species-22155,species-22155,ルリボシカミキリ,ルリボシカミキリ,日本産カミキリムシ,日本産カミキリムシ_compressed.pdf,52299895c14c1fd1c74279dca00f6fd9ba64d36d69e3bf3dd9c3a29a92802e77,efb17b5912fbb2c144dab4d99924dbc341e8f64054be7909dd7818cad155bef2,181,695,16619,サワグルミ,クルミ科,exact_japanese_name,include,2026-07-11,PDF原本の寄主植物一覧（冊子p.695）で植物見出しと掲載和名を目視確認。
kamikiri-host-index-p181-l16619-species-22186,species-22186,テツイロハナカミキリ,テツイロハナカミキリ,日本産カミキリムシ,日本産カミキリムシ_compressed.pdf,52299895c14c1fd1c74279dca00f6fd9ba64d36d69e3bf3dd9c3a29a92802e77,efb17b5912fbb2c144dab4d99924dbc341e8f64054be7909dd7818cad155bef2,181,695,16619,サワグルミ,クルミ科,exact_japanese_name,include,2026-07-11,PDF原本の寄主植物一覧（冊子p.695）で植物見出しと掲載和名を目視確認。
kamikiri-host-index-p181-l16619-species-22463,species-22463,サビカミキリ,サビカミキリ,日本産カミキリムシ,日本産カミキリムシ_compressed.pdf,52299895c14c1fd1c74279dca00f6fd9ba64d36d69e3bf3dd9c3a29a92802e77,efb17b5912fbb2c144dab4d99924dbc341e8f64054be7909dd7818cad155bef2,181,695,16619,サワグルミ,クルミ科,exact_japanese_name,include,2026-07-11,PDF原本の寄主植物一覧（冊子p.695）で植物見出しと掲載和名を目視確認。
kamikiri-host-index-p181-l16619-species-22498,species-22498,ゴマダラモモブトカミキリ,ゴマダラモモブトカミキリ,日本産カミキリムシ,日本産カミキリムシ_compressed.pdf,52299895c14c1fd1c74279dca00f6fd9ba64d36d69e3bf3dd9c3a29a92802e77,efb17b5912fbb2c144dab4d99924dbc341e8f64054be7909dd7818cad155bef2,181,695,16619,サワグルミ,クルミ科,exact_japanese_name,include,2026-07-11,PDF原本の寄主植物一覧（冊子p.695）で植物見出しと掲載和名を目視確認。
kamikiri-host-index-p181-l16619-species-22515,species-22515,トゲバカミキリ,トゲバカミキリ,日本産カミキリムシ,日本産カミキリムシ_compressed.pdf,52299895c14c1fd1c74279dca00f6fd9ba64d36d69e3bf3dd9c3a29a92802e77,efb17b5912fbb2c144dab4d99924dbc341e8f64054be7909dd7818cad155bef2,181,695,16619,サワグルミ,クルミ科,exact_japanese_name,include,2026-07-11,PDF原本の寄主植物一覧（冊子p.695）で植物見出しと掲載和名を目視確認。
KDB175183-0086,species-22569,シナノクロフカミキリ 基亜種,シナノクロフカミキリ,日本産カミキリムシ,日本産カミキリムシ_compressed.pdf,52299895c14c1fd1c74279dca00f6fd9ba64d36d69e3bf3dd9c3a29a92802e77,efb17b5912fbb2c144dab4d99924dbc341e8f64054be7909dd7818cad155bef2,181,695,16619,サワグルミ,クルミ科,exact_derived_base_name,needs_review,2026-07-11,索引画像で「シナノクロフカミキリ Asaperda agapanthina」を確認。種解説（冊子p.526-528）と現行同種群を照合したが、種解説は Asaperda agapanthina 内の地域型を一括し、索引も二名法だけで産地を示さない。現行CSVの四国・御蔵島・九州亜種との切り分けができず基亜種へ配分不能。
kamikiri-host-index-p181-l16619-species-22641,species-22641,ヒトオビチビカミキリ,ヒトオビチビカミキリ,日本産カミキリムシ,日本産カミキリムシ_compressed.pdf,52299895c14c1fd1c74279dca00f6fd9ba64d36d69e3bf3dd9c3a29a92802e77,efb17b5912fbb2c144dab4d99924dbc341e8f64054be7909dd7818cad155bef2,181,695,16619,サワグルミ,クルミ科,reviewed_source_crosswalk,include,2026-07-11,PDF原本の寄主植物一覧（冊子p.695）で植物見出しと掲載和名を目視確認。
kamikiri-host-index-p181-l16619-species-22642,species-22642,シロオビチビカミキリ 基亜種,シロオビチビカミキリ,日本産カミキリムシ,日本産カミキリムシ_compressed.pdf,52299895c14c1fd1c74279dca00f6fd9ba64d36d69e3bf3dd9c3a29a92802e77,efb17b5912fbb2c144dab4d99924dbc341e8f64054be7909dd7818cad155bef2,181,695,16619,サワグルミ,クルミ科,reviewed_source_crosswalk,include,2026-07-11,PDF原本の寄主植物一覧（冊子p.695）で植物見出しと掲載和名を目視確認。
kamikiri-host-index-p181-l16619-species-22650,species-22650,クワカミキリ,クワカミキリ,日本産カミキリムシ,日本産カミキリムシ_compressed.pdf,52299895c14c1fd1c74279dca00f6fd9ba64d36d69e3bf3dd9c3a29a92802e77,efb17b5912fbb2c144dab4d99924dbc341e8f64054be7909dd7818cad155bef2,181,695,16619,サワグルミ,クルミ科,exact_japanese_name,include,2026-07-11,PDF原本の寄主植物一覧（冊子p.695）で植物見出しと掲載和名を目視確認。
kamikiri-host-index-p181-l16619-species-22661,species-22661,フタオビアラゲカミキリ,フタオビアラゲカミキリ,日本産カミキリムシ,日本産カミキリムシ_compressed.pdf,52299895c14c1fd1c74279dca00f6fd9ba64d36d69e3bf3dd9c3a29a92802e77,efb17b5912fbb2c144dab4d99924dbc341e8f64054be7909dd7818cad155bef2,181,695,16619,サワグルミ,クルミ科,exact_japanese_name,include,2026-07-11,PDF原本の寄主植物一覧（冊子p.695）で植物見出しと掲載和名を目視確認。
kamikiri-host-index-p181-l16619-species-22664,species-22664,ジュウジクロカミキリ,ジュウジクロカミキリ,日本産カミキリムシ,日本産カミキリムシ_compressed.pdf,52299895c14c1fd1c74279dca00f6fd9ba64d36d69e3bf3dd9c3a29a92802e77,efb17b5912fbb2c144dab4d99924dbc341e8f64054be7909dd7818cad155bef2,181,695,16619,サワグルミ,クルミ科,exact_japanese_name,include,2026-07-11,PDF原本の寄主植物一覧（冊子p.695）で植物見出しと掲載和名を目視確認。
kamikiri-host-index-p181-l16619-species-22699,species-22699,フタモンアラゲカミキリ,フタモンアラゲカミキリ,日本産カミキリムシ,日本産カミキリムシ_compressed.pdf,52299895c14c1fd1c74279dca00f6fd9ba64d36d69e3bf3dd9c3a29a92802e77,efb17b5912fbb2c144dab4d99924dbc341e8f64054be7909dd7818cad155bef2,181,695,16619,サワグルミ,クルミ科,exact_japanese_name,include,2026-07-11,PDF原本の寄主植物一覧（冊子p.695）で植物見出しと掲載和名を目視確認。
kamikiri-host-index-p181-l16619-species-22700,species-22700,ヒトオビアラゲカミキリ,ヒトオビアラゲカミキリ,日本産カミキリムシ,日本産カミキリムシ_compressed.pdf,52299895c14c1fd1c74279dca00f6fd9ba64d36d69e3bf3dd9c3a29a92802e77,efb17b5912fbb2c144dab4d99924dbc341e8f64054be7909dd7818cad155bef2,181,695,16619,サワグルミ,クルミ科,exact_japanese_name,include,2026-07-11,PDF原本の寄主植物一覧（冊子p.695）で植物見出しと掲載和名を目視確認。
kamikiri-host-index-p181-l16619-species-22710,species-22710,タカサゴシロカミキリ,タカサゴシロカミキリ,日本産カミキリムシ,日本産カミキリムシ_compressed.pdf,52299895c14c1fd1c74279dca00f6fd9ba64d36d69e3bf3dd9c3a29a92802e77,efb17b5912fbb2c144dab4d99924dbc341e8f64054be7909dd7818cad155bef2,181,695,16619,サワグルミ,クルミ科,exact_japanese_name,include,2026-07-11,PDF原本の寄主植物一覧（冊子p.695）で植物見出しと掲載和名を目視確認。
KDB175183-0087,species-22735,ビロウドカミキリ 基亜種,ビロウドカミキリ,日本産カミキリムシ,日本産カミキリムシ_compressed.pdf,52299895c14c1fd1c74279dca00f6fd9ba64d36d69e3bf3dd9c3a29a92802e77,efb17b5912fbb2c144dab4d99924dbc341e8f64054be7909dd7818cad155bef2,181,695,16619,サワグルミ,クルミ科,exact_derived_base_name,include,2026-07-11,索引画像で「ビロウドカミキリ Acalolepta fraudatrix fraudatrix」を確認。種解説（冊子p.588-589）と現行同種群を照合し、名義亜種または原典で別名の近縁群から区別された当該分類群として現行IDへ帰属可能。
KDB175183-0088,species-22755,ニセビロウドカミキリ 基亜種,ニセビロウドカミキリ,日本産カミキリムシ,日本産カミキリムシ_compressed.pdf,52299895c14c1fd1c74279dca00f6fd9ba64d36d69e3bf3dd9c3a29a92802e77,efb17b5912fbb2c144dab4d99924dbc341e8f64054be7909dd7818cad155bef2,181,695,16619,サワグルミ,クルミ科,exact_derived_base_name,include,2026-07-11,索引画像で「ニセビロウドカミキリ Acalolepta sejuncta sejuncta」を確認。種解説（冊子p.592-593）と現行同種群を照合し、名義亜種または原典で別名の近縁群から区別された当該分類群として現行IDへ帰属可能。
kamikiri-host-index-p181-l16619-species-22796,species-22796,クリイロシラホシカミキリ,クリイロシラホシカミキリ,日本産カミキリムシ,日本産カミキリムシ_compressed.pdf,52299895c14c1fd1c74279dca00f6fd9ba64d36d69e3bf3dd9c3a29a92802e77,efb17b5912fbb2c144dab4d99924dbc341e8f64054be7909dd7818cad155bef2,181,695,16619,サワグルミ,クルミ科,exact_japanese_name,include,2026-07-11,PDF原本の寄主植物一覧（冊子p.695）で植物見出しと掲載和名を目視確認。
kamikiri-host-index-p181-l16619-species-22862,species-22862,シロオビゴマフカミキリ,シロオビゴマフカミキリ,日本産カミキリムシ,日本産カミキリムシ_compressed.pdf,52299895c14c1fd1c74279dca00f6fd9ba64d36d69e3bf3dd9c3a29a92802e77,efb17b5912fbb2c144dab4d99924dbc341e8f64054be7909dd7818cad155bef2,181,695,16619,サワグルミ,クルミ科,exact_japanese_name,include,2026-07-11,PDF原本の寄主植物一覧（冊子p.695）で植物見出しと掲載和名を目視確認。
kamikiri-host-index-p181-l16619-species-22871,species-22871,ゴマフカミキリ,ゴマフカミキリ,日本産カミキリムシ,日本産カミキリムシ_compressed.pdf,52299895c14c1fd1c74279dca00f6fd9ba64d36d69e3bf3dd9c3a29a92802e77,efb17b5912fbb2c144dab4d99924dbc341e8f64054be7909dd7818cad155bef2,181,695,16619,サワグルミ,クルミ科,exact_japanese_name,include,2026-07-11,PDF原本の寄主植物一覧（冊子p.695）で植物見出しと掲載和名を目視確認。
KDB175183-0085,species-22890,カタシロゴマフカミキリ 基亜種,カタシロゴマフカミキリ,日本産カミキリムシ,日本産カミキリムシ_compressed.pdf,52299895c14c1fd1c74279dca00f6fd9ba64d36d69e3bf3dd9c3a29a92802e77,efb17b5912fbb2c144dab4d99924dbc341e8f64054be7909dd7818cad155bef2,181,695,16619,サワグルミ,クルミ科,exact_derived_base_name,include,2026-07-11,索引画像で「カタシロゴマフカミキリ Mesosa hirsuta hirsuta」を確認。種解説（冊子p.520-521）と現行同種群を照合し、名義亜種または原典で別名の近縁群から区別された当該分類群として現行IDへ帰属可能。
kamikiri-host-index-p181-l16619-species-22910,species-22910,クモガタケシカミキリ,クモガタケシカミキリ,日本産カミキリムシ,日本産カミキリムシ_compressed.pdf,52299895c14c1fd1c74279dca00f6fd9ba64d36d69e3bf3dd9c3a29a92802e77,efb17b5912fbb2c144dab4d99924dbc341e8f64054be7909dd7818cad155bef2,181,695,16619,サワグルミ,クルミ科,exact_japanese_name,include,2026-07-11,PDF原本の寄主植物一覧（冊子p.695）で植物見出しと掲載和名を目視確認。
kamikiri-host-index-p181-l16619-species-22913,species-22913,シラオビゴマフケシカミキリ,シラオビゴマフケシカミキリ,日本産カミキリムシ,日本産カミキリムシ_compressed.pdf,52299895c14c1fd1c74279dca00f6fd9ba64d36d69e3bf3dd9c3a29a92802e77,efb17b5912fbb2c144dab4d99924dbc341e8f64054be7909dd7818cad155bef2,181,695,16619,サワグルミ,クルミ科,exact_japanese_name,include,2026-07-11,PDF原本の寄主植物一覧（冊子p.695）で植物見出しと掲載和名を目視確認。
kamikiri-host-index-p181-l16619-species-22927,species-22927,キッコウモンケシカミキリ,キッコウモンケシカミキリ,日本産カミキリムシ,日本産カミキリムシ_compressed.pdf,52299895c14c1fd1c74279dca00f6fd9ba64d36d69e3bf3dd9c3a29a92802e77,efb17b5912fbb2c144dab4d99924dbc341e8f64054be7909dd7818cad155bef2,181,695,16619,サワグルミ,クルミ科,exact_japanese_name,include,2026-07-11,PDF原本の寄主植物一覧（冊子p.695）で植物見出しと掲載和名を目視確認。
kamikiri-host-index-p181-l16619-species-22941,species-22941,クワサビカミキリ,クワサビカミキリ,日本産カミキリムシ,日本産カミキリムシ_compressed.pdf,52299895c14c1fd1c74279dca00f6fd9ba64d36d69e3bf3dd9c3a29a92802e77,efb17b5912fbb2c144dab4d99924dbc341e8f64054be7909dd7818cad155bef2,181,695,16619,サワグルミ,クルミ科,exact_japanese_name,include,2026-07-11,PDF原本の寄主植物一覧（冊子p.695）で植物見出しと掲載和名を目視確認。
kamikiri-host-index-p181-l16619-species-22965,species-22965,アトモンサビカミキリ,アトモンサビカミキリ,日本産カミキリムシ,日本産カミキリムシ_compressed.pdf,52299895c14c1fd1c74279dca00f6fd9ba64d36d69e3bf3dd9c3a29a92802e77,efb17b5912fbb2c144dab4d99924dbc341e8f64054be7909dd7818cad155bef2,181,695,16619,サワグルミ,クルミ科,exact_japanese_name,include,2026-07-11,PDF原本の寄主植物一覧（冊子p.695）で植物見出しと掲載和名を目視確認。
kamikiri-host-index-p181-l16619-species-22969,species-22969,ヒメナガサビカミキリ,ヒメナガサビカミキリ,日本産カミキリムシ,日本産カミキリムシ_compressed.pdf,52299895c14c1fd1c74279dca00f6fd9ba64d36d69e3bf3dd9c3a29a92802e77,efb17b5912fbb2c144dab4d99924dbc341e8f64054be7909dd7818cad155bef2,181,695,16619,サワグルミ,クルミ科,exact_japanese_name,include,2026-07-11,PDF原本の寄主植物一覧（冊子p.695）で植物見出しと掲載和名を目視確認。
kamikiri-host-index-p181-l16619-species-22970,species-22970,エゾサビカミキリ,エゾサビカミキリ,日本産カミキリムシ,日本産カミキリムシ_compressed.pdf,52299895c14c1fd1c74279dca00f6fd9ba64d36d69e3bf3dd9c3a29a92802e77,efb17b5912fbb2c144dab4d99924dbc341e8f64054be7909dd7818cad155bef2,181,695,16619,サワグルミ,クルミ科,exact_japanese_name,include,2026-07-11,PDF原本の寄主植物一覧（冊子p.695）で植物見出しと掲載和名を目視確認。
kamikiri-host-index-p181-l16619-species-22972,species-22972,アトジロサビカミキリ,アトジロサビカミキリ,日本産カミキリムシ,日本産カミキリムシ_compressed.pdf,52299895c14c1fd1c74279dca00f6fd9ba64d36d69e3bf3dd9c3a29a92802e77,efb17b5912fbb2c144dab4d99924dbc341e8f64054be7909dd7818cad155bef2,181,695,16619,サワグルミ,クルミ科,exact_japanese_name,include,2026-07-11,PDF原本の寄主植物一覧（冊子p.695）で植物見出しと掲載和名を目視確認。
kamikiri-host-index-p181-l16619-species-22986,species-22986,クロニセリンゴカミキリ,クロニセリンゴカミキリ,日本産カミキリムシ,日本産カミキリムシ_compressed.pdf,52299895c14c1fd1c74279dca00f6fd9ba64d36d69e3bf3dd9c3a29a92802e77,efb17b5912fbb2c144dab4d99924dbc341e8f64054be7909dd7818cad155bef2,181,695,16619,サワグルミ,クルミ科,exact_japanese_name,include,2026-07-11,PDF原本の寄主植物一覧（冊子p.695）で植物見出しと掲載和名を目視確認。
KDB175183-0089,species-22988,ハンノアオカミキリ 基亜種,ハンノアオカミキリ,日本産カミキリムシ,日本産カミキリムシ_compressed.pdf,52299895c14c1fd1c74279dca00f6fd9ba64d36d69e3bf3dd9c3a29a92802e77,efb17b5912fbb2c144dab4d99924dbc341e8f64054be7909dd7818cad155bef2,181,695,16619,サワグルミ,クルミ科,exact_derived_base_name,include,2026-07-11,索引画像で「ハンノアオカミキリ Eutetrapha chrysochloris chrysochloris」を確認。種解説（冊子p.654-655）と現行同種群を照合し、名義亜種または原典で別名の近縁群から区別された当該分類群として現行IDへ帰属可能。
KDB175183-0090,species-23007,シラホシカミキリ 基亜種,シラホシカミキリ,日本産カミキリムシ,日本産カミキリムシ_compressed.pdf,52299895c14c1fd1c74279dca00f6fd9ba64d36d69e3bf3dd9c3a29a92802e77,efb17b5912fbb2c144dab4d99924dbc341e8f64054be7909dd7818cad155bef2,181,695,16619,サワグルミ,クルミ科,exact_derived_base_name,include,2026-07-11,索引画像で「シラホシカミキリ Glenea relicta relicta」を確認。種解説（冊子p.662-663）と現行同種群を照合し、名義亜種または原典で別名の近縁群から区別された当該分類群として現行IDへ帰属可能。
kamikiri-host-index-p181-l16619-species-23012,species-23012,オニグルミノキモンカミキリ,オニグルミノキモンカミキリ,日本産カミキリムシ,日本産カミキリムシ_compressed.pdf,52299895c14c1fd1c74279dca00f6fd9ba64d36d69e3bf3dd9c3a29a92802e77,efb17b5912fbb2c144dab4d99924dbc341e8f64054be7909dd7818cad155bef2,181,695,16619,サワグルミ,クルミ科,exact_japanese_name,include,2026-07-11,PDF原本の寄主植物一覧（冊子p.695）で植物見出しと掲載和名を目視確認。
kamikiri-host-index-p181-l16619-species-23013,species-23013,キモンカミキリ,キモンカミキリ,日本産カミキリムシ,日本産カミキリムシ_compressed.pdf,52299895c14c1fd1c74279dca00f6fd9ba64d36d69e3bf3dd9c3a29a92802e77,efb17b5912fbb2c144dab4d99924dbc341e8f64054be7909dd7818cad155bef2,181,695,16619,サワグルミ,クルミ科,exact_japanese_name,include,2026-07-11,PDF原本の寄主植物一覧（冊子p.695）で植物見出しと掲載和名を目視確認。
KDB175183-0091,species-23014,チチブニセリンゴカミキリ 基亜種,チチブニセリンゴカミキリ,日本産カミキリムシ,日本産カミキリムシ_compressed.pdf,52299895c14c1fd1c74279dca00f6fd9ba64d36d69e3bf3dd9c3a29a92802e77,efb17b5912fbb2c144dab4d99924dbc341e8f64054be7909dd7818cad155bef2,181,695,16619,サワグルミ,クルミ科,exact_derived_base_name,include,2026-07-11,索引画像で「チチブニセリンゴカミキリ Niponostenostola niponensis niponensis」を確認。種解説（冊子p.666-667）と現行同種群を照合し、名義亜種または原典で別名の近縁群から区別された当該分類群として現行IDへ帰属可能。
kamikiri-host-index-p181-l16619-species-23018,species-23018,コジマベニスジカミキリ,コジマベニスジカミキリ,日本産カミキリムシ,日本産カミキリムシ_compressed.pdf,52299895c14c1fd1c74279dca00f6fd9ba64d36d69e3bf3dd9c3a29a92802e77,efb17b5912fbb2c144dab4d99924dbc341e8f64054be7909dd7818cad155bef2,181,695,16619,サワグルミ,クルミ科,exact_japanese_name,include,2026-07-11,PDF原本の寄主植物一覧（冊子p.695）で植物見出しと掲載和名を目視確認。
kamikiri-host-index-p181-l16619-species-23042,species-23042,カスガキモンカミキリ,カスガキモンカミキリ,日本産カミキリムシ,日本産カミキリムシ_compressed.pdf,52299895c14c1fd1c74279dca00f6fd9ba64d36d69e3bf3dd9c3a29a92802e77,efb17b5912fbb2c144dab4d99924dbc341e8f64054be7909dd7818cad155bef2,181,695,16619,サワグルミ,クルミ科,exact_japanese_name,include,2026-07-11,PDF原本の寄主植物一覧（冊子p.695）で植物見出しと掲載和名を目視確認。
kamikiri-host-index-p181-l16619-species-23061,species-23061,ブロイニングカミキリ,ブロイニングカミキリ,日本産カミキリムシ,日本産カミキリムシ_compressed.pdf,52299895c14c1fd1c74279dca00f6fd9ba64d36d69e3bf3dd9c3a29a92802e77,efb17b5912fbb2c144dab4d99924dbc341e8f64054be7909dd7818cad155bef2,181,695,16619,サワグルミ,クルミ科,exact_japanese_name,include,2026-07-11,PDF原本の寄主植物一覧（冊子p.695）で植物見出しと掲載和名を目視確認。
kamikiri-host-index-p181-l16663-species-21898,species-21898,クロヒラタカミキリ,クロヒラタカミキリ,日本産カミキリムシ,日本産カミキリムシ_compressed.pdf,52299895c14c1fd1c74279dca00f6fd9ba64d36d69e3bf3dd9c3a29a92802e77,efb17b5912fbb2c144dab4d99924dbc341e8f64054be7909dd7818cad155bef2,181,695,16663,クルミ類,クルミ科,exact_japanese_name,include,2026-07-11,OCR誤読「クルミ数」をPDF見出し「クルミ類」へ訂正。掲載和名も同植物欄で目視確認。
kamikiri-host-index-p181-l16663-species-21976,species-21976,キスジトラカミキリ,キスジトラカミキリ,日本産カミキリムシ,日本産カミキリムシ_compressed.pdf,52299895c14c1fd1c74279dca00f6fd9ba64d36d69e3bf3dd9c3a29a92802e77,efb17b5912fbb2c144dab4d99924dbc341e8f64054be7909dd7818cad155bef2,181,695,16663,クルミ類,クルミ科,exact_japanese_name,include,2026-07-11,OCR誤読「クルミ数」をPDF見出し「クルミ類」へ訂正。掲載和名も同植物欄で目視確認。
kamikiri-host-index-p181-l16663-species-21988,species-21988,エグリトラカミキリ,エグリトラカミキリ,日本産カミキリムシ,日本産カミキリムシ_compressed.pdf,52299895c14c1fd1c74279dca00f6fd9ba64d36d69e3bf3dd9c3a29a92802e77,efb17b5912fbb2c144dab4d99924dbc341e8f64054be7909dd7818cad155bef2,181,695,16663,クルミ類,クルミ科,exact_japanese_name,include,2026-07-11,OCR誤読「クルミ数」をPDF見出し「クルミ類」へ訂正。掲載和名も同植物欄で目視確認。
kamikiri-host-index-p181-l16663-species-22093,species-22093,コジマヒゲナガコバネカミキリ,コジマヒゲナガコバネカミキリ,日本産カミキリムシ,日本産カミキリムシ_compressed.pdf,52299895c14c1fd1c74279dca00f6fd9ba64d36d69e3bf3dd9c3a29a92802e77,efb17b5912fbb2c144dab4d99924dbc341e8f64054be7909dd7818cad155bef2,181,695,16663,クルミ類,クルミ科,exact_japanese_name,include,2026-07-11,OCR誤読「クルミ数」をPDF見出し「クルミ類」へ訂正。掲載和名も同植物欄で目視確認。
kamikiri-host-index-p181-l16663-species-22185,species-22185,カラカネハナカミキリ,カラカネハナカミキリ,日本産カミキリムシ,日本産カミキリムシ_compressed.pdf,52299895c14c1fd1c74279dca00f6fd9ba64d36d69e3bf3dd9c3a29a92802e77,efb17b5912fbb2c144dab4d99924dbc341e8f64054be7909dd7818cad155bef2,181,695,16663,クルミ類,クルミ科,exact_japanese_name,include,2026-07-11,OCR誤読「クルミ数」をPDF見出し「クルミ類」へ訂正。掲載和名も同植物欄で目視確認。
KDB175183-0094,species-22569,シナノクロフカミキリ 基亜種,シナノクロフカミキリ,日本産カミキリムシ,日本産カミキリムシ_compressed.pdf,52299895c14c1fd1c74279dca00f6fd9ba64d36d69e3bf3dd9c3a29a92802e77,efb17b5912fbb2c144dab4d99924dbc341e8f64054be7909dd7818cad155bef2,181,695,16663,クルミ類,クルミ科,exact_derived_base_name,needs_review,2026-07-11,索引画像で「シナノクロフカミキリ Asaperda agapanthina」を確認。種解説（冊子p.526-528）と現行同種群を照合したが、種解説は Asaperda agapanthina 内の地域型を一括し、索引も二名法だけで産地を示さない。現行CSVの四国・御蔵島・九州亜種との切り分けができず基亜種へ配分不能。 植物見出しOCR「クルミ数」を画像から「クルミ類」に補正。
kamikiri-host-index-p181-l16663-species-22583,species-22583,コブスジサビカミキリ,コブスジサビカミキリ,日本産カミキリムシ,日本産カミキリムシ_compressed.pdf,52299895c14c1fd1c74279dca00f6fd9ba64d36d69e3bf3dd9c3a29a92802e77,efb17b5912fbb2c144dab4d99924dbc341e8f64054be7909dd7818cad155bef2,181,695,16663,クルミ類,クルミ科,exact_japanese_name,include,2026-07-11,OCR誤読「クルミ数」をPDF見出し「クルミ類」へ訂正。掲載和名も同植物欄で目視確認。
kamikiri-host-index-p181-l16663-species-22650,species-22650,クワカミキリ,クワカミキリ,日本産カミキリムシ,日本産カミキリムシ_compressed.pdf,52299895c14c1fd1c74279dca00f6fd9ba64d36d69e3bf3dd9c3a29a92802e77,efb17b5912fbb2c144dab4d99924dbc341e8f64054be7909dd7818cad155bef2,181,695,16663,クルミ類,クルミ科,exact_japanese_name,include,2026-07-11,OCR誤読「クルミ数」をPDF見出し「クルミ類」へ訂正。掲載和名も同植物欄で目視確認。
kamikiri-host-index-p181-l16663-species-22654,species-22654,シロスジカミキリ,シロスジカミキリ,日本産カミキリムシ,日本産カミキリムシ_compressed.pdf,52299895c14c1fd1c74279dca00f6fd9ba64d36d69e3bf3dd9c3a29a92802e77,efb17b5912fbb2c144dab4d99924dbc341e8f64054be7909dd7818cad155bef2,181,695,16663,クルミ類,クルミ科,exact_japanese_name,include,2026-07-11,OCR誤読「クルミ数」をPDF見出し「クルミ類」へ訂正。掲載和名も同植物欄で目視確認。
KDB175183-0096,species-22735,ビロウドカミキリ 基亜種,ビロウドカミキリ,日本産カミキリムシ,日本産カミキリムシ_compressed.pdf,52299895c14c1fd1c74279dca00f6fd9ba64d36d69e3bf3dd9c3a29a92802e77,efb17b5912fbb2c144dab4d99924dbc341e8f64054be7909dd7818cad155bef2,181,695,16663,クルミ類,クルミ科,exact_derived_base_name,include,2026-07-11,索引画像で「ビロウドカミキリ Acalolepta fraudatrix fraudatrix」を確認。種解説（冊子p.588-589）と現行同種群を照合し、名義亜種または原典で別名の近縁群から区別された当該分類群として現行IDへ帰属可能。 植物見出しOCR「クルミ数」を画像から「クルミ類」に補正。
kamikiri-host-index-p181-l16663-species-22764,species-22764,ゴマダラカミキリ,ゴマダラカミキリ,日本産カミキリムシ,日本産カミキリムシ_compressed.pdf,52299895c14c1fd1c74279dca00f6fd9ba64d36d69e3bf3dd9c3a29a92802e77,efb17b5912fbb2c144dab4d99924dbc341e8f64054be7909dd7818cad155bef2,181,695,16663,クルミ類,クルミ科,exact_japanese_name,include,2026-07-11,OCR誤読「クルミ数」をPDF見出し「クルミ類」へ訂正。掲載和名も同植物欄で目視確認。
KDB175183-0095,species-22786,ヒメヒゲナガカミキリ 基亜種,ヒメヒゲナガカミキリ,日本産カミキリムシ,日本産カミキリムシ_compressed.pdf,52299895c14c1fd1c74279dca00f6fd9ba64d36d69e3bf3dd9c3a29a92802e77,efb17b5912fbb2c144dab4d99924dbc341e8f64054be7909dd7818cad155bef2,181,695,16663,クルミ類,クルミ科,exact_derived_base_name,include,2026-07-11,索引画像で「ヒメヒゲナガカミキリ Monochamus subfasciatus subfasciatus」を確認。種解説（冊子p.580-581）と現行同種群を照合し、名義亜種または原典で別名の近縁群から区別された当該分類群として現行IDへ帰属可能。 植物見出しOCR「クルミ数」を画像から「クルミ類」に補正。
KDB175183-0093,species-22868,フタスジゴマフカミキリ 基亜種,フタスジゴマフカミキリ,日本産カミキリムシ,日本産カミキリムシ_compressed.pdf,52299895c14c1fd1c74279dca00f6fd9ba64d36d69e3bf3dd9c3a29a92802e77,efb17b5912fbb2c144dab4d99924dbc341e8f64054be7909dd7818cad155bef2,181,695,16663,クルミ類,クルミ科,exact_derived_base_name,include,2026-07-11,索引画像で「フタスジゴマフカミキリ Mesosa cribrata」を確認。種解説（冊子p.520-522）と現行同種群を照合し、名義亜種または原典で別名の近縁群から区別された当該分類群として現行IDへ帰属可能。 植物見出しOCR「クルミ数」を画像から「クルミ類」に補正。
kamikiri-host-index-p181-l16663-species-22871,species-22871,ゴマフカミキリ,ゴマフカミキリ,日本産カミキリムシ,日本産カミキリムシ_compressed.pdf,52299895c14c1fd1c74279dca00f6fd9ba64d36d69e3bf3dd9c3a29a92802e77,efb17b5912fbb2c144dab4d99924dbc341e8f64054be7909dd7818cad155bef2,181,695,16663,クルミ類,クルミ科,exact_japanese_name,include,2026-07-11,OCR誤読「クルミ数」をPDF見出し「クルミ類」へ訂正。掲載和名も同植物欄で目視確認。
KDB175183-0092,species-22890,カタシロゴマフカミキリ 基亜種,カタシロゴマフカミキリ,日本産カミキリムシ,日本産カミキリムシ_compressed.pdf,52299895c14c1fd1c74279dca00f6fd9ba64d36d69e3bf3dd9c3a29a92802e77,efb17b5912fbb2c144dab4d99924dbc341e8f64054be7909dd7818cad155bef2,181,695,16663,クルミ類,クルミ科,exact_derived_base_name,include,2026-07-11,索引画像で「カタシロゴマフカミキリ Mesosa hirsuta hirsuta」を確認。種解説（冊子p.520-521）と現行同種群を照合し、名義亜種または原典で別名の近縁群から区別された当該分類群として現行IDへ帰属可能。 植物見出しOCR「クルミ数」を画像から「クルミ類」に補正。
KDB175183-0097,species-22988,ハンノアオカミキリ 基亜種,ハンノアオカミキリ,日本産カミキリムシ,日本産カミキリムシ_compressed.pdf,52299895c14c1fd1c74279dca00f6fd9ba64d36d69e3bf3dd9c3a29a92802e77,efb17b5912fbb2c144dab4d99924dbc341e8f64054be7909dd7818cad155bef2,181,695,16663,クルミ類,クルミ科,exact_derived_base_name,include,2026-07-11,索引画像で「ハンノアオカミキリ Eutetrapha chrysochloris chrysochloris」を確認。種解説（冊子p.654-655）と現行同種群を照合し、名義亜種または原典で別名の近縁群から区別された当該分類群として現行IDへ帰属可能。 植物見出しOCR「クルミ数」を画像から「クルミ類」に補正。
kamikiri-host-index-p181-l16663-species-23011,species-23011,クロキモンカミキリ,クロキモンカミキリ,日本産カミキリムシ,日本産カミキリムシ_compressed.pdf,52299895c14c1fd1c74279dca00f6fd9ba64d36d69e3bf3dd9c3a29a92802e77,efb17b5912fbb2c144dab4d99924dbc341e8f64054be7909dd7818cad155bef2,181,695,16663,クルミ類,クルミ科,exact_japanese_name,include,2026-07-11,OCR誤読「クルミ数」をPDF見出し「クルミ類」へ訂正。掲載和名も同植物欄で目視確認。
KDB175183-0098,1-1,ウスバカミキリ 基亜種,ウスバカミキリ,日本産カミキリムシ,日本産カミキリムシ_compressed.pdf,52299895c14c1fd1c74279dca00f6fd9ba64d36d69e3bf3dd9c3a29a92802e77,efb17b5912fbb2c144dab4d99924dbc341e8f64054be7909dd7818cad155bef2,181,695,16683,ウラジロハコヤナギ,ヤナギ科,exact_derived_base_name,needs_review,2026-07-11,索引画像で「ウスバカミキリ Megopis sinica sinica」を確認。種解説（冊子p.340-341）と現行同種群を照合したが、種解説の名義亜種範囲は奄美・沖縄個体群を含むが、現行CSVでは2018年記載の奄美沖縄亜種 adachii が分離済み。索引レコードに産地がなく現行基亜種へ配分不能。 科見出し直後にOCRで欠落した植物見出しを画像から「ウラジロハコヤナギ」と復元し、前ブロック由来の報告値「クルミ数」を修正。
KDB175183-0099,1-1,ウスバカミキリ 基亜種,ウスバカミキリ,日本産カミキリムシ,日本産カミキリムシ_compressed.pdf,52299895c14c1fd1c74279dca00f6fd9ba64d36d69e3bf3dd9c3a29a92802e77,efb17b5912fbb2c144dab4d99924dbc341e8f64054be7909dd7818cad155bef2,182,696,16690,アメリカヤマナラシ,ヤナギ科,exact_derived_base_name,needs_review,2026-07-11,索引画像で「ウスバカミキリ Megopis sinica sinica」を確認。種解説（冊子p.340-341）と現行同種群を照合したが、種解説の名義亜種範囲は奄美・沖縄個体群を含むが、現行CSVでは2018年記載の奄美沖縄亜種 adachii が分離済み。索引レコードに産地がなく現行基亜種へ配分不能。
kamikiri-host-index-p182-l16690-species-22764,species-22764,ゴマダラカミキリ,ゴマダラカミキリ,日本産カミキリムシ,日本産カミキリムシ_compressed.pdf,52299895c14c1fd1c74279dca00f6fd9ba64d36d69e3bf3dd9c3a29a92802e77,efb17b5912fbb2c144dab4d99924dbc341e8f64054be7909dd7818cad155bef2,182,696,16690,アメリカヤマナラシ,ヤナギ科,exact_japanese_name,include,2026-07-11,PDF原本の寄主植物一覧（冊子p.696）で植物見出しと掲載和名を目視確認。原典は植栽記録。
kamikiri-host-index-p182-l16693-species-22650,species-22650,クワカミキリ,クワカミキリ,日本産カミキリムシ,日本産カミキリムシ_compressed.pdf,52299895c14c1fd1c74279dca00f6fd9ba64d36d69e3bf3dd9c3a29a92802e77,efb17b5912fbb2c144dab4d99924dbc341e8f64054be7909dd7818cad155bef2,182,696,16693,アメリカクロヤマナラシ,ヤナギ科,exact_japanese_name,include,2026-07-11,PDF原本の寄主植物一覧（冊子p.696）で植物見出しと掲載和名を目視確認。原典は植栽記録。
KDB175183-0100,1-1,ウスバカミキリ 基亜種,ウスバカミキリ,日本産カミキリムシ,日本産カミキリムシ_compressed.pdf,52299895c14c1fd1c74279dca00f6fd9ba64d36d69e3bf3dd9c3a29a92802e77,efb17b5912fbb2c144dab4d99924dbc341e8f64054be7909dd7818cad155bef2,182,696,16695,ドロノキ,ヤナギ科,exact_derived_base_name,needs_review,2026-07-11,索引画像で「ウスバカミキリ Megopis sinica sinica」を確認。種解説（冊子p.340-341）と現行同種群を照合したが、種解説の名義亜種範囲は奄美・沖縄個体群を含むが、現行CSVでは2018年記載の奄美沖縄亜種 adachii が分離済み。索引レコードに産地がなく現行基亜種へ配分不能。
kamikiri-host-index-p182-l16695-species-21876,species-21876,オオアオカミキリ,オオアオカミキリ,日本産カミキリムシ,日本産カミキリムシ_compressed.pdf,52299895c14c1fd1c74279dca00f6fd9ba64d36d69e3bf3dd9c3a29a92802e77,efb17b5912fbb2c144dab4d99924dbc341e8f64054be7909dd7818cad155bef2,182,696,16695,ドロノキ,ヤナギ科,exact_japanese_name,include,2026-07-11,PDF原本の寄主植物一覧（冊子p.696）で植物見出しと掲載和名を目視確認。
kamikiri-host-index-p182-l16695-species-22033,species-22033,クワヤマトラカミキリ,クワヤマトラカミキリ,日本産カミキリムシ,日本産カミキリムシ_compressed.pdf,52299895c14c1fd1c74279dca00f6fd9ba64d36d69e3bf3dd9c3a29a92802e77,efb17b5912fbb2c144dab4d99924dbc341e8f64054be7909dd7818cad155bef2,182,696,16695,ドロノキ,ヤナギ科,exact_japanese_name,include,2026-07-11,PDF原本の寄主植物一覧（冊子p.696）で植物見出しと掲載和名を目視確認。
kamikiri-host-index-p182-l16695-species-22274,species-22274,ヒゲブトハナカミキリ,ヒゲブトハナカミキリ,日本産カミキリムシ,日本産カミキリムシ_compressed.pdf,52299895c14c1fd1c74279dca00f6fd9ba64d36d69e3bf3dd9c3a29a92802e77,efb17b5912fbb2c144dab4d99924dbc341e8f64054be7909dd7818cad155bef2,182,696,16695,ドロノキ,ヤナギ科,exact_japanese_name,include,2026-07-11,PDF原本の寄主植物一覧（冊子p.696）で植物見出しと掲載和名を目視確認。
kamikiri-host-index-p182-l16695-species-22650,species-22650,クワカミキリ,クワカミキリ,日本産カミキリムシ,日本産カミキリムシ_compressed.pdf,52299895c14c1fd1c74279dca00f6fd9ba64d36d69e3bf3dd9c3a29a92802e77,efb17b5912fbb2c144dab4d99924dbc341e8f64054be7909dd7818cad155bef2,182,696,16695,ドロノキ,ヤナギ科,exact_japanese_name,include,2026-07-11,PDF原本の寄主植物一覧（冊子p.696）で植物見出しと掲載和名を目視確認。
kamikiri-host-index-p182-l16695-species-22654,species-22654,シロスジカミキリ,シロスジカミキリ,日本産カミキリムシ,日本産カミキリムシ_compressed.pdf,52299895c14c1fd1c74279dca00f6fd9ba64d36d69e3bf3dd9c3a29a92802e77,efb17b5912fbb2c144dab4d99924dbc341e8f64054be7909dd7818cad155bef2,182,696,16695,ドロノキ,ヤナギ科,exact_japanese_name,include,2026-07-11,PDF原本の寄主植物一覧（冊子p.696）で植物見出しと掲載和名を目視確認。
kamikiri-host-index-p182-l16695-species-22764,species-22764,ゴマダラカミキリ,ゴマダラカミキリ,日本産カミキリムシ,日本産カミキリムシ_compressed.pdf,52299895c14c1fd1c74279dca00f6fd9ba64d36d69e3bf3dd9c3a29a92802e77,efb17b5912fbb2c144dab4d99924dbc341e8f64054be7909dd7818cad155bef2,182,696,16695,ドロノキ,ヤナギ科,exact_japanese_name,include,2026-07-11,PDF原本の寄主植物一覧（冊子p.696）で植物見出しと掲載和名を目視確認。
kamikiri-host-index-p182-l16695-species-22774,species-22774,エゾカミキリ,エゾカミキリ,日本産カミキリムシ,日本産カミキリムシ_compressed.pdf,52299895c14c1fd1c74279dca00f6fd9ba64d36d69e3bf3dd9c3a29a92802e77,efb17b5912fbb2c144dab4d99924dbc341e8f64054be7909dd7818cad155bef2,182,696,16695,ドロノキ,ヤナギ科,exact_japanese_name,include,2026-07-11,PDF原本の寄主植物一覧（冊子p.696）で植物見出しと掲載和名を目視確認。
KDB175183-0101,1-1,ウスバカミキリ 基亜種,ウスバカミキリ,日本産カミキリムシ,日本産カミキリムシ_compressed.pdf,52299895c14c1fd1c74279dca00f6fd9ba64d36d69e3bf3dd9c3a29a92802e77,efb17b5912fbb2c144dab4d99924dbc341e8f64054be7909dd7818cad155bef2,182,696,16707,セイヨウハコヤナギ,ヤナギ科,exact_derived_base_name,needs_review,2026-07-11,索引画像で「ウスバカミキリ Megopis sinica sinica」を確認。種解説（冊子p.340-341）と現行同種群を照合したが、種解説の名義亜種範囲は奄美・沖縄個体群を含むが、現行CSVでは2018年記載の奄美沖縄亜種 adachii が分離済み。索引レコードに産地がなく現行基亜種へ配分不能。
kamikiri-host-index-p182-l16707-species-21916,species-21916,テツイロヒメカミキリ,テツイロヒメカミキリ,日本産カミキリムシ,日本産カミキリムシ_compressed.pdf,52299895c14c1fd1c74279dca00f6fd9ba64d36d69e3bf3dd9c3a29a92802e77,efb17b5912fbb2c144dab4d99924dbc341e8f64054be7909dd7818cad155bef2,182,696,16707,セイヨウハコヤナギ,ヤナギ科,exact_japanese_name,include,2026-07-11,PDF原本の寄主植物一覧（冊子p.696）で植物見出しと掲載和名を目視確認。原典は植栽記録。
kamikiri-host-index-p182-l16707-species-21983,species-21983,トゲヒゲトラカミキリ,トゲヒゲトラカミキリ,日本産カミキリムシ,日本産カミキリムシ_compressed.pdf,52299895c14c1fd1c74279dca00f6fd9ba64d36d69e3bf3dd9c3a29a92802e77,efb17b5912fbb2c144dab4d99924dbc341e8f64054be7909dd7818cad155bef2,182,696,16707,セイヨウハコヤナギ,ヤナギ科,exact_japanese_name,include,2026-07-11,PDF原本の寄主植物一覧（冊子p.696）で植物見出しと掲載和名を目視確認。原典は植栽記録。
kamikiri-host-index-p182-l16707-species-22700,species-22700,ヒトオビアラゲカミキリ,ヒトオビアラゲカミキリ,日本産カミキリムシ,日本産カミキリムシ_compressed.pdf,52299895c14c1fd1c74279dca00f6fd9ba64d36d69e3bf3dd9c3a29a92802e77,efb17b5912fbb2c144dab4d99924dbc341e8f64054be7909dd7818cad155bef2,182,696,16707,セイヨウハコヤナギ,ヤナギ科,exact_japanese_name,include,2026-07-11,PDF原本の寄主植物一覧（冊子p.696）で植物見出しと掲載和名を目視確認。原典は植栽記録。
kamikiri-host-index-p182-l16707-species-22764,species-22764,ゴマダラカミキリ,ゴマダラカミキリ,日本産カミキリムシ,日本産カミキリムシ_compressed.pdf,52299895c14c1fd1c74279dca00f6fd9ba64d36d69e3bf3dd9c3a29a92802e77,efb17b5912fbb2c144dab4d99924dbc341e8f64054be7909dd7818cad155bef2,182,696,16707,セイヨウハコヤナギ,ヤナギ科,exact_japanese_name,include,2026-07-11,PDF原本の寄主植物一覧（冊子p.696）で植物見出しと掲載和名を目視確認。原典は植栽記録。
KDB175183-0102,1-1,ウスバカミキリ 基亜種,ウスバカミキリ,日本産カミキリムシ,日本産カミキリムシ_compressed.pdf,52299895c14c1fd1c74279dca00f6fd9ba64d36d69e3bf3dd9c3a29a92802e77,efb17b5912fbb2c144dab4d99924dbc341e8f64054be7909dd7818cad155bef2,182,696,16716,ヤマナラシ,ヤナギ科,exact_derived_base_name,needs_review,2026-07-11,索引画像で「ウスバカミキリ Megopis sinica sinica」を確認。種解説（冊子p.340-341）と現行同種群を照合したが、種解説の名義亜種範囲は奄美・沖縄個体群を含むが、現行CSVでは2018年記載の奄美沖縄亜種 adachii が分離済み。索引レコードに産地がなく現行基亜種へ配分不能。
kamikiri-host-index-p182-l16716-species-21870,species-21870,ジャコウカミキリ,ジャコウカミキリ,日本産カミキリムシ,日本産カミキリムシ_compressed.pdf,52299895c14c1fd1c74279dca00f6fd9ba64d36d69e3bf3dd9c3a29a92802e77,efb17b5912fbb2c144dab4d99924dbc341e8f64054be7909dd7818cad155bef2,182,696,16716,ヤマナラシ,ヤナギ科,exact_japanese_name,include,2026-07-11,PDF原本の寄主植物一覧（冊子p.696）で植物見出しと掲載和名を目視確認。
kamikiri-host-index-p182-l16716-species-22650,species-22650,クワカミキリ,クワカミキリ,日本産カミキリムシ,日本産カミキリムシ_compressed.pdf,52299895c14c1fd1c74279dca00f6fd9ba64d36d69e3bf3dd9c3a29a92802e77,efb17b5912fbb2c144dab4d99924dbc341e8f64054be7909dd7818cad155bef2,182,696,16716,ヤマナラシ,ヤナギ科,exact_japanese_name,include,2026-07-11,PDF原本の寄主植物一覧（冊子p.696）で植物見出しと掲載和名を目視確認。
kamikiri-host-index-p182-l16716-species-22654,species-22654,シロスジカミキリ,シロスジカミキリ,日本産カミキリムシ,日本産カミキリムシ_compressed.pdf,52299895c14c1fd1c74279dca00f6fd9ba64d36d69e3bf3dd9c3a29a92802e77,efb17b5912fbb2c144dab4d99924dbc341e8f64054be7909dd7818cad155bef2,182,696,16716,ヤマナラシ,ヤナギ科,exact_japanese_name,include,2026-07-11,PDF原本の寄主植物一覧（冊子p.696）で植物見出しと掲載和名を目視確認。
kamikiri-host-index-p182-l16716-species-22774,species-22774,エゾカミキリ,エゾカミキリ,日本産カミキリムシ,日本産カミキリムシ_compressed.pdf,52299895c14c1fd1c74279dca00f6fd9ba64d36d69e3bf3dd9c3a29a92802e77,efb17b5912fbb2c144dab4d99924dbc341e8f64054be7909dd7818cad155bef2,182,696,16716,ヤマナラシ,ヤナギ科,exact_japanese_name,include,2026-07-11,PDF原本の寄主植物一覧（冊子p.696）で植物見出しと掲載和名を目視確認。
KDB175183-0104,species-22947,ナカジロサビカミキリ 基亜種,ナカジロサビカミキリ,日本産カミキリムシ,日本産カミキリムシ_compressed.pdf,52299895c14c1fd1c74279dca00f6fd9ba64d36d69e3bf3dd9c3a29a92802e77,efb17b5912fbb2c144dab4d99924dbc341e8f64054be7909dd7818cad155bef2,182,696,16716,ヤマナラシ,ヤナギ科,exact_derived_base_name,include,2026-07-11,索引画像で「ナカジロサビカミキリ Pterolophia jugosa jugosa」を確認。種解説（冊子p.560-561）と現行同種群を照合し、名義亜種または原典で別名の近縁群から区別された当該分類群として現行IDへ帰属可能。
KDB175183-0103,species-22963,トガリシロオビサビカミキリ 基亜種,トガリシロオビサビカミキリ,日本産カミキリムシ,日本産カミキリムシ_compressed.pdf,52299895c14c1fd1c74279dca00f6fd9ba64d36d69e3bf3dd9c3a29a92802e77,efb17b5912fbb2c144dab4d99924dbc341e8f64054be7909dd7818cad155bef2,182,696,16716,ヤマナラシ,ヤナギ科,exact_derived_base_name,include,2026-07-11,索引画像で「トガリシロオビサビカミキリ Pterolophia caudata caudata」を確認。種解説（冊子p.558-559）と現行同種群を照合し、名義亜種または原典で別名の近縁群から区別された当該分類群として現行IDへ帰属可能。
kamikiri-host-index-p182-l16716-species-22969,species-22969,ヒメナガサビカミキリ,ヒメナガサビカミキリ,日本産カミキリムシ,日本産カミキリムシ_compressed.pdf,52299895c14c1fd1c74279dca00f6fd9ba64d36d69e3bf3dd9c3a29a92802e77,efb17b5912fbb2c144dab4d99924dbc341e8f64054be7909dd7818cad155bef2,182,696,16716,ヤマナラシ,ヤナギ科,exact_japanese_name,include,2026-07-11,PDF原本の寄主植物一覧（冊子p.696）で植物見出しと掲載和名を目視確認。
kamikiri-host-index-p182-l16716-species-22972,species-22972,アトジロサビカミキリ,アトジロサビカミキリ,日本産カミキリムシ,日本産カミキリムシ_compressed.pdf,52299895c14c1fd1c74279dca00f6fd9ba64d36d69e3bf3dd9c3a29a92802e77,efb17b5912fbb2c144dab4d99924dbc341e8f64054be7909dd7818cad155bef2,182,696,16716,ヤマナラシ,ヤナギ科,exact_japanese_name,include,2026-07-11,PDF原本の寄主植物一覧（冊子p.696）で植物見出しと掲載和名を目視確認。
kamikiri-host-index-p182-l16716-species-22975,species-22975,ハンノキカミキリ,ハンノキカミキリ,日本産カミキリムシ,日本産カミキリムシ_compressed.pdf,52299895c14c1fd1c74279dca00f6fd9ba64d36d69e3bf3dd9c3a29a92802e77,efb17b5912fbb2c144dab4d99924dbc341e8f64054be7909dd7818cad155bef2,182,696,16716,ヤマナラシ,ヤナギ科,exact_japanese_name,include,2026-07-11,PDF原本の寄主植物一覧（冊子p.696）で植物見出しと掲載和名を目視確認。
kamikiri-host-index-p182-l16729-species-22764,species-22764,ゴマダラカミキリ,ゴマダラカミキリ,日本産カミキリムシ,日本産カミキリムシ_compressed.pdf,52299895c14c1fd1c74279dca00f6fd9ba64d36d69e3bf3dd9c3a29a92802e77,efb17b5912fbb2c144dab4d99924dbc341e8f64054be7909dd7818cad155bef2,182,696,16729,釜渕1号ポプラ,ヤナギ科,exact_japanese_name,include,2026-07-11,OCR植物ブロック境界誤りをPDF見出し「釜渕1号ポプラ」へ訂正。掲載和名も同植物欄で目視確認。
kamikiri-host-index-p182-l16732-species-22650,species-22650,クワカミキリ,クワカミキリ,日本産カミキリムシ,日本産カミキリムシ_compressed.pdf,52299895c14c1fd1c74279dca00f6fd9ba64d36d69e3bf3dd9c3a29a92802e77,efb17b5912fbb2c144dab4d99924dbc341e8f64054be7909dd7818cad155bef2,182,696,16732,ウラジロハコヤナギとヤマナラシの交雑種,ヤナギ科,exact_japanese_name,include,2026-07-11,PDF原本の寄主植物一覧（冊子p.696）で植物見出しと掲載和名を目視確認。
kamikiri-host-index-p182-l16732-species-22764,species-22764,ゴマダラカミキリ,ゴマダラカミキリ,日本産カミキリムシ,日本産カミキリムシ_compressed.pdf,52299895c14c1fd1c74279dca00f6fd9ba64d36d69e3bf3dd9c3a29a92802e77,efb17b5912fbb2c144dab4d99924dbc341e8f64054be7909dd7818cad155bef2,182,696,16732,ウラジロハコヤナギとヤマナラシの交雑種,ヤナギ科,exact_japanese_name,include,2026-07-11,PDF原本の寄主植物一覧（冊子p.696）で植物見出しと掲載和名を目視確認。
kamikiri-host-index-p182-l16740-species-22650,species-22650,クワカミキリ,クワカミキリ,日本産カミキリムシ,日本産カミキリムシ_compressed.pdf,52299895c14c1fd1c74279dca00f6fd9ba64d36d69e3bf3dd9c3a29a92802e77,efb17b5912fbb2c144dab4d99924dbc341e8f64054be7909dd7818cad155bef2,182,696,16740,ゲルリカ種ポプラ,ヤナギ科,exact_japanese_name,include,2026-07-11,PDF原本の寄主植物一覧（冊子p.696）で植物見出しと掲載和名を目視確認。原典は植栽記録。
kamikiri-host-index-p182-l16742-species-22650,species-22650,クワカミキリ,クワカミキリ,日本産カミキリムシ,日本産カミキリムシ_compressed.pdf,52299895c14c1fd1c74279dca00f6fd9ba64d36d69e3bf3dd9c3a29a92802e77,efb17b5912fbb2c144dab4d99924dbc341e8f64054be7909dd7818cad155bef2,182,696,16742,ヤコメッチ種ポプラ,ヤナギ科,exact_japanese_name,include,2026-07-11,PDF原本の寄主植物一覧（冊子p.696）で植物見出しと掲載和名を目視確認。原典は植栽記録。
kamikiri-host-index-p182-l16744-species-22654,species-22654,シロスジカミキリ,シロスジカミキリ,日本産カミキリムシ,日本産カミキリムシ_compressed.pdf,52299895c14c1fd1c74279dca00f6fd9ba64d36d69e3bf3dd9c3a29a92802e77,efb17b5912fbb2c144dab4d99924dbc341e8f64054be7909dd7818cad155bef2,182,696,16744,ローチェスタ種ポプラ,ヤナギ科,exact_japanese_name,include,2026-07-11,PDF原本の寄主植物一覧（冊子p.696）で植物見出しと掲載和名を目視確認。原典は植栽記録。
kamikiri-host-index-p182-l16747-species-22650,species-22650,クワカミキリ,クワカミキリ,日本産カミキリムシ,日本産カミキリムシ_compressed.pdf,52299895c14c1fd1c74279dca00f6fd9ba64d36d69e3bf3dd9c3a29a92802e77,efb17b5912fbb2c144dab4d99924dbc341e8f64054be7909dd7818cad155bef2,182,697,16747,巨大ポプラ,ヤナギ科,exact_japanese_name,include,2026-07-11,PDF原本の寄主植物一覧（冊子p.697）で植物見出しと掲載和名を目視確認。原典は植栽記録。
KDB175183-0105,1-1,ウスバカミキリ 基亜種,ウスバカミキリ,日本産カミキリムシ,日本産カミキリムシ_compressed.pdf,52299895c14c1fd1c74279dca00f6fd9ba64d36d69e3bf3dd9c3a29a92802e77,efb17b5912fbb2c144dab4d99924dbc341e8f64054be7909dd7818cad155bef2,182,697,16749,ポプラ類,ヤナギ科,exact_derived_base_name,needs_review,2026-07-11,索引画像で「ウスバカミキリ Megopis sinica sinica」を確認。種解説（冊子p.340-341）と現行同種群を照合したが、種解説の名義亜種範囲は奄美・沖縄個体群を含むが、現行CSVでは2018年記載の奄美沖縄亜種 adachii が分離済み。索引レコードに産地がなく現行基亜種へ配分不能。
kamikiri-host-index-p182-l16749-species-21870,species-21870,ジャコウカミキリ,ジャコウカミキリ,日本産カミキリムシ,日本産カミキリムシ_compressed.pdf,52299895c14c1fd1c74279dca00f6fd9ba64d36d69e3bf3dd9c3a29a92802e77,efb17b5912fbb2c144dab4d99924dbc341e8f64054be7909dd7818cad155bef2,182,697,16749,ポプラ類,ヤナギ科,exact_japanese_name,include,2026-07-11,PDF原本の寄主植物一覧（冊子p.697）で植物見出しと掲載和名を目視確認。
KDB175183-0106,1-1,ウスバカミキリ 基亜種,ウスバカミキリ,日本産カミキリムシ,日本産カミキリムシ_compressed.pdf,52299895c14c1fd1c74279dca00f6fd9ba64d36d69e3bf3dd9c3a29a92802e77,efb17b5912fbb2c144dab4d99924dbc341e8f64054be7909dd7818cad155bef2,182,697,16752,シダレヤナギ,ヤナギ科,exact_derived_base_name,needs_review,2026-07-11,索引画像で「ウスバカミキリ Megopis sinica sinica」を確認。種解説（冊子p.340-341）と現行同種群を照合したが、種解説の名義亜種範囲は奄美・沖縄個体群を含むが、現行CSVでは2018年記載の奄美沖縄亜種 adachii が分離済み。索引レコードに産地がなく現行基亜種へ配分不能。
kamikiri-host-index-p182-l16752-species-21916,species-21916,テツイロヒメカミキリ,テツイロヒメカミキリ,日本産カミキリムシ,日本産カミキリムシ_compressed.pdf,52299895c14c1fd1c74279dca00f6fd9ba64d36d69e3bf3dd9c3a29a92802e77,efb17b5912fbb2c144dab4d99924dbc341e8f64054be7909dd7818cad155bef2,182,697,16752,シダレヤナギ,ヤナギ科,exact_japanese_name,include,2026-07-11,PDF原本の寄主植物一覧（冊子p.697）で植物見出しと掲載和名を目視確認。原典は植栽記録。
kamikiri-host-index-p182-l16752-species-22025,species-22025,ホソトラカミキリ,ホソトラカミキリ,日本産カミキリムシ,日本産カミキリムシ_compressed.pdf,52299895c14c1fd1c74279dca00f6fd9ba64d36d69e3bf3dd9c3a29a92802e77,efb17b5912fbb2c144dab4d99924dbc341e8f64054be7909dd7818cad155bef2,182,697,16752,シダレヤナギ,ヤナギ科,exact_japanese_name,include,2026-07-11,PDF原本の寄主植物一覧（冊子p.697）で植物見出しと掲載和名を目視確認。原典は植栽記録。
kamikiri-host-index-p182-l16752-species-22650,species-22650,クワカミキリ,クワカミキリ,日本産カミキリムシ,日本産カミキリムシ_compressed.pdf,52299895c14c1fd1c74279dca00f6fd9ba64d36d69e3bf3dd9c3a29a92802e77,efb17b5912fbb2c144dab4d99924dbc341e8f64054be7909dd7818cad155bef2,182,697,16752,シダレヤナギ,ヤナギ科,exact_japanese_name,include,2026-07-11,PDF原本の寄主植物一覧（冊子p.697）で植物見出しと掲載和名を目視確認。原典は植栽記録。
kamikiri-host-index-p182-l16752-species-22764,species-22764,ゴマダラカミキリ,ゴマダラカミキリ,日本産カミキリムシ,日本産カミキリムシ_compressed.pdf,52299895c14c1fd1c74279dca00f6fd9ba64d36d69e3bf3dd9c3a29a92802e77,efb17b5912fbb2c144dab4d99924dbc341e8f64054be7909dd7818cad155bef2,182,697,16752,シダレヤナギ,ヤナギ科,exact_japanese_name,include,2026-07-11,PDF原本の寄主植物一覧（冊子p.697）で植物見出しと掲載和名を目視確認。原典は植栽記録。
KDB175183-0107,species-21865,エゾトラカミキリ 基亜種,オクエゾトラカミキリ,日本産カミキリムシ,日本産カミキリムシ_compressed.pdf,52299895c14c1fd1c74279dca00f6fd9ba64d36d69e3bf3dd9c3a29a92802e77,efb17b5912fbb2c144dab4d99924dbc341e8f64054be7909dd7818cad155bef2,182,697,16758,バッコヤナギ,ヤナギ科,exact_derived_base_name,exclude_ocr_or_boundary,2026-07-11,索引画像は「オクエゾトラカミキリ Xylotrechus adspersus」。長い和名の末尾「エゾトラカミキリ」だけが一致した誤抽出で、Oligoenoplus rosti ではない。
kamikiri-host-index-p182-l16758-species-21870,species-21870,ジャコウカミキリ,ジャコウカミキリ,日本産カミキリムシ,日本産カミキリムシ_compressed.pdf,52299895c14c1fd1c74279dca00f6fd9ba64d36d69e3bf3dd9c3a29a92802e77,efb17b5912fbb2c144dab4d99924dbc341e8f64054be7909dd7818cad155bef2,182,697,16758,バッコヤナギ,ヤナギ科,exact_japanese_name,include,2026-07-11,PDF原本の寄主植物一覧（冊子p.697）で植物見出しと掲載和名を目視確認。
kamikiri-host-index-p182-l16758-species-22247,species-22247,キモンハナカミキリ,キモンハナカミキリ,日本産カミキリムシ,日本産カミキリムシ_compressed.pdf,52299895c14c1fd1c74279dca00f6fd9ba64d36d69e3bf3dd9c3a29a92802e77,efb17b5912fbb2c144dab4d99924dbc341e8f64054be7909dd7818cad155bef2,182,697,16758,バッコヤナギ,ヤナギ科,exact_japanese_name,include,2026-07-11,PDF原本の寄主植物一覧（冊子p.697）で植物見出しと掲載和名を目視確認。
KDB175183-0108,species-22890,カタシロゴマフカミキリ 基亜種,カタシロゴマフカミキリ,日本産カミキリムシ,日本産カミキリムシ_compressed.pdf,52299895c14c1fd1c74279dca00f6fd9ba64d36d69e3bf3dd9c3a29a92802e77,efb17b5912fbb2c144dab4d99924dbc341e8f64054be7909dd7818cad155bef2,182,697,16758,バッコヤナギ,ヤナギ科,exact_derived_base_name,include,2026-07-11,索引画像で「カタシロゴマフカミキリ Mesosa hirsuta hirsuta」を確認。種解説（冊子p.520-521）と現行同種群を照合し、名義亜種または原典で別名の近縁群から区別された当該分類群として現行IDへ帰属可能。
KDB175183-0109,species-22988,ハンノアオカミキリ 基亜種,ハンノアオカミキリ,日本産カミキリムシ,日本産カミキリムシ_compressed.pdf,52299895c14c1fd1c74279dca00f6fd9ba64d36d69e3bf3dd9c3a29a92802e77,efb17b5912fbb2c144dab4d99924dbc341e8f64054be7909dd7818cad155bef2,182,697,16758,バッコヤナギ,ヤナギ科,exact_derived_base_name,include,2026-07-11,索引画像で「ハンノアオカミキリ Eutetrapha chrysochloris chrysochloris」を確認。種解説（冊子p.654-655）と現行同種群を照合し、名義亜種または原典で別名の近縁群から区別された当該分類群として現行IDへ帰属可能。
kamikiri-host-index-p182-l16758-species-23024,species-23024,ホソキリンゴカミキリ,ホソキリンゴカミキリ,日本産カミキリムシ,日本産カミキリムシ_compressed.pdf,52299895c14c1fd1c74279dca00f6fd9ba64d36d69e3bf3dd9c3a29a92802e77,efb17b5912fbb2c144dab4d99924dbc341e8f64054be7909dd7818cad155bef2,182,697,16758,バッコヤナギ,ヤナギ科,exact_japanese_name,include,2026-07-11,PDF原本の寄主植物一覧（冊子p.697）で植物見出しと掲載和名を目視確認。
kamikiri-host-index-p182-l16758-species-23056,species-23056,トホシカミキリ,トホシカミキリ,日本産カミキリムシ,日本産カミキリムシ_compressed.pdf,52299895c14c1fd1c74279dca00f6fd9ba64d36d69e3bf3dd9c3a29a92802e77,efb17b5912fbb2c144dab4d99924dbc341e8f64054be7909dd7818cad155bef2,182,697,16758,バッコヤナギ,ヤナギ科,exact_japanese_name,include,2026-07-11,PDF原本の寄主植物一覧（冊子p.697）で植物見出しと掲載和名を目視確認。
kamikiri-host-index-p182-l16763-species-22775,species-22775,イタヤカミキリ,イタヤカミキリ,日本産カミキリムシ,日本産カミキリムシ_compressed.pdf,52299895c14c1fd1c74279dca00f6fd9ba64d36d69e3bf3dd9c3a29a92802e77,efb17b5912fbb2c144dab4d99924dbc341e8f64054be7909dd7818cad155bef2,182,697,16763,アカメヤナギ,ヤナギ科,exact_japanese_name,include,2026-07-11,PDF原本の寄主植物一覧（冊子p.697）で植物見出しと掲載和名を目視確認。
kamikiri-host-index-p182-l16765-species-22699,species-22699,フタモンアラゲカミキリ,フタモンアラゲカミキリ,日本産カミキリムシ,日本産カミキリムシ_compressed.pdf,52299895c14c1fd1c74279dca00f6fd9ba64d36d69e3bf3dd9c3a29a92802e77,efb17b5912fbb2c144dab4d99924dbc341e8f64054be7909dd7818cad155bef2,182,697,16765,カワヤナギ,ヤナギ科,exact_japanese_name,include,2026-07-11,PDF原本の寄主植物一覧（冊子p.697）で植物見出しと掲載和名を目視確認。
kamikiri-host-index-p182-l16765-species-22775,species-22775,イタヤカミキリ,イタヤカミキリ,日本産カミキリムシ,日本産カミキリムシ_compressed.pdf,52299895c14c1fd1c74279dca00f6fd9ba64d36d69e3bf3dd9c3a29a92802e77,efb17b5912fbb2c144dab4d99924dbc341e8f64054be7909dd7818cad155bef2,182,697,16765,カワヤナギ,ヤナギ科,exact_japanese_name,include,2026-07-11,PDF原本の寄主植物一覧（冊子p.697）で植物見出しと掲載和名を目視確認。
kamikiri-host-index-p182-l16765-species-22977,species-22977,ヨツキボシカミキリ,ヨツキボシカミキリ,日本産カミキリムシ,日本産カミキリムシ_compressed.pdf,52299895c14c1fd1c74279dca00f6fd9ba64d36d69e3bf3dd9c3a29a92802e77,efb17b5912fbb2c144dab4d99924dbc341e8f64054be7909dd7818cad155bef2,182,697,16765,カワヤナギ,ヤナギ科,exact_japanese_name,include,2026-07-11,PDF原本の寄主植物一覧（冊子p.697）で植物見出しと掲載和名を目視確認。
kamikiri-host-index-p182-l16765-species-23057,species-23057,キボシマダラカミキリ,キボシマダラカミキリ,日本産カミキリムシ,日本産カミキリムシ_compressed.pdf,52299895c14c1fd1c74279dca00f6fd9ba64d36d69e3bf3dd9c3a29a92802e77,efb17b5912fbb2c144dab4d99924dbc341e8f64054be7909dd7818cad155bef2,182,697,16765,カワヤナギ,ヤナギ科,reviewed_source_crosswalk,include,2026-07-11,PDF原本の寄主植物一覧（冊子p.697）で植物見出しと掲載和名を目視確認。
kamikiri-host-index-p182-l16769-species-22700,species-22700,ヒトオビアラゲカミキリ,ヒトオビアラゲカミキリ,日本産カミキリムシ,日本産カミキリムシ_compressed.pdf,52299895c14c1fd1c74279dca00f6fd9ba64d36d69e3bf3dd9c3a29a92802e77,efb17b5912fbb2c144dab4d99924dbc341e8f64054be7909dd7818cad155bef2,182,697,16769,ネコヤナギ,ヤナギ科,exact_japanese_name,include,2026-07-11,PDF原本の寄主植物一覧（冊子p.697）で植物見出しと掲載和名を目視確認。
kamikiri-host-index-p182-l16769-species-22764,species-22764,ゴマダラカミキリ,ゴマダラカミキリ,日本産カミキリムシ,日本産カミキリムシ_compressed.pdf,52299895c14c1fd1c74279dca00f6fd9ba64d36d69e3bf3dd9c3a29a92802e77,efb17b5912fbb2c144dab4d99924dbc341e8f64054be7909dd7818cad155bef2,182,697,16769,ネコヤナギ,ヤナギ科,exact_japanese_name,include,2026-07-11,PDF原本の寄主植物一覧（冊子p.697）で植物見出しと掲載和名を目視確認。
kamikiri-host-index-p182-l16769-species-22871,species-22871,ゴマフカミキリ,ゴマフカミキリ,日本産カミキリムシ,日本産カミキリムシ_compressed.pdf,52299895c14c1fd1c74279dca00f6fd9ba64d36d69e3bf3dd9c3a29a92802e77,efb17b5912fbb2c144dab4d99924dbc341e8f64054be7909dd7818cad155bef2,182,697,16769,ネコヤナギ,ヤナギ科,exact_japanese_name,include,2026-07-11,PDF原本の寄主植物一覧（冊子p.697）で植物見出しと掲載和名を目視確認。
kamikiri-host-index-p182-l16769-species-22972,species-22972,アトジロサビカミキリ,アトジロサビカミキリ,日本産カミキリムシ,日本産カミキリムシ_compressed.pdf,52299895c14c1fd1c74279dca00f6fd9ba64d36d69e3bf3dd9c3a29a92802e77,efb17b5912fbb2c144dab4d99924dbc341e8f64054be7909dd7818cad155bef2,182,697,16769,ネコヤナギ,ヤナギ科,exact_japanese_name,include,2026-07-11,PDF原本の寄主植物一覧（冊子p.697）で植物見出しと掲載和名を目視確認。
KDB175183-0110,species-22988,ハンノアオカミキリ 基亜種,ハンノアオカミキリ,日本産カミキリムシ,日本産カミキリムシ_compressed.pdf,52299895c14c1fd1c74279dca00f6fd9ba64d36d69e3bf3dd9c3a29a92802e77,efb17b5912fbb2c144dab4d99924dbc341e8f64054be7909dd7818cad155bef2,182,697,16769,ネコヤナギ,ヤナギ科,exact_derived_base_name,include,2026-07-11,索引画像で「ハンノアオカミキリ Eutetrapha chrysochloris chrysochloris」を確認。種解説（冊子p.654-655）と現行同種群を照合し、名義亜種または原典で別名の近縁群から区別された当該分類群として現行IDへ帰属可能。
kamikiri-host-index-p182-l16773-species-22764,species-22764,ゴマダラカミキリ,ゴマダラカミキリ,日本産カミキリムシ,日本産カミキリムシ_compressed.pdf,52299895c14c1fd1c74279dca00f6fd9ba64d36d69e3bf3dd9c3a29a92802e77,efb17b5912fbb2c144dab4d99924dbc341e8f64054be7909dd7818cad155bef2,182,697,16773,イヌコリヤナギ,ヤナギ科,exact_japanese_name,include,2026-07-11,PDF原本の寄主植物一覧（冊子p.697）で植物見出しと掲載和名を目視確認。
kamikiri-host-index-p182-l16773-species-22775,species-22775,イタヤカミキリ,イタヤカミキリ,日本産カミキリムシ,日本産カミキリムシ_compressed.pdf,52299895c14c1fd1c74279dca00f6fd9ba64d36d69e3bf3dd9c3a29a92802e77,efb17b5912fbb2c144dab4d99924dbc341e8f64054be7909dd7818cad155bef2,182,697,16773,イヌコリヤナギ,ヤナギ科,exact_japanese_name,include,2026-07-11,PDF原本の寄主植物一覧（冊子p.697）で植物見出しと掲載和名を目視確認。
kamikiri-host-index-p182-l16777-species-22764,species-22764,ゴマダラカミキリ,ゴマダラカミキリ,日本産カミキリムシ,日本産カミキリムシ_compressed.pdf,52299895c14c1fd1c74279dca00f6fd9ba64d36d69e3bf3dd9c3a29a92802e77,efb17b5912fbb2c144dab4d99924dbc341e8f64054be7909dd7818cad155bef2,182,697,16777,シロヤナギ,ヤナギ科,exact_japanese_name,include,2026-07-11,PDF原本の寄主植物一覧（冊子p.697）で植物見出しと掲載和名を目視確認。
kamikiri-host-index-p182-l16779-species-22775,species-22775,イタヤカミキリ,イタヤカミキリ,日本産カミキリムシ,日本産カミキリムシ_compressed.pdf,52299895c14c1fd1c74279dca00f6fd9ba64d36d69e3bf3dd9c3a29a92802e77,efb17b5912fbb2c144dab4d99924dbc341e8f64054be7909dd7818cad155bef2,182,697,16779,キヌヤナギ,ヤナギ科,exact_japanese_name,include,2026-07-11,PDF原本の寄主植物一覧（冊子p.697）で植物見出しと掲載和名を目視確認。
kamikiri-host-index-p182-l16781-species-21870,species-21870,ジャコウカミキリ,ジャコウカミキリ,日本産カミキリムシ,日本産カミキリムシ_compressed.pdf,52299895c14c1fd1c74279dca00f6fd9ba64d36d69e3bf3dd9c3a29a92802e77,efb17b5912fbb2c144dab4d99924dbc341e8f64054be7909dd7818cad155bef2,182,697-698,16781,コリヤナギ,ヤナギ科,exact_japanese_name,include,2026-07-11,PDF原本の寄主植物一覧（冊子p.697-698）で植物見出しと掲載和名を目視確認。原典は植栽記録。
kamikiri-host-index-p182-l16781-species-22764,species-22764,ゴマダラカミキリ,ゴマダラカミキリ,日本産カミキリムシ,日本産カミキリムシ_compressed.pdf,52299895c14c1fd1c74279dca00f6fd9ba64d36d69e3bf3dd9c3a29a92802e77,efb17b5912fbb2c144dab4d99924dbc341e8f64054be7909dd7818cad155bef2,182,697-698,16781,コリヤナギ,ヤナギ科,exact_japanese_name,include,2026-07-11,PDF原本の寄主植物一覧（冊子p.697-698）で植物見出しと掲載和名を目視確認。原典は植栽記録。
kamikiri-host-index-p183-l16788-species-22775,species-22775,イタヤカミキリ,イタヤカミキリ,日本産カミキリムシ,日本産カミキリムシ_compressed.pdf,52299895c14c1fd1c74279dca00f6fd9ba64d36d69e3bf3dd9c3a29a92802e77,efb17b5912fbb2c144dab4d99924dbc341e8f64054be7909dd7818cad155bef2,183,698,16788,エゾノカワヤナギ,ヤナギ科,exact_japanese_name,include,2026-07-11,PDF原本の寄主植物一覧（冊子p.698）で植物見出しと掲載和名を目視確認。
kamikiri-host-index-p183-l16788-species-23057,species-23057,キボシマダラカミキリ,キボシマダラカミキリ,日本産カミキリムシ,日本産カミキリムシ_compressed.pdf,52299895c14c1fd1c74279dca00f6fd9ba64d36d69e3bf3dd9c3a29a92802e77,efb17b5912fbb2c144dab4d99924dbc341e8f64054be7909dd7818cad155bef2,183,698,16788,エゾノカワヤナギ,ヤナギ科,reviewed_source_crosswalk,include,2026-07-11,PDF原本の寄主植物一覧（冊子p.698）で植物見出しと掲載和名を目視確認。
kamikiri-host-index-p183-l16792-species-22065,species-22065,マルクビケマダラカミキリ,マルクビケマダラカミキリ,日本産カミキリムシ,日本産カミキリムシ_compressed.pdf,52299895c14c1fd1c74279dca00f6fd9ba64d36d69e3bf3dd9c3a29a92802e77,efb17b5912fbb2c144dab4d99924dbc341e8f64054be7909dd7818cad155bef2,183,698,16792,オオタチヤナギ,ヤナギ科,exact_japanese_name,include,2026-07-11,OCR植物ブロック境界誤りをPDF見出し「オオタチヤナギ」へ訂正。掲載和名も同植物欄で目視確認。
kamikiri-host-index-p183-l16794-species-22669,species-22669,ホソヒゲケブカカミキリ,ホソヒゲケブカカミキリ,日本産カミキリムシ,日本産カミキリムシ_compressed.pdf,52299895c14c1fd1c74279dca00f6fd9ba64d36d69e3bf3dd9c3a29a92802e77,efb17b5912fbb2c144dab4d99924dbc341e8f64054be7909dd7818cad155bef2,183,698,16794,オノエヤナギ,ヤナギ科,exact_japanese_name,include,2026-07-11,PDF原本の寄主植物一覧（冊子p.698）で植物見出しと掲載和名を目視確認。
kamikiri-host-index-p183-l16794-species-22764,species-22764,ゴマダラカミキリ,ゴマダラカミキリ,日本産カミキリムシ,日本産カミキリムシ_compressed.pdf,52299895c14c1fd1c74279dca00f6fd9ba64d36d69e3bf3dd9c3a29a92802e77,efb17b5912fbb2c144dab4d99924dbc341e8f64054be7909dd7818cad155bef2,183,698,16794,オノエヤナギ,ヤナギ科,exact_japanese_name,include,2026-07-11,PDF原本の寄主植物一覧（冊子p.698）で植物見出しと掲載和名を目視確認。
kamikiri-host-index-p183-l16794-species-22970,species-22970,エゾサビカミキリ,エゾサビカミキリ,日本産カミキリムシ,日本産カミキリムシ_compressed.pdf,52299895c14c1fd1c74279dca00f6fd9ba64d36d69e3bf3dd9c3a29a92802e77,efb17b5912fbb2c144dab4d99924dbc341e8f64054be7909dd7818cad155bef2,183,698,16794,オノエヤナギ,ヤナギ科,exact_japanese_name,include,2026-07-11,PDF原本の寄主植物一覧（冊子p.698）で植物見出しと掲載和名を目視確認。
KDB175183-0111,species-22321,クロホソコバネカミキリ 基亜種,クロホソコバネカミキリ,日本産カミキリムシ,日本産カミキリムシ_compressed.pdf,52299895c14c1fd1c74279dca00f6fd9ba64d36d69e3bf3dd9c3a29a92802e77,efb17b5912fbb2c144dab4d99924dbc341e8f64054be7909dd7818cad155bef2,183,698,16803,コゴメヤナギ,ヤナギ科,exact_derived_base_name,needs_review,2026-07-11,索引画像で「クロホソコバネカミキリ Necydalis harmandi」を確認。種解説（冊子p.422-423）と現行同種群を照合したが、種解説の Necydalis harmandi は本州・四国・九州を一括するが、現行CSVでは2018年記載の四国九州亜種が分離済み。索引レコードに産地がなく現行基亜種へ配分不能。
kamikiri-host-index-p183-l16803-species-22650,species-22650,クワカミキリ,クワカミキリ,日本産カミキリムシ,日本産カミキリムシ_compressed.pdf,52299895c14c1fd1c74279dca00f6fd9ba64d36d69e3bf3dd9c3a29a92802e77,efb17b5912fbb2c144dab4d99924dbc341e8f64054be7909dd7818cad155bef2,183,698,16803,コゴメヤナギ,ヤナギ科,exact_japanese_name,include,2026-07-11,PDF原本の寄主植物一覧（冊子p.698）で植物見出しと掲載和名を目視確認。
kamikiri-host-index-p183-l16803-species-22654,species-22654,シロスジカミキリ,シロスジカミキリ,日本産カミキリムシ,日本産カミキリムシ_compressed.pdf,52299895c14c1fd1c74279dca00f6fd9ba64d36d69e3bf3dd9c3a29a92802e77,efb17b5912fbb2c144dab4d99924dbc341e8f64054be7909dd7818cad155bef2,183,698,16803,コゴメヤナギ,ヤナギ科,exact_japanese_name,include,2026-07-11,PDF原本の寄主植物一覧（冊子p.698）で植物見出しと掲載和名を目視確認。
kamikiri-host-index-p183-l16803-species-22775,species-22775,イタヤカミキリ,イタヤカミキリ,日本産カミキリムシ,日本産カミキリムシ_compressed.pdf,52299895c14c1fd1c74279dca00f6fd9ba64d36d69e3bf3dd9c3a29a92802e77,efb17b5912fbb2c144dab4d99924dbc341e8f64054be7909dd7818cad155bef2,183,698,16803,コゴメヤナギ,ヤナギ科,exact_japanese_name,include,2026-07-11,PDF原本の寄主植物一覧（冊子p.698）で植物見出しと掲載和名を目視確認。
kamikiri-host-index-p183-l16806-species-22650,species-22650,クワカミキリ,クワカミキリ,日本産カミキリムシ,日本産カミキリムシ_compressed.pdf,52299895c14c1fd1c74279dca00f6fd9ba64d36d69e3bf3dd9c3a29a92802e77,efb17b5912fbb2c144dab4d99924dbc341e8f64054be7909dd7818cad155bef2,183,698,16806,ヤマヤナギ,ヤナギ科,exact_japanese_name,include,2026-07-11,PDF原本の寄主植物一覧（冊子p.698）で植物見出しと掲載和名を目視確認。
kamikiri-host-index-p183-l16808-species-22775,species-22775,イタヤカミキリ,イタヤカミキリ,日本産カミキリムシ,日本産カミキリムシ_compressed.pdf,52299895c14c1fd1c74279dca00f6fd9ba64d36d69e3bf3dd9c3a29a92802e77,efb17b5912fbb2c144dab4d99924dbc341e8f64054be7909dd7818cad155bef2,183,698,16808,タチヤナギ,ヤナギ科,exact_japanese_name,include,2026-07-11,PDF原本の寄主植物一覧（冊子p.698）で植物見出しと掲載和名を目視確認。
kamikiri-host-index-p183-l16810-species-22173,species-22173,ムモンベニカミキリ,ムモンベニカミキリ,日本産カミキリムシ,日本産カミキリムシ_compressed.pdf,52299895c14c1fd1c74279dca00f6fd9ba64d36d69e3bf3dd9c3a29a92802e77,efb17b5912fbb2c144dab4d99924dbc341e8f64054be7909dd7818cad155bef2,183,698,16810,キツネヤナギ,ヤナギ科,exact_japanese_name,include,2026-07-11,PDF原本の寄主植物一覧（冊子p.698）で植物見出しと掲載和名を目視確認。
kamikiri-host-index-p183-l16812-species-21870,species-21870,ジャコウカミキリ,ジャコウカミキリ,日本産カミキリムシ,日本産カミキリムシ_compressed.pdf,52299895c14c1fd1c74279dca00f6fd9ba64d36d69e3bf3dd9c3a29a92802e77,efb17b5912fbb2c144dab4d99924dbc341e8f64054be7909dd7818cad155bef2,183,698,16812,カワヤナギ類,ヤナギ科,exact_japanese_name,include,2026-07-11,PDF原本の寄主植物一覧（冊子p.698）で植物見出しと掲載和名を目視確認。
kamikiri-host-index-p183-l16812-species-22032,species-22032,オクエゾトラカミキリ,オクエゾトラカミキリ,日本産カミキリムシ,日本産カミキリムシ_compressed.pdf,52299895c14c1fd1c74279dca00f6fd9ba64d36d69e3bf3dd9c3a29a92802e77,efb17b5912fbb2c144dab4d99924dbc341e8f64054be7909dd7818cad155bef2,183,698,16812,カワヤナギ類,ヤナギ科,reviewed_source_crosswalk,include,2026-07-11,PDF原本の寄主植物一覧（冊子p.698）で植物見出しと掲載和名を目視確認。
kamikiri-host-index-p183-l16812-species-22527,species-22527,ヤマナラシノモモブトカミキリ,ヤマナラシノモモブトカミキリ,日本産カミキリムシ,日本産カミキリムシ_compressed.pdf,52299895c14c1fd1c74279dca00f6fd9ba64d36d69e3bf3dd9c3a29a92802e77,efb17b5912fbb2c144dab4d99924dbc341e8f64054be7909dd7818cad155bef2,183,698,16812,カワヤナギ類,ヤナギ科,exact_japanese_name,include,2026-07-11,PDF原本の寄主植物一覧（冊子p.698）で植物見出しと掲載和名を目視確認。
kamikiri-host-index-p183-l16812-species-22700,species-22700,ヒトオビアラゲカミキリ,ヒトオビアラゲカミキリ,日本産カミキリムシ,日本産カミキリムシ_compressed.pdf,52299895c14c1fd1c74279dca00f6fd9ba64d36d69e3bf3dd9c3a29a92802e77,efb17b5912fbb2c144dab4d99924dbc341e8f64054be7909dd7818cad155bef2,183,698,16812,カワヤナギ類,ヤナギ科,exact_japanese_name,include,2026-07-11,PDF原本の寄主植物一覧（冊子p.698）で植物見出しと掲載和名を目視確認。
kamikiri-host-index-p183-l16812-species-22774,species-22774,エゾカミキリ,エゾカミキリ,日本産カミキリムシ,日本産カミキリムシ_compressed.pdf,52299895c14c1fd1c74279dca00f6fd9ba64d36d69e3bf3dd9c3a29a92802e77,efb17b5912fbb2c144dab4d99924dbc341e8f64054be7909dd7818cad155bef2,183,698,16812,カワヤナギ類,ヤナギ科,exact_japanese_name,include,2026-07-11,PDF原本の寄主植物一覧（冊子p.698）で植物見出しと掲載和名を目視確認。
kamikiri-host-index-p183-l16812-species-22775,species-22775,イタヤカミキリ,イタヤカミキリ,日本産カミキリムシ,日本産カミキリムシ_compressed.pdf,52299895c14c1fd1c74279dca00f6fd9ba64d36d69e3bf3dd9c3a29a92802e77,efb17b5912fbb2c144dab4d99924dbc341e8f64054be7909dd7818cad155bef2,183,698,16812,カワヤナギ類,ヤナギ科,exact_japanese_name,include,2026-07-11,PDF原本の寄主植物一覧（冊子p.698）で植物見出しと掲載和名を目視確認。
kamikiri-host-index-p183-l16812-species-23057,species-23057,キボシマダラカミキリ,キボシマダラカミキリ,日本産カミキリムシ,日本産カミキリムシ_compressed.pdf,52299895c14c1fd1c74279dca00f6fd9ba64d36d69e3bf3dd9c3a29a92802e77,efb17b5912fbb2c144dab4d99924dbc341e8f64054be7909dd7818cad155bef2,183,698,16812,カワヤナギ類,ヤナギ科,reviewed_source_crosswalk,include,2026-07-11,PDF原本の寄主植物一覧（冊子p.698）で植物見出しと掲載和名を目視確認。
kamikiri-host-index-p183-l16818-species-22234,species-22234,ホソハナカミキリ,ホソハナカミキリ,日本産カミキリムシ,日本産カミキリムシ_compressed.pdf,52299895c14c1fd1c74279dca00f6fd9ba64d36d69e3bf3dd9c3a29a92802e77,efb17b5912fbb2c144dab4d99924dbc341e8f64054be7909dd7818cad155bef2,183,698,16818,オオバヤナギ,ヤナギ科,exact_japanese_name,include,2026-07-11,PDF原本の寄主植物一覧（冊子p.698）で植物見出しと掲載和名を目視確認。
KDB175183-0112,species-22988,ハンノアオカミキリ 基亜種,ハンノアオカミキリ,日本産カミキリムシ,日本産カミキリムシ_compressed.pdf,52299895c14c1fd1c74279dca00f6fd9ba64d36d69e3bf3dd9c3a29a92802e77,efb17b5912fbb2c144dab4d99924dbc341e8f64054be7909dd7818cad155bef2,183,698,16818,オオバヤナギ,ヤナギ科,exact_derived_base_name,include,2026-07-11,索引画像で「ハンノアオカミキリ Eutetrapha chrysochloris chrysochloris」を確認。種解説（冊子p.654-655）と現行同種群を照合し、名義亜種または原典で別名の近縁群から区別された当該分類群として現行IDへ帰属可能。
kamikiri-host-index-p183-l16822-species-21870,species-21870,ジャコウカミキリ,ジャコウカミキリ,日本産カミキリムシ,日本産カミキリムシ_compressed.pdf,52299895c14c1fd1c74279dca00f6fd9ba64d36d69e3bf3dd9c3a29a92802e77,efb17b5912fbb2c144dab4d99924dbc341e8f64054be7909dd7818cad155bef2,183,698,16822,オオバヤナギ類,ヤナギ科,exact_japanese_name,include,2026-07-11,PDF原本の寄主植物一覧（冊子p.698）で植物見出しと掲載和名を目視確認。
KDB175183-0113,1-1,ウスバカミキリ 基亜種,ウスバカミキリ,日本産カミキリムシ,日本産カミキリムシ_compressed.pdf,52299895c14c1fd1c74279dca00f6fd9ba64d36d69e3bf3dd9c3a29a92802e77,efb17b5912fbb2c144dab4d99924dbc341e8f64054be7909dd7818cad155bef2,183,698-699,16824,ヤナギ類,ヤナギ科,exact_derived_base_name,needs_review,2026-07-11,索引画像で「ウスバカミキリ Megopis sinica sinica」を確認。種解説（冊子p.340-341）と現行同種群を照合したが、種解説の名義亜種範囲は奄美・沖縄個体群を含むが、現行CSVでは2018年記載の奄美沖縄亜種 adachii が分離済み。索引レコードに産地がなく現行基亜種へ配分不能。
KDB175183-0114,4-1,コバネカミキリ 基亜種,コバネカミキリ,日本産カミキリムシ,日本産カミキリムシ_compressed.pdf,52299895c14c1fd1c74279dca00f6fd9ba64d36d69e3bf3dd9c3a29a92802e77,efb17b5912fbb2c144dab4d99924dbc341e8f64054be7909dd7818cad155bef2,183,698-699,16824,ヤナギ類,ヤナギ科,exact_derived_base_name,include,2026-07-11,索引画像で「コバネカミキリ Psephactus remiger remiger」を確認。種解説（冊子p.344-345）と現行同種群を照合し、名義亜種または原典で別名の近縁群から区別された当該分類群として現行IDへ帰属可能。
KDB175183-0116,species-21865,エゾトラカミキリ 基亜種,エゾトラカミキリ,日本産カミキリムシ,日本産カミキリムシ_compressed.pdf,52299895c14c1fd1c74279dca00f6fd9ba64d36d69e3bf3dd9c3a29a92802e77,efb17b5912fbb2c144dab4d99924dbc341e8f64054be7909dd7818cad155bef2,183,698-699,16824,ヤナギ類,ヤナギ科,exact_derived_base_name,include,2026-07-11,索引画像で「エゾトラカミキリ Oligoenoplus rosti rosti」を確認。種解説（冊子p.510-511）と現行同種群を照合し、名義亜種または原典で別名の近縁群から区別された当該分類群として現行IDへ帰属可能。
kamikiri-host-index-p183-l16824-species-21870,species-21870,ジャコウカミキリ,ジャコウカミキリ,日本産カミキリムシ,日本産カミキリムシ_compressed.pdf,52299895c14c1fd1c74279dca00f6fd9ba64d36d69e3bf3dd9c3a29a92802e77,efb17b5912fbb2c144dab4d99924dbc341e8f64054be7909dd7818cad155bef2,183,698-699,16824,ヤナギ類,ヤナギ科,exact_japanese_name,include,2026-07-11,PDF原本の寄主植物一覧（冊子p.698-699）で植物見出しと掲載和名を目視確認。
kamikiri-host-index-p183-l16824-species-21876,species-21876,オオアオカミキリ,オオアオカミキリ,日本産カミキリムシ,日本産カミキリムシ_compressed.pdf,52299895c14c1fd1c74279dca00f6fd9ba64d36d69e3bf3dd9c3a29a92802e77,efb17b5912fbb2c144dab4d99924dbc341e8f64054be7909dd7818cad155bef2,183,698-699,16824,ヤナギ類,ヤナギ科,exact_japanese_name,include,2026-07-11,PDF原本の寄主植物一覧（冊子p.698-699）で植物見出しと掲載和名を目視確認。
kamikiri-host-index-p183-l16824-species-21883,species-21883,ルリヒラタカミキリ,ルリヒラタカミキリ,日本産カミキリムシ,日本産カミキリムシ_compressed.pdf,52299895c14c1fd1c74279dca00f6fd9ba64d36d69e3bf3dd9c3a29a92802e77,efb17b5912fbb2c144dab4d99924dbc341e8f64054be7909dd7818cad155bef2,183,698-699,16824,ヤナギ類,ヤナギ科,exact_japanese_name,include,2026-07-11,PDF原本の寄主植物一覧（冊子p.698-699）で植物見出しと掲載和名を目視確認。
kamikiri-host-index-p183-l16824-species-21924,species-21924,キマダラカミキリ 基亜種,キマダラミヤマカミキリ,日本産カミキリムシ,日本産カミキリムシ_compressed.pdf,52299895c14c1fd1c74279dca00f6fd9ba64d36d69e3bf3dd9c3a29a92802e77,efb17b5912fbb2c144dab4d99924dbc341e8f64054be7909dd7818cad155bef2,183,698-699,16824,ヤナギ類,ヤナギ科,reviewed_source_crosswalk,include,2026-07-11,PDF原本の寄主植物一覧（冊子p.698-699）で植物見出しと掲載和名を目視確認。
kamikiri-host-index-p183-l16824-species-21988,species-21988,エグリトラカミキリ,エグリトラカミキリ,日本産カミキリムシ,日本産カミキリムシ_compressed.pdf,52299895c14c1fd1c74279dca00f6fd9ba64d36d69e3bf3dd9c3a29a92802e77,efb17b5912fbb2c144dab4d99924dbc341e8f64054be7909dd7818cad155bef2,183,698-699,16824,ヤナギ類,ヤナギ科,exact_japanese_name,include,2026-07-11,PDF原本の寄主植物一覧（冊子p.698-699）で植物見出しと掲載和名を目視確認。
KDB175183-0115,species-22016,カンボウトラカミキリ 基亜種,カンボウトラカミキリ,日本産カミキリムシ,日本産カミキリムシ_compressed.pdf,52299895c14c1fd1c74279dca00f6fd9ba64d36d69e3bf3dd9c3a29a92802e77,efb17b5912fbb2c144dab4d99924dbc341e8f64054be7909dd7818cad155bef2,183,698-699,16824,ヤナギ類,ヤナギ科,exact_derived_base_name,exclude_ocr_or_boundary,2026-07-11,索引画像は「カンボウトラカミキリ Rhabdoclytus acutivittis inscriptus」。種解説（冊子p.504-505）の基亜種 acutivittis は「タイリクカンボウトラカミキリ」であり、現行基亜種IDへの誤帰属。
kamikiri-host-index-p183-l16824-species-22032,species-22032,オクエゾトラカミキリ,オクエゾトラカミキリ,日本産カミキリムシ,日本産カミキリムシ_compressed.pdf,52299895c14c1fd1c74279dca00f6fd9ba64d36d69e3bf3dd9c3a29a92802e77,efb17b5912fbb2c144dab4d99924dbc341e8f64054be7909dd7818cad155bef2,183,698-699,16824,ヤナギ類,ヤナギ科,reviewed_source_crosswalk,include,2026-07-11,PDF原本の寄主植物一覧（冊子p.698-699）で植物見出しと掲載和名を目視確認。
kamikiri-host-index-p183-l16824-species-22155,species-22155,ルリボシカミキリ,ルリボシカミキリ,日本産カミキリムシ,日本産カミキリムシ_compressed.pdf,52299895c14c1fd1c74279dca00f6fd9ba64d36d69e3bf3dd9c3a29a92802e77,efb17b5912fbb2c144dab4d99924dbc341e8f64054be7909dd7818cad155bef2,183,698-699,16824,ヤナギ類,ヤナギ科,exact_japanese_name,include,2026-07-11,PDF原本の寄主植物一覧（冊子p.698-699）で植物見出しと掲載和名を目視確認。
kamikiri-host-index-p183-l16824-species-22211,species-22211,キヌツヤハナカミキリ,キヌツヤハナカミキリ,日本産カミキリムシ,日本産カミキリムシ_compressed.pdf,52299895c14c1fd1c74279dca00f6fd9ba64d36d69e3bf3dd9c3a29a92802e77,efb17b5912fbb2c144dab4d99924dbc341e8f64054be7909dd7818cad155bef2,183,698-699,16824,ヤナギ類,ヤナギ科,exact_japanese_name,include,2026-07-11,PDF原本の寄主植物一覧（冊子p.698-699）で植物見出しと掲載和名を目視確認。
kamikiri-host-index-p183-l16824-species-22250,species-22250,ハネビロハナカミキリ,ハネビロハナカミキリ,日本産カミキリムシ,日本産カミキリムシ_compressed.pdf,52299895c14c1fd1c74279dca00f6fd9ba64d36d69e3bf3dd9c3a29a92802e77,efb17b5912fbb2c144dab4d99924dbc341e8f64054be7909dd7818cad155bef2,183,698-699,16824,ヤナギ類,ヤナギ科,exact_japanese_name,include,2026-07-11,PDF原本の寄主植物一覧（冊子p.698-699）で植物見出しと掲載和名を目視確認。
kamikiri-host-index-p183-l16824-species-22463,species-22463,サビカミキリ,サビカミキリ,日本産カミキリムシ,日本産カミキリムシ_compressed.pdf,52299895c14c1fd1c74279dca00f6fd9ba64d36d69e3bf3dd9c3a29a92802e77,efb17b5912fbb2c144dab4d99924dbc341e8f64054be7909dd7818cad155bef2,183,698-699,16824,ヤナギ類,ヤナギ科,exact_japanese_name,include,2026-07-11,PDF原本の寄主植物一覧（冊子p.698-699）で植物見出しと掲載和名を目視確認。
kamikiri-host-index-p183-l16824-species-22515,species-22515,トゲバカミキリ,トゲバカミキリ,日本産カミキリムシ,日本産カミキリムシ_compressed.pdf,52299895c14c1fd1c74279dca00f6fd9ba64d36d69e3bf3dd9c3a29a92802e77,efb17b5912fbb2c144dab4d99924dbc341e8f64054be7909dd7818cad155bef2,183,698-699,16824,ヤナギ類,ヤナギ科,exact_japanese_name,include,2026-07-11,PDF原本の寄主植物一覧（冊子p.698-699）で植物見出しと掲載和名を目視確認。
kamikiri-host-index-p183-l16824-species-22650,species-22650,クワカミキリ,クワカミキリ,日本産カミキリムシ,日本産カミキリムシ_compressed.pdf,52299895c14c1fd1c74279dca00f6fd9ba64d36d69e3bf3dd9c3a29a92802e77,efb17b5912fbb2c144dab4d99924dbc341e8f64054be7909dd7818cad155bef2,183,698-699,16824,ヤナギ類,ヤナギ科,exact_japanese_name,include,2026-07-11,PDF原本の寄主植物一覧（冊子p.698-699）で植物見出しと掲載和名を目視確認。
kamikiri-host-index-p183-l16824-species-22654,species-22654,シロスジカミキリ,シロスジカミキリ,日本産カミキリムシ,日本産カミキリムシ_compressed.pdf,52299895c14c1fd1c74279dca00f6fd9ba64d36d69e3bf3dd9c3a29a92802e77,efb17b5912fbb2c144dab4d99924dbc341e8f64054be7909dd7818cad155bef2,183,698-699,16824,ヤナギ類,ヤナギ科,exact_japanese_name,include,2026-07-11,PDF原本の寄主植物一覧（冊子p.698-699）で植物見出しと掲載和名を目視確認。
kamikiri-host-index-p183-l16824-species-22661,species-22661,フタオビアラゲカミキリ,フタオビアラゲカミキリ,日本産カミキリムシ,日本産カミキリムシ_compressed.pdf,52299895c14c1fd1c74279dca00f6fd9ba64d36d69e3bf3dd9c3a29a92802e77,efb17b5912fbb2c144dab4d99924dbc341e8f64054be7909dd7818cad155bef2,183,698-699,16824,ヤナギ類,ヤナギ科,exact_japanese_name,include,2026-07-11,PDF原本の寄主植物一覧（冊子p.698-699）で植物見出しと掲載和名を目視確認。
kamikiri-host-index-p183-l16824-species-22699,species-22699,フタモンアラゲカミキリ,フタモンアラゲカミキリ,日本産カミキリムシ,日本産カミキリムシ_compressed.pdf,52299895c14c1fd1c74279dca00f6fd9ba64d36d69e3bf3dd9c3a29a92802e77,efb17b5912fbb2c144dab4d99924dbc341e8f64054be7909dd7818cad155bef2,183,698-699,16824,ヤナギ類,ヤナギ科,exact_japanese_name,include,2026-07-11,PDF原本の寄主植物一覧（冊子p.698-699）で植物見出しと掲載和名を目視確認。
kamikiri-host-index-p183-l16824-species-22700,species-22700,ヒトオビアラゲカミキリ,ヒトオビアラゲカミキリ,日本産カミキリムシ,日本産カミキリムシ_compressed.pdf,52299895c14c1fd1c74279dca00f6fd9ba64d36d69e3bf3dd9c3a29a92802e77,efb17b5912fbb2c144dab4d99924dbc341e8f64054be7909dd7818cad155bef2,183,698-699,16824,ヤナギ類,ヤナギ科,exact_japanese_name,include,2026-07-11,PDF原本の寄主植物一覧（冊子p.698-699）で植物見出しと掲載和名を目視確認。
KDB175183-0117,species-22786,ヒメヒゲナガカミキリ 基亜種,ヒメヒゲナガカミキリ,日本産カミキリムシ,日本産カミキリムシ_compressed.pdf,52299895c14c1fd1c74279dca00f6fd9ba64d36d69e3bf3dd9c3a29a92802e77,efb17b5912fbb2c144dab4d99924dbc341e8f64054be7909dd7818cad155bef2,183,698-699,16824,ヤナギ類,ヤナギ科,exact_derived_base_name,include,2026-07-11,索引画像で「ヒメヒゲナガカミキリ Monochamus subfasciatus subfasciatus」を確認。種解説（冊子p.580-581）と現行同種群を照合し、名義亜種または原典で別名の近縁群から区別された当該分類群として現行IDへ帰属可能。
kamikiri-host-index-p183-l16824-species-22798,species-22798,コブヤハズカミキリ 基亜種,コブヤハズカミキリ,日本産カミキリムシ,日本産カミキリムシ_compressed.pdf,52299895c14c1fd1c74279dca00f6fd9ba64d36d69e3bf3dd9c3a29a92802e77,efb17b5912fbb2c144dab4d99924dbc341e8f64054be7909dd7818cad155bef2,183,698-699,16824,ヤナギ類,ヤナギ科,reviewed_source_crosswalk,include,2026-07-11,PDF原本の寄主植物一覧（冊子p.698-699）で植物見出しと掲載和名を目視確認。
KDB175183-0118,species-22843,セミスジコブヒゲカミキリ 基亜種,セミスジコブヒゲカミキリ,日本産カミキリムシ,日本産カミキリムシ_compressed.pdf,52299895c14c1fd1c74279dca00f6fd9ba64d36d69e3bf3dd9c3a29a92802e77,efb17b5912fbb2c144dab4d99924dbc341e8f64054be7909dd7818cad155bef2,183,698-699,16824,ヤナギ類,ヤナギ科,exact_derived_base_name,include,2026-07-11,索引画像で「セミスジコブヒゲカミキリ Rhodopina lewisii lewisii」を確認。種解説（冊子p.612-613）と現行同種群を照合し、名義亜種または原典で別名の近縁群から区別された当該分類群として現行IDへ帰属可能。
kamikiri-host-index-p183-l16824-species-22866,species-22866,ナガゴマフカミキリ,ナガゴマフカミキリ,日本産カミキリムシ,日本産カミキリムシ_compressed.pdf,52299895c14c1fd1c74279dca00f6fd9ba64d36d69e3bf3dd9c3a29a92802e77,efb17b5912fbb2c144dab4d99924dbc341e8f64054be7909dd7818cad155bef2,183,698-699,16824,ヤナギ類,ヤナギ科,exact_japanese_name,include,2026-07-11,PDF原本の寄主植物一覧（冊子p.698-699）で植物見出しと掲載和名を目視確認。
kamikiri-host-index-p183-l16824-species-22871,species-22871,ゴマフカミキリ,ゴマフカミキリ,日本産カミキリムシ,日本産カミキリムシ_compressed.pdf,52299895c14c1fd1c74279dca00f6fd9ba64d36d69e3bf3dd9c3a29a92802e77,efb17b5912fbb2c144dab4d99924dbc341e8f64054be7909dd7818cad155bef2,183,698-699,16824,ヤナギ類,ヤナギ科,exact_japanese_name,include,2026-07-11,PDF原本の寄主植物一覧（冊子p.698-699）で植物見出しと掲載和名を目視確認。
kamikiri-host-index-p183-l16824-species-22910,species-22910,クモガタケシカミキリ,クモガタケシカミキリ,日本産カミキリムシ,日本産カミキリムシ_compressed.pdf,52299895c14c1fd1c74279dca00f6fd9ba64d36d69e3bf3dd9c3a29a92802e77,efb17b5912fbb2c144dab4d99924dbc341e8f64054be7909dd7818cad155bef2,183,698-699,16824,ヤナギ類,ヤナギ科,exact_japanese_name,include,2026-07-11,PDF原本の寄主植物一覧（冊子p.698-699）で植物見出しと掲載和名を目視確認。
kamikiri-host-index-p183-l16824-species-22915,species-22915,アトモンマルケシカミキリ,アトモンマルケシカミキリ,日本産カミキリムシ,日本産カミキリムシ_compressed.pdf,52299895c14c1fd1c74279dca00f6fd9ba64d36d69e3bf3dd9c3a29a92802e77,efb17b5912fbb2c144dab4d99924dbc341e8f64054be7909dd7818cad155bef2,183,698-699,16824,ヤナギ類,ヤナギ科,exact_japanese_name,include,2026-07-11,PDF原本の寄主植物一覧（冊子p.698-699）で植物見出しと掲載和名を目視確認。
kamikiri-host-index-p183-l16824-species-22927,species-22927,キッコウモンケシカミキリ,キッコウモンケシカミキリ,日本産カミキリムシ,日本産カミキリムシ_compressed.pdf,52299895c14c1fd1c74279dca00f6fd9ba64d36d69e3bf3dd9c3a29a92802e77,efb17b5912fbb2c144dab4d99924dbc341e8f64054be7909dd7818cad155bef2,183,698-699,16824,ヤナギ類,ヤナギ科,exact_japanese_name,include,2026-07-11,PDF原本の寄主植物一覧（冊子p.698-699）で植物見出しと掲載和名を目視確認。
kamikiri-host-index-p183-l16824-species-22965,species-22965,アトモンサビカミキリ,アトモンサビカミキリ,日本産カミキリムシ,日本産カミキリムシ_compressed.pdf,52299895c14c1fd1c74279dca00f6fd9ba64d36d69e3bf3dd9c3a29a92802e77,efb17b5912fbb2c144dab4d99924dbc341e8f64054be7909dd7818cad155bef2,183,698-699,16824,ヤナギ類,ヤナギ科,exact_japanese_name,include,2026-07-11,PDF原本の寄主植物一覧（冊子p.698-699）で植物見出しと掲載和名を目視確認。
kamikiri-host-index-p183-l16824-species-22972,species-22972,アトジロサビカミキリ,アトジロサビカミキリ,日本産カミキリムシ,日本産カミキリムシ_compressed.pdf,52299895c14c1fd1c74279dca00f6fd9ba64d36d69e3bf3dd9c3a29a92802e77,efb17b5912fbb2c144dab4d99924dbc341e8f64054be7909dd7818cad155bef2,183,698-699,16824,ヤナギ類,ヤナギ科,exact_japanese_name,include,2026-07-11,PDF原本の寄主植物一覧（冊子p.698-699）で植物見出しと掲載和名を目視確認。
KDB175183-0119,species-22988,ハンノアオカミキリ 基亜種,ハンノアオカミキリ,日本産カミキリムシ,日本産カミキリムシ_compressed.pdf,52299895c14c1fd1c74279dca00f6fd9ba64d36d69e3bf3dd9c3a29a92802e77,efb17b5912fbb2c144dab4d99924dbc341e8f64054be7909dd7818cad155bef2,183,698-699,16824,ヤナギ類,ヤナギ科,exact_derived_base_name,include,2026-07-11,索引画像で「ハンノアオカミキリ Eutetrapha chrysochloris chrysochloris」を確認。種解説（冊子p.654-655）と現行同種群を照合し、名義亜種または原典で別名の近縁群から区別された当該分類群として現行IDへ帰属可能。
kamikiri-host-index-p183-l16824-species-23013,species-23013,キモンカミキリ,キモンカミキリ,日本産カミキリムシ,日本産カミキリムシ_compressed.pdf,52299895c14c1fd1c74279dca00f6fd9ba64d36d69e3bf3dd9c3a29a92802e77,efb17b5912fbb2c144dab4d99924dbc341e8f64054be7909dd7818cad155bef2,183,698-699,16824,ヤナギ類,ヤナギ科,exact_japanese_name,include,2026-07-11,PDF原本の寄主植物一覧（冊子p.698-699）で植物見出しと掲載和名を目視確認。
kamikiri-host-index-p183-l16824-species-23024,species-23024,ホソキリンゴカミキリ,ホソキリンゴカミキリ,日本産カミキリムシ,日本産カミキリムシ_compressed.pdf,52299895c14c1fd1c74279dca00f6fd9ba64d36d69e3bf3dd9c3a29a92802e77,efb17b5912fbb2c144dab4d99924dbc341e8f64054be7909dd7818cad155bef2,183,698-699,16824,ヤナギ類,ヤナギ科,exact_japanese_name,include,2026-07-11,PDF原本の寄主植物一覧（冊子p.698-699）で植物見出しと掲載和名を目視確認。
kamikiri-host-index-p183-l16824-species-23056,species-23056,トホシカミキリ,トホシカミキリ,日本産カミキリムシ,日本産カミキリムシ_compressed.pdf,52299895c14c1fd1c74279dca00f6fd9ba64d36d69e3bf3dd9c3a29a92802e77,efb17b5912fbb2c144dab4d99924dbc341e8f64054be7909dd7818cad155bef2,183,698-699,16824,ヤナギ類,ヤナギ科,exact_japanese_name,include,2026-07-11,PDF原本の寄主植物一覧（冊子p.698-699）で植物見出しと掲載和名を目視確認。
kamikiri-host-index-p183-l16866-species-21868,species-21868,シロトラカミキリ,シロトラカミキリ,日本産カミキリムシ,日本産カミキリムシ_compressed.pdf,52299895c14c1fd1c74279dca00f6fd9ba64d36d69e3bf3dd9c3a29a92802e77,efb17b5912fbb2c144dab4d99924dbc341e8f64054be7909dd7818cad155bef2,183,699,16866,ヤシャブシ,カバノキ科,exact_japanese_name,include,2026-07-11,PDF原本の寄主植物一覧（冊子p.699）で植物見出しと掲載和名を目視確認。
KDB175183-0122,species-21880,アオカミキリ 基亜種,アオカミキリ,日本産カミキリムシ,日本産カミキリムシ_compressed.pdf,52299895c14c1fd1c74279dca00f6fd9ba64d36d69e3bf3dd9c3a29a92802e77,efb17b5912fbb2c144dab4d99924dbc341e8f64054be7909dd7818cad155bef2,183,699,16866,ヤシャブシ,カバノキ科,exact_derived_base_name,include,2026-07-11,索引画像で「アオカミキリ Schwarzerium quadricollis」を確認。種解説（冊子p.472-473）と現行同種群を照合し、名義亜種または原典で別名の近縁群から区別された当該分類群として現行IDへ帰属可能。
kamikiri-host-index-p183-l16866-species-21976,species-21976,キスジトラカミキリ,キスジトラカミキリ,日本産カミキリムシ,日本産カミキリムシ_compressed.pdf,52299895c14c1fd1c74279dca00f6fd9ba64d36d69e3bf3dd9c3a29a92802e77,efb17b5912fbb2c144dab4d99924dbc341e8f64054be7909dd7818cad155bef2,183,699,16866,ヤシャブシ,カバノキ科,exact_japanese_name,include,2026-07-11,PDF原本の寄主植物一覧（冊子p.699）で植物見出しと掲載和名を目視確認。
kamikiri-host-index-p183-l16866-species-21986,species-21986,キイロトラカミキリ,キイロトラカミキリ,日本産カミキリムシ,日本産カミキリムシ_compressed.pdf,52299895c14c1fd1c74279dca00f6fd9ba64d36d69e3bf3dd9c3a29a92802e77,efb17b5912fbb2c144dab4d99924dbc341e8f64054be7909dd7818cad155bef2,183,699,16866,ヤシャブシ,カバノキ科,exact_japanese_name,include,2026-07-11,PDF原本の寄主植物一覧（冊子p.699）で植物見出しと掲載和名を目視確認。
KDB175183-0123,species-21990,フタオビミドリトラカミキリ 基亜種,フタオビミドリトラカミキリ,日本産カミキリムシ,日本産カミキリムシ_compressed.pdf,52299895c14c1fd1c74279dca00f6fd9ba64d36d69e3bf3dd9c3a29a92802e77,efb17b5912fbb2c144dab4d99924dbc341e8f64054be7909dd7818cad155bef2,183,699,16866,ヤシャブシ,カバノキ科,exact_derived_base_name,needs_review,2026-07-11,索引画像で「フタオビミドリトラカミキリ Chlorophorus muscosus」を確認。種解説（冊子p.500-501）と現行同種群を照合したが、種解説と索引は種レベル Chlorophorus muscosus として地理的変異を一括するが、現行CSVでは2023年に複数島嶼亜種が分離済み。産地不明の索引レコードは現行基亜種へ配分不能。
KDB175183-0121,species-22321,クロホソコバネカミキリ 基亜種,クロホソコバネカミキリ,日本産カミキリムシ,日本産カミキリムシ_compressed.pdf,52299895c14c1fd1c74279dca00f6fd9ba64d36d69e3bf3dd9c3a29a92802e77,efb17b5912fbb2c144dab4d99924dbc341e8f64054be7909dd7818cad155bef2,183,699,16866,ヤシャブシ,カバノキ科,exact_derived_base_name,needs_review,2026-07-11,索引画像で「クロホソコバネカミキリ Necydalis harmandi」を確認。種解説（冊子p.422-423）と現行同種群を照合したが、種解説の Necydalis harmandi は本州・四国・九州を一括するが、現行CSVでは2018年記載の四国九州亜種が分離済み。索引レコードに産地がなく現行基亜種へ配分不能。
KDB175183-0120,species-22354,チャイロヒメハナカミキリ 基亜種,チャイロヒメハナカミキリ,日本産カミキリムシ,日本産カミキリムシ_compressed.pdf,52299895c14c1fd1c74279dca00f6fd9ba64d36d69e3bf3dd9c3a29a92802e77,efb17b5912fbb2c144dab4d99924dbc341e8f64054be7909dd7818cad155bef2,183,699,16866,ヤシャブシ,カバノキ科,exact_derived_base_name,include,2026-07-11,索引画像で「チャイロヒメハナカミキリ Pidonia aegrota aegrota」を確認。種解説（冊子p.380-381）と現行同種群を照合し、名義亜種または原典で別名の近縁群から区別された当該分類群として現行IDへ帰属可能。
kamikiri-host-index-p183-l16866-species-22498,species-22498,ゴマダラモモブトカミキリ,ゴマダラモモブトカミキリ,日本産カミキリムシ,日本産カミキリムシ_compressed.pdf,52299895c14c1fd1c74279dca00f6fd9ba64d36d69e3bf3dd9c3a29a92802e77,efb17b5912fbb2c144dab4d99924dbc341e8f64054be7909dd7818cad155bef2,183,699,16866,ヤシャブシ,カバノキ科,exact_japanese_name,include,2026-07-11,PDF原本の寄主植物一覧（冊子p.699）で植物見出しと掲載和名を目視確認。
kamikiri-host-index-p183-l16866-species-22515,species-22515,トゲバカミキリ,トゲバカミキリ,日本産カミキリムシ,日本産カミキリムシ_compressed.pdf,52299895c14c1fd1c74279dca00f6fd9ba64d36d69e3bf3dd9c3a29a92802e77,efb17b5912fbb2c144dab4d99924dbc341e8f64054be7909dd7818cad155bef2,183,699,16866,ヤシャブシ,カバノキ科,exact_japanese_name,include,2026-07-11,PDF原本の寄主植物一覧（冊子p.699）で植物見出しと掲載和名を目視確認。
kamikiri-host-index-p183-l16866-species-22654,species-22654,シロスジカミキリ,シロスジカミキリ,日本産カミキリムシ,日本産カミキリムシ_compressed.pdf,52299895c14c1fd1c74279dca00f6fd9ba64d36d69e3bf3dd9c3a29a92802e77,efb17b5912fbb2c144dab4d99924dbc341e8f64054be7909dd7818cad155bef2,183,699,16866,ヤシャブシ,カバノキ科,exact_japanese_name,include,2026-07-11,PDF原本の寄主植物一覧（冊子p.699）で植物見出しと掲載和名を目視確認。
kamikiri-host-index-p183-l16866-species-22700,species-22700,ヒトオビアラゲカミキリ,ヒトオビアラゲカミキリ,日本産カミキリムシ,日本産カミキリムシ_compressed.pdf,52299895c14c1fd1c74279dca00f6fd9ba64d36d69e3bf3dd9c3a29a92802e77,efb17b5912fbb2c144dab4d99924dbc341e8f64054be7909dd7818cad155bef2,183,699,16866,ヤシャブシ,カバノキ科,exact_japanese_name,include,2026-07-11,PDF原本の寄主植物一覧（冊子p.699）で植物見出しと掲載和名を目視確認。
kamikiri-host-index-p183-l16866-species-22764,species-22764,ゴマダラカミキリ,ゴマダラカミキリ,日本産カミキリムシ,日本産カミキリムシ_compressed.pdf,52299895c14c1fd1c74279dca00f6fd9ba64d36d69e3bf3dd9c3a29a92802e77,efb17b5912fbb2c144dab4d99924dbc341e8f64054be7909dd7818cad155bef2,183,699,16866,ヤシャブシ,カバノキ科,exact_japanese_name,include,2026-07-11,PDF原本の寄主植物一覧（冊子p.699）で植物見出しと掲載和名を目視確認。
KDB175183-0125,species-22843,セミスジコブヒゲカミキリ 基亜種,セミスジコブヒゲカミキリ,日本産カミキリムシ,日本産カミキリムシ_compressed.pdf,52299895c14c1fd1c74279dca00f6fd9ba64d36d69e3bf3dd9c3a29a92802e77,efb17b5912fbb2c144dab4d99924dbc341e8f64054be7909dd7818cad155bef2,183,699,16866,ヤシャブシ,カバノキ科,exact_derived_base_name,include,2026-07-11,索引画像で「セミスジコブヒゲカミキリ Rhodopina lewisii lewisii」を確認。種解説（冊子p.612-613）と現行同種群を照合し、名義亜種または原典で別名の近縁群から区別された当該分類群として現行IDへ帰属可能。
KDB175183-0124,species-22890,カタシロゴマフカミキリ 基亜種,カタシロゴマフカミキリ,日本産カミキリムシ,日本産カミキリムシ_compressed.pdf,52299895c14c1fd1c74279dca00f6fd9ba64d36d69e3bf3dd9c3a29a92802e77,efb17b5912fbb2c144dab4d99924dbc341e8f64054be7909dd7818cad155bef2,183,699,16866,ヤシャブシ,カバノキ科,exact_derived_base_name,include,2026-07-11,索引画像で「カタシロゴマフカミキリ Mesosa hirsuta hirsuta」を確認。種解説（冊子p.520-521）と現行同種群を照合し、名義亜種または原典で別名の近縁群から区別された当該分類群として現行IDへ帰属可能。
kamikiri-host-index-p183-l16866-species-22969,species-22969,ヒメナガサビカミキリ,ヒメナガサビカミキリ,日本産カミキリムシ,日本産カミキリムシ_compressed.pdf,52299895c14c1fd1c74279dca00f6fd9ba64d36d69e3bf3dd9c3a29a92802e77,efb17b5912fbb2c144dab4d99924dbc341e8f64054be7909dd7818cad155bef2,183,699,16866,ヤシャブシ,カバノキ科,exact_japanese_name,include,2026-07-11,PDF原本の寄主植物一覧（冊子p.699）で植物見出しと掲載和名を目視確認。
kamikiri-host-index-p183-l16866-species-22975,species-22975,ハンノキカミキリ,ハンノキカミキリ,日本産カミキリムシ,日本産カミキリムシ_compressed.pdf,52299895c14c1fd1c74279dca00f6fd9ba64d36d69e3bf3dd9c3a29a92802e77,efb17b5912fbb2c144dab4d99924dbc341e8f64054be7909dd7818cad155bef2,183,699,16866,ヤシャブシ,カバノキ科,exact_japanese_name,include,2026-07-11,PDF原本の寄主植物一覧（冊子p.699）で植物見出しと掲載和名を目視確認。
KDB175183-0126,species-22988,ハンノアオカミキリ 基亜種,ハンノアオカミキリ,日本産カミキリムシ,日本産カミキリムシ_compressed.pdf,52299895c14c1fd1c74279dca00f6fd9ba64d36d69e3bf3dd9c3a29a92802e77,efb17b5912fbb2c144dab4d99924dbc341e8f64054be7909dd7818cad155bef2,183,699,16866,ヤシャブシ,カバノキ科,exact_derived_base_name,include,2026-07-11,索引画像で「ハンノアオカミキリ Eutetrapha chrysochloris chrysochloris」を確認。種解説（冊子p.654-655）と現行同種群を照合し、名義亜種または原典で別名の近縁群から区別された当該分類群として現行IDへ帰属可能。
kamikiri-host-index-p183-l16866-species-23024,species-23024,ホソキリンゴカミキリ,ホソキリンゴカミキリ,日本産カミキリムシ,日本産カミキリムシ_compressed.pdf,52299895c14c1fd1c74279dca00f6fd9ba64d36d69e3bf3dd9c3a29a92802e77,efb17b5912fbb2c144dab4d99924dbc341e8f64054be7909dd7818cad155bef2,183,699,16866,ヤシャブシ,カバノキ科,exact_japanese_name,include,2026-07-11,PDF原本の寄主植物一覧（冊子p.699）で植物見出しと掲載和名を目視確認。
kamikiri-host-index-p183-l16866-species-23061,species-23061,ブロイニングカミキリ,ブロイニングカミキリ,日本産カミキリムシ,日本産カミキリムシ_compressed.pdf,52299895c14c1fd1c74279dca00f6fd9ba64d36d69e3bf3dd9c3a29a92802e77,efb17b5912fbb2c144dab4d99924dbc341e8f64054be7909dd7818cad155bef2,183,699,16866,ヤシャブシ,カバノキ科,exact_japanese_name,include,2026-07-11,PDF原本の寄主植物一覧（冊子p.699）で植物見出しと掲載和名を目視確認。
kamikiri-host-index-p183-l16887-species-21988,species-21988,エグリトラカミキリ,エグリトラカミキリ,日本産カミキリムシ,日本産カミキリムシ_compressed.pdf,52299895c14c1fd1c74279dca00f6fd9ba64d36d69e3bf3dd9c3a29a92802e77,efb17b5912fbb2c144dab4d99924dbc341e8f64054be7909dd7818cad155bef2,183,699-700,16887,ケヤマハンノキ,カバノキ科,exact_japanese_name,include,2026-07-11,PDF原本の寄主植物一覧（冊子p.699-700）で植物見出しと掲載和名を目視確認。
kamikiri-host-index-p183-l16887-species-22044,species-22044,ツマキトラカミキリ,ツマキトラカミキリ,日本産カミキリムシ,日本産カミキリムシ_compressed.pdf,52299895c14c1fd1c74279dca00f6fd9ba64d36d69e3bf3dd9c3a29a92802e77,efb17b5912fbb2c144dab4d99924dbc341e8f64054be7909dd7818cad155bef2,183,699-700,16887,ケヤマハンノキ,カバノキ科,reviewed_source_crosswalk,include,2026-07-11,PDF原本の寄主植物一覧（冊子p.699-700）で植物見出しと掲載和名を目視確認。
kamikiri-host-index-p183-l16887-species-22045,species-22045,ウスイロトラカミキリ,ウスイロトラカミキリ,日本産カミキリムシ,日本産カミキリムシ_compressed.pdf,52299895c14c1fd1c74279dca00f6fd9ba64d36d69e3bf3dd9c3a29a92802e77,efb17b5912fbb2c144dab4d99924dbc341e8f64054be7909dd7818cad155bef2,183,699-700,16887,ケヤマハンノキ,カバノキ科,exact_japanese_name,include,2026-07-11,PDF原本の寄主植物一覧（冊子p.699-700）で植物見出しと掲載和名を目視確認。
kamikiri-host-index-p183-l16887-species-22046,species-22046,ニイジマトラカミキリ,ニイジマトラカミキリ,日本産カミキリムシ,日本産カミキリムシ_compressed.pdf,52299895c14c1fd1c74279dca00f6fd9ba64d36d69e3bf3dd9c3a29a92802e77,efb17b5912fbb2c144dab4d99924dbc341e8f64054be7909dd7818cad155bef2,183,699-700,16887,ケヤマハンノキ,カバノキ科,exact_japanese_name,include,2026-07-11,PDF原本の寄主植物一覧（冊子p.699-700）で植物見出しと掲載和名を目視確認。
kamikiri-host-index-p183-l16887-species-22642,species-22642,シロオビチビカミキリ 基亜種,シロオビチビカミキリ,日本産カミキリムシ,日本産カミキリムシ_compressed.pdf,52299895c14c1fd1c74279dca00f6fd9ba64d36d69e3bf3dd9c3a29a92802e77,efb17b5912fbb2c144dab4d99924dbc341e8f64054be7909dd7818cad155bef2,183,699-700,16887,ケヤマハンノキ,カバノキ科,reviewed_source_crosswalk,include,2026-07-11,PDF原本の寄主植物一覧（冊子p.699-700）で植物見出しと掲載和名を目視確認。
kamikiri-host-index-p183-l16887-species-22764,species-22764,ゴマダラカミキリ,ゴマダラカミキリ,日本産カミキリムシ,日本産カミキリムシ_compressed.pdf,52299895c14c1fd1c74279dca00f6fd9ba64d36d69e3bf3dd9c3a29a92802e77,efb17b5912fbb2c144dab4d99924dbc341e8f64054be7909dd7818cad155bef2,183,699-700,16887,ケヤマハンノキ,カバノキ科,exact_japanese_name,include,2026-07-11,PDF原本の寄主植物一覧（冊子p.699-700）で植物見出しと掲載和名を目視確認。
kamikiri-host-index-p183-l16887-species-22790,species-22790,ヒメシラフヒゲナガカミキリ,ヒメシラフヒゲナガカミキリ,日本産カミキリムシ,日本産カミキリムシ_compressed.pdf,52299895c14c1fd1c74279dca00f6fd9ba64d36d69e3bf3dd9c3a29a92802e77,efb17b5912fbb2c144dab4d99924dbc341e8f64054be7909dd7818cad155bef2,183,699-700,16887,ケヤマハンノキ,カバノキ科,exact_japanese_name,needs_review,2026-07-11,PDF原本では当該掲載和名・学名の後に「?」が付記されており、寄主記録の確度を要確認。
kamikiri-host-index-p183-l16887-species-22867,species-22867,タテスジゴマフカミキリ,タテスジゴマフカミキリ,日本産カミキリムシ,日本産カミキリムシ_compressed.pdf,52299895c14c1fd1c74279dca00f6fd9ba64d36d69e3bf3dd9c3a29a92802e77,efb17b5912fbb2c144dab4d99924dbc341e8f64054be7909dd7818cad155bef2,183,699-700,16887,ケヤマハンノキ,カバノキ科,exact_japanese_name,include,2026-07-11,PDF原本の寄主植物一覧（冊子p.699-700）で植物見出しと掲載和名を目視確認。
kamikiri-host-index-p183-l16887-species-22871,species-22871,ゴマフカミキリ,ゴマフカミキリ,日本産カミキリムシ,日本産カミキリムシ_compressed.pdf,52299895c14c1fd1c74279dca00f6fd9ba64d36d69e3bf3dd9c3a29a92802e77,efb17b5912fbb2c144dab4d99924dbc341e8f64054be7909dd7818cad155bef2,183,699-700,16887,ケヤマハンノキ,カバノキ科,exact_japanese_name,include,2026-07-11,PDF原本の寄主植物一覧（冊子p.699-700）で植物見出しと掲載和名を目視確認。
KDB175183-0127,species-22890,カタシロゴマフカミキリ 基亜種,カタシロゴマフカミキリ,日本産カミキリムシ,日本産カミキリムシ_compressed.pdf,52299895c14c1fd1c74279dca00f6fd9ba64d36d69e3bf3dd9c3a29a92802e77,efb17b5912fbb2c144dab4d99924dbc341e8f64054be7909dd7818cad155bef2,183,699-700,16887,ケヤマハンノキ,カバノキ科,exact_derived_base_name,include,2026-07-11,索引画像で「カタシロゴマフカミキリ Mesosa hirsuta hirsuta」を確認。種解説（冊子p.520-521）と現行同種群を照合し、名義亜種または原典で別名の近縁群から区別された当該分類群として現行IDへ帰属可能。
KDB175183-0128,species-22947,ナカジロサビカミキリ 基亜種,ナカジロサビカミキリ,日本産カミキリムシ,日本産カミキリムシ_compressed.pdf,52299895c14c1fd1c74279dca00f6fd9ba64d36d69e3bf3dd9c3a29a92802e77,efb17b5912fbb2c144dab4d99924dbc341e8f64054be7909dd7818cad155bef2,183,699-700,16887,ケヤマハンノキ,カバノキ科,exact_derived_base_name,include,2026-07-11,索引画像で「ナカジロサビカミキリ Pterolophia jugosa jugosa」を確認。種解説（冊子p.560-561）と現行同種群を照合し、名義亜種または原典で別名の近縁群から区別された当該分類群として現行IDへ帰属可能。
kamikiri-host-index-p183-l16887-species-22970,species-22970,エゾサビカミキリ,エゾサビカミキリ,日本産カミキリムシ,日本産カミキリムシ_compressed.pdf,52299895c14c1fd1c74279dca00f6fd9ba64d36d69e3bf3dd9c3a29a92802e77,efb17b5912fbb2c144dab4d99924dbc341e8f64054be7909dd7818cad155bef2,183,699-700,16887,ケヤマハンノキ,カバノキ科,exact_japanese_name,include,2026-07-11,PDF原本の寄主植物一覧（冊子p.699-700）で植物見出しと掲載和名を目視確認。
KDB-0001,1-1,ウスバカミキリ 基亜種,ウスバカミキリ,日本産カミキリムシ,日本産カミキリムシ_compressed.pdf,52299895c14c1fd1c74279dca00f6fd9ba64d36d69e3bf3dd9c3a29a92802e77,efb17b5912fbb2c144dab4d99924dbc341e8f64054be7909dd7818cad155bef2,184,700-701,16952,ハンノキ,カバノキ科,exact_derived_base_name,include,2026-07-11,索引PDF p.184で学名が基亜種として明示され、種解説PDF p.4の基亜種見出しおよび normalized_data/insects.csv の同種群と一致
kamikiri-host-index-184-191-0011,species-21868,シロトラカミキリ,シロトラカミキリ,日本産カミキリムシ,日本産カミキリムシ_compressed.pdf,52299895c14c1fd1c74279dca00f6fd9ba64d36d69e3bf3dd9c3a29a92802e77,efb17b5912fbb2c144dab4d99924dbc341e8f64054be7909dd7818cad155bef2,184,700-701,16952,ハンノキ,カバノキ科,exact_japanese_name,include,2026-07-11,原典画像（PDF p.184、冊子p.700-701）で「ハンノキ」欄の「シロトラカミキリ」を確認。
kamikiri-host-index-184-191-0001,species-21885,アオヒメスギカミキリ,アオヒメスギカミキリ,日本産カミキリムシ,日本産カミキリムシ_compressed.pdf,52299895c14c1fd1c74279dca00f6fd9ba64d36d69e3bf3dd9c3a29a92802e77,efb17b5912fbb2c144dab4d99924dbc341e8f64054be7909dd7818cad155bef2,184,700-701,16952,ハンノキ,カバノキ科,reviewed_source_crosswalk,include,2026-07-11,原典画像（PDF p.184、冊子p.700-701）で「ハンノキ」欄の「アオヒメスギカミキリ」を確認。監査済み名対応表との一致を確認。
kamikiri-host-index-184-191-0004,species-21976,キスジトラカミキリ,キスジトラカミキリ,日本産カミキリムシ,日本産カミキリムシ_compressed.pdf,52299895c14c1fd1c74279dca00f6fd9ba64d36d69e3bf3dd9c3a29a92802e77,efb17b5912fbb2c144dab4d99924dbc341e8f64054be7909dd7818cad155bef2,184,700-701,16952,ハンノキ,カバノキ科,exact_japanese_name,include,2026-07-11,原典画像（PDF p.184、冊子p.700-701）で「ハンノキ」欄の「キスジトラカミキリ」を確認。
kamikiri-host-index-184-191-0003,species-21988,エグリトラカミキリ,エグリトラカミキリ,日本産カミキリムシ,日本産カミキリムシ_compressed.pdf,52299895c14c1fd1c74279dca00f6fd9ba64d36d69e3bf3dd9c3a29a92802e77,efb17b5912fbb2c144dab4d99924dbc341e8f64054be7909dd7818cad155bef2,184,700-701,16952,ハンノキ,カバノキ科,exact_japanese_name,include,2026-07-11,原典画像（PDF p.184、冊子p.700-701）で「ハンノキ」欄の「エグリトラカミキリ」を確認。
kamikiri-host-index-184-191-0019,species-22025,ホソトラカミキリ,ホソトラカミキリ,日本産カミキリムシ,日本産カミキリムシ_compressed.pdf,52299895c14c1fd1c74279dca00f6fd9ba64d36d69e3bf3dd9c3a29a92802e77,efb17b5912fbb2c144dab4d99924dbc341e8f64054be7909dd7818cad155bef2,184,700-701,16952,ハンノキ,カバノキ科,exact_japanese_name,include,2026-07-11,原典画像（PDF p.184、冊子p.700-701）で「ハンノキ」欄の「ホソトラカミキリ」を確認。
kamikiri-host-index-184-191-0007,species-22033,クワヤマトラカミキリ,クワヤマトラカミキリ,日本産カミキリムシ,日本産カミキリムシ_compressed.pdf,52299895c14c1fd1c74279dca00f6fd9ba64d36d69e3bf3dd9c3a29a92802e77,efb17b5912fbb2c144dab4d99924dbc341e8f64054be7909dd7818cad155bef2,184,700-701,16952,ハンノキ,カバノキ科,exact_japanese_name,include,2026-07-11,原典画像（PDF p.184、冊子p.700-701）で「ハンノキ」欄の「クワヤマトラカミキリ」を確認。
kamikiri-host-index-184-191-0012,species-22044,ツマキトラカミキリ,ツマキトラカミキリ,日本産カミキリムシ,日本産カミキリムシ_compressed.pdf,52299895c14c1fd1c74279dca00f6fd9ba64d36d69e3bf3dd9c3a29a92802e77,efb17b5912fbb2c144dab4d99924dbc341e8f64054be7909dd7818cad155bef2,184,700-701,16952,ハンノキ,カバノキ科,reviewed_source_crosswalk,include,2026-07-11,原典画像（PDF p.184、冊子p.700-701）で「ハンノキ」欄の「ツマキトラカミキリ」を確認。監査済み名対応表との一致を確認。
kamikiri-host-index-184-191-0002,species-22045,ウスイロトラカミキリ,ウスイロトラカミキリ,日本産カミキリムシ,日本産カミキリムシ_compressed.pdf,52299895c14c1fd1c74279dca00f6fd9ba64d36d69e3bf3dd9c3a29a92802e77,efb17b5912fbb2c144dab4d99924dbc341e8f64054be7909dd7818cad155bef2,184,700-701,16952,ハンノキ,カバノキ科,exact_japanese_name,include,2026-07-11,原典画像（PDF p.184、冊子p.700-701）で「ハンノキ」欄の「ウスイロトラカミキリ」を確認。
kamikiri-host-index-184-191-0014,species-22046,ニイジマトラカミキリ,ニイジマトラカミキリ,日本産カミキリムシ,日本産カミキリムシ_compressed.pdf,52299895c14c1fd1c74279dca00f6fd9ba64d36d69e3bf3dd9c3a29a92802e77,efb17b5912fbb2c144dab4d99924dbc341e8f64054be7909dd7818cad155bef2,184,700-701,16952,ハンノキ,カバノキ科,exact_japanese_name,include,2026-07-11,原典画像（PDF p.184、冊子p.700-701）で「ハンノキ」欄の「ニイジマトラカミキリ」を確認。
kamikiri-host-index-184-191-0005,species-22247,キモンハナカミキリ,キモンハナカミキリ,日本産カミキリムシ,日本産カミキリムシ_compressed.pdf,52299895c14c1fd1c74279dca00f6fd9ba64d36d69e3bf3dd9c3a29a92802e77,efb17b5912fbb2c144dab4d99924dbc341e8f64054be7909dd7818cad155bef2,184,700-701,16952,ハンノキ,カバノキ科,exact_japanese_name,include,2026-07-11,原典画像（PDF p.184、冊子p.700-701）で「ハンノキ」欄の「キモンハナカミキリ」を確認。
kamikiri-host-index-184-191-0013,species-22515,トゲバカミキリ,トゲバカミキリ,日本産カミキリムシ,日本産カミキリムシ_compressed.pdf,52299895c14c1fd1c74279dca00f6fd9ba64d36d69e3bf3dd9c3a29a92802e77,efb17b5912fbb2c144dab4d99924dbc341e8f64054be7909dd7818cad155bef2,184,700-701,16952,ハンノキ,カバノキ科,exact_japanese_name,include,2026-07-11,原典画像（PDF p.184、冊子p.700-701）で「ハンノキ」欄の「トゲバカミキリ」を確認。
kamikiri-host-index-184-191-0008,species-22529,ゴイシモモブトカミキリ,ゴイシモモブトカミキリ,日本産カミキリムシ,日本産カミキリムシ_compressed.pdf,52299895c14c1fd1c74279dca00f6fd9ba64d36d69e3bf3dd9c3a29a92802e77,efb17b5912fbb2c144dab4d99924dbc341e8f64054be7909dd7818cad155bef2,184,700-701,16952,ハンノキ,カバノキ科,exact_japanese_name,include,2026-07-11,原典画像（PDF p.184、冊子p.700-701）で「ハンノキ」欄の「ゴイシモモブトカミキリ」を確認。
kamikiri-host-index-184-191-0010,species-22654,シロスジカミキリ,シロスジカミキリ,日本産カミキリムシ,日本産カミキリムシ_compressed.pdf,52299895c14c1fd1c74279dca00f6fd9ba64d36d69e3bf3dd9c3a29a92802e77,efb17b5912fbb2c144dab4d99924dbc341e8f64054be7909dd7818cad155bef2,184,700-701,16952,ハンノキ,カバノキ科,exact_japanese_name,include,2026-07-11,原典画像（PDF p.184、冊子p.700-701）で「ハンノキ」欄の「シロスジカミキリ」を確認。
KDB-0003,species-22735,ビロウドカミキリ 基亜種,ビロウドカミキリ,日本産カミキリムシ,日本産カミキリムシ_compressed.pdf,52299895c14c1fd1c74279dca00f6fd9ba64d36d69e3bf3dd9c3a29a92802e77,efb17b5912fbb2c144dab4d99924dbc341e8f64054be7909dd7818cad155bef2,184,700-701,16952,ハンノキ,カバノキ科,exact_derived_base_name,include,2026-07-11,索引PDF p.184で学名が基亜種として明示され、種解説PDF p.128の基亜種見出しおよび normalized_data/insects.csv の同種群と一致
KDB-0002,species-22801,マヤサンコブヤハズカミキリ 基亜種,マヤサンコブヤハズカミキリ,日本産カミキリムシ,日本産カミキリムシ_compressed.pdf,52299895c14c1fd1c74279dca00f6fd9ba64d36d69e3bf3dd9c3a29a92802e77,efb17b5912fbb2c144dab4d99924dbc341e8f64054be7909dd7818cad155bef2,184,700-701,16952,ハンノキ,カバノキ科,exact_derived_base_name,exclude_ocr_or_boundary,2026-07-11,索引画像は Mesechthistatus furciferus meridionalis を明示。種解説PDF p.121および同種群では現行ID species-22802（中部地方亜種）に対応し、基亜種候補には帰属しない
kamikiri-host-index-184-191-0009,species-22862,シロオビゴマフカミキリ,シロオビゴマフカミキリ,日本産カミキリムシ,日本産カミキリムシ_compressed.pdf,52299895c14c1fd1c74279dca00f6fd9ba64d36d69e3bf3dd9c3a29a92802e77,efb17b5912fbb2c144dab4d99924dbc341e8f64054be7909dd7818cad155bef2,184,700-701,16952,ハンノキ,カバノキ科,exact_japanese_name,include,2026-07-11,原典画像（PDF p.184、冊子p.700-701）で「ハンノキ」欄の「シロオビゴマフカミキリ」を確認。
kamikiri-host-index-184-191-0006,species-22941,クワサビカミキリ,クワサビカミキリ,日本産カミキリムシ,日本産カミキリムシ_compressed.pdf,52299895c14c1fd1c74279dca00f6fd9ba64d36d69e3bf3dd9c3a29a92802e77,efb17b5912fbb2c144dab4d99924dbc341e8f64054be7909dd7818cad155bef2,184,700-701,16952,ハンノキ,カバノキ科,exact_japanese_name,include,2026-07-11,原典画像（PDF p.184、冊子p.700-701）で「ハンノキ」欄の「クワサビカミキリ」を確認。
kamikiri-host-index-184-191-0017,species-22975,ハンノキカミキリ,ハンノキカミキリ,日本産カミキリムシ,日本産カミキリムシ_compressed.pdf,52299895c14c1fd1c74279dca00f6fd9ba64d36d69e3bf3dd9c3a29a92802e77,efb17b5912fbb2c144dab4d99924dbc341e8f64054be7909dd7818cad155bef2,184,700-701,16952,ハンノキ,カバノキ科,exact_japanese_name,include,2026-07-11,原典画像（PDF p.184、冊子p.700-701）で「ハンノキ」欄の「ハンノキカミキリ」を確認。
kamikiri-host-index-184-191-0016,species-23030,ニセリンゴカミキリ,ニセリンゴカミキリ,日本産カミキリムシ,日本産カミキリムシ_compressed.pdf,52299895c14c1fd1c74279dca00f6fd9ba64d36d69e3bf3dd9c3a29a92802e77,efb17b5912fbb2c144dab4d99924dbc341e8f64054be7909dd7818cad155bef2,184,700-701,16952,ハンノキ,カバノキ科,exact_japanese_name,include,2026-07-11,原典画像（PDF p.184、冊子p.700-701）で「ハンノキ」欄の「ニセリンゴカミキリ」を確認。
kamikiri-host-index-184-191-0015,species-23046,ニセシラホシカミキリ,ニセシラホシカミキリ,日本産カミキリムシ,日本産カミキリムシ_compressed.pdf,52299895c14c1fd1c74279dca00f6fd9ba64d36d69e3bf3dd9c3a29a92802e77,efb17b5912fbb2c144dab4d99924dbc341e8f64054be7909dd7818cad155bef2,184,700-701,16952,ハンノキ,カバノキ科,exact_japanese_name,include,2026-07-11,原典画像（PDF p.184、冊子p.700-701）で「ハンノキ」欄の「ニセシラホシカミキリ」を確認。
kamikiri-host-index-184-191-0018,species-23061,ブロイニングカミキリ,ブロイニングカミキリ,日本産カミキリムシ,日本産カミキリムシ_compressed.pdf,52299895c14c1fd1c74279dca00f6fd9ba64d36d69e3bf3dd9c3a29a92802e77,efb17b5912fbb2c144dab4d99924dbc341e8f64054be7909dd7818cad155bef2,184,700-701,16952,ハンノキ,カバノキ科,exact_japanese_name,include,2026-07-11,原典画像（PDF p.184、冊子p.700-701）で「ハンノキ」欄の「ブロイニングカミキリ」を確認。
kamikiri-host-index-184-191-0024,species-22065,マルクビケマダラカミキリ,マルクビケマダラカミキリ,日本産カミキリムシ,日本産カミキリムシ_compressed.pdf,52299895c14c1fd1c74279dca00f6fd9ba64d36d69e3bf3dd9c3a29a92802e77,efb17b5912fbb2c144dab4d99924dbc341e8f64054be7909dd7818cad155bef2,184,700-701,16984,ミヤマハンノキ,カバノキ科,exact_japanese_name,include,2026-07-11,原典画像（PDF p.184、冊子p.700-701）で「ミヤマハンノキ」欄の「マルクビケマダラカミキリ」を確認。
kamikiri-host-index-184-191-0022,species-22642,シロオビチビカミキリ 基亜種,シロオビチビカミキリ,日本産カミキリムシ,日本産カミキリムシ_compressed.pdf,52299895c14c1fd1c74279dca00f6fd9ba64d36d69e3bf3dd9c3a29a92802e77,efb17b5912fbb2c144dab4d99924dbc341e8f64054be7909dd7818cad155bef2,184,700-701,16984,ミヤマハンノキ,カバノキ科,reviewed_source_crosswalk,include,2026-07-11,原典画像（PDF p.184、冊子p.700-701）で「ミヤマハンノキ」欄の「シロオビチビカミキリ」を確認。原典名「シロオビチビカミキリ」を現行名「シロオビチビカミキリ 基亜種」へ照合。
kamikiri-host-index-184-191-0021,species-22764,ゴマダラカミキリ,ゴマダラカミキリ,日本産カミキリムシ,日本産カミキリムシ_compressed.pdf,52299895c14c1fd1c74279dca00f6fd9ba64d36d69e3bf3dd9c3a29a92802e77,efb17b5912fbb2c144dab4d99924dbc341e8f64054be7909dd7818cad155bef2,184,700-701,16984,ミヤマハンノキ,カバノキ科,exact_japanese_name,include,2026-07-11,原典画像（PDF p.184、冊子p.700-701）で「ミヤマハンノキ」欄の「ゴマダラカミキリ」を確認。
KDB-0005,species-22786,ヒメヒゲナガカミキリ 基亜種,ヒメヒゲナガカミキリ,日本産カミキリムシ,日本産カミキリムシ_compressed.pdf,52299895c14c1fd1c74279dca00f6fd9ba64d36d69e3bf3dd9c3a29a92802e77,efb17b5912fbb2c144dab4d99924dbc341e8f64054be7909dd7818cad155bef2,184,700-701,16984,ミヤマハンノキ,カバノキ科,exact_derived_base_name,include,2026-07-11,索引PDF p.184で学名が基亜種として明示され、種解説PDF p.124の基亜種見出しおよび normalized_data/insects.csv の同種群と一致
KDB-0004,species-22908,アカガネカミキリ 基亜種,アカガネカミキリ,日本産カミキリムシ,日本産カミキリムシ_compressed.pdf,52299895c14c1fd1c74279dca00f6fd9ba64d36d69e3bf3dd9c3a29a92802e77,efb17b5912fbb2c144dab4d99924dbc341e8f64054be7909dd7818cad155bef2,184,700-701,16984,ミヤマハンノキ,カバノキ科,exact_derived_base_name,include,2026-07-11,索引PDF p.184で学名が基亜種として明示され、種解説PDF p.119の基亜種見出しおよび normalized_data/insects.csv の同種群と一致
kamikiri-host-index-184-191-0020,species-22970,エゾサビカミキリ,エゾサビカミキリ,日本産カミキリムシ,日本産カミキリムシ_compressed.pdf,52299895c14c1fd1c74279dca00f6fd9ba64d36d69e3bf3dd9c3a29a92802e77,efb17b5912fbb2c144dab4d99924dbc341e8f64054be7909dd7818cad155bef2,184,700-701,16984,ミヤマハンノキ,カバノキ科,exact_japanese_name,include,2026-07-11,原典画像（PDF p.184、冊子p.700-701）で「ミヤマハンノキ」欄の「エゾサビカミキリ」を確認。
kamikiri-host-index-184-191-0023,species-22975,ハンノキカミキリ,ハンノキカミキリ,日本産カミキリムシ,日本産カミキリムシ_compressed.pdf,52299895c14c1fd1c74279dca00f6fd9ba64d36d69e3bf3dd9c3a29a92802e77,efb17b5912fbb2c144dab4d99924dbc341e8f64054be7909dd7818cad155bef2,184,700-701,16984,ミヤマハンノキ,カバノキ科,exact_japanese_name,include,2026-07-11,原典画像（PDF p.184、冊子p.700-701）で「ミヤマハンノキ」欄の「ハンノキカミキリ」を確認。
kamikiri-host-index-184-191-0025,species-22045,ウスイロトラカミキリ,ウスイロトラカミキリ,日本産カミキリムシ,日本産カミキリムシ_compressed.pdf,52299895c14c1fd1c74279dca00f6fd9ba64d36d69e3bf3dd9c3a29a92802e77,efb17b5912fbb2c144dab4d99924dbc341e8f64054be7909dd7818cad155bef2,184,700-701,16989,ヒメヤシャブシ,カバノキ科,exact_japanese_name,include,2026-07-11,原典画像（PDF p.184、冊子p.700-701）で「ヒメヤシャブシ」欄の「ウスイロトラカミキリ」を確認。
kamikiri-host-index-184-191-0026,species-22526,ケシカミキリ,ケシカミキリ,日本産カミキリムシ,日本産カミキリムシ_compressed.pdf,52299895c14c1fd1c74279dca00f6fd9ba64d36d69e3bf3dd9c3a29a92802e77,efb17b5912fbb2c144dab4d99924dbc341e8f64054be7909dd7818cad155bef2,184,700-701,16989,ヒメヤシャブシ,カバノキ科,exact_japanese_name,include,2026-07-11,原典画像（PDF p.184、冊子p.700-701）で「ヒメヤシャブシ」欄の「ケシカミキリ」を確認。
kamikiri-host-index-184-191-0027,species-22764,ゴマダラカミキリ,ゴマダラカミキリ,日本産カミキリムシ,日本産カミキリムシ_compressed.pdf,52299895c14c1fd1c74279dca00f6fd9ba64d36d69e3bf3dd9c3a29a92802e77,efb17b5912fbb2c144dab4d99924dbc341e8f64054be7909dd7818cad155bef2,184,700-701,16989,ヒメヤシャブシ,カバノキ科,exact_japanese_name,include,2026-07-11,原典画像（PDF p.184、冊子p.700-701）で「ヒメヤシャブシ」欄の「ゴマダラカミキリ」を確認。
kamikiri-host-index-184-191-0028,species-22975,ハンノキカミキリ,ハンノキカミキリ,日本産カミキリムシ,日本産カミキリムシ_compressed.pdf,52299895c14c1fd1c74279dca00f6fd9ba64d36d69e3bf3dd9c3a29a92802e77,efb17b5912fbb2c144dab4d99924dbc341e8f64054be7909dd7818cad155bef2,184,700-701,16989,ヒメヤシャブシ,カバノキ科,exact_japanese_name,include,2026-07-11,原典画像（PDF p.184、冊子p.700-701）で「ヒメヤシャブシ」欄の「ハンノキカミキリ」を確認。
KDB-0006,species-21904,リュウキュウヒメカミキリ 基亜種,リュウキュウヒメカミキリ,日本産カミキリムシ,日本産カミキリムシ_compressed.pdf,52299895c14c1fd1c74279dca00f6fd9ba64d36d69e3bf3dd9c3a29a92802e77,efb17b5912fbb2c144dab4d99924dbc341e8f64054be7909dd7818cad155bef2,184,700-701,16994,オオバヤシャブシ,カバノキ科,exact_derived_base_name,include,2026-07-11,索引PDF p.184で学名が基亜種として明示され、種解説PDF p.53の基亜種見出しおよび normalized_data/insects.csv の同種群と一致
kamikiri-host-index-184-191-0036,species-21908,ヨコヤマヒメカミキリ,ヨコヤマヒメカミキリ,日本産カミキリムシ,日本産カミキリムシ_compressed.pdf,52299895c14c1fd1c74279dca00f6fd9ba64d36d69e3bf3dd9c3a29a92802e77,efb17b5912fbb2c144dab4d99924dbc341e8f64054be7909dd7818cad155bef2,184,700-701,16994,オオバヤシャブシ,カバノキ科,exact_japanese_name,include,2026-07-11,原典画像（PDF p.184、冊子p.700-701）で「オオバヤシャブシ」欄の「ヨコヤマヒメカミキリ」を確認。
kamikiri-host-index-184-191-0034,species-21910,ヒゲナガヒメカミキリ,ヒゲナガヒメカミキリ,日本産カミキリムシ,日本産カミキリムシ_compressed.pdf,52299895c14c1fd1c74279dca00f6fd9ba64d36d69e3bf3dd9c3a29a92802e77,efb17b5912fbb2c144dab4d99924dbc341e8f64054be7909dd7818cad155bef2,184,700-701,16994,オオバヤシャブシ,カバノキ科,exact_japanese_name,include,2026-07-11,原典画像（PDF p.184、冊子p.700-701）で「オオバヤシャブシ」欄の「ヒゲナガヒメカミキリ」を確認。
kamikiri-host-index-184-191-0031,species-21914,チャイロヒメカミキリ 本土亜種,ニホンチャイロヒメカミキリ,日本産カミキリムシ,日本産カミキリムシ_compressed.pdf,52299895c14c1fd1c74279dca00f6fd9ba64d36d69e3bf3dd9c3a29a92802e77,efb17b5912fbb2c144dab4d99924dbc341e8f64054be7909dd7818cad155bef2,184,700-701,16994,オオバヤシャブシ,カバノキ科,exact_alternative_name,include,2026-07-11,原典画像（PDF p.184、冊子p.700-701）で「オオバヤシャブシ」欄の「ニホンチャイロヒメカミキリ」を確認。原典名「ニホンチャイロヒメカミキリ」を現行名「チャイロヒメカミキリ 本土亜種」へ照合。
kamikiri-host-index-184-191-0029,species-21976,キスジトラカミキリ,キスジトラカミキリ,日本産カミキリムシ,日本産カミキリムシ_compressed.pdf,52299895c14c1fd1c74279dca00f6fd9ba64d36d69e3bf3dd9c3a29a92802e77,efb17b5912fbb2c144dab4d99924dbc341e8f64054be7909dd7818cad155bef2,184,700-701,16994,オオバヤシャブシ,カバノキ科,exact_japanese_name,include,2026-07-11,原典画像（PDF p.184、冊子p.700-701）で「オオバヤシャブシ」欄の「キスジトラカミキリ」を確認。
kamikiri-host-index-184-191-0035,species-21984,ヨコヤマトラカミキリ,ヨコヤマトラカミキリ,日本産カミキリムシ,日本産カミキリムシ_compressed.pdf,52299895c14c1fd1c74279dca00f6fd9ba64d36d69e3bf3dd9c3a29a92802e77,efb17b5912fbb2c144dab4d99924dbc341e8f64054be7909dd7818cad155bef2,184,700-701,16994,オオバヤシャブシ,カバノキ科,exact_japanese_name,include,2026-07-11,原典画像（PDF p.184、冊子p.700-701）で「オオバヤシャブシ」欄の「ヨコヤマトラカミキリ」を確認。
KDB-0007,species-21990,フタオビミドリトラカミキリ 基亜種,フタオビミドリトラカミキリ,日本産カミキリムシ,日本産カミキリムシ_compressed.pdf,52299895c14c1fd1c74279dca00f6fd9ba64d36d69e3bf3dd9c3a29a92802e77,efb17b5912fbb2c144dab4d99924dbc341e8f64054be7909dd7818cad155bef2,184,700-701,16994,オオバヤシャブシ,カバノキ科,exact_derived_base_name,needs_review,2026-07-11,索引と種解説PDF p.84はいずれも Chlorophorus muscosus の種レベル記述。現行insects.csvでは同種群が複数亜種に分かれるが、索引の寄主記録に産地がなく基亜種へ一意に帰属できない
kamikiri-host-index-184-191-0032,species-22537,ハスオビヒゲナガカミキリ,ハスオビヒゲナガカミキリ,日本産カミキリムシ,日本産カミキリムシ_compressed.pdf,52299895c14c1fd1c74279dca00f6fd9ba64d36d69e3bf3dd9c3a29a92802e77,efb17b5912fbb2c144dab4d99924dbc341e8f64054be7909dd7818cad155bef2,184,700-701,16994,オオバヤシャブシ,カバノキ科,exact_japanese_name,include,2026-07-11,原典画像（PDF p.184、冊子p.700-701）で「オオバヤシャブシ」欄の「ハスオビヒゲナガカミキリ」を確認。
kamikiri-host-index-184-191-0030,species-22764,ゴマダラカミキリ,ゴマダラカミキリ,日本産カミキリムシ,日本産カミキリムシ_compressed.pdf,52299895c14c1fd1c74279dca00f6fd9ba64d36d69e3bf3dd9c3a29a92802e77,efb17b5912fbb2c144dab4d99924dbc341e8f64054be7909dd7818cad155bef2,184,700-701,16994,オオバヤシャブシ,カバノキ科,exact_japanese_name,include,2026-07-11,原典画像（PDF p.184、冊子p.700-701）で「オオバヤシャブシ」欄の「ゴマダラカミキリ」を確認。
KDB-0008,species-22890,カタシロゴマフカミキリ 基亜種,カタシロゴマフカミキリ,日本産カミキリムシ,日本産カミキリムシ_compressed.pdf,52299895c14c1fd1c74279dca00f6fd9ba64d36d69e3bf3dd9c3a29a92802e77,efb17b5912fbb2c144dab4d99924dbc341e8f64054be7909dd7818cad155bef2,184,700-701,16994,オオバヤシャブシ,カバノキ科,exact_derived_base_name,include,2026-07-11,索引PDF p.184で学名が基亜種として明示され、種解説PDF p.94の基亜種見出しおよび normalized_data/insects.csv の同種群と一致
kamikiri-host-index-184-191-0033,species-22975,ハンノキカミキリ,ハンノキカミキリ,日本産カミキリムシ,日本産カミキリムシ_compressed.pdf,52299895c14c1fd1c74279dca00f6fd9ba64d36d69e3bf3dd9c3a29a92802e77,efb17b5912fbb2c144dab4d99924dbc341e8f64054be7909dd7818cad155bef2,184,700-701,16994,オオバヤシャブシ,カバノキ科,exact_japanese_name,include,2026-07-11,原典画像（PDF p.184、冊子p.700-701）で「オオバヤシャブシ」欄の「ハンノキカミキリ」を確認。
KDB-0009,13-1,ノコギリカミキリ 基亜種,ノコギリカミキリ,日本産カミキリムシ,日本産カミキリムシ_compressed.pdf,52299895c14c1fd1c74279dca00f6fd9ba64d36d69e3bf3dd9c3a29a92802e77,efb17b5912fbb2c144dab4d99924dbc341e8f64054be7909dd7818cad155bef2,184,700-701,17006,ハンノキ類,カバノキ科,exact_derived_base_name,include,2026-07-11,索引PDF p.184で学名が基亜種として明示され、種解説PDF p.5の基亜種見出しおよび normalized_data/insects.csv の同種群と一致
kamikiri-host-index-184-191-0042,species-21974,シラケトラカミキリ,シラケトラカミキリ,日本産カミキリムシ,日本産カミキリムシ_compressed.pdf,52299895c14c1fd1c74279dca00f6fd9ba64d36d69e3bf3dd9c3a29a92802e77,efb17b5912fbb2c144dab4d99924dbc341e8f64054be7909dd7818cad155bef2,184,700-701,17006,ハンノキ類,カバノキ科,exact_japanese_name,include,2026-07-11,原典画像（PDF p.184、冊子p.700-701）で「ハンノキ類」欄の「シラケトラカミキリ」を確認。
kamikiri-host-index-184-191-0038,species-21976,キスジトラカミキリ,キスジトラカミキリ,日本産カミキリムシ,日本産カミキリムシ_compressed.pdf,52299895c14c1fd1c74279dca00f6fd9ba64d36d69e3bf3dd9c3a29a92802e77,efb17b5912fbb2c144dab4d99924dbc341e8f64054be7909dd7818cad155bef2,184,700-701,17006,ハンノキ類,カバノキ科,exact_japanese_name,include,2026-07-11,原典画像（PDF p.184、冊子p.700-701）で「ハンノキ類」欄の「キスジトラカミキリ」を確認。
kamikiri-host-index-184-191-0044,species-22044,ツマキトラカミキリ,ツマキトラカミキリ,日本産カミキリムシ,日本産カミキリムシ_compressed.pdf,52299895c14c1fd1c74279dca00f6fd9ba64d36d69e3bf3dd9c3a29a92802e77,efb17b5912fbb2c144dab4d99924dbc341e8f64054be7909dd7818cad155bef2,184,700-701,17006,ハンノキ類,カバノキ科,reviewed_source_crosswalk,include,2026-07-11,原典画像（PDF p.184、冊子p.700-701）で「ハンノキ類」欄の「ツマキトラカミキリ」を確認。監査済み名対応表との一致を確認。
kamikiri-host-index-184-191-0037,species-22045,ウスイロトラカミキリ,ウスイロトラカミキリ,日本産カミキリムシ,日本産カミキリムシ_compressed.pdf,52299895c14c1fd1c74279dca00f6fd9ba64d36d69e3bf3dd9c3a29a92802e77,efb17b5912fbb2c144dab4d99924dbc341e8f64054be7909dd7818cad155bef2,184,700-701,17006,ハンノキ類,カバノキ科,exact_japanese_name,include,2026-07-11,原典画像（PDF p.184、冊子p.700-701）で「ハンノキ類」欄の「ウスイロトラカミキリ」を確認。
kamikiri-host-index-184-191-0046,species-22046,ニイジマトラカミキリ,ニイジマトラカミキリ,日本産カミキリムシ,日本産カミキリムシ_compressed.pdf,52299895c14c1fd1c74279dca00f6fd9ba64d36d69e3bf3dd9c3a29a92802e77,efb17b5912fbb2c144dab4d99924dbc341e8f64054be7909dd7818cad155bef2,184,700-701,17006,ハンノキ類,カバノキ科,exact_japanese_name,include,2026-07-11,原典画像（PDF p.184、冊子p.700-701）で「ハンノキ類」欄の「ニイジマトラカミキリ」を確認。
kamikiri-host-index-184-191-0040,species-22498,ゴマダラモモブトカミキリ,ゴマダラモモブトカミキリ,日本産カミキリムシ,日本産カミキリムシ_compressed.pdf,52299895c14c1fd1c74279dca00f6fd9ba64d36d69e3bf3dd9c3a29a92802e77,efb17b5912fbb2c144dab4d99924dbc341e8f64054be7909dd7818cad155bef2,184,700-701,17006,ハンノキ類,カバノキ科,exact_japanese_name,include,2026-07-11,原典画像（PDF p.184、冊子p.700-701）で「ハンノキ類」欄の「ゴマダラモモブトカミキリ」を確認。
kamikiri-host-index-184-191-0045,species-22515,トゲバカミキリ,トゲバカミキリ,日本産カミキリムシ,日本産カミキリムシ_compressed.pdf,52299895c14c1fd1c74279dca00f6fd9ba64d36d69e3bf3dd9c3a29a92802e77,efb17b5912fbb2c144dab4d99924dbc341e8f64054be7909dd7818cad155bef2,184,700-701,17006,ハンノキ類,カバノキ科,exact_japanese_name,include,2026-07-11,原典画像（PDF p.184、冊子p.700-701）で「ハンノキ類」欄の「トゲバカミキリ」を確認。
kamikiri-host-index-184-191-0039,species-22764,ゴマダラカミキリ,ゴマダラカミキリ,日本産カミキリムシ,日本産カミキリムシ_compressed.pdf,52299895c14c1fd1c74279dca00f6fd9ba64d36d69e3bf3dd9c3a29a92802e77,efb17b5912fbb2c144dab4d99924dbc341e8f64054be7909dd7818cad155bef2,184,700-701,17006,ハンノキ類,カバノキ科,exact_japanese_name,include,2026-07-11,原典画像（PDF p.184、冊子p.700-701）で「ハンノキ類」欄の「ゴマダラカミキリ」を確認。
kamikiri-host-index-184-191-0043,species-22867,タテスジゴマフカミキリ,タテスジゴマフカミキリ,日本産カミキリムシ,日本産カミキリムシ_compressed.pdf,52299895c14c1fd1c74279dca00f6fd9ba64d36d69e3bf3dd9c3a29a92802e77,efb17b5912fbb2c144dab4d99924dbc341e8f64054be7909dd7818cad155bef2,184,700-701,17006,ハンノキ類,カバノキ科,exact_japanese_name,include,2026-07-11,原典画像（PDF p.184、冊子p.700-701）で「ハンノキ類」欄の「タテスジゴマフカミキリ」を確認。
kamikiri-host-index-184-191-0041,species-22871,ゴマフカミキリ,ゴマフカミキリ,日本産カミキリムシ,日本産カミキリムシ_compressed.pdf,52299895c14c1fd1c74279dca00f6fd9ba64d36d69e3bf3dd9c3a29a92802e77,efb17b5912fbb2c144dab4d99924dbc341e8f64054be7909dd7818cad155bef2,184,700-701,17006,ハンノキ類,カバノキ科,exact_japanese_name,include,2026-07-11,原典画像（PDF p.184、冊子p.700-701）で「ハンノキ類」欄の「ゴマフカミキリ」を確認。
kamikiri-host-index-184-191-0047,species-22764,ゴマダラカミキリ,ゴマダラカミキリ,日本産カミキリムシ,日本産カミキリムシ_compressed.pdf,52299895c14c1fd1c74279dca00f6fd9ba64d36d69e3bf3dd9c3a29a92802e77,efb17b5912fbb2c144dab4d99924dbc341e8f64054be7909dd7818cad155bef2,184,700-701,17016,ヤシャブシ類,カバノキ科,exact_japanese_name,include,2026-07-11,原典画像（PDF p.184、冊子p.700-701）で「ヤシャブシ類」欄の「ゴマダラカミキリ」を確認。
kamikiri-host-index-184-191-0048,species-22975,ハンノキカミキリ,ハンノキカミキリ,日本産カミキリムシ,日本産カミキリムシ_compressed.pdf,52299895c14c1fd1c74279dca00f6fd9ba64d36d69e3bf3dd9c3a29a92802e77,efb17b5912fbb2c144dab4d99924dbc341e8f64054be7909dd7818cad155bef2,184,700-701,17016,ヤシャブシ類,カバノキ科,exact_japanese_name,include,2026-07-11,原典画像（PDF p.184、冊子p.700-701）で「ヤシャブシ類」欄の「ハンノキカミキリ」を確認。
KDB-0010,1-1,ウスバカミキリ 基亜種,ウスバカミキリ,日本産カミキリムシ,日本産カミキリムシ_compressed.pdf,52299895c14c1fd1c74279dca00f6fd9ba64d36d69e3bf3dd9c3a29a92802e77,efb17b5912fbb2c144dab4d99924dbc341e8f64054be7909dd7818cad155bef2,184,700-701,17018,ダケカンバ,カバノキ科,exact_derived_base_name,include,2026-07-11,索引PDF p.184で学名が基亜種として明示され、種解説PDF p.4の基亜種見出しおよび normalized_data/insects.csv の同種群と一致
kamikiri-host-index-184-191-0053,species-22186,テツイロハナカミキリ,テツイロハナカミキリ,日本産カミキリムシ,日本産カミキリムシ_compressed.pdf,52299895c14c1fd1c74279dca00f6fd9ba64d36d69e3bf3dd9c3a29a92802e77,efb17b5912fbb2c144dab4d99924dbc341e8f64054be7909dd7818cad155bef2,184,700-701,17018,ダケカンバ,カバノキ科,exact_japanese_name,include,2026-07-11,原典画像（PDF p.184、冊子p.700-701）で「ダケカンバ」欄の「テツイロハナカミキリ」を確認。
kamikiri-host-index-184-191-0054,species-22250,ハネビロハナカミキリ,ハネビロハナカミキリ,日本産カミキリムシ,日本産カミキリムシ_compressed.pdf,52299895c14c1fd1c74279dca00f6fd9ba64d36d69e3bf3dd9c3a29a92802e77,efb17b5912fbb2c144dab4d99924dbc341e8f64054be7909dd7818cad155bef2,184,700-701,17018,ダケカンバ,カバノキ科,exact_japanese_name,include,2026-07-11,原典画像（PDF p.184、冊子p.700-701）で「ダケカンバ」欄の「ハネビロハナカミキリ」を確認。
KDB-0011,species-22251,ヨツスジハナカミキリ 基亜種,ヨツスジハナカミキリ,日本産カミキリムシ,日本産カミキリムシ_compressed.pdf,52299895c14c1fd1c74279dca00f6fd9ba64d36d69e3bf3dd9c3a29a92802e77,efb17b5912fbb2c144dab4d99924dbc341e8f64054be7909dd7818cad155bef2,184,700-701,17018,ダケカンバ,カバノキ科,exact_derived_base_name,include,2026-07-11,索引PDF p.184で学名が基亜種として明示され、種解説PDF p.37の基亜種見出しおよび normalized_data/insects.csv の同種群と一致
kamikiri-host-index-184-191-0052,species-22263,クロオオハナカミキリ,クロオオハナカミキリ,日本産カミキリムシ,日本産カミキリムシ_compressed.pdf,52299895c14c1fd1c74279dca00f6fd9ba64d36d69e3bf3dd9c3a29a92802e77,efb17b5912fbb2c144dab4d99924dbc341e8f64054be7909dd7818cad155bef2,184,700-701,17018,ダケカンバ,カバノキ科,exact_japanese_name,include,2026-07-11,原典画像（PDF p.184、冊子p.700-701）で「ダケカンバ」欄の「クロオオハナカミキリ」を確認。
kamikiri-host-index-184-191-0049,species-22317,アイヌホソコバネカミキリ,アイヌホソコバネカミキリ,日本産カミキリムシ,日本産カミキリムシ_compressed.pdf,52299895c14c1fd1c74279dca00f6fd9ba64d36d69e3bf3dd9c3a29a92802e77,efb17b5912fbb2c144dab4d99924dbc341e8f64054be7909dd7818cad155bef2,184,700-701,17018,ダケカンバ,カバノキ科,exact_japanese_name,include,2026-07-11,原典画像（PDF p.184、冊子p.700-701）で「ダケカンバ」欄の「アイヌホソコバネカミキリ」を確認。
kamikiri-host-index-184-191-0055,species-22324,ホソコバネカミキリ,ホソコバネカミキリ,日本産カミキリムシ,日本産カミキリムシ_compressed.pdf,52299895c14c1fd1c74279dca00f6fd9ba64d36d69e3bf3dd9c3a29a92802e77,efb17b5912fbb2c144dab4d99924dbc341e8f64054be7909dd7818cad155bef2,184,700-701,17018,ダケカンバ,カバノキ科,exact_japanese_name,include,2026-07-11,原典画像（PDF p.184、冊子p.700-701）で「ダケカンバ」欄の「ホソコバネカミキリ」を確認。
kamikiri-host-index-184-191-0050,species-22328,オオホソコバネカミキリ,オオホソコバネカミキリ,日本産カミキリムシ,日本産カミキリムシ_compressed.pdf,52299895c14c1fd1c74279dca00f6fd9ba64d36d69e3bf3dd9c3a29a92802e77,efb17b5912fbb2c144dab4d99924dbc341e8f64054be7909dd7818cad155bef2,184,700-701,17018,ダケカンバ,カバノキ科,exact_japanese_name,include,2026-07-11,原典画像（PDF p.184、冊子p.700-701）で「ダケカンバ」欄の「オオホソコバネカミキリ」を確認。
kamikiri-host-index-184-191-0051,species-22417,カクムネヒメハナカミキリ,カクムネヒメハナカミキリ,日本産カミキリムシ,日本産カミキリムシ_compressed.pdf,52299895c14c1fd1c74279dca00f6fd9ba64d36d69e3bf3dd9c3a29a92802e77,efb17b5912fbb2c144dab4d99924dbc341e8f64054be7909dd7818cad155bef2,184,700-701,17018,ダケカンバ,カバノキ科,exact_japanese_name,include,2026-07-11,原典画像（PDF p.184、冊子p.700-701）で「ダケカンバ」欄の「カクムネヒメハナカミキリ」を確認。
kamikiri-host-index-184-191-0066,species-21868,シロトラカミキリ,シロトラカミキリ,日本産カミキリムシ,日本産カミキリムシ_compressed.pdf,52299895c14c1fd1c74279dca00f6fd9ba64d36d69e3bf3dd9c3a29a92802e77,efb17b5912fbb2c144dab4d99924dbc341e8f64054be7909dd7818cad155bef2,185,702-703,17044,ミズメ,カバノキ科,exact_japanese_name,include,2026-07-11,OCR植物見出しの境界誤りを原典画像で訂正: ダケカンバ→ミズメ。原典画像（PDF p.185、冊子p.702-703）で「ミズメ」欄の「シロトラカミキリ」を確認。
kamikiri-host-index-184-191-0056,species-21988,エグリトラカミキリ,エグリトラカミキリ,日本産カミキリムシ,日本産カミキリムシ_compressed.pdf,52299895c14c1fd1c74279dca00f6fd9ba64d36d69e3bf3dd9c3a29a92802e77,efb17b5912fbb2c144dab4d99924dbc341e8f64054be7909dd7818cad155bef2,185,702-703,17044,ミズメ,カバノキ科,exact_japanese_name,include,2026-07-11,OCR植物見出しの境界誤りを原典画像で訂正: ダケカンバ→ミズメ。原典画像（PDF p.185、冊子p.702-703）で「ミズメ」欄の「エグリトラカミキリ」を確認。
kamikiri-host-index-184-191-0061,species-22030,クビアカトラカミキリ,クビアカトラカミキリ,日本産カミキリムシ,日本産カミキリムシ_compressed.pdf,52299895c14c1fd1c74279dca00f6fd9ba64d36d69e3bf3dd9c3a29a92802e77,efb17b5912fbb2c144dab4d99924dbc341e8f64054be7909dd7818cad155bef2,185,702-703,17044,ミズメ,カバノキ科,exact_japanese_name,include,2026-07-11,OCR植物見出しの境界誤りを原典画像で訂正: ダケカンバ→ミズメ。原典画像（PDF p.185、冊子p.702-703）で「ミズメ」欄の「クビアカトラカミキリ」を確認。
kamikiri-host-index-184-191-0070,species-22065,マルクビケマダラカミキリ,マルクビケマダラカミキリ,日本産カミキリムシ,日本産カミキリムシ_compressed.pdf,52299895c14c1fd1c74279dca00f6fd9ba64d36d69e3bf3dd9c3a29a92802e77,efb17b5912fbb2c144dab4d99924dbc341e8f64054be7909dd7818cad155bef2,185,702-703,17044,ミズメ,カバノキ科,exact_japanese_name,include,2026-07-11,OCR植物見出しの境界誤りを原典画像で訂正: ダケカンバ→ミズメ。原典画像（PDF p.185、冊子p.702-703）で「ミズメ」欄の「マルクビケマダラカミキリ」を確認。
kamikiri-host-index-184-191-0069,species-22274,ヒゲブトハナカミキリ,ヒゲブトハナカミキリ,日本産カミキリムシ,日本産カミキリムシ_compressed.pdf,52299895c14c1fd1c74279dca00f6fd9ba64d36d69e3bf3dd9c3a29a92802e77,efb17b5912fbb2c144dab4d99924dbc341e8f64054be7909dd7818cad155bef2,185,702-703,17044,ミズメ,カバノキ科,exact_japanese_name,include,2026-07-11,OCR植物見出しの境界誤りを原典画像で訂正: ダケカンバ→ミズメ。原典画像（PDF p.185、冊子p.702-703）で「ミズメ」欄の「ヒゲブトハナカミキリ」を確認。
kamikiri-host-index-184-191-0063,species-22498,ゴマダラモモブトカミキリ,ゴマダラモモブトカミキリ,日本産カミキリムシ,日本産カミキリムシ_compressed.pdf,52299895c14c1fd1c74279dca00f6fd9ba64d36d69e3bf3dd9c3a29a92802e77,efb17b5912fbb2c144dab4d99924dbc341e8f64054be7909dd7818cad155bef2,185,702-703,17044,ミズメ,カバノキ科,exact_japanese_name,include,2026-07-11,OCR植物見出しの境界誤りを原典画像で訂正: ダケカンバ→ミズメ。原典画像（PDF p.185、冊子p.702-703）で「ミズメ」欄の「ゴマダラモモブトカミキリ」を確認。
kamikiri-host-index-184-191-0067,species-22515,トゲバカミキリ,トゲバカミキリ,日本産カミキリムシ,日本産カミキリムシ_compressed.pdf,52299895c14c1fd1c74279dca00f6fd9ba64d36d69e3bf3dd9c3a29a92802e77,efb17b5912fbb2c144dab4d99924dbc341e8f64054be7909dd7818cad155bef2,185,702-703,17044,ミズメ,カバノキ科,exact_japanese_name,include,2026-07-11,OCR植物見出しの境界誤りを原典画像で訂正: ダケカンバ→ミズメ。原典画像（PDF p.185、冊子p.702-703）で「ミズメ」欄の「トゲバカミキリ」を確認。
kamikiri-host-index-184-191-0068,species-22558,ヒゲナガゴマフカミキリ,ヒゲナガゴマフカミキリ,日本産カミキリムシ,日本産カミキリムシ_compressed.pdf,52299895c14c1fd1c74279dca00f6fd9ba64d36d69e3bf3dd9c3a29a92802e77,efb17b5912fbb2c144dab4d99924dbc341e8f64054be7909dd7818cad155bef2,185,702-703,17044,ミズメ,カバノキ科,exact_japanese_name,include,2026-07-11,OCR植物見出しの境界誤りを原典画像で訂正: ダケカンバ→ミズメ。原典画像（PDF p.185、冊子p.702-703）で「ミズメ」欄の「ヒゲナガゴマフカミキリ」を確認。
kamikiri-host-index-184-191-0064,species-22642,シロオビチビカミキリ 基亜種,シロオビチビカミキリ,日本産カミキリムシ,日本産カミキリムシ_compressed.pdf,52299895c14c1fd1c74279dca00f6fd9ba64d36d69e3bf3dd9c3a29a92802e77,efb17b5912fbb2c144dab4d99924dbc341e8f64054be7909dd7818cad155bef2,185,702-703,17044,ミズメ,カバノキ科,reviewed_source_crosswalk,include,2026-07-11,OCR植物見出しの境界誤りを原典画像で訂正: ダケカンバ→ミズメ。原典画像（PDF p.185、冊子p.702-703）で「ミズメ」欄の「シロオビチビカミキリ」を確認。原典名「シロオビチビカミキリ」を現行名「シロオビチビカミキリ 基亜種」へ照合。
kamikiri-host-index-184-191-0065,species-22654,シロスジカミキリ,シロスジカミキリ,日本産カミキリムシ,日本産カミキリムシ_compressed.pdf,52299895c14c1fd1c74279dca00f6fd9ba64d36d69e3bf3dd9c3a29a92802e77,efb17b5912fbb2c144dab4d99924dbc341e8f64054be7909dd7818cad155bef2,185,702-703,17044,ミズメ,カバノキ科,exact_japanese_name,include,2026-07-11,OCR植物見出しの境界誤りを原典画像で訂正: ダケカンバ→ミズメ。原典画像（PDF p.185、冊子p.702-703）で「ミズメ」欄の「シロスジカミキリ」を確認。
kamikiri-host-index-184-191-0058,species-22912,ガロアケシカミキリ,ガロアケシカミキリ,日本産カミキリムシ,日本産カミキリムシ_compressed.pdf,52299895c14c1fd1c74279dca00f6fd9ba64d36d69e3bf3dd9c3a29a92802e77,efb17b5912fbb2c144dab4d99924dbc341e8f64054be7909dd7818cad155bef2,185,702-703,17044,ミズメ,カバノキ科,exact_japanese_name,include,2026-07-11,OCR植物見出しの境界誤りを原典画像で訂正: ダケカンバ→ミズメ。原典画像（PDF p.185、冊子p.702-703）で「ミズメ」欄の「ガロアケシカミキリ」を確認。
kamikiri-host-index-184-191-0059,species-22927,キッコウモンケシカミキリ,キッコウモンケシカミキリ,日本産カミキリムシ,日本産カミキリムシ_compressed.pdf,52299895c14c1fd1c74279dca00f6fd9ba64d36d69e3bf3dd9c3a29a92802e77,efb17b5912fbb2c144dab4d99924dbc341e8f64054be7909dd7818cad155bef2,185,702-703,17044,ミズメ,カバノキ科,exact_japanese_name,include,2026-07-11,OCR植物見出しの境界誤りを原典画像で訂正: ダケカンバ→ミズメ。原典画像（PDF p.185、冊子p.702-703）で「ミズメ」欄の「キッコウモンケシカミキリ」を確認。
kamikiri-host-index-184-191-0062,species-22941,クワサビカミキリ,クワサビカミキリ,日本産カミキリムシ,日本産カミキリムシ_compressed.pdf,52299895c14c1fd1c74279dca00f6fd9ba64d36d69e3bf3dd9c3a29a92802e77,efb17b5912fbb2c144dab4d99924dbc341e8f64054be7909dd7818cad155bef2,185,702-703,17044,ミズメ,カバノキ科,exact_japanese_name,include,2026-07-11,OCR植物見出しの境界誤りを原典画像で訂正: ダケカンバ→ミズメ。原典画像（PDF p.185、冊子p.702-703）で「ミズメ」欄の「クワサビカミキリ」を確認。
kamikiri-host-index-184-191-0057,species-22970,エゾサビカミキリ,エゾサビカミキリ,日本産カミキリムシ,日本産カミキリムシ_compressed.pdf,52299895c14c1fd1c74279dca00f6fd9ba64d36d69e3bf3dd9c3a29a92802e77,efb17b5912fbb2c144dab4d99924dbc341e8f64054be7909dd7818cad155bef2,185,702-703,17044,ミズメ,カバノキ科,exact_japanese_name,include,2026-07-11,OCR植物見出しの境界誤りを原典画像で訂正: ダケカンバ→ミズメ。原典画像（PDF p.185、冊子p.702-703）で「ミズメ」欄の「エゾサビカミキリ」を確認。
kamikiri-host-index-184-191-0060,species-23013,キモンカミキリ,キモンカミキリ,日本産カミキリムシ,日本産カミキリムシ_compressed.pdf,52299895c14c1fd1c74279dca00f6fd9ba64d36d69e3bf3dd9c3a29a92802e77,efb17b5912fbb2c144dab4d99924dbc341e8f64054be7909dd7818cad155bef2,185,702-703,17044,ミズメ,カバノキ科,exact_japanese_name,include,2026-07-11,OCR植物見出しの境界誤りを原典画像で訂正: ダケカンバ→ミズメ。原典画像（PDF p.185、冊子p.702-703）で「ミズメ」欄の「キモンカミキリ」を確認。
kamikiri-host-index-184-191-0072,species-21976,キスジトラカミキリ,キスジトラカミキリ,日本産カミキリムシ,日本産カミキリムシ_compressed.pdf,52299895c14c1fd1c74279dca00f6fd9ba64d36d69e3bf3dd9c3a29a92802e77,efb17b5912fbb2c144dab4d99924dbc341e8f64054be7909dd7818cad155bef2,185,702-703,17071,ウダイカンバ,カバノキ科,exact_japanese_name,include,2026-07-11,OCR植物見出しの境界誤りを原典画像で訂正: ダケカンバ→ウダイカンバ。原典画像（PDF p.185、冊子p.702-703）で「ウダイカンバ」欄の「キスジトラカミキリ」を確認。
kamikiri-host-index-184-191-0071,species-22185,カラカネハナカミキリ,カラカネハナカミキリ,日本産カミキリムシ,日本産カミキリムシ_compressed.pdf,52299895c14c1fd1c74279dca00f6fd9ba64d36d69e3bf3dd9c3a29a92802e77,efb17b5912fbb2c144dab4d99924dbc341e8f64054be7909dd7818cad155bef2,185,702-703,17071,ウダイカンバ,カバノキ科,exact_japanese_name,include,2026-07-11,OCR植物見出しの境界誤りを原典画像で訂正: ダケカンバ→ウダイカンバ。原典画像（PDF p.185、冊子p.702-703）で「ウダイカンバ」欄の「カラカネハナカミキリ」を確認。
KDB-0012,4-1,コバネカミキリ 基亜種,コバネカミキリ,日本産カミキリムシ,日本産カミキリムシ_compressed.pdf,52299895c14c1fd1c74279dca00f6fd9ba64d36d69e3bf3dd9c3a29a92802e77,efb17b5912fbb2c144dab4d99924dbc341e8f64054be7909dd7818cad155bef2,185,702-703,17080,シラカンバ,カバノキ科,exact_derived_base_name,include,2026-07-11,索引PDF p.185で学名が基亜種として明示され、種解説PDF p.6の基亜種見出しおよび normalized_data/insects.csv の同種群と一致。索引画像の植物見出しをOCR誤読「ダケカンバ」から「シラカンバ」に補正
KDB-0013,species-22016,カンボウトラカミキリ 基亜種,カンボウトラカミキリ,日本産カミキリムシ,日本産カミキリムシ_compressed.pdf,52299895c14c1fd1c74279dca00f6fd9ba64d36d69e3bf3dd9c3a29a92802e77,efb17b5912fbb2c144dab4d99924dbc341e8f64054be7909dd7818cad155bef2,185,702-703,17080,シラカンバ,カバノキ科,exact_derived_base_name,exclude_ocr_or_boundary,2026-07-11,索引画像は Rhabdoclytus acutivittis inscriptus を明示。種解説PDF p.86および同種群では現行ID species-22018（本土亜種）に対応し、基亜種候補には帰属しない。索引画像の植物見出しをOCR誤読「ダケカンバ」から「シラカンバ」に補正
kamikiri-host-index-184-191-0073,species-22045,ウスイロトラカミキリ,ウスイロトラカミキリ,日本産カミキリムシ,日本産カミキリムシ_compressed.pdf,52299895c14c1fd1c74279dca00f6fd9ba64d36d69e3bf3dd9c3a29a92802e77,efb17b5912fbb2c144dab4d99924dbc341e8f64054be7909dd7818cad155bef2,185,702-703,17080,シラカンバ,カバノキ科,exact_japanese_name,include,2026-07-11,OCR植物見出しの境界誤りを原典画像で訂正: ダケカンバ→シラカンバ。原典画像（PDF p.185、冊子p.702-703）で「シラカンバ」欄の「ウスイロトラカミキリ」を確認。
kamikiri-host-index-184-191-0074,species-22255,カラフトヨツスジハナカミキリ,カラフトヨツスジハナカミキリ,日本産カミキリムシ,日本産カミキリムシ_compressed.pdf,52299895c14c1fd1c74279dca00f6fd9ba64d36d69e3bf3dd9c3a29a92802e77,efb17b5912fbb2c144dab4d99924dbc341e8f64054be7909dd7818cad155bef2,185,702-703,17080,シラカンバ,カバノキ科,reviewed_source_crosswalk,exclude_ocr_or_boundary,2026-07-11,OCR植物見出しの境界誤りを原典画像で訂正: ダケカンバ→シラカンバ。原典画像（PDF p.185、冊子p.702-703）で「シラカンバ」欄の「カラフトヨツスジハナカミキリ」を確認。監査済み名対応表との一致を確認。 訂正後の寄主ペアは既存CSVに収録済みのため重複追加しない。
KDB-0014,species-22856,ヤハズカミキリ 基亜種,ヤハズカミキリ,日本産カミキリムシ,日本産カミキリムシ_compressed.pdf,52299895c14c1fd1c74279dca00f6fd9ba64d36d69e3bf3dd9c3a29a92802e77,efb17b5912fbb2c144dab4d99924dbc341e8f64054be7909dd7818cad155bef2,185,702-703,17080,シラカンバ,カバノキ科,exact_derived_base_name,include,2026-07-11,索引PDF p.185で学名が基亜種として明示され、種解説PDF p.132の基亜種見出しおよび normalized_data/insects.csv の同種群と一致。索引画像の植物見出しをOCR誤読「ダケカンバ」から「シラカンバ」に補正
kamikiri-host-index-184-191-0075,species-22975,ハンノキカミキリ,ハンノキカミキリ,日本産カミキリムシ,日本産カミキリムシ_compressed.pdf,52299895c14c1fd1c74279dca00f6fd9ba64d36d69e3bf3dd9c3a29a92802e77,efb17b5912fbb2c144dab4d99924dbc341e8f64054be7909dd7818cad155bef2,185,702-703,17080,シラカンバ,カバノキ科,exact_japanese_name,include,2026-07-11,OCR植物見出しの境界誤りを原典画像で訂正: ダケカンバ→シラカンバ。原典画像（PDF p.185、冊子p.702-703）で「シラカンバ」欄の「ハンノキカミキリ」を確認。
KDB-0015,1-1,ウスバカミキリ 基亜種,ウスバカミキリ,日本産カミキリムシ,日本産カミキリムシ_compressed.pdf,52299895c14c1fd1c74279dca00f6fd9ba64d36d69e3bf3dd9c3a29a92802e77,efb17b5912fbb2c144dab4d99924dbc341e8f64054be7909dd7818cad155bef2,185,702-703,17093,カンバ類,カバノキ科,exact_derived_base_name,include,2026-07-11,索引PDF p.185で学名が基亜種として明示され、種解説PDF p.4の基亜種見出しおよび normalized_data/insects.csv の同種群と一致
kamikiri-host-index-184-191-0078,species-21976,キスジトラカミキリ,キスジトラカミキリ,日本産カミキリムシ,日本産カミキリムシ_compressed.pdf,52299895c14c1fd1c74279dca00f6fd9ba64d36d69e3bf3dd9c3a29a92802e77,efb17b5912fbb2c144dab4d99924dbc341e8f64054be7909dd7818cad155bef2,185,702-703,17093,カンバ類,カバノキ科,exact_japanese_name,include,2026-07-11,原典画像（PDF p.185、冊子p.702-703）で「カンバ類」欄の「キスジトラカミキリ」を確認。
kamikiri-host-index-184-191-0077,species-21988,エグリトラカミキリ,エグリトラカミキリ,日本産カミキリムシ,日本産カミキリムシ_compressed.pdf,52299895c14c1fd1c74279dca00f6fd9ba64d36d69e3bf3dd9c3a29a92802e77,efb17b5912fbb2c144dab4d99924dbc341e8f64054be7909dd7818cad155bef2,185,702-703,17093,カンバ類,カバノキ科,exact_japanese_name,include,2026-07-11,原典画像（PDF p.185、冊子p.702-703）で「カンバ類」欄の「エグリトラカミキリ」を確認。
KDB-0016,species-22016,カンボウトラカミキリ 基亜種,カンボウトラカミキリ,日本産カミキリムシ,日本産カミキリムシ_compressed.pdf,52299895c14c1fd1c74279dca00f6fd9ba64d36d69e3bf3dd9c3a29a92802e77,efb17b5912fbb2c144dab4d99924dbc341e8f64054be7909dd7818cad155bef2,185,702-703,17093,カンバ類,カバノキ科,exact_derived_base_name,exclude_ocr_or_boundary,2026-07-11,索引画像は Rhabdoclytus acutivittis inscriptus を明示。種解説PDF p.86および同種群では現行ID species-22018（本土亜種）に対応し、基亜種候補には帰属しない
kamikiri-host-index-184-191-0079,species-22030,クビアカトラカミキリ,クビアカトラカミキリ,日本産カミキリムシ,日本産カミキリムシ_compressed.pdf,52299895c14c1fd1c74279dca00f6fd9ba64d36d69e3bf3dd9c3a29a92802e77,efb17b5912fbb2c144dab4d99924dbc341e8f64054be7909dd7818cad155bef2,185,702-703,17093,カンバ類,カバノキ科,exact_japanese_name,include,2026-07-11,原典画像（PDF p.185、冊子p.702-703）で「カンバ類」欄の「クビアカトラカミキリ」を確認。
kamikiri-host-index-184-191-0076,species-22045,ウスイロトラカミキリ,ウスイロトラカミキリ,日本産カミキリムシ,日本産カミキリムシ_compressed.pdf,52299895c14c1fd1c74279dca00f6fd9ba64d36d69e3bf3dd9c3a29a92802e77,efb17b5912fbb2c144dab4d99924dbc341e8f64054be7909dd7818cad155bef2,185,702-703,17093,カンバ類,カバノキ科,exact_japanese_name,include,2026-07-11,原典画像（PDF p.185、冊子p.702-703）で「カンバ類」欄の「ウスイロトラカミキリ」を確認。
kamikiri-host-index-184-191-0081,species-22434,タカネヒメハナカミキリ,タカネヒメハナカミキリ,日本産カミキリムシ,日本産カミキリムシ_compressed.pdf,52299895c14c1fd1c74279dca00f6fd9ba64d36d69e3bf3dd9c3a29a92802e77,efb17b5912fbb2c144dab4d99924dbc341e8f64054be7909dd7818cad155bef2,185,702-703,17093,カンバ類,カバノキ科,exact_japanese_name,include,2026-07-11,原典画像（PDF p.185、冊子p.702-703）で「カンバ類」欄の「タカネヒメハナカミキリ」を確認。
kamikiri-host-index-184-191-0084,species-22527,ヤマナラシノモモブトカミキリ,ヤマナラシノモモブトカミキリ,日本産カミキリムシ,日本産カミキリムシ_compressed.pdf,52299895c14c1fd1c74279dca00f6fd9ba64d36d69e3bf3dd9c3a29a92802e77,efb17b5912fbb2c144dab4d99924dbc341e8f64054be7909dd7818cad155bef2,185,702-703,17093,カンバ類,カバノキ科,exact_japanese_name,include,2026-07-11,原典画像（PDF p.185、冊子p.702-703）で「カンバ類」欄の「ヤマナラシノモモブトカミキリ」を確認。
kamikiri-host-index-184-191-0080,species-22654,シロスジカミキリ,シロスジカミキリ,日本産カミキリムシ,日本産カミキリムシ_compressed.pdf,52299895c14c1fd1c74279dca00f6fd9ba64d36d69e3bf3dd9c3a29a92802e77,efb17b5912fbb2c144dab4d99924dbc341e8f64054be7909dd7818cad155bef2,185,702-703,17093,カンバ類,カバノキ科,exact_japanese_name,include,2026-07-11,原典画像（PDF p.185、冊子p.702-703）で「カンバ類」欄の「シロスジカミキリ」を確認。
KDB-0017,species-22786,ヒメヒゲナガカミキリ 基亜種,ヒメヒゲナガカミキリ,日本産カミキリムシ,日本産カミキリムシ_compressed.pdf,52299895c14c1fd1c74279dca00f6fd9ba64d36d69e3bf3dd9c3a29a92802e77,efb17b5912fbb2c144dab4d99924dbc341e8f64054be7909dd7818cad155bef2,185,702-703,17093,カンバ類,カバノキ科,exact_derived_base_name,include,2026-07-11,索引PDF p.185で学名が基亜種として明示され、種解説PDF p.124の基亜種見出しおよび normalized_data/insects.csv の同種群と一致
kamikiri-host-index-184-191-0082,species-22975,ハンノキカミキリ,ハンノキカミキリ,日本産カミキリムシ,日本産カミキリムシ_compressed.pdf,52299895c14c1fd1c74279dca00f6fd9ba64d36d69e3bf3dd9c3a29a92802e77,efb17b5912fbb2c144dab4d99924dbc341e8f64054be7909dd7818cad155bef2,185,702-703,17093,カンバ類,カバノキ科,exact_japanese_name,include,2026-07-11,原典画像（PDF p.185、冊子p.702-703）で「カンバ類」欄の「ハンノキカミキリ」を確認。
kamikiri-host-index-184-191-0083,species-22980,ヒゲナガシラホシカミキリ,ヒゲナガシラホシカミキリ,日本産カミキリムシ,日本産カミキリムシ_compressed.pdf,52299895c14c1fd1c74279dca00f6fd9ba64d36d69e3bf3dd9c3a29a92802e77,efb17b5912fbb2c144dab4d99924dbc341e8f64054be7909dd7818cad155bef2,185,702-703,17093,カンバ類,カバノキ科,exact_japanese_name,include,2026-07-11,原典画像（PDF p.185、冊子p.702-703）で「カンバ類」欄の「ヒゲナガシラホシカミキリ」を確認。
kamikiri-host-index-184-191-0095,species-21868,シロトラカミキリ,シロトラカミキリ,日本産カミキリムシ,日本産カミキリムシ_compressed.pdf,52299895c14c1fd1c74279dca00f6fd9ba64d36d69e3bf3dd9c3a29a92802e77,efb17b5912fbb2c144dab4d99924dbc341e8f64054be7909dd7818cad155bef2,185,702-703,17114,サワシバ,カバノキ科,exact_japanese_name,include,2026-07-11,原典画像（PDF p.185、冊子p.702-703）で「サワシバ」欄の「シロトラカミキリ」を確認。
kamikiri-host-index-184-191-0091,species-21973,キンケトラカミキリ,キンケトラカミキリ,日本産カミキリムシ,日本産カミキリムシ_compressed.pdf,52299895c14c1fd1c74279dca00f6fd9ba64d36d69e3bf3dd9c3a29a92802e77,efb17b5912fbb2c144dab4d99924dbc341e8f64054be7909dd7818cad155bef2,185,702-703,17114,サワシバ,カバノキ科,exact_japanese_name,include,2026-07-11,原典画像（PDF p.185、冊子p.702-703）で「サワシバ」欄の「キンケトラカミキリ」を確認。
kamikiri-host-index-184-191-0093,species-21974,シラケトラカミキリ,シラケトラカミキリ,日本産カミキリムシ,日本産カミキリムシ_compressed.pdf,52299895c14c1fd1c74279dca00f6fd9ba64d36d69e3bf3dd9c3a29a92802e77,efb17b5912fbb2c144dab4d99924dbc341e8f64054be7909dd7818cad155bef2,185,702-703,17114,サワシバ,カバノキ科,exact_japanese_name,include,2026-07-11,原典画像（PDF p.185、冊子p.702-703）で「サワシバ」欄の「シラケトラカミキリ」を確認。
kamikiri-host-index-184-191-0087,species-21988,エグリトラカミキリ,エグリトラカミキリ,日本産カミキリムシ,日本産カミキリムシ_compressed.pdf,52299895c14c1fd1c74279dca00f6fd9ba64d36d69e3bf3dd9c3a29a92802e77,efb17b5912fbb2c144dab4d99924dbc341e8f64054be7909dd7818cad155bef2,185,702-703,17114,サワシバ,カバノキ科,exact_japanese_name,include,2026-07-11,原典画像（PDF p.185、冊子p.702-703）で「サワシバ」欄の「エグリトラカミキリ」を確認。
kamikiri-host-index-184-191-0086,species-22045,ウスイロトラカミキリ,ウスイロトラカミキリ,日本産カミキリムシ,日本産カミキリムシ_compressed.pdf,52299895c14c1fd1c74279dca00f6fd9ba64d36d69e3bf3dd9c3a29a92802e77,efb17b5912fbb2c144dab4d99924dbc341e8f64054be7909dd7818cad155bef2,185,702-703,17114,サワシバ,カバノキ科,exact_japanese_name,include,2026-07-11,原典画像（PDF p.185、冊子p.702-703）で「サワシバ」欄の「ウスイロトラカミキリ」を確認。
kamikiri-host-index-184-191-0089,species-22185,カラカネハナカミキリ,カラカネハナカミキリ,日本産カミキリムシ,日本産カミキリムシ_compressed.pdf,52299895c14c1fd1c74279dca00f6fd9ba64d36d69e3bf3dd9c3a29a92802e77,efb17b5912fbb2c144dab4d99924dbc341e8f64054be7909dd7818cad155bef2,185,702-703,17114,サワシバ,カバノキ科,exact_japanese_name,include,2026-07-11,原典画像（PDF p.185、冊子p.702-703）で「サワシバ」欄の「カラカネハナカミキリ」を確認。
kamikiri-host-index-184-191-0097,species-22515,トゲバカミキリ,トゲバカミキリ,日本産カミキリムシ,日本産カミキリムシ_compressed.pdf,52299895c14c1fd1c74279dca00f6fd9ba64d36d69e3bf3dd9c3a29a92802e77,efb17b5912fbb2c144dab4d99924dbc341e8f64054be7909dd7818cad155bef2,185,702-703,17114,サワシバ,カバノキ科,exact_japanese_name,include,2026-07-11,原典画像（PDF p.185、冊子p.702-703）で「サワシバ」欄の「トゲバカミキリ」を確認。
kamikiri-host-index-184-191-0098,species-22558,ヒゲナガゴマフカミキリ,ヒゲナガゴマフカミキリ,日本産カミキリムシ,日本産カミキリムシ_compressed.pdf,52299895c14c1fd1c74279dca00f6fd9ba64d36d69e3bf3dd9c3a29a92802e77,efb17b5912fbb2c144dab4d99924dbc341e8f64054be7909dd7818cad155bef2,185,702-703,17114,サワシバ,カバノキ科,exact_japanese_name,include,2026-07-11,原典画像（PDF p.185、冊子p.702-703）で「サワシバ」欄の「ヒゲナガゴマフカミキリ」を確認。
kamikiri-host-index-184-191-0094,species-22642,シロオビチビカミキリ 基亜種,シロオビチビカミキリ,日本産カミキリムシ,日本産カミキリムシ_compressed.pdf,52299895c14c1fd1c74279dca00f6fd9ba64d36d69e3bf3dd9c3a29a92802e77,efb17b5912fbb2c144dab4d99924dbc341e8f64054be7909dd7818cad155bef2,185,702-703,17114,サワシバ,カバノキ科,reviewed_source_crosswalk,include,2026-07-11,原典画像（PDF p.185、冊子p.702-703）で「サワシバ」欄の「シロオビチビカミキリ」を確認。原典名「シロオビチビカミキリ」を現行名「シロオビチビカミキリ 基亜種」へ照合。
KDB-0018,species-22671,クモノスモンサビカミキリ 基亜種,クモノスモンサビカミキリ,日本産カミキリムシ,日本産カミキリムシ_compressed.pdf,52299895c14c1fd1c74279dca00f6fd9ba64d36d69e3bf3dd9c3a29a92802e77,efb17b5912fbb2c144dab4d99924dbc341e8f64054be7909dd7818cad155bef2,185,702-703,17114,サワシバ,カバノキ科,exact_derived_base_name,include,2026-07-11,索引PDF p.185で学名が基亜種として明示され、種解説PDF p.143の基亜種見出しおよび normalized_data/insects.csv の同種群と一致
kamikiri-host-index-184-191-0099,species-22699,フタモンアラゲカミキリ,フタモンアラゲカミキリ,日本産カミキリムシ,日本産カミキリムシ_compressed.pdf,52299895c14c1fd1c74279dca00f6fd9ba64d36d69e3bf3dd9c3a29a92802e77,efb17b5912fbb2c144dab4d99924dbc341e8f64054be7909dd7818cad155bef2,185,702-703,17114,サワシバ,カバノキ科,exact_japanese_name,include,2026-07-11,原典画像（PDF p.185、冊子p.702-703）で「サワシバ」欄の「フタモンアラゲカミキリ」を確認。
kamikiri-host-index-184-191-0096,species-22867,タテスジゴマフカミキリ,タテスジゴマフカミキリ,日本産カミキリムシ,日本産カミキリムシ_compressed.pdf,52299895c14c1fd1c74279dca00f6fd9ba64d36d69e3bf3dd9c3a29a92802e77,efb17b5912fbb2c144dab4d99924dbc341e8f64054be7909dd7818cad155bef2,185,702-703,17114,サワシバ,カバノキ科,exact_japanese_name,include,2026-07-11,原典画像（PDF p.185、冊子p.702-703）で「サワシバ」欄の「タテスジゴマフカミキリ」を確認。
kamikiri-host-index-184-191-0090,species-22927,キッコウモンケシカミキリ,キッコウモンケシカミキリ,日本産カミキリムシ,日本産カミキリムシ_compressed.pdf,52299895c14c1fd1c74279dca00f6fd9ba64d36d69e3bf3dd9c3a29a92802e77,efb17b5912fbb2c144dab4d99924dbc341e8f64054be7909dd7818cad155bef2,185,702-703,17114,サワシバ,カバノキ科,exact_japanese_name,include,2026-07-11,原典画像（PDF p.185、冊子p.702-703）で「サワシバ」欄の「キッコウモンケシカミキリ」を確認。
kamikiri-host-index-184-191-0085,species-22972,アトジロサビカミキリ,アトジロサビカミキリ,日本産カミキリムシ,日本産カミキリムシ_compressed.pdf,52299895c14c1fd1c74279dca00f6fd9ba64d36d69e3bf3dd9c3a29a92802e77,efb17b5912fbb2c144dab4d99924dbc341e8f64054be7909dd7818cad155bef2,185,702-703,17114,サワシバ,カバノキ科,exact_japanese_name,include,2026-07-11,原典画像（PDF p.185、冊子p.702-703）で「サワシバ」欄の「アトジロサビカミキリ」を確認。
kamikiri-host-index-184-191-0092,species-22986,クロニセリンゴカミキリ,クロニセリンゴカミキリ,日本産カミキリムシ,日本産カミキリムシ_compressed.pdf,52299895c14c1fd1c74279dca00f6fd9ba64d36d69e3bf3dd9c3a29a92802e77,efb17b5912fbb2c144dab4d99924dbc341e8f64054be7909dd7818cad155bef2,185,702-703,17114,サワシバ,カバノキ科,exact_japanese_name,include,2026-07-11,原典画像（PDF p.185、冊子p.702-703）で「サワシバ」欄の「クロニセリンゴカミキリ」を確認。
kamikiri-host-index-184-191-0088,species-23042,カスガキモンカミキリ,カスガキモンカミキリ,日本産カミキリムシ,日本産カミキリムシ_compressed.pdf,52299895c14c1fd1c74279dca00f6fd9ba64d36d69e3bf3dd9c3a29a92802e77,efb17b5912fbb2c144dab4d99924dbc341e8f64054be7909dd7818cad155bef2,185,702-703,17114,サワシバ,カバノキ科,exact_japanese_name,include,2026-07-11,原典画像（PDF p.185、冊子p.702-703）で「サワシバ」欄の「カスガキモンカミキリ」を確認。
KDB-0019,species-21921,アメイロカミキリ 基亜種,アメイロカミキリ,日本産カミキリムシ,日本産カミキリムシ_compressed.pdf,52299895c14c1fd1c74279dca00f6fd9ba64d36d69e3bf3dd9c3a29a92802e77,efb17b5912fbb2c144dab4d99924dbc341e8f64054be7909dd7818cad155bef2,185,702-703,17130,アカシデ,カバノキ科,exact_derived_base_name,include,2026-07-11,索引PDF p.185で学名が基亜種として明示され、種解説PDF p.52の基亜種見出しおよび normalized_data/insects.csv の同種群と一致
kamikiri-host-index-184-191-0103,species-21976,キスジトラカミキリ,キスジトラカミキリ,日本産カミキリムシ,日本産カミキリムシ_compressed.pdf,52299895c14c1fd1c74279dca00f6fd9ba64d36d69e3bf3dd9c3a29a92802e77,efb17b5912fbb2c144dab4d99924dbc341e8f64054be7909dd7818cad155bef2,185,702-703,17130,アカシデ,カバノキ科,exact_japanese_name,include,2026-07-11,原典画像（PDF p.185、冊子p.702-703）で「アカシデ」欄の「キスジトラカミキリ」を確認。
kamikiri-host-index-184-191-0101,species-21988,エグリトラカミキリ,エグリトラカミキリ,日本産カミキリムシ,日本産カミキリムシ_compressed.pdf,52299895c14c1fd1c74279dca00f6fd9ba64d36d69e3bf3dd9c3a29a92802e77,efb17b5912fbb2c144dab4d99924dbc341e8f64054be7909dd7818cad155bef2,185,702-703,17130,アカシデ,カバノキ科,exact_japanese_name,include,2026-07-11,原典画像（PDF p.185、冊子p.702-703）で「アカシデ」欄の「エグリトラカミキリ」を確認。
kamikiri-host-index-184-191-0100,species-22045,ウスイロトラカミキリ,ウスイロトラカミキリ,日本産カミキリムシ,日本産カミキリムシ_compressed.pdf,52299895c14c1fd1c74279dca00f6fd9ba64d36d69e3bf3dd9c3a29a92802e77,efb17b5912fbb2c144dab4d99924dbc341e8f64054be7909dd7818cad155bef2,185,702-703,17130,アカシデ,カバノキ科,exact_japanese_name,include,2026-07-11,原典画像（PDF p.185、冊子p.702-703）で「アカシデ」欄の「ウスイロトラカミキリ」を確認。
kamikiri-host-index-184-191-0107,species-22065,マルクビケマダラカミキリ,マルクビケマダラカミキリ,日本産カミキリムシ,日本産カミキリムシ_compressed.pdf,52299895c14c1fd1c74279dca00f6fd9ba64d36d69e3bf3dd9c3a29a92802e77,efb17b5912fbb2c144dab4d99924dbc341e8f64054be7909dd7818cad155bef2,185,702-703,17130,アカシデ,カバノキ科,exact_japanese_name,include,2026-07-11,原典画像（PDF p.185、冊子p.702-703）で「アカシデ」欄の「マルクビケマダラカミキリ」を確認。
kamikiri-host-index-184-191-0105,species-22515,トゲバカミキリ,トゲバカミキリ,日本産カミキリムシ,日本産カミキリムシ_compressed.pdf,52299895c14c1fd1c74279dca00f6fd9ba64d36d69e3bf3dd9c3a29a92802e77,efb17b5912fbb2c144dab4d99924dbc341e8f64054be7909dd7818cad155bef2,185,702-703,17130,アカシデ,カバノキ科,exact_japanese_name,include,2026-07-11,原典画像（PDF p.185、冊子p.702-703）で「アカシデ」欄の「トゲバカミキリ」を確認。
kamikiri-host-index-184-191-0106,species-22558,ヒゲナガゴマフカミキリ,ヒゲナガゴマフカミキリ,日本産カミキリムシ,日本産カミキリムシ_compressed.pdf,52299895c14c1fd1c74279dca00f6fd9ba64d36d69e3bf3dd9c3a29a92802e77,efb17b5912fbb2c144dab4d99924dbc341e8f64054be7909dd7818cad155bef2,185,702-703,17130,アカシデ,カバノキ科,exact_japanese_name,include,2026-07-11,原典画像（PDF p.185、冊子p.702-703）で「アカシデ」欄の「ヒゲナガゴマフカミキリ」を確認。
KDB-0022,species-22755,ニセビロウドカミキリ 基亜種,ニセビロウドカミキリ,日本産カミキリムシ,日本産カミキリムシ_compressed.pdf,52299895c14c1fd1c74279dca00f6fd9ba64d36d69e3bf3dd9c3a29a92802e77,efb17b5912fbb2c144dab4d99924dbc341e8f64054be7909dd7818cad155bef2,185,702-703,17130,アカシデ,カバノキ科,exact_derived_base_name,include,2026-07-11,索引PDF p.185で学名が基亜種として明示され、種解説PDF p.130の基亜種見出しおよび normalized_data/insects.csv の同種群と一致
KDB-0021,species-22786,ヒメヒゲナガカミキリ 基亜種,ヒメヒゲナガカミキリ,日本産カミキリムシ,日本産カミキリムシ_compressed.pdf,52299895c14c1fd1c74279dca00f6fd9ba64d36d69e3bf3dd9c3a29a92802e77,efb17b5912fbb2c144dab4d99924dbc341e8f64054be7909dd7818cad155bef2,185,702-703,17130,アカシデ,カバノキ科,exact_derived_base_name,include,2026-07-11,索引PDF p.185で学名が基亜種として明示され、種解説PDF p.124の基亜種見出しおよび normalized_data/insects.csv の同種群と一致
kamikiri-host-index-184-191-0104,species-22871,ゴマフカミキリ,ゴマフカミキリ,日本産カミキリムシ,日本産カミキリムシ_compressed.pdf,52299895c14c1fd1c74279dca00f6fd9ba64d36d69e3bf3dd9c3a29a92802e77,efb17b5912fbb2c144dab4d99924dbc341e8f64054be7909dd7818cad155bef2,185,702-703,17130,アカシデ,カバノキ科,exact_japanese_name,include,2026-07-11,原典画像（PDF p.185、冊子p.702-703）で「アカシデ」欄の「ゴマフカミキリ」を確認。
KDB-0020,species-22890,カタシロゴマフカミキリ 基亜種,カタシロゴマフカミキリ,日本産カミキリムシ,日本産カミキリムシ_compressed.pdf,52299895c14c1fd1c74279dca00f6fd9ba64d36d69e3bf3dd9c3a29a92802e77,efb17b5912fbb2c144dab4d99924dbc341e8f64054be7909dd7818cad155bef2,185,702-703,17130,アカシデ,カバノキ科,exact_derived_base_name,include,2026-07-11,索引PDF p.185で学名が基亜種として明示され、種解説PDF p.94の基亜種見出しおよび normalized_data/insects.csv の同種群と一致
kamikiri-host-index-184-191-0102,species-22912,ガロアケシカミキリ,ガロアケシカミキリ,日本産カミキリムシ,日本産カミキリムシ_compressed.pdf,52299895c14c1fd1c74279dca00f6fd9ba64d36d69e3bf3dd9c3a29a92802e77,efb17b5912fbb2c144dab4d99924dbc341e8f64054be7909dd7818cad155bef2,185,702-703,17130,アカシデ,カバノキ科,exact_japanese_name,include,2026-07-11,原典画像（PDF p.185、冊子p.702-703）で「アカシデ」欄の「ガロアケシカミキリ」を確認。
KDB-0023,species-23007,シラホシカミキリ 基亜種,シラホシカミキリ,日本産カミキリムシ,日本産カミキリムシ_compressed.pdf,52299895c14c1fd1c74279dca00f6fd9ba64d36d69e3bf3dd9c3a29a92802e77,efb17b5912fbb2c144dab4d99924dbc341e8f64054be7909dd7818cad155bef2,185,702-703,17130,アカシデ,カバノキ科,exact_derived_base_name,include,2026-07-11,索引PDF p.185で学名が基亜種として明示され、種解説PDF p.165の基亜種見出しおよび normalized_data/insects.csv の同種群と一致
kamikiri-host-index-184-191-0120,species-21883,ルリヒラタカミキリ,ルリヒラタカミキリ,日本産カミキリムシ,日本産カミキリムシ_compressed.pdf,52299895c14c1fd1c74279dca00f6fd9ba64d36d69e3bf3dd9c3a29a92802e77,efb17b5912fbb2c144dab4d99924dbc341e8f64054be7909dd7818cad155bef2,185,702-703,17144,イヌシデ,カバノキ科,exact_japanese_name,include,2026-07-11,原典画像（PDF p.185、冊子p.702-703）で「イヌシデ」欄の「ルリヒラタカミキリ」を確認。
kamikiri-host-index-184-191-0112,species-21976,キスジトラカミキリ,キスジトラカミキリ,日本産カミキリムシ,日本産カミキリムシ_compressed.pdf,52299895c14c1fd1c74279dca00f6fd9ba64d36d69e3bf3dd9c3a29a92802e77,efb17b5912fbb2c144dab4d99924dbc341e8f64054be7909dd7818cad155bef2,185,702-703,17144,イヌシデ,カバノキ科,exact_japanese_name,include,2026-07-11,原典画像（PDF p.185、冊子p.702-703）で「イヌシデ」欄の「キスジトラカミキリ」を確認。
kamikiri-host-index-184-191-0109,species-21988,エグリトラカミキリ,エグリトラカミキリ,日本産カミキリムシ,日本産カミキリムシ_compressed.pdf,52299895c14c1fd1c74279dca00f6fd9ba64d36d69e3bf3dd9c3a29a92802e77,efb17b5912fbb2c144dab4d99924dbc341e8f64054be7909dd7818cad155bef2,185,702-703,17144,イヌシデ,カバノキ科,exact_japanese_name,include,2026-07-11,原典画像（PDF p.185、冊子p.702-703）で「イヌシデ」欄の「エグリトラカミキリ」を確認。
KDB-0024,species-21990,フタオビミドリトラカミキリ 基亜種,フタオビミドリトラカミキリ,日本産カミキリムシ,日本産カミキリムシ_compressed.pdf,52299895c14c1fd1c74279dca00f6fd9ba64d36d69e3bf3dd9c3a29a92802e77,efb17b5912fbb2c144dab4d99924dbc341e8f64054be7909dd7818cad155bef2,185,702-703,17144,イヌシデ,カバノキ科,exact_derived_base_name,needs_review,2026-07-11,索引と種解説PDF p.84はいずれも Chlorophorus muscosus の種レベル記述。現行insects.csvでは同種群が複数亜種に分かれるが、索引の寄主記録に産地がなく基亜種へ一意に帰属できない
kamikiri-host-index-184-191-0113,species-22030,クビアカトラカミキリ,クビアカトラカミキリ,日本産カミキリムシ,日本産カミキリムシ_compressed.pdf,52299895c14c1fd1c74279dca00f6fd9ba64d36d69e3bf3dd9c3a29a92802e77,efb17b5912fbb2c144dab4d99924dbc341e8f64054be7909dd7818cad155bef2,185,702-703,17144,イヌシデ,カバノキ科,exact_japanese_name,include,2026-07-11,原典画像（PDF p.185、冊子p.702-703）で「イヌシデ」欄の「クビアカトラカミキリ」を確認。
kamikiri-host-index-184-191-0108,species-22045,ウスイロトラカミキリ,ウスイロトラカミキリ,日本産カミキリムシ,日本産カミキリムシ_compressed.pdf,52299895c14c1fd1c74279dca00f6fd9ba64d36d69e3bf3dd9c3a29a92802e77,efb17b5912fbb2c144dab4d99924dbc341e8f64054be7909dd7818cad155bef2,185,702-703,17144,イヌシデ,カバノキ科,exact_japanese_name,include,2026-07-11,原典画像（PDF p.185、冊子p.702-703）で「イヌシデ」欄の「ウスイロトラカミキリ」を確認。
kamikiri-host-index-184-191-0115,species-22046,ニイジマトラカミキリ,ニイジマトラカミキリ,日本産カミキリムシ,日本産カミキリムシ_compressed.pdf,52299895c14c1fd1c74279dca00f6fd9ba64d36d69e3bf3dd9c3a29a92802e77,efb17b5912fbb2c144dab4d99924dbc341e8f64054be7909dd7818cad155bef2,185,702-703,17144,イヌシデ,カバノキ科,exact_japanese_name,include,2026-07-11,原典画像（PDF p.185、冊子p.702-703）で「イヌシデ」欄の「ニイジマトラカミキリ」を確認。
kamikiri-host-index-184-191-0121,species-22155,ルリボシカミキリ,ルリボシカミキリ,日本産カミキリムシ,日本産カミキリムシ_compressed.pdf,52299895c14c1fd1c74279dca00f6fd9ba64d36d69e3bf3dd9c3a29a92802e77,efb17b5912fbb2c144dab4d99924dbc341e8f64054be7909dd7818cad155bef2,185,702-703,17144,イヌシデ,カバノキ科,exact_japanese_name,include,2026-07-11,原典画像（PDF p.185、冊子p.702-703）で「イヌシデ」欄の「ルリボシカミキリ」を確認。
kamikiri-host-index-184-191-0116,species-22283,ニンフホソハナカミキリ,ニンフホソハナカミキリ,日本産カミキリムシ,日本産カミキリムシ_compressed.pdf,52299895c14c1fd1c74279dca00f6fd9ba64d36d69e3bf3dd9c3a29a92802e77,efb17b5912fbb2c144dab4d99924dbc341e8f64054be7909dd7818cad155bef2,185,702-703,17144,イヌシデ,カバノキ科,exact_japanese_name,include,2026-07-11,原典画像（PDF p.185、冊子p.702-703）で「イヌシデ」欄の「ニンフホソハナカミキリ」を確認。
kamikiri-host-index-184-191-0119,species-22324,ホソコバネカミキリ,ホソコバネカミキリ,日本産カミキリムシ,日本産カミキリムシ_compressed.pdf,52299895c14c1fd1c74279dca00f6fd9ba64d36d69e3bf3dd9c3a29a92802e77,efb17b5912fbb2c144dab4d99924dbc341e8f64054be7909dd7818cad155bef2,185,702-703,17144,イヌシデ,カバノキ科,exact_japanese_name,include,2026-07-11,原典画像（PDF p.185、冊子p.702-703）で「イヌシデ」欄の「ホソコバネカミキリ」を確認。
kamikiri-host-index-184-191-0110,species-22328,オオホソコバネカミキリ,オオホソコバネカミキリ,日本産カミキリムシ,日本産カミキリムシ_compressed.pdf,52299895c14c1fd1c74279dca00f6fd9ba64d36d69e3bf3dd9c3a29a92802e77,efb17b5912fbb2c144dab4d99924dbc341e8f64054be7909dd7818cad155bef2,185,702-703,17144,イヌシデ,カバノキ科,exact_japanese_name,include,2026-07-11,原典画像（PDF p.185、冊子p.702-703）で「イヌシデ」欄の「オオホソコバネカミキリ」を確認。
kamikiri-host-index-184-191-0117,species-22558,ヒゲナガゴマフカミキリ,ヒゲナガゴマフカミキリ,日本産カミキリムシ,日本産カミキリムシ_compressed.pdf,52299895c14c1fd1c74279dca00f6fd9ba64d36d69e3bf3dd9c3a29a92802e77,efb17b5912fbb2c144dab4d99924dbc341e8f64054be7909dd7818cad155bef2,185,702-703,17144,イヌシデ,カバノキ科,exact_japanese_name,include,2026-07-11,原典画像（PDF p.185、冊子p.702-703）で「イヌシデ」欄の「ヒゲナガゴマフカミキリ」を確認。
kamikiri-host-index-184-191-0114,species-22642,シロオビチビカミキリ 基亜種,シロオビチビカミキリ,日本産カミキリムシ,日本産カミキリムシ_compressed.pdf,52299895c14c1fd1c74279dca00f6fd9ba64d36d69e3bf3dd9c3a29a92802e77,efb17b5912fbb2c144dab4d99924dbc341e8f64054be7909dd7818cad155bef2,185,702-703,17144,イヌシデ,カバノキ科,reviewed_source_crosswalk,include,2026-07-11,原典画像（PDF p.185、冊子p.702-703）で「イヌシデ」欄の「シロオビチビカミキリ」を確認。原典名「シロオビチビカミキリ」を現行名「シロオビチビカミキリ 基亜種」へ照合。
kamikiri-host-index-184-191-0118,species-22700,ヒトオビアラゲカミキリ,ヒトオビアラゲカミキリ,日本産カミキリムシ,日本産カミキリムシ_compressed.pdf,52299895c14c1fd1c74279dca00f6fd9ba64d36d69e3bf3dd9c3a29a92802e77,efb17b5912fbb2c144dab4d99924dbc341e8f64054be7909dd7818cad155bef2,185,702-703,17144,イヌシデ,カバノキ科,exact_japanese_name,include,2026-07-11,原典画像（PDF p.185、冊子p.702-703）で「イヌシデ」欄の「ヒトオビアラゲカミキリ」を確認。
KDB-0025,species-22890,カタシロゴマフカミキリ 基亜種,カタシロゴマフカミキリ,日本産カミキリムシ,日本産カミキリムシ_compressed.pdf,52299895c14c1fd1c74279dca00f6fd9ba64d36d69e3bf3dd9c3a29a92802e77,efb17b5912fbb2c144dab4d99924dbc341e8f64054be7909dd7818cad155bef2,185,702-703,17144,イヌシデ,カバノキ科,exact_derived_base_name,include,2026-07-11,索引PDF p.185で学名が基亜種として明示され、種解説PDF p.94の基亜種見出しおよび normalized_data/insects.csv の同種群と一致
kamikiri-host-index-184-191-0111,species-23042,カスガキモンカミキリ,カスガキモンカミキリ,日本産カミキリムシ,日本産カミキリムシ_compressed.pdf,52299895c14c1fd1c74279dca00f6fd9ba64d36d69e3bf3dd9c3a29a92802e77,efb17b5912fbb2c144dab4d99924dbc341e8f64054be7909dd7818cad155bef2,185,702-703,17144,イヌシデ,カバノキ科,exact_japanese_name,include,2026-07-11,原典画像（PDF p.185、冊子p.702-703）で「イヌシデ」欄の「カスガキモンカミキリ」を確認。
KDB-0026,4-1,コバネカミキリ 基亜種,コバネカミキリ,日本産カミキリムシ,日本産カミキリムシ_compressed.pdf,52299895c14c1fd1c74279dca00f6fd9ba64d36d69e3bf3dd9c3a29a92802e77,efb17b5912fbb2c144dab4d99924dbc341e8f64054be7909dd7818cad155bef2,185,702-703,17157,シデ類,カバノキ科,exact_derived_base_name,include,2026-07-11,索引PDF p.185で学名が基亜種として明示され、種解説PDF p.6の基亜種見出しおよび normalized_data/insects.csv の同種群と一致
kamikiri-host-index-184-191-0122,species-22045,ウスイロトラカミキリ,ウスイロトラカミキリ,日本産カミキリムシ,日本産カミキリムシ_compressed.pdf,52299895c14c1fd1c74279dca00f6fd9ba64d36d69e3bf3dd9c3a29a92802e77,efb17b5912fbb2c144dab4d99924dbc341e8f64054be7909dd7818cad155bef2,185,702-703,17157,シデ類,カバノキ科,exact_japanese_name,include,2026-07-11,原典画像（PDF p.185、冊子p.702-703）で「シデ類」欄の「ウスイロトラカミキリ」を確認。
kamikiri-host-index-184-191-0123,species-22200,ツヤケシハナカミキリ,ツヤケシハナカミキリ,日本産カミキリムシ,日本産カミキリムシ_compressed.pdf,52299895c14c1fd1c74279dca00f6fd9ba64d36d69e3bf3dd9c3a29a92802e77,efb17b5912fbb2c144dab4d99924dbc341e8f64054be7909dd7818cad155bef2,185,702-703,17157,シデ類,カバノキ科,exact_japanese_name,include,2026-07-11,原典画像（PDF p.185、冊子p.702-703）で「シデ類」欄の「ツヤケシハナカミキリ」を確認。
kamikiri-host-index-184-191-0124,species-22250,ハネビロハナカミキリ,ハネビロハナカミキリ,日本産カミキリムシ,日本産カミキリムシ_compressed.pdf,52299895c14c1fd1c74279dca00f6fd9ba64d36d69e3bf3dd9c3a29a92802e77,efb17b5912fbb2c144dab4d99924dbc341e8f64054be7909dd7818cad155bef2,185,702-703,17157,シデ類,カバノキ科,exact_japanese_name,include,2026-07-11,原典画像（PDF p.185、冊子p.702-703）で「シデ類」欄の「ハネビロハナカミキリ」を確認。
KDB-0027,species-22251,ヨツスジハナカミキリ 基亜種,ヨツスジハナカミキリ,日本産カミキリムシ,日本産カミキリムシ_compressed.pdf,52299895c14c1fd1c74279dca00f6fd9ba64d36d69e3bf3dd9c3a29a92802e77,efb17b5912fbb2c144dab4d99924dbc341e8f64054be7909dd7818cad155bef2,185,702-703,17157,シデ類,カバノキ科,exact_derived_base_name,include,2026-07-11,索引PDF p.185で学名が基亜種として明示され、種解説PDF p.37の基亜種見出しおよび normalized_data/insects.csv の同種群と一致
kamikiri-host-index-184-191-0125,species-22093,コジマヒゲナガコバネカミキリ,コジマヒゲナガコバネカミキリ,日本産カミキリムシ,日本産カミキリムシ_compressed.pdf,52299895c14c1fd1c74279dca00f6fd9ba64d36d69e3bf3dd9c3a29a92802e77,efb17b5912fbb2c144dab4d99924dbc341e8f64054be7909dd7818cad155bef2,186,704-705,17187,ハシバミ,カバノキ科,exact_japanese_name,include,2026-07-11,原典画像（PDF p.186、冊子p.704-705）で「ハシバミ」欄の「コジマヒゲナガコバネカミキリ」を確認。
kamikiri-host-index-184-191-0128,species-22046,ニイジマトラカミキリ,ニイジマトラカミキリ,日本産カミキリムシ,日本産カミキリムシ_compressed.pdf,52299895c14c1fd1c74279dca00f6fd9ba64d36d69e3bf3dd9c3a29a92802e77,efb17b5912fbb2c144dab4d99924dbc341e8f64054be7909dd7818cad155bef2,186,704-705,17189,ツノハシバミ,カバノキ科,exact_japanese_name,include,2026-07-11,原典画像（PDF p.186、冊子p.704-705）で「ツノハシバミ」欄の「ニイジマトラカミキリ」を確認。
kamikiri-host-index-184-191-0126,species-22129,カッコウメダカカミキリ,カッコウメダカカミキリ,日本産カミキリムシ,日本産カミキリムシ_compressed.pdf,52299895c14c1fd1c74279dca00f6fd9ba64d36d69e3bf3dd9c3a29a92802e77,efb17b5912fbb2c144dab4d99924dbc341e8f64054be7909dd7818cad155bef2,186,704-705,17189,ツノハシバミ,カバノキ科,exact_japanese_name,include,2026-07-11,原典画像（PDF p.186、冊子p.704-705）で「ツノハシバミ」欄の「カッコウメダカカミキリ」を確認。
kamikiri-host-index-184-191-0127,species-22132,トワダムモンメダカカミキリ,トワダムモンメダカカミキリ,日本産カミキリムシ,日本産カミキリムシ_compressed.pdf,52299895c14c1fd1c74279dca00f6fd9ba64d36d69e3bf3dd9c3a29a92802e77,efb17b5912fbb2c144dab4d99924dbc341e8f64054be7909dd7818cad155bef2,186,704-705,17189,ツノハシバミ,カバノキ科,exact_japanese_name,include,2026-07-11,原典画像（PDF p.186、冊子p.704-705）で「ツノハシバミ」欄の「トワダムモンメダカカミキリ」を確認。
KDB-0028,species-22890,カタシロゴマフカミキリ 基亜種,カタシロゴマフカミキリ,日本産カミキリムシ,日本産カミキリムシ_compressed.pdf,52299895c14c1fd1c74279dca00f6fd9ba64d36d69e3bf3dd9c3a29a92802e77,efb17b5912fbb2c144dab4d99924dbc341e8f64054be7909dd7818cad155bef2,186,704-705,17189,ツノハシバミ,カバノキ科,exact_derived_base_name,include,2026-07-11,索引PDF p.186で学名が基亜種として明示され、種解説PDF p.94の基亜種見出しおよび normalized_data/insects.csv の同種群と一致
kamikiri-host-index-184-191-0129,species-23046,ニセシラホシカミキリ,ニセシラホシカミキリ,日本産カミキリムシ,日本産カミキリムシ_compressed.pdf,52299895c14c1fd1c74279dca00f6fd9ba64d36d69e3bf3dd9c3a29a92802e77,efb17b5912fbb2c144dab4d99924dbc341e8f64054be7909dd7818cad155bef2,186,704-705,17189,ツノハシバミ,カバノキ科,exact_japanese_name,include,2026-07-11,原典画像（PDF p.186、冊子p.704-705）で「ツノハシバミ」欄の「ニセシラホシカミキリ」を確認。
kamikiri-host-index-184-191-0131,species-21898,クロヒラタカミキリ,クロヒラタカミキリ,日本産カミキリムシ,日本産カミキリムシ_compressed.pdf,52299895c14c1fd1c74279dca00f6fd9ba64d36d69e3bf3dd9c3a29a92802e77,efb17b5912fbb2c144dab4d99924dbc341e8f64054be7909dd7818cad155bef2,186,704-705,17196,アサダ,カバノキ科,exact_japanese_name,include,2026-07-11,原典画像（PDF p.186、冊子p.704-705）で「アサダ」欄の「クロヒラタカミキリ」を確認。
kamikiri-host-index-184-191-0130,species-22045,ウスイロトラカミキリ,ウスイロトラカミキリ,日本産カミキリムシ,日本産カミキリムシ_compressed.pdf,52299895c14c1fd1c74279dca00f6fd9ba64d36d69e3bf3dd9c3a29a92802e77,efb17b5912fbb2c144dab4d99924dbc341e8f64054be7909dd7818cad155bef2,186,704-705,17196,アサダ,カバノキ科,exact_japanese_name,include,2026-07-11,原典画像（PDF p.186、冊子p.704-705）で「アサダ」欄の「ウスイロトラカミキリ」を確認。
kamikiri-host-index-184-191-0132,species-22871,ゴマフカミキリ,ゴマフカミキリ,日本産カミキリムシ,日本産カミキリムシ_compressed.pdf,52299895c14c1fd1c74279dca00f6fd9ba64d36d69e3bf3dd9c3a29a92802e77,efb17b5912fbb2c144dab4d99924dbc341e8f64054be7909dd7818cad155bef2,186,704-705,17196,アサダ,カバノキ科,exact_japanese_name,include,2026-07-11,原典画像（PDF p.186、冊子p.704-705）で「アサダ」欄の「ゴマフカミキリ」を確認。
kamikiri-host-index-184-191-0133,species-23061,ブロイニングカミキリ,ブロイニングカミキリ,日本産カミキリムシ,日本産カミキリムシ_compressed.pdf,52299895c14c1fd1c74279dca00f6fd9ba64d36d69e3bf3dd9c3a29a92802e77,efb17b5912fbb2c144dab4d99924dbc341e8f64054be7909dd7818cad155bef2,186,704-705,17196,アサダ,カバノキ科,exact_japanese_name,include,2026-07-11,原典画像（PDF p.186、冊子p.704-705）で「アサダ」欄の「ブロイニングカミキリ」を確認。
kamikiri-host-index-184-191-0134,species-22654,シロスジカミキリ,シロスジカミキリ,日本産カミキリムシ,日本産カミキリムシ_compressed.pdf,52299895c14c1fd1c74279dca00f6fd9ba64d36d69e3bf3dd9c3a29a92802e77,efb17b5912fbb2c144dab4d99924dbc341e8f64054be7909dd7818cad155bef2,186,704-705,17200,カバノキ類,カバノキ科,exact_japanese_name,include,2026-07-11,原典画像（PDF p.186、冊子p.704-705）で「カバノキ類」欄の「シロスジカミキリ」を確認。
KDB-0029,1-1,ウスバカミキリ 基亜種,ウスバカミキリ,日本産カミキリムシ,日本産カミキリムシ_compressed.pdf,52299895c14c1fd1c74279dca00f6fd9ba64d36d69e3bf3dd9c3a29a92802e77,efb17b5912fbb2c144dab4d99924dbc341e8f64054be7909dd7818cad155bef2,186,704-705,17203,クリ,ブナ科,exact_derived_base_name,include,2026-07-11,索引PDF p.186で学名が基亜種として明示され、種解説PDF p.4の基亜種見出しおよび normalized_data/insects.csv の同種群と一致
KDB-0030,13-1,ノコギリカミキリ 基亜種,ノコギリカミキリ,日本産カミキリムシ,日本産カミキリムシ_compressed.pdf,52299895c14c1fd1c74279dca00f6fd9ba64d36d69e3bf3dd9c3a29a92802e77,efb17b5912fbb2c144dab4d99924dbc341e8f64054be7909dd7818cad155bef2,186,704-705,17203,クリ,ブナ科,exact_derived_base_name,include,2026-07-11,索引PDF p.186で学名が基亜種として明示され、種解説PDF p.5の基亜種見出しおよび normalized_data/insects.csv の同種群と一致
kamikiri-host-index-184-191-0165,species-21858,マツシタトラカミキリ,マツシタトラカミキリ,日本産カミキリムシ,日本産カミキリムシ_compressed.pdf,52299895c14c1fd1c74279dca00f6fd9ba64d36d69e3bf3dd9c3a29a92802e77,efb17b5912fbb2c144dab4d99924dbc341e8f64054be7909dd7818cad155bef2,186,704-705,17203,クリ,ブナ科,exact_japanese_name,include,2026-07-11,原典画像（PDF p.186、冊子p.704-705）で「クリ」欄の「マツシタトラカミキリ」を確認。
kamikiri-host-index-184-191-0166,species-21877,ミドリカミキリ,ミドリカミキリ,日本産カミキリムシ,日本産カミキリムシ_compressed.pdf,52299895c14c1fd1c74279dca00f6fd9ba64d36d69e3bf3dd9c3a29a92802e77,efb17b5912fbb2c144dab4d99924dbc341e8f64054be7909dd7818cad155bef2,186,704-705,17203,クリ,ブナ科,exact_japanese_name,include,2026-07-11,原典画像（PDF p.186、冊子p.704-705）で「クリ」欄の「ミドリカミキリ」を確認。
kamikiri-host-index-184-191-0172,species-21883,ルリヒラタカミキリ,ルリヒラタカミキリ,日本産カミキリムシ,日本産カミキリムシ_compressed.pdf,52299895c14c1fd1c74279dca00f6fd9ba64d36d69e3bf3dd9c3a29a92802e77,efb17b5912fbb2c144dab4d99924dbc341e8f64054be7909dd7818cad155bef2,186,704-705,17203,クリ,ブナ科,exact_japanese_name,include,2026-07-11,原典画像（PDF p.186、冊子p.704-705）で「クリ」欄の「ルリヒラタカミキリ」を確認。
KDB-0031,species-21921,アメイロカミキリ 基亜種,アメイロカミキリ,日本産カミキリムシ,日本産カミキリムシ_compressed.pdf,52299895c14c1fd1c74279dca00f6fd9ba64d36d69e3bf3dd9c3a29a92802e77,efb17b5912fbb2c144dab4d99924dbc341e8f64054be7909dd7818cad155bef2,186,704-705,17203,クリ,ブナ科,exact_derived_base_name,include,2026-07-11,索引PDF p.186で学名が基亜種として明示され、種解説PDF p.52の基亜種見出しおよび normalized_data/insects.csv の同種群と一致
kamikiri-host-index-184-191-0171,species-21923,ヨツボシカミキリ,ヨツボシカミキリ,日本産カミキリムシ,日本産カミキリムシ_compressed.pdf,52299895c14c1fd1c74279dca00f6fd9ba64d36d69e3bf3dd9c3a29a92802e77,efb17b5912fbb2c144dab4d99924dbc341e8f64054be7909dd7818cad155bef2,186,704-705,17203,クリ,ブナ科,exact_japanese_name,include,2026-07-11,原典画像（PDF p.186、冊子p.704-705）で「クリ」欄の「ヨツボシカミキリ」を確認。
kamikiri-host-index-184-191-0167,species-21933,ミヤマカミキリ,ミヤマカミキリ,日本産カミキリムシ,日本産カミキリムシ_compressed.pdf,52299895c14c1fd1c74279dca00f6fd9ba64d36d69e3bf3dd9c3a29a92802e77,efb17b5912fbb2c144dab4d99924dbc341e8f64054be7909dd7818cad155bef2,186,704-705,17203,クリ,ブナ科,exact_japanese_name,include,2026-07-11,原典画像（PDF p.186、冊子p.704-705）で「クリ」欄の「ミヤマカミキリ」を確認。
kamikiri-host-index-184-191-0157,species-21970,トウキョウトラカミキリ,トウキョウトラカミキリ,日本産カミキリムシ,日本産カミキリムシ_compressed.pdf,52299895c14c1fd1c74279dca00f6fd9ba64d36d69e3bf3dd9c3a29a92802e77,efb17b5912fbb2c144dab4d99924dbc341e8f64054be7909dd7818cad155bef2,186,704-705,17203,クリ,ブナ科,reviewed_source_crosswalk,include,2026-07-11,原典画像（PDF p.186、冊子p.704-705）で「クリ」欄の「トウキョウトラカミキリ」を確認。監査済み名対応表との一致を確認。
kamikiri-host-index-184-191-0144,species-21973,キンケトラカミキリ,キンケトラカミキリ,日本産カミキリムシ,日本産カミキリムシ_compressed.pdf,52299895c14c1fd1c74279dca00f6fd9ba64d36d69e3bf3dd9c3a29a92802e77,efb17b5912fbb2c144dab4d99924dbc341e8f64054be7909dd7818cad155bef2,186,704-705,17203,クリ,ブナ科,exact_japanese_name,include,2026-07-11,原典画像（PDF p.186、冊子p.704-705）で「クリ」欄の「キンケトラカミキリ」を確認。
kamikiri-host-index-184-191-0142,species-21976,キスジトラカミキリ,キスジトラカミキリ,日本産カミキリムシ,日本産カミキリムシ_compressed.pdf,52299895c14c1fd1c74279dca00f6fd9ba64d36d69e3bf3dd9c3a29a92802e77,efb17b5912fbb2c144dab4d99924dbc341e8f64054be7909dd7818cad155bef2,186,704-705,17203,クリ,ブナ科,exact_japanese_name,include,2026-07-11,原典画像（PDF p.186、冊子p.704-705）で「クリ」欄の「キスジトラカミキリ」を確認。
kamikiri-host-index-184-191-0170,species-21984,ヨコヤマトラカミキリ,ヨコヤマトラカミキリ,日本産カミキリムシ,日本産カミキリムシ_compressed.pdf,52299895c14c1fd1c74279dca00f6fd9ba64d36d69e3bf3dd9c3a29a92802e77,efb17b5912fbb2c144dab4d99924dbc341e8f64054be7909dd7818cad155bef2,186,704-705,17203,クリ,ブナ科,exact_japanese_name,include,2026-07-11,原典画像（PDF p.186、冊子p.704-705）で「クリ」欄の「ヨコヤマトラカミキリ」を確認。
kamikiri-host-index-184-191-0138,species-21988,エグリトラカミキリ,エグリトラカミキリ,日本産カミキリムシ,日本産カミキリムシ_compressed.pdf,52299895c14c1fd1c74279dca00f6fd9ba64d36d69e3bf3dd9c3a29a92802e77,efb17b5912fbb2c144dab4d99924dbc341e8f64054be7909dd7818cad155bef2,186,704-705,17203,クリ,ブナ科,exact_japanese_name,include,2026-07-11,原典画像（PDF p.186、冊子p.704-705）で「クリ」欄の「エグリトラカミキリ」を確認。
KDB-0032,species-22022,ヒメクロトラカミキリ 基亜種,ヒメクロトラカミキリ,日本産カミキリムシ,日本産カミキリムシ_compressed.pdf,52299895c14c1fd1c74279dca00f6fd9ba64d36d69e3bf3dd9c3a29a92802e77,efb17b5912fbb2c144dab4d99924dbc341e8f64054be7909dd7818cad155bef2,186,704-705,17203,クリ,ブナ科,exact_derived_base_name,include,2026-07-11,索引PDF p.186で学名が基亜種として明示され、種解説PDF p.85の基亜種見出しおよび normalized_data/insects.csv の同種群と一致
kamikiri-host-index-184-191-0137,species-22045,ウスイロトラカミキリ,ウスイロトラカミキリ,日本産カミキリムシ,日本産カミキリムシ_compressed.pdf,52299895c14c1fd1c74279dca00f6fd9ba64d36d69e3bf3dd9c3a29a92802e77,efb17b5912fbb2c144dab4d99924dbc341e8f64054be7909dd7818cad155bef2,186,704-705,17203,クリ,ブナ科,exact_japanese_name,include,2026-07-11,原典画像（PDF p.186、冊子p.704-705）で「クリ」欄の「ウスイロトラカミキリ」を確認。
kamikiri-host-index-184-191-0150,species-22091,コボトケヒゲナガコバネカミキリ,コボトケヒゲナガコバネカミキリ,日本産カミキリムシ,日本産カミキリムシ_compressed.pdf,52299895c14c1fd1c74279dca00f6fd9ba64d36d69e3bf3dd9c3a29a92802e77,efb17b5912fbb2c144dab4d99924dbc341e8f64054be7909dd7818cad155bef2,186,704-705,17203,クリ,ブナ科,exact_japanese_name,include,2026-07-11,原典画像（PDF p.186、冊子p.704-705）で「クリ」欄の「コボトケヒゲナガコバネカミキリ」を確認。
kamikiri-host-index-184-191-0140,species-22129,カッコウメダカカミキリ,カッコウメダカカミキリ,日本産カミキリムシ,日本産カミキリムシ_compressed.pdf,52299895c14c1fd1c74279dca00f6fd9ba64d36d69e3bf3dd9c3a29a92802e77,efb17b5912fbb2c144dab4d99924dbc341e8f64054be7909dd7818cad155bef2,186,704-705,17203,クリ,ブナ科,exact_japanese_name,include,2026-07-11,原典画像（PDF p.186、冊子p.704-705）で「クリ」欄の「カッコウメダカカミキリ」を確認。
kamikiri-host-index-184-191-0168,species-22173,ムモンベニカミキリ,ムモンベニカミキリ,日本産カミキリムシ,日本産カミキリムシ_compressed.pdf,52299895c14c1fd1c74279dca00f6fd9ba64d36d69e3bf3dd9c3a29a92802e77,efb17b5912fbb2c144dab4d99924dbc341e8f64054be7909dd7818cad155bef2,186,704-705,17203,クリ,ブナ科,exact_japanese_name,include,2026-07-11,原典画像（PDF p.186、冊子p.704-705）で「クリ」欄の「ムモンベニカミキリ」を確認。
kamikiri-host-index-184-191-0156,species-22186,テツイロハナカミキリ,テツイロハナカミキリ,日本産カミキリムシ,日本産カミキリムシ_compressed.pdf,52299895c14c1fd1c74279dca00f6fd9ba64d36d69e3bf3dd9c3a29a92802e77,efb17b5912fbb2c144dab4d99924dbc341e8f64054be7909dd7818cad155bef2,186,704-705,17203,クリ,ブナ科,exact_japanese_name,include,2026-07-11,原典画像（PDF p.186、冊子p.704-705）で「クリ」欄の「テツイロハナカミキリ」を確認。
kamikiri-host-index-184-191-0169,species-22226,ヤマトキモンハナカミキリ,ヤマトキモンハナカミキリ,日本産カミキリムシ,日本産カミキリムシ_compressed.pdf,52299895c14c1fd1c74279dca00f6fd9ba64d36d69e3bf3dd9c3a29a92802e77,efb17b5912fbb2c144dab4d99924dbc341e8f64054be7909dd7818cad155bef2,186,704-705,17203,クリ,ブナ科,exact_japanese_name,include,2026-07-11,原典画像（PDF p.186、冊子p.704-705）で「クリ」欄の「ヤマトキモンハナカミキリ」を確認。
kamikiri-host-index-184-191-0146,species-22236,クロハナカミキリ,クロハナカミキリ,日本産カミキリムシ,日本産カミキリムシ_compressed.pdf,52299895c14c1fd1c74279dca00f6fd9ba64d36d69e3bf3dd9c3a29a92802e77,efb17b5912fbb2c144dab4d99924dbc341e8f64054be7909dd7818cad155bef2,186,704-705,17203,クリ,ブナ科,exact_japanese_name,include,2026-07-11,原典画像（PDF p.186、冊子p.704-705）で「クリ」欄の「クロハナカミキリ」を確認。
kamikiri-host-index-184-191-0158,species-22515,トゲバカミキリ,トゲバカミキリ,日本産カミキリムシ,日本産カミキリムシ_compressed.pdf,52299895c14c1fd1c74279dca00f6fd9ba64d36d69e3bf3dd9c3a29a92802e77,efb17b5912fbb2c144dab4d99924dbc341e8f64054be7909dd7818cad155bef2,186,704-705,17203,クリ,ブナ科,exact_japanese_name,include,2026-07-11,原典画像（PDF p.186、冊子p.704-705）で「クリ」欄の「トゲバカミキリ」を確認。
kamikiri-host-index-184-191-0148,species-22526,ケシカミキリ,ケシカミキリ,日本産カミキリムシ,日本産カミキリムシ_compressed.pdf,52299895c14c1fd1c74279dca00f6fd9ba64d36d69e3bf3dd9c3a29a92802e77,efb17b5912fbb2c144dab4d99924dbc341e8f64054be7909dd7818cad155bef2,186,704-705,17203,クリ,ブナ科,exact_japanese_name,include,2026-07-11,原典画像（PDF p.186、冊子p.704-705）で「クリ」欄の「ケシカミキリ」を確認。
KDB-0034,species-22577,キクスイモドキカミキリ 基亜種,キクスイモドキカミキリ,日本産カミキリムシ,日本産カミキリムシ_compressed.pdf,52299895c14c1fd1c74279dca00f6fd9ba64d36d69e3bf3dd9c3a29a92802e77,efb17b5912fbb2c144dab4d99924dbc341e8f64054be7909dd7818cad155bef2,186,704-705,17203,クリ,ブナ科,exact_derived_base_name,needs_review,2026-07-11,索引と種解説PDF p.98はいずれも Asaperda rufipes の種レベル記述。現行insects.csvでは同種群が複数亜種に分かれるが、索引の寄主記録に産地がなく基亜種へ一意に帰属できない
kamikiri-host-index-184-191-0153,species-22654,シロスジカミキリ,シロスジカミキリ,日本産カミキリムシ,日本産カミキリムシ_compressed.pdf,52299895c14c1fd1c74279dca00f6fd9ba64d36d69e3bf3dd9c3a29a92802e77,efb17b5912fbb2c144dab4d99924dbc341e8f64054be7909dd7818cad155bef2,186,704-705,17203,クリ,ブナ科,exact_japanese_name,include,2026-07-11,原典画像（PDF p.186、冊子p.704-705）で「クリ」欄の「シロスジカミキリ」を確認。
kamikiri-host-index-184-191-0161,species-22656,ハラアカコブカミキリ,ハラアカコブカミキリ,日本産カミキリムシ,日本産カミキリムシ_compressed.pdf,52299895c14c1fd1c74279dca00f6fd9ba64d36d69e3bf3dd9c3a29a92802e77,efb17b5912fbb2c144dab4d99924dbc341e8f64054be7909dd7818cad155bef2,186,704-705,17203,クリ,ブナ科,reviewed_source_crosswalk,include,2026-07-11,原典画像（PDF p.186、冊子p.704-705）で「クリ」欄の「ハラアカコブカミキリ」を確認。監査済み名対応表との一致を確認。
kamikiri-host-index-184-191-0162,species-22700,ヒトオビアラゲカミキリ,ヒトオビアラゲカミキリ,日本産カミキリムシ,日本産カミキリムシ_compressed.pdf,52299895c14c1fd1c74279dca00f6fd9ba64d36d69e3bf3dd9c3a29a92802e77,efb17b5912fbb2c144dab4d99924dbc341e8f64054be7909dd7818cad155bef2,186,704-705,17203,クリ,ブナ科,exact_japanese_name,include,2026-07-11,原典画像（PDF p.186、冊子p.704-705）で「クリ」欄の「ヒトオビアラゲカミキリ」を確認。
kamikiri-host-index-184-191-0154,species-22710,タカサゴシロカミキリ,タカサゴシロカミキリ,日本産カミキリムシ,日本産カミキリムシ_compressed.pdf,52299895c14c1fd1c74279dca00f6fd9ba64d36d69e3bf3dd9c3a29a92802e77,efb17b5912fbb2c144dab4d99924dbc341e8f64054be7909dd7818cad155bef2,186,704-705,17203,クリ,ブナ科,exact_japanese_name,include,2026-07-11,原典画像（PDF p.186、冊子p.704-705）で「クリ」欄の「タカサゴシロカミキリ」を確認。
kamikiri-host-index-184-191-0151,species-22764,ゴマダラカミキリ,ゴマダラカミキリ,日本産カミキリムシ,日本産カミキリムシ_compressed.pdf,52299895c14c1fd1c74279dca00f6fd9ba64d36d69e3bf3dd9c3a29a92802e77,efb17b5912fbb2c144dab4d99924dbc341e8f64054be7909dd7818cad155bef2,186,704-705,17203,クリ,ブナ科,exact_japanese_name,include,2026-07-11,原典画像（PDF p.186、冊子p.704-705）で「クリ」欄の「ゴマダラカミキリ」を確認。
kamikiri-host-index-184-191-0149,species-22798,コブヤハズカミキリ 基亜種,コブヤハズカミキリ,日本産カミキリムシ,日本産カミキリムシ_compressed.pdf,52299895c14c1fd1c74279dca00f6fd9ba64d36d69e3bf3dd9c3a29a92802e77,efb17b5912fbb2c144dab4d99924dbc341e8f64054be7909dd7818cad155bef2,186,704-705,17203,クリ,ブナ科,reviewed_source_crosswalk,include,2026-07-11,原典画像（PDF p.186、冊子p.704-705）で「クリ」欄の「コブヤハズカミキリ」を確認。原典名「コブヤハズカミキリ」を現行名「コブヤハズカミキリ 基亜種」へ照合。
KDB-0035,species-22843,セミスジコブヒゲカミキリ 基亜種,セミスジコブヒゲカミキリ,日本産カミキリムシ,日本産カミキリムシ_compressed.pdf,52299895c14c1fd1c74279dca00f6fd9ba64d36d69e3bf3dd9c3a29a92802e77,efb17b5912fbb2c144dab4d99924dbc341e8f64054be7909dd7818cad155bef2,186,704-705,17203,クリ,ブナ科,exact_derived_base_name,include,2026-07-11,索引PDF p.186で学名が基亜種として明示され、種解説PDF p.140の基亜種見出しおよび normalized_data/insects.csv の同種群と一致
kamikiri-host-index-184-191-0164,species-22863,マダラゴマフカミキリ,マダラゴマフカミキリ,日本産カミキリムシ,日本産カミキリムシ_compressed.pdf,52299895c14c1fd1c74279dca00f6fd9ba64d36d69e3bf3dd9c3a29a92802e77,efb17b5912fbb2c144dab4d99924dbc341e8f64054be7909dd7818cad155bef2,186,704-705,17203,クリ,ブナ科,exact_japanese_name,include,2026-07-11,原典画像（PDF p.186、冊子p.704-705）で「クリ」欄の「マダラゴマフカミキリ」を確認。
kamikiri-host-index-184-191-0159,species-22866,ナガゴマフカミキリ,ナガゴマフカミキリ,日本産カミキリムシ,日本産カミキリムシ_compressed.pdf,52299895c14c1fd1c74279dca00f6fd9ba64d36d69e3bf3dd9c3a29a92802e77,efb17b5912fbb2c144dab4d99924dbc341e8f64054be7909dd7818cad155bef2,186,704-705,17203,クリ,ブナ科,exact_japanese_name,include,2026-07-11,原典画像（PDF p.186、冊子p.704-705）で「クリ」欄の「ナガゴマフカミキリ」を確認。
kamikiri-host-index-184-191-0152,species-22871,ゴマフカミキリ,ゴマフカミキリ,日本産カミキリムシ,日本産カミキリムシ_compressed.pdf,52299895c14c1fd1c74279dca00f6fd9ba64d36d69e3bf3dd9c3a29a92802e77,efb17b5912fbb2c144dab4d99924dbc341e8f64054be7909dd7818cad155bef2,186,704-705,17203,クリ,ブナ科,exact_japanese_name,include,2026-07-11,原典画像（PDF p.186、冊子p.704-705）で「クリ」欄の「ゴマフカミキリ」を確認。
KDB-0033,species-22890,カタシロゴマフカミキリ 基亜種,カタシロゴマフカミキリ,日本産カミキリムシ,日本産カミキリムシ_compressed.pdf,52299895c14c1fd1c74279dca00f6fd9ba64d36d69e3bf3dd9c3a29a92802e77,efb17b5912fbb2c144dab4d99924dbc341e8f64054be7909dd7818cad155bef2,186,704-705,17203,クリ,ブナ科,exact_derived_base_name,include,2026-07-11,索引PDF p.186で学名が基亜種として明示され、種解説PDF p.94の基亜種見出しおよび normalized_data/insects.csv の同種群と一致
kamikiri-host-index-184-191-0145,species-22910,クモガタケシカミキリ,クモガタケシカミキリ,日本産カミキリムシ,日本産カミキリムシ_compressed.pdf,52299895c14c1fd1c74279dca00f6fd9ba64d36d69e3bf3dd9c3a29a92802e77,efb17b5912fbb2c144dab4d99924dbc341e8f64054be7909dd7818cad155bef2,186,704-705,17203,クリ,ブナ科,exact_japanese_name,include,2026-07-11,原典画像（PDF p.186、冊子p.704-705）で「クリ」欄の「クモガタケシカミキリ」を確認。
kamikiri-host-index-184-191-0141,species-22912,ガロアケシカミキリ,ガロアケシカミキリ,日本産カミキリムシ,日本産カミキリムシ_compressed.pdf,52299895c14c1fd1c74279dca00f6fd9ba64d36d69e3bf3dd9c3a29a92802e77,efb17b5912fbb2c144dab4d99924dbc341e8f64054be7909dd7818cad155bef2,186,704-705,17203,クリ,ブナ科,exact_japanese_name,include,2026-07-11,原典画像（PDF p.186、冊子p.704-705）で「クリ」欄の「ガロアケシカミキリ」を確認。
kamikiri-host-index-184-191-0143,species-22927,キッコウモンケシカミキリ,キッコウモンケシカミキリ,日本産カミキリムシ,日本産カミキリムシ_compressed.pdf,52299895c14c1fd1c74279dca00f6fd9ba64d36d69e3bf3dd9c3a29a92802e77,efb17b5912fbb2c144dab4d99924dbc341e8f64054be7909dd7818cad155bef2,186,704-705,17203,クリ,ブナ科,exact_japanese_name,include,2026-07-11,原典画像（PDF p.186、冊子p.704-705）で「クリ」欄の「キッコウモンケシカミキリ」を確認。
kamikiri-host-index-184-191-0160,species-22932,ネジロカミキリ,ネジロカミキリ,日本産カミキリムシ,日本産カミキリムシ_compressed.pdf,52299895c14c1fd1c74279dca00f6fd9ba64d36d69e3bf3dd9c3a29a92802e77,efb17b5912fbb2c144dab4d99924dbc341e8f64054be7909dd7818cad155bef2,186,704-705,17203,クリ,ブナ科,exact_japanese_name,include,2026-07-11,原典画像（PDF p.186、冊子p.704-705）で「クリ」欄の「ネジロカミキリ」を確認。
kamikiri-host-index-184-191-0147,species-22941,クワサビカミキリ,クワサビカミキリ,日本産カミキリムシ,日本産カミキリムシ_compressed.pdf,52299895c14c1fd1c74279dca00f6fd9ba64d36d69e3bf3dd9c3a29a92802e77,efb17b5912fbb2c144dab4d99924dbc341e8f64054be7909dd7818cad155bef2,186,704-705,17203,クリ,ブナ科,exact_japanese_name,include,2026-07-11,原典画像（PDF p.186、冊子p.704-705）で「クリ」欄の「クワサビカミキリ」を確認。
kamikiri-host-index-184-191-0155,species-22953,ツシマハネナシサビカミキリ,ツシマハネナシサビカミキリ,日本産カミキリムシ,日本産カミキリムシ_compressed.pdf,52299895c14c1fd1c74279dca00f6fd9ba64d36d69e3bf3dd9c3a29a92802e77,efb17b5912fbb2c144dab4d99924dbc341e8f64054be7909dd7818cad155bef2,186,704-705,17203,クリ,ブナ科,exact_japanese_name,include,2026-07-11,原典画像（PDF p.186、冊子p.704-705）で「クリ」欄の「ツシマハネナシサビカミキリ」を確認。
kamikiri-host-index-184-191-0136,species-22965,アトモンサビカミキリ,アトモンサビカミキリ,日本産カミキリムシ,日本産カミキリムシ_compressed.pdf,52299895c14c1fd1c74279dca00f6fd9ba64d36d69e3bf3dd9c3a29a92802e77,efb17b5912fbb2c144dab4d99924dbc341e8f64054be7909dd7818cad155bef2,186,704-705,17203,クリ,ブナ科,exact_japanese_name,include,2026-07-11,原典画像（PDF p.186、冊子p.704-705）で「クリ」欄の「アトモンサビカミキリ」を確認。
kamikiri-host-index-184-191-0163,species-22969,ヒメナガサビカミキリ,ヒメナガサビカミキリ,日本産カミキリムシ,日本産カミキリムシ_compressed.pdf,52299895c14c1fd1c74279dca00f6fd9ba64d36d69e3bf3dd9c3a29a92802e77,efb17b5912fbb2c144dab4d99924dbc341e8f64054be7909dd7818cad155bef2,186,704-705,17203,クリ,ブナ科,exact_japanese_name,include,2026-07-11,原典画像（PDF p.186、冊子p.704-705）で「クリ」欄の「ヒメナガサビカミキリ」を確認。
kamikiri-host-index-184-191-0139,species-22970,エゾサビカミキリ,エゾサビカミキリ,日本産カミキリムシ,日本産カミキリムシ_compressed.pdf,52299895c14c1fd1c74279dca00f6fd9ba64d36d69e3bf3dd9c3a29a92802e77,efb17b5912fbb2c144dab4d99924dbc341e8f64054be7909dd7818cad155bef2,186,704-705,17203,クリ,ブナ科,exact_japanese_name,include,2026-07-11,原典画像（PDF p.186、冊子p.704-705）で「クリ」欄の「エゾサビカミキリ」を確認。
kamikiri-host-index-184-191-0135,species-22972,アトジロサビカミキリ,アトジロサビカミキリ,日本産カミキリムシ,日本産カミキリムシ_compressed.pdf,52299895c14c1fd1c74279dca00f6fd9ba64d36d69e3bf3dd9c3a29a92802e77,efb17b5912fbb2c144dab4d99924dbc341e8f64054be7909dd7818cad155bef2,186,704-705,17203,クリ,ブナ科,exact_japanese_name,include,2026-07-11,原典画像（PDF p.186、冊子p.704-705）で「クリ」欄の「アトジロサビカミキリ」を確認。
KDB-0036,species-23007,シラホシカミキリ 基亜種,シラホシカミキリ,日本産カミキリムシ,日本産カミキリムシ_compressed.pdf,52299895c14c1fd1c74279dca00f6fd9ba64d36d69e3bf3dd9c3a29a92802e77,efb17b5912fbb2c144dab4d99924dbc341e8f64054be7909dd7818cad155bef2,186,704-705,17203,クリ,ブナ科,exact_derived_base_name,include,2026-07-11,索引PDF p.186で学名が基亜種として明示され、種解説PDF p.165の基亜種見出しおよび normalized_data/insects.csv の同種群と一致
kamikiri-host-index-184-191-0173,species-21933,ミヤマカミキリ,ミヤマカミキリ,日本産カミキリムシ,日本産カミキリムシ_compressed.pdf,52299895c14c1fd1c74279dca00f6fd9ba64d36d69e3bf3dd9c3a29a92802e77,efb17b5912fbb2c144dab4d99924dbc341e8f64054be7909dd7818cad155bef2,186,704-705,17262,シナグリ,ブナ科,exact_japanese_name,include,2026-07-11,原典画像（PDF p.186、冊子p.704-705）で「シナグリ」欄の「ミヤマカミキリ」を確認。
kamikiri-host-index-184-191-0187,11,サキシマニセクワガタカミキリ,タイワンニセクワガタカミキリ,日本産カミキリムシ,日本産カミキリムシ_compressed.pdf,52299895c14c1fd1c74279dca00f6fd9ba64d36d69e3bf3dd9c3a29a92802e77,efb17b5912fbb2c144dab4d99924dbc341e8f64054be7909dd7818cad155bef2,186,704-705,17264,クリ類,ブナ科,reviewed_source_crosswalk,include,2026-07-11,原典画像（PDF p.186、冊子p.704-705）で「クリ類」欄の「タイワンニセクワガタカミキリ」を確認。原典名「タイワンニセクワガタカミキリ」を現行名「サキシマニセクワガタカミキリ」へ照合。
kamikiri-host-index-184-191-0192,8,ベーツヒラタカミキリ,ベーツヒラタカミキリ,日本産カミキリムシ,日本産カミキリムシ_compressed.pdf,52299895c14c1fd1c74279dca00f6fd9ba64d36d69e3bf3dd9c3a29a92802e77,efb17b5912fbb2c144dab4d99924dbc341e8f64054be7909dd7818cad155bef2,186,704-705,17264,クリ類,ブナ科,exact_japanese_name,include,2026-07-11,原典画像（PDF p.186、冊子p.704-705）で「クリ類」欄の「ベーツヒラタカミキリ」を確認。
KDB-0043,species-21855,アラカワシロヘリトラカミキリ 基亜種,アラカワシロヘリトラカミキリ,日本産カミキリムシ,日本産カミキリムシ_compressed.pdf,52299895c14c1fd1c74279dca00f6fd9ba64d36d69e3bf3dd9c3a29a92802e77,efb17b5912fbb2c144dab4d99924dbc341e8f64054be7909dd7818cad155bef2,186,704-705,17264,クリ類,ブナ科,exact_derived_base_name,include,2026-07-11,索引PDF p.186で学名が基亜種として明示され、種解説PDF p.88の基亜種見出しおよび normalized_data/insects.csv の同種群と一致
kamikiri-host-index-184-191-0193,species-21877,ミドリカミキリ,ミドリカミキリ,日本産カミキリムシ,日本産カミキリムシ_compressed.pdf,52299895c14c1fd1c74279dca00f6fd9ba64d36d69e3bf3dd9c3a29a92802e77,efb17b5912fbb2c144dab4d99924dbc341e8f64054be7909dd7818cad155bef2,186,704-705,17264,クリ類,ブナ科,exact_japanese_name,include,2026-07-11,原典画像（PDF p.186、冊子p.704-705）で「クリ類」欄の「ミドリカミキリ」を確認。
KDB-0038,species-21902,ホソガタヒメカミキリ 基亜種,ホソガタヒメカミキリ,日本産カミキリムシ,日本産カミキリムシ_compressed.pdf,52299895c14c1fd1c74279dca00f6fd9ba64d36d69e3bf3dd9c3a29a92802e77,efb17b5912fbb2c144dab4d99924dbc341e8f64054be7909dd7818cad155bef2,186,704-705,17264,クリ類,ブナ科,exact_derived_base_name,needs_review,2026-07-11,索引と種解説PDF p.54はいずれも Ceresium elongatum の種レベル記述。現行insects.csvでは同種群が複数亜種に分かれるが、索引の寄主記録に産地がなく基亜種へ一意に帰属できない
kamikiri-host-index-184-191-0183,species-21924,キマダラカミキリ 基亜種,キマダラミヤマカミキリ,日本産カミキリムシ,日本産カミキリムシ_compressed.pdf,52299895c14c1fd1c74279dca00f6fd9ba64d36d69e3bf3dd9c3a29a92802e77,efb17b5912fbb2c144dab4d99924dbc341e8f64054be7909dd7818cad155bef2,186,704-705,17264,クリ類,ブナ科,reviewed_source_crosswalk,include,2026-07-11,原典画像（PDF p.186、冊子p.704-705）で「クリ類」欄の「キマダラミヤマカミキリ」を確認。原典名「キマダラミヤマカミキリ」を現行名「キマダラカミキリ 基亜種」へ照合。
kamikiri-host-index-184-191-0182,species-21931,キイロミヤマカミキリ,キイロミヤマカミキリ,日本産カミキリムシ,日本産カミキリムシ_compressed.pdf,52299895c14c1fd1c74279dca00f6fd9ba64d36d69e3bf3dd9c3a29a92802e77,efb17b5912fbb2c144dab4d99924dbc341e8f64054be7909dd7818cad155bef2,186,704-705,17264,クリ類,ブナ科,exact_japanese_name,include,2026-07-11,原典画像（PDF p.186、冊子p.704-705）で「クリ類」欄の「キイロミヤマカミキリ」を確認。
kamikiri-host-index-184-191-0194,species-21933,ミヤマカミキリ,ミヤマカミキリ,日本産カミキリムシ,日本産カミキリムシ_compressed.pdf,52299895c14c1fd1c74279dca00f6fd9ba64d36d69e3bf3dd9c3a29a92802e77,efb17b5912fbb2c144dab4d99924dbc341e8f64054be7909dd7818cad155bef2,186,704-705,17264,クリ類,ブナ科,exact_japanese_name,include,2026-07-11,原典画像（PDF p.186、冊子p.704-705）で「クリ類」欄の「ミヤマカミキリ」を確認。
kamikiri-host-index-184-191-0180,species-21988,エグリトラカミキリ,エグリトラカミキリ,日本産カミキリムシ,日本産カミキリムシ_compressed.pdf,52299895c14c1fd1c74279dca00f6fd9ba64d36d69e3bf3dd9c3a29a92802e77,efb17b5912fbb2c144dab4d99924dbc341e8f64054be7909dd7818cad155bef2,186,704-705,17264,クリ類,ブナ科,exact_japanese_name,include,2026-07-11,原典画像（PDF p.186、冊子p.704-705）で「クリ類」欄の「エグリトラカミキリ」を確認。
KDB-0041,species-21990,フタオビミドリトラカミキリ 基亜種,フタオビミドリトラカミキリ,日本産カミキリムシ,日本産カミキリムシ_compressed.pdf,52299895c14c1fd1c74279dca00f6fd9ba64d36d69e3bf3dd9c3a29a92802e77,efb17b5912fbb2c144dab4d99924dbc341e8f64054be7909dd7818cad155bef2,186,704-705,17264,クリ類,ブナ科,exact_derived_base_name,needs_review,2026-07-11,索引と種解説PDF p.84はいずれも Chlorophorus muscosus の種レベル記述。現行insects.csvでは同種群が複数亜種に分かれるが、索引の寄主記録に産地がなく基亜種へ一意に帰属できない
KDB-0040,species-22008,キュウシュウチビトラカミキリ 基亜種,キュウシュウチビトラカミキリ,日本産カミキリムシ,日本産カミキリムシ_compressed.pdf,52299895c14c1fd1c74279dca00f6fd9ba64d36d69e3bf3dd9c3a29a92802e77,efb17b5912fbb2c144dab4d99924dbc341e8f64054be7909dd7818cad155bef2,186,704-705,17264,クリ類,ブナ科,exact_derived_base_name,include,2026-07-11,索引PDF p.186で学名が基亜種として明示され、種解説PDF p.79の基亜種見出しおよび normalized_data/insects.csv の同種群と一致
KDB-0042,species-22022,ヒメクロトラカミキリ 基亜種,ヒメクロトラカミキリ,日本産カミキリムシ,日本産カミキリムシ_compressed.pdf,52299895c14c1fd1c74279dca00f6fd9ba64d36d69e3bf3dd9c3a29a92802e77,efb17b5912fbb2c144dab4d99924dbc341e8f64054be7909dd7818cad155bef2,186,704-705,17264,クリ類,ブナ科,exact_derived_base_name,include,2026-07-11,索引PDF p.186で学名が基亜種として明示され、種解説PDF p.85の基亜種見出しおよび normalized_data/insects.csv の同種群と一致
kamikiri-host-index-184-191-0176,species-22040,ムネモンアカネトラカミキリ 琉球北部亜種,アマミトラカミキリ,日本産カミキリムシ,日本産カミキリムシ_compressed.pdf,52299895c14c1fd1c74279dca00f6fd9ba64d36d69e3bf3dd9c3a29a92802e77,efb17b5912fbb2c144dab4d99924dbc341e8f64054be7909dd7818cad155bef2,186,704-705,17264,クリ類,ブナ科,exact_alternative_name,include,2026-07-11,原典画像（PDF p.186、冊子p.704-705）で「クリ類」欄の「アマミトラカミキリ」を確認。原典名「アマミトラカミキリ」を現行名「ムネモンアカネトラカミキリ 琉球北部亜種」へ照合。
KDB-0039,species-22055,アマミズマルトラカミキリ 基亜種,アマミズマルトラカミキリ,日本産カミキリムシ,日本産カミキリムシ_compressed.pdf,52299895c14c1fd1c74279dca00f6fd9ba64d36d69e3bf3dd9c3a29a92802e77,efb17b5912fbb2c144dab4d99924dbc341e8f64054be7909dd7818cad155bef2,186,704-705,17264,クリ類,ブナ科,exact_derived_base_name,needs_review,2026-07-11,索引と種解説PDF p.78はいずれも Xylotrechus reductemaculatus の種レベル記述。現行insects.csvでは同種群が複数亜種に分かれるが、索引の寄主記録に産地がなく基亜種へ一意に帰属できない
kamikiri-host-index-184-191-0189,species-22153,フェリエベニボシカミキリ,フェリエベニボシカミキリ,日本産カミキリムシ,日本産カミキリムシ_compressed.pdf,52299895c14c1fd1c74279dca00f6fd9ba64d36d69e3bf3dd9c3a29a92802e77,efb17b5912fbb2c144dab4d99924dbc341e8f64054be7909dd7818cad155bef2,186,704-705,17264,クリ類,ブナ科,exact_japanese_name,include,2026-07-11,原典画像（PDF p.186、冊子p.704-705）で「クリ類」欄の「フェリエベニボシカミキリ」を確認。
KDB-0037,species-22318,アマミホソコバネカミキリ 基亜種,アマミホソコバネカミキリ,日本産カミキリムシ,日本産カミキリムシ_compressed.pdf,52299895c14c1fd1c74279dca00f6fd9ba64d36d69e3bf3dd9c3a29a92802e77,efb17b5912fbb2c144dab4d99924dbc341e8f64054be7909dd7818cad155bef2,186,704-705,17264,クリ類,ブナ科,exact_derived_base_name,include,2026-07-11,索引は Necydalis moriyai の二名法だが、種解説PDF p.44の分布は奄美大島のみ。現行の沖縄亜種は原典刊行後の記載であり、原典の寄主記録は奄美大島産の基亜種へ帰属可能
KDB-0045,species-22594,サタサビカミキリ 基亜種,サタサビカミキリ,日本産カミキリムシ,日本産カミキリムシ_compressed.pdf,52299895c14c1fd1c74279dca00f6fd9ba64d36d69e3bf3dd9c3a29a92802e77,efb17b5912fbb2c144dab4d99924dbc341e8f64054be7909dd7818cad155bef2,186,704-705,17264,クリ類,ブナ科,exact_derived_base_name,needs_review,2026-07-11,索引と種解説PDF p.101はいずれも Neosybra mizoguchii の種レベル記述。現行insects.csvでは同種群が複数亜種に分かれるが、索引の寄主記録に産地がなく基亜種へ一意に帰属できない
kamikiri-host-index-184-191-0190,species-22602,フタホシサビカミキリ,フタホシサビカミキリ,日本産カミキリムシ,日本産カミキリムシ_compressed.pdf,52299895c14c1fd1c74279dca00f6fd9ba64d36d69e3bf3dd9c3a29a92802e77,efb17b5912fbb2c144dab4d99924dbc341e8f64054be7909dd7818cad155bef2,186,704-705,17264,クリ類,ブナ科,exact_japanese_name,include,2026-07-11,原典画像（PDF p.186、冊子p.704-705）で「クリ類」欄の「フタホシサビカミキリ」を確認。
kamikiri-host-index-184-191-0191,species-22611,フタモンヒメサビカミキリ,フタモンヒメサビカミキリ,日本産カミキリムシ,日本産カミキリムシ_compressed.pdf,52299895c14c1fd1c74279dca00f6fd9ba64d36d69e3bf3dd9c3a29a92802e77,efb17b5912fbb2c144dab4d99924dbc341e8f64054be7909dd7818cad155bef2,186,704-705,17264,クリ類,ブナ科,reviewed_source_crosswalk,include,2026-07-11,原典画像（PDF p.186、冊子p.704-705）で「クリ類」欄の「フタモンヒメサビカミキリ」を確認。監査済み名対応表との一致を確認。
kamikiri-host-index-184-191-0186,species-22654,シロスジカミキリ,シロスジカミキリ,日本産カミキリムシ,日本産カミキリムシ_compressed.pdf,52299895c14c1fd1c74279dca00f6fd9ba64d36d69e3bf3dd9c3a29a92802e77,efb17b5912fbb2c144dab4d99924dbc341e8f64054be7909dd7818cad155bef2,186,704-705,17264,クリ類,ブナ科,exact_japanese_name,include,2026-07-11,原典画像（PDF p.186、冊子p.704-705）で「クリ類」欄の「シロスジカミキリ」を確認。
kamikiri-host-index-184-191-0178,species-22821,イシガキフトカミキリ,イシガキフトカミキリ,日本産カミキリムシ,日本産カミキリムシ_compressed.pdf,52299895c14c1fd1c74279dca00f6fd9ba64d36d69e3bf3dd9c3a29a92802e77,efb17b5912fbb2c144dab4d99924dbc341e8f64054be7909dd7818cad155bef2,186,704-705,17264,クリ類,ブナ科,exact_japanese_name,include,2026-07-11,原典画像（PDF p.186、冊子p.704-705）で「クリ類」欄の「イシガキフトカミキリ」を確認。
kamikiri-host-index-184-191-0188,species-22823,ノブオフトカミキリ,ノブオフトカミキリ,日本産カミキリムシ,日本産カミキリムシ_compressed.pdf,52299895c14c1fd1c74279dca00f6fd9ba64d36d69e3bf3dd9c3a29a92802e77,efb17b5912fbb2c144dab4d99924dbc341e8f64054be7909dd7818cad155bef2,186,704-705,17264,クリ類,ブナ科,exact_japanese_name,include,2026-07-11,原典画像（PDF p.186、冊子p.704-705）で「クリ類」欄の「ノブオフトカミキリ」を確認。
kamikiri-host-index-184-191-0195,species-22828,ヤエヤマフトカミキリ,ヤエヤマフトカミキリ,日本産カミキリムシ,日本産カミキリムシ_compressed.pdf,52299895c14c1fd1c74279dca00f6fd9ba64d36d69e3bf3dd9c3a29a92802e77,efb17b5912fbb2c144dab4d99924dbc341e8f64054be7909dd7818cad155bef2,186,704-705,17264,クリ類,ブナ科,exact_japanese_name,include,2026-07-11,原典画像（PDF p.186、冊子p.704-705）で「クリ類」欄の「ヤエヤマフトカミキリ」を確認。
KDB-0046,species-22843,セミスジコブヒゲカミキリ 基亜種,セミスジコブヒゲカミキリ,日本産カミキリムシ,日本産カミキリムシ_compressed.pdf,52299895c14c1fd1c74279dca00f6fd9ba64d36d69e3bf3dd9c3a29a92802e77,efb17b5912fbb2c144dab4d99924dbc341e8f64054be7909dd7818cad155bef2,186,704-705,17264,クリ類,ブナ科,exact_derived_base_name,include,2026-07-11,索引PDF p.186で学名が基亜種として明示され、種解説PDF p.140の基亜種見出しおよび normalized_data/insects.csv の同種群と一致
kamikiri-host-index-184-191-0175,species-22847,アマミコブヒゲカミキリ,アマミコブヒゲカミキリ,日本産カミキリムシ,日本産カミキリムシ_compressed.pdf,52299895c14c1fd1c74279dca00f6fd9ba64d36d69e3bf3dd9c3a29a92802e77,efb17b5912fbb2c144dab4d99924dbc341e8f64054be7909dd7818cad155bef2,186,704-705,17264,クリ類,ブナ科,exact_japanese_name,include,2026-07-11,原典画像（PDF p.186、冊子p.704-705）で「クリ類」欄の「アマミコブヒゲカミキリ」を確認。
kamikiri-host-index-184-191-0185,species-22851,サキシマコブヒゲカミキリ,サキシマコブヒゲカミキリ,日本産カミキリムシ,日本産カミキリムシ_compressed.pdf,52299895c14c1fd1c74279dca00f6fd9ba64d36d69e3bf3dd9c3a29a92802e77,efb17b5912fbb2c144dab4d99924dbc341e8f64054be7909dd7818cad155bef2,186,704-705,17264,クリ類,ブナ科,exact_japanese_name,include,2026-07-11,原典画像（PDF p.186、冊子p.704-705）で「クリ類」欄の「サキシマコブヒゲカミキリ」を確認。
kamikiri-host-index-184-191-0179,species-22854,イズトカラコブヒゲカミキリ,イズトカラコブヒゲカミキリ,日本産カミキリムシ,日本産カミキリムシ_compressed.pdf,52299895c14c1fd1c74279dca00f6fd9ba64d36d69e3bf3dd9c3a29a92802e77,efb17b5912fbb2c144dab4d99924dbc341e8f64054be7909dd7818cad155bef2,186,704-705,17264,クリ類,ブナ科,exact_japanese_name,include,2026-07-11,原典画像（PDF p.186、冊子p.704-705）で「クリ類」欄の「イズトカラコブヒゲカミキリ」を確認。
kamikiri-host-index-184-191-0184,species-22871,ゴマフカミキリ,ゴマフカミキリ,日本産カミキリムシ,日本産カミキリムシ_compressed.pdf,52299895c14c1fd1c74279dca00f6fd9ba64d36d69e3bf3dd9c3a29a92802e77,efb17b5912fbb2c144dab4d99924dbc341e8f64054be7909dd7818cad155bef2,186,704-705,17264,クリ類,ブナ科,exact_japanese_name,include,2026-07-11,原典画像（PDF p.186、冊子p.704-705）で「クリ類」欄の「ゴマフカミキリ」を確認。
KDB-0044,species-22890,カタシロゴマフカミキリ 基亜種,カタシロゴマフカミキリ,日本産カミキリムシ,日本産カミキリムシ_compressed.pdf,52299895c14c1fd1c74279dca00f6fd9ba64d36d69e3bf3dd9c3a29a92802e77,efb17b5912fbb2c144dab4d99924dbc341e8f64054be7909dd7818cad155bef2,186,704-705,17264,クリ類,ブナ科,exact_derived_base_name,include,2026-07-11,索引PDF p.186で学名が基亜種として明示され、種解説PDF p.94の基亜種見出しおよび normalized_data/insects.csv の同種群と一致
kamikiri-host-index-184-191-0196,species-22943,ヤノヤハズカミキリ,ヤノヤハズカミキリ,日本産カミキリムシ,日本産カミキリムシ_compressed.pdf,52299895c14c1fd1c74279dca00f6fd9ba64d36d69e3bf3dd9c3a29a92802e77,efb17b5912fbb2c144dab4d99924dbc341e8f64054be7909dd7818cad155bef2,186,704-705,17264,クリ類,ブナ科,exact_japanese_name,include,2026-07-11,原典画像（PDF p.186、冊子p.704-705）で「クリ類」欄の「ヤノヤハズカミキリ」を確認。
kamikiri-host-index-184-191-0181,species-22954,オオキハネナシサビカミキリ,オオキハネナシサビカミキリ,日本産カミキリムシ,日本産カミキリムシ_compressed.pdf,52299895c14c1fd1c74279dca00f6fd9ba64d36d69e3bf3dd9c3a29a92802e77,efb17b5912fbb2c144dab4d99924dbc341e8f64054be7909dd7818cad155bef2,186,704-705,17264,クリ類,ブナ科,reviewed_source_crosswalk,include,2026-07-11,原典画像（PDF p.186、冊子p.704-705）で「クリ類」欄の「オオキハネナシサビカミキリ」を確認。監査済み名対応表との一致を確認。
kamikiri-host-index-184-191-0174,species-22965,アトモンサビカミキリ,アトモンサビカミキリ,日本産カミキリムシ,日本産カミキリムシ_compressed.pdf,52299895c14c1fd1c74279dca00f6fd9ba64d36d69e3bf3dd9c3a29a92802e77,efb17b5912fbb2c144dab4d99924dbc341e8f64054be7909dd7818cad155bef2,186,704-705,17264,クリ類,ブナ科,exact_japanese_name,include,2026-07-11,原典画像（PDF p.186、冊子p.704-705）で「クリ類」欄の「アトモンサビカミキリ」を確認。
kamikiri-host-index-184-191-0177,species-22966,イシガキシロオビサビカミキリ,イシガキシロオビサビカミキリ,日本産カミキリムシ,日本産カミキリムシ_compressed.pdf,52299895c14c1fd1c74279dca00f6fd9ba64d36d69e3bf3dd9c3a29a92802e77,efb17b5912fbb2c144dab4d99924dbc341e8f64054be7909dd7818cad155bef2,186,704-705,17264,クリ類,ブナ科,exact_japanese_name,include,2026-07-11,原典画像（PDF p.186、冊子p.704-705）で「クリ類」欄の「イシガキシロオビサビカミキリ」を確認。
kamikiri-host-index-184-191-0202,11,サキシマニセクワガタカミキリ,タイワンニセクワガタカミキリ,日本産カミキリムシ,日本産カミキリムシ_compressed.pdf,52299895c14c1fd1c74279dca00f6fd9ba64d36d69e3bf3dd9c3a29a92802e77,efb17b5912fbb2c144dab4d99924dbc341e8f64054be7909dd7818cad155bef2,187,706-707,17309,オキナワジイ,ブナ科,reviewed_source_crosswalk,include,2026-07-11,原典画像（PDF p.187、冊子p.706-707）で「オキナワジイ」欄の「タイワンニセクワガタカミキリ」を確認。原典名「タイワンニセクワガタカミキリ」を現行名「サキシマニセクワガタカミキリ」へ照合。
KDB-0048,species-21904,リュウキュウヒメカミキリ 基亜種,リュウキュウヒメカミキリ,日本産カミキリムシ,日本産カミキリムシ_compressed.pdf,52299895c14c1fd1c74279dca00f6fd9ba64d36d69e3bf3dd9c3a29a92802e77,efb17b5912fbb2c144dab4d99924dbc341e8f64054be7909dd7818cad155bef2,187,706-707,17309,オキナワジイ,ブナ科,exact_derived_base_name,include,2026-07-11,索引PDF p.187で学名が基亜種として明示され、種解説PDF p.53の基亜種見出しおよび normalized_data/insects.csv の同種群と一致
kamikiri-host-index-184-191-0197,species-21957,アマミウスグロトラカミキリ,アマミウスグロトラカミキリ,日本産カミキリムシ,日本産カミキリムシ_compressed.pdf,52299895c14c1fd1c74279dca00f6fd9ba64d36d69e3bf3dd9c3a29a92802e77,efb17b5912fbb2c144dab4d99924dbc341e8f64054be7909dd7818cad155bef2,187,706-707,17309,オキナワジイ,ブナ科,exact_japanese_name,include,2026-07-11,原典画像（PDF p.187、冊子p.706-707）で「オキナワジイ」欄の「アマミウスグロトラカミキリ」を確認。
KDB-0049,species-22055,アマミズマルトラカミキリ 基亜種,アマミズマルトラカミキリ,日本産カミキリムシ,日本産カミキリムシ_compressed.pdf,52299895c14c1fd1c74279dca00f6fd9ba64d36d69e3bf3dd9c3a29a92802e77,efb17b5912fbb2c144dab4d99924dbc341e8f64054be7909dd7818cad155bef2,187,706-707,17309,オキナワジイ,ブナ科,exact_derived_base_name,needs_review,2026-07-11,索引と種解説PDF p.78はいずれも Xylotrechus reductemaculatus の種レベル記述。現行insects.csvでは同種群が複数亜種に分かれるが、索引の寄主記録に産地がなく基亜種へ一意に帰属できない
kamikiri-host-index-184-191-0200,species-22064,イエカミキリ,イエカミキリ,日本産カミキリムシ,日本産カミキリムシ_compressed.pdf,52299895c14c1fd1c74279dca00f6fd9ba64d36d69e3bf3dd9c3a29a92802e77,efb17b5912fbb2c144dab4d99924dbc341e8f64054be7909dd7818cad155bef2,187,706-707,17309,オキナワジイ,ブナ科,exact_japanese_name,include,2026-07-11,原典画像（PDF p.187、冊子p.706-707）で「オキナワジイ」欄の「イエカミキリ」を確認。
KDB-0047,species-22318,アマミホソコバネカミキリ 基亜種,アマミホソコバネカミキリ,日本産カミキリムシ,日本産カミキリムシ_compressed.pdf,52299895c14c1fd1c74279dca00f6fd9ba64d36d69e3bf3dd9c3a29a92802e77,efb17b5912fbb2c144dab4d99924dbc341e8f64054be7909dd7818cad155bef2,187,706-707,17309,オキナワジイ,ブナ科,exact_derived_base_name,include,2026-07-11,索引は Necydalis moriyai の二名法だが、種解説PDF p.44の分布は奄美大島のみ。現行の沖縄亜種は原典刊行後の記載であり、原典の寄主記録は奄美大島産の基亜種へ帰属可能
kamikiri-host-index-184-191-0201,species-22512,シマトゲバカミキリ,シマトゲバカミキリ,日本産カミキリムシ,日本産カミキリムシ_compressed.pdf,52299895c14c1fd1c74279dca00f6fd9ba64d36d69e3bf3dd9c3a29a92802e77,efb17b5912fbb2c144dab4d99924dbc341e8f64054be7909dd7818cad155bef2,187,706-707,17309,オキナワジイ,ブナ科,exact_japanese_name,include,2026-07-11,原典画像（PDF p.187、冊子p.706-707）で「オキナワジイ」欄の「シマトゲバカミキリ」を確認。
KDB-0050,species-22603,ウスフタモンサビカミキリ 基亜種,ウスフタモンサビカミキリ,日本産カミキリムシ,日本産カミキリムシ_compressed.pdf,52299895c14c1fd1c74279dca00f6fd9ba64d36d69e3bf3dd9c3a29a92802e77,efb17b5912fbb2c144dab4d99924dbc341e8f64054be7909dd7818cad155bef2,187,706-707,17309,オキナワジイ,ブナ科,exact_derived_base_name,exclude_ocr_or_boundary,2026-07-11,索引画像は Ropica japonica amamiana を明示。種解説PDF p.106および同種群では現行ID species-22604（奄美亜種）に対応し、基亜種候補には帰属しない
kamikiri-host-index-184-191-0204,species-22768,ヨナグニゴマダラカミキリ,ヨナグニゴマダラカミキリ,日本産カミキリムシ,日本産カミキリムシ_compressed.pdf,52299895c14c1fd1c74279dca00f6fd9ba64d36d69e3bf3dd9c3a29a92802e77,efb17b5912fbb2c144dab4d99924dbc341e8f64054be7909dd7818cad155bef2,187,706-707,17309,オキナワジイ,ブナ科,exact_japanese_name,include,2026-07-11,原典画像（PDF p.187、冊子p.706-707）で「オキナワジイ」欄の「ヨナグニゴマダラカミキリ」を確認。
KDB-0051,species-22824,オキナワフトカミキリ 基亜種,オキナワフトカミキリ,日本産カミキリムシ,日本産カミキリムシ_compressed.pdf,52299895c14c1fd1c74279dca00f6fd9ba64d36d69e3bf3dd9c3a29a92802e77,efb17b5912fbb2c144dab4d99924dbc341e8f64054be7909dd7818cad155bef2,187,706-707,17309,オキナワジイ,ブナ科,exact_derived_base_name,include,2026-07-11,索引PDF p.187で学名が基亜種として明示され、種解説PDF p.135の基亜種見出しおよび normalized_data/insects.csv の同種群と一致
kamikiri-host-index-184-191-0198,species-22847,アマミコブヒゲカミキリ,アマミコブヒゲカミキリ,日本産カミキリムシ,日本産カミキリムシ_compressed.pdf,52299895c14c1fd1c74279dca00f6fd9ba64d36d69e3bf3dd9c3a29a92802e77,efb17b5912fbb2c144dab4d99924dbc341e8f64054be7909dd7818cad155bef2,187,706-707,17309,オキナワジイ,ブナ科,exact_japanese_name,include,2026-07-11,原典画像（PDF p.187、冊子p.706-707）で「オキナワジイ」欄の「アマミコブヒゲカミキリ」を確認。
kamikiri-host-index-184-191-0203,species-22914,ハヤシケシカミキリ,ハヤシケシカミキリ,日本産カミキリムシ,日本産カミキリムシ_compressed.pdf,52299895c14c1fd1c74279dca00f6fd9ba64d36d69e3bf3dd9c3a29a92802e77,efb17b5912fbb2c144dab4d99924dbc341e8f64054be7909dd7818cad155bef2,187,706-707,17309,オキナワジイ,ブナ科,exact_japanese_name,include,2026-07-11,原典画像（PDF p.187、冊子p.706-707）で「オキナワジイ」欄の「ハヤシケシカミキリ」を確認。
kamikiri-host-index-184-191-0199,species-22919,ノブオケシカミキリ 基亜種,アマミノブオケシカミキリ,日本産カミキリムシ,日本産カミキリムシ_compressed.pdf,52299895c14c1fd1c74279dca00f6fd9ba64d36d69e3bf3dd9c3a29a92802e77,efb17b5912fbb2c144dab4d99924dbc341e8f64054be7909dd7818cad155bef2,187,706-707,17309,オキナワジイ,ブナ科,exact_alternative_name,include,2026-07-11,原典画像（PDF p.187、冊子p.706-707）で「オキナワジイ」欄の「アマミノブオケシカミキリ」を確認。原典名「アマミノブオケシカミキリ」を現行名「ノブオケシカミキリ 基亜種」へ照合。
KDB-0052,species-22994,リュウキュウルリボシカミキリ 基亜種,リュウキュウルリボシカミキリ,日本産カミキリムシ,日本産カミキリムシ_compressed.pdf,52299895c14c1fd1c74279dca00f6fd9ba64d36d69e3bf3dd9c3a29a92802e77,efb17b5912fbb2c144dab4d99924dbc341e8f64054be7909dd7818cad155bef2,187,706-707,17309,オキナワジイ,ブナ科,exact_derived_base_name,include,2026-07-11,索引PDF p.187で学名が基亜種として明示され、種解説PDF p.165の基亜種見出しおよび normalized_data/insects.csv の同種群と一致
KDB-0053,4-1,コバネカミキリ 基亜種,コバネカミキリ,日本産カミキリムシ,日本産カミキリムシ_compressed.pdf,52299895c14c1fd1c74279dca00f6fd9ba64d36d69e3bf3dd9c3a29a92802e77,efb17b5912fbb2c144dab4d99924dbc341e8f64054be7909dd7818cad155bef2,187,706-707,17330,ツブラジイ,ブナ科,exact_derived_base_name,include,2026-07-11,索引PDF p.187で学名が基亜種として明示され、種解説PDF p.6の基亜種見出しおよび normalized_data/insects.csv の同種群と一致
kamikiri-host-index-184-191-0210,8,ベーツヒラタカミキリ,ベーツヒラタカミキリ,日本産カミキリムシ,日本産カミキリムシ_compressed.pdf,52299895c14c1fd1c74279dca00f6fd9ba64d36d69e3bf3dd9c3a29a92802e77,efb17b5912fbb2c144dab4d99924dbc341e8f64054be7909dd7818cad155bef2,187,706-707,17330,ツブラジイ,ブナ科,exact_japanese_name,include,2026-07-11,原典画像（PDF p.187、冊子p.706-707）で「ツブラジイ」欄の「ベーツヒラタカミキリ」を確認。
kamikiri-host-index-184-191-0211,species-21877,ミドリカミキリ,ミドリカミキリ,日本産カミキリムシ,日本産カミキリムシ_compressed.pdf,52299895c14c1fd1c74279dca00f6fd9ba64d36d69e3bf3dd9c3a29a92802e77,efb17b5912fbb2c144dab4d99924dbc341e8f64054be7909dd7818cad155bef2,187,706-707,17330,ツブラジイ,ブナ科,exact_japanese_name,include,2026-07-11,原典画像（PDF p.187、冊子p.706-707）で「ツブラジイ」欄の「ミドリカミキリ」を確認。
kamikiri-host-index-184-191-0206,species-21931,キイロミヤマカミキリ,キイロミヤマカミキリ,日本産カミキリムシ,日本産カミキリムシ_compressed.pdf,52299895c14c1fd1c74279dca00f6fd9ba64d36d69e3bf3dd9c3a29a92802e77,efb17b5912fbb2c144dab4d99924dbc341e8f64054be7909dd7818cad155bef2,187,706-707,17330,ツブラジイ,ブナ科,exact_japanese_name,include,2026-07-11,原典画像（PDF p.187、冊子p.706-707）で「ツブラジイ」欄の「キイロミヤマカミキリ」を確認。
kamikiri-host-index-184-191-0205,species-21988,エグリトラカミキリ,エグリトラカミキリ,日本産カミキリムシ,日本産カミキリムシ_compressed.pdf,52299895c14c1fd1c74279dca00f6fd9ba64d36d69e3bf3dd9c3a29a92802e77,efb17b5912fbb2c144dab4d99924dbc341e8f64054be7909dd7818cad155bef2,187,706-707,17330,ツブラジイ,ブナ科,exact_japanese_name,include,2026-07-11,原典画像（PDF p.187、冊子p.706-707）で「ツブラジイ」欄の「エグリトラカミキリ」を確認。
KDB-0055,species-22022,ヒメクロトラカミキリ 基亜種,ヒメクロトラカミキリ,日本産カミキリムシ,日本産カミキリムシ_compressed.pdf,52299895c14c1fd1c74279dca00f6fd9ba64d36d69e3bf3dd9c3a29a92802e77,efb17b5912fbb2c144dab4d99924dbc341e8f64054be7909dd7818cad155bef2,187,706-707,17330,ツブラジイ,ブナ科,exact_derived_base_name,include,2026-07-11,索引PDF p.187で学名が基亜種として明示され、種解説PDF p.85の基亜種見出しおよび normalized_data/insects.csv の同種群と一致
kamikiri-host-index-184-191-0208,species-22053,ズマルトラカミキリ,ズマルトラカミキリ,日本産カミキリムシ,日本産カミキリムシ_compressed.pdf,52299895c14c1fd1c74279dca00f6fd9ba64d36d69e3bf3dd9c3a29a92802e77,efb17b5912fbb2c144dab4d99924dbc341e8f64054be7909dd7818cad155bef2,187,706-707,17330,ツブラジイ,ブナ科,exact_japanese_name,include,2026-07-11,原典画像（PDF p.187、冊子p.706-707）で「ツブラジイ」欄の「ズマルトラカミキリ」を確認。
KDB-0054,species-22169,トラフホソバネカミキリ 基亜種,トラフホソバネカミキリ,日本産カミキリムシ,日本産カミキリムシ_compressed.pdf,52299895c14c1fd1c74279dca00f6fd9ba64d36d69e3bf3dd9c3a29a92802e77,efb17b5912fbb2c144dab4d99924dbc341e8f64054be7909dd7818cad155bef2,187,706-707,17330,ツブラジイ,ブナ科,exact_derived_base_name,include,2026-07-11,索引PDF p.187で学名が基亜種として明示され、種解説PDF p.66の基亜種見出しおよび normalized_data/insects.csv の同種群と一致
kamikiri-host-index-184-191-0207,species-22654,シロスジカミキリ,シロスジカミキリ,日本産カミキリムシ,日本産カミキリムシ_compressed.pdf,52299895c14c1fd1c74279dca00f6fd9ba64d36d69e3bf3dd9c3a29a92802e77,efb17b5912fbb2c144dab4d99924dbc341e8f64054be7909dd7818cad155bef2,187,706-707,17330,ツブラジイ,ブナ科,exact_japanese_name,include,2026-07-11,原典画像（PDF p.187、冊子p.706-707）で「ツブラジイ」欄の「シロスジカミキリ」を確認。
kamikiri-host-index-184-191-0209,species-22866,ナガゴマフカミキリ,ナガゴマフカミキリ,日本産カミキリムシ,日本産カミキリムシ_compressed.pdf,52299895c14c1fd1c74279dca00f6fd9ba64d36d69e3bf3dd9c3a29a92802e77,efb17b5912fbb2c144dab4d99924dbc341e8f64054be7909dd7818cad155bef2,187,706-707,17330,ツブラジイ,ブナ科,exact_japanese_name,include,2026-07-11,原典画像（PDF p.187、冊子p.706-707）で「ツブラジイ」欄の「ナガゴマフカミキリ」を確認。
KDB-0056,4-1,コバネカミキリ 基亜種,コバネカミキリ,日本産カミキリムシ,日本産カミキリムシ_compressed.pdf,52299895c14c1fd1c74279dca00f6fd9ba64d36d69e3bf3dd9c3a29a92802e77,efb17b5912fbb2c144dab4d99924dbc341e8f64054be7909dd7818cad155bef2,187,706-707,17339,シイ類,ブナ科,exact_derived_base_name,include,2026-07-11,索引PDF p.187で学名が基亜種として明示され、種解説PDF p.6の基亜種見出しおよび normalized_data/insects.csv の同種群と一致
kamikiri-host-index-184-191-0221,9,コゲチャトゲフチオオウスバカミキリ,コゲチャトゲフチオオウスバカミキリ,日本産カミキリムシ,日本産カミキリムシ_compressed.pdf,52299895c14c1fd1c74279dca00f6fd9ba64d36d69e3bf3dd9c3a29a92802e77,efb17b5912fbb2c144dab4d99924dbc341e8f64054be7909dd7818cad155bef2,187,706-707,17339,シイ類,ブナ科,exact_japanese_name,include,2026-07-11,原典画像（PDF p.187、冊子p.706-707）で「シイ類」欄の「コゲチャトゲフチオオウスバカミキリ」を確認。
kamikiri-host-index-184-191-0218,species-21924,キマダラカミキリ 基亜種,キマダラミヤマカミキリ,日本産カミキリムシ,日本産カミキリムシ_compressed.pdf,52299895c14c1fd1c74279dca00f6fd9ba64d36d69e3bf3dd9c3a29a92802e77,efb17b5912fbb2c144dab4d99924dbc341e8f64054be7909dd7818cad155bef2,187,706-707,17339,シイ類,ブナ科,reviewed_source_crosswalk,include,2026-07-11,原典画像（PDF p.187、冊子p.706-707）で「シイ類」欄の「キマダラミヤマカミキリ」を確認。原典名「キマダラミヤマカミキリ」を現行名「キマダラカミキリ 基亜種」へ照合。
kamikiri-host-index-184-191-0228,species-21933,ミヤマカミキリ,ミヤマカミキリ,日本産カミキリムシ,日本産カミキリムシ_compressed.pdf,52299895c14c1fd1c74279dca00f6fd9ba64d36d69e3bf3dd9c3a29a92802e77,efb17b5912fbb2c144dab4d99924dbc341e8f64054be7909dd7818cad155bef2,187,706-707,17339,シイ類,ブナ科,exact_japanese_name,include,2026-07-11,原典画像（PDF p.187、冊子p.706-707）で「シイ類」欄の「ミヤマカミキリ」を確認。
kamikiri-host-index-184-191-0216,species-21976,キスジトラカミキリ,キスジトラカミキリ,日本産カミキリムシ,日本産カミキリムシ_compressed.pdf,52299895c14c1fd1c74279dca00f6fd9ba64d36d69e3bf3dd9c3a29a92802e77,efb17b5912fbb2c144dab4d99924dbc341e8f64054be7909dd7818cad155bef2,187,706-707,17339,シイ類,ブナ科,exact_japanese_name,include,2026-07-11,原典画像（PDF p.187、冊子p.706-707）で「シイ類」欄の「キスジトラカミキリ」を確認。
KDB-0060,species-21990,フタオビミドリトラカミキリ 基亜種,フタオビミドリトラカミキリ,日本産カミキリムシ,日本産カミキリムシ_compressed.pdf,52299895c14c1fd1c74279dca00f6fd9ba64d36d69e3bf3dd9c3a29a92802e77,efb17b5912fbb2c144dab4d99924dbc341e8f64054be7909dd7818cad155bef2,187,706-707,17339,シイ類,ブナ科,exact_derived_base_name,needs_review,2026-07-11,索引と種解説PDF p.84はいずれも Chlorophorus muscosus の種レベル記述。現行insects.csvでは同種群が複数亜種に分かれるが、索引の寄主記録に産地がなく基亜種へ一意に帰属できない
KDB-0059,species-22008,キュウシュウチビトラカミキリ 基亜種,キュウシュウチビトラカミキリ,日本産カミキリムシ,日本産カミキリムシ_compressed.pdf,52299895c14c1fd1c74279dca00f6fd9ba64d36d69e3bf3dd9c3a29a92802e77,efb17b5912fbb2c144dab4d99924dbc341e8f64054be7909dd7818cad155bef2,187,706-707,17339,シイ類,ブナ科,exact_derived_base_name,include,2026-07-11,索引PDF p.187で学名が基亜種として明示され、種解説PDF p.79の基亜種見出しおよび normalized_data/insects.csv の同種群と一致
KDB-0061,species-22022,ヒメクロトラカミキリ 基亜種,ヒメクロトラカミキリ,日本産カミキリムシ,日本産カミキリムシ_compressed.pdf,52299895c14c1fd1c74279dca00f6fd9ba64d36d69e3bf3dd9c3a29a92802e77,efb17b5912fbb2c144dab4d99924dbc341e8f64054be7909dd7818cad155bef2,187,706-707,17339,シイ類,ブナ科,exact_derived_base_name,include,2026-07-11,索引PDF p.187で学名が基亜種として明示され、種解説PDF p.85の基亜種見出しおよび normalized_data/insects.csv の同種群と一致
kamikiri-host-index-184-191-0213,species-22064,イエカミキリ,イエカミキリ,日本産カミキリムシ,日本産カミキリムシ_compressed.pdf,52299895c14c1fd1c74279dca00f6fd9ba64d36d69e3bf3dd9c3a29a92802e77,efb17b5912fbb2c144dab4d99924dbc341e8f64054be7909dd7818cad155bef2,187,706-707,17339,シイ類,ブナ科,exact_japanese_name,include,2026-07-11,原典画像（PDF p.187、冊子p.706-707）で「シイ類」欄の「イエカミキリ」を確認。
KDB-0058,species-22169,トラフホソバネカミキリ 基亜種,トラフホソバネカミキリ,日本産カミキリムシ,日本産カミキリムシ_compressed.pdf,52299895c14c1fd1c74279dca00f6fd9ba64d36d69e3bf3dd9c3a29a92802e77,efb17b5912fbb2c144dab4d99924dbc341e8f64054be7909dd7818cad155bef2,187,706-707,17339,シイ類,ブナ科,exact_derived_base_name,include,2026-07-11,索引PDF p.187で学名が基亜種として明示され、種解説PDF p.66の基亜種見出しおよび normalized_data/insects.csv の同種群と一致
KDB-0057,species-22251,ヨツスジハナカミキリ 基亜種,ヨツスジハナカミキリ,日本産カミキリムシ,日本産カミキリムシ_compressed.pdf,52299895c14c1fd1c74279dca00f6fd9ba64d36d69e3bf3dd9c3a29a92802e77,efb17b5912fbb2c144dab4d99924dbc341e8f64054be7909dd7818cad155bef2,187,706-707,17339,シイ類,ブナ科,exact_derived_base_name,include,2026-07-11,索引PDF p.187で学名が基亜種として明示され、種解説PDF p.37の基亜種見出しおよび normalized_data/insects.csv の同種群と一致
kamikiri-host-index-184-191-0223,species-22512,シマトゲバカミキリ,シマトゲバカミキリ,日本産カミキリムシ,日本産カミキリムシ_compressed.pdf,52299895c14c1fd1c74279dca00f6fd9ba64d36d69e3bf3dd9c3a29a92802e77,efb17b5912fbb2c144dab4d99924dbc341e8f64054be7909dd7818cad155bef2,187,706-707,17339,シイ類,ブナ科,exact_japanese_name,include,2026-07-11,原典画像（PDF p.187、冊子p.706-707）で「シイ類」欄の「シマトゲバカミキリ」を確認。
KDB-0066,species-22517,クロオビトゲムネカミキリ 基亜種,クロオビトゲムネカミキリ,日本産カミキリムシ,日本産カミキリムシ_compressed.pdf,52299895c14c1fd1c74279dca00f6fd9ba64d36d69e3bf3dd9c3a29a92802e77,efb17b5912fbb2c144dab4d99924dbc341e8f64054be7909dd7818cad155bef2,187,706-707,17339,シイ類,ブナ科,exact_derived_base_name,include,2026-07-11,索引PDF p.187で学名が基亜種として明示され、種解説PDF p.156の基亜種見出しおよび normalized_data/insects.csv の同種群と一致
KDB-0062,species-22594,サタサビカミキリ 基亜種,サタサビカミキリ,日本産カミキリムシ,日本産カミキリムシ_compressed.pdf,52299895c14c1fd1c74279dca00f6fd9ba64d36d69e3bf3dd9c3a29a92802e77,efb17b5912fbb2c144dab4d99924dbc341e8f64054be7909dd7818cad155bef2,187,706-707,17339,シイ類,ブナ科,exact_derived_base_name,needs_review,2026-07-11,索引と種解説PDF p.101はいずれも Neosybra mizoguchii の種レベル記述。現行insects.csvでは同種群が複数亜種に分かれるが、索引の寄主記録に産地がなく基亜種へ一意に帰属できない
kamikiri-host-index-184-191-0227,species-22602,フタホシサビカミキリ,フタホシサビカミキリ,日本産カミキリムシ,日本産カミキリムシ_compressed.pdf,52299895c14c1fd1c74279dca00f6fd9ba64d36d69e3bf3dd9c3a29a92802e77,efb17b5912fbb2c144dab4d99924dbc341e8f64054be7909dd7818cad155bef2,187,706-707,17339,シイ類,ブナ科,exact_japanese_name,include,2026-07-11,原典画像（PDF p.187、冊子p.706-707）で「シイ類」欄の「フタホシサビカミキリ」を確認。
kamikiri-host-index-184-191-0212,species-22631,アヤモンチビカミキリ 奄美亜種,アマミアヤモンチビカミキリ,日本産カミキリムシ,日本産カミキリムシ_compressed.pdf,52299895c14c1fd1c74279dca00f6fd9ba64d36d69e3bf3dd9c3a29a92802e77,efb17b5912fbb2c144dab4d99924dbc341e8f64054be7909dd7818cad155bef2,187,706-707,17339,シイ類,ブナ科,reviewed_source_crosswalk,include,2026-07-11,原典画像（PDF p.187、冊子p.706-707）で「シイ類」欄の「アマミアヤモンチビカミキリ」を確認。原典名「アマミアヤモンチビカミキリ」を現行名「アヤモンチビカミキリ 奄美亜種」へ照合。
kamikiri-host-index-184-191-0220,species-22650,クワカミキリ,クワカミキリ,日本産カミキリムシ,日本産カミキリムシ_compressed.pdf,52299895c14c1fd1c74279dca00f6fd9ba64d36d69e3bf3dd9c3a29a92802e77,efb17b5912fbb2c144dab4d99924dbc341e8f64054be7909dd7818cad155bef2,187,706-707,17339,シイ類,ブナ科,exact_japanese_name,include,2026-07-11,原典画像（PDF p.187、冊子p.706-707）で「シイ類」欄の「クワカミキリ」を確認。
kamikiri-host-index-184-191-0224,species-22654,シロスジカミキリ,シロスジカミキリ,日本産カミキリムシ,日本産カミキリムシ_compressed.pdf,52299895c14c1fd1c74279dca00f6fd9ba64d36d69e3bf3dd9c3a29a92802e77,efb17b5912fbb2c144dab4d99924dbc341e8f64054be7909dd7818cad155bef2,187,706-707,17339,シイ類,ブナ科,exact_japanese_name,include,2026-07-11,原典画像（PDF p.187、冊子p.706-707）で「シイ類」欄の「シロスジカミキリ」を確認。
KDB-0063,species-22735,ビロウドカミキリ 基亜種,ビロウドカミキリ,日本産カミキリムシ,日本産カミキリムシ_compressed.pdf,52299895c14c1fd1c74279dca00f6fd9ba64d36d69e3bf3dd9c3a29a92802e77,efb17b5912fbb2c144dab4d99924dbc341e8f64054be7909dd7818cad155bef2,187,706-707,17339,シイ類,ブナ科,exact_derived_base_name,include,2026-07-11,索引PDF p.187で学名が基亜種として明示され、種解説PDF p.128の基亜種見出しおよび normalized_data/insects.csv の同種群と一致
kamikiri-host-index-184-191-0222,species-22764,ゴマダラカミキリ,ゴマダラカミキリ,日本産カミキリムシ,日本産カミキリムシ_compressed.pdf,52299895c14c1fd1c74279dca00f6fd9ba64d36d69e3bf3dd9c3a29a92802e77,efb17b5912fbb2c144dab4d99924dbc341e8f64054be7909dd7818cad155bef2,187,706-707,17339,シイ類,ブナ科,exact_japanese_name,include,2026-07-11,原典画像（PDF p.187、冊子p.706-707）で「シイ類」欄の「ゴマダラカミキリ」を確認。
kamikiri-host-index-184-191-0214,species-22821,イシガキフトカミキリ,イシガキフトカミキリ,日本産カミキリムシ,日本産カミキリムシ_compressed.pdf,52299895c14c1fd1c74279dca00f6fd9ba64d36d69e3bf3dd9c3a29a92802e77,efb17b5912fbb2c144dab4d99924dbc341e8f64054be7909dd7818cad155bef2,187,706-707,17339,シイ類,ブナ科,exact_japanese_name,include,2026-07-11,原典画像（PDF p.187、冊子p.706-707）で「シイ類」欄の「イシガキフトカミキリ」を確認。
kamikiri-host-index-184-191-0225,species-22823,ノブオフトカミキリ,ノブオフトカミキリ,日本産カミキリムシ,日本産カミキリムシ_compressed.pdf,52299895c14c1fd1c74279dca00f6fd9ba64d36d69e3bf3dd9c3a29a92802e77,efb17b5912fbb2c144dab4d99924dbc341e8f64054be7909dd7818cad155bef2,187,706-707,17339,シイ類,ブナ科,exact_japanese_name,include,2026-07-11,原典画像（PDF p.187、冊子p.706-707）で「シイ類」欄の「ノブオフトカミキリ」を確認。
KDB-0064,species-22824,オキナワフトカミキリ 基亜種,オキナワフトカミキリ,日本産カミキリムシ,日本産カミキリムシ_compressed.pdf,52299895c14c1fd1c74279dca00f6fd9ba64d36d69e3bf3dd9c3a29a92802e77,efb17b5912fbb2c144dab4d99924dbc341e8f64054be7909dd7818cad155bef2,187,706-707,17339,シイ類,ブナ科,exact_derived_base_name,include,2026-07-11,索引PDF p.187で学名が基亜種として明示され、種解説PDF p.135の基亜種見出しおよび normalized_data/insects.csv の同種群と一致
KDB-0065,species-22852,トカラコブヒゲカミキリ 基亜種,トカラコブヒゲカミキリ,日本産カミキリムシ,日本産カミキリムシ_compressed.pdf,52299895c14c1fd1c74279dca00f6fd9ba64d36d69e3bf3dd9c3a29a92802e77,efb17b5912fbb2c144dab4d99924dbc341e8f64054be7909dd7818cad155bef2,187,706-707,17339,シイ類,ブナ科,exact_derived_base_name,include,2026-07-11,索引PDF p.187で学名が基亜種として明示され、種解説PDF p.141の基亜種見出しおよび normalized_data/insects.csv の同種群と一致
kamikiri-host-index-184-191-0217,species-22927,キッコウモンケシカミキリ,キッコウモンケシカミキリ,日本産カミキリムシ,日本産カミキリムシ_compressed.pdf,52299895c14c1fd1c74279dca00f6fd9ba64d36d69e3bf3dd9c3a29a92802e77,efb17b5912fbb2c144dab4d99924dbc341e8f64054be7909dd7818cad155bef2,187,706-707,17339,シイ類,ブナ科,exact_japanese_name,include,2026-07-11,原典画像（PDF p.187、冊子p.706-707）で「シイ類」欄の「キッコウモンケシカミキリ」を確認。
kamikiri-host-index-184-191-0230,species-22943,ヤノヤハズカミキリ,ヤノヤハズカミキリ,日本産カミキリムシ,日本産カミキリムシ_compressed.pdf,52299895c14c1fd1c74279dca00f6fd9ba64d36d69e3bf3dd9c3a29a92802e77,efb17b5912fbb2c144dab4d99924dbc341e8f64054be7909dd7818cad155bef2,187,706-707,17339,シイ類,ブナ科,exact_japanese_name,include,2026-07-11,原典画像（PDF p.187、冊子p.706-707）で「シイ類」欄の「ヤノヤハズカミキリ」を確認。
kamikiri-host-index-184-191-0215,species-22945,コブバネサビカミキリ 沖縄亜種,オキナワコブバネサビカミキリ,日本産カミキリムシ,日本産カミキリムシ_compressed.pdf,52299895c14c1fd1c74279dca00f6fd9ba64d36d69e3bf3dd9c3a29a92802e77,efb17b5912fbb2c144dab4d99924dbc341e8f64054be7909dd7818cad155bef2,187,706-707,17339,シイ類,ブナ科,exact_alternative_name,include,2026-07-11,原典画像（PDF p.187、冊子p.706-707）で「シイ類」欄の「オキナワコブバネサビカミキリ」を確認。原典名「オキナワコブバネサビカミキリ」を現行名「コブバネサビカミキリ 沖縄亜種」へ照合。
kamikiri-host-index-184-191-0219,species-22956,キュウシュウハネナシサビカミキリ,キュウシュウハネナシサビカミキリ,日本産カミキリムシ,日本産カミキリムシ_compressed.pdf,52299895c14c1fd1c74279dca00f6fd9ba64d36d69e3bf3dd9c3a29a92802e77,efb17b5912fbb2c144dab4d99924dbc341e8f64054be7909dd7818cad155bef2,187,706-707,17339,シイ類,ブナ科,exact_japanese_name,include,2026-07-11,原典画像（PDF p.187、冊子p.706-707）で「シイ類」欄の「キュウシュウハネナシサビカミキリ」を確認。
kamikiri-host-index-184-191-0226,species-22969,ヒメナガサビカミキリ,ヒメナガサビカミキリ,日本産カミキリムシ,日本産カミキリムシ_compressed.pdf,52299895c14c1fd1c74279dca00f6fd9ba64d36d69e3bf3dd9c3a29a92802e77,efb17b5912fbb2c144dab4d99924dbc341e8f64054be7909dd7818cad155bef2,187,706-707,17339,シイ類,ブナ科,exact_japanese_name,include,2026-07-11,原典画像（PDF p.187、冊子p.706-707）で「シイ類」欄の「ヒメナガサビカミキリ」を確認。
kamikiri-host-index-184-191-0229,species-23045,ムネモンウスアオカミキリ,ムネモンウスアオカミキリ,日本産カミキリムシ,日本産カミキリムシ_compressed.pdf,52299895c14c1fd1c74279dca00f6fd9ba64d36d69e3bf3dd9c3a29a92802e77,efb17b5912fbb2c144dab4d99924dbc341e8f64054be7909dd7818cad155bef2,187,706-707,17339,シイ類,ブナ科,exact_japanese_name,needs_review,2026-07-11,原典で「ムネモンウスアオカミキリ」に疑問符が付されており、同定確度が曖昧なため保留。
KDB-0067,13-1,ノコギリカミキリ 基亜種,ノコギリカミキリ,日本産カミキリムシ,日本産カミキリムシ_compressed.pdf,52299895c14c1fd1c74279dca00f6fd9ba64d36d69e3bf3dd9c3a29a92802e77,efb17b5912fbb2c144dab4d99924dbc341e8f64054be7909dd7818cad155bef2,187,706-707,17375,ブナ,ブナ科,exact_derived_base_name,include,2026-07-11,索引PDF p.187で学名が基亜種として明示され、種解説PDF p.5の基亜種見出しおよび normalized_data/insects.csv の同種群と一致
KDB-0068,4-1,コバネカミキリ 基亜種,コバネカミキリ,日本産カミキリムシ,日本産カミキリムシ_compressed.pdf,52299895c14c1fd1c74279dca00f6fd9ba64d36d69e3bf3dd9c3a29a92802e77,efb17b5912fbb2c144dab4d99924dbc341e8f64054be7909dd7818cad155bef2,187,706-707,17375,ブナ,ブナ科,exact_derived_base_name,include,2026-07-11,索引PDF p.187で学名が基亜種として明示され、種解説PDF p.6の基亜種見出しおよび normalized_data/insects.csv の同種群と一致
kamikiri-host-index-184-191-0248,species-21868,シロトラカミキリ,シロトラカミキリ,日本産カミキリムシ,日本産カミキリムシ_compressed.pdf,52299895c14c1fd1c74279dca00f6fd9ba64d36d69e3bf3dd9c3a29a92802e77,efb17b5912fbb2c144dab4d99924dbc341e8f64054be7909dd7818cad155bef2,187,706-707,17375,ブナ,ブナ科,exact_japanese_name,include,2026-07-11,原典画像（PDF p.187、冊子p.706-707）で「ブナ」欄の「シロトラカミキリ」を確認。
kamikiri-host-index-184-191-0234,species-21876,オオアオカミキリ,オオアオカミキリ,日本産カミキリムシ,日本産カミキリムシ_compressed.pdf,52299895c14c1fd1c74279dca00f6fd9ba64d36d69e3bf3dd9c3a29a92802e77,efb17b5912fbb2c144dab4d99924dbc341e8f64054be7909dd7818cad155bef2,187,706-707,17375,ブナ,ブナ科,exact_japanese_name,include,2026-07-11,原典画像（PDF p.187、冊子p.706-707）で「ブナ」欄の「オオアオカミキリ」を確認。
kamikiri-host-index-184-191-0261,species-21896,ヨツボシチビヒラタカミキリ,ヨツボシチビヒラタカミキリ,日本産カミキリムシ,日本産カミキリムシ_compressed.pdf,52299895c14c1fd1c74279dca00f6fd9ba64d36d69e3bf3dd9c3a29a92802e77,efb17b5912fbb2c144dab4d99924dbc341e8f64054be7909dd7818cad155bef2,187,706-707,17375,ブナ,ブナ科,exact_japanese_name,include,2026-07-11,原典画像（PDF p.187、冊子p.706-707）で「ブナ」欄の「ヨツボシチビヒラタカミキリ」を確認。
kamikiri-host-index-184-191-0237,species-21976,キスジトラカミキリ,キスジトラカミキリ,日本産カミキリムシ,日本産カミキリムシ_compressed.pdf,52299895c14c1fd1c74279dca00f6fd9ba64d36d69e3bf3dd9c3a29a92802e77,efb17b5912fbb2c144dab4d99924dbc341e8f64054be7909dd7818cad155bef2,187,706-707,17375,ブナ,ブナ科,exact_japanese_name,include,2026-07-11,原典画像（PDF p.187、冊子p.706-707）で「ブナ」欄の「キスジトラカミキリ」を確認。
kamikiri-host-index-184-191-0233,species-21988,エグリトラカミキリ,エグリトラカミキリ,日本産カミキリムシ,日本産カミキリムシ_compressed.pdf,52299895c14c1fd1c74279dca00f6fd9ba64d36d69e3bf3dd9c3a29a92802e77,efb17b5912fbb2c144dab4d99924dbc341e8f64054be7909dd7818cad155bef2,187,706-707,17375,ブナ,ブナ科,exact_japanese_name,include,2026-07-11,原典画像（PDF p.187、冊子p.706-707）で「ブナ」欄の「エグリトラカミキリ」を確認。
KDB-0071,species-22016,カンボウトラカミキリ 基亜種,カンボウトラカミキリ,日本産カミキリムシ,日本産カミキリムシ_compressed.pdf,52299895c14c1fd1c74279dca00f6fd9ba64d36d69e3bf3dd9c3a29a92802e77,efb17b5912fbb2c144dab4d99924dbc341e8f64054be7909dd7818cad155bef2,187,706-707,17375,ブナ,ブナ科,exact_derived_base_name,exclude_ocr_or_boundary,2026-07-11,索引画像は Rhabdoclytus acutivittis inscriptus を明示。種解説PDF p.86および同種群では現行ID species-22018（本土亜種）に対応し、基亜種候補には帰属しない
kamikiri-host-index-184-191-0239,species-22030,クビアカトラカミキリ,クビアカトラカミキリ,日本産カミキリムシ,日本産カミキリムシ_compressed.pdf,52299895c14c1fd1c74279dca00f6fd9ba64d36d69e3bf3dd9c3a29a92802e77,efb17b5912fbb2c144dab4d99924dbc341e8f64054be7909dd7818cad155bef2,187,706-707,17375,ブナ,ブナ科,exact_japanese_name,include,2026-07-11,原典画像（PDF p.187、冊子p.706-707）で「ブナ」欄の「クビアカトラカミキリ」を確認。
kamikiri-host-index-184-191-0243,species-22033,クワヤマトラカミキリ,クワヤマトラカミキリ,日本産カミキリムシ,日本産カミキリムシ_compressed.pdf,52299895c14c1fd1c74279dca00f6fd9ba64d36d69e3bf3dd9c3a29a92802e77,efb17b5912fbb2c144dab4d99924dbc341e8f64054be7909dd7818cad155bef2,187,706-707,17375,ブナ,ブナ科,exact_japanese_name,include,2026-07-11,原典画像（PDF p.187、冊子p.706-707）で「ブナ」欄の「クワヤマトラカミキリ」を確認。
kamikiri-host-index-184-191-0232,species-22045,ウスイロトラカミキリ,ウスイロトラカミキリ,日本産カミキリムシ,日本産カミキリムシ_compressed.pdf,52299895c14c1fd1c74279dca00f6fd9ba64d36d69e3bf3dd9c3a29a92802e77,efb17b5912fbb2c144dab4d99924dbc341e8f64054be7909dd7818cad155bef2,187,706-707,17375,ブナ,ブナ科,exact_japanese_name,include,2026-07-11,原典画像（PDF p.187、冊子p.706-707）で「ブナ」欄の「ウスイロトラカミキリ」を確認。
kamikiri-host-index-184-191-0254,species-22046,ニイジマトラカミキリ,ニイジマトラカミキリ,日本産カミキリムシ,日本産カミキリムシ_compressed.pdf,52299895c14c1fd1c74279dca00f6fd9ba64d36d69e3bf3dd9c3a29a92802e77,efb17b5912fbb2c144dab4d99924dbc341e8f64054be7909dd7818cad155bef2,187,706-707,17375,ブナ,ブナ科,exact_japanese_name,include,2026-07-11,原典画像（PDF p.187、冊子p.706-707）で「ブナ」欄の「ニイジマトラカミキリ」を確認。
kamikiri-host-index-184-191-0236,species-22185,カラカネハナカミキリ,カラカネハナカミキリ,日本産カミキリムシ,日本産カミキリムシ_compressed.pdf,52299895c14c1fd1c74279dca00f6fd9ba64d36d69e3bf3dd9c3a29a92802e77,efb17b5912fbb2c144dab4d99924dbc341e8f64054be7909dd7818cad155bef2,187,706-707,17375,ブナ,ブナ科,exact_japanese_name,include,2026-07-11,原典画像（PDF p.187、冊子p.706-707）で「ブナ」欄の「カラカネハナカミキリ」を確認。
KDB-0070,species-22251,ヨツスジハナカミキリ 基亜種,ヨツスジハナカミキリ,日本産カミキリムシ,日本産カミキリムシ_compressed.pdf,52299895c14c1fd1c74279dca00f6fd9ba64d36d69e3bf3dd9c3a29a92802e77,efb17b5912fbb2c144dab4d99924dbc341e8f64054be7909dd7818cad155bef2,187,706-707,17375,ブナ,ブナ科,exact_derived_base_name,include,2026-07-11,索引PDF p.187で学名が基亜種として明示され、種解説PDF p.37の基亜種見出しおよび normalized_data/insects.csv の同種群と一致
kamikiri-host-index-184-191-0240,species-22263,クロオオハナカミキリ,クロオオハナカミキリ,日本産カミキリムシ,日本産カミキリムシ_compressed.pdf,52299895c14c1fd1c74279dca00f6fd9ba64d36d69e3bf3dd9c3a29a92802e77,efb17b5912fbb2c144dab4d99924dbc341e8f64054be7909dd7818cad155bef2,187,706-707,17375,ブナ,ブナ科,exact_japanese_name,include,2026-07-11,原典画像（PDF p.187、冊子p.706-707）で「ブナ」欄の「クロオオハナカミキリ」を確認。
kamikiri-host-index-184-191-0257,species-22274,ヒゲブトハナカミキリ,ヒゲブトハナカミキリ,日本産カミキリムシ,日本産カミキリムシ_compressed.pdf,52299895c14c1fd1c74279dca00f6fd9ba64d36d69e3bf3dd9c3a29a92802e77,efb17b5912fbb2c144dab4d99924dbc341e8f64054be7909dd7818cad155bef2,187,706-707,17375,ブナ,ブナ科,exact_japanese_name,include,2026-07-11,原典画像（PDF p.187、冊子p.706-707）で「ブナ」欄の「ヒゲブトハナカミキリ」を確認。
kamikiri-host-index-184-191-0259,species-22278,ベニバハナカミキリ,ベニバハナカミキリ,日本産カミキリムシ,日本産カミキリムシ_compressed.pdf,52299895c14c1fd1c74279dca00f6fd9ba64d36d69e3bf3dd9c3a29a92802e77,efb17b5912fbb2c144dab4d99924dbc341e8f64054be7909dd7818cad155bef2,187,706-707,17375,ブナ,ブナ科,exact_japanese_name,include,2026-07-11,原典画像（PDF p.187、冊子p.706-707）で「ブナ」欄の「ベニバハナカミキリ」を確認。
KDB-0069,species-22354,チャイロヒメハナカミキリ 基亜種,チャイロヒメハナカミキリ,日本産カミキリムシ,日本産カミキリムシ_compressed.pdf,52299895c14c1fd1c74279dca00f6fd9ba64d36d69e3bf3dd9c3a29a92802e77,efb17b5912fbb2c144dab4d99924dbc341e8f64054be7909dd7818cad155bef2,187,706-707,17375,ブナ,ブナ科,exact_derived_base_name,include,2026-07-11,索引PDF p.187で学名が基亜種として明示され、種解説PDF p.24の基亜種見出しおよび normalized_data/insects.csv の同種群と一致
kamikiri-host-index-184-191-0235,species-22380,オオヒメハナカミキリ,オオヒメハナカミキリ,日本産カミキリムシ,日本産カミキリムシ_compressed.pdf,52299895c14c1fd1c74279dca00f6fd9ba64d36d69e3bf3dd9c3a29a92802e77,efb17b5912fbb2c144dab4d99924dbc341e8f64054be7909dd7818cad155bef2,187,706-707,17375,ブナ,ブナ科,exact_japanese_name,include,2026-07-11,原典画像（PDF p.187、冊子p.706-707）で「ブナ」欄の「オオヒメハナカミキリ」を確認。
kamikiri-host-index-184-191-0252,species-22515,トゲバカミキリ,トゲバカミキリ,日本産カミキリムシ,日本産カミキリムシ_compressed.pdf,52299895c14c1fd1c74279dca00f6fd9ba64d36d69e3bf3dd9c3a29a92802e77,efb17b5912fbb2c144dab4d99924dbc341e8f64054be7909dd7818cad155bef2,187,706-707,17375,ブナ,ブナ科,exact_japanese_name,include,2026-07-11,原典画像（PDF p.187、冊子p.706-707）で「ブナ」欄の「トゲバカミキリ」を確認。
kamikiri-host-index-184-191-0244,species-22529,ゴイシモモブトカミキリ,ゴイシモモブトカミキリ,日本産カミキリムシ,日本産カミキリムシ_compressed.pdf,52299895c14c1fd1c74279dca00f6fd9ba64d36d69e3bf3dd9c3a29a92802e77,efb17b5912fbb2c144dab4d99924dbc341e8f64054be7909dd7818cad155bef2,187,706-707,17375,ブナ,ブナ科,exact_japanese_name,include,2026-07-11,原典画像（PDF p.187、冊子p.706-707）で「ブナ」欄の「ゴイシモモブトカミキリ」を確認。
kamikiri-host-index-184-191-0256,species-22558,ヒゲナガゴマフカミキリ,ヒゲナガゴマフカミキリ,日本産カミキリムシ,日本産カミキリムシ_compressed.pdf,52299895c14c1fd1c74279dca00f6fd9ba64d36d69e3bf3dd9c3a29a92802e77,efb17b5912fbb2c144dab4d99924dbc341e8f64054be7909dd7818cad155bef2,187,706-707,17375,ブナ,ブナ科,exact_japanese_name,include,2026-07-11,原典画像（PDF p.187、冊子p.706-707）で「ブナ」欄の「ヒゲナガゴマフカミキリ」を確認。
kamikiri-host-index-184-191-0246,species-22642,シロオビチビカミキリ 基亜種,シロオビチビカミキリ,日本産カミキリムシ,日本産カミキリムシ_compressed.pdf,52299895c14c1fd1c74279dca00f6fd9ba64d36d69e3bf3dd9c3a29a92802e77,efb17b5912fbb2c144dab4d99924dbc341e8f64054be7909dd7818cad155bef2,187,706-707,17375,ブナ,ブナ科,reviewed_source_crosswalk,include,2026-07-11,原典画像（PDF p.187、冊子p.706-707）で「ブナ」欄の「シロオビチビカミキリ」を確認。原典名「シロオビチビカミキリ」を現行名「シロオビチビカミキリ 基亜種」へ照合。
kamikiri-host-index-184-191-0242,species-22650,クワカミキリ,クワカミキリ,日本産カミキリムシ,日本産カミキリムシ_compressed.pdf,52299895c14c1fd1c74279dca00f6fd9ba64d36d69e3bf3dd9c3a29a92802e77,efb17b5912fbb2c144dab4d99924dbc341e8f64054be7909dd7818cad155bef2,187,706-707,17375,ブナ,ブナ科,exact_japanese_name,include,2026-07-11,原典画像（PDF p.187、冊子p.706-707）で「ブナ」欄の「クワカミキリ」を確認。
kamikiri-host-index-184-191-0247,species-22654,シロスジカミキリ,シロスジカミキリ,日本産カミキリムシ,日本産カミキリムシ_compressed.pdf,52299895c14c1fd1c74279dca00f6fd9ba64d36d69e3bf3dd9c3a29a92802e77,efb17b5912fbb2c144dab4d99924dbc341e8f64054be7909dd7818cad155bef2,187,706-707,17375,ブナ,ブナ科,exact_japanese_name,include,2026-07-11,原典画像（PDF p.187、冊子p.706-707）で「ブナ」欄の「シロスジカミキリ」を確認。
KDB-0074,species-22673,ミヤマチビコブカミキリ 基亜種,ミヤマチビコブカミキリ,日本産カミキリムシ,日本産カミキリムシ_compressed.pdf,52299895c14c1fd1c74279dca00f6fd9ba64d36d69e3bf3dd9c3a29a92802e77,efb17b5912fbb2c144dab4d99924dbc341e8f64054be7909dd7818cad155bef2,187,706-707,17375,ブナ,ブナ科,exact_derived_base_name,include,2026-07-11,索引PDF p.187で学名が基亜種として明示され、種解説PDF p.144の基亜種見出しおよび normalized_data/insects.csv の同種群と一致
kamikiri-host-index-184-191-0249,species-22746,センノカミキリ 基亜種,センノキカミキリ,日本産カミキリムシ,日本産カミキリムシ_compressed.pdf,52299895c14c1fd1c74279dca00f6fd9ba64d36d69e3bf3dd9c3a29a92802e77,efb17b5912fbb2c144dab4d99924dbc341e8f64054be7909dd7818cad155bef2,187,706-707,17375,ブナ,ブナ科,exact_alternative_name,include,2026-07-11,原典画像（PDF p.187、冊子p.706-707）で「ブナ」欄の「センノキカミキリ」を確認。原典名「センノキカミキリ」を現行名「センノカミキリ 基亜種」へ照合。
kamikiri-host-index-184-191-0251,species-22803,タニグチコブヤハズカミキリ,タニグチコブヤハズカミキリ,日本産カミキリムシ,日本産カミキリムシ_compressed.pdf,52299895c14c1fd1c74279dca00f6fd9ba64d36d69e3bf3dd9c3a29a92802e77,efb17b5912fbb2c144dab4d99924dbc341e8f64054be7909dd7818cad155bef2,187,706-707,17375,ブナ,ブナ科,exact_japanese_name,include,2026-07-11,原典画像（PDF p.187、冊子p.706-707）で「ブナ」欄の「タニグチコブヤハズカミキリ」を確認。
kamikiri-host-index-184-191-0253,species-22866,ナガゴマフカミキリ,ナガゴマフカミキリ,日本産カミキリムシ,日本産カミキリムシ_compressed.pdf,52299895c14c1fd1c74279dca00f6fd9ba64d36d69e3bf3dd9c3a29a92802e77,efb17b5912fbb2c144dab4d99924dbc341e8f64054be7909dd7818cad155bef2,187,706-707,17375,ブナ,ブナ科,exact_japanese_name,include,2026-07-11,原典画像（PDF p.187、冊子p.706-707）で「ブナ」欄の「ナガゴマフカミキリ」を確認。
kamikiri-host-index-184-191-0250,species-22867,タテスジゴマフカミキリ,タテスジゴマフカミキリ,日本産カミキリムシ,日本産カミキリムシ_compressed.pdf,52299895c14c1fd1c74279dca00f6fd9ba64d36d69e3bf3dd9c3a29a92802e77,efb17b5912fbb2c144dab4d99924dbc341e8f64054be7909dd7818cad155bef2,187,706-707,17375,ブナ,ブナ科,exact_japanese_name,include,2026-07-11,原典画像（PDF p.187、冊子p.706-707）で「ブナ」欄の「タテスジゴマフカミキリ」を確認。
kamikiri-host-index-184-191-0245,species-22871,ゴマフカミキリ,ゴマフカミキリ,日本産カミキリムシ,日本産カミキリムシ_compressed.pdf,52299895c14c1fd1c74279dca00f6fd9ba64d36d69e3bf3dd9c3a29a92802e77,efb17b5912fbb2c144dab4d99924dbc341e8f64054be7909dd7818cad155bef2,187,706-707,17375,ブナ,ブナ科,exact_japanese_name,include,2026-07-11,原典画像（PDF p.187、冊子p.706-707）で「ブナ」欄の「ゴマフカミキリ」を確認。
KDB-0072,species-22890,カタシロゴマフカミキリ 基亜種,カタシロゴマフカミキリ,日本産カミキリムシ,日本産カミキリムシ_compressed.pdf,52299895c14c1fd1c74279dca00f6fd9ba64d36d69e3bf3dd9c3a29a92802e77,efb17b5912fbb2c144dab4d99924dbc341e8f64054be7909dd7818cad155bef2,187,706-707,17375,ブナ,ブナ科,exact_derived_base_name,include,2026-07-11,索引PDF p.187で学名が基亜種として明示され、種解説PDF p.94の基亜種見出しおよび normalized_data/insects.csv の同種群と一致
kamikiri-host-index-184-191-0260,species-22917,ミヤマケシカミキリ,ミヤマケシカミキリ,日本産カミキリムシ,日本産カミキリムシ_compressed.pdf,52299895c14c1fd1c74279dca00f6fd9ba64d36d69e3bf3dd9c3a29a92802e77,efb17b5912fbb2c144dab4d99924dbc341e8f64054be7909dd7818cad155bef2,187,706-707,17375,ブナ,ブナ科,exact_japanese_name,include,2026-07-11,原典画像（PDF p.187、冊子p.706-707）で「ブナ」欄の「ミヤマケシカミキリ」を確認。
kamikiri-host-index-184-191-0238,species-22927,キッコウモンケシカミキリ,キッコウモンケシカミキリ,日本産カミキリムシ,日本産カミキリムシ_compressed.pdf,52299895c14c1fd1c74279dca00f6fd9ba64d36d69e3bf3dd9c3a29a92802e77,efb17b5912fbb2c144dab4d99924dbc341e8f64054be7909dd7818cad155bef2,187,706-707,17375,ブナ,ブナ科,exact_japanese_name,include,2026-07-11,原典画像（PDF p.187、冊子p.706-707）で「ブナ」欄の「キッコウモンケシカミキリ」を確認。
kamikiri-host-index-184-191-0255,species-22932,ネジロカミキリ,ネジロカミキリ,日本産カミキリムシ,日本産カミキリムシ_compressed.pdf,52299895c14c1fd1c74279dca00f6fd9ba64d36d69e3bf3dd9c3a29a92802e77,efb17b5912fbb2c144dab4d99924dbc341e8f64054be7909dd7818cad155bef2,187,706-707,17375,ブナ,ブナ科,exact_japanese_name,include,2026-07-11,原典画像（PDF p.187、冊子p.706-707）で「ブナ」欄の「ネジロカミキリ」を確認。
KDB-0073,species-22947,ナカジロサビカミキリ 基亜種,ナカジロサビカミキリ,日本産カミキリムシ,日本産カミキリムシ_compressed.pdf,52299895c14c1fd1c74279dca00f6fd9ba64d36d69e3bf3dd9c3a29a92802e77,efb17b5912fbb2c144dab4d99924dbc341e8f64054be7909dd7818cad155bef2,187,706-707,17375,ブナ,ブナ科,exact_derived_base_name,include,2026-07-11,索引PDF p.187で学名が基亜種として明示され、種解説PDF p.114の基亜種見出しおよび normalized_data/insects.csv の同種群と一致
kamikiri-host-index-184-191-0231,species-22965,アトモンサビカミキリ,アトモンサビカミキリ,日本産カミキリムシ,日本産カミキリムシ_compressed.pdf,52299895c14c1fd1c74279dca00f6fd9ba64d36d69e3bf3dd9c3a29a92802e77,efb17b5912fbb2c144dab4d99924dbc341e8f64054be7909dd7818cad155bef2,187,706-707,17375,ブナ,ブナ科,exact_japanese_name,include,2026-07-11,原典画像（PDF p.187、冊子p.706-707）で「ブナ」欄の「アトモンサビカミキリ」を確認。
kamikiri-host-index-184-191-0258,species-22969,ヒメナガサビカミキリ,ヒメナガサビカミキリ,日本産カミキリムシ,日本産カミキリムシ_compressed.pdf,52299895c14c1fd1c74279dca00f6fd9ba64d36d69e3bf3dd9c3a29a92802e77,efb17b5912fbb2c144dab4d99924dbc341e8f64054be7909dd7818cad155bef2,187,706-707,17375,ブナ,ブナ科,exact_japanese_name,include,2026-07-11,原典画像（PDF p.187、冊子p.706-707）で「ブナ」欄の「ヒメナガサビカミキリ」を確認。
kamikiri-host-index-184-191-0241,species-22986,クロニセリンゴカミキリ,クロニセリンゴカミキリ,日本産カミキリムシ,日本産カミキリムシ_compressed.pdf,52299895c14c1fd1c74279dca00f6fd9ba64d36d69e3bf3dd9c3a29a92802e77,efb17b5912fbb2c144dab4d99924dbc341e8f64054be7909dd7818cad155bef2,187,706-707,17375,ブナ,ブナ科,exact_japanese_name,include,2026-07-11,原典画像（PDF p.187、冊子p.706-707）で「ブナ」欄の「クロニセリンゴカミキリ」を確認。
KDB-0075,species-23014,チチブニセリンゴカミキリ 基亜種,チチブニセリンゴカミキリ,日本産カミキリムシ,日本産カミキリムシ_compressed.pdf,52299895c14c1fd1c74279dca00f6fd9ba64d36d69e3bf3dd9c3a29a92802e77,efb17b5912fbb2c144dab4d99924dbc341e8f64054be7909dd7818cad155bef2,187,706-707,17375,ブナ,ブナ科,exact_derived_base_name,include,2026-07-11,索引PDF p.187で学名が基亜種として明示され、種解説PDF p.167の基亜種見出しおよび normalized_data/insects.csv の同種群と一致
kamikiri-host-index-184-191-0265,species-21868,シロトラカミキリ,シロトラカミキリ,日本産カミキリムシ,日本産カミキリムシ_compressed.pdf,52299895c14c1fd1c74279dca00f6fd9ba64d36d69e3bf3dd9c3a29a92802e77,efb17b5912fbb2c144dab4d99924dbc341e8f64054be7909dd7818cad155bef2,188,708-709,17441,イヌブナ,ブナ科,exact_japanese_name,include,2026-07-11,原典画像（PDF p.188、冊子p.708-709）で「イヌブナ」欄の「シロトラカミキリ」を確認。
kamikiri-host-index-184-191-0263,species-21976,キスジトラカミキリ,キスジトラカミキリ,日本産カミキリムシ,日本産カミキリムシ_compressed.pdf,52299895c14c1fd1c74279dca00f6fd9ba64d36d69e3bf3dd9c3a29a92802e77,efb17b5912fbb2c144dab4d99924dbc341e8f64054be7909dd7818cad155bef2,188,708-709,17441,イヌブナ,ブナ科,exact_japanese_name,include,2026-07-11,原典画像（PDF p.188、冊子p.708-709）で「イヌブナ」欄の「キスジトラカミキリ」を確認。
kamikiri-host-index-184-191-0262,species-21986,キイロトラカミキリ,キイロトラカミキリ,日本産カミキリムシ,日本産カミキリムシ_compressed.pdf,52299895c14c1fd1c74279dca00f6fd9ba64d36d69e3bf3dd9c3a29a92802e77,efb17b5912fbb2c144dab4d99924dbc341e8f64054be7909dd7818cad155bef2,188,708-709,17441,イヌブナ,ブナ科,exact_japanese_name,include,2026-07-11,原典画像（PDF p.188、冊子p.708-709）で「イヌブナ」欄の「キイロトラカミキリ」を確認。
kamikiri-host-index-184-191-0268,species-22459,ヒラヤマコブハナカミキリ,ヒラヤマコブハナカミキリ,日本産カミキリムシ,日本産カミキリムシ_compressed.pdf,52299895c14c1fd1c74279dca00f6fd9ba64d36d69e3bf3dd9c3a29a92802e77,efb17b5912fbb2c144dab4d99924dbc341e8f64054be7909dd7818cad155bef2,188,708-709,17441,イヌブナ,ブナ科,exact_japanese_name,include,2026-07-11,原典画像（PDF p.188、冊子p.708-709）で「イヌブナ」欄の「ヒラヤマコブハナカミキリ」を確認。
kamikiri-host-index-184-191-0266,species-22515,トゲバカミキリ,トゲバカミキリ,日本産カミキリムシ,日本産カミキリムシ_compressed.pdf,52299895c14c1fd1c74279dca00f6fd9ba64d36d69e3bf3dd9c3a29a92802e77,efb17b5912fbb2c144dab4d99924dbc341e8f64054be7909dd7818cad155bef2,188,708-709,17441,イヌブナ,ブナ科,exact_japanese_name,include,2026-07-11,原典画像（PDF p.188、冊子p.708-709）で「イヌブナ」欄の「トゲバカミキリ」を確認。
kamikiri-host-index-184-191-0264,species-22654,シロスジカミキリ,シロスジカミキリ,日本産カミキリムシ,日本産カミキリムシ_compressed.pdf,52299895c14c1fd1c74279dca00f6fd9ba64d36d69e3bf3dd9c3a29a92802e77,efb17b5912fbb2c144dab4d99924dbc341e8f64054be7909dd7818cad155bef2,188,708-709,17441,イヌブナ,ブナ科,exact_japanese_name,include,2026-07-11,原典画像（PDF p.188、冊子p.708-709）で「イヌブナ」欄の「シロスジカミキリ」を確認。
kamikiri-host-index-184-191-0267,species-22779,ヒゲナガカミキリ,ヒゲナガカミキリ,日本産カミキリムシ,日本産カミキリムシ_compressed.pdf,52299895c14c1fd1c74279dca00f6fd9ba64d36d69e3bf3dd9c3a29a92802e77,efb17b5912fbb2c144dab4d99924dbc341e8f64054be7909dd7818cad155bef2,188,708-709,17441,イヌブナ,ブナ科,exact_japanese_name,include,2026-07-11,原典画像（PDF p.188、冊子p.708-709）で「イヌブナ」欄の「ヒゲナガカミキリ」を確認。
KDB-0076,species-22947,ナカジロサビカミキリ 基亜種,ナカジロサビカミキリ,日本産カミキリムシ,日本産カミキリムシ_compressed.pdf,52299895c14c1fd1c74279dca00f6fd9ba64d36d69e3bf3dd9c3a29a92802e77,efb17b5912fbb2c144dab4d99924dbc341e8f64054be7909dd7818cad155bef2,188,708-709,17441,イヌブナ,ブナ科,exact_derived_base_name,include,2026-07-11,索引PDF p.188で学名が基亜種として明示され、種解説PDF p.114の基亜種見出しおよび normalized_data/insects.csv の同種群と一致
KDB-0077,1-1,ウスバカミキリ 基亜種,ウスバカミキリ,日本産カミキリムシ,日本産カミキリムシ_compressed.pdf,52299895c14c1fd1c74279dca00f6fd9ba64d36d69e3bf3dd9c3a29a92802e77,efb17b5912fbb2c144dab4d99924dbc341e8f64054be7909dd7818cad155bef2,188,708-709,17452,ブナ類,ブナ科,exact_derived_base_name,include,2026-07-11,索引PDF p.188で学名が基亜種として明示され、種解説PDF p.4の基亜種見出しおよび normalized_data/insects.csv の同種群と一致
KDB-0078,13-1,ノコギリカミキリ 基亜種,ノコギリカミキリ,日本産カミキリムシ,日本産カミキリムシ_compressed.pdf,52299895c14c1fd1c74279dca00f6fd9ba64d36d69e3bf3dd9c3a29a92802e77,efb17b5912fbb2c144dab4d99924dbc341e8f64054be7909dd7818cad155bef2,188,708-709,17452,ブナ類,ブナ科,exact_derived_base_name,include,2026-07-11,索引PDF p.188で学名が基亜種として明示され、種解説PDF p.5の基亜種見出しおよび normalized_data/insects.csv の同種群と一致
kamikiri-host-index-184-191-0284,species-21883,ルリヒラタカミキリ,ルリヒラタカミキリ,日本産カミキリムシ,日本産カミキリムシ_compressed.pdf,52299895c14c1fd1c74279dca00f6fd9ba64d36d69e3bf3dd9c3a29a92802e77,efb17b5912fbb2c144dab4d99924dbc341e8f64054be7909dd7818cad155bef2,188,708-709,17452,ブナ類,ブナ科,exact_japanese_name,include,2026-07-11,原典画像（PDF p.188、冊子p.708-709）で「ブナ類」欄の「ルリヒラタカミキリ」を確認。
kamikiri-host-index-184-191-0275,species-21898,クロヒラタカミキリ,クロヒラタカミキリ,日本産カミキリムシ,日本産カミキリムシ_compressed.pdf,52299895c14c1fd1c74279dca00f6fd9ba64d36d69e3bf3dd9c3a29a92802e77,efb17b5912fbb2c144dab4d99924dbc341e8f64054be7909dd7818cad155bef2,188,708-709,17452,ブナ類,ブナ科,exact_japanese_name,include,2026-07-11,原典画像（PDF p.188、冊子p.708-709）で「ブナ類」欄の「クロヒラタカミキリ」を確認。
kamikiri-host-index-184-191-0283,species-21923,ヨツボシカミキリ,ヨツボシカミキリ,日本産カミキリムシ,日本産カミキリムシ_compressed.pdf,52299895c14c1fd1c74279dca00f6fd9ba64d36d69e3bf3dd9c3a29a92802e77,efb17b5912fbb2c144dab4d99924dbc341e8f64054be7909dd7818cad155bef2,188,708-709,17452,ブナ類,ブナ科,exact_japanese_name,include,2026-07-11,原典画像（PDF p.188、冊子p.708-709）で「ブナ類」欄の「ヨツボシカミキリ」を確認。
kamikiri-host-index-184-191-0274,species-21924,キマダラカミキリ 基亜種,キマダラミヤマカミキリ,日本産カミキリムシ,日本産カミキリムシ_compressed.pdf,52299895c14c1fd1c74279dca00f6fd9ba64d36d69e3bf3dd9c3a29a92802e77,efb17b5912fbb2c144dab4d99924dbc341e8f64054be7909dd7818cad155bef2,188,708-709,17452,ブナ類,ブナ科,reviewed_source_crosswalk,include,2026-07-11,原典画像（PDF p.188、冊子p.708-709）で「ブナ類」欄の「キマダラミヤマカミキリ」を確認。原典名「キマダラミヤマカミキリ」を現行名「キマダラカミキリ 基亜種」へ照合。
kamikiri-host-index-184-191-0282,species-21933,ミヤマカミキリ,ミヤマカミキリ,日本産カミキリムシ,日本産カミキリムシ_compressed.pdf,52299895c14c1fd1c74279dca00f6fd9ba64d36d69e3bf3dd9c3a29a92802e77,efb17b5912fbb2c144dab4d99924dbc341e8f64054be7909dd7818cad155bef2,188,708-709,17452,ブナ類,ブナ科,exact_japanese_name,include,2026-07-11,原典画像（PDF p.188、冊子p.708-709）で「ブナ類」欄の「ミヤマカミキリ」を確認。
kamikiri-host-index-184-191-0281,species-21939,ホタルカミキリ,ホタルカミキリ,日本産カミキリムシ,日本産カミキリムシ_compressed.pdf,52299895c14c1fd1c74279dca00f6fd9ba64d36d69e3bf3dd9c3a29a92802e77,efb17b5912fbb2c144dab4d99924dbc341e8f64054be7909dd7818cad155bef2,188,708-709,17452,ブナ類,ブナ科,exact_japanese_name,include,2026-07-11,原典画像（PDF p.188、冊子p.708-709）で「ブナ類」欄の「ホタルカミキリ」を確認。
kamikiri-host-index-184-191-0273,species-21986,キイロトラカミキリ,キイロトラカミキリ,日本産カミキリムシ,日本産カミキリムシ_compressed.pdf,52299895c14c1fd1c74279dca00f6fd9ba64d36d69e3bf3dd9c3a29a92802e77,efb17b5912fbb2c144dab4d99924dbc341e8f64054be7909dd7818cad155bef2,188,708-709,17452,ブナ類,ブナ科,exact_japanese_name,include,2026-07-11,原典画像（PDF p.188、冊子p.708-709）で「ブナ類」欄の「キイロトラカミキリ」を確認。
kamikiri-host-index-184-191-0272,species-21988,エグリトラカミキリ,エグリトラカミキリ,日本産カミキリムシ,日本産カミキリムシ_compressed.pdf,52299895c14c1fd1c74279dca00f6fd9ba64d36d69e3bf3dd9c3a29a92802e77,efb17b5912fbb2c144dab4d99924dbc341e8f64054be7909dd7818cad155bef2,188,708-709,17452,ブナ類,ブナ科,exact_japanese_name,include,2026-07-11,原典画像（PDF p.188、冊子p.708-709）で「ブナ類」欄の「エグリトラカミキリ」を確認。
kamikiri-host-index-184-191-0277,species-22033,クワヤマトラカミキリ,クワヤマトラカミキリ,日本産カミキリムシ,日本産カミキリムシ_compressed.pdf,52299895c14c1fd1c74279dca00f6fd9ba64d36d69e3bf3dd9c3a29a92802e77,efb17b5912fbb2c144dab4d99924dbc341e8f64054be7909dd7818cad155bef2,188,708-709,17452,ブナ類,ブナ科,exact_japanese_name,include,2026-07-11,原典画像（PDF p.188、冊子p.708-709）で「ブナ類」欄の「クワヤマトラカミキリ」を確認。
kamikiri-host-index-184-191-0271,species-22045,ウスイロトラカミキリ,ウスイロトラカミキリ,日本産カミキリムシ,日本産カミキリムシ_compressed.pdf,52299895c14c1fd1c74279dca00f6fd9ba64d36d69e3bf3dd9c3a29a92802e77,efb17b5912fbb2c144dab4d99924dbc341e8f64054be7909dd7818cad155bef2,188,708-709,17452,ブナ類,ブナ科,exact_japanese_name,include,2026-07-11,原典画像（PDF p.188、冊子p.708-709）で「ブナ類」欄の「ウスイロトラカミキリ」を確認。
kamikiri-host-index-184-191-0276,species-22650,クワカミキリ,クワカミキリ,日本産カミキリムシ,日本産カミキリムシ_compressed.pdf,52299895c14c1fd1c74279dca00f6fd9ba64d36d69e3bf3dd9c3a29a92802e77,efb17b5912fbb2c144dab4d99924dbc341e8f64054be7909dd7818cad155bef2,188,708-709,17452,ブナ類,ブナ科,exact_japanese_name,include,2026-07-11,原典画像（PDF p.188、冊子p.708-709）で「ブナ類」欄の「クワカミキリ」を確認。
kamikiri-host-index-184-191-0278,species-22654,シロスジカミキリ,シロスジカミキリ,日本産カミキリムシ,日本産カミキリムシ_compressed.pdf,52299895c14c1fd1c74279dca00f6fd9ba64d36d69e3bf3dd9c3a29a92802e77,efb17b5912fbb2c144dab4d99924dbc341e8f64054be7909dd7818cad155bef2,188,708-709,17452,ブナ類,ブナ科,exact_japanese_name,include,2026-07-11,原典画像（PDF p.188、冊子p.708-709）で「ブナ類」欄の「シロスジカミキリ」を確認。
KDB-0081,species-22786,ヒメヒゲナガカミキリ 基亜種,ヒメヒゲナガカミキリ,日本産カミキリムシ,日本産カミキリムシ_compressed.pdf,52299895c14c1fd1c74279dca00f6fd9ba64d36d69e3bf3dd9c3a29a92802e77,efb17b5912fbb2c144dab4d99924dbc341e8f64054be7909dd7818cad155bef2,188,708-709,17452,ブナ類,ブナ科,exact_derived_base_name,include,2026-07-11,索引PDF p.188で学名が基亜種として明示され、種解説PDF p.124の基亜種見出しおよび normalized_data/insects.csv の同種群と一致
kamikiri-host-index-184-191-0280,species-22866,ナガゴマフカミキリ,ナガゴマフカミキリ,日本産カミキリムシ,日本産カミキリムシ_compressed.pdf,52299895c14c1fd1c74279dca00f6fd9ba64d36d69e3bf3dd9c3a29a92802e77,efb17b5912fbb2c144dab4d99924dbc341e8f64054be7909dd7818cad155bef2,188,708-709,17452,ブナ類,ブナ科,exact_japanese_name,include,2026-07-11,原典画像（PDF p.188、冊子p.708-709）で「ブナ類」欄の「ナガゴマフカミキリ」を確認。
kamikiri-host-index-184-191-0279,species-22867,タテスジゴマフカミキリ,タテスジゴマフカミキリ,日本産カミキリムシ,日本産カミキリムシ_compressed.pdf,52299895c14c1fd1c74279dca00f6fd9ba64d36d69e3bf3dd9c3a29a92802e77,efb17b5912fbb2c144dab4d99924dbc341e8f64054be7909dd7818cad155bef2,188,708-709,17452,ブナ類,ブナ科,exact_japanese_name,include,2026-07-11,原典画像（PDF p.188、冊子p.708-709）で「ブナ類」欄の「タテスジゴマフカミキリ」を確認。
KDB-0080,species-22947,ナカジロサビカミキリ 基亜種,ナカジロサビカミキリ,日本産カミキリムシ,日本産カミキリムシ_compressed.pdf,52299895c14c1fd1c74279dca00f6fd9ba64d36d69e3bf3dd9c3a29a92802e77,efb17b5912fbb2c144dab4d99924dbc341e8f64054be7909dd7818cad155bef2,188,708-709,17452,ブナ類,ブナ科,exact_derived_base_name,include,2026-07-11,索引PDF p.188で学名が基亜種として明示され、種解説PDF p.114の基亜種見出しおよび normalized_data/insects.csv の同種群と一致
kamikiri-host-index-184-191-0285,species-22950,ワモンサビカミキリ,ワモンサビカミキリ,日本産カミキリムシ,日本産カミキリムシ_compressed.pdf,52299895c14c1fd1c74279dca00f6fd9ba64d36d69e3bf3dd9c3a29a92802e77,efb17b5912fbb2c144dab4d99924dbc341e8f64054be7909dd7818cad155bef2,188,708-709,17452,ブナ類,ブナ科,exact_japanese_name,include,2026-07-11,原典画像（PDF p.188、冊子p.708-709）で「ブナ類」欄の「ワモンサビカミキリ」を確認。
KDB-0079,species-22963,トガリシロオビサビカミキリ 基亜種,トガリシロオビサビカミキリ,日本産カミキリムシ,日本産カミキリムシ_compressed.pdf,52299895c14c1fd1c74279dca00f6fd9ba64d36d69e3bf3dd9c3a29a92802e77,efb17b5912fbb2c144dab4d99924dbc341e8f64054be7909dd7818cad155bef2,188,708-709,17452,ブナ類,ブナ科,exact_derived_base_name,include,2026-07-11,索引PDF p.188で学名が基亜種として明示され、種解説PDF p.113の基亜種見出しおよび normalized_data/insects.csv の同種群と一致
kamikiri-host-index-184-191-0270,species-22965,アトモンサビカミキリ,アトモンサビカミキリ,日本産カミキリムシ,日本産カミキリムシ_compressed.pdf,52299895c14c1fd1c74279dca00f6fd9ba64d36d69e3bf3dd9c3a29a92802e77,efb17b5912fbb2c144dab4d99924dbc341e8f64054be7909dd7818cad155bef2,188,708-709,17452,ブナ類,ブナ科,exact_japanese_name,include,2026-07-11,原典画像（PDF p.188、冊子p.708-709）で「ブナ類」欄の「アトモンサビカミキリ」を確認。
kamikiri-host-index-184-191-0269,species-22972,アトジロサビカミキリ,アトジロサビカミキリ,日本産カミキリムシ,日本産カミキリムシ_compressed.pdf,52299895c14c1fd1c74279dca00f6fd9ba64d36d69e3bf3dd9c3a29a92802e77,efb17b5912fbb2c144dab4d99924dbc341e8f64054be7909dd7818cad155bef2,188,708-709,17452,ブナ類,ブナ科,exact_japanese_name,include,2026-07-11,原典画像（PDF p.188、冊子p.708-709）で「ブナ類」欄の「アトジロサビカミキリ」を確認。
kamikiri-host-index-184-191-0288,species-21933,ミヤマカミキリ,ミヤマカミキリ,日本産カミキリムシ,日本産カミキリムシ_compressed.pdf,52299895c14c1fd1c74279dca00f6fd9ba64d36d69e3bf3dd9c3a29a92802e77,efb17b5912fbb2c144dab4d99924dbc341e8f64054be7909dd7818cad155bef2,188,708-709,17475,マテバシイ,ブナ科,exact_japanese_name,include,2026-07-11,原典画像（PDF p.188、冊子p.708-709）で「マテバシイ」欄の「ミヤマカミキリ」を確認。
KDB-0083,species-22008,キュウシュウチビトラカミキリ 基亜種,キュウシュウチビトラカミキリ,日本産カミキリムシ,日本産カミキリムシ_compressed.pdf,52299895c14c1fd1c74279dca00f6fd9ba64d36d69e3bf3dd9c3a29a92802e77,efb17b5912fbb2c144dab4d99924dbc341e8f64054be7909dd7818cad155bef2,188,708-709,17475,マテバシイ,ブナ科,exact_derived_base_name,include,2026-07-11,索引PDF p.188で学名が基亜種として明示され、種解説PDF p.79の基亜種見出しおよび normalized_data/insects.csv の同種群と一致
kamikiri-host-index-184-191-0286,species-22064,イエカミキリ,イエカミキリ,日本産カミキリムシ,日本産カミキリムシ_compressed.pdf,52299895c14c1fd1c74279dca00f6fd9ba64d36d69e3bf3dd9c3a29a92802e77,efb17b5912fbb2c144dab4d99924dbc341e8f64054be7909dd7818cad155bef2,188,708-709,17475,マテバシイ,ブナ科,exact_japanese_name,include,2026-07-11,原典画像（PDF p.188、冊子p.708-709）で「マテバシイ」欄の「イエカミキリ」を確認。
KDB-0082,species-22251,ヨツスジハナカミキリ 基亜種,ヨツスジハナカミキリ,日本産カミキリムシ,日本産カミキリムシ_compressed.pdf,52299895c14c1fd1c74279dca00f6fd9ba64d36d69e3bf3dd9c3a29a92802e77,efb17b5912fbb2c144dab4d99924dbc341e8f64054be7909dd7818cad155bef2,188,708-709,17475,マテバシイ,ブナ科,exact_derived_base_name,include,2026-07-11,索引PDF p.188で学名が基亜種として明示され、種解説PDF p.37の基亜種見出しおよび normalized_data/insects.csv の同種群と一致
kamikiri-host-index-184-191-0287,species-22654,シロスジカミキリ,シロスジカミキリ,日本産カミキリムシ,日本産カミキリムシ_compressed.pdf,52299895c14c1fd1c74279dca00f6fd9ba64d36d69e3bf3dd9c3a29a92802e77,efb17b5912fbb2c144dab4d99924dbc341e8f64054be7909dd7818cad155bef2,188,708-709,17475,マテバシイ,ブナ科,exact_japanese_name,include,2026-07-11,原典画像（PDF p.188、冊子p.708-709）で「マテバシイ」欄の「シロスジカミキリ」を確認。
kamikiri-host-index-184-191-0297,species-21923,ヨツボシカミキリ,ヨツボシカミキリ,日本産カミキリムシ,日本産カミキリムシ_compressed.pdf,52299895c14c1fd1c74279dca00f6fd9ba64d36d69e3bf3dd9c3a29a92802e77,efb17b5912fbb2c144dab4d99924dbc341e8f64054be7909dd7818cad155bef2,188,708-709,17481,アカガシ,ブナ科,exact_japanese_name,include,2026-07-11,原典画像（PDF p.188、冊子p.708-709）で「アカガシ」欄の「ヨツボシカミキリ」を確認。
kamikiri-host-index-184-191-0296,species-21933,ミヤマカミキリ,ミヤマカミキリ,日本産カミキリムシ,日本産カミキリムシ_compressed.pdf,52299895c14c1fd1c74279dca00f6fd9ba64d36d69e3bf3dd9c3a29a92802e77,efb17b5912fbb2c144dab4d99924dbc341e8f64054be7909dd7818cad155bef2,188,708-709,17481,アカガシ,ブナ科,exact_japanese_name,include,2026-07-11,原典画像（PDF p.188、冊子p.708-709）で「アカガシ」欄の「ミヤマカミキリ」を確認。
kamikiri-host-index-184-191-0295,species-21939,ホタルカミキリ,ホタルカミキリ,日本産カミキリムシ,日本産カミキリムシ_compressed.pdf,52299895c14c1fd1c74279dca00f6fd9ba64d36d69e3bf3dd9c3a29a92802e77,efb17b5912fbb2c144dab4d99924dbc341e8f64054be7909dd7818cad155bef2,188,708-709,17481,アカガシ,ブナ科,exact_japanese_name,include,2026-07-11,原典画像（PDF p.188、冊子p.708-709）で「アカガシ」欄の「ホタルカミキリ」を確認。
kamikiri-host-index-184-191-0291,species-21973,キンケトラカミキリ,キンケトラカミキリ,日本産カミキリムシ,日本産カミキリムシ_compressed.pdf,52299895c14c1fd1c74279dca00f6fd9ba64d36d69e3bf3dd9c3a29a92802e77,efb17b5912fbb2c144dab4d99924dbc341e8f64054be7909dd7818cad155bef2,188,708-709,17481,アカガシ,ブナ科,exact_japanese_name,include,2026-07-11,原典画像（PDF p.188、冊子p.708-709）で「アカガシ」欄の「キンケトラカミキリ」を確認。
kamikiri-host-index-184-191-0290,species-21988,エグリトラカミキリ,エグリトラカミキリ,日本産カミキリムシ,日本産カミキリムシ_compressed.pdf,52299895c14c1fd1c74279dca00f6fd9ba64d36d69e3bf3dd9c3a29a92802e77,efb17b5912fbb2c144dab4d99924dbc341e8f64054be7909dd7818cad155bef2,188,708-709,17481,アカガシ,ブナ科,exact_japanese_name,include,2026-07-11,原典画像（PDF p.188、冊子p.708-709）で「アカガシ」欄の「エグリトラカミキリ」を確認。
kamikiri-host-index-184-191-0289,species-22045,ウスイロトラカミキリ,ウスイロトラカミキリ,日本産カミキリムシ,日本産カミキリムシ_compressed.pdf,52299895c14c1fd1c74279dca00f6fd9ba64d36d69e3bf3dd9c3a29a92802e77,efb17b5912fbb2c144dab4d99924dbc341e8f64054be7909dd7818cad155bef2,188,708-709,17481,アカガシ,ブナ科,exact_japanese_name,include,2026-07-11,原典画像（PDF p.188、冊子p.708-709）で「アカガシ」欄の「ウスイロトラカミキリ」を確認。
kamikiri-host-index-184-191-0293,species-22515,トゲバカミキリ,トゲバカミキリ,日本産カミキリムシ,日本産カミキリムシ_compressed.pdf,52299895c14c1fd1c74279dca00f6fd9ba64d36d69e3bf3dd9c3a29a92802e77,efb17b5912fbb2c144dab4d99924dbc341e8f64054be7909dd7818cad155bef2,188,708-709,17481,アカガシ,ブナ科,exact_japanese_name,include,2026-07-11,原典画像（PDF p.188、冊子p.708-709）で「アカガシ」欄の「トゲバカミキリ」を確認。
kamikiri-host-index-184-191-0294,species-22589,ヒメアヤモンチビカミキリ,ヒメアヤモンチビカミキリ,日本産カミキリムシ,日本産カミキリムシ_compressed.pdf,52299895c14c1fd1c74279dca00f6fd9ba64d36d69e3bf3dd9c3a29a92802e77,efb17b5912fbb2c144dab4d99924dbc341e8f64054be7909dd7818cad155bef2,188,708-709,17481,アカガシ,ブナ科,exact_japanese_name,include,2026-07-11,原典画像（PDF p.188、冊子p.708-709）で「アカガシ」欄の「ヒメアヤモンチビカミキリ」を確認。
kamikiri-host-index-184-191-0292,species-22654,シロスジカミキリ,シロスジカミキリ,日本産カミキリムシ,日本産カミキリムシ_compressed.pdf,52299895c14c1fd1c74279dca00f6fd9ba64d36d69e3bf3dd9c3a29a92802e77,efb17b5912fbb2c144dab4d99924dbc341e8f64054be7909dd7818cad155bef2,188,708-709,17481,アカガシ,ブナ科,exact_japanese_name,include,2026-07-11,原典画像（PDF p.188、冊子p.708-709）で「アカガシ」欄の「シロスジカミキリ」を確認。
kamikiri-host-index-184-191-0318,species-21877,ミドリカミキリ,ミドリカミキリ,日本産カミキリムシ,日本産カミキリムシ_compressed.pdf,52299895c14c1fd1c74279dca00f6fd9ba64d36d69e3bf3dd9c3a29a92802e77,efb17b5912fbb2c144dab4d99924dbc341e8f64054be7909dd7818cad155bef2,188,708-709,17496,クヌギ,ブナ科,exact_japanese_name,include,2026-07-11,原典画像（PDF p.188、冊子p.708-709）で「クヌギ」欄の「ミドリカミキリ」を確認。
kamikiri-host-index-184-191-0321,species-21896,ヨツボシチビヒラタカミキリ,ヨツボシチビヒラタカミキリ,日本産カミキリムシ,日本産カミキリムシ_compressed.pdf,52299895c14c1fd1c74279dca00f6fd9ba64d36d69e3bf3dd9c3a29a92802e77,efb17b5912fbb2c144dab4d99924dbc341e8f64054be7909dd7818cad155bef2,188,708-709,17496,クヌギ,ブナ科,exact_japanese_name,include,2026-07-11,原典画像（PDF p.188、冊子p.708-709）で「クヌギ」欄の「ヨツボシチビヒラタカミキリ」を確認。
kamikiri-host-index-184-191-0305,species-21898,クロヒラタカミキリ,クロヒラタカミキリ,日本産カミキリムシ,日本産カミキリムシ_compressed.pdf,52299895c14c1fd1c74279dca00f6fd9ba64d36d69e3bf3dd9c3a29a92802e77,efb17b5912fbb2c144dab4d99924dbc341e8f64054be7909dd7818cad155bef2,188,708-709,17496,クヌギ,ブナ科,exact_japanese_name,include,2026-07-11,原典画像（PDF p.188、冊子p.708-709）で「クヌギ」欄の「クロヒラタカミキリ」を確認。
kamikiri-host-index-184-191-0320,species-21908,ヨコヤマヒメカミキリ,ヨコヤマヒメカミキリ,日本産カミキリムシ,日本産カミキリムシ_compressed.pdf,52299895c14c1fd1c74279dca00f6fd9ba64d36d69e3bf3dd9c3a29a92802e77,efb17b5912fbb2c144dab4d99924dbc341e8f64054be7909dd7818cad155bef2,188,708-709,17496,クヌギ,ブナ科,exact_japanese_name,include,2026-07-11,原典画像（PDF p.188、冊子p.708-709）で「クヌギ」欄の「ヨコヤマヒメカミキリ」を確認。
kamikiri-host-index-184-191-0304,species-21924,キマダラカミキリ 基亜種,キマダラミヤマカミキリ,日本産カミキリムシ,日本産カミキリムシ_compressed.pdf,52299895c14c1fd1c74279dca00f6fd9ba64d36d69e3bf3dd9c3a29a92802e77,efb17b5912fbb2c144dab4d99924dbc341e8f64054be7909dd7818cad155bef2,188,708-709,17496,クヌギ,ブナ科,reviewed_source_crosswalk,include,2026-07-11,原典画像（PDF p.188、冊子p.708-709）で「クヌギ」欄の「キマダラミヤマカミキリ」を確認。原典名「キマダラミヤマカミキリ」を現行名「キマダラカミキリ 基亜種」へ照合。
kamikiri-host-index-184-191-0319,species-21933,ミヤマカミキリ,ミヤマカミキリ,日本産カミキリムシ,日本産カミキリムシ_compressed.pdf,52299895c14c1fd1c74279dca00f6fd9ba64d36d69e3bf3dd9c3a29a92802e77,efb17b5912fbb2c144dab4d99924dbc341e8f64054be7909dd7818cad155bef2,188,708-709,17496,クヌギ,ブナ科,exact_japanese_name,include,2026-07-11,原典画像（PDF p.188、冊子p.708-709）で「クヌギ」欄の「ミヤマカミキリ」を確認。
kamikiri-host-index-184-191-0316,species-21939,ホタルカミキリ,ホタルカミキリ,日本産カミキリムシ,日本産カミキリムシ_compressed.pdf,52299895c14c1fd1c74279dca00f6fd9ba64d36d69e3bf3dd9c3a29a92802e77,efb17b5912fbb2c144dab4d99924dbc341e8f64054be7909dd7818cad155bef2,188,708-709,17496,クヌギ,ブナ科,exact_japanese_name,include,2026-07-11,原典画像（PDF p.188、冊子p.708-709）で「クヌギ」欄の「ホタルカミキリ」を確認。
kamikiri-host-index-184-191-0303,species-21986,キイロトラカミキリ,キイロトラカミキリ,日本産カミキリムシ,日本産カミキリムシ_compressed.pdf,52299895c14c1fd1c74279dca00f6fd9ba64d36d69e3bf3dd9c3a29a92802e77,efb17b5912fbb2c144dab4d99924dbc341e8f64054be7909dd7818cad155bef2,188,708-709,17496,クヌギ,ブナ科,exact_japanese_name,include,2026-07-11,原典画像（PDF p.188、冊子p.708-709）で「クヌギ」欄の「キイロトラカミキリ」を確認。
kamikiri-host-index-184-191-0301,species-21988,エグリトラカミキリ,エグリトラカミキリ,日本産カミキリムシ,日本産カミキリムシ_compressed.pdf,52299895c14c1fd1c74279dca00f6fd9ba64d36d69e3bf3dd9c3a29a92802e77,efb17b5912fbb2c144dab4d99924dbc341e8f64054be7909dd7818cad155bef2,188,708-709,17496,クヌギ,ブナ科,exact_japanese_name,include,2026-07-11,原典画像（PDF p.188、冊子p.708-709）で「クヌギ」欄の「エグリトラカミキリ」を確認。
KDB-0084,species-21990,フタオビミドリトラカミキリ 基亜種,フタオビミドリトラカミキリ,日本産カミキリムシ,日本産カミキリムシ_compressed.pdf,52299895c14c1fd1c74279dca00f6fd9ba64d36d69e3bf3dd9c3a29a92802e77,efb17b5912fbb2c144dab4d99924dbc341e8f64054be7909dd7818cad155bef2,188,708-709,17496,クヌギ,ブナ科,exact_derived_base_name,needs_review,2026-07-11,索引と種解説PDF p.84はいずれも Chlorophorus muscosus の種レベル記述。現行insects.csvでは同種群が複数亜種に分かれるが、索引の寄主記録に産地がなく基亜種へ一意に帰属できない
kamikiri-host-index-184-191-0306,species-22015,コトラカミキリ,コトラカミキリ,日本産カミキリムシ,日本産カミキリムシ_compressed.pdf,52299895c14c1fd1c74279dca00f6fd9ba64d36d69e3bf3dd9c3a29a92802e77,efb17b5912fbb2c144dab4d99924dbc341e8f64054be7909dd7818cad155bef2,188,708-709,17496,クヌギ,ブナ科,exact_japanese_name,include,2026-07-11,原典画像（PDF p.188、冊子p.708-709）で「クヌギ」欄の「コトラカミキリ」を確認。
kamikiri-host-index-184-191-0300,species-22045,ウスイロトラカミキリ,ウスイロトラカミキリ,日本産カミキリムシ,日本産カミキリムシ_compressed.pdf,52299895c14c1fd1c74279dca00f6fd9ba64d36d69e3bf3dd9c3a29a92802e77,efb17b5912fbb2c144dab4d99924dbc341e8f64054be7909dd7818cad155bef2,188,708-709,17496,クヌギ,ブナ科,exact_japanese_name,include,2026-07-11,原典画像（PDF p.188、冊子p.708-709）で「クヌギ」欄の「ウスイロトラカミキリ」を確認。
kamikiri-host-index-184-191-0317,species-22065,マルクビケマダラカミキリ,マルクビケマダラカミキリ,日本産カミキリムシ,日本産カミキリムシ_compressed.pdf,52299895c14c1fd1c74279dca00f6fd9ba64d36d69e3bf3dd9c3a29a92802e77,efb17b5912fbb2c144dab4d99924dbc341e8f64054be7909dd7818cad155bef2,188,708-709,17496,クヌギ,ブナ科,exact_japanese_name,include,2026-07-11,原典画像（PDF p.188、冊子p.708-709）で「クヌギ」欄の「マルクビケマダラカミキリ」を確認。
kamikiri-host-index-184-191-0302,species-22129,カッコウメダカカミキリ,カッコウメダカカミキリ,日本産カミキリムシ,日本産カミキリムシ_compressed.pdf,52299895c14c1fd1c74279dca00f6fd9ba64d36d69e3bf3dd9c3a29a92802e77,efb17b5912fbb2c144dab4d99924dbc341e8f64054be7909dd7818cad155bef2,188,708-709,17496,クヌギ,ブナ科,exact_japanese_name,include,2026-07-11,原典画像（PDF p.188、冊子p.708-709）で「クヌギ」欄の「カッコウメダカカミキリ」を確認。
kamikiri-host-index-184-191-0314,species-22177,ベニカミキリ,ベニカミキリ,日本産カミキリムシ,日本産カミキリムシ_compressed.pdf,52299895c14c1fd1c74279dca00f6fd9ba64d36d69e3bf3dd9c3a29a92802e77,efb17b5912fbb2c144dab4d99924dbc341e8f64054be7909dd7818cad155bef2,188,708-709,17496,クヌギ,ブナ科,exact_japanese_name,include,2026-07-11,原典画像（PDF p.188、冊子p.708-709）で「クヌギ」欄の「ベニカミキリ」を確認。
kamikiri-host-index-184-191-0315,species-22278,ベニバハナカミキリ,ベニバハナカミキリ,日本産カミキリムシ,日本産カミキリムシ_compressed.pdf,52299895c14c1fd1c74279dca00f6fd9ba64d36d69e3bf3dd9c3a29a92802e77,efb17b5912fbb2c144dab4d99924dbc341e8f64054be7909dd7818cad155bef2,188,708-709,17496,クヌギ,ブナ科,exact_japanese_name,include,2026-07-11,原典画像（PDF p.188、冊子p.708-709）で「クヌギ」欄の「ベニバハナカミキリ」を確認。
kamikiri-host-index-184-191-0298,species-22299,アカハナカミキリ,アカハナカミキリ,日本産カミキリムシ,日本産カミキリムシ_compressed.pdf,52299895c14c1fd1c74279dca00f6fd9ba64d36d69e3bf3dd9c3a29a92802e77,efb17b5912fbb2c144dab4d99924dbc341e8f64054be7909dd7818cad155bef2,188,708-709,17496,クヌギ,ブナ科,reviewed_source_crosswalk,include,2026-07-11,原典画像（PDF p.188、冊子p.708-709）で「クヌギ」欄の「アカハナカミキリ」を確認。監査済み名対応表との一致を確認。
kamikiri-host-index-184-191-0311,species-22654,シロスジカミキリ,シロスジカミキリ,日本産カミキリムシ,日本産カミキリムシ_compressed.pdf,52299895c14c1fd1c74279dca00f6fd9ba64d36d69e3bf3dd9c3a29a92802e77,efb17b5912fbb2c144dab4d99924dbc341e8f64054be7909dd7818cad155bef2,188,708-709,17496,クヌギ,ブナ科,exact_japanese_name,include,2026-07-11,原典画像（PDF p.188、冊子p.708-709）で「クヌギ」欄の「シロスジカミキリ」を確認。
kamikiri-host-index-184-191-0313,species-22656,ハラアカコブカミキリ,ハラアカコブカミキリ,日本産カミキリムシ,日本産カミキリムシ_compressed.pdf,52299895c14c1fd1c74279dca00f6fd9ba64d36d69e3bf3dd9c3a29a92802e77,efb17b5912fbb2c144dab4d99924dbc341e8f64054be7909dd7818cad155bef2,188,708-709,17496,クヌギ,ブナ科,reviewed_source_crosswalk,include,2026-07-11,原典画像（PDF p.188、冊子p.708-709）で「クヌギ」欄の「ハラアカコブカミキリ」を確認。監査済み名対応表との一致を確認。
kamikiri-host-index-184-191-0307,species-22764,ゴマダラカミキリ,ゴマダラカミキリ,日本産カミキリムシ,日本産カミキリムシ_compressed.pdf,52299895c14c1fd1c74279dca00f6fd9ba64d36d69e3bf3dd9c3a29a92802e77,efb17b5912fbb2c144dab4d99924dbc341e8f64054be7909dd7818cad155bef2,188,708-709,17496,クヌギ,ブナ科,exact_japanese_name,include,2026-07-11,原典画像（PDF p.188、冊子p.708-709）で「クヌギ」欄の「ゴマダラカミキリ」を確認。
kamikiri-host-index-184-191-0308,species-22871,ゴマフカミキリ,ゴマフカミキリ,日本産カミキリムシ,日本産カミキリムシ_compressed.pdf,52299895c14c1fd1c74279dca00f6fd9ba64d36d69e3bf3dd9c3a29a92802e77,efb17b5912fbb2c144dab4d99924dbc341e8f64054be7909dd7818cad155bef2,188,708-709,17496,クヌギ,ブナ科,exact_japanese_name,include,2026-07-11,原典画像（PDF p.188、冊子p.708-709）で「クヌギ」欄の「ゴマフカミキリ」を確認。
KDB-0085,species-22890,カタシロゴマフカミキリ 基亜種,カタシロゴマフカミキリ,日本産カミキリムシ,日本産カミキリムシ_compressed.pdf,52299895c14c1fd1c74279dca00f6fd9ba64d36d69e3bf3dd9c3a29a92802e77,efb17b5912fbb2c144dab4d99924dbc341e8f64054be7909dd7818cad155bef2,188,708-709,17496,クヌギ,ブナ科,exact_derived_base_name,include,2026-07-11,索引PDF p.188で学名が基亜種として明示され、種解説PDF p.94の基亜種見出しおよび normalized_data/insects.csv の同種群と一致
kamikiri-host-index-184-191-0299,species-22972,アトジロサビカミキリ,アトジロサビカミキリ,日本産カミキリムシ,日本産カミキリムシ_compressed.pdf,52299895c14c1fd1c74279dca00f6fd9ba64d36d69e3bf3dd9c3a29a92802e77,efb17b5912fbb2c144dab4d99924dbc341e8f64054be7909dd7818cad155bef2,188,708-709,17496,クヌギ,ブナ科,exact_japanese_name,include,2026-07-11,原典画像（PDF p.188、冊子p.708-709）で「クヌギ」欄の「アトジロサビカミキリ」を確認。
kamikiri-host-index-184-191-0310,species-22982,シラホシキクスイカミキリ,シラホシキクスイカミキリ,日本産カミキリムシ,日本産カミキリムシ_compressed.pdf,52299895c14c1fd1c74279dca00f6fd9ba64d36d69e3bf3dd9c3a29a92802e77,efb17b5912fbb2c144dab4d99924dbc341e8f64054be7909dd7818cad155bef2,188,708-709,17496,クヌギ,ブナ科,exact_japanese_name,include,2026-07-11,原典画像（PDF p.188、冊子p.708-709）で「クヌギ」欄の「シラホシキクスイカミキリ」を確認。
kamikiri-host-index-184-191-0309,species-22984,ジュウモンジニセリンゴカミキリ,ジュウモンジニセリンゴカミキリ,日本産カミキリムシ,日本産カミキリムシ_compressed.pdf,52299895c14c1fd1c74279dca00f6fd9ba64d36d69e3bf3dd9c3a29a92802e77,efb17b5912fbb2c144dab4d99924dbc341e8f64054be7909dd7818cad155bef2,188,708-709,17496,クヌギ,ブナ科,exact_japanese_name,include,2026-07-11,原典画像（PDF p.188、冊子p.708-709）で「クヌギ」欄の「ジュウモンジニセリンゴカミキリ」を確認。
kamikiri-host-index-184-191-0312,species-22985,セミスジニセリンゴカミキリ,セミスジニセリンゴカミキリ,日本産カミキリムシ,日本産カミキリムシ_compressed.pdf,52299895c14c1fd1c74279dca00f6fd9ba64d36d69e3bf3dd9c3a29a92802e77,efb17b5912fbb2c144dab4d99924dbc341e8f64054be7909dd7818cad155bef2,188,708-709,17496,クヌギ,ブナ科,exact_japanese_name,include,2026-07-11,原典画像（PDF p.188、冊子p.708-709）で「クヌギ」欄の「セミスジニセリンゴカミキリ」を確認。
KDB-0086,species-23007,シラホシカミキリ 基亜種,シラホシカミキリ,日本産カミキリムシ,日本産カミキリムシ_compressed.pdf,52299895c14c1fd1c74279dca00f6fd9ba64d36d69e3bf3dd9c3a29a92802e77,efb17b5912fbb2c144dab4d99924dbc341e8f64054be7909dd7818cad155bef2,188,708-709,17496,クヌギ,ブナ科,exact_derived_base_name,include,2026-07-11,索引PDF p.188で学名が基亜種として明示され、種解説PDF p.165の基亜種見出しおよび normalized_data/insects.csv の同種群と一致
kamikiri-host-index-184-191-0335,species-21896,ヨツボシチビヒラタカミキリ,ヨツボシチビヒラタカミキリ,日本産カミキリムシ,日本産カミキリムシ_compressed.pdf,52299895c14c1fd1c74279dca00f6fd9ba64d36d69e3bf3dd9c3a29a92802e77,efb17b5912fbb2c144dab4d99924dbc341e8f64054be7909dd7818cad155bef2,188,708-709,17525,ナラガシワ,ブナ科,exact_japanese_name,include,2026-07-11,原典画像（PDF p.188、冊子p.708-709）で「ナラガシワ」欄の「ヨツボシチビヒラタカミキリ」を確認。
KDB-0087,species-21900,スギカミキリ 基亜種,スギカミキリ,日本産カミキリムシ,日本産カミキリムシ_compressed.pdf,52299895c14c1fd1c74279dca00f6fd9ba64d36d69e3bf3dd9c3a29a92802e77,efb17b5912fbb2c144dab4d99924dbc341e8f64054be7909dd7818cad155bef2,188,708-709,17525,ナラガシワ,ブナ科,exact_derived_base_name,exclude_ocr_or_boundary,2026-07-11,索引画像の実記載は「ヒメスギカミキリ Callidiellum rufipenne ?」。段組みOCRで語尾「スギカミキリ」だけが候補IDへ誤照合されたため除外
kamikiri-host-index-184-191-0323,species-21924,キマダラカミキリ 基亜種,キマダラミヤマカミキリ,日本産カミキリムシ,日本産カミキリムシ_compressed.pdf,52299895c14c1fd1c74279dca00f6fd9ba64d36d69e3bf3dd9c3a29a92802e77,efb17b5912fbb2c144dab4d99924dbc341e8f64054be7909dd7818cad155bef2,188,708-709,17525,ナラガシワ,ブナ科,reviewed_source_crosswalk,include,2026-07-11,原典画像（PDF p.188、冊子p.708-709）で「ナラガシワ」欄の「キマダラミヤマカミキリ」を確認。原典名「キマダラミヤマカミキリ」を現行名「キマダラカミキリ 基亜種」へ照合。
kamikiri-host-index-184-191-0332,species-21933,ミヤマカミキリ,ミヤマカミキリ,日本産カミキリムシ,日本産カミキリムシ_compressed.pdf,52299895c14c1fd1c74279dca00f6fd9ba64d36d69e3bf3dd9c3a29a92802e77,efb17b5912fbb2c144dab4d99924dbc341e8f64054be7909dd7818cad155bef2,188,708-709,17525,ナラガシワ,ブナ科,exact_japanese_name,include,2026-07-11,原典画像（PDF p.188、冊子p.708-709）で「ナラガシワ」欄の「ミヤマカミキリ」を確認。
kamikiri-host-index-184-191-0324,species-21973,キンケトラカミキリ,キンケトラカミキリ,日本産カミキリムシ,日本産カミキリムシ_compressed.pdf,52299895c14c1fd1c74279dca00f6fd9ba64d36d69e3bf3dd9c3a29a92802e77,efb17b5912fbb2c144dab4d99924dbc341e8f64054be7909dd7818cad155bef2,188,708-709,17525,ナラガシワ,ブナ科,exact_japanese_name,include,2026-07-11,原典画像（PDF p.188、冊子p.708-709）で「ナラガシワ」欄の「キンケトラカミキリ」を確認。
kamikiri-host-index-184-191-0329,species-21974,シラケトラカミキリ,シラケトラカミキリ,日本産カミキリムシ,日本産カミキリムシ_compressed.pdf,52299895c14c1fd1c74279dca00f6fd9ba64d36d69e3bf3dd9c3a29a92802e77,efb17b5912fbb2c144dab4d99924dbc341e8f64054be7909dd7818cad155bef2,188,708-709,17525,ナラガシワ,ブナ科,exact_japanese_name,include,2026-07-11,原典画像（PDF p.188、冊子p.708-709）で「ナラガシワ」欄の「シラケトラカミキリ」を確認。
kamikiri-host-index-184-191-0327,species-22015,コトラカミキリ,コトラカミキリ,日本産カミキリムシ,日本産カミキリムシ_compressed.pdf,52299895c14c1fd1c74279dca00f6fd9ba64d36d69e3bf3dd9c3a29a92802e77,efb17b5912fbb2c144dab4d99924dbc341e8f64054be7909dd7818cad155bef2,188,708-709,17525,ナラガシワ,ブナ科,exact_japanese_name,include,2026-07-11,原典画像（PDF p.188、冊子p.708-709）で「ナラガシワ」欄の「コトラカミキリ」を確認。
kamikiri-host-index-184-191-0330,species-22053,ズマルトラカミキリ,ズマルトラカミキリ,日本産カミキリムシ,日本産カミキリムシ_compressed.pdf,52299895c14c1fd1c74279dca00f6fd9ba64d36d69e3bf3dd9c3a29a92802e77,efb17b5912fbb2c144dab4d99924dbc341e8f64054be7909dd7818cad155bef2,188,708-709,17525,ナラガシワ,ブナ科,exact_japanese_name,include,2026-07-11,原典画像（PDF p.188、冊子p.708-709）で「ナラガシワ」欄の「ズマルトラカミキリ」を確認。
kamikiri-host-index-184-191-0333,species-22173,ムモンベニカミキリ,ムモンベニカミキリ,日本産カミキリムシ,日本産カミキリムシ_compressed.pdf,52299895c14c1fd1c74279dca00f6fd9ba64d36d69e3bf3dd9c3a29a92802e77,efb17b5912fbb2c144dab4d99924dbc341e8f64054be7909dd7818cad155bef2,188,708-709,17525,ナラガシワ,ブナ科,exact_japanese_name,include,2026-07-11,原典画像（PDF p.188、冊子p.708-709）で「ナラガシワ」欄の「ムモンベニカミキリ」を確認。
kamikiri-host-index-184-191-0334,species-22175,モンクロベニカミキリ,モンクロベニカミキリ,日本産カミキリムシ,日本産カミキリムシ_compressed.pdf,52299895c14c1fd1c74279dca00f6fd9ba64d36d69e3bf3dd9c3a29a92802e77,efb17b5912fbb2c144dab4d99924dbc341e8f64054be7909dd7818cad155bef2,188,708-709,17525,ナラガシワ,ブナ科,exact_japanese_name,include,2026-07-11,原典画像（PDF p.188、冊子p.708-709）で「ナラガシワ」欄の「モンクロベニカミキリ」を確認。
KDB-0089,species-22251,ヨツスジハナカミキリ 基亜種,ヨツスジハナカミキリ,日本産カミキリムシ,日本産カミキリムシ_compressed.pdf,52299895c14c1fd1c74279dca00f6fd9ba64d36d69e3bf3dd9c3a29a92802e77,efb17b5912fbb2c144dab4d99924dbc341e8f64054be7909dd7818cad155bef2,188,708-709,17525,ナラガシワ,ブナ科,exact_derived_base_name,include,2026-07-11,索引PDF p.188で学名が基亜種として明示され、種解説PDF p.37の基亜種見出しおよび normalized_data/insects.csv の同種群と一致
KDB-0088,species-22577,キクスイモドキカミキリ 基亜種,キクスイモドキカミキリ,日本産カミキリムシ,日本産カミキリムシ_compressed.pdf,52299895c14c1fd1c74279dca00f6fd9ba64d36d69e3bf3dd9c3a29a92802e77,efb17b5912fbb2c144dab4d99924dbc341e8f64054be7909dd7818cad155bef2,188,708-709,17525,ナラガシワ,ブナ科,exact_derived_base_name,needs_review,2026-07-11,索引と種解説PDF p.98はいずれも Asaperda rufipes の種レベル記述。現行insects.csvでは同種群が複数亜種に分かれるが、索引の寄主記録に産地がなく基亜種へ一意に帰属できない
KDB-0091,species-22843,セミスジコブヒゲカミキリ 基亜種,セミスジコブヒゲカミキリ,日本産カミキリムシ,日本産カミキリムシ_compressed.pdf,52299895c14c1fd1c74279dca00f6fd9ba64d36d69e3bf3dd9c3a29a92802e77,efb17b5912fbb2c144dab4d99924dbc341e8f64054be7909dd7818cad155bef2,188,708-709,17525,ナラガシワ,ブナ科,exact_derived_base_name,include,2026-07-11,索引PDF p.188で学名が基亜種として明示され、種解説PDF p.140の基亜種見出しおよび normalized_data/insects.csv の同種群と一致
kamikiri-host-index-184-191-0328,species-22871,ゴマフカミキリ,ゴマフカミキリ,日本産カミキリムシ,日本産カミキリムシ_compressed.pdf,52299895c14c1fd1c74279dca00f6fd9ba64d36d69e3bf3dd9c3a29a92802e77,efb17b5912fbb2c144dab4d99924dbc341e8f64054be7909dd7818cad155bef2,188,708-709,17525,ナラガシワ,ブナ科,exact_japanese_name,include,2026-07-11,原典画像（PDF p.188、冊子p.708-709）で「ナラガシワ」欄の「ゴマフカミキリ」を確認。
KDB-0090,species-22890,カタシロゴマフカミキリ 基亜種,カタシロゴマフカミキリ,日本産カミキリムシ,日本産カミキリムシ_compressed.pdf,52299895c14c1fd1c74279dca00f6fd9ba64d36d69e3bf3dd9c3a29a92802e77,efb17b5912fbb2c144dab4d99924dbc341e8f64054be7909dd7818cad155bef2,188,708-709,17525,ナラガシワ,ブナ科,exact_derived_base_name,include,2026-07-11,索引PDF p.188で学名が基亜種として明示され、種解説PDF p.94の基亜種見出しおよび normalized_data/insects.csv の同種群と一致
kamikiri-host-index-184-191-0325,species-22910,クモガタケシカミキリ,クモガタケシカミキリ,日本産カミキリムシ,日本産カミキリムシ_compressed.pdf,52299895c14c1fd1c74279dca00f6fd9ba64d36d69e3bf3dd9c3a29a92802e77,efb17b5912fbb2c144dab4d99924dbc341e8f64054be7909dd7818cad155bef2,188,708-709,17525,ナラガシワ,ブナ科,exact_japanese_name,include,2026-07-11,原典画像（PDF p.188、冊子p.708-709）で「ナラガシワ」欄の「クモガタケシカミキリ」を確認。
kamikiri-host-index-184-191-0331,species-22960,マルモンサビカミキリ,マルモンサビカミキリ,日本産カミキリムシ,日本産カミキリムシ_compressed.pdf,52299895c14c1fd1c74279dca00f6fd9ba64d36d69e3bf3dd9c3a29a92802e77,efb17b5912fbb2c144dab4d99924dbc341e8f64054be7909dd7818cad155bef2,188,708-709,17525,ナラガシワ,ブナ科,exact_japanese_name,include,2026-07-11,原典画像（PDF p.188、冊子p.708-709）で「ナラガシワ」欄の「マルモンサビカミキリ」を確認。
kamikiri-host-index-184-191-0326,species-22962,クリサビカミキリ,クリサビカミキリ,日本産カミキリムシ,日本産カミキリムシ_compressed.pdf,52299895c14c1fd1c74279dca00f6fd9ba64d36d69e3bf3dd9c3a29a92802e77,efb17b5912fbb2c144dab4d99924dbc341e8f64054be7909dd7818cad155bef2,188,708-709,17525,ナラガシワ,ブナ科,exact_japanese_name,include,2026-07-11,原典画像（PDF p.188、冊子p.708-709）で「ナラガシワ」欄の「クリサビカミキリ」を確認。
kamikiri-host-index-184-191-0322,species-22972,アトジロサビカミキリ,アトジロサビカミキリ,日本産カミキリムシ,日本産カミキリムシ_compressed.pdf,52299895c14c1fd1c74279dca00f6fd9ba64d36d69e3bf3dd9c3a29a92802e77,efb17b5912fbb2c144dab4d99924dbc341e8f64054be7909dd7818cad155bef2,188,708-709,17525,ナラガシワ,ブナ科,exact_japanese_name,include,2026-07-11,原典画像（PDF p.188、冊子p.708-709）で「ナラガシワ」欄の「アトジロサビカミキリ」を確認。
kamikiri-host-index-184-191-0348,species-21877,ミドリカミキリ,ミドリカミキリ,日本産カミキリムシ,日本産カミキリムシ_compressed.pdf,52299895c14c1fd1c74279dca00f6fd9ba64d36d69e3bf3dd9c3a29a92802e77,efb17b5912fbb2c144dab4d99924dbc341e8f64054be7909dd7818cad155bef2,188,708-709,17545,アラカシ,ブナ科,exact_japanese_name,include,2026-07-11,原典画像（PDF p.188、冊子p.708-709）で「アラカシ」欄の「ミドリカミキリ」を確認。
kamikiri-host-index-184-191-0343,species-21916,テツイロヒメカミキリ,テツイロヒメカミキリ,日本産カミキリムシ,日本産カミキリムシ_compressed.pdf,52299895c14c1fd1c74279dca00f6fd9ba64d36d69e3bf3dd9c3a29a92802e77,efb17b5912fbb2c144dab4d99924dbc341e8f64054be7909dd7818cad155bef2,188,708-709,17545,アラカシ,ブナ科,exact_japanese_name,include,2026-07-11,原典画像（PDF p.188、冊子p.708-709）で「アラカシ」欄の「テツイロヒメカミキリ」を確認。
kamikiri-host-index-184-191-0349,species-21923,ヨツボシカミキリ,ヨツボシカミキリ,日本産カミキリムシ,日本産カミキリムシ_compressed.pdf,52299895c14c1fd1c74279dca00f6fd9ba64d36d69e3bf3dd9c3a29a92802e77,efb17b5912fbb2c144dab4d99924dbc341e8f64054be7909dd7818cad155bef2,188,708-709,17545,アラカシ,ブナ科,exact_japanese_name,include,2026-07-11,原典画像（PDF p.188、冊子p.708-709）で「アラカシ」欄の「ヨツボシカミキリ」を確認。
kamikiri-host-index-184-191-0339,species-21924,キマダラカミキリ 基亜種,キマダラミヤマカミキリ,日本産カミキリムシ,日本産カミキリムシ_compressed.pdf,52299895c14c1fd1c74279dca00f6fd9ba64d36d69e3bf3dd9c3a29a92802e77,efb17b5912fbb2c144dab4d99924dbc341e8f64054be7909dd7818cad155bef2,188,708-709,17545,アラカシ,ブナ科,reviewed_source_crosswalk,include,2026-07-11,原典画像（PDF p.188、冊子p.708-709）で「アラカシ」欄の「キマダラミヤマカミキリ」を確認。原典名「キマダラミヤマカミキリ」を現行名「キマダラカミキリ 基亜種」へ照合。
kamikiri-host-index-184-191-0347,species-21939,ホタルカミキリ,ホタルカミキリ,日本産カミキリムシ,日本産カミキリムシ_compressed.pdf,52299895c14c1fd1c74279dca00f6fd9ba64d36d69e3bf3dd9c3a29a92802e77,efb17b5912fbb2c144dab4d99924dbc341e8f64054be7909dd7818cad155bef2,188,708-709,17545,アラカシ,ブナ科,exact_japanese_name,include,2026-07-11,原典画像（PDF p.188、冊子p.708-709）で「アラカシ」欄の「ホタルカミキリ」を確認。
kamikiri-host-index-184-191-0337,species-21988,エグリトラカミキリ,エグリトラカミキリ,日本産カミキリムシ,日本産カミキリムシ_compressed.pdf,52299895c14c1fd1c74279dca00f6fd9ba64d36d69e3bf3dd9c3a29a92802e77,efb17b5912fbb2c144dab4d99924dbc341e8f64054be7909dd7818cad155bef2,188,708-709,17545,アラカシ,ブナ科,exact_japanese_name,include,2026-07-11,原典画像（PDF p.188、冊子p.708-709）で「アラカシ」欄の「エグリトラカミキリ」を確認。
KDB-0092,species-22022,ヒメクロトラカミキリ 基亜種,ヒメクロトラカミキリ,日本産カミキリムシ,日本産カミキリムシ_compressed.pdf,52299895c14c1fd1c74279dca00f6fd9ba64d36d69e3bf3dd9c3a29a92802e77,efb17b5912fbb2c144dab4d99924dbc341e8f64054be7909dd7818cad155bef2,188,708-709,17545,アラカシ,ブナ科,exact_derived_base_name,include,2026-07-11,索引PDF p.188で学名が基亜種として明示され、種解説PDF p.85の基亜種見出しおよび normalized_data/insects.csv の同種群と一致
kamikiri-host-index-184-191-0336,species-22045,ウスイロトラカミキリ,ウスイロトラカミキリ,日本産カミキリムシ,日本産カミキリムシ_compressed.pdf,52299895c14c1fd1c74279dca00f6fd9ba64d36d69e3bf3dd9c3a29a92802e77,efb17b5912fbb2c144dab4d99924dbc341e8f64054be7909dd7818cad155bef2,188,708-709,17545,アラカシ,ブナ科,exact_japanese_name,include,2026-07-11,原典画像（PDF p.188、冊子p.708-709）で「アラカシ」欄の「ウスイロトラカミキリ」を確認。
kamikiri-host-index-184-191-0345,species-22046,ニイジマトラカミキリ,ニイジマトラカミキリ,日本産カミキリムシ,日本産カミキリムシ_compressed.pdf,52299895c14c1fd1c74279dca00f6fd9ba64d36d69e3bf3dd9c3a29a92802e77,efb17b5912fbb2c144dab4d99924dbc341e8f64054be7909dd7818cad155bef2,188,708-709,17545,アラカシ,ブナ科,exact_japanese_name,include,2026-07-11,原典画像（PDF p.188、冊子p.708-709）で「アラカシ」欄の「ニイジマトラカミキリ」を確認。
kamikiri-host-index-184-191-0342,species-22244,ツマグロハナカミキリ,ツマグロハナカミキリ,日本産カミキリムシ,日本産カミキリムシ_compressed.pdf,52299895c14c1fd1c74279dca00f6fd9ba64d36d69e3bf3dd9c3a29a92802e77,efb17b5912fbb2c144dab4d99924dbc341e8f64054be7909dd7818cad155bef2,188,708-709,17545,アラカシ,ブナ科,reviewed_source_crosswalk,include,2026-07-11,原典画像（PDF p.188、冊子p.708-709）で「アラカシ」欄の「ツマグロハナカミキリ」を確認。監査済み名対応表との一致を確認。
kamikiri-host-index-184-191-0344,species-22515,トゲバカミキリ,トゲバカミキリ,日本産カミキリムシ,日本産カミキリムシ_compressed.pdf,52299895c14c1fd1c74279dca00f6fd9ba64d36d69e3bf3dd9c3a29a92802e77,efb17b5912fbb2c144dab4d99924dbc341e8f64054be7909dd7818cad155bef2,188,708-709,17545,アラカシ,ブナ科,exact_japanese_name,include,2026-07-11,原典画像（PDF p.188、冊子p.708-709）で「アラカシ」欄の「トゲバカミキリ」を確認。
kamikiri-host-index-184-191-0346,species-22589,ヒメアヤモンチビカミキリ,ヒメアヤモンチビカミキリ,日本産カミキリムシ,日本産カミキリムシ_compressed.pdf,52299895c14c1fd1c74279dca00f6fd9ba64d36d69e3bf3dd9c3a29a92802e77,efb17b5912fbb2c144dab4d99924dbc341e8f64054be7909dd7818cad155bef2,188,708-709,17545,アラカシ,ブナ科,exact_japanese_name,include,2026-07-11,原典画像（PDF p.188、冊子p.708-709）で「アラカシ」欄の「ヒメアヤモンチビカミキリ」を確認。
kamikiri-host-index-184-191-0340,species-22642,シロオビチビカミキリ 基亜種,シロオビチビカミキリ,日本産カミキリムシ,日本産カミキリムシ_compressed.pdf,52299895c14c1fd1c74279dca00f6fd9ba64d36d69e3bf3dd9c3a29a92802e77,efb17b5912fbb2c144dab4d99924dbc341e8f64054be7909dd7818cad155bef2,188,708-709,17545,アラカシ,ブナ科,reviewed_source_crosswalk,include,2026-07-11,原典画像（PDF p.188、冊子p.708-709）で「アラカシ」欄の「シロオビチビカミキリ」を確認。原典名「シロオビチビカミキリ」を現行名「シロオビチビカミキリ 基亜種」へ照合。
kamikiri-host-index-184-191-0341,species-22861,チャボヒゲナガカミキリ,チャボヒゲナガカミキリ,日本産カミキリムシ,日本産カミキリムシ_compressed.pdf,52299895c14c1fd1c74279dca00f6fd9ba64d36d69e3bf3dd9c3a29a92802e77,efb17b5912fbb2c144dab4d99924dbc341e8f64054be7909dd7818cad155bef2,188,708-709,17545,アラカシ,ブナ科,exact_japanese_name,include,2026-07-11,原典画像（PDF p.188、冊子p.708-709）で「アラカシ」欄の「チャボヒゲナガカミキリ」を確認。
kamikiri-host-index-184-191-0338,species-22912,ガロアケシカミキリ,ガロアケシカミキリ,日本産カミキリムシ,日本産カミキリムシ_compressed.pdf,52299895c14c1fd1c74279dca00f6fd9ba64d36d69e3bf3dd9c3a29a92802e77,efb17b5912fbb2c144dab4d99924dbc341e8f64054be7909dd7818cad155bef2,188,708-709,17545,アラカシ,ブナ科,exact_japanese_name,include,2026-07-11,原典画像（PDF p.188、冊子p.708-709）で「アラカシ」欄の「ガロアケシカミキリ」を確認。
KDB-0093,species-22994,リュウキュウルリボシカミキリ 基亜種,リュウキュウルリボシカミキリ,日本産カミキリムシ,日本産カミキリムシ_compressed.pdf,52299895c14c1fd1c74279dca00f6fd9ba64d36d69e3bf3dd9c3a29a92802e77,efb17b5912fbb2c144dab4d99924dbc341e8f64054be7909dd7818cad155bef2,188,708-709,17545,アラカシ,ブナ科,exact_derived_base_name,include,2026-07-11,索引PDF p.188で学名が基亜種として明示され、種解説PDF p.165の基亜種見出しおよび normalized_data/insects.csv の同種群と一致
kamikiri-host-index-184-191-0351,species-21874,オオシマミドリカミキリ,オオシマミドリカミキリ,日本産カミキリムシ,日本産カミキリムシ_compressed.pdf,52299895c14c1fd1c74279dca00f6fd9ba64d36d69e3bf3dd9c3a29a92802e77,efb17b5912fbb2c144dab4d99924dbc341e8f64054be7909dd7818cad155bef2,188,708-709,17559,オキナワウラジロガシ,ブナ科,exact_japanese_name,include,2026-07-11,OCR植物見出しの境界誤りを原典画像で訂正: アラカシ→オキナワウラジロガシ。原典画像（PDF p.188、冊子p.708-709）で「オキナワウラジロガシ」欄の「オオシマミドリカミキリ」を確認。
kamikiri-host-index-184-191-0350,species-22064,イエカミキリ,イエカミキリ,日本産カミキリムシ,日本産カミキリムシ_compressed.pdf,52299895c14c1fd1c74279dca00f6fd9ba64d36d69e3bf3dd9c3a29a92802e77,efb17b5912fbb2c144dab4d99924dbc341e8f64054be7909dd7818cad155bef2,188,708-709,17559,オキナワウラジロガシ,ブナ科,exact_japanese_name,include,2026-07-11,OCR植物見出しの境界誤りを原典画像で訂正: アラカシ→オキナワウラジロガシ。原典画像（PDF p.188、冊子p.708-709）で「オキナワウラジロガシ」欄の「イエカミキリ」を確認。
KDB-0094,1-1,ウスバカミキリ 基亜種,ウスバカミキリ,日本産カミキリムシ,日本産カミキリムシ_compressed.pdf,52299895c14c1fd1c74279dca00f6fd9ba64d36d69e3bf3dd9c3a29a92802e77,efb17b5912fbb2c144dab4d99924dbc341e8f64054be7909dd7818cad155bef2,189,710-711,17568,ミズナラ,ブナ科,exact_derived_base_name,include,2026-07-11,索引PDF p.189で学名が基亜種として明示され、種解説PDF p.4の基亜種見出しおよび normalized_data/insects.csv の同種群と一致
KDB-0095,4-1,コバネカミキリ 基亜種,コバネカミキリ,日本産カミキリムシ,日本産カミキリムシ_compressed.pdf,52299895c14c1fd1c74279dca00f6fd9ba64d36d69e3bf3dd9c3a29a92802e77,efb17b5912fbb2c144dab4d99924dbc341e8f64054be7909dd7818cad155bef2,189,710-711,17568,ミズナラ,ブナ科,exact_derived_base_name,include,2026-07-11,索引PDF p.189で学名が基亜種として明示され、種解説PDF p.6の基亜種見出しおよび normalized_data/insects.csv の同種群と一致
kamikiri-host-index-184-191-0381,species-21858,マツシタトラカミキリ,マツシタトラカミキリ,日本産カミキリムシ,日本産カミキリムシ_compressed.pdf,52299895c14c1fd1c74279dca00f6fd9ba64d36d69e3bf3dd9c3a29a92802e77,efb17b5912fbb2c144dab4d99924dbc341e8f64054be7909dd7818cad155bef2,189,710-711,17568,ミズナラ,ブナ科,exact_japanese_name,include,2026-07-11,原典画像（PDF p.189、冊子p.710-711）で「ミズナラ」欄の「マツシタトラカミキリ」を確認。
kamikiri-host-index-184-191-0366,species-21868,シロトラカミキリ,シロトラカミキリ,日本産カミキリムシ,日本産カミキリムシ_compressed.pdf,52299895c14c1fd1c74279dca00f6fd9ba64d36d69e3bf3dd9c3a29a92802e77,efb17b5912fbb2c144dab4d99924dbc341e8f64054be7909dd7818cad155bef2,189,710-711,17568,ミズナラ,ブナ科,exact_japanese_name,include,2026-07-11,原典画像（PDF p.189、冊子p.710-711）で「ミズナラ」欄の「シロトラカミキリ」を確認。
kamikiri-host-index-184-191-0384,species-21877,ミドリカミキリ,ミドリカミキリ,日本産カミキリムシ,日本産カミキリムシ_compressed.pdf,52299895c14c1fd1c74279dca00f6fd9ba64d36d69e3bf3dd9c3a29a92802e77,efb17b5912fbb2c144dab4d99924dbc341e8f64054be7909dd7818cad155bef2,189,710-711,17568,ミズナラ,ブナ科,exact_japanese_name,include,2026-07-11,原典画像（PDF p.189、冊子p.710-711）で「ミズナラ」欄の「ミドリカミキリ」を確認。
kamikiri-host-index-184-191-0387,species-21896,ヨツボシチビヒラタカミキリ,ヨツボシチビヒラタカミキリ,日本産カミキリムシ,日本産カミキリムシ_compressed.pdf,52299895c14c1fd1c74279dca00f6fd9ba64d36d69e3bf3dd9c3a29a92802e77,efb17b5912fbb2c144dab4d99924dbc341e8f64054be7909dd7818cad155bef2,189,710-711,17568,ミズナラ,ブナ科,exact_japanese_name,include,2026-07-11,原典画像（PDF p.189、冊子p.710-711）で「ミズナラ」欄の「ヨツボシチビヒラタカミキリ」を確認。
kamikiri-host-index-184-191-0386,species-21923,ヨツボシカミキリ,ヨツボシカミキリ,日本産カミキリムシ,日本産カミキリムシ_compressed.pdf,52299895c14c1fd1c74279dca00f6fd9ba64d36d69e3bf3dd9c3a29a92802e77,efb17b5912fbb2c144dab4d99924dbc341e8f64054be7909dd7818cad155bef2,189,710-711,17568,ミズナラ,ブナ科,exact_japanese_name,include,2026-07-11,原典画像（PDF p.189、冊子p.710-711）で「ミズナラ」欄の「ヨツボシカミキリ」を確認。
kamikiri-host-index-184-191-0385,species-21933,ミヤマカミキリ,ミヤマカミキリ,日本産カミキリムシ,日本産カミキリムシ_compressed.pdf,52299895c14c1fd1c74279dca00f6fd9ba64d36d69e3bf3dd9c3a29a92802e77,efb17b5912fbb2c144dab4d99924dbc341e8f64054be7909dd7818cad155bef2,189,710-711,17568,ミズナラ,ブナ科,exact_japanese_name,include,2026-07-11,原典画像（PDF p.189、冊子p.710-711）で「ミズナラ」欄の「ミヤマカミキリ」を確認。
kamikiri-host-index-184-191-0358,species-21973,キンケトラカミキリ,キンケトラカミキリ,日本産カミキリムシ,日本産カミキリムシ_compressed.pdf,52299895c14c1fd1c74279dca00f6fd9ba64d36d69e3bf3dd9c3a29a92802e77,efb17b5912fbb2c144dab4d99924dbc341e8f64054be7909dd7818cad155bef2,189,710-711,17568,ミズナラ,ブナ科,exact_japanese_name,include,2026-07-11,原典画像（PDF p.189、冊子p.710-711）で「ミズナラ」欄の「キンケトラカミキリ」を確認。
kamikiri-host-index-184-191-0362,species-21974,シラケトラカミキリ,シラケトラカミキリ,日本産カミキリムシ,日本産カミキリムシ_compressed.pdf,52299895c14c1fd1c74279dca00f6fd9ba64d36d69e3bf3dd9c3a29a92802e77,efb17b5912fbb2c144dab4d99924dbc341e8f64054be7909dd7818cad155bef2,189,710-711,17568,ミズナラ,ブナ科,exact_japanese_name,include,2026-07-11,原典画像（PDF p.189、冊子p.710-711）で「ミズナラ」欄の「シラケトラカミキリ」を確認。
kamikiri-host-index-184-191-0364,species-21975,シロオビトラカミキリ,シロオビトラカミキリ,日本産カミキリムシ,日本産カミキリムシ_compressed.pdf,52299895c14c1fd1c74279dca00f6fd9ba64d36d69e3bf3dd9c3a29a92802e77,efb17b5912fbb2c144dab4d99924dbc341e8f64054be7909dd7818cad155bef2,189,710-711,17568,ミズナラ,ブナ科,exact_japanese_name,include,2026-07-11,原典画像（PDF p.189、冊子p.710-711）で「ミズナラ」欄の「シロオビトラカミキリ」を確認。
kamikiri-host-index-184-191-0356,species-21976,キスジトラカミキリ,キスジトラカミキリ,日本産カミキリムシ,日本産カミキリムシ_compressed.pdf,52299895c14c1fd1c74279dca00f6fd9ba64d36d69e3bf3dd9c3a29a92802e77,efb17b5912fbb2c144dab4d99924dbc341e8f64054be7909dd7818cad155bef2,189,710-711,17568,ミズナラ,ブナ科,exact_japanese_name,include,2026-07-11,原典画像（PDF p.189、冊子p.710-711）で「ミズナラ」欄の「キスジトラカミキリ」を確認。
kamikiri-host-index-184-191-0354,species-21988,エグリトラカミキリ,エグリトラカミキリ,日本産カミキリムシ,日本産カミキリムシ_compressed.pdf,52299895c14c1fd1c74279dca00f6fd9ba64d36d69e3bf3dd9c3a29a92802e77,efb17b5912fbb2c144dab4d99924dbc341e8f64054be7909dd7818cad155bef2,189,710-711,17568,ミズナラ,ブナ科,exact_japanese_name,include,2026-07-11,原典画像（PDF p.189、冊子p.710-711）で「ミズナラ」欄の「エグリトラカミキリ」を確認。
kamikiri-host-index-184-191-0360,species-22015,コトラカミキリ,コトラカミキリ,日本産カミキリムシ,日本産カミキリムシ_compressed.pdf,52299895c14c1fd1c74279dca00f6fd9ba64d36d69e3bf3dd9c3a29a92802e77,efb17b5912fbb2c144dab4d99924dbc341e8f64054be7909dd7818cad155bef2,189,710-711,17568,ミズナラ,ブナ科,exact_japanese_name,include,2026-07-11,原典画像（PDF p.189、冊子p.710-711）で「ミズナラ」欄の「コトラカミキリ」を確認。
KDB-0100,species-22016,カンボウトラカミキリ 基亜種,カンボウトラカミキリ,日本産カミキリムシ,日本産カミキリムシ_compressed.pdf,52299895c14c1fd1c74279dca00f6fd9ba64d36d69e3bf3dd9c3a29a92802e77,efb17b5912fbb2c144dab4d99924dbc341e8f64054be7909dd7818cad155bef2,189,710-711,17568,ミズナラ,ブナ科,exact_derived_base_name,exclude_ocr_or_boundary,2026-07-11,索引画像は Rhabdoclytus acutivittis inscriptus を明示。種解説PDF p.86および同種群では現行ID species-22018（本土亜種）に対応し、基亜種候補には帰属しない
KDB-0099,species-22022,ヒメクロトラカミキリ 基亜種,ヒメクロトラカミキリ,日本産カミキリムシ,日本産カミキリムシ_compressed.pdf,52299895c14c1fd1c74279dca00f6fd9ba64d36d69e3bf3dd9c3a29a92802e77,efb17b5912fbb2c144dab4d99924dbc341e8f64054be7909dd7818cad155bef2,189,710-711,17568,ミズナラ,ブナ科,exact_derived_base_name,include,2026-07-11,索引PDF p.189で学名が基亜種として明示され、種解説PDF p.85の基亜種見出しおよび normalized_data/insects.csv の同種群と一致
kamikiri-host-index-184-191-0380,species-22025,ホソトラカミキリ,ホソトラカミキリ,日本産カミキリムシ,日本産カミキリムシ_compressed.pdf,52299895c14c1fd1c74279dca00f6fd9ba64d36d69e3bf3dd9c3a29a92802e77,efb17b5912fbb2c144dab4d99924dbc341e8f64054be7909dd7818cad155bef2,189,710-711,17568,ミズナラ,ブナ科,exact_japanese_name,include,2026-07-11,原典画像（PDF p.189、冊子p.710-711）で「ミズナラ」欄の「ホソトラカミキリ」を確認。
kamikiri-host-index-184-191-0353,species-22045,ウスイロトラカミキリ,ウスイロトラカミキリ,日本産カミキリムシ,日本産カミキリムシ_compressed.pdf,52299895c14c1fd1c74279dca00f6fd9ba64d36d69e3bf3dd9c3a29a92802e77,efb17b5912fbb2c144dab4d99924dbc341e8f64054be7909dd7818cad155bef2,189,710-711,17568,ミズナラ,ブナ科,exact_japanese_name,include,2026-07-11,原典画像（PDF p.189、冊子p.710-711）で「ミズナラ」欄の「ウスイロトラカミキリ」を確認。
kamikiri-host-index-184-191-0372,species-22046,ニイジマトラカミキリ,ニイジマトラカミキリ,日本産カミキリムシ,日本産カミキリムシ_compressed.pdf,52299895c14c1fd1c74279dca00f6fd9ba64d36d69e3bf3dd9c3a29a92802e77,efb17b5912fbb2c144dab4d99924dbc341e8f64054be7909dd7818cad155bef2,189,710-711,17568,ミズナラ,ブナ科,exact_japanese_name,include,2026-07-11,原典画像（PDF p.189、冊子p.710-711）で「ミズナラ」欄の「ニイジマトラカミキリ」を確認。
kamikiri-host-index-184-191-0382,species-22065,マルクビケマダラカミキリ,マルクビケマダラカミキリ,日本産カミキリムシ,日本産カミキリムシ_compressed.pdf,52299895c14c1fd1c74279dca00f6fd9ba64d36d69e3bf3dd9c3a29a92802e77,efb17b5912fbb2c144dab4d99924dbc341e8f64054be7909dd7818cad155bef2,189,710-711,17568,ミズナラ,ブナ科,exact_japanese_name,include,2026-07-11,原典画像（PDF p.189、冊子p.710-711）で「ミズナラ」欄の「マルクビケマダラカミキリ」を確認。
kamikiri-host-index-184-191-0388,species-22155,ルリボシカミキリ,ルリボシカミキリ,日本産カミキリムシ,日本産カミキリムシ_compressed.pdf,52299895c14c1fd1c74279dca00f6fd9ba64d36d69e3bf3dd9c3a29a92802e77,efb17b5912fbb2c144dab4d99924dbc341e8f64054be7909dd7818cad155bef2,189,710-711,17568,ミズナラ,ブナ科,exact_japanese_name,include,2026-07-11,原典画像（PDF p.189、冊子p.710-711）で「ミズナラ」欄の「ルリボシカミキリ」を確認。
KDB-0098,species-22169,トラフホソバネカミキリ 基亜種,トラフホソバネカミキリ,日本産カミキリムシ,日本産カミキリムシ_compressed.pdf,52299895c14c1fd1c74279dca00f6fd9ba64d36d69e3bf3dd9c3a29a92802e77,efb17b5912fbb2c144dab4d99924dbc341e8f64054be7909dd7818cad155bef2,189,710-711,17568,ミズナラ,ブナ科,exact_derived_base_name,include,2026-07-11,索引PDF p.189で学名が基亜種として明示され、種解説PDF p.66の基亜種見出しおよび normalized_data/insects.csv の同種群と一致
kamikiri-host-index-184-191-0369,species-22186,テツイロハナカミキリ,テツイロハナカミキリ,日本産カミキリムシ,日本産カミキリムシ_compressed.pdf,52299895c14c1fd1c74279dca00f6fd9ba64d36d69e3bf3dd9c3a29a92802e77,efb17b5912fbb2c144dab4d99924dbc341e8f64054be7909dd7818cad155bef2,189,710-711,17568,ミズナラ,ブナ科,exact_japanese_name,include,2026-07-11,原典画像（PDF p.189、冊子p.710-711）で「ミズナラ」欄の「テツイロハナカミキリ」を確認。
kamikiri-host-index-184-191-0368,species-22244,ツマグロハナカミキリ,ツマグロハナカミキリ,日本産カミキリムシ,日本産カミキリムシ_compressed.pdf,52299895c14c1fd1c74279dca00f6fd9ba64d36d69e3bf3dd9c3a29a92802e77,efb17b5912fbb2c144dab4d99924dbc341e8f64054be7909dd7818cad155bef2,189,710-711,17568,ミズナラ,ブナ科,reviewed_source_crosswalk,include,2026-07-11,原典画像（PDF p.189、冊子p.710-711）で「ミズナラ」欄の「ツマグロハナカミキリ」を確認。監査済み名対応表との一致を確認。
kamikiri-host-index-184-191-0374,species-22250,ハネビロハナカミキリ,ハネビロハナカミキリ,日本産カミキリムシ,日本産カミキリムシ_compressed.pdf,52299895c14c1fd1c74279dca00f6fd9ba64d36d69e3bf3dd9c3a29a92802e77,efb17b5912fbb2c144dab4d99924dbc341e8f64054be7909dd7818cad155bef2,189,710-711,17568,ミズナラ,ブナ科,exact_japanese_name,include,2026-07-11,原典画像（PDF p.189、冊子p.710-711）で「ミズナラ」欄の「ハネビロハナカミキリ」を確認。
KDB-0097,species-22321,クロホソコバネカミキリ 基亜種,クロホソコバネカミキリ,日本産カミキリムシ,日本産カミキリムシ_compressed.pdf,52299895c14c1fd1c74279dca00f6fd9ba64d36d69e3bf3dd9c3a29a92802e77,efb17b5912fbb2c144dab4d99924dbc341e8f64054be7909dd7818cad155bef2,189,710-711,17568,ミズナラ,ブナ科,exact_derived_base_name,needs_review,2026-07-11,索引と種解説PDF p.45はいずれも Necydalis harmandi の種レベル記述。現行insects.csvでは同種群が複数亜種に分かれるが、索引の寄主記録に産地がなく基亜種へ一意に帰属できない
kamikiri-host-index-184-191-0379,species-22324,ホソコバネカミキリ,ホソコバネカミキリ,日本産カミキリムシ,日本産カミキリムシ_compressed.pdf,52299895c14c1fd1c74279dca00f6fd9ba64d36d69e3bf3dd9c3a29a92802e77,efb17b5912fbb2c144dab4d99924dbc341e8f64054be7909dd7818cad155bef2,189,710-711,17568,ミズナラ,ブナ科,exact_japanese_name,include,2026-07-11,原典画像（PDF p.189、冊子p.710-711）で「ミズナラ」欄の「ホソコバネカミキリ」を確認。
KDB-0096,species-22354,チャイロヒメハナカミキリ 基亜種,チャイロヒメハナカミキリ,日本産カミキリムシ,日本産カミキリムシ_compressed.pdf,52299895c14c1fd1c74279dca00f6fd9ba64d36d69e3bf3dd9c3a29a92802e77,efb17b5912fbb2c144dab4d99924dbc341e8f64054be7909dd7818cad155bef2,189,710-711,17568,ミズナラ,ブナ科,exact_derived_base_name,include,2026-07-11,索引PDF p.189で学名が基亜種として明示され、種解説PDF p.24の基亜種見出しおよび normalized_data/insects.csv の同種群と一致
kamikiri-host-index-184-191-0370,species-22515,トゲバカミキリ,トゲバカミキリ,日本産カミキリムシ,日本産カミキリムシ_compressed.pdf,52299895c14c1fd1c74279dca00f6fd9ba64d36d69e3bf3dd9c3a29a92802e77,efb17b5912fbb2c144dab4d99924dbc341e8f64054be7909dd7818cad155bef2,189,710-711,17568,ミズナラ,ブナ科,exact_japanese_name,include,2026-07-11,原典画像（PDF p.189、冊子p.710-711）で「ミズナラ」欄の「トゲバカミキリ」を確認。
kamikiri-host-index-184-191-0376,species-22586,ヒシカミキリ,ヒシカミキリ,日本産カミキリムシ,日本産カミキリムシ_compressed.pdf,52299895c14c1fd1c74279dca00f6fd9ba64d36d69e3bf3dd9c3a29a92802e77,efb17b5912fbb2c144dab4d99924dbc341e8f64054be7909dd7818cad155bef2,189,710-711,17568,ミズナラ,ブナ科,exact_japanese_name,include,2026-07-11,原典画像（PDF p.189、冊子p.710-711）で「ミズナラ」欄の「ヒシカミキリ」を確認。
kamikiri-host-index-184-191-0363,species-22642,シロオビチビカミキリ 基亜種,シロオビチビカミキリ,日本産カミキリムシ,日本産カミキリムシ_compressed.pdf,52299895c14c1fd1c74279dca00f6fd9ba64d36d69e3bf3dd9c3a29a92802e77,efb17b5912fbb2c144dab4d99924dbc341e8f64054be7909dd7818cad155bef2,189,710-711,17568,ミズナラ,ブナ科,reviewed_source_crosswalk,include,2026-07-11,原典画像（PDF p.189、冊子p.710-711）で「ミズナラ」欄の「シロオビチビカミキリ」を確認。原典名「シロオビチビカミキリ」を現行名「シロオビチビカミキリ 基亜種」へ照合。
kamikiri-host-index-184-191-0365,species-22654,シロスジカミキリ,シロスジカミキリ,日本産カミキリムシ,日本産カミキリムシ_compressed.pdf,52299895c14c1fd1c74279dca00f6fd9ba64d36d69e3bf3dd9c3a29a92802e77,efb17b5912fbb2c144dab4d99924dbc341e8f64054be7909dd7818cad155bef2,189,710-711,17568,ミズナラ,ブナ科,exact_japanese_name,include,2026-07-11,原典画像（PDF p.189、冊子p.710-711）で「ミズナラ」欄の「シロスジカミキリ」を確認。
kamikiri-host-index-184-191-0378,species-22661,フタオビアラゲカミキリ,フタオビアラゲカミキリ,日本産カミキリムシ,日本産カミキリムシ_compressed.pdf,52299895c14c1fd1c74279dca00f6fd9ba64d36d69e3bf3dd9c3a29a92802e77,efb17b5912fbb2c144dab4d99924dbc341e8f64054be7909dd7818cad155bef2,189,710-711,17568,ミズナラ,ブナ科,exact_japanese_name,include,2026-07-11,原典画像（PDF p.189、冊子p.710-711）で「ミズナラ」欄の「フタオビアラゲカミキリ」を確認。
KDB-0104,species-22735,ビロウドカミキリ 基亜種,ビロウドカミキリ,日本産カミキリムシ,日本産カミキリムシ_compressed.pdf,52299895c14c1fd1c74279dca00f6fd9ba64d36d69e3bf3dd9c3a29a92802e77,efb17b5912fbb2c144dab4d99924dbc341e8f64054be7909dd7818cad155bef2,189,710-711,17568,ミズナラ,ブナ科,exact_derived_base_name,include,2026-07-11,索引PDF p.189で学名が基亜種として明示され、種解説PDF p.128の基亜種見出しおよび normalized_data/insects.csv の同種群と一致
KDB-0103,species-22786,ヒメヒゲナガカミキリ 基亜種,ヒメヒゲナガカミキリ,日本産カミキリムシ,日本産カミキリムシ_compressed.pdf,52299895c14c1fd1c74279dca00f6fd9ba64d36d69e3bf3dd9c3a29a92802e77,efb17b5912fbb2c144dab4d99924dbc341e8f64054be7909dd7818cad155bef2,189,710-711,17568,ミズナラ,ブナ科,exact_derived_base_name,include,2026-07-11,索引PDF p.189で学名が基亜種として明示され、種解説PDF p.124の基亜種見出しおよび normalized_data/insects.csv の同種群と一致
kamikiri-host-index-184-191-0371,species-22866,ナガゴマフカミキリ,ナガゴマフカミキリ,日本産カミキリムシ,日本産カミキリムシ_compressed.pdf,52299895c14c1fd1c74279dca00f6fd9ba64d36d69e3bf3dd9c3a29a92802e77,efb17b5912fbb2c144dab4d99924dbc341e8f64054be7909dd7818cad155bef2,189,710-711,17568,ミズナラ,ブナ科,exact_japanese_name,include,2026-07-11,原典画像（PDF p.189、冊子p.710-711）で「ミズナラ」欄の「ナガゴマフカミキリ」を確認。
kamikiri-host-index-184-191-0367,species-22867,タテスジゴマフカミキリ,タテスジゴマフカミキリ,日本産カミキリムシ,日本産カミキリムシ_compressed.pdf,52299895c14c1fd1c74279dca00f6fd9ba64d36d69e3bf3dd9c3a29a92802e77,efb17b5912fbb2c144dab4d99924dbc341e8f64054be7909dd7818cad155bef2,189,710-711,17568,ミズナラ,ブナ科,exact_japanese_name,include,2026-07-11,原典画像（PDF p.189、冊子p.710-711）で「ミズナラ」欄の「タテスジゴマフカミキリ」を確認。
kamikiri-host-index-184-191-0361,species-22871,ゴマフカミキリ,ゴマフカミキリ,日本産カミキリムシ,日本産カミキリムシ_compressed.pdf,52299895c14c1fd1c74279dca00f6fd9ba64d36d69e3bf3dd9c3a29a92802e77,efb17b5912fbb2c144dab4d99924dbc341e8f64054be7909dd7818cad155bef2,189,710-711,17568,ミズナラ,ブナ科,exact_japanese_name,include,2026-07-11,原典画像（PDF p.189、冊子p.710-711）で「ミズナラ」欄の「ゴマフカミキリ」を確認。
KDB-0101,species-22890,カタシロゴマフカミキリ 基亜種,カタシロゴマフカミキリ,日本産カミキリムシ,日本産カミキリムシ_compressed.pdf,52299895c14c1fd1c74279dca00f6fd9ba64d36d69e3bf3dd9c3a29a92802e77,efb17b5912fbb2c144dab4d99924dbc341e8f64054be7909dd7818cad155bef2,189,710-711,17568,ミズナラ,ブナ科,exact_derived_base_name,include,2026-07-11,索引PDF p.189で学名が基亜種として明示され、種解説PDF p.94の基亜種見出しおよび normalized_data/insects.csv の同種群と一致
kamikiri-host-index-184-191-0357,species-22927,キッコウモンケシカミキリ,キッコウモンケシカミキリ,日本産カミキリムシ,日本産カミキリムシ_compressed.pdf,52299895c14c1fd1c74279dca00f6fd9ba64d36d69e3bf3dd9c3a29a92802e77,efb17b5912fbb2c144dab4d99924dbc341e8f64054be7909dd7818cad155bef2,189,710-711,17568,ミズナラ,ブナ科,exact_japanese_name,include,2026-07-11,原典画像（PDF p.189、冊子p.710-711）で「ミズナラ」欄の「キッコウモンケシカミキリ」を確認。
kamikiri-host-index-184-191-0383,species-22960,マルモンサビカミキリ,マルモンサビカミキリ,日本産カミキリムシ,日本産カミキリムシ_compressed.pdf,52299895c14c1fd1c74279dca00f6fd9ba64d36d69e3bf3dd9c3a29a92802e77,efb17b5912fbb2c144dab4d99924dbc341e8f64054be7909dd7818cad155bef2,189,710-711,17568,ミズナラ,ブナ科,exact_japanese_name,include,2026-07-11,原典画像（PDF p.189、冊子p.710-711）で「ミズナラ」欄の「マルモンサビカミキリ」を確認。
kamikiri-host-index-184-191-0359,species-22962,クリサビカミキリ,クリサビカミキリ,日本産カミキリムシ,日本産カミキリムシ_compressed.pdf,52299895c14c1fd1c74279dca00f6fd9ba64d36d69e3bf3dd9c3a29a92802e77,efb17b5912fbb2c144dab4d99924dbc341e8f64054be7909dd7818cad155bef2,189,710-711,17568,ミズナラ,ブナ科,exact_japanese_name,include,2026-07-11,原典画像（PDF p.189、冊子p.710-711）で「ミズナラ」欄の「クリサビカミキリ」を確認。
KDB-0102,species-22963,トガリシロオビサビカミキリ 基亜種,トガリシロオビサビカミキリ,日本産カミキリムシ,日本産カミキリムシ_compressed.pdf,52299895c14c1fd1c74279dca00f6fd9ba64d36d69e3bf3dd9c3a29a92802e77,efb17b5912fbb2c144dab4d99924dbc341e8f64054be7909dd7818cad155bef2,189,710-711,17568,ミズナラ,ブナ科,exact_derived_base_name,include,2026-07-11,索引PDF p.189で学名が基亜種として明示され、種解説PDF p.113の基亜種見出しおよび normalized_data/insects.csv の同種群と一致
kamikiri-host-index-184-191-0377,species-22969,ヒメナガサビカミキリ,ヒメナガサビカミキリ,日本産カミキリムシ,日本産カミキリムシ_compressed.pdf,52299895c14c1fd1c74279dca00f6fd9ba64d36d69e3bf3dd9c3a29a92802e77,efb17b5912fbb2c144dab4d99924dbc341e8f64054be7909dd7818cad155bef2,189,710-711,17568,ミズナラ,ブナ科,exact_japanese_name,include,2026-07-11,原典画像（PDF p.189、冊子p.710-711）で「ミズナラ」欄の「ヒメナガサビカミキリ」を確認。
kamikiri-host-index-184-191-0352,species-22972,アトジロサビカミキリ,アトジロサビカミキリ,日本産カミキリムシ,日本産カミキリムシ_compressed.pdf,52299895c14c1fd1c74279dca00f6fd9ba64d36d69e3bf3dd9c3a29a92802e77,efb17b5912fbb2c144dab4d99924dbc341e8f64054be7909dd7818cad155bef2,189,710-711,17568,ミズナラ,ブナ科,exact_japanese_name,include,2026-07-11,原典画像（PDF p.189、冊子p.710-711）で「ミズナラ」欄の「アトジロサビカミキリ」を確認。
kamikiri-host-index-184-191-0375,species-22980,ヒゲナガシラホシカミキリ,ヒゲナガシラホシカミキリ,日本産カミキリムシ,日本産カミキリムシ_compressed.pdf,52299895c14c1fd1c74279dca00f6fd9ba64d36d69e3bf3dd9c3a29a92802e77,efb17b5912fbb2c144dab4d99924dbc341e8f64054be7909dd7818cad155bef2,189,710-711,17568,ミズナラ,ブナ科,exact_japanese_name,include,2026-07-11,原典画像（PDF p.189、冊子p.710-711）で「ミズナラ」欄の「ヒゲナガシラホシカミキリ」を確認。
KDB-0105,species-22988,ハンノアオカミキリ 基亜種,ハンノアオカミキリ,日本産カミキリムシ,日本産カミキリムシ_compressed.pdf,52299895c14c1fd1c74279dca00f6fd9ba64d36d69e3bf3dd9c3a29a92802e77,efb17b5912fbb2c144dab4d99924dbc341e8f64054be7909dd7818cad155bef2,189,710-711,17568,ミズナラ,ブナ科,exact_derived_base_name,include,2026-07-11,索引PDF p.189で学名が基亜種として明示され、種解説PDF p.161の基亜種見出しおよび normalized_data/insects.csv の同種群と一致
KDB-0106,species-23007,シラホシカミキリ 基亜種,シラホシカミキリ,日本産カミキリムシ,日本産カミキリムシ_compressed.pdf,52299895c14c1fd1c74279dca00f6fd9ba64d36d69e3bf3dd9c3a29a92802e77,efb17b5912fbb2c144dab4d99924dbc341e8f64054be7909dd7818cad155bef2,189,710-711,17568,ミズナラ,ブナ科,exact_derived_base_name,include,2026-07-11,索引PDF p.189で学名が基亜種として明示され、種解説PDF p.165の基亜種見出しおよび normalized_data/insects.csv の同種群と一致
kamikiri-host-index-184-191-0373,species-23030,ニセリンゴカミキリ,ニセリンゴカミキリ,日本産カミキリムシ,日本産カミキリムシ_compressed.pdf,52299895c14c1fd1c74279dca00f6fd9ba64d36d69e3bf3dd9c3a29a92802e77,efb17b5912fbb2c144dab4d99924dbc341e8f64054be7909dd7818cad155bef2,189,710-711,17568,ミズナラ,ブナ科,exact_japanese_name,include,2026-07-11,原典画像（PDF p.189、冊子p.710-711）で「ミズナラ」欄の「ニセリンゴカミキリ」を確認。
kamikiri-host-index-184-191-0355,species-23042,カスガキモンカミキリ,カスガキモンカミキリ,日本産カミキリムシ,日本産カミキリムシ_compressed.pdf,52299895c14c1fd1c74279dca00f6fd9ba64d36d69e3bf3dd9c3a29a92802e77,efb17b5912fbb2c144dab4d99924dbc341e8f64054be7909dd7818cad155bef2,189,710-711,17568,ミズナラ,ブナ科,exact_japanese_name,include,2026-07-11,原典画像（PDF p.189、冊子p.710-711）で「ミズナラ」欄の「カスガキモンカミキリ」を確認。
kamikiri-host-index-184-191-0402,8,ベーツヒラタカミキリ,ベーツヒラタカミキリ,日本産カミキリムシ,日本産カミキリムシ_compressed.pdf,52299895c14c1fd1c74279dca00f6fd9ba64d36d69e3bf3dd9c3a29a92802e77,efb17b5912fbb2c144dab4d99924dbc341e8f64054be7909dd7818cad155bef2,189,710-711,17638,シラカシ,ブナ科,exact_japanese_name,include,2026-07-11,原典画像（PDF p.189、冊子p.710-711）で「シラカシ」欄の「ベーツヒラタカミキリ」を確認。
kamikiri-host-index-184-191-0400,species-21859,トガリバアカネトラカミキリ,トガリバアカネトラカミキリ,日本産カミキリムシ,日本産カミキリムシ_compressed.pdf,52299895c14c1fd1c74279dca00f6fd9ba64d36d69e3bf3dd9c3a29a92802e77,efb17b5912fbb2c144dab4d99924dbc341e8f64054be7909dd7818cad155bef2,189,710-711,17638,シラカシ,ブナ科,exact_japanese_name,include,2026-07-11,原典画像（PDF p.189、冊子p.710-711）で「シラカシ」欄の「トガリバアカネトラカミキリ」を確認。
kamikiri-host-index-184-191-0398,species-21868,シロトラカミキリ,シロトラカミキリ,日本産カミキリムシ,日本産カミキリムシ_compressed.pdf,52299895c14c1fd1c74279dca00f6fd9ba64d36d69e3bf3dd9c3a29a92802e77,efb17b5912fbb2c144dab4d99924dbc341e8f64054be7909dd7818cad155bef2,189,710-711,17638,シラカシ,ブナ科,exact_japanese_name,include,2026-07-11,原典画像（PDF p.189、冊子p.710-711）で「シラカシ」欄の「シロトラカミキリ」を確認。
kamikiri-host-index-184-191-0394,species-21924,キマダラカミキリ 基亜種,キマダラミヤマカミキリ,日本産カミキリムシ,日本産カミキリムシ_compressed.pdf,52299895c14c1fd1c74279dca00f6fd9ba64d36d69e3bf3dd9c3a29a92802e77,efb17b5912fbb2c144dab4d99924dbc341e8f64054be7909dd7818cad155bef2,189,710-711,17638,シラカシ,ブナ科,reviewed_source_crosswalk,include,2026-07-11,原典画像（PDF p.189、冊子p.710-711）で「シラカシ」欄の「キマダラミヤマカミキリ」を確認。原典名「キマダラミヤマカミキリ」を現行名「キマダラカミキリ 基亜種」へ照合。
kamikiri-host-index-184-191-0396,species-21974,シラケトラカミキリ,シラケトラカミキリ,日本産カミキリムシ,日本産カミキリムシ_compressed.pdf,52299895c14c1fd1c74279dca00f6fd9ba64d36d69e3bf3dd9c3a29a92802e77,efb17b5912fbb2c144dab4d99924dbc341e8f64054be7909dd7818cad155bef2,189,710-711,17638,シラカシ,ブナ科,exact_japanese_name,include,2026-07-11,原典画像（PDF p.189、冊子p.710-711）で「シラカシ」欄の「シラケトラカミキリ」を確認。
kamikiri-host-index-184-191-0393,species-21986,キイロトラカミキリ,キイロトラカミキリ,日本産カミキリムシ,日本産カミキリムシ_compressed.pdf,52299895c14c1fd1c74279dca00f6fd9ba64d36d69e3bf3dd9c3a29a92802e77,efb17b5912fbb2c144dab4d99924dbc341e8f64054be7909dd7818cad155bef2,189,710-711,17638,シラカシ,ブナ科,exact_japanese_name,include,2026-07-11,原典画像（PDF p.189、冊子p.710-711）で「シラカシ」欄の「キイロトラカミキリ」を確認。
kamikiri-host-index-184-191-0391,species-21988,エグリトラカミキリ,エグリトラカミキリ,日本産カミキリムシ,日本産カミキリムシ_compressed.pdf,52299895c14c1fd1c74279dca00f6fd9ba64d36d69e3bf3dd9c3a29a92802e77,efb17b5912fbb2c144dab4d99924dbc341e8f64054be7909dd7818cad155bef2,189,710-711,17638,シラカシ,ブナ科,exact_japanese_name,include,2026-07-11,原典画像（PDF p.189、冊子p.710-711）で「シラカシ」欄の「エグリトラカミキリ」を確認。
KDB-0107,species-22022,ヒメクロトラカミキリ 基亜種,ヒメクロトラカミキリ,日本産カミキリムシ,日本産カミキリムシ_compressed.pdf,52299895c14c1fd1c74279dca00f6fd9ba64d36d69e3bf3dd9c3a29a92802e77,efb17b5912fbb2c144dab4d99924dbc341e8f64054be7909dd7818cad155bef2,189,710-711,17638,シラカシ,ブナ科,exact_derived_base_name,include,2026-07-11,索引PDF p.189で学名が基亜種として明示され、種解説PDF p.85の基亜種見出しおよび normalized_data/insects.csv の同種群と一致
kamikiri-host-index-184-191-0390,species-22045,ウスイロトラカミキリ,ウスイロトラカミキリ,日本産カミキリムシ,日本産カミキリムシ_compressed.pdf,52299895c14c1fd1c74279dca00f6fd9ba64d36d69e3bf3dd9c3a29a92802e77,efb17b5912fbb2c144dab4d99924dbc341e8f64054be7909dd7818cad155bef2,189,710-711,17638,シラカシ,ブナ科,exact_japanese_name,include,2026-07-11,原典画像（PDF p.189、冊子p.710-711）で「シラカシ」欄の「ウスイロトラカミキリ」を確認。
kamikiri-host-index-184-191-0392,species-22185,カラカネハナカミキリ,カラカネハナカミキリ,日本産カミキリムシ,日本産カミキリムシ_compressed.pdf,52299895c14c1fd1c74279dca00f6fd9ba64d36d69e3bf3dd9c3a29a92802e77,efb17b5912fbb2c144dab4d99924dbc341e8f64054be7909dd7818cad155bef2,189,710-711,17638,シラカシ,ブナ科,exact_japanese_name,include,2026-07-11,原典画像（PDF p.189、冊子p.710-711）で「シラカシ」欄の「カラカネハナカミキリ」を確認。
kamikiri-host-index-184-191-0401,species-22515,トゲバカミキリ,トゲバカミキリ,日本産カミキリムシ,日本産カミキリムシ_compressed.pdf,52299895c14c1fd1c74279dca00f6fd9ba64d36d69e3bf3dd9c3a29a92802e77,efb17b5912fbb2c144dab4d99924dbc341e8f64054be7909dd7818cad155bef2,189,710-711,17638,シラカシ,ブナ科,exact_japanese_name,include,2026-07-11,原典画像（PDF p.189、冊子p.710-711）で「シラカシ」欄の「トゲバカミキリ」を確認。
kamikiri-host-index-184-191-0397,species-22654,シロスジカミキリ,シロスジカミキリ,日本産カミキリムシ,日本産カミキリムシ_compressed.pdf,52299895c14c1fd1c74279dca00f6fd9ba64d36d69e3bf3dd9c3a29a92802e77,efb17b5912fbb2c144dab4d99924dbc341e8f64054be7909dd7818cad155bef2,189,710-711,17638,シラカシ,ブナ科,exact_japanese_name,include,2026-07-11,原典画像（PDF p.189、冊子p.710-711）で「シラカシ」欄の「シロスジカミキリ」を確認。
kamikiri-host-index-184-191-0403,species-22863,マダラゴマフカミキリ,マダラゴマフカミキリ,日本産カミキリムシ,日本産カミキリムシ_compressed.pdf,52299895c14c1fd1c74279dca00f6fd9ba64d36d69e3bf3dd9c3a29a92802e77,efb17b5912fbb2c144dab4d99924dbc341e8f64054be7909dd7818cad155bef2,189,710-711,17638,シラカシ,ブナ科,exact_japanese_name,include,2026-07-11,原典画像（PDF p.189、冊子p.710-711）で「シラカシ」欄の「マダラゴマフカミキリ」を確認。
kamikiri-host-index-184-191-0399,species-22867,タテスジゴマフカミキリ,タテスジゴマフカミキリ,日本産カミキリムシ,日本産カミキリムシ_compressed.pdf,52299895c14c1fd1c74279dca00f6fd9ba64d36d69e3bf3dd9c3a29a92802e77,efb17b5912fbb2c144dab4d99924dbc341e8f64054be7909dd7818cad155bef2,189,710-711,17638,シラカシ,ブナ科,exact_japanese_name,include,2026-07-11,原典画像（PDF p.189、冊子p.710-711）で「シラカシ」欄の「タテスジゴマフカミキリ」を確認。
kamikiri-host-index-184-191-0395,species-22871,ゴマフカミキリ,ゴマフカミキリ,日本産カミキリムシ,日本産カミキリムシ_compressed.pdf,52299895c14c1fd1c74279dca00f6fd9ba64d36d69e3bf3dd9c3a29a92802e77,efb17b5912fbb2c144dab4d99924dbc341e8f64054be7909dd7818cad155bef2,189,710-711,17638,シラカシ,ブナ科,exact_japanese_name,include,2026-07-11,原典画像（PDF p.189、冊子p.710-711）で「シラカシ」欄の「ゴマフカミキリ」を確認。
KDB-0108,species-22890,カタシロゴマフカミキリ 基亜種,カタシロゴマフカミキリ,日本産カミキリムシ,日本産カミキリムシ_compressed.pdf,52299895c14c1fd1c74279dca00f6fd9ba64d36d69e3bf3dd9c3a29a92802e77,efb17b5912fbb2c144dab4d99924dbc341e8f64054be7909dd7818cad155bef2,189,710-711,17638,シラカシ,ブナ科,exact_derived_base_name,include,2026-07-11,索引PDF p.189で学名が基亜種として明示され、種解説PDF p.94の基亜種見出しおよび normalized_data/insects.csv の同種群と一致
kamikiri-host-index-184-191-0389,species-22972,アトジロサビカミキリ,アトジロサビカミキリ,日本産カミキリムシ,日本産カミキリムシ_compressed.pdf,52299895c14c1fd1c74279dca00f6fd9ba64d36d69e3bf3dd9c3a29a92802e77,efb17b5912fbb2c144dab4d99924dbc341e8f64054be7909dd7818cad155bef2,189,710-711,17638,シラカシ,ブナ科,exact_japanese_name,include,2026-07-11,原典画像（PDF p.189、冊子p.710-711）で「シラカシ」欄の「アトジロサビカミキリ」を確認。
kamikiri-host-index-184-191-0406,species-21933,ミヤマカミキリ,ミヤマカミキリ,日本産カミキリムシ,日本産カミキリムシ_compressed.pdf,52299895c14c1fd1c74279dca00f6fd9ba64d36d69e3bf3dd9c3a29a92802e77,efb17b5912fbb2c144dab4d99924dbc341e8f64054be7909dd7818cad155bef2,189,710-711,17658,ウバメガシ,ブナ科,exact_japanese_name,include,2026-07-11,原典画像（PDF p.189、冊子p.710-711）で「ウバメガシ」欄の「ミヤマカミキリ」を確認。
KDB-0110,species-21990,フタオビミドリトラカミキリ 基亜種,フタオビミドリトラカミキリ,日本産カミキリムシ,日本産カミキリムシ_compressed.pdf,52299895c14c1fd1c74279dca00f6fd9ba64d36d69e3bf3dd9c3a29a92802e77,efb17b5912fbb2c144dab4d99924dbc341e8f64054be7909dd7818cad155bef2,189,710-711,17658,ウバメガシ,ブナ科,exact_derived_base_name,needs_review,2026-07-11,索引と種解説PDF p.84はいずれも Chlorophorus muscosus の種レベル記述。現行insects.csvでは同種群が複数亜種に分かれるが、索引の寄主記録に産地がなく基亜種へ一意に帰属できない
KDB-0109,species-22008,キュウシュウチビトラカミキリ 基亜種,キュウシュウチビトラカミキリ,日本産カミキリムシ,日本産カミキリムシ_compressed.pdf,52299895c14c1fd1c74279dca00f6fd9ba64d36d69e3bf3dd9c3a29a92802e77,efb17b5912fbb2c144dab4d99924dbc341e8f64054be7909dd7818cad155bef2,189,710-711,17658,ウバメガシ,ブナ科,exact_derived_base_name,include,2026-07-11,索引PDF p.189で学名が基亜種として明示され、種解説PDF p.79の基亜種見出しおよび normalized_data/insects.csv の同種群と一致
kamikiri-host-index-184-191-0405,species-22053,ズマルトラカミキリ,ズマルトラカミキリ,日本産カミキリムシ,日本産カミキリムシ_compressed.pdf,52299895c14c1fd1c74279dca00f6fd9ba64d36d69e3bf3dd9c3a29a92802e77,efb17b5912fbb2c144dab4d99924dbc341e8f64054be7909dd7818cad155bef2,189,710-711,17658,ウバメガシ,ブナ科,exact_japanese_name,include,2026-07-11,原典画像（PDF p.189、冊子p.710-711）で「ウバメガシ」欄の「ズマルトラカミキリ」を確認。
KDB-0111,species-22594,サタサビカミキリ 基亜種,サタサビカミキリ,日本産カミキリムシ,日本産カミキリムシ_compressed.pdf,52299895c14c1fd1c74279dca00f6fd9ba64d36d69e3bf3dd9c3a29a92802e77,efb17b5912fbb2c144dab4d99924dbc341e8f64054be7909dd7818cad155bef2,189,710-711,17658,ウバメガシ,ブナ科,exact_derived_base_name,needs_review,2026-07-11,索引と種解説PDF p.101はいずれも Neosybra mizoguchii の種レベル記述。現行insects.csvでは同種群が複数亜種に分かれるが、索引の寄主記録に産地がなく基亜種へ一意に帰属できない
kamikiri-host-index-184-191-0404,species-22654,シロスジカミキリ,シロスジカミキリ,日本産カミキリムシ,日本産カミキリムシ_compressed.pdf,52299895c14c1fd1c74279dca00f6fd9ba64d36d69e3bf3dd9c3a29a92802e77,efb17b5912fbb2c144dab4d99924dbc341e8f64054be7909dd7818cad155bef2,189,710-711,17658,ウバメガシ,ブナ科,exact_japanese_name,include,2026-07-11,原典画像（PDF p.189、冊子p.710-711）で「ウバメガシ」欄の「シロスジカミキリ」を確認。
KDB-0112,4-1,コバネカミキリ 基亜種,コバネカミキリ,日本産カミキリムシ,日本産カミキリムシ_compressed.pdf,52299895c14c1fd1c74279dca00f6fd9ba64d36d69e3bf3dd9c3a29a92802e77,efb17b5912fbb2c144dab4d99924dbc341e8f64054be7909dd7818cad155bef2,189,710-711,17665,ウラジロガシ,ブナ科,exact_derived_base_name,include,2026-07-11,索引PDF p.189で学名が基亜種として明示され、種解説PDF p.6の基亜種見出しおよび normalized_data/insects.csv の同種群と一致
kamikiri-host-index-184-191-0415,species-21877,ミドリカミキリ,ミドリカミキリ,日本産カミキリムシ,日本産カミキリムシ_compressed.pdf,52299895c14c1fd1c74279dca00f6fd9ba64d36d69e3bf3dd9c3a29a92802e77,efb17b5912fbb2c144dab4d99924dbc341e8f64054be7909dd7818cad155bef2,189,710-711,17665,ウラジロガシ,ブナ科,exact_japanese_name,include,2026-07-11,原典画像（PDF p.189、冊子p.710-711）で「ウラジロガシ」欄の「ミドリカミキリ」を確認。
kamikiri-host-index-184-191-0411,species-21974,シラケトラカミキリ,シラケトラカミキリ,日本産カミキリムシ,日本産カミキリムシ_compressed.pdf,52299895c14c1fd1c74279dca00f6fd9ba64d36d69e3bf3dd9c3a29a92802e77,efb17b5912fbb2c144dab4d99924dbc341e8f64054be7909dd7818cad155bef2,189,710-711,17665,ウラジロガシ,ブナ科,exact_japanese_name,include,2026-07-11,原典画像（PDF p.189、冊子p.710-711）で「ウラジロガシ」欄の「シラケトラカミキリ」を確認。
kamikiri-host-index-184-191-0408,species-21988,エグリトラカミキリ,エグリトラカミキリ,日本産カミキリムシ,日本産カミキリムシ_compressed.pdf,52299895c14c1fd1c74279dca00f6fd9ba64d36d69e3bf3dd9c3a29a92802e77,efb17b5912fbb2c144dab4d99924dbc341e8f64054be7909dd7818cad155bef2,189,710-711,17665,ウラジロガシ,ブナ科,exact_japanese_name,include,2026-07-11,原典画像（PDF p.189、冊子p.710-711）で「ウラジロガシ」欄の「エグリトラカミキリ」を確認。
kamikiri-host-index-184-191-0407,species-22045,ウスイロトラカミキリ,ウスイロトラカミキリ,日本産カミキリムシ,日本産カミキリムシ_compressed.pdf,52299895c14c1fd1c74279dca00f6fd9ba64d36d69e3bf3dd9c3a29a92802e77,efb17b5912fbb2c144dab4d99924dbc341e8f64054be7909dd7818cad155bef2,189,710-711,17665,ウラジロガシ,ブナ科,exact_japanese_name,include,2026-07-11,原典画像（PDF p.189、冊子p.710-711）で「ウラジロガシ」欄の「ウスイロトラカミキリ」を確認。
kamikiri-host-index-184-191-0414,species-22046,ニイジマトラカミキリ,ニイジマトラカミキリ,日本産カミキリムシ,日本産カミキリムシ_compressed.pdf,52299895c14c1fd1c74279dca00f6fd9ba64d36d69e3bf3dd9c3a29a92802e77,efb17b5912fbb2c144dab4d99924dbc341e8f64054be7909dd7818cad155bef2,189,710-711,17665,ウラジロガシ,ブナ科,exact_japanese_name,include,2026-07-11,原典画像（PDF p.189、冊子p.710-711）で「ウラジロガシ」欄の「ニイジマトラカミキリ」を確認。
kamikiri-host-index-184-191-0409,species-22185,カラカネハナカミキリ,カラカネハナカミキリ,日本産カミキリムシ,日本産カミキリムシ_compressed.pdf,52299895c14c1fd1c74279dca00f6fd9ba64d36d69e3bf3dd9c3a29a92802e77,efb17b5912fbb2c144dab4d99924dbc341e8f64054be7909dd7818cad155bef2,189,710-711,17665,ウラジロガシ,ブナ科,exact_japanese_name,include,2026-07-11,原典画像（PDF p.189、冊子p.710-711）で「ウラジロガシ」欄の「カラカネハナカミキリ」を確認。
kamikiri-host-index-184-191-0412,species-22642,シロオビチビカミキリ 基亜種,シロオビチビカミキリ,日本産カミキリムシ,日本産カミキリムシ_compressed.pdf,52299895c14c1fd1c74279dca00f6fd9ba64d36d69e3bf3dd9c3a29a92802e77,efb17b5912fbb2c144dab4d99924dbc341e8f64054be7909dd7818cad155bef2,189,710-711,17665,ウラジロガシ,ブナ科,reviewed_source_crosswalk,include,2026-07-11,原典画像（PDF p.189、冊子p.710-711）で「ウラジロガシ」欄の「シロオビチビカミキリ」を確認。原典名「シロオビチビカミキリ」を現行名「シロオビチビカミキリ 基亜種」へ照合。
kamikiri-host-index-184-191-0413,species-22654,シロスジカミキリ,シロスジカミキリ,日本産カミキリムシ,日本産カミキリムシ_compressed.pdf,52299895c14c1fd1c74279dca00f6fd9ba64d36d69e3bf3dd9c3a29a92802e77,efb17b5912fbb2c144dab4d99924dbc341e8f64054be7909dd7818cad155bef2,189,710-711,17665,ウラジロガシ,ブナ科,exact_japanese_name,include,2026-07-11,原典画像（PDF p.189、冊子p.710-711）で「ウラジロガシ」欄の「シロスジカミキリ」を確認。
KDB-0115,species-22755,ニセビロウドカミキリ 基亜種,ニセビロウドカミキリ,日本産カミキリムシ,日本産カミキリムシ_compressed.pdf,52299895c14c1fd1c74279dca00f6fd9ba64d36d69e3bf3dd9c3a29a92802e77,efb17b5912fbb2c144dab4d99924dbc341e8f64054be7909dd7818cad155bef2,189,710-711,17665,ウラジロガシ,ブナ科,exact_derived_base_name,include,2026-07-11,索引PDF p.189で学名が基亜種として明示され、種解説PDF p.130の基亜種見出しおよび normalized_data/insects.csv の同種群と一致
KDB-0114,species-22786,ヒメヒゲナガカミキリ 基亜種,ヒメヒゲナガカミキリ,日本産カミキリムシ,日本産カミキリムシ_compressed.pdf,52299895c14c1fd1c74279dca00f6fd9ba64d36d69e3bf3dd9c3a29a92802e77,efb17b5912fbb2c144dab4d99924dbc341e8f64054be7909dd7818cad155bef2,189,710-711,17665,ウラジロガシ,ブナ科,exact_derived_base_name,include,2026-07-11,索引PDF p.189で学名が基亜種として明示され、種解説PDF p.124の基亜種見出しおよび normalized_data/insects.csv の同種群と一致
kamikiri-host-index-184-191-0410,species-22871,ゴマフカミキリ,ゴマフカミキリ,日本産カミキリムシ,日本産カミキリムシ_compressed.pdf,52299895c14c1fd1c74279dca00f6fd9ba64d36d69e3bf3dd9c3a29a92802e77,efb17b5912fbb2c144dab4d99924dbc341e8f64054be7909dd7818cad155bef2,189,710-711,17665,ウラジロガシ,ブナ科,exact_japanese_name,include,2026-07-11,原典画像（PDF p.189、冊子p.710-711）で「ウラジロガシ」欄の「ゴマフカミキリ」を確認。
KDB-0113,species-22890,カタシロゴマフカミキリ 基亜種,カタシロゴマフカミキリ,日本産カミキリムシ,日本産カミキリムシ_compressed.pdf,52299895c14c1fd1c74279dca00f6fd9ba64d36d69e3bf3dd9c3a29a92802e77,efb17b5912fbb2c144dab4d99924dbc341e8f64054be7909dd7818cad155bef2,189,710-711,17665,ウラジロガシ,ブナ科,exact_derived_base_name,include,2026-07-11,索引PDF p.189で学名が基亜種として明示され、種解説PDF p.94の基亜種見出しおよび normalized_data/insects.csv の同種群と一致
KDB-0116,4-1,コバネカミキリ 基亜種,コバネカミキリ,日本産カミキリムシ,日本産カミキリムシ_compressed.pdf,52299895c14c1fd1c74279dca00f6fd9ba64d36d69e3bf3dd9c3a29a92802e77,efb17b5912fbb2c144dab4d99924dbc341e8f64054be7909dd7818cad155bef2,189,710-711,17679,コナラ,ブナ科,exact_derived_base_name,include,2026-07-11,索引PDF p.189で学名が基亜種として明示され、種解説PDF p.6の基亜種見出しおよび normalized_data/insects.csv の同種群と一致
kamikiri-host-index-184-191-0434,species-21858,マツシタトラカミキリ,マツシタトラカミキリ,日本産カミキリムシ,日本産カミキリムシ_compressed.pdf,52299895c14c1fd1c74279dca00f6fd9ba64d36d69e3bf3dd9c3a29a92802e77,efb17b5912fbb2c144dab4d99924dbc341e8f64054be7909dd7818cad155bef2,189,710-711,17679,コナラ,ブナ科,exact_japanese_name,include,2026-07-11,原典画像（PDF p.189、冊子p.710-711）で「コナラ」欄の「マツシタトラカミキリ」を確認。
kamikiri-host-index-184-191-0427,species-21868,シロトラカミキリ,シロトラカミキリ,日本産カミキリムシ,日本産カミキリムシ_compressed.pdf,52299895c14c1fd1c74279dca00f6fd9ba64d36d69e3bf3dd9c3a29a92802e77,efb17b5912fbb2c144dab4d99924dbc341e8f64054be7909dd7818cad155bef2,189,710-711,17679,コナラ,ブナ科,exact_japanese_name,include,2026-07-11,原典画像（PDF p.189、冊子p.710-711）で「コナラ」欄の「シロトラカミキリ」を確認。
kamikiri-host-index-184-191-0436,species-21877,ミドリカミキリ,ミドリカミキリ,日本産カミキリムシ,日本産カミキリムシ_compressed.pdf,52299895c14c1fd1c74279dca00f6fd9ba64d36d69e3bf3dd9c3a29a92802e77,efb17b5912fbb2c144dab4d99924dbc341e8f64054be7909dd7818cad155bef2,189,710-711,17679,コナラ,ブナ科,exact_japanese_name,include,2026-07-11,原典画像（PDF p.189、冊子p.710-711）で「コナラ」欄の「ミドリカミキリ」を確認。
kamikiri-host-index-184-191-0429,species-21891,チャイロホソヒラタカミキリ,チャイロホソヒラタカミキリ,日本産カミキリムシ,日本産カミキリムシ_compressed.pdf,52299895c14c1fd1c74279dca00f6fd9ba64d36d69e3bf3dd9c3a29a92802e77,efb17b5912fbb2c144dab4d99924dbc341e8f64054be7909dd7818cad155bef2,189,710-711,17679,コナラ,ブナ科,exact_japanese_name,include,2026-07-11,原典画像（PDF p.189、冊子p.710-711）で「コナラ」欄の「チャイロホソヒラタカミキリ」を確認。
kamikiri-host-index-184-191-0432,species-21910,ヒゲナガヒメカミキリ,ヒゲナガヒメカミキリ,日本産カミキリムシ,日本産カミキリムシ_compressed.pdf,52299895c14c1fd1c74279dca00f6fd9ba64d36d69e3bf3dd9c3a29a92802e77,efb17b5912fbb2c144dab4d99924dbc341e8f64054be7909dd7818cad155bef2,189,710-711,17679,コナラ,ブナ科,exact_japanese_name,include,2026-07-11,原典画像（PDF p.189、冊子p.710-711）で「コナラ」欄の「ヒゲナガヒメカミキリ」を確認。
kamikiri-host-index-184-191-0440,species-21923,ヨツボシカミキリ,ヨツボシカミキリ,日本産カミキリムシ,日本産カミキリムシ_compressed.pdf,52299895c14c1fd1c74279dca00f6fd9ba64d36d69e3bf3dd9c3a29a92802e77,efb17b5912fbb2c144dab4d99924dbc341e8f64054be7909dd7818cad155bef2,189,710-711,17679,コナラ,ブナ科,exact_japanese_name,include,2026-07-11,原典画像（PDF p.189、冊子p.710-711）で「コナラ」欄の「ヨツボシカミキリ」を確認。
kamikiri-host-index-184-191-0422,species-21924,キマダラカミキリ 基亜種,キマダラミヤマカミキリ,日本産カミキリムシ,日本産カミキリムシ_compressed.pdf,52299895c14c1fd1c74279dca00f6fd9ba64d36d69e3bf3dd9c3a29a92802e77,efb17b5912fbb2c144dab4d99924dbc341e8f64054be7909dd7818cad155bef2,189,710-711,17679,コナラ,ブナ科,reviewed_source_crosswalk,include,2026-07-11,原典画像（PDF p.189、冊子p.710-711）で「コナラ」欄の「キマダラミヤマカミキリ」を確認。原典名「キマダラミヤマカミキリ」を現行名「キマダラカミキリ 基亜種」へ照合。
kamikiri-host-index-184-191-0437,species-21933,ミヤマカミキリ,ミヤマカミキリ,日本産カミキリムシ,日本産カミキリムシ_compressed.pdf,52299895c14c1fd1c74279dca00f6fd9ba64d36d69e3bf3dd9c3a29a92802e77,efb17b5912fbb2c144dab4d99924dbc341e8f64054be7909dd7818cad155bef2,189,710-711,17679,コナラ,ブナ科,exact_japanese_name,include,2026-07-11,原典画像（PDF p.189、冊子p.710-711）で「コナラ」欄の「ミヤマカミキリ」を確認。
kamikiri-host-index-184-191-0426,species-21974,シラケトラカミキリ,シラケトラカミキリ,日本産カミキリムシ,日本産カミキリムシ_compressed.pdf,52299895c14c1fd1c74279dca00f6fd9ba64d36d69e3bf3dd9c3a29a92802e77,efb17b5912fbb2c144dab4d99924dbc341e8f64054be7909dd7818cad155bef2,189,710-711,17679,コナラ,ブナ科,exact_japanese_name,include,2026-07-11,原典画像（PDF p.189、冊子p.710-711）で「コナラ」欄の「シラケトラカミキリ」を確認。
kamikiri-host-index-184-191-0421,species-21986,キイロトラカミキリ,キイロトラカミキリ,日本産カミキリムシ,日本産カミキリムシ_compressed.pdf,52299895c14c1fd1c74279dca00f6fd9ba64d36d69e3bf3dd9c3a29a92802e77,efb17b5912fbb2c144dab4d99924dbc341e8f64054be7909dd7818cad155bef2,189,710-711,17679,コナラ,ブナ科,exact_japanese_name,include,2026-07-11,原典画像（PDF p.189、冊子p.710-711）で「コナラ」欄の「キイロトラカミキリ」を確認。
kamikiri-host-index-184-191-0419,species-21988,エグリトラカミキリ,エグリトラカミキリ,日本産カミキリムシ,日本産カミキリムシ_compressed.pdf,52299895c14c1fd1c74279dca00f6fd9ba64d36d69e3bf3dd9c3a29a92802e77,efb17b5912fbb2c144dab4d99924dbc341e8f64054be7909dd7818cad155bef2,189,710-711,17679,コナラ,ブナ科,exact_japanese_name,include,2026-07-11,原典画像（PDF p.189、冊子p.710-711）で「コナラ」欄の「エグリトラカミキリ」を確認。
kamikiri-host-index-184-191-0424,species-22015,コトラカミキリ,コトラカミキリ,日本産カミキリムシ,日本産カミキリムシ_compressed.pdf,52299895c14c1fd1c74279dca00f6fd9ba64d36d69e3bf3dd9c3a29a92802e77,efb17b5912fbb2c144dab4d99924dbc341e8f64054be7909dd7818cad155bef2,189,710-711,17679,コナラ,ブナ科,exact_japanese_name,include,2026-07-11,原典画像（PDF p.189、冊子p.710-711）で「コナラ」欄の「コトラカミキリ」を確認。
KDB-0118,species-22022,ヒメクロトラカミキリ 基亜種,ヒメクロトラカミキリ,日本産カミキリムシ,日本産カミキリムシ_compressed.pdf,52299895c14c1fd1c74279dca00f6fd9ba64d36d69e3bf3dd9c3a29a92802e77,efb17b5912fbb2c144dab4d99924dbc341e8f64054be7909dd7818cad155bef2,189,710-711,17679,コナラ,ブナ科,exact_derived_base_name,include,2026-07-11,索引PDF p.189で学名が基亜種として明示され、種解説PDF p.85の基亜種見出しおよび normalized_data/insects.csv の同種群と一致
kamikiri-host-index-184-191-0423,species-22030,クビアカトラカミキリ,クビアカトラカミキリ,日本産カミキリムシ,日本産カミキリムシ_compressed.pdf,52299895c14c1fd1c74279dca00f6fd9ba64d36d69e3bf3dd9c3a29a92802e77,efb17b5912fbb2c144dab4d99924dbc341e8f64054be7909dd7818cad155bef2,189,710-711,17679,コナラ,ブナ科,exact_japanese_name,include,2026-07-11,原典画像（PDF p.189、冊子p.710-711）で「コナラ」欄の「クビアカトラカミキリ」を確認。
kamikiri-host-index-184-191-0418,species-22045,ウスイロトラカミキリ,ウスイロトラカミキリ,日本産カミキリムシ,日本産カミキリムシ_compressed.pdf,52299895c14c1fd1c74279dca00f6fd9ba64d36d69e3bf3dd9c3a29a92802e77,efb17b5912fbb2c144dab4d99924dbc341e8f64054be7909dd7818cad155bef2,189,710-711,17679,コナラ,ブナ科,exact_japanese_name,include,2026-07-11,原典画像（PDF p.189、冊子p.710-711）で「コナラ」欄の「ウスイロトラカミキリ」を確認。
kamikiri-host-index-184-191-0430,species-22046,ニイジマトラカミキリ,ニイジマトラカミキリ,日本産カミキリムシ,日本産カミキリムシ_compressed.pdf,52299895c14c1fd1c74279dca00f6fd9ba64d36d69e3bf3dd9c3a29a92802e77,efb17b5912fbb2c144dab4d99924dbc341e8f64054be7909dd7818cad155bef2,189,710-711,17679,コナラ,ブナ科,exact_japanese_name,include,2026-07-11,原典画像（PDF p.189、冊子p.710-711）で「コナラ」欄の「ニイジマトラカミキリ」を確認。
kamikiri-host-index-184-191-0438,species-22173,ムモンベニカミキリ,ムモンベニカミキリ,日本産カミキリムシ,日本産カミキリムシ_compressed.pdf,52299895c14c1fd1c74279dca00f6fd9ba64d36d69e3bf3dd9c3a29a92802e77,efb17b5912fbb2c144dab4d99924dbc341e8f64054be7909dd7818cad155bef2,189,710-711,17679,コナラ,ブナ科,exact_japanese_name,include,2026-07-11,原典画像（PDF p.189、冊子p.710-711）で「コナラ」欄の「ムモンベニカミキリ」を確認。
kamikiri-host-index-184-191-0439,species-22226,ヤマトキモンハナカミキリ,ヤマトキモンハナカミキリ,日本産カミキリムシ,日本産カミキリムシ_compressed.pdf,52299895c14c1fd1c74279dca00f6fd9ba64d36d69e3bf3dd9c3a29a92802e77,efb17b5912fbb2c144dab4d99924dbc341e8f64054be7909dd7818cad155bef2,189,710-711,17679,コナラ,ブナ科,exact_japanese_name,include,2026-07-11,原典画像（PDF p.189、冊子p.710-711）で「コナラ」欄の「ヤマトキモンハナカミキリ」を確認。
kamikiri-host-index-184-191-0431,species-22250,ハネビロハナカミキリ,ハネビロハナカミキリ,日本産カミキリムシ,日本産カミキリムシ_compressed.pdf,52299895c14c1fd1c74279dca00f6fd9ba64d36d69e3bf3dd9c3a29a92802e77,efb17b5912fbb2c144dab4d99924dbc341e8f64054be7909dd7818cad155bef2,189,710-711,17679,コナラ,ブナ科,exact_japanese_name,include,2026-07-11,原典画像（PDF p.189、冊子p.710-711）で「コナラ」欄の「ハネビロハナカミキリ」を確認。
KDB-0117,species-22251,ヨツスジハナカミキリ 基亜種,ヨツスジハナカミキリ,日本産カミキリムシ,日本産カミキリムシ_compressed.pdf,52299895c14c1fd1c74279dca00f6fd9ba64d36d69e3bf3dd9c3a29a92802e77,efb17b5912fbb2c144dab4d99924dbc341e8f64054be7909dd7818cad155bef2,189,710-711,17679,コナラ,ブナ科,exact_derived_base_name,include,2026-07-11,索引PDF p.189で学名が基亜種として明示され、種解説PDF p.37の基亜種見出しおよび normalized_data/insects.csv の同種群と一致
kamikiri-host-index-184-191-0416,species-22299,アカハナカミキリ,アカハナカミキリ,日本産カミキリムシ,日本産カミキリムシ_compressed.pdf,52299895c14c1fd1c74279dca00f6fd9ba64d36d69e3bf3dd9c3a29a92802e77,efb17b5912fbb2c144dab4d99924dbc341e8f64054be7909dd7818cad155bef2,189,710-711,17679,コナラ,ブナ科,reviewed_source_crosswalk,include,2026-07-11,原典画像（PDF p.189、冊子p.710-711）で「コナラ」欄の「アカハナカミキリ」を確認。監査済み名対応表との一致を確認。
kamikiri-host-index-184-191-0433,species-22863,マダラゴマフカミキリ,マダラゴマフカミキリ,日本産カミキリムシ,日本産カミキリムシ_compressed.pdf,52299895c14c1fd1c74279dca00f6fd9ba64d36d69e3bf3dd9c3a29a92802e77,efb17b5912fbb2c144dab4d99924dbc341e8f64054be7909dd7818cad155bef2,189,710-711,17679,コナラ,ブナ科,exact_japanese_name,include,2026-07-11,原典画像（PDF p.189、冊子p.710-711）で「コナラ」欄の「マダラゴマフカミキリ」を確認。
kamikiri-host-index-184-191-0428,species-22867,タテスジゴマフカミキリ,タテスジゴマフカミキリ,日本産カミキリムシ,日本産カミキリムシ_compressed.pdf,52299895c14c1fd1c74279dca00f6fd9ba64d36d69e3bf3dd9c3a29a92802e77,efb17b5912fbb2c144dab4d99924dbc341e8f64054be7909dd7818cad155bef2,189,710-711,17679,コナラ,ブナ科,exact_japanese_name,include,2026-07-11,原典画像（PDF p.189、冊子p.710-711）で「コナラ」欄の「タテスジゴマフカミキリ」を確認。
kamikiri-host-index-184-191-0425,species-22871,ゴマフカミキリ,ゴマフカミキリ,日本産カミキリムシ,日本産カミキリムシ_compressed.pdf,52299895c14c1fd1c74279dca00f6fd9ba64d36d69e3bf3dd9c3a29a92802e77,efb17b5912fbb2c144dab4d99924dbc341e8f64054be7909dd7818cad155bef2,189,710-711,17679,コナラ,ブナ科,exact_japanese_name,include,2026-07-11,原典画像（PDF p.189、冊子p.710-711）で「コナラ」欄の「ゴマフカミキリ」を確認。
KDB-0119,species-22890,カタシロゴマフカミキリ 基亜種,カタシロゴマフカミキリ,日本産カミキリムシ,日本産カミキリムシ_compressed.pdf,52299895c14c1fd1c74279dca00f6fd9ba64d36d69e3bf3dd9c3a29a92802e77,efb17b5912fbb2c144dab4d99924dbc341e8f64054be7909dd7818cad155bef2,189,710-711,17679,コナラ,ブナ科,exact_derived_base_name,include,2026-07-11,索引PDF p.189で学名が基亜種として明示され、種解説PDF p.94の基亜種見出しおよび normalized_data/insects.csv の同種群と一致
kamikiri-host-index-184-191-0435,species-22960,マルモンサビカミキリ,マルモンサビカミキリ,日本産カミキリムシ,日本産カミキリムシ_compressed.pdf,52299895c14c1fd1c74279dca00f6fd9ba64d36d69e3bf3dd9c3a29a92802e77,efb17b5912fbb2c144dab4d99924dbc341e8f64054be7909dd7818cad155bef2,189,710-711,17679,コナラ,ブナ科,exact_japanese_name,include,2026-07-11,原典画像（PDF p.189、冊子p.710-711）で「コナラ」欄の「マルモンサビカミキリ」を確認。
KDB-0120,species-22963,トガリシロオビサビカミキリ 基亜種,トガリシロオビサビカミキリ,日本産カミキリムシ,日本産カミキリムシ_compressed.pdf,52299895c14c1fd1c74279dca00f6fd9ba64d36d69e3bf3dd9c3a29a92802e77,efb17b5912fbb2c144dab4d99924dbc341e8f64054be7909dd7818cad155bef2,189,710-711,17679,コナラ,ブナ科,exact_derived_base_name,include,2026-07-11,索引PDF p.189で学名が基亜種として明示され、種解説PDF p.113の基亜種見出しおよび normalized_data/insects.csv の同種群と一致
kamikiri-host-index-184-191-0420,species-22970,エゾサビカミキリ,エゾサビカミキリ,日本産カミキリムシ,日本産カミキリムシ_compressed.pdf,52299895c14c1fd1c74279dca00f6fd9ba64d36d69e3bf3dd9c3a29a92802e77,efb17b5912fbb2c144dab4d99924dbc341e8f64054be7909dd7818cad155bef2,189,710-711,17679,コナラ,ブナ科,exact_japanese_name,include,2026-07-11,原典画像（PDF p.189、冊子p.710-711）で「コナラ」欄の「エゾサビカミキリ」を確認。
kamikiri-host-index-184-191-0417,species-22972,アトジロサビカミキリ,アトジロサビカミキリ,日本産カミキリムシ,日本産カミキリムシ_compressed.pdf,52299895c14c1fd1c74279dca00f6fd9ba64d36d69e3bf3dd9c3a29a92802e77,efb17b5912fbb2c144dab4d99924dbc341e8f64054be7909dd7818cad155bef2,189,710-711,17679,コナラ,ブナ科,exact_japanese_name,include,2026-07-11,原典画像（PDF p.189、冊子p.710-711）で「コナラ」欄の「アトジロサビカミキリ」を確認。
kamikiri-host-index-184-191-0449,species-21877,ミドリカミキリ,ミドリカミキリ,日本産カミキリムシ,日本産カミキリムシ_compressed.pdf,52299895c14c1fd1c74279dca00f6fd9ba64d36d69e3bf3dd9c3a29a92802e77,efb17b5912fbb2c144dab4d99924dbc341e8f64054be7909dd7818cad155bef2,190,712-713,17726,ツクバネガシ,ブナ科,exact_japanese_name,include,2026-07-11,原典画像（PDF p.190、冊子p.712-713）で「ツクバネガシ」欄の「ミドリカミキリ」を確認。
kamikiri-host-index-184-191-0443,species-21924,キマダラカミキリ 基亜種,キマダラミヤマカミキリ,日本産カミキリムシ,日本産カミキリムシ_compressed.pdf,52299895c14c1fd1c74279dca00f6fd9ba64d36d69e3bf3dd9c3a29a92802e77,efb17b5912fbb2c144dab4d99924dbc341e8f64054be7909dd7818cad155bef2,190,712-713,17726,ツクバネガシ,ブナ科,reviewed_source_crosswalk,include,2026-07-11,原典画像（PDF p.190、冊子p.712-713）で「ツクバネガシ」欄の「キマダラミヤマカミキリ」を確認。原典名「キマダラミヤマカミキリ」を現行名「キマダラカミキリ 基亜種」へ照合。
kamikiri-host-index-184-191-0450,species-21933,ミヤマカミキリ,ミヤマカミキリ,日本産カミキリムシ,日本産カミキリムシ_compressed.pdf,52299895c14c1fd1c74279dca00f6fd9ba64d36d69e3bf3dd9c3a29a92802e77,efb17b5912fbb2c144dab4d99924dbc341e8f64054be7909dd7818cad155bef2,190,712-713,17726,ツクバネガシ,ブナ科,exact_japanese_name,include,2026-07-11,原典画像（PDF p.190、冊子p.712-713）で「ツクバネガシ」欄の「ミヤマカミキリ」を確認。
kamikiri-host-index-184-191-0445,species-21974,シラケトラカミキリ,シラケトラカミキリ,日本産カミキリムシ,日本産カミキリムシ_compressed.pdf,52299895c14c1fd1c74279dca00f6fd9ba64d36d69e3bf3dd9c3a29a92802e77,efb17b5912fbb2c144dab4d99924dbc341e8f64054be7909dd7818cad155bef2,190,712-713,17726,ツクバネガシ,ブナ科,exact_japanese_name,include,2026-07-11,原典画像（PDF p.190、冊子p.712-713）で「ツクバネガシ」欄の「シラケトラカミキリ」を確認。
kamikiri-host-index-184-191-0447,species-21983,トゲヒゲトラカミキリ,トゲヒゲトラカミキリ,日本産カミキリムシ,日本産カミキリムシ_compressed.pdf,52299895c14c1fd1c74279dca00f6fd9ba64d36d69e3bf3dd9c3a29a92802e77,efb17b5912fbb2c144dab4d99924dbc341e8f64054be7909dd7818cad155bef2,190,712-713,17726,ツクバネガシ,ブナ科,exact_japanese_name,include,2026-07-11,原典画像（PDF p.190、冊子p.712-713）で「ツクバネガシ」欄の「トゲヒゲトラカミキリ」を確認。
kamikiri-host-index-184-191-0442,species-21986,キイロトラカミキリ,キイロトラカミキリ,日本産カミキリムシ,日本産カミキリムシ_compressed.pdf,52299895c14c1fd1c74279dca00f6fd9ba64d36d69e3bf3dd9c3a29a92802e77,efb17b5912fbb2c144dab4d99924dbc341e8f64054be7909dd7818cad155bef2,190,712-713,17726,ツクバネガシ,ブナ科,exact_japanese_name,include,2026-07-11,原典画像（PDF p.190、冊子p.712-713）で「ツクバネガシ」欄の「キイロトラカミキリ」を確認。
kamikiri-host-index-184-191-0441,species-21988,エグリトラカミキリ,エグリトラカミキリ,日本産カミキリムシ,日本産カミキリムシ_compressed.pdf,52299895c14c1fd1c74279dca00f6fd9ba64d36d69e3bf3dd9c3a29a92802e77,efb17b5912fbb2c144dab4d99924dbc341e8f64054be7909dd7818cad155bef2,190,712-713,17726,ツクバネガシ,ブナ科,exact_japanese_name,include,2026-07-11,原典画像（PDF p.190、冊子p.712-713）で「ツクバネガシ」欄の「エグリトラカミキリ」を確認。
kamikiri-host-index-184-191-0444,species-22030,クビアカトラカミキリ,クビアカトラカミキリ,日本産カミキリムシ,日本産カミキリムシ_compressed.pdf,52299895c14c1fd1c74279dca00f6fd9ba64d36d69e3bf3dd9c3a29a92802e77,efb17b5912fbb2c144dab4d99924dbc341e8f64054be7909dd7818cad155bef2,190,712-713,17726,ツクバネガシ,ブナ科,exact_japanese_name,include,2026-07-11,原典画像（PDF p.190、冊子p.712-713）で「ツクバネガシ」欄の「クビアカトラカミキリ」を確認。
kamikiri-host-index-184-191-0446,species-22654,シロスジカミキリ,シロスジカミキリ,日本産カミキリムシ,日本産カミキリムシ_compressed.pdf,52299895c14c1fd1c74279dca00f6fd9ba64d36d69e3bf3dd9c3a29a92802e77,efb17b5912fbb2c144dab4d99924dbc341e8f64054be7909dd7818cad155bef2,190,712-713,17726,ツクバネガシ,ブナ科,exact_japanese_name,include,2026-07-11,原典画像（PDF p.190、冊子p.712-713）で「ツクバネガシ」欄の「シロスジカミキリ」を確認。
kamikiri-host-index-184-191-0448,species-22656,ハラアカコブカミキリ,ハラアカコブカミキリ,日本産カミキリムシ,日本産カミキリムシ_compressed.pdf,52299895c14c1fd1c74279dca00f6fd9ba64d36d69e3bf3dd9c3a29a92802e77,efb17b5912fbb2c144dab4d99924dbc341e8f64054be7909dd7818cad155bef2,190,712-713,17726,ツクバネガシ,ブナ科,reviewed_source_crosswalk,include,2026-07-11,原典画像（PDF p.190、冊子p.712-713）で「ツクバネガシ」欄の「ハラアカコブカミキリ」を確認。監査済み名対応表との一致を確認。
KDB-0121,species-22856,ヤハズカミキリ 基亜種,ヤハズカミキリ,日本産カミキリムシ,日本産カミキリムシ_compressed.pdf,52299895c14c1fd1c74279dca00f6fd9ba64d36d69e3bf3dd9c3a29a92802e77,efb17b5912fbb2c144dab4d99924dbc341e8f64054be7909dd7818cad155bef2,190,712-713,17726,ツクバネガシ,ブナ科,exact_derived_base_name,include,2026-07-11,索引PDF p.190で学名が基亜種として明示され、種解説PDF p.132の基亜種見出しおよび normalized_data/insects.csv の同種群と一致
KDB-0122,species-22988,ハンノアオカミキリ 基亜種,ハンノアオカミキリ,日本産カミキリムシ,日本産カミキリムシ_compressed.pdf,52299895c14c1fd1c74279dca00f6fd9ba64d36d69e3bf3dd9c3a29a92802e77,efb17b5912fbb2c144dab4d99924dbc341e8f64054be7909dd7818cad155bef2,190,712-713,17726,ツクバネガシ,ブナ科,exact_derived_base_name,include,2026-07-11,索引PDF p.190で学名が基亜種として明示され、種解説PDF p.161の基亜種見出しおよび normalized_data/insects.csv の同種群と一致
KDB-0123,4-1,コバネカミキリ 基亜種,コバネカミキリ,日本産カミキリムシ,日本産カミキリムシ_compressed.pdf,52299895c14c1fd1c74279dca00f6fd9ba64d36d69e3bf3dd9c3a29a92802e77,efb17b5912fbb2c144dab4d99924dbc341e8f64054be7909dd7818cad155bef2,190,712-713,17742,カシ類,ブナ科,exact_derived_base_name,include,2026-07-11,索引PDF p.190で学名が基亜種として明示され、種解説PDF p.6の基亜種見出しおよび normalized_data/insects.csv の同種群と一致
kamikiri-host-index-184-191-0469,species-21877,ミドリカミキリ,ミドリカミキリ,日本産カミキリムシ,日本産カミキリムシ_compressed.pdf,52299895c14c1fd1c74279dca00f6fd9ba64d36d69e3bf3dd9c3a29a92802e77,efb17b5912fbb2c144dab4d99924dbc341e8f64054be7909dd7818cad155bef2,190,712-713,17742,カシ類,ブナ科,exact_japanese_name,include,2026-07-11,原典画像（PDF p.190、冊子p.712-713）で「カシ類」欄の「ミドリカミキリ」を確認。
kamikiri-host-index-184-191-0466,species-21882,ヒメスギカミキリ,ヒメスギカミキリ,日本産カミキリムシ,日本産カミキリムシ_compressed.pdf,52299895c14c1fd1c74279dca00f6fd9ba64d36d69e3bf3dd9c3a29a92802e77,efb17b5912fbb2c144dab4d99924dbc341e8f64054be7909dd7818cad155bef2,190,712-713,17742,カシ類,ブナ科,reviewed_source_crosswalk,needs_review,2026-07-11,原典で「ヒメスギカミキリ」に疑問符が付されており、同定確度が曖昧なため保留。
kamikiri-host-index-184-191-0454,species-21924,キマダラカミキリ 基亜種,キマダラミヤマカミキリ,日本産カミキリムシ,日本産カミキリムシ_compressed.pdf,52299895c14c1fd1c74279dca00f6fd9ba64d36d69e3bf3dd9c3a29a92802e77,efb17b5912fbb2c144dab4d99924dbc341e8f64054be7909dd7818cad155bef2,190,712-713,17742,カシ類,ブナ科,reviewed_source_crosswalk,include,2026-07-11,原典画像（PDF p.190、冊子p.712-713）で「カシ類」欄の「キマダラミヤマカミキリ」を確認。原典名「キマダラミヤマカミキリ」を現行名「キマダラカミキリ 基亜種」へ照合。
kamikiri-host-index-184-191-0470,species-21933,ミヤマカミキリ,ミヤマカミキリ,日本産カミキリムシ,日本産カミキリムシ_compressed.pdf,52299895c14c1fd1c74279dca00f6fd9ba64d36d69e3bf3dd9c3a29a92802e77,efb17b5912fbb2c144dab4d99924dbc341e8f64054be7909dd7818cad155bef2,190,712-713,17742,カシ類,ブナ科,exact_japanese_name,include,2026-07-11,原典画像（PDF p.190、冊子p.712-713）で「カシ類」欄の「ミヤマカミキリ」を確認。
kamikiri-host-index-184-191-0468,species-21939,ホタルカミキリ,ホタルカミキリ,日本産カミキリムシ,日本産カミキリムシ_compressed.pdf,52299895c14c1fd1c74279dca00f6fd9ba64d36d69e3bf3dd9c3a29a92802e77,efb17b5912fbb2c144dab4d99924dbc341e8f64054be7909dd7818cad155bef2,190,712-713,17742,カシ類,ブナ科,exact_japanese_name,include,2026-07-11,原典画像（PDF p.190、冊子p.712-713）で「カシ類」欄の「ホタルカミキリ」を確認。
kamikiri-host-index-184-191-0457,species-21974,シラケトラカミキリ,シラケトラカミキリ,日本産カミキリムシ,日本産カミキリムシ_compressed.pdf,52299895c14c1fd1c74279dca00f6fd9ba64d36d69e3bf3dd9c3a29a92802e77,efb17b5912fbb2c144dab4d99924dbc341e8f64054be7909dd7818cad155bef2,190,712-713,17742,カシ類,ブナ科,exact_japanese_name,include,2026-07-11,原典画像（PDF p.190、冊子p.712-713）で「カシ類」欄の「シラケトラカミキリ」を確認。
kamikiri-host-index-184-191-0462,species-21983,トゲヒゲトラカミキリ,トゲヒゲトラカミキリ,日本産カミキリムシ,日本産カミキリムシ_compressed.pdf,52299895c14c1fd1c74279dca00f6fd9ba64d36d69e3bf3dd9c3a29a92802e77,efb17b5912fbb2c144dab4d99924dbc341e8f64054be7909dd7818cad155bef2,190,712-713,17742,カシ類,ブナ科,exact_japanese_name,include,2026-07-11,原典画像（PDF p.190、冊子p.712-713）で「カシ類」欄の「トゲヒゲトラカミキリ」を確認。
kamikiri-host-index-184-191-0453,species-21986,キイロトラカミキリ,キイロトラカミキリ,日本産カミキリムシ,日本産カミキリムシ_compressed.pdf,52299895c14c1fd1c74279dca00f6fd9ba64d36d69e3bf3dd9c3a29a92802e77,efb17b5912fbb2c144dab4d99924dbc341e8f64054be7909dd7818cad155bef2,190,712-713,17742,カシ類,ブナ科,exact_japanese_name,include,2026-07-11,原典画像（PDF p.190、冊子p.712-713）で「カシ類」欄の「キイロトラカミキリ」を確認。
KDB-0125,species-21990,フタオビミドリトラカミキリ 基亜種,フタオビミドリトラカミキリ,日本産カミキリムシ,日本産カミキリムシ_compressed.pdf,52299895c14c1fd1c74279dca00f6fd9ba64d36d69e3bf3dd9c3a29a92802e77,efb17b5912fbb2c144dab4d99924dbc341e8f64054be7909dd7818cad155bef2,190,712-713,17742,カシ類,ブナ科,exact_derived_base_name,needs_review,2026-07-11,索引と種解説PDF p.84はいずれも Chlorophorus muscosus の種レベル記述。現行insects.csvでは同種群が複数亜種に分かれるが、索引の寄主記録に産地がなく基亜種へ一意に帰属できない
KDB-0124,species-22008,キュウシュウチビトラカミキリ 基亜種,キュウシュウチビトラカミキリ,日本産カミキリムシ,日本産カミキリムシ_compressed.pdf,52299895c14c1fd1c74279dca00f6fd9ba64d36d69e3bf3dd9c3a29a92802e77,efb17b5912fbb2c144dab4d99924dbc341e8f64054be7909dd7818cad155bef2,190,712-713,17742,カシ類,ブナ科,exact_derived_base_name,include,2026-07-11,索引PDF p.190で学名が基亜種として明示され、種解説PDF p.79の基亜種見出しおよび normalized_data/insects.csv の同種群と一致
KDB-0126,species-22022,ヒメクロトラカミキリ 基亜種,ヒメクロトラカミキリ,日本産カミキリムシ,日本産カミキリムシ_compressed.pdf,52299895c14c1fd1c74279dca00f6fd9ba64d36d69e3bf3dd9c3a29a92802e77,efb17b5912fbb2c144dab4d99924dbc341e8f64054be7909dd7818cad155bef2,190,712-713,17742,カシ類,ブナ科,exact_derived_base_name,include,2026-07-11,索引PDF p.190で学名が基亜種として明示され、種解説PDF p.85の基亜種見出しおよび normalized_data/insects.csv の同種群と一致
kamikiri-host-index-184-191-0467,species-22278,ベニバハナカミキリ,ベニバハナカミキリ,日本産カミキリムシ,日本産カミキリムシ_compressed.pdf,52299895c14c1fd1c74279dca00f6fd9ba64d36d69e3bf3dd9c3a29a92802e77,efb17b5912fbb2c144dab4d99924dbc341e8f64054be7909dd7818cad155bef2,190,712-713,17742,カシ類,ブナ科,exact_japanese_name,include,2026-07-11,原典画像（PDF p.190、冊子p.712-713）で「カシ類」欄の「ベニバハナカミキリ」を確認。
kamikiri-host-index-184-191-0455,species-22498,ゴマダラモモブトカミキリ,ゴマダラモモブトカミキリ,日本産カミキリムシ,日本産カミキリムシ_compressed.pdf,52299895c14c1fd1c74279dca00f6fd9ba64d36d69e3bf3dd9c3a29a92802e77,efb17b5912fbb2c144dab4d99924dbc341e8f64054be7909dd7818cad155bef2,190,712-713,17742,カシ類,ブナ科,exact_japanese_name,include,2026-07-11,原典画像（PDF p.190、冊子p.712-713）で「カシ類」欄の「ゴマダラモモブトカミキリ」を確認。
kamikiri-host-index-184-191-0461,species-22515,トゲバカミキリ,トゲバカミキリ,日本産カミキリムシ,日本産カミキリムシ_compressed.pdf,52299895c14c1fd1c74279dca00f6fd9ba64d36d69e3bf3dd9c3a29a92802e77,efb17b5912fbb2c144dab4d99924dbc341e8f64054be7909dd7818cad155bef2,190,712-713,17742,カシ類,ブナ科,exact_japanese_name,include,2026-07-11,原典画像（PDF p.190、冊子p.712-713）で「カシ類」欄の「トゲバカミキリ」を確認。
kamikiri-host-index-184-191-0465,species-22589,ヒメアヤモンチビカミキリ,ヒメアヤモンチビカミキリ,日本産カミキリムシ,日本産カミキリムシ_compressed.pdf,52299895c14c1fd1c74279dca00f6fd9ba64d36d69e3bf3dd9c3a29a92802e77,efb17b5912fbb2c144dab4d99924dbc341e8f64054be7909dd7818cad155bef2,190,712-713,17742,カシ類,ブナ科,exact_japanese_name,include,2026-07-11,原典画像（PDF p.190、冊子p.712-713）で「カシ類」欄の「ヒメアヤモンチビカミキリ」を確認。
kamikiri-host-index-184-191-0464,species-22641,ヒトオビチビカミキリ,ヒトオビチビカミキリ,日本産カミキリムシ,日本産カミキリムシ_compressed.pdf,52299895c14c1fd1c74279dca00f6fd9ba64d36d69e3bf3dd9c3a29a92802e77,efb17b5912fbb2c144dab4d99924dbc341e8f64054be7909dd7818cad155bef2,190,712-713,17742,カシ類,ブナ科,reviewed_source_crosswalk,include,2026-07-11,原典画像（PDF p.190、冊子p.712-713）で「カシ類」欄の「ヒトオビチビカミキリ」を確認。監査済み名対応表との一致を確認。
kamikiri-host-index-184-191-0459,species-22642,シロオビチビカミキリ 基亜種,シロオビチビカミキリ,日本産カミキリムシ,日本産カミキリムシ_compressed.pdf,52299895c14c1fd1c74279dca00f6fd9ba64d36d69e3bf3dd9c3a29a92802e77,efb17b5912fbb2c144dab4d99924dbc341e8f64054be7909dd7818cad155bef2,190,712-713,17742,カシ類,ブナ科,reviewed_source_crosswalk,include,2026-07-11,原典画像（PDF p.190、冊子p.712-713）で「カシ類」欄の「シロオビチビカミキリ」を確認。原典名「シロオビチビカミキリ」を現行名「シロオビチビカミキリ 基亜種」へ照合。
kamikiri-host-index-184-191-0460,species-22654,シロスジカミキリ,シロスジカミキリ,日本産カミキリムシ,日本産カミキリムシ_compressed.pdf,52299895c14c1fd1c74279dca00f6fd9ba64d36d69e3bf3dd9c3a29a92802e77,efb17b5912fbb2c144dab4d99924dbc341e8f64054be7909dd7818cad155bef2,190,712-713,17742,カシ類,ブナ科,exact_japanese_name,include,2026-07-11,原典画像（PDF p.190、冊子p.712-713）で「カシ類」欄の「シロスジカミキリ」を確認。
KDB-0128,species-22786,ヒメヒゲナガカミキリ 基亜種,ヒメヒゲナガカミキリ,日本産カミキリムシ,日本産カミキリムシ_compressed.pdf,52299895c14c1fd1c74279dca00f6fd9ba64d36d69e3bf3dd9c3a29a92802e77,efb17b5912fbb2c144dab4d99924dbc341e8f64054be7909dd7818cad155bef2,190,712-713,17742,カシ類,ブナ科,exact_derived_base_name,include,2026-07-11,索引PDF p.190で学名が基亜種として明示され、種解説PDF p.124の基亜種見出しおよび normalized_data/insects.csv の同種群と一致
kamikiri-host-index-184-191-0471,species-22828,ヤエヤマフトカミキリ,ヤエヤマフトカミキリ,日本産カミキリムシ,日本産カミキリムシ_compressed.pdf,52299895c14c1fd1c74279dca00f6fd9ba64d36d69e3bf3dd9c3a29a92802e77,efb17b5912fbb2c144dab4d99924dbc341e8f64054be7909dd7818cad155bef2,190,712-713,17742,カシ類,ブナ科,exact_japanese_name,include,2026-07-11,原典画像（PDF p.190、冊子p.712-713）で「カシ類」欄の「ヤエヤマフトカミキリ」を確認。
KDB-0130,species-22843,セミスジコブヒゲカミキリ 基亜種,セミスジコブヒゲカミキリ,日本産カミキリムシ,日本産カミキリムシ_compressed.pdf,52299895c14c1fd1c74279dca00f6fd9ba64d36d69e3bf3dd9c3a29a92802e77,efb17b5912fbb2c144dab4d99924dbc341e8f64054be7909dd7818cad155bef2,190,712-713,17742,カシ類,ブナ科,exact_derived_base_name,include,2026-07-11,索引PDF p.190で学名が基亜種として明示され、種解説PDF p.140の基亜種見出しおよび normalized_data/insects.csv の同種群と一致
KDB-0129,species-22856,ヤハズカミキリ 基亜種,ヤハズカミキリ,日本産カミキリムシ,日本産カミキリムシ_compressed.pdf,52299895c14c1fd1c74279dca00f6fd9ba64d36d69e3bf3dd9c3a29a92802e77,efb17b5912fbb2c144dab4d99924dbc341e8f64054be7909dd7818cad155bef2,190,712-713,17742,カシ類,ブナ科,exact_derived_base_name,include,2026-07-11,索引PDF p.190で学名が基亜種として明示され、種解説PDF p.132の基亜種見出しおよび normalized_data/insects.csv の同種群と一致
kamikiri-host-index-184-191-0458,species-22862,シロオビゴマフカミキリ,シロオビゴマフカミキリ,日本産カミキリムシ,日本産カミキリムシ_compressed.pdf,52299895c14c1fd1c74279dca00f6fd9ba64d36d69e3bf3dd9c3a29a92802e77,efb17b5912fbb2c144dab4d99924dbc341e8f64054be7909dd7818cad155bef2,190,712-713,17742,カシ類,ブナ科,exact_japanese_name,include,2026-07-11,原典画像（PDF p.190、冊子p.712-713）で「カシ類」欄の「シロオビゴマフカミキリ」を確認。
kamikiri-host-index-184-191-0463,species-22866,ナガゴマフカミキリ,ナガゴマフカミキリ,日本産カミキリムシ,日本産カミキリムシ_compressed.pdf,52299895c14c1fd1c74279dca00f6fd9ba64d36d69e3bf3dd9c3a29a92802e77,efb17b5912fbb2c144dab4d99924dbc341e8f64054be7909dd7818cad155bef2,190,712-713,17742,カシ類,ブナ科,exact_japanese_name,include,2026-07-11,原典画像（PDF p.190、冊子p.712-713）で「カシ類」欄の「ナガゴマフカミキリ」を確認。
kamikiri-host-index-184-191-0456,species-22871,ゴマフカミキリ,ゴマフカミキリ,日本産カミキリムシ,日本産カミキリムシ_compressed.pdf,52299895c14c1fd1c74279dca00f6fd9ba64d36d69e3bf3dd9c3a29a92802e77,efb17b5912fbb2c144dab4d99924dbc341e8f64054be7909dd7818cad155bef2,190,712-713,17742,カシ類,ブナ科,exact_japanese_name,include,2026-07-11,原典画像（PDF p.190、冊子p.712-713）で「カシ類」欄の「ゴマフカミキリ」を確認。
kamikiri-host-index-184-191-0451,species-22915,アトモンマルケシカミキリ,アトモンマルケシカミキリ,日本産カミキリムシ,日本産カミキリムシ_compressed.pdf,52299895c14c1fd1c74279dca00f6fd9ba64d36d69e3bf3dd9c3a29a92802e77,efb17b5912fbb2c144dab4d99924dbc341e8f64054be7909dd7818cad155bef2,190,712-713,17742,カシ類,ブナ科,exact_japanese_name,include,2026-07-11,原典画像（PDF p.190、冊子p.712-713）で「カシ類」欄の「アトモンマルケシカミキリ」を確認。
KDB-0127,species-22963,トガリシロオビサビカミキリ 基亜種,トガリシロオビサビカミキリ,日本産カミキリムシ,日本産カミキリムシ_compressed.pdf,52299895c14c1fd1c74279dca00f6fd9ba64d36d69e3bf3dd9c3a29a92802e77,efb17b5912fbb2c144dab4d99924dbc341e8f64054be7909dd7818cad155bef2,190,712-713,17742,カシ類,ブナ科,exact_derived_base_name,include,2026-07-11,索引PDF p.190で学名が基亜種として明示され、種解説PDF p.113の基亜種見出しおよび normalized_data/insects.csv の同種群と一致
kamikiri-host-index-184-191-0452,species-22970,エゾサビカミキリ,エゾサビカミキリ,日本産カミキリムシ,日本産カミキリムシ_compressed.pdf,52299895c14c1fd1c74279dca00f6fd9ba64d36d69e3bf3dd9c3a29a92802e77,efb17b5912fbb2c144dab4d99924dbc341e8f64054be7909dd7818cad155bef2,190,712-713,17742,カシ類,ブナ科,exact_japanese_name,include,2026-07-11,原典画像（PDF p.190、冊子p.712-713）で「カシ類」欄の「エゾサビカミキリ」を確認。
KDB-0131,1-1,ウスバカミキリ 基亜種,ウスバカミキリ,日本産カミキリムシ,日本産カミキリムシ_compressed.pdf,52299895c14c1fd1c74279dca00f6fd9ba64d36d69e3bf3dd9c3a29a92802e77,efb17b5912fbb2c144dab4d99924dbc341e8f64054be7909dd7818cad155bef2,190,712-713,17784,ナラ類,ブナ科,exact_derived_base_name,include,2026-07-11,索引PDF p.190で学名が基亜種として明示され、種解説PDF p.4の基亜種見出しおよび normalized_data/insects.csv の同種群と一致
KDB-0132,13-1,ノコギリカミキリ 基亜種,ノコギリカミキリ,日本産カミキリムシ,日本産カミキリムシ_compressed.pdf,52299895c14c1fd1c74279dca00f6fd9ba64d36d69e3bf3dd9c3a29a92802e77,efb17b5912fbb2c144dab4d99924dbc341e8f64054be7909dd7818cad155bef2,190,712-713,17784,ナラ類,ブナ科,exact_derived_base_name,include,2026-07-11,索引PDF p.190で学名が基亜種として明示され、種解説PDF p.5の基亜種見出しおよび normalized_data/insects.csv の同種群と一致
KDB-0133,4-1,コバネカミキリ 基亜種,コバネカミキリ,日本産カミキリムシ,日本産カミキリムシ_compressed.pdf,52299895c14c1fd1c74279dca00f6fd9ba64d36d69e3bf3dd9c3a29a92802e77,efb17b5912fbb2c144dab4d99924dbc341e8f64054be7909dd7818cad155bef2,190,712-713,17784,ナラ類,ブナ科,exact_derived_base_name,include,2026-07-11,索引PDF p.190で学名が基亜種として明示され、種解説PDF p.6の基亜種見出しおよび normalized_data/insects.csv の同種群と一致
kamikiri-host-index-184-191-0481,species-21891,チャイロホソヒラタカミキリ,チャイロホソヒラタカミキリ,日本産カミキリムシ,日本産カミキリムシ_compressed.pdf,52299895c14c1fd1c74279dca00f6fd9ba64d36d69e3bf3dd9c3a29a92802e77,efb17b5912fbb2c144dab4d99924dbc341e8f64054be7909dd7818cad155bef2,190,712-713,17784,ナラ類,ブナ科,exact_japanese_name,include,2026-07-11,原典画像（PDF p.190、冊子p.712-713）で「ナラ類」欄の「チャイロホソヒラタカミキリ」を確認。
kamikiri-host-index-184-191-0475,species-21898,クロヒラタカミキリ,クロヒラタカミキリ,日本産カミキリムシ,日本産カミキリムシ_compressed.pdf,52299895c14c1fd1c74279dca00f6fd9ba64d36d69e3bf3dd9c3a29a92802e77,efb17b5912fbb2c144dab4d99924dbc341e8f64054be7909dd7818cad155bef2,190,712-713,17784,ナラ類,ブナ科,exact_japanese_name,include,2026-07-11,原典画像（PDF p.190、冊子p.712-713）で「ナラ類」欄の「クロヒラタカミキリ」を確認。
kamikiri-host-index-184-191-0484,species-21923,ヨツボシカミキリ,ヨツボシカミキリ,日本産カミキリムシ,日本産カミキリムシ_compressed.pdf,52299895c14c1fd1c74279dca00f6fd9ba64d36d69e3bf3dd9c3a29a92802e77,efb17b5912fbb2c144dab4d99924dbc341e8f64054be7909dd7818cad155bef2,190,712-713,17784,ナラ類,ブナ科,exact_japanese_name,include,2026-07-11,原典画像（PDF p.190、冊子p.712-713）で「ナラ類」欄の「ヨツボシカミキリ」を確認。
kamikiri-host-index-184-191-0482,species-21970,トウキョウトラカミキリ,トウキョウトラカミキリ,日本産カミキリムシ,日本産カミキリムシ_compressed.pdf,52299895c14c1fd1c74279dca00f6fd9ba64d36d69e3bf3dd9c3a29a92802e77,efb17b5912fbb2c144dab4d99924dbc341e8f64054be7909dd7818cad155bef2,190,712-713,17784,ナラ類,ブナ科,reviewed_source_crosswalk,include,2026-07-11,原典画像（PDF p.190、冊子p.712-713）で「ナラ類」欄の「トウキョウトラカミキリ」を確認。監査済み名対応表との一致を確認。
kamikiri-host-index-184-191-0479,species-21974,シラケトラカミキリ,シラケトラカミキリ,日本産カミキリムシ,日本産カミキリムシ_compressed.pdf,52299895c14c1fd1c74279dca00f6fd9ba64d36d69e3bf3dd9c3a29a92802e77,efb17b5912fbb2c144dab4d99924dbc341e8f64054be7909dd7818cad155bef2,190,712-713,17784,ナラ類,ブナ科,exact_japanese_name,include,2026-07-11,原典画像（PDF p.190、冊子p.712-713）で「ナラ類」欄の「シラケトラカミキリ」を確認。
kamikiri-host-index-184-191-0473,species-21976,キスジトラカミキリ,キスジトラカミキリ,日本産カミキリムシ,日本産カミキリムシ_compressed.pdf,52299895c14c1fd1c74279dca00f6fd9ba64d36d69e3bf3dd9c3a29a92802e77,efb17b5912fbb2c144dab4d99924dbc341e8f64054be7909dd7818cad155bef2,190,712-713,17784,ナラ類,ブナ科,exact_japanese_name,include,2026-07-11,原典画像（PDF p.190、冊子p.712-713）で「ナラ類」欄の「キスジトラカミキリ」を確認。
kamikiri-host-index-184-191-0472,species-21986,キイロトラカミキリ,キイロトラカミキリ,日本産カミキリムシ,日本産カミキリムシ_compressed.pdf,52299895c14c1fd1c74279dca00f6fd9ba64d36d69e3bf3dd9c3a29a92802e77,efb17b5912fbb2c144dab4d99924dbc341e8f64054be7909dd7818cad155bef2,190,712-713,17784,ナラ類,ブナ科,exact_japanese_name,include,2026-07-11,原典画像（PDF p.190、冊子p.712-713）で「ナラ類」欄の「キイロトラカミキリ」を確認。
kamikiri-host-index-184-191-0474,species-22014,クリストフコトラカミキリ,クリストフコトラカミキリ,日本産カミキリムシ,日本産カミキリムシ_compressed.pdf,52299895c14c1fd1c74279dca00f6fd9ba64d36d69e3bf3dd9c3a29a92802e77,efb17b5912fbb2c144dab4d99924dbc341e8f64054be7909dd7818cad155bef2,190,712-713,17784,ナラ類,ブナ科,reviewed_source_crosswalk,include,2026-07-11,原典画像（PDF p.190、冊子p.712-713）で「ナラ類」欄の「クリストフコトラカミキリ」を確認。監査済み名対応表との一致を確認。
KDB-0134,species-22251,ヨツスジハナカミキリ 基亜種,ヨツスジハナカミキリ,日本産カミキリムシ,日本産カミキリムシ_compressed.pdf,52299895c14c1fd1c74279dca00f6fd9ba64d36d69e3bf3dd9c3a29a92802e77,efb17b5912fbb2c144dab4d99924dbc341e8f64054be7909dd7818cad155bef2,190,712-713,17784,ナラ類,ブナ科,exact_derived_base_name,include,2026-07-11,索引PDF p.190で学名が基亜種として明示され、種解説PDF p.37の基亜種見出しおよび normalized_data/insects.csv の同種群と一致
kamikiri-host-index-184-191-0483,species-22558,ヒゲナガゴマフカミキリ,ヒゲナガゴマフカミキリ,日本産カミキリムシ,日本産カミキリムシ_compressed.pdf,52299895c14c1fd1c74279dca00f6fd9ba64d36d69e3bf3dd9c3a29a92802e77,efb17b5912fbb2c144dab4d99924dbc341e8f64054be7909dd7818cad155bef2,190,712-713,17784,ナラ類,ブナ科,exact_japanese_name,include,2026-07-11,原典画像（PDF p.190、冊子p.712-713）で「ナラ類」欄の「ヒゲナガゴマフカミキリ」を確認。
kamikiri-host-index-184-191-0480,species-22654,シロスジカミキリ,シロスジカミキリ,日本産カミキリムシ,日本産カミキリムシ_compressed.pdf,52299895c14c1fd1c74279dca00f6fd9ba64d36d69e3bf3dd9c3a29a92802e77,efb17b5912fbb2c144dab4d99924dbc341e8f64054be7909dd7818cad155bef2,190,712-713,17784,ナラ類,ブナ科,exact_japanese_name,include,2026-07-11,原典画像（PDF p.190、冊子p.712-713）で「ナラ類」欄の「シロスジカミキリ」を確認。
kamikiri-host-index-184-191-0477,species-22764,ゴマダラカミキリ,ゴマダラカミキリ,日本産カミキリムシ,日本産カミキリムシ_compressed.pdf,52299895c14c1fd1c74279dca00f6fd9ba64d36d69e3bf3dd9c3a29a92802e77,efb17b5912fbb2c144dab4d99924dbc341e8f64054be7909dd7818cad155bef2,190,712-713,17784,ナラ類,ブナ科,exact_japanese_name,include,2026-07-11,原典画像（PDF p.190、冊子p.712-713）で「ナラ類」欄の「ゴマダラカミキリ」を確認。
kamikiri-host-index-184-191-0476,species-22798,コブヤハズカミキリ 基亜種,コブヤハズカミキリ,日本産カミキリムシ,日本産カミキリムシ_compressed.pdf,52299895c14c1fd1c74279dca00f6fd9ba64d36d69e3bf3dd9c3a29a92802e77,efb17b5912fbb2c144dab4d99924dbc341e8f64054be7909dd7818cad155bef2,190,712-713,17784,ナラ類,ブナ科,reviewed_source_crosswalk,include,2026-07-11,原典画像（PDF p.190、冊子p.712-713）で「ナラ類」欄の「コブヤハズカミキリ」を確認。原典名「コブヤハズカミキリ」を現行名「コブヤハズカミキリ 基亜種」へ照合。
kamikiri-host-index-184-191-0478,species-22871,ゴマフカミキリ,ゴマフカミキリ,日本産カミキリムシ,日本産カミキリムシ_compressed.pdf,52299895c14c1fd1c74279dca00f6fd9ba64d36d69e3bf3dd9c3a29a92802e77,efb17b5912fbb2c144dab4d99924dbc341e8f64054be7909dd7818cad155bef2,190,712-713,17784,ナラ類,ブナ科,exact_japanese_name,include,2026-07-11,原典画像（PDF p.190、冊子p.712-713）で「ナラ類」欄の「ゴマフカミキリ」を確認。
kamikiri-host-index-184-191-0487,8,ベーツヒラタカミキリ,ベーツヒラタカミキリ,日本産カミキリムシ,日本産カミキリムシ_compressed.pdf,52299895c14c1fd1c74279dca00f6fd9ba64d36d69e3bf3dd9c3a29a92802e77,efb17b5912fbb2c144dab4d99924dbc341e8f64054be7909dd7818cad155bef2,190,712-713,17808,ムクノキ,アサ科,exact_japanese_name,include,2026-07-11,OCRでは直前のブナ科を継承していたが、原典画像のニレ科見出しを確認。既存正規化データの現行分類に合わせ、植物科をアサ科へ統一。原典画像（PDF p.190、冊子p.712-713）で「ムクノキ」欄の「ベーツヒラタカミキリ」を確認。
kamikiri-host-index-184-191-0485,species-21988,エグリトラカミキリ,エグリトラカミキリ,日本産カミキリムシ,日本産カミキリムシ_compressed.pdf,52299895c14c1fd1c74279dca00f6fd9ba64d36d69e3bf3dd9c3a29a92802e77,efb17b5912fbb2c144dab4d99924dbc341e8f64054be7909dd7818cad155bef2,190,712-713,17808,ムクノキ,アサ科,exact_japanese_name,include,2026-07-11,OCRでは直前のブナ科を継承していたが、原典画像のニレ科見出しを確認。既存正規化データの現行分類に合わせ、植物科をアサ科へ統一。原典画像（PDF p.190、冊子p.712-713）で「ムクノキ」欄の「エグリトラカミキリ」を確認。
kamikiri-host-index-184-191-0488,species-22278,ベニバハナカミキリ,ベニバハナカミキリ,日本産カミキリムシ,日本産カミキリムシ_compressed.pdf,52299895c14c1fd1c74279dca00f6fd9ba64d36d69e3bf3dd9c3a29a92802e77,efb17b5912fbb2c144dab4d99924dbc341e8f64054be7909dd7818cad155bef2,190,712-713,17808,ムクノキ,アサ科,exact_japanese_name,include,2026-07-11,OCRでは直前のブナ科を継承していたが、原典画像のニレ科見出しを確認。既存正規化データの現行分類に合わせ、植物科をアサ科へ統一。原典画像（PDF p.190、冊子p.712-713）で「ムクノキ」欄の「ベニバハナカミキリ」を確認。
kamikiri-host-index-184-191-0486,species-22709,オオシロカミキリ,オオシロカミキリ,日本産カミキリムシ,日本産カミキリムシ_compressed.pdf,52299895c14c1fd1c74279dca00f6fd9ba64d36d69e3bf3dd9c3a29a92802e77,efb17b5912fbb2c144dab4d99924dbc341e8f64054be7909dd7818cad155bef2,190,712-713,17808,ムクノキ,アサ科,exact_japanese_name,include,2026-07-11,OCRでは直前のブナ科を継承していたが、原典画像のニレ科見出しを確認。既存正規化データの現行分類に合わせ、植物科をアサ科へ統一。原典画像（PDF p.190、冊子p.712-713）で「ムクノキ」欄の「オオシロカミキリ」を確認。
KDB-0135,species-22832,キボシカミキリ 基亜種,キボシカミキリ,日本産カミキリムシ,日本産カミキリムシ_compressed.pdf,52299895c14c1fd1c74279dca00f6fd9ba64d36d69e3bf3dd9c3a29a92802e77,efb17b5912fbb2c144dab4d99924dbc341e8f64054be7909dd7818cad155bef2,190,712-713,17808,ムクノキ,アサ科,exact_derived_base_name,include,2026-07-11,索引PDF p.190で学名が基亜種として明示され、種解説PDF p.133の基亜種見出しおよび normalized_data/insects.csv の同種群と一致。原典の旧分類「ニレ科」からサイト現行分類のアサ科へ正規化
kamikiri-host-index-184-191-0489,species-22054,オガサワライカリモントラカミキリ,オガサワライカリモントラカミキリ,日本産カミキリムシ,日本産カミキリムシ_compressed.pdf,52299895c14c1fd1c74279dca00f6fd9ba64d36d69e3bf3dd9c3a29a92802e77,efb17b5912fbb2c144dab4d99924dbc341e8f64054be7909dd7818cad155bef2,190,712-713,17812,クワノハエノキ,アサ科,exact_japanese_name,include,2026-07-11,OCR植物見出しの境界誤りを原典画像で訂正: ムクノキ→クワノハエノキ。OCRでは直前のブナ科を継承していたが、原典画像のニレ科見出しを確認。既存正規化データの現行分類に合わせ、植物科をアサ科へ統一。原典画像（PDF p.190、冊子p.712-713）で「クワノハエノキ」欄の「オガサワライカリモントラカミキリ」を確認。
kamikiri-host-index-184-191-0490,species-22486,オガサワラカミキリ,オガサワラカミキリ,日本産カミキリムシ,日本産カミキリムシ_compressed.pdf,52299895c14c1fd1c74279dca00f6fd9ba64d36d69e3bf3dd9c3a29a92802e77,efb17b5912fbb2c144dab4d99924dbc341e8f64054be7909dd7818cad155bef2,190,712-713,17812,クワノハエノキ,アサ科,exact_japanese_name,include,2026-07-11,OCR植物見出しの境界誤りを原典画像で訂正: ムクノキ→クワノハエノキ。OCRでは直前のブナ科を継承していたが、原典画像のニレ科見出しを確認。既存正規化データの現行分類に合わせ、植物科をアサ科へ統一。原典画像（PDF p.190、冊子p.712-713）で「クワノハエノキ」欄の「オガサワラカミキリ」を確認。
KDB-0136,1-1,ウスバカミキリ 基亜種,ウスバカミキリ,日本産カミキリムシ,日本産カミキリムシ_compressed.pdf,52299895c14c1fd1c74279dca00f6fd9ba64d36d69e3bf3dd9c3a29a92802e77,efb17b5912fbb2c144dab4d99924dbc341e8f64054be7909dd7818cad155bef2,190,712-713,17815,エゾエノキ,アサ科,exact_derived_base_name,include,2026-07-11,索引PDF p.190で学名が基亜種として明示され、種解説PDF p.4の基亜種見出しおよび normalized_data/insects.csv の同種群と一致。原典の旧分類「ニレ科」からサイト現行分類のアサ科へ正規化
kamikiri-host-index-184-191-0491,species-21852,アカジマトラカミキリ,アカジマトラカミキリ,日本産カミキリムシ,日本産カミキリムシ_compressed.pdf,52299895c14c1fd1c74279dca00f6fd9ba64d36d69e3bf3dd9c3a29a92802e77,efb17b5912fbb2c144dab4d99924dbc341e8f64054be7909dd7818cad155bef2,190,712-713,17815,エゾエノキ,アサ科,exact_japanese_name,include,2026-07-11,OCRでは直前のブナ科を継承していたが、原典画像のニレ科見出しを確認。既存正規化データの現行分類に合わせ、植物科をアサ科へ統一。原典画像（PDF p.190、冊子p.712-713）で「エゾエノキ」欄の「アカジマトラカミキリ」を確認。
kamikiri-host-index-184-191-0498,species-21868,シロトラカミキリ,シロトラカミキリ,日本産カミキリムシ,日本産カミキリムシ_compressed.pdf,52299895c14c1fd1c74279dca00f6fd9ba64d36d69e3bf3dd9c3a29a92802e77,efb17b5912fbb2c144dab4d99924dbc341e8f64054be7909dd7818cad155bef2,190,712-713,17815,エゾエノキ,アサ科,exact_japanese_name,include,2026-07-11,OCRでは直前のブナ科を継承していたが、原典画像のニレ科見出しを確認。既存正規化データの現行分類に合わせ、植物科をアサ科へ統一。原典画像（PDF p.190、冊子p.712-713）で「エゾエノキ」欄の「シロトラカミキリ」を確認。
kamikiri-host-index-184-191-0494,species-21973,キンケトラカミキリ,キンケトラカミキリ,日本産カミキリムシ,日本産カミキリムシ_compressed.pdf,52299895c14c1fd1c74279dca00f6fd9ba64d36d69e3bf3dd9c3a29a92802e77,efb17b5912fbb2c144dab4d99924dbc341e8f64054be7909dd7818cad155bef2,190,712-713,17815,エゾエノキ,アサ科,exact_japanese_name,include,2026-07-11,OCRでは直前のブナ科を継承していたが、原典画像のニレ科見出しを確認。既存正規化データの現行分類に合わせ、植物科をアサ科へ統一。原典画像（PDF p.190、冊子p.712-713）で「エゾエノキ」欄の「キンケトラカミキリ」を確認。
kamikiri-host-index-184-191-0497,species-21974,シラケトラカミキリ,シラケトラカミキリ,日本産カミキリムシ,日本産カミキリムシ_compressed.pdf,52299895c14c1fd1c74279dca00f6fd9ba64d36d69e3bf3dd9c3a29a92802e77,efb17b5912fbb2c144dab4d99924dbc341e8f64054be7909dd7818cad155bef2,190,712-713,17815,エゾエノキ,アサ科,exact_japanese_name,include,2026-07-11,OCRでは直前のブナ科を継承していたが、原典画像のニレ科見出しを確認。既存正規化データの現行分類に合わせ、植物科をアサ科へ統一。原典画像（PDF p.190、冊子p.712-713）で「エゾエノキ」欄の「シラケトラカミキリ」を確認。
kamikiri-host-index-184-191-0504,species-21984,ヨコヤマトラカミキリ,ヨコヤマトラカミキリ,日本産カミキリムシ,日本産カミキリムシ_compressed.pdf,52299895c14c1fd1c74279dca00f6fd9ba64d36d69e3bf3dd9c3a29a92802e77,efb17b5912fbb2c144dab4d99924dbc341e8f64054be7909dd7818cad155bef2,190,712-713,17815,エゾエノキ,アサ科,exact_japanese_name,include,2026-07-11,OCRでは直前のブナ科を継承していたが、原典画像のニレ科見出しを確認。既存正規化データの現行分類に合わせ、植物科をアサ科へ統一。原典画像（PDF p.190、冊子p.712-713）で「エゾエノキ」欄の「ヨコヤマトラカミキリ」を確認。
kamikiri-host-index-184-191-0492,species-21988,エグリトラカミキリ,エグリトラカミキリ,日本産カミキリムシ,日本産カミキリムシ_compressed.pdf,52299895c14c1fd1c74279dca00f6fd9ba64d36d69e3bf3dd9c3a29a92802e77,efb17b5912fbb2c144dab4d99924dbc341e8f64054be7909dd7818cad155bef2,190,712-713,17815,エゾエノキ,アサ科,exact_japanese_name,include,2026-07-11,OCRでは直前のブナ科を継承していたが、原典画像のニレ科見出しを確認。既存正規化データの現行分類に合わせ、植物科をアサ科へ統一。原典画像（PDF p.190、冊子p.712-713）で「エゾエノキ」欄の「エグリトラカミキリ」を確認。
KDB-0138,species-22016,カンボウトラカミキリ 基亜種,カンボウトラカミキリ,日本産カミキリムシ,日本産カミキリムシ_compressed.pdf,52299895c14c1fd1c74279dca00f6fd9ba64d36d69e3bf3dd9c3a29a92802e77,efb17b5912fbb2c144dab4d99924dbc341e8f64054be7909dd7818cad155bef2,190,712-713,17815,エゾエノキ,アサ科,exact_derived_base_name,exclude_ocr_or_boundary,2026-07-11,索引画像は Rhabdoclytus acutivittis inscriptus を明示。種解説PDF p.86および同種群では現行ID species-22018（本土亜種）に対応し、基亜種候補には帰属しない。原典の旧分類「ニレ科」からサイト現行分類のアサ科へ正規化
kamikiri-host-index-184-191-0503,species-22060,ヤノトラカミキリ,ヤノトラカミキリ,日本産カミキリムシ,日本産カミキリムシ_compressed.pdf,52299895c14c1fd1c74279dca00f6fd9ba64d36d69e3bf3dd9c3a29a92802e77,efb17b5912fbb2c144dab4d99924dbc341e8f64054be7909dd7818cad155bef2,190,712-713,17815,エゾエノキ,アサ科,exact_japanese_name,include,2026-07-11,OCRでは直前のブナ科を継承していたが、原典画像のニレ科見出しを確認。既存正規化データの現行分類に合わせ、植物科をアサ科へ統一。原典画像（PDF p.190、冊子p.712-713）で「エゾエノキ」欄の「ヤノトラカミキリ」を確認。
KDB-0137,species-22095,ホソツヤヒゲナガコバネカミキリ 基亜種,ホソツヤヒゲナガコバネカミキリ,日本産カミキリムシ,日本産カミキリムシ_compressed.pdf,52299895c14c1fd1c74279dca00f6fd9ba64d36d69e3bf3dd9c3a29a92802e77,efb17b5912fbb2c144dab4d99924dbc341e8f64054be7909dd7818cad155bef2,190,712-713,17815,エゾエノキ,アサ科,exact_derived_base_name,include,2026-07-11,索引PDF p.190で学名が基亜種として明示され、種解説PDF p.62の基亜種見出しおよび normalized_data/insects.csv の同種群と一致。原典の旧分類「ニレ科」からサイト現行分類のアサ科へ正規化
kamikiri-host-index-184-191-0500,species-22515,トゲバカミキリ,トゲバカミキリ,日本産カミキリムシ,日本産カミキリムシ_compressed.pdf,52299895c14c1fd1c74279dca00f6fd9ba64d36d69e3bf3dd9c3a29a92802e77,efb17b5912fbb2c144dab4d99924dbc341e8f64054be7909dd7818cad155bef2,190,712-713,17815,エゾエノキ,アサ科,exact_japanese_name,include,2026-07-11,OCRでは直前のブナ科を継承していたが、原典画像のニレ科見出しを確認。既存正規化データの現行分類に合わせ、植物科をアサ科へ統一。原典画像（PDF p.190、冊子p.712-713）で「エゾエノキ」欄の「トゲバカミキリ」を確認。
kamikiri-host-index-184-191-0502,species-22641,ヒトオビチビカミキリ,ヒトオビチビカミキリ,日本産カミキリムシ,日本産カミキリムシ_compressed.pdf,52299895c14c1fd1c74279dca00f6fd9ba64d36d69e3bf3dd9c3a29a92802e77,efb17b5912fbb2c144dab4d99924dbc341e8f64054be7909dd7818cad155bef2,190,712-713,17815,エゾエノキ,アサ科,reviewed_source_crosswalk,include,2026-07-11,OCRでは直前のブナ科を継承していたが、原典画像のニレ科見出しを確認。既存正規化データの現行分類に合わせ、植物科をアサ科へ統一。原典画像（PDF p.190、冊子p.712-713）で「エゾエノキ」欄の「ヒトオビチビカミキリ」を確認。監査済み名対応表との一致を確認。
kamikiri-host-index-184-191-0493,species-22709,オオシロカミキリ,オオシロカミキリ,日本産カミキリムシ,日本産カミキリムシ_compressed.pdf,52299895c14c1fd1c74279dca00f6fd9ba64d36d69e3bf3dd9c3a29a92802e77,efb17b5912fbb2c144dab4d99924dbc341e8f64054be7909dd7818cad155bef2,190,712-713,17815,エゾエノキ,アサ科,exact_japanese_name,include,2026-07-11,OCRでは直前のブナ科を継承していたが、原典画像のニレ科見出しを確認。既存正規化データの現行分類に合わせ、植物科をアサ科へ統一。原典画像（PDF p.190、冊子p.712-713）で「エゾエノキ」欄の「オオシロカミキリ」を確認。
kamikiri-host-index-184-191-0499,species-22861,チャボヒゲナガカミキリ,チャボヒゲナガカミキリ,日本産カミキリムシ,日本産カミキリムシ_compressed.pdf,52299895c14c1fd1c74279dca00f6fd9ba64d36d69e3bf3dd9c3a29a92802e77,efb17b5912fbb2c144dab4d99924dbc341e8f64054be7909dd7818cad155bef2,190,712-713,17815,エゾエノキ,アサ科,exact_japanese_name,include,2026-07-11,OCRでは直前のブナ科を継承していたが、原典画像のニレ科見出しを確認。既存正規化データの現行分類に合わせ、植物科をアサ科へ統一。原典画像（PDF p.190、冊子p.712-713）で「エゾエノキ」欄の「チャボヒゲナガカミキリ」を確認。
kamikiri-host-index-184-191-0501,species-22866,ナガゴマフカミキリ,ナガゴマフカミキリ,日本産カミキリムシ,日本産カミキリムシ_compressed.pdf,52299895c14c1fd1c74279dca00f6fd9ba64d36d69e3bf3dd9c3a29a92802e77,efb17b5912fbb2c144dab4d99924dbc341e8f64054be7909dd7818cad155bef2,190,712-713,17815,エゾエノキ,アサ科,exact_japanese_name,include,2026-07-11,OCRでは直前のブナ科を継承していたが、原典画像のニレ科見出しを確認。既存正規化データの現行分類に合わせ、植物科をアサ科へ統一。原典画像（PDF p.190、冊子p.712-713）で「エゾエノキ」欄の「ナガゴマフカミキリ」を確認。
KDB-0139,species-22890,カタシロゴマフカミキリ 基亜種,カタシロゴマフカミキリ,日本産カミキリムシ,日本産カミキリムシ_compressed.pdf,52299895c14c1fd1c74279dca00f6fd9ba64d36d69e3bf3dd9c3a29a92802e77,efb17b5912fbb2c144dab4d99924dbc341e8f64054be7909dd7818cad155bef2,190,712-713,17815,エゾエノキ,アサ科,exact_derived_base_name,include,2026-07-11,索引PDF p.190で学名が基亜種として明示され、種解説PDF p.94の基亜種見出しおよび normalized_data/insects.csv の同種群と一致。原典の旧分類「ニレ科」からサイト現行分類のアサ科へ正規化
kamikiri-host-index-184-191-0495,species-22910,クモガタケシカミキリ,クモガタケシカミキリ,日本産カミキリムシ,日本産カミキリムシ_compressed.pdf,52299895c14c1fd1c74279dca00f6fd9ba64d36d69e3bf3dd9c3a29a92802e77,efb17b5912fbb2c144dab4d99924dbc341e8f64054be7909dd7818cad155bef2,190,712-713,17815,エゾエノキ,アサ科,exact_japanese_name,include,2026-07-11,OCRでは直前のブナ科を継承していたが、原典画像のニレ科見出しを確認。既存正規化データの現行分類に合わせ、植物科をアサ科へ統一。原典画像（PDF p.190、冊子p.712-713）で「エゾエノキ」欄の「クモガタケシカミキリ」を確認。
kamikiri-host-index-184-191-0496,species-22913,シラオビゴマフケシカミキリ,シラオビゴマフケシカミキリ,日本産カミキリムシ,日本産カミキリムシ_compressed.pdf,52299895c14c1fd1c74279dca00f6fd9ba64d36d69e3bf3dd9c3a29a92802e77,efb17b5912fbb2c144dab4d99924dbc341e8f64054be7909dd7818cad155bef2,190,712-713,17815,エゾエノキ,アサ科,exact_japanese_name,include,2026-07-11,OCRでは直前のブナ科を継承していたが、原典画像のニレ科見出しを確認。既存正規化データの現行分類に合わせ、植物科をアサ科へ統一。原典画像（PDF p.190、冊子p.712-713）で「エゾエノキ」欄の「シラオビゴマフケシカミキリ」を確認。
KDB-0140,species-22934,ニイジマチビカミキリ 基亜種,ニイジマチビカミキリ,日本産カミキリムシ,日本産カミキリムシ_compressed.pdf,52299895c14c1fd1c74279dca00f6fd9ba64d36d69e3bf3dd9c3a29a92802e77,efb17b5912fbb2c144dab4d99924dbc341e8f64054be7909dd7818cad155bef2,190,712-713,17815,エゾエノキ,アサ科,exact_derived_base_name,include,2026-07-11,索引PDF p.190で学名が基亜種として明示され、種解説PDF p.111の基亜種見出しおよび normalized_data/insects.csv の同種群と一致。原典の旧分類「ニレ科」からサイト現行分類のアサ科へ正規化
KDB-0141,species-22947,ナカジロサビカミキリ 基亜種,ナカジロサビカミキリ,日本産カミキリムシ,日本産カミキリムシ_compressed.pdf,52299895c14c1fd1c74279dca00f6fd9ba64d36d69e3bf3dd9c3a29a92802e77,efb17b5912fbb2c144dab4d99924dbc341e8f64054be7909dd7818cad155bef2,190,712-713,17815,エゾエノキ,アサ科,exact_derived_base_name,include,2026-07-11,索引PDF p.190で学名が基亜種として明示され、種解説PDF p.114の基亜種見出しおよび normalized_data/insects.csv の同種群と一致。原典の旧分類「ニレ科」からサイト現行分類のアサ科へ正規化
kamikiri-host-index-184-191-0505,species-21852,アカジマトラカミキリ,アカジマトラカミキリ,日本産カミキリムシ,日本産カミキリムシ_compressed.pdf,52299895c14c1fd1c74279dca00f6fd9ba64d36d69e3bf3dd9c3a29a92802e77,efb17b5912fbb2c144dab4d99924dbc341e8f64054be7909dd7818cad155bef2,191,714-715,17839,エノキ,アサ科,exact_japanese_name,include,2026-07-11,OCRでは直前のブナ科を継承していたが、原典画像のニレ科見出しを確認。既存正規化データの現行分類に合わせ、植物科をアサ科へ統一。原典画像（PDF p.191、冊子p.714-715）で「エノキ」欄の「アカジマトラカミキリ」を確認。
kamikiri-host-index-184-191-0507,species-21973,キンケトラカミキリ,キンケトラカミキリ,日本産カミキリムシ,日本産カミキリムシ_compressed.pdf,52299895c14c1fd1c74279dca00f6fd9ba64d36d69e3bf3dd9c3a29a92802e77,efb17b5912fbb2c144dab4d99924dbc341e8f64054be7909dd7818cad155bef2,191,714-715,17839,エノキ,アサ科,exact_japanese_name,include,2026-07-11,OCRでは直前のブナ科を継承していたが、原典画像のニレ科見出しを確認。既存正規化データの現行分類に合わせ、植物科をアサ科へ統一。原典画像（PDF p.191、冊子p.714-715）で「エノキ」欄の「キンケトラカミキリ」を確認。
kamikiri-host-index-184-191-0512,species-21975,シロオビトラカミキリ,シロオビトラカミキリ,日本産カミキリムシ,日本産カミキリムシ_compressed.pdf,52299895c14c1fd1c74279dca00f6fd9ba64d36d69e3bf3dd9c3a29a92802e77,efb17b5912fbb2c144dab4d99924dbc341e8f64054be7909dd7818cad155bef2,191,714-715,17839,エノキ,アサ科,exact_japanese_name,include,2026-07-11,OCRでは直前のブナ科を継承していたが、原典画像のニレ科見出しを確認。既存正規化データの現行分類に合わせ、植物科をアサ科へ統一。原典画像（PDF p.191、冊子p.714-715）で「エノキ」欄の「シロオビトラカミキリ」を確認。
kamikiri-host-index-184-191-0516,species-21984,ヨコヤマトラカミキリ,ヨコヤマトラカミキリ,日本産カミキリムシ,日本産カミキリムシ_compressed.pdf,52299895c14c1fd1c74279dca00f6fd9ba64d36d69e3bf3dd9c3a29a92802e77,efb17b5912fbb2c144dab4d99924dbc341e8f64054be7909dd7818cad155bef2,191,714-715,17839,エノキ,アサ科,exact_japanese_name,include,2026-07-11,OCRでは直前のブナ科を継承していたが、原典画像のニレ科見出しを確認。既存正規化データの現行分類に合わせ、植物科をアサ科へ統一。原典画像（PDF p.191、冊子p.714-715）で「エノキ」欄の「ヨコヤマトラカミキリ」を確認。
KDB-0142,species-21998,ヨツスジトラカミキリ 基亜種,ヨツスジトラカミキリ,日本産カミキリムシ,日本産カミキリムシ_compressed.pdf,52299895c14c1fd1c74279dca00f6fd9ba64d36d69e3bf3dd9c3a29a92802e77,efb17b5912fbb2c144dab4d99924dbc341e8f64054be7909dd7818cad155bef2,191,714-715,17839,エノキ,アサ科,exact_derived_base_name,needs_review,2026-07-11,索引と種解説PDF p.83はいずれも Chlorophorus quinquefasciatus の種レベル記述。現行insects.csvでは同種群が複数亜種に分かれるが、索引の寄主記録に産地がなく基亜種へ一意に帰属できない。原典の旧分類「ニレ科」からサイト現行分類のアサ科へ正規化
KDB-0143,species-22022,ヒメクロトラカミキリ 基亜種,ヒメクロトラカミキリ,日本産カミキリムシ,日本産カミキリムシ_compressed.pdf,52299895c14c1fd1c74279dca00f6fd9ba64d36d69e3bf3dd9c3a29a92802e77,efb17b5912fbb2c144dab4d99924dbc341e8f64054be7909dd7818cad155bef2,191,714-715,17839,エノキ,アサ科,exact_derived_base_name,include,2026-07-11,索引PDF p.191で学名が基亜種として明示され、種解説PDF p.85の基亜種見出しおよび normalized_data/insects.csv の同種群と一致。原典の旧分類「ニレ科」からサイト現行分類のアサ科へ正規化
kamikiri-host-index-184-191-0510,species-22463,サビカミキリ,サビカミキリ,日本産カミキリムシ,日本産カミキリムシ_compressed.pdf,52299895c14c1fd1c74279dca00f6fd9ba64d36d69e3bf3dd9c3a29a92802e77,efb17b5912fbb2c144dab4d99924dbc341e8f64054be7909dd7818cad155bef2,191,714-715,17839,エノキ,アサ科,exact_japanese_name,include,2026-07-11,OCRでは直前のブナ科を継承していたが、原典画像のニレ科見出しを確認。既存正規化データの現行分類に合わせ、植物科をアサ科へ統一。原典画像（PDF p.191、冊子p.714-715）で「エノキ」欄の「サビカミキリ」を確認。
kamikiri-host-index-184-191-0514,species-22589,ヒメアヤモンチビカミキリ,ヒメアヤモンチビカミキリ,日本産カミキリムシ,日本産カミキリムシ_compressed.pdf,52299895c14c1fd1c74279dca00f6fd9ba64d36d69e3bf3dd9c3a29a92802e77,efb17b5912fbb2c144dab4d99924dbc341e8f64054be7909dd7818cad155bef2,191,714-715,17839,エノキ,アサ科,exact_japanese_name,include,2026-07-11,OCRでは直前のブナ科を継承していたが、原典画像のニレ科見出しを確認。既存正規化データの現行分類に合わせ、植物科をアサ科へ統一。原典画像（PDF p.191、冊子p.714-715）で「エノキ」欄の「ヒメアヤモンチビカミキリ」を確認。
kamikiri-host-index-184-191-0513,species-22665,ハイイロツツクビカミキリ,ハイイロツツクビカミキリ,日本産カミキリムシ,日本産カミキリムシ_compressed.pdf,52299895c14c1fd1c74279dca00f6fd9ba64d36d69e3bf3dd9c3a29a92802e77,efb17b5912fbb2c144dab4d99924dbc341e8f64054be7909dd7818cad155bef2,191,714-715,17839,エノキ,アサ科,reviewed_source_crosswalk,include,2026-07-11,OCRでは直前のブナ科を継承していたが、原典画像のニレ科見出しを確認。既存正規化データの現行分類に合わせ、植物科をアサ科へ統一。原典画像（PDF p.191、冊子p.714-715）で「エノキ」欄の「ハイイロツツクビカミキリ」を確認。監査済み名対応表との一致を確認。
kamikiri-host-index-184-191-0511,species-22862,シロオビゴマフカミキリ,シロオビゴマフカミキリ,日本産カミキリムシ,日本産カミキリムシ_compressed.pdf,52299895c14c1fd1c74279dca00f6fd9ba64d36d69e3bf3dd9c3a29a92802e77,efb17b5912fbb2c144dab4d99924dbc341e8f64054be7909dd7818cad155bef2,191,714-715,17839,エノキ,アサ科,exact_japanese_name,include,2026-07-11,OCRでは直前のブナ科を継承していたが、原典画像のニレ科見出しを確認。既存正規化データの現行分類に合わせ、植物科をアサ科へ統一。原典画像（PDF p.191、冊子p.714-715）で「エノキ」欄の「シロオビゴマフカミキリ」を確認。
kamikiri-host-index-184-191-0508,species-22910,クモガタケシカミキリ,クモガタケシカミキリ,日本産カミキリムシ,日本産カミキリムシ_compressed.pdf,52299895c14c1fd1c74279dca00f6fd9ba64d36d69e3bf3dd9c3a29a92802e77,efb17b5912fbb2c144dab4d99924dbc341e8f64054be7909dd7818cad155bef2,191,714-715,17839,エノキ,アサ科,exact_japanese_name,include,2026-07-11,OCRでは直前のブナ科を継承していたが、原典画像のニレ科見出しを確認。既存正規化データの現行分類に合わせ、植物科をアサ科へ統一。原典画像（PDF p.191、冊子p.714-715）で「エノキ」欄の「クモガタケシカミキリ」を確認。
kamikiri-host-index-184-191-0506,species-22927,キッコウモンケシカミキリ,キッコウモンケシカミキリ,日本産カミキリムシ,日本産カミキリムシ_compressed.pdf,52299895c14c1fd1c74279dca00f6fd9ba64d36d69e3bf3dd9c3a29a92802e77,efb17b5912fbb2c144dab4d99924dbc341e8f64054be7909dd7818cad155bef2,191,714-715,17839,エノキ,アサ科,exact_japanese_name,include,2026-07-11,OCRでは直前のブナ科を継承していたが、原典画像のニレ科見出しを確認。既存正規化データの現行分類に合わせ、植物科をアサ科へ統一。原典画像（PDF p.191、冊子p.714-715）で「エノキ」欄の「キッコウモンケシカミキリ」を確認。
kamikiri-host-index-184-191-0509,species-22941,クワサビカミキリ,クワサビカミキリ,日本産カミキリムシ,日本産カミキリムシ_compressed.pdf,52299895c14c1fd1c74279dca00f6fd9ba64d36d69e3bf3dd9c3a29a92802e77,efb17b5912fbb2c144dab4d99924dbc341e8f64054be7909dd7818cad155bef2,191,714-715,17839,エノキ,アサ科,exact_japanese_name,include,2026-07-11,OCRでは直前のブナ科を継承していたが、原典画像のニレ科見出しを確認。既存正規化データの現行分類に合わせ、植物科をアサ科へ統一。原典画像（PDF p.191、冊子p.714-715）で「エノキ」欄の「クワサビカミキリ」を確認。
kamikiri-host-index-184-191-0515,species-22960,マルモンサビカミキリ,マルモンサビカミキリ,日本産カミキリムシ,日本産カミキリムシ_compressed.pdf,52299895c14c1fd1c74279dca00f6fd9ba64d36d69e3bf3dd9c3a29a92802e77,efb17b5912fbb2c144dab4d99924dbc341e8f64054be7909dd7818cad155bef2,191,714-715,17839,エノキ,アサ科,exact_japanese_name,include,2026-07-11,OCRでは直前のブナ科を継承していたが、原典画像のニレ科見出しを確認。既存正規化データの現行分類に合わせ、植物科をアサ科へ統一。原典画像（PDF p.191、冊子p.714-715）で「エノキ」欄の「マルモンサビカミキリ」を確認。
KDB-0144,species-23049,ヒゲナガヒメルリカミキリ 基亜種,ヒゲナガヒメルリカミキリ,日本産カミキリムシ,日本産カミキリムシ_compressed.pdf,52299895c14c1fd1c74279dca00f6fd9ba64d36d69e3bf3dd9c3a29a92802e77,efb17b5912fbb2c144dab4d99924dbc341e8f64054be7909dd7818cad155bef2,191,714-715,17839,エノキ,アサ科,exact_derived_base_name,include,2026-07-11,索引PDF p.191で学名が基亜種として明示され、種解説PDF p.162の基亜種見出しおよび normalized_data/insects.csv の同種群と一致。原典の旧分類「ニレ科」からサイト現行分類のアサ科へ正規化
kamikiri-host-index-184-191-0519,1-3,ウスバカミキリ 小笠原諸島亜種,オガサワラウスバカミキリ,日本産カミキリムシ,日本産カミキリムシ_compressed.pdf,52299895c14c1fd1c74279dca00f6fd9ba64d36d69e3bf3dd9c3a29a92802e77,efb17b5912fbb2c144dab4d99924dbc341e8f64054be7909dd7818cad155bef2,191,714-715,17860,ウラジロエノキ,アサ科,reviewed_source_crosswalk,include,2026-07-11,OCRでは直前のブナ科を継承していたが、原典画像のニレ科見出しを確認。既存正規化データの現行分類に合わせ、植物科をアサ科へ統一。原典画像（PDF p.191、冊子p.714-715）で「ウラジロエノキ」欄の「オガサワラウスバカミキリ」を確認。原典名「オガサワラウスバカミキリ」を現行名「ウスバカミキリ 小笠原諸島亜種」へ照合。
KDB-0145,5-1,オガサワラコバネカミキリ 基亜種,オガサワラコバネカミキリ,日本産カミキリムシ,日本産カミキリムシ_compressed.pdf,52299895c14c1fd1c74279dca00f6fd9ba64d36d69e3bf3dd9c3a29a92802e77,efb17b5912fbb2c144dab4d99924dbc341e8f64054be7909dd7818cad155bef2,191,714-715,17860,ウラジロエノキ,アサ科,exact_derived_base_name,include,2026-07-11,索引PDF p.191で学名が基亜種として明示され、種解説PDF p.6の基亜種見出しおよび normalized_data/insects.csv の同種群と一致。原典の旧分類「ニレ科」からサイト現行分類のアサ科へ正規化
kamikiri-host-index-184-191-0522,species-21910,ヒゲナガヒメカミキリ,ヒゲナガヒメカミキリ,日本産カミキリムシ,日本産カミキリムシ_compressed.pdf,52299895c14c1fd1c74279dca00f6fd9ba64d36d69e3bf3dd9c3a29a92802e77,efb17b5912fbb2c144dab4d99924dbc341e8f64054be7909dd7818cad155bef2,191,714-715,17860,ウラジロエノキ,アサ科,exact_japanese_name,include,2026-07-11,OCRでは直前のブナ科を継承していたが、原典画像のニレ科見出しを確認。既存正規化データの現行分類に合わせ、植物科をアサ科へ統一。原典画像（PDF p.191、冊子p.714-715）で「ウラジロエノキ」欄の「ヒゲナガヒメカミキリ」を確認。
KDB-0146,species-21954,オガサワラトラカミキリ 基亜種,オガサワラトラカミキリ,日本産カミキリムシ,日本産カミキリムシ_compressed.pdf,52299895c14c1fd1c74279dca00f6fd9ba64d36d69e3bf3dd9c3a29a92802e77,efb17b5912fbb2c144dab4d99924dbc341e8f64054be7909dd7818cad155bef2,191,714-715,17860,ウラジロエノキ,アサ科,exact_derived_base_name,needs_review,2026-07-11,索引と種解説PDF p.82はいずれも Chlorophorus boninensis の種レベル記述。現行insects.csvでは同種群が複数亜種に分かれるが、索引の寄主記録に産地がなく基亜種へ一意に帰属できない。原典の旧分類「ニレ科」からサイト現行分類のアサ科へ正規化
kamikiri-host-index-184-191-0518,species-22054,オガサワライカリモントラカミキリ,オガサワライカリモントラカミキリ,日本産カミキリムシ,日本産カミキリムシ_compressed.pdf,52299895c14c1fd1c74279dca00f6fd9ba64d36d69e3bf3dd9c3a29a92802e77,efb17b5912fbb2c144dab4d99924dbc341e8f64054be7909dd7818cad155bef2,191,714-715,17860,ウラジロエノキ,アサ科,exact_japanese_name,include,2026-07-11,OCRでは直前のブナ科を継承していたが、原典画像のニレ科見出しを確認。既存正規化データの現行分類に合わせ、植物科をアサ科へ統一。原典画像（PDF p.191、冊子p.714-715）で「ウラジロエノキ」欄の「オガサワライカリモントラカミキリ」を確認。
kamikiri-host-index-184-191-0517,species-22064,イエカミキリ,イエカミキリ,日本産カミキリムシ,日本産カミキリムシ_compressed.pdf,52299895c14c1fd1c74279dca00f6fd9ba64d36d69e3bf3dd9c3a29a92802e77,efb17b5912fbb2c144dab4d99924dbc341e8f64054be7909dd7818cad155bef2,191,714-715,17860,ウラジロエノキ,アサ科,exact_japanese_name,include,2026-07-11,OCRでは直前のブナ科を継承していたが、原典画像のニレ科見出しを確認。既存正規化データの現行分類に合わせ、植物科をアサ科へ統一。原典画像（PDF p.191、冊子p.714-715）で「ウラジロエノキ」欄の「イエカミキリ」を確認。
kamikiri-host-index-184-191-0520,species-22486,オガサワラカミキリ,オガサワラカミキリ,日本産カミキリムシ,日本産カミキリムシ_compressed.pdf,52299895c14c1fd1c74279dca00f6fd9ba64d36d69e3bf3dd9c3a29a92802e77,efb17b5912fbb2c144dab4d99924dbc341e8f64054be7909dd7818cad155bef2,191,714-715,17860,ウラジロエノキ,アサ科,exact_japanese_name,include,2026-07-11,OCRでは直前のブナ科を継承していたが、原典画像のニレ科見出しを確認。既存正規化データの現行分類に合わせ、植物科をアサ科へ統一。原典画像（PDF p.191、冊子p.714-715）で「ウラジロエノキ」欄の「オガサワラカミキリ」を確認。
kamikiri-host-index-184-191-0523,species-22600,フタモンサビカミキリ,フタモンサビカミキリ,日本産カミキリムシ,日本産カミキリムシ_compressed.pdf,52299895c14c1fd1c74279dca00f6fd9ba64d36d69e3bf3dd9c3a29a92802e77,efb17b5912fbb2c144dab4d99924dbc341e8f64054be7909dd7818cad155bef2,191,714-715,17860,ウラジロエノキ,アサ科,exact_japanese_name,include,2026-07-11,OCRでは直前のブナ科を継承していたが、原典画像のニレ科見出しを確認。既存正規化データの現行分類に合わせ、植物科をアサ科へ統一。原典画像（PDF p.191、冊子p.714-715）で「ウラジロエノキ」欄の「フタモンサビカミキリ」を確認。
kamikiri-host-index-184-191-0521,species-22961,スジダカサビカミキリ,スジダカサビカミキリ,日本産カミキリムシ,日本産カミキリムシ_compressed.pdf,52299895c14c1fd1c74279dca00f6fd9ba64d36d69e3bf3dd9c3a29a92802e77,efb17b5912fbb2c144dab4d99924dbc341e8f64054be7909dd7818cad155bef2,191,714-715,17860,ウラジロエノキ,アサ科,exact_japanese_name,include,2026-07-11,OCRでは直前のブナ科を継承していたが、原典画像のニレ科見出しを確認。既存正規化データの現行分類に合わせ、植物科をアサ科へ統一。原典画像（PDF p.191、冊子p.714-715）で「ウラジロエノキ」欄の「スジダカサビカミキリ」を確認。
kamikiri-host-index-184-191-0524,species-22654,シロスジカミキリ,シロスジカミキリ,日本産カミキリムシ,日本産カミキリムシ_compressed.pdf,52299895c14c1fd1c74279dca00f6fd9ba64d36d69e3bf3dd9c3a29a92802e77,efb17b5912fbb2c144dab4d99924dbc341e8f64054be7909dd7818cad155bef2,191,714-715,17872,アメリカニレ,ニレ科,exact_japanese_name,include,2026-07-11,OCRでは直前のブナ科を継承していたため、原典画像と既存正規化データを照合し、植物科をニレ科へ訂正。原典画像（PDF p.191、冊子p.714-715）で「アメリカニレ」欄の「シロスジカミキリ」を確認。
KDB-0147,13-1,ノコギリカミキリ 基亜種,ノコギリカミキリ,日本産カミキリムシ,日本産カミキリムシ_compressed.pdf,52299895c14c1fd1c74279dca00f6fd9ba64d36d69e3bf3dd9c3a29a92802e77,efb17b5912fbb2c144dab4d99924dbc341e8f64054be7909dd7818cad155bef2,191,714-715,17875,ハルニレ,ニレ科,exact_derived_base_name,include,2026-07-11,索引PDF p.191で学名が基亜種として明示され、種解説PDF p.5の基亜種見出しおよび normalized_data/insects.csv の同種群と一致。直前見出しの継承誤り「ブナ科」を原典段組みと現行分類に基づきニレ科へ補正
KDB-0148,4-1,コバネカミキリ 基亜種,コバネカミキリ,日本産カミキリムシ,日本産カミキリムシ_compressed.pdf,52299895c14c1fd1c74279dca00f6fd9ba64d36d69e3bf3dd9c3a29a92802e77,efb17b5912fbb2c144dab4d99924dbc341e8f64054be7909dd7818cad155bef2,191,714-715,17875,ハルニレ,ニレ科,exact_derived_base_name,include,2026-07-11,索引PDF p.191で学名が基亜種として明示され、種解説PDF p.6の基亜種見出しおよび normalized_data/insects.csv の同種群と一致。直前見出しの継承誤り「ブナ科」を原典段組みと現行分類に基づきニレ科へ補正
kamikiri-host-index-184-191-0527,species-21973,キンケトラカミキリ,キンケトラカミキリ,日本産カミキリムシ,日本産カミキリムシ_compressed.pdf,52299895c14c1fd1c74279dca00f6fd9ba64d36d69e3bf3dd9c3a29a92802e77,efb17b5912fbb2c144dab4d99924dbc341e8f64054be7909dd7818cad155bef2,191,714-715,17875,ハルニレ,ニレ科,exact_japanese_name,include,2026-07-11,OCRでは直前のブナ科を継承していたため、原典画像と既存正規化データを照合し、植物科をニレ科へ訂正。原典画像（PDF p.191、冊子p.714-715）で「ハルニレ」欄の「キンケトラカミキリ」を確認。
kamikiri-host-index-184-191-0533,species-21984,ヨコヤマトラカミキリ,ヨコヤマトラカミキリ,日本産カミキリムシ,日本産カミキリムシ_compressed.pdf,52299895c14c1fd1c74279dca00f6fd9ba64d36d69e3bf3dd9c3a29a92802e77,efb17b5912fbb2c144dab4d99924dbc341e8f64054be7909dd7818cad155bef2,191,714-715,17875,ハルニレ,ニレ科,exact_japanese_name,include,2026-07-11,OCRでは直前のブナ科を継承していたため、原典画像と既存正規化データを照合し、植物科をニレ科へ訂正。原典画像（PDF p.191、冊子p.714-715）で「ハルニレ」欄の「ヨコヤマトラカミキリ」を確認。
kamikiri-host-index-184-191-0530,species-22015,コトラカミキリ,コトラカミキリ,日本産カミキリムシ,日本産カミキリムシ_compressed.pdf,52299895c14c1fd1c74279dca00f6fd9ba64d36d69e3bf3dd9c3a29a92802e77,efb17b5912fbb2c144dab4d99924dbc341e8f64054be7909dd7818cad155bef2,191,714-715,17875,ハルニレ,ニレ科,exact_japanese_name,include,2026-07-11,OCRでは直前のブナ科を継承していたため、原典画像と既存正規化データを照合し、植物科をニレ科へ訂正。原典画像（PDF p.191、冊子p.714-715）で「ハルニレ」欄の「コトラカミキリ」を確認。
kamikiri-host-index-184-191-0525,species-22045,ウスイロトラカミキリ,ウスイロトラカミキリ,日本産カミキリムシ,日本産カミキリムシ_compressed.pdf,52299895c14c1fd1c74279dca00f6fd9ba64d36d69e3bf3dd9c3a29a92802e77,efb17b5912fbb2c144dab4d99924dbc341e8f64054be7909dd7818cad155bef2,191,714-715,17875,ハルニレ,ニレ科,exact_japanese_name,include,2026-07-11,OCRでは直前のブナ科を継承していたため、原典画像と既存正規化データを照合し、植物科をニレ科へ訂正。原典画像（PDF p.191、冊子p.714-715）で「ハルニレ」欄の「ウスイロトラカミキリ」を確認。
kamikiri-host-index-184-191-0529,species-22650,クワカミキリ,クワカミキリ,日本産カミキリムシ,日本産カミキリムシ_compressed.pdf,52299895c14c1fd1c74279dca00f6fd9ba64d36d69e3bf3dd9c3a29a92802e77,efb17b5912fbb2c144dab4d99924dbc341e8f64054be7909dd7818cad155bef2,191,714-715,17875,ハルニレ,ニレ科,exact_japanese_name,include,2026-07-11,OCRでは直前のブナ科を継承していたため、原典画像と既存正規化データを照合し、植物科をニレ科へ訂正。原典画像（PDF p.191、冊子p.714-715）で「ハルニレ」欄の「クワカミキリ」を確認。
kamikiri-host-index-184-191-0531,species-22866,ナガゴマフカミキリ,ナガゴマフカミキリ,日本産カミキリムシ,日本産カミキリムシ_compressed.pdf,52299895c14c1fd1c74279dca00f6fd9ba64d36d69e3bf3dd9c3a29a92802e77,efb17b5912fbb2c144dab4d99924dbc341e8f64054be7909dd7818cad155bef2,191,714-715,17875,ハルニレ,ニレ科,exact_japanese_name,include,2026-07-11,OCRでは直前のブナ科を継承していたため、原典画像と既存正規化データを照合し、植物科をニレ科へ訂正。原典画像（PDF p.191、冊子p.714-715）で「ハルニレ」欄の「ナガゴマフカミキリ」を確認。
KDB-0149,species-22890,カタシロゴマフカミキリ 基亜種,カタシロゴマフカミキリ,日本産カミキリムシ,日本産カミキリムシ_compressed.pdf,52299895c14c1fd1c74279dca00f6fd9ba64d36d69e3bf3dd9c3a29a92802e77,efb17b5912fbb2c144dab4d99924dbc341e8f64054be7909dd7818cad155bef2,191,714-715,17875,ハルニレ,ニレ科,exact_derived_base_name,include,2026-07-11,索引PDF p.191で学名が基亜種として明示され、種解説PDF p.94の基亜種見出しおよび normalized_data/insects.csv の同種群と一致。直前見出しの継承誤り「ブナ科」を原典段組みと現行分類に基づきニレ科へ補正
kamikiri-host-index-184-191-0528,species-22910,クモガタケシカミキリ,クモガタケシカミキリ,日本産カミキリムシ,日本産カミキリムシ_compressed.pdf,52299895c14c1fd1c74279dca00f6fd9ba64d36d69e3bf3dd9c3a29a92802e77,efb17b5912fbb2c144dab4d99924dbc341e8f64054be7909dd7818cad155bef2,191,714-715,17875,ハルニレ,ニレ科,exact_japanese_name,include,2026-07-11,OCRでは直前のブナ科を継承していたため、原典画像と既存正規化データを照合し、植物科をニレ科へ訂正。原典画像（PDF p.191、冊子p.714-715）で「ハルニレ」欄の「クモガタケシカミキリ」を確認。
kamikiri-host-index-184-191-0526,species-22927,キッコウモンケシカミキリ,キッコウモンケシカミキリ,日本産カミキリムシ,日本産カミキリムシ_compressed.pdf,52299895c14c1fd1c74279dca00f6fd9ba64d36d69e3bf3dd9c3a29a92802e77,efb17b5912fbb2c144dab4d99924dbc341e8f64054be7909dd7818cad155bef2,191,714-715,17875,ハルニレ,ニレ科,exact_japanese_name,include,2026-07-11,OCRでは直前のブナ科を継承していたため、原典画像と既存正規化データを照合し、植物科をニレ科へ訂正。原典画像（PDF p.191、冊子p.714-715）で「ハルニレ」欄の「キッコウモンケシカミキリ」を確認。
KDB-0150,species-22988,ハンノアオカミキリ 基亜種,ハンノアオカミキリ,日本産カミキリムシ,日本産カミキリムシ_compressed.pdf,52299895c14c1fd1c74279dca00f6fd9ba64d36d69e3bf3dd9c3a29a92802e77,efb17b5912fbb2c144dab4d99924dbc341e8f64054be7909dd7818cad155bef2,191,714-715,17875,ハルニレ,ニレ科,exact_derived_base_name,include,2026-07-11,索引PDF p.191で学名が基亜種として明示され、種解説PDF p.161の基亜種見出しおよび normalized_data/insects.csv の同種群と一致。直前見出しの継承誤り「ブナ科」を原典段組みと現行分類に基づきニレ科へ補正
kamikiri-host-index-184-191-0532,species-23024,ホソキリンゴカミキリ,ホソキリンゴカミキリ,日本産カミキリムシ,日本産カミキリムシ_compressed.pdf,52299895c14c1fd1c74279dca00f6fd9ba64d36d69e3bf3dd9c3a29a92802e77,efb17b5912fbb2c144dab4d99924dbc341e8f64054be7909dd7818cad155bef2,191,714-715,17875,ハルニレ,ニレ科,exact_japanese_name,include,2026-07-11,OCRでは直前のブナ科を継承していたため、原典画像と既存正規化データを照合し、植物科をニレ科へ訂正。原典画像（PDF p.191、冊子p.714-715）で「ハルニレ」欄の「ホソキリンゴカミキリ」を確認。
kamikiri-host-index-184-191-0537,species-21868,シロトラカミキリ,シロトラカミキリ,日本産カミキリムシ,日本産カミキリムシ_compressed.pdf,52299895c14c1fd1c74279dca00f6fd9ba64d36d69e3bf3dd9c3a29a92802e77,efb17b5912fbb2c144dab4d99924dbc341e8f64054be7909dd7818cad155bef2,191,714-715,17897,オヒョウ,ニレ科,exact_japanese_name,include,2026-07-11,OCRでは直前のブナ科を継承していたため、原典画像と既存正規化データを照合し、植物科をニレ科へ訂正。原典画像（PDF p.191、冊子p.714-715）で「オヒョウ」欄の「シロトラカミキリ」を確認。
kamikiri-host-index-184-191-0536,species-22526,ケシカミキリ,ケシカミキリ,日本産カミキリムシ,日本産カミキリムシ_compressed.pdf,52299895c14c1fd1c74279dca00f6fd9ba64d36d69e3bf3dd9c3a29a92802e77,efb17b5912fbb2c144dab4d99924dbc341e8f64054be7909dd7818cad155bef2,191,714-715,17897,オヒョウ,ニレ科,exact_japanese_name,include,2026-07-11,OCRでは直前のブナ科を継承していたため、原典画像と既存正規化データを照合し、植物科をニレ科へ訂正。原典画像（PDF p.191、冊子p.714-715）で「オヒョウ」欄の「ケシカミキリ」を確認。
kamikiri-host-index-184-191-0535,species-22530,エゾトゲムネカミキリ,エゾトゲムネカミキリ,日本産カミキリムシ,日本産カミキリムシ_compressed.pdf,52299895c14c1fd1c74279dca00f6fd9ba64d36d69e3bf3dd9c3a29a92802e77,efb17b5912fbb2c144dab4d99924dbc341e8f64054be7909dd7818cad155bef2,191,714-715,17897,オヒョウ,ニレ科,exact_japanese_name,include,2026-07-11,OCRでは直前のブナ科を継承していたため、原典画像と既存正規化データを照合し、植物科をニレ科へ訂正。原典画像（PDF p.191、冊子p.714-715）で「オヒョウ」欄の「エゾトゲムネカミキリ」を確認。
KDB-0152,species-22682,ドイカミキリ 基亜種,ドイカミキリ,日本産カミキリムシ,日本産カミキリムシ_compressed.pdf,52299895c14c1fd1c74279dca00f6fd9ba64d36d69e3bf3dd9c3a29a92802e77,efb17b5912fbb2c144dab4d99924dbc341e8f64054be7909dd7818cad155bef2,191,714-715,17897,オヒョウ,ニレ科,exact_derived_base_name,include,2026-07-11,索引PDF p.191で学名が基亜種として明示され、種解説PDF p.146の基亜種見出しおよび normalized_data/insects.csv の同種群と一致。直前見出しの継承誤り「ブナ科」を原典段組みと現行分類に基づきニレ科へ補正
kamikiri-host-index-184-191-0538,species-22911,ヨコグロケシカミキリ,ヨコグロケシカミキリ,日本産カミキリムシ,日本産カミキリムシ_compressed.pdf,52299895c14c1fd1c74279dca00f6fd9ba64d36d69e3bf3dd9c3a29a92802e77,efb17b5912fbb2c144dab4d99924dbc341e8f64054be7909dd7818cad155bef2,191,714-715,17897,オヒョウ,ニレ科,exact_japanese_name,include,2026-07-11,OCRでは直前のブナ科を継承していたため、原典画像と既存正規化データを照合し、植物科をニレ科へ訂正。原典画像（PDF p.191、冊子p.714-715）で「オヒョウ」欄の「ヨコグロケシカミキリ」を確認。
kamikiri-host-index-184-191-0534,species-22915,アトモンマルケシカミキリ,アトモンマルケシカミキリ,日本産カミキリムシ,日本産カミキリムシ_compressed.pdf,52299895c14c1fd1c74279dca00f6fd9ba64d36d69e3bf3dd9c3a29a92802e77,efb17b5912fbb2c144dab4d99924dbc341e8f64054be7909dd7818cad155bef2,191,714-715,17897,オヒョウ,ニレ科,exact_japanese_name,include,2026-07-11,OCRでは直前のブナ科を継承していたため、原典画像と既存正規化データを照合し、植物科をニレ科へ訂正。原典画像（PDF p.191、冊子p.714-715）で「オヒョウ」欄の「アトモンマルケシカミキリ」を確認。
KDB-0151,species-22947,ナカジロサビカミキリ 基亜種,ナカジロサビカミキリ,日本産カミキリムシ,日本産カミキリムシ_compressed.pdf,52299895c14c1fd1c74279dca00f6fd9ba64d36d69e3bf3dd9c3a29a92802e77,efb17b5912fbb2c144dab4d99924dbc341e8f64054be7909dd7818cad155bef2,191,714-715,17897,オヒョウ,ニレ科,exact_derived_base_name,include,2026-07-11,索引PDF p.191で学名が基亜種として明示され、種解説PDF p.114の基亜種見出しおよび normalized_data/insects.csv の同種群と一致。直前見出しの継承誤り「ブナ科」を原典段組みと現行分類に基づきニレ科へ補正
KDB-0153,species-22988,ハンノアオカミキリ 基亜種,ハンノアオカミキリ,日本産カミキリムシ,日本産カミキリムシ_compressed.pdf,52299895c14c1fd1c74279dca00f6fd9ba64d36d69e3bf3dd9c3a29a92802e77,efb17b5912fbb2c144dab4d99924dbc341e8f64054be7909dd7818cad155bef2,191,714-715,17897,オヒョウ,ニレ科,exact_derived_base_name,include,2026-07-11,索引PDF p.191で学名が基亜種として明示され、種解説PDF p.161の基亜種見出しおよび normalized_data/insects.csv の同種群と一致。直前見出しの継承誤り「ブナ科」を原典段組みと現行分類に基づきニレ科へ補正
kamikiri-host-index-184-191-0539,species-22030,クビアカトラカミキリ,クビアカトラカミキリ,日本産カミキリムシ,日本産カミキリムシ_compressed.pdf,52299895c14c1fd1c74279dca00f6fd9ba64d36d69e3bf3dd9c3a29a92802e77,efb17b5912fbb2c144dab4d99924dbc341e8f64054be7909dd7818cad155bef2,191,714-715,17909,アキニレ,ニレ科,exact_japanese_name,include,2026-07-11,OCRでは直前のブナ科を継承していたため、原典画像と既存正規化データを照合し、植物科をニレ科へ訂正。原典画像（PDF p.191、冊子p.714-715）で「アキニレ」欄の「クビアカトラカミキリ」を確認。
kamikiri-host-index-184-191-0540,species-22650,クワカミキリ,クワカミキリ,日本産カミキリムシ,日本産カミキリムシ_compressed.pdf,52299895c14c1fd1c74279dca00f6fd9ba64d36d69e3bf3dd9c3a29a92802e77,efb17b5912fbb2c144dab4d99924dbc341e8f64054be7909dd7818cad155bef2,191,714-715,17909,アキニレ,ニレ科,exact_japanese_name,include,2026-07-11,OCRでは直前のブナ科を継承していたため、原典画像と既存正規化データを照合し、植物科をニレ科へ訂正。原典画像（PDF p.191、冊子p.714-715）で「アキニレ」欄の「クワカミキリ」を確認。
KDB-0162,1-1,ウスバカミキリ 基亜種,ウスバカミキリ,日本産カミキリムシ,日本産カミキリムシ_compressed.pdf,52299895c14c1fd1c74279dca00f6fd9ba64d36d69e3bf3dd9c3a29a92802e77,efb17b5912fbb2c144dab4d99924dbc341e8f64054be7909dd7818cad155bef2,191,714-715,17911,ケヤキ,ニレ科,exact_derived_base_name,include,2026-07-11,索引PDF p.191で学名が基亜種として明示され、種解説PDF p.4の基亜種見出しおよび normalized_data/insects.csv の同種群と一致。直前見出しの継承誤り「ブナ科」を原典段組みと現行分類に基づきニレ科へ補正
KDB-0154,13-1,ノコギリカミキリ 基亜種,ノコギリカミキリ,日本産カミキリムシ,日本産カミキリムシ_compressed.pdf,52299895c14c1fd1c74279dca00f6fd9ba64d36d69e3bf3dd9c3a29a92802e77,efb17b5912fbb2c144dab4d99924dbc341e8f64054be7909dd7818cad155bef2,191,714-715,17911,ケヤキ,ニレ科,exact_derived_base_name,include,2026-07-11,索引PDF p.191で学名が基亜種として明示され、種解説PDF p.5の基亜種見出しおよび normalized_data/insects.csv の同種群と一致。直前見出しの継承誤り「ブナ科」を原典段組みと現行分類に基づきニレ科へ補正
kamikiri-host-index-184-191-0542,species-21852,アカジマトラカミキリ,アカジマトラカミキリ,日本産カミキリムシ,日本産カミキリムシ_compressed.pdf,52299895c14c1fd1c74279dca00f6fd9ba64d36d69e3bf3dd9c3a29a92802e77,efb17b5912fbb2c144dab4d99924dbc341e8f64054be7909dd7818cad155bef2,191,714-715,17911,ケヤキ,ニレ科,exact_japanese_name,include,2026-07-11,OCRでは直前のブナ科を継承していたため、原典画像と既存正規化データを照合し、植物科をニレ科へ訂正。原典画像（PDF p.191、冊子p.714-715）で「ケヤキ」欄の「アカジマトラカミキリ」を確認。
kamikiri-host-index-184-191-0568,species-21859,トガリバアカネトラカミキリ,トガリバアカネトラカミキリ,日本産カミキリムシ,日本産カミキリムシ_compressed.pdf,52299895c14c1fd1c74279dca00f6fd9ba64d36d69e3bf3dd9c3a29a92802e77,efb17b5912fbb2c144dab4d99924dbc341e8f64054be7909dd7818cad155bef2,191,714-715,17911,ケヤキ,ニレ科,exact_japanese_name,include,2026-07-11,OCRでは直前のブナ科を継承していたため、原典画像と既存正規化データを照合し、植物科をニレ科へ訂正。原典画像（PDF p.191、冊子p.714-715）で「ケヤキ」欄の「トガリバアカネトラカミキリ」を確認。
kamikiri-host-index-184-191-0563,species-21868,シロトラカミキリ,シロトラカミキリ,日本産カミキリムシ,日本産カミキリムシ_compressed.pdf,52299895c14c1fd1c74279dca00f6fd9ba64d36d69e3bf3dd9c3a29a92802e77,efb17b5912fbb2c144dab4d99924dbc341e8f64054be7909dd7818cad155bef2,191,714-715,17911,ケヤキ,ニレ科,exact_japanese_name,include,2026-07-11,OCRでは直前のブナ科を継承していたため、原典画像と既存正規化データを照合し、植物科をニレ科へ訂正。原典画像（PDF p.191、冊子p.714-715）で「ケヤキ」欄の「シロトラカミキリ」を確認。
kamikiri-host-index-184-191-0541,species-21885,アオヒメスギカミキリ,アオヒメスギカミキリ,日本産カミキリムシ,日本産カミキリムシ_compressed.pdf,52299895c14c1fd1c74279dca00f6fd9ba64d36d69e3bf3dd9c3a29a92802e77,efb17b5912fbb2c144dab4d99924dbc341e8f64054be7909dd7818cad155bef2,191,714-715,17911,ケヤキ,ニレ科,reviewed_source_crosswalk,include,2026-07-11,OCRでは直前のブナ科を継承していたため、原典画像と既存正規化データを照合し、植物科をニレ科へ訂正。原典画像（PDF p.191、冊子p.714-715）で「ケヤキ」欄の「アオヒメスギカミキリ」を確認。監査済み名対応表との一致を確認。
KDB-0156,species-21904,リュウキュウヒメカミキリ 基亜種,リュウキュウヒメカミキリ,日本産カミキリムシ,日本産カミキリムシ_compressed.pdf,52299895c14c1fd1c74279dca00f6fd9ba64d36d69e3bf3dd9c3a29a92802e77,efb17b5912fbb2c144dab4d99924dbc341e8f64054be7909dd7818cad155bef2,191,714-715,17911,ケヤキ,ニレ科,exact_derived_base_name,include,2026-07-11,索引PDF p.191で学名が基亜種として明示され、種解説PDF p.53の基亜種見出しおよび normalized_data/insects.csv の同種群と一致。直前見出しの継承誤り「ブナ科」を原典段組みと現行分類に基づきニレ科へ補正
kamikiri-host-index-184-191-0567,species-21916,テツイロヒメカミキリ,テツイロヒメカミキリ,日本産カミキリムシ,日本産カミキリムシ_compressed.pdf,52299895c14c1fd1c74279dca00f6fd9ba64d36d69e3bf3dd9c3a29a92802e77,efb17b5912fbb2c144dab4d99924dbc341e8f64054be7909dd7818cad155bef2,191,714-715,17911,ケヤキ,ニレ科,exact_japanese_name,include,2026-07-11,OCRでは直前のブナ科を継承していたため、原典画像と既存正規化データを照合し、植物科をニレ科へ訂正。原典画像（PDF p.191、冊子p.714-715）で「ケヤキ」欄の「テツイロヒメカミキリ」を確認。
KDB-0155,species-21921,アメイロカミキリ 基亜種,アメイロカミキリ,日本産カミキリムシ,日本産カミキリムシ_compressed.pdf,52299895c14c1fd1c74279dca00f6fd9ba64d36d69e3bf3dd9c3a29a92802e77,efb17b5912fbb2c144dab4d99924dbc341e8f64054be7909dd7818cad155bef2,191,714-715,17911,ケヤキ,ニレ科,exact_derived_base_name,include,2026-07-11,索引PDF p.191で学名が基亜種として明示され、種解説PDF p.52の基亜種見出しおよび normalized_data/insects.csv の同種群と一致。直前見出しの継承誤り「ブナ科」を原典段組みと現行分類に基づきニレ科へ補正
kamikiri-host-index-184-191-0579,species-21923,ヨツボシカミキリ,ヨツボシカミキリ,日本産カミキリムシ,日本産カミキリムシ_compressed.pdf,52299895c14c1fd1c74279dca00f6fd9ba64d36d69e3bf3dd9c3a29a92802e77,efb17b5912fbb2c144dab4d99924dbc341e8f64054be7909dd7818cad155bef2,191,714-715,17911,ケヤキ,ニレ科,exact_japanese_name,include,2026-07-11,OCRでは直前のブナ科を継承していたため、原典画像と既存正規化データを照合し、植物科をニレ科へ訂正。原典画像（PDF p.191、冊子p.714-715）で「ケヤキ」欄の「ヨツボシカミキリ」を確認。
kamikiri-host-index-184-191-0577,species-21939,ホタルカミキリ,ホタルカミキリ,日本産カミキリムシ,日本産カミキリムシ_compressed.pdf,52299895c14c1fd1c74279dca00f6fd9ba64d36d69e3bf3dd9c3a29a92802e77,efb17b5912fbb2c144dab4d99924dbc341e8f64054be7909dd7818cad155bef2,191,714-715,17911,ケヤキ,ニレ科,exact_japanese_name,include,2026-07-11,OCRでは直前のブナ科を継承していたため、原典画像と既存正規化データを照合し、植物科をニレ科へ訂正。原典画像（PDF p.191、冊子p.714-715）で「ケヤキ」欄の「ホタルカミキリ」を確認。
kamikiri-host-index-184-191-0565,species-21952,タケトラカミキリ,タケトラカミキリ,日本産カミキリムシ,日本産カミキリムシ_compressed.pdf,52299895c14c1fd1c74279dca00f6fd9ba64d36d69e3bf3dd9c3a29a92802e77,efb17b5912fbb2c144dab4d99924dbc341e8f64054be7909dd7818cad155bef2,191,714-715,17911,ケヤキ,ニレ科,exact_japanese_name,include,2026-07-11,OCRでは直前のブナ科を継承していたため、原典画像と既存正規化データを照合し、植物科をニレ科へ訂正。原典画像（PDF p.191、冊子p.714-715）で「ケヤキ」欄の「タケトラカミキリ」を確認。
kamikiri-host-index-184-191-0552,species-21973,キンケトラカミキリ,キンケトラカミキリ,日本産カミキリムシ,日本産カミキリムシ_compressed.pdf,52299895c14c1fd1c74279dca00f6fd9ba64d36d69e3bf3dd9c3a29a92802e77,efb17b5912fbb2c144dab4d99924dbc341e8f64054be7909dd7818cad155bef2,191,714-715,17911,ケヤキ,ニレ科,exact_japanese_name,include,2026-07-11,OCRでは直前のブナ科を継承していたため、原典画像と既存正規化データを照合し、植物科をニレ科へ訂正。原典画像（PDF p.191、冊子p.714-715）で「ケヤキ」欄の「キンケトラカミキリ」を確認。
kamikiri-host-index-184-191-0560,species-21974,シラケトラカミキリ,シラケトラカミキリ,日本産カミキリムシ,日本産カミキリムシ_compressed.pdf,52299895c14c1fd1c74279dca00f6fd9ba64d36d69e3bf3dd9c3a29a92802e77,efb17b5912fbb2c144dab4d99924dbc341e8f64054be7909dd7818cad155bef2,191,714-715,17911,ケヤキ,ニレ科,exact_japanese_name,include,2026-07-11,OCRでは直前のブナ科を継承していたため、原典画像と既存正規化データを照合し、植物科をニレ科へ訂正。原典画像（PDF p.191、冊子p.714-715）で「ケヤキ」欄の「シラケトラカミキリ」を確認。
kamikiri-host-index-184-191-0551,species-21976,キスジトラカミキリ,キスジトラカミキリ,日本産カミキリムシ,日本産カミキリムシ_compressed.pdf,52299895c14c1fd1c74279dca00f6fd9ba64d36d69e3bf3dd9c3a29a92802e77,efb17b5912fbb2c144dab4d99924dbc341e8f64054be7909dd7818cad155bef2,191,714-715,17911,ケヤキ,ニレ科,exact_japanese_name,include,2026-07-11,OCRでは直前のブナ科を継承していたため、原典画像と既存正規化データを照合し、植物科をニレ科へ訂正。原典画像（PDF p.191、冊子p.714-715）で「ケヤキ」欄の「キスジトラカミキリ」を確認。
kamikiri-host-index-184-191-0578,species-21984,ヨコヤマトラカミキリ,ヨコヤマトラカミキリ,日本産カミキリムシ,日本産カミキリムシ_compressed.pdf,52299895c14c1fd1c74279dca00f6fd9ba64d36d69e3bf3dd9c3a29a92802e77,efb17b5912fbb2c144dab4d99924dbc341e8f64054be7909dd7818cad155bef2,191,714-715,17911,ケヤキ,ニレ科,exact_japanese_name,include,2026-07-11,OCRでは直前のブナ科を継承していたため、原典画像と既存正規化データを照合し、植物科をニレ科へ訂正。原典画像（PDF p.191、冊子p.714-715）で「ケヤキ」欄の「ヨコヤマトラカミキリ」を確認。
kamikiri-host-index-184-191-0550,species-21986,キイロトラカミキリ,キイロトラカミキリ,日本産カミキリムシ,日本産カミキリムシ_compressed.pdf,52299895c14c1fd1c74279dca00f6fd9ba64d36d69e3bf3dd9c3a29a92802e77,efb17b5912fbb2c144dab4d99924dbc341e8f64054be7909dd7818cad155bef2,191,714-715,17911,ケヤキ,ニレ科,exact_japanese_name,include,2026-07-11,OCRでは直前のブナ科を継承していたため、原典画像と既存正規化データを照合し、植物科をニレ科へ訂正。原典画像（PDF p.191、冊子p.714-715）で「ケヤキ」欄の「キイロトラカミキリ」を確認。
kamikiri-host-index-184-191-0546,species-21988,エグリトラカミキリ,エグリトラカミキリ,日本産カミキリムシ,日本産カミキリムシ_compressed.pdf,52299895c14c1fd1c74279dca00f6fd9ba64d36d69e3bf3dd9c3a29a92802e77,efb17b5912fbb2c144dab4d99924dbc341e8f64054be7909dd7818cad155bef2,191,714-715,17911,ケヤキ,ニレ科,exact_japanese_name,include,2026-07-11,OCRでは直前のブナ科を継承していたため、原典画像と既存正規化データを照合し、植物科をニレ科へ訂正。原典画像（PDF p.191、冊子p.714-715）で「ケヤキ」欄の「エグリトラカミキリ」を確認。
KDB-0158,species-21990,フタオビミドリトラカミキリ 基亜種,フタオビミドリトラカミキリ,日本産カミキリムシ,日本産カミキリムシ_compressed.pdf,52299895c14c1fd1c74279dca00f6fd9ba64d36d69e3bf3dd9c3a29a92802e77,efb17b5912fbb2c144dab4d99924dbc341e8f64054be7909dd7818cad155bef2,191,714-715,17911,ケヤキ,ニレ科,exact_derived_base_name,needs_review,2026-07-11,索引と種解説PDF p.84はいずれも Chlorophorus muscosus の種レベル記述。現行insects.csvでは同種群が複数亜種に分かれるが、索引の寄主記録に産地がなく基亜種へ一意に帰属できない。直前見出しの継承誤り「ブナ科」を原典段組みと現行分類に基づきニレ科へ補正
kamikiri-host-index-184-191-0557,species-22015,コトラカミキリ,コトラカミキリ,日本産カミキリムシ,日本産カミキリムシ_compressed.pdf,52299895c14c1fd1c74279dca00f6fd9ba64d36d69e3bf3dd9c3a29a92802e77,efb17b5912fbb2c144dab4d99924dbc341e8f64054be7909dd7818cad155bef2,191,714-715,17911,ケヤキ,ニレ科,exact_japanese_name,include,2026-07-11,OCRでは直前のブナ科を継承していたため、原典画像と既存正規化データを照合し、植物科をニレ科へ訂正。原典画像（PDF p.191、冊子p.714-715）で「ケヤキ」欄の「コトラカミキリ」を確認。
KDB-0159,species-22022,ヒメクロトラカミキリ 基亜種,ヒメクロトラカミキリ,日本産カミキリムシ,日本産カミキリムシ_compressed.pdf,52299895c14c1fd1c74279dca00f6fd9ba64d36d69e3bf3dd9c3a29a92802e77,efb17b5912fbb2c144dab4d99924dbc341e8f64054be7909dd7818cad155bef2,191,714-715,17911,ケヤキ,ニレ科,exact_derived_base_name,include,2026-07-11,索引PDF p.191で学名が基亜種として明示され、種解説PDF p.85の基亜種見出しおよび normalized_data/insects.csv の同種群と一致。直前見出しの継承誤り「ブナ科」を原典段組みと現行分類に基づきニレ科へ補正
kamikiri-host-index-184-191-0545,species-22045,ウスイロトラカミキリ,ウスイロトラカミキリ,日本産カミキリムシ,日本産カミキリムシ_compressed.pdf,52299895c14c1fd1c74279dca00f6fd9ba64d36d69e3bf3dd9c3a29a92802e77,efb17b5912fbb2c144dab4d99924dbc341e8f64054be7909dd7818cad155bef2,191,714-715,17911,ケヤキ,ニレ科,exact_japanese_name,include,2026-07-11,OCRでは直前のブナ科を継承していたため、原典画像と既存正規化データを照合し、植物科をニレ科へ訂正。原典画像（PDF p.191、冊子p.714-715）で「ケヤキ」欄の「ウスイロトラカミキリ」を確認。
kamikiri-host-index-184-191-0572,species-22046,ニイジマトラカミキリ,ニイジマトラカミキリ,日本産カミキリムシ,日本産カミキリムシ_compressed.pdf,52299895c14c1fd1c74279dca00f6fd9ba64d36d69e3bf3dd9c3a29a92802e77,efb17b5912fbb2c144dab4d99924dbc341e8f64054be7909dd7818cad155bef2,191,714-715,17911,ケヤキ,ニレ科,exact_japanese_name,include,2026-07-11,OCRでは直前のブナ科を継承していたため、原典画像と既存正規化データを照合し、植物科をニレ科へ訂正。原典画像（PDF p.191、冊子p.714-715）で「ケヤキ」欄の「ニイジマトラカミキリ」を確認。
KDB-0157,species-22047,ムネマダラトラカミキリ 基亜種,ムネマダラトラカミキリ,日本産カミキリムシ,日本産カミキリムシ_compressed.pdf,52299895c14c1fd1c74279dca00f6fd9ba64d36d69e3bf3dd9c3a29a92802e77,efb17b5912fbb2c144dab4d99924dbc341e8f64054be7909dd7818cad155bef2,191,714-715,17911,ケヤキ,ニレ科,exact_derived_base_name,include,2026-07-11,索引PDF p.191で学名が基亜種として明示され、種解説PDF p.77の基亜種見出しおよび normalized_data/insects.csv の同種群と一致。直前見出しの継承誤り「ブナ科」を原典段組みと現行分類に基づきニレ科へ補正
kamikiri-host-index-184-191-0564,species-22053,ズマルトラカミキリ,ズマルトラカミキリ,日本産カミキリムシ,日本産カミキリムシ_compressed.pdf,52299895c14c1fd1c74279dca00f6fd9ba64d36d69e3bf3dd9c3a29a92802e77,efb17b5912fbb2c144dab4d99924dbc341e8f64054be7909dd7818cad155bef2,191,714-715,17911,ケヤキ,ニレ科,exact_japanese_name,include,2026-07-11,OCRでは直前のブナ科を継承していたため、原典画像と既存正規化データを照合し、植物科をニレ科へ訂正。原典画像（PDF p.191、冊子p.714-715）で「ケヤキ」欄の「ズマルトラカミキリ」を確認。
kamikiri-host-index-184-191-0544,species-22064,イエカミキリ,イエカミキリ,日本産カミキリムシ,日本産カミキリムシ_compressed.pdf,52299895c14c1fd1c74279dca00f6fd9ba64d36d69e3bf3dd9c3a29a92802e77,efb17b5912fbb2c144dab4d99924dbc341e8f64054be7909dd7818cad155bef2,191,714-715,17911,ケヤキ,ニレ科,exact_japanese_name,include,2026-07-11,OCRでは直前のブナ科を継承していたため、原典画像と既存正規化データを照合し、植物科をニレ科へ訂正。原典画像（PDF p.191、冊子p.714-715）で「ケヤキ」欄の「イエカミキリ」を確認。
kamikiri-host-index-184-191-0570,species-22140,トビイロカミキリ,トビイロカミキリ,日本産カミキリムシ,日本産カミキリムシ_compressed.pdf,52299895c14c1fd1c74279dca00f6fd9ba64d36d69e3bf3dd9c3a29a92802e77,efb17b5912fbb2c144dab4d99924dbc341e8f64054be7909dd7818cad155bef2,191,714-715,17911,ケヤキ,ニレ科,exact_japanese_name,include,2026-07-11,OCRでは直前のブナ科を継承していたため、原典画像と既存正規化データを照合し、植物科をニレ科へ訂正。原典画像（PDF p.191、冊子p.714-715）で「ケヤキ」欄の「トビイロカミキリ」を確認。
kamikiri-host-index-184-191-0581,species-22155,ルリボシカミキリ,ルリボシカミキリ,日本産カミキリムシ,日本産カミキリムシ_compressed.pdf,52299895c14c1fd1c74279dca00f6fd9ba64d36d69e3bf3dd9c3a29a92802e77,efb17b5912fbb2c144dab4d99924dbc341e8f64054be7909dd7818cad155bef2,191,714-715,17911,ケヤキ,ニレ科,exact_japanese_name,include,2026-07-11,OCRでは直前のブナ科を継承していたため、原典画像と既存正規化データを照合し、植物科をニレ科へ訂正。原典画像（PDF p.191、冊子p.714-715）で「ケヤキ」欄の「ルリボシカミキリ」を確認。
kamikiri-host-index-184-191-0576,species-22176,ヘリグロベニカミキリ,ヘリグロベニカミキリ,日本産カミキリムシ,日本産カミキリムシ_compressed.pdf,52299895c14c1fd1c74279dca00f6fd9ba64d36d69e3bf3dd9c3a29a92802e77,efb17b5912fbb2c144dab4d99924dbc341e8f64054be7909dd7818cad155bef2,191,714-715,17911,ケヤキ,ニレ科,exact_japanese_name,include,2026-07-11,OCRでは直前のブナ科を継承していたため、原典画像と既存正規化データを照合し、植物科をニレ科へ訂正。原典画像（PDF p.191、冊子p.714-715）で「ケヤキ」欄の「ヘリグロベニカミキリ」を確認。
kamikiri-host-index-184-191-0548,species-22185,カラカネハナカミキリ,カラカネハナカミキリ,日本産カミキリムシ,日本産カミキリムシ_compressed.pdf,52299895c14c1fd1c74279dca00f6fd9ba64d36d69e3bf3dd9c3a29a92802e77,efb17b5912fbb2c144dab4d99924dbc341e8f64054be7909dd7818cad155bef2,191,714-715,17911,ケヤキ,ニレ科,exact_japanese_name,include,2026-07-11,OCRでは直前のブナ科を継承していたため、原典画像と既存正規化データを照合し、植物科をニレ科へ訂正。原典画像（PDF p.191、冊子p.714-715）で「ケヤキ」欄の「カラカネハナカミキリ」を確認。
kamikiri-host-index-184-191-0569,species-22515,トゲバカミキリ,トゲバカミキリ,日本産カミキリムシ,日本産カミキリムシ_compressed.pdf,52299895c14c1fd1c74279dca00f6fd9ba64d36d69e3bf3dd9c3a29a92802e77,efb17b5912fbb2c144dab4d99924dbc341e8f64054be7909dd7818cad155bef2,191,714-715,17911,ケヤキ,ニレ科,exact_japanese_name,include,2026-07-11,OCRでは直前のブナ科を継承していたため、原典画像と既存正規化データを照合し、植物科をニレ科へ訂正。原典画像（PDF p.191、冊子p.714-715）で「ケヤキ」欄の「トゲバカミキリ」を確認。
kamikiri-host-index-184-191-0556,species-22526,ケシカミキリ,ケシカミキリ,日本産カミキリムシ,日本産カミキリムシ_compressed.pdf,52299895c14c1fd1c74279dca00f6fd9ba64d36d69e3bf3dd9c3a29a92802e77,efb17b5912fbb2c144dab4d99924dbc341e8f64054be7909dd7818cad155bef2,191,714-715,17911,ケヤキ,ニレ科,exact_japanese_name,include,2026-07-11,OCRでは直前のブナ科を継承していたため、原典画像と既存正規化データを照合し、植物科をニレ科へ訂正。原典画像（PDF p.191、冊子p.714-715）で「ケヤキ」欄の「ケシカミキリ」を確認。
KDB-0161,species-22569,シナノクロフカミキリ 基亜種,シナノクロフカミキリ,日本産カミキリムシ,日本産カミキリムシ_compressed.pdf,52299895c14c1fd1c74279dca00f6fd9ba64d36d69e3bf3dd9c3a29a92802e77,efb17b5912fbb2c144dab4d99924dbc341e8f64054be7909dd7818cad155bef2,191,714-715,17911,ケヤキ,ニレ科,exact_derived_base_name,needs_review,2026-07-11,索引と種解説PDF p.97はいずれも Asaperda agapanthina の種レベル記述。現行insects.csvでは同種群が複数亜種に分かれるが、索引の寄主記録に産地がなく基亜種へ一意に帰属できない。直前見出しの継承誤り「ブナ科」を原典段組みと現行分類に基づきニレ科へ補正
kamikiri-host-index-184-191-0574,species-22586,ヒシカミキリ,ヒシカミキリ,日本産カミキリムシ,日本産カミキリムシ_compressed.pdf,52299895c14c1fd1c74279dca00f6fd9ba64d36d69e3bf3dd9c3a29a92802e77,efb17b5912fbb2c144dab4d99924dbc341e8f64054be7909dd7818cad155bef2,191,714-715,17911,ケヤキ,ニレ科,exact_japanese_name,include,2026-07-11,OCRでは直前のブナ科を継承していたため、原典画像と既存正規化データを照合し、植物科をニレ科へ訂正。原典画像（PDF p.191、冊子p.714-715）で「ケヤキ」欄の「ヒシカミキリ」を確認。
kamikiri-host-index-184-191-0554,species-22650,クワカミキリ,クワカミキリ,日本産カミキリムシ,日本産カミキリムシ_compressed.pdf,52299895c14c1fd1c74279dca00f6fd9ba64d36d69e3bf3dd9c3a29a92802e77,efb17b5912fbb2c144dab4d99924dbc341e8f64054be7909dd7818cad155bef2,191,714-715,17911,ケヤキ,ニレ科,exact_japanese_name,include,2026-07-11,OCRでは直前のブナ科を継承していたため、原典画像と既存正規化データを照合し、植物科をニレ科へ訂正。原典画像（PDF p.191、冊子p.714-715）で「ケヤキ」欄の「クワカミキリ」を確認。
kamikiri-host-index-184-191-0562,species-22654,シロスジカミキリ,シロスジカミキリ,日本産カミキリムシ,日本産カミキリムシ_compressed.pdf,52299895c14c1fd1c74279dca00f6fd9ba64d36d69e3bf3dd9c3a29a92802e77,efb17b5912fbb2c144dab4d99924dbc341e8f64054be7909dd7818cad155bef2,191,714-715,17911,ケヤキ,ニレ科,exact_japanese_name,include,2026-07-11,OCRでは直前のブナ科を継承していたため、原典画像と既存正規化データを照合し、植物科をニレ科へ訂正。原典画像（PDF p.191、冊子p.714-715）で「ケヤキ」欄の「シロスジカミキリ」を確認。
kamikiri-host-index-184-191-0558,species-22764,ゴマダラカミキリ,ゴマダラカミキリ,日本産カミキリムシ,日本産カミキリムシ_compressed.pdf,52299895c14c1fd1c74279dca00f6fd9ba64d36d69e3bf3dd9c3a29a92802e77,efb17b5912fbb2c144dab4d99924dbc341e8f64054be7909dd7818cad155bef2,191,714-715,17911,ケヤキ,ニレ科,exact_japanese_name,include,2026-07-11,OCRでは直前のブナ科を継承していたため、原典画像と既存正規化データを照合し、植物科をニレ科へ訂正。原典画像（PDF p.191、冊子p.714-715）で「ケヤキ」欄の「ゴマダラカミキリ」を確認。
kamikiri-host-index-184-191-0561,species-22862,シロオビゴマフカミキリ,シロオビゴマフカミキリ,日本産カミキリムシ,日本産カミキリムシ_compressed.pdf,52299895c14c1fd1c74279dca00f6fd9ba64d36d69e3bf3dd9c3a29a92802e77,efb17b5912fbb2c144dab4d99924dbc341e8f64054be7909dd7818cad155bef2,191,714-715,17911,ケヤキ,ニレ科,exact_japanese_name,include,2026-07-11,OCRでは直前のブナ科を継承していたため、原典画像と既存正規化データを照合し、植物科をニレ科へ訂正。原典画像（PDF p.191、冊子p.714-715）で「ケヤキ」欄の「シロオビゴマフカミキリ」を確認。
kamikiri-host-index-184-191-0571,species-22866,ナガゴマフカミキリ,ナガゴマフカミキリ,日本産カミキリムシ,日本産カミキリムシ_compressed.pdf,52299895c14c1fd1c74279dca00f6fd9ba64d36d69e3bf3dd9c3a29a92802e77,efb17b5912fbb2c144dab4d99924dbc341e8f64054be7909dd7818cad155bef2,191,714-715,17911,ケヤキ,ニレ科,exact_japanese_name,include,2026-07-11,OCRでは直前のブナ科を継承していたため、原典画像と既存正規化データを照合し、植物科をニレ科へ訂正。原典画像（PDF p.191、冊子p.714-715）で「ケヤキ」欄の「ナガゴマフカミキリ」を確認。
kamikiri-host-index-184-191-0559,species-22871,ゴマフカミキリ,ゴマフカミキリ,日本産カミキリムシ,日本産カミキリムシ_compressed.pdf,52299895c14c1fd1c74279dca00f6fd9ba64d36d69e3bf3dd9c3a29a92802e77,efb17b5912fbb2c144dab4d99924dbc341e8f64054be7909dd7818cad155bef2,191,714-715,17911,ケヤキ,ニレ科,exact_japanese_name,include,2026-07-11,OCRでは直前のブナ科を継承していたため、原典画像と既存正規化データを照合し、植物科をニレ科へ訂正。原典画像（PDF p.191、冊子p.714-715）で「ケヤキ」欄の「ゴマフカミキリ」を確認。
KDB-0160,species-22890,カタシロゴマフカミキリ 基亜種,カタシロゴマフカミキリ,日本産カミキリムシ,日本産カミキリムシ_compressed.pdf,52299895c14c1fd1c74279dca00f6fd9ba64d36d69e3bf3dd9c3a29a92802e77,efb17b5912fbb2c144dab4d99924dbc341e8f64054be7909dd7818cad155bef2,191,714-715,17911,ケヤキ,ニレ科,exact_derived_base_name,include,2026-07-11,索引PDF p.191で学名が基亜種として明示され、種解説PDF p.94の基亜種見出しおよび normalized_data/insects.csv の同種群と一致。直前見出しの継承誤り「ブナ科」を原典段組みと現行分類に基づきニレ科へ補正
kamikiri-host-index-184-191-0553,species-22910,クモガタケシカミキリ,クモガタケシカミキリ,日本産カミキリムシ,日本産カミキリムシ_compressed.pdf,52299895c14c1fd1c74279dca00f6fd9ba64d36d69e3bf3dd9c3a29a92802e77,efb17b5912fbb2c144dab4d99924dbc341e8f64054be7909dd7818cad155bef2,191,714-715,17911,ケヤキ,ニレ科,exact_japanese_name,include,2026-07-11,OCRでは直前のブナ科を継承していたため、原典画像と既存正規化データを照合し、植物科をニレ科へ訂正。原典画像（PDF p.191、冊子p.714-715）で「ケヤキ」欄の「クモガタケシカミキリ」を確認。
kamikiri-host-index-184-191-0549,species-22912,ガロアケシカミキリ,ガロアケシカミキリ,日本産カミキリムシ,日本産カミキリムシ_compressed.pdf,52299895c14c1fd1c74279dca00f6fd9ba64d36d69e3bf3dd9c3a29a92802e77,efb17b5912fbb2c144dab4d99924dbc341e8f64054be7909dd7818cad155bef2,191,714-715,17911,ケヤキ,ニレ科,exact_japanese_name,include,2026-07-11,OCRでは直前のブナ科を継承していたため、原典画像と既存正規化データを照合し、植物科をニレ科へ訂正。原典画像（PDF p.191、冊子p.714-715）で「ケヤキ」欄の「ガロアケシカミキリ」を確認。
kamikiri-host-index-184-191-0573,species-22932,ネジロカミキリ,ネジロカミキリ,日本産カミキリムシ,日本産カミキリムシ_compressed.pdf,52299895c14c1fd1c74279dca00f6fd9ba64d36d69e3bf3dd9c3a29a92802e77,efb17b5912fbb2c144dab4d99924dbc341e8f64054be7909dd7818cad155bef2,191,714-715,17911,ケヤキ,ニレ科,exact_japanese_name,include,2026-07-11,OCRでは直前のブナ科を継承していたため、原典画像と既存正規化データを照合し、植物科をニレ科へ訂正。原典画像（PDF p.191、冊子p.714-715）で「ケヤキ」欄の「ネジロカミキリ」を確認。
kamikiri-host-index-184-191-0555,species-22941,クワサビカミキリ,クワサビカミキリ,日本産カミキリムシ,日本産カミキリムシ_compressed.pdf,52299895c14c1fd1c74279dca00f6fd9ba64d36d69e3bf3dd9c3a29a92802e77,efb17b5912fbb2c144dab4d99924dbc341e8f64054be7909dd7818cad155bef2,191,714-715,17911,ケヤキ,ニレ科,exact_japanese_name,include,2026-07-11,OCRでは直前のブナ科を継承していたため、原典画像と既存正規化データを照合し、植物科をニレ科へ訂正。原典画像（PDF p.191、冊子p.714-715）で「ケヤキ」欄の「クワサビカミキリ」を確認。
KDB-0163,species-22947,ナカジロサビカミキリ 基亜種,ナカジロサビカミキリ,日本産カミキリムシ,日本産カミキリムシ_compressed.pdf,52299895c14c1fd1c74279dca00f6fd9ba64d36d69e3bf3dd9c3a29a92802e77,efb17b5912fbb2c144dab4d99924dbc341e8f64054be7909dd7818cad155bef2,191,714-715,17911,ケヤキ,ニレ科,exact_derived_base_name,include,2026-07-11,索引PDF p.191で学名が基亜種として明示され、種解説PDF p.114の基亜種見出しおよび normalized_data/insects.csv の同種群と一致。直前見出しの継承誤り「ブナ科」を原典段組みと現行分類に基づきニレ科へ補正
kamikiri-host-index-184-191-0566,species-22953,ツシマハネナシサビカミキリ,ツシマハネナシサビカミキリ,日本産カミキリムシ,日本産カミキリムシ_compressed.pdf,52299895c14c1fd1c74279dca00f6fd9ba64d36d69e3bf3dd9c3a29a92802e77,efb17b5912fbb2c144dab4d99924dbc341e8f64054be7909dd7818cad155bef2,191,714-715,17911,ケヤキ,ニレ科,exact_japanese_name,include,2026-07-11,OCRでは直前のブナ科を継承していたため、原典画像と既存正規化データを照合し、植物科をニレ科へ訂正。原典画像（PDF p.191、冊子p.714-715）で「ケヤキ」欄の「ツシマハネナシサビカミキリ」を確認。
kamikiri-host-index-184-191-0543,species-22965,アトモンサビカミキリ,アトモンサビカミキリ,日本産カミキリムシ,日本産カミキリムシ_compressed.pdf,52299895c14c1fd1c74279dca00f6fd9ba64d36d69e3bf3dd9c3a29a92802e77,efb17b5912fbb2c144dab4d99924dbc341e8f64054be7909dd7818cad155bef2,191,714-715,17911,ケヤキ,ニレ科,exact_japanese_name,include,2026-07-11,OCRでは直前のブナ科を継承していたため、原典画像と既存正規化データを照合し、植物科をニレ科へ訂正。原典画像（PDF p.191、冊子p.714-715）で「ケヤキ」欄の「アトモンサビカミキリ」を確認。
kamikiri-host-index-184-191-0575,species-22969,ヒメナガサビカミキリ,ヒメナガサビカミキリ,日本産カミキリムシ,日本産カミキリムシ_compressed.pdf,52299895c14c1fd1c74279dca00f6fd9ba64d36d69e3bf3dd9c3a29a92802e77,efb17b5912fbb2c144dab4d99924dbc341e8f64054be7909dd7818cad155bef2,191,714-715,17911,ケヤキ,ニレ科,exact_japanese_name,include,2026-07-11,OCRでは直前のブナ科を継承していたため、原典画像と既存正規化データを照合し、植物科をニレ科へ訂正。原典画像（PDF p.191、冊子p.714-715）で「ケヤキ」欄の「ヒメナガサビカミキリ」を確認。
kamikiri-host-index-184-191-0547,species-22970,エゾサビカミキリ,エゾサビカミキリ,日本産カミキリムシ,日本産カミキリムシ_compressed.pdf,52299895c14c1fd1c74279dca00f6fd9ba64d36d69e3bf3dd9c3a29a92802e77,efb17b5912fbb2c144dab4d99924dbc341e8f64054be7909dd7818cad155bef2,191,714-715,17911,ケヤキ,ニレ科,exact_japanese_name,include,2026-07-11,OCRでは直前のブナ科を継承していたため、原典画像と既存正規化データを照合し、植物科をニレ科へ訂正。原典画像（PDF p.191、冊子p.714-715）で「ケヤキ」欄の「エゾサビカミキリ」を確認。
KDB-0164,species-23007,シラホシカミキリ 基亜種,シラホシカミキリ,日本産カミキリムシ,日本産カミキリムシ_compressed.pdf,52299895c14c1fd1c74279dca00f6fd9ba64d36d69e3bf3dd9c3a29a92802e77,efb17b5912fbb2c144dab4d99924dbc341e8f64054be7909dd7818cad155bef2,191,714-715,17911,ケヤキ,ニレ科,exact_derived_base_name,include,2026-07-11,索引PDF p.191で学名が基亜種として明示され、種解説PDF p.165の基亜種見出しおよび normalized_data/insects.csv の同種群と一致。直前見出しの継承誤り「ブナ科」を原典段組みと現行分類に基づきニレ科へ補正
kamikiri-host-index-184-191-0580,species-23041,ラミーカミキリ,ラミーカミキリ,日本産カミキリムシ,日本産カミキリムシ_compressed.pdf,52299895c14c1fd1c74279dca00f6fd9ba64d36d69e3bf3dd9c3a29a92802e77,efb17b5912fbb2c144dab4d99924dbc341e8f64054be7909dd7818cad155bef2,191,714-715,17911,ケヤキ,ニレ科,exact_japanese_name,include,2026-07-11,OCRでは直前のブナ科を継承していたため、原典画像と既存正規化データを照合し、植物科をニレ科へ訂正。原典画像（PDF p.191、冊子p.714-715）で「ケヤキ」欄の「ラミーカミキリ」を確認。
kamikiri-derived-base-192-220-0001,species-22569,シナノクロフカミキリ 基亜種,シナノクロフカミキリ,日本産カミキリムシ,日本産カミキリムシ_compressed.pdf,52299895c14c1fd1c74279dca00f6fd9ba64d36d69e3bf3dd9c3a29a92802e77,efb17b5912fbb2c144dab4d99924dbc341e8f64054be7909dd7818cad155bef2,192,716-717,17977,コウゾ,クワ科,exact_derived_base_name,needs_review,2026-07-11,原典画像（PDF p.192、冊子p.716-717）で「コウゾ」欄の「シナノクロフカミキリ」を確認したが、寄主索引・種解説とも種レベルの表記である。現行 insects.csv には同種群が4亜種として登録されており、名義亜種IDへ一意に帰属できないため保留。
kamikiri-derived-base-192-220-0002,species-22832,キボシカミキリ 基亜種,キボシカミキリ,日本産カミキリムシ,日本産カミキリムシ_compressed.pdf,52299895c14c1fd1c74279dca00f6fd9ba64d36d69e3bf3dd9c3a29a92802e77,efb17b5912fbb2c144dab4d99924dbc341e8f64054be7909dd7818cad155bef2,192,716-717,17977,コウゾ,クワ科,exact_derived_base_name,include,2026-07-11,原典画像（PDF p.192、冊子p.716-717）で「コウゾ」欄の「キボシカミキリ」を確認。寄主索引の学名表記と種解説欄の同種群を照合し、名義亜種の三名法表記、または他亜種の独立見出し・別索引記載により現行の名義亜種IDへ帰属可能。
kamikiri-derived-base-192-220-0003,1-1,ウスバカミキリ 基亜種,ウスバカミキリ,日本産カミキリムシ,日本産カミキリムシ_compressed.pdf,52299895c14c1fd1c74279dca00f6fd9ba64d36d69e3bf3dd9c3a29a92802e77,efb17b5912fbb2c144dab4d99924dbc341e8f64054be7909dd7818cad155bef2,192,716-717,17990,イチジク,クワ科,exact_derived_base_name,include,2026-07-11,原典画像（PDF p.192、冊子p.716-717）で「イチジク」欄の「ウスバカミキリ」を確認。寄主索引の学名表記と種解説欄の同種群を照合し、名義亜種の三名法表記、または他亜種の独立見出し・別索引記載により現行の名義亜種IDへ帰属可能。
kamikiri-derived-base-192-220-0004,species-22569,シナノクロフカミキリ 基亜種,シナノクロフカミキリ,日本産カミキリムシ,日本産カミキリムシ_compressed.pdf,52299895c14c1fd1c74279dca00f6fd9ba64d36d69e3bf3dd9c3a29a92802e77,efb17b5912fbb2c144dab4d99924dbc341e8f64054be7909dd7818cad155bef2,192,716-717,17990,イチジク,クワ科,exact_derived_base_name,needs_review,2026-07-11,原典画像（PDF p.192、冊子p.716-717）で「イチジク」欄の「シナノクロフカミキリ」を確認したが、寄主索引・種解説とも種レベルの表記である。現行 insects.csv には同種群が4亜種として登録されており、名義亜種IDへ一意に帰属できないため保留。
kamikiri-derived-base-192-220-0007,species-22832,キボシカミキリ 基亜種,キボシカミキリ,日本産カミキリムシ,日本産カミキリムシ_compressed.pdf,52299895c14c1fd1c74279dca00f6fd9ba64d36d69e3bf3dd9c3a29a92802e77,efb17b5912fbb2c144dab4d99924dbc341e8f64054be7909dd7818cad155bef2,192,716-717,17990,イチジク,クワ科,exact_derived_base_name,include,2026-07-11,原典画像（PDF p.192、冊子p.716-717）で「イチジク」欄の「キボシカミキリ」を確認。寄主索引の学名表記と種解説欄の同種群を照合し、名義亜種の三名法表記、または他亜種の独立見出し・別索引記載により現行の名義亜種IDへ帰属可能。
kamikiri-derived-base-192-220-0006,species-22856,ヤハズカミキリ 基亜種,ヤハズカミキリ,日本産カミキリムシ,日本産カミキリムシ_compressed.pdf,52299895c14c1fd1c74279dca00f6fd9ba64d36d69e3bf3dd9c3a29a92802e77,efb17b5912fbb2c144dab4d99924dbc341e8f64054be7909dd7818cad155bef2,192,716-717,17990,イチジク,クワ科,exact_derived_base_name,include,2026-07-11,原典画像（PDF p.192、冊子p.716-717）で「イチジク」欄の「ヤハズカミキリ」を確認。寄主索引の学名表記と種解説欄の同種群を照合し、名義亜種の三名法表記、または他亜種の独立見出し・別索引記載により現行の名義亜種IDへ帰属可能。
kamikiri-derived-base-192-220-0005,species-22963,トガリシロオビサビカミキリ 基亜種,トガリシロオビサビカミキリ,日本産カミキリムシ,日本産カミキリムシ_compressed.pdf,52299895c14c1fd1c74279dca00f6fd9ba64d36d69e3bf3dd9c3a29a92802e77,efb17b5912fbb2c144dab4d99924dbc341e8f64054be7909dd7818cad155bef2,192,716-717,17990,イチジク,クワ科,exact_derived_base_name,include,2026-07-11,原典画像（PDF p.192、冊子p.716-717）で「イチジク」欄の「トガリシロオビサビカミキリ」を確認。寄主索引の学名表記と種解説欄の同種群を照合し、名義亜種の三名法表記、または他亜種の独立見出し・別索引記載により現行の名義亜種IDへ帰属可能。
kamikiri-derived-base-192-220-0008,species-22633,アトモンチビカミキリ 基亜種,アトモンチビカミキリ,日本産カミキリムシ,日本産カミキリムシ_compressed.pdf,52299895c14c1fd1c74279dca00f6fd9ba64d36d69e3bf3dd9c3a29a92802e77,efb17b5912fbb2c144dab4d99924dbc341e8f64054be7909dd7818cad155bef2,192,716-717,18018,イヌビワ,クワ科,exact_derived_base_name,include,2026-07-11,原典画像（PDF p.192、冊子p.716-717）で「イヌビワ」欄の「アトモンチビカミキリ」を確認。寄主索引の学名表記と種解説欄の同種群を照合し、名義亜種の三名法表記、または他亜種の独立見出し・別索引記載により現行の名義亜種IDへ帰属可能。 原典では Sybra oshimana と Sybra mimogeminata（現行の先島諸島亜種）を別種の独立見出しで記載しており、S. oshimana 側へ帰属できる。
kamikiri-derived-base-192-220-0009,species-22832,キボシカミキリ 基亜種,キボシカミキリ,日本産カミキリムシ,日本産カミキリムシ_compressed.pdf,52299895c14c1fd1c74279dca00f6fd9ba64d36d69e3bf3dd9c3a29a92802e77,efb17b5912fbb2c144dab4d99924dbc341e8f64054be7909dd7818cad155bef2,192,716-717,18018,イヌビワ,クワ科,exact_derived_base_name,include,2026-07-11,原典画像（PDF p.192、冊子p.716-717）で「イヌビワ」欄の「キボシカミキリ」を確認。寄主索引の学名表記と種解説欄の同種群を照合し、名義亜種の三名法表記、または他亜種の独立見出し・別索引記載により現行の名義亜種IDへ帰属可能。
kamikiri-derived-base-192-220-0010,species-23049,ヒゲナガヒメルリカミキリ 基亜種,ヒゲナガヒメルリカミキリ,日本産カミキリムシ,日本産カミキリムシ_compressed.pdf,52299895c14c1fd1c74279dca00f6fd9ba64d36d69e3bf3dd9c3a29a92802e77,efb17b5912fbb2c144dab4d99924dbc341e8f64054be7909dd7818cad155bef2,192,716-717,18018,イヌビワ,クワ科,exact_derived_base_name,include,2026-07-11,原典画像（PDF p.192、冊子p.716-717）で「イヌビワ」欄の「ヒゲナガヒメルリカミキリ」を確認。寄主索引の学名表記と種解説欄の同種群を照合し、名義亜種の三名法表記、または他亜種の独立見出し・別索引記載により現行の名義亜種IDへ帰属可能。
kamikiri-derived-base-192-220-0011,species-22603,ウスフタモンサビカミキリ 基亜種,ウスフタモンサビカミキリ,日本産カミキリムシ,日本産カミキリムシ_compressed.pdf,52299895c14c1fd1c74279dca00f6fd9ba64d36d69e3bf3dd9c3a29a92802e77,efb17b5912fbb2c144dab4d99924dbc341e8f64054be7909dd7818cad155bef2,192,716-717,18040,ガジュマル,クワ科,exact_derived_base_name,include,2026-07-11,原典画像（PDF p.192、冊子p.716-717）で「ガジュマル」欄の「ウスフタモンサビカミキリ」を確認。寄主索引の学名表記と種解説欄の同種群を照合し、名義亜種の三名法表記、または他亜種の独立見出し・別索引記載により現行の名義亜種IDへ帰属可能。
kamikiri-derived-base-192-220-0012,species-22832,キボシカミキリ 基亜種,キボシカミキリ,日本産カミキリムシ,日本産カミキリムシ_compressed.pdf,52299895c14c1fd1c74279dca00f6fd9ba64d36d69e3bf3dd9c3a29a92802e77,efb17b5912fbb2c144dab4d99924dbc341e8f64054be7909dd7818cad155bef2,192,716-717,18040,ガジュマル,クワ科,exact_derived_base_name,include,2026-07-11,原典画像（PDF p.192、冊子p.716-717）で「ガジュマル」欄の「キボシカミキリ」を確認。寄主索引の学名表記と種解説欄の同種群を照合し、名義亜種の三名法表記、または他亜種の独立見出し・別索引記載により現行の名義亜種IDへ帰属可能。
kamikiri-derived-base-192-220-0013,species-21998,ヨツスジトラカミキリ 基亜種,ヨツスジトラカミキリ,日本産カミキリムシ,日本産カミキリムシ_compressed.pdf,52299895c14c1fd1c74279dca00f6fd9ba64d36d69e3bf3dd9c3a29a92802e77,efb17b5912fbb2c144dab4d99924dbc341e8f64054be7909dd7818cad155bef2,192,716-717,18069,アコウ,クワ科,exact_derived_base_name,needs_review,2026-07-11,原典画像（PDF p.192、冊子p.716-717）で「アコウ」欄の「ヨツスジトラカミキリ」を確認したが、寄主索引・種解説とも種レベルの表記である。現行 insects.csv には同種群が3亜種として登録されており、名義亜種IDへ一意に帰属できないため保留。
kamikiri-host-index-192-220-0001,species-22040,ムネモンアカネトラカミキリ 琉球北部亜種,アマミトラカミキリ,日本産カミキリムシ,日本産カミキリムシ_compressed.pdf,52299895c14c1fd1c74279dca00f6fd9ba64d36d69e3bf3dd9c3a29a92802e77,efb17b5912fbb2c144dab4d99924dbc341e8f64054be7909dd7818cad155bef2,192,716-717,18069,アコウ,クワ科,exact_alternative_name,include,2026-07-11,原典画像（PDF p.192、冊子p.716-717）で「アコウ」欄の「アマミトラカミキリ」を確認。
kamikiri-derived-base-192-220-0014,species-22603,ウスフタモンサビカミキリ 基亜種,ウスフタモンサビカミキリ,日本産カミキリムシ,日本産カミキリムシ_compressed.pdf,52299895c14c1fd1c74279dca00f6fd9ba64d36d69e3bf3dd9c3a29a92802e77,efb17b5912fbb2c144dab4d99924dbc341e8f64054be7909dd7818cad155bef2,192,716-717,18069,アコウ,クワ科,exact_derived_base_name,include,2026-07-11,原典画像（PDF p.192、冊子p.716-717）で「アコウ」欄の「ウスフタモンサビカミキリ」を確認。寄主索引の学名表記と種解説欄の同種群を照合し、名義亜種の三名法表記、または他亜種の独立見出し・別索引記載により現行の名義亜種IDへ帰属可能。
kamikiri-derived-base-192-220-0015,species-22606,ゴマフサビカミキリ 基亜種,ゴマフサビカミキリ,日本産カミキリムシ,日本産カミキリムシ_compressed.pdf,52299895c14c1fd1c74279dca00f6fd9ba64d36d69e3bf3dd9c3a29a92802e77,efb17b5912fbb2c144dab4d99924dbc341e8f64054be7909dd7818cad155bef2,192,716-717,18069,アコウ,クワ科,exact_derived_base_name,include,2026-07-11,原典画像（PDF p.192、冊子p.716-717）で「アコウ」欄の「ゴマフサビカミキリ」を確認。寄主索引の学名表記と種解説欄の同種群を照合し、名義亜種の三名法表記、または他亜種の独立見出し・別索引記載により現行の名義亜種IDへ帰属可能。
kamikiri-derived-base-192-220-0016,species-22832,キボシカミキリ 基亜種,キボシカミキリ,日本産カミキリムシ,日本産カミキリムシ_compressed.pdf,52299895c14c1fd1c74279dca00f6fd9ba64d36d69e3bf3dd9c3a29a92802e77,efb17b5912fbb2c144dab4d99924dbc341e8f64054be7909dd7818cad155bef2,192,716-717,18069,アコウ,クワ科,exact_derived_base_name,include,2026-07-11,原典画像（PDF p.192、冊子p.716-717）で「アコウ」欄の「キボシカミキリ」を確認。寄主索引の学名表記と種解説欄の同種群を照合し、名義亜種の三名法表記、または他亜種の独立見出し・別索引記載により現行の名義亜種IDへ帰属可能。
kamikiri-derived-base-192-220-0017,species-21904,リュウキュウヒメカミキリ 基亜種,リュウキュウヒメカミキリ,日本産カミキリムシ,日本産カミキリムシ_compressed.pdf,52299895c14c1fd1c74279dca00f6fd9ba64d36d69e3bf3dd9c3a29a92802e77,efb17b5912fbb2c144dab4d99924dbc341e8f64054be7909dd7818cad155bef2,193,718-719,18103,イチジク類,クワ科,exact_derived_base_name,include,2026-07-11,原典画像（PDF p.193、冊子p.718-719）で「イチジク類」欄の「リュウキュウヒメカミキリ」を確認。寄主索引の学名表記と種解説欄の同種群を照合し、名義亜種の三名法表記、または他亜種の独立見出し・別索引記載により現行の名義亜種IDへ帰属可能。
kamikiri-derived-base-192-220-0018,species-22603,ウスフタモンサビカミキリ 基亜種,ウスフタモンサビカミキリ,日本産カミキリムシ,日本産カミキリムシ_compressed.pdf,52299895c14c1fd1c74279dca00f6fd9ba64d36d69e3bf3dd9c3a29a92802e77,efb17b5912fbb2c144dab4d99924dbc341e8f64054be7909dd7818cad155bef2,193,718-719,18103,イチジク類,クワ科,exact_derived_base_name,exclude_ocr_or_boundary,2026-07-11,原典画像（PDF p.193、冊子p.718-719）で「イチジク類」欄を確認。完全な和名・学名は「ウスフタモンサビカミキリ Ropica japonica amamiana」で、現行ID species-22604に対応する。短い基礎和名の接尾辞部分一致/OCR境界により生じた候補であり、ウスフタモンサビカミキリ 基亜種には帰属しない。
kamikiri-derived-base-192-220-0019,species-21990,フタオビミドリトラカミキリ 基亜種,フタオビミドリトラカミキリ,日本産カミキリムシ,日本産カミキリムシ_compressed.pdf,52299895c14c1fd1c74279dca00f6fd9ba64d36d69e3bf3dd9c3a29a92802e77,efb17b5912fbb2c144dab4d99924dbc341e8f64054be7909dd7818cad155bef2,193,718-719,18113,ヤマグワ,クワ科,exact_derived_base_name,needs_review,2026-07-11,原典画像（PDF p.193、冊子p.718-719）で「ヤマグワ」欄の「フタオビミドリトラカミキリ」を確認したが、寄主索引・種解説とも種レベルの表記である。現行 insects.csv には同種群が7亜種として登録されており、名義亜種IDへ一意に帰属できないため保留。
kamikiri-host-index-192-220-0002,species-22040,ムネモンアカネトラカミキリ 琉球北部亜種,アマミトラカミキリ,日本産カミキリムシ,日本産カミキリムシ_compressed.pdf,52299895c14c1fd1c74279dca00f6fd9ba64d36d69e3bf3dd9c3a29a92802e77,efb17b5912fbb2c144dab4d99924dbc341e8f64054be7909dd7818cad155bef2,193,718-719,18113,ヤマグワ,クワ科,exact_alternative_name,include,2026-07-11,原典画像（PDF p.193、冊子p.718-719）で「ヤマグワ」欄の「アマミトラカミキリ」を確認。
kamikiri-derived-base-192-220-0027,species-22491,サトウオガサワラカミキリ 基亜種,サトウオガサワラカミキリ,日本産カミキリムシ,日本産カミキリムシ_compressed.pdf,52299895c14c1fd1c74279dca00f6fd9ba64d36d69e3bf3dd9c3a29a92802e77,efb17b5912fbb2c144dab4d99924dbc341e8f64054be7909dd7818cad155bef2,193,718-719,18113,ヤマグワ,クワ科,exact_derived_base_name,needs_review,2026-07-11,原典画像（PDF p.193、冊子p.718-719）で「ヤマグワ」欄の「サトウオガサワラカミキリ」を確認したが、寄主索引・種解説とも種レベルの表記である。現行 insects.csv には同種群が2亜種として登録されており、名義亜種IDへ一意に帰属できないため保留。
kamikiri-derived-base-192-220-0021,species-22569,シナノクロフカミキリ 基亜種,シナノクロフカミキリ,日本産カミキリムシ,日本産カミキリムシ_compressed.pdf,52299895c14c1fd1c74279dca00f6fd9ba64d36d69e3bf3dd9c3a29a92802e77,efb17b5912fbb2c144dab4d99924dbc341e8f64054be7909dd7818cad155bef2,193,718-719,18113,ヤマグワ,クワ科,exact_derived_base_name,needs_review,2026-07-11,原典画像（PDF p.193、冊子p.718-719）で「ヤマグワ」欄の「シナノクロフカミキリ」を確認したが、寄主索引・種解説とも種レベルの表記である。現行 insects.csv には同種群が4亜種として登録されており、名義亜種IDへ一意に帰属できないため保留。
kamikiri-derived-base-192-220-0023,species-22603,ウスフタモンサビカミキリ 基亜種,ウスフタモンサビカミキリ,日本産カミキリムシ,日本産カミキリムシ_compressed.pdf,52299895c14c1fd1c74279dca00f6fd9ba64d36d69e3bf3dd9c3a29a92802e77,efb17b5912fbb2c144dab4d99924dbc341e8f64054be7909dd7818cad155bef2,193,718-719,18113,ヤマグワ,クワ科,exact_derived_base_name,exclude_ocr_or_boundary,2026-07-11,原典画像（PDF p.193、冊子p.718-719）で「ヤマグワ」欄を確認。完全な和名・学名は「ウスフタモンサビカミキリ Ropica japonica amamiana」で、現行ID species-22604に対応する。短い基礎和名の接尾辞部分一致/OCR境界により生じた候補であり、ウスフタモンサビカミキリ 基亜種には帰属しない。
kamikiri-derived-base-192-220-0022,species-22633,アトモンチビカミキリ 基亜種,アトモンチビカミキリ,日本産カミキリムシ,日本産カミキリムシ_compressed.pdf,52299895c14c1fd1c74279dca00f6fd9ba64d36d69e3bf3dd9c3a29a92802e77,efb17b5912fbb2c144dab4d99924dbc341e8f64054be7909dd7818cad155bef2,193,718-719,18113,ヤマグワ,クワ科,exact_derived_base_name,include,2026-07-11,原典画像（PDF p.193、冊子p.718-719）で「ヤマグワ」欄の「アトモンチビカミキリ」を確認。寄主索引の学名表記と種解説欄の同種群を照合し、名義亜種の三名法表記、または他亜種の独立見出し・別索引記載により現行の名義亜種IDへ帰属可能。 原典では Sybra oshimana と Sybra mimogeminata（現行の先島諸島亜種）を別種の独立見出しで記載しており、S. oshimana 側へ帰属できる。
kamikiri-derived-base-192-220-0026,species-22832,キボシカミキリ 基亜種,キボシカミキリ,日本産カミキリムシ,日本産カミキリムシ_compressed.pdf,52299895c14c1fd1c74279dca00f6fd9ba64d36d69e3bf3dd9c3a29a92802e77,efb17b5912fbb2c144dab4d99924dbc341e8f64054be7909dd7818cad155bef2,193,718-719,18113,ヤマグワ,クワ科,exact_derived_base_name,include,2026-07-11,原典画像（PDF p.193、冊子p.718-719）で「ヤマグワ」欄の「キボシカミキリ」を確認。寄主索引の学名表記と種解説欄の同種群を照合し、名義亜種の三名法表記、または他亜種の独立見出し・別索引記載により現行の名義亜種IDへ帰属可能。
kamikiri-derived-base-192-220-0020,species-22883,イシガキゴマフカミキリ 基亜種,イシガキゴマフカミキリ,日本産カミキリムシ,日本産カミキリムシ_compressed.pdf,52299895c14c1fd1c74279dca00f6fd9ba64d36d69e3bf3dd9c3a29a92802e77,efb17b5912fbb2c144dab4d99924dbc341e8f64054be7909dd7818cad155bef2,193,718-719,18113,ヤマグワ,クワ科,exact_derived_base_name,exclude_ocr_or_boundary,2026-07-11,原典画像（PDF p.193、冊子p.718-719）で「ヤマグワ」欄を確認。完全な和名・学名は「イシガキゴマフカミキリ Mesosa yonaguni subkonoi」で、現行ID species-22888に対応する。短い基礎和名の接尾辞部分一致/OCR境界により生じた候補であり、イシガキゴマフカミキリ 基亜種には帰属しない。
kamikiri-host-index-192-220-0003,species-22894,オキナワゴマフカミキリ 吐噶喇奄美亜種,トカラオキナワゴマフカミキリ,日本産カミキリムシ,日本産カミキリムシ_compressed.pdf,52299895c14c1fd1c74279dca00f6fd9ba64d36d69e3bf3dd9c3a29a92802e77,efb17b5912fbb2c144dab4d99924dbc341e8f64054be7909dd7818cad155bef2,193,718-719,18113,ヤマグワ,クワ科,exact_alternative_name,include,2026-07-11,原典画像（PDF p.193、冊子p.718-719）で「ヤマグワ」欄の「トカラオキナワゴマフカミキリ」を確認。
kamikiri-host-index-192-220-0004,species-22919,ノブオケシカミキリ 基亜種,アマミノブオケシカミキリ,日本産カミキリムシ,日本産カミキリムシ_compressed.pdf,52299895c14c1fd1c74279dca00f6fd9ba64d36d69e3bf3dd9c3a29a92802e77,efb17b5912fbb2c144dab4d99924dbc341e8f64054be7909dd7818cad155bef2,193,718-719,18113,ヤマグワ,クワ科,exact_alternative_name,include,2026-07-11,原典画像（PDF p.193、冊子p.718-719）で「ヤマグワ」欄の「アマミノブオケシカミキリ」を確認。
kamikiri-derived-base-192-220-0024,species-22934,ニイジマチビカミキリ 基亜種,ニイジマチビカミキリ,日本産カミキリムシ,日本産カミキリムシ_compressed.pdf,52299895c14c1fd1c74279dca00f6fd9ba64d36d69e3bf3dd9c3a29a92802e77,efb17b5912fbb2c144dab4d99924dbc341e8f64054be7909dd7818cad155bef2,193,718-719,18113,ヤマグワ,クワ科,exact_derived_base_name,include,2026-07-11,原典画像（PDF p.193、冊子p.718-719）で「ヤマグワ」欄の「ニイジマチビカミキリ」を確認。寄主索引の学名表記と種解説欄の同種群を照合し、名義亜種の三名法表記、または他亜種の独立見出し・別索引記載により現行の名義亜種IDへ帰属可能。
kamikiri-derived-base-192-220-0025,species-22947,ナカジロサビカミキリ 基亜種,ナカジロサビカミキリ,日本産カミキリムシ,日本産カミキリムシ_compressed.pdf,52299895c14c1fd1c74279dca00f6fd9ba64d36d69e3bf3dd9c3a29a92802e77,efb17b5912fbb2c144dab4d99924dbc341e8f64054be7909dd7818cad155bef2,193,718-719,18113,ヤマグワ,クワ科,exact_derived_base_name,include,2026-07-11,原典画像（PDF p.193、冊子p.718-719）で「ヤマグワ」欄の「ナカジロサビカミキリ」を確認。寄主索引の学名表記と種解説欄の同種群を照合し、名義亜種の三名法表記、または他亜種の独立見出し・別索引記載により現行の名義亜種IDへ帰属可能。
kamikiri-derived-base-192-220-0028,species-23002,スジシロカミキリ 基亜種,スジシロカミキリ,日本産カミキリムシ,日本産カミキリムシ_compressed.pdf,52299895c14c1fd1c74279dca00f6fd9ba64d36d69e3bf3dd9c3a29a92802e77,efb17b5912fbb2c144dab4d99924dbc341e8f64054be7909dd7818cad155bef2,193,718-719,18113,ヤマグワ,クワ科,exact_derived_base_name,include,2026-07-11,原典画像（PDF p.193、冊子p.718-719）で「ヤマグワ」欄の「スジシロカミキリ」を確認。寄主索引の学名表記と種解説欄の同種群を照合し、名義亜種の三名法表記、または他亜種の独立見出し・別索引記載により現行の名義亜種IDへ帰属可能。
kamikiri-derived-base-192-220-0030,species-21998,ヨツスジトラカミキリ 基亜種,ヨツスジトラカミキリ,日本産カミキリムシ,日本産カミキリムシ_compressed.pdf,52299895c14c1fd1c74279dca00f6fd9ba64d36d69e3bf3dd9c3a29a92802e77,efb17b5912fbb2c144dab4d99924dbc341e8f64054be7909dd7818cad155bef2,193,718-719,18182,クワ,クワ科,exact_derived_base_name,needs_review,2026-07-11,原典画像（PDF p.193、冊子p.718-719）で「クワ」欄の「ヨツスジトラカミキリ」を確認したが、寄主索引・種解説とも種レベルの表記である。現行 insects.csv には同種群が3亜種として登録されており、名義亜種IDへ一意に帰属できないため保留。
kamikiri-derived-base-192-220-0029,species-22047,ムネマダラトラカミキリ 基亜種,ムネマダラトラカミキリ,日本産カミキリムシ,日本産カミキリムシ_compressed.pdf,52299895c14c1fd1c74279dca00f6fd9ba64d36d69e3bf3dd9c3a29a92802e77,efb17b5912fbb2c144dab4d99924dbc341e8f64054be7909dd7818cad155bef2,193,718-719,18182,クワ,クワ科,exact_derived_base_name,include,2026-07-11,原典画像（PDF p.193、冊子p.718-719）で「クワ」欄の「ムネマダラトラカミキリ」を確認。寄主索引の学名表記と種解説欄の同種群を照合し、名義亜種の三名法表記、または他亜種の独立見出し・別索引記載により現行の名義亜種IDへ帰属可能。
kamikiri-host-index-192-220-0005,species-22526,ケシカミキリ,ケシカミキリ,日本産カミキリムシ,日本産カミキリムシ_compressed.pdf,52299895c14c1fd1c74279dca00f6fd9ba64d36d69e3bf3dd9c3a29a92802e77,efb17b5912fbb2c144dab4d99924dbc341e8f64054be7909dd7818cad155bef2,193,718-719,18182,クワ,クワ科,exact_japanese_name,include,2026-07-11,原典画像（PDF p.193、冊子p.718-719）で「クワ」欄の「ケシカミキリ」を確認。
kamikiri-derived-base-192-220-0031,species-22569,シナノクロフカミキリ 基亜種,シナノクロフカミキリ,日本産カミキリムシ,日本産カミキリムシ_compressed.pdf,52299895c14c1fd1c74279dca00f6fd9ba64d36d69e3bf3dd9c3a29a92802e77,efb17b5912fbb2c144dab4d99924dbc341e8f64054be7909dd7818cad155bef2,193,718-719,18182,クワ,クワ科,exact_derived_base_name,needs_review,2026-07-11,原典画像（PDF p.193、冊子p.718-719）で「クワ」欄の「シナノクロフカミキリ」を確認したが、寄主索引・種解説とも種レベルの表記である。現行 insects.csv には同種群が4亜種として登録されており、名義亜種IDへ一意に帰属できないため保留。
kamikiri-derived-base-192-220-0032,species-22577,キクスイモドキカミキリ 基亜種,キクスイモドキカミキリ,日本産カミキリムシ,日本産カミキリムシ_compressed.pdf,52299895c14c1fd1c74279dca00f6fd9ba64d36d69e3bf3dd9c3a29a92802e77,efb17b5912fbb2c144dab4d99924dbc341e8f64054be7909dd7818cad155bef2,193,718-719,18182,クワ,クワ科,exact_derived_base_name,needs_review,2026-07-11,原典画像（PDF p.193、冊子p.718-719）で「クワ」欄の「キクスイモドキカミキリ」を確認したが、寄主索引・種解説とも種レベルの表記である。現行 insects.csv には同種群が3亜種として登録されており、名義亜種IDへ一意に帰属できないため保留。
kamikiri-derived-base-192-220-0033,species-22603,ウスフタモンサビカミキリ 基亜種,ウスフタモンサビカミキリ,日本産カミキリムシ,日本産カミキリムシ_compressed.pdf,52299895c14c1fd1c74279dca00f6fd9ba64d36d69e3bf3dd9c3a29a92802e77,efb17b5912fbb2c144dab4d99924dbc341e8f64054be7909dd7818cad155bef2,193,718-719,18182,クワ,クワ科,exact_derived_base_name,exclude_ocr_or_boundary,2026-07-11,原典画像（PDF p.193、冊子p.718-719）で「クワ」欄を確認。完全な和名・学名は「ウスフタモンサビカミキリ Ropica japonica amamiana」で、現行ID species-22604に対応する。短い基礎和名の接尾辞部分一致/OCR境界により生じた候補であり、ウスフタモンサビカミキリ 基亜種には帰属しない。
kamikiri-derived-base-192-220-0037,species-22786,ヒメヒゲナガカミキリ 基亜種,ヒメヒゲナガカミキリ,日本産カミキリムシ,日本産カミキリムシ_compressed.pdf,52299895c14c1fd1c74279dca00f6fd9ba64d36d69e3bf3dd9c3a29a92802e77,efb17b5912fbb2c144dab4d99924dbc341e8f64054be7909dd7818cad155bef2,193,718-719,18182,クワ,クワ科,exact_derived_base_name,include,2026-07-11,原典画像（PDF p.193、冊子p.718-719）で「クワ」欄の「ヒメヒゲナガカミキリ」を確認。寄主索引の学名表記と種解説欄の同種群を照合し、名義亜種の三名法表記、または他亜種の独立見出し・別索引記載により現行の名義亜種IDへ帰属可能。
kamikiri-derived-base-192-220-0038,species-22832,キボシカミキリ 基亜種,キボシカミキリ,日本産カミキリムシ,日本産カミキリムシ_compressed.pdf,52299895c14c1fd1c74279dca00f6fd9ba64d36d69e3bf3dd9c3a29a92802e77,efb17b5912fbb2c144dab4d99924dbc341e8f64054be7909dd7818cad155bef2,193,718-719,18182,クワ,クワ科,exact_derived_base_name,include,2026-07-11,原典画像（PDF p.193、冊子p.718-719）で「クワ」欄の「キボシカミキリ」を確認。寄主索引の学名表記と種解説欄の同種群を照合し、名義亜種の三名法表記、または他亜種の独立見出し・別索引記載により現行の名義亜種IDへ帰属可能。
kamikiri-derived-base-192-220-0034,species-22934,ニイジマチビカミキリ 基亜種,ニイジマチビカミキリ,日本産カミキリムシ,日本産カミキリムシ_compressed.pdf,52299895c14c1fd1c74279dca00f6fd9ba64d36d69e3bf3dd9c3a29a92802e77,efb17b5912fbb2c144dab4d99924dbc341e8f64054be7909dd7818cad155bef2,193,718-719,18182,クワ,クワ科,exact_derived_base_name,include,2026-07-11,原典画像（PDF p.193、冊子p.718-719）で「クワ」欄の「ニイジマチビカミキリ」を確認。寄主索引の学名表記と種解説欄の同種群を照合し、名義亜種の三名法表記、または他亜種の独立見出し・別索引記載により現行の名義亜種IDへ帰属可能。
kamikiri-derived-base-192-220-0036,species-22947,ナカジロサビカミキリ 基亜種,ナカジロサビカミキリ,日本産カミキリムシ,日本産カミキリムシ_compressed.pdf,52299895c14c1fd1c74279dca00f6fd9ba64d36d69e3bf3dd9c3a29a92802e77,efb17b5912fbb2c144dab4d99924dbc341e8f64054be7909dd7818cad155bef2,193,718-719,18182,クワ,クワ科,exact_derived_base_name,include,2026-07-11,原典画像（PDF p.193、冊子p.718-719）で「クワ」欄の「ナカジロサビカミキリ」を確認。寄主索引の学名表記と種解説欄の同種群を照合し、名義亜種の三名法表記、または他亜種の独立見出し・別索引記載により現行の名義亜種IDへ帰属可能。
kamikiri-derived-base-192-220-0035,species-22963,トガリシロオビサビカミキリ 基亜種,トガリシロオビサビカミキリ,日本産カミキリムシ,日本産カミキリムシ_compressed.pdf,52299895c14c1fd1c74279dca00f6fd9ba64d36d69e3bf3dd9c3a29a92802e77,efb17b5912fbb2c144dab4d99924dbc341e8f64054be7909dd7818cad155bef2,193,718-719,18182,クワ,クワ科,exact_derived_base_name,include,2026-07-11,原典画像（PDF p.193、冊子p.718-719）で「クワ」欄の「トガリシロオビサビカミキリ」を確認。寄主索引の学名表記と種解説欄の同種群を照合し、名義亜種の三名法表記、または他亜種の独立見出し・別索引記載により現行の名義亜種IDへ帰属可能。
kamikiri-derived-base-192-220-0040,species-21904,リュウキュウヒメカミキリ 基亜種,リュウキュウヒメカミキリ,日本産カミキリムシ,日本産カミキリムシ_compressed.pdf,52299895c14c1fd1c74279dca00f6fd9ba64d36d69e3bf3dd9c3a29a92802e77,efb17b5912fbb2c144dab4d99924dbc341e8f64054be7909dd7818cad155bef2,193,718-719,18218,ハチジョウグワ,クワ科,exact_derived_base_name,include,2026-07-11,原典画像（PDF p.193、冊子p.718-719）で「ハチジョウグワ」欄の「リュウキュウヒメカミキリ」を確認。寄主索引の学名表記と種解説欄の同種群を照合し、名義亜種の三名法表記、または他亜種の独立見出し・別索引記載により現行の名義亜種IDへ帰属可能。
kamikiri-derived-base-192-220-0039,species-21954,オガサワラトラカミキリ 基亜種,オガサワラトラカミキリ,日本産カミキリムシ,日本産カミキリムシ_compressed.pdf,52299895c14c1fd1c74279dca00f6fd9ba64d36d69e3bf3dd9c3a29a92802e77,efb17b5912fbb2c144dab4d99924dbc341e8f64054be7909dd7818cad155bef2,193,718-719,18218,ハチジョウグワ,クワ科,exact_derived_base_name,needs_review,2026-07-11,原典画像（PDF p.193、冊子p.718-719）で「ハチジョウグワ」欄の「オガサワラトラカミキリ」を確認したが、寄主索引・種解説とも種レベルの表記である。現行 insects.csv には同種群が3亜種として登録されており、名義亜種IDへ一意に帰属できないため保留。
kamikiri-derived-base-192-220-0042,species-21998,ヨツスジトラカミキリ 基亜種,ヨツスジトラカミキリ,日本産カミキリムシ,日本産カミキリムシ_compressed.pdf,52299895c14c1fd1c74279dca00f6fd9ba64d36d69e3bf3dd9c3a29a92802e77,efb17b5912fbb2c144dab4d99924dbc341e8f64054be7909dd7818cad155bef2,193,718-719,18218,ハチジョウグワ,クワ科,exact_derived_base_name,needs_review,2026-07-11,原典画像（PDF p.193、冊子p.718-719）で「ハチジョウグワ」欄の「ヨツスジトラカミキリ」を確認したが、寄主索引・種解説とも種レベルの表記である。現行 insects.csv には同種群が3亜種として登録されており、名義亜種IDへ一意に帰属できないため保留。
kamikiri-derived-base-192-220-0041,species-22047,ムネマダラトラカミキリ 基亜種,ムネマダラトラカミキリ,日本産カミキリムシ,日本産カミキリムシ_compressed.pdf,52299895c14c1fd1c74279dca00f6fd9ba64d36d69e3bf3dd9c3a29a92802e77,efb17b5912fbb2c144dab4d99924dbc341e8f64054be7909dd7818cad155bef2,193,718-719,18218,ハチジョウグワ,クワ科,exact_derived_base_name,include,2026-07-11,原典画像（PDF p.193、冊子p.718-719）で「ハチジョウグワ」欄の「ムネマダラトラカミキリ」を確認。寄主索引の学名表記と種解説欄の同種群を照合し、名義亜種の三名法表記、または他亜種の独立見出し・別索引記載により現行の名義亜種IDへ帰属可能。
kamikiri-derived-base-192-220-0043,species-22569,シナノクロフカミキリ 基亜種,シナノクロフカミキリ,日本産カミキリムシ,日本産カミキリムシ_compressed.pdf,52299895c14c1fd1c74279dca00f6fd9ba64d36d69e3bf3dd9c3a29a92802e77,efb17b5912fbb2c144dab4d99924dbc341e8f64054be7909dd7818cad155bef2,193,718-719,18218,ハチジョウグワ,クワ科,exact_derived_base_name,needs_review,2026-07-11,原典画像（PDF p.193、冊子p.718-719）で「ハチジョウグワ」欄の「シナノクロフカミキリ」を確認したが、寄主索引・種解説とも種レベルの表記である。現行 insects.csv には同種群が4亜種として登録されており、名義亜種IDへ一意に帰属できないため保留。
kamikiri-derived-base-192-220-0044,species-21904,リュウキュウヒメカミキリ 基亜種,リュウキュウヒメカミキリ,日本産カミキリムシ,日本産カミキリムシ_compressed.pdf,52299895c14c1fd1c74279dca00f6fd9ba64d36d69e3bf3dd9c3a29a92802e77,efb17b5912fbb2c144dab4d99924dbc341e8f64054be7909dd7818cad155bef2,194,720-721,18255,クサマオ,イラクサ科,exact_derived_base_name,include,2026-07-11,原典画像（PDF p.194、冊子p.720-721）で「クサマオ」欄の「リュウキュウヒメカミキリ」を確認。寄主索引の学名表記と種解説欄の同種群を照合し、名義亜種の三名法表記、または他亜種の独立見出し・別索引記載により現行の名義亜種IDへ帰属可能。
kamikiri-derived-base-192-220-0045,species-22786,ヒメヒゲナガカミキリ 基亜種,ヒメヒゲナガカミキリ,日本産カミキリムシ,日本産カミキリムシ_compressed.pdf,52299895c14c1fd1c74279dca00f6fd9ba64d36d69e3bf3dd9c3a29a92802e77,efb17b5912fbb2c144dab4d99924dbc341e8f64054be7909dd7818cad155bef2,194,720-721,18265,ハドノキ,イラクサ科,exact_derived_base_name,include,2026-07-11,原典画像（PDF p.194、冊子p.720-721）で「ハドノキ」欄の「ヒメヒゲナガカミキリ」を確認。寄主索引の学名表記と種解説欄の同種群を照合し、名義亜種の三名法表記、または他亜種の独立見出し・別索引記載により現行の名義亜種IDへ帰属可能。
kamikiri-derived-base-192-220-0046,species-22004,フッケントラカミキリ 基亜種,フッケントラカミキリ,日本産カミキリムシ,日本産カミキリムシ_compressed.pdf,52299895c14c1fd1c74279dca00f6fd9ba64d36d69e3bf3dd9c3a29a92802e77,efb17b5912fbb2c144dab4d99924dbc341e8f64054be7909dd7818cad155bef2,194,720-721,18269,ヤマモガシ,ヤマモガシ科,exact_derived_base_name,needs_review,2026-07-11,原典画像（PDF p.194、冊子p.720-721）で「ヤマモガシ」欄の「フッケントラカミキリ」を確認したが、寄主索引・種解説とも種レベルの表記である。現行 insects.csv には同種群が2亜種として登録されており、名義亜種IDへ一意に帰属できないため保留。
kamikiri-host-index-192-220-0006,species-22642,シロオビチビカミキリ 基亜種,シロオビチビカミキリ,日本産カミキリムシ,日本産カミキリムシ_compressed.pdf,52299895c14c1fd1c74279dca00f6fd9ba64d36d69e3bf3dd9c3a29a92802e77,efb17b5912fbb2c144dab4d99924dbc341e8f64054be7909dd7818cad155bef2,194,720-721,18280,ホオノキ,モクレン科,reviewed_source_crosswalk,include,2026-07-11,原典画像（PDF p.194、冊子p.720-721）で「ホオノキ」欄の「シロオビチビカミキリ」を確認。
kamikiri-derived-base-192-220-0049,species-22682,ドイカミキリ 基亜種,ドイカミキリ,日本産カミキリムシ,日本産カミキリムシ_compressed.pdf,52299895c14c1fd1c74279dca00f6fd9ba64d36d69e3bf3dd9c3a29a92802e77,efb17b5912fbb2c144dab4d99924dbc341e8f64054be7909dd7818cad155bef2,194,720-721,18280,ホオノキ,モクレン科,exact_derived_base_name,include,2026-07-11,原典画像（PDF p.194、冊子p.720-721）で「ホオノキ」欄の「ドイカミキリ」を確認。寄主索引の学名表記と種解説欄の同種群を照合し、名義亜種の三名法表記、または他亜種の独立見出し・別索引記載により現行の名義亜種IDへ帰属可能。
kamikiri-derived-base-192-220-0048,species-22947,ナカジロサビカミキリ 基亜種,ナカジロサビカミキリ,日本産カミキリムシ,日本産カミキリムシ_compressed.pdf,52299895c14c1fd1c74279dca00f6fd9ba64d36d69e3bf3dd9c3a29a92802e77,efb17b5912fbb2c144dab4d99924dbc341e8f64054be7909dd7818cad155bef2,194,720-721,18280,ホオノキ,モクレン科,exact_derived_base_name,include,2026-07-11,原典画像（PDF p.194、冊子p.720-721）で「ホオノキ」欄の「ナカジロサビカミキリ」を確認。寄主索引の学名表記と種解説欄の同種群を照合し、名義亜種の三名法表記、または他亜種の独立見出し・別索引記載により現行の名義亜種IDへ帰属可能。
kamikiri-derived-base-192-220-0047,species-22963,トガリシロオビサビカミキリ 基亜種,トガリシロオビサビカミキリ,日本産カミキリムシ,日本産カミキリムシ_compressed.pdf,52299895c14c1fd1c74279dca00f6fd9ba64d36d69e3bf3dd9c3a29a92802e77,efb17b5912fbb2c144dab4d99924dbc341e8f64054be7909dd7818cad155bef2,194,720-721,18280,ホオノキ,モクレン科,exact_derived_base_name,include,2026-07-11,原典画像（PDF p.194、冊子p.720-721）で「ホオノキ」欄の「トガリシロオビサビカミキリ」を確認。寄主索引の学名表記と種解説欄の同種群を照合し、名義亜種の三名法表記、または他亜種の独立見出し・別索引記載により現行の名義亜種IDへ帰属可能。
kamikiri-derived-base-192-220-0050,species-23014,チチブニセリンゴカミキリ 基亜種,チチブニセリンゴカミキリ,日本産カミキリムシ,日本産カミキリムシ_compressed.pdf,52299895c14c1fd1c74279dca00f6fd9ba64d36d69e3bf3dd9c3a29a92802e77,efb17b5912fbb2c144dab4d99924dbc341e8f64054be7909dd7818cad155bef2,194,720-721,18280,ホオノキ,モクレン科,exact_derived_base_name,include,2026-07-11,原典画像（PDF p.194、冊子p.720-721）で「ホオノキ」欄の「チチブニセリンゴカミキリ」を確認。寄主索引の学名表記と種解説欄の同種群を照合し、名義亜種の三名法表記、または他亜種の独立見出し・別索引記載により現行の名義亜種IDへ帰属可能。
kamikiri-derived-base-192-220-0051,species-22755,ニセビロウドカミキリ 基亜種,ニセビロウドカミキリ,日本産カミキリムシ,日本産カミキリムシ_compressed.pdf,52299895c14c1fd1c74279dca00f6fd9ba64d36d69e3bf3dd9c3a29a92802e77,efb17b5912fbb2c144dab4d99924dbc341e8f64054be7909dd7818cad155bef2,194,720-721,18318,シキミ,マツブサ科,exact_derived_base_name,include,2026-07-11,原典画像（PDF p.194、冊子p.720-721）で「シキミ」欄の「ニセビロウドカミキリ」を確認。寄主索引の学名表記と種解説欄の同種群を照合し、名義亜種の三名法表記、または他亜種の独立見出し・別索引記載により現行の名義亜種IDへ帰属可能。
kamikiri-host-index-192-220-0007,species-21850,サツマムネスジウスバカミキリ,サツマムネスジウスバカミキリ,日本産カミキリムシ,日本産カミキリムシ_compressed.pdf,52299895c14c1fd1c74279dca00f6fd9ba64d36d69e3bf3dd9c3a29a92802e77,efb17b5912fbb2c144dab4d99924dbc341e8f64054be7909dd7818cad155bef2,195,722-723,18344,バリバリノキ,クスノキ科,exact_japanese_name,include,2026-07-11,原典画像（PDF p.195、冊子p.722-723）で「バリバリノキ」欄の「サツマムネスジウスバカミキリ」を確認。
kamikiri-derived-base-192-220-0052,species-22042,チュウジョウトラカミキリ 基亜種,チュウジョウトラカミキリ,日本産カミキリムシ,日本産カミキリムシ_compressed.pdf,52299895c14c1fd1c74279dca00f6fd9ba64d36d69e3bf3dd9c3a29a92802e77,efb17b5912fbb2c144dab4d99924dbc341e8f64054be7909dd7818cad155bef2,195,722-723,18344,バリバリノキ,クスノキ科,exact_derived_base_name,include,2026-07-11,原典画像（PDF p.195、冊子p.722-723）で「バリバリノキ」欄の「チュウジョウトラカミキリ」を確認。寄主索引の学名表記と種解説欄の同種群を照合し、名義亜種の三名法表記、または他亜種の独立見出し・別索引記載により現行の名義亜種IDへ帰属可能。
kamikiri-host-index-192-220-0008,8,ベーツヒラタカミキリ,ベーツヒラタカミキリ,日本産カミキリムシ,日本産カミキリムシ_compressed.pdf,52299895c14c1fd1c74279dca00f6fd9ba64d36d69e3bf3dd9c3a29a92802e77,efb17b5912fbb2c144dab4d99924dbc341e8f64054be7909dd7818cad155bef2,195,722-723,18359,クスノキ,クスノキ科,exact_japanese_name,include,2026-07-11,原典画像（PDF p.195、冊子p.722-723）で「クスノキ」欄の「ベーツヒラタカミキリ」を確認。
kamikiri-derived-base-192-220-0053,species-22042,チュウジョウトラカミキリ 基亜種,チュウジョウトラカミキリ,日本産カミキリムシ,日本産カミキリムシ_compressed.pdf,52299895c14c1fd1c74279dca00f6fd9ba64d36d69e3bf3dd9c3a29a92802e77,efb17b5912fbb2c144dab4d99924dbc341e8f64054be7909dd7818cad155bef2,195,722-723,18359,クスノキ,クスノキ科,exact_derived_base_name,include,2026-07-11,原典画像（PDF p.195、冊子p.722-723）で「クスノキ」欄の「チュウジョウトラカミキリ」を確認。寄主索引の学名表記と種解説欄の同種群を照合し、名義亜種の三名法表記、または他亜種の独立見出し・別索引記載により現行の名義亜種IDへ帰属可能。
kamikiri-derived-base-192-220-0054,10-1,アマミニセクワガタカミキリ 基亜種,アマミニセクワガタカミキリ,日本産カミキリムシ,日本産カミキリムシ_compressed.pdf,52299895c14c1fd1c74279dca00f6fd9ba64d36d69e3bf3dd9c3a29a92802e77,efb17b5912fbb2c144dab4d99924dbc341e8f64054be7909dd7818cad155bef2,195,722-723,18385,シバニッケイ,クスノキ科,exact_derived_base_name,needs_review,2026-07-11,原典画像（PDF p.195、冊子p.722-723）で「シバニッケイ」欄の「アマミニセクワガタカミキリ」を確認したが、寄主索引・種解説とも種レベルの表記である。現行 insects.csv には同種群が3亜種として登録されており、名義亜種IDへ一意に帰属できないため保留。
kamikiri-host-index-192-220-0009,11,サキシマニセクワガタカミキリ,タイワンニセクワガタカミキリ,日本産カミキリムシ,日本産カミキリムシ_compressed.pdf,52299895c14c1fd1c74279dca00f6fd9ba64d36d69e3bf3dd9c3a29a92802e77,efb17b5912fbb2c144dab4d99924dbc341e8f64054be7909dd7818cad155bef2,195,722-723,18385,シバニッケイ,クスノキ科,reviewed_source_crosswalk,include,2026-07-11,原典画像（PDF p.195、冊子p.722-723）で「シバニッケイ」欄の「タイワンニセクワガタカミキリ」を確認。
kamikiri-derived-base-192-220-0055,species-22142,リュウキュウトビイロカミキリ 基亜種,リュウキュウトビイロカミキリ,日本産カミキリムシ,日本産カミキリムシ_compressed.pdf,52299895c14c1fd1c74279dca00f6fd9ba64d36d69e3bf3dd9c3a29a92802e77,efb17b5912fbb2c144dab4d99924dbc341e8f64054be7909dd7818cad155bef2,195,722-723,18385,シバニッケイ,クスノキ科,exact_derived_base_name,include,2026-07-11,原典画像（PDF p.195、冊子p.722-723）で「シバニッケイ」欄の「リュウキュウトビイロカミキリ」を確認。寄主索引の学名表記と種解説欄の同種群を照合し、名義亜種の三名法表記、または他亜種の独立見出し・別索引記載により現行の名義亜種IDへ帰属可能。
kamikiri-host-index-192-220-0010,species-22919,ノブオケシカミキリ 基亜種,アマミノブオケシカミキリ,日本産カミキリムシ,日本産カミキリムシ_compressed.pdf,52299895c14c1fd1c74279dca00f6fd9ba64d36d69e3bf3dd9c3a29a92802e77,efb17b5912fbb2c144dab4d99924dbc341e8f64054be7909dd7818cad155bef2,195,722-723,18385,シバニッケイ,クスノキ科,exact_alternative_name,include,2026-07-11,原典画像（PDF p.195、冊子p.722-723）で「シバニッケイ」欄の「アマミノブオケシカミキリ」を確認。
kamikiri-derived-base-192-220-0056,species-22042,チュウジョウトラカミキリ 基亜種,チュウジョウトラカミキリ,日本産カミキリムシ,日本産カミキリムシ_compressed.pdf,52299895c14c1fd1c74279dca00f6fd9ba64d36d69e3bf3dd9c3a29a92802e77,efb17b5912fbb2c144dab4d99924dbc341e8f64054be7909dd7818cad155bef2,195,722-723,18396,ヤブニッケイ,クスノキ科,exact_derived_base_name,include,2026-07-11,原典画像（PDF p.195、冊子p.722-723）で「ヤブニッケイ」欄の「チュウジョウトラカミキリ」を確認。寄主索引の学名表記と種解説欄の同種群を照合し、名義亜種の三名法表記、または他亜種の独立見出し・別索引記載により現行の名義亜種IDへ帰属可能。
kamikiri-derived-base-192-220-0057,species-23049,ヒゲナガヒメルリカミキリ 基亜種,ヒゲナガヒメルリカミキリ,日本産カミキリムシ,日本産カミキリムシ_compressed.pdf,52299895c14c1fd1c74279dca00f6fd9ba64d36d69e3bf3dd9c3a29a92802e77,efb17b5912fbb2c144dab4d99924dbc341e8f64054be7909dd7818cad155bef2,195,722-723,18396,ヤブニッケイ,クスノキ科,exact_derived_base_name,include,2026-07-11,原典画像（PDF p.195、冊子p.722-723）で「ヤブニッケイ」欄の「ヒゲナガヒメルリカミキリ」を確認。寄主索引の学名表記と種解説欄の同種群を照合し、名義亜種の三名法表記、または他亜種の独立見出し・別索引記載により現行の名義亜種IDへ帰属可能。
kamikiri-derived-base-192-220-0059,4-1,コバネカミキリ 基亜種,オガサワラコバネカミキリ,日本産カミキリムシ,日本産カミキリムシ_compressed.pdf,52299895c14c1fd1c74279dca00f6fd9ba64d36d69e3bf3dd9c3a29a92802e77,efb17b5912fbb2c144dab4d99924dbc341e8f64054be7909dd7818cad155bef2,195,722-723,18436,コヤブニッケイ,クスノキ科,exact_derived_base_name,exclude_ocr_or_boundary,2026-07-11,原典画像（PDF p.195、冊子p.722-723）で「コヤブニッケイ」欄を確認。完全な和名・学名は「オガサワラコバネカミキリ Psephactus scabripennis scabripennis」で、現行ID 5-1に対応する。短い基礎和名の接尾辞部分一致/OCR境界により生じた候補であり、コバネカミキリ 基亜種には帰属しない。
kamikiri-derived-base-192-220-0058,5-1,オガサワラコバネカミキリ 基亜種,オガサワラコバネカミキリ,日本産カミキリムシ,日本産カミキリムシ_compressed.pdf,52299895c14c1fd1c74279dca00f6fd9ba64d36d69e3bf3dd9c3a29a92802e77,efb17b5912fbb2c144dab4d99924dbc341e8f64054be7909dd7818cad155bef2,195,722-723,18436,コヤブニッケイ,クスノキ科,exact_derived_base_name,include,2026-07-11,原典画像（PDF p.195、冊子p.722-723）で「コヤブニッケイ」欄の「オガサワラコバネカミキリ」を確認。寄主索引の学名表記と種解説欄の同種群を照合し、名義亜種の三名法表記、または他亜種の独立見出し・別索引記載により現行の名義亜種IDへ帰属可能。
kamikiri-derived-base-192-220-0061,species-22004,フッケントラカミキリ 基亜種,フッケントラカミキリ,日本産カミキリムシ,日本産カミキリムシ_compressed.pdf,52299895c14c1fd1c74279dca00f6fd9ba64d36d69e3bf3dd9c3a29a92802e77,efb17b5912fbb2c144dab4d99924dbc341e8f64054be7909dd7818cad155bef2,195,722-723,18436,コヤブニッケイ,クスノキ科,exact_derived_base_name,needs_review,2026-07-11,原典画像（PDF p.195、冊子p.722-723）で「コヤブニッケイ」欄の「フッケントラカミキリ」を確認したが、寄主索引・種解説とも種レベルの表記である。現行 insects.csv には同種群が2亜種として登録されており、名義亜種IDへ一意に帰属できないため保留。
kamikiri-derived-base-192-220-0060,species-22491,サトウオガサワラカミキリ 基亜種,サトウオガサワラカミキリ,日本産カミキリムシ,日本産カミキリムシ_compressed.pdf,52299895c14c1fd1c74279dca00f6fd9ba64d36d69e3bf3dd9c3a29a92802e77,efb17b5912fbb2c144dab4d99924dbc341e8f64054be7909dd7818cad155bef2,195,722-723,18436,コヤブニッケイ,クスノキ科,exact_derived_base_name,needs_review,2026-07-11,原典画像（PDF p.195、冊子p.722-723）で「コヤブニッケイ」欄の「サトウオガサワラカミキリ」を確認したが、寄主索引・種解説とも種レベルの表記である。現行 insects.csv には同種群が2亜種として登録されており、名義亜種IDへ一意に帰属できないため保留。
kamikiri-derived-base-192-220-0062,species-21990,フタオビミドリトラカミキリ 基亜種,フタオビミドリトラカミキリ,日本産カミキリムシ,日本産カミキリムシ_compressed.pdf,52299895c14c1fd1c74279dca00f6fd9ba64d36d69e3bf3dd9c3a29a92802e77,efb17b5912fbb2c144dab4d99924dbc341e8f64054be7909dd7818cad155bef2,195,722-723,18449,ニッケイ類,クスノキ科,exact_derived_base_name,needs_review,2026-07-11,原典画像（PDF p.195、冊子p.722-723）で「ニッケイ類」欄の「フタオビミドリトラカミキリ」を確認したが、寄主索引・種解説とも種レベルの表記である。現行 insects.csv には同種群が7亜種として登録されており、名義亜種IDへ一意に帰属できないため保留。
kamikiri-derived-base-192-220-0063,species-23007,シラホシカミキリ 基亜種,シラホシカミキリ,日本産カミキリムシ,日本産カミキリムシ_compressed.pdf,52299895c14c1fd1c74279dca00f6fd9ba64d36d69e3bf3dd9c3a29a92802e77,efb17b5912fbb2c144dab4d99924dbc341e8f64054be7909dd7818cad155bef2,196,724-725,18461,カナクギノキ,クスノキ科,exact_derived_base_name,include,2026-07-11,原典画像（PDF p.196、冊子p.724-725）で「カナクギノキ」欄の「シラホシカミキリ」を確認。寄主索引の学名表記と種解説欄の同種群を照合し、名義亜種の三名法表記、または他亜種の独立見出し・別索引記載により現行の名義亜種IDへ帰属可能。
kamikiri-derived-base-192-220-0064,species-23049,ヒゲナガヒメルリカミキリ 基亜種,ヒゲナガヒメルリカミキリ,日本産カミキリムシ,日本産カミキリムシ_compressed.pdf,52299895c14c1fd1c74279dca00f6fd9ba64d36d69e3bf3dd9c3a29a92802e77,efb17b5912fbb2c144dab4d99924dbc341e8f64054be7909dd7818cad155bef2,196,724-725,18465,ダンコウバイ,クスノキ科,exact_derived_base_name,include,2026-07-11,原典画像（PDF p.196、冊子p.724-725）で「ダンコウバイ」欄の「ヒゲナガヒメルリカミキリ」を確認。寄主索引の学名表記と種解説欄の同種群を照合し、名義亜種の三名法表記、または他亜種の独立見出し・別索引記載により現行の名義亜種IDへ帰属可能。
kamikiri-derived-base-192-220-0065,species-21998,ヨツスジトラカミキリ 基亜種,ヨツスジトラカミキリ,日本産カミキリムシ,日本産カミキリムシ_compressed.pdf,52299895c14c1fd1c74279dca00f6fd9ba64d36d69e3bf3dd9c3a29a92802e77,efb17b5912fbb2c144dab4d99924dbc341e8f64054be7909dd7818cad155bef2,196,724-725,18483,ホソバタブ,クスノキ科,exact_derived_base_name,needs_review,2026-07-11,原典画像（PDF p.196、冊子p.724-725）で「ホソバタブ」欄の「ヨツスジトラカミキリ」を確認したが、寄主索引・種解説とも種レベルの表記である。現行 insects.csv には同種群が3亜種として登録されており、名義亜種IDへ一意に帰属できないため保留。
kamikiri-host-index-192-220-0011,species-22638,サキシマアトモンチビカミキリ,サキシマアトモンチビカミキリ,日本産カミキリムシ,日本産カミキリムシ_compressed.pdf,52299895c14c1fd1c74279dca00f6fd9ba64d36d69e3bf3dd9c3a29a92802e77,efb17b5912fbb2c144dab4d99924dbc341e8f64054be7909dd7818cad155bef2,196,724-725,18483,ホソバタブ,クスノキ科,exact_japanese_name,include,2026-07-11,原典画像（PDF p.196、冊子p.724-725）で「ホソバタブ」欄の「サキシマアトモンチビカミキリ」を確認。
kamikiri-derived-base-192-220-0067,species-22994,リュウキュウルリボシカミキリ 基亜種,リュウキュウルリボシカミキリ,日本産カミキリムシ,日本産カミキリムシ_compressed.pdf,52299895c14c1fd1c74279dca00f6fd9ba64d36d69e3bf3dd9c3a29a92802e77,efb17b5912fbb2c144dab4d99924dbc341e8f64054be7909dd7818cad155bef2,196,724-725,18483,ホソバタブ,クスノキ科,exact_derived_base_name,include,2026-07-11,原典画像（PDF p.196、冊子p.724-725）で「ホソバタブ」欄の「リュウキュウルリボシカミキリ」を確認。寄主索引の学名表記と種解説欄の同種群を照合し、名義亜種の三名法表記、または他亜種の独立見出し・別索引記載により現行の名義亜種IDへ帰属可能。
kamikiri-derived-base-192-220-0068,species-23002,スジシロカミキリ 基亜種,スジシロカミキリ,日本産カミキリムシ,日本産カミキリムシ_compressed.pdf,52299895c14c1fd1c74279dca00f6fd9ba64d36d69e3bf3dd9c3a29a92802e77,efb17b5912fbb2c144dab4d99924dbc341e8f64054be7909dd7818cad155bef2,196,724-725,18483,ホソバタブ,クスノキ科,exact_derived_base_name,include,2026-07-11,原典画像（PDF p.196、冊子p.724-725）で「ホソバタブ」欄の「スジシロカミキリ」を確認。寄主索引の学名表記と種解説欄の同種群を照合し、名義亜種の三名法表記、または他亜種の独立見出し・別索引記載により現行の名義亜種IDへ帰属可能。
kamikiri-derived-base-192-220-0066,species-23049,ヒゲナガヒメルリカミキリ 基亜種,ヒゲナガヒメルリカミキリ,日本産カミキリムシ,日本産カミキリムシ_compressed.pdf,52299895c14c1fd1c74279dca00f6fd9ba64d36d69e3bf3dd9c3a29a92802e77,efb17b5912fbb2c144dab4d99924dbc341e8f64054be7909dd7818cad155bef2,196,724-725,18483,ホソバタブ,クスノキ科,exact_derived_base_name,include,2026-07-11,原典画像（PDF p.196、冊子p.724-725）で「ホソバタブ」欄の「ヒゲナガヒメルリカミキリ」を確認。寄主索引の学名表記と種解説欄の同種群を照合し、名義亜種の三名法表記、または他亜種の独立見出し・別索引記載により現行の名義亜種IDへ帰属可能。
kamikiri-derived-base-192-220-0069,species-22126,フタモンアメイロカミキリ 基亜種,フタモンアメイロカミキリ,日本産カミキリムシ,日本産カミキリムシ_compressed.pdf,52299895c14c1fd1c74279dca00f6fd9ba64d36d69e3bf3dd9c3a29a92802e77,efb17b5912fbb2c144dab4d99924dbc341e8f64054be7909dd7818cad155bef2,196,724-725,18515,コブガシ,クスノキ科,exact_derived_base_name,include,2026-07-11,原典画像（PDF p.196、冊子p.724-725）で「コブガシ」欄の「フタモンアメイロカミキリ」を確認。寄主索引の学名表記と種解説欄の同種群を照合し、名義亜種の三名法表記、または他亜種の独立見出し・別索引記載により現行の名義亜種IDへ帰属可能。
kamikiri-derived-base-192-220-0070,10-1,アマミニセクワガタカミキリ 基亜種,アマミニセクワガタカミキリ,日本産カミキリムシ,日本産カミキリムシ_compressed.pdf,52299895c14c1fd1c74279dca00f6fd9ba64d36d69e3bf3dd9c3a29a92802e77,efb17b5912fbb2c144dab4d99924dbc341e8f64054be7909dd7818cad155bef2,196,724-725,18518,タブノキ,クスノキ科,exact_derived_base_name,needs_review,2026-07-11,原典画像（PDF p.196、冊子p.724-725）で「タブノキ」欄の「アマミニセクワガタカミキリ」を確認したが、寄主索引・種解説とも種レベルの表記である。現行 insects.csv には同種群が3亜種として登録されており、名義亜種IDへ一意に帰属できないため保留。
kamikiri-host-index-192-220-0012,11,サキシマニセクワガタカミキリ,タイワンニセクワガタカミキリ,日本産カミキリムシ,日本産カミキリムシ_compressed.pdf,52299895c14c1fd1c74279dca00f6fd9ba64d36d69e3bf3dd9c3a29a92802e77,efb17b5912fbb2c144dab4d99924dbc341e8f64054be7909dd7818cad155bef2,196,724-725,18518,タブノキ,クスノキ科,reviewed_source_crosswalk,include,2026-07-11,原典画像（PDF p.196、冊子p.724-725）で「タブノキ」欄の「タイワンニセクワガタカミキリ」を確認。
kamikiri-host-index-192-220-0013,8,ベーツヒラタカミキリ,ベーツヒラタカミキリ,日本産カミキリムシ,日本産カミキリムシ_compressed.pdf,52299895c14c1fd1c74279dca00f6fd9ba64d36d69e3bf3dd9c3a29a92802e77,efb17b5912fbb2c144dab4d99924dbc341e8f64054be7909dd7818cad155bef2,196,724-725,18518,タブノキ,クスノキ科,exact_japanese_name,include,2026-07-11,原典画像（PDF p.196、冊子p.724-725）で「タブノキ」欄の「ベーツヒラタカミキリ」を確認。
kamikiri-derived-base-192-220-0072,species-21913,チャイロヒメカミキリ 基亜種,ニホンチャイロヒメカミキリ,日本産カミキリムシ,日本産カミキリムシ_compressed.pdf,52299895c14c1fd1c74279dca00f6fd9ba64d36d69e3bf3dd9c3a29a92802e77,efb17b5912fbb2c144dab4d99924dbc341e8f64054be7909dd7818cad155bef2,196,724-725,18518,タブノキ,クスノキ科,exact_derived_base_name,exclude_ocr_or_boundary,2026-07-11,原典画像（PDF p.196、冊子p.724-725）で「タブノキ」欄を確認。完全な和名・学名は「ニホンチャイロヒメカミキリ Ceresium simile flavopubescens」で、現行ID species-21914に対応する。短い基礎和名の接尾辞部分一致/OCR境界により生じた候補であり、チャイロヒメカミキリ 基亜種には帰属しない。
kamikiri-derived-base-192-220-0071,species-21921,アメイロカミキリ 基亜種,アメイロカミキリ,日本産カミキリムシ,日本産カミキリムシ_compressed.pdf,52299895c14c1fd1c74279dca00f6fd9ba64d36d69e3bf3dd9c3a29a92802e77,efb17b5912fbb2c144dab4d99924dbc341e8f64054be7909dd7818cad155bef2,196,724-725,18518,タブノキ,クスノキ科,exact_derived_base_name,include,2026-07-11,原典画像（PDF p.196、冊子p.724-725）で「タブノキ」欄の「アメイロカミキリ」を確認。寄主索引の学名表記と種解説欄の同種群を照合し、名義亜種の三名法表記、または他亜種の独立見出し・別索引記載により現行の名義亜種IDへ帰属可能。
kamikiri-derived-base-192-220-0075,species-21967,ヤエヤマトラカミキリ 基亜種,ヤエヤマトラカミキリ,日本産カミキリムシ,日本産カミキリムシ_compressed.pdf,52299895c14c1fd1c74279dca00f6fd9ba64d36d69e3bf3dd9c3a29a92802e77,efb17b5912fbb2c144dab4d99924dbc341e8f64054be7909dd7818cad155bef2,196,724-725,18518,タブノキ,クスノキ科,exact_derived_base_name,needs_review,2026-07-11,原典画像（PDF p.196、冊子p.724-725）で「タブノキ」欄の「ヤエヤマトラカミキリ」を確認したが、寄主索引・種解説とも種レベルの表記である。現行 insects.csv には同種群が3亜種として登録されており、名義亜種IDへ一意に帰属できないため保留。
kamikiri-derived-base-192-220-0076,species-21990,フタオビミドリトラカミキリ 基亜種,フタオビミドリトラカミキリ,日本産カミキリムシ,日本産カミキリムシ_compressed.pdf,52299895c14c1fd1c74279dca00f6fd9ba64d36d69e3bf3dd9c3a29a92802e77,efb17b5912fbb2c144dab4d99924dbc341e8f64054be7909dd7818cad155bef2,196,724-725,18518,タブノキ,クスノキ科,exact_derived_base_name,needs_review,2026-07-11,原典画像（PDF p.196、冊子p.724-725）で「タブノキ」欄の「フタオビミドリトラカミキリ」を確認したが、寄主索引・種解説とも種レベルの表記である。現行 insects.csv には同種群が7亜種として登録されており、名義亜種IDへ一意に帰属できないため保留。
kamikiri-derived-base-192-220-0074,species-22008,キュウシュウチビトラカミキリ 基亜種,キュウシュウチビトラカミキリ,日本産カミキリムシ,日本産カミキリムシ_compressed.pdf,52299895c14c1fd1c74279dca00f6fd9ba64d36d69e3bf3dd9c3a29a92802e77,efb17b5912fbb2c144dab4d99924dbc341e8f64054be7909dd7818cad155bef2,196,724-725,18518,タブノキ,クスノキ科,exact_derived_base_name,include,2026-07-11,原典画像（PDF p.196、冊子p.724-725）で「タブノキ」欄の「キュウシュウチビトラカミキリ」を確認。寄主索引の学名表記と種解説欄の同種群を照合し、名義亜種の三名法表記、または他亜種の独立見出し・別索引記載により現行の名義亜種IDへ帰属可能。
kamikiri-derived-base-192-220-0073,species-22055,アマミズマルトラカミキリ 基亜種,アマミズマルトラカミキリ,日本産カミキリムシ,日本産カミキリムシ_compressed.pdf,52299895c14c1fd1c74279dca00f6fd9ba64d36d69e3bf3dd9c3a29a92802e77,efb17b5912fbb2c144dab4d99924dbc341e8f64054be7909dd7818cad155bef2,196,724-725,18518,タブノキ,クスノキ科,exact_derived_base_name,needs_review,2026-07-11,原典画像（PDF p.196、冊子p.724-725）で「タブノキ」欄の「アマミズマルトラカミキリ」を確認したが、寄主索引・種解説とも種レベルの表記である。現行 insects.csv には同種群が3亜種として登録されており、名義亜種IDへ一意に帰属できないため保留。
kamikiri-derived-base-192-220-0078,species-22540,シロスジドウボソカミキリ 基亜種,シロスジドウボソカミキリ,日本産カミキリムシ,日本産カミキリムシ_compressed.pdf,52299895c14c1fd1c74279dca00f6fd9ba64d36d69e3bf3dd9c3a29a92802e77,efb17b5912fbb2c144dab4d99924dbc341e8f64054be7909dd7818cad155bef2,196,724-725,18518,タブノキ,クスノキ科,exact_derived_base_name,include,2026-07-11,原典画像（PDF p.196、冊子p.724-725）で「タブノキ」欄の「シロスジドウボソカミキリ」を確認。寄主索引の学名表記と種解説欄の同種群を照合し、名義亜種の三名法表記、または他亜種の独立見出し・別索引記載により現行の名義亜種IDへ帰属可能。
kamikiri-derived-base-192-220-0080,species-22735,ビロウドカミキリ 基亜種,ビロウドカミキリ,日本産カミキリムシ,日本産カミキリムシ_compressed.pdf,52299895c14c1fd1c74279dca00f6fd9ba64d36d69e3bf3dd9c3a29a92802e77,efb17b5912fbb2c144dab4d99924dbc341e8f64054be7909dd7818cad155bef2,196,724-725,18518,タブノキ,クスノキ科,exact_derived_base_name,include,2026-07-11,原典画像（PDF p.196、冊子p.724-725）で「タブノキ」欄の「ビロウドカミキリ」を確認。寄主索引の学名表記と種解説欄の同種群を照合し、名義亜種の三名法表記、または他亜種の独立見出し・別索引記載により現行の名義亜種IDへ帰属可能。
kamikiri-derived-base-192-220-0079,species-22786,ヒメヒゲナガカミキリ 基亜種,ヒメヒゲナガカミキリ,日本産カミキリムシ,日本産カミキリムシ_compressed.pdf,52299895c14c1fd1c74279dca00f6fd9ba64d36d69e3bf3dd9c3a29a92802e77,efb17b5912fbb2c144dab4d99924dbc341e8f64054be7909dd7818cad155bef2,196,724-725,18518,タブノキ,クスノキ科,exact_derived_base_name,include,2026-07-11,原典画像（PDF p.196、冊子p.724-725）で「タブノキ」欄の「ヒメヒゲナガカミキリ」を確認。寄主索引の学名表記と種解説欄の同種群を照合し、名義亜種の三名法表記、または他亜種の独立見出し・別索引記載により現行の名義亜種IDへ帰属可能。
kamikiri-derived-base-192-220-0077,species-22883,イシガキゴマフカミキリ 基亜種,イシガキゴマフカミキリ,日本産カミキリムシ,日本産カミキリムシ_compressed.pdf,52299895c14c1fd1c74279dca00f6fd9ba64d36d69e3bf3dd9c3a29a92802e77,efb17b5912fbb2c144dab4d99924dbc341e8f64054be7909dd7818cad155bef2,196,724-725,18518,タブノキ,クスノキ科,exact_derived_base_name,exclude_ocr_or_boundary,2026-07-11,原典画像（PDF p.196、冊子p.724-725）で「タブノキ」欄を確認。完全な和名・学名は「イシガキゴマフカミキリ Mesosa yonaguni subkonoi」で、現行ID species-22888に対応する。短い基礎和名の接尾辞部分一致/OCR境界により生じた候補であり、イシガキゴマフカミキリ 基亜種には帰属しない。
kamikiri-derived-base-192-220-0082,species-22994,リュウキュウルリボシカミキリ 基亜種,リュウキュウルリボシカミキリ,日本産カミキリムシ,日本産カミキリムシ_compressed.pdf,52299895c14c1fd1c74279dca00f6fd9ba64d36d69e3bf3dd9c3a29a92802e77,efb17b5912fbb2c144dab4d99924dbc341e8f64054be7909dd7818cad155bef2,196,724-725,18518,タブノキ,クスノキ科,exact_derived_base_name,include,2026-07-11,原典画像（PDF p.196、冊子p.724-725）で「タブノキ」欄の「リュウキュウルリボシカミキリ」を確認。寄主索引の学名表記と種解説欄の同種群を照合し、名義亜種の三名法表記、または他亜種の独立見出し・別索引記載により現行の名義亜種IDへ帰属可能。
kamikiri-derived-base-192-220-0081,species-23007,シラホシカミキリ 基亜種,シラホシカミキリ,日本産カミキリムシ,日本産カミキリムシ_compressed.pdf,52299895c14c1fd1c74279dca00f6fd9ba64d36d69e3bf3dd9c3a29a92802e77,efb17b5912fbb2c144dab4d99924dbc341e8f64054be7909dd7818cad155bef2,196,724-725,18518,タブノキ,クスノキ科,exact_derived_base_name,include,2026-07-11,原典画像（PDF p.196、冊子p.724-725）で「タブノキ」欄の「シラホシカミキリ」を確認。寄主索引の学名表記と種解説欄の同種群を照合し、名義亜種の三名法表記、または他亜種の独立見出し・別索引記載により現行の名義亜種IDへ帰属可能。
kamikiri-derived-base-192-220-0083,species-21921,アメイロカミキリ 基亜種,アメイロカミキリ,日本産カミキリムシ,日本産カミキリムシ_compressed.pdf,52299895c14c1fd1c74279dca00f6fd9ba64d36d69e3bf3dd9c3a29a92802e77,efb17b5912fbb2c144dab4d99924dbc341e8f64054be7909dd7818cad155bef2,197,726-727,18604,アブラチャン,クスノキ科,exact_derived_base_name,include,2026-07-11,原典画像（PDF p.197、冊子p.726-727）で「アブラチャン」欄の「アメイロカミキリ」を確認。寄主索引の学名表記と種解説欄の同種群を照合し、名義亜種の三名法表記、または他亜種の独立見出し・別索引記載により現行の名義亜種IDへ帰属可能。
kamikiri-derived-base-192-220-0084,species-22856,ヤハズカミキリ 基亜種,ヤハズカミキリ,日本産カミキリムシ,日本産カミキリムシ_compressed.pdf,52299895c14c1fd1c74279dca00f6fd9ba64d36d69e3bf3dd9c3a29a92802e77,efb17b5912fbb2c144dab4d99924dbc341e8f64054be7909dd7818cad155bef2,197,726-727,18604,アブラチャン,クスノキ科,exact_derived_base_name,include,2026-07-11,原典画像（PDF p.197、冊子p.726-727）で「アブラチャン」欄の「ヤハズカミキリ」を確認。寄主索引の学名表記と種解説欄の同種群を照合し、名義亜種の三名法表記、または他亜種の独立見出し・別索引記載により現行の名義亜種IDへ帰属可能。
kamikiri-host-index-192-220-0014,species-22311,アオバホソハナカミキリ 本土亜種,ホンドアオバホソハナカミキリ,日本産カミキリムシ,日本産カミキリムシ_compressed.pdf,52299895c14c1fd1c74279dca00f6fd9ba64d36d69e3bf3dd9c3a29a92802e77,efb17b5912fbb2c144dab4d99924dbc341e8f64054be7909dd7818cad155bef2,197,726-727,18621,シロモジ,クスノキ科,exact_alternative_name,include,2026-07-11,原典画像（PDF p.197、冊子p.726-727）で「シロモジ」欄の「ホンドアオバホソハナカミキリ」を確認。
kamikiri-derived-base-192-220-0085,species-22843,セミスジコブヒゲカミキリ 基亜種,セミスジコブヒゲカミキリ,日本産カミキリムシ,日本産カミキリムシ_compressed.pdf,52299895c14c1fd1c74279dca00f6fd9ba64d36d69e3bf3dd9c3a29a92802e77,efb17b5912fbb2c144dab4d99924dbc341e8f64054be7909dd7818cad155bef2,197,726-727,18621,シロモジ,クスノキ科,exact_derived_base_name,include,2026-07-11,原典画像（PDF p.197、冊子p.726-727）で「シロモジ」欄の「セミスジコブヒゲカミキリ」を確認。寄主索引の学名表記と種解説欄の同種群を照合し、名義亜種の三名法表記、または他亜種の独立見出し・別索引記載により現行の名義亜種IDへ帰属可能。
kamikiri-derived-base-192-220-0086,species-23049,ヒゲナガヒメルリカミキリ 基亜種,ヒゲナガヒメルリカミキリ,日本産カミキリムシ,日本産カミキリムシ_compressed.pdf,52299895c14c1fd1c74279dca00f6fd9ba64d36d69e3bf3dd9c3a29a92802e77,efb17b5912fbb2c144dab4d99924dbc341e8f64054be7909dd7818cad155bef2,197,726-727,18621,シロモジ,クスノキ科,exact_derived_base_name,include,2026-07-11,原典画像（PDF p.197、冊子p.726-727）で「シロモジ」欄の「ヒゲナガヒメルリカミキリ」を確認。寄主索引の学名表記と種解説欄の同種群を照合し、名義亜種の三名法表記、または他亜種の独立見出し・別索引記載により現行の名義亜種IDへ帰属可能。
kamikiri-host-index-192-220-0015,8,ベーツヒラタカミキリ,ベーツヒラタカミキリ,日本産カミキリムシ,日本産カミキリムシ_compressed.pdf,52299895c14c1fd1c74279dca00f6fd9ba64d36d69e3bf3dd9c3a29a92802e77,efb17b5912fbb2c144dab4d99924dbc341e8f64054be7909dd7818cad155bef2,197,726-727,18646,クスノキ類,クスノキ科,exact_japanese_name,include,2026-07-11,原典画像（PDF p.197、冊子p.726-727）で「クスノキ類」欄の「ベーツヒラタカミキリ」を確認。
kamikiri-derived-base-192-220-0087,species-22988,ハンノアオカミキリ 基亜種,ハンノアオカミキリ,日本産カミキリムシ,日本産カミキリムシ_compressed.pdf,52299895c14c1fd1c74279dca00f6fd9ba64d36d69e3bf3dd9c3a29a92802e77,efb17b5912fbb2c144dab4d99924dbc341e8f64054be7909dd7818cad155bef2,197,726-727,18659,フサザクラ,フサザクラ科,exact_derived_base_name,include,2026-07-11,原典画像（PDF p.197、冊子p.726-727）で「フサザクラ」欄の「ハンノアオカミキリ」を確認。寄主索引の学名表記と種解説欄の同種群を照合し、名義亜種の三名法表記、または他亜種の独立見出し・別索引記載により現行の名義亜種IDへ帰属可能。
kamikiri-derived-base-192-220-0088,species-23007,シラホシカミキリ 基亜種,シラホシカミキリ,日本産カミキリムシ,日本産カミキリムシ_compressed.pdf,52299895c14c1fd1c74279dca00f6fd9ba64d36d69e3bf3dd9c3a29a92802e77,efb17b5912fbb2c144dab4d99924dbc341e8f64054be7909dd7818cad155bef2,197,726-727,18659,フサザクラ,フサザクラ科,exact_derived_base_name,include,2026-07-11,原典画像（PDF p.197、冊子p.726-727）で「フサザクラ」欄の「シラホシカミキリ」を確認。寄主索引の学名表記と種解説欄の同種群を照合し、名義亜種の三名法表記、または他亜種の独立見出し・別索引記載により現行の名義亜種IDへ帰属可能。
kamikiri-host-index-192-220-0016,species-21976,キスジトラカミキリ,キスジトラカミキリ,日本産カミキリムシ,日本産カミキリムシ_compressed.pdf,52299895c14c1fd1c74279dca00f6fd9ba64d36d69e3bf3dd9c3a29a92802e77,efb17b5912fbb2c144dab4d99924dbc341e8f64054be7909dd7818cad155bef2,197,726-727,18663,カツラ,カツラ科,exact_japanese_name,include,2026-07-11,原典画像（PDF p.197、冊子p.726-727）で「カツラ」欄の「キスジトラカミキリ」を確認。
kamikiri-derived-base-192-220-0089,species-22251,ヨツスジハナカミキリ 基亜種,ヨツスジハナカミキリ,日本産カミキリムシ,日本産カミキリムシ_compressed.pdf,52299895c14c1fd1c74279dca00f6fd9ba64d36d69e3bf3dd9c3a29a92802e77,efb17b5912fbb2c144dab4d99924dbc341e8f64054be7909dd7818cad155bef2,197,726-727,18663,カツラ,カツラ科,exact_derived_base_name,include,2026-07-11,原典画像（PDF p.197、冊子p.726-727）で「カツラ」欄の「ヨツスジハナカミキリ」を確認。寄主索引の学名表記と種解説欄の同種群を照合し、名義亜種の三名法表記、または他亜種の独立見出し・別索引記載により現行の名義亜種IDへ帰属可能。
kamikiri-host-index-192-220-0017,species-22642,シロオビチビカミキリ 基亜種,シロオビチビカミキリ,日本産カミキリムシ,日本産カミキリムシ_compressed.pdf,52299895c14c1fd1c74279dca00f6fd9ba64d36d69e3bf3dd9c3a29a92802e77,efb17b5912fbb2c144dab4d99924dbc341e8f64054be7909dd7818cad155bef2,197,726-727,18663,カツラ,カツラ科,reviewed_source_crosswalk,include,2026-07-11,原典画像（PDF p.197、冊子p.726-727）で「カツラ」欄の「シロオビチビカミキリ」を確認。
kamikiri-derived-base-192-220-0091,species-22988,ハンノアオカミキリ 基亜種,ハンノアオカミキリ,日本産カミキリムシ,日本産カミキリムシ_compressed.pdf,52299895c14c1fd1c74279dca00f6fd9ba64d36d69e3bf3dd9c3a29a92802e77,efb17b5912fbb2c144dab4d99924dbc341e8f64054be7909dd7818cad155bef2,197,726-727,18663,カツラ,カツラ科,exact_derived_base_name,include,2026-07-11,原典画像（PDF p.197、冊子p.726-727）で「カツラ」欄の「ハンノアオカミキリ」を確認。寄主索引の学名表記と種解説欄の同種群を照合し、名義亜種の三名法表記、または他亜種の独立見出し・別索引記載により現行の名義亜種IDへ帰属可能。
kamikiri-derived-base-192-220-0090,species-22991,シナカミキリ 基亜種,シナカミキリ,日本産カミキリムシ,日本産カミキリムシ_compressed.pdf,52299895c14c1fd1c74279dca00f6fd9ba64d36d69e3bf3dd9c3a29a92802e77,efb17b5912fbb2c144dab4d99924dbc341e8f64054be7909dd7818cad155bef2,197,726-727,18663,カツラ,カツラ科,exact_derived_base_name,include,2026-07-11,原典画像（PDF p.197、冊子p.726-727）で「カツラ」欄の「シナカミキリ」を確認。寄主索引の学名表記と種解説欄の同種群を照合し、名義亜種の三名法表記、または他亜種の独立見出し・別索引記載により現行の名義亜種IDへ帰属可能。
kamikiri-derived-base-192-220-0092,species-22584,イシガキトガリバサビカミキリ 基亜種,イシガキトガリバサビカミキリ,日本産カミキリムシ,日本産カミキリムシ_compressed.pdf,52299895c14c1fd1c74279dca00f6fd9ba64d36d69e3bf3dd9c3a29a92802e77,efb17b5912fbb2c144dab4d99924dbc341e8f64054be7909dd7818cad155bef2,197,726-727,18675,ボタンヅル,キンポウゲ科,exact_derived_base_name,needs_review,2026-07-11,原典画像（PDF p.197、冊子p.726-727）で「ボタンヅル」欄の「イシガキトガリバサビカミキリ」を確認したが、寄主索引・種解説とも種レベルの表記である。現行 insects.csv には同種群が2亜種として登録されており、名義亜種IDへ一意に帰属できないため保留。 科名を「キンボウゲ科」から「キンポウゲ科」へ現行体系で正規化。
kamikiri-derived-base-192-220-0093,species-22584,イシガキトガリバサビカミキリ 基亜種,イシガキトガリバサビカミキリ,日本産カミキリムシ,日本産カミキリムシ_compressed.pdf,52299895c14c1fd1c74279dca00f6fd9ba64d36d69e3bf3dd9c3a29a92802e77,efb17b5912fbb2c144dab4d99924dbc341e8f64054be7909dd7818cad155bef2,197,726-727,18679,ヤエヤマセンニンソウ,キンボウゲ科,exact_derived_base_name,needs_review,2026-07-11,原典画像（PDF p.197、冊子p.726-727）で「ヤエヤマセンニンソウ」欄の「イシガキトガリバサビカミキリ」を確認したが、寄主索引・種解説とも種レベルの表記である。現行 insects.csv には同種群が2亜種として登録されており、名義亜種IDへ一意に帰属できないため保留。
kamikiri-derived-base-192-220-0094,species-22947,ナカジロサビカミキリ 基亜種,ナカジロサビカミキリ,日本産カミキリムシ,日本産カミキリムシ_compressed.pdf,52299895c14c1fd1c74279dca00f6fd9ba64d36d69e3bf3dd9c3a29a92802e77,efb17b5912fbb2c144dab4d99924dbc341e8f64054be7909dd7818cad155bef2,197,726-727,18683,サンテン,メギ科,exact_derived_base_name,include,2026-07-11,原典画像（PDF p.197、冊子p.726-727）で「サンテン」欄の「ナカジロサビカミキリ」を確認。寄主索引の学名表記と種解説欄の同種群を照合し、名義亜種の三名法表記、または他亜種の独立見出し・別索引記載により現行の名義亜種IDへ帰属可能。
kamikiri-host-index-192-220-0018,species-22915,アトモンマルケシカミキリ,アトモンマルケシカミキリ,日本産カミキリムシ,日本産カミキリムシ_compressed.pdf,52299895c14c1fd1c74279dca00f6fd9ba64d36d69e3bf3dd9c3a29a92802e77,efb17b5912fbb2c144dab4d99924dbc341e8f64054be7909dd7818cad155bef2,197,726-727,18686,アケビ,アケビ科,exact_japanese_name,include,2026-07-11,原典画像（PDF p.197、冊子p.726-727）で「アケビ」欄の「アトモンマルケシカミキリ」を確認。
kamikiri-derived-base-192-220-0095,species-22963,トガリシロオビサビカミキリ 基亜種,トガリシロオビサビカミキリ,日本産カミキリムシ,日本産カミキリムシ_compressed.pdf,52299895c14c1fd1c74279dca00f6fd9ba64d36d69e3bf3dd9c3a29a92802e77,efb17b5912fbb2c144dab4d99924dbc341e8f64054be7909dd7818cad155bef2,197,726-727,18690,ミツバアケビ,アケビ科,exact_derived_base_name,include,2026-07-11,原典画像（PDF p.197、冊子p.726-727）で「ミツバアケビ」欄の「トガリシロオビサビカミキリ」を確認。寄主索引の学名表記と種解説欄の同種群を照合し、名義亜種の三名法表記、または他亜種の独立見出し・別索引記載により現行の名義亜種IDへ帰属可能。
kamikiri-host-index-192-220-0019,species-22746,センノカミキリ 基亜種,センノキカミキリ,日本産カミキリムシ,日本産カミキリムシ_compressed.pdf,52299895c14c1fd1c74279dca00f6fd9ba64d36d69e3bf3dd9c3a29a92802e77,efb17b5912fbb2c144dab4d99924dbc341e8f64054be7909dd7818cad155bef2,198,728-729,18704,ボタン,ボタン科,exact_alternative_name,include,2026-07-11,原典画像（PDF p.198、冊子p.728-729）で「ボタン」欄の「センノキカミキリ」を確認。
kamikiri-host-index-192-220-0021,species-21892,シロオビチビヒラタカミキリ,シロオビチビヒラタカミキリ,日本産カミキリムシ,日本産カミキリムシ_compressed.pdf,52299895c14c1fd1c74279dca00f6fd9ba64d36d69e3bf3dd9c3a29a92802e77,efb17b5912fbb2c144dab4d99924dbc341e8f64054be7909dd7818cad155bef2,198,728-729,18708,サルナシ,マタタビ科,exact_japanese_name,exclude_ocr_or_boundary,2026-07-11,原典画像（PDF p.198、冊子p.728-729）で「サルナシ」欄の「シロオビチビヒラタカミキリ」を確認。OCR境界誤認の植物名「ボタン」を原典見出しどおり訂正。訂正後の寄主ペアは既存CSVに収録済みのため重複追加しない。
kamikiri-host-index-192-220-0020,species-21894,アカネカミキリ,アカネカミキリ,日本産カミキリムシ,日本産カミキリムシ_compressed.pdf,52299895c14c1fd1c74279dca00f6fd9ba64d36d69e3bf3dd9c3a29a92802e77,efb17b5912fbb2c144dab4d99924dbc341e8f64054be7909dd7818cad155bef2,198,728-729,18708,サルナシ,マタタビ科,exact_japanese_name,exclude_ocr_or_boundary,2026-07-11,原典画像（PDF p.198、冊子p.728-729）で「サルナシ」欄の「アカネカミキリ」を確認。OCR境界誤認の植物名「ボタン」を原典見出しどおり訂正。訂正後の寄主ペアは既存CSVに収録済みのため重複追加しない。
kamikiri-host-index-192-220-0022,species-21948,アカネトラカミキリ,アカネトラカミキリ,日本産カミキリムシ,日本産カミキリムシ_compressed.pdf,52299895c14c1fd1c74279dca00f6fd9ba64d36d69e3bf3dd9c3a29a92802e77,efb17b5912fbb2c144dab4d99924dbc341e8f64054be7909dd7818cad155bef2,198,728-729,18708,サルナシ,マタタビ科,exact_japanese_name,exclude_ocr_or_boundary,2026-07-11,原典画像（PDF p.198、冊子p.728-729）で「サルナシ」欄の「アカネトラカミキリ」を確認。OCR境界誤認の植物名「ボタン」を原典見出しどおり訂正。訂正後の寄主ペアは既存CSVに収録済みのため重複追加しない。
kamikiri-host-index-192-220-0024,species-22537,ハスオビヒゲナガカミキリ,ハスオビヒゲナガカミキリ,日本産カミキリムシ,日本産カミキリムシ_compressed.pdf,52299895c14c1fd1c74279dca00f6fd9ba64d36d69e3bf3dd9c3a29a92802e77,efb17b5912fbb2c144dab4d99924dbc341e8f64054be7909dd7818cad155bef2,198,728-729,18708,サルナシ,マタタビ科,exact_japanese_name,exclude_ocr_or_boundary,2026-07-11,原典画像（PDF p.198、冊子p.728-729）で「サルナシ」欄の「ハスオビヒゲナガカミキリ」を確認。OCR境界誤認の植物名「ボタン」を原典見出しどおり訂正。訂正後の寄主ペアは既存CSVに収録済みのため重複追加しない。
kamikiri-host-index-192-220-0023,species-22641,ヒトオビチビカミキリ,ヒトオビチビカミキリ,日本産カミキリムシ,日本産カミキリムシ_compressed.pdf,52299895c14c1fd1c74279dca00f6fd9ba64d36d69e3bf3dd9c3a29a92802e77,efb17b5912fbb2c144dab4d99924dbc341e8f64054be7909dd7818cad155bef2,198,728-729,18708,サルナシ,マタタビ科,reviewed_source_crosswalk,exclude_ocr_or_boundary,2026-07-11,原典画像（PDF p.198、冊子p.728-729）で「サルナシ」欄の「ヒトオビチビカミキリ」を確認。OCR境界誤認の植物名「ボタン」を原典見出しどおり訂正。訂正後の寄主ペアは既存CSVに収録済みのため重複追加しない。
kamikiri-host-index-192-220-0025,species-22681,カッコウカミキリ,カッコウカミキリ,日本産カミキリムシ,日本産カミキリムシ_compressed.pdf,52299895c14c1fd1c74279dca00f6fd9ba64d36d69e3bf3dd9c3a29a92802e77,efb17b5912fbb2c144dab4d99924dbc341e8f64054be7909dd7818cad155bef2,198,728-729,18708,サルナシ,マタタビ科,exact_japanese_name,exclude_ocr_or_boundary,2026-07-11,原典画像（PDF p.198、冊子p.728-729）で「サルナシ」欄の「カッコウカミキリ」を確認。OCR境界誤認の植物名「ボタン」を原典見出しどおり訂正。訂正後の寄主ペアは既存CSVに収録済みのため重複追加しない。
kamikiri-derived-base-192-220-0096,species-22963,トガリシロオビサビカミキリ 基亜種,トガリシロオビサビカミキリ,日本産カミキリムシ,日本産カミキリムシ_compressed.pdf,52299895c14c1fd1c74279dca00f6fd9ba64d36d69e3bf3dd9c3a29a92802e77,efb17b5912fbb2c144dab4d99924dbc341e8f64054be7909dd7818cad155bef2,198,728-729,18708,サルナシ,マタタビ科,exact_derived_base_name,include,2026-07-11,原典画像（PDF p.198、冊子p.728-729）で「サルナシ」欄の「トガリシロオビサビカミキリ」を確認。寄主索引の学名表記と種解説欄の同種群を照合し、名義亜種の三名法表記、または他亜種の独立見出し・別索引記載により現行の名義亜種IDへ帰属可能。 段組み境界（前見出し「ボタン」から次見出し「サルナシ」）を画像で補正。
kamikiri-host-index-192-220-0026,species-23066,ムネモンヤツボシカミキリ,ムネモンヤツボシカミキリ,日本産カミキリムシ,日本産カミキリムシ_compressed.pdf,52299895c14c1fd1c74279dca00f6fd9ba64d36d69e3bf3dd9c3a29a92802e77,efb17b5912fbb2c144dab4d99924dbc341e8f64054be7909dd7818cad155bef2,198,728-729,18708,サルナシ,マタタビ科,exact_japanese_name,exclude_ocr_or_boundary,2026-07-11,原典画像（PDF p.198、冊子p.728-729）で「サルナシ」欄の「ムネモンヤツボシカミキリ」を確認。OCR境界誤認の植物名「ボタン」を原典見出しどおり訂正。訂正後の寄主ペアは既存CSVに収録済みのため重複追加しない。
kamikiri-derived-base-192-220-0100,7-1,コゲチャヒラタカミキリ 基亜種,コゲチャヒラタカミキリ,日本産カミキリムシ,日本産カミキリムシ_compressed.pdf,52299895c14c1fd1c74279dca00f6fd9ba64d36d69e3bf3dd9c3a29a92802e77,efb17b5912fbb2c144dab4d99924dbc341e8f64054be7909dd7818cad155bef2,198,728-729,18725,ヤブツバキ,ツバキ科,exact_derived_base_name,needs_review,2026-07-11,原典画像（PDF p.198、冊子p.728-729）で「ヤブツバキ」欄の「コゲチャヒラタカミキリ」を確認したが、寄主索引・種解説とも種レベルの表記である。現行 insects.csv には同種群が3亜種として登録されており、名義亜種IDへ一意に帰属できないため保留。
kamikiri-derived-base-192-220-0099,species-21998,ヨツスジトラカミキリ 基亜種,ヨツスジトラカミキリ,日本産カミキリムシ,日本産カミキリムシ_compressed.pdf,52299895c14c1fd1c74279dca00f6fd9ba64d36d69e3bf3dd9c3a29a92802e77,efb17b5912fbb2c144dab4d99924dbc341e8f64054be7909dd7818cad155bef2,198,728-729,18725,ヤブツバキ,ツバキ科,exact_derived_base_name,needs_review,2026-07-11,原典画像（PDF p.198、冊子p.728-729）で「ヤブツバキ」欄の「ヨツスジトラカミキリ」を確認したが、寄主索引・種解説とも種レベルの表記である。現行 insects.csv には同種群が3亜種として登録されており、名義亜種IDへ一意に帰属できないため保留。
kamikiri-derived-base-192-220-0098,species-22008,キュウシュウチビトラカミキリ 基亜種,キュウシュウチビトラカミキリ,日本産カミキリムシ,日本産カミキリムシ_compressed.pdf,52299895c14c1fd1c74279dca00f6fd9ba64d36d69e3bf3dd9c3a29a92802e77,efb17b5912fbb2c144dab4d99924dbc341e8f64054be7909dd7818cad155bef2,198,728-729,18725,ヤブツバキ,ツバキ科,exact_derived_base_name,include,2026-07-11,原典画像（PDF p.198、冊子p.728-729）で「ヤブツバキ」欄の「キュウシュウチビトラカミキリ」を確認。寄主索引の学名表記と種解説欄の同種群を照合し、名義亜種の三名法表記、または他亜種の独立見出し・別索引記載により現行の名義亜種IDへ帰属可能。
kamikiri-derived-base-192-220-0097,species-22047,ムネマダラトラカミキリ 基亜種,ムネマダラトラカミキリ,日本産カミキリムシ,日本産カミキリムシ_compressed.pdf,52299895c14c1fd1c74279dca00f6fd9ba64d36d69e3bf3dd9c3a29a92802e77,efb17b5912fbb2c144dab4d99924dbc341e8f64054be7909dd7818cad155bef2,198,728-729,18725,ヤブツバキ,ツバキ科,exact_derived_base_name,include,2026-07-11,原典画像（PDF p.198、冊子p.728-729）で「ヤブツバキ」欄の「ムネマダラトラカミキリ」を確認。寄主索引の学名表記と種解説欄の同種群を照合し、名義亜種の三名法表記、または他亜種の独立見出し・別索引記載により現行の名義亜種IDへ帰属可能。
kamikiri-derived-base-192-220-0101,7-1,コゲチャヒラタカミキリ 基亜種,コゲチャヒラタカミキリ,日本産カミキリムシ,日本産カミキリムシ_compressed.pdf,52299895c14c1fd1c74279dca00f6fd9ba64d36d69e3bf3dd9c3a29a92802e77,efb17b5912fbb2c144dab4d99924dbc341e8f64054be7909dd7818cad155bef2,198,728-729,18747,ツバキ,ツバキ科,exact_derived_base_name,needs_review,2026-07-11,原典画像（PDF p.198、冊子p.728-729）で「ツバキ」欄の「コゲチャヒラタカミキリ」を確認したが、寄主索引・種解説とも種レベルの表記である。現行 insects.csv には同種群が3亜種として登録されており、名義亜種IDへ一意に帰属できないため保留。
kamikiri-derived-base-192-220-0102,7-1,コゲチャヒラタカミキリ 基亜種,コゲチャヒラタカミキリ,日本産カミキリムシ,日本産カミキリムシ_compressed.pdf,52299895c14c1fd1c74279dca00f6fd9ba64d36d69e3bf3dd9c3a29a92802e77,efb17b5912fbb2c144dab4d99924dbc341e8f64054be7909dd7818cad155bef2,198,728-729,18749,リンゴツパキ,ツバキ科,exact_derived_base_name,needs_review,2026-07-11,原典画像（PDF p.198、冊子p.728-729）で「リンゴツパキ」欄の「コゲチャヒラタカミキリ」を確認したが、寄主索引・種解説とも種レベルの表記である。現行 insects.csv には同種群が3亜種として登録されており、名義亜種IDへ一意に帰属できないため保留。
kamikiri-derived-base-192-220-0103,7-1,コゲチャヒラタカミキリ 基亜種,コゲチャヒラタカミキリ,日本産カミキリムシ,日本産カミキリムシ_compressed.pdf,52299895c14c1fd1c74279dca00f6fd9ba64d36d69e3bf3dd9c3a29a92802e77,efb17b5912fbb2c144dab4d99924dbc341e8f64054be7909dd7818cad155bef2,198,728-729,18753,サカキ,モッコク科,exact_derived_base_name,needs_review,2026-07-11,原典画像（PDF p.198、冊子p.728-729）で「サカキ」欄の「コゲチャヒラタカミキリ」を確認したが、寄主索引・種解説とも種レベルの表記である。現行 insects.csv には同種群が3亜種として登録されており、名義亜種IDへ一意に帰属できないため保留。 科名を「ツバキ科」から「モッコク科」へ現行体系で正規化。
kamikiri-derived-base-192-220-0104,species-21880,アオカミキリ 基亜種,アオカミキリ,日本産カミキリムシ,日本産カミキリムシ_compressed.pdf,52299895c14c1fd1c74279dca00f6fd9ba64d36d69e3bf3dd9c3a29a92802e77,efb17b5912fbb2c144dab4d99924dbc341e8f64054be7909dd7818cad155bef2,198,728-729,18753,サカキ,モッコク科,exact_derived_base_name,needs_review,2026-07-11,原典画像（PDF p.198、冊子p.728-729）で「サカキ」欄の「アオカミキリ」を確認したが、寄主索引・種解説とも種レベルの表記である。現行 insects.csv には同種群が2亜種として登録されており、名義亜種IDへ一意に帰属できないため保留。 科名を「ツバキ科」から「モッコク科」へ現行体系で正規化。
kamikiri-host-index-192-220-0027,species-21976,キスジトラカミキリ,キスジトラカミキリ,日本産カミキリムシ,日本産カミキリムシ_compressed.pdf,52299895c14c1fd1c74279dca00f6fd9ba64d36d69e3bf3dd9c3a29a92802e77,efb17b5912fbb2c144dab4d99924dbc341e8f64054be7909dd7818cad155bef2,198,728-729,18753,サカキ,モッコク科,exact_japanese_name,include,2026-07-11,原典画像（PDF p.198、冊子p.728-729）で「サカキ」欄の「キスジトラカミキリ」を確認。
kamikiri-derived-base-192-220-0105,species-22047,ムネマダラトラカミキリ 基亜種,ムネマダラトラカミキリ,日本産カミキリムシ,日本産カミキリムシ_compressed.pdf,52299895c14c1fd1c74279dca00f6fd9ba64d36d69e3bf3dd9c3a29a92802e77,efb17b5912fbb2c144dab4d99924dbc341e8f64054be7909dd7818cad155bef2,198,728-729,18753,サカキ,モッコク科,exact_derived_base_name,include,2026-07-11,原典画像（PDF p.198、冊子p.728-729）で「サカキ」欄の「ムネマダラトラカミキリ」を確認。寄主索引の学名表記と種解説欄の同種群を照合し、名義亜種の三名法表記、または他亜種の独立見出し・別索引記載により現行の名義亜種IDへ帰属可能。 科名を「ツバキ科」から「モッコク科」へ現行体系で正規化。
kamikiri-derived-base-192-220-0106,species-22540,シロスジドウボソカミキリ 基亜種,シロスジドウボソカミキリ,日本産カミキリムシ,日本産カミキリムシ_compressed.pdf,52299895c14c1fd1c74279dca00f6fd9ba64d36d69e3bf3dd9c3a29a92802e77,efb17b5912fbb2c144dab4d99924dbc341e8f64054be7909dd7818cad155bef2,198,728-729,18763,ハマヒサカキ,モッコク科,exact_derived_base_name,include,2026-07-11,原典画像（PDF p.198、冊子p.728-729）で「ハマヒサカキ」欄の「シロスジドウボソカミキリ」を確認。寄主索引の学名表記と種解説欄の同種群を照合し、名義亜種の三名法表記、または他亜種の独立見出し・別索引記載により現行の名義亜種IDへ帰属可能。 科名を「ツバキ科」から「モッコク科」へ現行体系で正規化。
kamikiri-derived-base-192-220-0107,5-1,オガサワラコバネカミキリ 基亜種,オガサワラコバネカミキリ,日本産カミキリムシ,日本産カミキリムシ_compressed.pdf,52299895c14c1fd1c74279dca00f6fd9ba64d36d69e3bf3dd9c3a29a92802e77,efb17b5912fbb2c144dab4d99924dbc341e8f64054be7909dd7818cad155bef2,198,728-729,18767,ヒメツバキ,ツバキ科,exact_derived_base_name,include,2026-07-11,原典画像（PDF p.198、冊子p.728-729）で「ヒメツバキ」欄の「オガサワラコバネカミキリ」を確認。寄主索引の学名表記と種解説欄の同種群を照合し、名義亜種の三名法表記、または他亜種の独立見出し・別索引記載により現行の名義亜種IDへ帰属可能。
kamikiri-derived-base-192-220-0108,species-21954,オガサワラトラカミキリ 基亜種,オガサワラトラカミキリ,日本産カミキリムシ,日本産カミキリムシ_compressed.pdf,52299895c14c1fd1c74279dca00f6fd9ba64d36d69e3bf3dd9c3a29a92802e77,efb17b5912fbb2c144dab4d99924dbc341e8f64054be7909dd7818cad155bef2,198,728-729,18767,ヒメツバキ,ツバキ科,exact_derived_base_name,needs_review,2026-07-11,原典画像（PDF p.198、冊子p.728-729）で「ヒメツバキ」欄の「オガサワラトラカミキリ」を確認したが、寄主索引・種解説とも種レベルの表記である。現行 insects.csv には同種群が3亜種として登録されており、名義亜種IDへ一意に帰属できないため保留。
kamikiri-derived-base-192-220-0109,species-21990,フタオビミドリトラカミキリ 基亜種,フタオビミドリトラカミキリ,日本産カミキリムシ,日本産カミキリムシ_compressed.pdf,52299895c14c1fd1c74279dca00f6fd9ba64d36d69e3bf3dd9c3a29a92802e77,efb17b5912fbb2c144dab4d99924dbc341e8f64054be7909dd7818cad155bef2,198,728-729,18771,イジュ,ツバキ科,exact_derived_base_name,needs_review,2026-07-11,原典画像（PDF p.198、冊子p.728-729）で「イジュ」欄の「フタオビミドリトラカミキリ」を確認したが、寄主索引・種解説とも種レベルの表記である。現行 insects.csv には同種群が7亜種として登録されており、名義亜種IDへ一意に帰属できないため保留。
kamikiri-derived-base-192-220-0110,species-22321,クロホソコバネカミキリ 基亜種,クロホソコバネカミキリ,日本産カミキリムシ,日本産カミキリムシ_compressed.pdf,52299895c14c1fd1c74279dca00f6fd9ba64d36d69e3bf3dd9c3a29a92802e77,efb17b5912fbb2c144dab4d99924dbc341e8f64054be7909dd7818cad155bef2,198,728-729,18774,ヒメシャラ,ツバキ科,exact_derived_base_name,needs_review,2026-07-11,原典画像（PDF p.198、冊子p.728-729）で「ヒメシャラ」欄の「クロホソコバネカミキリ」を確認したが、寄主索引・種解説とも種レベルの表記である。現行 insects.csv には同種群が2亜種として登録されており、名義亜種IDへ一意に帰属できないため保留。
kamikiri-derived-base-192-220-0111,species-22633,アトモンチビカミキリ 基亜種,アトモンチビカミキリ,日本産カミキリムシ,日本産カミキリムシ_compressed.pdf,52299895c14c1fd1c74279dca00f6fd9ba64d36d69e3bf3dd9c3a29a92802e77,efb17b5912fbb2c144dab4d99924dbc341e8f64054be7909dd7818cad155bef2,198,728-729,18781,モッコク,モッコク科,exact_derived_base_name,include,2026-07-11,原典画像（PDF p.198、冊子p.728-729）で「モッコク」欄の「アトモンチビカミキリ」を確認。寄主索引の学名表記と種解説欄の同種群を照合し、名義亜種の三名法表記、または他亜種の独立見出し・別索引記載により現行の名義亜種IDへ帰属可能。 原典では Sybra oshimana と Sybra mimogeminata（現行の先島諸島亜種）を別種の独立見出しで記載しており、S. oshimana 側へ帰属できる。 科名を「ツバキ科」から「モッコク科」へ現行体系で正規化。
kamikiri-derived-base-192-220-0112,species-21880,アオカミキリ 基亜種,アオカミキリ,日本産カミキリムシ,日本産カミキリムシ_compressed.pdf,52299895c14c1fd1c74279dca00f6fd9ba64d36d69e3bf3dd9c3a29a92802e77,efb17b5912fbb2c144dab4d99924dbc341e8f64054be7909dd7818cad155bef2,199,730-731,18845,マルバマンサク,マンサク科,exact_derived_base_name,needs_review,2026-07-11,原典画像（PDF p.199、冊子p.730-731）で「マルバマンサク」欄の「アオカミキリ」を確認したが、寄主索引・種解説とも種レベルの表記である。現行 insects.csv には同種群が2亜種として登録されており、名義亜種IDへ一意に帰属できないため保留。
kamikiri-host-index-192-220-0028,species-22746,センノカミキリ 基亜種,センノキカミキリ,日本産カミキリムシ,日本産カミキリムシ_compressed.pdf,52299895c14c1fd1c74279dca00f6fd9ba64d36d69e3bf3dd9c3a29a92802e77,efb17b5912fbb2c144dab4d99924dbc341e8f64054be7909dd7818cad155bef2,199,730-731,18856,アジサイ,アジサイ科,exact_alternative_name,include,2026-07-11,原典画像（PDF p.199、冊子p.730-731）で「アジサイ」欄の「センノキカミキリ」を確認。
kamikiri-host-index-192-220-0029,species-22553,ドウボソカミキリ,ドウボソカミキリ,日本産カミキリムシ,日本産カミキリムシ_compressed.pdf,52299895c14c1fd1c74279dca00f6fd9ba64d36d69e3bf3dd9c3a29a92802e77,efb17b5912fbb2c144dab4d99924dbc341e8f64054be7909dd7818cad155bef2,199,730-731,18872,ツルアジサイ,アジサイ科,exact_japanese_name,include,2026-07-11,原典画像（PDF p.199、冊子p.730-731）で「ツルアジサイ」欄の「ドウボソカミキリ」を確認。
kamikiri-host-index-192-220-0030,species-22554,ミヤマドウボソカミキリ,ミヤマドウボソカミキリ,日本産カミキリムシ,日本産カミキリムシ_compressed.pdf,52299895c14c1fd1c74279dca00f6fd9ba64d36d69e3bf3dd9c3a29a92802e77,efb17b5912fbb2c144dab4d99924dbc341e8f64054be7909dd7818cad155bef2,199,730-731,18872,ツルアジサイ,アジサイ科,exact_japanese_name,include,2026-07-11,原典画像（PDF p.199、冊子p.730-731）で「ツルアジサイ」欄の「ミヤマドウボソカミキリ」を確認。
kamikiri-derived-base-192-220-0113,species-21998,ヨツスジトラカミキリ 基亜種,ヨツスジトラカミキリ,日本産カミキリムシ,日本産カミキリムシ_compressed.pdf,52299895c14c1fd1c74279dca00f6fd9ba64d36d69e3bf3dd9c3a29a92802e77,efb17b5912fbb2c144dab4d99924dbc341e8f64054be7909dd7818cad155bef2,199,730-731,18880,トベラ,トベラ科,exact_derived_base_name,needs_review,2026-07-11,原典画像（PDF p.199、冊子p.730-731）で「トベラ」欄の「ヨツスジトラカミキリ」を確認したが、寄主索引・種解説とも種レベルの表記である。現行 insects.csv には同種群が3亜種として登録されており、名義亜種IDへ一意に帰属できないため保留。
kamikiri-derived-base-192-220-0114,species-22540,シロスジドウボソカミキリ 基亜種,シロスジドウボソカミキリ,日本産カミキリムシ,日本産カミキリムシ_compressed.pdf,52299895c14c1fd1c74279dca00f6fd9ba64d36d69e3bf3dd9c3a29a92802e77,efb17b5912fbb2c144dab4d99924dbc341e8f64054be7909dd7818cad155bef2,199,730-731,18880,トベラ,トベラ科,exact_derived_base_name,include,2026-07-11,原典画像（PDF p.199、冊子p.730-731）で「トベラ」欄の「シロスジドウボソカミキリ」を確認。寄主索引の学名表記と種解説欄の同種群を照合し、名義亜種の三名法表記、または他亜種の独立見出し・別索引記載により現行の名義亜種IDへ帰属可能。
kamikiri-derived-base-192-220-0115,1-1,ウスバカミキリ 基亜種,ウスバカミキリ,日本産カミキリムシ,日本産カミキリムシ_compressed.pdf,52299895c14c1fd1c74279dca00f6fd9ba64d36d69e3bf3dd9c3a29a92802e77,efb17b5912fbb2c144dab4d99924dbc341e8f64054be7909dd7818cad155bef2,200,732-733,18923,セイヨウリンゴ,バラ科,exact_derived_base_name,include,2026-07-11,原典画像（PDF p.200、冊子p.732-733）で「セイヨウリンゴ」欄の「ウスバカミキリ」を確認。寄主索引の学名表記と種解説欄の同種群を照合し、名義亜種の三名法表記、または他亜種の独立見出し・別索引記載により現行の名義亜種IDへ帰属可能。
kamikiri-derived-base-192-220-0116,13-1,ノコギリカミキリ 基亜種,ノコギリカミキリ,日本産カミキリムシ,日本産カミキリムシ_compressed.pdf,52299895c14c1fd1c74279dca00f6fd9ba64d36d69e3bf3dd9c3a29a92802e77,efb17b5912fbb2c144dab4d99924dbc341e8f64054be7909dd7818cad155bef2,200,732-733,18923,セイヨウリンゴ,バラ科,exact_derived_base_name,include,2026-07-11,原典画像（PDF p.200、冊子p.732-733）で「セイヨウリンゴ」欄の「ノコギリカミキリ」を確認。寄主索引の学名表記と種解説欄の同種群を照合し、名義亜種の三名法表記、または他亜種の独立見出し・別索引記載により現行の名義亜種IDへ帰属可能。
kamikiri-derived-base-192-220-0118,species-22786,ヒメヒゲナガカミキリ 基亜種,ヒメヒゲナガカミキリ,日本産カミキリムシ,日本産カミキリムシ_compressed.pdf,52299895c14c1fd1c74279dca00f6fd9ba64d36d69e3bf3dd9c3a29a92802e77,efb17b5912fbb2c144dab4d99924dbc341e8f64054be7909dd7818cad155bef2,200,732-733,18923,セイヨウリンゴ,バラ科,exact_derived_base_name,include,2026-07-11,原典画像（PDF p.200、冊子p.732-733）で「セイヨウリンゴ」欄の「ヒメヒゲナガカミキリ」を確認。寄主索引の学名表記と種解説欄の同種群を照合し、名義亜種の三名法表記、または他亜種の独立見出し・別索引記載により現行の名義亜種IDへ帰属可能。
kamikiri-derived-base-192-220-0117,species-22934,ニイジマチビカミキリ 基亜種,ニイジマチビカミキリ,日本産カミキリムシ,日本産カミキリムシ_compressed.pdf,52299895c14c1fd1c74279dca00f6fd9ba64d36d69e3bf3dd9c3a29a92802e77,efb17b5912fbb2c144dab4d99924dbc341e8f64054be7909dd7818cad155bef2,200,732-733,18923,セイヨウリンゴ,バラ科,exact_derived_base_name,include,2026-07-11,原典画像（PDF p.200、冊子p.732-733）で「セイヨウリンゴ」欄の「ニイジマチビカミキリ」を確認。寄主索引の学名表記と種解説欄の同種群を照合し、名義亜種の三名法表記、または他亜種の独立見出し・別索引記載により現行の名義亜種IDへ帰属可能。
kamikiri-derived-base-192-220-0119,species-21998,ヨツスジトラカミキリ 基亜種,ヨツスジトラカミキリ,日本産カミキリムシ,日本産カミキリムシ_compressed.pdf,52299895c14c1fd1c74279dca00f6fd9ba64d36d69e3bf3dd9c3a29a92802e77,efb17b5912fbb2c144dab4d99924dbc341e8f64054be7909dd7818cad155bef2,200,732-733,18965,カンヒザクラ,バラ科,exact_derived_base_name,needs_review,2026-07-11,原典画像（PDF p.200、冊子p.732-733）で「カンヒザクラ」欄の「ヨツスジトラカミキリ」を確認したが、寄主索引・種解説とも種レベルの表記である。現行 insects.csv には同種群が3亜種として登録されており、名義亜種IDへ一意に帰属できないため保留。 段組み境界（前見出し「セイヨウミザクラ」から次見出し「カンヒザクラ」）を画像で補正。
kamikiri-host-index-192-220-0031,species-22821,イシガキフトカミキリ,イシガキフトカミキリ,日本産カミキリムシ,日本産カミキリムシ_compressed.pdf,52299895c14c1fd1c74279dca00f6fd9ba64d36d69e3bf3dd9c3a29a92802e77,efb17b5912fbb2c144dab4d99924dbc341e8f64054be7909dd7818cad155bef2,200,732-733,18968,カンヒザクラ,バラ科,exact_japanese_name,exclude_ocr_or_boundary,2026-07-11,原典画像（PDF p.200、冊子p.732-733）で「カンヒザクラ」欄の「イシガキフトカミキリ」を確認。OCR境界誤認の植物名「セイヨウミザクラ」を原典見出しどおり訂正。訂正後の寄主ペアは既存CSVに収録済みのため重複追加しない。
kamikiri-host-index-192-220-0032,species-23000,イワサキキンスジカミキリ,イワサキキンスジカミキリ,日本産カミキリムシ,日本産カミキリムシ_compressed.pdf,52299895c14c1fd1c74279dca00f6fd9ba64d36d69e3bf3dd9c3a29a92802e77,efb17b5912fbb2c144dab4d99924dbc341e8f64054be7909dd7818cad155bef2,200,732-733,18968,カンヒザクラ,バラ科,exact_japanese_name,exclude_ocr_or_boundary,2026-07-11,原典画像（PDF p.200、冊子p.732-733）で「カンヒザクラ」欄の「イワサキキンスジカミキリ」を確認。OCR境界誤認の植物名「セイヨウミザクラ」を原典見出しどおり訂正。訂正後の寄主ペアは既存CSVに収録済みのため重複追加しない。
kamikiri-derived-base-192-220-0120,species-22354,チャイロヒメハナカミキリ 基亜種,チャイロヒメハナカミキリ,日本産カミキリムシ,日本産カミキリムシ_compressed.pdf,52299895c14c1fd1c74279dca00f6fd9ba64d36d69e3bf3dd9c3a29a92802e77,efb17b5912fbb2c144dab4d99924dbc341e8f64054be7909dd7818cad155bef2,200,732-733,18971,ウワミズザクラ,バラ科,exact_derived_base_name,include,2026-07-11,原典画像（PDF p.200、冊子p.732-733）で「ウワミズザクラ」欄の「チャイロヒメハナカミキリ」を確認。寄主索引の学名表記と種解説欄の同種群を照合し、名義亜種の三名法表記、または他亜種の独立見出し・別索引記載により現行の名義亜種IDへ帰属可能。
kamikiri-host-index-192-220-0033,species-22642,シロオビチビカミキリ 基亜種,シロオビチビカミキリ,日本産カミキリムシ,日本産カミキリムシ_compressed.pdf,52299895c14c1fd1c74279dca00f6fd9ba64d36d69e3bf3dd9c3a29a92802e77,efb17b5912fbb2c144dab4d99924dbc341e8f64054be7909dd7818cad155bef2,200,732-733,18971,ウワミズザクラ,バラ科,reviewed_source_crosswalk,include,2026-07-11,原典画像（PDF p.200、冊子p.732-733）で「ウワミズザクラ」欄の「シロオビチビカミキリ」を確認。
kamikiri-derived-base-192-220-0121,species-22786,ヒメヒゲナガカミキリ 基亜種,ヒメヒゲナガカミキリ,日本産カミキリムシ,日本産カミキリムシ_compressed.pdf,52299895c14c1fd1c74279dca00f6fd9ba64d36d69e3bf3dd9c3a29a92802e77,efb17b5912fbb2c144dab4d99924dbc341e8f64054be7909dd7818cad155bef2,200,732-733,18971,ウワミズザクラ,バラ科,exact_derived_base_name,include,2026-07-11,原典画像（PDF p.200、冊子p.732-733）で「ウワミズザクラ」欄の「ヒメヒゲナガカミキリ」を確認。寄主索引の学名表記と種解説欄の同種群を照合し、名義亜種の三名法表記、または他亜種の独立見出し・別索引記載により現行の名義亜種IDへ帰属可能。
kamikiri-derived-base-192-220-0122,species-22843,セミスジコブヒゲカミキリ 基亜種,セミスジコブヒゲカミキリ,日本産カミキリムシ,日本産カミキリムシ_compressed.pdf,52299895c14c1fd1c74279dca00f6fd9ba64d36d69e3bf3dd9c3a29a92802e77,efb17b5912fbb2c144dab4d99924dbc341e8f64054be7909dd7818cad155bef2,200,732-733,18971,ウワミズザクラ,バラ科,exact_derived_base_name,include,2026-07-11,原典画像（PDF p.200、冊子p.732-733）で「ウワミズザクラ」欄の「セミスジコブヒゲカミキリ」を確認。寄主索引の学名表記と種解説欄の同種群を照合し、名義亜種の三名法表記、または他亜種の独立見出し・別索引記載により現行の名義亜種IDへ帰属可能。
kamikiri-derived-base-192-220-0123,species-22988,ハンノアオカミキリ 基亜種,ハンノアオカミキリ,日本産カミキリムシ,日本産カミキリムシ_compressed.pdf,52299895c14c1fd1c74279dca00f6fd9ba64d36d69e3bf3dd9c3a29a92802e77,efb17b5912fbb2c144dab4d99924dbc341e8f64054be7909dd7818cad155bef2,200,732-733,18971,ウワミズザクラ,バラ科,exact_derived_base_name,include,2026-07-11,原典画像（PDF p.200、冊子p.732-733）で「ウワミズザクラ」欄の「ハンノアオカミキリ」を確認。寄主索引の学名表記と種解説欄の同種群を照合し、名義亜種の三名法表記、または他亜種の独立見出し・別索引記載により現行の名義亜種IDへ帰属可能。
kamikiri-derived-base-192-220-0124,species-23007,シラホシカミキリ 基亜種,シラホシカミキリ,日本産カミキリムシ,日本産カミキリムシ_compressed.pdf,52299895c14c1fd1c74279dca00f6fd9ba64d36d69e3bf3dd9c3a29a92802e77,efb17b5912fbb2c144dab4d99924dbc341e8f64054be7909dd7818cad155bef2,200,732-733,18971,ウワミズザクラ,バラ科,exact_derived_base_name,include,2026-07-11,原典画像（PDF p.200、冊子p.732-733）で「ウワミズザクラ」欄の「シラホシカミキリ」を確認。寄主索引の学名表記と種解説欄の同種群を照合し、名義亜種の三名法表記、または他亜種の独立見出し・別索引記載により現行の名義亜種IDへ帰属可能。
kamikiri-host-index-192-220-0034,species-21976,キスジトラカミキリ,キスジトラカミキリ,日本産カミキリムシ,日本産カミキリムシ_compressed.pdf,52299895c14c1fd1c74279dca00f6fd9ba64d36d69e3bf3dd9c3a29a92802e77,efb17b5912fbb2c144dab4d99924dbc341e8f64054be7909dd7818cad155bef2,200,732-733,18981,ヤマザクラ,バラ科,exact_japanese_name,include,2026-07-11,原典画像（PDF p.200、冊子p.732-733）で「ヤマザクラ」欄の「キスジトラカミキリ」を確認。
kamikiri-derived-base-192-220-0125,species-22735,ビロウドカミキリ 基亜種,ビロウドカミキリ,日本産カミキリムシ,日本産カミキリムシ_compressed.pdf,52299895c14c1fd1c74279dca00f6fd9ba64d36d69e3bf3dd9c3a29a92802e77,efb17b5912fbb2c144dab4d99924dbc341e8f64054be7909dd7818cad155bef2,200,732-733,18981,ヤマザクラ,バラ科,exact_derived_base_name,include,2026-07-11,原典画像（PDF p.200、冊子p.732-733）で「ヤマザクラ」欄の「ビロウドカミキリ」を確認。寄主索引の学名表記と種解説欄の同種群を照合し、名義亜種の三名法表記、または他亜種の独立見出し・別索引記載により現行の名義亜種IDへ帰属可能。
kamikiri-host-index-192-220-0035,species-22798,コブヤハズカミキリ 基亜種,コブヤハズカミキリ,日本産カミキリムシ,日本産カミキリムシ_compressed.pdf,52299895c14c1fd1c74279dca00f6fd9ba64d36d69e3bf3dd9c3a29a92802e77,efb17b5912fbb2c144dab4d99924dbc341e8f64054be7909dd7818cad155bef2,200,732-733,18981,ヤマザクラ,バラ科,reviewed_source_crosswalk,include,2026-07-11,原典画像（PDF p.200、冊子p.732-733）で「ヤマザクラ」欄の「コブヤハズカミキリ」を確認。
kamikiri-derived-base-192-220-0126,species-22843,セミスジコブヒゲカミキリ 基亜種,セミスジコブヒゲカミキリ,日本産カミキリムシ,日本産カミキリムシ_compressed.pdf,52299895c14c1fd1c74279dca00f6fd9ba64d36d69e3bf3dd9c3a29a92802e77,efb17b5912fbb2c144dab4d99924dbc341e8f64054be7909dd7818cad155bef2,200,732-733,18981,ヤマザクラ,バラ科,exact_derived_base_name,include,2026-07-11,原典画像（PDF p.200、冊子p.732-733）で「ヤマザクラ」欄の「セミスジコブヒゲカミキリ」を確認。寄主索引の学名表記と種解説欄の同種群を照合し、名義亜種の三名法表記、または他亜種の独立見出し・別索引記載により現行の名義亜種IDへ帰属可能。
kamikiri-derived-base-192-220-0127,species-23007,シラホシカミキリ 基亜種,シラホシカミキリ,日本産カミキリムシ,日本産カミキリムシ_compressed.pdf,52299895c14c1fd1c74279dca00f6fd9ba64d36d69e3bf3dd9c3a29a92802e77,efb17b5912fbb2c144dab4d99924dbc341e8f64054be7909dd7818cad155bef2,200,732-733,18981,ヤマザクラ,バラ科,exact_derived_base_name,include,2026-07-11,原典画像（PDF p.200、冊子p.732-733）で「ヤマザクラ」欄の「シラホシカミキリ」を確認。寄主索引の学名表記と種解説欄の同種群を照合し、名義亜種の三名法表記、または他亜種の独立見出し・別索引記載により現行の名義亜種IDへ帰属可能。
kamikiri-derived-base-192-220-0128,species-22569,シナノクロフカミキリ 基亜種,シナノクロフカミキリ,日本産カミキリムシ,日本産カミキリムシ_compressed.pdf,52299895c14c1fd1c74279dca00f6fd9ba64d36d69e3bf3dd9c3a29a92802e77,efb17b5912fbb2c144dab4d99924dbc341e8f64054be7909dd7818cad155bef2,201,734-735,19014,モモ,バラ科,exact_derived_base_name,needs_review,2026-07-11,原典画像（PDF p.201、冊子p.734-735）で「モモ」欄の「シナノクロフカミキリ」を確認したが、寄主索引・種解説とも種レベルの表記である。現行 insects.csv には同種群が4亜種として登録されており、名義亜種IDへ一意に帰属できないため保留。
kamikiri-derived-base-192-220-0129,1-1,ウスバカミキリ 基亜種,ウスバカミキリ,日本産カミキリムシ,日本産カミキリムシ_compressed.pdf,52299895c14c1fd1c74279dca00f6fd9ba64d36d69e3bf3dd9c3a29a92802e77,efb17b5912fbb2c144dab4d99924dbc341e8f64054be7909dd7818cad155bef2,201,734-735,19039,ソメイヨシノ,バラ科,exact_derived_base_name,include,2026-07-11,原典画像（PDF p.201、冊子p.734-735）で「ソメイヨシノ」欄の「ウスバカミキリ」を確認。寄主索引の学名表記と種解説欄の同種群を照合し、名義亜種の三名法表記、または他亜種の独立見出し・別索引記載により現行の名義亜種IDへ帰属可能。
kamikiri-host-index-192-220-0036,species-21976,キスジトラカミキリ,キスジトラカミキリ,日本産カミキリムシ,日本産カミキリムシ_compressed.pdf,52299895c14c1fd1c74279dca00f6fd9ba64d36d69e3bf3dd9c3a29a92802e77,efb17b5912fbb2c144dab4d99924dbc341e8f64054be7909dd7818cad155bef2,201,734-735,19039,ソメイヨシノ,バラ科,exact_japanese_name,include,2026-07-11,原典画像（PDF p.201、冊子p.734-735）で「ソメイヨシノ」欄の「キスジトラカミキリ」を確認。
kamikiri-derived-base-192-220-0130,species-21998,ヨツスジトラカミキリ 基亜種,ヨツスジトラカミキリ,日本産カミキリムシ,日本産カミキリムシ_compressed.pdf,52299895c14c1fd1c74279dca00f6fd9ba64d36d69e3bf3dd9c3a29a92802e77,efb17b5912fbb2c144dab4d99924dbc341e8f64054be7909dd7818cad155bef2,201,734-735,19039,ソメイヨシノ,バラ科,exact_derived_base_name,needs_review,2026-07-11,原典画像（PDF p.201、冊子p.734-735）で「ソメイヨシノ」欄の「ヨツスジトラカミキリ」を確認したが、寄主索引・種解説とも種レベルの表記である。現行 insects.csv には同種群が3亜種として登録されており、名義亜種IDへ一意に帰属できないため保留。
kamikiri-derived-base-192-220-0132,species-22569,シナノクロフカミキリ 基亜種,シナノクロフカミキリ,日本産カミキリムシ,日本産カミキリムシ_compressed.pdf,52299895c14c1fd1c74279dca00f6fd9ba64d36d69e3bf3dd9c3a29a92802e77,efb17b5912fbb2c144dab4d99924dbc341e8f64054be7909dd7818cad155bef2,201,734-735,19039,ソメイヨシノ,バラ科,exact_derived_base_name,needs_review,2026-07-11,原典画像（PDF p.201、冊子p.734-735）で「ソメイヨシノ」欄の「シナノクロフカミキリ」を確認したが、寄主索引・種解説とも種レベルの表記である。現行 insects.csv には同種群が4亜種として登録されており、名義亜種IDへ一意に帰属できないため保留。
kamikiri-derived-base-192-220-0135,species-22735,ビロウドカミキリ 基亜種,ビロウドカミキリ,日本産カミキリムシ,日本産カミキリムシ_compressed.pdf,52299895c14c1fd1c74279dca00f6fd9ba64d36d69e3bf3dd9c3a29a92802e77,efb17b5912fbb2c144dab4d99924dbc341e8f64054be7909dd7818cad155bef2,201,734-735,19039,ソメイヨシノ,バラ科,exact_derived_base_name,include,2026-07-11,原典画像（PDF p.201、冊子p.734-735）で「ソメイヨシノ」欄の「ビロウドカミキリ」を確認。寄主索引の学名表記と種解説欄の同種群を照合し、名義亜種の三名法表記、または他亜種の独立見出し・別索引記載により現行の名義亜種IDへ帰属可能。
kamikiri-derived-base-192-220-0136,species-22843,セミスジコブヒゲカミキリ 基亜種,セミスジコブヒゲカミキリ,日本産カミキリムシ,日本産カミキリムシ_compressed.pdf,52299895c14c1fd1c74279dca00f6fd9ba64d36d69e3bf3dd9c3a29a92802e77,efb17b5912fbb2c144dab4d99924dbc341e8f64054be7909dd7818cad155bef2,201,734-735,19039,ソメイヨシノ,バラ科,exact_derived_base_name,include,2026-07-11,原典画像（PDF p.201、冊子p.734-735）で「ソメイヨシノ」欄の「セミスジコブヒゲカミキリ」を確認。寄主索引の学名表記と種解説欄の同種群を照合し、名義亜種の三名法表記、または他亜種の独立見出し・別索引記載により現行の名義亜種IDへ帰属可能。
kamikiri-derived-base-192-220-0131,species-22890,カタシロゴマフカミキリ 基亜種,カタシロゴマフカミキリ,日本産カミキリムシ,日本産カミキリムシ_compressed.pdf,52299895c14c1fd1c74279dca00f6fd9ba64d36d69e3bf3dd9c3a29a92802e77,efb17b5912fbb2c144dab4d99924dbc341e8f64054be7909dd7818cad155bef2,201,734-735,19039,ソメイヨシノ,バラ科,exact_derived_base_name,include,2026-07-11,原典画像（PDF p.201、冊子p.734-735）で「ソメイヨシノ」欄の「カタシロゴマフカミキリ」を確認。寄主索引の学名表記と種解説欄の同種群を照合し、名義亜種の三名法表記、または他亜種の独立見出し・別索引記載により現行の名義亜種IDへ帰属可能。
kamikiri-derived-base-192-220-0134,species-22947,ナカジロサビカミキリ 基亜種,ナカジロサビカミキリ,日本産カミキリムシ,日本産カミキリムシ_compressed.pdf,52299895c14c1fd1c74279dca00f6fd9ba64d36d69e3bf3dd9c3a29a92802e77,efb17b5912fbb2c144dab4d99924dbc341e8f64054be7909dd7818cad155bef2,201,734-735,19039,ソメイヨシノ,バラ科,exact_derived_base_name,include,2026-07-11,原典画像（PDF p.201、冊子p.734-735）で「ソメイヨシノ」欄の「ナカジロサビカミキリ」を確認。寄主索引の学名表記と種解説欄の同種群を照合し、名義亜種の三名法表記、または他亜種の独立見出し・別索引記載により現行の名義亜種IDへ帰属可能。
kamikiri-derived-base-192-220-0133,species-22963,トガリシロオビサビカミキリ 基亜種,トガリシロオビサビカミキリ,日本産カミキリムシ,日本産カミキリムシ_compressed.pdf,52299895c14c1fd1c74279dca00f6fd9ba64d36d69e3bf3dd9c3a29a92802e77,efb17b5912fbb2c144dab4d99924dbc341e8f64054be7909dd7818cad155bef2,201,734-735,19039,ソメイヨシノ,バラ科,exact_derived_base_name,include,2026-07-11,原典画像（PDF p.201、冊子p.734-735）で「ソメイヨシノ」欄の「トガリシロオビサビカミキリ」を確認。寄主索引の学名表記と種解説欄の同種群を照合し、名義亜種の三名法表記、または他亜種の独立見出し・別索引記載により現行の名義亜種IDへ帰属可能。
kamikiri-host-index-192-220-0037,species-21976,キスジトラカミキリ,キスジトラカミキリ,日本産カミキリムシ,日本産カミキリムシ_compressed.pdf,52299895c14c1fd1c74279dca00f6fd9ba64d36d69e3bf3dd9c3a29a92802e77,efb17b5912fbb2c144dab4d99924dbc341e8f64054be7909dd7818cad155bef2,201,734-735,19058,サクラ類,バラ科,exact_japanese_name,include,2026-07-11,原典画像（PDF p.201、冊子p.734-735）で「サクラ類」欄の「キスジトラカミキリ」を確認。
kamikiri-derived-base-192-220-0137,species-21990,フタオビミドリトラカミキリ 基亜種,フタオビミドリトラカミキリ,日本産カミキリムシ,日本産カミキリムシ_compressed.pdf,52299895c14c1fd1c74279dca00f6fd9ba64d36d69e3bf3dd9c3a29a92802e77,efb17b5912fbb2c144dab4d99924dbc341e8f64054be7909dd7818cad155bef2,201,734-735,19058,サクラ類,バラ科,exact_derived_base_name,needs_review,2026-07-11,原典画像（PDF p.201、冊子p.734-735）で「サクラ類」欄の「フタオビミドリトラカミキリ」を確認したが、寄主索引・種解説とも種レベルの表記である。現行 insects.csv には同種群が7亜種として登録されており、名義亜種IDへ一意に帰属できないため保留。
kamikiri-derived-base-192-220-0139,species-22569,シナノクロフカミキリ 基亜種,シナノクロフカミキリ,日本産カミキリムシ,日本産カミキリムシ_compressed.pdf,52299895c14c1fd1c74279dca00f6fd9ba64d36d69e3bf3dd9c3a29a92802e77,efb17b5912fbb2c144dab4d99924dbc341e8f64054be7909dd7818cad155bef2,201,734-735,19058,サクラ類,バラ科,exact_derived_base_name,needs_review,2026-07-11,原典画像（PDF p.201、冊子p.734-735）で「サクラ類」欄の「シナノクロフカミキリ」を確認したが、寄主索引・種解説とも種レベルの表記である。現行 insects.csv には同種群が4亜種として登録されており、名義亜種IDへ一意に帰属できないため保留。
kamikiri-derived-base-192-220-0140,species-22735,ビロウドカミキリ 基亜種,ビロウドカミキリ,日本産カミキリムシ,日本産カミキリムシ_compressed.pdf,52299895c14c1fd1c74279dca00f6fd9ba64d36d69e3bf3dd9c3a29a92802e77,efb17b5912fbb2c144dab4d99924dbc341e8f64054be7909dd7818cad155bef2,201,734-735,19058,サクラ類,バラ科,exact_derived_base_name,include,2026-07-11,原典画像（PDF p.201、冊子p.734-735）で「サクラ類」欄の「ビロウドカミキリ」を確認。寄主索引の学名表記と種解説欄の同種群を照合し、名義亜種の三名法表記、または他亜種の独立見出し・別索引記載により現行の名義亜種IDへ帰属可能。
kamikiri-derived-base-192-220-0138,species-22890,カタシロゴマフカミキリ 基亜種,カタシロゴマフカミキリ,日本産カミキリムシ,日本産カミキリムシ_compressed.pdf,52299895c14c1fd1c74279dca00f6fd9ba64d36d69e3bf3dd9c3a29a92802e77,efb17b5912fbb2c144dab4d99924dbc341e8f64054be7909dd7818cad155bef2,201,734-735,19058,サクラ類,バラ科,exact_derived_base_name,include,2026-07-11,原典画像（PDF p.201、冊子p.734-735）で「サクラ類」欄の「カタシロゴマフカミキリ」を確認。寄主索引の学名表記と種解説欄の同種群を照合し、名義亜種の三名法表記、または他亜種の独立見出し・別索引記載により現行の名義亜種IDへ帰属可能。
kamikiri-host-index-192-220-0038,species-22915,アトモンマルケシカミキリ,アトモンマルケシカミキリ,日本産カミキリムシ,日本産カミキリムシ_compressed.pdf,52299895c14c1fd1c74279dca00f6fd9ba64d36d69e3bf3dd9c3a29a92802e77,efb17b5912fbb2c144dab4d99924dbc341e8f64054be7909dd7818cad155bef2,201,734-735,19058,サクラ類,バラ科,exact_japanese_name,include,2026-07-11,原典画像（PDF p.201、冊子p.734-735）で「サクラ類」欄の「アトモンマルケシカミキリ」を確認。
kamikiri-derived-base-192-220-0141,1-1,ウスバカミキリ 基亜種,ウスバカミキリ,日本産カミキリムシ,日本産カミキリムシ_compressed.pdf,52299895c14c1fd1c74279dca00f6fd9ba64d36d69e3bf3dd9c3a29a92802e77,efb17b5912fbb2c144dab4d99924dbc341e8f64054be7909dd7818cad155bef2,201,734-735,19095,ナシ,バラ科,exact_derived_base_name,include,2026-07-11,原典画像（PDF p.201、冊子p.734-735）で「ナシ」欄の「ウスバカミキリ」を確認。寄主索引の学名表記と種解説欄の同種群を照合し、名義亜種の三名法表記、または他亜種の独立見出し・別索引記載により現行の名義亜種IDへ帰属可能。
kamikiri-derived-base-192-220-0142,species-22988,ハンノアオカミキリ 基亜種,ハンノアオカミキリ,日本産カミキリムシ,日本産カミキリムシ_compressed.pdf,52299895c14c1fd1c74279dca00f6fd9ba64d36d69e3bf3dd9c3a29a92802e77,efb17b5912fbb2c144dab4d99924dbc341e8f64054be7909dd7818cad155bef2,201,734-735,19095,ナシ,バラ科,exact_derived_base_name,include,2026-07-11,原典画像（PDF p.201、冊子p.734-735）で「ナシ」欄の「ハンノアオカミキリ」を確認。寄主索引の学名表記と種解説欄の同種群を照合し、名義亜種の三名法表記、または他亜種の独立見出し・別索引記載により現行の名義亜種IDへ帰属可能。
kamikiri-derived-base-192-220-0143,species-22008,キュウシュウチビトラカミキリ 基亜種,キュウシュウチビトラカミキリ,日本産カミキリムシ,日本産カミキリムシ_compressed.pdf,52299895c14c1fd1c74279dca00f6fd9ba64d36d69e3bf3dd9c3a29a92802e77,efb17b5912fbb2c144dab4d99924dbc341e8f64054be7909dd7818cad155bef2,201,734-735,19102,シャリンバイ,バラ科,exact_derived_base_name,include,2026-07-11,原典画像（PDF p.201、冊子p.734-735）で「シャリンバイ」欄の「キュウシュウチビトラカミキリ」を確認。寄主索引の学名表記と種解説欄の同種群を照合し、名義亜種の三名法表記、または他亜種の独立見出し・別索引記載により現行の名義亜種IDへ帰属可能。
kamikiri-derived-base-192-220-0145,species-21913,チャイロヒメカミキリ 基亜種,チャイロヒメカミキリ,日本産カミキリムシ,日本産カミキリムシ_compressed.pdf,52299895c14c1fd1c74279dca00f6fd9ba64d36d69e3bf3dd9c3a29a92802e77,efb17b5912fbb2c144dab4d99924dbc341e8f64054be7909dd7818cad155bef2,201,734-735,19108,シマシャリンバイ,バラ科,exact_derived_base_name,include,2026-07-11,原典画像（PDF p.201、冊子p.734-735）で「シマシャリンバイ」欄の「チャイロヒメカミキリ」を確認。寄主索引の学名表記と種解説欄の同種群を照合し、名義亜種の三名法表記、または他亜種の独立見出し・別索引記載により現行の名義亜種IDへ帰属可能。
kamikiri-derived-base-192-220-0144,species-21917,フトガタヒメカミキリ 基亜種,フトガタヒメカミキリ,日本産カミキリムシ,日本産カミキリムシ_compressed.pdf,52299895c14c1fd1c74279dca00f6fd9ba64d36d69e3bf3dd9c3a29a92802e77,efb17b5912fbb2c144dab4d99924dbc341e8f64054be7909dd7818cad155bef2,201,734-735,19108,シマシャリンバイ,バラ科,exact_derived_base_name,include,2026-07-11,原典画像（PDF p.201、冊子p.734-735）で「シマシャリンバイ」欄の「フトガタヒメカミキリ」を確認。寄主索引の学名表記と種解説欄の同種群を照合し、名義亜種の三名法表記、または他亜種の独立見出し・別索引記載により現行の名義亜種IDへ帰属可能。
kamikiri-derived-base-192-220-0146,species-21954,オガサワラトラカミキリ 基亜種,オガサワラトラカミキリ,日本産カミキリムシ,日本産カミキリムシ_compressed.pdf,52299895c14c1fd1c74279dca00f6fd9ba64d36d69e3bf3dd9c3a29a92802e77,efb17b5912fbb2c144dab4d99924dbc341e8f64054be7909dd7818cad155bef2,201,734-735,19108,シマシャリンバイ,バラ科,exact_derived_base_name,needs_review,2026-07-11,原典画像（PDF p.201、冊子p.734-735）で「シマシャリンバイ」欄の「オガサワラトラカミキリ」を確認したが、寄主索引・種解説とも種レベルの表記である。現行 insects.csv には同種群が3亜種として登録されており、名義亜種IDへ一意に帰属できないため保留。
kamikiri-derived-base-192-220-0147,species-21959,オガサワラキイロトラカミキリ 基亜種,オガサワラキイロトラカミキリ,日本産カミキリムシ,日本産カミキリムシ_compressed.pdf,52299895c14c1fd1c74279dca00f6fd9ba64d36d69e3bf3dd9c3a29a92802e77,efb17b5912fbb2c144dab4d99924dbc341e8f64054be7909dd7818cad155bef2,201,734-735,19108,シマシャリンバイ,バラ科,exact_derived_base_name,needs_review,2026-07-11,原典画像（PDF p.201、冊子p.734-735）で「シマシャリンバイ」欄の「オガサワラキイロトラカミキリ」を確認したが、寄主索引・種解説とも種レベルの表記である。現行 insects.csv には同種群が3亜種として登録されており、名義亜種IDへ一意に帰属できないため保留。
kamikiri-host-index-192-220-0039,species-22537,ハスオビヒゲナガカミキリ,ハスオビヒゲナガカミキリ,日本産カミキリムシ,日本産カミキリムシ_compressed.pdf,52299895c14c1fd1c74279dca00f6fd9ba64d36d69e3bf3dd9c3a29a92802e77,efb17b5912fbb2c144dab4d99924dbc341e8f64054be7909dd7818cad155bef2,202,736-737,19136,ナガバモミジイチゴ,バラ科,exact_japanese_name,exclude_ocr_or_boundary,2026-07-11,原典画像（PDF p.202、冊子p.736-737）で「ナガバモミジイチゴ」欄の「ハスオビヒゲナガカミキリ」を確認。OCR境界誤認の植物名「ブラックベリー」を原典見出しどおり訂正。訂正後の寄主ペアは既存CSVに収録済みのため重複追加しない。
kamikiri-derived-base-192-220-0148,species-23007,シラホシカミキリ 基亜種,シラホシカミキリ,日本産カミキリムシ,日本産カミキリムシ_compressed.pdf,52299895c14c1fd1c74279dca00f6fd9ba64d36d69e3bf3dd9c3a29a92802e77,efb17b5912fbb2c144dab4d99924dbc341e8f64054be7909dd7818cad155bef2,202,736-737,19145,アズキナシ,バラ科,exact_derived_base_name,include,2026-07-11,原典画像（PDF p.202、冊子p.736-737）で「アズキナシ」欄の「シラホシカミキリ」を確認。寄主索引の学名表記と種解説欄の同種群を照合し、名義亜種の三名法表記、または他亜種の独立見出し・別索引記載により現行の名義亜種IDへ帰属可能。
kamikiri-derived-base-192-220-0149,species-23014,チチブニセリンゴカミキリ 基亜種,チチブニセリンゴカミキリ,日本産カミキリムシ,日本産カミキリムシ_compressed.pdf,52299895c14c1fd1c74279dca00f6fd9ba64d36d69e3bf3dd9c3a29a92802e77,efb17b5912fbb2c144dab4d99924dbc341e8f64054be7909dd7818cad155bef2,202,736-737,19145,アズキナシ,バラ科,exact_derived_base_name,include,2026-07-11,原典画像（PDF p.202、冊子p.736-737）で「アズキナシ」欄の「チチブニセリンゴカミキリ」を確認。寄主索引の学名表記と種解説欄の同種群を照合し、名義亜種の三名法表記、または他亜種の独立見出し・別索引記載により現行の名義亜種IDへ帰属可能。
kamikiri-derived-base-192-220-0150,species-22321,クロホソコバネカミキリ 基亜種,クロホソコバネカミキリ,日本産カミキリムシ,日本産カミキリムシ_compressed.pdf,52299895c14c1fd1c74279dca00f6fd9ba64d36d69e3bf3dd9c3a29a92802e77,efb17b5912fbb2c144dab4d99924dbc341e8f64054be7909dd7818cad155bef2,202,736-737,19154,ナナカマド,バラ科,exact_derived_base_name,needs_review,2026-07-11,原典画像（PDF p.202、冊子p.736-737）で「ナナカマド」欄の「クロホソコバネカミキリ」を確認したが、寄主索引・種解説とも種レベルの表記である。現行 insects.csv には同種群が2亜種として登録されており、名義亜種IDへ一意に帰属できないため保留。
kamikiri-host-index-192-220-0040,species-22642,シロオビチビカミキリ 基亜種,シロオビチビカミキリ,日本産カミキリムシ,日本産カミキリムシ_compressed.pdf,52299895c14c1fd1c74279dca00f6fd9ba64d36d69e3bf3dd9c3a29a92802e77,efb17b5912fbb2c144dab4d99924dbc341e8f64054be7909dd7818cad155bef2,202,736-737,19154,ナナカマド,バラ科,reviewed_source_crosswalk,include,2026-07-11,原典画像（PDF p.202、冊子p.736-737）で「ナナカマド」欄の「シロオビチビカミキリ」を確認。
kamikiri-derived-base-192-220-0151,species-22890,カタシロゴマフカミキリ 基亜種,カタシロゴマフカミキリ,日本産カミキリムシ,日本産カミキリムシ_compressed.pdf,52299895c14c1fd1c74279dca00f6fd9ba64d36d69e3bf3dd9c3a29a92802e77,efb17b5912fbb2c144dab4d99924dbc341e8f64054be7909dd7818cad155bef2,202,736-737,19154,ナナカマド,バラ科,exact_derived_base_name,include,2026-07-11,原典画像（PDF p.202、冊子p.736-737）で「ナナカマド」欄の「カタシロゴマフカミキリ」を確認。寄主索引の学名表記と種解説欄の同種群を照合し、名義亜種の三名法表記、または他亜種の独立見出し・別索引記載により現行の名義亜種IDへ帰属可能。
kamikiri-derived-base-192-220-0152,species-23007,シラホシカミキリ 基亜種,シラホシカミキリ,日本産カミキリムシ,日本産カミキリムシ_compressed.pdf,52299895c14c1fd1c74279dca00f6fd9ba64d36d69e3bf3dd9c3a29a92802e77,efb17b5912fbb2c144dab4d99924dbc341e8f64054be7909dd7818cad155bef2,202,736-737,19154,ナナカマド,バラ科,exact_derived_base_name,include,2026-07-11,原典画像（PDF p.202、冊子p.736-737）で「ナナカマド」欄の「シラホシカミキリ」を確認。寄主索引の学名表記と種解説欄の同種群を照合し、名義亜種の三名法表記、または他亜種の独立見出し・別索引記載により現行の名義亜種IDへ帰属可能。
kamikiri-derived-base-192-220-0153,species-21904,リュウキュウヒメカミキリ 基亜種,リュウキュウヒメカミキリ,日本産カミキリムシ,日本産カミキリムシ_compressed.pdf,52299895c14c1fd1c74279dca00f6fd9ba64d36d69e3bf3dd9c3a29a92802e77,efb17b5912fbb2c144dab4d99924dbc341e8f64054be7909dd7818cad155bef2,202,736-737,19176,ソウシジュ,マメ科,exact_derived_base_name,include,2026-07-11,原典画像（PDF p.202、冊子p.736-737）で「ソウシジュ」欄の「リュウキュウヒメカミキリ」を確認。寄主索引の学名表記と種解説欄の同種群を照合し、名義亜種の三名法表記、または他亜種の独立見出し・別索引記載により現行の名義亜種IDへ帰属可能。
kamikiri-derived-base-192-220-0155,species-22606,ゴマフサビカミキリ 基亜種,ゴマフサビカミキリ,日本産カミキリムシ,日本産カミキリムシ_compressed.pdf,52299895c14c1fd1c74279dca00f6fd9ba64d36d69e3bf3dd9c3a29a92802e77,efb17b5912fbb2c144dab4d99924dbc341e8f64054be7909dd7818cad155bef2,202,736-737,19176,ソウシジュ,マメ科,exact_derived_base_name,include,2026-07-11,原典画像（PDF p.202、冊子p.736-737）で「ソウシジュ」欄の「ゴマフサビカミキリ」を確認。寄主索引の学名表記と種解説欄の同種群を照合し、名義亜種の三名法表記、または他亜種の独立見出し・別索引記載により現行の名義亜種IDへ帰属可能。
kamikiri-derived-base-192-220-0154,species-22905,ベニモンゴマフカミキリ 基亜種,ベニモンゴマフカミキリ,日本産カミキリムシ,日本産カミキリムシ_compressed.pdf,52299895c14c1fd1c74279dca00f6fd9ba64d36d69e3bf3dd9c3a29a92802e77,efb17b5912fbb2c144dab4d99924dbc341e8f64054be7909dd7818cad155bef2,202,736-737,19176,ソウシジュ,マメ科,exact_derived_base_name,needs_review,2026-07-11,原典画像（PDF p.202、冊子p.736-737）で「ソウシジュ」欄の「ベニモンゴマフカミキリ」を確認したが、寄主索引・種解説とも種レベルの表記である。現行 insects.csv には同種群が2亜種として登録されており、名義亜種IDへ一意に帰属できないため保留。
kamikiri-derived-base-192-220-0157,species-21990,フタオビミドリトラカミキリ 基亜種,フタオビミドリトラカミキリ,日本産カミキリムシ,日本産カミキリムシ_compressed.pdf,52299895c14c1fd1c74279dca00f6fd9ba64d36d69e3bf3dd9c3a29a92802e77,efb17b5912fbb2c144dab4d99924dbc341e8f64054be7909dd7818cad155bef2,202,736-737,19187,モリシマアカシア,マメ科,exact_derived_base_name,needs_review,2026-07-11,原典画像（PDF p.202、冊子p.736-737）で「モリシマアカシア」欄の「フタオビミドリトラカミキリ」を確認したが、寄主索引・種解説とも種レベルの表記である。現行 insects.csv には同種群が7亜種として登録されており、名義亜種IDへ一意に帰属できないため保留。
kamikiri-derived-base-192-220-0156,species-21998,ヨツスジトラカミキリ 基亜種,ヨツスジトラカミキリ,日本産カミキリムシ,日本産カミキリムシ_compressed.pdf,52299895c14c1fd1c74279dca00f6fd9ba64d36d69e3bf3dd9c3a29a92802e77,efb17b5912fbb2c144dab4d99924dbc341e8f64054be7909dd7818cad155bef2,202,736-737,19187,モリシマアカシア,マメ科,exact_derived_base_name,needs_review,2026-07-11,原典画像（PDF p.202、冊子p.736-737）で「モリシマアカシア」欄の「ヨツスジトラカミキリ」を確認したが、寄主索引・種解説とも種レベルの表記である。現行 insects.csv には同種群が3亜種として登録されており、名義亜種IDへ一意に帰属できないため保留。
kamikiri-derived-base-192-220-0158,species-22856,ヤハズカミキリ 基亜種,ヤハズカミキリ,日本産カミキリムシ,日本産カミキリムシ_compressed.pdf,52299895c14c1fd1c74279dca00f6fd9ba64d36d69e3bf3dd9c3a29a92802e77,efb17b5912fbb2c144dab4d99924dbc341e8f64054be7909dd7818cad155bef2,202,736-737,19187,モリシマアカシア,マメ科,exact_derived_base_name,include,2026-07-11,原典画像（PDF p.202、冊子p.736-737）で「モリシマアカシア」欄の「ヤハズカミキリ」を確認。寄主索引の学名表記と種解説欄の同種群を照合し、名義亜種の三名法表記、または他亜種の独立見出し・別索引記載により現行の名義亜種IDへ帰属可能。
kamikiri-host-index-192-220-0041,species-22915,アトモンマルケシカミキリ,アトモンマルケシカミキリ,日本産カミキリムシ,日本産カミキリムシ_compressed.pdf,52299895c14c1fd1c74279dca00f6fd9ba64d36d69e3bf3dd9c3a29a92802e77,efb17b5912fbb2c144dab4d99924dbc341e8f64054be7909dd7818cad155bef2,202,736-737,19187,モリシマアカシア,マメ科,exact_japanese_name,include,2026-07-11,原典画像（PDF p.202、冊子p.736-737）で「モリシマアカシア」欄の「アトモンマルケシカミキリ」を確認。
kamikiri-host-index-192-220-0042,species-21924,キマダラカミキリ 基亜種,キマダラミヤマカミキリ,日本産カミキリムシ,日本産カミキリムシ_compressed.pdf,52299895c14c1fd1c74279dca00f6fd9ba64d36d69e3bf3dd9c3a29a92802e77,efb17b5912fbb2c144dab4d99924dbc341e8f64054be7909dd7818cad155bef2,202,736-737,19199,ネムノキ,マメ科,reviewed_source_crosswalk,include,2026-07-11,原典画像（PDF p.202、冊子p.736-737）で「ネムノキ」欄の「キマダラミヤマカミキリ」を確認。
kamikiri-derived-base-192-220-0159,species-22251,ヨツスジハナカミキリ 基亜種,ヨツスジハナカミキリ,日本産カミキリムシ,日本産カミキリムシ_compressed.pdf,52299895c14c1fd1c74279dca00f6fd9ba64d36d69e3bf3dd9c3a29a92802e77,efb17b5912fbb2c144dab4d99924dbc341e8f64054be7909dd7818cad155bef2,202,736-737,19199,ネムノキ,マメ科,exact_derived_base_name,include,2026-07-11,原典画像（PDF p.202、冊子p.736-737）で「ネムノキ」欄の「ヨツスジハナカミキリ」を確認。寄主索引の学名表記と種解説欄の同種群を照合し、名義亜種の三名法表記、または他亜種の独立見出し・別索引記載により現行の名義亜種IDへ帰属可能。
kamikiri-derived-base-192-220-0160,species-22603,ウスフタモンサビカミキリ 基亜種,ウスフタモンサビカミキリ,日本産カミキリムシ,日本産カミキリムシ_compressed.pdf,52299895c14c1fd1c74279dca00f6fd9ba64d36d69e3bf3dd9c3a29a92802e77,efb17b5912fbb2c144dab4d99924dbc341e8f64054be7909dd7818cad155bef2,202,736-737,19199,ネムノキ,マメ科,exact_derived_base_name,exclude_ocr_or_boundary,2026-07-11,原典画像（PDF p.202、冊子p.736-737）で「ネムノキ」欄を確認。完全な和名・学名は「ウスフタモンサビカミキリ Ropica japonica amamiana」で、現行ID species-22604に対応する。短い基礎和名の接尾辞部分一致/OCR境界により生じた候補であり、ウスフタモンサビカミキリ 基亜種には帰属しない。
kamikiri-derived-base-192-220-0163,species-22735,ビロウドカミキリ 基亜種,ビロウドカミキリ,日本産カミキリムシ,日本産カミキリムシ_compressed.pdf,52299895c14c1fd1c74279dca00f6fd9ba64d36d69e3bf3dd9c3a29a92802e77,efb17b5912fbb2c144dab4d99924dbc341e8f64054be7909dd7818cad155bef2,202,736-737,19199,ネムノキ,マメ科,exact_derived_base_name,include,2026-07-11,原典画像（PDF p.202、冊子p.736-737）で「ネムノキ」欄の「ビロウドカミキリ」を確認。寄主索引の学名表記と種解説欄の同種群を照合し、名義亜種の三名法表記、または他亜種の独立見出し・別索引記載により現行の名義亜種IDへ帰属可能。
kamikiri-derived-base-192-220-0164,species-22755,ニセビロウドカミキリ 基亜種,ニセビロウドカミキリ,日本産カミキリムシ,日本産カミキリムシ_compressed.pdf,52299895c14c1fd1c74279dca00f6fd9ba64d36d69e3bf3dd9c3a29a92802e77,efb17b5912fbb2c144dab4d99924dbc341e8f64054be7909dd7818cad155bef2,202,736-737,19199,ネムノキ,マメ科,exact_derived_base_name,include,2026-07-11,原典画像（PDF p.202、冊子p.736-737）で「ネムノキ」欄の「ニセビロウドカミキリ」を確認。寄主索引の学名表記と種解説欄の同種群を照合し、名義亜種の三名法表記、または他亜種の独立見出し・別索引記載により現行の名義亜種IDへ帰属可能。
kamikiri-derived-base-192-220-0162,species-22947,ナカジロサビカミキリ 基亜種,ナカジロサビカミキリ,日本産カミキリムシ,日本産カミキリムシ_compressed.pdf,52299895c14c1fd1c74279dca00f6fd9ba64d36d69e3bf3dd9c3a29a92802e77,efb17b5912fbb2c144dab4d99924dbc341e8f64054be7909dd7818cad155bef2,202,736-737,19199,ネムノキ,マメ科,exact_derived_base_name,include,2026-07-11,原典画像（PDF p.202、冊子p.736-737）で「ネムノキ」欄の「ナカジロサビカミキリ」を確認。寄主索引の学名表記と種解説欄の同種群を照合し、名義亜種の三名法表記、または他亜種の独立見出し・別索引記載により現行の名義亜種IDへ帰属可能。
kamikiri-derived-base-192-220-0161,species-22963,トガリシロオビサビカミキリ 基亜種,トガリシロオビサビカミキリ,日本産カミキリムシ,日本産カミキリムシ_compressed.pdf,52299895c14c1fd1c74279dca00f6fd9ba64d36d69e3bf3dd9c3a29a92802e77,efb17b5912fbb2c144dab4d99924dbc341e8f64054be7909dd7818cad155bef2,202,736-737,19199,ネムノキ,マメ科,exact_derived_base_name,include,2026-07-11,原典画像（PDF p.202、冊子p.736-737）で「ネムノキ」欄の「トガリシロオビサビカミキリ」を確認。寄主索引の学名表記と種解説欄の同種群を照合し、名義亜種の三名法表記、または他亜種の独立見出し・別索引記載により現行の名義亜種IDへ帰属可能。
kamikiri-derived-base-192-220-0166,species-21913,チャイロヒメカミキリ 基亜種,チャイロヒメカミキリ,日本産カミキリムシ,日本産カミキリムシ_compressed.pdf,52299895c14c1fd1c74279dca00f6fd9ba64d36d69e3bf3dd9c3a29a92802e77,efb17b5912fbb2c144dab4d99924dbc341e8f64054be7909dd7818cad155bef2,203,738-739,19250,ハギ類,マメ科,exact_derived_base_name,include,2026-07-11,原典画像（PDF p.203、冊子p.738-739）で「ハギ類」欄の「チャイロヒメカミキリ」を確認。寄主索引の学名表記と種解説欄の同種群を照合し、名義亜種の三名法表記、または他亜種の独立見出し・別索引記載により現行の名義亜種IDへ帰属可能。
kamikiri-derived-base-192-220-0165,species-21917,フトガタヒメカミキリ 基亜種,フトガタヒメカミキリ,日本産カミキリムシ,日本産カミキリムシ_compressed.pdf,52299895c14c1fd1c74279dca00f6fd9ba64d36d69e3bf3dd9c3a29a92802e77,efb17b5912fbb2c144dab4d99924dbc341e8f64054be7909dd7818cad155bef2,203,738-739,19250,ハギ類,マメ科,exact_derived_base_name,include,2026-07-11,原典画像（PDF p.203、冊子p.738-739）で「ハギ類」欄の「フトガタヒメカミキリ」を確認。寄主索引の学名表記と種解説欄の同種群を照合し、名義亜種の三名法表記、または他亜種の独立見出し・別索引記載により現行の名義亜種IDへ帰属可能。
kamikiri-derived-base-192-220-0167,species-21954,オガサワラトラカミキリ 基亜種,オガサワラトラカミキリ,日本産カミキリムシ,日本産カミキリムシ_compressed.pdf,52299895c14c1fd1c74279dca00f6fd9ba64d36d69e3bf3dd9c3a29a92802e77,efb17b5912fbb2c144dab4d99924dbc341e8f64054be7909dd7818cad155bef2,203,738-739,19250,ハギ類,マメ科,exact_derived_base_name,needs_review,2026-07-11,原典画像（PDF p.203、冊子p.738-739）で「ハギ類」欄の「オガサワラトラカミキリ」を確認したが、寄主索引・種解説とも種レベルの表記である。現行 insects.csv には同種群が3亜種として登録されており、名義亜種IDへ一意に帰属できないため保留。
kamikiri-derived-base-192-220-0168,species-21990,フタオビミドリトラカミキリ 基亜種,フタオビミドリトラカミキリ,日本産カミキリムシ,日本産カミキリムシ_compressed.pdf,52299895c14c1fd1c74279dca00f6fd9ba64d36d69e3bf3dd9c3a29a92802e77,efb17b5912fbb2c144dab4d99924dbc341e8f64054be7909dd7818cad155bef2,203,738-739,19250,ハギ類,マメ科,exact_derived_base_name,needs_review,2026-07-11,原典画像（PDF p.203、冊子p.738-739）で「ハギ類」欄の「フタオビミドリトラカミキリ」を確認したが、寄主索引・種解説とも種レベルの表記である。現行 insects.csv には同種群が7亜種として登録されており、名義亜種IDへ一意に帰属できないため保留。
kamikiri-derived-base-192-220-0169,species-22606,ゴマフサビカミキリ 基亜種,ゴマフサビカミキリ,日本産カミキリムシ,日本産カミキリムシ_compressed.pdf,52299895c14c1fd1c74279dca00f6fd9ba64d36d69e3bf3dd9c3a29a92802e77,efb17b5912fbb2c144dab4d99924dbc341e8f64054be7909dd7818cad155bef2,203,738-739,19250,ハギ類,マメ科,exact_derived_base_name,include,2026-07-11,原典画像（PDF p.203、冊子p.738-739）で「ハギ類」欄の「ゴマフサビカミキリ」を確認。寄主索引の学名表記と種解説欄の同種群を照合し、名義亜種の三名法表記、または他亜種の独立見出し・別索引記載により現行の名義亜種IDへ帰属可能。
kamikiri-host-index-192-220-0043,species-22915,アトモンマルケシカミキリ,アトモンマルケシカミキリ,日本産カミキリムシ,日本産カミキリムシ_compressed.pdf,52299895c14c1fd1c74279dca00f6fd9ba64d36d69e3bf3dd9c3a29a92802e77,efb17b5912fbb2c144dab4d99924dbc341e8f64054be7909dd7818cad155bef2,203,738-739,19250,ハギ類,マメ科,exact_japanese_name,include,2026-07-11,原典画像（PDF p.203、冊子p.738-739）で「ハギ類」欄の「アトモンマルケシカミキリ」を確認。
kamikiri-derived-base-192-220-0170,species-22856,ヤハズカミキリ 基亜種,ヤハズカミキリ,日本産カミキリムシ,日本産カミキリムシ_compressed.pdf,52299895c14c1fd1c74279dca00f6fd9ba64d36d69e3bf3dd9c3a29a92802e77,efb17b5912fbb2c144dab4d99924dbc341e8f64054be7909dd7818cad155bef2,203,738-739,19267,イヌエンジュ,マメ科,exact_derived_base_name,include,2026-07-11,原典画像（PDF p.203、冊子p.738-739）で「イヌエンジュ」欄の「ヤハズカミキリ」を確認。寄主索引の学名表記と種解説欄の同種群を照合し、名義亜種の三名法表記、または他亜種の独立見出し・別索引記載により現行の名義亜種IDへ帰属可能。
kamikiri-derived-base-192-220-0172,species-22569,シナノクロフカミキリ 基亜種,シナノクロフカミキリ,日本産カミキリムシ,日本産カミキリムシ_compressed.pdf,52299895c14c1fd1c74279dca00f6fd9ba64d36d69e3bf3dd9c3a29a92802e77,efb17b5912fbb2c144dab4d99924dbc341e8f64054be7909dd7818cad155bef2,203,738-739,19273,クロヨナ,マメ科,exact_derived_base_name,needs_review,2026-07-11,原典画像（PDF p.203、冊子p.738-739）で「クロヨナ」欄の「シナノクロフカミキリ」を確認したが、寄主索引・種解説とも種レベルの表記である。現行 insects.csv には同種群が4亜種として登録されており、名義亜種IDへ一意に帰属できないため保留。
kamikiri-derived-base-192-220-0171,species-22606,ゴマフサビカミキリ 基亜種,ゴマフサビカミキリ,日本産カミキリムシ,日本産カミキリムシ_compressed.pdf,52299895c14c1fd1c74279dca00f6fd9ba64d36d69e3bf3dd9c3a29a92802e77,efb17b5912fbb2c144dab4d99924dbc341e8f64054be7909dd7818cad155bef2,203,738-739,19273,クロヨナ,マメ科,exact_derived_base_name,include,2026-07-11,原典画像（PDF p.203、冊子p.738-739）で「クロヨナ」欄の「ゴマフサビカミキリ」を確認。寄主索引の学名表記と種解説欄の同種群を照合し、名義亜種の三名法表記、または他亜種の独立見出し・別索引記載により現行の名義亜種IDへ帰属可能。
kamikiri-derived-base-192-220-0173,species-22633,アトモンチビカミキリ 基亜種,アトモンチビカミキリ,日本産カミキリムシ,日本産カミキリムシ_compressed.pdf,52299895c14c1fd1c74279dca00f6fd9ba64d36d69e3bf3dd9c3a29a92802e77,efb17b5912fbb2c144dab4d99924dbc341e8f64054be7909dd7818cad155bef2,203,738-739,19273,クロヨナ,マメ科,exact_derived_base_name,include,2026-07-11,原典画像（PDF p.203、冊子p.738-739）で「クロヨナ」欄の「アトモンチビカミキリ」を確認。寄主索引の学名表記と種解説欄の同種群を照合し、名義亜種の三名法表記、または他亜種の独立見出し・別索引記載により現行の名義亜種IDへ帰属可能。 原典では Sybra oshimana と Sybra mimogeminata（現行の先島諸島亜種）を別種の独立見出しで記載しており、S. oshimana 側へ帰属できる。
kamikiri-derived-base-192-220-0174,species-22963,トガリシロオビサビカミキリ 基亜種,トガリシロオビサビカミキリ,日本産カミキリムシ,日本産カミキリムシ_compressed.pdf,52299895c14c1fd1c74279dca00f6fd9ba64d36d69e3bf3dd9c3a29a92802e77,efb17b5912fbb2c144dab4d99924dbc341e8f64054be7909dd7818cad155bef2,203,738-739,19273,クロヨナ,マメ科,exact_derived_base_name,include,2026-07-11,原典画像（PDF p.203、冊子p.738-739）で「クロヨナ」欄の「トガリシロオビサビカミキリ」を確認。寄主索引の学名表記と種解説欄の同種群を照合し、名義亜種の三名法表記、または他亜種の独立見出し・別索引記載により現行の名義亜種IDへ帰属可能。
kamikiri-derived-base-192-220-0175,1-1,ウスバカミキリ 基亜種,ウスバカミキリ,日本産カミキリムシ,日本産カミキリムシ_compressed.pdf,52299895c14c1fd1c74279dca00f6fd9ba64d36d69e3bf3dd9c3a29a92802e77,efb17b5912fbb2c144dab4d99924dbc341e8f64054be7909dd7818cad155bef2,203,738-739,19290,クロヨナ,マメ科,exact_derived_base_name,include,2026-07-11,原典画像（PDF p.203、冊子p.738-739）で「クロヨナ」欄の「ウスバカミキリ」を確認。寄主索引の学名表記と種解説欄の同種群を照合し、名義亜種の三名法表記、または他亜種の独立見出し・別索引記載により現行の名義亜種IDへ帰属可能。
kamikiri-derived-base-192-220-0177,species-21998,ヨツスジトラカミキリ 基亜種,ヨツスジトラカミキリ,日本産カミキリムシ,日本産カミキリムシ_compressed.pdf,52299895c14c1fd1c74279dca00f6fd9ba64d36d69e3bf3dd9c3a29a92802e77,efb17b5912fbb2c144dab4d99924dbc341e8f64054be7909dd7818cad155bef2,203,738-739,19290,クロヨナ,マメ科,exact_derived_base_name,needs_review,2026-07-11,原典画像（PDF p.203、冊子p.738-739）で「クロヨナ」欄の「ヨツスジトラカミキリ」を確認したが、寄主索引・種解説とも種レベルの表記である。現行 insects.csv には同種群が3亜種として登録されており、名義亜種IDへ一意に帰属できないため保留。
kamikiri-derived-base-192-220-0176,species-22169,トラフホソバネカミキリ 基亜種,トラフホソバネカミキリ,日本産カミキリムシ,日本産カミキリムシ_compressed.pdf,52299895c14c1fd1c74279dca00f6fd9ba64d36d69e3bf3dd9c3a29a92802e77,efb17b5912fbb2c144dab4d99924dbc341e8f64054be7909dd7818cad155bef2,203,738-739,19290,クロヨナ,マメ科,exact_derived_base_name,include,2026-07-11,原典画像（PDF p.203、冊子p.738-739）で「クロヨナ」欄の「トラフホソバネカミキリ」を確認。寄主索引の学名表記と種解説欄の同種群を照合し、名義亜種の三名法表記、または他亜種の独立見出し・別索引記載により現行の名義亜種IDへ帰属可能。
kamikiri-derived-base-192-220-0178,species-22786,ヒメヒゲナガカミキリ 基亜種,ヒメヒゲナガカミキリ,日本産カミキリムシ,日本産カミキリムシ_compressed.pdf,52299895c14c1fd1c74279dca00f6fd9ba64d36d69e3bf3dd9c3a29a92802e77,efb17b5912fbb2c144dab4d99924dbc341e8f64054be7909dd7818cad155bef2,203,738-739,19290,クロヨナ,マメ科,exact_derived_base_name,include,2026-07-11,原典画像（PDF p.203、冊子p.738-739）で「クロヨナ」欄の「ヒメヒゲナガカミキリ」を確認。寄主索引の学名表記と種解説欄の同種群を照合し、名義亜種の三名法表記、または他亜種の独立見出し・別索引記載により現行の名義亜種IDへ帰属可能。
kamikiri-host-index-192-220-0044,species-22915,アトモンマルケシカミキリ,アトモンマルケシカミキリ,日本産カミキリムシ,日本産カミキリムシ_compressed.pdf,52299895c14c1fd1c74279dca00f6fd9ba64d36d69e3bf3dd9c3a29a92802e77,efb17b5912fbb2c144dab4d99924dbc341e8f64054be7909dd7818cad155bef2,203,738-739,19290,クロヨナ,マメ科,exact_japanese_name,include,2026-07-11,原典画像（PDF p.203、冊子p.738-739）で「クロヨナ」欄の「アトモンマルケシカミキリ」を確認。
kamikiri-derived-base-192-220-0179,species-22022,ヒメクロトラカミキリ 基亜種,ヒメクロトラカミキリ,日本産カミキリムシ,日本産カミキリムシ_compressed.pdf,52299895c14c1fd1c74279dca00f6fd9ba64d36d69e3bf3dd9c3a29a92802e77,efb17b5912fbb2c144dab4d99924dbc341e8f64054be7909dd7818cad155bef2,203,738-739,19312,ヤマフジ,マメ科,exact_derived_base_name,include,2026-07-11,原典画像（PDF p.203、冊子p.738-739）で「ヤマフジ」欄の「ヒメクロトラカミキリ」を確認。寄主索引の学名表記と種解説欄の同種群を照合し、名義亜種の三名法表記、または他亜種の独立見出し・別索引記載により現行の名義亜種IDへ帰属可能。
kamikiri-derived-base-192-220-0180,species-22963,トガリシロオビサビカミキリ 基亜種,トガリシロオビサビカミキリ,日本産カミキリムシ,日本産カミキリムシ_compressed.pdf,52299895c14c1fd1c74279dca00f6fd9ba64d36d69e3bf3dd9c3a29a92802e77,efb17b5912fbb2c144dab4d99924dbc341e8f64054be7909dd7818cad155bef2,203,738-739,19312,ヤマフジ,マメ科,exact_derived_base_name,include,2026-07-11,原典画像（PDF p.203、冊子p.738-739）で「ヤマフジ」欄の「トガリシロオビサビカミキリ」を確認。寄主索引の学名表記と種解説欄の同種群を照合し、名義亜種の三名法表記、または他亜種の独立見出し・別索引記載により現行の名義亜種IDへ帰属可能。
kamikiri-derived-base-192-220-0181,species-22022,ヒメクロトラカミキリ 基亜種,ヒメクロトラカミキリ,日本産カミキリムシ,日本産カミキリムシ_compressed.pdf,52299895c14c1fd1c74279dca00f6fd9ba64d36d69e3bf3dd9c3a29a92802e77,efb17b5912fbb2c144dab4d99924dbc341e8f64054be7909dd7818cad155bef2,203,738-739,19320,フジ,マメ科,exact_derived_base_name,include,2026-07-11,原典画像（PDF p.203、冊子p.738-739）で「フジ」欄の「ヒメクロトラカミキリ」を確認。寄主索引の学名表記と種解説欄の同種群を照合し、名義亜種の三名法表記、または他亜種の独立見出し・別索引記載により現行の名義亜種IDへ帰属可能。
kamikiri-derived-base-192-220-0183,species-22569,シナノクロフカミキリ 基亜種,シナノクロフカミキリ,日本産カミキリムシ,日本産カミキリムシ_compressed.pdf,52299895c14c1fd1c74279dca00f6fd9ba64d36d69e3bf3dd9c3a29a92802e77,efb17b5912fbb2c144dab4d99924dbc341e8f64054be7909dd7818cad155bef2,203,738-739,19320,フジ,マメ科,exact_derived_base_name,needs_review,2026-07-11,原典画像（PDF p.203、冊子p.738-739）で「フジ」欄の「シナノクロフカミキリ」を確認したが、寄主索引・種解説とも種レベルの表記である。現行 insects.csv には同種群が4亜種として登録されており、名義亜種IDへ一意に帰属できないため保留。
kamikiri-derived-base-192-220-0182,species-22890,カタシロゴマフカミキリ 基亜種,カタシロゴマフカミキリ,日本産カミキリムシ,日本産カミキリムシ_compressed.pdf,52299895c14c1fd1c74279dca00f6fd9ba64d36d69e3bf3dd9c3a29a92802e77,efb17b5912fbb2c144dab4d99924dbc341e8f64054be7909dd7818cad155bef2,203,738-739,19320,フジ,マメ科,exact_derived_base_name,include,2026-07-11,原典画像（PDF p.203、冊子p.738-739）で「フジ」欄の「カタシロゴマフカミキリ」を確認。寄主索引の学名表記と種解説欄の同種群を照合し、名義亜種の三名法表記、または他亜種の独立見出し・別索引記載により現行の名義亜種IDへ帰属可能。
kamikiri-host-index-192-220-0045,species-22915,アトモンマルケシカミキリ,アトモンマルケシカミキリ,日本産カミキリムシ,日本産カミキリムシ_compressed.pdf,52299895c14c1fd1c74279dca00f6fd9ba64d36d69e3bf3dd9c3a29a92802e77,efb17b5912fbb2c144dab4d99924dbc341e8f64054be7909dd7818cad155bef2,204,740-741,19360,シナアブラギリ,トウダイグサ科,exact_japanese_name,include,2026-07-11,原典画像（PDF p.204、冊子p.740-741）で「シナアブラギリ」欄の「アトモンマルケシカミキリ」を確認。
kamikiri-host-index-192-220-0046,1-3,ウスバカミキリ 小笠原諸島亜種,オガサワラウスバカミキリ,日本産カミキリムシ,日本産カミキリムシ_compressed.pdf,52299895c14c1fd1c74279dca00f6fd9ba64d36d69e3bf3dd9c3a29a92802e77,efb17b5912fbb2c144dab4d99924dbc341e8f64054be7909dd7818cad155bef2,204,740-741,19369,アカギ,コミカンソウ科,reviewed_source_crosswalk,include,2026-07-11,原典画像（PDF p.204、冊子p.740-741）で「アカギ」欄の「オガサワラウスバカミキリ」を確認。
kamikiri-derived-base-192-220-0184,5-1,オガサワラコバネカミキリ 基亜種,オガサワラコバネカミキリ,日本産カミキリムシ,日本産カミキリムシ_compressed.pdf,52299895c14c1fd1c74279dca00f6fd9ba64d36d69e3bf3dd9c3a29a92802e77,efb17b5912fbb2c144dab4d99924dbc341e8f64054be7909dd7818cad155bef2,204,740-741,19369,アカギ,コミカンソウ科,exact_derived_base_name,include,2026-07-11,原典画像（PDF p.204、冊子p.740-741）で「アカギ」欄の「オガサワラコバネカミキリ」を確認。寄主索引の学名表記と種解説欄の同種群を照合し、名義亜種の三名法表記、または他亜種の独立見出し・別索引記載により現行の名義亜種IDへ帰属可能。 科名を「トウダイグサ科」から「コミカンソウ科」へ現行体系で正規化。
kamikiri-derived-base-192-220-0185,1-1,ウスバカミキリ 基亜種,ウスバカミキリ,日本産カミキリムシ,日本産カミキリムシ_compressed.pdf,52299895c14c1fd1c74279dca00f6fd9ba64d36d69e3bf3dd9c3a29a92802e77,efb17b5912fbb2c144dab4d99924dbc341e8f64054be7909dd7818cad155bef2,204,740-741,19382,アカメガシワ,トウダイグサ科,exact_derived_base_name,include,2026-07-11,原典画像（PDF p.204、冊子p.740-741）で「アカメガシワ」欄の「ウスバカミキリ」を確認。寄主索引の学名表記と種解説欄の同種群を照合し、名義亜種の三名法表記、または他亜種の独立見出し・別索引記載により現行の名義亜種IDへ帰属可能。
kamikiri-derived-base-192-220-0187,species-21904,リュウキュウヒメカミキリ 基亜種,リュウキュウヒメカミキリ,日本産カミキリムシ,日本産カミキリムシ_compressed.pdf,52299895c14c1fd1c74279dca00f6fd9ba64d36d69e3bf3dd9c3a29a92802e77,efb17b5912fbb2c144dab4d99924dbc341e8f64054be7909dd7818cad155bef2,204,740-741,19382,アカメガシワ,トウダイグサ科,exact_derived_base_name,include,2026-07-11,原典画像（PDF p.204、冊子p.740-741）で「アカメガシワ」欄の「リュウキュウヒメカミキリ」を確認。寄主索引の学名表記と種解説欄の同種群を照合し、名義亜種の三名法表記、または他亜種の独立見出し・別索引記載により現行の名義亜種IDへ帰属可能。
kamikiri-host-index-192-220-0047,species-21976,キスジトラカミキリ,キスジトラカミキリ,日本産カミキリムシ,日本産カミキリムシ_compressed.pdf,52299895c14c1fd1c74279dca00f6fd9ba64d36d69e3bf3dd9c3a29a92802e77,efb17b5912fbb2c144dab4d99924dbc341e8f64054be7909dd7818cad155bef2,204,740-741,19382,アカメガシワ,トウダイグサ科,exact_japanese_name,include,2026-07-11,原典画像（PDF p.204、冊子p.740-741）で「アカメガシワ」欄の「キスジトラカミキリ」を確認。
kamikiri-derived-base-192-220-0190,species-21990,フタオビミドリトラカミキリ 基亜種,フタオビミドリトラカミキリ,日本産カミキリムシ,日本産カミキリムシ_compressed.pdf,52299895c14c1fd1c74279dca00f6fd9ba64d36d69e3bf3dd9c3a29a92802e77,efb17b5912fbb2c144dab4d99924dbc341e8f64054be7909dd7818cad155bef2,204,740-741,19382,アカメガシワ,トウダイグサ科,exact_derived_base_name,needs_review,2026-07-11,原典画像（PDF p.204、冊子p.740-741）で「アカメガシワ」欄の「フタオビミドリトラカミキリ」を確認したが、寄主索引・種解説とも種レベルの表記である。現行 insects.csv には同種群が7亜種として登録されており、名義亜種IDへ一意に帰属できないため保留。
kamikiri-derived-base-192-220-0189,species-22047,ムネマダラトラカミキリ 基亜種,ムネマダラトラカミキリ,日本産カミキリムシ,日本産カミキリムシ_compressed.pdf,52299895c14c1fd1c74279dca00f6fd9ba64d36d69e3bf3dd9c3a29a92802e77,efb17b5912fbb2c144dab4d99924dbc341e8f64054be7909dd7818cad155bef2,204,740-741,19382,アカメガシワ,トウダイグサ科,exact_derived_base_name,include,2026-07-11,原典画像（PDF p.204、冊子p.740-741）で「アカメガシワ」欄の「ムネマダラトラカミキリ」を確認。寄主索引の学名表記と種解説欄の同種群を照合し、名義亜種の三名法表記、または他亜種の独立見出し・別索引記載により現行の名義亜種IDへ帰属可能。
kamikiri-derived-base-192-220-0188,species-22169,トラフホソバネカミキリ 基亜種,トラフホソバネカミキリ,日本産カミキリムシ,日本産カミキリムシ_compressed.pdf,52299895c14c1fd1c74279dca00f6fd9ba64d36d69e3bf3dd9c3a29a92802e77,efb17b5912fbb2c144dab4d99924dbc341e8f64054be7909dd7818cad155bef2,204,740-741,19382,アカメガシワ,トウダイグサ科,exact_derived_base_name,include,2026-07-11,原典画像（PDF p.204、冊子p.740-741）で「アカメガシワ」欄の「トラフホソバネカミキリ」を確認。寄主索引の学名表記と種解説欄の同種群を照合し、名義亜種の三名法表記、または他亜種の独立見出し・別索引記載により現行の名義亜種IDへ帰属可能。
kamikiri-derived-base-192-220-0186,species-22207,ケブトハナカミキリ 基亜種,ケブトハナカミキリ,日本産カミキリムシ,日本産カミキリムシ_compressed.pdf,52299895c14c1fd1c74279dca00f6fd9ba64d36d69e3bf3dd9c3a29a92802e77,efb17b5912fbb2c144dab4d99924dbc341e8f64054be7909dd7818cad155bef2,204,740-741,19382,アカメガシワ,トウダイグサ科,exact_derived_base_name,include,2026-07-11,原典画像（PDF p.204、冊子p.740-741）で「アカメガシワ」欄の「ケブトハナカミキリ」を確認。寄主索引の学名表記と種解説欄の同種群を照合し、名義亜種の三名法表記、または他亜種の独立見出し・別索引記載により現行の名義亜種IDへ帰属可能。
kamikiri-host-index-192-220-0051,species-22520,クロオビトゲムネカミキリ 八重山亜種,ヤエヤマクロオビトゲムネカミキリ,日本産カミキリムシ,日本産カミキリムシ_compressed.pdf,52299895c14c1fd1c74279dca00f6fd9ba64d36d69e3bf3dd9c3a29a92802e77,efb17b5912fbb2c144dab4d99924dbc341e8f64054be7909dd7818cad155bef2,204,740-741,19382,アカメガシワ,トウダイグサ科,exact_alternative_name,include,2026-07-11,原典画像（PDF p.204、冊子p.740-741）で「アカメガシワ」欄の「ヤエヤマクロオビトゲムネカミキリ」を確認。
kamikiri-derived-base-192-220-0192,species-22603,ウスフタモンサビカミキリ 基亜種,ウスフタモンサビカミキリ,日本産カミキリムシ,日本産カミキリムシ_compressed.pdf,52299895c14c1fd1c74279dca00f6fd9ba64d36d69e3bf3dd9c3a29a92802e77,efb17b5912fbb2c144dab4d99924dbc341e8f64054be7909dd7818cad155bef2,204,740-741,19382,アカメガシワ,トウダイグサ科,exact_derived_base_name,include,2026-07-11,原典画像（PDF p.204、冊子p.740-741）で「アカメガシワ」欄の「ウスフタモンサビカミキリ」を確認。寄主索引の学名表記と種解説欄の同種群を照合し、名義亜種の三名法表記、または他亜種の独立見出し・別索引記載により現行の名義亜種IDへ帰属可能。
kamikiri-host-index-192-220-0049,species-22625,アヤモンチビカミキリ 基亜種,アヤモンチビカミキリ,日本産カミキリムシ,日本産カミキリムシ_compressed.pdf,52299895c14c1fd1c74279dca00f6fd9ba64d36d69e3bf3dd9c3a29a92802e77,efb17b5912fbb2c144dab4d99924dbc341e8f64054be7909dd7818cad155bef2,204,740-741,19382,アカメガシワ,トウダイグサ科,reviewed_source_crosswalk,include,2026-07-11,原典画像（PDF p.204、冊子p.740-741）で「アカメガシワ」欄の「アヤモンチビカミキリ」を確認。
kamikiri-host-index-192-220-0050,species-22684,ドイカミキリ 熊毛奄美亜種,アマミドイカミキリ,日本産カミキリムシ,日本産カミキリムシ_compressed.pdf,52299895c14c1fd1c74279dca00f6fd9ba64d36d69e3bf3dd9c3a29a92802e77,efb17b5912fbb2c144dab4d99924dbc341e8f64054be7909dd7818cad155bef2,204,740-741,19382,アカメガシワ,トウダイグサ科,exact_alternative_name,include,2026-07-11,原典画像（PDF p.204、冊子p.740-741）で「アカメガシワ」欄の「アマミドイカミキリ」を確認。
kamikiri-derived-base-192-220-0196,species-22755,ニセビロウドカミキリ 基亜種,ニセビロウドカミキリ,日本産カミキリムシ,日本産カミキリムシ_compressed.pdf,52299895c14c1fd1c74279dca00f6fd9ba64d36d69e3bf3dd9c3a29a92802e77,efb17b5912fbb2c144dab4d99924dbc341e8f64054be7909dd7818cad155bef2,204,740-741,19382,アカメガシワ,トウダイグサ科,exact_derived_base_name,include,2026-07-11,原典画像（PDF p.204、冊子p.740-741）で「アカメガシワ」欄の「ニセビロウドカミキリ」を確認。寄主索引の学名表記と種解説欄の同種群を照合し、名義亜種の三名法表記、または他亜種の独立見出し・別索引記載により現行の名義亜種IDへ帰属可能。
kamikiri-derived-base-192-220-0195,species-22786,ヒメヒゲナガカミキリ 基亜種,ヒメヒゲナガカミキリ,日本産カミキリムシ,日本産カミキリムシ_compressed.pdf,52299895c14c1fd1c74279dca00f6fd9ba64d36d69e3bf3dd9c3a29a92802e77,efb17b5912fbb2c144dab4d99924dbc341e8f64054be7909dd7818cad155bef2,204,740-741,19382,アカメガシワ,トウダイグサ科,exact_derived_base_name,include,2026-07-11,原典画像（PDF p.204、冊子p.740-741）で「アカメガシワ」欄の「ヒメヒゲナガカミキリ」を確認。寄主索引の学名表記と種解説欄の同種群を照合し、名義亜種の三名法表記、または他亜種の独立見出し・別索引記載により現行の名義亜種IDへ帰属可能。
kamikiri-derived-base-192-220-0198,species-22843,セミスジコブヒゲカミキリ 基亜種,セミスジコブヒゲカミキリ,日本産カミキリムシ,日本産カミキリムシ_compressed.pdf,52299895c14c1fd1c74279dca00f6fd9ba64d36d69e3bf3dd9c3a29a92802e77,efb17b5912fbb2c144dab4d99924dbc341e8f64054be7909dd7818cad155bef2,204,740-741,19382,アカメガシワ,トウダイグサ科,exact_derived_base_name,include,2026-07-11,原典画像（PDF p.204、冊子p.740-741）で「アカメガシワ」欄の「セミスジコブヒゲカミキリ」を確認。寄主索引の学名表記と種解説欄の同種群を照合し、名義亜種の三名法表記、または他亜種の独立見出し・別索引記載により現行の名義亜種IDへ帰属可能。
kamikiri-derived-base-192-220-0197,species-22856,ヤハズカミキリ 基亜種,ヤハズカミキリ,日本産カミキリムシ,日本産カミキリムシ_compressed.pdf,52299895c14c1fd1c74279dca00f6fd9ba64d36d69e3bf3dd9c3a29a92802e77,efb17b5912fbb2c144dab4d99924dbc341e8f64054be7909dd7818cad155bef2,204,740-741,19382,アカメガシワ,トウダイグサ科,exact_derived_base_name,include,2026-07-11,原典画像（PDF p.204、冊子p.740-741）で「アカメガシワ」欄の「ヤハズカミキリ」を確認。寄主索引の学名表記と種解説欄の同種群を照合し、名義亜種の三名法表記、または他亜種の独立見出し・別索引記載により現行の名義亜種IDへ帰属可能。
kamikiri-host-index-192-220-0048,species-22877,コウノゴマフカミキリ 沖縄島亜種,オキナワコウノゴマフカミキリ,日本産カミキリムシ,日本産カミキリムシ_compressed.pdf,52299895c14c1fd1c74279dca00f6fd9ba64d36d69e3bf3dd9c3a29a92802e77,efb17b5912fbb2c144dab4d99924dbc341e8f64054be7909dd7818cad155bef2,204,740-741,19382,アカメガシワ,トウダイグサ科,exact_alternative_name,include,2026-07-11,原典画像（PDF p.204、冊子p.740-741）で「アカメガシワ」欄の「オキナワコウノゴマフカミキリ」を確認。
kamikiri-derived-base-192-220-0191,species-22893,オキナワゴマフカミキリ 基亜種,オキナワゴマフカミキリ,日本産カミキリムシ,日本産カミキリムシ_compressed.pdf,52299895c14c1fd1c74279dca00f6fd9ba64d36d69e3bf3dd9c3a29a92802e77,efb17b5912fbb2c144dab4d99924dbc341e8f64054be7909dd7818cad155bef2,204,740-741,19382,アカメガシワ,トウダイグサ科,exact_derived_base_name,include,2026-07-11,原典画像（PDF p.204、冊子p.740-741）で「アカメガシワ」欄の「オキナワゴマフカミキリ」を確認。寄主索引の学名表記と種解説欄の同種群を照合し、名義亜種の三名法表記、または他亜種の独立見出し・別索引記載により現行の名義亜種IDへ帰属可能。
kamikiri-derived-base-192-220-0193,species-22934,ニイジマチビカミキリ 基亜種,ニイジマチビカミキリ,日本産カミキリムシ,日本産カミキリムシ_compressed.pdf,52299895c14c1fd1c74279dca00f6fd9ba64d36d69e3bf3dd9c3a29a92802e77,efb17b5912fbb2c144dab4d99924dbc341e8f64054be7909dd7818cad155bef2,204,740-741,19382,アカメガシワ,トウダイグサ科,exact_derived_base_name,include,2026-07-11,原典画像（PDF p.204、冊子p.740-741）で「アカメガシワ」欄の「ニイジマチビカミキリ」を確認。寄主索引の学名表記と種解説欄の同種群を照合し、名義亜種の三名法表記、または他亜種の独立見出し・別索引記載により現行の名義亜種IDへ帰属可能。
kamikiri-derived-base-192-220-0194,species-22947,ナカジロサビカミキリ 基亜種,ナカジロサビカミキリ,日本産カミキリムシ,日本産カミキリムシ_compressed.pdf,52299895c14c1fd1c74279dca00f6fd9ba64d36d69e3bf3dd9c3a29a92802e77,efb17b5912fbb2c144dab4d99924dbc341e8f64054be7909dd7818cad155bef2,204,740-741,19382,アカメガシワ,トウダイグサ科,exact_derived_base_name,include,2026-07-11,原典画像（PDF p.204、冊子p.740-741）で「アカメガシワ」欄の「ナカジロサビカミキリ」を確認。寄主索引の学名表記と種解説欄の同種群を照合し、名義亜種の三名法表記、または他亜種の独立見出し・別索引記載により現行の名義亜種IDへ帰属可能。
kamikiri-derived-base-192-220-0200,species-23002,スジシロカミキリ 基亜種,スジシロカミキリ,日本産カミキリムシ,日本産カミキリムシ_compressed.pdf,52299895c14c1fd1c74279dca00f6fd9ba64d36d69e3bf3dd9c3a29a92802e77,efb17b5912fbb2c144dab4d99924dbc341e8f64054be7909dd7818cad155bef2,204,740-741,19382,アカメガシワ,トウダイグサ科,exact_derived_base_name,include,2026-07-11,原典画像（PDF p.204、冊子p.740-741）で「アカメガシワ」欄の「スジシロカミキリ」を確認。寄主索引の学名表記と種解説欄の同種群を照合し、名義亜種の三名法表記、または他亜種の独立見出し・別索引記載により現行の名義亜種IDへ帰属可能。
kamikiri-derived-base-192-220-0199,species-23007,シラホシカミキリ 基亜種,シラホシカミキリ,日本産カミキリムシ,日本産カミキリムシ_compressed.pdf,52299895c14c1fd1c74279dca00f6fd9ba64d36d69e3bf3dd9c3a29a92802e77,efb17b5912fbb2c144dab4d99924dbc341e8f64054be7909dd7818cad155bef2,204,740-741,19382,アカメガシワ,トウダイグサ科,exact_derived_base_name,include,2026-07-11,原典画像（PDF p.204、冊子p.740-741）で「アカメガシワ」欄の「シラホシカミキリ」を確認。寄主索引の学名表記と種解説欄の同種群を照合し、名義亜種の三名法表記、または他亜種の独立見出し・別索引記載により現行の名義亜種IDへ帰属可能。
kamikiri-derived-base-192-220-0201,7-1,コゲチャヒラタカミキリ 基亜種,コゲチャヒラタカミキリ,日本産カミキリムシ,日本産カミキリムシ_compressed.pdf,52299895c14c1fd1c74279dca00f6fd9ba64d36d69e3bf3dd9c3a29a92802e77,efb17b5912fbb2c144dab4d99924dbc341e8f64054be7909dd7818cad155bef2,205,742-743,19468,ユズリハ,ユズリハ科,exact_derived_base_name,needs_review,2026-07-11,原典画像（PDF p.205、冊子p.742-743）で「ユズリハ」欄の「コゲチャヒラタカミキリ」を確認したが、寄主索引・種解説とも種レベルの表記である。現行 insects.csv には同種群が3亜種として登録されており、名義亜種IDへ一意に帰属できないため保留。
kamikiri-derived-base-192-220-0202,species-22735,ビロウドカミキリ 基亜種,ビロウドカミキリ,日本産カミキリムシ,日本産カミキリムシ_compressed.pdf,52299895c14c1fd1c74279dca00f6fd9ba64d36d69e3bf3dd9c3a29a92802e77,efb17b5912fbb2c144dab4d99924dbc341e8f64054be7909dd7818cad155bef2,205,742-743,19468,ユズリハ,ユズリハ科,exact_derived_base_name,include,2026-07-11,原典画像（PDF p.205、冊子p.742-743）で「ユズリハ」欄の「ビロウドカミキリ」を確認。寄主索引の学名表記と種解説欄の同種群を照合し、名義亜種の三名法表記、または他亜種の独立見出し・別索引記載により現行の名義亜種IDへ帰属可能。
kamikiri-derived-base-192-220-0203,species-22633,アトモンチビカミキリ 基亜種,アトモンチビカミキリ,日本産カミキリムシ,日本産カミキリムシ_compressed.pdf,52299895c14c1fd1c74279dca00f6fd9ba64d36d69e3bf3dd9c3a29a92802e77,efb17b5912fbb2c144dab4d99924dbc341e8f64054be7909dd7818cad155bef2,205,742-743,19472,ヒメユズリハ,ユズリハ科,exact_derived_base_name,include,2026-07-11,原典画像（PDF p.205、冊子p.742-743）で「ヒメユズリハ」欄の「アトモンチビカミキリ」を確認。寄主索引の学名表記と種解説欄の同種群を照合し、名義亜種の三名法表記、または他亜種の独立見出し・別索引記載により現行の名義亜種IDへ帰属可能。 原典では Sybra oshimana と Sybra mimogeminata（現行の先島諸島亜種）を別種の独立見出しで記載しており、S. oshimana 側へ帰属できる。
kamikiri-derived-base-192-220-0204,species-22735,ビロウドカミキリ 基亜種,ビロウドカミキリ,日本産カミキリムシ,日本産カミキリムシ_compressed.pdf,52299895c14c1fd1c74279dca00f6fd9ba64d36d69e3bf3dd9c3a29a92802e77,efb17b5912fbb2c144dab4d99924dbc341e8f64054be7909dd7818cad155bef2,205,742-743,19478,ユズリハ類,ユズリハ科,exact_derived_base_name,include,2026-07-11,原典画像（PDF p.205、冊子p.742-743）で「ユズリハ類」欄の「ビロウドカミキリ」を確認。寄主索引の学名表記と種解説欄の同種群を照合し、名義亜種の三名法表記、または他亜種の独立見出し・別索引記載により現行の名義亜種IDへ帰属可能。
kamikiri-derived-base-192-220-0205,species-21998,ヨツスジトラカミキリ 基亜種,ヨツスジトラカミキリ,日本産カミキリムシ,日本産カミキリムシ_compressed.pdf,52299895c14c1fd1c74279dca00f6fd9ba64d36d69e3bf3dd9c3a29a92802e77,efb17b5912fbb2c144dab4d99924dbc341e8f64054be7909dd7818cad155bef2,205,742-743,19483,イヨカン,ミカン科,exact_derived_base_name,needs_review,2026-07-11,原典画像（PDF p.205、冊子p.742-743）で「イヨカン」欄の「ヨツスジトラカミキリ」を確認したが、寄主索引・種解説とも種レベルの表記である。現行 insects.csv には同種群が3亜種として登録されており、名義亜種IDへ一意に帰属できないため保留。
kamikiri-derived-base-192-220-0206,species-21904,リュウキュウヒメカミキリ 基亜種,リュウキュウヒメカミキリ,日本産カミキリムシ,日本産カミキリムシ_compressed.pdf,52299895c14c1fd1c74279dca00f6fd9ba64d36d69e3bf3dd9c3a29a92802e77,efb17b5912fbb2c144dab4d99924dbc341e8f64054be7909dd7818cad155bef2,205,742-743,19486,ユズ,ミカン科,exact_derived_base_name,include,2026-07-11,原典画像（PDF p.205、冊子p.742-743）で「ユズ」欄の「リュウキュウヒメカミキリ」を確認。寄主索引の学名表記と種解説欄の同種群を照合し、名義亜種の三名法表記、または他亜種の独立見出し・別索引記載により現行の名義亜種IDへ帰属可能。
kamikiri-derived-base-192-220-0207,species-21998,ヨツスジトラカミキリ 基亜種,ヨツスジトラカミキリ,日本産カミキリムシ,日本産カミキリムシ_compressed.pdf,52299895c14c1fd1c74279dca00f6fd9ba64d36d69e3bf3dd9c3a29a92802e77,efb17b5912fbb2c144dab4d99924dbc341e8f64054be7909dd7818cad155bef2,205,742-743,19497,ウンシュウミカン,ミカン科,exact_derived_base_name,needs_review,2026-07-11,原典画像（PDF p.205、冊子p.742-743）で「ウンシュウミカン」欄の「ヨツスジトラカミキリ」を確認したが、寄主索引・種解説とも種レベルの表記である。現行 insects.csv には同種群が3亜種として登録されており、名義亜種IDへ一意に帰属できないため保留。
kamikiri-derived-base-192-220-0208,species-21904,リュウキュウヒメカミキリ 基亜種,リュウキュウヒメカミキリ,日本産カミキリムシ,日本産カミキリムシ_compressed.pdf,52299895c14c1fd1c74279dca00f6fd9ba64d36d69e3bf3dd9c3a29a92802e77,efb17b5912fbb2c144dab4d99924dbc341e8f64054be7909dd7818cad155bef2,205,742-743,19501,ミカン類,ミカン科,exact_derived_base_name,include,2026-07-11,原典画像（PDF p.205、冊子p.742-743）で「ミカン類」欄の「リュウキュウヒメカミキリ」を確認。寄主索引の学名表記と種解説欄の同種群を照合し、名義亜種の三名法表記、または他亜種の独立見出し・別索引記載により現行の名義亜種IDへ帰属可能。
kamikiri-derived-base-192-220-0213,species-22766,オオシマゴマダラカミキリ 基亜種,オオシマゴマダラカミキリ,日本産カミキリムシ,日本産カミキリムシ_compressed.pdf,52299895c14c1fd1c74279dca00f6fd9ba64d36d69e3bf3dd9c3a29a92802e77,efb17b5912fbb2c144dab4d99924dbc341e8f64054be7909dd7818cad155bef2,205,742-743,19501,ミカン類,ミカン科,exact_derived_base_name,include,2026-07-11,原典画像（PDF p.205、冊子p.742-743）で「ミカン類」欄の「オオシマゴマダラカミキリ」を確認。寄主索引の学名表記と種解説欄の同種群を照合し、名義亜種の三名法表記、または他亜種の独立見出し・別索引記載により現行の名義亜種IDへ帰属可能。
kamikiri-derived-base-192-220-0212,species-22786,ヒメヒゲナガカミキリ 基亜種,ヒメヒゲナガカミキリ,日本産カミキリムシ,日本産カミキリムシ_compressed.pdf,52299895c14c1fd1c74279dca00f6fd9ba64d36d69e3bf3dd9c3a29a92802e77,efb17b5912fbb2c144dab4d99924dbc341e8f64054be7909dd7818cad155bef2,205,742-743,19501,ミカン類,ミカン科,exact_derived_base_name,include,2026-07-11,原典画像（PDF p.205、冊子p.742-743）で「ミカン類」欄の「ヒメヒゲナガカミキリ」を確認。寄主索引の学名表記と種解説欄の同種群を照合し、名義亜種の三名法表記、または他亜種の独立見出し・別索引記載により現行の名義亜種IDへ帰属可能。
kamikiri-derived-base-192-220-0214,species-22832,キボシカミキリ 基亜種,キボシカミキリ,日本産カミキリムシ,日本産カミキリムシ_compressed.pdf,52299895c14c1fd1c74279dca00f6fd9ba64d36d69e3bf3dd9c3a29a92802e77,efb17b5912fbb2c144dab4d99924dbc341e8f64054be7909dd7818cad155bef2,205,742-743,19501,ミカン類,ミカン科,exact_derived_base_name,include,2026-07-11,原典画像（PDF p.205、冊子p.742-743）で「ミカン類」欄の「キボシカミキリ」を確認。寄主索引の学名表記と種解説欄の同種群を照合し、名義亜種の三名法表記、または他亜種の独立見出し・別索引記載により現行の名義亜種IDへ帰属可能。
kamikiri-host-index-192-220-0052,species-22877,コウノゴマフカミキリ 沖縄島亜種,オキナワコウノゴマフカミキリ,日本産カミキリムシ,日本産カミキリムシ_compressed.pdf,52299895c14c1fd1c74279dca00f6fd9ba64d36d69e3bf3dd9c3a29a92802e77,efb17b5912fbb2c144dab4d99924dbc341e8f64054be7909dd7818cad155bef2,205,742-743,19501,ミカン類,ミカン科,exact_alternative_name,include,2026-07-11,原典画像（PDF p.205、冊子p.742-743）で「ミカン類」欄の「オキナワコウノゴマフカミキリ」を確認。
kamikiri-derived-base-192-220-0210,species-22893,オキナワゴマフカミキリ 基亜種,オキナワゴマフカミキリ,日本産カミキリムシ,日本産カミキリムシ_compressed.pdf,52299895c14c1fd1c74279dca00f6fd9ba64d36d69e3bf3dd9c3a29a92802e77,efb17b5912fbb2c144dab4d99924dbc341e8f64054be7909dd7818cad155bef2,205,742-743,19501,ミカン類,ミカン科,exact_derived_base_name,include,2026-07-11,原典画像（PDF p.205、冊子p.742-743）で「ミカン類」欄の「オキナワゴマフカミキリ」を確認。寄主索引の学名表記と種解説欄の同種群を照合し、名義亜種の三名法表記、または他亜種の独立見出し・別索引記載により現行の名義亜種IDへ帰属可能。
kamikiri-derived-base-192-220-0209,species-22905,ベニモンゴマフカミキリ 基亜種,ベニモンゴマフカミキリ,日本産カミキリムシ,日本産カミキリムシ_compressed.pdf,52299895c14c1fd1c74279dca00f6fd9ba64d36d69e3bf3dd9c3a29a92802e77,efb17b5912fbb2c144dab4d99924dbc341e8f64054be7909dd7818cad155bef2,205,742-743,19501,ミカン類,ミカン科,exact_derived_base_name,needs_review,2026-07-11,原典画像（PDF p.205、冊子p.742-743）で「ミカン類」欄の「ベニモンゴマフカミキリ」を確認したが、寄主索引・種解説とも種レベルの表記である。現行 insects.csv には同種群が2亜種として登録されており、名義亜種IDへ一意に帰属できないため保留。
kamikiri-host-index-192-220-0053,species-22915,アトモンマルケシカミキリ,アトモンマルケシカミキリ,日本産カミキリムシ,日本産カミキリムシ_compressed.pdf,52299895c14c1fd1c74279dca00f6fd9ba64d36d69e3bf3dd9c3a29a92802e77,efb17b5912fbb2c144dab4d99924dbc341e8f64054be7909dd7818cad155bef2,205,742-743,19501,ミカン類,ミカン科,exact_japanese_name,include,2026-07-11,原典画像（PDF p.205、冊子p.742-743）で「ミカン類」欄の「アトモンマルケシカミキリ」を確認。
kamikiri-derived-base-192-220-0211,species-22963,トガリシロオビサビカミキリ 基亜種,トガリシロオビサビカミキリ,日本産カミキリムシ,日本産カミキリムシ_compressed.pdf,52299895c14c1fd1c74279dca00f6fd9ba64d36d69e3bf3dd9c3a29a92802e77,efb17b5912fbb2c144dab4d99924dbc341e8f64054be7909dd7818cad155bef2,205,742-743,19501,ミカン類,ミカン科,exact_derived_base_name,include,2026-07-11,原典画像（PDF p.205、冊子p.742-743）で「ミカン類」欄の「トガリシロオビサビカミキリ」を確認。寄主索引の学名表記と種解説欄の同種群を照合し、名義亜種の三名法表記、または他亜種の独立見出し・別索引記載により現行の名義亜種IDへ帰属可能。
kamikiri-host-index-192-220-0054,species-22877,コウノゴマフカミキリ 沖縄島亜種,オキナワコウノゴマフカミキリ,日本産カミキリムシ,日本産カミキリムシ_compressed.pdf,52299895c14c1fd1c74279dca00f6fd9ba64d36d69e3bf3dd9c3a29a92802e77,efb17b5912fbb2c144dab4d99924dbc341e8f64054be7909dd7818cad155bef2,205,742-743,19528,ハマセンダン,ミカン科,exact_alternative_name,include,2026-07-11,原典画像（PDF p.205、冊子p.742-743）で「ハマセンダン」欄の「オキナワコウノゴマフカミキリ」を確認。
kamikiri-host-index-192-220-0055,species-22945,コブバネサビカミキリ 沖縄亜種,オキナワコブバネサビカミキリ,日本産カミキリムシ,日本産カミキリムシ_compressed.pdf,52299895c14c1fd1c74279dca00f6fd9ba64d36d69e3bf3dd9c3a29a92802e77,efb17b5912fbb2c144dab4d99924dbc341e8f64054be7909dd7818cad155bef2,205,742-743,19528,ハマセンダン,ミカン科,exact_alternative_name,include,2026-07-11,原典画像（PDF p.205、冊子p.742-743）で「ハマセンダン」欄の「オキナワコブバネサビカミキリ」を確認。
kamikiri-host-index-192-220-0056,species-22915,アトモンマルケシカミキリ,アトモンマルケシカミキリ,日本産カミキリムシ,日本産カミキリムシ_compressed.pdf,52299895c14c1fd1c74279dca00f6fd9ba64d36d69e3bf3dd9c3a29a92802e77,efb17b5912fbb2c144dab4d99924dbc341e8f64054be7909dd7818cad155bef2,205,742-743,19538,キハダ,ミカン科,exact_japanese_name,include,2026-07-11,原典画像（PDF p.205、冊子p.742-743）で「キハダ」欄の「アトモンマルケシカミキリ」を確認。
kamikiri-derived-base-192-220-0215,species-22963,トガリシロオビサビカミキリ 基亜種,トガリシロオビサビカミキリ,日本産カミキリムシ,日本産カミキリムシ_compressed.pdf,52299895c14c1fd1c74279dca00f6fd9ba64d36d69e3bf3dd9c3a29a92802e77,efb17b5912fbb2c144dab4d99924dbc341e8f64054be7909dd7818cad155bef2,205,742-743,19538,キハダ,ミカン科,exact_derived_base_name,include,2026-07-11,原典画像（PDF p.205、冊子p.742-743）で「キハダ」欄の「トガリシロオビサビカミキリ」を確認。寄主索引の学名表記と種解説欄の同種群を照合し、名義亜種の三名法表記、または他亜種の独立見出し・別索引記載により現行の名義亜種IDへ帰属可能。
kamikiri-derived-base-192-220-0216,species-22890,カタシロゴマフカミキリ 基亜種,カタシロゴマフカミキリ,日本産カミキリムシ,日本産カミキリムシ_compressed.pdf,52299895c14c1fd1c74279dca00f6fd9ba64d36d69e3bf3dd9c3a29a92802e77,efb17b5912fbb2c144dab4d99924dbc341e8f64054be7909dd7818cad155bef2,205,742-743,19542,ヒロハノキハダ,ミカン科,exact_derived_base_name,include,2026-07-11,原典画像（PDF p.205、冊子p.742-743）で「ヒロハノキハダ」欄の「カタシロゴマフカミキリ」を確認。寄主索引の学名表記と種解説欄の同種群を照合し、名義亜種の三名法表記、または他亜種の独立見出し・別索引記載により現行の名義亜種IDへ帰属可能。
kamikiri-derived-base-192-220-0217,species-22671,クモノスモンサビカミキリ 基亜種,クモノスモンサビカミキリ,日本産カミキリムシ,日本産カミキリムシ_compressed.pdf,52299895c14c1fd1c74279dca00f6fd9ba64d36d69e3bf3dd9c3a29a92802e77,efb17b5912fbb2c144dab4d99924dbc341e8f64054be7909dd7818cad155bef2,206,744-745,19592,サンショウ,ミカン科,exact_derived_base_name,include,2026-07-11,原典画像（PDF p.206、冊子p.744-745）で「サンショウ」欄の「クモノスモンサビカミキリ」を確認。寄主索引の学名表記と種解説欄の同種群を照合し、名義亜種の三名法表記、または他亜種の独立見出し・別索引記載により現行の名義亜種IDへ帰属可能。
kamikiri-derived-base-192-220-0218,species-22735,ビロウドカミキリ 基亜種,ビロウドカミキリ,日本産カミキリムシ,日本産カミキリムシ_compressed.pdf,52299895c14c1fd1c74279dca00f6fd9ba64d36d69e3bf3dd9c3a29a92802e77,efb17b5912fbb2c144dab4d99924dbc341e8f64054be7909dd7818cad155bef2,206,744-745,19598,ニガキ,ニガキ科,exact_derived_base_name,include,2026-07-11,原典画像（PDF p.206、冊子p.744-745）で「ニガキ」欄の「ビロウドカミキリ」を確認。寄主索引の学名表記と種解説欄の同種群を照合し、名義亜種の三名法表記、または他亜種の独立見出し・別索引記載により現行の名義亜種IDへ帰属可能。
kamikiri-derived-base-192-220-0219,species-22569,シナノクロフカミキリ 基亜種,シナノクロフカミキリ,日本産カミキリムシ,日本産カミキリムシ_compressed.pdf,52299895c14c1fd1c74279dca00f6fd9ba64d36d69e3bf3dd9c3a29a92802e77,efb17b5912fbb2c144dab4d99924dbc341e8f64054be7909dd7818cad155bef2,206,744-745,19627,ツタウルシ,ウルシ科,exact_derived_base_name,needs_review,2026-07-11,原典画像（PDF p.206、冊子p.744-745）で「ツタウルシ」欄の「シナノクロフカミキリ」を確認したが、寄主索引・種解説とも種レベルの表記である。現行 insects.csv には同種群が4亜種として登録されており、名義亜種IDへ一意に帰属できないため保留。
kamikiri-derived-base-192-220-0220,species-22843,セミスジコブヒゲカミキリ 基亜種,セミスジコブヒゲカミキリ,日本産カミキリムシ,日本産カミキリムシ_compressed.pdf,52299895c14c1fd1c74279dca00f6fd9ba64d36d69e3bf3dd9c3a29a92802e77,efb17b5912fbb2c144dab4d99924dbc341e8f64054be7909dd7818cad155bef2,206,744-745,19627,ツタウルシ,ウルシ科,exact_derived_base_name,include,2026-07-11,原典画像（PDF p.206、冊子p.744-745）で「ツタウルシ」欄の「セミスジコブヒゲカミキリ」を確認。寄主索引の学名表記と種解説欄の同種群を照合し、名義亜種の三名法表記、または他亜種の独立見出し・別索引記載により現行の名義亜種IDへ帰属可能。
kamikiri-host-index-192-220-0057,species-21976,キスジトラカミキリ,キスジトラカミキリ,日本産カミキリムシ,日本産カミキリムシ_compressed.pdf,52299895c14c1fd1c74279dca00f6fd9ba64d36d69e3bf3dd9c3a29a92802e77,efb17b5912fbb2c144dab4d99924dbc341e8f64054be7909dd7818cad155bef2,206,744-745,19631,ヌルデ,ウルシ科,exact_japanese_name,include,2026-07-11,原典画像（PDF p.206、冊子p.744-745）で「ヌルデ」欄の「キスジトラカミキリ」を確認。
kamikiri-derived-base-192-220-0221,species-22786,ヒメヒゲナガカミキリ 基亜種,ヒメヒゲナガカミキリ,日本産カミキリムシ,日本産カミキリムシ_compressed.pdf,52299895c14c1fd1c74279dca00f6fd9ba64d36d69e3bf3dd9c3a29a92802e77,efb17b5912fbb2c144dab4d99924dbc341e8f64054be7909dd7818cad155bef2,206,744-745,19631,ヌルデ,ウルシ科,exact_derived_base_name,include,2026-07-11,原典画像（PDF p.206、冊子p.744-745）で「ヌルデ」欄の「ヒメヒゲナガカミキリ」を確認。寄主索引の学名表記と種解説欄の同種群を照合し、名義亜種の三名法表記、または他亜種の独立見出し・別索引記載により現行の名義亜種IDへ帰属可能。
kamikiri-derived-base-192-220-0222,species-22988,ハンノアオカミキリ 基亜種,ハンノアオカミキリ,日本産カミキリムシ,日本産カミキリムシ_compressed.pdf,52299895c14c1fd1c74279dca00f6fd9ba64d36d69e3bf3dd9c3a29a92802e77,efb17b5912fbb2c144dab4d99924dbc341e8f64054be7909dd7818cad155bef2,206,744-745,19631,ヌルデ,ウルシ科,exact_derived_base_name,include,2026-07-11,原典画像（PDF p.206、冊子p.744-745）で「ヌルデ」欄の「ハンノアオカミキリ」を確認。寄主索引の学名表記と種解説欄の同種群を照合し、名義亜種の三名法表記、または他亜種の独立見出し・別索引記載により現行の名義亜種IDへ帰属可能。
kamikiri-derived-base-192-220-0223,species-23007,シラホシカミキリ 基亜種,シラホシカミキリ,日本産カミキリムシ,日本産カミキリムシ_compressed.pdf,52299895c14c1fd1c74279dca00f6fd9ba64d36d69e3bf3dd9c3a29a92802e77,efb17b5912fbb2c144dab4d99924dbc341e8f64054be7909dd7818cad155bef2,206,744-745,19631,ヌルデ,ウルシ科,exact_derived_base_name,include,2026-07-11,原典画像（PDF p.206、冊子p.744-745）で「ヌルデ」欄の「シラホシカミキリ」を確認。寄主索引の学名表記と種解説欄の同種群を照合し、名義亜種の三名法表記、または他亜種の独立見出し・別索引記載により現行の名義亜種IDへ帰属可能。
kamikiri-derived-base-192-220-0224,species-22603,ウスフタモンサビカミキリ 基亜種,ウスフタモンサビカミキリ,日本産カミキリムシ,日本産カミキリムシ_compressed.pdf,52299895c14c1fd1c74279dca00f6fd9ba64d36d69e3bf3dd9c3a29a92802e77,efb17b5912fbb2c144dab4d99924dbc341e8f64054be7909dd7818cad155bef2,206,744-745,19649,ハゼノキ,ウルシ科,exact_derived_base_name,exclude_ocr_or_boundary,2026-07-11,原典画像（PDF p.206、冊子p.744-745）で「ハゼノキ」欄を確認。完全な和名・学名は「ウスフタモンサビカミキリ Ropica japonica amamiana」で、現行ID species-22604に対応する。短い基礎和名の接尾辞部分一致/OCR境界により生じた候補であり、ウスフタモンサビカミキリ 基亜種には帰属しない。
kamikiri-derived-base-192-220-0225,species-22735,ビロウドカミキリ 基亜種,アマミビロウドカミキリ,日本産カミキリムシ,日本産カミキリムシ_compressed.pdf,52299895c14c1fd1c74279dca00f6fd9ba64d36d69e3bf3dd9c3a29a92802e77,efb17b5912fbb2c144dab4d99924dbc341e8f64054be7909dd7818cad155bef2,206,744-745,19649,ハゼノキ,ウルシ科,exact_derived_base_name,exclude_ocr_or_boundary,2026-07-11,原典画像（PDF p.206、冊子p.744-745）で「ハゼノキ」欄を確認。完全な和名・学名は「アマミビロウドカミキリ Acalolepta amamiana amamiana」で、候補IDとは別分類群に対応する。短い基礎和名の接尾辞部分一致/OCR境界により生じた候補であり、ビロウドカミキリ 基亜種には帰属しない。
kamikiri-derived-base-192-220-0226,species-22998,アマミモンキカミキリ 基亜種,アマミモンキカミキリ,日本産カミキリムシ,日本産カミキリムシ_compressed.pdf,52299895c14c1fd1c74279dca00f6fd9ba64d36d69e3bf3dd9c3a29a92802e77,efb17b5912fbb2c144dab4d99924dbc341e8f64054be7909dd7818cad155bef2,206,744-745,19649,ハゼノキ,ウルシ科,exact_derived_base_name,include,2026-07-11,原典画像（PDF p.206、冊子p.744-745）で「ハゼノキ」欄の「アマミモンキカミキリ」を確認。寄主索引の学名表記と種解説欄の同種群を照合し、名義亜種の三名法表記、または他亜種の独立見出し・別索引記載により現行の名義亜種IDへ帰属可能。
kamikiri-derived-base-192-220-0227,species-23002,スジシロカミキリ 基亜種,スジシロカミキリ,日本産カミキリムシ,日本産カミキリムシ_compressed.pdf,52299895c14c1fd1c74279dca00f6fd9ba64d36d69e3bf3dd9c3a29a92802e77,efb17b5912fbb2c144dab4d99924dbc341e8f64054be7909dd7818cad155bef2,206,744-745,19649,ハゼノキ,ウルシ科,exact_derived_base_name,include,2026-07-11,原典画像（PDF p.206、冊子p.744-745）で「ハゼノキ」欄の「スジシロカミキリ」を確認。寄主索引の学名表記と種解説欄の同種群を照合し、名義亜種の三名法表記、または他亜種の独立見出し・別索引記載により現行の名義亜種IDへ帰属可能。
kamikiri-host-index-192-220-0058,species-22915,アトモンマルケシカミキリ,アトモンマルケシカミキリ,日本産カミキリムシ,日本産カミキリムシ_compressed.pdf,52299895c14c1fd1c74279dca00f6fd9ba64d36d69e3bf3dd9c3a29a92802e77,efb17b5912fbb2c144dab4d99924dbc341e8f64054be7909dd7818cad155bef2,206,744-745,19659,ヤマハゼ,ウルシ科,exact_japanese_name,include,2026-07-11,原典画像（PDF p.206、冊子p.744-745）で「ヤマハゼ」欄の「アトモンマルケシカミキリ」を確認。
kamikiri-derived-base-192-220-0228,species-22947,ナカジロサビカミキリ 基亜種,ナカジロサビカミキリ,日本産カミキリムシ,日本産カミキリムシ_compressed.pdf,52299895c14c1fd1c74279dca00f6fd9ba64d36d69e3bf3dd9c3a29a92802e77,efb17b5912fbb2c144dab4d99924dbc341e8f64054be7909dd7818cad155bef2,206,744-745,19659,ヤマハゼ,ウルシ科,exact_derived_base_name,include,2026-07-11,原典画像（PDF p.206、冊子p.744-745）で「ヤマハゼ」欄の「ナカジロサビカミキリ」を確認。寄主索引の学名表記と種解説欄の同種群を照合し、名義亜種の三名法表記、または他亜種の独立見出し・別索引記載により現行の名義亜種IDへ帰属可能。
kamikiri-host-index-192-220-0059,species-22642,シロオビチビカミキリ 基亜種,シロオビチビカミキリ,日本産カミキリムシ,日本産カミキリムシ_compressed.pdf,52299895c14c1fd1c74279dca00f6fd9ba64d36d69e3bf3dd9c3a29a92802e77,efb17b5912fbb2c144dab4d99924dbc341e8f64054be7909dd7818cad155bef2,206,744-745,19666,ヤマウルシ,ウルシ科,reviewed_source_crosswalk,include,2026-07-11,原典画像（PDF p.206、冊子p.744-745）で「ヤマウルシ」欄の「シロオビチビカミキリ」を確認。
kamikiri-host-index-192-220-0060,species-22625,アヤモンチビカミキリ 基亜種,アヤモンチビカミキリ,日本産カミキリムシ,日本産カミキリムシ_compressed.pdf,52299895c14c1fd1c74279dca00f6fd9ba64d36d69e3bf3dd9c3a29a92802e77,efb17b5912fbb2c144dab4d99924dbc341e8f64054be7909dd7818cad155bef2,207,746-747,19684,ウルシ類,ウルシ科,reviewed_source_crosswalk,include,2026-07-11,原典画像（PDF p.207、冊子p.746-747）で「ウルシ類」欄の「アヤモンチビカミキリ」を確認。
kamikiri-host-index-192-220-0062,species-22173,ムモンベニカミキリ,ムモンベニカミキリ,日本産カミキリムシ,日本産カミキリムシ_compressed.pdf,52299895c14c1fd1c74279dca00f6fd9ba64d36d69e3bf3dd9c3a29a92802e77,efb17b5912fbb2c144dab4d99924dbc341e8f64054be7909dd7818cad155bef2,207,746-747,19710,カジカエデ,ムクロジ科,exact_japanese_name,exclude_ocr_or_boundary,2026-07-11,原典画像（PDF p.207、冊子p.746-747）で「カジカエデ」欄の「ムモンベニカミキリ」を確認。OCR境界誤認の植物名「ミツデカエデ」を原典見出しどおり訂正。訂正後の寄主ペアは既存CSVに収録済みのため重複追加しない。
kamikiri-host-index-192-220-0061,species-22459,ヒラヤマコブハナカミキリ,ヒラヤマコブハナカミキリ,日本産カミキリムシ,日本産カミキリムシ_compressed.pdf,52299895c14c1fd1c74279dca00f6fd9ba64d36d69e3bf3dd9c3a29a92802e77,efb17b5912fbb2c144dab4d99924dbc341e8f64054be7909dd7818cad155bef2,207,746-747,19710,カジカエデ,ムクロジ科,exact_japanese_name,exclude_ocr_or_boundary,2026-07-11,原典画像（PDF p.207、冊子p.746-747）で「カジカエデ」欄の「ヒラヤマコブハナカミキリ」を確認。OCR境界誤認の植物名「ミツデカエデ」を原典見出しどおり訂正。訂正後の寄主ペアは既存CSVに収録済みのため重複追加しない。
kamikiri-derived-base-192-220-0229,4-1,コバネカミキリ 基亜種,コバネカミキリ,日本産カミキリムシ,日本産カミキリムシ_compressed.pdf,52299895c14c1fd1c74279dca00f6fd9ba64d36d69e3bf3dd9c3a29a92802e77,efb17b5912fbb2c144dab4d99924dbc341e8f64054be7909dd7818cad155bef2,207,746-747,19717,イタヤカエデ,ムクロジ科,exact_derived_base_name,include,2026-07-11,原典画像（PDF p.207、冊子p.746-747）で「イタヤカエデ」欄の「コバネカミキリ」を確認。寄主索引の学名表記と種解説欄の同種群を照合し、名義亜種の三名法表記、または他亜種の独立見出し・別索引記載により現行の名義亜種IDへ帰属可能。 段組み境界（前見出し「コミネカエデ」から次見出し「イタヤカエデ」）を画像で補正。
kamikiri-host-index-192-220-0074,species-21868,シロトラカミキリ,シロトラカミキリ,日本産カミキリムシ,日本産カミキリムシ_compressed.pdf,52299895c14c1fd1c74279dca00f6fd9ba64d36d69e3bf3dd9c3a29a92802e77,efb17b5912fbb2c144dab4d99924dbc341e8f64054be7909dd7818cad155bef2,207,746-747,19717,イタヤカエデ,ムクロジ科,exact_japanese_name,exclude_ocr_or_boundary,2026-07-11,原典画像（PDF p.207、冊子p.746-747）で「イタヤカエデ」欄の「シロトラカミキリ」を確認。OCR境界誤認の植物名「コミネカエデ」を原典見出しどおり訂正。訂正後の寄主ペアは既存CSVに収録済みのため重複追加しない。
kamikiri-derived-base-192-220-0232,species-21880,アオカミキリ 基亜種,アオカミキリ,日本産カミキリムシ,日本産カミキリムシ_compressed.pdf,52299895c14c1fd1c74279dca00f6fd9ba64d36d69e3bf3dd9c3a29a92802e77,efb17b5912fbb2c144dab4d99924dbc341e8f64054be7909dd7818cad155bef2,207,746-747,19717,イタヤカエデ,ムクロジ科,exact_derived_base_name,needs_review,2026-07-11,原典画像（PDF p.207、冊子p.746-747）で「イタヤカエデ」欄の「アオカミキリ」を確認したが、寄主索引・種解説とも種レベルの表記である。現行 insects.csv には同種群が2亜種として登録されており、名義亜種IDへ一意に帰属できないため保留。 段組み境界（前見出し「コミネカエデ」から次見出し「イタヤカエデ」）を画像で補正。
kamikiri-host-index-192-220-0072,species-21973,キンケトラカミキリ,キンケトラカミキリ,日本産カミキリムシ,日本産カミキリムシ_compressed.pdf,52299895c14c1fd1c74279dca00f6fd9ba64d36d69e3bf3dd9c3a29a92802e77,efb17b5912fbb2c144dab4d99924dbc341e8f64054be7909dd7818cad155bef2,207,746-747,19717,イタヤカエデ,ムクロジ科,exact_japanese_name,exclude_ocr_or_boundary,2026-07-11,原典画像（PDF p.207、冊子p.746-747）で「イタヤカエデ」欄の「キンケトラカミキリ」を確認。OCR境界誤認の植物名「コミネカエデ」を原典見出しどおり訂正。訂正後の寄主ペアは既存CSVに収録済みのため重複追加しない。
kamikiri-host-index-192-220-0071,species-21976,キスジトラカミキリ,キスジトラカミキリ,日本産カミキリムシ,日本産カミキリムシ_compressed.pdf,52299895c14c1fd1c74279dca00f6fd9ba64d36d69e3bf3dd9c3a29a92802e77,efb17b5912fbb2c144dab4d99924dbc341e8f64054be7909dd7818cad155bef2,207,746-747,19717,イタヤカエデ,ムクロジ科,exact_japanese_name,include,2026-07-11,原典画像（PDF p.207、冊子p.746-747）で「イタヤカエデ」欄の「キスジトラカミキリ」を確認。OCR境界誤認の植物名「コミネカエデ」を原典見出しどおり訂正。
kamikiri-host-index-192-220-0073,species-21988,エグリトラカミキリ,エグリトラカミキリ,日本産カミキリムシ,日本産カミキリムシ_compressed.pdf,52299895c14c1fd1c74279dca00f6fd9ba64d36d69e3bf3dd9c3a29a92802e77,efb17b5912fbb2c144dab4d99924dbc341e8f64054be7909dd7818cad155bef2,207,746-747,19717,イタヤカエデ,ムクロジ科,exact_japanese_name,exclude_ocr_or_boundary,2026-07-11,原典画像（PDF p.207、冊子p.746-747）で「イタヤカエデ」欄の「エグリトラカミキリ」を確認。OCR境界誤認の植物名「コミネカエデ」を原典見出しどおり訂正。訂正後の寄主ペアは既存CSVに収録済みのため重複追加しない。
kamikiri-host-index-192-220-0070,species-22030,クビアカトラカミキリ,クビアカトラカミキリ,日本産カミキリムシ,日本産カミキリムシ_compressed.pdf,52299895c14c1fd1c74279dca00f6fd9ba64d36d69e3bf3dd9c3a29a92802e77,efb17b5912fbb2c144dab4d99924dbc341e8f64054be7909dd7818cad155bef2,207,746-747,19717,イタヤカエデ,ムクロジ科,exact_japanese_name,exclude_ocr_or_boundary,2026-07-11,原典画像（PDF p.207、冊子p.746-747）で「イタヤカエデ」欄の「クビアカトラカミキリ」を確認。OCR境界誤認の植物名「コミネカエデ」を原典見出しどおり訂正。訂正後の寄主ペアは既存CSVに収録済みのため重複追加しない。
kamikiri-host-index-192-220-0067,species-22065,マルクビケマダラカミキリ,マルクビケマダラカミキリ,日本産カミキリムシ,日本産カミキリムシ_compressed.pdf,52299895c14c1fd1c74279dca00f6fd9ba64d36d69e3bf3dd9c3a29a92802e77,efb17b5912fbb2c144dab4d99924dbc341e8f64054be7909dd7818cad155bef2,207,746-747,19717,イタヤカエデ,ムクロジ科,exact_japanese_name,exclude_ocr_or_boundary,2026-07-11,原典画像（PDF p.207、冊子p.746-747）で「イタヤカエデ」欄の「マルクビケマダラカミキリ」を確認。OCR境界誤認の植物名「コミネカエデ」を原典見出しどおり訂正。訂正後の寄主ペアは既存CSVに収録済みのため重複追加しない。
kamikiri-host-index-192-220-0068,species-22155,ルリボシカミキリ,ルリボシカミキリ,日本産カミキリムシ,日本産カミキリムシ_compressed.pdf,52299895c14c1fd1c74279dca00f6fd9ba64d36d69e3bf3dd9c3a29a92802e77,efb17b5912fbb2c144dab4d99924dbc341e8f64054be7909dd7818cad155bef2,207,746-747,19717,イタヤカエデ,ムクロジ科,exact_japanese_name,exclude_ocr_or_boundary,2026-07-11,原典画像（PDF p.207、冊子p.746-747）で「イタヤカエデ」欄の「ルリボシカミキリ」を確認。OCR境界誤認の植物名「コミネカエデ」を原典見出しどおり訂正。訂正後の寄主ペアは既存CSVに収録済みのため重複追加しない。
kamikiri-host-index-192-220-0069,species-22176,ヘリグロベニカミキリ,ヘリグロベニカミキリ,日本産カミキリムシ,日本産カミキリムシ_compressed.pdf,52299895c14c1fd1c74279dca00f6fd9ba64d36d69e3bf3dd9c3a29a92802e77,efb17b5912fbb2c144dab4d99924dbc341e8f64054be7909dd7818cad155bef2,207,746-747,19717,イタヤカエデ,ムクロジ科,exact_japanese_name,exclude_ocr_or_boundary,2026-07-11,原典画像（PDF p.207、冊子p.746-747）で「イタヤカエデ」欄の「ヘリグロベニカミキリ」を確認。OCR境界誤認の植物名「コミネカエデ」を原典見出しどおり訂正。訂正後の寄主ペアは既存CSVに収録済みのため重複追加しない。
kamikiri-host-index-192-220-0063,species-22216,フタスジハナカミキリ,フタスジハナカミキリ,日本産カミキリムシ,日本産カミキリムシ_compressed.pdf,52299895c14c1fd1c74279dca00f6fd9ba64d36d69e3bf3dd9c3a29a92802e77,efb17b5912fbb2c144dab4d99924dbc341e8f64054be7909dd7818cad155bef2,207,746-747,19717,イタヤカエデ,ムクロジ科,exact_japanese_name,exclude_ocr_or_boundary,2026-07-11,原典画像（PDF p.207、冊子p.746-747）で「イタヤカエデ」欄の「フタスジハナカミキリ」を確認。OCR境界誤認の植物名「コミネカエデ」を原典見出しどおり訂正。訂正後の寄主ペアは既存CSVに収録済みのため重複追加しない。
kamikiri-host-index-192-220-0064,species-22219,カエデノヘリグロハナカミキリ,カエデノヘリグロハナカミキリ,日本産カミキリムシ,日本産カミキリムシ_compressed.pdf,52299895c14c1fd1c74279dca00f6fd9ba64d36d69e3bf3dd9c3a29a92802e77,efb17b5912fbb2c144dab4d99924dbc341e8f64054be7909dd7818cad155bef2,207,746-747,19717,イタヤカエデ,ムクロジ科,exact_japanese_name,exclude_ocr_or_boundary,2026-07-11,原典画像（PDF p.207、冊子p.746-747）で「イタヤカエデ」欄の「カエデノヘリグロハナカミキリ」を確認。OCR境界誤認の植物名「コミネカエデ」を原典見出しどおり訂正。訂正後の寄主ペアは既存CSVに収録済みのため重複追加しない。
kamikiri-derived-base-192-220-0231,species-22251,ヨツスジハナカミキリ 基亜種,ヨツスジハナカミキリ,日本産カミキリムシ,日本産カミキリムシ_compressed.pdf,52299895c14c1fd1c74279dca00f6fd9ba64d36d69e3bf3dd9c3a29a92802e77,efb17b5912fbb2c144dab4d99924dbc341e8f64054be7909dd7818cad155bef2,207,746-747,19717,イタヤカエデ,ムクロジ科,exact_derived_base_name,include,2026-07-11,原典画像（PDF p.207、冊子p.746-747）で「イタヤカエデ」欄の「ヨツスジハナカミキリ」を確認。寄主索引の学名表記と種解説欄の同種群を照合し、名義亜種の三名法表記、または他亜種の独立見出し・別索引記載により現行の名義亜種IDへ帰属可能。 段組み境界（前見出し「コミネカエデ」から次見出し「イタヤカエデ」）を画像で補正。
kamikiri-host-index-192-220-0065,species-22324,ホソコバネカミキリ,ホソコバネカミキリ,日本産カミキリムシ,日本産カミキリムシ_compressed.pdf,52299895c14c1fd1c74279dca00f6fd9ba64d36d69e3bf3dd9c3a29a92802e77,efb17b5912fbb2c144dab4d99924dbc341e8f64054be7909dd7818cad155bef2,207,746-747,19717,イタヤカエデ,ムクロジ科,exact_japanese_name,exclude_ocr_or_boundary,2026-07-11,原典画像（PDF p.207、冊子p.746-747）で「イタヤカエデ」欄の「ホソコバネカミキリ」を確認。OCR境界誤認の植物名「コミネカエデ」を原典見出しどおり訂正。訂正後の寄主ペアは既存CSVに収録済みのため重複追加しない。
kamikiri-host-index-192-220-0066,species-22328,オオホソコバネカミキリ,オオホソコバネカミキリ,日本産カミキリムシ,日本産カミキリムシ_compressed.pdf,52299895c14c1fd1c74279dca00f6fd9ba64d36d69e3bf3dd9c3a29a92802e77,efb17b5912fbb2c144dab4d99924dbc341e8f64054be7909dd7818cad155bef2,207,746-747,19717,イタヤカエデ,ムクロジ科,exact_japanese_name,exclude_ocr_or_boundary,2026-07-11,原典画像（PDF p.207、冊子p.746-747）で「イタヤカエデ」欄の「オオホソコバネカミキリ」を確認。OCR境界誤認の植物名「コミネカエデ」を原典見出しどおり訂正。訂正後の寄主ペアは既存CSVに収録済みのため重複追加しない。
kamikiri-derived-base-192-220-0230,species-22354,チャイロヒメハナカミキリ 基亜種,チャイロヒメハナカミキリ,日本産カミキリムシ,日本産カミキリムシ_compressed.pdf,52299895c14c1fd1c74279dca00f6fd9ba64d36d69e3bf3dd9c3a29a92802e77,efb17b5912fbb2c144dab4d99924dbc341e8f64054be7909dd7818cad155bef2,207,746-747,19717,イタヤカエデ,ムクロジ科,exact_derived_base_name,include,2026-07-11,原典画像（PDF p.207、冊子p.746-747）で「イタヤカエデ」欄の「チャイロヒメハナカミキリ」を確認。寄主索引の学名表記と種解説欄の同種群を照合し、名義亜種の三名法表記、または他亜種の独立見出し・別索引記載により現行の名義亜種IDへ帰属可能。 段組み境界（前見出し「コミネカエデ」から次見出し「イタヤカエデ」）を画像で補正。
kamikiri-host-index-192-220-0076,species-22641,ヒトオビチビカミキリ,ヒトオビチビカミキリ,日本産カミキリムシ,日本産カミキリムシ_compressed.pdf,52299895c14c1fd1c74279dca00f6fd9ba64d36d69e3bf3dd9c3a29a92802e77,efb17b5912fbb2c144dab4d99924dbc341e8f64054be7909dd7818cad155bef2,207,746-747,19717,イタヤカエデ,ムクロジ科,reviewed_source_crosswalk,exclude_ocr_or_boundary,2026-07-11,原典画像（PDF p.207、冊子p.746-747）で「イタヤカエデ」欄の「ヒトオビチビカミキリ」を確認。OCR境界誤認の植物名「コミネカエデ」を原典見出しどおり訂正。訂正後の寄主ペアは既存CSVに収録済みのため重複追加しない。
kamikiri-host-index-192-220-0077,species-22642,シロオビチビカミキリ 基亜種,シロオビチビカミキリ,日本産カミキリムシ,日本産カミキリムシ_compressed.pdf,52299895c14c1fd1c74279dca00f6fd9ba64d36d69e3bf3dd9c3a29a92802e77,efb17b5912fbb2c144dab4d99924dbc341e8f64054be7909dd7818cad155bef2,207,746-747,19717,イタヤカエデ,ムクロジ科,reviewed_source_crosswalk,include,2026-07-11,原典画像（PDF p.207、冊子p.746-747）で「イタヤカエデ」欄の「シロオビチビカミキリ」を確認。OCR境界誤認の植物名「コミネカエデ」を原典見出しどおり訂正。
kamikiri-host-index-192-220-0079,species-22700,ヒトオビアラゲカミキリ,ヒトオビアラゲカミキリ,日本産カミキリムシ,日本産カミキリムシ_compressed.pdf,52299895c14c1fd1c74279dca00f6fd9ba64d36d69e3bf3dd9c3a29a92802e77,efb17b5912fbb2c144dab4d99924dbc341e8f64054be7909dd7818cad155bef2,207,746-747,19717,イタヤカエデ,ムクロジ科,exact_japanese_name,exclude_ocr_or_boundary,2026-07-11,原典画像（PDF p.207、冊子p.746-747）で「イタヤカエデ」欄の「ヒトオビアラゲカミキリ」を確認。OCR境界誤認の植物名「コミネカエデ」を原典見出しどおり訂正。訂正後の寄主ペアは既存CSVに収録済みのため重複追加しない。
kamikiri-host-index-192-220-0078,species-22775,イタヤカミキリ,イタヤカミキリ,日本産カミキリムシ,日本産カミキリムシ_compressed.pdf,52299895c14c1fd1c74279dca00f6fd9ba64d36d69e3bf3dd9c3a29a92802e77,efb17b5912fbb2c144dab4d99924dbc341e8f64054be7909dd7818cad155bef2,207,746-747,19717,イタヤカエデ,ムクロジ科,exact_japanese_name,exclude_ocr_or_boundary,2026-07-11,原典画像（PDF p.207、冊子p.746-747）で「イタヤカエデ」欄の「イタヤカミキリ」を確認。OCR境界誤認の植物名「コミネカエデ」を原典見出しどおり訂正。訂正後の寄主ペアは既存CSVに収録済みのため重複追加しない。
kamikiri-derived-base-192-220-0234,species-22786,ヒメヒゲナガカミキリ 基亜種,ヒメヒゲナガカミキリ,日本産カミキリムシ,日本産カミキリムシ_compressed.pdf,52299895c14c1fd1c74279dca00f6fd9ba64d36d69e3bf3dd9c3a29a92802e77,efb17b5912fbb2c144dab4d99924dbc341e8f64054be7909dd7818cad155bef2,207,746-747,19717,イタヤカエデ,ムクロジ科,exact_derived_base_name,include,2026-07-11,原典画像（PDF p.207、冊子p.746-747）で「イタヤカエデ」欄の「ヒメヒゲナガカミキリ」を確認。寄主索引の学名表記と種解説欄の同種群を照合し、名義亜種の三名法表記、または他亜種の独立見出し・別索引記載により現行の名義亜種IDへ帰属可能。 段組み境界（前見出し「コミネカエデ」から次見出し「イタヤカエデ」）を画像で補正。
kamikiri-host-index-192-220-0075,species-22871,ゴマフカミキリ,ゴマフカミキリ,日本産カミキリムシ,日本産カミキリムシ_compressed.pdf,52299895c14c1fd1c74279dca00f6fd9ba64d36d69e3bf3dd9c3a29a92802e77,efb17b5912fbb2c144dab4d99924dbc341e8f64054be7909dd7818cad155bef2,207,746-747,19717,イタヤカエデ,ムクロジ科,exact_japanese_name,exclude_ocr_or_boundary,2026-07-11,原典画像（PDF p.207、冊子p.746-747）で「イタヤカエデ」欄の「ゴマフカミキリ」を確認。OCR境界誤認の植物名「コミネカエデ」を原典見出しどおり訂正。訂正後の寄主ペアは既存CSVに収録済みのため重複追加しない。
kamikiri-derived-base-192-220-0233,species-22908,アカガネカミキリ 基亜種,アカガネカミキリ,日本産カミキリムシ,日本産カミキリムシ_compressed.pdf,52299895c14c1fd1c74279dca00f6fd9ba64d36d69e3bf3dd9c3a29a92802e77,efb17b5912fbb2c144dab4d99924dbc341e8f64054be7909dd7818cad155bef2,207,746-747,19717,イタヤカエデ,ムクロジ科,exact_derived_base_name,include,2026-07-11,原典画像（PDF p.207、冊子p.746-747）で「イタヤカエデ」欄の「アカガネカミキリ」を確認。寄主索引の学名表記と種解説欄の同種群を照合し、名義亜種の三名法表記、または他亜種の独立見出し・別索引記載により現行の名義亜種IDへ帰属可能。 段組み境界（前見出し「コミネカエデ」から次見出し「イタヤカエデ」）を画像で補正。
kamikiri-host-index-192-220-0080,species-22927,キッコウモンケシカミキリ,キッコウモンケシカミキリ,日本産カミキリムシ,日本産カミキリムシ_compressed.pdf,52299895c14c1fd1c74279dca00f6fd9ba64d36d69e3bf3dd9c3a29a92802e77,efb17b5912fbb2c144dab4d99924dbc341e8f64054be7909dd7818cad155bef2,207,746-747,19717,イタヤカエデ,ムクロジ科,exact_japanese_name,exclude_ocr_or_boundary,2026-07-11,原典画像（PDF p.207、冊子p.746-747）で「イタヤカエデ」欄の「キッコウモンケシカミキリ」を確認。OCR境界誤認の植物名「コミネカエデ」を原典見出しどおり訂正。訂正後の寄主ペアは既存CSVに収録済みのため重複追加しない。
kamikiri-host-index-192-220-0081,species-22985,セミスジニセリンゴカミキリ,セミスジニセリンゴカミキリ,日本産カミキリムシ,日本産カミキリムシ_compressed.pdf,52299895c14c1fd1c74279dca00f6fd9ba64d36d69e3bf3dd9c3a29a92802e77,efb17b5912fbb2c144dab4d99924dbc341e8f64054be7909dd7818cad155bef2,207,746-747,19717,イタヤカエデ,ムクロジ科,exact_japanese_name,exclude_ocr_or_boundary,2026-07-11,原典画像（PDF p.207、冊子p.746-747）で「イタヤカエデ」欄の「セミスジニセリンゴカミキリ」を確認。OCR境界誤認の植物名「コミネカエデ」を原典見出しどおり訂正。訂正後の寄主ペアは既存CSVに収録済みのため重複追加しない。
kamikiri-derived-base-192-220-0235,species-22988,ハンノアオカミキリ 基亜種,ハンノアオカミキリ,日本産カミキリムシ,日本産カミキリムシ_compressed.pdf,52299895c14c1fd1c74279dca00f6fd9ba64d36d69e3bf3dd9c3a29a92802e77,efb17b5912fbb2c144dab4d99924dbc341e8f64054be7909dd7818cad155bef2,207,746-747,19717,イタヤカエデ,ムクロジ科,exact_derived_base_name,include,2026-07-11,原典画像（PDF p.207、冊子p.746-747）で「イタヤカエデ」欄の「ハンノアオカミキリ」を確認。寄主索引の学名表記と種解説欄の同種群を照合し、名義亜種の三名法表記、または他亜種の独立見出し・別索引記載により現行の名義亜種IDへ帰属可能。 段組み境界（前見出し「コミネカエデ」から次見出し「イタヤカエデ」）を画像で補正。
kamikiri-host-index-192-220-0082,species-22065,マルクビケマダラカミキリ,マルクビケマダラカミキリ,日本産カミキリムシ,日本産カミキリムシ_compressed.pdf,52299895c14c1fd1c74279dca00f6fd9ba64d36d69e3bf3dd9c3a29a92802e77,efb17b5912fbb2c144dab4d99924dbc341e8f64054be7909dd7818cad155bef2,207,746-747,19749,アカイタヤ,カエデ科,exact_japanese_name,exclude_ocr_or_boundary,2026-07-11,原典画像（PDF p.207、冊子p.746-747）で「アカイタヤ」欄の「マルクビケマダラカミキリ」を確認。OCR境界誤認の植物名「エンコウカエデ」を原典見出しどおり訂正。訂正後の寄主ペアは既存CSVに収録済みのため重複追加しない。
kamikiri-host-index-192-220-0083,species-22764,ゴマダラカミキリ,ゴマダラカミキリ,日本産カミキリムシ,日本産カミキリムシ_compressed.pdf,52299895c14c1fd1c74279dca00f6fd9ba64d36d69e3bf3dd9c3a29a92802e77,efb17b5912fbb2c144dab4d99924dbc341e8f64054be7909dd7818cad155bef2,207,746-747,19751,トネリコバノカエデ,ムクロジ科,exact_japanese_name,include,2026-07-11,原典画像（PDF p.207、冊子p.746-747）で「トネリコバノカエデ」欄の「ゴマダラカミキリ」を確認。OCR境界誤認の植物名「エンコウカエデ」を原典見出しどおり訂正。
kamikiri-derived-base-192-220-0236,species-21880,アオカミキリ 基亜種,アオカミキリ,日本産カミキリムシ,日本産カミキリムシ_compressed.pdf,52299895c14c1fd1c74279dca00f6fd9ba64d36d69e3bf3dd9c3a29a92802e77,efb17b5912fbb2c144dab4d99924dbc341e8f64054be7909dd7818cad155bef2,207,746-747,19754,メグスリノキ,ムクロジ科,exact_derived_base_name,needs_review,2026-07-11,原典画像（PDF p.207、冊子p.746-747）で「メグスリノキ」欄の「アオカミキリ」を確認したが、寄主索引・種解説とも種レベルの表記である。現行 insects.csv には同種群が2亜種として登録されており、名義亜種IDへ一意に帰属できないため保留。 科名を「カエデ科」から「ムクロジ科」へ現行体系で正規化。
kamikiri-derived-base-192-220-0237,species-23007,シラホシカミキリ 基亜種,シラホシカミキリ,日本産カミキリムシ,日本産カミキリムシ_compressed.pdf,52299895c14c1fd1c74279dca00f6fd9ba64d36d69e3bf3dd9c3a29a92802e77,efb17b5912fbb2c144dab4d99924dbc341e8f64054be7909dd7818cad155bef2,207,746-747,19757,テツカエデ,ムクロジ科,exact_derived_base_name,include,2026-07-11,原典画像（PDF p.207、冊子p.746-747）で「テツカエデ」欄の「シラホシカミキリ」を確認。寄主索引の学名表記と種解説欄の同種群を照合し、名義亜種の三名法表記、または他亜種の独立見出し・別索引記載により現行の名義亜種IDへ帰属可能。 科名を「カエデ科」から「ムクロジ科」へ現行体系で正規化。
kamikiri-derived-base-192-220-0238,species-22766,オオシマゴマダラカミキリ 基亜種,オオシマゴマダラカミキリ,日本産カミキリムシ,日本産カミキリムシ_compressed.pdf,52299895c14c1fd1c74279dca00f6fd9ba64d36d69e3bf3dd9c3a29a92802e77,efb17b5912fbb2c144dab4d99924dbc341e8f64054be7909dd7818cad155bef2,207,746-747,19759,クスノハカエデ,ムクロジ科,exact_derived_base_name,include,2026-07-11,原典画像（PDF p.207、冊子p.746-747）で「クスノハカエデ」欄の「オオシマゴマダラカミキリ」を確認。寄主索引の学名表記と種解説欄の同種群を照合し、名義亜種の三名法表記、または他亜種の独立見出し・別索引記載により現行の名義亜種IDへ帰属可能。 科名を「カエデ科」から「ムクロジ科」へ現行体系で正規化。
kamikiri-derived-base-192-220-0239,1-1,ウスバカミキリ 基亜種,ウスバカミキリ,日本産カミキリムシ,日本産カミキリムシ_compressed.pdf,52299895c14c1fd1c74279dca00f6fd9ba64d36d69e3bf3dd9c3a29a92802e77,efb17b5912fbb2c144dab4d99924dbc341e8f64054be7909dd7818cad155bef2,207,746-747,19761,イロハモミジ,ムクロジ科,exact_derived_base_name,include,2026-07-11,原典画像（PDF p.207、冊子p.746-747）で「イロハモミジ」欄の「ウスバカミキリ」を確認。寄主索引の学名表記と種解説欄の同種群を照合し、名義亜種の三名法表記、または他亜種の独立見出し・別索引記載により現行の名義亜種IDへ帰属可能。 段組み境界（前見出し「クスノハカエデ」から次見出し「イロハモミジ」）を画像で補正。
kamikiri-derived-base-192-220-0240,species-21880,アオカミキリ 基亜種,アオカミキリ,日本産カミキリムシ,日本産カミキリムシ_compressed.pdf,52299895c14c1fd1c74279dca00f6fd9ba64d36d69e3bf3dd9c3a29a92802e77,efb17b5912fbb2c144dab4d99924dbc341e8f64054be7909dd7818cad155bef2,207,746-747,19761,イロハモミジ,ムクロジ科,exact_derived_base_name,needs_review,2026-07-11,原典画像（PDF p.207、冊子p.746-747）で「イロハモミジ」欄の「アオカミキリ」を確認したが、寄主索引・種解説とも種レベルの表記である。現行 insects.csv には同種群が2亜種として登録されており、名義亜種IDへ一意に帰属できないため保留。 段組み境界（前見出し「クスノハカエデ」から次見出し「イロハモミジ」）を画像で補正。
kamikiri-host-index-192-220-0088,species-21974,シラケトラカミキリ,シラケトラカミキリ,日本産カミキリムシ,日本産カミキリムシ_compressed.pdf,52299895c14c1fd1c74279dca00f6fd9ba64d36d69e3bf3dd9c3a29a92802e77,efb17b5912fbb2c144dab4d99924dbc341e8f64054be7909dd7818cad155bef2,207,746-747,19761,イロハモミジ,ムクロジ科,exact_japanese_name,exclude_ocr_or_boundary,2026-07-11,原典画像（PDF p.207、冊子p.746-747）で「イロハモミジ」欄の「シラケトラカミキリ」を確認。OCR境界誤認の植物名「クスノハカエデ」を原典見出しどおり訂正。訂正後の寄主ペアは既存CSVに収録済みのため重複追加しない。
kamikiri-host-index-192-220-0089,species-21984,ヨコヤマトラカミキリ,ヨコヤマトラカミキリ,日本産カミキリムシ,日本産カミキリムシ_compressed.pdf,52299895c14c1fd1c74279dca00f6fd9ba64d36d69e3bf3dd9c3a29a92802e77,efb17b5912fbb2c144dab4d99924dbc341e8f64054be7909dd7818cad155bef2,207,746-747,19761,イロハモミジ,ムクロジ科,exact_japanese_name,exclude_ocr_or_boundary,2026-07-11,原典画像（PDF p.207、冊子p.746-747）で「イロハモミジ」欄の「ヨコヤマトラカミキリ」を確認。OCR境界誤認の植物名「クスノハカエデ」を原典見出しどおり訂正。訂正後の寄主ペアは既存CSVに収録済みのため重複追加しない。
kamikiri-host-index-192-220-0087,species-22045,ウスイロトラカミキリ,ウスイロトラカミキリ,日本産カミキリムシ,日本産カミキリムシ_compressed.pdf,52299895c14c1fd1c74279dca00f6fd9ba64d36d69e3bf3dd9c3a29a92802e77,efb17b5912fbb2c144dab4d99924dbc341e8f64054be7909dd7818cad155bef2,207,746-747,19761,イロハモミジ,ムクロジ科,exact_japanese_name,exclude_ocr_or_boundary,2026-07-11,原典画像（PDF p.207、冊子p.746-747）で「イロハモミジ」欄の「ウスイロトラカミキリ」を確認。OCR境界誤認の植物名「クスノハカエデ」を原典見出しどおり訂正。訂正後の寄主ペアは既存CSVに収録済みのため重複追加しない。
kamikiri-host-index-192-220-0085,species-22155,ルリボシカミキリ,ルリボシカミキリ,日本産カミキリムシ,日本産カミキリムシ_compressed.pdf,52299895c14c1fd1c74279dca00f6fd9ba64d36d69e3bf3dd9c3a29a92802e77,efb17b5912fbb2c144dab4d99924dbc341e8f64054be7909dd7818cad155bef2,207,746-747,19761,イロハモミジ,ムクロジ科,exact_japanese_name,exclude_ocr_or_boundary,2026-07-11,原典画像（PDF p.207、冊子p.746-747）で「イロハモミジ」欄の「ルリボシカミキリ」を確認。OCR境界誤認の植物名「クスノハカエデ」を原典見出しどおり訂正。訂正後の寄主ペアは既存CSVに収録済みのため重複追加しない。
kamikiri-host-index-192-220-0086,species-22176,ヘリグロベニカミキリ,ヘリグロベニカミキリ,日本産カミキリムシ,日本産カミキリムシ_compressed.pdf,52299895c14c1fd1c74279dca00f6fd9ba64d36d69e3bf3dd9c3a29a92802e77,efb17b5912fbb2c144dab4d99924dbc341e8f64054be7909dd7818cad155bef2,207,746-747,19761,イロハモミジ,ムクロジ科,exact_japanese_name,exclude_ocr_or_boundary,2026-07-11,原典画像（PDF p.207、冊子p.746-747）で「イロハモミジ」欄の「ヘリグロベニカミキリ」を確認。OCR境界誤認の植物名「クスノハカエデ」を原典見出しどおり訂正。訂正後の寄主ペアは既存CSVに収録済みのため重複追加しない。
kamikiri-host-index-192-220-0084,species-22459,ヒラヤマコブハナカミキリ,ヒラヤマコブハナカミキリ,日本産カミキリムシ,日本産カミキリムシ_compressed.pdf,52299895c14c1fd1c74279dca00f6fd9ba64d36d69e3bf3dd9c3a29a92802e77,efb17b5912fbb2c144dab4d99924dbc341e8f64054be7909dd7818cad155bef2,207,746-747,19761,イロハモミジ,ムクロジ科,exact_japanese_name,exclude_ocr_or_boundary,2026-07-11,原典画像（PDF p.207、冊子p.746-747）で「イロハモミジ」欄の「ヒラヤマコブハナカミキリ」を確認。OCR境界誤認の植物名「クスノハカエデ」を原典見出しどおり訂正。訂正後の寄主ペアは既存CSVに収録済みのため重複追加しない。
kamikiri-host-index-192-220-0092,species-22515,トゲバカミキリ,トゲバカミキリ,日本産カミキリムシ,日本産カミキリムシ_compressed.pdf,52299895c14c1fd1c74279dca00f6fd9ba64d36d69e3bf3dd9c3a29a92802e77,efb17b5912fbb2c144dab4d99924dbc341e8f64054be7909dd7818cad155bef2,207,746-747,19761,イロハモミジ,ムクロジ科,exact_japanese_name,exclude_ocr_or_boundary,2026-07-11,原典画像（PDF p.207、冊子p.746-747）で「イロハモミジ」欄の「トゲバカミキリ」を確認。OCR境界誤認の植物名「クスノハカエデ」を原典見出しどおり訂正。訂正後の寄主ペアは既存CSVに収録済みのため重複追加しない。
kamikiri-host-index-192-220-0091,species-22764,ゴマダラカミキリ,ゴマダラカミキリ,日本産カミキリムシ,日本産カミキリムシ_compressed.pdf,52299895c14c1fd1c74279dca00f6fd9ba64d36d69e3bf3dd9c3a29a92802e77,efb17b5912fbb2c144dab4d99924dbc341e8f64054be7909dd7818cad155bef2,207,746-747,19761,イロハモミジ,ムクロジ科,exact_japanese_name,exclude_ocr_or_boundary,2026-07-11,原典画像（PDF p.207、冊子p.746-747）で「イロハモミジ」欄の「ゴマダラカミキリ」を確認。OCR境界誤認の植物名「クスノハカエデ」を原典見出しどおり訂正。訂正後の寄主ペアは既存CSVに収録済みのため重複追加しない。
kamikiri-host-index-192-220-0090,species-22965,アトモンサビカミキリ,アトモンサビカミキリ,日本産カミキリムシ,日本産カミキリムシ_compressed.pdf,52299895c14c1fd1c74279dca00f6fd9ba64d36d69e3bf3dd9c3a29a92802e77,efb17b5912fbb2c144dab4d99924dbc341e8f64054be7909dd7818cad155bef2,207,746-747,19761,イロハモミジ,ムクロジ科,exact_japanese_name,exclude_ocr_or_boundary,2026-07-11,原典画像（PDF p.207、冊子p.746-747）で「イロハモミジ」欄の「アトモンサビカミキリ」を確認。OCR境界誤認の植物名「クスノハカエデ」を原典見出しどおり訂正。訂正後の寄主ペアは既存CSVに収録済みのため重複追加しない。
kamikiri-derived-base-192-220-0241,species-22890,カタシロゴマフカミキリ 基亜種,カタシロゴマフカミキリ,日本産カミキリムシ,日本産カミキリムシ_compressed.pdf,52299895c14c1fd1c74279dca00f6fd9ba64d36d69e3bf3dd9c3a29a92802e77,efb17b5912fbb2c144dab4d99924dbc341e8f64054be7909dd7818cad155bef2,207,746-747,19771,オオモミジ,ムクロジ科,exact_derived_base_name,include,2026-07-11,原典画像（PDF p.207、冊子p.746-747）で「オオモミジ」欄の「カタシロゴマフカミキリ」を確認。寄主索引の学名表記と種解説欄の同種群を照合し、名義亜種の三名法表記、または他亜種の独立見出し・別索引記載により現行の名義亜種IDへ帰属可能。 科名を「カエデ科」から「ムクロジ科」へ現行体系で正規化。
kamikiri-derived-base-192-220-0242,species-22016,カンボウトラカミキリ 基亜種,カンボウトラカミキリ,日本産カミキリムシ,日本産カミキリムシ_compressed.pdf,52299895c14c1fd1c74279dca00f6fd9ba64d36d69e3bf3dd9c3a29a92802e77,efb17b5912fbb2c144dab4d99924dbc341e8f64054be7909dd7818cad155bef2,208,748-749,19784,ウリハダカエデ,ムクロジ科,exact_derived_base_name,exclude_ocr_or_boundary,2026-07-11,原典画像（PDF p.208、冊子p.748-749）で「ウリハダカエデ」欄を確認。完全な和名・学名は「カンボウトラカミキリ Rhabdoclytus acutivittis inscriptus」で、現行ID species-22018に対応する。短い基礎和名の接尾辞部分一致/OCR境界により生じた候補であり、カンボウトラカミキリ 基亜種には帰属しない。 科名を「カエデ科」から「ムクロジ科」へ現行体系で正規化。
kamikiri-derived-base-192-220-0243,species-22577,キクスイモドキカミキリ 基亜種,キクスイモドキカミキリ,日本産カミキリムシ,日本産カミキリムシ_compressed.pdf,52299895c14c1fd1c74279dca00f6fd9ba64d36d69e3bf3dd9c3a29a92802e77,efb17b5912fbb2c144dab4d99924dbc341e8f64054be7909dd7818cad155bef2,208,748-749,19784,ウリハダカエデ,ムクロジ科,exact_derived_base_name,needs_review,2026-07-11,原典画像（PDF p.208、冊子p.748-749）で「ウリハダカエデ」欄の「キクスイモドキカミキリ」を確認したが、寄主索引・種解説とも種レベルの表記である。現行 insects.csv には同種群が3亜種として登録されており、名義亜種IDへ一意に帰属できないため保留。 科名を「カエデ科」から「ムクロジ科」へ現行体系で正規化。
kamikiri-derived-base-192-220-0245,species-21880,アオカミキリ 基亜種,アオカミキリ,日本産カミキリムシ,日本産カミキリムシ_compressed.pdf,52299895c14c1fd1c74279dca00f6fd9ba64d36d69e3bf3dd9c3a29a92802e77,efb17b5912fbb2c144dab4d99924dbc341e8f64054be7909dd7818cad155bef2,208,748-749,19806,カエデ類,ムクロジ科,exact_derived_base_name,needs_review,2026-07-11,原典画像（PDF p.208、冊子p.748-749）で「カエデ類」欄の「アオカミキリ」を確認したが、寄主索引・種解説とも種レベルの表記である。現行 insects.csv には同種群が2亜種として登録されており、名義亜種IDへ一意に帰属できないため保留。 科名を「カエデ科」から「ムクロジ科」へ現行体系で正規化。
kamikiri-host-index-192-220-0093,species-21976,キスジトラカミキリ,キスジトラカミキリ,日本産カミキリムシ,日本産カミキリムシ_compressed.pdf,52299895c14c1fd1c74279dca00f6fd9ba64d36d69e3bf3dd9c3a29a92802e77,efb17b5912fbb2c144dab4d99924dbc341e8f64054be7909dd7818cad155bef2,208,748-749,19806,カエデ類,ムクロジ科,exact_japanese_name,include,2026-07-11,原典画像（PDF p.208、冊子p.748-749）で「カエデ類」欄の「キスジトラカミキリ」を確認。
kamikiri-derived-base-192-220-0246,species-21990,フタオビミドリトラカミキリ 基亜種,フタオビミドリトラカミキリ,日本産カミキリムシ,日本産カミキリムシ_compressed.pdf,52299895c14c1fd1c74279dca00f6fd9ba64d36d69e3bf3dd9c3a29a92802e77,efb17b5912fbb2c144dab4d99924dbc341e8f64054be7909dd7818cad155bef2,208,748-749,19806,カエデ類,ムクロジ科,exact_derived_base_name,needs_review,2026-07-11,原典画像（PDF p.208、冊子p.748-749）で「カエデ類」欄の「フタオビミドリトラカミキリ」を確認したが、寄主索引・種解説とも種レベルの表記である。現行 insects.csv には同種群が7亜種として登録されており、名義亜種IDへ一意に帰属できないため保留。 科名を「カエデ科」から「ムクロジ科」へ現行体系で正規化。
kamikiri-derived-base-192-220-0244,species-22354,チャイロヒメハナカミキリ 基亜種,チャイロヒメハナカミキリ,日本産カミキリムシ,日本産カミキリムシ_compressed.pdf,52299895c14c1fd1c74279dca00f6fd9ba64d36d69e3bf3dd9c3a29a92802e77,efb17b5912fbb2c144dab4d99924dbc341e8f64054be7909dd7818cad155bef2,208,748-749,19806,カエデ類,ムクロジ科,exact_derived_base_name,include,2026-07-11,原典画像（PDF p.208、冊子p.748-749）で「カエデ類」欄の「チャイロヒメハナカミキリ」を確認。寄主索引の学名表記と種解説欄の同種群を照合し、名義亜種の三名法表記、または他亜種の独立見出し・別索引記載により現行の名義亜種IDへ帰属可能。 科名を「カエデ科」から「ムクロジ科」へ現行体系で正規化。
kamikiri-host-index-192-220-0094,species-22642,シロオビチビカミキリ 基亜種,シロオビチビカミキリ,日本産カミキリムシ,日本産カミキリムシ_compressed.pdf,52299895c14c1fd1c74279dca00f6fd9ba64d36d69e3bf3dd9c3a29a92802e77,efb17b5912fbb2c144dab4d99924dbc341e8f64054be7909dd7818cad155bef2,208,748-749,19806,カエデ類,ムクロジ科,reviewed_source_crosswalk,include,2026-07-11,原典画像（PDF p.208、冊子p.748-749）で「カエデ類」欄の「シロオビチビカミキリ」を確認。
kamikiri-derived-base-192-220-0248,species-22786,ヒメヒゲナガカミキリ 基亜種,ヒメヒゲナガカミキリ,日本産カミキリムシ,日本産カミキリムシ_compressed.pdf,52299895c14c1fd1c74279dca00f6fd9ba64d36d69e3bf3dd9c3a29a92802e77,efb17b5912fbb2c144dab4d99924dbc341e8f64054be7909dd7818cad155bef2,208,748-749,19806,カエデ類,ムクロジ科,exact_derived_base_name,include,2026-07-11,原典画像（PDF p.208、冊子p.748-749）で「カエデ類」欄の「ヒメヒゲナガカミキリ」を確認。寄主索引の学名表記と種解説欄の同種群を照合し、名義亜種の三名法表記、または他亜種の独立見出し・別索引記載により現行の名義亜種IDへ帰属可能。 科名を「カエデ科」から「ムクロジ科」へ現行体系で正規化。
kamikiri-host-index-192-220-0095,species-22798,コブヤハズカミキリ 基亜種,コブヤハズカミキリ,日本産カミキリムシ,日本産カミキリムシ_compressed.pdf,52299895c14c1fd1c74279dca00f6fd9ba64d36d69e3bf3dd9c3a29a92802e77,efb17b5912fbb2c144dab4d99924dbc341e8f64054be7909dd7818cad155bef2,208,748-749,19806,カエデ類,ムクロジ科,reviewed_source_crosswalk,include,2026-07-11,原典画像（PDF p.208、冊子p.748-749）で「カエデ類」欄の「コブヤハズカミキリ」を確認。
kamikiri-derived-base-192-220-0249,species-22843,セミスジコブヒゲカミキリ 基亜種,セミスジコブヒゲカミキリ,日本産カミキリムシ,日本産カミキリムシ_compressed.pdf,52299895c14c1fd1c74279dca00f6fd9ba64d36d69e3bf3dd9c3a29a92802e77,efb17b5912fbb2c144dab4d99924dbc341e8f64054be7909dd7818cad155bef2,208,748-749,19806,カエデ類,ムクロジ科,exact_derived_base_name,include,2026-07-11,原典画像（PDF p.208、冊子p.748-749）で「カエデ類」欄の「セミスジコブヒゲカミキリ」を確認。寄主索引の学名表記と種解説欄の同種群を照合し、名義亜種の三名法表記、または他亜種の独立見出し・別索引記載により現行の名義亜種IDへ帰属可能。 科名を「カエデ科」から「ムクロジ科」へ現行体系で正規化。
kamikiri-derived-base-192-220-0247,species-22856,ヤハズカミキリ 基亜種,ヤハズカミキリ,日本産カミキリムシ,日本産カミキリムシ_compressed.pdf,52299895c14c1fd1c74279dca00f6fd9ba64d36d69e3bf3dd9c3a29a92802e77,efb17b5912fbb2c144dab4d99924dbc341e8f64054be7909dd7818cad155bef2,208,748-749,19806,カエデ類,ムクロジ科,exact_derived_base_name,include,2026-07-11,原典画像（PDF p.208、冊子p.748-749）で「カエデ類」欄の「ヤハズカミキリ」を確認。寄主索引の学名表記と種解説欄の同種群を照合し、名義亜種の三名法表記、または他亜種の独立見出し・別索引記載により現行の名義亜種IDへ帰属可能。 科名を「カエデ科」から「ムクロジ科」へ現行体系で正規化。
kamikiri-derived-base-192-220-0250,species-23007,シラホシカミキリ 基亜種,シラホシカミキリ,日本産カミキリムシ,日本産カミキリムシ_compressed.pdf,52299895c14c1fd1c74279dca00f6fd9ba64d36d69e3bf3dd9c3a29a92802e77,efb17b5912fbb2c144dab4d99924dbc341e8f64054be7909dd7818cad155bef2,208,748-749,19806,カエデ類,ムクロジ科,exact_derived_base_name,include,2026-07-11,原典画像（PDF p.208、冊子p.748-749）で「カエデ類」欄の「シラホシカミキリ」を確認。寄主索引の学名表記と種解説欄の同種群を照合し、名義亜種の三名法表記、または他亜種の独立見出し・別索引記載により現行の名義亜種IDへ帰属可能。 科名を「カエデ科」から「ムクロジ科」へ現行体系で正規化。
kamikiri-derived-base-192-220-0251,1-1,ウスバカミキリ 基亜種,ウスバカミキリ,日本産カミキリムシ,日本産カミキリムシ_compressed.pdf,52299895c14c1fd1c74279dca00f6fd9ba64d36d69e3bf3dd9c3a29a92802e77,efb17b5912fbb2c144dab4d99924dbc341e8f64054be7909dd7818cad155bef2,208,748-749,19852,トチノキ,ムクロジ科,exact_derived_base_name,include,2026-07-11,原典画像（PDF p.208、冊子p.748-749）で「トチノキ」欄の「ウスバカミキリ」を確認。寄主索引の学名表記と種解説欄の同種群を照合し、名義亜種の三名法表記、または他亜種の独立見出し・別索引記載により現行の名義亜種IDへ帰属可能。 科名を「トチノキ科」から「ムクロジ科」へ現行体系で正規化。
kamikiri-host-index-192-220-0096,species-21976,キスジトラカミキリ,キスジトラカミキリ,日本産カミキリムシ,日本産カミキリムシ_compressed.pdf,52299895c14c1fd1c74279dca00f6fd9ba64d36d69e3bf3dd9c3a29a92802e77,efb17b5912fbb2c144dab4d99924dbc341e8f64054be7909dd7818cad155bef2,208,748-749,19852,トチノキ,ムクロジ科,exact_japanese_name,include,2026-07-11,原典画像（PDF p.208、冊子p.748-749）で「トチノキ」欄の「キスジトラカミキリ」を確認。
kamikiri-derived-base-192-220-0252,species-22251,ヨツスジハナカミキリ 基亜種,ヨツスジハナカミキリ,日本産カミキリムシ,日本産カミキリムシ_compressed.pdf,52299895c14c1fd1c74279dca00f6fd9ba64d36d69e3bf3dd9c3a29a92802e77,efb17b5912fbb2c144dab4d99924dbc341e8f64054be7909dd7818cad155bef2,208,748-749,19852,トチノキ,ムクロジ科,exact_derived_base_name,include,2026-07-11,原典画像（PDF p.208、冊子p.748-749）で「トチノキ」欄の「ヨツスジハナカミキリ」を確認。寄主索引の学名表記と種解説欄の同種群を照合し、名義亜種の三名法表記、または他亜種の独立見出し・別索引記載により現行の名義亜種IDへ帰属可能。 科名を「トチノキ科」から「ムクロジ科」へ現行体系で正規化。
kamikiri-derived-base-192-220-0254,species-22682,ドイカミキリ 基亜種,ドイカミキリ,日本産カミキリムシ,日本産カミキリムシ_compressed.pdf,52299895c14c1fd1c74279dca00f6fd9ba64d36d69e3bf3dd9c3a29a92802e77,efb17b5912fbb2c144dab4d99924dbc341e8f64054be7909dd7818cad155bef2,208,748-749,19852,トチノキ,ムクロジ科,exact_derived_base_name,include,2026-07-11,原典画像（PDF p.208、冊子p.748-749）で「トチノキ」欄の「ドイカミキリ」を確認。寄主索引の学名表記と種解説欄の同種群を照合し、名義亜種の三名法表記、または他亜種の独立見出し・別索引記載により現行の名義亜種IDへ帰属可能。 科名を「トチノキ科」から「ムクロジ科」へ現行体系で正規化。
kamikiri-host-index-192-220-0097,species-22915,アトモンマルケシカミキリ,アトモンマルケシカミキリ,日本産カミキリムシ,日本産カミキリムシ_compressed.pdf,52299895c14c1fd1c74279dca00f6fd9ba64d36d69e3bf3dd9c3a29a92802e77,efb17b5912fbb2c144dab4d99924dbc341e8f64054be7909dd7818cad155bef2,208,748-749,19852,トチノキ,ムクロジ科,exact_japanese_name,include,2026-07-11,原典画像（PDF p.208、冊子p.748-749）で「トチノキ」欄の「アトモンマルケシカミキリ」を確認。
kamikiri-derived-base-192-220-0253,species-22947,ナカジロサビカミキリ 基亜種,ナカジロサビカミキリ,日本産カミキリムシ,日本産カミキリムシ_compressed.pdf,52299895c14c1fd1c74279dca00f6fd9ba64d36d69e3bf3dd9c3a29a92802e77,efb17b5912fbb2c144dab4d99924dbc341e8f64054be7909dd7818cad155bef2,208,748-749,19852,トチノキ,ムクロジ科,exact_derived_base_name,include,2026-07-11,原典画像（PDF p.208、冊子p.748-749）で「トチノキ」欄の「ナカジロサビカミキリ」を確認。寄主索引の学名表記と種解説欄の同種群を照合し、名義亜種の三名法表記、または他亜種の独立見出し・別索引記載により現行の名義亜種IDへ帰属可能。 科名を「トチノキ科」から「ムクロジ科」へ現行体系で正規化。
kamikiri-derived-base-192-220-0255,species-22988,ハンノアオカミキリ 基亜種,ハンノアオカミキリ,日本産カミキリムシ,日本産カミキリムシ_compressed.pdf,52299895c14c1fd1c74279dca00f6fd9ba64d36d69e3bf3dd9c3a29a92802e77,efb17b5912fbb2c144dab4d99924dbc341e8f64054be7909dd7818cad155bef2,208,748-749,19852,トチノキ,ムクロジ科,exact_derived_base_name,include,2026-07-11,原典画像（PDF p.208、冊子p.748-749）で「トチノキ」欄の「ハンノアオカミキリ」を確認。寄主索引の学名表記と種解説欄の同種群を照合し、名義亜種の三名法表記、または他亜種の独立見出し・別索引記載により現行の名義亜種IDへ帰属可能。 科名を「トチノキ科」から「ムクロジ科」へ現行体系で正規化。
kamikiri-host-index-192-220-0098,species-22915,アトモンマルケシカミキリ,アトモンマルケシカミキリ,日本産カミキリムシ,日本産カミキリムシ_compressed.pdf,52299895c14c1fd1c74279dca00f6fd9ba64d36d69e3bf3dd9c3a29a92802e77,efb17b5912fbb2c144dab4d99924dbc341e8f64054be7909dd7818cad155bef2,208,748-749,19875,アワブキ,アワブキ科,exact_japanese_name,include,2026-07-11,原典画像（PDF p.208、冊子p.748-749）で「アワブキ」欄の「アトモンマルケシカミキリ」を確認。
kamikiri-host-index-192-220-0099,species-22959,オオシマサビカミキリ,オオシマハネナシサビカミキリ,日本産カミキリムシ,日本産カミキリムシ_compressed.pdf,52299895c14c1fd1c74279dca00f6fd9ba64d36d69e3bf3dd9c3a29a92802e77,efb17b5912fbb2c144dab4d99924dbc341e8f64054be7909dd7818cad155bef2,208,748-749,19879,ヤンバルアワブキ,アワブキ科,exact_alternative_name,include,2026-07-11,原典画像（PDF p.208、冊子p.748-749）で「ヤンバルアワブキ」欄の「オオシマハネナシサビカミキリ」を確認。
kamikiri-derived-base-192-220-0256,species-22755,ニセビロウドカミキリ 基亜種,ニセビロウドカミキリ,日本産カミキリムシ,日本産カミキリムシ_compressed.pdf,52299895c14c1fd1c74279dca00f6fd9ba64d36d69e3bf3dd9c3a29a92802e77,efb17b5912fbb2c144dab4d99924dbc341e8f64054be7909dd7818cad155bef2,208,748-749,19890,ミヤマハハン,アワブキ科,exact_derived_base_name,include,2026-07-11,原典画像（PDF p.208、冊子p.748-749）で「ミヤマハハン」欄の「ニセビロウドカミキリ」を確認。寄主索引の学名表記と種解説欄の同種群を照合し、名義亜種の三名法表記、または他亜種の独立見出し・別索引記載により現行の名義亜種IDへ帰属可能。
kamikiri-derived-base-192-220-0257,species-22123,ツマグロアメイロカミキリ 基亜種,ツマグロアメイロカミキリ,日本産カミキリムシ,日本産カミキリムシ_compressed.pdf,52299895c14c1fd1c74279dca00f6fd9ba64d36d69e3bf3dd9c3a29a92802e77,efb17b5912fbb2c144dab4d99924dbc341e8f64054be7909dd7818cad155bef2,208,748-749,19893,ツゲモチ,モチノキ科,exact_derived_base_name,needs_review,2026-07-11,原典画像（PDF p.208、冊子p.748-749）で「ツゲモチ」欄の「ツマグロアメイロカミキリ」を確認したが、寄主索引・種解説とも種レベルの表記である。現行 insects.csv には同種群が2亜種として登録されており、名義亜種IDへ一意に帰属できないため保留。
kamikiri-derived-base-192-220-0258,species-22123,ツマグロアメイロカミキリ 基亜種,ツマグロアメイロカミキリ,日本産カミキリムシ,日本産カミキリムシ_compressed.pdf,52299895c14c1fd1c74279dca00f6fd9ba64d36d69e3bf3dd9c3a29a92802e77,efb17b5912fbb2c144dab4d99924dbc341e8f64054be7909dd7818cad155bef2,209,750-751,19908,アオハダ,モチノキ科,exact_derived_base_name,needs_review,2026-07-11,原典画像（PDF p.209、冊子p.750-751）で「アオハダ」欄の「ツマグロアメイロカミキリ」を確認したが、寄主索引・種解説とも種レベルの表記である。現行 insects.csv には同種群が2亜種として登録されており、名義亜種IDへ一意に帰属できないため保留。
kamikiri-derived-base-192-220-0259,4-1,コバネカミキリ 基亜種,コバネカミキリ,日本産カミキリムシ,日本産カミキリムシ_compressed.pdf,52299895c14c1fd1c74279dca00f6fd9ba64d36d69e3bf3dd9c3a29a92802e77,efb17b5912fbb2c144dab4d99924dbc341e8f64054be7909dd7818cad155bef2,209,750-751,19913,ソヨゴ,モチノキ科,exact_derived_base_name,include,2026-07-11,原典画像（PDF p.209、冊子p.750-751）で「ソヨゴ」欄の「コバネカミキリ」を確認。寄主索引の学名表記と種解説欄の同種群を照合し、名義亜種の三名法表記、または他亜種の独立見出し・別索引記載により現行の名義亜種IDへ帰属可能。
kamikiri-derived-base-192-220-0260,species-22843,セミスジコブヒゲカミキリ 基亜種,セミスジコブヒゲカミキリ,日本産カミキリムシ,日本産カミキリムシ_compressed.pdf,52299895c14c1fd1c74279dca00f6fd9ba64d36d69e3bf3dd9c3a29a92802e77,efb17b5912fbb2c144dab4d99924dbc341e8f64054be7909dd7818cad155bef2,209,750-751,19913,ソヨゴ,モチノキ科,exact_derived_base_name,include,2026-07-11,原典画像（PDF p.209、冊子p.750-751）で「ソヨゴ」欄の「セミスジコブヒゲカミキリ」を確認。寄主索引の学名表記と種解説欄の同種群を照合し、名義亜種の三名法表記、または他亜種の独立見出し・別索引記載により現行の名義亜種IDへ帰属可能。
kamikiri-derived-base-192-220-0261,species-21990,フタオビミドリトラカミキリ 基亜種,フタオビミドリトラカミキリ,日本産カミキリムシ,日本産カミキリムシ_compressed.pdf,52299895c14c1fd1c74279dca00f6fd9ba64d36d69e3bf3dd9c3a29a92802e77,efb17b5912fbb2c144dab4d99924dbc341e8f64054be7909dd7818cad155bef2,209,750-751,19929,ツルウメモドキ,ニシキギ科,exact_derived_base_name,needs_review,2026-07-11,原典画像（PDF p.209、冊子p.750-751）で「ツルウメモドキ」欄の「フタオビミドリトラカミキリ」を確認したが、寄主索引・種解説とも種レベルの表記である。現行 insects.csv には同種群が7亜種として登録されており、名義亜種IDへ一意に帰属できないため保留。
kamikiri-derived-base-192-220-0262,species-22022,ヒメクロトラカミキリ 基亜種,ヒメクロトラカミキリ,日本産カミキリムシ,日本産カミキリムシ_compressed.pdf,52299895c14c1fd1c74279dca00f6fd9ba64d36d69e3bf3dd9c3a29a92802e77,efb17b5912fbb2c144dab4d99924dbc341e8f64054be7909dd7818cad155bef2,209,750-751,19929,ツルウメモドキ,ニシキギ科,exact_derived_base_name,include,2026-07-11,原典画像（PDF p.209、冊子p.750-751）で「ツルウメモドキ」欄の「ヒメクロトラカミキリ」を確認。寄主索引の学名表記と種解説欄の同種群を照合し、名義亜種の三名法表記、または他亜種の独立見出し・別索引記載により現行の名義亜種IDへ帰属可能。
kamikiri-host-index-192-220-0100,species-22642,シロオビチビカミキリ 基亜種,シロオビチビカミキリ,日本産カミキリムシ,日本産カミキリムシ_compressed.pdf,52299895c14c1fd1c74279dca00f6fd9ba64d36d69e3bf3dd9c3a29a92802e77,efb17b5912fbb2c144dab4d99924dbc341e8f64054be7909dd7818cad155bef2,209,750-751,19929,ツルウメモドキ,ニシキギ科,reviewed_source_crosswalk,include,2026-07-11,原典画像（PDF p.209、冊子p.750-751）で「ツルウメモドキ」欄の「シロオビチビカミキリ」を確認。
kamikiri-derived-base-192-220-0263,species-22934,ニイジマチビカミキリ 基亜種,ニイジマチビカミキリ,日本産カミキリムシ,日本産カミキリムシ_compressed.pdf,52299895c14c1fd1c74279dca00f6fd9ba64d36d69e3bf3dd9c3a29a92802e77,efb17b5912fbb2c144dab4d99924dbc341e8f64054be7909dd7818cad155bef2,209,750-751,19929,ツルウメモドキ,ニシキギ科,exact_derived_base_name,include,2026-07-11,原典画像（PDF p.209、冊子p.750-751）で「ツルウメモドキ」欄の「ニイジマチビカミキリ」を確認。寄主索引の学名表記と種解説欄の同種群を照合し、名義亜種の三名法表記、または他亜種の独立見出し・別索引記載により現行の名義亜種IDへ帰属可能。
kamikiri-host-index-192-220-0101,species-21910,ヒゲナガヒメカミキリ,ヒゲナガヒメカミキリ,日本産カミキリムシ,日本産カミキリムシ_compressed.pdf,52299895c14c1fd1c74279dca00f6fd9ba64d36d69e3bf3dd9c3a29a92802e77,efb17b5912fbb2c144dab4d99924dbc341e8f64054be7909dd7818cad155bef2,209,750-751,19956,テリハツルウメモドキ,ニシキギ科,exact_japanese_name,exclude_ocr_or_boundary,2026-07-11,原典画像（PDF p.209、冊子p.750-751）で「テリハツルウメモドキ」欄の「ヒゲナガヒメカミキリ」を確認。OCR境界誤認の植物名「イヌツルウメモドキ」を原典見出しどおり訂正。訂正後の寄主ペアは既存CSVに収録済みのため重複追加しない。
kamikiri-host-index-192-220-0103,species-22040,ムネモンアカネトラカミキリ 琉球北部亜種,アマミトラカミキリ,日本産カミキリムシ,日本産カミキリムシ_compressed.pdf,52299895c14c1fd1c74279dca00f6fd9ba64d36d69e3bf3dd9c3a29a92802e77,efb17b5912fbb2c144dab4d99924dbc341e8f64054be7909dd7818cad155bef2,209,750-751,19956,テリハツルウメモドキ,ニシキギ科,exact_alternative_name,include,2026-07-11,原典画像（PDF p.209、冊子p.750-751）で「テリハツルウメモドキ」欄の「アマミトラカミキリ」を確認。OCR境界誤認の植物名「イヌツルウメモドキ」を原典見出しどおり訂正。
kamikiri-host-index-192-220-0102,species-22083,ツヤケシヒゲナガコバネカミキリ,ツヤケシヒゲナガコバネカミキリ,日本産カミキリムシ,日本産カミキリムシ_compressed.pdf,52299895c14c1fd1c74279dca00f6fd9ba64d36d69e3bf3dd9c3a29a92802e77,efb17b5912fbb2c144dab4d99924dbc341e8f64054be7909dd7818cad155bef2,209,750-751,19956,テリハツルウメモドキ,ニシキギ科,exact_japanese_name,exclude_ocr_or_boundary,2026-07-11,原典画像（PDF p.209、冊子p.750-751）で「テリハツルウメモドキ」欄の「ツヤケシヒゲナガコバネカミキリ」を確認。OCR境界誤認の植物名「イヌツルウメモドキ」を原典見出しどおり訂正。訂正後の寄主ペアは既存CSVに収録済みのため重複追加しない。
kamikiri-host-index-192-220-0104,species-22645,オキナワクビジロカミキリ,オキナワクビジロカミキリ,日本産カミキリムシ,日本産カミキリムシ_compressed.pdf,52299895c14c1fd1c74279dca00f6fd9ba64d36d69e3bf3dd9c3a29a92802e77,efb17b5912fbb2c144dab4d99924dbc341e8f64054be7909dd7818cad155bef2,209,750-751,19956,テリハツルウメモドキ,ニシキギ科,exact_japanese_name,exclude_ocr_or_boundary,2026-07-11,原典画像（PDF p.209、冊子p.750-751）で「テリハツルウメモドキ」欄の「オキナワクビジロカミキリ」を確認。OCR境界誤認の植物名「イヌツルウメモドキ」を原典見出しどおり訂正。訂正後の寄主ペアは既存CSVに収録済みのため重複追加しない。
kamikiri-host-index-192-220-0105,species-22860,オオシマヤハズカミキリ,オオシマヤハズカミキリ,日本産カミキリムシ,日本産カミキリムシ_compressed.pdf,52299895c14c1fd1c74279dca00f6fd9ba64d36d69e3bf3dd9c3a29a92802e77,efb17b5912fbb2c144dab4d99924dbc341e8f64054be7909dd7818cad155bef2,209,750-751,19956,テリハツルウメモドキ,ニシキギ科,exact_japanese_name,exclude_ocr_or_boundary,2026-07-11,原典画像（PDF p.209、冊子p.750-751）で「テリハツルウメモドキ」欄の「オオシマヤハズカミキリ」を確認。OCR境界誤認の植物名「イヌツルウメモドキ」を原典見出しどおり訂正。訂正後の寄主ペアは既存CSVに収録済みのため重複追加しない。
kamikiri-host-index-192-220-0106,species-22746,センノカミキリ 基亜種,センノキカミキリ,日本産カミキリムシ,日本産カミキリムシ_compressed.pdf,52299895c14c1fd1c74279dca00f6fd9ba64d36d69e3bf3dd9c3a29a92802e77,efb17b5912fbb2c144dab4d99924dbc341e8f64054be7909dd7818cad155bef2,209,750-751,19975,ゴンズイ,ミツバウツギ科,exact_alternative_name,include,2026-07-11,原典画像（PDF p.209、冊子p.750-751）で「ゴンズイ」欄の「センノキカミキリ」を確認。
kamikiri-derived-base-192-220-0264,species-22786,ヒメヒゲナガカミキリ 基亜種,ヒメヒゲナガカミキリ,日本産カミキリムシ,日本産カミキリムシ_compressed.pdf,52299895c14c1fd1c74279dca00f6fd9ba64d36d69e3bf3dd9c3a29a92802e77,efb17b5912fbb2c144dab4d99924dbc341e8f64054be7909dd7818cad155bef2,209,750-751,19980,ミツバウツギ,ミツバウツギ科,exact_derived_base_name,include,2026-07-11,原典画像（PDF p.209、冊子p.750-751）で「ミツバウツギ」欄の「ヒメヒゲナガカミキリ」を確認。寄主索引の学名表記と種解説欄の同種群を照合し、名義亜種の三名法表記、または他亜種の独立見出し・別索引記載により現行の名義亜種IDへ帰属可能。
kamikiri-derived-base-192-220-0266,species-22786,ヒメヒゲナガカミキリ 基亜種,ヒメヒゲナガカミキリ,日本産カミキリムシ,日本産カミキリムシ_compressed.pdf,52299895c14c1fd1c74279dca00f6fd9ba64d36d69e3bf3dd9c3a29a92802e77,efb17b5912fbb2c144dab4d99924dbc341e8f64054be7909dd7818cad155bef2,210,752-753,19995,ケンポナシ,クロウメモドキ科,exact_derived_base_name,include,2026-07-11,原典画像（PDF p.210、冊子p.752-753）で「ケンポナシ」欄の「ヒメヒゲナガカミキリ」を確認。寄主索引の学名表記と種解説欄の同種群を照合し、名義亜種の三名法表記、または他亜種の独立見出し・別索引記載により現行の名義亜種IDへ帰属可能。
kamikiri-derived-base-192-220-0265,species-22963,トガリシロオビサビカミキリ 基亜種,トガリシロオビサビカミキリ,日本産カミキリムシ,日本産カミキリムシ_compressed.pdf,52299895c14c1fd1c74279dca00f6fd9ba64d36d69e3bf3dd9c3a29a92802e77,efb17b5912fbb2c144dab4d99924dbc341e8f64054be7909dd7818cad155bef2,210,752-753,19995,ケンポナシ,クロウメモドキ科,exact_derived_base_name,include,2026-07-11,原典画像（PDF p.210、冊子p.752-753）で「ケンポナシ」欄の「トガリシロオビサビカミキリ」を確認。寄主索引の学名表記と種解説欄の同種群を照合し、名義亜種の三名法表記、または他亜種の独立見出し・別索引記載により現行の名義亜種IDへ帰属可能。
kamikiri-host-index-192-220-0107,species-22040,ムネモンアカネトラカミキリ 琉球北部亜種,アマミトラカミキリ,日本産カミキリムシ,日本産カミキリムシ_compressed.pdf,52299895c14c1fd1c74279dca00f6fd9ba64d36d69e3bf3dd9c3a29a92802e77,efb17b5912fbb2c144dab4d99924dbc341e8f64054be7909dd7818cad155bef2,210,752-753,20009,テリハノブドウ,ブドウ科,exact_alternative_name,include,2026-07-11,原典画像（PDF p.210、冊子p.752-753）で「テリハノブドウ」欄の「アマミトラカミキリ」を確認。
kamikiri-derived-base-192-220-0267,species-22633,アトモンチビカミキリ 基亜種,アトモンチビカミキリ,日本産カミキリムシ,日本産カミキリムシ_compressed.pdf,52299895c14c1fd1c74279dca00f6fd9ba64d36d69e3bf3dd9c3a29a92802e77,efb17b5912fbb2c144dab4d99924dbc341e8f64054be7909dd7818cad155bef2,210,752-753,20009,テリハノブドウ,ブドウ科,exact_derived_base_name,include,2026-07-11,原典画像（PDF p.210、冊子p.752-753）で「テリハノブドウ」欄の「アトモンチビカミキリ」を確認。寄主索引の学名表記と種解説欄の同種群を照合し、名義亜種の三名法表記、または他亜種の独立見出し・別索引記載により現行の名義亜種IDへ帰属可能。 原典では Sybra oshimana と Sybra mimogeminata（現行の先島諸島亜種）を別種の独立見出しで記載しており、S. oshimana 側へ帰属できる。
kamikiri-host-index-192-220-0108,species-22894,オキナワゴマフカミキリ 吐噶喇奄美亜種,トカラオキナワゴマフカミキリ,日本産カミキリムシ,日本産カミキリムシ_compressed.pdf,52299895c14c1fd1c74279dca00f6fd9ba64d36d69e3bf3dd9c3a29a92802e77,efb17b5912fbb2c144dab4d99924dbc341e8f64054be7909dd7818cad155bef2,210,752-753,20020,ノブドウ,ブドウ科,exact_alternative_name,include,2026-07-11,原典画像（PDF p.210、冊子p.752-753）で「ノブドウ」欄の「トカラオキナワゴマフカミキリ」を確認。
kamikiri-derived-base-192-220-0268,species-22994,リュウキュウルリボシカミキリ 基亜種,リュウキュウルリボシカミキリ,日本産カミキリムシ,日本産カミキリムシ_compressed.pdf,52299895c14c1fd1c74279dca00f6fd9ba64d36d69e3bf3dd9c3a29a92802e77,efb17b5912fbb2c144dab4d99924dbc341e8f64054be7909dd7818cad155bef2,210,752-753,20020,ノブドウ,ブドウ科,exact_derived_base_name,include,2026-07-11,原典画像（PDF p.210、冊子p.752-753）で「ノブドウ」欄の「リュウキュウルリボシカミキリ」を確認。寄主索引の学名表記と種解説欄の同種群を照合し、名義亜種の三名法表記、または他亜種の独立見出し・別索引記載により現行の名義亜種IDへ帰属可能。
kamikiri-host-index-192-220-0111,species-21973,キンケトラカミキリ,キンケトラカミキリ,日本産カミキリムシ,日本産カミキリムシ_compressed.pdf,52299895c14c1fd1c74279dca00f6fd9ba64d36d69e3bf3dd9c3a29a92802e77,efb17b5912fbb2c144dab4d99924dbc341e8f64054be7909dd7818cad155bef2,210,752-753,20034,ノブドウ,ブドウ科,exact_japanese_name,include,2026-07-11,原典画像（PDF p.210、冊子p.752-753）で「ノブドウ」欄の「キンケトラカミキリ」を確認。
kamikiri-host-index-192-220-0110,species-21976,キスジトラカミキリ,キスジトラカミキリ,日本産カミキリムシ,日本産カミキリムシ_compressed.pdf,52299895c14c1fd1c74279dca00f6fd9ba64d36d69e3bf3dd9c3a29a92802e77,efb17b5912fbb2c144dab4d99924dbc341e8f64054be7909dd7818cad155bef2,210,752-753,20034,ノブドウ,ブドウ科,exact_japanese_name,include,2026-07-11,原典画像（PDF p.210、冊子p.752-753）で「ノブドウ」欄の「キスジトラカミキリ」を確認。
kamikiri-host-index-192-220-0112,species-21988,エグリトラカミキリ,エグリトラカミキリ,日本産カミキリムシ,日本産カミキリムシ_compressed.pdf,52299895c14c1fd1c74279dca00f6fd9ba64d36d69e3bf3dd9c3a29a92802e77,efb17b5912fbb2c144dab4d99924dbc341e8f64054be7909dd7818cad155bef2,210,752-753,20034,ノブドウ,ブドウ科,exact_japanese_name,include,2026-07-11,原典画像（PDF p.210、冊子p.752-753）で「ノブドウ」欄の「エグリトラカミキリ」を確認。
kamikiri-derived-base-192-220-0270,species-22354,チャイロヒメハナカミキリ 基亜種,チャイロヒメハナカミキリ,日本産カミキリムシ,日本産カミキリムシ_compressed.pdf,52299895c14c1fd1c74279dca00f6fd9ba64d36d69e3bf3dd9c3a29a92802e77,efb17b5912fbb2c144dab4d99924dbc341e8f64054be7909dd7818cad155bef2,210,752-753,20034,ノブドウ,ブドウ科,exact_derived_base_name,include,2026-07-11,原典画像（PDF p.210、冊子p.752-753）で「ノブドウ」欄の「チャイロヒメハナカミキリ」を確認。寄主索引の学名表記と種解説欄の同種群を照合し、名義亜種の三名法表記、または他亜種の独立見出し・別索引記載により現行の名義亜種IDへ帰属可能。
kamikiri-host-index-192-220-0109,species-22440,キバネニセハムシハナカミキリ,キバネニセハムシハナカミキリ,日本産カミキリムシ,日本産カミキリムシ_compressed.pdf,52299895c14c1fd1c74279dca00f6fd9ba64d36d69e3bf3dd9c3a29a92802e77,efb17b5912fbb2c144dab4d99924dbc341e8f64054be7909dd7818cad155bef2,210,752-753,20034,ノブドウ,ブドウ科,exact_japanese_name,include,2026-07-11,原典画像（PDF p.210、冊子p.752-753）で「ノブドウ」欄の「キバネニセハムシハナカミキリ」を確認。
kamikiri-derived-base-192-220-0269,species-22856,ヤハズカミキリ 基亜種,ヤハズカミキリ,日本産カミキリムシ,日本産カミキリムシ_compressed.pdf,52299895c14c1fd1c74279dca00f6fd9ba64d36d69e3bf3dd9c3a29a92802e77,efb17b5912fbb2c144dab4d99924dbc341e8f64054be7909dd7818cad155bef2,210,752-753,20034,ノブドウ,ブドウ科,exact_derived_base_name,include,2026-07-11,原典画像（PDF p.210、冊子p.752-753）で「ノブドウ」欄の「ヤハズカミキリ」を確認。寄主索引の学名表記と種解説欄の同種群を照合し、名義亜種の三名法表記、または他亜種の独立見出し・別索引記載により現行の名義亜種IDへ帰属可能。
kamikiri-host-index-192-220-0113,species-22941,クワサビカミキリ,クワサビカミキリ,日本産カミキリムシ,日本産カミキリムシ_compressed.pdf,52299895c14c1fd1c74279dca00f6fd9ba64d36d69e3bf3dd9c3a29a92802e77,efb17b5912fbb2c144dab4d99924dbc341e8f64054be7909dd7818cad155bef2,210,752-753,20034,ノブドウ,ブドウ科,exact_japanese_name,include,2026-07-11,原典画像（PDF p.210、冊子p.752-753）で「ノブドウ」欄の「クワサビカミキリ」を確認。
kamikiri-derived-base-192-220-0271,13-1,ノコギリカミキリ 基亜種,ノコギリカミキリ,日本産カミキリムシ,日本産カミキリムシ_compressed.pdf,52299895c14c1fd1c74279dca00f6fd9ba64d36d69e3bf3dd9c3a29a92802e77,efb17b5912fbb2c144dab4d99924dbc341e8f64054be7909dd7818cad155bef2,210,752-753,20053,ヨーロッパブドウ,ブドウ科,exact_derived_base_name,include,2026-07-11,原典画像（PDF p.210、冊子p.752-753）で「ヨーロッパブドウ」欄の「ノコギリカミキリ」を確認。寄主索引の学名表記と種解説欄の同種群を照合し、名義亜種の三名法表記、または他亜種の独立見出し・別索引記載により現行の名義亜種IDへ帰属可能。
kamikiri-derived-base-192-220-0272,species-21888,チャイロチビヒラタカミキリ 基亜種,チャイロチビヒラタカミキリ,日本産カミキリムシ,日本産カミキリムシ_compressed.pdf,52299895c14c1fd1c74279dca00f6fd9ba64d36d69e3bf3dd9c3a29a92802e77,efb17b5912fbb2c144dab4d99924dbc341e8f64054be7909dd7818cad155bef2,210,752-753,20061,ブドウ,ブドウ科,exact_derived_base_name,needs_review,2026-07-11,原典画像（PDF p.210、冊子p.752-753）で「ブドウ」欄の「チャイロチビヒラタカミキリ」を確認したが、寄主索引・種解説とも種レベルの表記である。現行 insects.csv には同種群が2亜種として登録されており、名義亜種IDへ一意に帰属できないため保留。
kamikiri-host-index-192-220-0114,1-3,ウスバカミキリ 小笠原諸島亜種,オガサワラウスバカミキリ,日本産カミキリムシ,日本産カミキリムシ_compressed.pdf,52299895c14c1fd1c74279dca00f6fd9ba64d36d69e3bf3dd9c3a29a92802e77,efb17b5912fbb2c144dab4d99924dbc341e8f64054be7909dd7818cad155bef2,210,752-753,20070,シマホルトノキ,ホルトノキ科,reviewed_source_crosswalk,include,2026-07-11,原典画像（PDF p.210、冊子p.752-753）で「シマホルトノキ」欄の「オガサワラウスバカミキリ」を確認。
kamikiri-derived-base-192-220-0273,5-1,オガサワラコバネカミキリ 基亜種,オガサワラコバネカミキリ,日本産カミキリムシ,日本産カミキリムシ_compressed.pdf,52299895c14c1fd1c74279dca00f6fd9ba64d36d69e3bf3dd9c3a29a92802e77,efb17b5912fbb2c144dab4d99924dbc341e8f64054be7909dd7818cad155bef2,210,752-753,20070,シマホルトノキ,ホルトノキ科,exact_derived_base_name,include,2026-07-11,原典画像（PDF p.210、冊子p.752-753）で「シマホルトノキ」欄の「オガサワラコバネカミキリ」を確認。寄主索引の学名表記と種解説欄の同種群を照合し、名義亜種の三名法表記、または他亜種の独立見出し・別索引記載により現行の名義亜種IDへ帰属可能。
kamikiri-derived-base-192-220-0275,species-22004,フッケントラカミキリ 基亜種,フッケントラカミキリ,日本産カミキリムシ,日本産カミキリムシ_compressed.pdf,52299895c14c1fd1c74279dca00f6fd9ba64d36d69e3bf3dd9c3a29a92802e77,efb17b5912fbb2c144dab4d99924dbc341e8f64054be7909dd7818cad155bef2,210,752-753,20073,ホルトノキ,ホルトノキ科,exact_derived_base_name,needs_review,2026-07-11,原典画像（PDF p.210、冊子p.752-753）で「ホルトノキ」欄の「フッケントラカミキリ」を確認したが、寄主索引・種解説とも種レベルの表記である。現行 insects.csv には同種群が2亜種として登録されており、名義亜種IDへ一意に帰属できないため保留。
kamikiri-derived-base-192-220-0274,species-22123,ツマグロアメイロカミキリ 基亜種,ツマグロアメイロカミキリ,日本産カミキリムシ,日本産カミキリムシ_compressed.pdf,52299895c14c1fd1c74279dca00f6fd9ba64d36d69e3bf3dd9c3a29a92802e77,efb17b5912fbb2c144dab4d99924dbc341e8f64054be7909dd7818cad155bef2,210,752-753,20073,ホルトノキ,ホルトノキ科,exact_derived_base_name,needs_review,2026-07-11,原典画像（PDF p.210、冊子p.752-753）で「ホルトノキ」欄の「ツマグロアメイロカミキリ」を確認したが、寄主索引・種解説とも種レベルの表記である。現行 insects.csv には同種群が2亜種として登録されており、名義亜種IDへ一意に帰属できないため保留。
kamikiri-host-index-192-220-0115,species-22959,オオシマサビカミキリ,オオシマハネナシサビカミキリ,日本産カミキリムシ,日本産カミキリムシ_compressed.pdf,52299895c14c1fd1c74279dca00f6fd9ba64d36d69e3bf3dd9c3a29a92802e77,efb17b5912fbb2c144dab4d99924dbc341e8f64054be7909dd7818cad155bef2,210,752-753,20073,ホルトノキ,ホルトノキ科,exact_alternative_name,include,2026-07-11,原典画像（PDF p.210、冊子p.752-753）で「ホルトノキ」欄の「オオシマハネナシサビカミキリ」を確認。
kamikiri-derived-base-192-220-0276,1-1,ウスバカミキリ 基亜種,ウスバカミキリ,日本産カミキリムシ,日本産カミキリムシ_compressed.pdf,52299895c14c1fd1c74279dca00f6fd9ba64d36d69e3bf3dd9c3a29a92802e77,efb17b5912fbb2c144dab4d99924dbc341e8f64054be7909dd7818cad155bef2,210,752-753,20080,シナノキ,アオイ科,exact_derived_base_name,include,2026-07-11,原典画像（PDF p.210、冊子p.752-753）で「シナノキ」欄の「ウスバカミキリ」を確認。寄主索引の学名表記と種解説欄の同種群を照合し、名義亜種の三名法表記、または他亜種の独立見出し・別索引記載により現行の名義亜種IDへ帰属可能。 科名を「シナノキ科」から「アオイ科」へ現行体系で正規化。
kamikiri-derived-base-192-220-0277,13-1,ノコギリカミキリ 基亜種,ノコギリカミキリ,日本産カミキリムシ,日本産カミキリムシ_compressed.pdf,52299895c14c1fd1c74279dca00f6fd9ba64d36d69e3bf3dd9c3a29a92802e77,efb17b5912fbb2c144dab4d99924dbc341e8f64054be7909dd7818cad155bef2,210,752-753,20080,シナノキ,アオイ科,exact_derived_base_name,include,2026-07-11,原典画像（PDF p.210、冊子p.752-753）で「シナノキ」欄の「ノコギリカミキリ」を確認。寄主索引の学名表記と種解説欄の同種群を照合し、名義亜種の三名法表記、または他亜種の独立見出し・別索引記載により現行の名義亜種IDへ帰属可能。 科名を「シナノキ科」から「アオイ科」へ現行体系で正規化。
kamikiri-derived-base-192-220-0278,4-1,コバネカミキリ 基亜種,コバネカミキリ,日本産カミキリムシ,日本産カミキリムシ_compressed.pdf,52299895c14c1fd1c74279dca00f6fd9ba64d36d69e3bf3dd9c3a29a92802e77,efb17b5912fbb2c144dab4d99924dbc341e8f64054be7909dd7818cad155bef2,210,752-753,20080,シナノキ,アオイ科,exact_derived_base_name,include,2026-07-11,原典画像（PDF p.210、冊子p.752-753）で「シナノキ」欄の「コバネカミキリ」を確認。寄主索引の学名表記と種解説欄の同種群を照合し、名義亜種の三名法表記、または他亜種の独立見出し・別索引記載により現行の名義亜種IDへ帰属可能。 科名を「シナノキ科」から「アオイ科」へ現行体系で正規化。
kamikiri-derived-base-192-220-0279,species-22251,ヨツスジハナカミキリ 基亜種,ヨツスジハナカミキリ,日本産カミキリムシ,日本産カミキリムシ_compressed.pdf,52299895c14c1fd1c74279dca00f6fd9ba64d36d69e3bf3dd9c3a29a92802e77,efb17b5912fbb2c144dab4d99924dbc341e8f64054be7909dd7818cad155bef2,210,752-753,20080,シナノキ,アオイ科,exact_derived_base_name,include,2026-07-11,原典画像（PDF p.210、冊子p.752-753）で「シナノキ」欄の「ヨツスジハナカミキリ」を確認。寄主索引の学名表記と種解説欄の同種群を照合し、名義亜種の三名法表記、または他亜種の独立見出し・別索引記載により現行の名義亜種IDへ帰属可能。 科名を「シナノキ科」から「アオイ科」へ現行体系で正規化。
kamikiri-host-index-192-220-0116,species-22033,クワヤマトラカミキリ,クワヤマトラカミキリ,日本産カミキリムシ,日本産カミキリムシ_compressed.pdf,52299895c14c1fd1c74279dca00f6fd9ba64d36d69e3bf3dd9c3a29a92802e77,efb17b5912fbb2c144dab4d99924dbc341e8f64054be7909dd7818cad155bef2,211,754-755,20137,シナノキ類,シナノキ科,exact_japanese_name,exclude_ocr_or_boundary,2026-07-11,原典画像（PDF p.211、冊子p.754-755）で「シナノキ類」欄の「クワヤマトラカミキリ」を確認。OCR境界誤認の植物名「オオバボダイジュ」を原典見出しどおり訂正。訂正後の寄主ペアは既存CSVに収録済みのため重複追加しない。
kamikiri-host-index-192-220-0117,species-22867,タテスジゴマフカミキリ,タテスジゴマフカミキリ,日本産カミキリムシ,日本産カミキリムシ_compressed.pdf,52299895c14c1fd1c74279dca00f6fd9ba64d36d69e3bf3dd9c3a29a92802e77,efb17b5912fbb2c144dab4d99924dbc341e8f64054be7909dd7818cad155bef2,211,754-755,20137,シナノキ類,シナノキ科,exact_japanese_name,exclude_ocr_or_boundary,2026-07-11,原典画像（PDF p.211、冊子p.754-755）で「シナノキ類」欄の「タテスジゴマフカミキリ」を確認。OCR境界誤認の植物名「オオバボダイジュ」を原典見出しどおり訂正。訂正後の寄主ペアは既存CSVに収録済みのため重複追加しない。
kamikiri-derived-base-192-220-0280,species-22509,モモブトトゲバカミキリ 基亜種,モモブトトゲバカミキリ,日本産カミキリムシ,日本産カミキリムシ_compressed.pdf,52299895c14c1fd1c74279dca00f6fd9ba64d36d69e3bf3dd9c3a29a92802e77,efb17b5912fbb2c144dab4d99924dbc341e8f64054be7909dd7818cad155bef2,211,754-755,20154,オオハマボウ,アオイ科,exact_derived_base_name,include,2026-07-11,原典画像（PDF p.211、冊子p.754-755）で「オオハマボウ」欄の「モモブトトゲバカミキリ」を確認。寄主索引の学名表記と種解説欄の同種群を照合し、名義亜種の三名法表記、または他亜種の独立見出し・別索引記載により現行の名義亜種IDへ帰属可能。 段組み境界（前見出し「ムクゲ」から次見出し「オオハマボウ」）を画像で補正。
kamikiri-host-index-192-220-0121,species-22602,フタホシサビカミキリ,フタホシサビカミキリ,日本産カミキリムシ,日本産カミキリムシ_compressed.pdf,52299895c14c1fd1c74279dca00f6fd9ba64d36d69e3bf3dd9c3a29a92802e77,efb17b5912fbb2c144dab4d99924dbc341e8f64054be7909dd7818cad155bef2,211,754-755,20154,オオハマボウ,アオイ科,exact_japanese_name,exclude_ocr_or_boundary,2026-07-11,原典画像（PDF p.211、冊子p.754-755）で「オオハマボウ」欄の「フタホシサビカミキリ」を確認。OCR境界誤認の植物名「ムクゲ」を原典見出しどおり訂正。訂正後の寄主ペアは既存CSVに収録済みのため重複追加しない。
kamikiri-host-index-192-220-0120,species-22629,ミヤコアヤモンチビカミキリ,ミヤコアヤモンチビカミキリ,日本産カミキリムシ,日本産カミキリムシ_compressed.pdf,52299895c14c1fd1c74279dca00f6fd9ba64d36d69e3bf3dd9c3a29a92802e77,efb17b5912fbb2c144dab4d99924dbc341e8f64054be7909dd7818cad155bef2,211,754-755,20154,オオハマボウ,アオイ科,reviewed_source_crosswalk,exclude_ocr_or_boundary,2026-07-11,原典画像（PDF p.211、冊子p.754-755）で「オオハマボウ」欄の「ミヤコアヤモンチビカミキリ」を確認。OCR境界誤認の植物名「ムクゲ」を原典見出しどおり訂正。訂正後の寄主ペアは既存CSVに収録済みのため重複追加しない。
kamikiri-host-index-192-220-0119,species-22638,サキシマアトモンチビカミキリ,サキシマアトモンチビカミキリ,日本産カミキリムシ,日本産カミキリムシ_compressed.pdf,52299895c14c1fd1c74279dca00f6fd9ba64d36d69e3bf3dd9c3a29a92802e77,efb17b5912fbb2c144dab4d99924dbc341e8f64054be7909dd7818cad155bef2,211,754-755,20154,オオハマボウ,アオイ科,exact_japanese_name,exclude_ocr_or_boundary,2026-07-11,原典画像（PDF p.211、冊子p.754-755）で「オオハマボウ」欄の「サキシマアトモンチビカミキリ」を確認。OCR境界誤認の植物名「ムクゲ」を原典見出しどおり訂正。訂正後の寄主ペアは既存CSVに収録済みのため重複追加しない。
kamikiri-host-index-192-220-0124,species-22780,キマダラヒメヒゲナガカミキリ,キマダラヒメヒゲナガカミキリ,日本産カミキリムシ,日本産カミキリムシ_compressed.pdf,52299895c14c1fd1c74279dca00f6fd9ba64d36d69e3bf3dd9c3a29a92802e77,efb17b5912fbb2c144dab4d99924dbc341e8f64054be7909dd7818cad155bef2,211,754-755,20154,オオハマボウ,アオイ科,exact_japanese_name,exclude_ocr_or_boundary,2026-07-11,原典画像（PDF p.211、冊子p.754-755）で「オオハマボウ」欄の「キマダラヒメヒゲナガカミキリ」を確認。OCR境界誤認の植物名「ムクゲ」を原典見出しどおり訂正。訂正後の寄主ペアは既存CSVに収録済みのため重複追加しない。
kamikiri-host-index-192-220-0118,species-22881,アシナガゴマフカミキリ,アシナガゴマフカミキリ,日本産カミキリムシ,日本産カミキリムシ_compressed.pdf,52299895c14c1fd1c74279dca00f6fd9ba64d36d69e3bf3dd9c3a29a92802e77,efb17b5912fbb2c144dab4d99924dbc341e8f64054be7909dd7818cad155bef2,211,754-755,20154,オオハマボウ,アオイ科,exact_japanese_name,exclude_ocr_or_boundary,2026-07-11,原典画像（PDF p.211、冊子p.754-755）で「オオハマボウ」欄の「アシナガゴマフカミキリ」を確認。OCR境界誤認の植物名「ムクゲ」を原典見出しどおり訂正。訂正後の寄主ペアは既存CSVに収録済みのため重複追加しない。
kamikiri-host-index-192-220-0123,species-22950,ワモンサビカミキリ,ワモンサビカミキリ,日本産カミキリムシ,日本産カミキリムシ_compressed.pdf,52299895c14c1fd1c74279dca00f6fd9ba64d36d69e3bf3dd9c3a29a92802e77,efb17b5912fbb2c144dab4d99924dbc341e8f64054be7909dd7818cad155bef2,211,754-755,20154,オオハマボウ,アオイ科,exact_japanese_name,exclude_ocr_or_boundary,2026-07-11,原典画像（PDF p.211、冊子p.754-755）で「オオハマボウ」欄の「ワモンサビカミキリ」を確認。OCR境界誤認の植物名「ムクゲ」を原典見出しどおり訂正。訂正後の寄主ペアは既存CSVに収録済みのため重複追加しない。
kamikiri-host-index-192-220-0122,species-22966,イシガキシロオビサビカミキリ,イシガキシロオビサビカミキリ,日本産カミキリムシ,日本産カミキリムシ_compressed.pdf,52299895c14c1fd1c74279dca00f6fd9ba64d36d69e3bf3dd9c3a29a92802e77,efb17b5912fbb2c144dab4d99924dbc341e8f64054be7909dd7818cad155bef2,211,754-755,20154,オオハマボウ,アオイ科,exact_japanese_name,exclude_ocr_or_boundary,2026-07-11,原典画像（PDF p.211、冊子p.754-755）で「オオハマボウ」欄の「イシガキシロオビサビカミキリ」を確認。OCR境界誤認の植物名「ムクゲ」を原典見出しどおり訂正。訂正後の寄主ペアは既存CSVに収録済みのため重複追加しない。
kamikiri-derived-base-192-220-0281,species-23002,スジシロカミキリ 基亜種,スジシロカミキリ,日本産カミキリムシ,日本産カミキリムシ_compressed.pdf,52299895c14c1fd1c74279dca00f6fd9ba64d36d69e3bf3dd9c3a29a92802e77,efb17b5912fbb2c144dab4d99924dbc341e8f64054be7909dd7818cad155bef2,211,754-755,20154,オオハマボウ,アオイ科,exact_derived_base_name,include,2026-07-11,原典画像（PDF p.211、冊子p.754-755）で「オオハマボウ」欄の「スジシロカミキリ」を確認。寄主索引の学名表記と種解説欄の同種群を照合し、名義亜種の三名法表記、または他亜種の独立見出し・別索引記載により現行の名義亜種IDへ帰属可能。 段組み境界（前見出し「ムクゲ」から次見出し「オオハマボウ」）を画像で補正。
kamikiri-host-index-192-220-0125,species-23009,ヒメスジシロカミキリ,ヒメスジシロカミキリ,日本産カミキリムシ,日本産カミキリムシ_compressed.pdf,52299895c14c1fd1c74279dca00f6fd9ba64d36d69e3bf3dd9c3a29a92802e77,efb17b5912fbb2c144dab4d99924dbc341e8f64054be7909dd7818cad155bef2,211,754-755,20154,オオハマボウ,アオイ科,exact_japanese_name,exclude_ocr_or_boundary,2026-07-11,原典画像（PDF p.211、冊子p.754-755）で「オオハマボウ」欄の「ヒメスジシロカミキリ」を確認。OCR境界誤認の植物名「ムクゲ」を原典見出しどおり訂正。訂正後の寄主ペアは既存CSVに収録済みのため重複追加しない。
kamikiri-derived-base-192-220-0282,species-21921,アメイロカミキリ 基亜種,アメイロカミキリ,日本産カミキリムシ,日本産カミキリムシ_compressed.pdf,52299895c14c1fd1c74279dca00f6fd9ba64d36d69e3bf3dd9c3a29a92802e77,efb17b5912fbb2c144dab4d99924dbc341e8f64054be7909dd7818cad155bef2,211,754-755,20190,キブシ,キブシ科,exact_derived_base_name,include,2026-07-11,原典画像（PDF p.211、冊子p.754-755）で「キブシ」欄の「アメイロカミキリ」を確認。寄主索引の学名表記と種解説欄の同種群を照合し、名義亜種の三名法表記、または他亜種の独立見出し・別索引記載により現行の名義亜種IDへ帰属可能。
kamikiri-host-index-192-220-0126,species-22040,ムネモンアカネトラカミキリ 琉球北部亜種,アマミトラカミキリ,日本産カミキリムシ,日本産カミキリムシ_compressed.pdf,52299895c14c1fd1c74279dca00f6fd9ba64d36d69e3bf3dd9c3a29a92802e77,efb17b5912fbb2c144dab4d99924dbc341e8f64054be7909dd7818cad155bef2,212,756-757,20232,シマサルスベリ,ミソハギ科,exact_alternative_name,include,2026-07-11,原典画像（PDF p.212、冊子p.756-757）で「シマサルスベリ」欄の「アマミトラカミキリ」を確認。
kamikiri-host-index-192-220-0127,species-22746,センノカミキリ 基亜種,センノキカミキリ,日本産カミキリムシ,日本産カミキリムシ_compressed.pdf,52299895c14c1fd1c74279dca00f6fd9ba64d36d69e3bf3dd9c3a29a92802e77,efb17b5912fbb2c144dab4d99924dbc341e8f64054be7909dd7818cad155bef2,213,758-759,20323,ウド,ウコギ科,exact_alternative_name,include,2026-07-11,原典画像（PDF p.213、冊子p.758-759）で「ウド」欄の「センノキカミキリ」を確認。
kamikiri-host-index-192-220-0128,species-22746,センノカミキリ 基亜種,センノキカミキリ,日本産カミキリムシ,日本産カミキリムシ_compressed.pdf,52299895c14c1fd1c74279dca00f6fd9ba64d36d69e3bf3dd9c3a29a92802e77,efb17b5912fbb2c144dab4d99924dbc341e8f64054be7909dd7818cad155bef2,213,758-759,20325,タラノキ,ウコギ科,exact_alternative_name,include,2026-07-11,原典画像（PDF p.213、冊子p.758-759）で「タラノキ」欄の「センノキカミキリ」を確認。
kamikiri-derived-base-192-220-0283,species-22755,ニセビロウドカミキリ 基亜種,ニセビロウドカミキリ,日本産カミキリムシ,日本産カミキリムシ_compressed.pdf,52299895c14c1fd1c74279dca00f6fd9ba64d36d69e3bf3dd9c3a29a92802e77,efb17b5912fbb2c144dab4d99924dbc341e8f64054be7909dd7818cad155bef2,213,758-759,20325,タラノキ,ウコギ科,exact_derived_base_name,include,2026-07-11,原典画像（PDF p.213、冊子p.758-759）で「タラノキ」欄の「ニセビロウドカミキリ」を確認。寄主索引の学名表記と種解説欄の同種群を照合し、名義亜種の三名法表記、または他亜種の独立見出し・別索引記載により現行の名義亜種IDへ帰属可能。
kamikiri-host-index-192-220-0129,species-22746,センノカミキリ 基亜種,センノキカミキリ,日本産カミキリムシ,日本産カミキリムシ_compressed.pdf,52299895c14c1fd1c74279dca00f6fd9ba64d36d69e3bf3dd9c3a29a92802e77,efb17b5912fbb2c144dab4d99924dbc341e8f64054be7909dd7818cad155bef2,213,758-759,20373,セイヨウキジタ,ウコギ科,exact_alternative_name,include,2026-07-11,原典画像（PDF p.213、冊子p.758-759）で「セイヨウキジタ」欄の「センノキカミキリ」を確認。
kamikiri-derived-base-192-220-0284,species-22594,サタサビカミキリ 基亜種,サタサビカミキリ,日本産カミキリムシ,日本産カミキリムシ_compressed.pdf,52299895c14c1fd1c74279dca00f6fd9ba64d36d69e3bf3dd9c3a29a92802e77,efb17b5912fbb2c144dab4d99924dbc341e8f64054be7909dd7818cad155bef2,213,758-759,20377,キツタ類,ウコギ科,exact_derived_base_name,needs_review,2026-07-11,原典画像（PDF p.213、冊子p.758-759）で「キツタ類」欄の「サタサビカミキリ」を確認したが、寄主索引・種解説とも種レベルの表記である。現行 insects.csv には同種群が3亜種として登録されており、名義亜種IDへ一意に帰属できないため保留。
kamikiri-host-index-192-220-0130,species-22746,センノカミキリ 基亜種,センノキカミキリ,日本産カミキリムシ,日本産カミキリムシ_compressed.pdf,52299895c14c1fd1c74279dca00f6fd9ba64d36d69e3bf3dd9c3a29a92802e77,efb17b5912fbb2c144dab4d99924dbc341e8f64054be7909dd7818cad155bef2,213,758-759,20379,ハリギリ,ウコギ科,exact_alternative_name,include,2026-07-11,原典画像（PDF p.213、冊子p.758-759）で「ハリギリ」欄の「センノキカミキリ」を確認。
kamikiri-host-index-192-220-0131,species-22965,アトモンサビカミキリ,アトモンサビカミキリ,日本産カミキリムシ,日本産カミキリムシ_compressed.pdf,52299895c14c1fd1c74279dca00f6fd9ba64d36d69e3bf3dd9c3a29a92802e77,efb17b5912fbb2c144dab4d99924dbc341e8f64054be7909dd7818cad155bef2,213,758-759,20417,フカノキ,ウコギ科,exact_japanese_name,include,2026-07-11,原典画像（PDF p.213、冊子p.758-759）で「フカノキ」欄の「アトモンサビカミキリ」を確認。
kamikiri-host-index-192-220-0132,species-22311,アオバホソハナカミキリ 本土亜種,ホンドアオバホソハナカミキリ,日本産カミキリムシ,日本産カミキリムシ_compressed.pdf,52299895c14c1fd1c74279dca00f6fd9ba64d36d69e3bf3dd9c3a29a92802e77,efb17b5912fbb2c144dab4d99924dbc341e8f64054be7909dd7818cad155bef2,213,758-759,20421,リョウブ,リョウブ科,exact_alternative_name,include,2026-07-11,原典画像（PDF p.213、冊子p.758-759）で「リョウブ」欄の「ホンドアオバホソハナカミキリ」を確認。
kamikiri-host-index-192-220-0133,species-22311,アオバホソハナカミキリ 本土亜種,ホンドアオバホソハナカミキリ,日本産カミキリムシ,日本産カミキリムシ_compressed.pdf,52299895c14c1fd1c74279dca00f6fd9ba64d36d69e3bf3dd9c3a29a92802e77,efb17b5912fbb2c144dab4d99924dbc341e8f64054be7909dd7818cad155bef2,214,760-761,20452,アセビ,ツツジ科,exact_alternative_name,include,2026-07-11,原典画像（PDF p.214、冊子p.760-761）で「アセビ」欄の「ホンドアオバホソハナカミキリ」を確認。
kamikiri-host-index-192-220-0134,1-3,ウスバカミキリ 小笠原諸島亜種,オガサワラウスバカミキリ,日本産カミキリムシ,日本産カミキリムシ_compressed.pdf,52299895c14c1fd1c74279dca00f6fd9ba64d36d69e3bf3dd9c3a29a92802e77,efb17b5912fbb2c144dab4d99924dbc341e8f64054be7909dd7818cad155bef2,214,760-761,20484,モクタチバナ,サクラソウ科,reviewed_source_crosswalk,include,2026-07-11,原典画像（PDF p.214、冊子p.760-761）で「モクタチバナ」欄の「オガサワラウスバカミキリ」を確認。
kamikiri-derived-base-192-220-0285,5-1,オガサワラコバネカミキリ 基亜種,オガサワラコバネカミキリ,日本産カミキリムシ,日本産カミキリムシ_compressed.pdf,52299895c14c1fd1c74279dca00f6fd9ba64d36d69e3bf3dd9c3a29a92802e77,efb17b5912fbb2c144dab4d99924dbc341e8f64054be7909dd7818cad155bef2,214,760-761,20484,モクタチバナ,サクラソウ科,exact_derived_base_name,include,2026-07-11,原典画像（PDF p.214、冊子p.760-761）で「モクタチバナ」欄の「オガサワラコバネカミキリ」を確認。寄主索引の学名表記と種解説欄の同種群を照合し、名義亜種の三名法表記、または他亜種の独立見出し・別索引記載により現行の名義亜種IDへ帰属可能。 科名を「ヤブコウジ科」から「サクラソウ科」へ現行体系で正規化。
kamikiri-derived-base-192-220-0286,species-21990,フタオビミドリトラカミキリ 基亜種,フタオビミドリトラカミキリ,日本産カミキリムシ,日本産カミキリムシ_compressed.pdf,52299895c14c1fd1c74279dca00f6fd9ba64d36d69e3bf3dd9c3a29a92802e77,efb17b5912fbb2c144dab4d99924dbc341e8f64054be7909dd7818cad155bef2,214,760-761,20484,モクタチバナ,サクラソウ科,exact_derived_base_name,needs_review,2026-07-11,原典画像（PDF p.214、冊子p.760-761）で「モクタチバナ」欄の「フタオビミドリトラカミキリ」を確認したが、寄主索引・種解説とも種レベルの表記である。現行 insects.csv には同種群が7亜種として登録されており、名義亜種IDへ一意に帰属できないため保留。 科名を「ヤブコウジ科」から「サクラソウ科」へ現行体系で正規化。
kamikiri-host-index-192-220-0135,species-22040,ムネモンアカネトラカミキリ 琉球北部亜種,アマミトラカミキリ,日本産カミキリムシ,日本産カミキリムシ_compressed.pdf,52299895c14c1fd1c74279dca00f6fd9ba64d36d69e3bf3dd9c3a29a92802e77,efb17b5912fbb2c144dab4d99924dbc341e8f64054be7909dd7818cad155bef2,214,760-761,20484,モクタチバナ,サクラソウ科,exact_alternative_name,include,2026-07-11,原典画像（PDF p.214、冊子p.760-761）で「モクタチバナ」欄の「アマミトラカミキリ」を確認。
kamikiri-derived-base-192-220-0287,species-22603,ウスフタモンサビカミキリ 基亜種,ウスフタモンサビカミキリ,日本産カミキリムシ,日本産カミキリムシ_compressed.pdf,52299895c14c1fd1c74279dca00f6fd9ba64d36d69e3bf3dd9c3a29a92802e77,efb17b5912fbb2c144dab4d99924dbc341e8f64054be7909dd7818cad155bef2,214,760-761,20484,モクタチバナ,サクラソウ科,exact_derived_base_name,exclude_ocr_or_boundary,2026-07-11,原典画像（PDF p.214、冊子p.760-761）で「モクタチバナ」欄を確認。完全な和名・学名は「ウスフタモンサビカミキリ Ropica japonica amamiana」で、現行ID species-22604に対応する。短い基礎和名の接尾辞部分一致/OCR境界により生じた候補であり、ウスフタモンサビカミキリ 基亜種には帰属しない。 科名を「ヤブコウジ科」から「サクラソウ科」へ現行体系で正規化。
kamikiri-host-index-192-220-0137,species-22728,アマミニセビロウドカミキリ 基亜種,アマミビロウドカミキリ,日本産カミキリムシ,日本産カミキリムシ_compressed.pdf,52299895c14c1fd1c74279dca00f6fd9ba64d36d69e3bf3dd9c3a29a92802e77,efb17b5912fbb2c144dab4d99924dbc341e8f64054be7909dd7818cad155bef2,214,760-761,20484,モクタチバナ,サクラソウ科,exact_alternative_name,include,2026-07-11,原典画像（PDF p.214、冊子p.760-761）で「モクタチバナ」欄の「アマミビロウドカミキリ」を確認。
kamikiri-host-index-192-220-0136,species-22959,オオシマサビカミキリ,オオシマハネナシサビカミキリ,日本産カミキリムシ,日本産カミキリムシ_compressed.pdf,52299895c14c1fd1c74279dca00f6fd9ba64d36d69e3bf3dd9c3a29a92802e77,efb17b5912fbb2c144dab4d99924dbc341e8f64054be7909dd7818cad155bef2,214,760-761,20484,モクタチバナ,サクラソウ科,exact_alternative_name,include,2026-07-11,原典画像（PDF p.214、冊子p.760-761）で「モクタチバナ」欄の「オオシマハネナシサビカミキリ」を確認。
kamikiri-derived-base-192-220-0288,species-22994,リュウキュウルリボシカミキリ 基亜種,リュウキュウルリボシカミキリ,日本産カミキリムシ,日本産カミキリムシ_compressed.pdf,52299895c14c1fd1c74279dca00f6fd9ba64d36d69e3bf3dd9c3a29a92802e77,efb17b5912fbb2c144dab4d99924dbc341e8f64054be7909dd7818cad155bef2,214,760-761,20484,モクタチバナ,サクラソウ科,exact_derived_base_name,include,2026-07-11,原典画像（PDF p.214、冊子p.760-761）で「モクタチバナ」欄の「リュウキュウルリボシカミキリ」を確認。寄主索引の学名表記と種解説欄の同種群を照合し、名義亜種の三名法表記、または他亜種の独立見出し・別索引記載により現行の名義亜種IDへ帰属可能。 科名を「ヤブコウジ科」から「サクラソウ科」へ現行体系で正規化。
kamikiri-derived-base-192-220-0289,species-22883,イシガキゴマフカミキリ 基亜種,イシガキゴマフカミキリ,日本産カミキリムシ,日本産カミキリムシ_compressed.pdf,52299895c14c1fd1c74279dca00f6fd9ba64d36d69e3bf3dd9c3a29a92802e77,efb17b5912fbb2c144dab4d99924dbc341e8f64054be7909dd7818cad155bef2,214,760-761,20512,ヤエヤマコクタン,カキノキ科,exact_derived_base_name,exclude_ocr_or_boundary,2026-07-11,原典画像（PDF p.214、冊子p.760-761）で「ヤエヤマコクタン」欄を確認。完全な和名・学名は「イシガキゴマフカミキリ Mesosa yonaguni subkonoi」で、現行ID species-22888に対応する。短い基礎和名の接尾辞部分一致/OCR境界により生じた候補であり、イシガキゴマフカミキリ 基亜種には帰属しない。
kamikiri-derived-base-192-220-0290,species-21904,リュウキュウヒメカミキリ 基亜種,リュウキュウヒメカミキリ,日本産カミキリムシ,日本産カミキリムシ_compressed.pdf,52299895c14c1fd1c74279dca00f6fd9ba64d36d69e3bf3dd9c3a29a92802e77,efb17b5912fbb2c144dab4d99924dbc341e8f64054be7909dd7818cad155bef2,215,762-763,20542,トキワガキ,カキノキ科,exact_derived_base_name,include,2026-07-11,原典画像（PDF p.215、冊子p.762-763）で「トキワガキ」欄の「リュウキュウヒメカミキリ」を確認。寄主索引の学名表記と種解説欄の同種群を照合し、名義亜種の三名法表記、または他亜種の独立見出し・別索引記載により現行の名義亜種IDへ帰属可能。
kamikiri-host-index-192-220-0138,species-22040,ムネモンアカネトラカミキリ 琉球北部亜種,アマミトラカミキリ,日本産カミキリムシ,日本産カミキリムシ_compressed.pdf,52299895c14c1fd1c74279dca00f6fd9ba64d36d69e3bf3dd9c3a29a92802e77,efb17b5912fbb2c144dab4d99924dbc341e8f64054be7909dd7818cad155bef2,215,762-763,20542,トキワガキ,カキノキ科,exact_alternative_name,include,2026-07-11,原典画像（PDF p.215、冊子p.762-763）で「トキワガキ」欄の「アマミトラカミキリ」を確認。
kamikiri-host-index-192-220-0139,species-22877,コウノゴマフカミキリ 沖縄島亜種,オキナワコウノゴマフカミキリ,日本産カミキリムシ,日本産カミキリムシ_compressed.pdf,52299895c14c1fd1c74279dca00f6fd9ba64d36d69e3bf3dd9c3a29a92802e77,efb17b5912fbb2c144dab4d99924dbc341e8f64054be7909dd7818cad155bef2,215,762-763,20542,トキワガキ,カキノキ科,exact_alternative_name,include,2026-07-11,原典画像（PDF p.215、冊子p.762-763）で「トキワガキ」欄の「オキナワコウノゴマフカミキリ」を確認。
kamikiri-host-index-192-220-0140,species-22959,オオシマサビカミキリ,オオシマハネナシサビカミキリ,日本産カミキリムシ,日本産カミキリムシ_compressed.pdf,52299895c14c1fd1c74279dca00f6fd9ba64d36d69e3bf3dd9c3a29a92802e77,efb17b5912fbb2c144dab4d99924dbc341e8f64054be7909dd7818cad155bef2,215,762-763,20542,トキワガキ,カキノキ科,exact_alternative_name,include,2026-07-11,原典画像（PDF p.215、冊子p.762-763）で「トキワガキ」欄の「オオシマハネナシサビカミキリ」を確認。
kamikiri-host-index-192-220-0141,species-22040,ムネモンアカネトラカミキリ 琉球北部亜種,アマミトラカミキリ,日本産カミキリムシ,日本産カミキリムシ_compressed.pdf,52299895c14c1fd1c74279dca00f6fd9ba64d36d69e3bf3dd9c3a29a92802e77,efb17b5912fbb2c144dab4d99924dbc341e8f64054be7909dd7818cad155bef2,215,762-763,20557,エゴノキ,エゴノキ科,exact_alternative_name,include,2026-07-11,原典画像（PDF p.215、冊子p.762-763）で「エゴノキ」欄の「アマミトラカミキリ」を確認。
kamikiri-host-index-192-220-0142,species-22877,コウノゴマフカミキリ 沖縄島亜種,オキナワコウノゴマフカミキリ,日本産カミキリムシ,日本産カミキリムシ_compressed.pdf,52299895c14c1fd1c74279dca00f6fd9ba64d36d69e3bf3dd9c3a29a92802e77,efb17b5912fbb2c144dab4d99924dbc341e8f64054be7909dd7818cad155bef2,215,762-763,20557,エゴノキ,エゴノキ科,exact_alternative_name,include,2026-07-11,原典画像（PDF p.215、冊子p.762-763）で「エゴノキ」欄の「オキナワコウノゴマフカミキリ」を確認。
kamikiri-derived-base-192-220-0291,species-22306,オオシマホソハナカミキリ 基亜種,オオシマホソハナカミキリ,日本産カミキリムシ,日本産カミキリムシ_compressed.pdf,52299895c14c1fd1c74279dca00f6fd9ba64d36d69e3bf3dd9c3a29a92802e77,efb17b5912fbb2c144dab4d99924dbc341e8f64054be7909dd7818cad155bef2,215,762-763,20603,ソウザンハイノキ,ハイノキ科,exact_derived_base_name,needs_review,2026-07-11,原典画像（PDF p.215、冊子p.762-763）で「ソウザンハイノキ」欄の「オオシマホソハナカミキリ」を確認したが、寄主索引・種解説とも種レベルの表記である。現行 insects.csv には同種群が2亜種として登録されており、名義亜種IDへ一意に帰属できないため保留。
kamikiri-derived-base-192-220-0292,species-22272,ヘリグロホソハナカミキリ 基亜種,ヘリグロホソハナカミキリ,日本産カミキリムシ,日本産カミキリムシ_compressed.pdf,52299895c14c1fd1c74279dca00f6fd9ba64d36d69e3bf3dd9c3a29a92802e77,efb17b5912fbb2c144dab4d99924dbc341e8f64054be7909dd7818cad155bef2,215,762-763,20611,ソウザンハイノキ,ハイノキ科,exact_derived_base_name,include,2026-07-11,原典画像（PDF p.215、冊子p.762-763）で「ソウザンハイノキ」欄の「ヘリグロホソハナカミキリ」を確認。寄主索引の学名表記と種解説欄の同種群を照合し、名義亜種の三名法表記、または他亜種の独立見出し・別索引記載により現行の名義亜種IDへ帰属可能。
kamikiri-derived-base-192-220-0293,species-22296,ヘリウスハナカミキリ 基亜種,ヘリウスハナカミキリ,日本産カミキリムシ,日本産カミキリムシ_compressed.pdf,52299895c14c1fd1c74279dca00f6fd9ba64d36d69e3bf3dd9c3a29a92802e77,efb17b5912fbb2c144dab4d99924dbc341e8f64054be7909dd7818cad155bef2,215,762-763,20611,ソウザンハイノキ,ハイノキ科,exact_derived_base_name,include,2026-07-11,原典画像（PDF p.215、冊子p.762-763）で「ソウザンハイノキ」欄の「ヘリウスハナカミキリ」を確認。寄主索引の学名表記と種解説欄の同種群を照合し、名義亜種の三名法表記、または他亜種の独立見出し・別索引記載により現行の名義亜種IDへ帰属可能。
kamikiri-host-index-192-220-0143,species-22641,ヒトオビチビカミキリ,ヒトオビチビカミキリ,日本産カミキリムシ,日本産カミキリムシ_compressed.pdf,52299895c14c1fd1c74279dca00f6fd9ba64d36d69e3bf3dd9c3a29a92802e77,efb17b5912fbb2c144dab4d99924dbc341e8f64054be7909dd7818cad155bef2,215,762-763,20611,ソウザンハイノキ,ハイノキ科,reviewed_source_crosswalk,include,2026-07-11,原典画像（PDF p.215、冊子p.762-763）で「ソウザンハイノキ」欄の「ヒトオビチビカミキリ」を確認。
kamikiri-host-index-192-220-0144,species-22842,マルバネコブヒゲカミキリ,マルバネコブヒゲカミキリ,日本産カミキリムシ,日本産カミキリムシ_compressed.pdf,52299895c14c1fd1c74279dca00f6fd9ba64d36d69e3bf3dd9c3a29a92802e77,efb17b5912fbb2c144dab4d99924dbc341e8f64054be7909dd7818cad155bef2,215,762-763,20611,ソウザンハイノキ,ハイノキ科,exact_japanese_name,include,2026-07-11,原典画像（PDF p.215、冊子p.762-763）で「ソウザンハイノキ」欄の「マルバネコブヒゲカミキリ」を確認。
kamikiri-derived-base-192-220-0294,species-22843,セミスジコブヒゲカミキリ 基亜種,セミスジコブヒゲカミキリ,日本産カミキリムシ,日本産カミキリムシ_compressed.pdf,52299895c14c1fd1c74279dca00f6fd9ba64d36d69e3bf3dd9c3a29a92802e77,efb17b5912fbb2c144dab4d99924dbc341e8f64054be7909dd7818cad155bef2,215,762-763,20611,ソウザンハイノキ,ハイノキ科,exact_derived_base_name,include,2026-07-11,原典画像（PDF p.215、冊子p.762-763）で「ソウザンハイノキ」欄の「セミスジコブヒゲカミキリ」を確認。寄主索引の学名表記と種解説欄の同種群を照合し、名義亜種の三名法表記、または他亜種の独立見出し・別索引記載により現行の名義亜種IDへ帰属可能。
kamikiri-host-index-192-220-0145,species-23046,ニセシラホシカミキリ,ニセシラホシカミキリ,日本産カミキリムシ,日本産カミキリムシ_compressed.pdf,52299895c14c1fd1c74279dca00f6fd9ba64d36d69e3bf3dd9c3a29a92802e77,efb17b5912fbb2c144dab4d99924dbc341e8f64054be7909dd7818cad155bef2,215,762-763,20611,ソウザンハイノキ,ハイノキ科,exact_japanese_name,include,2026-07-11,原典画像（PDF p.215、冊子p.762-763）で「ソウザンハイノキ」欄の「ニセシラホシカミキリ」を確認。
kamikiri-derived-base-192-220-0295,species-22055,アマミズマルトラカミキリ 基亜種,アマミズマルトラカミキリ,日本産カミキリムシ,日本産カミキリムシ_compressed.pdf,52299895c14c1fd1c74279dca00f6fd9ba64d36d69e3bf3dd9c3a29a92802e77,efb17b5912fbb2c144dab4d99924dbc341e8f64054be7909dd7818cad155bef2,215,762-763,20640,ミミズバイ,ハイノキ科,exact_derived_base_name,needs_review,2026-07-11,原典画像（PDF p.215、冊子p.762-763）で「ミミズバイ」欄の「アマミズマルトラカミキリ」を確認したが、寄主索引・種解説とも種レベルの表記である。現行 insects.csv には同種群が3亜種として登録されており、名義亜種IDへ一意に帰属できないため保留。
kamikiri-host-index-192-220-0146,species-22100,シバタヒゲナガコバネカミキリ 沖縄島亜種,オキナワヒゲナガコバネカミキリ,日本産カミキリムシ,日本産カミキリムシ_compressed.pdf,52299895c14c1fd1c74279dca00f6fd9ba64d36d69e3bf3dd9c3a29a92802e77,efb17b5912fbb2c144dab4d99924dbc341e8f64054be7909dd7818cad155bef2,215,762-763,20640,ミミズバイ,ハイノキ科,reviewed_source_crosswalk,include,2026-07-11,原典画像（PDF p.215、冊子p.762-763）で「ミミズバイ」欄の「オキナワヒゲナガコバネカミキリ」を確認。
kamikiri-derived-base-192-220-0296,1-1,ウスバカミキリ 基亜種,ムネスジウスバカミキリ,日本産カミキリムシ,日本産カミキリムシ_compressed.pdf,52299895c14c1fd1c74279dca00f6fd9ba64d36d69e3bf3dd9c3a29a92802e77,efb17b5912fbb2c144dab4d99924dbc341e8f64054be7909dd7818cad155bef2,216,764-765,20654,クロキ,ハイノキ科,exact_derived_base_name,exclude_ocr_or_boundary,2026-07-11,原典画像（PDF p.216、冊子p.764-765）で「クロキ」欄を確認。完全な和名・学名は「ムネスジウスバカミキリ Nortia carinicollis」で、候補IDとは別分類群に対応する。短い基礎和名の接尾辞部分一致/OCR境界により生じた候補であり、ウスバカミキリ 基亜種には帰属しない。
kamikiri-host-index-192-220-0147,species-22877,コウノゴマフカミキリ 沖縄島亜種,オキナワコウノゴマフカミキリ,日本産カミキリムシ,日本産カミキリムシ_compressed.pdf,52299895c14c1fd1c74279dca00f6fd9ba64d36d69e3bf3dd9c3a29a92802e77,efb17b5912fbb2c144dab4d99924dbc341e8f64054be7909dd7818cad155bef2,216,764-765,20654,クロキ,ハイノキ科,exact_alternative_name,include,2026-07-11,原典画像（PDF p.216、冊子p.764-765）で「クロキ」欄の「オキナワコウノゴマフカミキリ」を確認。
kamikiri-derived-base-192-220-0297,species-22905,ベニモンゴマフカミキリ 基亜種,ベニモンゴマフカミキリ,日本産カミキリムシ,日本産カミキリムシ_compressed.pdf,52299895c14c1fd1c74279dca00f6fd9ba64d36d69e3bf3dd9c3a29a92802e77,efb17b5912fbb2c144dab4d99924dbc341e8f64054be7909dd7818cad155bef2,216,764-765,20654,クロキ,ハイノキ科,exact_derived_base_name,needs_review,2026-07-11,原典画像（PDF p.216、冊子p.764-765）で「クロキ」欄の「ベニモンゴマフカミキリ」を確認したが、寄主索引・種解説とも種レベルの表記である。現行 insects.csv には同種群が2亜種として登録されており、名義亜種IDへ一意に帰属できないため保留。
kamikiri-host-index-192-220-0148,species-22064,イエカミキリ,イエカミキリ,日本産カミキリムシ,日本産カミキリムシ_compressed.pdf,52299895c14c1fd1c74279dca00f6fd9ba64d36d69e3bf3dd9c3a29a92802e77,efb17b5912fbb2c144dab4d99924dbc341e8f64054be7909dd7818cad155bef2,217,766-767,20816,クチナシ,アカネ科,exact_japanese_name,exclude_ocr_or_boundary,2026-07-11,原典画像（PDF p.217、冊子p.766-767）で「クチナシ」欄の「イエカミキリ」を確認。OCR境界誤認の植物名「カモメヅル類」を原典見出しどおり訂正。訂正後の寄主ペアは既存CSVに収録済みのため重複追加しない。
kamikiri-derived-base-192-220-0298,species-22883,イシガキゴマフカミキリ 基亜種,イシガキゴマフカミキリ,日本産カミキリムシ,日本産カミキリムシ_compressed.pdf,52299895c14c1fd1c74279dca00f6fd9ba64d36d69e3bf3dd9c3a29a92802e77,efb17b5912fbb2c144dab4d99924dbc341e8f64054be7909dd7818cad155bef2,217,766-767,20830,クサギ,シソ科,exact_derived_base_name,exclude_ocr_or_boundary,2026-07-11,原典画像（PDF p.217、冊子p.766-767）で「クサギ」欄を確認。完全な和名・学名は「イシガキゴマフカミキリ Mesosa yonaguni subkonoi」で、現行ID species-22888に対応する。短い基礎和名の接尾辞部分一致/OCR境界により生じた候補であり、イシガキゴマフカミキリ 基亜種には帰属しない。 科名を「クマツヅラ科」から「シソ科」へ現行体系で正規化。
kamikiri-host-index-192-220-0149,species-22959,オオシマサビカミキリ,オオシマハネナシサビカミキリ,日本産カミキリムシ,日本産カミキリムシ_compressed.pdf,52299895c14c1fd1c74279dca00f6fd9ba64d36d69e3bf3dd9c3a29a92802e77,efb17b5912fbb2c144dab4d99924dbc341e8f64054be7909dd7818cad155bef2,217,766-767,20830,クサギ,シソ科,exact_alternative_name,include,2026-07-11,原典画像（PDF p.217、冊子p.766-767）で「クサギ」欄の「オオシマハネナシサビカミキリ」を確認。
kamikiri-derived-base-192-220-0299,species-22008,キュウシュウチビトラカミキリ 基亜種,キュウシュウチビトラカミキリ,日本産カミキリムシ,日本産カミキリムシ_compressed.pdf,52299895c14c1fd1c74279dca00f6fd9ba64d36d69e3bf3dd9c3a29a92802e77,efb17b5912fbb2c144dab4d99924dbc341e8f64054be7909dd7818cad155bef2,218,768-769,20868,ニワトコ,ガマズミ科,exact_derived_base_name,include,2026-07-11,原典画像（PDF p.218、冊子p.768-769）で「ニワトコ」欄の「キュウシュウチビトラカミキリ」を確認。寄主索引の学名表記と種解説欄の同種群を照合し、名義亜種の三名法表記、または他亜種の独立見出し・別索引記載により現行の名義亜種IDへ帰属可能。 科名を「スイカズラ科」から「ガマズミ科」へ現行体系で正規化。
kamikiri-host-index-192-220-0150,species-22040,ムネモンアカネトラカミキリ 琉球北部亜種,アマミトラカミキリ,日本産カミキリムシ,日本産カミキリムシ_compressed.pdf,52299895c14c1fd1c74279dca00f6fd9ba64d36d69e3bf3dd9c3a29a92802e77,efb17b5912fbb2c144dab4d99924dbc341e8f64054be7909dd7818cad155bef2,218,768-769,20885,サンゴジュ,ガマズミ科,exact_alternative_name,include,2026-07-11,原典画像（PDF p.218、冊子p.768-769）で「サンゴジュ」欄の「アマミトラカミキリ」を確認。
kamikiri-derived-base-192-220-0300,species-22123,ツマグロアメイロカミキリ 基亜種,ツマグロアメイロカミキリ,日本産カミキリムシ,日本産カミキリムシ_compressed.pdf,52299895c14c1fd1c74279dca00f6fd9ba64d36d69e3bf3dd9c3a29a92802e77,efb17b5912fbb2c144dab4d99924dbc341e8f64054be7909dd7818cad155bef2,218,768-769,20885,サンゴジュ,ガマズミ科,exact_derived_base_name,needs_review,2026-07-11,原典画像（PDF p.218、冊子p.768-769）で「サンゴジュ」欄の「ツマグロアメイロカミキリ」を確認したが、寄主索引・種解説とも種レベルの表記である。現行 insects.csv には同種群が2亜種として登録されており、名義亜種IDへ一意に帰属できないため保留。 科名を「スイカズラ科」から「ガマズミ科」へ現行体系で正規化。
kamikiri-derived-base-192-220-0301,species-22873,コウノゴマフカミキリ 基亜種,オキナワコウノゴマフカミキリ,日本産カミキリムシ,日本産カミキリムシ_compressed.pdf,52299895c14c1fd1c74279dca00f6fd9ba64d36d69e3bf3dd9c3a29a92802e77,efb17b5912fbb2c144dab4d99924dbc341e8f64054be7909dd7818cad155bef2,218,768-769,20885,サンゴジュ,ガマズミ科,exact_derived_base_name,exclude_ocr_or_boundary,2026-07-11,原典画像（PDF p.218、冊子p.768-769）で「サンゴジュ」欄を確認。完全な和名・学名は「オキナワコウノゴマフカミキリ Mesosa konoi okinawana」で、現行ID species-22877に対応する。短い基礎和名の接尾辞部分一致/OCR境界により生じた候補であり、コウノゴマフカミキリ 基亜種には帰属しない。 科名を「スイカズラ科」から「ガマズミ科」へ現行体系で正規化。
kamikiri-host-index-192-220-0151,species-22534,フサヒゲルリカミキリ,フサヒゲルリカミキリ,日本産カミキリムシ,日本産カミキリムシ_compressed.pdf,52299895c14c1fd1c74279dca00f6fd9ba64d36d69e3bf3dd9c3a29a92802e77,efb17b5912fbb2c144dab4d99924dbc341e8f64054be7909dd7818cad155bef2,219,770-771,20981,ユウスゲ,ワスレグサ科,exact_japanese_name,exclude_ocr_or_boundary,2026-07-11,原典画像（PDF p.219、冊子p.770-771）で「ユウスゲ」欄の「フサヒゲルリカミキリ」を確認。OCR境界誤認の植物名「単子葉類」を原典見出しどおり訂正。訂正後の寄主ペアは既存CSVに収録済みのため重複追加しない。
kamikiri-derived-base-192-220-0302,species-22717,ウスアヤカミキリ 基亜種,ウスアヤカミキリ,日本産カミキリムシ,日本産カミキリムシ_compressed.pdf,52299895c14c1fd1c74279dca00f6fd9ba64d36d69e3bf3dd9c3a29a92802e77,efb17b5912fbb2c144dab4d99924dbc341e8f64054be7909dd7818cad155bef2,219,770-771,20986,ホウライチク,イネ科,exact_derived_base_name,include,2026-07-11,原典画像（PDF p.219、冊子p.770-771）で「ホウライチク」欄の「ウスアヤカミキリ」を確認。寄主索引の学名表記と種解説欄の同種群を照合し、名義亜種の三名法表記、または他亜種の独立見出し・別索引記載により現行の名義亜種IDへ帰属可能。
kamikiri-derived-base-192-220-0303,species-22717,ウスアヤカミキリ 基亜種,ウスアヤカミキリ,日本産カミキリムシ,日本産カミキリムシ_compressed.pdf,52299895c14c1fd1c74279dca00f6fd9ba64d36d69e3bf3dd9c3a29a92802e77,efb17b5912fbb2c144dab4d99924dbc341e8f64054be7909dd7818cad155bef2,220,772-773,21021,タケ類,イネ科,exact_derived_base_name,include,2026-07-11,原典画像（PDF p.220、冊子p.772-773）で「タケ類」欄の「ウスアヤカミキリ」を確認。寄主索引の学名表記と種解説欄の同種群を照合し、名義亜種の三名法表記、または他亜種の独立見出し・別索引記載により現行の名義亜種IDへ帰属可能。
kamikiri-host-index-192-220-0152,species-21910,ヒゲナガヒメカミキリ,ヒゲナガヒメカミキリ,日本産カミキリムシ,日本産カミキリムシ_compressed.pdf,52299895c14c1fd1c74279dca00f6fd9ba64d36d69e3bf3dd9c3a29a92802e77,efb17b5912fbb2c144dab4d99924dbc341e8f64054be7909dd7818cad155bef2,220,772-773,21040,リュウキュウチク,イネ科,exact_japanese_name,exclude_ocr_or_boundary,2026-07-11,原典画像（PDF p.220、冊子p.772-773）で「リュウキュウチク」欄の「ヒゲナガヒメカミキリ」を確認。OCR境界誤認の植物名「タイミンチク」を原典見出しどおり訂正。訂正後の寄主ペアは既存CSVに収録済みのため重複追加しない。
kamikiri-host-index-192-220-0153,species-22715,オモトウスアヤカミキリ,オモトウスアヤカミキリ,日本産カミキリムシ,日本産カミキリムシ_compressed.pdf,52299895c14c1fd1c74279dca00f6fd9ba64d36d69e3bf3dd9c3a29a92802e77,efb17b5912fbb2c144dab4d99924dbc341e8f64054be7909dd7818cad155bef2,220,772-773,21040,リュウキュウチク,イネ科,exact_japanese_name,exclude_ocr_or_boundary,2026-07-11,原典画像（PDF p.220、冊子p.772-773）で「リュウキュウチク」欄の「オモトウスアヤカミキリ」を確認。OCR境界誤認の植物名「タイミンチク」を原典見出しどおり訂正。訂正後の寄主ペアは既存CSVに収録済みのため重複追加しない。
kamikiri-host-index-192-220-0154,species-22720,ウスアヤカミキリ 沖縄亜種,オキナワウスアヤカミキリ,日本産カミキリムシ,日本産カミキリムシ_compressed.pdf,52299895c14c1fd1c74279dca00f6fd9ba64d36d69e3bf3dd9c3a29a92802e77,efb17b5912fbb2c144dab4d99924dbc341e8f64054be7909dd7818cad155bef2,220,772-773,21040,リュウキュウチク,イネ科,reviewed_source_crosswalk,exclude_ocr_or_boundary,2026-07-11,原典画像（PDF p.220、冊子p.772-773）で「リュウキュウチク」欄の「オキナワウスアヤカミキリ」を確認。OCR境界誤認の植物名「タイミンチク」を原典見出しどおり訂正。訂正後の寄主ペアは既存CSVに収録済みのため重複追加しない。
kamikiri-host-index-192-220-0155,species-22942,ハイイロヤハズカミキリ,ハイイロヤハズカミキリ,日本産カミキリムシ,日本産カミキリムシ_compressed.pdf,52299895c14c1fd1c74279dca00f6fd9ba64d36d69e3bf3dd9c3a29a92802e77,efb17b5912fbb2c144dab4d99924dbc341e8f64054be7909dd7818cad155bef2,220,772-773,21040,リュウキュウチク,イネ科,exact_japanese_name,exclude_ocr_or_boundary,2026-07-11,原典画像（PDF p.220、冊子p.772-773）で「リュウキュウチク」欄の「ハイイロヤハズカミキリ」を確認。OCR境界誤認の植物名「タイミンチク」を原典見出しどおり訂正。訂正後の寄主ペアは既存CSVに収録済みのため重複追加しない。
kamikiri-derived-base-192-220-0304,species-22856,ヤハズカミキリ 基亜種,ハイイロヤハズカミキリ,日本産カミキリムシ,日本産カミキリムシ_compressed.pdf,52299895c14c1fd1c74279dca00f6fd9ba64d36d69e3bf3dd9c3a29a92802e77,efb17b5912fbb2c144dab4d99924dbc341e8f64054be7909dd7818cad155bef2,220,772-773,21048,メダケ,イネ科,exact_derived_base_name,exclude_ocr_or_boundary,2026-07-11,原典画像（PDF p.220、冊子p.772-773）で「メダケ」欄を確認。完全な和名・学名は「ハイイロヤハズカミキリ Niphona furcata」で、候補IDとは別分類群に対応する。短い基礎和名の接尾辞部分一致/OCR境界により生じた候補であり、ヤハズカミキリ 基亜種には帰属しない。
kamikiri-derived-base-192-220-0305,species-22717,ウスアヤカミキリ 基亜種,ウスアヤカミキリ,日本産カミキリムシ,日本産カミキリムシ_compressed.pdf,52299895c14c1fd1c74279dca00f6fd9ba64d36d69e3bf3dd9c3a29a92802e77,efb17b5912fbb2c144dab4d99924dbc341e8f64054be7909dd7818cad155bef2,220,772-773,21055,ヤダケ,イネ科,exact_derived_base_name,include,2026-07-11,原典画像（PDF p.220、冊子p.772-773）で「ヤダケ」欄の「ウスアヤカミキリ」を確認。寄主索引の学名表記と種解説欄の同種群を照合し、名義亜種の三名法表記、または他亜種の独立見出し・別索引記載により現行の名義亜種IDへ帰属可能。
