audit_id,audit_batch,volume,plant_name,similar_taxa,approved_content,source,source_pdf_file,source_pdf_sha256,pdf_page,printed_page,decision,exclusion_reason,reviewed_on,cleanup_field,cleanup_current_value,cleanup_intermediate_value,cleanup_replacement,review_note
wildplants-v1-identification-0001,volume1_comparison_candidates,1,ゴヨウマツ,キタゴヨウ,ゴヨウマツは冬芽の先がとがり、球果は長さ5～8 cm、径約3.5 cm、種子の翼は本体より短く折れやすい。キタゴヨウは冬芽の先が丸く、球果がやや大きく、種子の翼は本体と同長かそれより長い。,日本の野生植物 第1巻,日本の野生植物 1- ソテツ科～コミカンソウ科.pdf,bcdcd5ac593747d6d58321d4a696ec96fb963233541af2a4666c4a1fbd1d4fb1,20,38,include,,2026-07-12,,,,,原PDF画像で対象種・比較対象・識別形質・冊子ページを確認。OCRは候補探索のみに使用。
wildplants-v1-identification-0002,volume1_comparison_candidates,1,イヌマキ,ラカンマキ、リュウキュウイヌマキ、トガリバマキ,ラカンマキはイヌマキより葉が短く狭く、長さ4～8 cm、幅4～8 mmである。リュウキュウイヌマキは雄花の穂に柄があり、葉先が通常鋭くとがり、葉身がわずかに湾曲する。トガリバマキは雄花の穂が1～3個である。,日本の野生植物 第1巻,日本の野生植物 1- ソテツ科～コミカンソウ科.pdf,bcdcd5ac593747d6d58321d4a696ec96fb963233541af2a4666c4a1fbd1d4fb1,21,40,include,,2026-07-12,,,,,原PDF画像で対象種・比較対象・識別形質・冊子ページを確認。OCRは候補探索のみに使用。
wildplants-v1-identification-0003,volume1_comparison_candidates,1,クロベ,コノテガシワ,,日本の野生植物 第1巻,日本の野生植物 1- ソテツ科～コミカンソウ科.pdf,bcdcd5ac593747d6d58321d4a696ec96fb963233541af2a4666c4a1fbd1d4fb1,23,44,exclude,近縁関係の記述のみで、客観的な識別形質がない,2026-07-12,,,,,原PDF画像で対象種・比較対象・識別形質・冊子ページを確認。OCRは候補探索のみに使用。
wildplants-v1-identification-0004,volume1_comparison_candidates,1,イヌガヤ,ハイイヌガヤ,ハイイヌガヤは高さ1～2 mで幹の下部が地をはい、葉はイヌガヤより短く細く、長さ25～35 mm、幅2.5～3 mmである。,日本の野生植物 第1巻,日本の野生植物 1- ソテツ科～コミカンソウ科.pdf,bcdcd5ac593747d6d58321d4a696ec96fb963233541af2a4666c4a1fbd1d4fb1,24,46,include,,2026-07-12,,,,,原PDF画像で対象種・比較対象・識別形質・冊子ページを確認。OCRは候補探索のみに使用。
wildplants-v1-identification-0005,volume1_comparison_candidates,1,イチイ,キャラボク,,日本の野生植物 第1巻,日本の野生植物 1- ソテツ科～コミカンソウ科.pdf,bcdcd5ac593747d6d58321d4a696ec96fb963233541af2a4666c4a1fbd1d4fb1,24,46,exclude,本文は分類群を区別しない、または区別できないという記述で、識別形質を提示しない,2026-07-12,,,,,原PDF画像で対象種・比較対象・識別形質・冊子ページを確認。OCRは候補探索のみに使用。
wildplants-v1-identification-0006,volume1_comparison_candidates,1,センリョウ,ドクダミ,,日本の野生植物 第1巻,日本の野生植物 1- ソテツ科～コミカンソウ科.pdf,bcdcd5ac593747d6d58321d4a696ec96fb963233541af2a4666c4a1fbd1d4fb1,28,54,exclude,類似・相違への言及はあるが、比較対象と客観的な識別形質が同時に明示されない,2026-07-12,,,,,原PDF画像で対象種・比較対象・識別形質・冊子ページを確認。OCRは候補探索のみに使用。
wildplants-v1-identification-0007,volume1_comparison_candidates,1,ウスバサイシン,クロフネサイシン,クロフネサイシンはウスバサイシンに似るが、雄蕊6個、花柱3個で、それぞれ半数である。,日本の野生植物 第1巻,日本の野生植物 1- ソテツ科～コミカンソウ科.pdf,bcdcd5ac593747d6d58321d4a696ec96fb963233541af2a4666c4a1fbd1d4fb1,31,60,include,,2026-07-12,,,,,原PDF画像で対象種・比較対象・識別形質・冊子ページを確認。OCRは候補探索のみに使用。
wildplants-v1-identification-0008,volume1_comparison_candidates,1,オクエゾサイシン,ミクニサイシン,ミクニサイシンは萼筒の形がオクエゾサイシンに似るが、萼裂片は長さ7～10 mmと長く、外側に反り返らず平開する。,日本の野生植物 第1巻,日本の野生植物 1- ソテツ科～コミカンソウ科.pdf,bcdcd5ac593747d6d58321d4a696ec96fb963233541af2a4666c4a1fbd1d4fb1,31,60,include,,2026-07-12,,,,,原PDF画像で対象種・比較対象・識別形質・冊子ページを確認。OCRは候補探索のみに使用。
wildplants-v1-identification-0009,volume1_comparison_candidates,1,トウゴクサイシン,ウスパサイシン,,日本の野生植物 第1巻,日本の野生植物 1- ソテツ科～コミカンソウ科.pdf,bcdcd5ac593747d6d58321d4a696ec96fb963233541af2a4666c4a1fbd1d4fb1,31,60,exclude,類似・相違への言及はあるが、比較対象と客観的な識別形質が同時に明示されない,2026-07-12,,,,,原PDF画像で対象種・比較対象・識別形質・冊子ページを確認。OCRは候補探索のみに使用。
wildplants-v1-identification-0010,volume1_comparison_candidates,1,オモロカンアオイ,センカクアオイ,オモロカンアオイは花柱3個・雄蕊6個である。センカクアオイは外形が似るが、通常は葉表に白斑がなく、花柱6個・雄蕊12個である。,日本の野生植物 第1巻,日本の野生植物 1- ソテツ科～コミカンソウ科.pdf,bcdcd5ac593747d6d58321d4a696ec96fb963233541af2a4666c4a1fbd1d4fb1,31,60,include,,2026-07-12,,,,,原PDF画像で対象種・比較対象・識別形質・冊子ページを確認。OCRは候補探索のみに使用。
wildplants-v1-identification-0011,volume1_comparison_candidates,1,グスクカンアオイ,トリガミネカンアオイ,グスクカンアオイは花柱6個・雄蕊12個である。トリガミネカンアオイは花形が似るが、花柱3個・雄蕊6個で、それぞれ半数である。,日本の野生植物 第1巻,日本の野生植物 1- ソテツ科～コミカンソウ科.pdf,bcdcd5ac593747d6d58321d4a696ec96fb963233541af2a4666c4a1fbd1d4fb1,31,61,include,,2026-07-12,,,,,原PDF画像で対象種・比較対象・識別形質・冊子ページを確認。OCRは候補探索のみに使用。
wildplants-v1-identification-0012,volume1_comparison_candidates,1,ハツシマカンアオイ,タニムラカンアオイ,タニムラカンアオイはハツシマカンアオイによく似るが、萼裂片の表面が白い。,日本の野生植物 第1巻,日本の野生植物 1- ソテツ科～コミカンソウ科.pdf,bcdcd5ac593747d6d58321d4a696ec96fb963233541af2a4666c4a1fbd1d4fb1,31,61,include,,2026-07-12,,,,,原PDF画像で対象種・比較対象・識別形質・冊子ページを確認。OCRは候補探索のみに使用。
wildplants-v1-identification-0013,volume1_comparison_candidates,1,ナゼカンアオイ,アサトカンアオイ,,日本の野生植物 第1巻,日本の野生植物 1- ソテツ科～コミカンソウ科.pdf,bcdcd5ac593747d6d58321d4a696ec96fb963233541af2a4666c4a1fbd1d4fb1,31,61,exclude,比較対象または識別形質が不確実・未確立・属レベルで、種ページ用の診断文として採用できない,2026-07-12,,,,,原PDF画像で対象種・比較対象・識別形質・冊子ページを確認。OCRは候補探索のみに使用。
wildplants-v1-identification-0014,volume1_comparison_candidates,1,エクボサイシン,カケロマカンアオイ,カケロマカンアオイはエクボサイシンと同じく雄蕊6個・花柱3個だが、萼筒は長さ6～9 mm、径6～10 mmの、より小さく丸みのある筒形である。,日本の野生植物 第1巻,日本の野生植物 1- ソテツ科～コミカンソウ科.pdf,bcdcd5ac593747d6d58321d4a696ec96fb963233541af2a4666c4a1fbd1d4fb1,31,61,include,,2026-07-12,,,,,原PDF画像で対象種・比較対象・識別形質・冊子ページを確認。OCRは候補探索のみに使用。
wildplants-v1-identification-0015,volume1_comparison_candidates,1,タイリンアオイ,サツマアオイ,サツマアオイはタイリンアオイに似るが、萼筒はやや小さく、萼筒口はより広く、萼裂片の縁はより強くうねる。,日本の野生植物 第1巻,日本の野生植物 1- ソテツ科～コミカンソウ科.pdf,bcdcd5ac593747d6d58321d4a696ec96fb963233541af2a4666c4a1fbd1d4fb1,32,62,include,,2026-07-12,,,,,原PDF画像で対象種・比較対象・識別形質・冊子ページを確認。OCRは候補探索のみに使用。
wildplants-v1-identification-0016,volume1_comparison_candidates,1,ツクシアオイ,サンコカンアオイ,ツクシアオイは花柱6個・雄蕊12個である。サンコカンアオイは葉形・花形が似るが、花柱3個・雄蕊6個で、それぞれ半数である。,日本の野生植物 第1巻,日本の野生植物 1- ソテツ科～コミカンソウ科.pdf,bcdcd5ac593747d6d58321d4a696ec96fb963233541af2a4666c4a1fbd1d4fb1,32,62,include,,2026-07-12,,,,,原PDF画像で対象種・比較対象・識別形質・冊子ページを確認。OCRは候補探索のみに使用。
wildplants-v1-identification-0017,volume1_comparison_candidates,1,オトメアオイ,ズソウカンアオイ,,日本の野生植物 第1巻,日本の野生植物 1- ソテツ科～コミカンソウ科.pdf,bcdcd5ac593747d6d58321d4a696ec96fb963233541af2a4666c4a1fbd1d4fb1,32,62,exclude,比較対象または識別形質が不確実・未確立・属レベルで、種ページ用の診断文として採用できない,2026-07-12,,,,,原PDF画像で対象種・比較対象・識別形質・冊子ページを確認。OCRは候補探索のみに使用。
wildplants-v1-identification-0018,volume1_comparison_candidates,1,カンアオイ,ナンカイアオイ、ジュロウカンアオイ,ナンカイアオイはカンアオイによく似るが、つぼみでは3個の萼裂片が接する基部に明瞭なくぼみがあり、萼裂片の縁がしばしばうねる。ジュロウカンアオイは葉の形がカンアオイに似るが、花期は12～1月で、萼筒が長さ13～16 mmと長い。,日本の野生植物 第1巻,日本の野生植物 1- ソテツ科～コミカンソウ科.pdf,bcdcd5ac593747d6d58321d4a696ec96fb963233541af2a4666c4a1fbd1d4fb1,32,63,include,,2026-07-12,,,,,原PDF画像で対象種・比較対象・識別形質・冊子ページを確認。OCRは候補探索のみに使用。
wildplants-v1-identification-0019,volume1_comparison_candidates,1,アツミカンアオイ,カンアオイ,アツミカンアオイはカンアオイに花の形が似るが、葉身は長さ6～11 cmで、早春に開花する。,日本の野生植物 第1巻,日本の野生植物 1- ソテツ科～コミカンソウ科.pdf,bcdcd5ac593747d6d58321d4a696ec96fb963233541af2a4666c4a1fbd1d4fb1,32,63,include,,2026-07-12,,,,,原PDF画像で対象種・比較対象・識別形質・冊子ページを確認。OCRは候補探索のみに使用。
wildplants-v1-identification-0020,volume1_comparison_candidates,1,コトウカンアオイ,ヒメカンアオイ,コトウカンアオイはヒメカンアオイに葉形が似るが、ヒメカンアオイが2～3月に開花するのに対し、コトウカンアオイは5月に開花する。,日本の野生植物 第1巻,日本の野生植物 1- ソテツ科～コミカンソウ科.pdf,bcdcd5ac593747d6d58321d4a696ec96fb963233541af2a4666c4a1fbd1d4fb1,32,63,include,,2026-07-12,,,,,原PDF画像で対象種・比較対象・識別形質・冊子ページを確認。OCRは候補探索のみに使用。
wildplants-v1-identification-0021,volume1_comparison_candidates,1,コブシ,キタコブシ,キタコブシはコブシより葉が大きく、長さ10～20 cm、幅6～10 cmで、花もやや大きい。,日本の野生植物 第1巻,日本の野生植物 1- ソテツ科～コミカンソウ科.pdf,bcdcd5ac593747d6d58321d4a696ec96fb963233541af2a4666c4a1fbd1d4fb1,33,65,include,,2026-07-12,,,,,原PDF画像で対象種・比較対象・識別形質・冊子ページを確認。OCRは候補探索のみに使用。
wildplants-v1-identification-0022,volume1_comparison_candidates,1,オガタマノキ,タイワンオガタマ,タイワンオガタマはオガタマノキより葉が小さく、長さ5～11 cm、幅2～4 cmである。,日本の野生植物 第1巻,日本の野生植物 1- ソテツ科～コミカンソウ科.pdf,bcdcd5ac593747d6d58321d4a696ec96fb963233541af2a4666c4a1fbd1d4fb1,34,66,include,,2026-07-12,,,,,原PDF画像で対象種・比較対象・識別形質・冊子ページを確認。OCRは候補探索のみに使用。
wildplants-v1-identification-0023,volume1_comparison_candidates,1,クロボウモドキ,イランイランノキ,,日本の野生植物 第1巻,日本の野生植物 1- ソテツ科～コミカンソウ科.pdf,bcdcd5ac593747d6d58321d4a696ec96fb963233541af2a4666c4a1fbd1d4fb1,34,66,exclude,比較表現はあるが、客観的な形態差を確認できない,2026-07-12,,,,,原PDF画像で対象種・比較対象・識別形質・冊子ページを確認。OCRは候補探索のみに使用。
wildplants-v1-identification-0024,volume1_comparison_candidates,1,ヤブニッケイ,コヤブニッケイ,ヤブニッケイは花序柄が長さ3～7 cm、葉が長さ6～12 cmで、コヤブニッケイの花序柄1～2.5 cm、葉4～6 cmより大きい。,日本の野生植物 第1巻,日本の野生植物 1- ソテツ科～コミカンソウ科.pdf,bcdcd5ac593747d6d58321d4a696ec96fb963233541af2a4666c4a1fbd1d4fb1,36,70,include,,2026-07-12,,,,,原PDF画像で対象種・比較対象・識別形質・冊子ページを確認。OCRは候補探索のみに使用。
wildplants-v1-identification-0025,volume1_comparison_candidates,1,ケクロモジ,ウスゲクロモジ／ミヤマクロモジ／ヒメクロモジ,ウスゲクロモジ（ミヤマクロモジ）はケクロモジと異なり、葉表に短い絨毛がない。ヒメクロモジは花序柄の毛が鮮やかな赤褐色で、ウスゲクロモジの黄褐色と異なり、1花序の花が少なく、花期も早い。,日本の野生植物 第1巻,日本の野生植物 1- ソテツ科～コミカンソウ科.pdf,bcdcd5ac593747d6d58321d4a696ec96fb963233541af2a4666c4a1fbd1d4fb1,37,72,include,,2026-07-12,,,,,原PDF画像で対象種・比較対象・識別形質・冊子ページを確認。OCRは候補探索のみに使用。
wildplants-v1-identification-0026,volume1_comparison_candidates,1,オキナワコウバシ,,,日本の野生植物 第1巻,日本の野生植物 1- ソテツ科～コミカンソウ科.pdf,bcdcd5ac593747d6d58321d4a696ec96fb963233541af2a4666c4a1fbd1d4fb1,37,73,exclude,本文は分類群を区別しない、または区別できないという記述で、識別形質を提示しない,2026-07-12,,,,,原PDF画像で対象種・比較対象・識別形質・冊子ページを確認。OCRは候補探索のみに使用。
wildplants-v1-identification-0027,volume1_comparison_candidates,1,アオモジ,アボカド,,日本の野生植物 第1巻,日本の野生植物 1- ソテツ科～コミカンソウ科.pdf,bcdcd5ac593747d6d58321d4a696ec96fb963233541af2a4666c4a1fbd1d4fb1,38,74,exclude,近縁関係の記述のみで、客観的な識別形質がない,2026-07-12,,,,,原PDF画像で対象種・比較対象・識別形質・冊子ページを確認。OCRは候補探索のみに使用。
wildplants-v1-identification-0028,volume1_comparison_candidates,1,シロダモ,キンショクダモ,キンショクダモはシロダモと異なり、葉裏の黄褐色の毛が遅くまで残り、春に開花する。,日本の野生植物 第1巻,日本の野生植物 1- ソテツ科～コミカンソウ科.pdf,bcdcd5ac593747d6d58321d4a696ec96fb963233541af2a4666c4a1fbd1d4fb1,38,75,include,,2026-07-12,,,,,原PDF画像で対象種・比較対象・識別形質・冊子ページを確認。OCRは候補探索のみに使用。
wildplants-v1-identification-0029,volume1_comparison_candidates,1,イヌガシ,,,日本の野生植物 第1巻,日本の野生植物 1- ソテツ科～コミカンソウ科.pdf,bcdcd5ac593747d6d58321d4a696ec96fb963233541af2a4666c4a1fbd1d4fb1,38,75,exclude,類似・相違への言及はあるが、比較対象と客観的な識別形質が同時に明示されない,2026-07-12,,,,,原PDF画像で対象種・比較対象・識別形質・冊子ページを確認。OCRは候補探索のみに使用。
wildplants-v1-identification-0030,volume1_comparison_candidates,1,ユモトマムシグサ,オオミネテンナンショウ,,日本の野生植物 第1巻,日本の野生植物 1- ソテツ科～コミカンソウ科.pdf,bcdcd5ac593747d6d58321d4a696ec96fb963233541af2a4666c4a1fbd1d4fb1,42,83,exclude,本文は分類群を区別しない、または区別できないという記述で、識別形質を提示しない,2026-07-12,,,,,原PDF画像で対象種・比較対象・識別形質・冊子ページを確認。OCRは候補探索のみに使用。
wildplants-v1-identification-0031,volume1_comparison_candidates,1,カラフトヒロハテンナンショウ,アムール／サトイモ／アムールテンナンショウ,,日本の野生植物 第1巻,日本の野生植物 1- ソテツ科～コミカンソウ科.pdf,bcdcd5ac593747d6d58321d4a696ec96fb963233541af2a4666c4a1fbd1d4fb1,43,84,exclude,類似・相違への言及はあるが、比較対象と客観的な識別形質が同時に明示されない,2026-07-12,,,,,原PDF画像で対象種・比較対象・識別形質・冊子ページを確認。OCRは候補探索のみに使用。
wildplants-v1-identification-0032,volume1_comparison_candidates,1,ツルギテンナンショウ,ムロウテンナンショウ,,日本の野生植物 第1巻,日本の野生植物 1- ソテツ科～コミカンソウ科.pdf,bcdcd5ac593747d6d58321d4a696ec96fb963233541af2a4666c4a1fbd1d4fb1,43,85,exclude,類似・相違への言及はあるが、比較対象と客観的な識別形質が同時に明示されない,2026-07-12,,,,,原PDF画像で対象種・比較対象・識別形質・冊子ページを確認。OCRは候補探索のみに使用。
wildplants-v1-identification-0033,volume1_comparison_candidates,1,ウメガシマテンナンショウ,ミヤママムシグサ,,日本の野生植物 第1巻,日本の野生植物 1- ソテツ科～コミカンソウ科.pdf,bcdcd5ac593747d6d58321d4a696ec96fb963233541af2a4666c4a1fbd1d4fb1,43,85,exclude,比較対象または識別形質が不確実・未確立・属レベルで、種ページ用の診断文として採用できない,2026-07-12,,,,,原PDF画像で対象種・比較対象・識別形質・冊子ページを確認。OCRは候補探索のみに使用。
wildplants-v1-identification-0034,volume1_comparison_candidates,1,コウライテンナンショウ,カントウマムシグサ,,日本の野生植物 第1巻,日本の野生植物 1- ソテツ科～コミカンソウ科.pdf,bcdcd5ac593747d6d58321d4a696ec96fb963233541af2a4666c4a1fbd1d4fb1,43,85,exclude,比較対象または識別形質が不確実・未確立・属レベルで、種ページ用の診断文として採用できない,2026-07-12,,,,,原PDF画像で対象種・比較対象・識別形質・冊子ページを確認。OCRは候補探索のみに使用。
wildplants-v1-identification-0035,volume1_comparison_candidates,1,アオウキクサ,ホクリクアオウキクサ,ホクリクアオウキクサはアオウキクサに似るが、通常5～20個が群体をつくる。,日本の野生植物 第1巻,日本の野生植物 1- ソテツ科～コミカンソウ科.pdf,bcdcd5ac593747d6d58321d4a696ec96fb963233541af2a4666c4a1fbd1d4fb1,44,87,include,,2026-07-12,,,,,原PDF画像で対象種・比較対象・識別形質・冊子ページを確認。OCRは候補探索のみに使用。
wildplants-v1-identification-0036,volume1_comparison_candidates,1,ムラサキコウキクサ,コウキクサ,ムラサキコウキクサはコウキクサに似るが、葉状体が通常紫色を帯び、下面が膨らむ。,日本の野生植物 第1巻,日本の野生植物 1- ソテツ科～コミカンソウ科.pdf,bcdcd5ac593747d6d58321d4a696ec96fb963233541af2a4666c4a1fbd1d4fb1,44,87,include,,2026-07-12,,,,,原PDF画像で対象種・比較対象・識別形質・冊子ページを確認。OCRは候補探索のみに使用。
wildplants-v1-identification-0037,volume1_comparison_candidates,1,キタグニコウキクサ,コウキクサ,キタグニコウキクサはコウキクサに似るが、葉状体が通常紫色を帯びる。,日本の野生植物 第1巻,日本の野生植物 1- ソテツ科～コミカンソウ科.pdf,bcdcd5ac593747d6d58321d4a696ec96fb963233541af2a4666c4a1fbd1d4fb1,44,87,include,,2026-07-12,,,,,原PDF画像で対象種・比較対象・識別形質・冊子ページを確認。OCRは候補探索のみに使用。
wildplants-v1-identification-0038,volume1_comparison_candidates,1,ユズノハカズラ,,,日本の野生植物 第1巻,日本の野生植物 1- ソテツ科～コミカンソウ科.pdf,bcdcd5ac593747d6d58321d4a696ec96fb963233541af2a4666c4a1fbd1d4fb1,45,88,exclude,類似・相違への言及はあるが、比較対象と客観的な識別形質が同時に明示されない,2026-07-12,,,,,原PDF画像で対象種・比較対象・識別形質・冊子ページを確認。OCRは候補探索のみに使用。
wildplants-v1-identification-0039,volume1_comparison_candidates,1,ヒメハブカズラ,ハブカズラ,,日本の野生植物 第1巻,日本の野生植物 1- ソテツ科～コミカンソウ科.pdf,bcdcd5ac593747d6d58321d4a696ec96fb963233541af2a4666c4a1fbd1d4fb1,45,88,exclude,類似・相違への言及はあるが、比較対象と客観的な識別形質が同時に明示されない,2026-07-12,,,,,原PDF画像で対象種・比較対象・識別形質・冊子ページを確認。OCRは候補探索のみに使用。
wildplants-v1-identification-0040,volume1_comparison_candidates,1,サキシマハブカズラ,ハブカズラ,,日本の野生植物 第1巻,日本の野生植物 1- ソテツ科～コミカンソウ科.pdf,bcdcd5ac593747d6d58321d4a696ec96fb963233541af2a4666c4a1fbd1d4fb1,45,88,exclude,類似・相違への言及はあるが、比較対象と客観的な識別形質が同時に明示されない,2026-07-12,,,,,原PDF画像で対象種・比較対象・識別形質・冊子ページを確認。OCRは候補探索のみに使用。
wildplants-v1-identification-0041,volume1_comparison_candidates,1,ナベクラザゼンソウ,ザゼンソウ,,日本の野生植物 第1巻,日本の野生植物 1- ソテツ科～コミカンソウ科.pdf,bcdcd5ac593747d6d58321d4a696ec96fb963233541af2a4666c4a1fbd1d4fb1,45,89,exclude,比較表現はあるが、客観的な形態差を確認できない,2026-07-12,,,,,原PDF画像で対象種・比較対象・識別形質・冊子ページを確認。OCRは候補探索のみに使用。
wildplants-v1-identification-0042,volume1_comparison_candidates,1,チシマゼキショウ,チャボゼキショウ／ゲイビゼキショウ,,日本の野生植物 第1巻,日本の野生植物 1- ソテツ科～コミカンソウ科.pdf,bcdcd5ac593747d6d58321d4a696ec96fb963233541af2a4666c4a1fbd1d4fb1,46,91,exclude,比較対象または識別形質が不確実・未確立・属レベルで、種ページ用の診断文として採用できない,2026-07-12,,,,,原PDF画像で対象種・比較対象・識別形質・冊子ページを確認。OCRは候補探索のみに使用。
wildplants-v1-identification-0043,volume1_comparison_candidates,1,ヤクシマチャボゼキショウ,チシマゼキショウ,,日本の野生植物 第1巻,日本の野生植物 1- ソテツ科～コミカンソウ科.pdf,bcdcd5ac593747d6d58321d4a696ec96fb963233541af2a4666c4a1fbd1d4fb1,46,91,exclude,比較表現はあるが、客観的な形態差を確認できない,2026-07-12,,,,,原PDF画像で対象種・比較対象・識別形質・冊子ページを確認。OCRは候補探索のみに使用。
wildplants-v1-identification-0044,volume1_comparison_candidates,1,ヘラオモダカ,ホソバヘラオモダカ,ホソバヘラオモダカはヘラオモダカに比べ、葉身が長さ8～20 cm、幅3～10 mmと細く、葯が紫褐色である。,日本の野生植物 第1巻,日本の野生植物 1- ソテツ科～コミカンソウ科.pdf,bcdcd5ac593747d6d58321d4a696ec96fb963233541af2a4666c4a1fbd1d4fb1,47,93,include,,2026-07-12,,,,,原PDF画像で対象種・比較対象・識別形質・冊子ページを確認。OCRは候補探索のみに使用。
wildplants-v1-identification-0045,volume1_comparison_candidates,1,クワイ,オモダカ,クワイはオモダカに似るが、走出枝の先端に大型の塊茎ができる。,日本の野生植物 第1巻,日本の野生植物 1- ソテツ科～コミカンソウ科.pdf,bcdcd5ac593747d6d58321d4a696ec96fb963233541af2a4666c4a1fbd1d4fb1,48,94,include,,2026-07-12,,,,,原PDF画像で対象種・比較対象・識別形質・冊子ページを確認。OCRは候補探索のみに使用。
wildplants-v1-identification-0046,volume1_comparison_candidates,1,ヒラモ,セキショウモ,,日本の野生植物 第1巻,日本の野生植物 1- ソテツ科～コミカンソウ科.pdf,bcdcd5ac593747d6d58321d4a696ec96fb963233541af2a4666c4a1fbd1d4fb1,50,99,exclude,類似・相違への言及はあるが、比較対象と客観的な識別形質が同時に明示されない,2026-07-12,,,,,原PDF画像で対象種・比較対象・識別形質・冊子ページを確認。OCRは候補探索のみに使用。
wildplants-v1-identification-0047,volume1_comparison_candidates,1,ヒロハノエビモ,エゾヒルムシロ,,日本の野生植物 第1巻,日本の野生植物 1- ソテツ科～コミカンソウ科.pdf,bcdcd5ac593747d6d58321d4a696ec96fb963233541af2a4666c4a1fbd1d4fb1,53,104,exclude,比較対象または識別形質が不確実・未確立・属レベルで、種ページ用の診断文として採用できない,2026-07-12,,,,,原PDF画像で対象種・比較対象・識別形質・冊子ページを確認。OCRは候補探索のみに使用。
wildplants-v1-identification-0048,volume1_comparison_candidates,1,ナガバエビモ,ヒロハノエビモ,ナガバエビモはヒロハノエビモに似るが、葉は長さ10～20 cmである。,日本の野生植物 第1巻,日本の野生植物 1- ソテツ科～コミカンソウ科.pdf,bcdcd5ac593747d6d58321d4a696ec96fb963233541af2a4666c4a1fbd1d4fb1,53,104,include,,2026-07-12,,,,,原PDF画像で対象種・比較対象・識別形質・冊子ページを確認。OCRは候補探索のみに使用。
wildplants-v1-identification-0049,volume1_comparison_candidates,1,ツツイトモ,イトモ,ツツイトモはイトモに似るが、花が2段に分かれてつく。,日本の野生植物 第1巻,日本の野生植物 1- ソテツ科～コミカンソウ科.pdf,bcdcd5ac593747d6d58321d4a696ec96fb963233541af2a4666c4a1fbd1d4fb1,53,105,include,,2026-07-12,,,,,原PDF画像で対象種・比較対象・識別形質・冊子ページを確認。OCRは候補探索のみに使用。
wildplants-v1-identification-0050,volume1_comparison_candidates,1,ナンゴクカワツルモ,カワツルモ,,日本の野生植物 第1巻,日本の野生植物 1- ソテツ科～コミカンソウ科.pdf,bcdcd5ac593747d6d58321d4a696ec96fb963233541af2a4666c4a1fbd1d4fb1,54,107,exclude,類似・相違への言及はあるが、比較対象と客観的な識別形質が同時に明示されない,2026-07-12,,,,,原PDF画像で対象種・比較対象・識別形質・冊子ページを確認。OCRは候補探索のみに使用。
wildplants-v1-identification-0051,volume1_comparison_candidates,1,マツバウミジグサ,,,日本の野生植物 第1巻,日本の野生植物 1- ソテツ科～コミカンソウ科.pdf,bcdcd5ac593747d6d58321d4a696ec96fb963233541af2a4666c4a1fbd1d4fb1,55,108,exclude,比較対象の植物名を一意に特定できない,2026-07-12,,,,,原PDF画像で対象種・比較対象・識別形質・冊子ページを確認。OCRは候補探索のみに使用。
wildplants-v1-identification-0052,volume1_comparison_candidates,1,ヤクシマソウ,ホンゴウソウ,,日本の野生植物 第1巻,日本の野生植物 1- ソテツ科～コミカンソウ科.pdf,bcdcd5ac593747d6d58321d4a696ec96fb963233541af2a4666c4a1fbd1d4fb1,59,117,exclude,類似・相違への言及はあるが、比較対象と客観的な識別形質が同時に明示されない,2026-07-12,,,,,原PDF画像で対象種・比較対象・識別形質・冊子ページを確認。OCRは候補探索のみに使用。
wildplants-v1-identification-0053,volume1_comparison_candidates,1,コバナナベワリ,ヒメナベワリ,,日本の野生植物 第1巻,日本の野生植物 1- ソテツ科～コミカンソウ科.pdf,bcdcd5ac593747d6d58321d4a696ec96fb963233541af2a4666c4a1fbd1d4fb1,60,118,exclude,類似・相違への言及はあるが、比較対象と客観的な識別形質が同時に明示されない,2026-07-12,,,,,原PDF画像で対象種・比較対象・識別形質・冊子ページを確認。OCRは候補探索のみに使用。
wildplants-v1-identification-0054,volume1_comparison_candidates,1,ヒュウガナベワリ,ヒメナベワリ,,日本の野生植物 第1巻,日本の野生植物 1- ソテツ科～コミカンソウ科.pdf,bcdcd5ac593747d6d58321d4a696ec96fb963233541af2a4666c4a1fbd1d4fb1,60,118,exclude,類似・相違への言及はあるが、比較対象と客観的な識別形質が同時に明示されない,2026-07-12,,,,,原PDF画像で対象種・比較対象・識別形質・冊子ページを確認。OCRは候補探索のみに使用。
wildplants-v1-identification-0055,volume1_comparison_candidates,1,ツルアダン,タコヅル,,日本の野生植物 第1巻,日本の野生植物 1- ソテツ科～コミカンソウ科.pdf,bcdcd5ac593747d6d58321d4a696ec96fb963233541af2a4666c4a1fbd1d4fb1,61,120,exclude,類似・相違への言及はあるが、比較対象と客観的な識別形質が同時に明示されない,2026-07-12,,,,,原PDF画像で対象種・比較対象・識別形質・冊子ページを確認。OCRは候補探索のみに使用。
wildplants-v1-identification-0056,volume1_comparison_candidates,1,アダン,ホソミアダン,ホソミアダンはアダンと異なり、雌蕊の上部が開出し、心皮の縫合線が明瞭である。,日本の野生植物 第1巻,日本の野生植物 1- ソテツ科～コミカンソウ科.pdf,bcdcd5ac593747d6d58321d4a696ec96fb963233541af2a4666c4a1fbd1d4fb1,61,120,include,,2026-07-12,,,,,原PDF画像で対象種・比較対象・識別形質・冊子ページを確認。OCRは候補探索のみに使用。
wildplants-v1-identification-0057,volume1_comparison_candidates,1,サルマメ,アマミヒメカカラ,,日本の野生植物 第1巻,日本の野生植物 1- ソテツ科～コミカンソウ科.pdf,bcdcd5ac593747d6d58321d4a696ec96fb963233541af2a4666c4a1fbd1d4fb1,64,127,exclude,類似・相違への言及はあるが、比較対象と客観的な識別形質が同時に明示されない,2026-07-12,,,,,原PDF画像で対象種・比較対象・識別形質・冊子ページを確認。OCRは候補探索のみに使用。
wildplants-v1-identification-0058,volume1_comparison_candidates,1,トサコバイモ,ホソバナコバイモ,,日本の野生植物 第1巻,日本の野生植物 1- ソテツ科～コミカンソウ科.pdf,bcdcd5ac593747d6d58321d4a696ec96fb963233541af2a4666c4a1fbd1d4fb1,66,130,exclude,類似・相違への言及はあるが、比較対象と客観的な識別形質が同時に明示されない,2026-07-12,,,,,原PDF画像で対象種・比較対象・識別形質・冊子ページを確認。OCRは候補探索のみに使用。
wildplants-v1-identification-0059,volume1_comparison_candidates,1,カイコバイモ,イズモコバイモ,,日本の野生植物 第1巻,日本の野生植物 1- ソテツ科～コミカンソウ科.pdf,bcdcd5ac593747d6d58321d4a696ec96fb963233541af2a4666c4a1fbd1d4fb1,66,130,exclude,類似・相違への言及はあるが、比較対象と客観的な識別形質が同時に明示されない,2026-07-12,,,,,原PDF画像で対象種・比較対象・識別形質・冊子ページを確認。OCRは候補探索のみに使用。
wildplants-v1-identification-0060,volume1_comparison_candidates,1,アワコバイモ,ミノコパイモ,,日本の野生植物 第1巻,日本の野生植物 1- ソテツ科～コミカンソウ科.pdf,bcdcd5ac593747d6d58321d4a696ec96fb963233541af2a4666c4a1fbd1d4fb1,66,130,exclude,類似・相違への言及はあるが、比較対象と客観的な識別形質が同時に明示されない,2026-07-12,,,,,原PDF画像で対象種・比較対象・識別形質・冊子ページを確認。OCRは候補探索のみに使用。
wildplants-v1-identification-0061,volume1_comparison_candidates,1,コシノコバイモ,ミノコバイモ,,日本の野生植物 第1巻,日本の野生植物 1- ソテツ科～コミカンソウ科.pdf,bcdcd5ac593747d6d58321d4a696ec96fb963233541af2a4666c4a1fbd1d4fb1,66,130,exclude,類似・相違への言及はあるが、比較対象と客観的な識別形質が同時に明示されない,2026-07-12,,,,,原PDF画像で対象種・比較対象・識別形質・冊子ページを確認。OCRは候補探索のみに使用。
wildplants-v1-identification-0062,volume1_comparison_candidates,1,エゾスカシユリ,スカシシュリ,,日本の野生植物 第1巻,日本の野生植物 1- ソテツ科～コミカンソウ科.pdf,bcdcd5ac593747d6d58321d4a696ec96fb963233541af2a4666c4a1fbd1d4fb1,67,132,exclude,類似・相違への言及はあるが、比較対象と客観的な識別形質が同時に明示されない,2026-07-12,,,,,原PDF画像で対象種・比較対象・識別形質・冊子ページを確認。OCRは候補探索のみに使用。
wildplants-v1-identification-0063,volume1_comparison_candidates,1,ヤマユリ,サクユリ,サクユリはヤマユリに似るが、丈が高く、葉と花が大きく、花被の黄褐色の斑点が少ない。,日本の野生植物 第1巻,日本の野生植物 1- ソテツ科～コミカンソウ科.pdf,bcdcd5ac593747d6d58321d4a696ec96fb963233541af2a4666c4a1fbd1d4fb1,67,132,include,,2026-07-12,,,,,原PDF画像で対象種・比較対象・識別形質・冊子ページを確認。OCRは候補探索のみに使用。
wildplants-v1-identification-0064,volume1_comparison_candidates,1,テッポウユリ,,,日本の野生植物 第1巻,日本の野生植物 1- ソテツ科～コミカンソウ科.pdf,bcdcd5ac593747d6d58321d4a696ec96fb963233541af2a4666c4a1fbd1d4fb1,67,132,exclude,類似・相違への言及はあるが、比較対象と客観的な識別形質が同時に明示されない,2026-07-12,,,,,原PDF画像で対象種・比較対象・識別形質・冊子ページを確認。OCRは候補探索のみに使用。
wildplants-v1-identification-0065,volume1_comparison_candidates,1,セトウチホトトギス,ヤマジノホトトギス,,日本の野生植物 第1巻,日本の野生植物 1- ソテツ科～コミカンソウ科.pdf,bcdcd5ac593747d6d58321d4a696ec96fb963233541af2a4666c4a1fbd1d4fb1,68,134,exclude,類似・相違への言及はあるが、比較対象と客観的な識別形質が同時に明示されない,2026-07-12,,,,,原PDF画像で対象種・比較対象・識別形質・冊子ページを確認。OCRは候補探索のみに使用。
wildplants-v1-identification-0066,volume1_comparison_candidates,1,キバナノホトトギス,タカクマホトトギス,タカクマホトトギスはキバナノホトトギスに似るが、茎がほぼ無毛で、葉が広く、花被片は長さ約35 mmで斑点が少なく、花粉が黄褐色である。,日本の野生植物 第1巻,日本の野生植物 1- ソテツ科～コミカンソウ科.pdf,bcdcd5ac593747d6d58321d4a696ec96fb963233541af2a4666c4a1fbd1d4fb1,68,134,include,,2026-07-12,,,,,原PDF画像で対象種・比較対象・識別形質・冊子ページを確認。OCRは候補探索のみに使用。
wildplants-v1-identification-0067,volume1_comparison_candidates,1,サガミジョウロウホトトギス,キイジョウロウホトトギス,,日本の野生植物 第1巻,日本の野生植物 1- ソテツ科～コミカンソウ科.pdf,bcdcd5ac593747d6d58321d4a696ec96fb963233541af2a4666c4a1fbd1d4fb1,68,135,exclude,類似・相違への言及はあるが、比較対象と客観的な識別形質が同時に明示されない,2026-07-12,,,,,原PDF画像で対象種・比較対象・識別形質・冊子ページを確認。OCRは候補探索のみに使用。
wildplants-v1-identification-0068,volume1_comparison_candidates,1,タイワンショウキラン,エンレイショウキラン／タイワンアオイラン,エンレイショウキランは花の開出部が光沢のある暗赤色で、唇弁などの形がタイワンショウキランと異なる。タイワンアオイランは葉を1枚つけ、花は白色で淡紫色の筋が入る。,日本の野生植物 第1巻,日本の野生植物 1- ソテツ科～コミカンソウ科.pdf,bcdcd5ac593747d6d58321d4a696ec96fb963233541af2a4666c4a1fbd1d4fb1,71,140,include,,2026-07-12,,,,,原PDF画像で対象種・比較対象・識別形質・冊子ページを確認。OCRは候補探索のみに使用。
wildplants-v1-identification-0069,volume1_comparison_candidates,1,レンギョウエビネ,タイワンエビネ／タマザキエビネ,タイワンエビネはレンギョウエビネに似るが、花が平開してより大きい。タマザキエビネは花が花序の先端部に集まる。,日本の野生植物 第1巻,日本の野生植物 1- ソテツ科～コミカンソウ科.pdf,bcdcd5ac593747d6d58321d4a696ec96fb963233541af2a4666c4a1fbd1d4fb1,72,143,include,,2026-07-12,,,,,原PDF画像で対象種・比較対象・識別形質・冊子ページを確認。OCRは候補探索のみに使用。
wildplants-v1-identification-0070,volume1_comparison_candidates,1,キエビネ,エビネ,キエビネはエビネに似るが、全体に大型で花が黄色く、唇弁の中裂片が2裂しない。,日本の野生植物 第1巻,日本の野生植物 1- ソテツ科～コミカンソウ科.pdf,bcdcd5ac593747d6d58321d4a696ec96fb963233541af2a4666c4a1fbd1d4fb1,73,144,include,,2026-07-12,,,,,原PDF画像で対象種・比較対象・識別形質・冊子ページを確認。OCRは候補探索のみに使用。
wildplants-v1-identification-0071,volume1_comparison_candidates,1,ツルラン,ホシツルラン／アサヒエビネ,ホシツルランはツルランに似るが、唇弁の形が異なるとともに唇弁基部の隆起が白く、距が長さ3.5～4 cmと長い。アサヒエビネは花が黄色く、距が非常に短く円錐形となるなどの点でツルランと異なる。,日本の野生植物 第1巻,日本の野生植物 1- ソテツ科～コミカンソウ科.pdf,bcdcd5ac593747d6d58321d4a696ec96fb963233541af2a4666c4a1fbd1d4fb1,73,144,include,,2026-07-12,,,,,原PDF画像で対象種・比較対象・識別形質・冊子ページを確認。OCRは候補探索のみに使用。
wildplants-v1-identification-0072,volume1_comparison_candidates,1,ナツエビネ,オクシリエビネ,,日本の野生植物 第1巻,日本の野生植物 1- ソテツ科～コミカンソウ科.pdf,bcdcd5ac593747d6d58321d4a696ec96fb963233541af2a4666c4a1fbd1d4fb1,73,144,exclude,類似・相違への言及はあるが、比較対象と客観的な識別形質が同時に明示されない,2026-07-12,,,,,原PDF画像で対象種・比較対象・識別形質・冊子ページを確認。OCRは候補探索のみに使用。
wildplants-v1-identification-0073,volume1_comparison_candidates,1,サイハイラン,モイワラン,モイワランは根茎がサンゴ状に分枝し、葉が退化し、花色が赤く、柱の下部がふくらまないなどの点でサイハイランと異なる。,日本の野生植物 第1巻,日本の野生植物 1- ソテツ科～コミカンソウ科.pdf,bcdcd5ac593747d6d58321d4a696ec96fb963233541af2a4666c4a1fbd1d4fb1,74,147,include,,2026-07-12,,,,,原PDF画像で対象種・比較対象・識別形質・冊子ページを確認。OCRは候補探索のみに使用。
wildplants-v1-identification-0074,volume1_comparison_candidates,1,キバナノアツモリソウ,,,日本の野生植物 第1巻,日本の野生植物 1- ソテツ科～コミカンソウ科.pdf,bcdcd5ac593747d6d58321d4a696ec96fb963233541af2a4666c4a1fbd1d4fb1,75,149,exclude,比較対象の植物名を一意に特定できない,2026-07-12,,,,,原PDF画像で対象種・比較対象・識別形質・冊子ページを確認。OCRは候補探索のみに使用。
wildplants-v1-identification-0075,volume1_comparison_candidates,1,アツモリソウ,レブンアツモリソウ,レブンアツモリソウはアツモリソウに似るが、花が淡黄色である。,日本の野生植物 第1巻,日本の野生植物 1- ソテツ科～コミカンソウ科.pdf,bcdcd5ac593747d6d58321d4a696ec96fb963233541af2a4666c4a1fbd1d4fb1,75,149,include,,2026-07-12,,,,,原PDF画像で対象種・比較対象・識別形質・冊子ページを確認。OCRは候補探索のみに使用。
wildplants-v1-identification-0076,volume1_comparison_candidates,1,ハコネラン,コイチヨウラン,ハコネランはコイチヨウランに似るが、花がより強い緑色で、花期は6～7月と早く、生育地は冷温帯である。,日本の野生植物 第1巻,日本の野生植物 1- ソテツ科～コミカンソウ科.pdf,bcdcd5ac593747d6d58321d4a696ec96fb963233541af2a4666c4a1fbd1d4fb1,77,152,include,,2026-07-12,,,,,原PDF画像で対象種・比較対象・識別形質・冊子ページを確認。OCRは候補探索のみに使用。
wildplants-v1-identification-0077,volume1_comparison_candidates,1,エダウチヤガラ,タカサゴヤガラ,,日本の野生植物 第1巻,日本の野生植物 1- ソテツ科～コミカンソウ科.pdf,bcdcd5ac593747d6d58321d4a696ec96fb963233541af2a4666c4a1fbd1d4fb1,78,155,exclude,比較対象または識別形質が不確実・未確立・属レベルで、種ページ用の診断文として採用できない,2026-07-12,,,,,原PDF画像で対象種・比較対象・識別形質・冊子ページを確認。OCRは候補探索のみに使用。
wildplants-v1-identification-0078,volume1_comparison_candidates,1,ナヨテンマ,コンジキヤガラ,コンジキヤガラはナヨテンマに似るが、茎は高さ25～70 cmで、6月に4～18花をつける。,日本の野生植物 第1巻,日本の野生植物 1- ソテツ科～コミカンソウ科.pdf,bcdcd5ac593747d6d58321d4a696ec96fb963233541af2a4666c4a1fbd1d4fb1,79,156,include,,2026-07-12,,,,,原PDF画像で対象種・比較対象・識別形質・冊子ページを確認。OCRは候補探索のみに使用。
wildplants-v1-identification-0079,volume1_comparison_candidates,1,アキザキヤツシロラン,ハルザキヤツシロラン,アキザキヤツシロランはハルザキヤツシロランに似るが、開花期が9～10月と遅く、花を2～8個つける。,日本の野生植物 第1巻,日本の野生植物 1- ソテツ科～コミカンソウ科.pdf,bcdcd5ac593747d6d58321d4a696ec96fb963233541af2a4666c4a1fbd1d4fb1,79,156,include,,2026-07-12,,,,,原PDF画像で対象種・比較対象・識別形質・冊子ページを確認。OCRは候補探索のみに使用。
wildplants-v1-identification-0080,volume1_comparison_candidates,1,クロヤツシロラン,ナンゴクヤツシロラン,ナンゴクヤツシロランはクロヤツシロランに似るが、開花期が2～3月で、花が黄褐色である。,日本の野生植物 第1巻,日本の野生植物 1- ソテツ科～コミカンソウ科.pdf,bcdcd5ac593747d6d58321d4a696ec96fb963233541af2a4666c4a1fbd1d4fb1,79,156,include,,2026-07-12,,,,,原PDF画像で対象種・比較対象・識別形質・冊子ページを確認。OCRは候補探索のみに使用。
wildplants-v1-identification-0081,volume1_comparison_candidates,1,アケボノシュスラン,ツユクサシュスラン,ツユクサシュスランはアケボノシュスランによく似るが、茎は高さ10～30 cm、葉は長さ4～7 cm、幅3 cmとより大きい。,日本の野生植物 第1巻,日本の野生植物 1- ソテツ科～コミカンソウ科.pdf,bcdcd5ac593747d6d58321d4a696ec96fb963233541af2a4666c4a1fbd1d4fb1,80,158,include,,2026-07-12,,,,,原PDF画像で対象種・比較対象・識別形質・冊子ページを確認。OCRは候補探索のみに使用。
wildplants-v1-identification-0082,volume1_comparison_candidates,1,アワムヨウラン,,,日本の野生植物 第1巻,日本の野生植物 1- ソテツ科～コミカンソウ科.pdf,bcdcd5ac593747d6d58321d4a696ec96fb963233541af2a4666c4a1fbd1d4fb1,82,162,exclude,比較対象の植物名を一意に特定できない,2026-07-12,,,,,原PDF画像で対象種・比較対象・識別形質・冊子ページを確認。OCRは候補探索のみに使用。
wildplants-v1-identification-0083,volume1_comparison_candidates,1,ウスキムヨウラン,エンシュウムヨウラン,エンシュウムヨウランはウスキムヨウランに似るが、唇弁の中裂片の毛が黄色で赤紫色を帯びず、唇弁の毛の枝がまばらで分枝した細胞が長く、開花期も早い。,日本の野生植物 第1巻,日本の野生植物 1- ソテツ科～コミカンソウ科.pdf,bcdcd5ac593747d6d58321d4a696ec96fb963233541af2a4666c4a1fbd1d4fb1,82,162,include,,2026-07-12,,,,,原PDF画像で対象種・比較対象・識別形質・冊子ページを確認。OCRは候補探索のみに使用。
wildplants-v1-identification-0084,volume1_comparison_candidates,1,ムヨウラン,ミドリムヨウラン,ミドリムヨウランはムヨウランに似るが、萼片と側花弁が緑色を帯び、唇弁の中裂片が横長の方形となる。,日本の野生植物 第1巻,日本の野生植物 1- ソテツ科～コミカンソウ科.pdf,bcdcd5ac593747d6d58321d4a696ec96fb963233541af2a4666c4a1fbd1d4fb1,82,162,include,,2026-07-12,,,,,原PDF画像で対象種・比較対象・識別形質・冊子ページを確認。OCRは候補探索のみに使用。
wildplants-v1-identification-0085,volume1_comparison_candidates,1,チケイラン,,,日本の野生植物 第1巻,日本の野生植物 1- ソテツ科～コミカンソウ科.pdf,bcdcd5ac593747d6d58321d4a696ec96fb963233541af2a4666c4a1fbd1d4fb1,82,163,exclude,比較対象の植物名を一意に特定できない,2026-07-12,,,,,原PDF画像で対象種・比較対象・識別形質・冊子ページを確認。OCRは候補探索のみに使用。
wildplants-v1-identification-0086,volume1_comparison_candidates,1,ユウコクラン,コクラン,ユウコクランはコクランに似るが、全体に大型で、花茎は高さ20～40 cmである。,日本の野生植物 第1巻,日本の野生植物 1- ソテツ科～コミカンソウ科.pdf,bcdcd5ac593747d6d58321d4a696ec96fb963233541af2a4666c4a1fbd1d4fb1,82,163,include,,2026-07-12,,,,,原PDF画像で対象種・比較対象・識別形質・冊子ページを確認。OCRは候補探索のみに使用。
wildplants-v1-identification-0087,volume1_comparison_candidates,1,クモキリソウ,,,日本の野生植物 第1巻,日本の野生植物 1- ソテツ科～コミカンソウ科.pdf,bcdcd5ac593747d6d58321d4a696ec96fb963233541af2a4666c4a1fbd1d4fb1,82,163,exclude,比較対象の植物名を一意に特定できない,2026-07-12,,,,,原PDF画像で対象種・比較対象・識別形質・冊子ページを確認。OCRは候補探索のみに使用。
wildplants-v1-identification-0088,volume1_comparison_candidates,1,ボウラン,,,日本の野生植物 第1巻,日本の野生植物 1- ソテツ科～コミカンソウ科.pdf,bcdcd5ac593747d6d58321d4a696ec96fb963233541af2a4666c4a1fbd1d4fb1,83,164,exclude,類似・相違への言及はあるが、比較対象と客観的な識別形質が同時に明示されない,2026-07-12,,,,,原PDF画像で対象種・比較対象・識別形質・冊子ページを確認。OCRは候補探索のみに使用。
wildplants-v1-identification-0089,volume1_comparison_candidates,1,ツクシアリドオシラン,アリドオシラン,,日本の野生植物 第1巻,日本の野生植物 1- ソテツ科～コミカンソウ科.pdf,bcdcd5ac593747d6d58321d4a696ec96fb963233541af2a4666c4a1fbd1d4fb1,83,165,exclude,比較対象または識別形質が不確実・未確立・属レベルで、種ページ用の診断文として採用できない,2026-07-12,,,,,原PDF画像で対象種・比較対象・識別形質・冊子ページを確認。OCRは候補探索のみに使用。
wildplants-v1-identification-0090,volume1_comparison_candidates,1,サカネラン,ツクシサカネラン,ツクシサカネランはサカネランに似るが、より小さく、腺毛がまばらで、唇弁の形が異なる。,日本の野生植物 第1巻,日本の野生植物 1- ソテツ科～コミカンソウ科.pdf,bcdcd5ac593747d6d58321d4a696ec96fb963233541af2a4666c4a1fbd1d4fb1,84,166,include,,2026-07-12,,,,,原PDF画像で対象種・比較対象・識別形質・冊子ページを確認。OCRは候補探索のみに使用。
wildplants-v1-identification-0091,volume1_comparison_candidates,1,コケイラン,コケイランモドキ,コケイランモドキはコケイランと比べ、花が小さく、唇弁の中央部から側裂片が分かれ、蕊柱が太く短い。,日本の野生植物 第1巻,日本の野生植物 1- ソテツ科～コミカンソウ科.pdf,bcdcd5ac593747d6d58321d4a696ec96fb963233541af2a4666c4a1fbd1d4fb1,85,168,include,,2026-07-12,,,,,原PDF画像で対象種・比較対象・識別形質・冊子ページを確認。OCRは候補探索のみに使用。
wildplants-v1-identification-0092,volume1_comparison_candidates,1,タカサゴサギソウ,,,日本の野生植物 第1巻,日本の野生植物 1- ソテツ科～コミカンソウ科.pdf,bcdcd5ac593747d6d58321d4a696ec96fb963233541af2a4666c4a1fbd1d4fb1,85,169,exclude,比較対象の植物名を一意に特定できない,2026-07-12,,,,,原PDF画像で対象種・比較対象・識別形質・冊子ページを確認。OCRは候補探索のみに使用。
wildplants-v1-identification-0093,volume1_comparison_candidates,1,トンボソウ,クニガミトンボソウ／ソノハラトンボ,クニガミトンボソウ（ソノハラトンボ）はトンボソウに似るが、葉が幅5～8 mmと細い。,日本の野生植物 第1巻,日本の野生植物 1- ソテツ科～コミカンソウ科.pdf,bcdcd5ac593747d6d58321d4a696ec96fb963233541af2a4666c4a1fbd1d4fb1,86,171,include,,2026-07-12,,,,,原PDF画像で対象種・比較対象・識別形質・冊子ページを確認。OCRは候補探索のみに使用。
wildplants-v1-identification-0094,volume1_comparison_candidates,1,ハチジョウツレサギ,ホソバノキソチドリ,,日本の野生植物 第1巻,日本の野生植物 1- ソテツ科～コミカンソウ科.pdf,bcdcd5ac593747d6d58321d4a696ec96fb963233541af2a4666c4a1fbd1d4fb1,87,172,exclude,近縁関係の記述のみで、客観的な識別形質がない,2026-07-12,,,,,原PDF画像で対象種・比較対象・識別形質・冊子ページを確認。OCRは候補探索のみに使用。
wildplants-v1-identification-0095,volume1_comparison_candidates,1,ジンバイソウ,イリオモテトンボソウ／ソハヤキトンボソウ,イリオモテトンボソウとソハヤキトンボソウはジンバイソウに似るが、根出葉が1枚である。,日本の野生植物 第1巻,日本の野生植物 1- ソテツ科～コミカンソウ科.pdf,bcdcd5ac593747d6d58321d4a696ec96fb963233541af2a4666c4a1fbd1d4fb1,87,172,include,,2026-07-12,,,,,原PDF画像で対象種・比較対象・識別形質・冊子ページを確認。OCRは候補探索のみに使用。
wildplants-v1-identification-0096,volume1_comparison_candidates,1,オオヤマサギソウ,オオバナオオヤマサギソウ,オオバナオオヤマサギソウはオオヤマサギソウと比べ、花が大きく、唇弁の形が異なる。,日本の野生植物 第1巻,日本の野生植物 1- ソテツ科～コミカンソウ科.pdf,bcdcd5ac593747d6d58321d4a696ec96fb963233541af2a4666c4a1fbd1d4fb1,87,172,include,,2026-07-12,,,,,原PDF画像で対象種・比較対象・識別形質・冊子ページを確認。OCRは候補探索のみに使用。
wildplants-v1-identification-0097,volume1_comparison_candidates,1,ガッサンチドリ,ミヤマチドリ,ガッサンチドリはミヤマチドリに似るが、茎は最長約40 cm、葉は通常3～5個、距は長さ2.5～4 mmの楕円体である。,日本の野生植物 第1巻,日本の野生植物 1- ソテツ科～コミカンソウ科.pdf,bcdcd5ac593747d6d58321d4a696ec96fb963233541af2a4666c4a1fbd1d4fb1,87,172,include,,2026-07-12,,,,,原PDF画像で対象種・比較対象・識別形質・冊子ページを確認。OCRは候補探索のみに使用。
wildplants-v1-identification-0098,volume1_comparison_candidates,1,アマミトンボ,ハチジョウチドリ,アマミトンボはハチジョウチドリと比べ、苞が子房とほぼ同長か、それより短い。,日本の野生植物 第1巻,日本の野生植物 1- ソテツ科～コミカンソウ科.pdf,bcdcd5ac593747d6d58321d4a696ec96fb963233541af2a4666c4a1fbd1d4fb1,87,173,include,,2026-07-12,,,,,原PDF画像で対象種・比較対象・識別形質・冊子ページを確認。OCRは候補探索のみに使用。
wildplants-v1-identification-0099,volume1_comparison_candidates,1,ネジバナ,ナンゴクネジパナ／アキネジバナ／ヤクシマネジバナ／シロパナモジズリ／アオモジズリ,,日本の野生植物 第1巻,日本の野生植物 1- ソテツ科～コミカンソウ科.pdf,bcdcd5ac593747d6d58321d4a696ec96fb963233541af2a4666c4a1fbd1d4fb1,88,175,exclude,比較対象または識別形質が不確実・未確立・属レベルで、種ページ用の診断文として採用できない,2026-07-12,,,,,原PDF画像で対象種・比較対象・識別形質・冊子ページを確認。OCRは候補探索のみに使用。
wildplants-v1-identification-0100,volume1_comparison_candidates,1,ヤクシマネッタイラン,ハチジョウネッタイラン,ハチジョウネッタイランはヤクシマネッタイランと比べ、唇弁の距がより高く張り出し、葉幅が広く、葉先が尾状にならない。,日本の野生植物 第1巻,日本の野生植物 1- ソテツ科～コミカンソウ科.pdf,bcdcd5ac593747d6d58321d4a696ec96fb963233541af2a4666c4a1fbd1d4fb1,89,177,include,,2026-07-12,,,,,原PDF画像で対象種・比較対象・識別形質・冊子ページを確認。OCRは候補探索のみに使用。
wildplants-v1-identification-0101,volume1_comparison_candidates,1,ショウキラン,シナノショウキラン,シナノショウキランは淡黄色の花をつけることでショウキランと区別される。,日本の野生植物 第1巻,日本の野生植物 1- ソテツ科～コミカンソウ科.pdf,bcdcd5ac593747d6d58321d4a696ec96fb963233541af2a4666c4a1fbd1d4fb1,90,178,include,,2026-07-12,,,,,原PDF画像で対象種・比較対象・識別形質・冊子ページを確認。OCRは候補探索のみに使用。
wildplants-v1-identification-0102,volume1_comparison_candidates,1,ヤンバルキヌラン,ムニンキヌラン,ムニンキヌランは花柄子房が無毛であることでヤンバルキヌランから区別される。,日本の野生植物 第1巻,日本の野生植物 1- ソテツ科～コミカンソウ科.pdf,bcdcd5ac593747d6d58321d4a696ec96fb963233541af2a4666c4a1fbd1d4fb1,90,179,include,,2026-07-12,,,,,原PDF画像で対象種・比較対象・識別形質・冊子ページを確認。OCRは候補探索のみに使用。
wildplants-v1-identification-0103,volume1_comparison_candidates,1,エゾキスゲ,ノカンゾウ,エゾキスゲはノカンゾウに似るが、花期が早く、花は黄色で夕方に開き翌日の午後まで咲き、葉が細い。,日本の野生植物 第1巻,日本の野生植物 1- ソテツ科～コミカンソウ科.pdf,bcdcd5ac593747d6d58321d4a696ec96fb963233541af2a4666c4a1fbd1d4fb1,93,184,include,,2026-07-12,,,,,原PDF画像で対象種・比較対象・識別形質・冊子ページを確認。OCRは候補探索のみに使用。
wildplants-v1-identification-0104,volume1_comparison_candidates,1,ゼンテイカ,トビシマカンゾウ,トビシマカンゾウはゼンテイカに似ているが、大型で、花序に15～30花がつくものである。,日本の野生植物 第1巻,日本の野生植物 1- ソテツ科～コミカンソウ科.pdf,bcdcd5ac593747d6d58321d4a696ec96fb963233541af2a4666c4a1fbd1d4fb1,93,184,include,,2026-07-12,,,,,原PDF画像で対象種・比較対象・識別形質・冊子ページを確認。OCRは候補探索のみに使用。
wildplants-v1-identification-0105,volume1_comparison_candidates,1,ハマカンゾウ,ノカンゾウ,ハマカンゾウはノカンゾウに似るが、葉が常緑で濃緑色かつ厚く、花色も濃い。,日本の野生植物 第1巻,日本の野生植物 1- ソテツ科～コミカンソウ科.pdf,bcdcd5ac593747d6d58321d4a696ec96fb963233541af2a4666c4a1fbd1d4fb1,93,184,include,,2026-07-12,,,,,原PDF画像で対象種・比較対象・識別形質・冊子ページを確認。OCRは候補探索のみに使用。
wildplants-v1-identification-0106,volume1_comparison_candidates,1,アサツキ,イズアサツキ,イズアサツキはアサツキに似るが、花茎が葉束の横に離れて出ることがあり、花被片は白色または淡紅紫色で、長さ7～9 mm、幅3～3.5 mm、先が短くとがる。,日本の野生植物 第1巻,日本の野生植物 1- ソテツ科～コミカンソウ科.pdf,bcdcd5ac593747d6d58321d4a696ec96fb963233541af2a4666c4a1fbd1d4fb1,94,187,include,,2026-07-12,,,,,原PDF画像で対象種・比較対象・識別形質・冊子ページを確認。OCRは候補探索のみに使用。
wildplants-v1-identification-0107,volume1_comparison_candidates,1,イワギボウシ,サイコクイワギボウシ,サイコクイワギボウシはイワギボウシに似ているが、苞は幅狭く、花茎の伸びる初期に早くしおれる。,日本の野生植物 第1巻,日本の野生植物 1- ソテツ科～コミカンソウ科.pdf,bcdcd5ac593747d6d58321d4a696ec96fb963233541af2a4666c4a1fbd1d4fb1,97,193,include,,2026-07-12,,,,,原PDF画像で対象種・比較対象・識別形質・冊子ページを確認。OCRは候補探索のみに使用。
wildplants-v1-identification-0108,volume1_comparison_candidates,1,ザラツキギボウシ,アワギボウシ,ザラツキギボウシはアワギボウシに似るが、葉裏の脈上の凹凸が顕著で、7～8月に開花する。,日本の野生植物 第1巻,日本の野生植物 1- ソテツ科～コミカンソウ科.pdf,bcdcd5ac593747d6d58321d4a696ec96fb963233541af2a4666c4a1fbd1d4fb1,98,194,include,,2026-07-12,,,,,原PDF画像で対象種・比較対象・識別形質・冊子ページを確認。OCRは候補探索のみに使用。
wildplants-v1-identification-0109,volume1_comparison_candidates,1,ヒメマイヅルソウ,マイヅルソウ,,日本の野生植物 第1巻,日本の野生植物 1- ソテツ科～コミカンソウ科.pdf,bcdcd5ac593747d6d58321d4a696ec96fb963233541af2a4666c4a1fbd1d4fb1,99,196,exclude,類似・相違への言及はあるが、比較対象と客観的な識別形質が同時に明示されない,2026-07-12,,,,,原PDF画像で対象種・比較対象・識別形質・冊子ページを確認。OCRは候補探索のみに使用。
wildplants-v1-identification-0110,volume1_comparison_candidates,1,ハルナユキザサ,ユキザサ,ハルナユキザサはユキザサに似るが、茎は高さ1.5 mに達する。,日本の野生植物 第1巻,日本の野生植物 1- ソテツ科～コミカンソウ科.pdf,bcdcd5ac593747d6d58321d4a696ec96fb963233541af2a4666c4a1fbd1d4fb1,99,196,include,,2026-07-12,,,,,原PDF画像で対象種・比較対象・識別形質・冊子ページを確認。OCRは候補探索のみに使用。
wildplants-v1-identification-0111,volume1_comparison_candidates,1,ヤマトユキザサ,ユキザサ,ヤマトユキザサはユキザサに似るが、雌雄異株で、茎は高さ35～70 cmである。,日本の野生植物 第1巻,日本の野生植物 1- ソテツ科～コミカンソウ科.pdf,bcdcd5ac593747d6d58321d4a696ec96fb963233541af2a4666c4a1fbd1d4fb1,99,196,include,,2026-07-12,,,,,原PDF画像で対象種・比較対象・識別形質・冊子ページを確認。OCRは候補探索のみに使用。
wildplants-v1-identification-0112,volume1_comparison_candidates,1,アオノクマタケラン,シマクマタケラン,シマクマタケランはアオノクマタケランに似るが、花がやや大きく、果実が黄褐色から赤色に熟す。,日本の野生植物 第1巻,日本の野生植物 1- ソテツ科～コミカンソウ科.pdf,bcdcd5ac593747d6d58321d4a696ec96fb963233541af2a4666c4a1fbd1d4fb1,105,209,include,,2026-07-12,,,,,原PDF画像で対象種・比較対象・識別形質・冊子ページを確認。OCRは候補探索のみに使用。
wildplants-v1-identification-0113,volume1_comparison_candidates,1,クマタケラン,アオノクマタケラン,,日本の野生植物 第1巻,日本の野生植物 1- ソテツ科～コミカンソウ科.pdf,bcdcd5ac593747d6d58321d4a696ec96fb963233541af2a4666c4a1fbd1d4fb1,105,209,exclude,類似・相違への言及はあるが、比較対象と客観的な識別形質が同時に明示されない,2026-07-12,,,,,原PDF画像で対象種・比較対象・識別形質・冊子ページを確認。OCRは候補探索のみに使用。
wildplants-v1-identification-0114,volume1_comparison_candidates,1,ゲットウ,クマタケラン,,日本の野生植物 第1巻,日本の野生植物 1- ソテツ科～コミカンソウ科.pdf,bcdcd5ac593747d6d58321d4a696ec96fb963233541af2a4666c4a1fbd1d4fb1,105,209,exclude,比較表現はあるが、客観的な形態差を確認できない,2026-07-12,,,,,原PDF画像で対象種・比較対象・識別形質・冊子ページを確認。OCRは候補探索のみに使用。
wildplants-v1-identification-0115,volume1_comparison_candidates,1,モウコガマ,ヒメガマ,,日本の野生植物 第1巻,日本の野生植物 1- ソテツ科～コミカンソウ科.pdf,bcdcd5ac593747d6d58321d4a696ec96fb963233541af2a4666c4a1fbd1d4fb1,107,212,exclude,類似・相違への言及はあるが、比較対象と客観的な識別形質が同時に明示されない,2026-07-12,,,,,原PDF画像で対象種・比較対象・識別形質・冊子ページを確認。OCRは候補探索のみに使用。
wildplants-v1-identification-0116,volume1_comparison_candidates,1,ヒュウガホシクサ,ホシクサ,,日本の野生植物 第1巻,日本の野生植物 1- ソテツ科～コミカンソウ科.pdf,bcdcd5ac593747d6d58321d4a696ec96fb963233541af2a4666c4a1fbd1d4fb1,108,214,exclude,類似・相違への言及はあるが、比較対象と客観的な識別形質が同時に明示されない,2026-07-12,,,,,原PDF画像で対象種・比較対象・識別形質・冊子ページを確認。OCRは候補探索のみに使用。
wildplants-v1-identification-0117,volume1_comparison_candidates,1,クロホシクサ,アマノホシクサ,,日本の野生植物 第1巻,日本の野生植物 1- ソテツ科～コミカンソウ科.pdf,bcdcd5ac593747d6d58321d4a696ec96fb963233541af2a4666c4a1fbd1d4fb1,108,214,exclude,本文は分類群を区別しない、または区別できないという記述で、識別形質を提示しない,2026-07-12,,,,,原PDF画像で対象種・比較対象・識別形質・冊子ページを確認。OCRは候補探索のみに使用。
wildplants-v1-identification-0118,volume1_comparison_candidates,1,ミカワイヌノヒゲ,エゾホシクサ,,日本の野生植物 第1巻,日本の野生植物 1- ソテツ科～コミカンソウ科.pdf,bcdcd5ac593747d6d58321d4a696ec96fb963233541af2a4666c4a1fbd1d4fb1,108,215,exclude,類似・相違への言及はあるが、比較対象と客観的な識別形質が同時に明示されない,2026-07-12,,,,,原PDF画像で対象種・比較対象・識別形質・冊子ページを確認。OCRは候補探索のみに使用。
wildplants-v1-identification-0119,volume1_comparison_candidates,1,アズマホシクサ,ミヤマヒナホシクサ,,日本の野生植物 第1巻,日本の野生植物 1- ソテツ科～コミカンソウ科.pdf,bcdcd5ac593747d6d58321d4a696ec96fb963233541af2a4666c4a1fbd1d4fb1,108,215,exclude,本文は分類群を区別しない、または区別できないという記述で、識別形質を提示しない,2026-07-12,,,,,原PDF画像で対象種・比較対象・識別形質・冊子ページを確認。OCRは候補探索のみに使用。
wildplants-v1-identification-0120,volume1_comparison_candidates,1,クロイヌノヒゲ,ヤクシマホシクサ／ネムロホシクサ,,日本の野生植物 第1巻,日本の野生植物 1- ソテツ科～コミカンソウ科.pdf,bcdcd5ac593747d6d58321d4a696ec96fb963233541af2a4666c4a1fbd1d4fb1,108,215,exclude,本文は分類群を区別しない、または区別できないという記述で、識別形質を提示しない,2026-07-12,,,,,原PDF画像で対象種・比較対象・識別形質・冊子ページを確認。OCRは候補探索のみに使用。
wildplants-v1-identification-0121,volume1_comparison_candidates,1,カラフトホシクサ,クシロホシクサ,クシロホシクサは雄花と雌花の萼片が3裂し、花弁が3個であることでカラフトホシクサと区別される。,日本の野生植物 第1巻,日本の野生植物 1- ソテツ科～コミカンソウ科.pdf,bcdcd5ac593747d6d58321d4a696ec96fb963233541af2a4666c4a1fbd1d4fb1,108,215,include,,2026-07-12,,,,,原PDF画像で対象種・比較対象・識別形質・冊子ページを確認。OCRは候補探索のみに使用。
wildplants-v1-identification-0122,volume1_comparison_candidates,1,ニッポンイヌノヒゲ,イズノシマホシクサ,,日本の野生植物 第1巻,日本の野生植物 1- ソテツ科～コミカンソウ科.pdf,bcdcd5ac593747d6d58321d4a696ec96fb963233541af2a4666c4a1fbd1d4fb1,108,215,exclude,本文は分類群を区別しない、または区別できないという記述で、識別形質を提示しない,2026-07-12,,,,,原PDF画像で対象種・比較対象・識別形質・冊子ページを確認。OCRは候補探索のみに使用。
wildplants-v1-identification-0123,volume1_comparison_candidates,1,イグサ,コゴメイ,イグサの髄は連続状で、コゴメイの髄は断続状である。,日本の野生植物 第1巻,日本の野生植物 1- ソテツ科～コミカンソウ科.pdf,bcdcd5ac593747d6d58321d4a696ec96fb963233541af2a4666c4a1fbd1d4fb1,110,218,include,,2026-07-12,,,,,原PDF画像で対象種・比較対象・識別形質・冊子ページを確認。OCRは候補探索のみに使用。
wildplants-v1-identification-0124,volume1_comparison_candidates,1,ホソイ,,,日本の野生植物 第1巻,日本の野生植物 1- ソテツ科～コミカンソウ科.pdf,bcdcd5ac593747d6d58321d4a696ec96fb963233541af2a4666c4a1fbd1d4fb1,110,218,exclude,類似・相違への言及はあるが、比較対象と客観的な識別形質が同時に明示されない,2026-07-12,,,,,原PDF画像で対象種・比較対象・識別形質・冊子ページを確認。OCRは候補探索のみに使用。
wildplants-v1-identification-0125,volume1_comparison_candidates,1,エゾイトイ,イトイ,エゾイトイはイトイに似るが、種子は長さ約1 mmである。,日本の野生植物 第1巻,日本の野生植物 1- ソテツ科～コミカンソウ科.pdf,bcdcd5ac593747d6d58321d4a696ec96fb963233541af2a4666c4a1fbd1d4fb1,110,218,include,,2026-07-12,,,,,原PDF画像で対象種・比較対象・識別形質・冊子ページを確認。OCRは候補探索のみに使用。
wildplants-v1-identification-0126,volume1_comparison_candidates,1,ホソコウガイゼキショウ,ミヤマホソコウガイゼキショウ,ホソコウガイゼキショウはミヤマホソコウガイゼキショウに似るが、高さ20～40 cmである。,日本の野生植物 第1巻,日本の野生植物 1- ソテツ科～コミカンソウ科.pdf,bcdcd5ac593747d6d58321d4a696ec96fb963233541af2a4666c4a1fbd1d4fb1,110,219,include,,2026-07-12,,,,,原PDF画像で対象種・比較対象・識別形質・冊子ページを確認。OCRは候補探索のみに使用。
wildplants-v1-identification-0127,volume1_comparison_candidates,1,アオコウガイゼキショウ,ハリコウガイゼキショウ,アオコウガイゼキショウはハリコウガイゼキショウに似るが、乾くと茎や葉に白色の小粒状突起が現れる。,日本の野生植物 第1巻,日本の野生植物 1- ソテツ科～コミカンソウ科.pdf,bcdcd5ac593747d6d58321d4a696ec96fb963233541af2a4666c4a1fbd1d4fb1,110,219,include,,2026-07-12,,,,,原PDF画像で対象種・比較対象・識別形質・冊子ページを確認。OCRは候補探索のみに使用。
wildplants-v1-identification-0128,volume1_comparison_candidates,1,ヒロハノコウガイゼキショウ,コウガイゼキショウ,,日本の野生植物 第1巻,日本の野生植物 1- ソテツ科～コミカンソウ科.pdf,bcdcd5ac593747d6d58321d4a696ec96fb963233541af2a4666c4a1fbd1d4fb1,110,219,exclude,本文は分類群を区別しない、または区別できないという記述で、識別形質を提示しない,2026-07-12,,,,,原PDF画像で対象種・比較対象・識別形質・冊子ページを確認。OCRは候補探索のみに使用。
wildplants-v1-identification-0129,volume1_comparison_candidates,1,セイタカヌカボシソウ,ミヤマヌカボシソウ,セイタカヌカボシソウはミヤマヌカボシソウと異なり、短い走出枝をもち、蒴果は長さ3.5～4 mm、種子は長さ1.5～2 mmである。,日本の野生植物 第1巻,日本の野生植物 1- ソテツ科～コミカンソウ科.pdf,bcdcd5ac593747d6d58321d4a696ec96fb963233541af2a4666c4a1fbd1d4fb1,111,220,include,,2026-07-12,,,,,原PDF画像で対象種・比較対象・識別形質・冊子ページを確認。OCRは候補探索のみに使用。
wildplants-v1-identification-0130,volume1_comparison_candidates,1,ミヤマスズメノヒエ,タカネスズメノヒエ,,日本の野生植物 第1巻,日本の野生植物 1- ソテツ科～コミカンソウ科.pdf,bcdcd5ac593747d6d58321d4a696ec96fb963233541af2a4666c4a1fbd1d4fb1,111,221,exclude,類似・相違への言及はあるが、比較対象と客観的な識別形質が同時に明示されない,2026-07-12,,,,,原PDF画像で対象種・比較対象・識別形質・冊子ページを確認。OCRは候補探索のみに使用。
wildplants-v1-identification-0131,volume1_comparison_candidates,1,イトキンスゲ,キンスゲ,キンスゲに似るがやや大型。果胞は長さ6～8 mm。,日本の野生植物 第1巻,日本の野生植物 1- ソテツ科～コミカンソウ科.pdf,bcdcd5ac593747d6d58321d4a696ec96fb963233541af2a4666c4a1fbd1d4fb1,115,228,include,,2026-07-12,,,,,原PDF画像で対象種・比較対象・識別形質・冊子ページを確認。OCRは候補探索のみに使用。
wildplants-v1-identification-0132,volume1_comparison_candidates,1,ヒカゲハリスゲ,コハリスゲ,コハリスゲによく似るが、有花茎は高さ15～30 cm。果胞は細脈があり、長さ2.5～3 mm。,日本の野生植物 第1巻,日本の野生植物 1- ソテツ科～コミカンソウ科.pdf,bcdcd5ac593747d6d58321d4a696ec96fb963233541af2a4666c4a1fbd1d4fb1,115,229,include,,2026-07-12,,,,,原PDF画像で対象種・比較対象・識別形質・冊子ページを確認。OCRは候補探索のみに使用。
wildplants-v1-identification-0133,volume1_comparison_candidates,1,ニッコウハリスゲ,ヒカゲハリスゲ,ヒカゲハリスゲに似る。果胞は開出し、長さ2～2.5 mm。,日本の野生植物 第1巻,日本の野生植物 1- ソテツ科～コミカンソウ科.pdf,bcdcd5ac593747d6d58321d4a696ec96fb963233541af2a4666c4a1fbd1d4fb1,115,229,include,,2026-07-12,,,,,原PDF画像で対象種・比較対象・識別形質・冊子ページを確認。OCRは候補探索のみに使用。
wildplants-v1-identification-0134,volume1_comparison_candidates,1,ユキグニハリスゲ,ニッコウハリスゲ,,日本の野生植物 第1巻,日本の野生植物 1- ソテツ科～コミカンソウ科.pdf,bcdcd5ac593747d6d58321d4a696ec96fb963233541af2a4666c4a1fbd1d4fb1,115,229,exclude,類似・相違への言及はあるが、比較対象と客観的な識別形質が同時に明示されない,2026-07-12,,,,,原PDF画像で対象種・比較対象・識別形質・冊子ページを確認。OCRは候補探索のみに使用。
wildplants-v1-identification-0135,volume1_comparison_candidates,1,エゾハリスゲ,ヒカゲハリスゲ,,日本の野生植物 第1巻,日本の野生植物 1- ソテツ科～コミカンソウ科.pdf,bcdcd5ac593747d6d58321d4a696ec96fb963233541af2a4666c4a1fbd1d4fb1,115,229,exclude,類似・相違への言及はあるが、比較対象と客観的な識別形質が同時に明示されない,2026-07-12,,,,,原PDF画像で対象種・比較対象・識別形質・冊子ページを確認。OCRは候補探索のみに使用。
wildplants-v1-identification-0136,volume1_comparison_candidates,1,コウヤハリスゲ,ハリガネスゲ,ハリガネスゲに似るが、小穂が短く、夏から秋に地上性の匐枝を伸ばす。,日本の野生植物 第1巻,日本の野生植物 1- ソテツ科～コミカンソウ科.pdf,bcdcd5ac593747d6d58321d4a696ec96fb963233541af2a4666c4a1fbd1d4fb1,115,229,include,,2026-07-12,,,,,原PDF画像で対象種・比較対象・識別形質・冊子ページを確認。OCRは候補探索のみに使用。
wildplants-v1-identification-0137,volume1_comparison_candidates,1,ハリガネスゲ,マツバスゲ,マツバスゲにたいへんよく似るが、小穂は長さ5～10 mm。果胞は長さ2.5～3 mm。,日本の野生植物 第1巻,日本の野生植物 1- ソテツ科～コミカンソウ科.pdf,bcdcd5ac593747d6d58321d4a696ec96fb963233541af2a4666c4a1fbd1d4fb1,115,229,include,,2026-07-12,,,,,原PDF画像で対象種・比較対象・識別形質・冊子ページを確認。OCRは候補探索のみに使用。
wildplants-v1-identification-0138,volume1_comparison_candidates,1,サトヤマハリスゲ,ハリガネスゲ,ハリガネスゲに似るが、全体に繊細で、小穂が短い。,日本の野生植物 第1巻,日本の野生植物 1- ソテツ科～コミカンソウ科.pdf,bcdcd5ac593747d6d58321d4a696ec96fb963233541af2a4666c4a1fbd1d4fb1,115,229,include,,2026-07-12,,,,,原PDF画像で対象種・比較対象・識別形質・冊子ページを確認。OCRは候補探索のみに使用。
wildplants-v1-identification-0139,volume1_comparison_candidates,1,シモツケハリスゲ,マツバスゲ,マツバスゲによく似るが、花後に伸びる葉は幅広く、幅4 mmに達する。,日本の野生植物 第1巻,日本の野生植物 1- ソテツ科～コミカンソウ科.pdf,bcdcd5ac593747d6d58321d4a696ec96fb963233541af2a4666c4a1fbd1d4fb1,115,229,include,,2026-07-12,,,,,原PDF画像で対象種・比較対象・識別形質・冊子ページを確認。OCRは候補探索のみに使用。
wildplants-v1-identification-0140,volume1_comparison_candidates,1,エゾノコウボウムギ,コウボウムギ,,日本の野生植物 第1巻,日本の野生植物 1- ソテツ科～コミカンソウ科.pdf,bcdcd5ac593747d6d58321d4a696ec96fb963233541af2a4666c4a1fbd1d4fb1,116,230,exclude,類似・相違への言及はあるが、比較対象と客観的な識別形質が同時に明示されない,2026-07-12,,,,,原PDF画像で対象種・比較対象・識別形質・冊子ページを確認。OCRは候補探索のみに使用。
wildplants-v1-identification-0141,volume1_comparison_candidates,1,アサマスゲ,ウスイロスゲ,,日本の野生植物 第1巻,日本の野生植物 1- ソテツ科～コミカンソウ科.pdf,bcdcd5ac593747d6d58321d4a696ec96fb963233541af2a4666c4a1fbd1d4fb1,116,230,exclude,類似・相違への言及はあるが、比較対象と客観的な識別形質が同時に明示されない,2026-07-12,,,,,原PDF画像で対象種・比較対象・識別形質・冊子ページを確認。OCRは候補探索のみに使用。
wildplants-v1-identification-0142,volume1_comparison_candidates,1,ヒメミコシガヤ,ミノボロスゲ,,日本の野生植物 第1巻,日本の野生植物 1- ソテツ科～コミカンソウ科.pdf,bcdcd5ac593747d6d58321d4a696ec96fb963233541af2a4666c4a1fbd1d4fb1,116,231,exclude,類似・相違への言及はあるが、比較対象と客観的な識別形質が同時に明示されない,2026-07-12,,,,,原PDF画像で対象種・比較対象・識別形質・冊子ページを確認。OCRは候補探索のみに使用。
wildplants-v1-identification-0143,volume1_comparison_candidates,1,キビノミノボロスゲ,ミノボロスゲ,ミノボロスゲにやや似るが、果胞は卵状の円錐形で、長さ3.5～4 mm。茎は高さ40～60 cm。,日本の野生植物 第1巻,日本の野生植物 1- ソテツ科～コミカンソウ科.pdf,bcdcd5ac593747d6d58321d4a696ec96fb963233541af2a4666c4a1fbd1d4fb1,116,231,include,,2026-07-12,,,,,原PDF画像で対象種・比較対象・識別形質・冊子ページを確認。OCRは候補探索のみに使用。
wildplants-v1-identification-0144,volume1_comparison_candidates,1,イトヒキスゲ,ヤブスゲ,ヤブスゲによく似るが、繊細で、茎は高さ30～50 cm。,日本の野生植物 第1巻,日本の野生植物 1- ソテツ科～コミカンソウ科.pdf,bcdcd5ac593747d6d58321d4a696ec96fb963233541af2a4666c4a1fbd1d4fb1,117,232,include,,2026-07-12,,,,,原PDF画像で対象種・比較対象・識別形質・冊子ページを確認。OCRは候補探索のみに使用。
wildplants-v1-identification-0145,volume1_comparison_candidates,1,アカンスゲ,ヒロハイッポンスゲ,ヒロハイッポンスゲに似るがやや小型で葉は幅1～2 mm。,日本の野生植物 第1巻,日本の野生植物 1- ソテツ科～コミカンソウ科.pdf,bcdcd5ac593747d6d58321d4a696ec96fb963233541af2a4666c4a1fbd1d4fb1,117,233,include,,2026-07-12,,,,,原PDF画像で対象種・比較対象・識別形質・冊子ページを確認。OCRは候補探索のみに使用。
wildplants-v1-identification-0146,volume1_comparison_candidates,1,ヒメカワズスゲ,ハクサンスゲ,ハクサンスゲに似るが、全体にやや小さく高さ15～40 cm。,日本の野生植物 第1巻,日本の野生植物 1- ソテツ科～コミカンソウ科.pdf,bcdcd5ac593747d6d58321d4a696ec96fb963233541af2a4666c4a1fbd1d4fb1,117,233,include,,2026-07-12,,,,,原PDF画像で対象種・比較対象・識別形質・冊子ページを確認。OCRは候補探索のみに使用。
wildplants-v1-identification-0147,volume1_comparison_candidates,1,ノルゲスゲ,ハクサンスゲ,ハクサンスゲにやや似るが、匐枝を伸ばして群生し、有花茎は高さ20～40 cm。,日本の野生植物 第1巻,日本の野生植物 1- ソテツ科～コミカンソウ科.pdf,bcdcd5ac593747d6d58321d4a696ec96fb963233541af2a4666c4a1fbd1d4fb1,117,233,include,,2026-07-12,,,,,原PDF画像で対象種・比較対象・識別形質・冊子ページを確認。OCRは候補探索のみに使用。
wildplants-v1-identification-0148,volume1_comparison_candidates,1,ヒロハオゼヌマスゲ,ホソバオゼヌマスゲ,ホソバオゼヌマスゲに似るが、葉は灰緑色で、やや平滑。茎は高さ40～60 cm、6～7月に熟す。,日本の野生植物 第1巻,日本の野生植物 1- ソテツ科～コミカンソウ科.pdf,bcdcd5ac593747d6d58321d4a696ec96fb963233541af2a4666c4a1fbd1d4fb1,117,233,include,,2026-07-12,,,,,原PDF画像で対象種・比較対象・識別形質・冊子ページを確認。OCRは候補探索のみに使用。
wildplants-v1-identification-0149,volume1_comparison_candidates,1,オオナキリスゲ,ナキリスゲ,ナキリスゲに似るが小穂は10個内外つき、頂小穂は雄性で線形、長さ1.5～2 cm。,日本の野生植物 第1巻,日本の野生植物 1- ソテツ科～コミカンソウ科.pdf,bcdcd5ac593747d6d58321d4a696ec96fb963233541af2a4666c4a1fbd1d4fb1,118,234,include,,2026-07-12,,,,,原PDF画像で対象種・比較対象・識別形質・冊子ページを確認。OCRは候補探索のみに使用。
wildplants-v1-identification-0150,volume1_comparison_candidates,1,アマミナキリスゲ,コゴメスゲ／オキナワヒメナキリ,アマミナキリスゲはコゴメスゲやオキナワヒメナキリに似るが、小穂を1節に1個つけることが多い。,日本の野生植物 第1巻,日本の野生植物 1- ソテツ科～コミカンソウ科.pdf,bcdcd5ac593747d6d58321d4a696ec96fb963233541af2a4666c4a1fbd1d4fb1,118,234,include,,2026-07-12,,,,,原PDF画像で対象種・比較対象・識別形質・冊子ページを確認。OCRは候補探索のみに使用。
wildplants-v1-identification-0151,volume1_comparison_candidates,1,オキナワヒメナキリ,コゴメスゲ,,日本の野生植物 第1巻,日本の野生植物 1- ソテツ科～コミカンソウ科.pdf,bcdcd5ac593747d6d58321d4a696ec96fb963233541af2a4666c4a1fbd1d4fb1,118,234,exclude,類似・相違への言及はあるが、比較対象と客観的な識別形質が同時に明示されない,2026-07-12,,,,,原PDF画像で対象種・比較対象・識別形質・冊子ページを確認。OCRは候補探索のみに使用。
wildplants-v1-identification-0152,volume1_comparison_candidates,1,コゴメスゲ,ナキリスゲ,,日本の野生植物 第1巻,日本の野生植物 1- ソテツ科～コミカンソウ科.pdf,bcdcd5ac593747d6d58321d4a696ec96fb963233541af2a4666c4a1fbd1d4fb1,118,235,exclude,比較表現はあるが、客観的な形態差を確認できない,2026-07-12,,,,,原PDF画像で対象種・比較対象・識別形質・冊子ページを確認。OCRは候補探索のみに使用。
wildplants-v1-identification-0153,volume1_comparison_candidates,1,センダイスゲ,ナキリスゲ,ナキリスゲに似る。小穂は3～4個。,日本の野生植物 第1巻,日本の野生植物 1- ソテツ科～コミカンソウ科.pdf,bcdcd5ac593747d6d58321d4a696ec96fb963233541af2a4666c4a1fbd1d4fb1,118,235,include,,2026-07-12,,,,,原PDF画像で対象種・比較対象・識別形質・冊子ページを確認。OCRは候補探索のみに使用。
wildplants-v1-identification-0154,volume1_comparison_candidates,1,タニガワスゲ,ヤマアゼスゲ,ヤマアゼスゲに近縁で、よく似るが、匐枝はなくて株をつくる。茎は高さ30～50 cm。,日本の野生植物 第1巻,日本の野生植物 1- ソテツ科～コミカンソウ科.pdf,bcdcd5ac593747d6d58321d4a696ec96fb963233541af2a4666c4a1fbd1d4fb1,119,236,include,,2026-07-12,,,,,原PDF画像で対象種・比較対象・識別形質・冊子ページを確認。OCRは候補探索のみに使用。
wildplants-v1-identification-0155,volume1_comparison_candidates,1,ヌマアゼスゲ,アゼスゲ,アゼスゲに似るが、全体はよりかたい。茎は高さ約60 cm、5～6月に熟す。,日本の野生植物 第1巻,日本の野生植物 1- ソテツ科～コミカンソウ科.pdf,bcdcd5ac593747d6d58321d4a696ec96fb963233541af2a4666c4a1fbd1d4fb1,119,236,include,,2026-07-12,,,,,原PDF画像で対象種・比較対象・識別形質・冊子ページを確認。OCRは候補探索のみに使用。
wildplants-v1-identification-0156,volume1_comparison_candidates,1,タテヤマスゲ,ヒルゼンスゲ,ヒルゼンスゲはタテヤマスゲに似るが、果胞が細長くややふくらみ、長さ約3.5 mm、帯褐色で、著しい嘴がある。茎は高さ50～80 cmである。,日本の野生植物 第1巻,日本の野生植物 1- ソテツ科～コミカンソウ科.pdf,bcdcd5ac593747d6d58321d4a696ec96fb963233541af2a4666c4a1fbd1d4fb1,119,236,include,,2026-07-12,,,,,原PDF画像で対象種・比較対象・識別形質・冊子ページを確認。OCRは候補探索のみに使用。
wildplants-v1-identification-0157,volume1_comparison_candidates,1,ナガエスゲ,タテヤマスゲ,ナガエスゲはタテヤマスゲに似るが、根茎は短く密に叢生する。,日本の野生植物 第1巻,日本の野生植物 1- ソテツ科～コミカンソウ科.pdf,bcdcd5ac593747d6d58321d4a696ec96fb963233541af2a4666c4a1fbd1d4fb1,119,236,include,,2026-07-12,,,,,原PDF画像で対象種・比較対象・識別形質・冊子ページを確認。OCRは候補探索のみに使用。
wildplants-v1-identification-0158,volume1_comparison_candidates,1,ウシオスゲ,ヒメウシオスゲ,,日本の野生植物 第1巻,日本の野生植物 1- ソテツ科～コミカンソウ科.pdf,bcdcd5ac593747d6d58321d4a696ec96fb963233541af2a4666c4a1fbd1d4fb1,119,236,exclude,類似・相違への言及はあるが、比較対象と客観的な識別形質が同時に明示されない,2026-07-12,,,,,原PDF画像で対象種・比較対象・識別形質・冊子ページを確認。OCRは候補探索のみに使用。
wildplants-v1-identification-0159,volume1_comparison_candidates,1,シュミットスゲ,カブスゲ,,日本の野生植物 第1巻,日本の野生植物 1- ソテツ科～コミカンソウ科.pdf,bcdcd5ac593747d6d58321d4a696ec96fb963233541af2a4666c4a1fbd1d4fb1,119,237,exclude,類似・相違への言及はあるが、比較対象と客観的な識別形質が同時に明示されない,2026-07-12,,,,,原PDF画像で対象種・比較対象・識別形質・冊子ページを確認。OCRは候補探索のみに使用。
wildplants-v1-identification-0160,volume1_comparison_candidates,1,ツクシナルコ,アゼナルコ,,日本の野生植物 第1巻,日本の野生植物 1- ソテツ科～コミカンソウ科.pdf,bcdcd5ac593747d6d58321d4a696ec96fb963233541af2a4666c4a1fbd1d4fb1,119,237,exclude,類似・相違への言及はあるが、比較対象と客観的な識別形質が同時に明示されない,2026-07-12,,,,,原PDF画像で対象種・比較対象・識別形質・冊子ページを確認。OCRは候補探索のみに使用。
wildplants-v1-identification-0161,volume1_comparison_candidates,1,カワラスゲ,テキリスゲ,テキリスゲにやや似て、明らかな糸網があるが、茎の基部の鞘は一部帯赤色、高さ30～60 cm。,日本の野生植物 第1巻,日本の野生植物 1- ソテツ科～コミカンソウ科.pdf,bcdcd5ac593747d6d58321d4a696ec96fb963233541af2a4666c4a1fbd1d4fb1,119,237,include,,2026-07-12,,,,,原PDF画像で対象種・比較対象・識別形質・冊子ページを確認。OCRは候補探索のみに使用。
wildplants-v1-identification-0162,volume1_comparison_candidates,1,アズマナルコ,カワラスゲ,アズマナルコはカワラスゲに似るが大型で、茎は太く、高さ40～80 cmである。,日本の野生植物 第1巻,日本の野生植物 1- ソテツ科～コミカンソウ科.pdf,bcdcd5ac593747d6d58321d4a696ec96fb963233541af2a4666c4a1fbd1d4fb1,119,237,include,,2026-07-12,,,,,原PDF画像で対象種・比較対象・識別形質・冊子ページを確認。OCRは候補探索のみに使用。
wildplants-v1-identification-0163,volume1_comparison_candidates,1,ヤマテキリスゲ,テキリスゲ,,日本の野生植物 第1巻,日本の野生植物 1- ソテツ科～コミカンソウ科.pdf,bcdcd5ac593747d6d58321d4a696ec96fb963233541af2a4666c4a1fbd1d4fb1,119,237,exclude,類似・相違への言及はあるが、比較対象と客観的な識別形質が同時に明示されない,2026-07-12,,,,,原PDF画像で対象種・比較対象・識別形質・冊子ページを確認。OCRは候補探索のみに使用。
wildplants-v1-identification-0164,volume1_comparison_candidates,1,タヌキラン,オオタヌキラン,オオタヌキランはタヌキランによく似るが、雌小穂は長楕円状円柱形で、果胞は長さ約5 mm、長楕円状披針形で幅広く、基部には短い柄があるだけなので区別がつく。,日本の野生植物 第1巻,日本の野生植物 1- ソテツ科～コミカンソウ科.pdf,bcdcd5ac593747d6d58321d4a696ec96fb963233541af2a4666c4a1fbd1d4fb1,120,238,include,,2026-07-12,,,,,原PDF画像で対象種・比較対象・識別形質・冊子ページを確認。OCRは候補探索のみに使用。
wildplants-v1-identification-0165,volume1_comparison_candidates,1,シマタヌキラン,コタヌキラン,,日本の野生植物 第1巻,日本の野生植物 1- ソテツ科～コミカンソウ科.pdf,bcdcd5ac593747d6d58321d4a696ec96fb963233541af2a4666c4a1fbd1d4fb1,120,238,exclude,近縁関係の記述のみで、客観的な識別形質がない,2026-07-12,,,,,原PDF画像で対象種・比較対象・識別形質・冊子ページを確認。OCRは候補探索のみに使用。
wildplants-v1-identification-0166,volume1_comparison_candidates,1,カゴシマスゲ,オオムギスゲ,,日本の野生植物 第1巻,日本の野生植物 1- ソテツ科～コミカンソウ科.pdf,bcdcd5ac593747d6d58321d4a696ec96fb963233541af2a4666c4a1fbd1d4fb1,120,239,exclude,類似・相違への言及はあるが、比較対象と客観的な識別形質が同時に明示されない,2026-07-12,,,,,原PDF画像で対象種・比較対象・識別形質・冊子ページを確認。OCRは候補探索のみに使用。
wildplants-v1-identification-0167,volume1_comparison_candidates,1,ヒロバスゲ,アオバスゲ,,日本の野生植物 第1巻,日本の野生植物 1- ソテツ科～コミカンソウ科.pdf,bcdcd5ac593747d6d58321d4a696ec96fb963233541af2a4666c4a1fbd1d4fb1,120,239,exclude,類似・相違への言及はあるが、比較対象と客観的な識別形質が同時に明示されない,2026-07-12,,,,,原PDF画像で対象種・比較対象・識別形質・冊子ページを確認。OCRは候補探索のみに使用。
wildplants-v1-identification-0168,volume1_comparison_candidates,1,セキモンスゲ,キノクニスゲ,,日本の野生植物 第1巻,日本の野生植物 1- ソテツ科～コミカンソウ科.pdf,bcdcd5ac593747d6d58321d4a696ec96fb963233541af2a4666c4a1fbd1d4fb1,122,242,exclude,近縁関係の記述のみで、客観的な識別形質がない,2026-07-12,,,,,原PDF画像で対象種・比較対象・識別形質・冊子ページを確認。OCRは候補探索のみに使用。
wildplants-v1-identification-0169,volume1_comparison_candidates,1,ウミノサチスゲ,セキモンスゲ,,日本の野生植物 第1巻,日本の野生植物 1- ソテツ科～コミカンソウ科.pdf,bcdcd5ac593747d6d58321d4a696ec96fb963233541af2a4666c4a1fbd1d4fb1,122,242,exclude,比較表現はあるが、客観的な形態差を確認できない,2026-07-12,,,,,原PDF画像で対象種・比較対象・識別形質・冊子ページを確認。OCRは候補探索のみに使用。
wildplants-v1-identification-0170,volume1_comparison_candidates,1,ムニンヒョウタンスゲ,トックリスゲ／ヒロハヒョウタンスゲ,,日本の野生植物 第1巻,日本の野生植物 1- ソテツ科～コミカンソウ科.pdf,bcdcd5ac593747d6d58321d4a696ec96fb963233541af2a4666c4a1fbd1d4fb1,122,242,exclude,類似・相違への言及はあるが、比較対象と客観的な識別形質が同時に明示されない,2026-07-12,,,,,原PDF画像で対象種・比較対象・識別形質・冊子ページを確認。OCRは候補探索のみに使用。
wildplants-v1-identification-0171,volume1_comparison_candidates,1,ゲンカイモエギスゲ,アキイトスゲ,,日本の野生植物 第1巻,日本の野生植物 1- ソテツ科～コミカンソウ科.pdf,bcdcd5ac593747d6d58321d4a696ec96fb963233541af2a4666c4a1fbd1d4fb1,122,242,exclude,類似・相違への言及はあるが、比較対象と客観的な識別形質が同時に明示されない,2026-07-12,,,,,原PDF画像で対象種・比較対象・識別形質・冊子ページを確認。OCRは候補探索のみに使用。
wildplants-v1-identification-0172,volume1_comparison_candidates,1,アキイトスゲ,ゲンカイモエギスゲ,,日本の野生植物 第1巻,日本の野生植物 1- ソテツ科～コミカンソウ科.pdf,bcdcd5ac593747d6d58321d4a696ec96fb963233541af2a4666c4a1fbd1d4fb1,122,242,exclude,類似・相違への言及はあるが、比較対象と客観的な識別形質が同時に明示されない,2026-07-12,,,,,原PDF画像で対象種・比較対象・識別形質・冊子ページを確認。OCRは候補探索のみに使用。
wildplants-v1-identification-0173,volume1_comparison_candidates,1,ナガボスゲ,トクノシマスゲ,徳之島のものは特に葉が細く、トクノシマスゲと区別された。,日本の野生植物 第1巻,日本の野生植物 1- ソテツ科～コミカンソウ科.pdf,bcdcd5ac593747d6d58321d4a696ec96fb963233541af2a4666c4a1fbd1d4fb1,122,242,include,,2026-07-12,,,,,原PDF画像で対象種・比較対象・識別形質・冊子ページを確認。OCRは候補探索のみに使用。
wildplants-v1-identification-0174,volume1_comparison_candidates,1,ツクシスゲ,タシロスゲ,,日本の野生植物 第1巻,日本の野生植物 1- ソテツ科～コミカンソウ科.pdf,bcdcd5ac593747d6d58321d4a696ec96fb963233541af2a4666c4a1fbd1d4fb1,122,243,exclude,類似・相違への言及はあるが、比較対象と客観的な識別形質が同時に明示されない,2026-07-12,,,,,原PDF画像で対象種・比較対象・識別形質・冊子ページを確認。OCRは候補探索のみに使用。
wildplants-v1-identification-0175,volume1_comparison_candidates,1,ヒメカンスゲ,トカラカンスゲ／ヤクシマスゲ,,日本の野生植物 第1巻,日本の野生植物 1- ソテツ科～コミカンソウ科.pdf,bcdcd5ac593747d6d58321d4a696ec96fb963233541af2a4666c4a1fbd1d4fb1,122,243,exclude,近縁関係の記述のみで、客観的な識別形質がない,2026-07-12,,,,,原PDF画像で対象種・比較対象・識別形質・冊子ページを確認。OCRは候補探索のみに使用。
wildplants-v1-identification-0176,volume1_comparison_candidates,1,オオシマカンスゲ,ヒメカンスゲ,,日本の野生植物 第1巻,日本の野生植物 1- ソテツ科～コミカンソウ科.pdf,bcdcd5ac593747d6d58321d4a696ec96fb963233541af2a4666c4a1fbd1d4fb1,122,243,exclude,比較表現はあるが、客観的な形態差を確認できない,2026-07-12,,,,,原PDF画像で対象種・比較対象・識別形質・冊子ページを確認。OCRは候補探索のみに使用。
wildplants-v1-identification-0177,volume1_comparison_candidates,1,ホソバカンスゲ,カンスゲ,ホソバカンスゲはカンスゲと異なり、前年の無花茎の束の中央に有花茎をつける。,日本の野生植物 第1巻,日本の野生植物 1- ソテツ科～コミカンソウ科.pdf,bcdcd5ac593747d6d58321d4a696ec96fb963233541af2a4666c4a1fbd1d4fb1,122,243,include,,2026-07-12,,,,,原PDF画像で対象種・比較対象・識別形質・冊子ページを確認。OCRは候補探索のみに使用。
wildplants-v1-identification-0178,volume1_comparison_candidates,1,スルガスゲ,オクノカンスゲ,スルガスゲはオクノカンスゲに似るが、匐枝がない。,日本の野生植物 第1巻,日本の野生植物 1- ソテツ科～コミカンソウ科.pdf,bcdcd5ac593747d6d58321d4a696ec96fb963233541af2a4666c4a1fbd1d4fb1,122,243,include,,2026-07-12,,,,,原PDF画像で対象種・比較対象・識別形質・冊子ページを確認。OCRは候補探索のみに使用。
wildplants-v1-identification-0179,volume1_comparison_candidates,1,ナゴスゲ,ナガボスゲ,ナゴスゲはナガボスゲに似るが、前年の無花茎の中央に有花茎をつけ、雄小穂が非常に細い。,日本の野生植物 第1巻,日本の野生植物 1- ソテツ科～コミカンソウ科.pdf,bcdcd5ac593747d6d58321d4a696ec96fb963233541af2a4666c4a1fbd1d4fb1,122,243,include,,2026-07-12,,,,,原PDF画像で対象種・比較対象・識別形質・冊子ページを確認。OCRは候補探索のみに使用。
wildplants-v1-identification-0180,volume1_comparison_candidates,1,ケスゲ,ホンモンジスゲ／シロイトスゲ,ケスゲはホンモンジスゲやシロイトスゲとその変種に似るが、茎、葉、花序などの全体に開出する軟毛が生える。,日本の野生植物 第1巻,日本の野生植物 1- ソテツ科～コミカンソウ科.pdf,bcdcd5ac593747d6d58321d4a696ec96fb963233541af2a4666c4a1fbd1d4fb1,122,243,include,,2026-07-12,,,,,原PDF画像で対象種・比較対象・識別形質・冊子ページを確認。OCRは候補探索のみに使用。
wildplants-v1-identification-0181,volume1_comparison_candidates,1,ニシノホンモンジスゲ,ホンモンジスゲ,ホンモンジスゲに似ているが、匐枝がなくて大きな株をつくる。茎は高さ30～50 cm、葉は幅2～3 mm。,日本の野生植物 第1巻,日本の野生植物 1- ソテツ科～コミカンソウ科.pdf,bcdcd5ac593747d6d58321d4a696ec96fb963233541af2a4666c4a1fbd1d4fb1,122,243,include,,2026-07-12,,,,,原PDF画像で対象種・比較対象・識別形質・冊子ページを確認。OCRは候補探索のみに使用。
wildplants-v1-identification-0182,volume1_comparison_candidates,1,コイトスゲ,サハリンイトスゲ,,日本の野生植物 第1巻,日本の野生植物 1- ソテツ科～コミカンソウ科.pdf,bcdcd5ac593747d6d58321d4a696ec96fb963233541af2a4666c4a1fbd1d4fb1,123,244,exclude,類似・相違への言及はあるが、比較対象と客観的な識別形質が同時に明示されない,2026-07-12,,,,,原PDF画像で対象種・比較対象・識別形質・冊子ページを確認。OCRは候補探索のみに使用。
wildplants-v1-identification-0183,volume1_comparison_candidates,1,ツルナシオオイトスゲ,チャイトスゲ,,日本の野生植物 第1巻,日本の野生植物 1- ソテツ科～コミカンソウ科.pdf,bcdcd5ac593747d6d58321d4a696ec96fb963233541af2a4666c4a1fbd1d4fb1,123,244,exclude,類似・相違への言及はあるが、比較対象と客観的な識別形質が同時に明示されない,2026-07-12,,,,,原PDF画像で対象種・比較対象・識別形質・冊子ページを確認。OCRは候補探索のみに使用。
wildplants-v1-identification-0184,volume1_comparison_candidates,1,ヒメモエギスゲ,モエギスゲ,,日本の野生植物 第1巻,日本の野生植物 1- ソテツ科～コミカンソウ科.pdf,bcdcd5ac593747d6d58321d4a696ec96fb963233541af2a4666c4a1fbd1d4fb1,123,244,exclude,類似・相違への言及はあるが、比較対象と客観的な識別形質が同時に明示されない,2026-07-12,,,,,原PDF画像で対象種・比較対象・識別形質・冊子ページを確認。OCRは候補探索のみに使用。
wildplants-v1-identification-0185,volume1_comparison_candidates,1,イソアオスゲ,アオスゲ,アオスゲに似るが、匐枝を伸ばす。,日本の野生植物 第1巻,日本の野生植物 1- ソテツ科～コミカンソウ科.pdf,bcdcd5ac593747d6d58321d4a696ec96fb963233541af2a4666c4a1fbd1d4fb1,123,245,include,,2026-07-12,,,,,原PDF画像で対象種・比較対象・識別形質・冊子ページを確認。OCRは候補探索のみに使用。
wildplants-v1-identification-0186,volume1_comparison_candidates,1,オオアオスゲ,アオスゲ,,日本の野生植物 第1巻,日本の野生植物 1- ソテツ科～コミカンソウ科.pdf,bcdcd5ac593747d6d58321d4a696ec96fb963233541af2a4666c4a1fbd1d4fb1,123,245,exclude,比較表現はあるが、客観的な形態差を確認できない,2026-07-12,,,,,原PDF画像で対象種・比較対象・識別形質・冊子ページを確認。OCRは候補探索のみに使用。
wildplants-v1-identification-0187,volume1_comparison_candidates,1,チャシバスゲ,シバスゲ,チャシバスゲはシバスゲに似るが、小穂は栗褐色または赤褐色で、5～7月に成熟する。,日本の野生植物 第1巻,日本の野生植物 1- ソテツ科～コミカンソウ科.pdf,bcdcd5ac593747d6d58321d4a696ec96fb963233541af2a4666c4a1fbd1d4fb1,123,245,include,,2026-07-12,,,,,原PDF画像で対象種・比較対象・識別形質・冊子ページを確認。OCRは候補探索のみに使用。
wildplants-v1-identification-0188,volume1_comparison_candidates,1,アイズスゲ,,,日本の野生植物 第1巻,日本の野生植物 1- ソテツ科～コミカンソウ科.pdf,bcdcd5ac593747d6d58321d4a696ec96fb963233541af2a4666c4a1fbd1d4fb1,123,245,exclude,類似・相違への言及はあるが、比較対象と客観的な識別形質が同時に明示されない,2026-07-12,,,,,原PDF画像で対象種・比較対象・識別形質・冊子ページを確認。OCRは候補探索のみに使用。
wildplants-v1-identification-0189,volume1_comparison_candidates,1,ササノハスゲ,タガネソウ,タガネソウによく似るが、小穂は球形で、長さ4～6 mm。,日本の野生植物 第1巻,日本の野生植物 1- ソテツ科～コミカンソウ科.pdf,bcdcd5ac593747d6d58321d4a696ec96fb963233541af2a4666c4a1fbd1d4fb1,124,246,include,,2026-07-12,,,,,原PDF画像で対象種・比較対象・識別形質・冊子ページを確認。OCRは候補探索のみに使用。
wildplants-v1-identification-0190,volume1_comparison_candidates,1,ケタガネソウ,タガネソウ,タガネソウによく似るが、全体に少し小さく、茎や葉に密に長毛が生える。,日本の野生植物 第1巻,日本の野生植物 1- ソテツ科～コミカンソウ科.pdf,bcdcd5ac593747d6d58321d4a696ec96fb963233541af2a4666c4a1fbd1d4fb1,124,246,include,,2026-07-12,,,,,原PDF画像で対象種・比較対象・識別形質・冊子ページを確認。OCRは候補探索のみに使用。
wildplants-v1-identification-0191,volume1_comparison_candidates,1,サツマスゲ,テンジクスゲ,テンジクスゲはサツマスゲによく似ているが、小穂は茎の先端付近に集まる。,日本の野生植物 第1巻,日本の野生植物 1- ソテツ科～コミカンソウ科.pdf,bcdcd5ac593747d6d58321d4a696ec96fb963233541af2a4666c4a1fbd1d4fb1,124,246,include,,2026-07-12,,,,,原PDF画像で対象種・比較対象・識別形質・冊子ページを確認。OCRは候補探索のみに使用。
wildplants-v1-identification-0192,volume1_comparison_candidates,1,タイホクスゲ,リュウキュウヒエスゲ,タイホクスゲはリュウキュウヒエスゲに似るが、果胞にまばらな短毛があり、果実の稜の中央に凹入がなく、頂部に嘴もない。,日本の野生植物 第1巻,日本の野生植物 1- ソテツ科～コミカンソウ科.pdf,bcdcd5ac593747d6d58321d4a696ec96fb963233541af2a4666c4a1fbd1d4fb1,124,247,include,,2026-07-12,,,,,原PDF画像で対象種・比較対象・識別形質・冊子ページを確認。OCRは候補探索のみに使用。
wildplants-v1-identification-0193,volume1_comparison_candidates,1,ビッチュウヒカゲスゲ,ヒカゲスゲ,ビッチュウヒカゲスゲはヒカゲスゲに似るが、根茎は長く斜上してまばらに叢生し、葉は幅2.5～3 mmとやや広い。,日本の野生植物 第1巻,日本の野生植物 1- ソテツ科～コミカンソウ科.pdf,bcdcd5ac593747d6d58321d4a696ec96fb963233541af2a4666c4a1fbd1d4fb1,124,247,include,,2026-07-12,,,,,原PDF画像で対象種・比較対象・識別形質・冊子ページを確認。OCRは候補探索のみに使用。
wildplants-v1-identification-0194,volume1_comparison_candidates,1,ホソバヒカゲスゲ,ヒカゲスゲ,ホソバヒカゲスゲはヒカゲスゲに似るが、葉は幅0.5～1.5 mmと細く、有花茎は高さ3～6 cmである。,日本の野生植物 第1巻,日本の野生植物 1- ソテツ科～コミカンソウ科.pdf,bcdcd5ac593747d6d58321d4a696ec96fb963233541af2a4666c4a1fbd1d4fb1,124,247,include,,2026-07-12,,,,,原PDF画像で対象種・比較対象・識別形質・冊子ページを確認。OCRは候補探索のみに使用。
wildplants-v1-identification-0195,volume1_comparison_candidates,1,イワカンスゲ,コイワカンスゲ,コイワカンスゲによく似るが、大型で、有花茎は高さ30～50 cm。,日本の野生植物 第1巻,日本の野生植物 1- ソテツ科～コミカンソウ科.pdf,bcdcd5ac593747d6d58321d4a696ec96fb963233541af2a4666c4a1fbd1d4fb1,125,248,include,,2026-07-12,,,,,原PDF画像で対象種・比較対象・識別形質・冊子ページを確認。OCRは候補探索のみに使用。
wildplants-v1-identification-0196,volume1_comparison_candidates,1,タイワンカンスゲ,コバケイスゲ,タイワンカンスゲはコバケイスゲに似るが、果胞は長楕円形で長さ5～7 mm、基部に長い柄があり、先は長い嘴になる。,日本の野生植物 第1巻,日本の野生植物 1- ソテツ科～コミカンソウ科.pdf,bcdcd5ac593747d6d58321d4a696ec96fb963233541af2a4666c4a1fbd1d4fb1,125,248,include,,2026-07-12,,,,,原PDF画像で対象種・比較対象・識別形質・冊子ページを確認。OCRは候補探索のみに使用。
wildplants-v1-identification-0197,volume1_comparison_candidates,1,コイワカンスゲ,ショウジョウスゲ,ショウジョウスゲに似て茎は細いが、高さ15～30 cm。果胞には短毛があり、長さ4～5 mm。,日本の野生植物 第1巻,日本の野生植物 1- ソテツ科～コミカンソウ科.pdf,bcdcd5ac593747d6d58321d4a696ec96fb963233541af2a4666c4a1fbd1d4fb1,125,248,include,,2026-07-12,,,,,原PDF画像で対象種・比較対象・識別形質・冊子ページを確認。OCRは候補探索のみに使用。
wildplants-v1-identification-0198,volume1_comparison_candidates,1,リュウキュウタチスゲ,タチスゲ,,日本の野生植物 第1巻,日本の野生植物 1- ソテツ科～コミカンソウ科.pdf,bcdcd5ac593747d6d58321d4a696ec96fb963233541af2a4666c4a1fbd1d4fb1,125,248,exclude,類似・相違への言及はあるが、比較対象と客観的な識別形質が同時に明示されない,2026-07-12,,,,,原PDF画像で対象種・比較対象・識別形質・冊子ページを確認。OCRは候補探索のみに使用。
wildplants-v1-identification-0199,volume1_comparison_candidates,1,タカネシバスゲ,オノエスゲ,オノエスゲによく似るが、全体に小さく、高さ10～20 cm。,日本の野生植物 第1巻,日本の野生植物 1- ソテツ科～コミカンソウ科.pdf,bcdcd5ac593747d6d58321d4a696ec96fb963233541af2a4666c4a1fbd1d4fb1,125,248,include,,2026-07-12,,,,,原PDF画像で対象種・比較対象・識別形質・冊子ページを確認。OCRは候補探索のみに使用。
wildplants-v1-identification-0200,volume1_comparison_candidates,1,オクタマツリスゲ,タマツリスゲ／ヒロハノオオタマツリスゲ,オクタマツリスゲは、基部の鞘が赤紫色で雄小穂の柄が短い点はタマツリスゲに似るが、葉が深緑色で幅広く花期に前年葉が残る点はヒロハノオオタマツリスゲに似る。,日本の野生植物 第1巻,日本の野生植物 1- ソテツ科～コミカンソウ科.pdf,bcdcd5ac593747d6d58321d4a696ec96fb963233541af2a4666c4a1fbd1d4fb1,125,249,include,,2026-07-12,,,,,原PDF画像で対象種・比較対象・識別形質・冊子ページを確認。OCRは候補探索のみに使用。
wildplants-v1-identification-0201,volume1_comparison_candidates,1,オオタマツリスゲ,タマツリスゲ,タマツリスゲに似てやや大型で、葉は幅3～6 mm。,日本の野生植物 第1巻,日本の野生植物 1- ソテツ科～コミカンソウ科.pdf,bcdcd5ac593747d6d58321d4a696ec96fb963233541af2a4666c4a1fbd1d4fb1,125,249,include,,2026-07-12,,,,,原PDF画像で対象種・比較対象・識別形質・冊子ページを確認。OCRは候補探索のみに使用。
wildplants-v1-identification-0202,volume1_comparison_candidates,1,ヒロハノオオタマツリスゲ,オオタマツリスゲ,,日本の野生植物 第1巻,日本の野生植物 1- ソテツ科～コミカンソウ科.pdf,bcdcd5ac593747d6d58321d4a696ec96fb963233541af2a4666c4a1fbd1d4fb1,125,249,exclude,類似・相違への言及はあるが、比較対象と客観的な識別形質が同時に明示されない,2026-07-12,,,,,原PDF画像で対象種・比較対象・識別形質・冊子ページを確認。OCRは候補探索のみに使用。
wildplants-v1-identification-0203,volume1_comparison_candidates,1,グレーンスゲ,コジュズスゲ,グレーンスゲはコジュズスゲに似るが、全体に大きく緑色で、短い匐枝ができる。,日本の野生植物 第1巻,日本の野生植物 1- ソテツ科～コミカンソウ科.pdf,bcdcd5ac593747d6d58321d4a696ec96fb963233541af2a4666c4a1fbd1d4fb1,126,250,include,,2026-07-12,,,,,原PDF画像で対象種・比較対象・識別形質・冊子ページを確認。OCRは候補探索のみに使用。
wildplants-v1-identification-0204,volume1_comparison_candidates,1,ナガボノコジュズスゲ,コジュズスゲ,,日本の野生植物 第1巻,日本の野生植物 1- ソテツ科～コミカンソウ科.pdf,bcdcd5ac593747d6d58321d4a696ec96fb963233541af2a4666c4a1fbd1d4fb1,126,250,exclude,比較表現はあるが、客観的な形態差を確認できない,2026-07-12,,,,,原PDF画像で対象種・比較対象・識別形質・冊子ページを確認。OCRは候補探索のみに使用。
wildplants-v1-identification-0205,volume1_comparison_candidates,1,カツラガワスゲ,ジュズスゲ,,日本の野生植物 第1巻,日本の野生植物 1- ソテツ科～コミカンソウ科.pdf,bcdcd5ac593747d6d58321d4a696ec96fb963233541af2a4666c4a1fbd1d4fb1,126,250,exclude,類似・相違への言及はあるが、比較対象と客観的な識別形質が同時に明示されない,2026-07-12,,,,,原PDF画像で対象種・比較対象・識別形質・冊子ページを確認。OCRは候補探索のみに使用。
wildplants-v1-identification-0206,volume1_comparison_candidates,1,ヒラギシスゲ,ナルコスゲ,ヒラギシスゲはナルコスゲに生態が似るが、果胞は狭卵形で、短くて外曲しない嘴がある。,日本の野生植物 第1巻,日本の野生植物 1- ソテツ科～コミカンソウ科.pdf,bcdcd5ac593747d6d58321d4a696ec96fb963233541af2a4666c4a1fbd1d4fb1,126,251,include,,2026-07-12,,,,,原PDF画像で対象種・比較対象・識別形質・冊子ページを確認。OCRは候補探索のみに使用。
wildplants-v1-identification-0207,volume1_comparison_candidates,1,ヌイオスゲ,ヒメスゲ,ヒメスゲによく似ているが葉鞘は糸をつくらない。,日本の野生植物 第1巻,日本の野生植物 1- ソテツ科～コミカンソウ科.pdf,bcdcd5ac593747d6d58321d4a696ec96fb963233541af2a4666c4a1fbd1d4fb1,127,252,include,,2026-07-12,,,,,原PDF画像で対象種・比較対象・識別形質・冊子ページを確認。OCRは候補探索のみに使用。
wildplants-v1-identification-0208,volume1_comparison_candidates,1,ダケスゲ,ヤチスグ,,日本の野生植物 第1巻,日本の野生植物 1- ソテツ科～コミカンソウ科.pdf,bcdcd5ac593747d6d58321d4a696ec96fb963233541af2a4666c4a1fbd1d4fb1,127,253,exclude,類似・相違への言及はあるが、比較対象と客観的な識別形質が同時に明示されない,2026-07-12,,,,,原PDF画像で対象種・比較対象・識別形質・冊子ページを確認。OCRは候補探索のみに使用。
wildplants-v1-identification-0209,volume1_comparison_candidates,1,エナシヒゴクサ,ヒゴクサ,,日本の野生植物 第1巻,日本の野生植物 1- ソテツ科～コミカンソウ科.pdf,bcdcd5ac593747d6d58321d4a696ec96fb963233541af2a4666c4a1fbd1d4fb1,127,253,exclude,類似・相違への言及はあるが、比較対象と客観的な識別形質が同時に明示されない,2026-07-12,,,,,原PDF画像で対象種・比較対象・識別形質・冊子ページを確認。OCRは候補探索のみに使用。
wildplants-v1-identification-0210,volume1_comparison_candidates,1,アワボスゲ,ヤワラスゲ,ヤワラスゲによく似るが、丈が少し高く30～70 cm。,日本の野生植物 第1巻,日本の野生植物 1- ソテツ科～コミカンソウ科.pdf,bcdcd5ac593747d6d58321d4a696ec96fb963233541af2a4666c4a1fbd1d4fb1,128,254,include,,2026-07-12,,,,,原PDF画像で対象種・比較対象・識別形質・冊子ページを確認。OCRは候補探索のみに使用。
wildplants-v1-identification-0211,volume1_comparison_candidates,1,ベンケイヤワラスゲ,ヤワラスゲ,,日本の野生植物 第1巻,日本の野生植物 1- ソテツ科～コミカンソウ科.pdf,bcdcd5ac593747d6d58321d4a696ec96fb963233541af2a4666c4a1fbd1d4fb1,128,254,exclude,類似・相違への言及はあるが、比較対象と客観的な識別形質が同時に明示されない,2026-07-12,,,,,原PDF画像で対象種・比較対象・識別形質・冊子ページを確認。OCRは候補探索のみに使用。
wildplants-v1-identification-0212,volume1_comparison_candidates,1,キンキカサスゲ,カサスゲ,カサスゲによく似るが、山地の渓流のほとりに生え、茎は高さ30～70 cm。,日本の野生植物 第1巻,日本の野生植物 1- ソテツ科～コミカンソウ科.pdf,bcdcd5ac593747d6d58321d4a696ec96fb963233541af2a4666c4a1fbd1d4fb1,128,254,include,,2026-07-12,,,,,原PDF画像で対象種・比較対象・識別形質・冊子ページを確認。OCRは候補探索のみに使用。
wildplants-v1-identification-0213,volume1_comparison_candidates,1,ウマスゲ,ヤマクボスゲ／ヒメミクリスゲ,,日本の野生植物 第1巻,日本の野生植物 1- ソテツ科～コミカンソウ科.pdf,bcdcd5ac593747d6d58321d4a696ec96fb963233541af2a4666c4a1fbd1d4fb1,128,254,exclude,類似・相違への言及はあるが、比較対象と客観的な識別形質が同時に明示されない,2026-07-12,,,,,原PDF画像で対象種・比較対象・識別形質・冊子ページを確認。OCRは候補探索のみに使用。
wildplants-v1-identification-0214,volume1_comparison_candidates,1,クグスゲ,ジョウロウスゲ,ジョウロウスゲに似るが、基部の葉鞘は淡色。,日本の野生植物 第1巻,日本の野生植物 1- ソテツ科～コミカンソウ科.pdf,bcdcd5ac593747d6d58321d4a696ec96fb963233541af2a4666c4a1fbd1d4fb1,128,255,include,,2026-07-12,,,,,原PDF画像で対象種・比較対象・識別形質・冊子ページを確認。OCRは候補探索のみに使用。
wildplants-v1-identification-0215,volume1_comparison_candidates,1,オオクグ,シオクグ／コウボウシバ,オオクグはシオクグやコウボウシバに果胞の性質が似るが、茎は高さ40～70 cmで太く、基部の葉は葉身がなく濃赤褐色の部分があり、少し糸網がつく。,日本の野生植物 第1巻,日本の野生植物 1- ソテツ科～コミカンソウ科.pdf,bcdcd5ac593747d6d58321d4a696ec96fb963233541af2a4666c4a1fbd1d4fb1,129,256,include,,2026-07-12,,,,,原PDF画像で対象種・比較対象・識別形質・冊子ページを確認。OCRは候補探索のみに使用。
wildplants-v1-identification-0216,volume1_comparison_candidates,1,スナジスゲ,ビロードスゲ,スナジスゲはビロードスゲに似るが、果胞がやや大きく、あらい毛はビロードスゲほど密生しない。,日本の野生植物 第1巻,日本の野生植物 1- ソテツ科～コミカンソウ科.pdf,bcdcd5ac593747d6d58321d4a696ec96fb963233541af2a4666c4a1fbd1d4fb1,129,256,include,,2026-07-12,,,,,原PDF画像で対象種・比較対象・識別形質・冊子ページを確認。OCRは候補探索のみに使用。
wildplants-v1-identification-0217,volume1_comparison_candidates,1,タチヒメクグ,アイダクグ,タチヒメクグはアイダクグに似るが、一年草で株は叢生する。,日本の野生植物 第1巻,日本の野生植物 1- ソテツ科～コミカンソウ科.pdf,bcdcd5ac593747d6d58321d4a696ec96fb963233541af2a4666c4a1fbd1d4fb1,130,259,include,,2026-07-12,,,,,原PDF画像で対象種・比較対象・識別形質・冊子ページを確認。OCRは候補探索のみに使用。
wildplants-v1-identification-0218,volume1_comparison_candidates,1,オオヒメクグ,ヒメクグ,,日本の野生植物 第1巻,日本の野生植物 1- ソテツ科～コミカンソウ科.pdf,bcdcd5ac593747d6d58321d4a696ec96fb963233541af2a4666c4a1fbd1d4fb1,130,259,exclude,類似・相違への言及はあるが、比較対象と客観的な識別形質が同時に明示されない,2026-07-12,,,,,原PDF画像で対象種・比較対象・識別形質・冊子ページを確認。OCRは候補探索のみに使用。
wildplants-v1-identification-0219,volume1_comparison_candidates,1,タチガヤツリ,カワラスガナ,,日本の野生植物 第1巻,日本の野生植物 1- ソテツ科～コミカンソウ科.pdf,bcdcd5ac593747d6d58321d4a696ec96fb963233541af2a4666c4a1fbd1d4fb1,130,259,exclude,比較対象または識別形質が不確実・未確立・属レベルで、種ページ用の診断文として採用できない,2026-07-12,,,,,原PDF画像で対象種・比較対象・識別形質・冊子ページを確認。OCRは候補探索のみに使用。
wildplants-v1-identification-0220,volume1_comparison_candidates,1,シマクグ,イヌクグ,シマクグはイヌクグによく似るが、果実はひと回り大きく、長さ2～2.5 mm、幅0.6～0.7 mmである。,日本の野生植物 第1巻,日本の野生植物 1- ソテツ科～コミカンソウ科.pdf,bcdcd5ac593747d6d58321d4a696ec96fb963233541af2a4666c4a1fbd1d4fb1,131,260,include,,2026-07-12,,,,,原PDF画像で対象種・比較対象・識別形質・冊子ページを確認。OCRは候補探索のみに使用。
wildplants-v1-identification-0221,volume1_comparison_candidates,1,シチトウイ,オオシチトウ,オオシチトウは苞が花序より長いことでシチトウイから区別される。,日本の野生植物 第1巻,日本の野生植物 1- ソテツ科～コミカンソウ科.pdf,bcdcd5ac593747d6d58321d4a696ec96fb963233541af2a4666c4a1fbd1d4fb1,131,260,include,,2026-07-12,,,,,原PDF画像で対象種・比較対象・識別形質・冊子ページを確認。OCRは候補探索のみに使用。
wildplants-v1-identification-0222,volume1_comparison_candidates,1,シロガヤツリ,コシロガヤツリ,コシロガヤツリはシロガヤツリに似るが、小穂の鱗片がらせん状に並ぶ。,日本の野生植物 第1巻,日本の野生植物 1- ソテツ科～コミカンソウ科.pdf,bcdcd5ac593747d6d58321d4a696ec96fb963233541af2a4666c4a1fbd1d4fb1,131,260,include,,2026-07-12,,,,,原PDF画像で対象種・比較対象・識別形質・冊子ページを確認。OCRは候補探索のみに使用。
wildplants-v1-identification-0223,volume1_comparison_candidates,1,ツルナシコアゼガヤツリ,コアゼガヤツリ／ヒメガヤツリ,ツルナシコアゼガヤツリはコアゼガヤツリに似るが、根茎は伸びず叢生し、鱗片は小さい。ヒメガヤツリはツルナシコアゼガヤツリに似るが、成熟時の小穂にやや黄褐色の部分があり、小軸の一部が現れる。,日本の野生植物 第1巻,日本の野生植物 1- ソテツ科～コミカンソウ科.pdf,bcdcd5ac593747d6d58321d4a696ec96fb963233541af2a4666c4a1fbd1d4fb1,131,260,include,,2026-07-12,,,,,原PDF画像で対象種・比較対象・識別形質・冊子ページを確認。OCRは候補探索のみに使用。
wildplants-v1-identification-0224,volume1_comparison_candidates,1,チャガヤツリ,,,日本の野生植物 第1巻,日本の野生植物 1- ソテツ科～コミカンソウ科.pdf,bcdcd5ac593747d6d58321d4a696ec96fb963233541af2a4666c4a1fbd1d4fb1,131,261,exclude,類似・相違への言及はあるが、比較対象と客観的な識別形質が同時に明示されない,2026-07-12,,,,,原PDF画像で対象種・比較対象・識別形質・冊子ページを確認。OCRは候補探索のみに使用。
wildplants-v1-identification-0225,volume1_comparison_candidates,1,カヤツリグサ,コゴメガヤツリ,カヤツリグサはコゴメガヤツリに似るが、穂状小花序の中軸と小穂の小軸に翼がある。,日本の野生植物 第1巻,日本の野生植物 1- ソテツ科～コミカンソウ科.pdf,bcdcd5ac593747d6d58321d4a696ec96fb963233541af2a4666c4a1fbd1d4fb1,131,261,include,,2026-07-12,,,,,原PDF画像で対象種・比較対象・識別形質・冊子ページを確認。OCRは候補探索のみに使用。
wildplants-v1-identification-0226,volume1_comparison_candidates,1,オニガヤツリ,ミズガヤツリ,,日本の野生植物 第1巻,日本の野生植物 1- ソテツ科～コミカンソウ科.pdf,bcdcd5ac593747d6d58321d4a696ec96fb963233541af2a4666c4a1fbd1d4fb1,131,261,exclude,類似・相違への言及はあるが、比較対象と客観的な識別形質が同時に明示されない,2026-07-12,,,,,原PDF画像で対象種・比較対象・識別形質・冊子ページを確認。OCRは候補探索のみに使用。
wildplants-v1-identification-0227,volume1_comparison_candidates,1,クログワイ,ミスミイ,ミスミイはクログワイに似るが、茎は鋭い3稜形で長さ40～80 cm、幅2.5～4 mmとやや細く、中実で横隔壁がなく、平滑である。,日本の野生植物 第1巻,日本の野生植物 1- ソテツ科～コミカンソウ科.pdf,bcdcd5ac593747d6d58321d4a696ec96fb963233541af2a4666c4a1fbd1d4fb1,132,263,include,,2026-07-12,,,,,原PDF画像で対象種・比較対象・識別形質・冊子ページを確認。OCRは候補探索のみに使用。
wildplants-v1-identification-0228,volume1_comparison_candidates,1,オオヌマハリイ,コツブヌマハリイ,,日本の野生植物 第1巻,日本の野生植物 1- ソテツ科～コミカンソウ科.pdf,bcdcd5ac593747d6d58321d4a696ec96fb963233541af2a4666c4a1fbd1d4fb1,132,263,exclude,比較対象または識別形質が不確実・未確立・属レベルで、種ページ用の診断文として採用できない,2026-07-12,,,,,原PDF画像で対象種・比較対象・識別形質・冊子ページを確認。OCRは候補探索のみに使用。
wildplants-v1-identification-0229,volume1_comparison_candidates,1,マツバイ,ハリイ／チャポイ／マツパイ,,日本の野生植物 第1巻,日本の野生植物 1- ソテツ科～コミカンソウ科.pdf,bcdcd5ac593747d6d58321d4a696ec96fb963233541af2a4666c4a1fbd1d4fb1,132,263,exclude,比較対象または識別形質が不確実・未確立・属レベルで、種ページ用の診断文として採用できない,2026-07-12,,,,,原PDF画像で対象種・比較対象・識別形質・冊子ページを確認。OCRは候補探索のみに使用。
wildplants-v1-identification-0230,volume1_comparison_candidates,1,クロテンツキ,テンツキ,,日本の野生植物 第1巻,日本の野生植物 1- ソテツ科～コミカンソウ科.pdf,bcdcd5ac593747d6d58321d4a696ec96fb963233541af2a4666c4a1fbd1d4fb1,134,267,exclude,比較表現はあるが、客観的な形態差を確認できない,2026-07-12,,,,,原PDF画像で対象種・比較対象・識別形質・冊子ページを確認。OCRは候補探索のみに使用。
wildplants-v1-identification-0231,volume1_comparison_candidates,1,シオカゼテンツキ,ビロードテンツキ,,日本の野生植物 第1巻,日本の野生植物 1- ソテツ科～コミカンソウ科.pdf,bcdcd5ac593747d6d58321d4a696ec96fb963233541af2a4666c4a1fbd1d4fb1,134,267,exclude,類似・相違への言及はあるが、比較対象と客観的な識別形質が同時に明示されない,2026-07-12,,,,,原PDF画像で対象種・比較対象・識別形質・冊子ページを確認。OCRは候補探索のみに使用。
wildplants-v1-identification-0232,volume1_comparison_candidates,1,ノハラテンツキ,ノテンツキ,ノテンツキに似るが、根茎はよく発達し、長さ5 cmになる。,日本の野生植物 第1巻,日本の野生植物 1- ソテツ科～コミカンソウ科.pdf,bcdcd5ac593747d6d58321d4a696ec96fb963233541af2a4666c4a1fbd1d4fb1,134,267,include,,2026-07-12,,,,,原PDF画像で対象種・比較対象・識別形質・冊子ページを確認。OCRは候補探索のみに使用。
wildplants-v1-identification-0233,volume1_comparison_candidates,1,イソテンツキ,ヤマイ,,日本の野生植物 第1巻,日本の野生植物 1- ソテツ科～コミカンソウ科.pdf,bcdcd5ac593747d6d58321d4a696ec96fb963233541af2a4666c4a1fbd1d4fb1,134,267,exclude,比較表現はあるが、客観的な形態差を確認できない,2026-07-12,,,,,原PDF画像で対象種・比較対象・識別形質・冊子ページを確認。OCRは候補探索のみに使用。
wildplants-v1-identification-0234,volume1_comparison_candidates,1,ナガボテンツキ,テンツキ,テンツキに似ているが、全体無毛、茎は直立してややかたく、高さ40～60 cm。,日本の野生植物 第1巻,日本の野生植物 1- ソテツ科～コミカンソウ科.pdf,bcdcd5ac593747d6d58321d4a696ec96fb963233541af2a4666c4a1fbd1d4fb1,134,267,include,,2026-07-12,,,,,原PDF画像で対象種・比較対象・識別形質・冊子ページを確認。OCRは候補探索のみに使用。
wildplants-v1-identification-0235,volume1_comparison_candidates,1,イヌノハナヒゲ,オオイヌノハナヒゲ,オオイヌノハナヒゲはイヌノハナヒゲによく似るが、刺針状花被片は果実の3～4倍長。,日本の野生植物 第1巻,日本の野生植物 1- ソテツ科～コミカンソウ科.pdf,bcdcd5ac593747d6d58321d4a696ec96fb963233541af2a4666c4a1fbd1d4fb1,136,271,include,,2026-07-12,,,,,原PDF画像で対象種・比較対象・識別形質・冊子ページを確認。OCRは候補探索のみに使用。
wildplants-v1-identification-0236,volume1_comparison_candidates,1,カンガレイ,タタラカンガレイ,タタラカンガレイはカンガレイに似るが、茎は幅2～4.5 mmのやや細い3稜形である。,日本の野生植物 第1巻,日本の野生植物 1- ソテツ科～コミカンソウ科.pdf,bcdcd5ac593747d6d58321d4a696ec96fb963233541af2a4666c4a1fbd1d4fb1,137,272,include,,2026-07-12,,,,,原PDF画像で対象種・比較対象・識別形質・冊子ページを確認。OCRは候補探索のみに使用。
wildplants-v1-identification-0237,volume1_comparison_candidates,1,ホタルイ,タイワンヤマイ,タイワンヤマイはホタルイに似るが、小穂は狭披針形で鋭頭、柱頭は2個、果実は平たいレンズ形で長さ2～2.5 mm、幅1.5～2 mm、少し横じわがある。,日本の野生植物 第1巻,日本の野生植物 1- ソテツ科～コミカンソウ科.pdf,bcdcd5ac593747d6d58321d4a696ec96fb963233541af2a4666c4a1fbd1d4fb1,137,272,include,,2026-07-12,,,,,原PDF画像で対象種・比較対象・識別形質・冊子ページを確認。OCRは候補探索のみに使用。
wildplants-v1-identification-0238,volume1_comparison_candidates,1,フトイ,オオフトイ,オオフトイはフトイに似るが、果実は大きく扁3稜形で、長さ2.8～3.8 mm、幅1.5～2 mmである。茎は長さ96～305 cmで、フトイよりかたい。,日本の野生植物 第1巻,日本の野生植物 1- ソテツ科～コミカンソウ科.pdf,bcdcd5ac593747d6d58321d4a696ec96fb963233541af2a4666c4a1fbd1d4fb1,137,273,include,,2026-07-12,,,,,原PDF画像で対象種・比較対象・識別形質・冊子ページを確認。OCRは候補探索のみに使用。
wildplants-v1-identification-0239,volume1_comparison_candidates,1,マツカサススキ,コマツカサススキ,コマツカサススキはマツカサススキに似るが、全体がやや細い。,日本の野生植物 第1巻,日本の野生植物 1- ソテツ科～コミカンソウ科.pdf,bcdcd5ac593747d6d58321d4a696ec96fb963233541af2a4666c4a1fbd1d4fb1,138,275,include,,2026-07-12,,,,,原PDF画像で対象種・比較対象・識別形質・冊子ページを確認。OCRは候補探索のみに使用。
wildplants-v1-identification-0240,volume1_comparison_candidates,1,クロアブラガヤ,ツルアブラガヤ,クロアブラガヤの刺針状花被片は5～6本で果実より少し長い。ツルアブラガヤはクロアブラガヤに似るが、茎はまばらに叢生し、花序をつけない茎が伸びて倒れ、その節と先端に新苗を生じる。ツルアブラガヤの刺針状花被片は果実の3～4倍長い。,日本の野生植物 第1巻,日本の野生植物 1- ソテツ科～コミカンソウ科.pdf,bcdcd5ac593747d6d58321d4a696ec96fb963233541af2a4666c4a1fbd1d4fb1,138,275,include,,2026-07-12,,,,,原PDF画像で対象種・比較対象・識別形質・冊子ページを確認。OCRは候補探索のみに使用。
wildplants-v1-identification-0241,volume1_comparison_candidates,1,アブラガヤ,オオアブラガヤ／クロアプラガヤ,,日本の野生植物 第1巻,日本の野生植物 1- ソテツ科～コミカンソウ科.pdf,bcdcd5ac593747d6d58321d4a696ec96fb963233541af2a4666c4a1fbd1d4fb1,138,275,exclude,比較表現はあるが、客観的な形態差を確認できない,2026-07-12,,,,,原PDF画像で対象種・比較対象・識別形質・冊子ページを確認。OCRは候補探索のみに使用。
wildplants-v1-identification-0242,volume1_comparison_candidates,1,シンジュガヤ,オオシンジュガヤ,オオシンジュガヤは、ややシンジュガヤに似るが、少し大型で、茎は直立またはつる状で長さ60～200 cm、分花序は3～5個。,日本の野生植物 第1巻,日本の野生植物 1- ソテツ科～コミカンソウ科.pdf,bcdcd5ac593747d6d58321d4a696ec96fb963233541af2a4666c4a1fbd1d4fb1,139,276,include,,2026-07-12,,,,,原PDF画像で対象種・比較対象・識別形質・冊子ページを確認。OCRは候補探索のみに使用。
wildplants-v1-identification-0243,volume1_comparison_candidates,1,ミネハリイ,ヒメワタスゲ,ヒメワタスゲはミネハリイに似るがやや大きく、茎は鋭い3稜形、小穂は長さ5～7 mmで、6個の糸状花被片が果時に白い綿毛状となって長さ約2 cmに伸びる。,日本の野生植物 第1巻,日本の野生植物 1- ソテツ科～コミカンソウ科.pdf,bcdcd5ac593747d6d58321d4a696ec96fb963233541af2a4666c4a1fbd1d4fb1,139,277,include,,2026-07-12,,,,,原PDF画像で対象種・比較対象・識別形質・冊子ページを確認。OCRは候補探索のみに使用。
wildplants-v1-identification-0244,volume1_comparison_candidates,1,インヨウチク,,,日本の野生植物 第1巻,日本の野生植物 1- ソテツ科～コミカンソウ科.pdf,bcdcd5ac593747d6d58321d4a696ec96fb963233541af2a4666c4a1fbd1d4fb1,144,287,exclude,比較対象の植物名を一意に特定できない,2026-07-12,,,,,原PDF画像で対象種・比較対象・識別形質・冊子ページを確認。OCRは候補探索のみに使用。
wildplants-v1-identification-0245,volume1_comparison_candidates,1,タイミンチク,,,日本の野生植物 第1巻,日本の野生植物 1- ソテツ科～コミカンソウ科.pdf,bcdcd5ac593747d6d58321d4a696ec96fb963233541af2a4666c4a1fbd1d4fb1,145,289,exclude_unstable_distinction,The stated traits are qualified as uncertain in the source and are not safe as a public identification rule.,2026-07-12,,,,,原PDF画像で対象種・比較対象・識別形質・冊子ページを確認。OCRは候補探索のみに使用。形質が未確定のため公開識別欄から除外。
wildplants-v1-identification-0246,volume1_comparison_candidates,1,アズマネザサ,ハコネダケ／アオネザサ,ハコネダケはアズマネザサのうち葉鞘の縁近くに逆細毛が出る型として区別されることがある。アオネザサは葉鞘に上向きの粗毛があり、葉鞘が淡緑色で紫色を帯びない。,日本の野生植物 第1巻,日本の野生植物 1- ソテツ科～コミカンソウ科.pdf,bcdcd5ac593747d6d58321d4a696ec96fb963233541af2a4666c4a1fbd1d4fb1,145,289,include,,2026-07-12,,,,,原PDF画像で対象種・比較対象・識別形質・冊子ページを確認。OCRは候補探索のみに使用。
wildplants-v1-identification-0247,volume1_comparison_candidates,1,オロシマチク,ネザサ,,日本の野生植物 第1巻,日本の野生植物 1- ソテツ科～コミカンソウ科.pdf,bcdcd5ac593747d6d58321d4a696ec96fb963233541af2a4666c4a1fbd1d4fb1,145,289,exclude,類似・相違への言及はあるが、比較対象と客観的な識別形質が同時に明示されない,2026-07-12,,,,,原PDF画像で対象種・比較対象・識別形質・冊子ページを確認。OCRは候補探索のみに使用。
wildplants-v1-identification-0248,volume1_comparison_candidates,1,ケスズ,スズタケ,ケスズはスズタケに似るが、葉裏に軟毛を密生する。,日本の野生植物 第1巻,日本の野生植物 1- ソテツ科～コミカンソウ科.pdf,bcdcd5ac593747d6d58321d4a696ec96fb963233541af2a4666c4a1fbd1d4fb1,146,291,include,,2026-07-12,,,,,原PDF画像で対象種・比較対象・識別形質・冊子ページを確認。OCRは候補探索のみに使用。
wildplants-v1-identification-0249,volume1_comparison_candidates,1,チマキザサ,クマイザサ,,日本の野生植物 第1巻,日本の野生植物 1- ソテツ科～コミカンソウ科.pdf,bcdcd5ac593747d6d58321d4a696ec96fb963233541af2a4666c4a1fbd1d4fb1,146,291,exclude,類似・相違への言及はあるが、比較対象と客観的な識別形質が同時に明示されない,2026-07-12,,,,,原PDF画像で対象種・比較対象・識別形質・冊子ページを確認。OCRは候補探索のみに使用。
wildplants-v1-identification-0250,volume1_comparison_candidates,1,ナリヒラダケ,メダケ,ナリヒラダケはメダケに似るが、稈鞘が脱落する。,日本の野生植物 第1巻,日本の野生植物 1- ソテツ科～コミカンソウ科.pdf,bcdcd5ac593747d6d58321d4a696ec96fb963233541af2a4666c4a1fbd1d4fb1,147,292,include,,2026-07-12,,,,,原PDF画像で対象種・比較対象・識別形質・冊子ページを確認。OCRは候補探索のみに使用。
wildplants-v1-identification-0251,volume1_comparison_candidates,1,ツクシガヤ,イリオモテガヤ,イリオモテガヤはツクシガヤに似るが、護穎の芒と草丈が短い。,日本の野生植物 第1巻,日本の野生植物 1- ソテツ科～コミカンソウ科.pdf,bcdcd5ac593747d6d58321d4a696ec96fb963233541af2a4666c4a1fbd1d4fb1,147,293,include,,2026-07-12,,,,,原PDF画像で対象種・比較対象・識別形質・冊子ページを確認。OCRは候補探索のみに使用。
wildplants-v1-identification-0252,volume1_comparison_candidates,1,タイワンアシカキ,アシカキ,,日本の野生植物 第1巻,日本の野生植物 1- ソテツ科～コミカンソウ科.pdf,bcdcd5ac593747d6d58321d4a696ec96fb963233541af2a4666c4a1fbd1d4fb1,147,293,exclude,類似・相違への言及はあるが、比較対象と客観的な識別形質が同時に明示されない,2026-07-12,,,,,原PDF画像で対象種・比較対象・識別形質・冊子ページを確認。OCRは候補探索のみに使用。
wildplants-v1-identification-0253,volume1_comparison_candidates,1,サヤヌカグサ,エゾノサヤヌカグサ,サヤヌカグサはエゾノサヤヌカグサに似るが、葉身がよりやわらかい。,日本の野生植物 第1巻,日本の野生植物 1- ソテツ科～コミカンソウ科.pdf,bcdcd5ac593747d6d58321d4a696ec96fb963233541af2a4666c4a1fbd1d4fb1,147,293,include,,2026-07-12,,,,,原PDF画像で対象種・比較対象・識別形質・冊子ページを確認。OCRは候補探索のみに使用。
wildplants-v1-identification-0254,volume1_comparison_candidates,1,ユキクラヌカボ,コミヤマヌカボ,,日本の野生植物 第1巻,日本の野生植物 1- ソテツ科～コミカンソウ科.pdf,bcdcd5ac593747d6d58321d4a696ec96fb963233541af2a4666c4a1fbd1d4fb1,148,295,exclude,類似・相違への言及はあるが、比較対象と客観的な識別形質が同時に明示されない,2026-07-12,,,,,原PDF画像で対象種・比較対象・識別形質・冊子ページを確認。OCRは候補探索のみに使用。
wildplants-v1-identification-0255,volume1_comparison_candidates,1,エゾヌカボ,ヌカボ,,日本の野生植物 第1巻,日本の野生植物 1- ソテツ科～コミカンソウ科.pdf,bcdcd5ac593747d6d58321d4a696ec96fb963233541af2a4666c4a1fbd1d4fb1,148,295,exclude,類似・相違への言及はあるが、比較対象と客観的な識別形質が同時に明示されない,2026-07-12,,,,,原PDF画像で対象種・比較対象・識別形質・冊子ページを確認。OCRは候補探索のみに使用。
wildplants-v1-identification-0256,volume1_comparison_candidates,1,タカネコウボウ,ハルガヤ,,日本の野生植物 第1巻,日本の野生植物 1- ソテツ科～コミカンソウ科.pdf,bcdcd5ac593747d6d58321d4a696ec96fb963233541af2a4666c4a1fbd1d4fb1,149,297,exclude,類似・相違への言及はあるが、比較対象と客観的な識別形質が同時に明示されない,2026-07-12,,,,,原PDF画像で対象種・比較対象・識別形質・冊子ページを確認。OCRは候補探索のみに使用。
wildplants-v1-identification-0257,volume1_comparison_candidates,1,カラスムギ,マカラスムギ／エンバク／オートムギ,マカラスムギ（エンバク、オートムギ）はカラスムギに似るが、小花はふつう2個で、成熟しても小穂から落ちない。,日本の野生植物 第1巻,日本の野生植物 1- ソテツ科～コミカンソウ科.pdf,bcdcd5ac593747d6d58321d4a696ec96fb963233541af2a4666c4a1fbd1d4fb1,150,298,include,,2026-07-12,,,,,原PDF画像で対象種・比較対象・識別形質・冊子ページを確認。OCRは候補探索のみに使用。
wildplants-v1-identification-0258,volume1_comparison_candidates,1,コメススキ,ヌカススキ,,日本の野生植物 第1巻,日本の野生植物 1- ソテツ科～コミカンソウ科.pdf,bcdcd5ac593747d6d58321d4a696ec96fb963233541af2a4666c4a1fbd1d4fb1,150,298,exclude,近縁関係の記述のみで、客観的な識別形質がない,2026-07-12,,,,,原PDF画像で対象種・比較対象・識別形質・冊子ページを確認。OCRは候補探索のみに使用。
wildplants-v1-identification-0259,volume1_comparison_candidates,1,ヒメコパンソウ,コパンソウ,,日本の野生植物 第1巻,日本の野生植物 1- ソテツ科～コミカンソウ科.pdf,bcdcd5ac593747d6d58321d4a696ec96fb963233541af2a4666c4a1fbd1d4fb1,150,299,exclude,類似・相違への言及はあるが、比較対象と客観的な識別形質が同時に明示されない,2026-07-12,,,,,原PDF画像で対象種・比較対象・識別形質・冊子ページを確認。OCRは候補探索のみに使用。
wildplants-v1-identification-0260,volume1_comparison_candidates,1,イヌムギ,ヤクナガイヌムギ,ヤクナガイヌムギはイヌムギに似るが、小穂全体が細い。,日本の野生植物 第1巻,日本の野生植物 1- ソテツ科～コミカンソウ科.pdf,bcdcd5ac593747d6d58321d4a696ec96fb963233541af2a4666c4a1fbd1d4fb1,151,300,include,,2026-07-12,,,,,原PDF画像で対象種・比較対象・識別形質・冊子ページを確認。OCRは候補探索のみに使用。
wildplants-v1-identification-0261,volume1_comparison_candidates,1,スズメノチャヒキ,カラスノチャヒキ,カラスノチャヒキはスズメノチャヒキに似ているが、基部の葉鞘は多くは毛がなく、小穂は長楕円形で、やや短い。,日本の野生植物 第1巻,日本の野生植物 1- ソテツ科～コミカンソウ科.pdf,bcdcd5ac593747d6d58321d4a696ec96fb963233541af2a4666c4a1fbd1d4fb1,151,300,include,,2026-07-12,,,,,原PDF画像で対象種・比較対象・識別形質・冊子ページを確認。OCRは候補探索のみに使用。
wildplants-v1-identification-0262,volume1_comparison_candidates,1,ヒゲナガスズメノチャヒキ,アレチノチャヒキ,アレチノチャヒキはヒゲナガスズメノチャヒキに似るが、小穂各部は小さい。,日本の野生植物 第1巻,日本の野生植物 1- ソテツ科～コミカンソウ科.pdf,bcdcd5ac593747d6d58321d4a696ec96fb963233541af2a4666c4a1fbd1d4fb1,151,300,include,,2026-07-12,,,,,原PDF画像で対象種・比較対象・識別形質・冊子ページを確認。OCRは候補探索のみに使用。
wildplants-v1-identification-0263,volume1_comparison_candidates,1,ホッスガヤ,ヤマアワ,,日本の野生植物 第1巻,日本の野生植物 1- ソテツ科～コミカンソウ科.pdf,bcdcd5ac593747d6d58321d4a696ec96fb963233541af2a4666c4a1fbd1d4fb1,151,301,exclude,類似・相違への言及はあるが、比較対象と客観的な識別形質が同時に明示されない,2026-07-12,,,,,原PDF画像で対象種・比較対象・識別形質・冊子ページを確認。OCRは候補探索のみに使用。
wildplants-v1-identification-0264,volume1_comparison_candidates,1,チシマガリヤス,イワノガリヤス,イワノガリヤスにやや似るが、丈が低く40～100 cm。,日本の野生植物 第1巻,日本の野生植物 1- ソテツ科～コミカンソウ科.pdf,bcdcd5ac593747d6d58321d4a696ec96fb963233541af2a4666c4a1fbd1d4fb1,152,302,include,,2026-07-12,,,,,原PDF画像で対象種・比較対象・識別形質・冊子ページを確認。OCRは候補探索のみに使用。
wildplants-v1-identification-0265,volume1_comparison_candidates,1,ヒメノガリヤス,タカネノガリヤス,ヒメノガリヤスはタカネノガリヤスに似るが、茎基部の鱗片葉が少なく膜質である。,日本の野生植物 第1巻,日本の野生植物 1- ソテツ科～コミカンソウ科.pdf,bcdcd5ac593747d6d58321d4a696ec96fb963233541af2a4666c4a1fbd1d4fb1,152,302,include,,2026-07-12,,,,,原PDF画像で対象種・比較対象・識別形質・冊子ページを確認。OCRは候補探索のみに使用。
wildplants-v1-identification-0266,volume1_comparison_candidates,1,タシロノガリヤス,ヒメノガリヤス,ヒメノガリヤスに外形がよく似るが、葉身は幅広く扁平。,日本の野生植物 第1巻,日本の野生植物 1- ソテツ科～コミカンソウ科.pdf,bcdcd5ac593747d6d58321d4a696ec96fb963233541af2a4666c4a1fbd1d4fb1,152,302,include,,2026-07-12,,,,,原PDF画像で対象種・比較対象・識別形質・冊子ページを確認。OCRは候補探索のみに使用。
wildplants-v1-identification-0267,volume1_comparison_candidates,1,ヒゲノガリヤス,ヤクシマノガリヤス,ヤクシマノガリヤスはヒゲノガリヤスに似るが、より小型である。,日本の野生植物 第1巻,日本の野生植物 1- ソテツ科～コミカンソウ科.pdf,bcdcd5ac593747d6d58321d4a696ec96fb963233541af2a4666c4a1fbd1d4fb1,152,302,include,,2026-07-12,,,,,原PDF画像で対象種・比較対象・識別形質・冊子ページを確認。OCRは候補探索のみに使用。
wildplants-v1-identification-0268,volume1_comparison_candidates,1,ヒロハノコメススキ,コメススキ,コメススキに似ているが、葉身はやや幅広く1～3 mm、葉舌も長くて3～7 mm。,日本の野生植物 第1巻,日本の野生植物 1- ソテツ科～コミカンソウ科.pdf,bcdcd5ac593747d6d58321d4a696ec96fb963233541af2a4666c4a1fbd1d4fb1,152,303,include,,2026-07-12,,,,,原PDF画像で対象種・比較対象・識別形質・冊子ページを確認。OCRは候補探索のみに使用。
wildplants-v1-identification-0269,volume1_comparison_candidates,1,ハマムギ,アオカモジグサ,,日本の野生植物 第1巻,日本の野生植物 1- ソテツ科～コミカンソウ科.pdf,bcdcd5ac593747d6d58321d4a696ec96fb963233541af2a4666c4a1fbd1d4fb1,153,304,exclude,類似・相違への言及はあるが、比較対象と客観的な識別形質が同時に明示されない,2026-07-12,,,,,原PDF画像で対象種・比較対象・識別形質・冊子ページを確認。OCRは候補探索のみに使用。
wildplants-v1-identification-0270,volume1_comparison_candidates,1,カモジグサ,アオカモジグサ／ハマムギ,,日本の野生植物 第1巻,日本の野生植物 1- ソテツ科～コミカンソウ科.pdf,bcdcd5ac593747d6d58321d4a696ec96fb963233541af2a4666c4a1fbd1d4fb1,153,304,exclude,類似・相違への言及はあるが、比較対象と客観的な識別形質が同時に明示されない,2026-07-12,,,,,原PDF画像で対象種・比較対象・識別形質・冊子ページを確認。OCRは候補探索のみに使用。
wildplants-v1-identification-0271,volume1_comparison_candidates,1,ヤマトボシガラ,イプキトボシガラ,,日本の野生植物 第1巻,日本の野生植物 1- ソテツ科～コミカンソウ科.pdf,bcdcd5ac593747d6d58321d4a696ec96fb963233541af2a4666c4a1fbd1d4fb1,153,305,exclude,類似・相違への言及はあるが、比較対象と客観的な識別形質が同時に明示されない,2026-07-12,,,,,原PDF画像で対象種・比較対象・識別形質・冊子ページを確認。OCRは候補探索のみに使用。
wildplants-v1-identification-0272,volume1_comparison_candidates,1,ウシノケグサ,タカネウシノケグサ／シンウシノケグサ,,日本の野生植物 第1巻,日本の野生植物 1- ソテツ科～コミカンソウ科.pdf,bcdcd5ac593747d6d58321d4a696ec96fb963233541af2a4666c4a1fbd1d4fb1,154,306,exclude,比較対象または識別形質が不確実・未確立・属レベルで、種ページ用の診断文として採用できない,2026-07-12,,,,,原PDF画像で対象種・比較対象・識別形質・冊子ページを確認。OCRは候補探索のみに使用。
wildplants-v1-identification-0273,volume1_comparison_candidates,1,ウキガヤ,ムツオレグサ／ヒメウキガヤ,ウキガヤはムツオレグサに似るが小型である。ウキガヤのうち、護穎が長さ約3 mmの型をヒメウキガヤ、約5 mmの型をウキガヤとして区別することがある。,日本の野生植物 第1巻,日本の野生植物 1- ソテツ科～コミカンソウ科.pdf,bcdcd5ac593747d6d58321d4a696ec96fb963233541af2a4666c4a1fbd1d4fb1,154,306,include,,2026-07-12,,,,,原PDF画像で対象種・比較対象・識別形質・冊子ページを確認。OCRは候補探索のみに使用。
wildplants-v1-identification-0274,volume1_comparison_candidates,1,ミヤマドジョウツナギ,カラフトドジョウツナギ,カラフトドジョウツナギはミヤマドジョウツナギに似るが、包穎が護穎の半分より短い。,日本の野生植物 第1巻,日本の野生植物 1- ソテツ科～コミカンソウ科.pdf,bcdcd5ac593747d6d58321d4a696ec96fb963233541af2a4666c4a1fbd1d4fb1,154,306,include,,2026-07-12,,,,,原PDF画像で対象種・比較対象・識別形質・冊子ページを確認。OCRは候補探索のみに使用。
wildplants-v1-identification-0275,volume1_comparison_candidates,1,アズマガヤ,イワタケソウ,イワタケソウはアズマガヤに似るが、植物体は無毛である。,日本の野生植物 第1巻,日本の野生植物 1- ソテツ科～コミカンソウ科.pdf,bcdcd5ac593747d6d58321d4a696ec96fb963233541af2a4666c4a1fbd1d4fb1,155,308,include,,2026-07-12,,,,,原PDF画像で対象種・比較対象・識別形質・冊子ページを確認。OCRは候補探索のみに使用。
wildplants-v1-identification-0276,volume1_comparison_candidates,1,タツノヒゲ,ヒロハヌマガヤ,ヒロハヌマガヤはタツノヒゲによく似ているが、植物体が少し大きく、高さ60～80 cm。,日本の野生植物 第1巻,日本の野生植物 1- ソテツ科～コミカンソウ科.pdf,bcdcd5ac593747d6d58321d4a696ec96fb963233541af2a4666c4a1fbd1d4fb1,155,309,include,,2026-07-12,,,,,原PDF画像で対象種・比較対象・識別形質・冊子ページを確認。OCRは候補探索のみに使用。
wildplants-v1-identification-0277,volume1_comparison_candidates,1,ツクシスズメノカタビラ,スズメノカタビラ,ツクシスズメノカタビラはスズメノカタビラに似るが、花序の枝がやや斜上する。,日本の野生植物 第1巻,日本の野生植物 1- ソテツ科～コミカンソウ科.pdf,bcdcd5ac593747d6d58321d4a696ec96fb963233541af2a4666c4a1fbd1d4fb1,157,312,include,,2026-07-12,,,,,原PDF画像で対象種・比較対象・識別形質・冊子ページを確認。OCRは候補探索のみに使用。
wildplants-v1-identification-0278,volume1_comparison_candidates,1,オオイチゴツナギ,スズメノカタビラ,オオイチゴツナギはスズメノカタビラに似るが、やや大型で、花序の枝がざらつく。,日本の野生植物 第1巻,日本の野生植物 1- ソテツ科～コミカンソウ科.pdf,bcdcd5ac593747d6d58321d4a696ec96fb963233541af2a4666c4a1fbd1d4fb1,157,312,include,,2026-07-12,,,,,原PDF画像で対象種・比較対象・識別形質・冊子ページを確認。OCRは候補探索のみに使用。
wildplants-v1-identification-0279,volume1_comparison_candidates,1,ムカゴツツリ,スズメノカタピラ,スズメノカタピラにやや似る多年草。茎の基部の1～2個の節間は肥厚し、黒くなる。,日本の野生植物 第1巻,日本の野生植物 1- ソテツ科～コミカンソウ科.pdf,bcdcd5ac593747d6d58321d4a696ec96fb963233541af2a4666c4a1fbd1d4fb1,157,312,include,,2026-07-12,,,,,原PDF画像で対象種・比較対象・識別形質・冊子ページを確認。OCRは候補探索のみに使用。
wildplants-v1-identification-0280,volume1_comparison_candidates,1,タチイチゴツナギ,イチゴツナギ,タチイチゴツナギはイチゴツナギに似るが、株をつくらない。,日本の野生植物 第1巻,日本の野生植物 1- ソテツ科～コミカンソウ科.pdf,bcdcd5ac593747d6d58321d4a696ec96fb963233541af2a4666c4a1fbd1d4fb1,157,312,include,,2026-07-12,,,,,原PDF画像で対象種・比較対象・識別形質・冊子ページを確認。OCRは候補探索のみに使用。
wildplants-v1-identification-0281,volume1_comparison_candidates,1,オガタチイチゴツナギ,,,日本の野生植物 第1巻,日本の野生植物 1- ソテツ科～コミカンソウ科.pdf,bcdcd5ac593747d6d58321d4a696ec96fb963233541af2a4666c4a1fbd1d4fb1,157,313,exclude_profile_owner,,2026-07-12,,,,,原PDF画像で対象種・比較対象・識別形質・冊子ページを確認。OCRは候補探索のみに使用。
wildplants-v1-identification-0282,volume1_comparison_candidates,1,オオスズメノカタビラ,イチゴツナギ,オオスズメノカタビラはイチゴツナギに似るが、やや大型で、葉鞘や稈がざらつき、葉舌は三角形である。,日本の野生植物 第1巻,日本の野生植物 1- ソテツ科～コミカンソウ科.pdf,bcdcd5ac593747d6d58321d4a696ec96fb963233541af2a4666c4a1fbd1d4fb1,157,313,include,,2026-07-12,,,,,原PDF画像で対象種・比較対象・識別形質・冊子ページを確認。OCRは候補探索のみに使用。
wildplants-v1-identification-0283,volume1_comparison_candidates,1,ヌマイチゴツナギ,オオスズメノカタビラ,ヌマイチゴツナギはオオスズメノカタビラに似るが、葉舌は短く鈍頭で、茎は平滑、花序は長さ20 cmを超すことが多い。,日本の野生植物 第1巻,日本の野生植物 1- ソテツ科～コミカンソウ科.pdf,bcdcd5ac593747d6d58321d4a696ec96fb963233541af2a4666c4a1fbd1d4fb1,157,313,include,,2026-07-12,,,,,原PDF画像で対象種・比較対象・識別形質・冊子ページを確認。OCRは候補探索のみに使用。
wildplants-v1-identification-0284,volume1_comparison_candidates,1,アオイチゴツナギ,イチゴツナギ,イチゴツナギにやや似るが、全体に緑色で、葉舌は短い。,日本の野生植物 第1巻,日本の野生植物 1- ソテツ科～コミカンソウ科.pdf,bcdcd5ac593747d6d58321d4a696ec96fb963233541af2a4666c4a1fbd1d4fb1,157,313,include,,2026-07-12,,,,,原PDF画像で対象種・比較対象・識別形質・冊子ページを確認。OCRは候補探索のみに使用。
wildplants-v1-identification-0285,volume1_comparison_candidates,1,ヒエガエリ,ハマヒエガエリ,ハマヒエガエリによく似るが、円錐花序はやや密で、小穂の柄は長さ約0.3 mm。花は6～8月。,日本の野生植物 第1巻,日本の野生植物 1- ソテツ科～コミカンソウ科.pdf,bcdcd5ac593747d6d58321d4a696ec96fb963233541af2a4666c4a1fbd1d4fb1,158,314,include,,2026-07-12,,,,,原PDF画像で対象種・比較対象・識別形質・冊子ページを確認。OCRは候補探索のみに使用。
wildplants-v1-identification-0286,volume1_comparison_candidates,1,チシマドジョウツナギ,タチドジョウツナギ,タチドジョウツナギはチシマドジョウツナギに似るが、高さ30～100 cm。花序は長さ10～40 cm。,日本の野生植物 第1巻,日本の野生植物 1- ソテツ科～コミカンソウ科.pdf,bcdcd5ac593747d6d58321d4a696ec96fb963233541af2a4666c4a1fbd1d4fb1,158,314,include,,2026-07-12,,,,,原PDF画像で対象種・比較対象・識別形質・冊子ページを確認。OCRは候補探索のみに使用。
wildplants-v1-identification-0287,volume1_comparison_candidates,1,カニツリグサ,アルプス,,日本の野生植物 第1巻,日本の野生植物 1- ソテツ科～コミカンソウ科.pdf,bcdcd5ac593747d6d58321d4a696ec96fb963233541af2a4666c4a1fbd1d4fb1,159,316,exclude,類似・相違への言及はあるが、比較対象と客観的な識別形質が同時に明示されない,2026-07-12,,,,,原PDF画像で対象種・比較対象・識別形質・冊子ページを確認。OCRは候補探索のみに使用。
wildplants-v1-identification-0288,volume1_comparison_candidates,1,タツノツメガヤ,オヒシバ,タツノツメガヤはオヒシバに似るが、全体がやや小さく、花序の枝の先端が短い突起として突き出し、護穎に短い芒がある。,日本の野生植物 第1巻,日本の野生植物 1- ソテツ科～コミカンソウ科.pdf,bcdcd5ac593747d6d58321d4a696ec96fb963233541af2a4666c4a1fbd1d4fb1,160,319,include,,2026-07-12,,,,,原PDF画像で対象種・比較対象・識別形質・冊子ページを確認。OCRは候補探索のみに使用。
wildplants-v1-identification-0289,volume1_comparison_candidates,1,オヒシバ,シコクビエ,シコクビエはオヒシバに似るが、稈が太く、花序の枝が10本以上あり、花軸は小穂を含めて幅約1 cm、果実もやや大きい。,日本の野生植物 第1巻,日本の野生植物 1- ソテツ科～コミカンソウ科.pdf,bcdcd5ac593747d6d58321d4a696ec96fb963233541af2a4666c4a1fbd1d4fb1,160,319,include,,2026-07-12,,,,,原PDF画像で対象種・比較対象・識別形質・冊子ページを確認。OCRは候補探索のみに使用。
wildplants-v1-identification-0290,volume1_comparison_candidates,1,コスズメガヤ,スズメガヤ,コスズメガヤはスズメガヤに似るが、小穂がやや小さい。,日本の野生植物 第1巻,日本の野生植物 1- ソテツ科～コミカンソウ科.pdf,bcdcd5ac593747d6d58321d4a696ec96fb963233541af2a4666c4a1fbd1d4fb1,161,320,include,,2026-07-12,,,,,原PDF画像で対象種・比較対象・識別形質・冊子ページを確認。OCRは候補探索のみに使用。
wildplants-v1-identification-0291,volume1_comparison_candidates,1,ネズミガヤ,コネズミガヤ,コネズミガヤはネズミガヤに似るが、包穎が小さく、第1包穎は消失することがある。,日本の野生植物 第1巻,日本の野生植物 1- ソテツ科～コミカンソウ科.pdf,bcdcd5ac593747d6d58321d4a696ec96fb963233541af2a4666c4a1fbd1d4fb1,161,321,include,,2026-07-12,,,,,原PDF画像で対象種・比較対象・識別形質・冊子ページを確認。OCRは候補探索のみに使用。
wildplants-v1-identification-0292,volume1_comparison_candidates,1,フクロダガヤ,ネズミシバ,ネズミシバはフクロダガヤに似るが、護穎の芒が短い。,日本の野生植物 第1巻,日本の野生植物 1- ソテツ科～コミカンソウ科.pdf,bcdcd5ac593747d6d58321d4a696ec96fb963233541af2a4666c4a1fbd1d4fb1,162,322,include,,2026-07-12,,,,,原PDF画像で対象種・比較対象・識別形質・冊子ページを確認。OCRは候補探索のみに使用。
wildplants-v1-identification-0293,volume1_comparison_candidates,1,シバ,コウライシバ,コウライシバはシバに似るが、小穂が細い。,日本の野生植物 第1巻,日本の野生植物 1- ソテツ科～コミカンソウ科.pdf,bcdcd5ac593747d6d58321d4a696ec96fb963233541af2a4666c4a1fbd1d4fb1,162,323,include,,2026-07-12,,,,,原PDF画像で対象種・比較対象・識別形質・冊子ページを確認。OCRは候補探索のみに使用。
wildplants-v1-identification-0294,volume1_comparison_candidates,1,ヨシ,ツルヨシ,ヨシはツルヨシに似るが、地上に匐枝がない。,日本の野生植物 第1巻,日本の野生植物 1- ソテツ科～コミカンソウ科.pdf,bcdcd5ac593747d6d58321d4a696ec96fb963233541af2a4666c4a1fbd1d4fb1,163,324,include,,2026-07-12,,,,,原PDF画像で対象種・比較対象・識別形質・冊子ページを確認。OCRは候補探索のみに使用。
wildplants-v1-identification-0295,volume1_comparison_candidates,1,セイタカヨシ,ヨシ,セイタカヨシはヨシに似るが、より大きく、高さ2～4 mである。,日本の野生植物 第1巻,日本の野生植物 1- ソテツ科～コミカンソウ科.pdf,bcdcd5ac593747d6d58321d4a696ec96fb963233541af2a4666c4a1fbd1d4fb1,163,324,include,,2026-07-12,,,,,原PDF画像で対象種・比較対象・識別形質・冊子ページを確認。OCRは候補探索のみに使用。
wildplants-v1-identification-0296,volume1_comparison_candidates,1,ハイチゴザサ,ケナシハイチゴザサ,,日本の野生植物 第1巻,日本の野生植物 1- ソテツ科～コミカンソウ科.pdf,bcdcd5ac593747d6d58321d4a696ec96fb963233541af2a4666c4a1fbd1d4fb1,164,326,exclude,本文は分類群を区別しない、または区別できないという記述で、識別形質を提示しない,2026-07-12,,,,,原PDF画像で対象種・比較対象・識別形質・冊子ページを確認。OCRは候補探索のみに使用。
wildplants-v1-identification-0297,volume1_comparison_candidates,1,トウササクサ,ササクサ,トウササクサはササクサに似るが、小穂が明らかに扁平である。,日本の野生植物 第1巻,日本の野生植物 1- ソテツ科～コミカンソウ科.pdf,bcdcd5ac593747d6d58321d4a696ec96fb963233541af2a4666c4a1fbd1d4fb1,164,326,include,,2026-07-12,,,,,原PDF画像で対象種・比較対象・識別形質・冊子ページを確認。OCRは候補探索のみに使用。
wildplants-v1-identification-0298,volume1_comparison_candidates,1,ツルメヒシバ,ホソバツルメヒシバ,ホソバツルメヒシバはツルメヒシバに似るが、葉がやや細い。,日本の野生植物 第1巻,日本の野生植物 1- ソテツ科～コミカンソウ科.pdf,bcdcd5ac593747d6d58321d4a696ec96fb963233541af2a4666c4a1fbd1d4fb1,165,328,include,,2026-07-12,,,,,原PDF画像で対象種・比較対象・識別形質・冊子ページを確認。OCRは候補探索のみに使用。
wildplants-v1-identification-0299,volume1_comparison_candidates,1,モンツキガヤ,アイダガヤ,,日本の野生植物 第1巻,日本の野生植物 1- ソテツ科～コミカンソウ科.pdf,bcdcd5ac593747d6d58321d4a696ec96fb963233541af2a4666c4a1fbd1d4fb1,165,328,exclude,本文は分類群を区別しない、または区別できないという記述で、識別形質を提示しない,2026-07-12,,,,,原PDF画像で対象種・比較対象・識別形質・冊子ページを確認。OCRは候補探索のみに使用。
wildplants-v1-identification-0300,volume1_comparison_candidates,1,ジュズダマ,ハトムギ,ハトムギはジュズダマに似るが、苞鞘は暗褐色で楕円形、熟しても爪で割れる程度の硬さである。,日本の野生植物 第1巻,日本の野生植物 1- ソテツ科～コミカンソウ科.pdf,bcdcd5ac593747d6d58321d4a696ec96fb963233541af2a4666c4a1fbd1d4fb1,166,330,include,,2026-07-12,,,,,原PDF画像で対象種・比較対象・識別形質・冊子ページを確認。OCRは候補探索のみに使用。
wildplants-v1-identification-0301,volume1_comparison_candidates,1,メヒシバ,メヒシパ,,日本の野生植物 第1巻,日本の野生植物 1- ソテツ科～コミカンソウ科.pdf,bcdcd5ac593747d6d58321d4a696ec96fb963233541af2a4666c4a1fbd1d4fb1,166,331,exclude,類似・相違への言及はあるが、比較対象と客観的な識別形質が同時に明示されない,2026-07-12,,,,,原PDF画像で対象種・比較対象・識別形質・冊子ページを確認。OCRは候補探索のみに使用。
wildplants-v1-identification-0302,volume1_comparison_candidates,1,コメヒシバ,メヒシバ,コメヒシバはメヒシバに似るが、日陰に生え、葉身は長さ4～7 cm、花序の総は幅約2/3 mmでざらつかない。,日本の野生植物 第1巻,日本の野生植物 1- ソテツ科～コミカンソウ科.pdf,bcdcd5ac593747d6d58321d4a696ec96fb963233541af2a4666c4a1fbd1d4fb1,166,331,include,,2026-07-12,,,,,原PDF画像で対象種・比較対象・識別形質・冊子ページを確認。OCRは候補探索のみに使用。
wildplants-v1-identification-0303,volume1_comparison_candidates,1,アプラススキ,ダンチアブラススキ,,日本の野生植物 第1巻,日本の野生植物 1- ソテツ科～コミカンソウ科.pdf,bcdcd5ac593747d6d58321d4a696ec96fb963233541af2a4666c4a1fbd1d4fb1,167,332,exclude,本文は分類群を区別しない、または区別できないという記述で、識別形質を提示しない,2026-07-12,,,,,原PDF画像で対象種・比較対象・識別形質・冊子ページを確認。OCRは候補探索のみに使用。
wildplants-v1-identification-0304,volume1_comparison_candidates,1,イヌビエ,イヌピエ,,日本の野生植物 第1巻,日本の野生植物 1- ソテツ科～コミカンソウ科.pdf,bcdcd5ac593747d6d58321d4a696ec96fb963233541af2a4666c4a1fbd1d4fb1,167,333,exclude,比較対象または識別形質が不確実・未確立・属レベルで、種ページ用の診断文として採用できない,2026-07-12,,,,,原PDF画像で対象種・比較対象・識別形質・冊子ページを確認。OCRは候補探索のみに使用。
wildplants-v1-identification-0305,volume1_comparison_candidates,1,ウンヌケ,ウンヌケモドキ,ウンヌケモドキはウンヌケに似るが、稈基部に赤褐色の毛を密生する葉鞘がない。,日本の野生植物 第1巻,日本の野生植物 1- ソテツ科～コミカンソウ科.pdf,bcdcd5ac593747d6d58321d4a696ec96fb963233541af2a4666c4a1fbd1d4fb1,168,334,include,,2026-07-12,,,,,原PDF画像で対象種・比較対象・識別形質・冊子ページを確認。OCRは候補探索のみに使用。
wildplants-v1-identification-0306,volume1_comparison_candidates,1,チガヤ,ケナシチガヤ,,日本の野生植物 第1巻,日本の野生植物 1- ソテツ科～コミカンソウ科.pdf,bcdcd5ac593747d6d58321d4a696ec96fb963233541af2a4666c4a1fbd1d4fb1,168,335,exclude,類似・相違への言及はあるが、比較対象と客観的な識別形質が同時に明示されない,2026-07-12,,,,,原PDF画像で対象種・比較対象・識別形質・冊子ページを確認。OCRは候補探索のみに使用。
wildplants-v1-identification-0307,volume1_comparison_candidates,1,ケカモノハシ,カモノハシ,ケカモノハシはカモノハシに似るが、全体がやや太く、圧毛がある。,日本の野生植物 第1巻,日本の野生植物 1- ソテツ科～コミカンソウ科.pdf,bcdcd5ac593747d6d58321d4a696ec96fb963233541af2a4666c4a1fbd1d4fb1,169,336,include,,2026-07-12,,,,,原PDF画像で対象種・比較対象・識別形質・冊子ページを確認。OCRは候補探索のみに使用。
wildplants-v1-identification-0308,volume1_comparison_candidates,1,アシボソ,オオササガヤ,,日本の野生植物 第1巻,日本の野生植物 1- ソテツ科～コミカンソウ科.pdf,bcdcd5ac593747d6d58321d4a696ec96fb963233541af2a4666c4a1fbd1d4fb1,169,337,exclude,類似・相違への言及はあるが、比較対象と客観的な識別形質が同時に明示されない,2026-07-12,,,,,原PDF画像で対象種・比較対象・識別形質・冊子ページを確認。OCRは候補探索のみに使用。
wildplants-v1-identification-0309,volume1_comparison_candidates,1,トキワススキ,ススキ,,日本の野生植物 第1巻,日本の野生植物 1- ソテツ科～コミカンソウ科.pdf,bcdcd5ac593747d6d58321d4a696ec96fb963233541af2a4666c4a1fbd1d4fb1,170,338,exclude,類似・相違への言及はあるが、比較対象と客観的な識別形質が同時に明示されない,2026-07-12,,,,,原PDF画像で対象種・比較対象・識別形質・冊子ページを確認。OCRは候補探索のみに使用。
wildplants-v1-identification-0310,volume1_comparison_candidates,1,チヂミザサ,ホソバチヂミザサ,ホソバチヂミザサはチヂミザサに似るが、葉身が細い。,日本の野生植物 第1巻,日本の野生植物 1- ソテツ科～コミカンソウ科.pdf,bcdcd5ac593747d6d58321d4a696ec96fb963233541af2a4666c4a1fbd1d4fb1,170,339,include,,2026-07-12,,,,,原PDF画像で対象種・比較対象・識別形質・冊子ページを確認。OCRは候補探索のみに使用。
wildplants-v1-identification-0311,volume1_comparison_candidates,1,エダウチチヂミザサ,アラゲチヂミザサ,,日本の野生植物 第1巻,日本の野生植物 1- ソテツ科～コミカンソウ科.pdf,bcdcd5ac593747d6d58321d4a696ec96fb963233541af2a4666c4a1fbd1d4fb1,170,339,exclude,本文は分類群を区別しない、または区別できないという記述で、識別形質を提示しない,2026-07-12,,,,,原PDF画像で対象種・比較対象・識別形質・冊子ページを確認。OCRは候補探索のみに使用。
wildplants-v1-identification-0312,volume1_comparison_candidates,1,スズメノヒエ,,,日本の野生植物 第1巻,日本の野生植物 1- ソテツ科～コミカンソウ科.pdf,bcdcd5ac593747d6d58321d4a696ec96fb963233541af2a4666c4a1fbd1d4fb1,171,341,exclude,比較対象の植物名を一意に特定できない,2026-07-12,,,,,原PDF画像で対象種・比較対象・識別形質・冊子ページを確認。OCRは候補探索のみに使用。
wildplants-v1-identification-0313,volume1_comparison_candidates,1,ワセオバナ,カラサトウキビ／チクシャ／ホソサトウキビ,,日本の野生植物 第1巻,日本の野生植物 1- ソテツ科～コミカンソウ科.pdf,bcdcd5ac593747d6d58321d4a696ec96fb963233541af2a4666c4a1fbd1d4fb1,172,343,exclude,類似・相違への言及はあるが、比較対象と客観的な識別形質が同時に明示されない,2026-07-12,,,,,原PDF画像で対象種・比較対象・識別形質・冊子ページを確認。OCRは候補探索のみに使用。
wildplants-v1-identification-0314,volume1_comparison_candidates,1,ハイヌメリグサ,ヌメリグサ,,日本の野生植物 第1巻,日本の野生植物 1- ソテツ科～コミカンソウ科.pdf,bcdcd5ac593747d6d58321d4a696ec96fb963233541af2a4666c4a1fbd1d4fb1,172,343,exclude,類似・相違への言及はあるが、比較対象と客観的な識別形質が同時に明示されない,2026-07-12,,,,,原PDF画像で対象種・比較対象・識別形質・冊子ページを確認。OCRは候補探索のみに使用。
wildplants-v1-identification-0315,volume1_comparison_candidates,1,エノコログサ,,,日本の野生植物 第1巻,日本の野生植物 1- ソテツ科～コミカンソウ科.pdf,bcdcd5ac593747d6d58321d4a696ec96fb963233541af2a4666c4a1fbd1d4fb1,173,344,exclude,比較対象の植物名を一意に特定できない,2026-07-12,,,,,原PDF画像で対象種・比較対象・識別形質・冊子ページを確認。OCRは候補探索のみに使用。
wildplants-v1-identification-0316,volume1_comparison_candidates,1,コツブキンエノコロ,キンエノコロ,コツブキンエノコロはキンエノコロに似るが、小穂は長さ2～2.8 mmである。,日本の野生植物 第1巻,日本の野生植物 1- ソテツ科～コミカンソウ科.pdf,bcdcd5ac593747d6d58321d4a696ec96fb963233541af2a4666c4a1fbd1d4fb1,173,344,include,,2026-07-12,,,,,原PDF画像で対象種・比較対象・識別形質・冊子ページを確認。OCRは候補探索のみに使用。
wildplants-v1-identification-0317,volume1_comparison_candidates,1,メガルカヤ,,,日本の野生植物 第1巻,日本の野生植物 1- ソテツ科～コミカンソウ科.pdf,bcdcd5ac593747d6d58321d4a696ec96fb963233541af2a4666c4a1fbd1d4fb1,174,346,exclude,類似・相違への言及はあるが、比較対象と客観的な識別形質が同時に明示されない,2026-07-12,,,,,原PDF画像で対象種・比較対象・識別形質・冊子ページを確認。OCRは候補探索のみに使用。
wildplants-v1-identification-0318,volume1_comparison_candidates,1,ビロードキビ,ラシャキビ,ラシャキビはビロードキビに似るが、小穂が無毛である。,日本の野生植物 第1巻,日本の野生植物 1- ソテツ科～コミカンソウ科.pdf,bcdcd5ac593747d6d58321d4a696ec96fb963233541af2a4666c4a1fbd1d4fb1,174,347,include,,2026-07-12,,,,,原PDF画像で対象種・比較対象・識別形質・冊子ページを確認。OCRは候補探索のみに使用。
wildplants-v1-identification-0319,volume1_comparison_candidates,1,エゾエンゴサク,オトメエンゴサク,,日本の野生植物 第1巻,日本の野生植物 1- ソテツ科～コミカンソウ科.pdf,bcdcd5ac593747d6d58321d4a696ec96fb963233541af2a4666c4a1fbd1d4fb1,176,351,exclude,類似・相違への言及はあるが、比較対象と客観的な識別形質が同時に明示されない,2026-07-12,,,,,原PDF画像で対象種・比較対象・識別形質・冊子ページを確認。OCRは候補探索のみに使用。
wildplants-v1-identification-0320,volume1_comparison_candidates,1,チドリケマン,ナガミノツルケマン,ナガミノツルケマンに似るが、花は長さ8～13 mm。,日本の野生植物 第1巻,日本の野生植物 1- ソテツ科～コミカンソウ科.pdf,bcdcd5ac593747d6d58321d4a696ec96fb963233541af2a4666c4a1fbd1d4fb1,176,351,include,,2026-07-12,,,,,原PDF画像で対象種・比較対象・識別形質・冊子ページを確認。OCRは候補探索のみに使用。
wildplants-v1-identification-0321,volume1_comparison_candidates,1,ツクシキケマン,キケマン,,日本の野生植物 第1巻,日本の野生植物 1- ソテツ科～コミカンソウ科.pdf,bcdcd5ac593747d6d58321d4a696ec96fb963233541af2a4666c4a1fbd1d4fb1,177,352,exclude,比較対象または識別形質が不確実・未確立・属レベルで、種ページ用の診断文として採用できない,2026-07-12,,,,,原PDF画像で対象種・比較対象・識別形質・冊子ページを確認。OCRは候補探索のみに使用。
wildplants-v1-identification-0322,volume1_comparison_candidates,1,ミツバアケビ,ミツパアケビ／アケビ,,日本の野生植物 第1巻,日本の野生植物 1- ソテツ科～コミカンソウ科.pdf,bcdcd5ac593747d6d58321d4a696ec96fb963233541af2a4666c4a1fbd1d4fb1,178,354,exclude,比較対象または識別形質が不確実・未確立・属レベルで、種ページ用の診断文として採用できない,2026-07-12,,,,,原PDF画像で対象種・比較対象・識別形質・冊子ページを確認。OCRは候補探索のみに使用。
wildplants-v1-identification-0323,volume1_comparison_candidates,1,サンカヨウ,,,日本の野生植物 第1巻,日本の野生植物 1- ソテツ科～コミカンソウ科.pdf,bcdcd5ac593747d6d58321d4a696ec96fb963233541af2a4666c4a1fbd1d4fb1,181,360,exclude,類似・相違への言及はあるが、比較対象と客観的な識別形質が同時に明示されない,2026-07-12,,,,,原PDF画像で対象種・比較対象・識別形質・冊子ページを確認。OCRは候補探索のみに使用。
wildplants-v1-identification-0324,volume1_comparison_candidates,1,ジョウシュウトリカブト,サンヨウブシ,ジョウシュウトリカブトはサンヨウブシに似るが、茎の下部の葉腋に無性芽（むかご）をつける。,日本の野生植物 第1巻,日本の野生植物 1- ソテツ科～コミカンソウ科.pdf,bcdcd5ac593747d6d58321d4a696ec96fb963233541af2a4666c4a1fbd1d4fb1,184,366,include,,2026-07-12,,,,,原PDF画像で対象種・比較対象・識別形質・冊子ページを確認。OCRは候補探索のみに使用。
wildplants-v1-identification-0325,volume1_comparison_candidates,1,カラフトプシ,テリハプシ,,日本の野生植物 第1巻,日本の野生植物 1- ソテツ科～コミカンソウ科.pdf,bcdcd5ac593747d6d58321d4a696ec96fb963233541af2a4666c4a1fbd1d4fb1,184,367,exclude,類似・相違への言及はあるが、比較対象と客観的な識別形質が同時に明示されない,2026-07-12,,,,,原PDF画像で対象種・比較対象・識別形質・冊子ページを確認。OCRは候補探索のみに使用。
wildplants-v1-identification-0326,volume1_comparison_candidates,1,セイヤブシ,カラフトブシ,セイヤブシはカラフトブシに似るが、茎が直立せず、長さ200 cmに達する。,日本の野生植物 第1巻,日本の野生植物 1- ソテツ科～コミカンソウ科.pdf,bcdcd5ac593747d6d58321d4a696ec96fb963233541af2a4666c4a1fbd1d4fb1,184,367,include,,2026-07-12,,,,,原PDF画像で対象種・比較対象・識別形質・冊子ページを確認。OCRは候補探索のみに使用。
wildplants-v1-identification-0327,volume1_comparison_candidates,1,ヤマトリカブト,ハコネトリカブト,,日本の野生植物 第1巻,日本の野生植物 1- ソテツ科～コミカンソウ科.pdf,bcdcd5ac593747d6d58321d4a696ec96fb963233541af2a4666c4a1fbd1d4fb1,185,368,exclude,類似・相違への言及はあるが、比較対象と客観的な識別形質が同時に明示されない,2026-07-12,,,,,原PDF画像で対象種・比較対象・識別形質・冊子ページを確認。OCRは候補探索のみに使用。
wildplants-v1-identification-0328,volume1_comparison_candidates,1,ヤサカブシ,イブキトリカブト,ヤサカブシはイブキトリカブトに似るが、葉は厚く光沢があって3中裂し、花弁の距は細長く360度近く屈曲する。,日本の野生植物 第1巻,日本の野生植物 1- ソテツ科～コミカンソウ科.pdf,bcdcd5ac593747d6d58321d4a696ec96fb963233541af2a4666c4a1fbd1d4fb1,185,368,include,,2026-07-12,,,,,原PDF画像で対象種・比較対象・識別形質・冊子ページを確認。OCRは候補探索のみに使用。
wildplants-v1-identification-0329,volume1_comparison_candidates,1,フキアゲニリンソウ,ニリンソウ,ニリンソウに似るが、それよりも全体的に大型になる多年草。,日本の野生植物 第1巻,日本の野生植物 1- ソテツ科～コミカンソウ科.pdf,bcdcd5ac593747d6d58321d4a696ec96fb963233541af2a4666c4a1fbd1d4fb1,187,372,include,,2026-07-12,,,,,原PDF画像で対象種・比較対象・識別形質・冊子ページを確認。OCRは候補探索のみに使用。
wildplants-v1-identification-0330,volume1_comparison_candidates,1,キリギシソウ,カラフトミヤマイチゲ,カラフトミヤマイチゲはキリギシソウに似るが、より大型で茎は高さ45 cmに達し、根出葉は2回3出の複葉、花弁は6～7個と少ない。,日本の野生植物 第1巻,日本の野生植物 1- ソテツ科～コミカンソウ科.pdf,bcdcd5ac593747d6d58321d4a696ec96fb963233541af2a4666c4a1fbd1d4fb1,187,373,include,,2026-07-12,,,,,原PDF画像で対象種・比較対象・識別形質・冊子ページを確認。OCRは候補探索のみに使用。
wildplants-v1-identification-0331,volume1_comparison_candidates,1,キタダケソウ,ウメザキサバノオ,ウメザキサバノオはキタダケソウと異なり、花弁が長さ12～15 mmと大きく、根出葉は1回3出の複葉で、裂片がさらに3裂する。,日本の野生植物 第1巻,日本の野生植物 1- ソテツ科～コミカンソウ科.pdf,bcdcd5ac593747d6d58321d4a696ec96fb963233541af2a4666c4a1fbd1d4fb1,188,374,include,,2026-07-12,,,,,原PDF画像で対象種・比較対象・識別形質・冊子ページを確認。OCRは候補探索のみに使用。
wildplants-v1-identification-0332,volume1_comparison_candidates,1,リュウキンカ,コバノリュウキンカ,,日本の野生植物 第1巻,日本の野生植物 1- ソテツ科～コミカンソウ科.pdf,bcdcd5ac593747d6d58321d4a696ec96fb963233541af2a4666c4a1fbd1d4fb1,188,374,exclude,比較表現はあるが、客観的な形態差を確認できない,2026-07-12,,,,,原PDF画像で対象種・比較対象・識別形質・冊子ページを確認。OCRは候補探索のみに使用。
wildplants-v1-identification-0333,volume1_comparison_candidates,1,ミヤマキンボウゲ,,,日本の野生植物 第1巻,日本の野生植物 1- ソテツ科～コミカンソウ科.pdf,bcdcd5ac593747d6d58321d4a696ec96fb963233541af2a4666c4a1fbd1d4fb1,194,386,exclude,類似・相違への言及はあるが、比較対象と客観的な識別形質が同時に明示されない,2026-07-12,,,,,原PDF画像で対象種・比較対象・識別形質・冊子ページを確認。OCRは候補探索のみに使用。
wildplants-v1-identification-0334,volume1_comparison_candidates,1,シギンカラマツ,カラマツソウ／モミジ／キンポウゲ,,日本の野生植物 第1巻,日本の野生植物 1- ソテツ科～コミカンソウ科.pdf,bcdcd5ac593747d6d58321d4a696ec96fb963233541af2a4666c4a1fbd1d4fb1,196,391,exclude,類似・相違への言及はあるが、比較対象と客観的な識別形質が同時に明示されない,2026-07-12,,,,,原PDF画像で対象種・比較対象・識別形質・冊子ページを確認。OCRは候補探索のみに使用。
wildplants-v1-identification-0335,volume1_comparison_candidates,1,マンサク,アテツマンサク,,日本の野生植物 第1巻,日本の野生植物 1- ソテツ科～コミカンソウ科.pdf,bcdcd5ac593747d6d58321d4a696ec96fb963233541af2a4666c4a1fbd1d4fb1,202,402,exclude,類似・相違への言及はあるが、比較対象と客観的な識別形質が同時に明示されない,2026-07-12,,,,,原PDF画像で対象種・比較対象・識別形質・冊子ページを確認。OCRは候補探索のみに使用。
wildplants-v1-identification-0336,volume1_comparison_candidates,1,コマガタケスグリ,,,日本の野生植物 第1巻,日本の野生植物 1- ソテツ科～コミカンソウ科.pdf,bcdcd5ac593747d6d58321d4a696ec96fb963233541af2a4666c4a1fbd1d4fb1,204,407,exclude,比較対象の植物名を一意に特定できない,2026-07-12,,,,,原PDF画像で対象種・比較対象・識別形質・冊子ページを確認。OCRは候補探索のみに使用。
wildplants-v1-identification-0337,volume1_comparison_candidates,1,チダケサシ,トリアシショウマ,,日本の野生植物 第1巻,日本の野生植物 1- ソテツ科～コミカンソウ科.pdf,bcdcd5ac593747d6d58321d4a696ec96fb963233541af2a4666c4a1fbd1d4fb1,205,409,exclude,比較対象または識別形質が不確実・未確立・属レベルで、種ページ用の診断文として採用できない,2026-07-12,,,,,原PDF画像で対象種・比較対象・識別形質・冊子ページを確認。OCRは候補探索のみに使用。
wildplants-v1-identification-0338,volume1_comparison_candidates,1,フジアカショウマ,テリハアカショウマ,フジアカショウマはテリハアカショウマに似るが、全体に小さく、花序下部の枝は伸長しない。,日本の野生植物 第1巻,日本の野生植物 1- ソテツ科～コミカンソウ科.pdf,bcdcd5ac593747d6d58321d4a696ec96fb963233541af2a4666c4a1fbd1d4fb1,205,409,include,,2026-07-12,,,,,原PDF画像で対象種・比較対象・識別形質・冊子ページを確認。OCRは候補探索のみに使用。
wildplants-v1-identification-0339,volume1_comparison_candidates,1,ネコノメソウ,ヒメオオイワボタン,ヒメオオイワボタンはネコノメソウと異なり、雄蕊が8個で、ロゼット様の根出葉をもつ。,日本の野生植物 第1巻,日本の野生植物 1- ソテツ科～コミカンソウ科.pdf,bcdcd5ac593747d6d58321d4a696ec96fb963233541af2a4666c4a1fbd1d4fb1,206,411,include,,2026-07-12,,,,,原PDF画像で対象種・比較対象・識別形質・冊子ページを確認。OCRは候補探索のみに使用。
wildplants-v1-identification-0340,volume1_comparison_candidates,1,コガネネコノメソウ,トウノウネコノメ,トウノウネコノメはコガネネコノメソウに似るが、雄蕊が萼裂片より長いことで区別される。,日本の野生植物 第1巻,日本の野生植物 1- ソテツ科～コミカンソウ科.pdf,bcdcd5ac593747d6d58321d4a696ec96fb963233541af2a4666c4a1fbd1d4fb1,207,412,include,,2026-07-12,,,,,原PDF画像で対象種・比較対象・識別形質・冊子ページを確認。OCRは候補探索のみに使用。
wildplants-v1-identification-0341,volume1_comparison_candidates,1,タチネコノメソウ,ツルネコノメソウ,タチネコノメソウはツルネコノメソウに似るが、地上性の走出枝がない。,日本の野生植物 第1巻,日本の野生植物 1- ソテツ科～コミカンソウ科.pdf,bcdcd5ac593747d6d58321d4a696ec96fb963233541af2a4666c4a1fbd1d4fb1,207,412,include,,2026-07-12,,,,,原PDF画像で対象種・比較対象・識別形質・冊子ページを確認。OCRは候補探索のみに使用。
wildplants-v1-identification-0342,volume1_comparison_candidates,1,シコクチャルメルソウ,タキミチャルメルソウ／ハリベンチャルメルソウ,タキミチャルメルソウ（ハリベンチャルメルソウ）はシコクチャルメルソウと異なり、花弁が分裂しないか、まれに3裂する。,日本の野生植物 第1巻,日本の野生植物 1- ソテツ科～コミカンソウ科.pdf,bcdcd5ac593747d6d58321d4a696ec96fb963233541af2a4666c4a1fbd1d4fb1,208,415,include,,2026-07-12,,,,,原PDF画像で対象種・比較対象・識別形質・冊子ページを確認。OCRは候補探索のみに使用。
wildplants-v1-identification-0343,volume1_comparison_candidates,1,チャルメルソウ,ミカワチャルメルソウ,ミカワチャルメルソウはチャルメルソウと異なり、花弁が羽状に7～11裂する。,日本の野生植物 第1巻,日本の野生植物 1- ソテツ科～コミカンソウ科.pdf,bcdcd5ac593747d6d58321d4a696ec96fb963233541af2a4666c4a1fbd1d4fb1,208,415,include,,2026-07-12,,,,,原PDF画像で対象種・比較対象・識別形質・冊子ページを確認。OCRは候補探索のみに使用。
wildplants-v1-identification-0344,volume1_comparison_candidates,1,イワユキノシタ,ズダヤクシュ,,日本の野生植物 第1巻,日本の野生植物 1- ソテツ科～コミカンソウ科.pdf,bcdcd5ac593747d6d58321d4a696ec96fb963233541af2a4666c4a1fbd1d4fb1,210,418,exclude,類似・相違への言及はあるが、比較対象と客観的な識別形質が同時に明示されない,2026-07-12,,,,,原PDF画像で対象種・比較対象・識別形質・冊子ページを確認。OCRは候補探索のみに使用。
wildplants-v1-identification-0345,volume1_comparison_candidates,1,ミセバヤ,エッチュウミセバヤ,エッチュウミセバヤはミセバヤに似るが、葉は対生、ときに3輪生し、ごく短い柄がある。,日本の野生植物 第1巻,日本の野生植物 1- ソテツ科～コミカンソウ科.pdf,bcdcd5ac593747d6d58321d4a696ec96fb963233541af2a4666c4a1fbd1d4fb1,212,422,include,,2026-07-12,,,,,原PDF画像で対象種・比較対象・識別形質・冊子ページを確認。OCRは候補探索のみに使用。
wildplants-v1-identification-0346,volume1_comparison_candidates,1,イワレンゲ,マンネングサ／レベル,,日本の野生植物 第1巻,日本の野生植物 1- ソテツ科～コミカンソウ科.pdf,bcdcd5ac593747d6d58321d4a696ec96fb963233541af2a4666c4a1fbd1d4fb1,213,424,exclude,類似・相違への言及はあるが、比較対象と客観的な識別形質が同時に明示されない,2026-07-12,,,,,原PDF画像で対象種・比較対象・識別形質・冊子ページを確認。OCRは候補探索のみに使用。
wildplants-v1-identification-0347,volume1_comparison_candidates,1,メノマンネングサ,ミヤママンネングサ,ミヤママンネングサはメノマンネングサに似るが、より小型で、枝は長さ3～6 cm、葉は長さ5～12 mm、幅0.8～2 mmである。,日本の野生植物 第1巻,日本の野生植物 1- ソテツ科～コミカンソウ科.pdf,bcdcd5ac593747d6d58321d4a696ec96fb963233541af2a4666c4a1fbd1d4fb1,215,428,include,,2026-07-12,,,,,原PDF画像で対象種・比較対象・識別形質・冊子ページを確認。OCRは候補探索のみに使用。
wildplants-v1-identification-0348,volume1_comparison_candidates,1,ウンゼンマンネングサ,ツシママンネングサ,,日本の野生植物 第1巻,日本の野生植物 1- ソテツ科～コミカンソウ科.pdf,bcdcd5ac593747d6d58321d4a696ec96fb963233541af2a4666c4a1fbd1d4fb1,215,428,exclude,比較対象または識別形質が不確実・未確立・属レベルで、種ページ用の診断文として採用できない,2026-07-12,,,,,原PDF画像で対象種・比較対象・識別形質・冊子ページを確認。OCRは候補探索のみに使用。
wildplants-v1-identification-0349,volume1_comparison_candidates,1,アズマツメクサ,,,日本の野生植物 第1巻,日本の野生植物 1- ソテツ科～コミカンソウ科.pdf,bcdcd5ac593747d6d58321d4a696ec96fb963233541af2a4666c4a1fbd1d4fb1,215,429,exclude,比較対象の植物名を一意に特定できない,2026-07-12,,,,,原PDF画像で対象種・比較対象・識別形質・冊子ページを確認。OCRは候補探索のみに使用。
wildplants-v1-identification-0350,volume1_comparison_candidates,1,アリノトウグサ,フサモ／トゲホザキノフサモ／ハリミホザキノフサモ／ホザキノフサモ,,日本の野生植物 第1巻,日本の野生植物 1- ソテツ科～コミカンソウ科.pdf,bcdcd5ac593747d6d58321d4a696ec96fb963233541af2a4666c4a1fbd1d4fb1,216,431,exclude,類似・相違への言及はあるが、比較対象と客観的な識別形質が同時に明示されない,2026-07-12,,,,,原PDF画像で対象種・比較対象・識別形質・冊子ページを確認。OCRは候補探索のみに使用。
wildplants-v1-identification-0351,volume1_comparison_candidates,1,ノブドウ,キレハノブドウ／スイカ,,日本の野生植物 第1巻,日本の野生植物 1- ソテツ科～コミカンソウ科.pdf,bcdcd5ac593747d6d58321d4a696ec96fb963233541af2a4666c4a1fbd1d4fb1,217,433,exclude,類似・相違への言及はあるが、比較対象と客観的な識別形質が同時に明示されない,2026-07-12,,,,,原PDF画像で対象種・比較対象・識別形質・冊子ページを確認。OCRは候補探索のみに使用。
wildplants-v1-identification-0352,volume1_comparison_candidates,1,ハカマカズラ,ムラサキソシンカ,,日本の野生植物 第1巻,日本の野生植物 1- ソテツ科～コミカンソウ科.pdf,bcdcd5ac593747d6d58321d4a696ec96fb963233541af2a4666c4a1fbd1d4fb1,224,447,exclude,比較対象または識別形質が不確実・未確立・属レベルで、種ページ用の診断文として採用できない,2026-07-12,,,,,原PDF画像で対象種・比較対象・識別形質・冊子ページを確認。OCRは候補探索のみに使用。
wildplants-v1-identification-0353,volume1_comparison_candidates,1,ガクタヌキマメ,タヌキマメ,,日本の野生植物 第1巻,日本の野生植物 1- ソテツ科～コミカンソウ科.pdf,bcdcd5ac593747d6d58321d4a696ec96fb963233541af2a4666c4a1fbd1d4fb1,228,454,exclude,類似・相違への言及はあるが、比較対象と客観的な識別形質が同時に明示されない,2026-07-12,,,,,原PDF画像で対象種・比較対象・識別形質・冊子ページを確認。OCRは候補探索のみに使用。
wildplants-v1-identification-0354,volume1_comparison_candidates,1,ノササゲ,ヤブマメ,花や果実がないとノササゲはヤブマメの日陰形と混同されやすいが、ヤブマメは小葉の両面に伏した白い短毛があり、ノササゲは無毛である。,日本の野生植物 第1巻,日本の野生植物 1- ソテツ科～コミカンソウ科.pdf,bcdcd5ac593747d6d58321d4a696ec96fb963233541af2a4666c4a1fbd1d4fb1,229,457,include,,2026-07-12,,,,,原PDF画像で対象種・比較対象・識別形質・冊子ページを確認。OCRは候補探索のみに使用。
wildplants-v1-identification-0355,volume1_comparison_candidates,1,ハギカズラ,ヤエヤマハギカズラ,ヤエヤマハギカズラはハギカズラと異なり、葉表に細軟毛がある。,日本の野生植物 第1巻,日本の野生植物 1- ソテツ科～コミカンソウ科.pdf,bcdcd5ac593747d6d58321d4a696ec96fb963233541af2a4666c4a1fbd1d4fb1,230,459,include,,2026-07-12,,,,,原PDF画像で対象種・比較対象・識別形質・冊子ページを確認。OCRは候補探索のみに使用。
wildplants-v1-identification-0356,volume1_comparison_candidates,1,マルバヌスビトハギ,,,日本の野生植物 第1巻,日本の野生植物 1- ソテツ科～コミカンソウ科.pdf,bcdcd5ac593747d6d58321d4a696ec96fb963233541af2a4666c4a1fbd1d4fb1,232,462,exclude,類似・相違への言及はあるが、比較対象と客観的な識別形質が同時に明示されない,2026-07-12,,,,,原PDF画像で対象種・比較対象・識別形質・冊子ページを確認。OCRは候補探索のみに使用。
wildplants-v1-identification-0357,volume1_comparison_candidates,1,マルバヤハズソウ,ヤハズソウ,,日本の野生植物 第1巻,日本の野生植物 1- ソテツ科～コミカンソウ科.pdf,bcdcd5ac593747d6d58321d4a696ec96fb963233541af2a4666c4a1fbd1d4fb1,233,464,exclude,類似・相違への言及はあるが、比較対象と客観的な識別形質が同時に明示されない,2026-07-12,,,,,原PDF画像で対象種・比較対象・識別形質・冊子ページを確認。OCRは候補探索のみに使用。
wildplants-v1-identification-0358,volume1_comparison_candidates,1,チョウセンキハギ,キハギ,,日本の野生植物 第1巻,日本の野生植物 1- ソテツ科～コミカンソウ科.pdf,bcdcd5ac593747d6d58321d4a696ec96fb963233541af2a4666c4a1fbd1d4fb1,234,467,exclude,類似・相違への言及はあるが、比較対象と客観的な識別形質が同時に明示されない,2026-07-12,,,,,原PDF画像で対象種・比較対象・識別形質・冊子ページを確認。OCRは候補探索のみに使用。
wildplants-v1-identification-0359,volume1_comparison_candidates,1,クロバナキハギ,ヤマハギ,クロバナキハギはヤマハギに似るが、暗赤紫色の花をつけ、萼裂片は筒部より短く、先端円形で毛が少ない。,日本の野生植物 第1巻,日本の野生植物 1- ソテツ科～コミカンソウ科.pdf,bcdcd5ac593747d6d58321d4a696ec96fb963233541af2a4666c4a1fbd1d4fb1,234,467,include,,2026-07-12,,,,,原PDF画像で対象種・比較対象・識別形質・冊子ページを確認。OCRは候補探索のみに使用。
wildplants-v1-identification-0360,volume1_comparison_candidates,1,サガミメドハギ,メドハギ,,日本の野生植物 第1巻,日本の野生植物 1- ソテツ科～コミカンソウ科.pdf,bcdcd5ac593747d6d58321d4a696ec96fb963233541af2a4666c4a1fbd1d4fb1,235,468,exclude,類似・相違への言及はあるが、比較対象と客観的な識別形質が同時に明示されない,2026-07-12,,,,,原PDF画像で対象種・比較対象・識別形質・冊子ページを確認。OCRは候補探索のみに使用。
wildplants-v1-identification-0361,volume1_comparison_candidates,1,シベリアメドハギ,メドハギ,シベリアメドハギはメドハギに似るが、小葉の網状脈が明瞭である。,日本の野生植物 第1巻,日本の野生植物 1- ソテツ科～コミカンソウ科.pdf,bcdcd5ac593747d6d58321d4a696ec96fb963233541af2a4666c4a1fbd1d4fb1,235,468,include,,2026-07-12,,,,,原PDF画像で対象種・比較対象・識別形質・冊子ページを確認。OCRは候補探索のみに使用。
wildplants-v1-identification-0362,volume1_comparison_candidates,1,ミヤコグサ,セイヨウミヤコグサ,セイヨウミヤコグサはミヤコグサと混同されやすいが、花序に3～7花をつけ、茎と葉が通常有毛である。,日本の野生植物 第1巻,日本の野生植物 1- ソテツ科～コミカンソウ科.pdf,bcdcd5ac593747d6d58321d4a696ec96fb963233541af2a4666c4a1fbd1d4fb1,235,469,include,,2026-07-12,,,,,原PDF画像で対象種・比較対象・識別形質・冊子ページを確認。OCRは候補探索のみに使用。
wildplants-v1-identification-0363,volume1_comparison_candidates,1,オヤマノエンドウ,エゾオヤマノエンドウ,エゾオヤマノエンドウはオヤマノエンドウと異なり、葉に軟毛が密生する。,日本の野生植物 第1巻,日本の野生植物 1- ソテツ科～コミカンソウ科.pdf,bcdcd5ac593747d6d58321d4a696ec96fb963233541af2a4666c4a1fbd1d4fb1,237,473,include,,2026-07-12,,,,,原PDF画像で対象種・比較対象・識別形質・冊子ページを確認。OCRは候補探索のみに使用。
wildplants-v1-identification-0364,volume1_comparison_candidates,1,クロヨナ,ムラサキナッフジ,,日本の野生植物 第1巻,日本の野生植物 1- ソテツ科～コミカンソウ科.pdf,bcdcd5ac593747d6d58321d4a696ec96fb963233541af2a4666c4a1fbd1d4fb1,238,474,exclude,比較対象または識別形質が不確実・未確立・属レベルで、種ページ用の診断文として採用できない,2026-07-12,,,,,原PDF画像で対象種・比較対象・識別形質・冊子ページを確認。OCRは候補探索のみに使用。
wildplants-v1-identification-0365,volume1_comparison_candidates,1,クズ,シナクズ,シナクズはクズと異なり、花序柄は長さ9～18 cm、花は青紫色で長さ21～25 mm、萼は長さ13～19 mmである。,日本の野生植物 第1巻,日本の野生植物 1- ソテツ科～コミカンソウ科.pdf,bcdcd5ac593747d6d58321d4a696ec96fb963233541af2a4666c4a1fbd1d4fb1,238,475,include,,2026-07-12,,,,,原PDF画像で対象種・比較対象・識別形質・冊子ページを確認。OCRは候補探索のみに使用。
wildplants-v1-identification-0366,volume1_comparison_candidates,1,タイワンクズ,クズ,タイワンクズはクズに似るが、花は長さ12～16 mmで青紫色である。,日本の野生植物 第1巻,日本の野生植物 1- ソテツ科～コミカンソウ科.pdf,bcdcd5ac593747d6d58321d4a696ec96fb963233541af2a4666c4a1fbd1d4fb1,238,475,include,,2026-07-12,,,,,原PDF画像で対象種・比較対象・識別形質・冊子ページを確認。OCRは候補探索のみに使用。
wildplants-v1-identification-0367,volume1_comparison_candidates,1,シロツメクサ,コメツプツメクサ,,日本の野生植物 第1巻,日本の野生植物 1- ソテツ科～コミカンソウ科.pdf,bcdcd5ac593747d6d58321d4a696ec96fb963233541af2a4666c4a1fbd1d4fb1,241,480,exclude,比較対象または識別形質が不確実・未確立・属レベルで、種ページ用の診断文として採用できない,2026-07-12,,,,,原PDF画像で対象種・比較対象・識別形質・冊子ページを確認。OCRは候補探索のみに使用。
wildplants-v1-identification-0368,volume1_comparison_candidates,1,ヤハズエンドウ,オオヤハズエンドウ,ヤハズエンドウは茎が無毛で、花は長さ12～18 mm、萼裂片は萼筒より短く、豆果は無毛で長さ3～5 cmである。オオヤハズエンドウは茎が有毛で、花は長さ18～30 mm、萼裂片は萼筒と同長かそれより長く、豆果に軟毛があり長さ5～8 cmである。,日本の野生植物 第1巻,日本の野生植物 1- ソテツ科～コミカンソウ科.pdf,bcdcd5ac593747d6d58321d4a696ec96fb963233541af2a4666c4a1fbd1d4fb1,241,481,include,,2026-07-12,,,,,原PDF画像で対象種・比較対象・識別形質・冊子ページを確認。OCRは候補探索のみに使用。
wildplants-v1-identification-0369,volume1_comparison_candidates,1,ビロードクサフジ,ナヨクサフジ,ナヨクサフジはビロードクサフジに似るが、茎は無毛または伏した軟毛をまばらに生じ、背軸側の萼裂片は萼筒より短い。,日本の野生植物 第1巻,日本の野生植物 1- ソテツ科～コミカンソウ科.pdf,bcdcd5ac593747d6d58321d4a696ec96fb963233541af2a4666c4a1fbd1d4fb1,242,482,include,,2026-07-12,,,,,原PDF画像で対象種・比較対象・識別形質・冊子ページを確認。OCRは候補探索のみに使用。
wildplants-v1-identification-0370,volume1_comparison_candidates,1,ハマアズキ,ナガバハマササゲ,ハマアズキは茎が匍匐してほぼ無毛で、海岸砂浜に生える。ナガバハマササゲは茎に長軟毛があり、奄美・琉球のやや内陸側の川岸などに生える。,日本の野生植物 第1巻,日本の野生植物 1- ソテツ科～コミカンソウ科.pdf,bcdcd5ac593747d6d58321d4a696ec96fb963233541af2a4666c4a1fbd1d4fb1,243,484,include,,2026-07-12,,,,,原PDF画像で対象種・比較対象・識別形質・冊子ページを確認。OCRは候補探索のみに使用。
wildplants-v1-identification-0371,volume1_comparison_candidates,1,ヤマフジ,シナフジ,シナフジはヤマフジに似るが、小葉は3～6対、花序は長さ15～25 cmで、成葉は無毛である。,日本の野生植物 第1巻,日本の野生植物 1- ソテツ科～コミカンソウ科.pdf,bcdcd5ac593747d6d58321d4a696ec96fb963233541af2a4666c4a1fbd1d4fb1,244,486,include,,2026-07-12,,,,,原PDF画像で対象種・比較対象・識別形質・冊子ページを確認。OCRは候補探索のみに使用。
wildplants-v1-identification-0372,volume1_comparison_candidates,1,カツラギグミ,ハコネグミ,,日本の野生植物 第1巻,日本の野生植物 1- ソテツ科～コミカンソウ科.pdf,bcdcd5ac593747d6d58321d4a696ec96fb963233541af2a4666c4a1fbd1d4fb1,246,491,exclude,類似・相違への言及はあるが、比較対象と客観的な識別形質が同時に明示されない,2026-07-12,,,,,原PDF画像で対象種・比較対象・識別形質・冊子ページを確認。OCRは候補探索のみに使用。
wildplants-v1-identification-0373,volume1_comparison_candidates,1,コアカソ,コバノコアカソ,コバノコアカソはコアカソより葉が小型で、有性生殖を行う2倍体である。,日本の野生植物 第1巻,日本の野生植物 1- ソテツ科～コミカンソウ科.pdf,bcdcd5ac593747d6d58321d4a696ec96fb963233541af2a4666c4a1fbd1d4fb1,256,511,include,,2026-07-12,,,,,原PDF画像で対象種・比較対象・識別形質・冊子ページを確認。OCRは候補探索のみに使用。
wildplants-v1-identification-0374,volume1_comparison_candidates,1,ナガバヤブマオ,イワントリアシ,,日本の野生植物 第1巻,日本の野生植物 1- ソテツ科～コミカンソウ科.pdf,bcdcd5ac593747d6d58321d4a696ec96fb963233541af2a4666c4a1fbd1d4fb1,256,511,exclude,類似・相違への言及はあるが、比較対象と客観的な識別形質が同時に明示されない,2026-07-12,,,,,原PDF画像で対象種・比較対象・識別形質・冊子ページを確認。OCRは候補探索のみに使用。
wildplants-v1-identification-0375,volume1_comparison_candidates,1,ハマヤブマオ,ヤブマオ,ハマヤブマオはヤブマオに似るが、葉身がやや左右非相称である。,日本の野生植物 第1巻,日本の野生植物 1- ソテツ科～コミカンソウ科.pdf,bcdcd5ac593747d6d58321d4a696ec96fb963233541af2a4666c4a1fbd1d4fb1,256,511,include,,2026-07-12,,,,,原PDF画像で対象種・比較対象・識別形質・冊子ページを確認。OCRは候補探索のみに使用。
wildplants-v1-identification-0376,volume1_comparison_candidates,1,ヤマトキホコリ,アマミサンショウソウ,,日本の野生植物 第1巻,日本の野生植物 1- ソテツ科～コミカンソウ科.pdf,bcdcd5ac593747d6d58321d4a696ec96fb963233541af2a4666c4a1fbd1d4fb1,257,513,exclude,比較表現はあるが、客観的な形態差を確認できない,2026-07-12,,,,,原PDF画像で対象種・比較対象・識別形質・冊子ページを確認。OCRは候補探索のみに使用。
wildplants-v1-identification-0377,volume1_comparison_candidates,1,ミヤマイラクサ,カテンソウ,,日本の野生植物 第1巻,日本の野生植物 1- ソテツ科～コミカンソウ科.pdf,bcdcd5ac593747d6d58321d4a696ec96fb963233541af2a4666c4a1fbd1d4fb1,257,513,exclude,比較対象または識別形質が不確実・未確立・属レベルで、種ページ用の診断文として採用できない,2026-07-12,,,,,原PDF画像で対象種・比較対象・識別形質・冊子ページを確認。OCRは候補探索のみに使用。
wildplants-v1-identification-0378,volume1_comparison_candidates,1,アラゲサンショウソウ,サンショウソウ,アラゲサンショウソウはサンショウソウに似るが、茎と葉裏に長毛が密生する。,日本の野生植物 第1巻,日本の野生植物 1- ソテツ科～コミカンソウ科.pdf,bcdcd5ac593747d6d58321d4a696ec96fb963233541af2a4666c4a1fbd1d4fb1,258,515,include,,2026-07-12,,,,,原PDF画像で対象種・比較対象・識別形質・冊子ページを確認。OCRは候補探索のみに使用。
wildplants-v1-identification-0379,volume1_comparison_candidates,1,オオサンショウソウ,ウワパミソウ／サンショウソウ,,日本の野生植物 第1巻,日本の野生植物 1- ソテツ科～コミカンソウ科.pdf,bcdcd5ac593747d6d58321d4a696ec96fb963233541af2a4666c4a1fbd1d4fb1,258,515,exclude,比較対象または識別形質が不確実・未確立・属レベルで、種ページ用の診断文として採用できない,2026-07-12,,,,,原PDF画像で対象種・比較対象・識別形質・冊子ページを確認。OCRは候補探索のみに使用。
wildplants-v1-identification-0380,volume1_comparison_candidates,1,コケミズ,ソハヤキミズ,ソハヤキミズはコケミズに似るが、葉は長さ10～25 mmのやや大型の広卵形である。,日本の野生植物 第1巻,日本の野生植物 1- ソテツ科～コミカンソウ科.pdf,bcdcd5ac593747d6d58321d4a696ec96fb963233541af2a4666c4a1fbd1d4fb1,259,516,include,,2026-07-12,,,,,原PDF画像で対象種・比較対象・識別形質・冊子ページを確認。OCRは候補探索のみに使用。
wildplants-v1-identification-0381,volume1_comparison_candidates,1,ミズ,アオミズ,ミズはアオミズに似るが、茎が紫褐色を帯びることが多く、葉が短い。,日本の野生植物 第1巻,日本の野生植物 1- ソテツ科～コミカンソウ科.pdf,bcdcd5ac593747d6d58321d4a696ec96fb963233541af2a4666c4a1fbd1d4fb1,259,516,include,,2026-07-12,,,,,原PDF画像で対象種・比較対象・識別形質・冊子ページを確認。OCRは候補探索のみに使用。
wildplants-v1-identification-0382,volume1_comparison_candidates,1,コミヤマミズ,チョクザキミズ／アオミズ,,日本の野生植物 第1巻,日本の野生植物 1- ソテツ科～コミカンソウ科.pdf,bcdcd5ac593747d6d58321d4a696ec96fb963233541af2a4666c4a1fbd1d4fb1,259,516,exclude,比較対象または識別形質が不確実・未確立・属レベルで、種ページ用の診断文として採用できない,2026-07-12,,,,,原PDF画像で対象種・比較対象・識別形質・冊子ページを確認。OCRは候補探索のみに使用。
wildplants-v1-identification-0383,volume1_comparison_candidates,1,ホソバイラクサ,エゾイラクサ,ホソバイラクサはエゾイラクサに葉が似るが、葉幅4 cm以下と細い。,日本の野生植物 第1巻,日本の野生植物 1- ソテツ科～コミカンソウ科.pdf,bcdcd5ac593747d6d58321d4a696ec96fb963233541af2a4666c4a1fbd1d4fb1,259,517,include,,2026-07-12,,,,,原PDF画像で対象種・比較対象・識別形質・冊子ページを確認。OCRは候補探索のみに使用。
wildplants-v1-identification-0384,volume1_comparison_candidates,1,サンショウバラ,Rosa roxburghii,Rosa roxburghiiはサンショウバラに近縁だが、葉が無毛で、果実表面に薄く毛がある。,日本の野生植物 第1巻,日本の野生植物 1- ソテツ科～コミカンソウ科.pdf,bcdcd5ac593747d6d58321d4a696ec96fb963233541af2a4666c4a1fbd1d4fb1,266,530,include,,2026-07-12,,,,,原PDF画像で対象種・比較対象・識別形質・冊子ページを確認。OCRは候補探索のみに使用。
wildplants-v1-identification-0385,volume1_comparison_candidates,1,ナニワイバラ,,,日本の野生植物 第1巻,日本の野生植物 1- ソテツ科～コミカンソウ科.pdf,bcdcd5ac593747d6d58321d4a696ec96fb963233541af2a4666c4a1fbd1d4fb1,266,530,exclude,比較対象の植物名を一意に特定できない,2026-07-12,,,,,原PDF画像で対象種・比較対象・識別形質・冊子ページを確認。OCRは候補探索のみに使用。
wildplants-v1-identification-0386,volume1_comparison_candidates,1,ヤチイチゴ,チシマイチゴ,,日本の野生植物 第1巻,日本の野生植物 1- ソテツ科～コミカンソウ科.pdf,bcdcd5ac593747d6d58321d4a696ec96fb963233541af2a4666c4a1fbd1d4fb1,267,533,exclude,類似・相違への言及はあるが、比較対象と客観的な識別形質が同時に明示されない,2026-07-12,,,,,原PDF画像で対象種・比較対象・識別形質・冊子ページを確認。OCRは候補探索のみに使用。
wildplants-v1-identification-0387,volume1_comparison_candidates,1,クワノハイチゴ,タイワンウラジロイチゴ,タイワンウラジロイチゴはクワノハイチゴに近縁だが、花床筒と萼片に長い毛がある。,日本の野生植物 第1巻,日本の野生植物 1- ソテツ科～コミカンソウ科.pdf,bcdcd5ac593747d6d58321d4a696ec96fb963233541af2a4666c4a1fbd1d4fb1,267,533,include,,2026-07-12,,,,,原PDF画像で対象種・比較対象・識別形質・冊子ページを確認。OCRは候補探索のみに使用。
wildplants-v1-identification-0388,volume1_comparison_candidates,1,ナガボノワレモコウ,ナガボノアカワレモコウ,,日本の野生植物 第1巻,日本の野生植物 1- ソテツ科～コミカンソウ科.pdf,bcdcd5ac593747d6d58321d4a696ec96fb963233541af2a4666c4a1fbd1d4fb1,269,537,exclude,類似・相違への言及はあるが、比較対象と客観的な識別形質が同時に明示されない,2026-07-12,,,,,原PDF画像で対象種・比較対象・識別形質・冊子ページを確認。OCRは候補探索のみに使用。
wildplants-v1-identification-0389,volume1_comparison_candidates,1,ミヤマザクラ,チョウジザクラ,ミヤマザクラはチョウジザクラに比べ、花が径1.8～2.4 cmとひと回り大きく、花柄や花床筒の毛が少なく、萼片は全縁である。,日本の野生植物 第1巻,日本の野生植物 1- ソテツ科～コミカンソウ科.pdf,bcdcd5ac593747d6d58321d4a696ec96fb963233541af2a4666c4a1fbd1d4fb1,272,542,include,,2026-07-12,,,,,原PDF画像で対象種・比較対象・識別形質・冊子ページを確認。OCRは候補探索のみに使用。
wildplants-v1-identification-0390,volume1_comparison_candidates,1,ヤマザクラ,,,日本の野生植物 第1巻,日本の野生植物 1- ソテツ科～コミカンソウ科.pdf,bcdcd5ac593747d6d58321d4a696ec96fb963233541af2a4666c4a1fbd1d4fb1,273,544,exclude,類似・相違への言及はあるが、比較対象と客観的な識別形質が同時に明示されない,2026-07-12,,,,,原PDF画像で対象種・比較対象・識別形質・冊子ページを確認。OCRは候補探索のみに使用。
wildplants-v1-identification-0391,volume1_comparison_candidates,1,クロミサンザシ,エゾサンザシ,,日本の野生植物 第1巻,日本の野生植物 1- ソテツ科～コミカンソウ科.pdf,bcdcd5ac593747d6d58321d4a696ec96fb963233541af2a4666c4a1fbd1d4fb1,273,545,exclude,比較対象または識別形質が不確実・未確立・属レベルで、種ページ用の診断文として採用できない,2026-07-12,,,,,原PDF画像で対象種・比較対象・識別形質・冊子ページを確認。OCRは候補探索のみに使用。
wildplants-v1-identification-0392,volume1_comparison_candidates,1,タチテンノウメ,テンノウメ,,日本の野生植物 第1巻,日本の野生植物 1- ソテツ科～コミカンソウ科.pdf,bcdcd5ac593747d6d58321d4a696ec96fb963233541af2a4666c4a1fbd1d4fb1,275,548,exclude,類似・相違への言及はあるが、比較対象と客観的な識別形質が同時に明示されない,2026-07-12,,,,,原PDF画像で対象種・比較対象・識別形質・冊子ページを確認。OCRは候補探索のみに使用。
wildplants-v1-identification-0393,volume1_comparison_candidates,1,ホザキナナカマド,,,日本の野生植物 第1巻,日本の野生植物 1- ソテツ科～コミカンソウ科.pdf,bcdcd5ac593747d6d58321d4a696ec96fb963233541af2a4666c4a1fbd1d4fb1,277,553,exclude,比較対象の植物名を一意に特定できない,2026-07-12,,,,,原PDF画像で対象種・比較対象・識別形質・冊子ページを確認。OCRは候補探索のみに使用。
wildplants-v1-identification-0394,volume1_comparison_candidates,1,ウラジロナナカマド,ナンキンナナカマドモドキ,,日本の野生植物 第1巻,日本の野生植物 1- ソテツ科～コミカンソウ科.pdf,bcdcd5ac593747d6d58321d4a696ec96fb963233541af2a4666c4a1fbd1d4fb1,278,554,exclude,類似・相違への言及はあるが、比較対象と客観的な識別形質が同時に明示されない,2026-07-12,,,,,原PDF画像で対象種・比較対象・識別形質・冊子ページを確認。OCRは候補探索のみに使用。
wildplants-v1-identification-0395,volume1_comparison_candidates,1,タカネナナカマド,,,日本の野生植物 第1巻,日本の野生植物 1- ソテツ科～コミカンソウ科.pdf,bcdcd5ac593747d6d58321d4a696ec96fb963233541af2a4666c4a1fbd1d4fb1,278,555,exclude,類似・相違への言及はあるが、比較対象と客観的な識別形質が同時に明示されない,2026-07-12,,,,,原PDF画像で対象種・比較対象・識別形質・冊子ページを確認。OCRは候補探索のみに使用。
wildplants-v1-identification-0396,volume1_comparison_candidates,1,プナ,オオバブナ,,日本の野生植物 第1巻,日本の野生植物 1- ソテツ科～コミカンソウ科.pdf,bcdcd5ac593747d6d58321d4a696ec96fb963233541af2a4666c4a1fbd1d4fb1,280,559,exclude,類似・相違への言及はあるが、比較対象と客観的な識別形質が同時に明示されない,2026-07-12,,,,,原PDF画像で対象種・比較対象・識別形質・冊子ページを確認。OCRは候補探索のみに使用。
wildplants-v1-identification-0397,volume1_comparison_candidates,1,カシワ,コナラ,,日本の野生植物 第1巻,日本の野生植物 1- ソテツ科～コミカンソウ科.pdf,bcdcd5ac593747d6d58321d4a696ec96fb963233541af2a4666c4a1fbd1d4fb1,281,561,exclude,本文は分類群を区別しない、または区別できないという記述で、識別形質を提示しない,2026-07-12,,,,,原PDF画像で対象種・比較対象・識別形質・冊子ページを確認。OCRは候補探索のみに使用。
wildplants-v1-identification-0398,volume1_comparison_candidates,1,ウラジロガシ,,,日本の野生植物 第1巻,日本の野生植物 1- ソテツ科～コミカンソウ科.pdf,bcdcd5ac593747d6d58321d4a696ec96fb963233541af2a4666c4a1fbd1d4fb1,282,562,exclude,類似・相違への言及はあるが、比較対象と客観的な識別形質が同時に明示されない,2026-07-12,,,,,原PDF画像で対象種・比較対象・識別形質・冊子ページを確認。OCRは候補探索のみに使用。
wildplants-v1-identification-0399,volume1_comparison_candidates,1,ミヤマハンノキ,サルクラハンノキ,,日本の野生植物 第1巻,日本の野生植物 1- ソテツ科～コミカンソウ科.pdf,bcdcd5ac593747d6d58321d4a696ec96fb963233541af2a4666c4a1fbd1d4fb1,285,568,exclude,本文は分類群を区別しない、または区別できないという記述で、識別形質を提示しない,2026-07-12,,,,,原PDF画像で対象種・比較対象・識別形質・冊子ページを確認。OCRは候補探索のみに使用。
wildplants-v1-identification-0400,volume1_comparison_candidates,1,ヤハズハンノキ,ミヤマカワラハンノキ,,日本の野生植物 第1巻,日本の野生植物 1- ソテツ科～コミカンソウ科.pdf,bcdcd5ac593747d6d58321d4a696ec96fb963233541af2a4666c4a1fbd1d4fb1,285,569,exclude,比較表現はあるが、客観的な形態差を確認できない,2026-07-12,,,,,原PDF画像で対象種・比較対象・識別形質・冊子ページを確認。OCRは候補探索のみに使用。
wildplants-v1-identification-0401,volume1_comparison_candidates,1,ダケカンバ,アツハダカンバ、アカカンバ,ダケカンバのうち、アツハダカンバは樹皮が著しく厚く、アカカンバは葉が広卵状心形で基部が明瞭にへこむ型として区別されることがある。,日本の野生植物 第1巻,日本の野生植物 1- ソテツ科～コミカンソウ科.pdf,bcdcd5ac593747d6d58321d4a696ec96fb963233541af2a4666c4a1fbd1d4fb1,286,571,include,,2026-07-12,,,,,原PDF画像で対象種・比較対象・識別形質・冊子ページを確認。OCRは候補探索のみに使用。
wildplants-v1-identification-0402,volume1_comparison_candidates,1,ツノハシバミ,トックリハシバミ,,日本の野生植物 第1巻,日本の野生植物 1- ソテツ科～コミカンソウ科.pdf,bcdcd5ac593747d6d58321d4a696ec96fb963233541af2a4666c4a1fbd1d4fb1,287,573,exclude,類似・相違への言及はあるが、比較対象と客観的な識別形質が同時に明示されない,2026-07-12,,,,,原PDF画像で対象種・比較対象・識別形質・冊子ページを確認。OCRは候補探索のみに使用。
wildplants-v1-identification-0403,volume1_comparison_candidates,1,シラヒゲソウ,オオシラヒゲソウ,オオシラヒゲソウはシラヒゲソウに似るが、全体に大型で、花弁は縁毛を含めて長さ1.6～1.8 cmである。,日本の野生植物 第1巻,日本の野生植物 1- ソテツ科～コミカンソウ科.pdf,bcdcd5ac593747d6d58321d4a696ec96fb963233541af2a4666c4a1fbd1d4fb1,293,585,include,,2026-07-12,,,,,原PDF画像で対象種・比較対象・識別形質・冊子ページを確認。OCRは候補探索のみに使用。
wildplants-v1-identification-0404,volume1_comparison_candidates,1,ムラサキカタバミ,イモカタバミ,イモカタバミはムラサキカタバミに似るが、いも状の塊茎があり、小塊茎を生じて大株になる。,日本の野生植物 第1巻,日本の野生植物 1- ソテツ科～コミカンソウ科.pdf,bcdcd5ac593747d6d58321d4a696ec96fb963233541af2a4666c4a1fbd1d4fb1,294,587,include,,2026-07-12,,,,,原PDF画像で対象種・比較対象・識別形質・冊子ページを確認。OCRは候補探索のみに使用。
wildplants-v1-identification-0405,volume1_comparison_candidates,1,コミヤマカタバミ,エゾミヤマカタバミ,,日本の野生植物 第1巻,日本の野生植物 1- ソテツ科～コミカンソウ科.pdf,bcdcd5ac593747d6d58321d4a696ec96fb963233541af2a4666c4a1fbd1d4fb1,295,588,exclude,類似・相違への言及はあるが、比較対象と客観的な識別形質が同時に明示されない,2026-07-12,,,,,原PDF画像で対象種・比較対象・識別形質・冊子ページを確認。OCRは候補探索のみに使用。
wildplants-v1-identification-0406,volume1_comparison_candidates,1,ハイニシキソウ,アレチニシキソウ,,日本の野生植物 第1巻,日本の野生植物 1- ソテツ科～コミカンソウ科.pdf,bcdcd5ac593747d6d58321d4a696ec96fb963233541af2a4666c4a1fbd1d4fb1,300,599,exclude,比較対象または識別形質が不確実・未確立・属レベルで、種ページ用の診断文として採用できない,2026-07-12,,,,,原PDF画像で対象種・比較対象・識別形質・冊子ページを確認。OCRは候補探索のみに使用。
wildplants-v1-identification-0407,volume1_comparison_candidates,1,アマミヒトツパハギ,ヒトツパハギ,,日本の野生植物 第1巻,日本の野生植物 1- ソテツ科～コミカンソウ科.pdf,bcdcd5ac593747d6d58321d4a696ec96fb963233541af2a4666c4a1fbd1d4fb1,303,605,exclude,比較表現はあるが、客観的な形態差を確認できない,2026-07-12,,,,,原PDF画像で対象種・比較対象・識別形質・冊子ページを確認。OCRは候補探索のみに使用。
wildplants-v1-identification-0408,volume1_comparison_candidates,1,カキバカンコノキ,ケカンコノキ／オオバケカンコノキ,ケカンコノキ（オオバケカンコノキ）はカキバカンコノキと異なり、若枝、葉裏、子房、果実に軟毛が密生する。,日本の野生植物 第1巻,日本の野生植物 1- ソテツ科～コミカンソウ科.pdf,bcdcd5ac593747d6d58321d4a696ec96fb963233541af2a4666c4a1fbd1d4fb1,305,608,include,,2026-07-12,,,,,原PDF画像で対象種・比較対象・識別形質・冊子ページを確認。OCRは候補探索のみに使用。
wildplants-v1-identification-0409,volume1_comparison_candidates,1,アスナロ,ヒノキアスナロ,ヒノキアスナロはアスナロに似るが、種鱗の上背部が角状に突出せず、球果は径15～20 mmの球形である。,日本の野生植物 第1巻,日本の野生植物 1- ソテツ科～コミカンソウ科.pdf,bcdcd5ac593747d6d58321d4a696ec96fb963233541af2a4666c4a1fbd1d4fb1,23,44,include,,2026-07-12,,,,,原PDF画像で対象種・比較対象・識別形質・冊子ページを確認。OCRは候補探索のみに使用。
wildplants-v1-identification-0410,volume1_comparison_candidates,1,チャボツメレンゲ,イワレンゲ属／マンネングサ属,,日本の野生植物 第1巻,日本の野生植物 1- ソテツ科～コミカンソウ科.pdf,bcdcd5ac593747d6d58321d4a696ec96fb963233541af2a4666c4a1fbd1d4fb1,212,423,exclude,比較対象が属レベルの一般比較であり、特定の類似種との見分け方ではない,2026-07-12,,,,,原PDF画像で対象種・比較対象・識別形質・冊子ページを確認。OCRは候補探索のみに使用。
wildplants-v1-identification-0411,volume1_comparison_candidates,1,アズマツメクサ,,,日本の野生植物 第1巻,日本の野生植物 1- ソテツ科～コミカンソウ科.pdf,bcdcd5ac593747d6d58321d4a696ec96fb963233541af2a4666c4a1fbd1d4fb1,215,429,exclude,比較対象の植物名を特定できない,2026-07-12,,,,,原PDF画像で対象種・比較対象・識別形質・冊子ページを確認。OCRは候補探索のみに使用。
wildplants-v2-identification-0001,volume2_comparison_candidates,2,サイコクキツネヤナギ,キツネヤナギ,キツネヤナギと比べ、花穂基部の下出葉を欠くか発達が悪く、雄花穂が短く太い。,日本の野生植物 第2巻,日本の野生植物 2- ミゾハコベ科～スイカズラ科 ―フィールド版―改訂新版.pdf,2d104638c72cbfc58f17ab38223bce3d7798f72abc2d14fa4495a3a7546f3b12,23,45,include,,2026-07-12,,,,,原PDF画像で対象種・比較対象・識別形質・冊子ページを確認。OCRは候補探索のみに使用。
wildplants-v2-identification-0002,volume2_comparison_candidates,2,エゾノキヌヤナギ,,,日本の野生植物 第2巻,日本の野生植物 2- ミゾハコベ科～スイカズラ科 ―フィールド版―改訂新版.pdf,2d104638c72cbfc58f17ab38223bce3d7798f72abc2d14fa4495a3a7546f3b12,24,46,exclude_no_objective_difference,"No named comparison taxon plus an objective, reliable differentiating trait was established.",2026-07-12,,,,,原PDF画像で対象種・比較対象・識別形質・冊子ページを確認。OCRは候補探索のみに使用。
wildplants-v2-identification-0003,volume2_comparison_candidates,2,ダイセンキスミレ,ナエバキスミレ,ナエバキスミレに似るが、葉は無毛で、地下茎を伸ばさない。,日本の野生植物 第2巻,日本の野生植物 2- ミゾハコベ科～スイカズラ科 ―フィールド版―改訂新版.pdf,2d104638c72cbfc58f17ab38223bce3d7798f72abc2d14fa4495a3a7546f3b12,28,55,include,,2026-07-12,,,,,原PDF画像で対象種・比較対象・識別形質・冊子ページを確認。OCRは候補探索のみに使用。
wildplants-v2-identification-0004,volume2_comparison_candidates,2,トウカイスミレ,ヒメミヤマスミレ,ヒメミヤマスミレと比べ、花弁が淡紅紫色で、花柱上部の両翼が広がらない。,日本の野生植物 第2巻,日本の野生植物 2- ミゾハコベ科～スイカズラ科 ―フィールド版―改訂新版.pdf,2d104638c72cbfc58f17ab38223bce3d7798f72abc2d14fa4495a3a7546f3b12,30,59,include,,2026-07-12,,,,,原PDF画像で対象種・比較対象・識別形質・冊子ページを確認。OCRは候補探索のみに使用。
wildplants-v2-identification-0005,volume2_comparison_candidates,2,タカネタチツボスミレ,オオバタチツボスミレ,オオバタチツボスミレに似るが、全体に小型で、花は淡紅紫色、萼片は狭卵形から披針形である。,日本の野生植物 第2巻,日本の野生植物 2- ミゾハコベ科～スイカズラ科 ―フィールド版―改訂新版.pdf,2d104638c72cbfc58f17ab38223bce3d7798f72abc2d14fa4495a3a7546f3b12,31,60,include,,2026-07-12,,,,,原PDF画像で対象種・比較対象・識別形質・冊子ページを確認。OCRは候補探索のみに使用。
wildplants-v2-identification-0006,volume2_comparison_candidates,2,シマジリスミレ,オキナワスミレ,オキナワスミレに似るが、海岸ではなく内陸の石灰岩盤に生え、高さ8-12 cmである。,日本の野生植物 第2巻,日本の野生植物 2- ミゾハコベ科～スイカズラ科 ―フィールド版―改訂新版.pdf,2d104638c72cbfc58f17ab38223bce3d7798f72abc2d14fa4495a3a7546f3b12,31,60,include,,2026-07-12,,,,,原PDF画像で対象種・比較対象・識別形質・冊子ページを確認。OCRは候補探索のみに使用。
wildplants-v2-identification-0007,volume2_comparison_candidates,2,アワガタケスミレ,ナガハシスミレ,ナガハシスミレと比べ、葉が厚く光沢が強く、葉身基部が切形になる。,日本の野生植物 第2巻,日本の野生植物 2- ミゾハコベ科～スイカズラ科 ―フィールド版―改訂新版.pdf,2d104638c72cbfc58f17ab38223bce3d7798f72abc2d14fa4495a3a7546f3b12,31,61,include,,2026-07-12,,,,,原PDF画像で対象種・比較対象・識別形質・冊子ページを確認。OCRは候補探索のみに使用。
wildplants-v2-identification-0008,volume2_comparison_candidates,2,ヤクシマカワゴロモ,,,日本の野生植物 第2巻,日本の野生植物 2- ミゾハコベ科～スイカズラ科 ―フィールド版―改訂新版.pdf,2d104638c72cbfc58f17ab38223bce3d7798f72abc2d14fa4495a3a7546f3b12,34,66,exclude_mere_resemblance,Resemblance is stated without an objective differentiating character.,2026-07-12,,,,,原PDF画像で対象種・比較対象・識別形質・冊子ページを確認。OCRは候補探索のみに使用。
wildplants-v2-identification-0009,volume2_comparison_candidates,2,カワゴロモ,,,日本の野生植物 第2巻,日本の野生植物 2- ミゾハコベ科～スイカズラ科 ―フィールド版―改訂新版.pdf,2d104638c72cbfc58f17ab38223bce3d7798f72abc2d14fa4495a3a7546f3b12,34,66,exclude_mere_resemblance,Resemblance is stated without an objective differentiating character.,2026-07-12,,,,,原PDF画像で対象種・比較対象・識別形質・冊子ページを確認。OCRは候補探索のみに使用。
wildplants-v2-identification-0010,volume2_comparison_candidates,2,オオヨドカワゴロモ,カワゴロモ,カワゴロモに似るが、葉状体はやや硬く、くすんだ緑色でしわがよる。,日本の野生植物 第2巻,日本の野生植物 2- ミゾハコベ科～スイカズラ科 ―フィールド版―改訂新版.pdf,2d104638c72cbfc58f17ab38223bce3d7798f72abc2d14fa4495a3a7546f3b12,34,66,include,,2026-07-12,,,,,原PDF画像で対象種・比較対象・識別形質・冊子ページを確認。OCRは候補探索のみに使用。
wildplants-v2-identification-0011,volume2_comparison_candidates,2,オランダフウロ,,,日本の野生植物 第2巻,日本の野生植物 2- ミゾハコベ科～スイカズラ科 ―フィールド版―改訂新版.pdf,2d104638c72cbfc58f17ab38223bce3d7798f72abc2d14fa4495a3a7546f3b12,38,75,exclude_irrelevant_cue,The cue is not a taxon-identification comparison.,2026-07-12,,,,,原PDF画像で対象種・比較対象・識別形質・冊子ページを確認。OCRは候補探索のみに使用。
wildplants-v2-identification-0012,volume2_comparison_candidates,2,ハマフウロ,エゾフウロ,エゾフウロに似るが、花柄に開出毛が生え、萼片の開出毛は密度が低く、葉の切れ込みが浅い。,日本の野生植物 第2巻,日本の野生植物 2- ミゾハコベ科～スイカズラ科 ―フィールド版―改訂新版.pdf,2d104638c72cbfc58f17ab38223bce3d7798f72abc2d14fa4495a3a7546f3b12,39,77,include,,2026-07-12,,,,,原PDF画像で対象種・比較対象・識別形質・冊子ページを確認。OCRは候補探索のみに使用。
wildplants-v2-identification-0013,volume2_comparison_candidates,2,ホソバヒメミソハギ,ナンゴクヒメミソハギ,ナンゴクヒメミソハギと同じく花弁は約2 mmで果実は萼筒内にあるが、ホソバヒメミソハギは花柄が2 mm以下、果実径3.5～5 mmである。,日本の野生植物 第2巻,日本の野生植物 2- ミゾハコベ科～スイカズラ科 ―フィールド版―改訂新版.pdf,2d104638c72cbfc58f17ab38223bce3d7798f72abc2d14fa4495a3a7546f3b12,41,80,include,,2026-07-12,,,,,原PDF画像で対象種・比較対象・識別形質・冊子ページを確認。OCRは候補探索のみに使用。
wildplants-v2-identification-0014,volume2_comparison_candidates,2,ナンゴクヒメミソハギ,ホソバヒメミソハギ,ホソバヒメミソハギと同じく花弁は約2 mmで果実は萼筒内にあるが、ナンゴクヒメミソハギは花柄が3～10 mm、果実径2～3.5 mmである。,日本の野生植物 第2巻,日本の野生植物 2- ミゾハコベ科～スイカズラ科 ―フィールド版―改訂新版.pdf,2d104638c72cbfc58f17ab38223bce3d7798f72abc2d14fa4495a3a7546f3b12,41,80,include,,2026-07-12,,,,,原PDF画像で対象種・比較対象・識別形質・冊子ページを確認。OCRは候補探索のみに使用。
wildplants-v2-identification-0015,volume2_comparison_candidates,2,シマミソハギ,,,日本の野生植物 第2巻,日本の野生植物 2- ミゾハコベ科～スイカズラ科 ―フィールド版―改訂新版.pdf,2d104638c72cbfc58f17ab38223bce3d7798f72abc2d14fa4495a3a7546f3b12,41,80,exclude_unstable_distinction,Only an unquantified whole-plant size difference is given and the source does not provide a reproducible diagnostic trait.,2026-07-12,,,,,原PDF画像で対象種・比較対象・識別形質・冊子ページを確認。OCRは候補探索のみに使用。定量値や部位形質がないため公開識別欄から除外。
wildplants-v2-identification-0016,volume2_comparison_candidates,2,シマサルスベリ,,,日本の野生植物 第2巻,日本の野生植物 2- ミゾハコベ科～スイカズラ科 ―フィールド版―改訂新版.pdf,2d104638c72cbfc58f17ab38223bce3d7798f72abc2d14fa4495a3a7546f3b12,41,81,exclude_generic_key,"The cue belongs to generic genus/family discussion or a key, not a supported species-level diagnosis.",2026-07-12,,,,,原PDF画像で対象種・比較対象・識別形質・冊子ページを確認。OCRは候補探索のみに使用。
wildplants-v2-identification-0017,volume2_comparison_candidates,2,ミソハギ,エゾミソハギ,エゾミソハギに似るが、茎に毛がなく、高さは約1 mである。,日本の野生植物 第2巻,日本の野生植物 2- ミゾハコベ科～スイカズラ科 ―フィールド版―改訂新版.pdf,2d104638c72cbfc58f17ab38223bce3d7798f72abc2d14fa4495a3a7546f3b12,41,81,include,,2026-07-12,,,,,原PDF画像で対象種・比較対象・識別形質・冊子ページを確認。OCRは候補探索のみに使用。
wildplants-v2-identification-0018,volume2_comparison_candidates,2,ヤナギラン,,,日本の野生植物 第2巻,日本の野生植物 2- ミゾハコベ科～スイカズラ科 ―フィールド版―改訂新版.pdf,2d104638c72cbfc58f17ab38223bce3d7798f72abc2d14fa4495a3a7546f3b12,43,84,exclude_no_objective_difference,"No named comparison taxon plus an objective, reliable differentiating trait was established.",2026-07-12,,,,,原PDF画像で対象種・比較対象・識別形質・冊子ページを確認。OCRは候補探索のみに使用。
wildplants-v2-identification-0019,volume2_comparison_candidates,2,ケミヤマタニタデ,ミヤマタニタデ,ミヤマタニタデに似るが、茎と葉に曲がった毛が生え、花序がよりまばらである。,日本の野生植物 第2巻,日本の野生植物 2- ミゾハコベ科～スイカズラ科 ―フィールド版―改訂新版.pdf,2d104638c72cbfc58f17ab38223bce3d7798f72abc2d14fa4495a3a7546f3b12,43,85,include,,2026-07-12,,,,,原PDF画像で対象種・比較対象・識別形質・冊子ページを確認。OCRは候補探索のみに使用。
wildplants-v2-identification-0020,volume2_comparison_candidates,2,ヒロハノミズタマソウ,ミズタマソウ,ミズタマソウとウシタキソウの雑種で、葉が卵形、基部がやや心形となり、葉柄が長い。,日本の野生植物 第2巻,日本の野生植物 2- ミゾハコベ科～スイカズラ科 ―フィールド版―改訂新版.pdf,2d104638c72cbfc58f17ab38223bce3d7798f72abc2d14fa4495a3a7546f3b12,43,85,include,,2026-07-12,,,,,原PDF画像で対象種・比較対象・識別形質・冊子ページを確認。OCRは候補探索のみに使用。
wildplants-v2-identification-0021,volume2_comparison_candidates,2,ヒロハノミズタマソウ,ウシタキソウ,ミズタマソウとウシタキソウの雑種で、葉が卵形、基部がやや心形となり、葉柄が長い。,日本の野生植物 第2巻,日本の野生植物 2- ミゾハコベ科～スイカズラ科 ―フィールド版―改訂新版.pdf,2d104638c72cbfc58f17ab38223bce3d7798f72abc2d14fa4495a3a7546f3b12,43,85,include,,2026-07-12,,,,,原PDF画像で対象種・比較対象・識別形質・冊子ページを確認。OCRは候補探索のみに使用。
wildplants-v2-identification-0022,volume2_comparison_candidates,2,イワアカバナ,,,日本の野生植物 第2巻,日本の野生植物 2- ミゾハコベ科～スイカズラ科 ―フィールド版―改訂新版.pdf,2d104638c72cbfc58f17ab38223bce3d7798f72abc2d14fa4495a3a7546f3b12,44,86,exclude_unstable_distinction,Only an unquantified whole-plant size difference is given and the source does not provide a reproducible diagnostic trait.,2026-07-12,,,,,原PDF画像で対象種・比較対象・識別形質・冊子ページを確認。OCRは候補探索のみに使用。定量値や部位形質がないため公開識別欄から除外。
wildplants-v2-identification-0023,volume2_comparison_candidates,2,ノダアカバナ,カラフトアカバナ、イワアカバナ,ノダアカバナはカラフトアカバナやイワアカバナに似るが、花数が多い。,日本の野生植物 第2巻,日本の野生植物 2- ミゾハコベ科～スイカズラ科 ―フィールド版―改訂新版.pdf,2d104638c72cbfc58f17ab38223bce3d7798f72abc2d14fa4495a3a7546f3b12,44,87,include,,2026-07-12,,,,,原PDF画像で対象種・比較対象・識別形質・冊子ページを確認。OCRは候補探索のみに使用。
wildplants-v2-identification-0024,volume2_comparison_candidates,2,ノダアカバナ,カラフトアカバナ、イワアカバナ,ノダアカバナはカラフトアカバナやイワアカバナに似るが、花数が多い。,日本の野生植物 第2巻,日本の野生植物 2- ミゾハコベ科～スイカズラ科 ―フィールド版―改訂新版.pdf,2d104638c72cbfc58f17ab38223bce3d7798f72abc2d14fa4495a3a7546f3b12,44,87,include,,2026-07-12,,,,,原PDF画像で対象種・比較対象・識別形質・冊子ページを確認。OCRは候補探索のみに使用。
wildplants-v2-identification-0025,volume2_comparison_candidates,2,チョウジタデ,,,日本の野生植物 第2巻,日本の野生植物 2- ミゾハコベ科～スイカズラ科 ―フィールド版―改訂新版.pdf,2d104638c72cbfc58f17ab38223bce3d7798f72abc2d14fa4495a3a7546f3b12,45,88,exclude_no_objective_difference,"No named comparison taxon plus an objective, reliable differentiating trait was established.",2026-07-12,,,,,原PDF画像で対象種・比較対象・識別形質・冊子ページを確認。OCRは候補探索のみに使用。
wildplants-v2-identification-0026,volume2_comparison_candidates,2,アデク,,,日本の野生植物 第2巻,日本の野生植物 2- ミゾハコベ科～スイカズラ科 ―フィールド版―改訂新版.pdf,2d104638c72cbfc58f17ab38223bce3d7798f72abc2d14fa4495a3a7546f3b12,47,92,exclude_mere_resemblance,Resemblance is stated without an objective differentiating character.,2026-07-12,,,,,原PDF画像で対象種・比較対象・識別形質・冊子ページを確認。OCRは候補探索のみに使用。
wildplants-v2-identification-0027,volume2_comparison_candidates,2,アメリカハナノキ,ハナノキ,ハナノキに似るが、1花序に約10花がつき、葉は大きく切れ込みが深い。,日本の野生植物 第2巻,日本の野生植物 2- ミゾハコベ科～スイカズラ科 ―フィールド版―改訂新版.pdf,2d104638c72cbfc58f17ab38223bce3d7798f72abc2d14fa4495a3a7546f3b12,52,103,include,,2026-07-12,,,,,原PDF画像で対象種・比較対象・識別形質・冊子ページを確認。OCRは候補探索のみに使用。
wildplants-v2-identification-0028,volume2_comparison_candidates,2,マロニエ,トチノキ,トチノキと比べ、花は全体に淡紅色で、蒴果に短いとげがある。,日本の野生植物 第2巻,日本の野生植物 2- ミゾハコベ科～スイカズラ科 ―フィールド版―改訂新版.pdf,2d104638c72cbfc58f17ab38223bce3d7798f72abc2d14fa4495a3a7546f3b12,54,107,include,,2026-07-12,,,,,原PDF画像で対象種・比較対象・識別形質・冊子ページを確認。OCRは候補探索のみに使用。
wildplants-v2-identification-0029,volume2_comparison_candidates,2,ミヤマキハダ,オオバキハダ,オオバキハダに似るが、樹皮が厚く、小葉基部は広いくさび形である。,日本の野生植物 第2巻,日本の野生植物 2- ミゾハコベ科～スイカズラ科 ―フィールド版―改訂新版.pdf,2d104638c72cbfc58f17ab38223bce3d7798f72abc2d14fa4495a3a7546f3b12,57,112,include,,2026-07-12,,,,,原PDF画像で対象種・比較対象・識別形質・冊子ページを確認。OCRは候補探索のみに使用。
wildplants-v2-identification-0030,volume2_comparison_candidates,2,タカサゴイチビ,,,日本の野生植物 第2巻,日本の野生植物 2- ミゾハコベ科～スイカズラ科 ―フィールド版―改訂新版.pdf,2d104638c72cbfc58f17ab38223bce3d7798f72abc2d14fa4495a3a7546f3b12,60,119,exclude_taxonomic_relatedness,Taxonomic relatedness is stated without an objective identification character.,2026-07-12,,,,,原PDF画像で対象種・比較対象・識別形質・冊子ページを確認。OCRは候補探索のみに使用。
wildplants-v2-identification-0031,volume2_comparison_candidates,2,シマツナソ,タイワンツナソ,タイワンツナソに似るが、茎が低く、基部から多く分枝する。,日本の野生植物 第2巻,日本の野生植物 2- ミゾハコベ科～スイカズラ科 ―フィールド版―改訂新版.pdf,2d104638c72cbfc58f17ab38223bce3d7798f72abc2d14fa4495a3a7546f3b12,61,120,include,,2026-07-12,,,,,原PDF画像で対象種・比較対象・識別形質・冊子ページを確認。OCRは候補探索のみに使用。
wildplants-v2-identification-0032,volume2_comparison_candidates,2,オオハマボウ,サキシマハマボウ,オオハマボウはサキシマハマボウと比べ、葉が円心形で基部が心形、葉裏に星状毛が密生し、宿存性の副萼片がある。,日本の野生植物 第2巻,日本の野生植物 2- ミゾハコベ科～スイカズラ科 ―フィールド版―改訂新版.pdf,2d104638c72cbfc58f17ab38223bce3d7798f72abc2d14fa4495a3a7546f3b12,63,125,include,,2026-07-12,,,,,原PDF画像で対象種・比較対象・識別形質・冊子ページを確認。OCRは候補探索のみに使用。
wildplants-v2-identification-0033,volume2_comparison_candidates,2,カジノハラセンソウ,ラセンソウ,ラセンソウに似るが、多年草または半低木になる。,日本の野生植物 第2巻,日本の野生植物 2- ミゾハコベ科～スイカズラ科 ―フィールド版―改訂新版.pdf,2d104638c72cbfc58f17ab38223bce3d7798f72abc2d14fa4495a3a7546f3b12,64,126,include,,2026-07-12,,,,,原PDF画像で対象種・比較対象・識別形質・冊子ページを確認。OCRは候補探索のみに使用。
wildplants-v2-identification-0034,volume2_comparison_candidates,2,カワチスズシロソウ,スズシロソウ,スズシロソウと比べ、匍匐枝を出さない。,日本の野生植物 第2巻,日本の野生植物 2- ミゾハコベ科～スイカズラ科 ―フィールド版―改訂新版.pdf,2d104638c72cbfc58f17ab38223bce3d7798f72abc2d14fa4495a3a7546f3b12,71,140,include,,2026-07-12,,,,,原PDF画像で対象種・比較対象・識別形質・冊子ページを確認。OCRは候補探索のみに使用。
wildplants-v2-identification-0035,volume2_comparison_candidates,2,フジハタザオ,,,日本の野生植物 第2巻,日本の野生植物 2- ミゾハコベ科～スイカズラ科 ―フィールド版―改訂新版.pdf,2d104638c72cbfc58f17ab38223bce3d7798f72abc2d14fa4495a3a7546f3b12,71,140,exclude_unstable_distinction,The source says the taxa are not reliably distinguishable or treats the distinction as unstable.,2026-07-12,,,,,原PDF画像で対象種・比較対象・識別形質・冊子ページを確認。OCRは候補探索のみに使用。
wildplants-v2-identification-0036,volume2_comparison_candidates,2,タチタネツケバナ,タネツケバナ,タネツケバナに似るが、河原や林縁などのやや乾いた明るい場所に生える。,日本の野生植物 第2巻,日本の野生植物 2- ミゾハコベ科～スイカズラ科 ―フィールド版―改訂新版.pdf,2d104638c72cbfc58f17ab38223bce3d7798f72abc2d14fa4495a3a7546f3b12,73,145,include,,2026-07-12,,,,,原PDF画像で対象種・比較対象・識別形質・冊子ページを確認。OCRは候補探索のみに使用。
wildplants-v2-identification-0037,volume2_comparison_candidates,2,オオケタネツケバナ,オオバタネツケバナ,オオバタネツケバナに似るが、茎は基部から直立する。,日本の野生植物 第2巻,日本の野生植物 2- ミゾハコベ科～スイカズラ科 ―フィールド版―改訂新版.pdf,2d104638c72cbfc58f17ab38223bce3d7798f72abc2d14fa4495a3a7546f3b12,73,145,include,,2026-07-12,,,,,原PDF画像で対象種・比較対象・識別形質・冊子ページを確認。OCRは候補探索のみに使用。
wildplants-v2-identification-0038,volume2_comparison_candidates,2,ヒメクジラグサ,クジラグサ,クジラグサに似るが、やや小型で、果実が棍棒状、種子が2列に並ぶ。,日本の野生植物 第2巻,日本の野生植物 2- ミゾハコベ科～スイカズラ科 ―フィールド版―改訂新版.pdf,2d104638c72cbfc58f17ab38223bce3d7798f72abc2d14fa4495a3a7546f3b12,74,146,include,,2026-07-12,,,,,原PDF画像で対象種・比較対象・識別形質・冊子ページを確認。OCRは候補探索のみに使用。
wildplants-v2-identification-0039,volume2_comparison_candidates,2,シリベシナズナ,,,日本の野生植物 第2巻,日本の野生植物 2- ミゾハコベ科～スイカズラ科 ―フィールド版―改訂新版.pdf,2d104638c72cbfc58f17ab38223bce3d7798f72abc2d14fa4495a3a7546f3b12,75,148,exclude_ambiguous_ocr,The differentiating clause is truncated or unresolved in the species-entry text.,2026-07-12,,,,,原PDF画像で対象種・比較対象・識別形質・冊子ページを確認。OCRは候補探索のみに使用。
wildplants-v2-identification-0040,volume2_comparison_candidates,2,エゾスズシロ,,,日本の野生植物 第2巻,日本の野生植物 2- ミゾハコベ科～スイカズラ科 ―フィールド版―改訂新版.pdf,2d104638c72cbfc58f17ab38223bce3d7798f72abc2d14fa4495a3a7546f3b12,75,148,exclude_generic_key,"The cue belongs to generic genus/family discussion or a key, not a supported species-level diagnosis.",2026-07-12,,,,,原PDF画像で対象種・比較対象・識別形質・冊子ページを確認。OCRは候補探索のみに使用。
wildplants-v2-identification-0041,volume2_comparison_candidates,2,オオユリワサビ,,,日本の野生植物 第2巻,日本の野生植物 2- ミゾハコベ科～スイカズラ科 ―フィールド版―改訂新版.pdf,2d104638c72cbfc58f17ab38223bce3d7798f72abc2d14fa4495a3a7546f3b12,75,149,exclude_unstable_distinction,Only an unquantified whole-plant size difference is given and the source does not provide a reproducible diagnostic trait.,2026-07-12,,,,,原PDF画像で対象種・比較対象・識別形質・冊子ページを確認。OCRは候補探索のみに使用。定量値や部位形質がないため公開識別欄から除外。
wildplants-v2-identification-0042,volume2_comparison_candidates,2,ハマタイセイ,,,日本の野生植物 第2巻,日本の野生植物 2- ミゾハコベ科～スイカズラ科 ―フィールド版―改訂新版.pdf,2d104638c72cbfc58f17ab38223bce3d7798f72abc2d14fa4495a3a7546f3b12,75,149,exclude_generic_key,"The cue belongs to generic genus/family discussion or a key, not a supported species-level diagnosis.",2026-07-12,,,,,原PDF画像で対象種・比較対象・識別形質・冊子ページを確認。OCRは候補探索のみに使用。
wildplants-v2-identification-0043,volume2_comparison_candidates,2,コバノオランダガラシ,オランダガラシ,オランダガラシに酷似するが、花は一回り小さく、角果は幅約1 mmと細く、種子が1列に並ぶ。,日本の野生植物 第2巻,日本の野生植物 2- ミゾハコベ科～スイカズラ科 ―フィールド版―改訂新版.pdf,2d104638c72cbfc58f17ab38223bce3d7798f72abc2d14fa4495a3a7546f3b12,76,151,include,,2026-07-12,,,,,原PDF画像で対象種・比較対象・識別形質・冊子ページを確認。OCRは候補探索のみに使用。
wildplants-v2-identification-0044,volume2_comparison_candidates,2,ミチバタガラシ,イヌガラシ,イヌガラシに似るが、高さ5-30 cmで、市街地周辺の明るい裸地に生える。,日本の野生植物 第2巻,日本の野生植物 2- ミゾハコベ科～スイカズラ科 ―フィールド版―改訂新版.pdf,2d104638c72cbfc58f17ab38223bce3d7798f72abc2d14fa4495a3a7546f3b12,77,153,include,,2026-07-12,,,,,原PDF画像で対象種・比較対象・識別形質・冊子ページを確認。OCRは候補探索のみに使用。
wildplants-v2-identification-0045,volume2_comparison_candidates,2,ヤハズナズナ,ハナナズナ,ハナナズナに似るが、花弁は白色で2深裂し、角果は短い楕円形である。,日本の野生植物 第2巻,日本の野生植物 2- ミゾハコベ科～スイカズラ科 ―フィールド版―改訂新版.pdf,2d104638c72cbfc58f17ab38223bce3d7798f72abc2d14fa4495a3a7546f3b12,78,154,include,,2026-07-12,,,,,原PDF画像で対象種・比較対象・識別形質・冊子ページを確認。OCRは候補探索のみに使用。
wildplants-v2-identification-0046,volume2_comparison_candidates,2,カマヤリソウ,,,日本の野生植物 第2巻,日本の野生植物 2- ミゾハコベ科～スイカズラ科 ―フィールド版―改訂新版.pdf,2d104638c72cbfc58f17ab38223bce3d7798f72abc2d14fa4495a3a7546f3b12,80,158,exclude_no_objective_difference,"No named comparison taxon plus an objective, reliable differentiating trait was established.",2026-07-12,,,,,原PDF画像で対象種・比較対象・識別形質・冊子ページを確認。OCRは候補探索のみに使用。
wildplants-v2-identification-0047,volume2_comparison_candidates,2,コミゾソバ,ヤマミゾソバ,枝ぶりはヤマミゾソバに似るが、痩果の光沢は鈍い。,日本の野生植物 第2巻,日本の野生植物 2- ミゾハコベ科～スイカズラ科 ―フィールド版―改訂新版.pdf,2d104638c72cbfc58f17ab38223bce3d7798f72abc2d14fa4495a3a7546f3b12,87,172,include,,2026-07-12,,,,,原PDF画像で対象種・比較対象・識別形質・冊子ページを確認。OCRは候補探索のみに使用。
wildplants-v2-identification-0048,volume2_comparison_candidates,2,オオネバリタデ,ネバリタデ,ネバリタデに似るが、茎は1 m以上になり、上部で分枝し、葉は長さ5-15 cmの長披針形である。,日本の野生植物 第2巻,日本の野生植物 2- ミゾハコベ科～スイカズラ科 ―フィールド版―改訂新版.pdf,2d104638c72cbfc58f17ab38223bce3d7798f72abc2d14fa4495a3a7546f3b12,87,173,include,,2026-07-12,,,,,原PDF画像で対象種・比較対象・識別形質・冊子ページを確認。OCRは候補探索のみに使用。
wildplants-v2-identification-0049,volume2_comparison_candidates,2,オクミチヤナギ,ハイミチヤナギ,ハイミチヤナギに似るが、葉は長さ1-3.5 cmである。,日本の野生植物 第2巻,日本の野生植物 2- ミゾハコベ科～スイカズラ科 ―フィールド版―改訂新版.pdf,2d104638c72cbfc58f17ab38223bce3d7798f72abc2d14fa4495a3a7546f3b12,88,175,include,,2026-07-12,,,,,原PDF画像で対象種・比較対象・識別形質・冊子ページを確認。OCRは候補探索のみに使用。
wildplants-v2-identification-0050,volume2_comparison_candidates,2,ヒナスイバ,ヒメスイバ,ヒメスイバと比べ、雌花の内萼片が離生する。,日本の野生植物 第2巻,日本の野生植物 2- ミゾハコベ科～スイカズラ科 ―フィールド版―改訂新版.pdf,2d104638c72cbfc58f17ab38223bce3d7798f72abc2d14fa4495a3a7546f3b12,89,177,include,,2026-07-12,,,,,原PDF画像で対象種・比較対象・識別形質・冊子ページを確認。OCRは候補探索のみに使用。
wildplants-v2-identification-0051,volume2_comparison_candidates,2,ナガバギシギシ,ギシギシ,ギシギシに似るが、葉が細い。,日本の野生植物 第2巻,日本の野生植物 2- ミゾハコベ科～スイカズラ科 ―フィールド版―改訂新版.pdf,2d104638c72cbfc58f17ab38223bce3d7798f72abc2d14fa4495a3a7546f3b12,89,177,include,,2026-07-12,,,,,原PDF画像で対象種・比較対象・識別形質・冊子ページを確認。OCRは候補探索のみに使用。
wildplants-v2-identification-0052,volume2_comparison_candidates,2,コギシギシ,,,日本の野生植物 第2巻,日本の野生植物 2- ミゾハコベ科～スイカズラ科 ―フィールド版―改訂新版.pdf,2d104638c72cbfc58f17ab38223bce3d7798f72abc2d14fa4495a3a7546f3b12,90,178,exclude_generic_key,"The cue belongs to generic genus/family discussion or a key, not a supported species-level diagnosis.",2026-07-12,,,,,原PDF画像で対象種・比較対象・識別形質・冊子ページを確認。OCRは候補探索のみに使用。
wildplants-v2-identification-0053,volume2_comparison_candidates,2,ハマツメクサ,ツメクサ,ツメクサに似るが、茎が太く、根出葉がロゼット状につく。,日本の野生植物 第2巻,日本の野生植物 2- ミゾハコベ科～スイカズラ科 ―フィールド版―改訂新版.pdf,2d104638c72cbfc58f17ab38223bce3d7798f72abc2d14fa4495a3a7546f3b12,95,188,include,,2026-07-12,,,,,原PDF画像で対象種・比較対象・識別形質・冊子ページを確認。OCRは候補探索のみに使用。
wildplants-v2-identification-0054,volume2_comparison_candidates,2,ナンバンハコベ,,,日本の野生植物 第2巻,日本の野生植物 2- ミゾハコベ科～スイカズラ科 ―フィールド版―改訂新版.pdf,2d104638c72cbfc58f17ab38223bce3d7798f72abc2d14fa4495a3a7546f3b12,95,189,exclude_unstable_distinction,The source says the taxa are not reliably distinguishable or treats the distinction as unstable.,2026-07-12,,,,,原PDF画像で対象種・比較対象・識別形質・冊子ページを確認。OCRは候補探索のみに使用。
wildplants-v2-identification-0055,volume2_comparison_candidates,2,ホソバツルノゲイトウ,,,日本の野生植物 第2巻,日本の野生植物 2- ミゾハコベ科～スイカズラ科 ―フィールド版―改訂新版.pdf,2d104638c72cbfc58f17ab38223bce3d7798f72abc2d14fa4495a3a7546f3b12,99,197,exclude_no_objective_difference,"No named comparison taxon plus an objective, reliable differentiating trait was established.",2026-07-12,,,,,原PDF画像で対象種・比較対象・識別形質・冊子ページを確認。OCRは候補探索のみに使用。
wildplants-v2-identification-0056,volume2_comparison_candidates,2,イソホウキギ,,,日本の野生植物 第2巻,日本の野生植物 2- ミゾハコベ科～スイカズラ科 ―フィールド版―改訂新版.pdf,2d104638c72cbfc58f17ab38223bce3d7798f72abc2d14fa4495a3a7546f3b12,101,200,exclude_no_objective_difference,"No named comparison taxon plus an objective, reliable differentiating trait was established.",2026-07-12,,,,,原PDF画像で対象種・比較対象・識別形質・冊子ページを確認。OCRは候補探索のみに使用。
wildplants-v2-identification-0057,volume2_comparison_candidates,2,ウスバアカザ,,,日本の野生植物 第2巻,日本の野生植物 2- ミゾハコベ科～スイカズラ科 ―フィールド版―改訂新版.pdf,2d104638c72cbfc58f17ab38223bce3d7798f72abc2d14fa4495a3a7546f3b12,101,201,exclude_generic_key,"The cue belongs to generic genus/family discussion or a key, not a supported species-level diagnosis.",2026-07-12,,,,,原PDF画像で対象種・比較対象・識別形質・冊子ページを確認。OCRは候補探索のみに使用。
wildplants-v2-identification-0058,volume2_comparison_candidates,2,マルバアカザ,,,日本の野生植物 第2巻,日本の野生植物 2- ミゾハコベ科～スイカズラ科 ―フィールド版―改訂新版.pdf,2d104638c72cbfc58f17ab38223bce3d7798f72abc2d14fa4495a3a7546f3b12,102,203,exclude_no_objective_difference,"No named comparison taxon plus an objective, reliable differentiating trait was established.",2026-07-12,,,,,原PDF画像で対象種・比較対象・識別形質・冊子ページを確認。OCRは候補探索のみに使用。
wildplants-v2-identification-0059,volume2_comparison_candidates,2,シロザモドキ,シロザ,シロザモドキはシロザに似るが、茎は全体に分枝することが多い。,日本の野生植物 第2巻,日本の野生植物 2- ミゾハコベ科～スイカズラ科 ―フィールド版―改訂新版.pdf,2d104638c72cbfc58f17ab38223bce3d7798f72abc2d14fa4495a3a7546f3b12,102,203,include,,2026-07-12,,,,,原PDF画像で対象種・比較対象・識別形質・冊子ページを確認。OCRは候補探索のみに使用。
wildplants-v2-identification-0060,volume2_comparison_candidates,2,ホソバアカザ,シロザ,シロザに似るが、葉は線状披針形から披針形である。,日本の野生植物 第2巻,日本の野生植物 2- ミゾハコベ科～スイカズラ科 ―フィールド版―改訂新版.pdf,2d104638c72cbfc58f17ab38223bce3d7798f72abc2d14fa4495a3a7546f3b12,102,203,include,,2026-07-12,,,,,原PDF画像で対象種・比較対象・識別形質・冊子ページを確認。OCRは候補探索のみに使用。
wildplants-v2-identification-0061,volume2_comparison_candidates,2,アッケシソウ,,,日本の野生植物 第2巻,日本の野生植物 2- ミゾハコベ科～スイカズラ科 ―フィールド版―改訂新版.pdf,2d104638c72cbfc58f17ab38223bce3d7798f72abc2d14fa4495a3a7546f3b12,103,205,exclude_no_objective_difference,"No named comparison taxon plus an objective, reliable differentiating trait was established.",2026-07-12,,,,,原PDF画像で対象種・比較対象・識別形質・冊子ページを確認。OCRは候補探索のみに使用。
wildplants-v2-identification-0062,volume2_comparison_candidates,2,ハリヒジキ,オカヒジキ,オカヒジキと比べ、茎や葉に毛が生えることが多い。,日本の野生植物 第2巻,日本の野生植物 2- ミゾハコベ科～スイカズラ科 ―フィールド版―改訂新版.pdf,2d104638c72cbfc58f17ab38223bce3d7798f72abc2d14fa4495a3a7546f3b12,103,205,include,,2026-07-12,,,,,原PDF画像で対象種・比較対象・識別形質・冊子ページを確認。OCRは候補探索のみに使用。対象名を原PDF見出しの「ハリヒジキ」へ訂正。
wildplants-v2-identification-0063,volume2_comparison_candidates,2,ノハラヒジキ,オカヒジキ,オカヒジキと比べ、茎や葉に毛が生えることが多い。,日本の野生植物 第2巻,日本の野生植物 2- ミゾハコベ科～スイカズラ科 ―フィールド版―改訂新版.pdf,2d104638c72cbfc58f17ab38223bce3d7798f72abc2d14fa4495a3a7546f3b12,103,205,include,,2026-07-12,,,,,原PDF画像で対象種・比較対象・識別形質・冊子ページを確認。OCRは候補探索のみに使用。
wildplants-v2-identification-0064,volume2_comparison_candidates,2,エゾゴゼンタチバナ,,,日本の野生植物 第2巻,日本の野生植物 2- ミゾハコベ科～スイカズラ科 ―フィールド版―改訂新版.pdf,2d104638c72cbfc58f17ab38223bce3d7798f72abc2d14fa4495a3a7546f3b12,108,215,exclude_mere_resemblance,Resemblance is stated without an objective differentiating character.,2026-07-12,,,,,原PDF画像で対象種・比較対象・識別形質・冊子ページを確認。OCRは候補探索のみに使用。
wildplants-v2-identification-0065,volume2_comparison_candidates,2,アマミクサアジサイ,クサアジサイ,クサアジサイに似るが、装飾花がない。,日本の野生植物 第2巻,日本の野生植物 2- ミゾハコベ科～スイカズラ科 ―フィールド版―改訂新版.pdf,2d104638c72cbfc58f17ab38223bce3d7798f72abc2d14fa4495a3a7546f3b12,109,217,include,,2026-07-12,,,,,原PDF画像で対象種・比較対象・識別形質・冊子ページを確認。OCRは候補探索のみに使用。
wildplants-v2-identification-0066,volume2_comparison_candidates,2,ナチウツギ,ヒメウツギ,ヒメウツギに似るが、花序は3-5花からなる総状花序である。,日本の野生植物 第2巻,日本の野生植物 2- ミゾハコベ科～スイカズラ科 ―フィールド版―改訂新版.pdf,2d104638c72cbfc58f17ab38223bce3d7798f72abc2d14fa4495a3a7546f3b12,110,219,include,,2026-07-12,,,,,原PDF画像で対象種・比較対象・識別形質・冊子ページを確認。OCRは候補探索のみに使用。
wildplants-v2-identification-0067,volume2_comparison_candidates,2,コミノヒメウツギ,,,日本の野生植物 第2巻,日本の野生植物 2- ミゾハコベ科～スイカズラ科 ―フィールド版―改訂新版.pdf,2d104638c72cbfc58f17ab38223bce3d7798f72abc2d14fa4495a3a7546f3b12,110,219,exclude_no_objective_difference,"No named comparison taxon plus an objective, reliable differentiating trait was established.",2026-07-12,,,,,原PDF画像で対象種・比較対象・識別形質・冊子ページを確認。OCRは候補探索のみに使用。
wildplants-v2-identification-0068,volume2_comparison_candidates,2,オオシマウツギ,,,日本の野生植物 第2巻,日本の野生植物 2- ミゾハコベ科～スイカズラ科 ―フィールド版―改訂新版.pdf,2d104638c72cbfc58f17ab38223bce3d7798f72abc2d14fa4495a3a7546f3b12,110,219,exclude_unstable_distinction,The source says the taxa are not reliably distinguishable or treats the distinction as unstable.,2026-07-12,,,,,原PDF画像で対象種・比較対象・識別形質・冊子ページを確認。OCRは候補探索のみに使用。
wildplants-v2-identification-0069,volume2_comparison_candidates,2,ノリウツギ,,,日本の野生植物 第2巻,日本の野生植物 2- ミゾハコベ科～スイカズラ科 ―フィールド版―改訂新版.pdf,2d104638c72cbfc58f17ab38223bce3d7798f72abc2d14fa4495a3a7546f3b12,111,220,exclude_no_objective_difference,"No named comparison taxon plus an objective, reliable differentiating trait was established.",2026-07-12,,,,,原PDF画像で対象種・比較対象・識別形質・冊子ページを確認。OCRは候補探索のみに使用。
wildplants-v2-identification-0070,volume2_comparison_candidates,2,ヤマアジサイ,,,日本の野生植物 第2巻,日本の野生植物 2- ミゾハコベ科～スイカズラ科 ―フィールド版―改訂新版.pdf,2d104638c72cbfc58f17ab38223bce3d7798f72abc2d14fa4495a3a7546f3b12,111,221,exclude_generic_key,"The cue belongs to generic genus/family discussion or a key, not a supported species-level diagnosis.",2026-07-12,,,,,原PDF画像で対象種・比較対象・識別形質・冊子ページを確認。OCRは候補探索のみに使用。
wildplants-v2-identification-0071,volume2_comparison_candidates,2,トカラアジサイ,ヤクシマアジサイ,ヤクシマアジサイに似るが、葉柄がやや短く、葉身は厚く、鋸歯は長さ3-6 mmである。,日本の野生植物 第2巻,日本の野生植物 2- ミゾハコベ科～スイカズラ科 ―フィールド版―改訂新版.pdf,2d104638c72cbfc58f17ab38223bce3d7798f72abc2d14fa4495a3a7546f3b12,112,222,include,,2026-07-12,,,,,原PDF画像で対象種・比較対象・識別形質・冊子ページを確認。OCRは候補探索のみに使用。
wildplants-v2-identification-0072,volume2_comparison_candidates,2,イワガラミ,ツルアジサイ,ツルアジサイに似るが、花柱は1個で、装飾花は5萼片のうち1片だけが大きくなる。,日本の野生植物 第2巻,日本の野生植物 2- ミゾハコベ科～スイカズラ科 ―フィールド版―改訂新版.pdf,2d104638c72cbfc58f17ab38223bce3d7798f72abc2d14fa4495a3a7546f3b12,113,225,include,,2026-07-12,,,,,原PDF画像で対象種・比較対象・識別形質・冊子ページを確認。OCRは候補探索のみに使用。
wildplants-v2-identification-0073,volume2_comparison_candidates,2,ハナシノブ,,,日本の野生植物 第2巻,日本の野生植物 2- ミゾハコベ科～スイカズラ科 ―フィールド版―改訂新版.pdf,2d104638c72cbfc58f17ab38223bce3d7798f72abc2d14fa4495a3a7546f3b12,114,227,exclude_unstable_distinction,The source says the taxa are not reliably distinguishable or treats the distinction as unstable.,2026-07-12,,,,,原PDF画像で対象種・比較対象・識別形質・冊子ページを確認。OCRは候補探索のみに使用。
wildplants-v2-identification-0074,volume2_comparison_candidates,2,クニガミヒサカキ,,,日本の野生植物 第2巻,日本の野生植物 2- ミゾハコベ科～スイカズラ科 ―フィールド版―改訂新版.pdf,2d104638c72cbfc58f17ab38223bce3d7798f72abc2d14fa4495a3a7546f3b12,116,230,exclude_no_objective_difference,"No named comparison taxon plus an objective, reliable differentiating trait was established.",2026-07-12,,,,,原PDF画像で対象種・比較対象・識別形質・冊子ページを確認。OCRは候補探索のみに使用。
wildplants-v2-identification-0075,volume2_comparison_candidates,2,ツルコウジ,,,日本の野生植物 第2巻,日本の野生植物 2- ミゾハコベ科～スイカズラ科 ―フィールド版―改訂新版.pdf,2d104638c72cbfc58f17ab38223bce3d7798f72abc2d14fa4495a3a7546f3b12,119,236,exclude_no_objective_difference,"No named comparison taxon plus an objective, reliable differentiating trait was established.",2026-07-12,,,,,原PDF画像で対象種・比較対象・識別形質・冊子ページを確認。OCRは候補探索のみに使用。
wildplants-v2-identification-0076,volume2_comparison_candidates,2,シナヤブコウジ,ヤブコウジ,ヤブコウジに似るが、葉裏に鱗片毛があり、花冠に腺点がない。,日本の野生植物 第2巻,日本の野生植物 2- ミゾハコベ科～スイカズラ科 ―フィールド版―改訂新版.pdf,2d104638c72cbfc58f17ab38223bce3d7798f72abc2d14fa4495a3a7546f3b12,119,236,include,,2026-07-12,,,,,原PDF画像で対象種・比較対象・識別形質・冊子ページを確認。OCRは候補探索のみに使用。
wildplants-v2-identification-0077,volume2_comparison_candidates,2,モロコシソウ,,,日本の野生植物 第2巻,日本の野生植物 2- ミゾハコベ科～スイカズラ科 ―フィールド版―改訂新版.pdf,2d104638c72cbfc58f17ab38223bce3d7798f72abc2d14fa4495a3a7546f3b12,120,239,exclude_mere_resemblance,Resemblance is stated without an objective differentiating character.,2026-07-12,,,,,原PDF画像で対象種・比較対象・識別形質・冊子ページを確認。OCRは候補探索のみに使用。
wildplants-v2-identification-0078,volume2_comparison_candidates,2,コツマトリソウ,ツマトリソウ,ツマトリソウと比べ、全体に小型で、葉先が円い。,日本の野生植物 第2巻,日本の野生植物 2- ミゾハコベ科～スイカズラ科 ―フィールド版―改訂新版.pdf,2d104638c72cbfc58f17ab38223bce3d7798f72abc2d14fa4495a3a7546f3b12,120,239,include,,2026-07-12,,,,,原PDF画像で対象種・比較対象・識別形質・冊子ページを確認。OCRは候補探索のみに使用。
wildplants-v2-identification-0079,volume2_comparison_candidates,2,シマイズセンリョウ,,,日本の野生植物 第2巻,日本の野生植物 2- ミゾハコベ科～スイカズラ科 ―フィールド版―改訂新版.pdf,2d104638c72cbfc58f17ab38223bce3d7798f72abc2d14fa4495a3a7546f3b12,121,241,exclude_generic_key,"The cue belongs to generic genus/family discussion or a key, not a supported species-level diagnosis.",2026-07-12,,,,,原PDF画像で対象種・比較対象・識別形質・冊子ページを確認。OCRは候補探索のみに使用。
wildplants-v2-identification-0080,volume2_comparison_candidates,2,マルバタイミンタチバナ,シマタイミンタチバナ,シマタイミンタチバナに似るが、葉は倒卵形から倒披針形で、円頭、ときに先端がへこむ。,日本の野生植物 第2巻,日本の野生植物 2- ミゾハコベ科～スイカズラ科 ―フィールド版―改訂新版.pdf,2d104638c72cbfc58f17ab38223bce3d7798f72abc2d14fa4495a3a7546f3b12,121,241,include,,2026-07-12,,,,,原PDF画像で対象種・比較対象・識別形質・冊子ページを確認。OCRは候補探索のみに使用。
wildplants-v2-identification-0081,volume2_comparison_candidates,2,ソラチコザクラ,,,日本の野生植物 第2巻,日本の野生植物 2- ミゾハコベ科～スイカズラ科 ―フィールド版―改訂新版.pdf,2d104638c72cbfc58f17ab38223bce3d7798f72abc2d14fa4495a3a7546f3b12,122,243,exclude_mere_resemblance,Resemblance is stated without an objective differentiating character.,2026-07-12,,,,,原PDF画像で対象種・比較対象・識別形質・冊子ページを確認。OCRは候補探索のみに使用。
wildplants-v2-identification-0082,volume2_comparison_candidates,2,ヤンバルミミズバイ,ミミズバイ,ミミズバイに似るが、小枝に赤褐色の毛が密生する。,日本の野生植物 第2巻,日本の野生植物 2- ミゾハコベ科～スイカズラ科 ―フィールド版―改訂新版.pdf,2d104638c72cbfc58f17ab38223bce3d7798f72abc2d14fa4495a3a7546f3b12,126,250,include,,2026-07-12,,,,,原PDF画像で対象種・比較対象・識別形質・冊子ページを確認。OCRは候補探索のみに使用。
wildplants-v2-identification-0083,volume2_comparison_candidates,2,アオバノキ,カンザブロウノキ,カンザブロウノキに似るが、枝が太く、葉は革質で大きく厚い。,日本の野生植物 第2巻,日本の野生植物 2- ミゾハコベ科～スイカズラ科 ―フィールド版―改訂新版.pdf,2d104638c72cbfc58f17ab38223bce3d7798f72abc2d14fa4495a3a7546f3b12,126,250,include,,2026-07-12,,,,,原PDF画像で対象種・比較対象・識別形質・冊子ページを確認。OCRは候補探索のみに使用。
wildplants-v2-identification-0084,volume2_comparison_candidates,2,イワウチワ,,,日本の野生植物 第2巻,日本の野生植物 2- ミゾハコベ科～スイカズラ科 ―フィールド版―改訂新版.pdf,2d104638c72cbfc58f17ab38223bce3d7798f72abc2d14fa4495a3a7546f3b12,127,252,exclude_no_objective_difference,"No named comparison taxon plus an objective, reliable differentiating trait was established.",2026-07-12,,,,,原PDF画像で対象種・比較対象・識別形質・冊子ページを確認。OCRは候補探索のみに使用。
wildplants-v2-identification-0085,volume2_comparison_candidates,2,ホンシャクナゲ,ツクシシャクナゲ,ツクシシャクナゲに似るが、葉裏に枝状毛がほとんどなく、平たいロゼット状毛だけが生える。,日本の野生植物 第2巻,日本の野生植物 2- ミゾハコベ科～スイカズラ科 ―フィールド版―改訂新版.pdf,2d104638c72cbfc58f17ab38223bce3d7798f72abc2d14fa4495a3a7546f3b12,136,270,include,,2026-07-12,,,,,原PDF画像で対象種・比較対象・識別形質・冊子ページを確認。OCRは候補探索のみに使用。
wildplants-v2-identification-0086,volume2_comparison_candidates,2,サイカイツツジ,キリシマツツジ,キリシマツツジより春葉と花がやや大きい。,日本の野生植物 第2巻,日本の野生植物 2- ミゾハコベ科～スイカズラ科 ―フィールド版―改訂新版.pdf,2d104638c72cbfc58f17ab38223bce3d7798f72abc2d14fa4495a3a7546f3b12,137,273,include,,2026-07-12,,,,,原PDF画像で対象種・比較対象・識別形質・冊子ページを確認。OCRは候補探索のみに使用。
wildplants-v2-identification-0087,volume2_comparison_candidates,2,ミカワツツジ,キリシマツツジ,キリシマツツジに似るが、葉に光沢がなく、夏葉が冬にかなり落ちる。,日本の野生植物 第2巻,日本の野生植物 2- ミゾハコベ科～スイカズラ科 ―フィールド版―改訂新版.pdf,2d104638c72cbfc58f17ab38223bce3d7798f72abc2d14fa4495a3a7546f3b12,137,273,include,,2026-07-12,,,,,原PDF画像で対象種・比較対象・識別形質・冊子ページを確認。OCRは候補探索のみに使用。
wildplants-v2-identification-0088,volume2_comparison_candidates,2,タンナアカツツジ,オンツツジ,オンツツジと比べ、葉がやや厚く、幅広く円みが強く、下部が急に狭くなって基部が円形になる。,日本の野生植物 第2巻,日本の野生植物 2- ミゾハコベ科～スイカズラ科 ―フィールド版―改訂新版.pdf,2d104638c72cbfc58f17ab38223bce3d7798f72abc2d14fa4495a3a7546f3b12,137,273,include,,2026-07-12,,,,,原PDF画像で対象種・比較対象・識別形質・冊子ページを確認。OCRは候補探索のみに使用。
wildplants-v2-identification-0089,volume2_comparison_candidates,2,ツクシドウダン,ベニサラサドウダン,ベニサラサドウダンに似るが、花と蒴果がやや小さく、花冠は約3分の1まで裂ける。,日本の野生植物 第2巻,日本の野生植物 2- ミゾハコベ科～スイカズラ科 ―フィールド版―改訂新版.pdf,2d104638c72cbfc58f17ab38223bce3d7798f72abc2d14fa4495a3a7546f3b12,139,276,include,,2026-07-12,,,,,原PDF画像で対象種・比較対象・識別形質・冊子ページを確認。OCRは候補探索のみに使用。
wildplants-v2-identification-0090,volume2_comparison_candidates,2,アセビ,,,日本の野生植物 第2巻,日本の野生植物 2- ミゾハコベ科～スイカズラ科 ―フィールド版―改訂新版.pdf,2d104638c72cbfc58f17ab38223bce3d7798f72abc2d14fa4495a3a7546f3b12,141,280,exclude_ambiguous_ocr,The differentiating clause is truncated or unresolved in the species-entry text.,2026-07-12,,,,,原PDF画像で対象種・比較対象・識別形質・冊子ページを確認。OCRは候補探索のみに使用。
wildplants-v2-identification-0091,volume2_comparison_candidates,2,オオバスノキ,,,日本の野生植物 第2巻,日本の野生植物 2- ミゾハコベ科～スイカズラ科 ―フィールド版―改訂新版.pdf,2d104638c72cbfc58f17ab38223bce3d7798f72abc2d14fa4495a3a7546f3b12,142,282,exclude_unstable_distinction,The source says the taxa are not reliably distinguishable or treats the distinction as unstable.,2026-07-12,,,,,原PDF画像で対象種・比較対象・識別形質・冊子ページを確認。OCRは候補探索のみに使用。
wildplants-v2-identification-0092,volume2_comparison_candidates,2,ヒメツルコケモモ,ツルコケモモ,ツルコケモモと比べ、花柄が無毛である。,日本の野生植物 第2巻,日本の野生植物 2- ミゾハコベ科～スイカズラ科 ―フィールド版―改訂新版.pdf,2d104638c72cbfc58f17ab38223bce3d7798f72abc2d14fa4495a3a7546f3b12,142,283,include,,2026-07-12,,,,,原PDF画像で対象種・比較対象・識別形質・冊子ページを確認。OCRは候補探索のみに使用。
wildplants-v2-identification-0093,volume2_comparison_candidates,2,ハナガサノキ,,,日本の野生植物 第2巻,日本の野生植物 2- ミゾハコベ科～スイカズラ科 ―フィールド版―改訂新版.pdf,2d104638c72cbfc58f17ab38223bce3d7798f72abc2d14fa4495a3a7546f3b12,148,295,exclude_unstable_distinction,The source says the taxa are not reliably distinguishable or treats the distinction as unstable.,2026-07-12,,,,,原PDF画像で対象種・比較対象・識別形質・冊子ページを確認。OCRは候補探索のみに使用。
wildplants-v2-identification-0094,volume2_comparison_candidates,2,ヒロハケニオイグサ,ケニオイグサ,ケニオイグサに似るが、葉幅が広く、蒴果にまばらに毛がある。,日本の野生植物 第2巻,日本の野生植物 2- ミゾハコベ科～スイカズラ科 ―フィールド版―改訂新版.pdf,2d104638c72cbfc58f17ab38223bce3d7798f72abc2d14fa4495a3a7546f3b12,151,300,include,,2026-07-12,,,,,原PDF画像で対象種・比較対象・識別形質・冊子ページを確認。OCRは候補探索のみに使用。
wildplants-v2-identification-0095,volume2_comparison_candidates,2,リシリリンドウ,ミヤマリンドウ,リシリリンドウはミヤマリンドウに似るが、花が一回り大きい。,日本の野生植物 第2巻,日本の野生植物 2- ミゾハコベ科～スイカズラ科 ―フィールド版―改訂新版.pdf,2d104638c72cbfc58f17ab38223bce3d7798f72abc2d14fa4495a3a7546f3b12,155,308,include,,2026-07-12,,,,,原PDF画像で対象種・比較対象・識別形質・冊子ページを確認。OCRは候補探索のみに使用。
wildplants-v2-identification-0096,volume2_comparison_candidates,2,エゾオヤマリンドウ,オヤマリンドウ,オヤマリンドウに似るが、花冠裂片が平開する。,日本の野生植物 第2巻,日本の野生植物 2- ミゾハコベ科～スイカズラ科 ―フィールド版―改訂新版.pdf,2d104638c72cbfc58f17ab38223bce3d7798f72abc2d14fa4495a3a7546f3b12,155,309,include,,2026-07-12,,,,,原PDF画像で対象種・比較対象・識別形質・冊子ページを確認。OCRは候補探索のみに使用。
wildplants-v2-identification-0097,volume2_comparison_candidates,2,シロバナアカイシリンドウ,シロウマリンドウ,茎が紫色を帯びない点はシロウマリンドウに似るが、花冠裂片は基部を含めて完全に白い。,日本の野生植物 第2巻,日本の野生植物 2- ミゾハコベ科～スイカズラ科 ―フィールド版―改訂新版.pdf,2d104638c72cbfc58f17ab38223bce3d7798f72abc2d14fa4495a3a7546f3b12,156,310,include,,2026-07-12,,,,,原PDF画像で対象種・比較対象・識別形質・冊子ページを確認。OCRは候補探索のみに使用。
wildplants-v2-identification-0098,volume2_comparison_candidates,2,タンザワイケマ,イケマ,イケマに似るが、花冠裂片は反り返らず斜上する。,日本の野生植物 第2巻,日本の野生植物 2- ミゾハコベ科～スイカズラ科 ―フィールド版―改訂新版.pdf,2d104638c72cbfc58f17ab38223bce3d7798f72abc2d14fa4495a3a7546f3b12,160,318,include,,2026-07-12,,,,,原PDF画像で対象種・比較対象・識別形質・冊子ページを確認。OCRは候補探索のみに使用。
wildplants-v2-identification-0099,volume2_comparison_candidates,2,チョウジカズラ,テイカカズラ,テイカカズラより葉と花が大きい。,日本の野生植物 第2巻,日本の野生植物 2- ミゾハコベ科～スイカズラ科 ―フィールド版―改訂新版.pdf,2d104638c72cbfc58f17ab38223bce3d7798f72abc2d14fa4495a3a7546f3b12,161,321,include,,2026-07-12,,,,,原PDF画像で対象種・比較対象・識別形質・冊子ページを確認。OCRは候補探索のみに使用。
wildplants-v2-identification-0100,volume2_comparison_candidates,2,オキナワテイカカズラ,,,日本の野生植物 第2巻,日本の野生植物 2- ミゾハコベ科～スイカズラ科 ―フィールド版―改訂新版.pdf,2d104638c72cbfc58f17ab38223bce3d7798f72abc2d14fa4495a3a7546f3b12,161,321,exclude_unstable_distinction,Only an unquantified whole-plant size difference is given and the source does not provide a reproducible diagnostic trait.,2026-07-12,,,,,原PDF画像で対象種・比較対象・識別形質・冊子ページを確認。OCRは候補探索のみに使用。定量値や部位形質がないため公開識別欄から除外。
wildplants-v2-identification-0101,volume2_comparison_candidates,2,フナバラソウ,,,日本の野生植物 第2巻,日本の野生植物 2- ミゾハコベ科～スイカズラ科 ―フィールド版―改訂新版.pdf,2d104638c72cbfc58f17ab38223bce3d7798f72abc2d14fa4495a3a7546f3b12,163,324,exclude_no_objective_difference,"No named comparison taxon plus an objective, reliable differentiating trait was established.",2026-07-12,,,,,原PDF画像で対象種・比較対象・識別形質・冊子ページを確認。OCRは候補探索のみに使用。
wildplants-v2-identification-0102,volume2_comparison_candidates,2,クシロネナシカスラ,,,日本の野生植物 第2巻,日本の野生植物 2- ミゾハコベ科～スイカズラ科 ―フィールド版―改訂新版.pdf,2d104638c72cbfc58f17ab38223bce3d7798f72abc2d14fa4495a3a7546f3b12,165,329,exclude_mere_resemblance,Resemblance is stated without an objective differentiating character.,2026-07-12,,,,,原PDF画像で対象種・比較対象・識別形質・冊子ページを確認。OCRは候補探索のみに使用。
wildplants-v2-identification-0103,volume2_comparison_candidates,2,アメリカネナシカズラ,ハマネナシカズラ,ハマネナシカズラに似るが、花が短く、果実がほとんど露出する。,日本の野生植物 第2巻,日本の野生植物 2- ミゾハコベ科～スイカズラ科 ―フィールド版―改訂新版.pdf,2d104638c72cbfc58f17ab38223bce3d7798f72abc2d14fa4495a3a7546f3b12,165,329,include,,2026-07-12,,,,,原PDF画像で対象種・比較対象・識別形質・冊子ページを確認。OCRは候補探索のみに使用。
wildplants-v2-identification-0104,volume2_comparison_candidates,2,ホルトカズラ,,,日本の野生植物 第2巻,日本の野生植物 2- ミゾハコベ科～スイカズラ科 ―フィールド版―改訂新版.pdf,2d104638c72cbfc58f17ab38223bce3d7798f72abc2d14fa4495a3a7546f3b12,166,330,exclude_taxonomic_relatedness,Taxonomic relatedness is stated without an objective identification character.,2026-07-12,,,,,原PDF画像で対象種・比較対象・識別形質・冊子ページを確認。OCRは候補探索のみに使用。
wildplants-v2-identification-0105,volume2_comparison_candidates,2,シロガネガラクサ,マルバアサガオガラクサ,マルバアサガオガラクサに似るが、花は常に単生し、花柄は長さ5-7 mmで葉より短く、花は白色である。,日本の野生植物 第2巻,日本の野生植物 2- ミゾハコベ科～スイカズラ科 ―フィールド版―改訂新版.pdf,2d104638c72cbfc58f17ab38223bce3d7798f72abc2d14fa4495a3a7546f3b12,166,330,include,,2026-07-12,,,,,原PDF画像で対象種・比較対象・識別形質・冊子ページを確認。OCRは候補探索のみに使用。
wildplants-v2-identification-0106,volume2_comparison_candidates,2,キクザアサガオ,ヤツデアサガオ,葉形はヤツデアサガオに似るが、全体に粗い毛があり、花は白色である。,日本の野生植物 第2巻,日本の野生植物 2- ミゾハコベ科～スイカズラ科 ―フィールド版―改訂新版.pdf,2d104638c72cbfc58f17ab38223bce3d7798f72abc2d14fa4495a3a7546f3b12,167,332,include,,2026-07-12,,,,,原PDF画像で対象種・比較対象・識別形質・冊子ページを確認。OCRは候補探索のみに使用。
wildplants-v2-identification-0107,volume2_comparison_candidates,2,ホシアサガオ,,,日本の野生植物 第2巻,日本の野生植物 2- ミゾハコベ科～スイカズラ科 ―フィールド版―改訂新版.pdf,2d104638c72cbfc58f17ab38223bce3d7798f72abc2d14fa4495a3a7546f3b12,167,333,exclude_mere_resemblance,Resemblance is stated without an objective differentiating character.,2026-07-12,,,,,原PDF画像で対象種・比較対象・識別形質・冊子ページを確認。OCRは候補探索のみに使用。
wildplants-v2-identification-0108,volume2_comparison_candidates,2,マルバアサガオ,,,日本の野生植物 第2巻,日本の野生植物 2- ミゾハコベ科～スイカズラ科 ―フィールド版―改訂新版.pdf,2d104638c72cbfc58f17ab38223bce3d7798f72abc2d14fa4495a3a7546f3b12,167,333,exclude_no_objective_difference,"No named comparison taxon plus an objective, reliable differentiating trait was established.",2026-07-12,,,,,原PDF画像で対象種・比較対象・識別形質・冊子ページを確認。OCRは候補探索のみに使用。
wildplants-v2-identification-0109,volume2_comparison_candidates,2,ノアサガオ,,,日本の野生植物 第2巻,日本の野生植物 2- ミゾハコベ科～スイカズラ科 ―フィールド版―改訂新版.pdf,2d104638c72cbfc58f17ab38223bce3d7798f72abc2d14fa4495a3a7546f3b12,167,333,exclude_mere_resemblance,Resemblance is stated without an objective differentiating character.,2026-07-12,,,,,原PDF画像で対象種・比較対象・識別形質・冊子ページを確認。OCRは候補探索のみに使用。
wildplants-v2-identification-0110,volume2_comparison_candidates,2,アメリカアサガオ,アサガオ,アサガオに似るが、花は小型である。,日本の野生植物 第2巻,日本の野生植物 2- ミゾハコベ科～スイカズラ科 ―フィールド版―改訂新版.pdf,2d104638c72cbfc58f17ab38223bce3d7798f72abc2d14fa4495a3a7546f3b12,167,333,include,,2026-07-12,,,,,原PDF画像で対象種・比較対象・識別形質・冊子ページを確認。OCRは候補探索のみに使用。
wildplants-v2-identification-0111,volume2_comparison_candidates,2,ツタノハヒルガオ,,,日本の野生植物 第2巻,日本の野生植物 2- ミゾハコベ科～スイカズラ科 ―フィールド版―改訂新版.pdf,2d104638c72cbfc58f17ab38223bce3d7798f72abc2d14fa4495a3a7546f3b12,168,334,exclude_no_objective_difference,"No named comparison taxon plus an objective, reliable differentiating trait was established.",2026-07-12,,,,,原PDF画像で対象種・比較対象・識別形質・冊子ページを確認。OCRは候補探索のみに使用。
wildplants-v2-identification-0112,volume2_comparison_candidates,2,チョウセンアサガオ,ケチョウセンアサガオ,ケチョウセンアサガオに似るが、全体がほとんど無毛である。,日本の野生植物 第2巻,日本の野生植物 2- ミゾハコベ科～スイカズラ科 ―フィールド版―改訂新版.pdf,2d104638c72cbfc58f17ab38223bce3d7798f72abc2d14fa4495a3a7546f3b12,169,337,include,,2026-07-12,,,,,原PDF画像で対象種・比較対象・識別形質・冊子ページを確認。OCRは候補探索のみに使用。
wildplants-v2-identification-0113,volume2_comparison_candidates,2,キンギンナスビモドキ,キンギンナスビ,キンギンナスビに似るが、葉の下面に腺毛が密生し、星状毛が混じる。,日本の野生植物 第2巻,日本の野生植物 2- ミゾハコベ科～スイカズラ科 ―フィールド版―改訂新版.pdf,2d104638c72cbfc58f17ab38223bce3d7798f72abc2d14fa4495a3a7546f3b12,173,344,include,,2026-07-12,,,,,原PDF画像で対象種・比較対象・識別形質・冊子ページを確認。OCRは候補探索のみに使用。
wildplants-v2-identification-0114,volume2_comparison_candidates,2,モンバナスビ,ワルナスビ,ワルナスビに似るが、葉の両面に7-12分岐する細かな星状毛が生える。,日本の野生植物 第2巻,日本の野生植物 2- ミゾハコベ科～スイカズラ科 ―フィールド版―改訂新版.pdf,2d104638c72cbfc58f17ab38223bce3d7798f72abc2d14fa4495a3a7546f3b12,173,344,include,,2026-07-12,,,,,原PDF画像で対象種・比較対象・識別形質・冊子ページを確認。OCRは候補探索のみに使用。
wildplants-v2-identification-0115,volume2_comparison_candidates,2,スナビキソウ,,,日本の野生植物 第2巻,日本の野生植物 2- ミゾハコベ科～スイカズラ科 ―フィールド版―改訂新版.pdf,2d104638c72cbfc58f17ab38223bce3d7798f72abc2d14fa4495a3a7546f3b12,175,349,exclude_no_objective_difference,"No named comparison taxon plus an objective, reliable differentiating trait was established.",2026-07-12,,,,,原PDF画像で対象種・比較対象・識別形質・冊子ページを確認。OCRは候補探索のみに使用。
wildplants-v2-identification-0116,volume2_comparison_candidates,2,イヌムラサキ,,,日本の野生植物 第2巻,日本の野生植物 2- ミゾハコベ科～スイカズラ科 ―フィールド版―改訂新版.pdf,2d104638c72cbfc58f17ab38223bce3d7798f72abc2d14fa4495a3a7546f3b12,176,351,exclude_unstable_distinction,The source says the taxa are not reliably distinguishable or treats the distinction as unstable.,2026-07-12,,,,,原PDF画像で対象種・比較対象・識別形質・冊子ページを確認。OCRは候補探索のみに使用。
wildplants-v2-identification-0117,volume2_comparison_candidates,2,ミヤマムラサキ,,,日本の野生植物 第2巻,日本の野生植物 2- ミゾハコベ科～スイカズラ科 ―フィールド版―改訂新版.pdf,2d104638c72cbfc58f17ab38223bce3d7798f72abc2d14fa4495a3a7546f3b12,177,352,exclude_taxonomic_relatedness,Taxonomic relatedness is stated without an objective identification character.,2026-07-12,,,,,原PDF画像で対象種・比較対象・識別形質・冊子ページを確認。OCRは候補探索のみに使用。
wildplants-v2-identification-0118,volume2_comparison_candidates,2,エゾルリソウ,,,日本の野生植物 第2巻,日本の野生植物 2- ミゾハコベ科～スイカズラ科 ―フィールド版―改訂新版.pdf,2d104638c72cbfc58f17ab38223bce3d7798f72abc2d14fa4495a3a7546f3b12,177,353,exclude_unstable_distinction,The source says the taxa are not reliably distinguishable or treats the distinction as unstable.,2026-07-12,,,,,原PDF画像で対象種・比較対象・識別形質・冊子ページを確認。OCRは候補探索のみに使用。
wildplants-v2-identification-0119,volume2_comparison_candidates,2,シンワスレナグサ,,,日本の野生植物 第2巻,日本の野生植物 2- ミゾハコベ科～スイカズラ科 ―フィールド版―改訂新版.pdf,2d104638c72cbfc58f17ab38223bce3d7798f72abc2d14fa4495a3a7546f3b12,178,354,exclude_no_objective_difference,"No named comparison taxon plus an objective, reliable differentiating trait was established.",2026-07-12,,,,,原PDF画像で対象種・比較対象・識別形質・冊子ページを確認。OCRは候補探索のみに使用。
wildplants-v2-identification-0120,volume2_comparison_candidates,2,チョウセンレンギョウ,シナレンギョウ,シナレンギョウに似るが、葉の鋸歯がより鋭く数も多い。,日本の野生植物 第2巻,日本の野生植物 2- ミゾハコベ科～スイカズラ科 ―フィールド版―改訂新版.pdf,2d104638c72cbfc58f17ab38223bce3d7798f72abc2d14fa4495a3a7546f3b12,180,358,include,,2026-07-12,,,,,原PDF画像で対象種・比較対象・識別形質・冊子ページを確認。OCRは候補探索のみに使用。
wildplants-v2-identification-0121,volume2_comparison_candidates,2,マルバノサワトウガラシ,,,日本の野生植物 第2巻,日本の野生植物 2- ミゾハコベ科～スイカズラ科 ―フィールド版―改訂新版.pdf,2d104638c72cbfc58f17ab38223bce3d7798f72abc2d14fa4495a3a7546f3b12,185,369,exclude_mere_resemblance,Resemblance is stated without an objective differentiating character.,2026-07-12,,,,,原PDF画像で対象種・比較対象・識別形質・冊子ページを確認。OCRは候補探索のみに使用。
wildplants-v2-identification-0122,volume2_comparison_candidates,2,ユウバリソウ,,,日本の野生植物 第2巻,日本の野生植物 2- ミゾハコベ科～スイカズラ科 ―フィールド版―改訂新版.pdf,2d104638c72cbfc58f17ab38223bce3d7798f72abc2d14fa4495a3a7546f3b12,186,371,exclude_no_objective_difference,"No named comparison taxon plus an objective, reliable differentiating trait was established.",2026-07-12,,,,,原PDF画像で対象種・比較対象・識別形質・冊子ページを確認。OCRは候補探索のみに使用。
wildplants-v2-identification-0123,volume2_comparison_candidates,2,オオバコ,,,日本の野生植物 第2巻,日本の野生植物 2- ミゾハコベ科～スイカズラ科 ―フィールド版―改訂新版.pdf,2d104638c72cbfc58f17ab38223bce3d7798f72abc2d14fa4495a3a7546f3b12,188,375,exclude_generic_key,"The cue belongs to generic genus/family discussion or a key, not a supported species-level diagnosis.",2026-07-12,,,,,原PDF画像で対象種・比較対象・識別形質・冊子ページを確認。OCRは候補探索のみに使用。
wildplants-v2-identification-0124,volume2_comparison_candidates,2,エゾヒメクワガタ,,,日本の野生植物 第2巻,日本の野生植物 2- ミゾハコベ科～スイカズラ科 ―フィールド版―改訂新版.pdf,2d104638c72cbfc58f17ab38223bce3d7798f72abc2d14fa4495a3a7546f3b12,189,377,exclude_no_objective_difference,"No named comparison taxon plus an objective, reliable differentiating trait was established.",2026-07-12,,,,,原PDF画像で対象種・比較対象・識別形質・冊子ページを確認。OCRは候補探索のみに使用。
wildplants-v2-identification-0125,volume2_comparison_candidates,2,オオカワヂシャ,カワヂシャ,カワヂシャと比べ、花冠は淡紫色で径6.4-9 mm、果実は長さ・幅3.2-4.2 mmの球形、花柱は長さ1.5-3 mmである。,日本の野生植物 第2巻,日本の野生植物 2- ミゾハコベ科～スイカズラ科 ―フィールド版―改訂新版.pdf,2d104638c72cbfc58f17ab38223bce3d7798f72abc2d14fa4495a3a7546f3b12,190,378,include,,2026-07-12,,,,,原PDF画像で対象種・比較対象・識別形質・冊子ページを確認。OCRは候補探索のみに使用。
wildplants-v2-identification-0126,volume2_comparison_candidates,2,ヤマルリトラノオ,エゾルリトラノオ,エゾルリトラノオに似るが、葉の裏面にもほとんど毛がない。,日本の野生植物 第2巻,日本の野生植物 2- ミゾハコベ科～スイカズラ科 ―フィールド版―改訂新版.pdf,2d104638c72cbfc58f17ab38223bce3d7798f72abc2d14fa4495a3a7546f3b12,190,379,include,,2026-07-12,,,,,原PDF画像で対象種・比較対象・識別形質・冊子ページを確認。OCRは候補探索のみに使用。
wildplants-v2-identification-0127,volume2_comparison_candidates,2,サツキヒナノウスツボ,ヒナノウスツボ,サツキヒナノウスツボは花が葉腋から1～3個出て、花冠は長さ9～12 mm、蒴果は長さ8～12 mmの卵状球形である。ヒナノウスツボは花が茎先の円錐花序につき、花冠は長さ6～9 mm、蒴果は長さ6～7 mmの球形である。,日本の野生植物 第2巻,日本の野生植物 2- ミゾハコベ科～スイカズラ科 ―フィールド版―改訂新版.pdf,2d104638c72cbfc58f17ab38223bce3d7798f72abc2d14fa4495a3a7546f3b12,193,384,include,Resemblance is stated without an objective differentiating character.,2026-07-12,,,,,原PDF画像で対象種・比較対象・識別形質・冊子ページを確認。OCRは候補探索のみに使用。 原PDF検索表の同一分岐で、両種の花序位置、花冠長、蒴果形・長さを再確認。
wildplants-v2-identification-0128,volume2_comparison_candidates,2,アレチモウズイカ,モウズイカ,モウズイカに似るが、花柄が長さ1-3 mmと短い。,日本の野生植物 第2巻,日本の野生植物 2- ミゾハコベ科～スイカズラ科 ―フィールド版―改訂新版.pdf,2d104638c72cbfc58f17ab38223bce3d7798f72abc2d14fa4495a3a7546f3b12,193,385,include,,2026-07-12,,,,,原PDF画像で対象種・比較対象・識別形質・冊子ページを確認。OCRは候補探索のみに使用。
wildplants-v2-identification-0129,volume2_comparison_candidates,2,アメリカアゼナ,アゼナ,アゼナに似るが、葉は少数の鋸歯がある卵状長楕円形で、下側2雄蕊は葯を欠き、蒴果がやや細い。,日本の野生植物 第2巻,日本の野生植物 2- ミゾハコベ科～スイカズラ科 ―フィールド版―改訂新版.pdf,2d104638c72cbfc58f17ab38223bce3d7798f72abc2d14fa4495a3a7546f3b12,194,387,include,,2026-07-12,,,,,原PDF画像で対象種・比較対象・識別形質・冊子ページを確認。OCRは候補探索のみに使用。
wildplants-v2-identification-0130,volume2_comparison_candidates,2,セイヨウジュウニヒトエ,ツルカコソウ,ツルカコソウに似るが、全体に毛が少なく、葉の上面に光沢があり、花序の苞が小さく目立たない。,日本の野生植物 第2巻,日本の野生植物 2- ミゾハコベ科～スイカズラ科 ―フィールド版―改訂新版.pdf,2d104638c72cbfc58f17ab38223bce3d7798f72abc2d14fa4495a3a7546f3b12,199,397,include,,2026-07-12,,,,,原PDF画像で対象種・比較対象・識別形質・冊子ページを確認。OCRは候補探索のみに使用。
wildplants-v2-identification-0131,volume2_comparison_candidates,2,クサギ,,,日本の野生植物 第2巻,日本の野生植物 2- ミゾハコベ科～スイカズラ科 ―フィールド版―改訂新版.pdf,2d104638c72cbfc58f17ab38223bce3d7798f72abc2d14fa4495a3a7546f3b12,200,399,exclude_no_objective_difference,"No named comparison taxon plus an objective, reliable differentiating trait was established.",2026-07-12,,,,,原PDF画像で対象種・比較対象・識別形質・冊子ページを確認。OCRは候補探索のみに使用。
wildplants-v2-identification-0132,volume2_comparison_candidates,2,アラゲニガクサ,ニガクサ,ニガクサに似るが、全体に開出毛が多い。,日本の野生植物 第2巻,日本の野生植物 2- ミゾハコベ科～スイカズラ科 ―フィールド版―改訂新版.pdf,2d104638c72cbfc58f17ab38223bce3d7798f72abc2d14fa4495a3a7546f3b12,201,400,include,,2026-07-12,,,,,原PDF画像で対象種・比較対象・識別形質・冊子ページを確認。OCRは候補探索のみに使用。
wildplants-v2-identification-0133,volume2_comparison_candidates,2,アラゲニガクサ,エゾニガクサ,エゾニガクサに似るが、全体が大きく、剛毛を欠く。,日本の野生植物 第2巻,日本の野生植物 2- ミゾハコベ科～スイカズラ科 ―フィールド版―改訂新版.pdf,2d104638c72cbfc58f17ab38223bce3d7798f72abc2d14fa4495a3a7546f3b12,201,400,include,,2026-07-12,,,,,原PDF画像で対象種・比較対象・識別形質・冊子ページを確認。OCRは候補探索のみに使用。
wildplants-v2-identification-0134,volume2_comparison_candidates,2,テイネニガクサ,,,日本の野生植物 第2巻,日本の野生植物 2- ミゾハコベ科～スイカズラ科 ―フィールド版―改訂新版.pdf,2d104638c72cbfc58f17ab38223bce3d7798f72abc2d14fa4495a3a7546f3b12,201,400,exclude_no_objective_difference,"No named comparison taxon plus an objective, reliable differentiating trait was established.",2026-07-12,,,,,原PDF画像で対象種・比較対象・識別形質・冊子ページを確認。OCRは候補探索のみに使用。
wildplants-v2-identification-0135,volume2_comparison_candidates,2,セイタカナミキソウ,ヒメナミキ,葉形はヒメナミキに似るが、花は紫色で長さ9-13 mmと大きく、茎頂に花序をつくる。,日本の野生植物 第2巻,日本の野生植物 2- ミゾハコベ科～スイカズラ科 ―フィールド版―改訂新版.pdf,2d104638c72cbfc58f17ab38223bce3d7798f72abc2d14fa4495a3a7546f3b12,202,403,include,,2026-07-12,,,,,原PDF画像で対象種・比較対象・識別形質・冊子ページを確認。OCRは候補探索のみに使用。
wildplants-v2-identification-0136,volume2_comparison_candidates,2,エゾナミキ,,,日本の野生植物 第2巻,日本の野生植物 2- ミゾハコベ科～スイカズラ科 ―フィールド版―改訂新版.pdf,2d104638c72cbfc58f17ab38223bce3d7798f72abc2d14fa4495a3a7546f3b12,202,403,exclude_mere_resemblance,Resemblance is stated without an objective differentiating character.,2026-07-12,,,,,原PDF画像で対象種・比較対象・識別形質・冊子ページを確認。OCRは候補探索のみに使用。
wildplants-v2-identification-0137,volume2_comparison_candidates,2,シソバタツナミ,,,日本の野生植物 第2巻,日本の野生植物 2- ミゾハコベ科～スイカズラ科 ―フィールド版―改訂新版.pdf,2d104638c72cbfc58f17ab38223bce3d7798f72abc2d14fa4495a3a7546f3b12,203,404,exclude_no_objective_difference,"No named comparison taxon plus an objective, reliable differentiating trait was established.",2026-07-12,,,,,原PDF画像で対象種・比較対象・識別形質・冊子ページを確認。OCRは候補探索のみに使用。
wildplants-v2-identification-0138,volume2_comparison_candidates,2,アシタカジャコウソウ,ジャコウソウ,ジャコウソウに似るが、花期が6-8月とやや早い。,日本の野生植物 第2巻,日本の野生植物 2- ミゾハコベ科～スイカズラ科 ―フィールド版―改訂新版.pdf,2d104638c72cbfc58f17ab38223bce3d7798f72abc2d14fa4495a3a7546f3b12,205,408,include,,2026-07-12,,,,,原PDF画像で対象種・比較対象・識別形質・冊子ページを確認。OCRは候補探索のみに使用。
wildplants-v2-identification-0139,volume2_comparison_candidates,2,ヤマジオウ,,,日本の野生植物 第2巻,日本の野生植物 2- ミゾハコベ科～スイカズラ科 ―フィールド版―改訂新版.pdf,2d104638c72cbfc58f17ab38223bce3d7798f72abc2d14fa4495a3a7546f3b12,205,409,exclude_no_objective_difference,"No named comparison taxon plus an objective, reliable differentiating trait was established.",2026-07-12,,,,,原PDF画像で対象種・比較対象・識別形質・冊子ページを確認。OCRは候補探索のみに使用。
wildplants-v2-identification-0140,volume2_comparison_candidates,2,キセワタ,,,日本の野生植物 第2巻,日本の野生植物 2- ミゾハコベ科～スイカズラ科 ―フィールド版―改訂新版.pdf,2d104638c72cbfc58f17ab38223bce3d7798f72abc2d14fa4495a3a7546f3b12,206,410,exclude_taxonomic_relatedness,Taxonomic relatedness is stated without an objective identification character.,2026-07-12,,,,,原PDF画像で対象種・比較対象・識別形質・冊子ページを確認。OCRは候補探索のみに使用。
wildplants-v2-identification-0141,volume2_comparison_candidates,2,マネキグサ,,,日本の野生植物 第2巻,日本の野生植物 2- ミゾハコベ科～スイカズラ科 ―フィールド版―改訂新版.pdf,2d104638c72cbfc58f17ab38223bce3d7798f72abc2d14fa4495a3a7546f3b12,206,411,exclude_taxonomic_relatedness,Taxonomic relatedness is stated without an objective identification character.,2026-07-12,,,,,原PDF画像で対象種・比較対象・識別形質・冊子ページを確認。OCRは候補探索のみに使用。
wildplants-v2-identification-0142,volume2_comparison_candidates,2,キタダケオドリコソウ,オドリコソウ,オドリコソウと比べ、紫色を帯びる部分がなく、花が長さ3-4 cmとやや大きく淡黄色である。,日本の野生植物 第2巻,日本の野生植物 2- ミゾハコベ科～スイカズラ科 ―フィールド版―改訂新版.pdf,2d104638c72cbfc58f17ab38223bce3d7798f72abc2d14fa4495a3a7546f3b12,206,411,include,,2026-07-12,,,,,原PDF画像で対象種・比較対象・識別形質・冊子ページを確認。OCRは候補探索のみに使用。
wildplants-v2-identification-0143,volume2_comparison_candidates,2,ヤンバルツルハッカ,,,日本の野生植物 第2巻,日本の野生植物 2- ミゾハコベ科～スイカズラ科 ―フィールド版―改訂新版.pdf,2d104638c72cbfc58f17ab38223bce3d7798f72abc2d14fa4495a3a7546f3b12,207,412,exclude_generic_key,"The cue belongs to generic genus/family discussion or a key, not a supported species-level diagnosis.",2026-07-12,,,,,原PDF画像で対象種・比較対象・識別形質・冊子ページを確認。OCRは候補探索のみに使用。
wildplants-v2-identification-0144,volume2_comparison_candidates,2,ニシキコウジュ,ナギナタコウジュ,ナギナタコウジュと比べ、葉幅が広く鋸歯が粗いほか、苞に毛が密生し、花冠が大きく雄蕊が長く突き出る。,日本の野生植物 第2巻,日本の野生植物 2- ミゾハコベ科～スイカズラ科 ―フィールド版―改訂新版.pdf,2d104638c72cbfc58f17ab38223bce3d7798f72abc2d14fa4495a3a7546f3b12,207,413,include,,2026-07-12,,,,,原PDF画像で対象種・比較対象・識別形質・冊子ページを確認。OCRは候補探索のみに使用。
wildplants-v2-identification-0145,volume2_comparison_candidates,2,オキナワクルマバナ,クルマバナ,クルマバナに似るが、花は紅紫色または白色で長さ7-9 mmである。,日本の野生植物 第2巻,日本の野生植物 2- ミゾハコベ科～スイカズラ科 ―フィールド版―改訂新版.pdf,2d104638c72cbfc58f17ab38223bce3d7798f72abc2d14fa4495a3a7546f3b12,209,417,include,,2026-07-12,,,,,原PDF画像で対象種・比較対象・識別形質・冊子ページを確認。OCRは候補探索のみに使用。
wildplants-v2-identification-0146,volume2_comparison_candidates,2,キソキバナアキギリ,キバナアキギリ,キバナアキギリと比べ、毛が少なく、茎は基部から直立し、花期が5-6月と早い。,日本の野生植物 第2巻,日本の野生植物 2- ミゾハコベ科～スイカズラ科 ―フィールド版―改訂新版.pdf,2d104638c72cbfc58f17ab38223bce3d7798f72abc2d14fa4495a3a7546f3b12,212,422,include,,2026-07-12,,,,,原PDF画像で対象種・比較対象・識別形質・冊子ページを確認。OCRは候補探索のみに使用。
wildplants-v2-identification-0147,volume2_comparison_candidates,2,アキギリ,,,日本の野生植物 第2巻,日本の野生植物 2- ミゾハコベ科～スイカズラ科 ―フィールド版―改訂新版.pdf,2d104638c72cbfc58f17ab38223bce3d7798f72abc2d14fa4495a3a7546f3b12,212,422,exclude_no_objective_difference,"No named comparison taxon plus an objective, reliable differentiating trait was established.",2026-07-12,,,,,原PDF画像で対象種・比較対象・識別形質・冊子ページを確認。OCRは候補探索のみに使用。
wildplants-v2-identification-0148,volume2_comparison_candidates,2,ヒメタムラソウ,ハルノタムラソウ,ハルノタムラソウに似るが、花冠は長さ約5 mmである。,日本の野生植物 第2巻,日本の野生植物 2- ミゾハコベ科～スイカズラ科 ―フィールド版―改訂新版.pdf,2d104638c72cbfc58f17ab38223bce3d7798f72abc2d14fa4495a3a7546f3b12,212,422,include,,2026-07-12,,,,,原PDF画像で対象種・比較対象・識別形質・冊子ページを確認。OCRは候補探索のみに使用。
wildplants-v2-identification-0149,volume2_comparison_candidates,2,ハナハッカ,ヒメハッカ,花序はヒメハッカに似るが、茎と葉に毛があり、葉は幅広い卵形で、横走する地下茎を出さない。,日本の野生植物 第2巻,日本の野生植物 2- ミゾハコベ科～スイカズラ科 ―フィールド版―改訂新版.pdf,2d104638c72cbfc58f17ab38223bce3d7798f72abc2d14fa4495a3a7546f3b12,212,423,include,,2026-07-12,,,,,原PDF画像で対象種・比較対象・識別形質・冊子ページを確認。OCRは候補探索のみに使用。
wildplants-v2-identification-0150,volume2_comparison_candidates,2,セキヤノアキチョウジ,アキチョウジ,アキチョウジに似るが、花は青紫色で長さ16-18 mm、花期は9-10月である。,日本の野生植物 第2巻,日本の野生植物 2- ミゾハコベ科～スイカズラ科 ―フィールド版―改訂新版.pdf,2d104638c72cbfc58f17ab38223bce3d7798f72abc2d14fa4495a3a7546f3b12,213,424,include,,2026-07-12,,,,,原PDF画像で対象種・比較対象・識別形質・冊子ページを確認。OCRは候補探索のみに使用。
wildplants-v2-identification-0151,volume2_comparison_candidates,2,イヌヤマハッカ,,,日本の野生植物 第2巻,日本の野生植物 2- ミゾハコベ科～スイカズラ科 ―フィールド版―改訂新版.pdf,2d104638c72cbfc58f17ab38223bce3d7798f72abc2d14fa4495a3a7546f3b12,213,425,exclude_no_objective_difference,"No named comparison taxon plus an objective, reliable differentiating trait was established.",2026-07-12,,,,,原PDF画像で対象種・比較対象・識別形質・冊子ページを確認。OCRは候補探索のみに使用。
wildplants-v2-identification-0152,volume2_comparison_candidates,2,サギゴケ,,,日本の野生植物 第2巻,日本の野生植物 2- ミゾハコベ科～スイカズラ科 ―フィールド版―改訂新版.pdf,2d104638c72cbfc58f17ab38223bce3d7798f72abc2d14fa4495a3a7546f3b12,214,427,exclude_no_objective_difference,"No named comparison taxon plus an objective, reliable differentiating trait was established.",2026-07-12,,,,,原PDF画像で対象種・比較対象・識別形質・冊子ページを確認。OCRは候補探索のみに使用。
wildplants-v2-identification-0153,volume2_comparison_candidates,2,オオナンバンギセル,ナンバンギセル,ナンバンギセルに似るが、全体に大きく、花柄も太く長さ20-30 cmである。,日本の野生植物 第2巻,日本の野生植物 2- ミゾハコベ科～スイカズラ科 ―フィールド版―改訂新版.pdf,2d104638c72cbfc58f17ab38223bce3d7798f72abc2d14fa4495a3a7546f3b12,216,431,include,,2026-07-12,,,,,原PDF画像で対象種・比較対象・識別形質・冊子ページを確認。OCRは候補探索のみに使用。
wildplants-v2-identification-0154,volume2_comparison_candidates,2,マルバコゴメグサ,ミヤマコゴメグサ,ミヤマコゴメグサより葉が大きく円く、倒卵状円形である。,日本の野生植物 第2巻,日本の野生植物 2- ミゾハコベ科～スイカズラ科 ―フィールド版―改訂新版.pdf,2d104638c72cbfc58f17ab38223bce3d7798f72abc2d14fa4495a3a7546f3b12,217,433,include,,2026-07-12,,,,,原PDF画像で対象種・比較対象・識別形質・冊子ページを確認。OCRは候補探索のみに使用。
wildplants-v2-identification-0155,volume2_comparison_candidates,2,イズコゴメグサ,キュウシュウコゴメグサ,キュウシュウコゴメグサに似るが、葉幅が狭い卵状長楕円形である。,日本の野生植物 第2巻,日本の野生植物 2- ミゾハコベ科～スイカズラ科 ―フィールド版―改訂新版.pdf,2d104638c72cbfc58f17ab38223bce3d7798f72abc2d14fa4495a3a7546f3b12,217,433,include,,2026-07-12,,,,,原PDF画像で対象種・比較対象・識別形質・冊子ページを確認。OCRは候補探索のみに使用。
wildplants-v2-identification-0156,volume2_comparison_candidates,2,マルバママコナ,ママコナ,ママコナに似るが、花序に花を密につけ、苞の刺状毛が長く、花軸と萼の毛が少ない。,日本の野生植物 第2巻,日本の野生植物 2- ミゾハコベ科～スイカズラ科 ―フィールド版―改訂新版.pdf,2d104638c72cbfc58f17ab38223bce3d7798f72abc2d14fa4495a3a7546f3b12,218,435,include,,2026-07-12,,,,,原PDF画像で対象種・比較対象・識別形質・冊子ページを確認。OCRは候補探索のみに使用。
wildplants-v2-identification-0157,volume2_comparison_candidates,2,オカウツボ,ハマウツボ,ハマウツボと比べ、全体に毛が少ない。,日本の野生植物 第2巻,日本の野生植物 2- ミゾハコベ科～スイカズラ科 ―フィールド版―改訂新版.pdf,2d104638c72cbfc58f17ab38223bce3d7798f72abc2d14fa4495a3a7546f3b12,219,436,include,,2026-07-12,,,,,原PDF画像で対象種・比較対象・識別形質・冊子ページを確認。OCRは候補探索のみに使用。
wildplants-v2-identification-0158,volume2_comparison_candidates,2,オニシオガマ,,,日本の野生植物 第2巻,日本の野生植物 2- ミゾハコベ科～スイカズラ科 ―フィールド版―改訂新版.pdf,2d104638c72cbfc58f17ab38223bce3d7798f72abc2d14fa4495a3a7546f3b12,220,439,exclude_taxonomic_relatedness,Taxonomic relatedness is stated without an objective identification character.,2026-07-12,,,,,原PDF画像で対象種・比較対象・識別形質・冊子ページを確認。OCRは候補探索のみに使用。
wildplants-v2-identification-0159,volume2_comparison_candidates,2,ツクシシオガマ,,,日本の野生植物 第2巻,日本の野生植物 2- ミゾハコベ科～スイカズラ科 ―フィールド版―改訂新版.pdf,2d104638c72cbfc58f17ab38223bce3d7798f72abc2d14fa4495a3a7546f3b12,220,439,exclude_taxonomic_relatedness,Taxonomic relatedness is stated without an objective identification character.,2026-07-12,,,,,原PDF画像で対象種・比較対象・識別形質・冊子ページを確認。OCRは候補探索のみに使用。
wildplants-v2-identification-0160,volume2_comparison_candidates,2,オギノツメ,,,日本の野生植物 第2巻,日本の野生植物 2- ミゾハコベ科～スイカズラ科 ―フィールド版―改訂新版.pdf,2d104638c72cbfc58f17ab38223bce3d7798f72abc2d14fa4495a3a7546f3b12,224,446,exclude_generic_key,"The cue belongs to generic genus/family discussion or a key, not a supported species-level diagnosis.",2026-07-12,,,,,原PDF画像で対象種・比較対象・識別形質・冊子ページを確認。OCRは候補探索のみに使用。
wildplants-v2-identification-0161,volume2_comparison_candidates,2,キツネノメマゴ,キツネノマゴ,花冠はキツネノマゴに似るが、やや濃色である。,日本の野生植物 第2巻,日本の野生植物 2- ミゾハコベ科～スイカズラ科 ―フィールド版―改訂新版.pdf,2d104638c72cbfc58f17ab38223bce3d7798f72abc2d14fa4495a3a7546f3b12,224,446,include,,2026-07-12,,,,,原PDF画像で対象種・比較対象・識別形質・冊子ページを確認。OCRは候補探索のみに使用。
wildplants-v2-identification-0162,volume2_comparison_candidates,2,コダチスズムシソウ,オキナワスズムシソウ,オキナワスズムシソウに似るが、全体に大きく、半低木状の常緑多年草になる。,日本の野生植物 第2巻,日本の野生植物 2- ミゾハコベ科～スイカズラ科 ―フィールド版―改訂新版.pdf,2d104638c72cbfc58f17ab38223bce3d7798f72abc2d14fa4495a3a7546f3b12,225,449,include,,2026-07-12,,,,,原PDF画像で対象種・比較対象・識別形質・冊子ページを確認。OCRは候補探索のみに使用。
wildplants-v2-identification-0163,volume2_comparison_candidates,2,アメリカノウゼンカズラ,ノウゼンカズラ,ノウゼンカズラと比べ、小葉が小さく、花は径3-4 cmの筒形で先端だけが開く。,日本の野生植物 第2巻,日本の野生植物 2- ミゾハコベ科～スイカズラ科 ―フィールド版―改訂新版.pdf,2d104638c72cbfc58f17ab38223bce3d7798f72abc2d14fa4495a3a7546f3b12,226,450,include,,2026-07-12,,,,,原PDF画像で対象種・比較対象・識別形質・冊子ページを確認。OCRは候補探索のみに使用。
wildplants-v2-identification-0164,volume2_comparison_candidates,2,ソヨゴ,,,日本の野生植物 第2巻,日本の野生植物 2- ミゾハコベ科～スイカズラ科 ―フィールド版―改訂新版.pdf,2d104638c72cbfc58f17ab38223bce3d7798f72abc2d14fa4495a3a7546f3b12,228,455,exclude_no_objective_difference,"No named comparison taxon plus an objective, reliable differentiating trait was established.",2026-07-12,,,,,原PDF画像で対象種・比較対象・識別形質・冊子ページを確認。OCRは候補探索のみに使用。
wildplants-v2-identification-0165,volume2_comparison_candidates,2,イワギキョウ,,,日本の野生植物 第2巻,日本の野生植物 2- ミゾハコベ科～スイカズラ科 ―フィールド版―改訂新版.pdf,2d104638c72cbfc58f17ab38223bce3d7798f72abc2d14fa4495a3a7546f3b12,231,461,exclude_mere_resemblance,Resemblance is stated without an objective differentiating character.,2026-07-12,,,,,原PDF画像で対象種・比較対象・識別形質・冊子ページを確認。OCRは候補探索のみに使用。
wildplants-v2-identification-0166,volume2_comparison_candidates,2,オキナワハグマ,基準変種 Ainsliaea macroclinidioides var. macroclinidioides、テイショウソウ,基準変種 Ainsliaea macroclinidioides var. macroclinidioides は葉身が披針形で、オキナワハグマより小型である。オキナワハグマは葉の基部がくさび形または浅い心形で痩果に毛があり、テイショウソウは葉の基部が深い心形で痩果は無毛である。,日本の野生植物 第2巻,日本の野生植物 2- ミゾハコベ科～スイカズラ科 ―フィールド版―改訂新版.pdf,2d104638c72cbfc58f17ab38223bce3d7798f72abc2d14fa4495a3a7546f3b12,241,481,include,,2026-07-12,,,,,原PDF画像で対象種・比較対象・識別形質・冊子ページを確認。OCRは候補探索のみに使用。
wildplants-v2-identification-0167,volume2_comparison_candidates,2,ナガバノコウヤボウキ,,,日本の野生植物 第2巻,日本の野生植物 2- ミゾハコベ科～スイカズラ科 ―フィールド版―改訂新版.pdf,2d104638c72cbfc58f17ab38223bce3d7798f72abc2d14fa4495a3a7546f3b12,242,482,exclude_unstable_distinction,The source says the taxa are not reliably distinguishable or treats the distinction as unstable.,2026-07-12,,,,,原PDF画像で対象種・比較対象・識別形質・冊子ページを確認。OCRは候補探索のみに使用。
wildplants-v2-identification-0168,volume2_comparison_candidates,2,カシワバハグマ,,,日本の野生植物 第2巻,日本の野生植物 2- ミゾハコベ科～スイカズラ科 ―フィールド版―改訂新版.pdf,2d104638c72cbfc58f17ab38223bce3d7798f72abc2d14fa4495a3a7546f3b12,242,482,exclude_unstable_distinction,The source says the taxa are not reliably distinguishable or treats the distinction as unstable.,2026-07-12,,,,,原PDF画像で対象種・比較対象・識別形質・冊子ページを確認。OCRは候補探索のみに使用。
wildplants-v2-identification-0169,volume2_comparison_candidates,2,クルマバハグマ,,,日本の野生植物 第2巻,日本の野生植物 2- ミゾハコベ科～スイカズラ科 ―フィールド版―改訂新版.pdf,2d104638c72cbfc58f17ab38223bce3d7798f72abc2d14fa4495a3a7546f3b12,242,482,exclude_unstable_distinction,The source says the taxa are not reliably distinguishable or treats the distinction as unstable.,2026-07-12,,,,,原PDF画像で対象種・比較対象・識別形質・冊子ページを確認。OCRは候補探索のみに使用。
wildplants-v2-identification-0170,volume2_comparison_candidates,2,オオヤナギアザミ,ヤナギアザミ,ヤナギアザミに近縁だが、高さ約200 cmで、頭花と総苞内片・中片の扇形付属体がより大きい。,日本の野生植物 第2巻,日本の野生植物 2- ミゾハコベ科～スイカズラ科 ―フィールド版―改訂新版.pdf,2d104638c72cbfc58f17ab38223bce3d7798f72abc2d14fa4495a3a7546f3b12,247,493,include,,2026-07-12,,,,,原PDF画像で対象種・比較対象・識別形質・冊子ページを確認。OCRは候補探索のみに使用。
wildplants-v2-identification-0171,volume2_comparison_candidates,2,ガランビアザミ,シマアザミ,シマアザミの花冠が黄色みを帯びた白色なのに対し、ガランビアザミはごく淡い紅紫色である。,日本の野生植物 第2巻,日本の野生植物 2- ミゾハコベ科～スイカズラ科 ―フィールド版―改訂新版.pdf,2d104638c72cbfc58f17ab38223bce3d7798f72abc2d14fa4495a3a7546f3b12,248,494,include,,2026-07-12,,,,,原PDF画像で対象種・比較対象・識別形質・冊子ページを確認。OCRは候補探索のみに使用。
wildplants-v2-identification-0172,volume2_comparison_candidates,2,リョウノウアザミ,,,日本の野生植物 第2巻,日本の野生植物 2- ミゾハコベ科～スイカズラ科 ―フィールド版―改訂新版.pdf,2d104638c72cbfc58f17ab38223bce3d7798f72abc2d14fa4495a3a7546f3b12,248,495,exclude_generic_key,"The cue belongs to generic genus/family discussion or a key, not a supported species-level diagnosis.",2026-07-12,,,,,原PDF画像で対象種・比較対象・識別形質・冊子ページを確認。OCRは候補探索のみに使用。
wildplants-v2-identification-0173,volume2_comparison_candidates,2,シモツケアザミ,イワキヒメアザミ,イワキヒメアザミに似るが、雌性両全性異株で、総苞片は8-9列、総苞に腺体があり粘る。,日本の野生植物 第2巻,日本の野生植物 2- ミゾハコベ科～スイカズラ科 ―フィールド版―改訂新版.pdf,2d104638c72cbfc58f17ab38223bce3d7798f72abc2d14fa4495a3a7546f3b12,251,500,include,,2026-07-12,,,,,原PDF画像で対象種・比較対象・識別形質・冊子ページを確認。OCRは候補探索のみに使用。
wildplants-v2-identification-0174,volume2_comparison_candidates,2,マミガサキアザミ,トオノアザミ,トオノアザミに似るが、基葉の葉身が細長く、総苞片が狭卵形で薄い。,日本の野生植物 第2巻,日本の野生植物 2- ミゾハコベ科～スイカズラ科 ―フィールド版―改訂新版.pdf,2d104638c72cbfc58f17ab38223bce3d7798f72abc2d14fa4495a3a7546f3b12,252,503,include,,2026-07-12,,,,,原PDF画像で対象種・比較対象・識別形質・冊子ページを確認。OCRは候補探索のみに使用。
wildplants-v2-identification-0175,volume2_comparison_candidates,2,ウゼンヒメアザミ,トオノアザミ,トオノアザミに近いが、葉が肉質で、総苞片に膜状部がある。,日本の野生植物 第2巻,日本の野生植物 2- ミゾハコベ科～スイカズラ科 ―フィールド版―改訂新版.pdf,2d104638c72cbfc58f17ab38223bce3d7798f72abc2d14fa4495a3a7546f3b12,252,503,include,,2026-07-12,,,,,原PDF画像で対象種・比較対象・識別形質・冊子ページを確認。OCRは候補探索のみに使用。
wildplants-v2-identification-0176,volume2_comparison_candidates,2,オヤマボクチ,,,日本の野生植物 第2巻,日本の野生植物 2- ミゾハコベ科～スイカズラ科 ―フィールド版―改訂新版.pdf,2d104638c72cbfc58f17ab38223bce3d7798f72abc2d14fa4495a3a7546f3b12,259,517,exclude_generic_key,"The cue belongs to generic genus/family discussion or a key, not a supported species-level diagnosis.",2026-07-12,,,,,原PDF画像で対象種・比較対象・識別形質・冊子ページを確認。OCRは候補探索のみに使用。
wildplants-v2-identification-0177,volume2_comparison_candidates,2,ダイトウワダン,ホソバワダン,ホソバワダンと比べ、葉が短く厚く、表面に光沢がある。,日本の野生植物 第2巻,日本の野生植物 2- ミゾハコベ科～スイカズラ科 ―フィールド版―改訂新版.pdf,2d104638c72cbfc58f17ab38223bce3d7798f72abc2d14fa4495a3a7546f3b12,260,518,include,,2026-07-12,,,,,原PDF画像で対象種・比較対象・識別形質・冊子ページを確認。OCRは候補探索のみに使用。
wildplants-v2-identification-0178,volume2_comparison_candidates,2,ニガナ,,,日本の野生植物 第2巻,日本の野生植物 2- ミゾハコベ科～スイカズラ科 ―フィールド版―改訂新版.pdf,2d104638c72cbfc58f17ab38223bce3d7798f72abc2d14fa4495a3a7546f3b12,261,521,exclude_generic_key,"The cue belongs to generic genus/family discussion or a key, not a supported species-level diagnosis.",2026-07-12,,,,,原PDF画像で対象種・比較対象・識別形質・冊子ページを確認。OCRは候補探索のみに使用。
wildplants-v2-identification-0179,volume2_comparison_candidates,2,オオジシパリ,,,日本の野生植物 第2巻,日本の野生植物 2- ミゾハコベ科～スイカズラ科 ―フィールド版―改訂新版.pdf,2d104638c72cbfc58f17ab38223bce3d7798f72abc2d14fa4495a3a7546f3b12,262,522,exclude_no_objective_difference,"No named comparison taxon plus an objective, reliable differentiating trait was established.",2026-07-12,,,,,原PDF画像で対象種・比較対象・識別形質・冊子ページを確認。OCRは候補探索のみに使用。
wildplants-v2-identification-0180,volume2_comparison_candidates,2,マンシュウタカサゴソウ,タカサゴソウ,タカサゴソウに似るが、全体にやや小型で、花色は白から帯紫色、淡黄色まで変異する。,日本の野生植物 第2巻,日本の野生植物 2- ミゾハコベ科～スイカズラ科 ―フィールド版―改訂新版.pdf,2d104638c72cbfc58f17ab38223bce3d7798f72abc2d14fa4495a3a7546f3b12,262,522,include,,2026-07-12,,,,,原PDF画像で対象種・比較対象・識別形質・冊子ページを確認。OCRは候補探索のみに使用。
wildplants-v2-identification-0181,volume2_comparison_candidates,2,アキノノゲシ,,,日本の野生植物 第2巻,日本の野生植物 2- ミゾハコベ科～スイカズラ科 ―フィールド版―改訂新版.pdf,2d104638c72cbfc58f17ab38223bce3d7798f72abc2d14fa4495a3a7546f3b12,263,524,exclude_no_objective_difference,"No named comparison taxon plus an objective, reliable differentiating trait was established.",2026-07-12,,,,,原PDF画像で対象種・比較対象・識別形質・冊子ページを確認。OCRは候補探索のみに使用。
wildplants-v2-identification-0182,volume2_comparison_candidates,2,タカサゴタンポポ,モウコタンポポ,モウコタンポポに近縁だが、タカサゴタンポポは2倍体、モウコタンポポは3倍体である。,日本の野生植物 第2巻,日本の野生植物 2- ミゾハコベ科～スイカズラ科 ―フィールド版―改訂新版.pdf,2d104638c72cbfc58f17ab38223bce3d7798f72abc2d14fa4495a3a7546f3b12,265,529,include,,2026-07-12,,,,,原PDF画像で対象種・比較対象・識別形質・冊子ページを確認。OCRは候補探索のみに使用。
wildplants-v2-identification-0183,volume2_comparison_candidates,2,シナノタンポポ,エゾタンポポ,外部形態ではエゾタンポポとの識別が難しいが、花粉粒の大きさが均一である。,日本の野生植物 第2巻,日本の野生植物 2- ミゾハコベ科～スイカズラ科 ―フィールド版―改訂新版.pdf,2d104638c72cbfc58f17ab38223bce3d7798f72abc2d14fa4495a3a7546f3b12,265,529,include,,2026-07-12,,,,,原PDF画像で対象種・比較対象・識別形質・冊子ページを確認。OCRは候補探索のみに使用。
wildplants-v2-identification-0184,volume2_comparison_candidates,2,シロバナイガコウゾリナ,,,日本の野生植物 第2巻,日本の野生植物 2- ミゾハコベ科～スイカズラ科 ―フィールド版―改訂新版.pdf,2d104638c72cbfc58f17ab38223bce3d7798f72abc2d14fa4495a3a7546f3b12,266,531,exclude_generic_key,"The cue belongs to generic genus/family discussion or a key, not a supported species-level diagnosis.",2026-07-12,,,,,原PDF画像で対象種・比較対象・識別形質・冊子ページを確認。OCRは候補探索のみに使用。
wildplants-v2-identification-0185,volume2_comparison_candidates,2,カイタカラコウ,,,日本の野生植物 第2巻,日本の野生植物 2- ミゾハコベ科～スイカズラ科 ―フィールド版―改訂新版.pdf,2d104638c72cbfc58f17ab38223bce3d7798f72abc2d14fa4495a3a7546f3b12,270,539,exclude_generic_key,"The cue belongs to generic genus/family discussion or a key, not a supported species-level diagnosis.",2026-07-12,,,,,原PDF画像で対象種・比較対象・識別形質・冊子ページを確認。OCRは候補探索のみに使用。
wildplants-v2-identification-0186,volume2_comparison_candidates,2,オオイソノギク,イソノギク、ハマベノギク,オオイソノギクはイソノギクより大型である。イソノギクやハマベノギクと異なり、舌状花の冠毛は筒状花と同長である。,日本の野生植物 第2巻,日本の野生植物 2- ミゾハコベ科～スイカズラ科 ―フィールド版―改訂新版.pdf,2d104638c72cbfc58f17ab38223bce3d7798f72abc2d14fa4495a3a7546f3b12,275,549,include,,2026-07-12,,,,,原PDF画像で対象種・比較対象・識別形質・冊子ページを確認。OCRは候補探索のみに使用。
wildplants-v2-identification-0187,volume2_comparison_candidates,2,オオイソノギク,イソノギク、ハマベノギク,オオイソノギクはイソノギクより大型である。イソノギクやハマベノギクと異なり、舌状花の冠毛は筒状花と同長である。,日本の野生植物 第2巻,日本の野生植物 2- ミゾハコベ科～スイカズラ科 ―フィールド版―改訂新版.pdf,2d104638c72cbfc58f17ab38223bce3d7798f72abc2d14fa4495a3a7546f3b12,275,549,include,,2026-07-12,,,,,原PDF画像で対象種・比較対象・識別形質・冊子ページを確認。OCRは候補探索のみに使用。
wildplants-v2-identification-0188,volume2_comparison_candidates,2,オオユウガギク,ヨメナ,ヨメナよりやや大型で、葉が羽状に切れ込む傾向があり、冠毛の長さが不ぞろいである。,日本の野生植物 第2巻,日本の野生植物 2- ミゾハコベ科～スイカズラ科 ―フィールド版―改訂新版.pdf,2d104638c72cbfc58f17ab38223bce3d7798f72abc2d14fa4495a3a7546f3b12,275,549,include,,2026-07-12,,,,,原PDF画像で対象種・比較対象・識別形質・冊子ページを確認。OCRは候補探索のみに使用。
wildplants-v2-identification-0189,volume2_comparison_candidates,2,カントウヨメナ,ヨメナ,ヨメナに似るが、葉の鋸歯が深く、頭花がやや小さい。,日本の野生植物 第2巻,日本の野生植物 2- ミゾハコベ科～スイカズラ科 ―フィールド版―改訂新版.pdf,2d104638c72cbfc58f17ab38223bce3d7798f72abc2d14fa4495a3a7546f3b12,275,549,include,,2026-07-12,,,,,原PDF画像で対象種・比較対象・識別形質・冊子ページを確認。OCRは候補探索のみに使用。
wildplants-v2-identification-0190,volume2_comparison_candidates,2,サツマシロギク,イナカギク,イナカギクに似るが、葉裏に長軟毛と短毛が混生し、長毛はやや少ない。,日本の野生植物 第2巻,日本の野生植物 2- ミゾハコベ科～スイカズラ科 ―フィールド版―改訂新版.pdf,2d104638c72cbfc58f17ab38223bce3d7798f72abc2d14fa4495a3a7546f3b12,276,550,include,,2026-07-12,,,,,原PDF画像で対象種・比較対象・識別形質・冊子ページを確認。OCRは候補探索のみに使用。
wildplants-v2-identification-0191,volume2_comparison_candidates,2,ケシロヨメナ,シロヨメナ,シロヨメナに似るが、茎と葉裏に短毛が多い。,日本の野生植物 第2巻,日本の野生植物 2- ミゾハコベ科～スイカズラ科 ―フィールド版―改訂新版.pdf,2d104638c72cbfc58f17ab38223bce3d7798f72abc2d14fa4495a3a7546f3b12,276,550,include,,2026-07-12,,,,,原PDF画像で対象種・比較対象・識別形質・冊子ページを確認。OCRは候補探索のみに使用。
wildplants-v2-identification-0192,volume2_comparison_candidates,2,ノコンギク,,,日本の野生植物 第2巻,日本の野生植物 2- ミゾハコベ科～スイカズラ科 ―フィールド版―改訂新版.pdf,2d104638c72cbfc58f17ab38223bce3d7798f72abc2d14fa4495a3a7546f3b12,276,551,exclude_no_objective_difference,"No named comparison taxon plus an objective, reliable differentiating trait was established.",2026-07-12,,,,,原PDF画像で対象種・比較対象・識別形質・冊子ページを確認。OCRは候補探索のみに使用。
wildplants-v2-identification-0193,volume2_comparison_candidates,2,アズマギク,,,日本の野生植物 第2巻,日本の野生植物 2- ミゾハコベ科～スイカズラ科 ―フィールド版―改訂新版.pdf,2d104638c72cbfc58f17ab38223bce3d7798f72abc2d14fa4495a3a7546f3b12,277,552,exclude_generic_key,"The cue belongs to generic genus/family discussion or a key, not a supported species-level diagnosis.",2026-07-12,,,,,原PDF画像で対象種・比較対象・識別形質・冊子ページを確認。OCRは候補探索のみに使用。
wildplants-v2-identification-0194,volume2_comparison_candidates,2,ヘラバヒメジョオン,,,日本の野生植物 第2巻,日本の野生植物 2- ミゾハコベ科～スイカズラ科 ―フィールド版―改訂新版.pdf,2d104638c72cbfc58f17ab38223bce3d7798f72abc2d14fa4495a3a7546f3b12,277,553,exclude_generic_key,"The cue belongs to generic genus/family discussion or a key, not a supported species-level diagnosis.",2026-07-12,,,,,原PDF画像で対象種・比較対象・識別形質・冊子ページを確認。OCRは候補探索のみに使用。
wildplants-v2-identification-0195,volume2_comparison_candidates,2,コケセンボンギク,,,日本の野生植物 第2巻,日本の野生植物 2- ミゾハコベ科～スイカズラ科 ―フィールド版―改訂新版.pdf,2d104638c72cbfc58f17ab38223bce3d7798f72abc2d14fa4495a3a7546f3b12,278,554,exclude_generic_key,The comparison is between genera and does not establish a species-level diagnosis.,2026-07-12,,,,,原PDF画像で対象種・比較対象・識別形質・冊子ページを確認。OCRは候補探索のみに使用。
wildplants-v2-identification-0196,volume2_comparison_candidates,2,オオアワダチソウ,セイタカアワダチソウ,セイタカアワダチソウに似るが、茎と葉はほとんど無毛で、開花期が7-9月と早い。,日本の野生植物 第2巻,日本の野生植物 2- ミゾハコベ科～スイカズラ科 ―フィールド版―改訂新版.pdf,2d104638c72cbfc58f17ab38223bce3d7798f72abc2d14fa4495a3a7546f3b12,278,555,include,,2026-07-12,,,,,原PDF画像で対象種・比較対象・識別形質・冊子ページを確認。OCRは候補探索のみに使用。
wildplants-v2-identification-0197,volume2_comparison_candidates,2,アキノキリンソウ,,,日本の野生植物 第2巻,日本の野生植物 2- ミゾハコベ科～スイカズラ科 ―フィールド版―改訂新版.pdf,2d104638c72cbfc58f17ab38223bce3d7798f72abc2d14fa4495a3a7546f3b12,278,555,exclude_generic_key,"The cue belongs to generic genus/family discussion or a key, not a supported species-level diagnosis.",2026-07-12,,,,,原PDF画像で対象種・比較対象・識別形質・冊子ページを確認。OCRは候補探索のみに使用。
wildplants-v2-identification-0198,volume2_comparison_candidates,2,ニイタカヨモギ,カワラヨモギ,カワラヨモギに似るが、頭花は長さ2.5-3 mm、径2.5-3.5 mmと大きい。,日本の野生植物 第2巻,日本の野生植物 2- ミゾハコベ科～スイカズラ科 ―フィールド版―改訂新版.pdf,2d104638c72cbfc58f17ab38223bce3d7798f72abc2d14fa4495a3a7546f3b12,281,560,include,,2026-07-12,,,,,原PDF画像で対象種・比較対象・識別形質・冊子ページを確認。OCRは候補探索のみに使用。
wildplants-v2-identification-0199,volume2_comparison_candidates,2,マシュウヨモギ,ヒロハウラジロヨモギ,ヒロハウラジロヨモギに似るが、頭花は長さ・径とも約3 mmと小さく、葉が深く切れ込む。,日本の野生植物 第2巻,日本の野生植物 2- ミゾハコベ科～スイカズラ科 ―フィールド版―改訂新版.pdf,2d104638c72cbfc58f17ab38223bce3d7798f72abc2d14fa4495a3a7546f3b12,281,561,include,,2026-07-12,,,,,原PDF画像で対象種・比較対象・識別形質・冊子ページを確認。OCRは候補探索のみに使用。
wildplants-v2-identification-0200,volume2_comparison_candidates,2,ヤマハハコ,,,日本の野生植物 第2巻,日本の野生植物 2- ミゾハコベ科～スイカズラ科 ―フィールド版―改訂新版.pdf,2d104638c72cbfc58f17ab38223bce3d7798f72abc2d14fa4495a3a7546f3b12,285,569,exclude_unstable_distinction,The source says the taxa are not reliably distinguishable or treats the distinction as unstable.,2026-07-12,,,,,原PDF画像で対象種・比較対象・識別形質・冊子ページを確認。OCRは候補探索のみに使用。
wildplants-v2-identification-0201,volume2_comparison_candidates,2,タカネヤハズハハコ,,,日本の野生植物 第2巻,日本の野生植物 2- ミゾハコベ科～スイカズラ科 ―フィールド版―改訂新版.pdf,2d104638c72cbfc58f17ab38223bce3d7798f72abc2d14fa4495a3a7546f3b12,285,569,exclude_no_objective_difference,"No named comparison taxon plus an objective, reliable differentiating trait was established.",2026-07-12,,,,,原PDF画像で対象種・比較対象・識別形質・冊子ページを確認。OCRは候補探索のみに使用。
wildplants-v2-identification-0202,volume2_comparison_candidates,2,エゾノチチコグサ,,,日本の野生植物 第2巻,日本の野生植物 2- ミゾハコベ科～スイカズラ科 ―フィールド版―改訂新版.pdf,2d104638c72cbfc58f17ab38223bce3d7798f72abc2d14fa4495a3a7546f3b12,286,570,exclude_generic_key,"The cue belongs to generic genus/family discussion or a key, not a supported species-level diagnosis.",2026-07-12,,,,,原PDF画像で対象種・比較対象・識別形質・冊子ページを確認。OCRは候補探索のみに使用。
wildplants-v2-identification-0203,volume2_comparison_candidates,2,ミヤマウスユキソウ,,,日本の野生植物 第2巻,日本の野生植物 2- ミゾハコベ科～スイカズラ科 ―フィールド版―改訂新版.pdf,2d104638c72cbfc58f17ab38223bce3d7798f72abc2d14fa4495a3a7546f3b12,287,573,exclude_taxonomic_relatedness,Taxonomic relatedness is stated without an objective identification character.,2026-07-12,,,,,原PDF画像で対象種・比較対象・識別形質・冊子ページを確認。OCRは候補探索のみに使用。
wildplants-v2-identification-0204,volume2_comparison_candidates,2,ヤエヤマコウゾリナ,,,日本の野生植物 第2巻,日本の野生植物 2- ミゾハコベ科～スイカズラ科 ―フィールド版―改訂新版.pdf,2d104638c72cbfc58f17ab38223bce3d7798f72abc2d14fa4495a3a7546f3b12,288,574,exclude_no_objective_difference,"No named comparison taxon plus an objective, reliable differentiating trait was established.",2026-07-12,,,,,原PDF画像で対象種・比較対象・識別形質・冊子ページを確認。OCRは候補探索のみに使用。
wildplants-v2-identification-0205,volume2_comparison_candidates,2,オグルマ,,,日本の野生植物 第2巻,日本の野生植物 2- ミゾハコベ科～スイカズラ科 ―フィールド版―改訂新版.pdf,2d104638c72cbfc58f17ab38223bce3d7798f72abc2d14fa4495a3a7546f3b12,289,577,exclude_unstable_distinction,The source says the taxa are not reliably distinguishable or treats the distinction as unstable.,2026-07-12,,,,,原PDF画像で対象種・比較対象・識別形質・冊子ページを確認。OCRは候補探索のみに使用。
wildplants-v2-identification-0206,volume2_comparison_candidates,2,アメリカタカサブロウ,タカサブロウ,タカサブロウに似るが、葉幅がやや狭く、果実の縁に翼がなく、痩果側面全体にこぶ状隆起がある。,日本の野生植物 第2巻,日本の野生植物 2- ミゾハコベ科～スイカズラ科 ―フィールド版―改訂新版.pdf,2d104638c72cbfc58f17ab38223bce3d7798f72abc2d14fa4495a3a7546f3b12,291,580,include,,2026-07-12,,,,,原PDF画像で対象種・比較対象・識別形質・冊子ページを確認。OCRは候補探索のみに使用。
wildplants-v2-identification-0207,volume2_comparison_candidates,2,アメリカハマグルマ,クマノギク,クマノギクに似るがやや大型で、成熟個体の葉は中央部がくびれてほこ形になる。,日本の野生植物 第2巻,日本の野生植物 2- ミゾハコベ科～スイカズラ科 ―フィールド版―改訂新版.pdf,2d104638c72cbfc58f17ab38223bce3d7798f72abc2d14fa4495a3a7546f3b12,291,581,include,,2026-07-12,,,,,原PDF画像で対象種・比較対象・識別形質・冊子ページを確認。OCRは候補探索のみに使用。
wildplants-v2-identification-0208,volume2_comparison_candidates,2,ヨツバヒヨドリ,,,日本の野生植物 第2巻,日本の野生植物 2- ミゾハコベ科～スイカズラ科 ―フィールド版―改訂新版.pdf,2d104638c72cbfc58f17ab38223bce3d7798f72abc2d14fa4495a3a7546f3b12,295,588,exclude_unstable_distinction,The source says the taxa are not reliably distinguishable or treats the distinction as unstable.,2026-07-12,,,,,原PDF画像で対象種・比較対象・識別形質・冊子ページを確認。OCRは候補探索のみに使用。
wildplants-v2-identification-0209,volume2_comparison_candidates,2,トウザンヒヨドリ,ヒヨドリバナ,ヒヨドリバナに似るが、葉先が尾状にとがり、鋸歯が鈍い。,日本の野生植物 第2巻,日本の野生植物 2- ミゾハコベ科～スイカズラ科 ―フィールド版―改訂新版.pdf,2d104638c72cbfc58f17ab38223bce3d7798f72abc2d14fa4495a3a7546f3b12,295,588,include,,2026-07-12,,,,,原PDF画像で対象種・比較対象・識別形質・冊子ページを確認。OCRは候補探索のみに使用。
wildplants-v2-identification-0210,volume2_comparison_candidates,2,タイワンチドメグサ,,,日本の野生植物 第2巻,日本の野生植物 2- ミゾハコベ科～スイカズラ科 ―フィールド版―改訂新版.pdf,2d104638c72cbfc58f17ab38223bce3d7798f72abc2d14fa4495a3a7546f3b12,299,596,exclude_no_objective_difference,"No named comparison taxon plus an objective, reliable differentiating trait was established.",2026-07-12,,,,,原PDF画像で対象種・比較対象・識別形質・冊子ページを確認。OCRは候補探索のみに使用。
wildplants-v2-identification-0211,volume2_comparison_candidates,2,オキナワチドメグサ,,,日本の野生植物 第2巻,日本の野生植物 2- ミゾハコベ科～スイカズラ科 ―フィールド版―改訂新版.pdf,2d104638c72cbfc58f17ab38223bce3d7798f72abc2d14fa4495a3a7546f3b12,299,596,exclude_mere_resemblance,Resemblance is stated without an objective differentiating character.,2026-07-12,,,,,原PDF画像で対象種・比較対象・識別形質・冊子ページを確認。OCRは候補探索のみに使用。
wildplants-v2-identification-0212,volume2_comparison_candidates,2,エゾノヨロイグサ,ヨロイグサ,ヨロイグサに似るが、茎が細く、小葉はまばらで厚く、表面に光沢があり裏面は白みを帯びる。,日本の野生植物 第2巻,日本の野生植物 2- ミゾハコベ科～スイカズラ科 ―フィールド版―改訂新版.pdf,2d104638c72cbfc58f17ab38223bce3d7798f72abc2d14fa4495a3a7546f3b12,302,603,include,,2026-07-12,,,,,原PDF画像で対象種・比較対象・識別形質・冊子ページを確認。OCRは候補探索のみに使用。
wildplants-v2-identification-0213,volume2_comparison_candidates,2,シナノノダケ,ノダケモドキ,葉はノダケモドキに似るが、花序が大きく、花弁は広楕円形から円形で上縁が波打つ。,日本の野生植物 第2巻,日本の野生植物 2- ミゾハコベ科～スイカズラ科 ―フィールド版―改訂新版.pdf,2d104638c72cbfc58f17ab38223bce3d7798f72abc2d14fa4495a3a7546f3b12,303,604,include,,2026-07-12,,,,,原PDF画像で対象種・比較対象・識別形質・冊子ページを確認。OCRは候補探索のみに使用。
wildplants-v2-identification-0214,volume2_comparison_candidates,2,カワゼンゴ,,,日本の野生植物 第2巻,日本の野生植物 2- ミゾハコベ科～スイカズラ科 ―フィールド版―改訂新版.pdf,2d104638c72cbfc58f17ab38223bce3d7798f72abc2d14fa4495a3a7546f3b12,303,604,exclude_no_objective_difference,"No named comparison taxon plus an objective, reliable differentiating trait was established.",2026-07-12,,,,,原PDF画像で対象種・比較対象・識別形質・冊子ページを確認。OCRは候補探索のみに使用。
wildplants-v2-identification-0215,volume2_comparison_candidates,2,ミヤマトウキ,トウキ,トウキに似るが、小葉や裂片が広い。,日本の野生植物 第2巻,日本の野生植物 2- ミゾハコベ科～スイカズラ科 ―フィールド版―改訂新版.pdf,2d104638c72cbfc58f17ab38223bce3d7798f72abc2d14fa4495a3a7546f3b12,303,604,include,,2026-07-12,,,,,原PDF画像で対象種・比較対象・識別形質・冊子ページを確認。OCRは候補探索のみに使用。
wildplants-v2-identification-0216,volume2_comparison_candidates,2,ホソバトウキ,トウキ,トウキに似るが、葉が特に細く規則的な鋸歯があり、果実は楕円形で側翼が広い。,日本の野生植物 第2巻,日本の野生植物 2- ミゾハコベ科～スイカズラ科 ―フィールド版―改訂新版.pdf,2d104638c72cbfc58f17ab38223bce3d7798f72abc2d14fa4495a3a7546f3b12,303,604,include,,2026-07-12,,,,,原PDF画像で対象種・比較対象・識別形質・冊子ページを確認。OCRは候補探索のみに使用。
wildplants-v2-identification-0217,volume2_comparison_candidates,2,ハマゼリ,,,日本の野生植物 第2巻,日本の野生植物 2- ミゾハコベ科～スイカズラ科 ―フィールド版―改訂新版.pdf,2d104638c72cbfc58f17ab38223bce3d7798f72abc2d14fa4495a3a7546f3b12,304,606,exclude_taxonomic_relatedness,Taxonomic relatedness is stated without an objective identification character.,2026-07-12,,,,,原PDF画像で対象種・比較対象・識別形質・冊子ページを確認。OCRは候補探索のみに使用。
wildplants-v2-identification-0218,volume2_comparison_candidates,2,カラフトニンジン,ミヤマセンキュウ,ミヤマセンキュウに似るが、茎が丈夫で、葉がより広い。,日本の野生植物 第2巻,日本の野生植物 2- ミゾハコベ科～スイカズラ科 ―フィールド版―改訂新版.pdf,2d104638c72cbfc58f17ab38223bce3d7798f72abc2d14fa4495a3a7546f3b12,304,607,include,,2026-07-12,,,,,原PDF画像で対象種・比較対象・識別形質・冊子ページを確認。OCRは候補探索のみに使用。
wildplants-v2-identification-0219,volume2_comparison_candidates,2,タケシマシシウド,,,日本の野生植物 第2巻,日本の野生植物 2- ミゾハコベ科～スイカズラ科 ―フィールド版―改訂新版.pdf,2d104638c72cbfc58f17ab38223bce3d7798f72abc2d14fa4495a3a7546f3b12,304,607,exclude_unstable_distinction,Only an unquantified whole-plant size difference is given and the source does not provide a reproducible diagnostic trait.,2026-07-12,,,,,原PDF画像で対象種・比較対象・識別形質・冊子ページを確認。OCRは候補探索のみに使用。定量値や部位形質がないため公開識別欄から除外。
wildplants-v2-identification-0220,volume2_comparison_candidates,2,ツクシボウフウ,コウアンボウフウ,コウアンボウフウと比べ、羽片が少なく浅く切れ、果実が小さい。,日本の野生植物 第2巻,日本の野生植物 2- ミゾハコベ科～スイカズラ科 ―フィールド版―改訂新版.pdf,2d104638c72cbfc58f17ab38223bce3d7798f72abc2d14fa4495a3a7546f3b12,306,610,include,,2026-07-12,,,,,原PDF画像で対象種・比較対象・識別形質・冊子ページを確認。OCRは候補探索のみに使用。
wildplants-v2-identification-0221,volume2_comparison_candidates,2,トウヌマゼリ,ヌマゼリ,ヌマゼリに似るが、小葉が7-17個と多く、萼歯片が目立たない。,日本の野生植物 第2巻,日本の野生植物 2- ミゾハコベ科～スイカズラ科 ―フィールド版―改訂新版.pdf,2d104638c72cbfc58f17ab38223bce3d7798f72abc2d14fa4495a3a7546f3b12,306,611,include,,2026-07-12,,,,,原PDF画像で対象種・比較対象・識別形質・冊子ページを確認。OCRは候補探索のみに使用。
wildplants-v2-identification-0222,volume2_comparison_candidates,2,シラネニンジン,ミヤマウイキョウ,生態はミヤマウイキョウに似るが、葉は3出せず、2-3回羽状複葉になる。,日本の野生植物 第2巻,日本の野生植物 2- ミゾハコベ科～スイカズラ科 ―フィールド版―改訂新版.pdf,2d104638c72cbfc58f17ab38223bce3d7798f72abc2d14fa4495a3a7546f3b12,307,612,include,,2026-07-12,,,,,原PDF画像で対象種・比較対象・識別形質・冊子ページを確認。OCRは候補探索のみに使用。
wildplants-v2-identification-0223,volume2_comparison_candidates,2,オヤブジラミ,ヤブジラミ,ヤブジラミに似るが、葉は3回3出羽状複葉で細裂し、薄く、花期が早い。,日本の野生植物 第2巻,日本の野生植物 2- ミゾハコベ科～スイカズラ科 ―フィールド版―改訂新版.pdf,2d104638c72cbfc58f17ab38223bce3d7798f72abc2d14fa4495a3a7546f3b12,307,612,include,,2026-07-12,,,,,原PDF画像で対象種・比較対象・識別形質・冊子ページを確認。OCRは候補探索のみに使用。
wildplants-v2-identification-0224,volume2_comparison_candidates,2,コウグイスカグラ,,,日本の野生植物 第2巻,日本の野生植物 2- ミゾハコベ科～スイカズラ科 ―フィールド版―改訂新版.pdf,2d104638c72cbfc58f17ab38223bce3d7798f72abc2d14fa4495a3a7546f3b12,313,625,exclude_no_objective_difference,"No named comparison taxon plus an objective, reliable differentiating trait was established.",2026-07-12,,,,,原PDF画像で対象種・比較対象・識別形質・冊子ページを確認。OCRは候補探索のみに使用。
wildplants-v2-identification-0225,volume2_comparison_candidates,2,ハクサンオミナエシ,キンレイカ,キンレイカに似るが、花冠は径約5 mmと小さい。,日本の野生植物 第2巻,日本の野生植物 2- ミゾハコベ科～スイカズラ科 ―フィールド版―改訂新版.pdf,2d104638c72cbfc58f17ab38223bce3d7798f72abc2d14fa4495a3a7546f3b12,314,627,include,,2026-07-12,,,,,原PDF画像で対象種・比較対象・識別形質・冊子ページを確認。OCRは候補探索のみに使用。
wildplants-v1-structured-cleanup-0001,volume1_structured_field_cleanup,1,ハコネラン,,,日本の野生植物 第1巻,日本の野生植物 1- ソテツ科～コミカンソウ科.pdf,bcdcd5ac593747d6d58321d4a696ec96fb963233541af2a4666c4a1fbd1d4fb1,77,152,exclude_cleanup_only,比較対象の記述を本来の構造化欄から分離する,2026-07-12,flower_period,6一7月とやや早く,,6～7月,原PDF画像で対象種の本文境界と構造化欄を確認。コイチヨウランに似るが、花の色がより強い緑色で、花期は6～7月とやや早く、生育地は冷温帯であることが異なる。
wildplants-v1-structured-cleanup-0002,volume1_structured_field_cleanup,1,ハコネラン,,,日本の野生植物 第1巻,日本の野生植物 1- ソテツ科～コミカンソウ科.pdf,bcdcd5ac593747d6d58321d4a696ec96fb963233541af2a4666c4a1fbd1d4fb1,77,152,exclude_cleanup_only,比較対象の記述を本来の構造化欄から分離する,2026-07-12,habitat,コイチヨウラ ンに似るが、花の色がより強い緑色で、花期は6一7月とやや早く、生育地は冷温帯であること が異なる,,冷温帯に生育する,原PDF画像で対象種の本文境界と構造化欄を確認。コイチヨウランに似るが、花の色がより強い緑色で、花期は6～7月とやや早く、生育地は冷温帯であることが異なる。
wildplants-v1-structured-cleanup-0003,volume1_structured_field_cleanup,1,ウスキムヨウラン,,,日本の野生植物 第1巻,日本の野生植物 1- ソテツ科～コミカンソウ科.pdf,bcdcd5ac593747d6d58321d4a696ec96fb963233541af2a4666c4a1fbd1d4fb1,82,162,exclude_cleanup_only,比較対象の記述を本来の構造化欄から分離する,2026-07-12,habitat,エ ンシュウムヨウランL. suginoana （Tuyama） Seriz.は本種によく似るが、唇弁の中裂片に生える毛が 黄色で赤紫色をおびない,,暖温帯～亜熱帯の常緑広葉樹林下に生える,原PDF画像で対象種の本文境界と構造化欄を確認。暖温帯～亜熱帯の常緑広葉樹林下に生える。花は5～6月。本州（関東地方以西）・四国・九州・琉球、台湾・済州島に分布する。エンシュウムヨウランは本種によく似るが、唇弁の中裂片に生える毛が黄色で赤紫色をおびない。
wildplants-v1-structured-cleanup-0004,volume1_structured_field_cleanup,1,ユキグニハリスゲ,,,日本の野生植物 第1巻,日本の野生植物 1- ソテツ科～コミカンソウ科.pdf,bcdcd5ac593747d6d58321d4a696ec96fb963233541af2a4666c4a1fbd1d4fb1,115,229,exclude_cleanup_only,比較対象の記述を本来の構造化欄から分離する,2026-07-12,habitat,ユキグニハリスゲ Carex semilyalofrueta Tak. Shimizu （PL 208） 温原に生え、ニッコウハリスゲ に似る,,湿原に生える,原PDF画像で対象種の本文境界と構造化欄を確認。ユキグニハリスゲは湿原に生え、ニッコウハリスゲに似る。本州（中部以北）に分布。
wildplants-v1-structured-cleanup-0005,volume1_structured_field_cleanup,1,ノルゲスゲ,,,日本の野生植物 第1巻,日本の野生植物 1- ソテツ科～コミカンソウ科.pdf,bcdcd5ac593747d6d58321d4a696ec96fb963233541af2a4666c4a1fbd1d4fb1,117,233,exclude_cleanup_only,比較対象の記述を本来の構造化欄から分離する,2026-07-12,habitat,ハクサンスゲにやや似るが、創枝を伸ばして 群生し、有花基は高さ20-40cm,,海岸の湿地に生える,原PDF画像で対象種の本文境界と構造化欄を確認。ハクサンスゲにやや似るが、匐枝を伸ばして群生し、有花茎は高さ20～40 cm。6～7月に熟す。北海道（釧路・根室付近）の海岸の湿地に生え、サハリンからヨーロッパ・シベリア・北アメリカ西部に分布する。
wildplants-v1-structured-cleanup-0006,volume1_structured_field_cleanup,1,コゴメスゲ,,,日本の野生植物 第1巻,日本の野生植物 1- ソテツ科～コミカンソウ科.pdf,bcdcd5ac593747d6d58321d4a696ec96fb963233541af2a4666c4a1fbd1d4fb1,118,235,exclude_cleanup_only,比較対象の記述を本来の構造化欄から分離する,2026-07-12,habitat,コゴメスゲ Carex brunnea Thunb. （PL217） ナキリスゲによく似るが、治海地に生える,,沿海地に生える,原PDF画像で対象種の本文境界と構造化欄を確認。コゴメスゲはナキリスゲによく似るが、沿海地に生える。高さ40～80 cm。8～10月に熟す。
wildplants-v1-structured-cleanup-0007,volume1_structured_field_cleanup,1,ケスゲ,,,日本の野生植物 第1巻,日本の野生植物 1- ソテツ科～コミカンソウ科.pdf,bcdcd5ac593747d6d58321d4a696ec96fb963233541af2a4666c4a1fbd1d4fb1,122,243,exclude_cleanup_only,比較対象の記述を本来の構造化欄から分離する,2026-07-12,habitat,ホンモンジスゲやシロイトスゲとその変種によ く似るが、茎、葉、花序など、全体に開出する敷毛が生えることで容易に区別できる,,山地林内に生える,原PDF画像で対象種の本文境界と構造化欄を確認。ホンモンジスゲやシロイトスゲとその変種によく似るが、茎、葉、花序など、全体に開出する軟毛が生えることで容易に区別できる。茎は高さ30～50 cm。4～6月に熟す。本州（関東以西）～九州、中国（安徽省）の山地林内に生える。
wildplants-v1-structured-cleanup-0008,volume1_structured_field_cleanup,1,アイズスゲ,,,日本の野生植物 第1巻,日本の野生植物 1- ソテツ科～コミカンソウ科.pdf,bcdcd5ac593747d6d58321d4a696ec96fb963233541af2a4666c4a1fbd1d4fb1,123,245,exclude_cleanup_only,比較対象の記述を本来の構造化欄から分離する,2026-07-12,habitat,本州中北部の山中の疎林地や草原に生え、中国（北 部）・サハリンに類似種がある,,山中の疎林地や草原に生える,原PDF画像で対象種の本文境界と構造化欄を確認。根茎は短くはい、褐色の繊維がいちじるしい。有花茎は高さ50～70 cm。5～7月に熟す。本州中北部の山中の疎林地や草原に生え、中国（北部）・サハリンに類似種がある。
wildplants-v1-structured-cleanup-0009,volume1_structured_field_cleanup,1,ケタガネソウ,,,日本の野生植物 第1巻,日本の野生植物 1- ソテツ科～コミカンソウ科.pdf,bcdcd5ac593747d6d58321d4a696ec96fb963233541af2a4666c4a1fbd1d4fb1,124,246,exclude_cleanup_only,比較対象の記述を本来の構造化欄から分離する,2026-07-12,habitat,タガネソウによく似るが、全体に少し小 さく、茎や薬に密に長毛が生える,,,原PDF画像で対象種の本文境界と構造化欄を確認。ケタガネソウはタガネソウによく似るが、全体に少し小さく、茎や葉に密に長毛が生える。本州（中部以西）～九州、朝鮮半島・中国（東北）に生える。
wildplants-v1-structured-cleanup-0010,volume1_structured_field_cleanup,1,ナガボノコジュズスゲ,,,日本の野生植物 第1巻,日本の野生植物 1- ソテツ科～コミカンソウ科.pdf,bcdcd5ac593747d6d58321d4a696ec96fb963233541af2a4666c4a1fbd1d4fb1,126,250,exclude_cleanup_only,比較対象の記述を本来の構造化欄から分離する,2026-07-12,habitat,6～7月に成熟するコジュズスゲに似る が、本州の日本海側の高山の水湿のある草原に生える,,高山の水湿のある草原に生える,原PDF画像で対象種の本文境界と構造化欄を確認。6～7月に成熟するコジュズスゲに似るが、本州の日本海側の高山の水湿のある草原に生える。
wildplants-v1-structured-cleanup-0011,volume1_structured_field_cleanup,1,キンキカサスゲ,,,日本の野生植物 第1巻,日本の野生植物 1- ソテツ科～コミカンソウ科.pdf,bcdcd5ac593747d6d58321d4a696ec96fb963233541af2a4666c4a1fbd1d4fb1,128,254,exclude_cleanup_only,比較対象の記述を本来の構造化欄から分離する,2026-07-12,habitat,カサスゲによく似るが、山地の渓流のほとり に生え、茎は高さ30-70cm,,山地の渓流のほとりに生える,原PDF画像で対象種の本文境界と構造化欄を確認。キンキカサスゲはカサスゲによく似るが、山地の渓流のほとりに生え、茎は高さ30～70 cm。5～6月に熟す。本州（長野県南部・北陸・近畿・中国地方）に分布。
wildplants-v1-structured-cleanup-0012,volume1_structured_field_cleanup,1,スナジスゲ,,,日本の野生植物 第1巻,日本の野生植物 1- ソテツ科～コミカンソウ科.pdf,bcdcd5ac593747d6d58321d4a696ec96fb963233541af2a4666c4a1fbd1d4fb1,129,256,exclude_cleanup_only,比較対象の記述を本来の構造化欄から分離する,2026-07-12,habitat,河川の高水敷に生え、全体にビロードスゲ に似るが、果胞はやや大きく、あらい毛が生えるが、ビロードスゲのように密生はしない,,河川の高水敷に生える,原PDF画像で対象種の本文境界と構造化欄を確認。スナジスゲは河川の高水敷に生え、全体にビロードスゲに似るが、果胞はやや大きく、あらい毛が生えるが、ビロードスゲのように密生はしない。
wildplants-v1-structured-cleanup-0013,volume1_structured_field_cleanup,1,ツルメヒシバ,,,日本の野生植物 第1巻,日本の野生植物 1- ソテツ科～コミカンソウ科.pdf,bcdcd5ac593747d6d58321d4a696ec96fb963233541af2a4666c4a1fbd1d4fb1,165,328,exclude_cleanup_only,比較対象の記述を本来の構造化欄から分離する,2026-07-12,habitat,は熱帯～亜熱帯アメ リカ原産で、本種に似るが薬がやや細く、日本国内でもしばしば野生化している,,,原PDF画像で対象種の本文境界と構造化欄を確認。ツルメヒシバは長い根茎を有する多年草。高さ15～30 cm。熱帯アメリカ原産。ホソバツルメヒシバは熱帯～亜熱帯アメリカ原産で、本種に似るが葉がやや細く、日本国内でもしばしば野生化している。
wildplants-v2-structured-cleanup-0001,volume2_structured_field_cleanup,2,シロウマアカバナ,,,日本の野生植物 第2巻,日本の野生植物 2- ミゾハコベ科～スイカズラ科 ―フィールド版―改訂新版.pdf,2d104638c72cbfc58f17ab38223bce3d7798f72abc2d14fa4495a3a7546f3b12,44,87,exclude_cleanup_only,比較対象の記述を本来の構造化欄から分離する,2026-07-12,habitat,高山の雪田などの湿地に生えるミヤ マアカバナに酷似した多年草,,高山の雪田などの湿地に生える,原PDF画像で対象種の本文境界と構造化欄を確認。比較対象のミヤマアカバナへの言及を除き、シロウマアカバナ自身の生育環境だけを残す。
wildplants-v2-structured-cleanup-0002,volume2_structured_field_cleanup,2,ハナノキ,,,日本の野生植物 第2巻,日本の野生植物 2- ミゾハコベ科～スイカズラ科 ―フィールド版―改訂新版.pdf,2d104638c72cbfc58f17ab38223bce3d7798f72abc2d14fa4495a3a7546f3b12,52,103,exclude_cleanup_only,比較対象の記述を本来の構造化欄から分離する,2026-07-12,distribution,北アメリカ東部に分布するアメリカハナノキA. rubrum L. （PL.90）はハナノキによく似て いるが、1花序の花数は10個内外,日本固有で岐阜・長野両県南部および愛知県北東部の3県県境一帯に自生し長野県大町市に隔離分布する,日本固有。岐阜県・長野県両県南部および愛知県北東部の3県県境一帯に自生し、長野県大町市に隔離分布する,原PDF画像で対象種の本文境界と構造化欄を確認。アメリカハナノキの分布・識別文を除き、ハナノキ自身の分布だけを原本から復元する。
wildplants-v2-structured-cleanup-0003,volume2_structured_field_cleanup,2,タネツケバナ,,,日本の野生植物 第2巻,日本の野生植物 2- ミゾハコベ科～スイカズラ科 ―フィールド版―改訂新版.pdf,2d104638c72cbfc58f17ab38223bce3d7798f72abc2d14fa4495a3a7546f3b12,73,145,exclude_cleanup_only,比較対象の記述を本来の構造化欄から分離する,2026-07-12,habitat,これに似て、河原や林縁などやや乾いた明るい場所 に生えるものをタチタネツケバナC.fallax （O.E. Schulz） Nakai （PL. 155）という,,水田や畑、道ばたなどに多い,原PDF画像で対象種の本文境界と構造化欄を確認。タチタネツケバナの生育環境を除き、タネツケバナ自身の生育環境だけを残す。
wildplants-v2-structured-cleanup-0004,volume2_structured_field_cleanup,2,イヌガラシ,,,日本の野生植物 第2巻,日本の野生植物 2- ミゾハコベ科～スイカズラ科 ―フィールド版―改訂新版.pdf,2d104638c72cbfc58f17ab38223bce3d7798f72abc2d14fa4495a3a7546f3b12,77,153,exclude_cleanup_only,比較対象の記述を本来の構造化欄から分離する,2026-07-12,habitat,ミチバタガラシR. dubia （Pers.） H. Haraはイヌガラシにやや似ているが、高さ5～30cm、市街地周辺の明るい裸地に生え,,低地の畑のへりや道ばたなどに多い,原PDF画像で対象種の本文境界と構造化欄を確認。ミチバタガラシの比較・生育環境を除き、イヌガラシ自身の生育環境だけを残す。
wildplants-v2-structured-cleanup-0005,volume2_structured_field_cleanup,2,メアカンフスマ,,,日本の野生植物 第2巻,日本の野生植物 2- ミゾハコベ科～スイカズラ科 ―フィールド版―改訂新版.pdf,2d104638c72cbfc58f17ab38223bce3d7798f72abc2d14fa4495a3a7546f3b12,92,182,exclude_cleanup_only,比較対象の記述を本来の構造化欄から分離する,2026-07-12,distribution,本州北部の鳥海山には、全体がメア カンフスマより大きく、葉は倒卵状楕円形、花は径1.5cmのチョウカイフスマvar. chokaiensis （Yatabe） Okuyama （PL.194）が分布する,,南千島（択捉島）・北海道（知床半島・雌阿寒岳）に分布する,原PDF画像で対象種の本文境界と構造化欄を確認。チョウカイフスマの比較・分布を除き、メアカンフスマ自身の分布だけを残す。
wildplants-v2-structured-cleanup-0006,volume2_structured_field_cleanup,2,クニガミヒサカキ,,,日本の野生植物 第2巻,日本の野生植物 2- ミゾハコベ科～スイカズラ科 ―フィールド版―改訂新版.pdf,2d104638c72cbfc58f17ab38223bce3d7798f72abc2d14fa4495a3a7546f3b12,116,230,exclude_cleanup_only,比較対象の記述を本来の構造化欄から分離する,2026-07-12,habitat,は枝や葉の特徴が本種に似ており、八重山 諸島（石垣島・西表島）の固有で、ふつう渓流の近くに生えて出などからやや水平に枝を広げ、 低地から標高500m位まで生育する,,,原PDF画像で対象種の本文境界と構造化欄を確認。現値はヤエヤマヒサカキの比較・生育環境であり、クニガミヒサカキ自身の客観的な生育環境は当該記載にないため空欄にする。
wildplants-v2-structured-cleanup-0007,volume2_structured_field_cleanup,2,イワウチワ,,,日本の野生植物 第2巻,日本の野生植物 2- ミゾハコベ科～スイカズラ科 ―フィールド版―改訂新版.pdf,2d104638c72cbfc58f17ab38223bce3d7798f72abc2d14fa4495a3a7546f3b12,127,252,exclude_cleanup_not_required,原PDF上の対象種自身の記述なので構造化欄を維持する,2026-07-12,,,,,原PDF画像で対象種の本文境界と構造化欄を確認。地域による形態差は類似種比較ではなく、イワウチワ自身の地域変異を伴う分布記述なので維持する。
wildplants-v2-structured-cleanup-0008,volume2_structured_field_cleanup,2,ハマネナシカズラ,,,日本の野生植物 第2巻,日本の野生植物 2- ミゾハコベ科～スイカズラ科 ―フィールド版―改訂新版.pdf,2d104638c72cbfc58f17ab38223bce3d7798f72abc2d14fa4495a3a7546f3b12,165,329,exclude_cleanup_only,比較対象の記述を本来の構造化欄から分離する,2026-07-12,distribution,本州（神奈川県以西の太 平洋側と瀬戸内海沿岸）・四国・九州（？）の海岸に生育し、国外の分布は南はマメダオシとほ ぽ同じであるが、より西方のインドまで広がっている,本州（神奈川県以西の太平洋側と瀬戸内海沿岸）・四国・九州（？）の海岸に生育し、国外ではインドまで分布する,本州（神奈川県以西の太平洋側と瀬戸内海沿岸）・四国の海岸に生育し、国外ではインドまで分布する,原PDF画像で対象種の本文境界と構造化欄全体を確認。マメダオシとの相対表現と疑問符付きの九州記録を除外し、ハマネナシカズラ自身の確実な国内生育域と国外分布だけを残す。
wildplants-v2-structured-cleanup-0009,volume2_structured_field_cleanup,2,ノアサガオ,,,日本の野生植物 第2巻,日本の野生植物 2- ミゾハコベ科～スイカズラ科 ―フィールド版―改訂新版.pdf,2d104638c72cbfc58f17ab38223bce3d7798f72abc2d14fa4495a3a7546f3b12,167,333,exclude_cleanup_only,比較対象の記述を本来の構造化欄から分離する,2026-07-12,habitat,海岸の草地や崖に生えるつる性の多年草で非 常にアサガオに似る,,海岸の草地や崖に生える,原PDF画像で対象種の本文境界と構造化欄を確認。アサガオへの類似記述と生活形を除き、ノアサガオ自身の生育環境だけを残す。
wildplants-v2-structured-cleanup-0010,volume2_structured_field_cleanup,2,ワルナスビ,,,日本の野生植物 第2巻,日本の野生植物 2- ミゾハコベ科～スイカズラ科 ―フィールド版―改訂新版.pdf,2d104638c72cbfc58f17ab38223bce3d7798f72abc2d14fa4495a3a7546f3b12,173,344,exclude_cleanup_only,比較対象の記述を本来の構造化欄から分離する,2026-07-12,habitat,モンバナスビS. undatum Lam.はワルナスビに似て、両 面に7～12分岐する細かい星状毛が生えるもので、花冠は白色または淡紫色,,,原PDF画像で対象種の本文境界と構造化欄を確認。現値はモンバナスビの比較形質であり、ワルナスビ自身の生育環境ではないため空欄にする。
wildplants-v2-structured-cleanup-0011,volume2_structured_field_cleanup,2,マルバノサワトウガラシ,,,日本の野生植物 第2巻,日本の野生植物 2- ミゾハコベ科～スイカズラ科 ―フィールド版―改訂新版.pdf,2d104638c72cbfc58f17ab38223bce3d7798f72abc2d14fa4495a3a7546f3b12,185,369,exclude_cleanup_only,比較対象の記述を本来の構造化欄から分離する,2026-07-12,habitat,サワトウガラシに よく似て湿地や水田に生える一年草,,湿地や水田に生える,原PDF画像で対象種の本文境界と構造化欄を確認。サワトウガラシへの類似記述と生活形を除き、マルバノサワトウガラシ自身の生育環境だけを残す。
wildplants-v2-structured-cleanup-0012,volume2_structured_field_cleanup,2,イワギキョウ,,,日本の野生植物 第2巻,日本の野生植物 2- ミゾハコベ科～スイカズラ科 ―フィールド版―改訂新版.pdf,2d104638c72cbfc58f17ab38223bce3d7798f72abc2d14fa4495a3a7546f3b12,231,461,exclude_cleanup_only,比較対象の記述を本来の構造化欄から分離する,2026-07-12,habitat,チシマギキョウと同じような環境に生え、 よく似る,,高山の砂礫地に生える,原PDF画像で対象種の本文境界と構造化欄を確認。「チシマギキョウと同じような環境」を、直前に明記された客観的な生育環境へ解決する。
wildplants-v2-structured-cleanup-0013,volume2_structured_field_cleanup,2,モウコタンポポ,,,日本の野生植物 第2巻,日本の野生植物 2- ミゾハコベ科～スイカズラ科 ―フィールド版―改訂新版.pdf,2d104638c72cbfc58f17ab38223bce3d7798f72abc2d14fa4495a3a7546f3b12,265,529,exclude_cleanup_only,比較対象の記述を本来の構造化欄から分離する,2026-07-12,distribution,近縁のタカサゴタンポポT. formosanum Kitam.は2倍体で、台湾に分布する,,中国～朝鮮半島に分布し、日本では九州・中国地方で確認されている,原PDF画像で対象種の本文境界と構造化欄を確認。タカサゴタンポポの台湾分布を除き、モウコタンポポ自身の産地・国内発見地だけを残す。
wildplants-v2-structured-cleanup-0014,volume2_structured_field_cleanup,2,オオアワダチソウ,,,日本の野生植物 第2巻,日本の野生植物 2- ミゾハコベ科～スイカズラ科 ―フィールド版―改訂新版.pdf,2d104638c72cbfc58f17ab38223bce3d7798f72abc2d14fa4495a3a7546f3b12,278,555,exclude_cleanup_only,比較対象の記述を本来の構造化欄から分離する,2026-07-12,distribution,北海道～九州に分布し、北海道ではセイタカアワダチソウよりも多い,,北アメリカ原産で、ヨーロッパにも帰化し、日本では北海道～九州に分布する,原PDF画像で対象種の本文境界と構造化欄を確認。北海道でのセイタカアワダチソウとの相対的な多寡を除き、オオアワダチソウ自身の分布だけを残す。
wildplants-v2-structured-cleanup-0015,volume2_structured_field_cleanup,2,オカダイコン,,,日本の野生植物 第2巻,日本の野生植物 2- ミゾハコベ科～スイカズラ科 ―フィールド版―改訂新版.pdf,2d104638c72cbfc58f17ab38223bce3d7798f72abc2d14fa4495a3a7546f3b12,294,586,exclude_cleanup_only,比較対象の記述を本来の構造化欄から分離する,2026-07-12,distribution,本州（関 東地方以）～琉球・伊豆諸島、台湾・中国（中南部）・東南アジア・南アジアに分布し、東南 アジアやネパールではヌマダイコンよりも標高の高い暖温帯に見られる,,本州（関東地方以西）～琉球・伊豆諸島、台湾・中国（中南部）・東南アジア・南アジアに分布する,原PDF画像で対象種の本文境界と構造化欄を確認。ヌマダイコンとの標高比較を除き、オカダイコン自身の分布だけを残す。
wildplants-v2-structured-cleanup-0016,volume2_structured_field_cleanup,2,トウキ,,,日本の野生植物 第2巻,日本の野生植物 2- ミゾハコベ科～スイカズラ科 ―フィールド版―改訂新版.pdf,2d104638c72cbfc58f17ab38223bce3d7798f72abc2d14fa4495a3a7546f3b12,303,604,exclude_cleanup_only,比較対象の記述を本来の構造化欄から分離する,2026-07-12,distribution,これに似て、小葉や製片 が広くミヤマトウキ（イワテトウキ）var. iwatensis （Kitag.） Hikino （PL642）は東北地方から北海道 に分布,,本州中北部に産し、栽培もされる,原PDF画像で対象種の本文境界と構造化欄を確認。ミヤマトウキの比較・分布を除き、トウキ自身の分布だけを残す。
