audit_id,source,source_pdf_file,source_pdf_sha256,plant_name,audit_category,current_value,reference_value,decision,verified_value,pdf_page,printed_page,reviewed_on,verification_method,review_note
wildplants-taxonomy-followup-0001,日本の野生植物 第1巻,日本の野生植物 1- ソテツ科～コミカンソウ科.pdf,bcdcd5ac593747d6d58321d4a696ec96fb963233541af2a4666c4a1fbd1d4fb1,スエヒロアオイ,plant_name_not_supported_by_ocr_page,スエヒロアオイ,Plant name or known OCR-correction variant should appear on the cited page,keep_source,スエヒロアオイ,32,63,2026-07-12,original_pdf_visual_review,原PDF p32（冊子p63）の種見出し「スエヒロアオイ Asarum dilatatum」を目視確認。現行の和名・学名を支持する。
wildplants-taxonomy-followup-0002,日本の野生植物 第1巻,日本の野生植物 1- ソテツ科～コミカンソウ科.pdf,bcdcd5ac593747d6d58321d4a696ec96fb963233541af2a4666c4a1fbd1d4fb1,スエヒロアオイ,scientific_name_not_supported_by_ocr_page,Asarum dilatatum,Scientific name should be exact or close to cached OCR text,keep_source,Asarum dilatatum,32,63,2026-07-12,original_pdf_visual_review,原PDF p32（冊子p63）の種見出し「スエヒロアオイ Asarum dilatatum」を目視確認。現行の和名・学名を支持する。
wildplants-taxonomy-followup-0003,日本の野生植物 第1巻,日本の野生植物 1- ソテツ科～コミカンソウ科.pdf,bcdcd5ac593747d6d58321d4a696ec96fb963233541af2a4666c4a1fbd1d4fb1,タムシバ,plant_name_not_supported_by_ocr_page,タムシバ,Plant name or known OCR-correction variant should appear on the cited page,keep_source,タムシバ,33,65,2026-07-12,original_pdf_visual_review,原PDF p33（冊子p65）の種見出し「タムシバ Magnolia salicifolia」を目視確認。現行の和名を支持する。
wildplants-taxonomy-followup-0004,日本の野生植物 第1巻,日本の野生植物 1- ソテツ科～コミカンソウ科.pdf,bcdcd5ac593747d6d58321d4a696ec96fb963233541af2a4666c4a1fbd1d4fb1,タイサンボク,possible_ocr_latin_typo_against_ylist,Magnolia grandilora,Magnolia grandiflora,correct_ocr,Magnolia grandiflora,34,66,2026-07-12,original_pdf_visual_review,PDF p.34（冊子p.66、左頁）の種見出しを原画像で目視し「Magnolia grandiflora」と確認。現行scientific_nameはOCR文字誤り。 genus欄も同じ属見出しに合わせる必要がある。 独立した2回の原PDF画像照合で一致した。
wildplants-taxonomy-followup-0005,日本の野生植物 第1巻,日本の野生植物 1- ソテツ科～コミカンソウ科.pdf,bcdcd5ac593747d6d58321d4a696ec96fb963233541af2a4666c4a1fbd1d4fb1,スナヅル,possible_ocr_latin_typo_against_ylist,Cassytha fliformnis,Cassytha filiformis,correct_ocr,Cassytha filiformis var. filiformis,35,69,2026-07-12,original_pdf_visual_review,PDF p.35（冊子p.69、右頁）の種見出しを原画像で目視し「Cassytha filiformis var. filiformis」と確認。現行scientific_nameはOCR文字誤り。 独立した2回の原PDF画像照合で一致した。
wildplants-taxonomy-followup-0006,日本の野生植物 第1巻,日本の野生植物 1- ソテツ科～コミカンソウ科.pdf,bcdcd5ac593747d6d58321d4a696ec96fb963233541af2a4666c4a1fbd1d4fb1,クワズイモ,possible_ocr_latin_typo_against_ylist,Alocasia odora,Alocasia odorum,keep_source,Alocasia odora,39,77,2026-07-12,original_pdf_visual_review,PDF p.39（冊子p.77、右頁）の種見出しを原画像で目視し「Alocasia odora」と確認。現行scientific_nameは原本どおりなので維持。 genus欄も同じ属見出しに合わせる必要がある。 独立した2回の原PDF画像照合で一致した。
wildplants-taxonomy-followup-0007,日本の野生植物 第1巻,日本の野生植物 1- ソテツ科～コミカンソウ科.pdf,bcdcd5ac593747d6d58321d4a696ec96fb963233541af2a4666c4a1fbd1d4fb1,ヒルムシロ,possible_ocr_latin_typo_against_ylist,Potamogeton distinetus,Potamogeton distinctus,correct_ocr,Potamogeton distinctus,53,105,2026-07-12,original_pdf_visual_review,PDF p.53（冊子p.105、右頁）の種見出しを原画像で目視し「Potamogeton distinctus」と確認。現行scientific_nameはOCR文字誤り。 genus欄も同じ属見出しに合わせる必要がある。 独立した2回の原PDF画像照合で一致した。
wildplants-taxonomy-followup-0008,日本の野生植物 第1巻,日本の野生植物 1- ソテツ科～コミカンソウ科.pdf,bcdcd5ac593747d6d58321d4a696ec96fb963233541af2a4666c4a1fbd1d4fb1,カエデドコロ,possible_ocr_latin_typo_against_ylist,Dioscorea quinguelobata,Dioscorea quinquelobata,correct_ocr,Dioscorea quinquelobata,59,116,2026-07-12,original_pdf_visual_review,PDF p.59（冊子p.116、左頁）の種見出しを原画像で目視し「Dioscorea quinquelobata」と確認。現行scientific_nameはOCR文字誤り。 独立した2回の原PDF画像照合で一致した。
wildplants-taxonomy-followup-0009,日本の野生植物 第1巻,日本の野生植物 1- ソテツ科～コミカンソウ科.pdf,bcdcd5ac593747d6d58321d4a696ec96fb963233541af2a4666c4a1fbd1d4fb1,タチドコロ,possible_ocr_latin_typo_against_ylist,Dioseorea gracillima,Dioscorea gracillima,correct_ocr,Dioscorea gracillima,59,116,2026-07-12,original_pdf_visual_review,PDF p.59（冊子p.116、左頁）の種見出しを原画像で目視し「Dioscorea gracillima」と確認。現行scientific_nameはOCR文字誤り。 独立した2回の原PDF画像照合で一致した。
wildplants-taxonomy-followup-0010,日本の野生植物 第1巻,日本の野生植物 1- ソテツ科～コミカンソウ科.pdf,bcdcd5ac593747d6d58321d4a696ec96fb963233541af2a4666c4a1fbd1d4fb1,ヤマノイモ,possible_ocr_latin_typo_against_ylist,Dioseorea japonica,Dioscorea japonica,correct_ocr,Dioscorea japonica,59,116,2026-07-12,original_pdf_visual_review,PDF p.59（冊子p.116、左頁）の種見出しを原画像で目視し「Dioscorea japonica」と確認。現行scientific_nameはOCR文字誤り。 独立した2回の原PDF画像照合で一致した。
wildplants-taxonomy-followup-0011,日本の野生植物 第1巻,日本の野生植物 1- ソテツ科～コミカンソウ科.pdf,bcdcd5ac593747d6d58321d4a696ec96fb963233541af2a4666c4a1fbd1d4fb1,ササユリ,possible_ocr_latin_typo_against_ylist,Lilium japonieum,Lilium japonicum,correct_ocr,Lilium japonicum var. japonicum,67,132,2026-07-12,original_pdf_visual_review,PDF p.67（冊子p.132、左頁）の種見出しを原画像で目視し「Lilium japonicum var. japonicum」と確認。現行scientific_nameはOCR文字誤り。 独立した2回の原PDF画像照合で一致した。
wildplants-taxonomy-followup-0012,日本の野生植物 第1巻,日本の野生植物 1- ソテツ科～コミカンソウ科.pdf,bcdcd5ac593747d6d58321d4a696ec96fb963233541af2a4666c4a1fbd1d4fb1,テッポウユリ,possible_ocr_latin_typo_against_ylist,Lilium longilorum,Lilium longiflorum,correct_ocr,Lilium longiflorum,67,132,2026-07-12,original_pdf_visual_review,PDF p.67（冊子p.132、左頁）の種見出しを原画像で目視し「Lilium longiflorum」と確認。現行scientific_nameはOCR文字誤り。 独立した2回の原PDF画像照合で一致した。
wildplants-taxonomy-followup-0013,日本の野生植物 第1巻,日本の野生植物 1- ソテツ科～コミカンソウ科.pdf,bcdcd5ac593747d6d58321d4a696ec96fb963233541af2a4666c4a1fbd1d4fb1,ヤマユリ,possible_ocr_latin_typo_against_ylist,Liium auratum,Lilium auratum,correct_ocr,Lilium auratum var. auratum,67,132,2026-07-12,original_pdf_visual_review,PDF p.67（冊子p.132、左頁）の種見出しを原画像で目視し「Lilium auratum var. auratum」と確認。現行scientific_nameはOCR文字誤り。 独立した2回の原PDF画像照合で一致した。
wildplants-taxonomy-followup-0014,日本の野生植物 第1巻,日本の野生植物 1- ソテツ科～コミカンソウ科.pdf,bcdcd5ac593747d6d58321d4a696ec96fb963233541af2a4666c4a1fbd1d4fb1,ヤマホトトギス,possible_ocr_latin_typo_against_ylist,Tricyrtis maeropoda,Tricyrtis macropoda,correct_ocr,Tricyrtis macropoda,68,134,2026-07-12,original_pdf_visual_review,PDF p.68（冊子p.134、左頁）の種見出しを原画像で目視し「Tricyrtis macropoda」と確認。現行scientific_nameはOCR文字誤り。 genus欄も同じ属見出しに合わせる必要がある。 独立した2回の原PDF画像照合で一致した。
wildplants-taxonomy-followup-0015,日本の野生植物 第1巻,日本の野生植物 1- ソテツ科～コミカンソウ科.pdf,bcdcd5ac593747d6d58321d4a696ec96fb963233541af2a4666c4a1fbd1d4fb1,ハクサンチドリ,possible_ocr_latin_typo_against_ylist,Daetylorhiza aristata,Dactylorhiza aristata,correct_ocr,Dactylorhiza aristata,76,150,2026-07-12,original_pdf_visual_review,PDF p.76（冊子p.150、左頁）の種見出しを原画像で目視し「Dactylorhiza aristata」と確認。現行scientific_nameはOCR文字誤り。 genus欄も同じ属見出しに合わせる必要がある。 独立した2回の原PDF画像照合で一致した。
wildplants-taxonomy-followup-0016,日本の野生植物 第1巻,日本の野生植物 1- ソテツ科～コミカンソウ科.pdf,bcdcd5ac593747d6d58321d4a696ec96fb963233541af2a4666c4a1fbd1d4fb1,アオフタバラン,plant_name_not_supported_by_ocr_page,アオフタバラン,Plant name or known OCR-correction variant should appear on the cited page,keep_source,アオフタバラン,84,166,2026-07-12,original_pdf_visual_review,原PDF p84（冊子p166）の種見出し「アオフタバラン Neottia makinoana」を目視確認。現行の和名を支持する。
wildplants-taxonomy-followup-0017,日本の野生植物 第1巻,日本の野生植物 1- ソテツ科～コミカンソウ科.pdf,bcdcd5ac593747d6d58321d4a696ec96fb963233541af2a4666c4a1fbd1d4fb1,ノビル,possible_ocr_latin_typo_against_ylist,Allium maerostemon,Allium macrostemon,correct_ocr,Allium macrostemon,94,187,2026-07-12,original_pdf_visual_review,PDF p.94（冊子p.187、右頁）の種見出しを原画像で目視し「Allium macrostemon」と確認。現行scientific_nameはOCR文字誤り。 独立した2回の原PDF画像照合で一致した。
wildplants-taxonomy-followup-0018,日本の野生植物 第1巻,日本の野生植物 1- ソテツ科～コミカンソウ科.pdf,bcdcd5ac593747d6d58321d4a696ec96fb963233541af2a4666c4a1fbd1d4fb1,クサスギカズラ,possible_ocr_latin_typo_against_ylist,Asparagus cochinehinensis,Asparagus cochinchinensis,correct_ocr,Asparagus cochinchinensis,96,191,2026-07-12,original_pdf_visual_review,PDF p.96（冊子p.191、右頁）の種見出しを原画像で目視し「Asparagus cochinchinensis」と確認。現行scientific_nameはOCR文字誤り。 独立した2回の原PDF画像照合で一致した。
wildplants-taxonomy-followup-0019,日本の野生植物 第1巻,日本の野生植物 1- ソテツ科～コミカンソウ科.pdf,bcdcd5ac593747d6d58321d4a696ec96fb963233541af2a4666c4a1fbd1d4fb1,ハラン,scientific_name_not_supported_by_ocr_page,Aspidistra elatior,Scientific name should be exact or close to cached OCR text,keep_source,Aspidistra elatior,96,191,2026-07-12,original_pdf_visual_review,原PDF p96（冊子p191）の種見出し「ハラン Aspidistra elatior」を目視確認。現行の学名を支持する。
wildplants-taxonomy-followup-0020,日本の野生植物 第1巻,日本の野生植物 1- ソテツ科～コミカンソウ科.pdf,bcdcd5ac593747d6d58321d4a696ec96fb963233541af2a4666c4a1fbd1d4fb1,ザラツキギボウシ,plant_name_not_supported_by_ocr_page,ザラツキギボウシ,Plant name or known OCR-correction variant should appear on the cited page,keep_source,ザラツキギボウシ,98,194,2026-07-12,original_pdf_visual_review,原PDF p98（冊子p194）のヒュウガギボウシ項中に「ザラツキギボウシ var. scabrinervia」を目視確認。基準変種の見出しから Hosta kikutii var. scabrinervia と復元し、空欄の分類情報を補う。
wildplants-taxonomy-followup-0021,日本の野生植物 第1巻,日本の野生植物 1- ソテツ科～コミカンソウ科.pdf,bcdcd5ac593747d6d58321d4a696ec96fb963233541af2a4666c4a1fbd1d4fb1,キチジョウソウ,possible_ocr_latin_typo_against_ylist,Reineekea carnea,Reineckea carnea,correct_ocr,Reineckea carnea,100,199,2026-07-12,original_pdf_visual_review,PDF p.100（冊子p.199、右頁）の種見出しを原画像で目視し「Reineckea carnea」と確認。現行scientific_nameはOCR文字誤り。 独立した2回の原PDF画像照合で一致した。
wildplants-taxonomy-followup-0022,日本の野生植物 第1巻,日本の野生植物 1- ソテツ科～コミカンソウ科.pdf,bcdcd5ac593747d6d58321d4a696ec96fb963233541af2a4666c4a1fbd1d4fb1,ナルコユリ,possible_ocr_latin_typo_against_ylist,Polygonatum faleatum,Polygonatum falcatum,correct_ocr,Polygonatum falcatum var. falcatum,100,199,2026-07-12,original_pdf_visual_review,PDF p.100（冊子p.199、右頁）の種見出しを原画像で目視し「Polygonatum falcatum var. falcatum」と確認。現行scientific_nameはOCR文字誤り。 独立した2回の原PDF画像照合で一致した。
wildplants-taxonomy-followup-0023,日本の野生植物 第1巻,日本の野生植物 1- ソテツ科～コミカンソウ科.pdf,bcdcd5ac593747d6d58321d4a696ec96fb963233541af2a4666c4a1fbd1d4fb1,ヒメイズイ,plant_name_not_supported_by_ocr_page,ヒメイズイ,Plant name or known OCR-correction variant should appear on the cited page,keep_source,ヒメイズイ,100,198,2026-07-12,original_pdf_visual_review,監査参照先の原PDF p99（冊子p196）には種見出しがなく、実際の見出し「ヒメイズイ Polygonatum humile」は原PDF p100（冊子p198）にあることを目視確認。ページを訂正する。
wildplants-taxonomy-followup-0024,日本の野生植物 第1巻,日本の野生植物 1- ソテツ科～コミカンソウ科.pdf,bcdcd5ac593747d6d58321d4a696ec96fb963233541af2a4666c4a1fbd1d4fb1,ヒメイズイ,scientific_name_not_supported_by_ocr_page,Polygonatum humile,Scientific name should be exact or close to cached OCR text,keep_source,Polygonatum humile,100,198,2026-07-12,original_pdf_visual_review,監査参照先の原PDF p99（冊子p196）には種見出しがなく、実際の見出し「ヒメイズイ Polygonatum humile」は原PDF p100（冊子p198）にあることを目視確認。ページを訂正する。
wildplants-taxonomy-followup-0025,日本の野生植物 第1巻,日本の野生植物 1- ソテツ科～コミカンソウ科.pdf,bcdcd5ac593747d6d58321d4a696ec96fb963233541af2a4666c4a1fbd1d4fb1,クマタケラン,possible_ocr_latin_typo_against_ylist,Alpinia xformosana,Alpinia formosana,correct_ocr,Alpinia ×formosana,105,209,2026-07-12,original_pdf_visual_review,PDF p.105（冊子p.209、右頁）の種見出しを原画像で目視し「Alpinia ×formosana」と確認。現行のASCII x表記は原本の雑種記号と同義なので維持。 独立照合間の階級・雑種記号差は、原PDF画像を再表示して確定した。
wildplants-taxonomy-followup-0026,日本の野生植物 第1巻,日本の野生植物 1- ソテツ科～コミカンソウ科.pdf,bcdcd5ac593747d6d58321d4a696ec96fb963233541af2a4666c4a1fbd1d4fb1,ミクリ,ylist_family_conflict,ガマ科,ミクリ科,keep_source,ガマ科,106,211,2026-07-12,original_pdf_visual_review,原PDF p106（冊子p210）の科見出しは「ガマ科 TYPHACEAE」で、同科内の冊子p211に「ミクリ Sparganium erectum」とある。YListとの科差はOCR誤りではなく本書の分類であり、科は維持し、学名の ereetum のみ erectum に直す。
wildplants-taxonomy-followup-0027,日本の野生植物 第1巻,日本の野生植物 1- ソテツ科～コミカンソウ科.pdf,bcdcd5ac593747d6d58321d4a696ec96fb963233541af2a4666c4a1fbd1d4fb1,ミクリ,ylist_family_latin_conflict,TYPHACEAE,Sparganiaceae,keep_source,TYPHACEAE,106,211,2026-07-12,original_pdf_visual_review,原PDF p106（冊子p210）の科見出しは「ガマ科 TYPHACEAE」で、同科内の冊子p211に「ミクリ Sparganium erectum」とある。YListとの科差はOCR誤りではなく本書の分類であり、科は維持し、学名の ereetum のみ erectum に直す。
wildplants-taxonomy-followup-0028,日本の野生植物 第1巻,日本の野生植物 1- ソテツ科～コミカンソウ科.pdf,bcdcd5ac593747d6d58321d4a696ec96fb963233541af2a4666c4a1fbd1d4fb1,コウガイゼキショウ,possible_ocr_latin_typo_against_ylist,Juneus prismatoearpus,Juncus prismatocarpus subsp. leschenaultii,correct_ocr,Juncus prismatocarpus subsp. leschenaultii,110,219,2026-07-12,original_pdf_visual_review,PDF p.110（冊子p.219、右頁）の種見出しを原画像で目視し「Juncus prismatocarpus subsp. leschenaultii」と確認。現行scientific_nameはOCR文字誤り。 独立した2回の原PDF画像照合で一致した。
wildplants-taxonomy-followup-0029,日本の野生植物 第1巻,日本の野生植物 1- ソテツ科～コミカンソウ科.pdf,bcdcd5ac593747d6d58321d4a696ec96fb963233541af2a4666c4a1fbd1d4fb1,ホソコウガイゼキショウ,possible_ocr_latin_typo_against_ylist,Juncus fauriensis,Juncus faurieanus,keep_source,Juncus fauriensis,110,219,2026-07-12,original_pdf_visual_review,PDF p.110（冊子p.219、右頁）の種見出しを原画像で目視し「Juncus fauriensis」と確認。現行scientific_nameは原本どおりなので維持。 独立した2回の原PDF画像照合で一致した。
wildplants-taxonomy-followup-0030,日本の野生植物 第1巻,日本の野生植物 1- ソテツ科～コミカンソウ科.pdf,bcdcd5ac593747d6d58321d4a696ec96fb963233541af2a4666c4a1fbd1d4fb1,ウキヤガラ,possible_ocr_latin_typo_against_ylist,Bollbosehoenus fluviatills,Bolboschoenus fluviatilis subsp. yagara,correct_ocr,Bolboschoenus fluviatilis subsp. yagara,113,224,2026-07-12,original_pdf_visual_review,PDF p.113（冊子p.224、左頁）の種見出しを原画像で目視し「Bolboschoenus fluviatilis subsp. yagara」と確認。現行scientific_nameはOCR文字誤り。 genus欄も同じ属見出しに合わせる必要がある。 独立した2回の原PDF画像照合で一致した。
wildplants-taxonomy-followup-0031,日本の野生植物 第1巻,日本の野生植物 1- ソテツ科～コミカンソウ科.pdf,bcdcd5ac593747d6d58321d4a696ec96fb963233541af2a4666c4a1fbd1d4fb1,アブラシバ,possible_ocr_latin_typo_against_ylist,Cares satsumensis,Carex satsumensis,correct_ocr,Carex satsumensis,117,233,2026-07-12,original_pdf_visual_review,PDF p.117（冊子p.233、右頁）の種見出しを原画像で目視し「Carex satsumensis」と確認。現行scientific_nameはOCR文字誤り。 独立した2回の原PDF画像照合で一致した。
wildplants-taxonomy-followup-0032,日本の野生植物 第1巻,日本の野生植物 1- ソテツ科～コミカンソウ科.pdf,bcdcd5ac593747d6d58321d4a696ec96fb963233541af2a4666c4a1fbd1d4fb1,アゼスゲ,possible_ocr_latin_typo_against_ylist,Carex thunbergil,Carex thunbergii,correct_ocr,Carex thunbergii var. thunbergii,119,236,2026-07-12,original_pdf_visual_review,PDF p.119（冊子p.236、左頁）の種見出しを原画像で目視し「Carex thunbergii var. thunbergii」と確認。現行scientific_nameはOCR文字誤り。 独立した2回の原PDF画像照合で一致した。
wildplants-taxonomy-followup-0033,日本の野生植物 第1巻,日本の野生植物 1- ソテツ科～コミカンソウ科.pdf,bcdcd5ac593747d6d58321d4a696ec96fb963233541af2a4666c4a1fbd1d4fb1,タニガワスゲ,plant_name_not_supported_by_ocr_page,タニガワスゲ,Plant name or known OCR-correction variant should appear on the cited page,keep_source,タニガワスゲ,119,236,2026-07-12,original_pdf_visual_review,原PDF p119（冊子p236）の種見出し「タニガワスゲ Carex forficula」を目視確認。現行の和名を支持する。
wildplants-taxonomy-followup-0034,日本の野生植物 第1巻,日本の野生植物 1- ソテツ科～コミカンソウ科.pdf,bcdcd5ac593747d6d58321d4a696ec96fb963233541af2a4666c4a1fbd1d4fb1,ヒメアゼスゲ,plant_name_not_supported_by_ocr_page,ヒメアゼスゲ,Plant name or known OCR-correction variant should appear on the cited page,keep_source,ヒメアゼスゲ,119,236,2026-07-12,original_pdf_visual_review,原PDF p119（冊子p236）の種見出し「ヒメアゼスゲ Carex eleusinoides」を目視確認。現行の和名を支持する。
wildplants-taxonomy-followup-0035,日本の野生植物 第1巻,日本の野生植物 1- ソテツ科～コミカンソウ科.pdf,bcdcd5ac593747d6d58321d4a696ec96fb963233541af2a4666c4a1fbd1d4fb1,カンスゲ,possible_ocr_latin_typo_against_ylist,Carex morrowil,Carex morrowi,correct_ocr,Carex morrowii var. morrowii,122,242,2026-07-12,original_pdf_visual_review,PDF p.122（冊子p.242、左頁）の種見出しを原画像で目視し「Carex morrowii var. morrowii」と確認。現行scientific_nameはOCR文字誤り。 独立した2回の原PDF画像照合で一致した。
wildplants-taxonomy-followup-0036,日本の野生植物 第1巻,日本の野生植物 1- ソテツ科～コミカンソウ科.pdf,bcdcd5ac593747d6d58321d4a696ec96fb963233541af2a4666c4a1fbd1d4fb1,イソアオスゲ,plant_name_not_supported_by_ocr_page,イソアオスゲ,Plant name or known OCR-correction variant should appear on the cited page,keep_source,イソアオスゲ,123,245,2026-07-12,original_pdf_visual_review,原PDF p123（冊子p245）の種見出し「イソアオスゲ Carex meridiana」を目視確認。現行の和名を支持する。
wildplants-taxonomy-followup-0037,日本の野生植物 第1巻,日本の野生植物 1- ソテツ科～コミカンソウ科.pdf,bcdcd5ac593747d6d58321d4a696ec96fb963233541af2a4666c4a1fbd1d4fb1,ヒメアオスゲ,plant_name_not_supported_by_ocr_page,ヒメアオスゲ,Plant name or known OCR-correction variant should appear on the cited page,keep_source,ヒメアオスゲ,123,245,2026-07-12,original_pdf_visual_review,原PDF p123（冊子p245）の種見出し「ヒメアオスゲ Carex discoidea」を目視確認。現行の和名を支持する。
wildplants-taxonomy-followup-0038,日本の野生植物 第1巻,日本の野生植物 1- ソテツ科～コミカンソウ科.pdf,bcdcd5ac593747d6d58321d4a696ec96fb963233541af2a4666c4a1fbd1d4fb1,イワスゲ,possible_ocr_latin_typo_against_ylist,Cares stenantha,Carex stenantha var. stenantha,correct_ocr,Carex stenantha var. stenantha,124,247,2026-07-12,original_pdf_visual_review,PDF p.124（冊子p.247、右頁）の種見出しを原画像で目視し「Carex stenantha var. stenantha」と確認。現行scientific_nameはOCR文字誤り。 独立した2回の原PDF画像照合で一致した。
wildplants-taxonomy-followup-0039,日本の野生植物 第1巻,日本の野生植物 1- ソテツ科～コミカンソウ科.pdf,bcdcd5ac593747d6d58321d4a696ec96fb963233541af2a4666c4a1fbd1d4fb1,タイホクスゲ,plant_name_not_supported_by_ocr_page,タイホクスゲ,Plant name or known OCR-correction variant should appear on the cited page,keep_source,タイホクスゲ,124,247,2026-07-12,original_pdf_visual_review,原PDF p124（冊子p247）の種見出し「タイホクスゲ Carex taihokuensis」を目視確認。現行の和名を支持する。
wildplants-taxonomy-followup-0040,日本の野生植物 第1巻,日本の野生植物 1- ソテツ科～コミカンソウ科.pdf,bcdcd5ac593747d6d58321d4a696ec96fb963233541af2a4666c4a1fbd1d4fb1,ヤマジスゲ,plant_name_not_supported_by_ocr_page,ヤマジスゲ,Plant name or known OCR-correction variant should appear on the cited page,keep_source,ヤマジスゲ,126,250,2026-07-12,original_pdf_visual_review,原PDF p126（冊子p250）の種見出し「ヤマジスゲ Carex bostrychostigma」を目視確認。現行の和名を支持する。
wildplants-taxonomy-followup-0041,日本の野生植物 第1巻,日本の野生植物 1- ソテツ科～コミカンソウ科.pdf,bcdcd5ac593747d6d58321d4a696ec96fb963233541af2a4666c4a1fbd1d4fb1,クロアブラガヤ,plant_name_not_supported_by_ocr_page,クロアブラガヤ,Plant name or known OCR-correction variant should appear on the cited page,keep_source,クロアブラガヤ,138,275,2026-07-12,original_pdf_visual_review,原PDF p138（冊子p275）のアブラガヤ属内に「クロアブラガヤ〔ヤマアブラガヤ〕 Scirpus sylvaticus var. maximowiczii」を目視確認。現行の和名・学名を支持する。
wildplants-taxonomy-followup-0042,日本の野生植物 第1巻,日本の野生植物 1- ソテツ科～コミカンソウ科.pdf,bcdcd5ac593747d6d58321d4a696ec96fb963233541af2a4666c4a1fbd1d4fb1,クロアブラガヤ,scientific_name_not_supported_by_ocr_page,Scirpus sylvaticus var. maximowiczii,Scientific name should be exact or close to cached OCR text,keep_source,Scirpus sylvaticus var. maximowiczii,138,275,2026-07-12,original_pdf_visual_review,原PDF p138（冊子p275）のアブラガヤ属内に「クロアブラガヤ〔ヤマアブラガヤ〕 Scirpus sylvaticus var. maximowiczii」を目視確認。現行の和名・学名を支持する。
wildplants-taxonomy-followup-0043,日本の野生植物 第1巻,日本の野生植物 1- ソテツ科～コミカンソウ科.pdf,bcdcd5ac593747d6d58321d4a696ec96fb963233541af2a4666c4a1fbd1d4fb1,マダケ,possible_ocr_latin_typo_against_ylist,Phyllestachys reticulata,Phyllostachys reticulata,correct_ocr,Phyllostachys reticulata,145,288,2026-07-12,original_pdf_visual_review,PDF p.145（冊子p.288、左頁）の種見出しを原画像で目視し「Phyllostachys reticulata」と確認。現行scientific_nameはOCR文字誤り。 genus欄も同じ属見出しに合わせる必要がある。 独立した2回の原PDF画像照合で一致した。
wildplants-taxonomy-followup-0044,日本の野生植物 第1巻,日本の野生植物 1- ソテツ科～コミカンソウ科.pdf,bcdcd5ac593747d6d58321d4a696ec96fb963233541af2a4666c4a1fbd1d4fb1,イブキザサ,plant_name_not_supported_by_ocr_page,イブキザサ,Plant name or known OCR-correction variant should appear on the cited page,keep_source,イブキザサ,146,291,2026-07-12,original_pdf_visual_review,原PDF p146（冊子p291）の種見出し「イブキザサ Sasa tsuboiana」を目視確認。現行の和名を支持する。
wildplants-taxonomy-followup-0045,日本の野生植物 第1巻,日本の野生植物 1- ソテツ科～コミカンソウ科.pdf,bcdcd5ac593747d6d58321d4a696ec96fb963233541af2a4666c4a1fbd1d4fb1,クマザサ,possible_ocr_latin_typo_against_ylist,Sasa veitehii,Sasa veitchii var. veitchii,correct_ocr,Sasa veitchii,146,291,2026-07-12,original_pdf_visual_review,PDF p.146（冊子p.291、右頁）の種見出しを原画像で目視し「Sasa veitchii」と確認。現行scientific_nameはOCR文字誤り。 独立した2回の原PDF画像照合で一致した。
wildplants-taxonomy-followup-0046,日本の野生植物 第1巻,日本の野生植物 1- ソテツ科～コミカンソウ科.pdf,bcdcd5ac593747d6d58321d4a696ec96fb963233541af2a4666c4a1fbd1d4fb1,ミヤマヌカボ,scientific_name_not_supported_by_ocr_page,Agrostis flaccida,Scientific name should be exact or close to cached OCR text,keep_source,Agrostis flaccida,148,295,2026-07-12,original_pdf_visual_review,原PDF p148（冊子p295）の種見出し「ミヤマヌカボ Agrostis flaccida」を目視確認。現行の学名を支持する。
wildplants-taxonomy-followup-0047,日本の野生植物 第1巻,日本の野生植物 1- ソテツ科～コミカンソウ科.pdf,bcdcd5ac593747d6d58321d4a696ec96fb963233541af2a4666c4a1fbd1d4fb1,コメススキ,possible_ocr_latin_typo_against_ylist,Avenella llexuosa,Avenella flexuosa,correct_ocr,Avenella flexuosa,150,298,2026-07-12,original_pdf_visual_review,PDF p.150（冊子p.298、左頁）の種見出しを原画像で目視し「Avenella flexuosa」と確認。現行scientific_nameはOCR文字誤り。 独立した2回の原PDF画像照合で一致した。
wildplants-taxonomy-followup-0048,日本の野生植物 第1巻,日本の野生植物 1- ソテツ科～コミカンソウ科.pdf,bcdcd5ac593747d6d58321d4a696ec96fb963233541af2a4666c4a1fbd1d4fb1,ウシノケグサ,possible_ocr_latin_typo_against_ylist,Festuea ovina,Festuca ovina,correct_ocr,Festuca ovina,153,305,2026-07-12,original_pdf_visual_review,PDF p.153（冊子p.305、右頁）の種見出しを原画像で目視し「Festuca ovina」と確認。現行scientific_nameはOCR文字誤り。 genus欄も同じ属見出しに合わせる必要がある。 独立した2回の原PDF画像照合で一致した。
wildplants-taxonomy-followup-0049,日本の野生植物 第1巻,日本の野生植物 1- ソテツ科～コミカンソウ科.pdf,bcdcd5ac593747d6d58321d4a696ec96fb963233541af2a4666c4a1fbd1d4fb1,ハマムギ,possible_ocr_latin_typo_against_ylist,Elymus dahurieus,Elymus dahuricus var. dahuricus,correct_ocr,Elymus dahuricus var. dahuricus,153,304,2026-07-12,original_pdf_visual_review,PDF p.153（冊子p.304、左頁）の種見出しを原画像で目視し「Elymus dahuricus var. dahuricus」と確認。現行scientific_nameはOCR文字誤り。 独立した2回の原PDF画像照合で一致した。
wildplants-taxonomy-followup-0050,日本の野生植物 第1巻,日本の野生植物 1- ソテツ科～コミカンソウ科.pdf,bcdcd5ac593747d6d58321d4a696ec96fb963233541af2a4666c4a1fbd1d4fb1,シラゲガヤ,scientific_name_not_supported_by_ocr_page,Holcus lanatus,Scientific name should be exact or close to cached OCR text,keep_source,Holcus lanatus,154,307,2026-07-12,original_pdf_visual_review,原PDF p154（冊子p307）の種見出し「シラゲガヤ Holcus lanatus」を目視確認。現行の学名を支持する。
wildplants-taxonomy-followup-0051,日本の野生植物 第1巻,日本の野生植物 1- ソテツ科～コミカンソウ科.pdf,bcdcd5ac593747d6d58321d4a696ec96fb963233541af2a4666c4a1fbd1d4fb1,ネズミムギ,possible_ocr_latin_typo_against_ylist,Lolium multiforum,Lolium multiflorum,correct_ocr,Lolium multiflorum,155,308,2026-07-12,original_pdf_visual_review,PDF p.155（冊子p.308、左頁）の種見出しを原画像で目視し「Lolium multiflorum」と確認。現行scientific_nameはOCR文字誤り。 独立した2回の原PDF画像照合で一致した。
wildplants-taxonomy-followup-0052,日本の野生植物 第1巻,日本の野生植物 1- ソテツ科～コミカンソウ科.pdf,bcdcd5ac593747d6d58321d4a696ec96fb963233541af2a4666c4a1fbd1d4fb1,クサヨシ,possible_ocr_latin_typo_against_ylist,Phalaris arundinaeen,Phalaris arundinacea,correct_ocr,Phalaris arundinacea,156,310,2026-07-12,original_pdf_visual_review,PDF p.156（冊子p.310、左頁）の種見出しを原画像で目視し「Phalaris arundinacea」と確認。現行scientific_nameはOCR文字誤り。 genus欄も同じ属見出しに合わせる必要がある。 独立した2回の原PDF画像照合で一致した。
wildplants-taxonomy-followup-0053,日本の野生植物 第1巻,日本の野生植物 1- ソテツ科～コミカンソウ科.pdf,bcdcd5ac593747d6d58321d4a696ec96fb963233541af2a4666c4a1fbd1d4fb1,ツクシスズメノカタビラ,plant_name_not_supported_by_ocr_page,ツクシスズメノカタビラ,Plant name or known OCR-correction variant should appear on the cited page,keep_source,ツクシスズメノカタビラ,157,312,2026-07-12,original_pdf_visual_review,原PDF p157（冊子p312）の種見出し「ツクシスズメノカタビラ Poa crassinervis」を目視確認。現行の和名を支持する。
wildplants-taxonomy-followup-0054,日本の野生植物 第1巻,日本の野生植物 1- ソテツ科～コミカンソウ科.pdf,bcdcd5ac593747d6d58321d4a696ec96fb963233541af2a4666c4a1fbd1d4fb1,ムカゴツツリ,plant_name_not_supported_by_ocr_page,ムカゴツツリ,Plant name or known OCR-correction variant should appear on the cited page,correct_ocr,ムカゴツヅリ,157,312,2026-07-12,original_pdf_visual_review,原PDF p157（冊子p312）の種見出しは「ムカゴツヅリ Poa tuberifera」。現行の「ムカゴツツリ」は濁点欠落であり、和名と空欄の分類情報を訂正・補完する。
wildplants-taxonomy-followup-0055,日本の野生植物 第1巻,日本の野生植物 1- ソテツ科～コミカンソウ科.pdf,bcdcd5ac593747d6d58321d4a696ec96fb963233541af2a4666c4a1fbd1d4fb1,ギョウギシバ,possible_ocr_latin_typo_against_ylist,Cynodon daetylon,Cynodon dactylon var. dactylon,correct_ocr,Cynodon dactylon,160,319,2026-07-12,original_pdf_visual_review,PDF p.160（冊子p.319、右頁）の種見出しを原画像で目視し「Cynodon dactylon」と確認。現行scientific_nameはOCR文字誤り。 genus欄も同じ属見出しに合わせる必要がある。 独立した2回の原PDF画像照合で一致した。
wildplants-taxonomy-followup-0056,日本の野生植物 第1巻,日本の野生植物 1- ソテツ科～コミカンソウ科.pdf,bcdcd5ac593747d6d58321d4a696ec96fb963233541af2a4666c4a1fbd1d4fb1,トダシバ,scientific_name_not_supported_by_ocr_page,Arundinella hirta,Scientific name should be exact or close to cached OCR text,keep_source,Arundinella hirta,164,327,2026-07-12,original_pdf_visual_review,原PDF p164（冊子p327）の種見出し「トダシバ Arundinella hirta」を目視確認。現行の学名を支持する。
wildplants-taxonomy-followup-0057,日本の野生植物 第1巻,日本の野生植物 1- ソテツ科～コミカンソウ科.pdf,bcdcd5ac593747d6d58321d4a696ec96fb963233541af2a4666c4a1fbd1d4fb1,チガヤ,possible_ocr_latin_typo_against_ylist,Imperata cylindriea,Imperata cylindrica var. koenigii,correct_ocr,Imperata cylindrica var. koenigii,168,335,2026-07-12,original_pdf_visual_review,PDF p.168（冊子p.335、右頁）の種見出しを原画像で目視し「Imperata cylindrica var. koenigii」と確認。現行scientific_nameはOCR文字誤り。 独立した2回の原PDF画像照合で一致した。
wildplants-taxonomy-followup-0058,日本の野生植物 第1巻,日本の野生植物 1- ソテツ科～コミカンソウ科.pdf,bcdcd5ac593747d6d58321d4a696ec96fb963233541af2a4666c4a1fbd1d4fb1,ササガヤ,possible_ocr_latin_typo_against_ylist,Leptatherum japonieum,Leptatherum japonicum var. japonicum,correct_ocr,Leptatherum japonicum var. japonicum,169,337,2026-07-12,original_pdf_visual_review,PDF p.169（冊子p.337、右頁）の種見出しを原画像で目視し「Leptatherum japonicum var. japonicum」と確認。現行scientific_nameはOCR文字誤り。 genus欄も同じ属見出しに合わせる必要がある。 独立した2回の原PDF画像照合で一致した。
wildplants-taxonomy-followup-0059,日本の野生植物 第1巻,日本の野生植物 1- ソテツ科～コミカンソウ科.pdf,bcdcd5ac593747d6d58321d4a696ec96fb963233541af2a4666c4a1fbd1d4fb1,オギ,possible_ocr_latin_typo_against_ylist,Miseanthus saechariflorus,Miscanthus sacchariflorus,correct_ocr,Miscanthus sacchariflorus,170,338,2026-07-12,original_pdf_visual_review,PDF p.170（冊子p.338、左頁）の種見出しを原画像で目視し「Miscanthus sacchariflorus」と確認。現行scientific_nameはOCR文字誤り。 genus欄も同じ属見出しに合わせる必要がある。 独立した2回の原PDF画像照合で一致した。
wildplants-taxonomy-followup-0060,日本の野生植物 第1巻,日本の野生植物 1- ソテツ科～コミカンソウ科.pdf,bcdcd5ac593747d6d58321d4a696ec96fb963233541af2a4666c4a1fbd1d4fb1,ススキ,possible_ocr_latin_typo_against_ylist,Miseanthus sinensis,Miscanthus sinensis,correct_ocr,Miscanthus sinensis,170,338,2026-07-12,original_pdf_visual_review,PDF p.170（冊子p.338、左頁）の種見出しを原画像で目視し「Miscanthus sinensis」と確認。現行scientific_nameはOCR文字誤り。 genus欄も同じ属見出しに合わせる必要がある。 独立した2回の原PDF画像照合で一致した。
wildplants-taxonomy-followup-0061,日本の野生植物 第1巻,日本の野生植物 1- ソテツ科～コミカンソウ科.pdf,bcdcd5ac593747d6d58321d4a696ec96fb963233541af2a4666c4a1fbd1d4fb1,オオクサキビ,possible_ocr_latin_typo_against_ylist,Panicum dichotomillorum,Panicum dichotomiflorum,correct_ocr,Panicum dichotomiflorum,171,340,2026-07-12,original_pdf_visual_review,PDF p.171（冊子p.340、左頁）の種見出しを原画像で目視し「Panicum dichotomiflorum」と確認。現行scientific_nameはOCR文字誤り。 独立した2回の原PDF画像照合で一致した。
wildplants-taxonomy-followup-0062,日本の野生植物 第1巻,日本の野生植物 1- ソテツ科～コミカンソウ科.pdf,bcdcd5ac593747d6d58321d4a696ec96fb963233541af2a4666c4a1fbd1d4fb1,チカラシバ,possible_ocr_latin_typo_against_ylist,Pennisetum alopeeuroides,Pennisetum alopecuroides,correct_ocr,Pennisetum alopecuroides,171,341,2026-07-12,original_pdf_visual_review,PDF p.171（冊子p.341、右頁）の種見出しを原画像で目視し「Pennisetum alopecuroides」と確認。現行scientific_nameはOCR文字誤り。 genus欄も同じ属見出しに合わせる必要がある。 独立した2回の原PDF画像照合で一致した。
wildplants-taxonomy-followup-0063,日本の野生植物 第1巻,日本の野生植物 1- ソテツ科～コミカンソウ科.pdf,bcdcd5ac593747d6d58321d4a696ec96fb963233541af2a4666c4a1fbd1d4fb1,コツブキンエノコロ,plant_name_not_supported_by_ocr_page,コツブキンエノコロ,Plant name or known OCR-correction variant should appear on the cited page,keep_source,コツブキンエノコロ,173,344,2026-07-12,original_pdf_visual_review,原PDF p173（冊子p344）の種見出し「コツブキンエノコロ Setaria pallidefusca」を目視確認。和名は正しく、空欄の学名・科・属を補う。
wildplants-taxonomy-followup-0064,日本の野生植物 第1巻,日本の野生植物 1- ソテツ科～コミカンソウ科.pdf,bcdcd5ac593747d6d58321d4a696ec96fb963233541af2a4666c4a1fbd1d4fb1,ツクシキケマン,possible_ocr_latin_typo_against_ylist,Corydalis heteroearpa,Corydalis heterocarpa var. japonica,correct_ocr,Corydalis heterocarpa var. heterocarpa,177,352,2026-07-12,original_pdf_visual_review,PDF p.177（冊子p.352、左頁）の種見出しを原画像で目視し「Corydalis heterocarpa var. heterocarpa」と確認。現行scientific_nameはOCR文字誤り。 独立した2回の原PDF画像照合で一致した。
wildplants-taxonomy-followup-0065,日本の野生植物 第1巻,日本の野生植物 1- ソテツ科～コミカンソウ科.pdf,bcdcd5ac593747d6d58321d4a696ec96fb963233541af2a4666c4a1fbd1d4fb1,イソヤマアオキ,possible_ocr_latin_typo_against_ylist,Coceulus laurifolius,Cocculus laurifolius,correct_ocr,Cocculus laurifolius,179,356,2026-07-12,original_pdf_visual_review,PDF p.179（冊子p.356、左頁）の種見出しを原画像で目視し「Cocculus laurifolius」と確認。現行scientific_nameはOCR文字誤り。 独立した2回の原PDF画像照合で一致した。
wildplants-taxonomy-followup-0066,日本の野生植物 第1巻,日本の野生植物 1- ソテツ科～コミカンソウ科.pdf,bcdcd5ac593747d6d58321d4a696ec96fb963233541af2a4666c4a1fbd1d4fb1,ヒイラギナンテン,possible_ocr_latin_typo_against_ylist,Berberis japoniea,Berberis japonica,correct_ocr,Berberis japonica,180,359,2026-07-12,original_pdf_visual_review,PDF p.180（冊子p.359、右頁）の種見出しを原画像で目視し「Berberis japonica」と確認。現行scientific_nameはOCR文字誤り。 genus欄も同じ属見出しに合わせる必要がある。 独立した2回の原PDF画像照合で一致した。
wildplants-taxonomy-followup-0067,日本の野生植物 第1巻,日本の野生植物 1- ソテツ科～コミカンソウ科.pdf,bcdcd5ac593747d6d58321d4a696ec96fb963233541af2a4666c4a1fbd1d4fb1,ヘビノボラズ,possible_ocr_latin_typo_against_ylist,Berberis sieboldi,Berberis sieboldii,correct_ocr,Berberis sieboldii,180,359,2026-07-12,original_pdf_visual_review,PDF p.180（冊子p.359、右頁）の種見出しを原画像で目視し「Berberis sieboldii」と確認。現行scientific_nameはOCR文字誤り。 genus欄も同じ属見出しに合わせる必要がある。 独立した2回の原PDF画像照合で一致した。
wildplants-taxonomy-followup-0068,日本の野生植物 第1巻,日本の野生植物 1- ソテツ科～コミカンソウ科.pdf,bcdcd5ac593747d6d58321d4a696ec96fb963233541af2a4666c4a1fbd1d4fb1,コウライブシ,plant_name_not_supported_by_ocr_page,コウライブシ,Plant name or known OCR-correction variant should appear on the cited page,keep_source,コウライブシ,184,367,2026-07-12,original_pdf_visual_review,原PDF p184（冊子p367）の種見出し「コウライブシ〔ミツバトリカブト〕 Aconitum jaluense subsp. jaluense」を目視確認。現行の和名・学名を支持する。
wildplants-taxonomy-followup-0069,日本の野生植物 第1巻,日本の野生植物 1- ソテツ科～コミカンソウ科.pdf,bcdcd5ac593747d6d58321d4a696ec96fb963233541af2a4666c4a1fbd1d4fb1,セイヤブシ,plant_name_not_supported_by_ocr_page,セイヤブシ,Plant name or known OCR-correction variant should appear on the cited page,keep_source,セイヤブシ,184,367,2026-07-12,original_pdf_visual_review,原PDF p184（冊子p367）の種見出し「セイヤブシ Aconitum ito-seiyanum」を目視確認。和名は正しく、空欄の学名・科・属を補う。
wildplants-taxonomy-followup-0070,日本の野生植物 第1巻,日本の野生植物 1- ソテツ科～コミカンソウ科.pdf,bcdcd5ac593747d6d58321d4a696ec96fb963233541af2a4666c4a1fbd1d4fb1,センニンソウ,possible_ocr_latin_typo_against_ylist,Clematis ternillora,Clematis terniflora,correct_ocr,Clematis terniflora,190,378,2026-07-12,original_pdf_visual_review,PDF p.190（冊子p.378、左頁）の種見出しを原画像で目視し「Clematis terniflora」と確認。現行scientific_nameはOCR文字誤り。 独立した2回の原PDF画像照合で一致した。
wildplants-taxonomy-followup-0071,日本の野生植物 第1巻,日本の野生植物 1- ソテツ科～コミカンソウ科.pdf,bcdcd5ac593747d6d58321d4a696ec96fb963233541af2a4666c4a1fbd1d4fb1,ヒメキンポウゲ,plant_name_not_supported_by_ocr_page,ヒメキンポウゲ,Plant name or known OCR-correction variant should appear on the cited page,keep_source,ヒメキンポウゲ,192,382,2026-07-12,original_pdf_visual_review,原PDF p192（冊子p382）の種見出し「ヒメキンポウゲ〔ツルヒキノカサ〕 Halerpestes kawakamii」を目視確認。現行の和名を支持する。
wildplants-taxonomy-followup-0072,日本の野生植物 第1巻,日本の野生植物 1- ソテツ科～コミカンソウ科.pdf,bcdcd5ac593747d6d58321d4a696ec96fb963233541af2a4666c4a1fbd1d4fb1,イトキンポウゲ,plant_name_not_supported_by_ocr_page,イトキンポウゲ,Plant name or known OCR-correction variant should appear on the cited page,keep_source,イトキンポウゲ,193,385,2026-07-12,original_pdf_visual_review,原PDF p193（冊子p385）の種見出し「イトキンポウゲ Ranunculus reptans」を目視確認。現行の和名を支持する。
wildplants-taxonomy-followup-0073,日本の野生植物 第1巻,日本の野生植物 1- ソテツ科～コミカンソウ科.pdf,bcdcd5ac593747d6d58321d4a696ec96fb963233541af2a4666c4a1fbd1d4fb1,ウリュウキンポウゲ,plant_name_not_supported_by_ocr_page,ウリュウキンポウゲ,Plant name or known OCR-correction variant should appear on the cited page,keep_source,ウリュウキンポウゲ,194,386,2026-07-12,original_pdf_visual_review,原PDF p194（冊子p386）の種見出し「ウリュウキンポウゲ Ranunculus uryuensis」を目視確認。現行の和名を支持する。
wildplants-taxonomy-followup-0074,日本の野生植物 第1巻,日本の野生植物 1- ソテツ科～コミカンソウ科.pdf,bcdcd5ac593747d6d58321d4a696ec96fb963233541af2a4666c4a1fbd1d4fb1,キタダケキンポウゲ,plant_name_not_supported_by_ocr_page,キタダケキンポウゲ,Plant name or known OCR-correction variant should appear on the cited page,keep_source,キタダケキンポウゲ,194,386,2026-07-12,original_pdf_visual_review,原PDF p194（冊子p386）の種見出し「キタダケキンポウゲ Ranunculus kitadakeanus」を目視確認。現行の和名を支持する。
wildplants-taxonomy-followup-0075,日本の野生植物 第1巻,日本の野生植物 1- ソテツ科～コミカンソウ科.pdf,bcdcd5ac593747d6d58321d4a696ec96fb963233541af2a4666c4a1fbd1d4fb1,クモマキンポウゲ,plant_name_not_supported_by_ocr_page,クモマキンポウゲ,Plant name or known OCR-correction variant should appear on the cited page,keep_source,クモマキンポウゲ,194,386,2026-07-12,original_pdf_visual_review,原PDF p194（冊子p386）の種見出し「クモマキンポウゲ Ranunculus pygmaeus」を目視確認。現行の和名を支持する。
wildplants-taxonomy-followup-0076,日本の野生植物 第1巻,日本の野生植物 1- ソテツ科～コミカンソウ科.pdf,bcdcd5ac593747d6d58321d4a696ec96fb963233541af2a4666c4a1fbd1d4fb1,ソウヤキンポウゲ,plant_name_not_supported_by_ocr_page,ソウヤキンポウゲ,Plant name or known OCR-correction variant should appear on the cited page,keep_source,ソウヤキンポウゲ,194,386,2026-07-12,original_pdf_visual_review,原PDF p194（冊子p386）の種見出し「ソウヤキンポウゲ Ranunculus horieanus」を目視確認。現行の和名を支持する。
wildplants-taxonomy-followup-0077,日本の野生植物 第1巻,日本の野生植物 1- ソテツ科～コミカンソウ科.pdf,bcdcd5ac593747d6d58321d4a696ec96fb963233541af2a4666c4a1fbd1d4fb1,タカネキンポウゲ,plant_name_not_supported_by_ocr_page,タカネキンポウゲ,Plant name or known OCR-correction variant should appear on the cited page,keep_source,タカネキンポウゲ,194,386,2026-07-12,original_pdf_visual_review,原PDF p194（冊子p386）の種見出し「タカネキンポウゲ Ranunculus altaicus subsp. shinanoalpinus」を目視確認。現行の和名を支持する。
wildplants-taxonomy-followup-0078,日本の野生植物 第1巻,日本の野生植物 1- ソテツ科～コミカンソウ科.pdf,bcdcd5ac593747d6d58321d4a696ec96fb963233541af2a4666c4a1fbd1d4fb1,ハイキンポウゲ,plant_name_not_supported_by_ocr_page,ハイキンポウゲ,Plant name or known OCR-correction variant should appear on the cited page,keep_source,ハイキンポウゲ,194,387,2026-07-12,original_pdf_visual_review,原PDF p194（冊子p387）の種見出し「ハイキンポウゲ Ranunculus repens」を目視確認。現行の和名を支持する。
wildplants-taxonomy-followup-0079,日本の野生植物 第1巻,日本の野生植物 1- ソテツ科～コミカンソウ科.pdf,bcdcd5ac593747d6d58321d4a696ec96fb963233541af2a4666c4a1fbd1d4fb1,ヒバキンポウゲ,plant_name_not_supported_by_ocr_page,ヒバキンポウゲ,Plant name or known OCR-correction variant should appear on the cited page,keep_source,ヒバキンポウゲ,194,386,2026-07-12,original_pdf_visual_review,原PDF p194（冊子p386）の種見出し「ヒバキンポウゲ Ranunculus hibamontanus」を目視確認。現行の和名を支持する。
wildplants-taxonomy-followup-0080,日本の野生植物 第1巻,日本の野生植物 1- ソテツ科～コミカンソウ科.pdf,bcdcd5ac593747d6d58321d4a696ec96fb963233541af2a4666c4a1fbd1d4fb1,ミヤマキンポウゲ,plant_name_not_supported_by_ocr_page,ミヤマキンポウゲ,Plant name or known OCR-correction variant should appear on the cited page,keep_source,ミヤマキンポウゲ,194,386,2026-07-12,original_pdf_visual_review,原PDF p194（冊子p386）の種見出し「ミヤマキンポウゲ Ranunculus acris subsp. novus」を目視確認。現行の和名を支持する。
wildplants-taxonomy-followup-0081,日本の野生植物 第1巻,日本の野生植物 1- ソテツ科～コミカンソウ科.pdf,bcdcd5ac593747d6d58321d4a696ec96fb963233541af2a4666c4a1fbd1d4fb1,ヤツガタケキンポウゲ,plant_name_not_supported_by_ocr_page,ヤツガタケキンポウゲ,Plant name or known OCR-correction variant should appear on the cited page,keep_source,ヤツガタケキンポウゲ,194,386,2026-07-12,original_pdf_visual_review,原PDF p194（冊子p386）の種見出し「ヤツガタケキンポウゲ Ranunculus yatsugatakensis」を目視確認。現行の和名を支持する。
wildplants-taxonomy-followup-0082,日本の野生植物 第1巻,日本の野生植物 1- ソテツ科～コミカンソウ科.pdf,bcdcd5ac593747d6d58321d4a696ec96fb963233541af2a4666c4a1fbd1d4fb1,カラマツソウ,possible_ocr_latin_typo_against_ylist,Thalictrum aguilegifolium,Thalictrum aquilegiifolium var. intermedium,correct_ocr,Thalictrum aquilegiifolium var. intermedium,195,389,2026-07-12,original_pdf_visual_review,PDF p.195（冊子p.389、右頁）の種見出しを原画像で目視し「Thalictrum aquilegiifolium var. intermedium」と確認。現行scientific_nameはOCR文字誤り。 独立した2回の原PDF画像照合で一致した。
wildplants-taxonomy-followup-0083,日本の野生植物 第1巻,日本の野生植物 1- ソテツ科～コミカンソウ科.pdf,bcdcd5ac593747d6d58321d4a696ec96fb963233541af2a4666c4a1fbd1d4fb1,アキカラマツ,possible_ocr_latin_typo_against_ylist,Thalietrum minus,Thalictrum minus var. hypoleucum,correct_ocr,Thalictrum minus var. hypoleucum,196,390,2026-07-12,original_pdf_visual_review,PDF p.196（冊子p.390、左頁）の種見出しを原画像で目視し「Thalictrum minus var. hypoleucum」と確認。現行scientific_nameはOCR文字誤り。 独立した2回の原PDF画像照合で一致した。
wildplants-taxonomy-followup-0084,日本の野生植物 第1巻,日本の野生植物 1- ソテツ科～コミカンソウ科.pdf,bcdcd5ac593747d6d58321d4a696ec96fb963233541af2a4666c4a1fbd1d4fb1,ミヤマハハソ,plant_name_not_supported_by_ocr_page,ミヤマハハソ,Plant name or known OCR-correction variant should appear on the cited page,keep_source,ミヤマハハソ,198,394,2026-07-12,original_pdf_visual_review,原PDF p198（冊子p394）の種見出し「ミヤマハハソ Meliosma tenuis」を目視確認。現行の和名を支持する。
wildplants-taxonomy-followup-0085,日本の野生植物 第1巻,日本の野生植物 1- ソテツ科～コミカンソウ科.pdf,bcdcd5ac593747d6d58321d4a696ec96fb963233541af2a4666c4a1fbd1d4fb1,キリシマミズキ,plant_name_not_supported_by_ocr_page,キリシマミズキ,Plant name or known OCR-correction variant should appear on the cited page,keep_source,キリシマミズキ,201,401,2026-07-12,original_pdf_visual_review,原PDF p201（冊子p401）の種見出し「キリシマミズキ Corylopsis glabrescens」を目視確認。現行の和名を支持する。
wildplants-taxonomy-followup-0086,日本の野生植物 第1巻,日本の野生植物 1- ソテツ科～コミカンソウ科.pdf,bcdcd5ac593747d6d58321d4a696ec96fb963233541af2a4666c4a1fbd1d4fb1,トサミズキ,possible_ocr_latin_typo_against_ylist,Corylopsis spieata,Corylopsis spicata,correct_ocr,Corylopsis spicata,201,401,2026-07-12,original_pdf_visual_review,PDF p.201（冊子p.401、右頁）の種見出しを原画像で目視し「Corylopsis spicata」と確認。現行scientific_nameはOCR文字誤り。 独立した2回の原PDF画像照合で一致した。
wildplants-taxonomy-followup-0087,日本の野生植物 第1巻,日本の野生植物 1- ソテツ科～コミカンソウ科.pdf,bcdcd5ac593747d6d58321d4a696ec96fb963233541af2a4666c4a1fbd1d4fb1,ヒュウガミズキ,scientific_name_not_supported_by_ocr_page,Corylopsis pauciflora,Scientific name should be exact or close to cached OCR text,keep_source,Corylopsis pauciflora,201,401,2026-07-12,original_pdf_visual_review,原PDF p201（冊子p401）の種見出し「ヒュウガミズキ Corylopsis pauciflora」を目視確認。現行の学名を支持する。
wildplants-taxonomy-followup-0088,日本の野生植物 第1巻,日本の野生植物 1- ソテツ科～コミカンソウ科.pdf,bcdcd5ac593747d6d58321d4a696ec96fb963233541af2a4666c4a1fbd1d4fb1,カツラ,scientific_name_not_supported_by_ocr_page,Cercidiphyllum japonicum,Scientific name should be exact or close to cached OCR text,keep_source,Cercidiphyllum japonicum,202,403,2026-07-12,original_pdf_visual_review,原PDF p202（冊子p403）の種見出し「カツラ Cercidiphyllum japonicum」を目視確認。現行の学名を支持する。
wildplants-taxonomy-followup-0089,日本の野生植物 第1巻,日本の野生植物 1- ソテツ科～コミカンソウ科.pdf,bcdcd5ac593747d6d58321d4a696ec96fb963233541af2a4666c4a1fbd1d4fb1,ヒロハカツラ,plant_name_not_supported_by_ocr_page,ヒロハカツラ,Plant name or known OCR-correction variant should appear on the cited page,keep_source,ヒロハカツラ,202,403,2026-07-12,original_pdf_visual_review,原PDF p202（冊子p403）の種見出し「ヒロハカツラ Cercidiphyllum magnificum」を目視確認。現行の和名を支持する。
wildplants-taxonomy-followup-0090,日本の野生植物 第1巻,日本の野生植物 1- ソテツ科～コミカンソウ科.pdf,bcdcd5ac593747d6d58321d4a696ec96fb963233541af2a4666c4a1fbd1d4fb1,ユズリハ,possible_ocr_latin_typo_against_ylist,Daphniphyllum maeropodum,Daphniphyllum macropodum subsp. macropodum,correct_ocr,Daphniphyllum macropodum var. macropodum,203,404,2026-07-12,original_pdf_visual_review,PDF p.203（冊子p.404、左頁）の種見出しを原画像で目視し「Daphniphyllum macropodum var. macropodum」と確認。現行scientific_nameはOCR文字誤り。 独立した2回の原PDF画像照合で一致した。
wildplants-taxonomy-followup-0091,日本の野生植物 第1巻,日本の野生植物 1- ソテツ科～コミカンソウ科.pdf,bcdcd5ac593747d6d58321d4a696ec96fb963233541af2a4666c4a1fbd1d4fb1,フキユキノシタ,plant_name_not_supported_by_ocr_page,フキユキノシタ,Plant name or known OCR-correction variant should appear on the cited page,keep_source,フキユキノシタ,208,414,2026-07-12,original_pdf_visual_review,原PDF p208（冊子p414）の種見出し「フキユキノシタ Micranthes japonica」を目視確認し、属見出しは原PDF p207（冊子p413）の「チシマイワブキ属 Micranthes」。現行の和名を支持する。
wildplants-taxonomy-followup-0092,日本の野生植物 第1巻,日本の野生植物 1- ソテツ科～コミカンソウ科.pdf,bcdcd5ac593747d6d58321d4a696ec96fb963233541af2a4666c4a1fbd1d4fb1,チャボツメレンゲ,possible_ocr_latin_typo_against_ylist,Meterostachys sikokiana,Meterostachys sikokianus,keep_source,Meterostachys sikokiana,212,423,2026-07-12,original_pdf_visual_review,PDF p.212（冊子p.423、右頁）の種見出しを原画像で目視し「Meterostachys sikokiana」と確認。現行scientific_nameは原本どおりなので維持。 genus欄も同じ属見出しに合わせる必要がある。 独立した2回の原PDF画像照合で一致した。
wildplants-taxonomy-followup-0093,日本の野生植物 第1巻,日本の野生植物 1- ソテツ科～コミカンソウ科.pdf,bcdcd5ac593747d6d58321d4a696ec96fb963233541af2a4666c4a1fbd1d4fb1,タカネマンネングサ,possible_ocr_latin_typo_against_ylist,Sedum triearpum,Sedum tricarpum,correct_ocr,Sedum tricarpum,214,427,2026-07-12,original_pdf_visual_review,PDF p.214（冊子p.427、右頁）の種見出しを原画像で目視し「Sedum tricarpum」と確認。現行scientific_nameはOCR文字誤り。 独立した2回の原PDF画像照合で一致した。
wildplants-taxonomy-followup-0094,日本の野生植物 第1巻,日本の野生植物 1- ソテツ科～コミカンソウ科.pdf,bcdcd5ac593747d6d58321d4a696ec96fb963233541af2a4666c4a1fbd1d4fb1,エビヅル,possible_ocr_latin_typo_against_ylist,Vitis fieifolia,Vitis ficifolia,correct_ocr,Vitis ficifolia var. ficifolia,218,435,2026-07-12,original_pdf_visual_review,PDF p.218（冊子p.435、右頁）の種見出しを原画像で目視し「Vitis ficifolia var. ficifolia」と確認。現行scientific_nameはOCR文字誤り。 genus欄も同じ属見出しに合わせる必要がある。 独立した2回の原PDF画像照合で一致した。
wildplants-taxonomy-followup-0095,日本の野生植物 第1巻,日本の野生植物 1- ソテツ科～コミカンソウ科.pdf,bcdcd5ac593747d6d58321d4a696ec96fb963233541af2a4666c4a1fbd1d4fb1,クマガワブドウ,plant_name_not_supported_by_ocr_page,クマガワブドウ,Plant name or known OCR-correction variant should appear on the cited page,keep_source,クマガワブドウ,218,435,2026-07-12,original_pdf_visual_review,原PDF p218（冊子p435）の種見出し「クマガワブドウ Vitis kiusiana」を目視確認。現行の和名を支持する。
wildplants-taxonomy-followup-0096,日本の野生植物 第1巻,日本の野生植物 1- ソテツ科～コミカンソウ科.pdf,bcdcd5ac593747d6d58321d4a696ec96fb963233541af2a4666c4a1fbd1d4fb1,アカハダノキ,ylist_family_conflict,ハマビシ科,マメ科,correct_ocr,マメ科,222,443,2026-07-12,original_pdf_visual_review,原PDF p222（冊子p443）のアカハダノキ属見出しと種見出しを目視確認。科見出しは原PDF p219（冊子p436）の「マメ科 LEGUMINOSAE (FABACEAE)」であり、ハマビシ科/ZYGOPHYLLACEAEをマメ科/FABACEAEへ訂正する。
wildplants-taxonomy-followup-0097,日本の野生植物 第1巻,日本の野生植物 1- ソテツ科～コミカンソウ科.pdf,bcdcd5ac593747d6d58321d4a696ec96fb963233541af2a4666c4a1fbd1d4fb1,アカハダノキ,ylist_family_latin_conflict,ZYGOPHYLLACEAE,Fabaceae,correct_ocr,FABACEAE,222,443,2026-07-12,original_pdf_visual_review,原PDF p222（冊子p443）のアカハダノキ属見出しと種見出しを目視確認。科見出しは原PDF p219（冊子p436）の「マメ科 LEGUMINOSAE (FABACEAE)」であり、ハマビシ科/ZYGOPHYLLACEAEをマメ科/FABACEAEへ訂正する。
wildplants-taxonomy-followup-0098,日本の野生植物 第1巻,日本の野生植物 1- ソテツ科～コミカンソウ科.pdf,bcdcd5ac593747d6d58321d4a696ec96fb963233541af2a4666c4a1fbd1d4fb1,モダマ,ylist_family_conflict,ハマビシ科,マメ科,correct_ocr,マメ科,222,443,2026-07-12,original_pdf_visual_review,原PDF p222（冊子p443）の種見出しは「モダマ Entada phaseoloides subsp. tonkinensis」。科見出しは原PDF p219（冊子p436）の「マメ科 LEGUMINOSAE (FABACEAE)」。科に加え、省略された亜種名を補う。
wildplants-taxonomy-followup-0099,日本の野生植物 第1巻,日本の野生植物 1- ソテツ科～コミカンソウ科.pdf,bcdcd5ac593747d6d58321d4a696ec96fb963233541af2a4666c4a1fbd1d4fb1,モダマ,ylist_family_latin_conflict,ZYGOPHYLLACEAE,Fabaceae,correct_ocr,FABACEAE,222,443,2026-07-12,original_pdf_visual_review,原PDF p222（冊子p443）の種見出しは「モダマ Entada phaseoloides subsp. tonkinensis」。科見出しは原PDF p219（冊子p436）の「マメ科 LEGUMINOSAE (FABACEAE)」。科に加え、省略された亜種名を補う。
wildplants-taxonomy-followup-0100,日本の野生植物 第1巻,日本の野生植物 1- ソテツ科～コミカンソウ科.pdf,bcdcd5ac593747d6d58321d4a696ec96fb963233541af2a4666c4a1fbd1d4fb1,ジャケツイバラ,ylist_family_conflict,ハマビシ科,マメ科,correct_ocr,マメ科,223,444,2026-07-12,original_pdf_visual_review,原PDF p223（冊子p444）のジャケツイバラ属と種見出しを目視確認。原PDF p219（冊子p436）の科見出しは「マメ科 LEGUMINOSAE (FABACEAE)」で、ハマビシ科/ZYGOPHYLLACEAEおよび隣接属の誤取込を訂正する。
wildplants-taxonomy-followup-0101,日本の野生植物 第1巻,日本の野生植物 1- ソテツ科～コミカンソウ科.pdf,bcdcd5ac593747d6d58321d4a696ec96fb963233541af2a4666c4a1fbd1d4fb1,ジャケツイバラ,ylist_family_latin_conflict,ZYGOPHYLLACEAE,Fabaceae,correct_ocr,FABACEAE,223,444,2026-07-12,original_pdf_visual_review,原PDF p223（冊子p444）のジャケツイバラ属と種見出しを目視確認。原PDF p219（冊子p436）の科見出しは「マメ科 LEGUMINOSAE (FABACEAE)」で、ハマビシ科/ZYGOPHYLLACEAEおよび隣接属の誤取込を訂正する。
wildplants-taxonomy-followup-0102,日本の野生植物 第1巻,日本の野生植物 1- ソテツ科～コミカンソウ科.pdf,bcdcd5ac593747d6d58321d4a696ec96fb963233541af2a4666c4a1fbd1d4fb1,シロツブ,plant_name_not_supported_by_ocr_page,シロツブ,Plant name or known OCR-correction variant should appear on the cited page,keep_source,シロツブ,223,444,2026-07-12,original_pdf_visual_review,原PDF p223（冊子p444）のジャケツイバラ属内に種見出し「シロツブ Caesalpinia bonduc」を目視確認。現行の和名を支持する。
wildplants-taxonomy-followup-0103,日本の野生植物 第1巻,日本の野生植物 1- ソテツ科～コミカンソウ科.pdf,bcdcd5ac593747d6d58321d4a696ec96fb963233541af2a4666c4a1fbd1d4fb1,ナンテンカズラ,ylist_family_conflict,ハマビシ科,マメ科,correct_ocr,マメ科,223,444,2026-07-12,original_pdf_visual_review,原PDF p223（冊子p444）の種見出しは「ナンテンカズラ Caesalpinia crista」。原PDF p219（冊子p436）の科見出しに従いマメ科/FABACEAEへ直し、erista を crista に訂正する。
wildplants-taxonomy-followup-0104,日本の野生植物 第1巻,日本の野生植物 1- ソテツ科～コミカンソウ科.pdf,bcdcd5ac593747d6d58321d4a696ec96fb963233541af2a4666c4a1fbd1d4fb1,ナンテンカズラ,ylist_family_latin_conflict,ZYGOPHYLLACEAE,Fabaceae,correct_ocr,FABACEAE,223,444,2026-07-12,original_pdf_visual_review,原PDF p223（冊子p444）の種見出しは「ナンテンカズラ Caesalpinia crista」。原PDF p219（冊子p436）の科見出しに従いマメ科/FABACEAEへ直し、erista を crista に訂正する。
wildplants-taxonomy-followup-0105,日本の野生植物 第1巻,日本の野生植物 1- ソテツ科～コミカンソウ科.pdf,bcdcd5ac593747d6d58321d4a696ec96fb963233541af2a4666c4a1fbd1d4fb1,ハスノミカズラ,ylist_family_conflict,ハマビシ科,マメ科,correct_ocr,マメ科,223,444,2026-07-12,original_pdf_visual_review,原PDF p223（冊子p444）のジャケツイバラ属内の種見出しを目視確認。原PDF p219（冊子p436）の科見出しに従い、ハマビシ科/ZYGOPHYLLACEAEと隣接属の誤取込を訂正する。
wildplants-taxonomy-followup-0106,日本の野生植物 第1巻,日本の野生植物 1- ソテツ科～コミカンソウ科.pdf,bcdcd5ac593747d6d58321d4a696ec96fb963233541af2a4666c4a1fbd1d4fb1,ハスノミカズラ,ylist_family_latin_conflict,ZYGOPHYLLACEAE,Fabaceae,correct_ocr,FABACEAE,223,444,2026-07-12,original_pdf_visual_review,原PDF p223（冊子p444）のジャケツイバラ属内の種見出しを目視確認。原PDF p219（冊子p436）の科見出しに従い、ハマビシ科/ZYGOPHYLLACEAEと隣接属の誤取込を訂正する。
wildplants-taxonomy-followup-0107,日本の野生植物 第1巻,日本の野生植物 1- ソテツ科～コミカンソウ科.pdf,bcdcd5ac593747d6d58321d4a696ec96fb963233541af2a4666c4a1fbd1d4fb1,カワラケツメイ,possible_ocr_latin_typo_against_ylist,Chamaeerista nomame,Chamaecrista nomame,correct_ocr,Chamaecrista nomame,224,446,2026-07-12,original_pdf_visual_review,PDF p.224（冊子p.446、左頁）の種見出しを原画像で目視し「Chamaecrista nomame」と確認。現行scientific_nameはOCR文字誤り。 genus欄も同じ属見出しに合わせる必要がある。 独立した2回の原PDF画像照合で一致した。
wildplants-taxonomy-followup-0108,日本の野生植物 第1巻,日本の野生植物 1- ソテツ科～コミカンソウ科.pdf,bcdcd5ac593747d6d58321d4a696ec96fb963233541af2a4666c4a1fbd1d4fb1,カワラケツメイ,ylist_family_conflict,ハマビシ科,マメ科,correct_ocr,マメ科,224,446,2026-07-12,original_pdf_visual_review,原PDF p224（冊子p446）の種見出しは「カワラケツメイ Chamaecrista nomame」。原PDF p219（冊子p436）の科見出しに従いマメ科/FABACEAEへ直し、Chamaeerista を Chamaecrista に訂正する。
wildplants-taxonomy-followup-0109,日本の野生植物 第1巻,日本の野生植物 1- ソテツ科～コミカンソウ科.pdf,bcdcd5ac593747d6d58321d4a696ec96fb963233541af2a4666c4a1fbd1d4fb1,カワラケツメイ,ylist_family_latin_conflict,ZYGOPHYLLACEAE,Fabaceae,correct_ocr,FABACEAE,224,446,2026-07-12,original_pdf_visual_review,原PDF p224（冊子p446）の種見出しは「カワラケツメイ Chamaecrista nomame」。原PDF p219（冊子p436）の科見出しに従いマメ科/FABACEAEへ直し、Chamaeerista を Chamaecrista に訂正する。
wildplants-taxonomy-followup-0110,日本の野生植物 第1巻,日本の野生植物 1- ソテツ科～コミカンソウ科.pdf,bcdcd5ac593747d6d58321d4a696ec96fb963233541af2a4666c4a1fbd1d4fb1,サイカチ,ylist_family_conflict,ハマビシ科,マメ科,correct_ocr,マメ科,224,446,2026-07-12,original_pdf_visual_review,原PDF p224（冊子p446）のサイカチ属と種見出しを目視確認。原PDF p219（冊子p436）の科見出しに従いハマビシ科/ZYGOPHYLLACEAEをマメ科/FABACEAEへ訂正する。
wildplants-taxonomy-followup-0111,日本の野生植物 第1巻,日本の野生植物 1- ソテツ科～コミカンソウ科.pdf,bcdcd5ac593747d6d58321d4a696ec96fb963233541af2a4666c4a1fbd1d4fb1,サイカチ,ylist_family_latin_conflict,ZYGOPHYLLACEAE,Fabaceae,correct_ocr,FABACEAE,224,446,2026-07-12,original_pdf_visual_review,原PDF p224（冊子p446）のサイカチ属と種見出しを目視確認。原PDF p219（冊子p436）の科見出しに従いハマビシ科/ZYGOPHYLLACEAEをマメ科/FABACEAEへ訂正する。
wildplants-taxonomy-followup-0112,日本の野生植物 第1巻,日本の野生植物 1- ソテツ科～コミカンソウ科.pdf,bcdcd5ac593747d6d58321d4a696ec96fb963233541af2a4666c4a1fbd1d4fb1,ハカマカズラ,possible_ocr_latin_typo_against_ylist,Phanera japoniea,Phanera japonica,correct_ocr,Phanera japonica,224,447,2026-07-12,original_pdf_visual_review,PDF p.224（冊子p.447、右頁）の種見出しを原画像で目視し「Phanera japonica」と確認。現行scientific_nameはOCR文字誤り。 genus欄も同じ属見出しに合わせる必要がある。 独立した2回の原PDF画像照合で一致した。
wildplants-taxonomy-followup-0113,日本の野生植物 第1巻,日本の野生植物 1- ソテツ科～コミカンソウ科.pdf,bcdcd5ac593747d6d58321d4a696ec96fb963233541af2a4666c4a1fbd1d4fb1,ハカマカズラ,ylist_family_conflict,ハマビシ科,マメ科,correct_ocr,マメ科,224,447,2026-07-12,original_pdf_visual_review,原PDF p224（冊子p447）の種見出しは「ハカマカズラ Phanera japonica」。原PDF p219（冊子p436）の科見出しに従い科と属を直し、japoniea を japonica に訂正する。
wildplants-taxonomy-followup-0114,日本の野生植物 第1巻,日本の野生植物 1- ソテツ科～コミカンソウ科.pdf,bcdcd5ac593747d6d58321d4a696ec96fb963233541af2a4666c4a1fbd1d4fb1,ハカマカズラ,ylist_family_latin_conflict,ZYGOPHYLLACEAE,Fabaceae,correct_ocr,FABACEAE,224,447,2026-07-12,original_pdf_visual_review,原PDF p224（冊子p447）の種見出しは「ハカマカズラ Phanera japonica」。原PDF p219（冊子p436）の科見出しに従い科と属を直し、japoniea を japonica に訂正する。
wildplants-taxonomy-followup-0115,日本の野生植物 第1巻,日本の野生植物 1- ソテツ科～コミカンソウ科.pdf,bcdcd5ac593747d6d58321d4a696ec96fb963233541af2a4666c4a1fbd1d4fb1,ハブソウ,possible_ocr_latin_typo_against_ylist,Semna oeeidentalis,Senna occidentalis,correct_ocr,Senna occidentalis,224,447,2026-07-12,original_pdf_visual_review,PDF p.224（冊子p.447、右頁）の種見出しを原画像で目視し「Senna occidentalis」と確認。現行scientific_nameはOCR文字誤り。 独立した2回の原PDF画像照合で一致した。
wildplants-taxonomy-followup-0116,日本の野生植物 第1巻,日本の野生植物 1- ソテツ科～コミカンソウ科.pdf,bcdcd5ac593747d6d58321d4a696ec96fb963233541af2a4666c4a1fbd1d4fb1,ハブソウ,ylist_family_conflict,ハマビシ科,マメ科,correct_ocr,マメ科,224,447,2026-07-12,original_pdf_visual_review,原PDF p224（冊子p447）のセンナ属内の種見出しは「ハブソウ Senna occidentalis」。原PDF p219（冊子p436）の科見出しに従い科を直し、Semna oeeidentalis を Senna occidentalis に訂正する。
wildplants-taxonomy-followup-0117,日本の野生植物 第1巻,日本の野生植物 1- ソテツ科～コミカンソウ科.pdf,bcdcd5ac593747d6d58321d4a696ec96fb963233541af2a4666c4a1fbd1d4fb1,ハブソウ,ylist_family_latin_conflict,ZYGOPHYLLACEAE,Fabaceae,correct_ocr,FABACEAE,224,447,2026-07-12,original_pdf_visual_review,原PDF p224（冊子p447）のセンナ属内の種見出しは「ハブソウ Senna occidentalis」。原PDF p219（冊子p436）の科見出しに従い科を直し、Semna oeeidentalis を Senna occidentalis に訂正する。
wildplants-taxonomy-followup-0118,日本の野生植物 第1巻,日本の野生植物 1- ソテツ科～コミカンソウ科.pdf,bcdcd5ac593747d6d58321d4a696ec96fb963233541af2a4666c4a1fbd1d4fb1,エビスグサ,ylist_family_conflict,ハマビシ科,マメ科,correct_ocr,マメ科,225,448,2026-07-12,original_pdf_visual_review,原PDF p225（冊子p448）の種見出し「エビスグサ Senna obtusifolia」を目視確認。原PDF p219（冊子p436）の科見出しに従いハマビシ科/ZYGOPHYLLACEAEをマメ科/FABACEAEへ訂正する。
wildplants-taxonomy-followup-0119,日本の野生植物 第1巻,日本の野生植物 1- ソテツ科～コミカンソウ科.pdf,bcdcd5ac593747d6d58321d4a696ec96fb963233541af2a4666c4a1fbd1d4fb1,エビスグサ,ylist_family_latin_conflict,ZYGOPHYLLACEAE,Fabaceae,correct_ocr,FABACEAE,225,448,2026-07-12,original_pdf_visual_review,原PDF p225（冊子p448）の種見出し「エビスグサ Senna obtusifolia」を目視確認。原PDF p219（冊子p436）の科見出しに従いハマビシ科/ZYGOPHYLLACEAEをマメ科/FABACEAEへ訂正する。
wildplants-taxonomy-followup-0120,日本の野生植物 第1巻,日本の野生植物 1- ソテツ科～コミカンソウ科.pdf,bcdcd5ac593747d6d58321d4a696ec96fb963233541af2a4666c4a1fbd1d4fb1,クサネム,ylist_family_conflict,ハマビシ科,マメ科,correct_ocr,マメ科,225,449,2026-07-12,original_pdf_visual_review,原PDF p225（冊子p449）のクサネム属と種見出しを目視確認。原PDF p219（冊子p436）の科見出しに従い科を直し、隣接するトウアズキ属の誤取込を訂正する。
wildplants-taxonomy-followup-0121,日本の野生植物 第1巻,日本の野生植物 1- ソテツ科～コミカンソウ科.pdf,bcdcd5ac593747d6d58321d4a696ec96fb963233541af2a4666c4a1fbd1d4fb1,クサネム,ylist_family_latin_conflict,ZYGOPHYLLACEAE,Fabaceae,correct_ocr,FABACEAE,225,449,2026-07-12,original_pdf_visual_review,原PDF p225（冊子p449）のクサネム属と種見出しを目視確認。原PDF p219（冊子p436）の科見出しに従い科を直し、隣接するトウアズキ属の誤取込を訂正する。
wildplants-taxonomy-followup-0122,日本の野生植物 第1巻,日本の野生植物 1- ソテツ科～コミカンソウ科.pdf,bcdcd5ac593747d6d58321d4a696ec96fb963233541af2a4666c4a1fbd1d4fb1,ササハギ,possible_ocr_latin_typo_against_ylist,Alysiearpus vaginalis,Alysicarpus vaginalis,correct_ocr,Alysicarpus vaginalis,225,449,2026-07-12,original_pdf_visual_review,PDF p.225（冊子p.449、右頁）の種見出しを原画像で目視し「Alysicarpus vaginalis」と確認。現行scientific_nameはOCR文字誤り。 genus欄も同じ属見出しに合わせる必要がある。 独立した2回の原PDF画像照合で一致した。
wildplants-taxonomy-followup-0123,日本の野生植物 第1巻,日本の野生植物 1- ソテツ科～コミカンソウ科.pdf,bcdcd5ac593747d6d58321d4a696ec96fb963233541af2a4666c4a1fbd1d4fb1,ササハギ,ylist_family_conflict,ハマビシ科,マメ科,correct_ocr,マメ科,225,449,2026-07-12,original_pdf_visual_review,原PDF p225（冊子p449）のササハギ属内の種見出しは「ササハギ Alysicarpus vaginalis」。原PDF p219（冊子p436）の科見出しに従い科・属を直し、Alysiearpus を Alysicarpus に訂正する。
wildplants-taxonomy-followup-0124,日本の野生植物 第1巻,日本の野生植物 1- ソテツ科～コミカンソウ科.pdf,bcdcd5ac593747d6d58321d4a696ec96fb963233541af2a4666c4a1fbd1d4fb1,ササハギ,ylist_family_latin_conflict,ZYGOPHYLLACEAE,Fabaceae,correct_ocr,FABACEAE,225,449,2026-07-12,original_pdf_visual_review,原PDF p225（冊子p449）のササハギ属内の種見出しは「ササハギ Alysicarpus vaginalis」。原PDF p219（冊子p436）の科見出しに従い科・属を直し、Alysiearpus を Alysicarpus に訂正する。
wildplants-taxonomy-followup-0125,日本の野生植物 第1巻,日本の野生植物 1- ソテツ科～コミカンソウ科.pdf,bcdcd5ac593747d6d58321d4a696ec96fb963233541af2a4666c4a1fbd1d4fb1,シロウマオウギ,ylist_family_conflict,ハマビシ科,マメ科,correct_ocr,マメ科,226,451,2026-07-12,original_pdf_visual_review,原PDF p226（冊子p451）のゲンゲ属内の種見出し「シロウマオウギ Astragalus shiroumensis」を目視確認。原PDF p219（冊子p436）の科見出しに従いマメ科/FABACEAEへ訂正する。
wildplants-taxonomy-followup-0126,日本の野生植物 第1巻,日本の野生植物 1- ソテツ科～コミカンソウ科.pdf,bcdcd5ac593747d6d58321d4a696ec96fb963233541af2a4666c4a1fbd1d4fb1,シロウマオウギ,ylist_family_latin_conflict,ZYGOPHYLLACEAE,Fabaceae,correct_ocr,FABACEAE,226,451,2026-07-12,original_pdf_visual_review,原PDF p226（冊子p451）のゲンゲ属内の種見出し「シロウマオウギ Astragalus shiroumensis」を目視確認。原PDF p219（冊子p436）の科見出しに従いマメ科/FABACEAEへ訂正する。
wildplants-taxonomy-followup-0127,日本の野生植物 第1巻,日本の野生植物 1- ソテツ科～コミカンソウ科.pdf,bcdcd5ac593747d6d58321d4a696ec96fb963233541af2a4666c4a1fbd1d4fb1,タイツリオウギ,ylist_family_conflict,ハマビシ科,マメ科,correct_ocr,マメ科,226,451,2026-07-12,original_pdf_visual_review,原PDF p226（冊子p451）のゲンゲ属内の種見出し「タイツリオウギ Astragalus mongholicus」を目視確認。原PDF p219（冊子p436）の科見出しに従いマメ科/FABACEAEへ訂正する。
wildplants-taxonomy-followup-0128,日本の野生植物 第1巻,日本の野生植物 1- ソテツ科～コミカンソウ科.pdf,bcdcd5ac593747d6d58321d4a696ec96fb963233541af2a4666c4a1fbd1d4fb1,タイツリオウギ,ylist_family_latin_conflict,ZYGOPHYLLACEAE,Fabaceae,correct_ocr,FABACEAE,226,451,2026-07-12,original_pdf_visual_review,原PDF p226（冊子p451）のゲンゲ属内の種見出し「タイツリオウギ Astragalus mongholicus」を目視確認。原PDF p219（冊子p436）の科見出しに従いマメ科/FABACEAEへ訂正する。
wildplants-taxonomy-followup-0129,日本の野生植物 第1巻,日本の野生植物 1- ソテツ科～コミカンソウ科.pdf,bcdcd5ac593747d6d58321d4a696ec96fb963233541af2a4666c4a1fbd1d4fb1,ヤブマメ,ylist_family_conflict,ハマビシ科,マメ科,correct_ocr,マメ科,226,450,2026-07-12,original_pdf_visual_review,原PDF p226（冊子p450）のヤブマメ属と種見出しを目視確認。原PDF p219（冊子p436）の科見出しに従いハマビシ科/ZYGOPHYLLACEAEをマメ科/FABACEAEへ訂正する。
wildplants-taxonomy-followup-0130,日本の野生植物 第1巻,日本の野生植物 1- ソテツ科～コミカンソウ科.pdf,bcdcd5ac593747d6d58321d4a696ec96fb963233541af2a4666c4a1fbd1d4fb1,ヤブマメ,ylist_family_latin_conflict,ZYGOPHYLLACEAE,Fabaceae,correct_ocr,FABACEAE,226,450,2026-07-12,original_pdf_visual_review,原PDF p226（冊子p450）のヤブマメ属と種見出しを目視確認。原PDF p219（冊子p436）の科見出しに従いハマビシ科/ZYGOPHYLLACEAEをマメ科/FABACEAEへ訂正する。
wildplants-taxonomy-followup-0131,日本の野生植物 第1巻,日本の野生植物 1- ソテツ科～コミカンソウ科.pdf,bcdcd5ac593747d6d58321d4a696ec96fb963233541af2a4666c4a1fbd1d4fb1,ハマナタマメ,ylist_family_conflict,ハマビシ科,マメ科,correct_ocr,マメ科,227,452,2026-07-12,original_pdf_visual_review,原PDF p227（冊子p452）のナタマメ属内の種見出し「ハマナタマメ Canavalia lineata」を目視確認。原PDF p219（冊子p436）の科見出しに従い科を直し、キマメ属の誤取込を訂正する。
wildplants-taxonomy-followup-0132,日本の野生植物 第1巻,日本の野生植物 1- ソテツ科～コミカンソウ科.pdf,bcdcd5ac593747d6d58321d4a696ec96fb963233541af2a4666c4a1fbd1d4fb1,ハマナタマメ,ylist_family_latin_conflict,ZYGOPHYLLACEAE,Fabaceae,correct_ocr,FABACEAE,227,452,2026-07-12,original_pdf_visual_review,原PDF p227（冊子p452）のナタマメ属内の種見出し「ハマナタマメ Canavalia lineata」を目視確認。原PDF p219（冊子p436）の科見出しに従い科を直し、キマメ属の誤取込を訂正する。
wildplants-taxonomy-followup-0133,日本の野生植物 第1巻,日本の野生植物 1- ソテツ科～コミカンソウ科.pdf,bcdcd5ac593747d6d58321d4a696ec96fb963233541af2a4666c4a1fbd1d4fb1,ビロードヒメクズ,plant_name_not_supported_by_ocr_page,ビロードヒメクズ,Plant name or known OCR-correction variant should appear on the cited page,keep_source,ビロードヒメクズ,227,452,2026-07-12,original_pdf_visual_review,原PDF p227（冊子p452）のキマメ属内に種見出し「ビロードヒメクズ Cajanus scarabaeoides」を目視確認。現行の和名を支持する。
wildplants-taxonomy-followup-0134,日本の野生植物 第1巻,日本の野生植物 1- ソテツ科～コミカンソウ科.pdf,bcdcd5ac593747d6d58321d4a696ec96fb963233541af2a4666c4a1fbd1d4fb1,リシリオウギ,ylist_family_conflict,ハマビシ科,マメ科,correct_ocr,マメ科,227,452,2026-07-12,original_pdf_visual_review,原PDF p227（冊子p452）の種見出し「リシリオウギ Astragalus frigidus」を目視確認。原PDF p219（冊子p436）の科見出しに従いハマビシ科/ZYGOPHYLLACEAEをマメ科/FABACEAEへ訂正する。
wildplants-taxonomy-followup-0135,日本の野生植物 第1巻,日本の野生植物 1- ソテツ科～コミカンソウ科.pdf,bcdcd5ac593747d6d58321d4a696ec96fb963233541af2a4666c4a1fbd1d4fb1,リシリオウギ,ylist_family_latin_conflict,ZYGOPHYLLACEAE,Fabaceae,correct_ocr,FABACEAE,227,452,2026-07-12,original_pdf_visual_review,原PDF p227（冊子p452）の種見出し「リシリオウギ Astragalus frigidus」を目視確認。原PDF p219（冊子p436）の科見出しに従いハマビシ科/ZYGOPHYLLACEAEをマメ科/FABACEAEへ訂正する。
wildplants-taxonomy-followup-0136,日本の野生植物 第1巻,日本の野生植物 1- ソテツ科～コミカンソウ科.pdf,bcdcd5ac593747d6d58321d4a696ec96fb963233541af2a4666c4a1fbd1d4fb1,タヌキマメ,ylist_family_conflict,ハマビシ科,マメ科,correct_ocr,マメ科,228,454,2026-07-12,original_pdf_visual_review,原PDF p228（冊子p454）のタヌキマメ属内の種見出しを目視確認。原PDF p219（冊子p436）の科見出しに従いハマビシ科/ZYGOPHYLLACEAEをマメ科/FABACEAEへ訂正する。
wildplants-taxonomy-followup-0137,日本の野生植物 第1巻,日本の野生植物 1- ソテツ科～コミカンソウ科.pdf,bcdcd5ac593747d6d58321d4a696ec96fb963233541af2a4666c4a1fbd1d4fb1,タヌキマメ,ylist_family_latin_conflict,ZYGOPHYLLACEAE,Fabaceae,correct_ocr,FABACEAE,228,454,2026-07-12,original_pdf_visual_review,原PDF p228（冊子p454）のタヌキマメ属内の種見出しを目視確認。原PDF p219（冊子p436）の科見出しに従いハマビシ科/ZYGOPHYLLACEAEをマメ科/FABACEAEへ訂正する。
wildplants-taxonomy-followup-0138,日本の野生植物 第1巻,日本の野生植物 1- ソテツ科～コミカンソウ科.pdf,bcdcd5ac593747d6d58321d4a696ec96fb963233541af2a4666c4a1fbd1d4fb1,ヤエヤマタヌキマメ,ylist_family_conflict,ハマビシ科,マメ科,correct_ocr,マメ科,228,454,2026-07-12,original_pdf_visual_review,原PDF p228（冊子p454）の種見出しは「ヤエヤマタヌキマメ Crotalaria montana var. angustifolia」。科をマメ科/FABACEAEへ直し、省略された変種名を補う。
wildplants-taxonomy-followup-0139,日本の野生植物 第1巻,日本の野生植物 1- ソテツ科～コミカンソウ科.pdf,bcdcd5ac593747d6d58321d4a696ec96fb963233541af2a4666c4a1fbd1d4fb1,ヤエヤマタヌキマメ,ylist_family_latin_conflict,ZYGOPHYLLACEAE,Fabaceae,correct_ocr,FABACEAE,228,454,2026-07-12,original_pdf_visual_review,原PDF p228（冊子p454）の種見出しは「ヤエヤマタヌキマメ Crotalaria montana var. angustifolia」。科をマメ科/FABACEAEへ直し、省略された変種名を補う。
wildplants-taxonomy-followup-0140,日本の野生植物 第1巻,日本の野生植物 1- ソテツ科～コミカンソウ科.pdf,bcdcd5ac593747d6d58321d4a696ec96fb963233541af2a4666c4a1fbd1d4fb1,シイノキカズラ,ylist_family_conflict,ハマビシ科,マメ科,correct_ocr,マメ科,229,456,2026-07-12,original_pdf_visual_review,原PDF p229（冊子p456）のシイノキカズラ属と種見出しを目視確認。原PDF p219（冊子p436）の科見出しに従い科を直し、隣接するナハキハギ属の誤取込を訂正する。
wildplants-taxonomy-followup-0141,日本の野生植物 第1巻,日本の野生植物 1- ソテツ科～コミカンソウ科.pdf,bcdcd5ac593747d6d58321d4a696ec96fb963233541af2a4666c4a1fbd1d4fb1,シイノキカズラ,ylist_family_latin_conflict,ZYGOPHYLLACEAE,Fabaceae,correct_ocr,FABACEAE,229,456,2026-07-12,original_pdf_visual_review,原PDF p229（冊子p456）のシイノキカズラ属と種見出しを目視確認。原PDF p219（冊子p436）の科見出しに従い科を直し、隣接するナハキハギ属の誤取込を訂正する。
wildplants-taxonomy-followup-0142,日本の野生植物 第1巻,日本の野生植物 1- ソテツ科～コミカンソウ科.pdf,bcdcd5ac593747d6d58321d4a696ec96fb963233541af2a4666c4a1fbd1d4fb1,タマツナギ,ylist_family_conflict,ハマビシ科,マメ科,correct_ocr,マメ科,229,456,2026-07-12,original_pdf_visual_review,原PDF p229（冊子p456）のシバハギ属内の種見出し「タマツナギ Desmodium gangeticum」を目視確認。原PDF p219（冊子p436）の科見出しに従い科・属を訂正する。
wildplants-taxonomy-followup-0143,日本の野生植物 第1巻,日本の野生植物 1- ソテツ科～コミカンソウ科.pdf,bcdcd5ac593747d6d58321d4a696ec96fb963233541af2a4666c4a1fbd1d4fb1,タマツナギ,ylist_family_latin_conflict,ZYGOPHYLLACEAE,Fabaceae,correct_ocr,FABACEAE,229,456,2026-07-12,original_pdf_visual_review,原PDF p229（冊子p456）のシバハギ属内の種見出し「タマツナギ Desmodium gangeticum」を目視確認。原PDF p219（冊子p436）の科見出しに従い科・属を訂正する。
wildplants-taxonomy-followup-0144,日本の野生植物 第1巻,日本の野生植物 1- ソテツ科～コミカンソウ科.pdf,bcdcd5ac593747d6d58321d4a696ec96fb963233541af2a4666c4a1fbd1d4fb1,ノアズキ,ylist_family_conflict,ハマビシ科,マメ科,correct_ocr,マメ科,229,457,2026-07-12,original_pdf_visual_review,原PDF p229（冊子p457）のノアズキ属内の種見出し「ノアズキ Dunbaria villosa」を目視確認。原PDF p219（冊子p436）の科見出しに従いマメ科/FABACEAEへ訂正する。
wildplants-taxonomy-followup-0145,日本の野生植物 第1巻,日本の野生植物 1- ソテツ科～コミカンソウ科.pdf,bcdcd5ac593747d6d58321d4a696ec96fb963233541af2a4666c4a1fbd1d4fb1,ノアズキ,ylist_family_latin_conflict,ZYGOPHYLLACEAE,Fabaceae,correct_ocr,FABACEAE,229,457,2026-07-12,original_pdf_visual_review,原PDF p229（冊子p457）のノアズキ属内の種見出し「ノアズキ Dunbaria villosa」を目視確認。原PDF p219（冊子p436）の科見出しに従いマメ科/FABACEAEへ訂正する。
wildplants-taxonomy-followup-0146,日本の野生植物 第1巻,日本の野生植物 1- ソテツ科～コミカンソウ科.pdf,bcdcd5ac593747d6d58321d4a696ec96fb963233541af2a4666c4a1fbd1d4fb1,ノササゲ,possible_ocr_latin_typo_against_ylist,Dunasia truneata,Dumasia truncata,correct_ocr,Dumasia truncata,229,457,2026-07-12,original_pdf_visual_review,PDF p.229（冊子p.457、右頁）の種見出しを原画像で目視し「Dumasia truncata」と確認。現行scientific_nameはOCR文字誤り。 独立した2回の原PDF画像照合で一致した。
wildplants-taxonomy-followup-0147,日本の野生植物 第1巻,日本の野生植物 1- ソテツ科～コミカンソウ科.pdf,bcdcd5ac593747d6d58321d4a696ec96fb963233541af2a4666c4a1fbd1d4fb1,ノササゲ,ylist_family_conflict,ハマビシ科,マメ科,correct_ocr,マメ科,229,457,2026-07-12,original_pdf_visual_review,原PDF p229（冊子p457）の種見出しは「ノササゲ Dumasia truncata」。科をマメ科/FABACEAEへ直し、Dunasia truneata を Dumasia truncata に訂正する。
wildplants-taxonomy-followup-0148,日本の野生植物 第1巻,日本の野生植物 1- ソテツ科～コミカンソウ科.pdf,bcdcd5ac593747d6d58321d4a696ec96fb963233541af2a4666c4a1fbd1d4fb1,ノササゲ,ylist_family_latin_conflict,ZYGOPHYLLACEAE,Fabaceae,correct_ocr,FABACEAE,229,457,2026-07-12,original_pdf_visual_review,原PDF p229（冊子p457）の種見出しは「ノササゲ Dumasia truncata」。科をマメ科/FABACEAEへ直し、Dunasia truneata を Dumasia truncata に訂正する。
wildplants-taxonomy-followup-0149,日本の野生植物 第1巻,日本の野生植物 1- ソテツ科～コミカンソウ科.pdf,bcdcd5ac593747d6d58321d4a696ec96fb963233541af2a4666c4a1fbd1d4fb1,ハイマキエハギ,ylist_family_conflict,ハマビシ科,マメ科,correct_ocr,マメ科,229,457,2026-07-12,original_pdf_visual_review,原PDF p229（冊子p457）のシバハギ属内の種見出しは「ハイマキエハギ Desmodium triflorum」。科・属を直し、trillorum を triflorum に訂正する。
wildplants-taxonomy-followup-0150,日本の野生植物 第1巻,日本の野生植物 1- ソテツ科～コミカンソウ科.pdf,bcdcd5ac593747d6d58321d4a696ec96fb963233541af2a4666c4a1fbd1d4fb1,ハイマキエハギ,ylist_family_latin_conflict,ZYGOPHYLLACEAE,Fabaceae,correct_ocr,FABACEAE,229,457,2026-07-12,original_pdf_visual_review,原PDF p229（冊子p457）のシバハギ属内の種見出しは「ハイマキエハギ Desmodium triflorum」。科・属を直し、trillorum を triflorum に訂正する。
wildplants-taxonomy-followup-0151,日本の野生植物 第1巻,日本の野生植物 1- ソテツ科～コミカンソウ科.pdf,bcdcd5ac593747d6d58321d4a696ec96fb963233541af2a4666c4a1fbd1d4fb1,ツルマメ,possible_ocr_latin_typo_against_ylist,Glyeine max,Glycine max subsp. soja,correct_ocr,Glycine max subsp. soja,231,460,2026-07-12,original_pdf_visual_review,PDF p.231（冊子p.460、左頁）の種見出しを原画像で目視し「Glycine max subsp. soja」と確認。現行scientific_nameはOCR文字誤り。 独立した2回の原PDF画像照合で一致した。
wildplants-taxonomy-followup-0152,日本の野生植物 第1巻,日本の野生植物 1- ソテツ科～コミカンソウ科.pdf,bcdcd5ac593747d6d58321d4a696ec96fb963233541af2a4666c4a1fbd1d4fb1,ツルマメ,ylist_family_conflict,ハマビシ科,マメ科,correct_ocr,マメ科,231,460,2026-07-12,original_pdf_visual_review,原PDF p231（冊子p460）の種見出しは「ツルマメ Glycine max subsp. soja」。科をマメ科/FABACEAEへ直し、Glyeine max を Glycine max subsp. soja に訂正する。
wildplants-taxonomy-followup-0153,日本の野生植物 第1巻,日本の野生植物 1- ソテツ科～コミカンソウ科.pdf,bcdcd5ac593747d6d58321d4a696ec96fb963233541af2a4666c4a1fbd1d4fb1,ツルマメ,ylist_family_latin_conflict,ZYGOPHYLLACEAE,Fabaceae,correct_ocr,FABACEAE,231,460,2026-07-12,original_pdf_visual_review,原PDF p231（冊子p460）の種見出しは「ツルマメ Glycine max subsp. soja」。科をマメ科/FABACEAEへ直し、Glyeine max を Glycine max subsp. soja に訂正する。
wildplants-taxonomy-followup-0154,日本の野生植物 第1巻,日本の野生植物 1- ソテツ科～コミカンソウ科.pdf,bcdcd5ac593747d6d58321d4a696ec96fb963233541af2a4666c4a1fbd1d4fb1,トキワヤブハギ,plant_name_not_supported_by_ocr_page,トキワヤブハギ,Plant name or known OCR-correction variant should appear on the cited page,keep_source,トキワヤブハギ,231,461,2026-07-12,original_pdf_visual_review,原PDF p231（冊子p461）のヌスビトハギ属内に種見出し「トキワヤブハギ Hylodesmum leptopus」を目視確認。現行の和名を支持する。
wildplants-taxonomy-followup-0155,日本の野生植物 第1巻,日本の野生植物 1- ソテツ科～コミカンソウ科.pdf,bcdcd5ac593747d6d58321d4a696ec96fb963233541af2a4666c4a1fbd1d4fb1,フジカンゾウ,ylist_family_conflict,ハマビシ科,マメ科,correct_ocr,マメ科,231,461,2026-07-12,original_pdf_visual_review,原PDF p231（冊子p461）のヌスビトハギ属内の種見出しを目視確認。原PDF p219（冊子p436）の科見出しに従いハマビシ科/ZYGOPHYLLACEAEをマメ科/FABACEAEへ訂正する。
wildplants-taxonomy-followup-0156,日本の野生植物 第1巻,日本の野生植物 1- ソテツ科～コミカンソウ科.pdf,bcdcd5ac593747d6d58321d4a696ec96fb963233541af2a4666c4a1fbd1d4fb1,フジカンゾウ,ylist_family_latin_conflict,ZYGOPHYLLACEAE,Fabaceae,correct_ocr,FABACEAE,231,461,2026-07-12,original_pdf_visual_review,原PDF p231（冊子p461）のヌスビトハギ属内の種見出しを目視確認。原PDF p219（冊子p436）の科見出しに従いハマビシ科/ZYGOPHYLLACEAEをマメ科/FABACEAEへ訂正する。
wildplants-taxonomy-followup-0157,日本の野生植物 第1巻,日本の野生植物 1- ソテツ科～コミカンソウ科.pdf,bcdcd5ac593747d6d58321d4a696ec96fb963233541af2a4666c4a1fbd1d4fb1,リュウキュウヌスビトハギ,ylist_family_conflict,ハマビシ科,マメ科,correct_ocr,マメ科,231,461,2026-07-12,original_pdf_visual_review,原PDF p231（冊子p461）のヌスビトハギ属内の種見出しを目視確認。原PDF p219（冊子p436）の科見出しに従いハマビシ科/ZYGOPHYLLACEAEをマメ科/FABACEAEへ訂正する。
wildplants-taxonomy-followup-0158,日本の野生植物 第1巻,日本の野生植物 1- ソテツ科～コミカンソウ科.pdf,bcdcd5ac593747d6d58321d4a696ec96fb963233541af2a4666c4a1fbd1d4fb1,リュウキュウヌスビトハギ,ylist_family_latin_conflict,ZYGOPHYLLACEAE,Fabaceae,correct_ocr,FABACEAE,231,461,2026-07-12,original_pdf_visual_review,原PDF p231（冊子p461）のヌスビトハギ属内の種見出しを目視確認。原PDF p219（冊子p436）の科見出しに従いハマビシ科/ZYGOPHYLLACEAEをマメ科/FABACEAEへ訂正する。
wildplants-taxonomy-followup-0159,日本の野生植物 第1巻,日本の野生植物 1- ソテツ科～コミカンソウ科.pdf,bcdcd5ac593747d6d58321d4a696ec96fb963233541af2a4666c4a1fbd1d4fb1,オオバヌスビトハギ,ylist_family_conflict,ハマビシ科,マメ科,correct_ocr,マメ科,232,462,2026-07-12,original_pdf_visual_review,原PDF p232（冊子p462）のヌスビトハギ属内の種見出しを目視確認。原PDF p219（冊子p436）の科見出しに従いマメ科/FABACEAEへ訂正する。
wildplants-taxonomy-followup-0160,日本の野生植物 第1巻,日本の野生植物 1- ソテツ科～コミカンソウ科.pdf,bcdcd5ac593747d6d58321d4a696ec96fb963233541af2a4666c4a1fbd1d4fb1,オオバヌスビトハギ,ylist_family_latin_conflict,ZYGOPHYLLACEAE,Fabaceae,correct_ocr,FABACEAE,232,462,2026-07-12,original_pdf_visual_review,原PDF p232（冊子p462）のヌスビトハギ属内の種見出しを目視確認。原PDF p219（冊子p436）の科見出しに従いマメ科/FABACEAEへ訂正する。
wildplants-taxonomy-followup-0161,日本の野生植物 第1巻,日本の野生植物 1- ソテツ科～コミカンソウ科.pdf,bcdcd5ac593747d6d58321d4a696ec96fb963233541af2a4666c4a1fbd1d4fb1,コマツナギ,ylist_family_conflict,ハマビシ科,マメ科,correct_ocr,マメ科,232,463,2026-07-12,original_pdf_visual_review,原PDF p232（冊子p463）のコマツナギ属内の種見出しを目視確認。原PDF p219（冊子p436）の科見出しに従いハマビシ科/ZYGOPHYLLACEAEをマメ科/FABACEAEへ訂正する。
wildplants-taxonomy-followup-0162,日本の野生植物 第1巻,日本の野生植物 1- ソテツ科～コミカンソウ科.pdf,bcdcd5ac593747d6d58321d4a696ec96fb963233541af2a4666c4a1fbd1d4fb1,コマツナギ,ylist_family_latin_conflict,ZYGOPHYLLACEAE,Fabaceae,correct_ocr,FABACEAE,232,463,2026-07-12,original_pdf_visual_review,原PDF p232（冊子p463）のコマツナギ属内の種見出しを目視確認。原PDF p219（冊子p436）の科見出しに従いハマビシ科/ZYGOPHYLLACEAEをマメ科/FABACEAEへ訂正する。
wildplants-taxonomy-followup-0163,日本の野生植物 第1巻,日本の野生植物 1- ソテツ科～コミカンソウ科.pdf,bcdcd5ac593747d6d58321d4a696ec96fb963233541af2a4666c4a1fbd1d4fb1,マルバヌスビトハギ,possible_ocr_latin_typo_against_ylist,Hylodesmum podoearpum,Hylodesmum podocarpum subsp. podocarpum,correct_ocr,Hylodesmum podocarpum,232,462,2026-07-12,original_pdf_visual_review,PDF p.232（冊子p.462、左頁）の種見出しを原画像で目視し「Hylodesmum podocarpum」と確認。現行scientific_nameはOCR文字誤り。 独立した2回の原PDF画像照合で一致した。
wildplants-taxonomy-followup-0164,日本の野生植物 第1巻,日本の野生植物 1- ソテツ科～コミカンソウ科.pdf,bcdcd5ac593747d6d58321d4a696ec96fb963233541af2a4666c4a1fbd1d4fb1,マルバヌスビトハギ,ylist_family_conflict,ハマビシ科,マメ科,correct_ocr,マメ科,232,462,2026-07-12,original_pdf_visual_review,原PDF p232（冊子p462）の種見出しは「マルバヌスビトハギ Hylodesmum podocarpum」。科をマメ科/FABACEAEへ直し、podoearpum を podocarpum に訂正する。
wildplants-taxonomy-followup-0165,日本の野生植物 第1巻,日本の野生植物 1- ソテツ科～コミカンソウ科.pdf,bcdcd5ac593747d6d58321d4a696ec96fb963233541af2a4666c4a1fbd1d4fb1,マルバヌスビトハギ,ylist_family_latin_conflict,ZYGOPHYLLACEAE,Fabaceae,correct_ocr,FABACEAE,232,462,2026-07-12,original_pdf_visual_review,原PDF p232（冊子p462）の種見出しは「マルバヌスビトハギ Hylodesmum podocarpum」。科をマメ科/FABACEAEへ直し、podoearpum を podocarpum に訂正する。
wildplants-taxonomy-followup-0166,日本の野生植物 第1巻,日本の野生植物 1- ソテツ科～コミカンソウ科.pdf,bcdcd5ac593747d6d58321d4a696ec96fb963233541af2a4666c4a1fbd1d4fb1,イタチササゲ,possible_ocr_latin_typo_against_ylist,Lathyrus davidi,Lathyrus davidii,correct_ocr,Lathyrus davidii,233,464,2026-07-12,original_pdf_visual_review,PDF p.233（冊子p.464、左頁）の種見出しを原画像で目視し「Lathyrus davidii」と確認。現行scientific_nameはOCR文字誤り。 独立した2回の原PDF画像照合で一致した。
wildplants-taxonomy-followup-0167,日本の野生植物 第1巻,日本の野生植物 1- ソテツ科～コミカンソウ科.pdf,bcdcd5ac593747d6d58321d4a696ec96fb963233541af2a4666c4a1fbd1d4fb1,イタチササゲ,ylist_family_conflict,ハマビシ科,マメ科,correct_ocr,マメ科,233,464,2026-07-12,original_pdf_visual_review,原PDF p233（冊子p464）のレンリソウ属内の種見出しは「イタチササゲ Lathyrus davidii」。科をマメ科/FABACEAEへ直し、davidi を davidii に訂正する。
wildplants-taxonomy-followup-0168,日本の野生植物 第1巻,日本の野生植物 1- ソテツ科～コミカンソウ科.pdf,bcdcd5ac593747d6d58321d4a696ec96fb963233541af2a4666c4a1fbd1d4fb1,イタチササゲ,ylist_family_latin_conflict,ZYGOPHYLLACEAE,Fabaceae,correct_ocr,FABACEAE,233,464,2026-07-12,original_pdf_visual_review,原PDF p233（冊子p464）のレンリソウ属内の種見出しは「イタチササゲ Lathyrus davidii」。科をマメ科/FABACEAEへ直し、davidi を davidii に訂正する。
wildplants-taxonomy-followup-0169,日本の野生植物 第1巻,日本の野生植物 1- ソテツ科～コミカンソウ科.pdf,bcdcd5ac593747d6d58321d4a696ec96fb963233541af2a4666c4a1fbd1d4fb1,エゾノレンリソウ,ylist_family_conflict,ハマビシ科,マメ科,correct_ocr,マメ科,233,465,2026-07-12,original_pdf_visual_review,原PDF p233（冊子p465）のレンリソウ属内の種見出しを目視確認。原PDF p219（冊子p436）の科見出しに従いハマビシ科/ZYGOPHYLLACEAEをマメ科/FABACEAEへ訂正する。
wildplants-taxonomy-followup-0170,日本の野生植物 第1巻,日本の野生植物 1- ソテツ科～コミカンソウ科.pdf,bcdcd5ac593747d6d58321d4a696ec96fb963233541af2a4666c4a1fbd1d4fb1,エゾノレンリソウ,ylist_family_latin_conflict,ZYGOPHYLLACEAE,Fabaceae,correct_ocr,FABACEAE,233,465,2026-07-12,original_pdf_visual_review,原PDF p233（冊子p465）のレンリソウ属内の種見出しを目視確認。原PDF p219（冊子p436）の科見出しに従いハマビシ科/ZYGOPHYLLACEAEをマメ科/FABACEAEへ訂正する。
wildplants-taxonomy-followup-0171,日本の野生植物 第1巻,日本の野生植物 1- ソテツ科～コミカンソウ科.pdf,bcdcd5ac593747d6d58321d4a696ec96fb963233541af2a4666c4a1fbd1d4fb1,ハマエンドウ,ylist_family_conflict,ハマビシ科,マメ科,correct_ocr,マメ科,233,464,2026-07-12,original_pdf_visual_review,原PDF p233（冊子p464）のレンリソウ属内の種見出しを目視確認。原PDF p219（冊子p436）の科見出しに従いハマビシ科/ZYGOPHYLLACEAEをマメ科/FABACEAEへ訂正する。
wildplants-taxonomy-followup-0172,日本の野生植物 第1巻,日本の野生植物 1- ソテツ科～コミカンソウ科.pdf,bcdcd5ac593747d6d58321d4a696ec96fb963233541af2a4666c4a1fbd1d4fb1,ハマエンドウ,ylist_family_latin_conflict,ZYGOPHYLLACEAE,Fabaceae,correct_ocr,FABACEAE,233,464,2026-07-12,original_pdf_visual_review,原PDF p233（冊子p464）のレンリソウ属内の種見出しを目視確認。原PDF p219（冊子p436）の科見出しに従いハマビシ科/ZYGOPHYLLACEAEをマメ科/FABACEAEへ訂正する。
wildplants-taxonomy-followup-0173,日本の野生植物 第1巻,日本の野生植物 1- ソテツ科～コミカンソウ科.pdf,bcdcd5ac593747d6d58321d4a696ec96fb963233541af2a4666c4a1fbd1d4fb1,マルバヤハズソウ,ylist_family_conflict,ハマビシ科,マメ科,correct_ocr,マメ科,233,464,2026-07-12,original_pdf_visual_review,原PDF p233（冊子p464）のヤハズソウ属内の種見出しを目視確認。原PDF p219（冊子p436）の科見出しに従い科を直し、コマツナギ属の誤取込を訂正する。
wildplants-taxonomy-followup-0174,日本の野生植物 第1巻,日本の野生植物 1- ソテツ科～コミカンソウ科.pdf,bcdcd5ac593747d6d58321d4a696ec96fb963233541af2a4666c4a1fbd1d4fb1,マルバヤハズソウ,ylist_family_latin_conflict,ZYGOPHYLLACEAE,Fabaceae,correct_ocr,FABACEAE,233,464,2026-07-12,original_pdf_visual_review,原PDF p233（冊子p464）のヤハズソウ属内の種見出しを目視確認。原PDF p219（冊子p436）の科見出しに従い科を直し、コマツナギ属の誤取込を訂正する。
wildplants-taxonomy-followup-0175,日本の野生植物 第1巻,日本の野生植物 1- ソテツ科～コミカンソウ科.pdf,bcdcd5ac593747d6d58321d4a696ec96fb963233541af2a4666c4a1fbd1d4fb1,ヤハズソウ,ylist_family_conflict,ハマビシ科,マメ科,correct_ocr,マメ科,233,464,2026-07-12,original_pdf_visual_review,原PDF p233（冊子p464）のヤハズソウ属内に種見出し「ヤハズソウ Kummerowia striata」を目視確認。原PDF p219（冊子p436）の科見出しに従い科・属を訂正する。
wildplants-taxonomy-followup-0176,日本の野生植物 第1巻,日本の野生植物 1- ソテツ科～コミカンソウ科.pdf,bcdcd5ac593747d6d58321d4a696ec96fb963233541af2a4666c4a1fbd1d4fb1,ヤハズソウ,ylist_family_latin_conflict,ZYGOPHYLLACEAE,Fabaceae,correct_ocr,FABACEAE,233,464,2026-07-12,original_pdf_visual_review,原PDF p233（冊子p464）のヤハズソウ属内に種見出し「ヤハズソウ Kummerowia striata」を目視確認。原PDF p219（冊子p436）の科見出しに従い科・属を訂正する。
wildplants-taxonomy-followup-0177,日本の野生植物 第1巻,日本の野生植物 1- ソテツ科～コミカンソウ科.pdf,bcdcd5ac593747d6d58321d4a696ec96fb963233541af2a4666c4a1fbd1d4fb1,レンリソウ,possible_ocr_latin_typo_against_ylist,Lathyrus quinguenervius,Lathyrus quinquenervius,correct_ocr,Lathyrus quinquenervius,233,465,2026-07-12,original_pdf_visual_review,PDF p.233（冊子p.465、右頁）の種見出しを原画像で目視し「Lathyrus quinquenervius」と確認。現行scientific_nameはOCR文字誤り。 独立した2回の原PDF画像照合で一致した。
wildplants-taxonomy-followup-0178,日本の野生植物 第1巻,日本の野生植物 1- ソテツ科～コミカンソウ科.pdf,bcdcd5ac593747d6d58321d4a696ec96fb963233541af2a4666c4a1fbd1d4fb1,レンリソウ,ylist_family_conflict,ハマビシ科,マメ科,correct_ocr,マメ科,233,465,2026-07-12,original_pdf_visual_review,原PDF p233（冊子p465）の種見出しは「レンリソウ Lathyrus quinquenervius」。科をマメ科/FABACEAEへ直し、quinguenervius を quinquenervius に訂正する。
wildplants-taxonomy-followup-0179,日本の野生植物 第1巻,日本の野生植物 1- ソテツ科～コミカンソウ科.pdf,bcdcd5ac593747d6d58321d4a696ec96fb963233541af2a4666c4a1fbd1d4fb1,レンリソウ,ylist_family_latin_conflict,ZYGOPHYLLACEAE,Fabaceae,correct_ocr,FABACEAE,233,465,2026-07-12,original_pdf_visual_review,原PDF p233（冊子p465）の種見出しは「レンリソウ Lathyrus quinquenervius」。科をマメ科/FABACEAEへ直し、quinguenervius を quinquenervius に訂正する。
wildplants-taxonomy-followup-0180,日本の野生植物 第1巻,日本の野生植物 1- ソテツ科～コミカンソウ科.pdf,bcdcd5ac593747d6d58321d4a696ec96fb963233541af2a4666c4a1fbd1d4fb1,キハギ,ylist_family_conflict,ハマビシ科,マメ科,correct_ocr,マメ科,234,466,2026-07-12,original_pdf_visual_review,原PDF画像の冊子p.466で「キハギ」の種見出しと欄外「マメ科」を目視確認。科見出しは冊子p.436「マメ科 LEGUMINOSAE (FABACEAE)」。現行「ハマビシ科」を「マメ科」に訂正。
wildplants-taxonomy-followup-0181,日本の野生植物 第1巻,日本の野生植物 1- ソテツ科～コミカンソウ科.pdf,bcdcd5ac593747d6d58321d4a696ec96fb963233541af2a4666c4a1fbd1d4fb1,キハギ,ylist_family_latin_conflict,ZYGOPHYLLACEAE,Fabaceae,correct_ocr,FABACEAE,234,466,2026-07-12,original_pdf_visual_review,原PDF画像の冊子p.466で「キハギ」の種見出しと欄外「マメ科」を目視確認。科見出しは冊子p.436「マメ科 LEGUMINOSAE (FABACEAE)」。現行「ZYGOPHYLLACEAE」を「LEGUMINOSAE (FABACEAE)」に訂正。
wildplants-taxonomy-followup-0182,日本の野生植物 第1巻,日本の野生植物 1- ソテツ科～コミカンソウ科.pdf,bcdcd5ac593747d6d58321d4a696ec96fb963233541af2a4666c4a1fbd1d4fb1,ツクシハギ,ylist_family_conflict,ハマビシ科,マメ科,correct_ocr,マメ科,234,467,2026-07-12,original_pdf_visual_review,原PDF画像の冊子p.467で「ツクシハギ」の種見出しと欄外「マメ科」を目視確認。科見出しは冊子p.436「マメ科 LEGUMINOSAE (FABACEAE)」。現行「ハマビシ科」を「マメ科」に訂正。
wildplants-taxonomy-followup-0183,日本の野生植物 第1巻,日本の野生植物 1- ソテツ科～コミカンソウ科.pdf,bcdcd5ac593747d6d58321d4a696ec96fb963233541af2a4666c4a1fbd1d4fb1,ツクシハギ,ylist_family_latin_conflict,ZYGOPHYLLACEAE,Fabaceae,correct_ocr,FABACEAE,234,467,2026-07-12,original_pdf_visual_review,原PDF画像の冊子p.467で「ツクシハギ」の種見出しと欄外「マメ科」を目視確認。科見出しは冊子p.436「マメ科 LEGUMINOSAE (FABACEAE)」。現行「ZYGOPHYLLACEAE」を「LEGUMINOSAE (FABACEAE)」に訂正。
wildplants-taxonomy-followup-0184,日本の野生植物 第1巻,日本の野生植物 1- ソテツ科～コミカンソウ科.pdf,bcdcd5ac593747d6d58321d4a696ec96fb963233541af2a4666c4a1fbd1d4fb1,マルバハギ,ylist_family_conflict,ハマビシ科,マメ科,correct_ocr,マメ科,234,467,2026-07-12,original_pdf_visual_review,原PDF画像の冊子p.467で「マルバハギ」の種見出しと欄外「マメ科」を目視確認。科見出しは冊子p.436「マメ科 LEGUMINOSAE (FABACEAE)」。現行「ハマビシ科」を「マメ科」に訂正。
wildplants-taxonomy-followup-0185,日本の野生植物 第1巻,日本の野生植物 1- ソテツ科～コミカンソウ科.pdf,bcdcd5ac593747d6d58321d4a696ec96fb963233541af2a4666c4a1fbd1d4fb1,マルバハギ,ylist_family_latin_conflict,ZYGOPHYLLACEAE,Fabaceae,correct_ocr,FABACEAE,234,467,2026-07-12,original_pdf_visual_review,原PDF画像の冊子p.467で「マルバハギ」の種見出しと欄外「マメ科」を目視確認。科見出しは冊子p.436「マメ科 LEGUMINOSAE (FABACEAE)」。現行「ZYGOPHYLLACEAE」を「LEGUMINOSAE (FABACEAE)」に訂正。
wildplants-taxonomy-followup-0186,日本の野生植物 第1巻,日本の野生植物 1- ソテツ科～コミカンソウ科.pdf,bcdcd5ac593747d6d58321d4a696ec96fb963233541af2a4666c4a1fbd1d4fb1,ミヤギノハギ,ylist_family_conflict,ハマビシ科,マメ科,correct_ocr,マメ科,234,467,2026-07-12,original_pdf_visual_review,原PDF画像の冊子p.467で「ミヤギノハギ」の種見出しと欄外「マメ科」を目視確認。科見出しは冊子p.436「マメ科 LEGUMINOSAE (FABACEAE)」。現行「ハマビシ科」を「マメ科」に訂正。
wildplants-taxonomy-followup-0187,日本の野生植物 第1巻,日本の野生植物 1- ソテツ科～コミカンソウ科.pdf,bcdcd5ac593747d6d58321d4a696ec96fb963233541af2a4666c4a1fbd1d4fb1,ミヤギノハギ,ylist_family_latin_conflict,ZYGOPHYLLACEAE,Fabaceae,correct_ocr,FABACEAE,234,467,2026-07-12,original_pdf_visual_review,原PDF画像の冊子p.467で「ミヤギノハギ」の種見出しと欄外「マメ科」を目視確認。科見出しは冊子p.436「マメ科 LEGUMINOSAE (FABACEAE)」。現行「ZYGOPHYLLACEAE」を「LEGUMINOSAE (FABACEAE)」に訂正。
wildplants-taxonomy-followup-0188,日本の野生植物 第1巻,日本の野生植物 1- ソテツ科～コミカンソウ科.pdf,bcdcd5ac593747d6d58321d4a696ec96fb963233541af2a4666c4a1fbd1d4fb1,ヤマハギ,ylist_family_conflict,ハマビシ科,マメ科,correct_ocr,マメ科,234,467,2026-07-12,original_pdf_visual_review,原PDF画像の冊子p.467で「ヤマハギ」の種見出しと欄外「マメ科」を目視確認。科見出しは冊子p.436「マメ科 LEGUMINOSAE (FABACEAE)」。現行「ハマビシ科」を「マメ科」に訂正。
wildplants-taxonomy-followup-0189,日本の野生植物 第1巻,日本の野生植物 1- ソテツ科～コミカンソウ科.pdf,bcdcd5ac593747d6d58321d4a696ec96fb963233541af2a4666c4a1fbd1d4fb1,ヤマハギ,ylist_family_latin_conflict,ZYGOPHYLLACEAE,Fabaceae,correct_ocr,FABACEAE,234,467,2026-07-12,original_pdf_visual_review,原PDF画像の冊子p.467で「ヤマハギ」の種見出しと欄外「マメ科」を目視確認。科見出しは冊子p.436「マメ科 LEGUMINOSAE (FABACEAE)」。現行「ZYGOPHYLLACEAE」を「LEGUMINOSAE (FABACEAE)」に訂正。
wildplants-taxonomy-followup-0190,日本の野生植物 第1巻,日本の野生植物 1- ソテツ科～コミカンソウ科.pdf,bcdcd5ac593747d6d58321d4a696ec96fb963233541af2a4666c4a1fbd1d4fb1,マキエハギ,ylist_family_conflict,ハマビシ科,マメ科,correct_ocr,マメ科,235,468,2026-07-12,original_pdf_visual_review,原PDF画像の冊子p.468で「マキエハギ」の種見出しと欄外「マメ科」を目視確認。科見出しは冊子p.436「マメ科 LEGUMINOSAE (FABACEAE)」。現行「ハマビシ科」を「マメ科」に訂正。
wildplants-taxonomy-followup-0191,日本の野生植物 第1巻,日本の野生植物 1- ソテツ科～コミカンソウ科.pdf,bcdcd5ac593747d6d58321d4a696ec96fb963233541af2a4666c4a1fbd1d4fb1,マキエハギ,ylist_family_latin_conflict,ZYGOPHYLLACEAE,Fabaceae,correct_ocr,FABACEAE,235,468,2026-07-12,original_pdf_visual_review,原PDF画像の冊子p.468で「マキエハギ」の種見出しと欄外「マメ科」を目視確認。科見出しは冊子p.436「マメ科 LEGUMINOSAE (FABACEAE)」。現行「ZYGOPHYLLACEAE」を「LEGUMINOSAE (FABACEAE)」に訂正。
wildplants-taxonomy-followup-0192,日本の野生植物 第1巻,日本の野生植物 1- ソテツ科～コミカンソウ科.pdf,bcdcd5ac593747d6d58321d4a696ec96fb963233541af2a4666c4a1fbd1d4fb1,ミヤコグサ,possible_ocr_latin_typo_against_ylist,Lotus cornienlatus,Lotus corniculatus subsp. japonicus,correct_ocr,Lotus corniculatus subsp. japonicus,235,469,2026-07-12,original_pdf_visual_review,PDF p.235（冊子p.469、右頁）の種見出しを原画像で目視し「Lotus corniculatus subsp. japonicus」と確認。現行scientific_nameはOCR文字誤り。 独立した2回の原PDF画像照合で一致した。
wildplants-taxonomy-followup-0193,日本の野生植物 第1巻,日本の野生植物 1- ソテツ科～コミカンソウ科.pdf,bcdcd5ac593747d6d58321d4a696ec96fb963233541af2a4666c4a1fbd1d4fb1,ミヤコグサ,ylist_family_conflict,ハマビシ科,マメ科,correct_ocr,マメ科,235,469,2026-07-12,original_pdf_visual_review,原PDF画像の冊子p.469で「ミヤコグサ」の種見出しと欄外「マメ科」を目視確認。科見出しは冊子p.436「マメ科 LEGUMINOSAE (FABACEAE)」。現行「ハマビシ科」を「マメ科」に訂正。
wildplants-taxonomy-followup-0194,日本の野生植物 第1巻,日本の野生植物 1- ソテツ科～コミカンソウ科.pdf,bcdcd5ac593747d6d58321d4a696ec96fb963233541af2a4666c4a1fbd1d4fb1,ミヤコグサ,ylist_family_latin_conflict,ZYGOPHYLLACEAE,Fabaceae,correct_ocr,FABACEAE,235,469,2026-07-12,original_pdf_visual_review,原PDF画像の冊子p.469で「ミヤコグサ」の種見出しと欄外「マメ科」を目視確認。科見出しは冊子p.436「マメ科 LEGUMINOSAE (FABACEAE)」。現行「ZYGOPHYLLACEAE」を「LEGUMINOSAE (FABACEAE)」に訂正。
wildplants-taxonomy-followup-0195,日本の野生植物 第1巻,日本の野生植物 1- ソテツ科～コミカンソウ科.pdf,bcdcd5ac593747d6d58321d4a696ec96fb963233541af2a4666c4a1fbd1d4fb1,メドハギ,ylist_family_conflict,ハマビシ科,マメ科,correct_ocr,マメ科,235,468,2026-07-12,original_pdf_visual_review,原PDF画像の冊子p.468で「メドハギ」の種見出しと欄外「マメ科」を目視確認。科見出しは冊子p.436「マメ科 LEGUMINOSAE (FABACEAE)」。現行「ハマビシ科」を「マメ科」に訂正。
wildplants-taxonomy-followup-0196,日本の野生植物 第1巻,日本の野生植物 1- ソテツ科～コミカンソウ科.pdf,bcdcd5ac593747d6d58321d4a696ec96fb963233541af2a4666c4a1fbd1d4fb1,メドハギ,ylist_family_latin_conflict,ZYGOPHYLLACEAE,Fabaceae,correct_ocr,FABACEAE,235,468,2026-07-12,original_pdf_visual_review,原PDF画像の冊子p.468で「メドハギ」の種見出しと欄外「マメ科」を目視確認。科見出しは冊子p.436「マメ科 LEGUMINOSAE (FABACEAE)」。現行「ZYGOPHYLLACEAE」を「LEGUMINOSAE (FABACEAE)」に訂正。
wildplants-taxonomy-followup-0197,日本の野生植物 第1巻,日本の野生植物 1- ソテツ科～コミカンソウ科.pdf,bcdcd5ac593747d6d58321d4a696ec96fb963233541af2a4666c4a1fbd1d4fb1,ウマゴヤシ,ylist_family_conflict,ハマビシ科,マメ科,correct_ocr,マメ科,236,470,2026-07-12,original_pdf_visual_review,原PDF画像の冊子p.470で「ウマゴヤシ」の種見出しと欄外「マメ科」を目視確認。科見出しは冊子p.436「マメ科 LEGUMINOSAE (FABACEAE)」。現行「ハマビシ科」を「マメ科」に訂正。
wildplants-taxonomy-followup-0198,日本の野生植物 第1巻,日本の野生植物 1- ソテツ科～コミカンソウ科.pdf,bcdcd5ac593747d6d58321d4a696ec96fb963233541af2a4666c4a1fbd1d4fb1,ウマゴヤシ,ylist_family_latin_conflict,ZYGOPHYLLACEAE,Fabaceae,correct_ocr,FABACEAE,236,470,2026-07-12,original_pdf_visual_review,原PDF画像の冊子p.470で「ウマゴヤシ」の種見出しと欄外「マメ科」を目視確認。科見出しは冊子p.436「マメ科 LEGUMINOSAE (FABACEAE)」。現行「ZYGOPHYLLACEAE」を「LEGUMINOSAE (FABACEAE)」に訂正。
wildplants-taxonomy-followup-0199,日本の野生植物 第1巻,日本の野生植物 1- ソテツ科～コミカンソウ科.pdf,bcdcd5ac593747d6d58321d4a696ec96fb963233541af2a4666c4a1fbd1d4fb1,コウマゴヤシ,ylist_family_conflict,ハマビシ科,マメ科,correct_ocr,マメ科,236,470,2026-07-12,original_pdf_visual_review,原PDF画像の冊子p.470で「コウマゴヤシ」の種見出しと欄外「マメ科」を目視確認。科見出しは冊子p.436「マメ科 LEGUMINOSAE (FABACEAE)」。現行「ハマビシ科」を「マメ科」に訂正。
wildplants-taxonomy-followup-0200,日本の野生植物 第1巻,日本の野生植物 1- ソテツ科～コミカンソウ科.pdf,bcdcd5ac593747d6d58321d4a696ec96fb963233541af2a4666c4a1fbd1d4fb1,コウマゴヤシ,ylist_family_latin_conflict,ZYGOPHYLLACEAE,Fabaceae,correct_ocr,FABACEAE,236,470,2026-07-12,original_pdf_visual_review,原PDF画像の冊子p.470で「コウマゴヤシ」の種見出しと欄外「マメ科」を目視確認。科見出しは冊子p.436「マメ科 LEGUMINOSAE (FABACEAE)」。現行「ZYGOPHYLLACEAE」を「LEGUMINOSAE (FABACEAE)」に訂正。
wildplants-taxonomy-followup-0201,日本の野生植物 第1巻,日本の野生植物 1- ソテツ科～コミカンソウ科.pdf,bcdcd5ac593747d6d58321d4a696ec96fb963233541af2a4666c4a1fbd1d4fb1,コメツブウマゴヤシ,plant_name_not_supported_by_ocr_page,コメツブウマゴヤシ,Plant name or known OCR-correction variant should appear on the cited page,keep_source,コメツブウマゴヤシ,236,470,2026-07-12,original_pdf_visual_review,原PDF画像の冊子p.470で種見出し「コメツブウマゴヤシ Medicago lupulina」を目視確認。現行の和名・学名と一致するため維持。
wildplants-taxonomy-followup-0202,日本の野生植物 第1巻,日本の野生植物 1- ソテツ科～コミカンソウ科.pdf,bcdcd5ac593747d6d58321d4a696ec96fb963233541af2a4666c4a1fbd1d4fb1,シナガワハギ,possible_ocr_latin_typo_against_ylist,Melilotus offcinalis,Melilotus officinalis subsp. suaveolens,correct_ocr,Melilotus officinalis subsp. suaveolens,236,470,2026-07-12,original_pdf_visual_review,PDF p.236（冊子p.470、左頁）の種見出しを原画像で目視し「Melilotus officinalis subsp. suaveolens」と確認。現行scientific_nameはOCR文字誤り。 genus欄も同じ属見出しに合わせる必要がある。 独立した2回の原PDF画像照合で一致した。
wildplants-taxonomy-followup-0203,日本の野生植物 第1巻,日本の野生植物 1- ソテツ科～コミカンソウ科.pdf,bcdcd5ac593747d6d58321d4a696ec96fb963233541af2a4666c4a1fbd1d4fb1,シナガワハギ,ylist_family_conflict,ハマビシ科,マメ科,correct_ocr,マメ科,236,470,2026-07-12,original_pdf_visual_review,原PDF画像の冊子p.470で「シナガワハギ」の種見出しと欄外「マメ科」を目視確認。科見出しは冊子p.436「マメ科 LEGUMINOSAE (FABACEAE)」。現行「ハマビシ科」を「マメ科」に訂正。
wildplants-taxonomy-followup-0204,日本の野生植物 第1巻,日本の野生植物 1- ソテツ科～コミカンソウ科.pdf,bcdcd5ac593747d6d58321d4a696ec96fb963233541af2a4666c4a1fbd1d4fb1,シナガワハギ,ylist_family_latin_conflict,ZYGOPHYLLACEAE,Fabaceae,correct_ocr,FABACEAE,236,470,2026-07-12,original_pdf_visual_review,原PDF画像の冊子p.470で「シナガワハギ」の種見出しと欄外「マメ科」を目視確認。科見出しは冊子p.436「マメ科 LEGUMINOSAE (FABACEAE)」。現行「ZYGOPHYLLACEAE」を「LEGUMINOSAE (FABACEAE)」に訂正。
wildplants-taxonomy-followup-0205,日本の野生植物 第1巻,日本の野生植物 1- ソテツ科～コミカンソウ科.pdf,bcdcd5ac593747d6d58321d4a696ec96fb963233541af2a4666c4a1fbd1d4fb1,トビカズラ,ylist_family_conflict,ハマビシ科,マメ科,correct_ocr,マメ科,236,471,2026-07-12,original_pdf_visual_review,原PDF画像の冊子p.471で「トビカズラ」の種見出しと欄外「マメ科」を目視確認。科見出しは冊子p.436「マメ科 LEGUMINOSAE (FABACEAE)」。現行「ハマビシ科」を「マメ科」に訂正。
wildplants-taxonomy-followup-0206,日本の野生植物 第1巻,日本の野生植物 1- ソテツ科～コミカンソウ科.pdf,bcdcd5ac593747d6d58321d4a696ec96fb963233541af2a4666c4a1fbd1d4fb1,トビカズラ,ylist_family_latin_conflict,ZYGOPHYLLACEAE,Fabaceae,correct_ocr,FABACEAE,236,471,2026-07-12,original_pdf_visual_review,原PDF画像の冊子p.471で「トビカズラ」の種見出しと欄外「マメ科」を目視確認。科見出しは冊子p.436「マメ科 LEGUMINOSAE (FABACEAE)」。現行「ZYGOPHYLLACEAE」を「LEGUMINOSAE (FABACEAE)」に訂正。
wildplants-taxonomy-followup-0207,日本の野生植物 第1巻,日本の野生植物 1- ソテツ科～コミカンソウ科.pdf,bcdcd5ac593747d6d58321d4a696ec96fb963233541af2a4666c4a1fbd1d4fb1,ムラサキウマゴヤシ,ylist_family_conflict,ハマビシ科,マメ科,correct_ocr,マメ科,236,470,2026-07-12,original_pdf_visual_review,原PDF画像の冊子p.470で「ムラサキウマゴヤシ」の種見出しと欄外「マメ科」を目視確認。科見出しは冊子p.436「マメ科 LEGUMINOSAE (FABACEAE)」。現行「ハマビシ科」を「マメ科」に訂正。
wildplants-taxonomy-followup-0208,日本の野生植物 第1巻,日本の野生植物 1- ソテツ科～コミカンソウ科.pdf,bcdcd5ac593747d6d58321d4a696ec96fb963233541af2a4666c4a1fbd1d4fb1,ムラサキウマゴヤシ,ylist_family_latin_conflict,ZYGOPHYLLACEAE,Fabaceae,correct_ocr,FABACEAE,236,470,2026-07-12,original_pdf_visual_review,原PDF画像の冊子p.470で「ムラサキウマゴヤシ」の種見出しと欄外「マメ科」を目視確認。科見出しは冊子p.436「マメ科 LEGUMINOSAE (FABACEAE)」。現行「ZYGOPHYLLACEAE」を「LEGUMINOSAE (FABACEAE)」に訂正。
wildplants-taxonomy-followup-0209,日本の野生植物 第1巻,日本の野生植物 1- ソテツ科～コミカンソウ科.pdf,bcdcd5ac593747d6d58321d4a696ec96fb963233541af2a4666c4a1fbd1d4fb1,ハマセンナ,possible_ocr_latin_typo_against_ylist,Ormoearpum cochinchinense,Ormocarpum cochinchinense,correct_ocr,Ormocarpum cochinchinense,237,472,2026-07-12,original_pdf_visual_review,PDF p.237（冊子p.472、左頁）の種見出しを原画像で目視し「Ormocarpum cochinchinense」と確認。現行scientific_nameはOCR文字誤り。 独立した2回の原PDF画像照合で一致した。
wildplants-taxonomy-followup-0210,日本の野生植物 第1巻,日本の野生植物 1- ソテツ科～コミカンソウ科.pdf,bcdcd5ac593747d6d58321d4a696ec96fb963233541af2a4666c4a1fbd1d4fb1,ハマセンナ,ylist_family_conflict,ハマビシ科,マメ科,correct_ocr,マメ科,237,472,2026-07-12,original_pdf_visual_review,原PDF画像の冊子p.472で「ハマセンナ」の種見出しと欄外「マメ科」を目視確認。科見出しは冊子p.436「マメ科 LEGUMINOSAE (FABACEAE)」。現行「ハマビシ科」を「マメ科」に訂正。
wildplants-taxonomy-followup-0211,日本の野生植物 第1巻,日本の野生植物 1- ソテツ科～コミカンソウ科.pdf,bcdcd5ac593747d6d58321d4a696ec96fb963233541af2a4666c4a1fbd1d4fb1,ハマセンナ,ylist_family_latin_conflict,ZYGOPHYLLACEAE,Fabaceae,correct_ocr,FABACEAE,237,472,2026-07-12,original_pdf_visual_review,原PDF画像の冊子p.472で「ハマセンナ」の種見出しと欄外「マメ科」を目視確認。科見出しは冊子p.436「マメ科 LEGUMINOSAE (FABACEAE)」。現行「ZYGOPHYLLACEAE」を「LEGUMINOSAE (FABACEAE)」に訂正。
wildplants-taxonomy-followup-0212,日本の野生植物 第1巻,日本の野生植物 1- ソテツ科～コミカンソウ科.pdf,bcdcd5ac593747d6d58321d4a696ec96fb963233541af2a4666c4a1fbd1d4fb1,ミソナオシ,possible_ocr_latin_typo_against_ylist,Ohwia eaudata,Ohwia caudata,correct_ocr,Ohwia caudata,237,472,2026-07-12,original_pdf_visual_review,PDF p.237（冊子p.472、左頁）の種見出しを原画像で目視し「Ohwia caudata」と確認。現行scientific_nameはOCR文字誤り。 独立した2回の原PDF画像照合で一致した。
wildplants-taxonomy-followup-0213,日本の野生植物 第1巻,日本の野生植物 1- ソテツ科～コミカンソウ科.pdf,bcdcd5ac593747d6d58321d4a696ec96fb963233541af2a4666c4a1fbd1d4fb1,ミソナオシ,ylist_family_conflict,ハマビシ科,マメ科,correct_ocr,マメ科,237,472,2026-07-12,original_pdf_visual_review,原PDF画像の冊子p.472で「ミソナオシ」の種見出しと欄外「マメ科」を目視確認。科見出しは冊子p.436「マメ科 LEGUMINOSAE (FABACEAE)」。現行「ハマビシ科」を「マメ科」に訂正。
wildplants-taxonomy-followup-0214,日本の野生植物 第1巻,日本の野生植物 1- ソテツ科～コミカンソウ科.pdf,bcdcd5ac593747d6d58321d4a696ec96fb963233541af2a4666c4a1fbd1d4fb1,ミソナオシ,ylist_family_latin_conflict,ZYGOPHYLLACEAE,Fabaceae,correct_ocr,FABACEAE,237,472,2026-07-12,original_pdf_visual_review,原PDF画像の冊子p.472で「ミソナオシ」の種見出しと欄外「マメ科」を目視確認。科見出しは冊子p.436「マメ科 LEGUMINOSAE (FABACEAE)」。現行「ZYGOPHYLLACEAE」を「LEGUMINOSAE (FABACEAE)」に訂正。
wildplants-taxonomy-followup-0215,日本の野生植物 第1巻,日本の野生植物 1- ソテツ科～コミカンソウ科.pdf,bcdcd5ac593747d6d58321d4a696ec96fb963233541af2a4666c4a1fbd1d4fb1,レブンソウ,ylist_family_conflict,ハマビシ科,マメ科,correct_ocr,マメ科,237,473,2026-07-12,original_pdf_visual_review,原PDF画像の冊子p.473で「レブンソウ」の種見出しと欄外「マメ科」を目視確認。科見出しは冊子p.436「マメ科 LEGUMINOSAE (FABACEAE)」。現行「ハマビシ科」を「マメ科」に訂正。
wildplants-taxonomy-followup-0216,日本の野生植物 第1巻,日本の野生植物 1- ソテツ科～コミカンソウ科.pdf,bcdcd5ac593747d6d58321d4a696ec96fb963233541af2a4666c4a1fbd1d4fb1,レブンソウ,ylist_family_latin_conflict,ZYGOPHYLLACEAE,Fabaceae,correct_ocr,FABACEAE,237,473,2026-07-12,original_pdf_visual_review,原PDF画像の冊子p.473で「レブンソウ」の種見出しと欄外「マメ科」を目視確認。科見出しは冊子p.436「マメ科 LEGUMINOSAE (FABACEAE)」。現行「ZYGOPHYLLACEAE」を「LEGUMINOSAE (FABACEAE)」に訂正。
wildplants-taxonomy-followup-0217,日本の野生植物 第1巻,日本の野生植物 1- ソテツ科～コミカンソウ科.pdf,bcdcd5ac593747d6d58321d4a696ec96fb963233541af2a4666c4a1fbd1d4fb1,クズ,ylist_family_conflict,ハマビシ科,マメ科,correct_ocr,マメ科,238,475,2026-07-12,original_pdf_visual_review,原PDF画像の冊子p.475で「クズ」の種見出しと欄外「マメ科」を目視確認。科見出しは冊子p.436「マメ科 LEGUMINOSAE (FABACEAE)」。現行「ハマビシ科」を「マメ科」に訂正。
wildplants-taxonomy-followup-0218,日本の野生植物 第1巻,日本の野生植物 1- ソテツ科～コミカンソウ科.pdf,bcdcd5ac593747d6d58321d4a696ec96fb963233541af2a4666c4a1fbd1d4fb1,クズ,ylist_family_latin_conflict,ZYGOPHYLLACEAE,Fabaceae,correct_ocr,FABACEAE,238,475,2026-07-12,original_pdf_visual_review,原PDF画像の冊子p.475で「クズ」の種見出しと欄外「マメ科」を目視確認。科見出しは冊子p.436「マメ科 LEGUMINOSAE (FABACEAE)」。現行「ZYGOPHYLLACEAE」を「LEGUMINOSAE (FABACEAE)」に訂正。
wildplants-taxonomy-followup-0219,日本の野生植物 第1巻,日本の野生植物 1- ソテツ科～コミカンソウ科.pdf,bcdcd5ac593747d6d58321d4a696ec96fb963233541af2a4666c4a1fbd1d4fb1,クロヨナ,ylist_family_conflict,ハマビシ科,マメ科,correct_ocr,マメ科,238,474,2026-07-12,original_pdf_visual_review,原PDF画像の冊子p.474で「クロヨナ」の種見出しと欄外「マメ科」を目視確認。科見出しは冊子p.436「マメ科 LEGUMINOSAE (FABACEAE)」。現行「ハマビシ科」を「マメ科」に訂正。
wildplants-taxonomy-followup-0220,日本の野生植物 第1巻,日本の野生植物 1- ソテツ科～コミカンソウ科.pdf,bcdcd5ac593747d6d58321d4a696ec96fb963233541af2a4666c4a1fbd1d4fb1,クロヨナ,ylist_family_latin_conflict,ZYGOPHYLLACEAE,Fabaceae,correct_ocr,FABACEAE,238,474,2026-07-12,original_pdf_visual_review,原PDF画像の冊子p.474で「クロヨナ」の種見出しと欄外「マメ科」を目視確認。科見出しは冊子p.436「マメ科 LEGUMINOSAE (FABACEAE)」。現行「ZYGOPHYLLACEAE」を「LEGUMINOSAE (FABACEAE)」に訂正。
wildplants-taxonomy-followup-0221,日本の野生植物 第1巻,日本の野生植物 1- ソテツ科～コミカンソウ科.pdf,bcdcd5ac593747d6d58321d4a696ec96fb963233541af2a4666c4a1fbd1d4fb1,タイワンクズ,plant_name_not_supported_by_ocr_page,タイワンクズ,Plant name or known OCR-correction variant should appear on the cited page,keep_source,タイワンクズ,238,475,2026-07-12,original_pdf_visual_review,原PDF画像の冊子p.475で種見出し「タイワンクズ Pueraria montana」を目視確認。現行の和名・学名と一致するため維持。
wildplants-taxonomy-followup-0222,日本の野生植物 第1巻,日本の野生植物 1- ソテツ科～コミカンソウ科.pdf,bcdcd5ac593747d6d58321d4a696ec96fb963233541af2a4666c4a1fbd1d4fb1,タイワンクズ,ylist_family_conflict,ハマビシ科,マメ科,correct_ocr,マメ科,238,475,2026-07-12,original_pdf_visual_review,原PDF画像の冊子p.475で「タイワンクズ」の種見出しと欄外「マメ科」を目視確認。科見出しは冊子p.436「マメ科 LEGUMINOSAE (FABACEAE)」。現行「ハマビシ科」を「マメ科」に訂正。
wildplants-taxonomy-followup-0223,日本の野生植物 第1巻,日本の野生植物 1- ソテツ科～コミカンソウ科.pdf,bcdcd5ac593747d6d58321d4a696ec96fb963233541af2a4666c4a1fbd1d4fb1,タイワンクズ,ylist_family_latin_conflict,ZYGOPHYLLACEAE,Fabaceae,correct_ocr,FABACEAE,238,475,2026-07-12,original_pdf_visual_review,原PDF画像の冊子p.475で「タイワンクズ」の種見出しと欄外「マメ科」を目視確認。科見出しは冊子p.436「マメ科 LEGUMINOSAE (FABACEAE)」。現行「ZYGOPHYLLACEAE」を「LEGUMINOSAE (FABACEAE)」に訂正。
wildplants-taxonomy-followup-0224,日本の野生植物 第1巻,日本の野生植物 1- ソテツ科～コミカンソウ科.pdf,bcdcd5ac593747d6d58321d4a696ec96fb963233541af2a4666c4a1fbd1d4fb1,クララ,ylist_family_conflict,ハマビシ科,マメ科,correct_ocr,マメ科,239,477,2026-07-12,original_pdf_visual_review,原PDF画像の冊子p.477で「クララ」の種見出しと欄外「マメ科」を目視確認。科見出しは冊子p.436「マメ科 LEGUMINOSAE (FABACEAE)」。現行「ハマビシ科」を「マメ科」に訂正。
wildplants-taxonomy-followup-0225,日本の野生植物 第1巻,日本の野生植物 1- ソテツ科～コミカンソウ科.pdf,bcdcd5ac593747d6d58321d4a696ec96fb963233541af2a4666c4a1fbd1d4fb1,クララ,ylist_family_latin_conflict,ZYGOPHYLLACEAE,Fabaceae,correct_ocr,FABACEAE,239,477,2026-07-12,original_pdf_visual_review,原PDF画像の冊子p.477で「クララ」の種見出しと欄外「マメ科」を目視確認。科見出しは冊子p.436「マメ科 LEGUMINOSAE (FABACEAE)」。現行「ZYGOPHYLLACEAE」を「LEGUMINOSAE (FABACEAE)」に訂正。
wildplants-taxonomy-followup-0226,日本の野生植物 第1巻,日本の野生植物 1- ソテツ科～コミカンソウ科.pdf,bcdcd5ac593747d6d58321d4a696ec96fb963233541af2a4666c4a1fbd1d4fb1,タンキリマメ,ylist_family_conflict,ハマビシ科,マメ科,correct_ocr,マメ科,239,476,2026-07-12,original_pdf_visual_review,原PDF画像の冊子p.476で「タンキリマメ」の種見出しと欄外「マメ科」を目視確認。科見出しは冊子p.436「マメ科 LEGUMINOSAE (FABACEAE)」。現行「ハマビシ科」を「マメ科」に訂正。
wildplants-taxonomy-followup-0227,日本の野生植物 第1巻,日本の野生植物 1- ソテツ科～コミカンソウ科.pdf,bcdcd5ac593747d6d58321d4a696ec96fb963233541af2a4666c4a1fbd1d4fb1,タンキリマメ,ylist_family_latin_conflict,ZYGOPHYLLACEAE,Fabaceae,correct_ocr,FABACEAE,239,476,2026-07-12,original_pdf_visual_review,原PDF画像の冊子p.476で「タンキリマメ」の種見出しと欄外「マメ科」を目視確認。科見出しは冊子p.436「マメ科 LEGUMINOSAE (FABACEAE)」。現行「ZYGOPHYLLACEAE」を「LEGUMINOSAE (FABACEAE)」に訂正。
wildplants-taxonomy-followup-0228,日本の野生植物 第1巻,日本の野生植物 1- ソテツ科～コミカンソウ科.pdf,bcdcd5ac593747d6d58321d4a696ec96fb963233541af2a4666c4a1fbd1d4fb1,ハリエンジュ,ylist_family_conflict,ハマビシ科,マメ科,correct_ocr,マメ科,239,476,2026-07-12,original_pdf_visual_review,原PDF画像の冊子p.476で「ハリエンジュ」の種見出しと欄外「マメ科」を目視確認。科見出しは冊子p.436「マメ科 LEGUMINOSAE (FABACEAE)」。現行「ハマビシ科」を「マメ科」に訂正。
wildplants-taxonomy-followup-0229,日本の野生植物 第1巻,日本の野生植物 1- ソテツ科～コミカンソウ科.pdf,bcdcd5ac593747d6d58321d4a696ec96fb963233541af2a4666c4a1fbd1d4fb1,ハリエンジュ,ylist_family_latin_conflict,ZYGOPHYLLACEAE,Fabaceae,correct_ocr,FABACEAE,239,476,2026-07-12,original_pdf_visual_review,原PDF画像の冊子p.476で「ハリエンジュ」の種見出しと欄外「マメ科」を目視確認。科見出しは冊子p.436「マメ科 LEGUMINOSAE (FABACEAE)」。現行「ZYGOPHYLLACEAE」を「LEGUMINOSAE (FABACEAE)」に訂正。
wildplants-taxonomy-followup-0230,日本の野生植物 第1巻,日本の野生植物 1- ソテツ科～コミカンソウ科.pdf,bcdcd5ac593747d6d58321d4a696ec96fb963233541af2a4666c4a1fbd1d4fb1,エンジュ,possible_ocr_latin_typo_against_ylist,Styphonolobium japonieum,Styphnolobium japonicum,correct_ocr,Styphnolobium japonicum,240,478,2026-07-12,original_pdf_visual_review,PDF p.240（冊子p.478、左頁）の種見出しを原画像で目視し「Styphnolobium japonicum」と確認。現行scientific_nameはOCR文字誤り。 genus欄も同じ属見出しに合わせる必要がある。 独立した2回の原PDF画像照合で一致した。
wildplants-taxonomy-followup-0231,日本の野生植物 第1巻,日本の野生植物 1- ソテツ科～コミカンソウ科.pdf,bcdcd5ac593747d6d58321d4a696ec96fb963233541af2a4666c4a1fbd1d4fb1,エンジュ,ylist_family_conflict,ハマビシ科,マメ科,correct_ocr,マメ科,240,478,2026-07-12,original_pdf_visual_review,原PDF画像の冊子p.478で「エンジュ」の種見出しと欄外「マメ科」を目視確認。科見出しは冊子p.436「マメ科 LEGUMINOSAE (FABACEAE)」。現行「ハマビシ科」を「マメ科」に訂正。
wildplants-taxonomy-followup-0232,日本の野生植物 第1巻,日本の野生植物 1- ソテツ科～コミカンソウ科.pdf,bcdcd5ac593747d6d58321d4a696ec96fb963233541af2a4666c4a1fbd1d4fb1,エンジュ,ylist_family_latin_conflict,ZYGOPHYLLACEAE,Fabaceae,correct_ocr,FABACEAE,240,478,2026-07-12,original_pdf_visual_review,原PDF画像の冊子p.478で「エンジュ」の種見出しと欄外「マメ科」を目視確認。科見出しは冊子p.436「マメ科 LEGUMINOSAE (FABACEAE)」。現行「ZYGOPHYLLACEAE」を「LEGUMINOSAE (FABACEAE)」に訂正。
wildplants-taxonomy-followup-0233,日本の野生植物 第1巻,日本の野生植物 1- ソテツ科～コミカンソウ科.pdf,bcdcd5ac593747d6d58321d4a696ec96fb963233541af2a4666c4a1fbd1d4fb1,シャジクソウ,ylist_family_conflict,ハマビシ科,マメ科,correct_ocr,マメ科,240,479,2026-07-12,original_pdf_visual_review,原PDF画像の冊子p.479で「シャジクソウ」の種見出しと欄外「マメ科」を目視確認。科見出しは冊子p.436「マメ科 LEGUMINOSAE (FABACEAE)」。現行「ハマビシ科」を「マメ科」に訂正。
wildplants-taxonomy-followup-0234,日本の野生植物 第1巻,日本の野生植物 1- ソテツ科～コミカンソウ科.pdf,bcdcd5ac593747d6d58321d4a696ec96fb963233541af2a4666c4a1fbd1d4fb1,シャジクソウ,ylist_family_latin_conflict,ZYGOPHYLLACEAE,Fabaceae,correct_ocr,FABACEAE,240,479,2026-07-12,original_pdf_visual_review,原PDF画像の冊子p.479で「シャジクソウ」の種見出しと欄外「マメ科」を目視確認。科見出しは冊子p.436「マメ科 LEGUMINOSAE (FABACEAE)」。現行「ZYGOPHYLLACEAE」を「LEGUMINOSAE (FABACEAE)」に訂正。
wildplants-taxonomy-followup-0235,日本の野生植物 第1巻,日本の野生植物 1- ソテツ科～コミカンソウ科.pdf,bcdcd5ac593747d6d58321d4a696ec96fb963233541af2a4666c4a1fbd1d4fb1,シロツメクサ,ylist_family_conflict,ハマビシ科,マメ科,correct_ocr,マメ科,240,479,2026-07-12,original_pdf_visual_review,原PDF画像の冊子p.479で「シロツメクサ」の種見出しと欄外「マメ科」を目視確認。科見出しは冊子p.436「マメ科 LEGUMINOSAE (FABACEAE)」。現行「ハマビシ科」を「マメ科」に訂正。
wildplants-taxonomy-followup-0236,日本の野生植物 第1巻,日本の野生植物 1- ソテツ科～コミカンソウ科.pdf,bcdcd5ac593747d6d58321d4a696ec96fb963233541af2a4666c4a1fbd1d4fb1,シロツメクサ,ylist_family_latin_conflict,ZYGOPHYLLACEAE,Fabaceae,correct_ocr,FABACEAE,240,479,2026-07-12,original_pdf_visual_review,原PDF画像の冊子p.479で「シロツメクサ」の種見出しと欄外「マメ科」を目視確認。科見出しは冊子p.436「マメ科 LEGUMINOSAE (FABACEAE)」。現行「ZYGOPHYLLACEAE」を「LEGUMINOSAE (FABACEAE)」に訂正。
wildplants-taxonomy-followup-0237,日本の野生植物 第1巻,日本の野生植物 1- ソテツ科～コミカンソウ科.pdf,bcdcd5ac593747d6d58321d4a696ec96fb963233541af2a4666c4a1fbd1d4fb1,イブキノエンドウ,plant_name_not_supported_by_ocr_page,イブキノエンドウ,Plant name or known OCR-correction variant should appear on the cited page,keep_source,イブキノエンドウ,241,481,2026-07-12,original_pdf_visual_review,原PDF画像の冊子p.481で種見出し「イブキノエンドウ Vicia sepium」を目視確認。現行の和名・学名と一致するため維持。
wildplants-taxonomy-followup-0238,日本の野生植物 第1巻,日本の野生植物 1- ソテツ科～コミカンソウ科.pdf,bcdcd5ac593747d6d58321d4a696ec96fb963233541af2a4666c4a1fbd1d4fb1,イブキノエンドウ,ylist_family_conflict,ハマビシ科,マメ科,correct_ocr,マメ科,241,481,2026-07-12,original_pdf_visual_review,原PDF画像の冊子p.481で「イブキノエンドウ」の種見出しと欄外「マメ科」を目視確認。科見出しは冊子p.436「マメ科 LEGUMINOSAE (FABACEAE)」。現行「ハマビシ科」を「マメ科」に訂正。
wildplants-taxonomy-followup-0239,日本の野生植物 第1巻,日本の野生植物 1- ソテツ科～コミカンソウ科.pdf,bcdcd5ac593747d6d58321d4a696ec96fb963233541af2a4666c4a1fbd1d4fb1,イブキノエンドウ,ylist_family_latin_conflict,ZYGOPHYLLACEAE,Fabaceae,correct_ocr,FABACEAE,241,481,2026-07-12,original_pdf_visual_review,原PDF画像の冊子p.481で「イブキノエンドウ」の種見出しと欄外「マメ科」を目視確認。科見出しは冊子p.436「マメ科 LEGUMINOSAE (FABACEAE)」。現行「ZYGOPHYLLACEAE」を「LEGUMINOSAE (FABACEAE)」に訂正。
wildplants-taxonomy-followup-0240,日本の野生植物 第1巻,日本の野生植物 1- ソテツ科～コミカンソウ科.pdf,bcdcd5ac593747d6d58321d4a696ec96fb963233541af2a4666c4a1fbd1d4fb1,エビラフジ,ylist_family_conflict,ハマビシ科,マメ科,correct_ocr,マメ科,242,483,2026-07-12,original_pdf_visual_review,原PDF画像の冊子p.483で「エビラフジ」の種見出しと欄外「マメ科」を目視確認。科見出しは冊子p.436「マメ科 LEGUMINOSAE (FABACEAE)」。現行「ハマビシ科」を「マメ科」に訂正。
wildplants-taxonomy-followup-0241,日本の野生植物 第1巻,日本の野生植物 1- ソテツ科～コミカンソウ科.pdf,bcdcd5ac593747d6d58321d4a696ec96fb963233541af2a4666c4a1fbd1d4fb1,エビラフジ,ylist_family_latin_conflict,ZYGOPHYLLACEAE,Fabaceae,correct_ocr,FABACEAE,242,483,2026-07-12,original_pdf_visual_review,原PDF画像の冊子p.483で「エビラフジ」の種見出しと欄外「マメ科」を目視確認。科見出しは冊子p.436「マメ科 LEGUMINOSAE (FABACEAE)」。現行「ZYGOPHYLLACEAE」を「LEGUMINOSAE (FABACEAE)」に訂正。
wildplants-taxonomy-followup-0242,日本の野生植物 第1巻,日本の野生植物 1- ソテツ科～コミカンソウ科.pdf,bcdcd5ac593747d6d58321d4a696ec96fb963233541af2a4666c4a1fbd1d4fb1,オオバクサフジ,ylist_family_conflict,ハマビシ科,マメ科,correct_ocr,マメ科,242,482,2026-07-12,original_pdf_visual_review,原PDF画像の冊子p.482で「オオバクサフジ」の種見出しと欄外「マメ科」を目視確認。科見出しは冊子p.436「マメ科 LEGUMINOSAE (FABACEAE)」。現行「ハマビシ科」を「マメ科」に訂正。
wildplants-taxonomy-followup-0243,日本の野生植物 第1巻,日本の野生植物 1- ソテツ科～コミカンソウ科.pdf,bcdcd5ac593747d6d58321d4a696ec96fb963233541af2a4666c4a1fbd1d4fb1,オオバクサフジ,ylist_family_latin_conflict,ZYGOPHYLLACEAE,Fabaceae,correct_ocr,FABACEAE,242,482,2026-07-12,original_pdf_visual_review,原PDF画像の冊子p.482で「オオバクサフジ」の種見出しと欄外「マメ科」を目視確認。科見出しは冊子p.436「マメ科 LEGUMINOSAE (FABACEAE)」。現行「ZYGOPHYLLACEAE」を「LEGUMINOSAE (FABACEAE)」に訂正。
wildplants-taxonomy-followup-0244,日本の野生植物 第1巻,日本の野生植物 1- ソテツ科～コミカンソウ科.pdf,bcdcd5ac593747d6d58321d4a696ec96fb963233541af2a4666c4a1fbd1d4fb1,クサフジ,ylist_family_conflict,ハマビシ科,マメ科,correct_ocr,マメ科,242,482,2026-07-12,original_pdf_visual_review,原PDF画像の冊子p.482で「クサフジ」の種見出しと欄外「マメ科」を目視確認。科見出しは冊子p.436「マメ科 LEGUMINOSAE (FABACEAE)」。現行「ハマビシ科」を「マメ科」に訂正。
wildplants-taxonomy-followup-0245,日本の野生植物 第1巻,日本の野生植物 1- ソテツ科～コミカンソウ科.pdf,bcdcd5ac593747d6d58321d4a696ec96fb963233541af2a4666c4a1fbd1d4fb1,クサフジ,ylist_family_latin_conflict,ZYGOPHYLLACEAE,Fabaceae,correct_ocr,FABACEAE,242,482,2026-07-12,original_pdf_visual_review,原PDF画像の冊子p.482で「クサフジ」の種見出しと欄外「マメ科」を目視確認。科見出しは冊子p.436「マメ科 LEGUMINOSAE (FABACEAE)」。現行「ZYGOPHYLLACEAE」を「LEGUMINOSAE (FABACEAE)」に訂正。
wildplants-taxonomy-followup-0246,日本の野生植物 第1巻,日本の野生植物 1- ソテツ科～コミカンソウ科.pdf,bcdcd5ac593747d6d58321d4a696ec96fb963233541af2a4666c4a1fbd1d4fb1,スズメノエンドウ,ylist_family_conflict,ハマビシ科,マメ科,correct_ocr,マメ科,242,482,2026-07-12,original_pdf_visual_review,原PDF画像の冊子p.482で「スズメノエンドウ」の種見出しと欄外「マメ科」を目視確認。科見出しは冊子p.436「マメ科 LEGUMINOSAE (FABACEAE)」。現行「ハマビシ科」を「マメ科」に訂正。
wildplants-taxonomy-followup-0247,日本の野生植物 第1巻,日本の野生植物 1- ソテツ科～コミカンソウ科.pdf,bcdcd5ac593747d6d58321d4a696ec96fb963233541af2a4666c4a1fbd1d4fb1,スズメノエンドウ,ylist_family_latin_conflict,ZYGOPHYLLACEAE,Fabaceae,correct_ocr,FABACEAE,242,482,2026-07-12,original_pdf_visual_review,原PDF画像の冊子p.482で「スズメノエンドウ」の種見出しと欄外「マメ科」を目視確認。科見出しは冊子p.436「マメ科 LEGUMINOSAE (FABACEAE)」。現行「ZYGOPHYLLACEAE」を「LEGUMINOSAE (FABACEAE)」に訂正。
wildplants-taxonomy-followup-0248,日本の野生植物 第1巻,日本の野生植物 1- ソテツ科～コミカンソウ科.pdf,bcdcd5ac593747d6d58321d4a696ec96fb963233541af2a4666c4a1fbd1d4fb1,ツルフジバカマ,ylist_family_conflict,ハマビシ科,マメ科,correct_ocr,マメ科,242,482,2026-07-12,original_pdf_visual_review,原PDF画像の冊子p.482で「ツルフジバカマ」の種見出しと欄外「マメ科」を目視確認。科見出しは冊子p.436「マメ科 LEGUMINOSAE (FABACEAE)」。現行「ハマビシ科」を「マメ科」に訂正。
wildplants-taxonomy-followup-0249,日本の野生植物 第1巻,日本の野生植物 1- ソテツ科～コミカンソウ科.pdf,bcdcd5ac593747d6d58321d4a696ec96fb963233541af2a4666c4a1fbd1d4fb1,ツルフジバカマ,ylist_family_latin_conflict,ZYGOPHYLLACEAE,Fabaceae,correct_ocr,FABACEAE,242,482,2026-07-12,original_pdf_visual_review,原PDF画像の冊子p.482で「ツルフジバカマ」の種見出しと欄外「マメ科」を目視確認。科見出しは冊子p.436「マメ科 LEGUMINOSAE (FABACEAE)」。現行「ZYGOPHYLLACEAE」を「LEGUMINOSAE (FABACEAE)」に訂正。
wildplants-taxonomy-followup-0250,日本の野生植物 第1巻,日本の野生植物 1- ソテツ科～コミカンソウ科.pdf,bcdcd5ac593747d6d58321d4a696ec96fb963233541af2a4666c4a1fbd1d4fb1,ナンテンハギ,ylist_family_conflict,ハマビシ科,マメ科,correct_ocr,マメ科,242,482,2026-07-12,original_pdf_visual_review,原PDF画像の冊子p.482で「ナンテンハギ」の種見出しと欄外「マメ科」を目視確認。科見出しは冊子p.436「マメ科 LEGUMINOSAE (FABACEAE)」。現行「ハマビシ科」を「マメ科」に訂正。
wildplants-taxonomy-followup-0251,日本の野生植物 第1巻,日本の野生植物 1- ソテツ科～コミカンソウ科.pdf,bcdcd5ac593747d6d58321d4a696ec96fb963233541af2a4666c4a1fbd1d4fb1,ナンテンハギ,ylist_family_latin_conflict,ZYGOPHYLLACEAE,Fabaceae,correct_ocr,FABACEAE,242,482,2026-07-12,original_pdf_visual_review,原PDF画像の冊子p.482で「ナンテンハギ」の種見出しと欄外「マメ科」を目視確認。科見出しは冊子p.436「マメ科 LEGUMINOSAE (FABACEAE)」。現行「ZYGOPHYLLACEAE」を「LEGUMINOSAE (FABACEAE)」に訂正。
wildplants-taxonomy-followup-0252,日本の野生植物 第1巻,日本の野生植物 1- ソテツ科～コミカンソウ科.pdf,bcdcd5ac593747d6d58321d4a696ec96fb963233541af2a4666c4a1fbd1d4fb1,ビロードクサフジ,possible_ocr_latin_typo_against_ylist,Vieia villosa,Vicia villosa subsp. villosa,correct_ocr,Vicia villosa subsp. villosa,242,482,2026-07-12,original_pdf_visual_review,PDF p.242（冊子p.482、左頁）の種見出しを原画像で目視し「Vicia villosa subsp. villosa」と確認。現行scientific_nameはOCR文字誤り。 genus欄も同じ属見出しに合わせる必要がある。 独立した2回の原PDF画像照合で一致した。
wildplants-taxonomy-followup-0253,日本の野生植物 第1巻,日本の野生植物 1- ソテツ科～コミカンソウ科.pdf,bcdcd5ac593747d6d58321d4a696ec96fb963233541af2a4666c4a1fbd1d4fb1,ビロードクサフジ,ylist_family_conflict,ハマビシ科,マメ科,correct_ocr,マメ科,242,482,2026-07-12,original_pdf_visual_review,原PDF画像の冊子p.482で「ビロードクサフジ」の種見出しと欄外「マメ科」を目視確認。科見出しは冊子p.436「マメ科 LEGUMINOSAE (FABACEAE)」。現行「ハマビシ科」を「マメ科」に訂正。
wildplants-taxonomy-followup-0254,日本の野生植物 第1巻,日本の野生植物 1- ソテツ科～コミカンソウ科.pdf,bcdcd5ac593747d6d58321d4a696ec96fb963233541af2a4666c4a1fbd1d4fb1,ビロードクサフジ,ylist_family_latin_conflict,ZYGOPHYLLACEAE,Fabaceae,correct_ocr,FABACEAE,242,482,2026-07-12,original_pdf_visual_review,原PDF画像の冊子p.482で「ビロードクサフジ」の種見出しと欄外「マメ科」を目視確認。科見出しは冊子p.436「マメ科 LEGUMINOSAE (FABACEAE)」。現行「ZYGOPHYLLACEAE」を「LEGUMINOSAE (FABACEAE)」に訂正。
wildplants-taxonomy-followup-0255,日本の野生植物 第1巻,日本の野生植物 1- ソテツ科～コミカンソウ科.pdf,bcdcd5ac593747d6d58321d4a696ec96fb963233541af2a4666c4a1fbd1d4fb1,ヒロハクサフジ,ylist_family_conflict,ハマビシ科,マメ科,correct_ocr,マメ科,242,482,2026-07-12,original_pdf_visual_review,原PDF画像の冊子p.482で「ヒロハクサフジ」の種見出しと欄外「マメ科」を目視確認。科見出しは冊子p.436「マメ科 LEGUMINOSAE (FABACEAE)」。現行「ハマビシ科」を「マメ科」に訂正。
wildplants-taxonomy-followup-0256,日本の野生植物 第1巻,日本の野生植物 1- ソテツ科～コミカンソウ科.pdf,bcdcd5ac593747d6d58321d4a696ec96fb963233541af2a4666c4a1fbd1d4fb1,ヒロハクサフジ,ylist_family_latin_conflict,ZYGOPHYLLACEAE,Fabaceae,correct_ocr,FABACEAE,242,482,2026-07-12,original_pdf_visual_review,原PDF画像の冊子p.482で「ヒロハクサフジ」の種見出しと欄外「マメ科」を目視確認。科見出しは冊子p.436「マメ科 LEGUMINOSAE (FABACEAE)」。現行「ZYGOPHYLLACEAE」を「LEGUMINOSAE (FABACEAE)」に訂正。
wildplants-taxonomy-followup-0257,日本の野生植物 第1巻,日本の野生植物 1- ソテツ科～コミカンソウ科.pdf,bcdcd5ac593747d6d58321d4a696ec96fb963233541af2a4666c4a1fbd1d4fb1,ヨツバハギ,ylist_family_conflict,ハマビシ科,マメ科,correct_ocr,マメ科,242,482,2026-07-12,original_pdf_visual_review,原PDF画像の冊子p.482で「ヨツバハギ」の種見出しと欄外「マメ科」を目視確認。科見出しは冊子p.436「マメ科 LEGUMINOSAE (FABACEAE)」。現行「ハマビシ科」を「マメ科」に訂正。
wildplants-taxonomy-followup-0258,日本の野生植物 第1巻,日本の野生植物 1- ソテツ科～コミカンソウ科.pdf,bcdcd5ac593747d6d58321d4a696ec96fb963233541af2a4666c4a1fbd1d4fb1,ヨツバハギ,ylist_family_latin_conflict,ZYGOPHYLLACEAE,Fabaceae,correct_ocr,FABACEAE,242,482,2026-07-12,original_pdf_visual_review,原PDF画像の冊子p.482で「ヨツバハギ」の種見出しと欄外「マメ科」を目視確認。科見出しは冊子p.436「マメ科 LEGUMINOSAE (FABACEAE)」。現行「ZYGOPHYLLACEAE」を「LEGUMINOSAE (FABACEAE)」に訂正。
wildplants-taxonomy-followup-0259,日本の野生植物 第1巻,日本の野生植物 1- ソテツ科～コミカンソウ科.pdf,bcdcd5ac593747d6d58321d4a696ec96fb963233541af2a4666c4a1fbd1d4fb1,ヤブツルアズキ,possible_ocr_latin_typo_against_ylist,Vigua angalaris,Vigna angularis var. nipponensis,correct_ocr,Vigna angularis var. nipponensis,243,485,2026-07-12,original_pdf_visual_review,PDF p.243（冊子p.485、右頁）の種見出しを原画像で目視し「Vigna angularis var. nipponensis」と確認。現行scientific_nameはOCR文字誤り。 genus欄も同じ属見出しに合わせる必要がある。 独立した2回の原PDF画像照合で一致した。
wildplants-taxonomy-followup-0260,日本の野生植物 第1巻,日本の野生植物 1- ソテツ科～コミカンソウ科.pdf,bcdcd5ac593747d6d58321d4a696ec96fb963233541af2a4666c4a1fbd1d4fb1,ヤブツルアズキ,ylist_family_conflict,ハマビシ科,マメ科,correct_ocr,マメ科,243,485,2026-07-12,original_pdf_visual_review,原PDF画像の冊子p.485で「ヤブツルアズキ」の種見出しと欄外「マメ科」を目視確認。科見出しは冊子p.436「マメ科 LEGUMINOSAE (FABACEAE)」。現行「ハマビシ科」を「マメ科」に訂正。
wildplants-taxonomy-followup-0261,日本の野生植物 第1巻,日本の野生植物 1- ソテツ科～コミカンソウ科.pdf,bcdcd5ac593747d6d58321d4a696ec96fb963233541af2a4666c4a1fbd1d4fb1,ヤブツルアズキ,ylist_family_latin_conflict,ZYGOPHYLLACEAE,Fabaceae,correct_ocr,FABACEAE,243,485,2026-07-12,original_pdf_visual_review,原PDF画像の冊子p.485で「ヤブツルアズキ」の種見出しと欄外「マメ科」を目視確認。科見出しは冊子p.436「マメ科 LEGUMINOSAE (FABACEAE)」。現行「ZYGOPHYLLACEAE」を「LEGUMINOSAE (FABACEAE)」に訂正。
wildplants-taxonomy-followup-0262,日本の野生植物 第1巻,日本の野生植物 1- ソテツ科～コミカンソウ科.pdf,bcdcd5ac593747d6d58321d4a696ec96fb963233541af2a4666c4a1fbd1d4fb1,ナツフジ,ylist_family_conflict,ハマビシ科,マメ科,correct_ocr,マメ科,244,486,2026-07-12,original_pdf_visual_review,原PDF画像の冊子p.486で「ナツフジ」の種見出しと欄外「マメ科」を目視確認。科見出しは冊子p.436「マメ科 LEGUMINOSAE (FABACEAE)」。現行「ハマビシ科」を「マメ科」に訂正。
wildplants-taxonomy-followup-0263,日本の野生植物 第1巻,日本の野生植物 1- ソテツ科～コミカンソウ科.pdf,bcdcd5ac593747d6d58321d4a696ec96fb963233541af2a4666c4a1fbd1d4fb1,ナツフジ,ylist_family_latin_conflict,ZYGOPHYLLACEAE,Fabaceae,correct_ocr,FABACEAE,244,486,2026-07-12,original_pdf_visual_review,原PDF画像の冊子p.486で「ナツフジ」の種見出しと欄外「マメ科」を目視確認。科見出しは冊子p.436「マメ科 LEGUMINOSAE (FABACEAE)」。現行「ZYGOPHYLLACEAE」を「LEGUMINOSAE (FABACEAE)」に訂正。
wildplants-taxonomy-followup-0264,日本の野生植物 第1巻,日本の野生植物 1- ソテツ科～コミカンソウ科.pdf,bcdcd5ac593747d6d58321d4a696ec96fb963233541af2a4666c4a1fbd1d4fb1,ヤマフジ,ylist_family_conflict,ハマビシ科,マメ科,correct_ocr,マメ科,244,486,2026-07-12,original_pdf_visual_review,原PDF画像の冊子p.486で「ヤマフジ」の種見出しと欄外「マメ科」を目視確認。科見出しは冊子p.436「マメ科 LEGUMINOSAE (FABACEAE)」。現行「ハマビシ科」を「マメ科」に訂正。
wildplants-taxonomy-followup-0265,日本の野生植物 第1巻,日本の野生植物 1- ソテツ科～コミカンソウ科.pdf,bcdcd5ac593747d6d58321d4a696ec96fb963233541af2a4666c4a1fbd1d4fb1,ヤマフジ,ylist_family_latin_conflict,ZYGOPHYLLACEAE,Fabaceae,correct_ocr,FABACEAE,244,486,2026-07-12,original_pdf_visual_review,原PDF画像の冊子p.486で「ヤマフジ」の種見出しと欄外「マメ科」を目視確認。科見出しは冊子p.436「マメ科 LEGUMINOSAE (FABACEAE)」。現行「ZYGOPHYLLACEAE」を「LEGUMINOSAE (FABACEAE)」に訂正。
wildplants-taxonomy-followup-0266,日本の野生植物 第1巻,日本の野生植物 1- ソテツ科～コミカンソウ科.pdf,bcdcd5ac593747d6d58321d4a696ec96fb963233541af2a4666c4a1fbd1d4fb1,ツルグミ,possible_ocr_latin_typo_against_ylist,Elaeagaus glabra,Elaeagnus glabra,correct_ocr,Elaeagnus glabra,246,491,2026-07-12,original_pdf_visual_review,PDF p.246（冊子p.491、右頁）の種見出しを原画像で目視し「Elaeagnus glabra」と確認。現行scientific_nameはOCR文字誤り。 独立した2回の原PDF画像照合で一致した。
wildplants-taxonomy-followup-0267,日本の野生植物 第1巻,日本の野生植物 1- ソテツ科～コミカンソウ科.pdf,bcdcd5ac593747d6d58321d4a696ec96fb963233541af2a4666c4a1fbd1d4fb1,ミヤマクマヤナギ,possible_ocr_latin_typo_against_ylist,Berchemia paucillora,Berchemia pauciflora,correct_ocr,Berchemia pauciflora,247,493,2026-07-12,original_pdf_visual_review,PDF p.247（冊子p.493、右頁）の種見出しを原画像で目視し「Berchemia pauciflora」と確認。現行scientific_nameはOCR文字誤り。 独立した2回の原PDF画像照合で一致した。
wildplants-taxonomy-followup-0268,日本の野生植物 第1巻,日本の野生植物 1- ソテツ科～コミカンソウ科.pdf,bcdcd5ac593747d6d58321d4a696ec96fb963233541af2a4666c4a1fbd1d4fb1,クロウメモドキ,possible_ocr_latin_typo_against_ylist,Rhamnus japoniea,Rhamnus japonica var. decipiens,correct_ocr,Rhamnus japonica var. decipiens,249,497,2026-07-12,original_pdf_visual_review,PDF p.249（冊子p.497、右頁）の種見出しを原画像で目視し「Rhamnus japonica var. decipiens」と確認。現行scientific_nameはOCR文字誤り。 独立した2回の原PDF画像照合で一致した。
wildplants-taxonomy-followup-0269,日本の野生植物 第1巻,日本の野生植物 1- ソテツ科～コミカンソウ科.pdf,bcdcd5ac593747d6d58321d4a696ec96fb963233541af2a4666c4a1fbd1d4fb1,クロツバラ,possible_ocr_latin_typo_against_ylist,Rhamnus davuriea,Rhamnus davurica var. nipponica,correct_ocr,Rhamnus davurica var. nipponica,249,497,2026-07-12,original_pdf_visual_review,PDF p.249（冊子p.497、右頁）の種見出しを原画像で目視し「Rhamnus davurica var. nipponica」と確認。現行scientific_nameはOCR文字誤り。 独立した2回の原PDF画像照合で一致した。
wildplants-taxonomy-followup-0270,日本の野生植物 第1巻,日本の野生植物 1- ソテツ科～コミカンソウ科.pdf,bcdcd5ac593747d6d58321d4a696ec96fb963233541af2a4666c4a1fbd1d4fb1,リュウキュウクロウメモドキ,possible_ocr_latin_typo_against_ylist,Rhamuus liukiuensis,Rhamnus liukiuensis,correct_ocr,Rhamnus liukiuensis,249,497,2026-07-12,original_pdf_visual_review,PDF p.249（冊子p.497、右頁）の種見出しを原画像で目視し「Rhamnus liukiuensis」と確認。現行scientific_nameはOCR文字誤り。 独立した2回の原PDF画像照合で一致した。
wildplants-taxonomy-followup-0271,日本の野生植物 第1巻,日本の野生植物 1- ソテツ科～コミカンソウ科.pdf,bcdcd5ac593747d6d58321d4a696ec96fb963233541af2a4666c4a1fbd1d4fb1,ウラジロエノキ,possible_ocr_latin_typo_against_ylist,Tvema orientalis,Trema orientalis,correct_ocr,Trema orientalis,252,502,2026-07-12,original_pdf_visual_review,PDF p.252（冊子p.502、左頁）の種見出しを原画像で目視し「Trema orientalis」と確認。現行scientific_nameはOCR文字誤り。 genus欄も同じ属見出しに合わせる必要がある。 独立した2回の原PDF画像照合で一致した。
wildplants-taxonomy-followup-0272,日本の野生植物 第1巻,日本の野生植物 1- ソテツ科～コミカンソウ科.pdf,bcdcd5ac593747d6d58321d4a696ec96fb963233541af2a4666c4a1fbd1d4fb1,カジノキ,ylist_family_conflict,アサ科,クワ科,correct_ocr,クワ科,252,503,2026-07-12,original_pdf_visual_review,原PDF画像の冊子p.503で「カジノキ」の種見出しと欄外「クワ科」を目視確認。科見出しは冊子p.502「クワ科 MORACEAE」。現行「アサ科」を「クワ科」に訂正。
wildplants-taxonomy-followup-0273,日本の野生植物 第1巻,日本の野生植物 1- ソテツ科～コミカンソウ科.pdf,bcdcd5ac593747d6d58321d4a696ec96fb963233541af2a4666c4a1fbd1d4fb1,カジノキ,ylist_family_latin_conflict,CANNABACEAE,Moraceae,correct_ocr,MORACEAE,252,503,2026-07-12,original_pdf_visual_review,原PDF画像の冊子p.503で「カジノキ」の種見出しと欄外「クワ科」を目視確認。科見出しは冊子p.502「クワ科 MORACEAE」。現行「CANNABACEAE」を「MORACEAE」に訂正。
wildplants-taxonomy-followup-0274,日本の野生植物 第1巻,日本の野生植物 1- ソテツ科～コミカンソウ科.pdf,bcdcd5ac593747d6d58321d4a696ec96fb963233541af2a4666c4a1fbd1d4fb1,ヒメコウゾ,ylist_family_conflict,アサ科,クワ科,correct_ocr,クワ科,252,503,2026-07-12,original_pdf_visual_review,原PDF画像の冊子p.503で「ヒメコウゾ」の種見出しと欄外「クワ科」を目視確認。科見出しは冊子p.502「クワ科 MORACEAE」。現行「アサ科」を「クワ科」に訂正。
wildplants-taxonomy-followup-0275,日本の野生植物 第1巻,日本の野生植物 1- ソテツ科～コミカンソウ科.pdf,bcdcd5ac593747d6d58321d4a696ec96fb963233541af2a4666c4a1fbd1d4fb1,ヒメコウゾ,ylist_family_latin_conflict,CANNABACEAE,Moraceae,correct_ocr,MORACEAE,252,503,2026-07-12,original_pdf_visual_review,原PDF画像の冊子p.503で「ヒメコウゾ」の種見出しと欄外「クワ科」を目視確認。科見出しは冊子p.502「クワ科 MORACEAE」。現行「CANNABACEAE」を「MORACEAE」に訂正。
wildplants-taxonomy-followup-0276,日本の野生植物 第1巻,日本の野生植物 1- ソテツ科～コミカンソウ科.pdf,bcdcd5ac593747d6d58321d4a696ec96fb963233541af2a4666c4a1fbd1d4fb1,クワクサ,ylist_family_conflict,アサ科,クワ科,correct_ocr,クワ科,253,504,2026-07-12,original_pdf_visual_review,原PDF画像の冊子p.504で「クワクサ」の種見出しと欄外「クワ科」を目視確認。科見出しは冊子p.502「クワ科 MORACEAE」。現行「アサ科」を「クワ科」に訂正。
wildplants-taxonomy-followup-0277,日本の野生植物 第1巻,日本の野生植物 1- ソテツ科～コミカンソウ科.pdf,bcdcd5ac593747d6d58321d4a696ec96fb963233541af2a4666c4a1fbd1d4fb1,クワクサ,ylist_family_latin_conflict,CANNABACEAE,Moraceae,correct_ocr,MORACEAE,253,504,2026-07-12,original_pdf_visual_review,原PDF画像の冊子p.504で「クワクサ」の種見出しと欄外「クワ科」を目視確認。科見出しは冊子p.502「クワ科 MORACEAE」。現行「CANNABACEAE」を「MORACEAE」に訂正。
wildplants-taxonomy-followup-0278,日本の野生植物 第1巻,日本の野生植物 1- ソテツ科～コミカンソウ科.pdf,bcdcd5ac593747d6d58321d4a696ec96fb963233541af2a4666c4a1fbd1d4fb1,ツルコウゾ,ylist_family_conflict,アサ科,クワ科,correct_ocr,クワ科,253,504,2026-07-12,original_pdf_visual_review,原PDF画像の冊子p.504で「ツルコウゾ」の種見出しと欄外「クワ科」を目視確認。科見出しは冊子p.502「クワ科 MORACEAE」。現行「アサ科」を「クワ科」に訂正。
wildplants-taxonomy-followup-0279,日本の野生植物 第1巻,日本の野生植物 1- ソテツ科～コミカンソウ科.pdf,bcdcd5ac593747d6d58321d4a696ec96fb963233541af2a4666c4a1fbd1d4fb1,ツルコウゾ,ylist_family_latin_conflict,CANNABACEAE,Moraceae,correct_ocr,MORACEAE,253,504,2026-07-12,original_pdf_visual_review,原PDF画像の冊子p.504で「ツルコウゾ」の種見出しと欄外「クワ科」を目視確認。科見出しは冊子p.502「クワ科 MORACEAE」。現行「CANNABACEAE」を「MORACEAE」に訂正。
wildplants-taxonomy-followup-0280,日本の野生植物 第1巻,日本の野生植物 1- ソテツ科～コミカンソウ科.pdf,bcdcd5ac593747d6d58321d4a696ec96fb963233541af2a4666c4a1fbd1d4fb1,アコウ,ylist_family_conflict,アサ科,クワ科,correct_ocr,クワ科,254,506,2026-07-12,original_pdf_visual_review,原PDF画像の冊子p.506で「アコウ」の種見出しと欄外「クワ科」を目視確認。科見出しは冊子p.502「クワ科 MORACEAE」。現行「アサ科」を「クワ科」に訂正。
wildplants-taxonomy-followup-0281,日本の野生植物 第1巻,日本の野生植物 1- ソテツ科～コミカンソウ科.pdf,bcdcd5ac593747d6d58321d4a696ec96fb963233541af2a4666c4a1fbd1d4fb1,アコウ,ylist_family_latin_conflict,CANNABACEAE,Moraceae,correct_ocr,MORACEAE,254,506,2026-07-12,original_pdf_visual_review,原PDF画像の冊子p.506で「アコウ」の種見出しと欄外「クワ科」を目視確認。科見出しは冊子p.502「クワ科 MORACEAE」。現行「CANNABACEAE」を「MORACEAE」に訂正。
wildplants-taxonomy-followup-0282,日本の野生植物 第1巻,日本の野生植物 1- ソテツ科～コミカンソウ科.pdf,bcdcd5ac593747d6d58321d4a696ec96fb963233541af2a4666c4a1fbd1d4fb1,イタビカズラ,possible_ocr_latin_typo_against_ylist,Fieus sarmentosa,Ficus sarmentosa subsp. nipponica,correct_ocr,Ficus sarmentosa subsp. nipponica,254,506,2026-07-12,original_pdf_visual_review,PDF p.254（冊子p.506、左頁）の種見出しを原画像で目視し「Ficus sarmentosa subsp. nipponica」と確認。現行scientific_nameはOCR文字誤り。 genus欄も同じ属見出しに合わせる必要がある。 独立した2回の原PDF画像照合で一致した。
wildplants-taxonomy-followup-0283,日本の野生植物 第1巻,日本の野生植物 1- ソテツ科～コミカンソウ科.pdf,bcdcd5ac593747d6d58321d4a696ec96fb963233541af2a4666c4a1fbd1d4fb1,イタビカズラ,ylist_family_conflict,アサ科,クワ科,correct_ocr,クワ科,254,506,2026-07-12,original_pdf_visual_review,原PDF画像の冊子p.506で「イタビカズラ」の種見出しと欄外「クワ科」を目視確認。科見出しは冊子p.502「クワ科 MORACEAE」。現行「アサ科」を「クワ科」に訂正。
wildplants-taxonomy-followup-0284,日本の野生植物 第1巻,日本の野生植物 1- ソテツ科～コミカンソウ科.pdf,bcdcd5ac593747d6d58321d4a696ec96fb963233541af2a4666c4a1fbd1d4fb1,イタビカズラ,ylist_family_latin_conflict,CANNABACEAE,Moraceae,correct_ocr,MORACEAE,254,506,2026-07-12,original_pdf_visual_review,原PDF画像の冊子p.506で「イタビカズラ」の種見出しと欄外「クワ科」を目視確認。科見出しは冊子p.502「クワ科 MORACEAE」。現行「CANNABACEAE」を「MORACEAE」に訂正。
wildplants-taxonomy-followup-0285,日本の野生植物 第1巻,日本の野生植物 1- ソテツ科～コミカンソウ科.pdf,bcdcd5ac593747d6d58321d4a696ec96fb963233541af2a4666c4a1fbd1d4fb1,イチジク,ylist_family_conflict,アサ科,クワ科,correct_ocr,クワ科,254,506,2026-07-12,original_pdf_visual_review,原PDF画像の冊子p.506で「イチジク」の種見出しと欄外「クワ科」を目視確認。科見出しは冊子p.502「クワ科 MORACEAE」。現行「アサ科」を「クワ科」に訂正。
wildplants-taxonomy-followup-0286,日本の野生植物 第1巻,日本の野生植物 1- ソテツ科～コミカンソウ科.pdf,bcdcd5ac593747d6d58321d4a696ec96fb963233541af2a4666c4a1fbd1d4fb1,イチジク,ylist_family_latin_conflict,CANNABACEAE,Moraceae,correct_ocr,MORACEAE,254,506,2026-07-12,original_pdf_visual_review,原PDF画像の冊子p.506で「イチジク」の種見出しと欄外「クワ科」を目視確認。科見出しは冊子p.502「クワ科 MORACEAE」。現行「CANNABACEAE」を「MORACEAE」に訂正。
wildplants-taxonomy-followup-0287,日本の野生植物 第1巻,日本の野生植物 1- ソテツ科～コミカンソウ科.pdf,bcdcd5ac593747d6d58321d4a696ec96fb963233541af2a4666c4a1fbd1d4fb1,オオイタビ,ylist_family_conflict,アサ科,クワ科,correct_ocr,クワ科,254,506,2026-07-12,original_pdf_visual_review,原PDF画像の冊子p.506で「オオイタビ」の種見出しと欄外「クワ科」を目視確認。科見出しは冊子p.502「クワ科 MORACEAE」。現行「アサ科」を「クワ科」に訂正。
wildplants-taxonomy-followup-0288,日本の野生植物 第1巻,日本の野生植物 1- ソテツ科～コミカンソウ科.pdf,bcdcd5ac593747d6d58321d4a696ec96fb963233541af2a4666c4a1fbd1d4fb1,オオイタビ,ylist_family_latin_conflict,CANNABACEAE,Moraceae,correct_ocr,MORACEAE,254,506,2026-07-12,original_pdf_visual_review,原PDF画像の冊子p.506で「オオイタビ」の種見出しと欄外「クワ科」を目視確認。科見出しは冊子p.502「クワ科 MORACEAE」。現行「CANNABACEAE」を「MORACEAE」に訂正。
wildplants-taxonomy-followup-0289,日本の野生植物 第1巻,日本の野生植物 1- ソテツ科～コミカンソウ科.pdf,bcdcd5ac593747d6d58321d4a696ec96fb963233541af2a4666c4a1fbd1d4fb1,オオバイヌビワ,possible_ocr_latin_typo_against_ylist,Fieus septiea,Ficus septica,correct_ocr,Ficus septica,254,506,2026-07-12,original_pdf_visual_review,PDF p.254（冊子p.506、左頁）の種見出しを原画像で目視し「Ficus septica」と確認。現行scientific_nameはOCR文字誤り。 genus欄も同じ属見出しに合わせる必要がある。 独立した2回の原PDF画像照合で一致した。
wildplants-taxonomy-followup-0290,日本の野生植物 第1巻,日本の野生植物 1- ソテツ科～コミカンソウ科.pdf,bcdcd5ac593747d6d58321d4a696ec96fb963233541af2a4666c4a1fbd1d4fb1,オオバイヌビワ,ylist_family_conflict,アサ科,クワ科,correct_ocr,クワ科,254,506,2026-07-12,original_pdf_visual_review,原PDF画像の冊子p.506で「オオバイヌビワ」の種見出しと欄外「クワ科」を目視確認。科見出しは冊子p.502「クワ科 MORACEAE」。現行「アサ科」を「クワ科」に訂正。
wildplants-taxonomy-followup-0291,日本の野生植物 第1巻,日本の野生植物 1- ソテツ科～コミカンソウ科.pdf,bcdcd5ac593747d6d58321d4a696ec96fb963233541af2a4666c4a1fbd1d4fb1,オオバイヌビワ,ylist_family_latin_conflict,CANNABACEAE,Moraceae,correct_ocr,MORACEAE,254,506,2026-07-12,original_pdf_visual_review,原PDF画像の冊子p.506で「オオバイヌビワ」の種見出しと欄外「クワ科」を目視確認。科見出しは冊子p.502「クワ科 MORACEAE」。現行「CANNABACEAE」を「MORACEAE」に訂正。
wildplants-taxonomy-followup-0292,日本の野生植物 第1巻,日本の野生植物 1- ソテツ科～コミカンソウ科.pdf,bcdcd5ac593747d6d58321d4a696ec96fb963233541af2a4666c4a1fbd1d4fb1,ガジュマル,possible_ocr_latin_typo_against_ylist,Fieus mieroearpa,Ficus microcarpa,correct_ocr,Ficus microcarpa,254,506,2026-07-12,original_pdf_visual_review,PDF p.254（冊子p.506、左頁）の種見出しを原画像で目視し「Ficus microcarpa」と確認。現行scientific_nameはOCR文字誤り。 genus欄も同じ属見出しに合わせる必要がある。 独立した2回の原PDF画像照合で一致した。
wildplants-taxonomy-followup-0293,日本の野生植物 第1巻,日本の野生植物 1- ソテツ科～コミカンソウ科.pdf,bcdcd5ac593747d6d58321d4a696ec96fb963233541af2a4666c4a1fbd1d4fb1,ガジュマル,ylist_family_conflict,アサ科,クワ科,correct_ocr,クワ科,254,506,2026-07-12,original_pdf_visual_review,原PDF画像の冊子p.506で「ガジュマル」の種見出しと欄外「クワ科」を目視確認。科見出しは冊子p.502「クワ科 MORACEAE」。現行「アサ科」を「クワ科」に訂正。
wildplants-taxonomy-followup-0294,日本の野生植物 第1巻,日本の野生植物 1- ソテツ科～コミカンソウ科.pdf,bcdcd5ac593747d6d58321d4a696ec96fb963233541af2a4666c4a1fbd1d4fb1,ガジュマル,ylist_family_latin_conflict,CANNABACEAE,Moraceae,correct_ocr,MORACEAE,254,506,2026-07-12,original_pdf_visual_review,原PDF画像の冊子p.506で「ガジュマル」の種見出しと欄外「クワ科」を目視確認。科見出しは冊子p.502「クワ科 MORACEAE」。現行「CANNABACEAE」を「MORACEAE」に訂正。
wildplants-taxonomy-followup-0295,日本の野生植物 第1巻,日本の野生植物 1- ソテツ科～コミカンソウ科.pdf,bcdcd5ac593747d6d58321d4a696ec96fb963233541af2a4666c4a1fbd1d4fb1,ヒメイタビ,possible_ocr_latin_typo_against_ylist,Fieus thunbergil,Ficus thunbergii,correct_ocr,Ficus thunbergii,254,506,2026-07-12,original_pdf_visual_review,PDF p.254（冊子p.506、左頁）の種見出しを原画像で目視し「Ficus thunbergii」と確認。現行scientific_nameはOCR文字誤り。 genus欄も同じ属見出しに合わせる必要がある。 独立した2回の原PDF画像照合で一致した。
wildplants-taxonomy-followup-0296,日本の野生植物 第1巻,日本の野生植物 1- ソテツ科～コミカンソウ科.pdf,bcdcd5ac593747d6d58321d4a696ec96fb963233541af2a4666c4a1fbd1d4fb1,ヒメイタビ,ylist_family_conflict,アサ科,クワ科,correct_ocr,クワ科,254,506,2026-07-12,original_pdf_visual_review,原PDF画像の冊子p.506で「ヒメイタビ」の種見出しと欄外「クワ科」を目視確認。科見出しは冊子p.502「クワ科 MORACEAE」。現行「アサ科」を「クワ科」に訂正。
wildplants-taxonomy-followup-0297,日本の野生植物 第1巻,日本の野生植物 1- ソテツ科～コミカンソウ科.pdf,bcdcd5ac593747d6d58321d4a696ec96fb963233541af2a4666c4a1fbd1d4fb1,ヒメイタビ,ylist_family_latin_conflict,CANNABACEAE,Moraceae,correct_ocr,MORACEAE,254,506,2026-07-12,original_pdf_visual_review,原PDF画像の冊子p.506で「ヒメイタビ」の種見出しと欄外「クワ科」を目視確認。科見出しは冊子p.502「クワ科 MORACEAE」。現行「CANNABACEAE」を「MORACEAE」に訂正。
wildplants-taxonomy-followup-0298,日本の野生植物 第1巻,日本の野生植物 1- ソテツ科～コミカンソウ科.pdf,bcdcd5ac593747d6d58321d4a696ec96fb963233541af2a4666c4a1fbd1d4fb1,ホソバムクイヌビワ,ylist_family_conflict,アサ科,クワ科,correct_ocr,クワ科,254,506,2026-07-12,original_pdf_visual_review,原PDF画像の冊子p.506で「ホソバムクイヌビワ」の種見出しと欄外「クワ科」を目視確認。科見出しは冊子p.502「クワ科 MORACEAE」。現行「アサ科」を「クワ科」に訂正。
wildplants-taxonomy-followup-0299,日本の野生植物 第1巻,日本の野生植物 1- ソテツ科～コミカンソウ科.pdf,bcdcd5ac593747d6d58321d4a696ec96fb963233541af2a4666c4a1fbd1d4fb1,ホソバムクイヌビワ,ylist_family_latin_conflict,CANNABACEAE,Moraceae,correct_ocr,MORACEAE,254,506,2026-07-12,original_pdf_visual_review,原PDF画像の冊子p.506で「ホソバムクイヌビワ」の種見出しと欄外「クワ科」を目視確認。科見出しは冊子p.502「クワ科 MORACEAE」。現行「CANNABACEAE」を「MORACEAE」に訂正。
wildplants-taxonomy-followup-0300,日本の野生植物 第1巻,日本の野生植物 1- ソテツ科～コミカンソウ科.pdf,bcdcd5ac593747d6d58321d4a696ec96fb963233541af2a4666c4a1fbd1d4fb1,メヤブマオ,plant_name_not_supported_by_ocr_page,メヤブマオ,Plant name or known OCR-correction variant should appear on the cited page,keep_source,メヤブマオ,256,511,2026-07-12,original_pdf_visual_review,原PDF画像の冊子p.511で種見出し「メヤブマオ Boehmeria platanifolia」を目視確認。現行の和名・学名と一致するため維持。
wildplants-taxonomy-followup-0301,日本の野生植物 第1巻,日本の野生植物 1- ソテツ科～コミカンソウ科.pdf,bcdcd5ac593747d6d58321d4a696ec96fb963233541af2a4666c4a1fbd1d4fb1,ウワバミソウ,possible_ocr_latin_typo_against_ylist,Elatostema involueratum,Elatostema involucratum,correct_ocr,Elatostema involucratum,257,512,2026-07-12,original_pdf_visual_review,PDF p.257（冊子p.512、左頁）の種見出しを原画像で目視し「Elatostema involucratum」と確認。現行scientific_nameはOCR文字誤り。 genus欄も同じ属見出しに合わせる必要がある。 独立した2回の原PDF画像照合で一致した。
wildplants-taxonomy-followup-0302,日本の野生植物 第1巻,日本の野生植物 1- ソテツ科～コミカンソウ科.pdf,bcdcd5ac593747d6d58321d4a696ec96fb963233541af2a4666c4a1fbd1d4fb1,カテンソウ,possible_ocr_latin_typo_against_ylist,Nanoenide japoniea,Nanocnide japonica,correct_ocr,Nanocnide japonica,257,513,2026-07-12,original_pdf_visual_review,PDF p.257（冊子p.513、右頁）の種見出しを原画像で目視し「Nanocnide japonica」と確認。現行scientific_nameはOCR文字誤り。 genus欄も同じ属見出しに合わせる必要がある。 独立した2回の原PDF画像照合で一致した。
wildplants-taxonomy-followup-0303,日本の野生植物 第1巻,日本の野生植物 1- ソテツ科～コミカンソウ科.pdf,bcdcd5ac593747d6d58321d4a696ec96fb963233541af2a4666c4a1fbd1d4fb1,ミヤマイラクサ,possible_ocr_latin_typo_against_ylist,Laportea euspidata,Laportea cuspidata,correct_ocr,Laportea cuspidata,257,513,2026-07-12,original_pdf_visual_review,PDF p.257（冊子p.513、右頁）の種見出しを原画像で目視し「Laportea cuspidata」と確認。現行scientific_nameはOCR文字誤り。 独立した2回の原PDF画像照合で一致した。
wildplants-taxonomy-followup-0304,日本の野生植物 第1巻,日本の野生植物 1- ソテツ科～コミカンソウ科.pdf,bcdcd5ac593747d6d58321d4a696ec96fb963233541af2a4666c4a1fbd1d4fb1,イワガネ,possible_ocr_latin_typo_against_ylist,Oreoenide frutescens,Oreocnide frutescens,correct_ocr,Oreocnide frutescens,258,514,2026-07-12,original_pdf_visual_review,PDF p.258（冊子p.514、左頁）の種見出しを原画像で目視し「Oreocnide frutescens」と確認。現行scientific_nameはOCR文字誤り。 独立した2回の原PDF画像照合で一致した。
wildplants-taxonomy-followup-0305,日本の野生植物 第1巻,日本の野生植物 1- ソテツ科～コミカンソウ科.pdf,bcdcd5ac593747d6d58321d4a696ec96fb963233541af2a4666c4a1fbd1d4fb1,ハドノキ,possible_ocr_latin_typo_against_ylist,Oreocnide pedunenlata,Oreocnide pedunculata,correct_ocr,Oreocnide pedunculata,258,514,2026-07-12,original_pdf_visual_review,PDF p.258（冊子p.514、左頁）の種見出しを原画像で目視し「Oreocnide pedunculata」と確認。現行scientific_nameはOCR文字誤り。 独立した2回の原PDF画像照合で一致した。
wildplants-taxonomy-followup-0306,日本の野生植物 第1巻,日本の野生植物 1- ソテツ科～コミカンソウ科.pdf,bcdcd5ac593747d6d58321d4a696ec96fb963233541af2a4666c4a1fbd1d4fb1,エゾイラクサ,possible_ocr_latin_typo_against_ylist,Urtiea platyplylla,Urtica platyphylla,correct_ocr,Urtica platyphylla,259,517,2026-07-12,original_pdf_visual_review,PDF p.259（冊子p.517、右頁）の種見出しを原画像で目視し「Urtica platyphylla」と確認。現行scientific_nameはOCR文字誤り。 独立した2回の原PDF画像照合で一致した。
wildplants-taxonomy-followup-0307,日本の野生植物 第1巻,日本の野生植物 1- ソテツ科～コミカンソウ科.pdf,bcdcd5ac593747d6d58321d4a696ec96fb963233541af2a4666c4a1fbd1d4fb1,オニシモツケ,possible_ocr_latin_typo_against_ylist,Fillipendula camtschatiea,Filipendula camtschatica,correct_ocr,Filipendula camtschatica,262,523,2026-07-12,original_pdf_visual_review,PDF p.262（冊子p.523、右頁）の種見出しを原画像で目視し「Filipendula camtschatica」と確認。現行scientific_nameはOCR文字誤り。 独立した2回の原PDF画像照合で一致した。
wildplants-taxonomy-followup-0308,日本の野生植物 第1巻,日本の野生植物 1- ソテツ科～コミカンソウ科.pdf,bcdcd5ac593747d6d58321d4a696ec96fb963233541af2a4666c4a1fbd1d4fb1,シモツケソウ,possible_ocr_latin_typo_against_ylist,Filipendula mnltijuga,Filipendula multijuga,correct_ocr,Filipendula multijuga var. multijuga,262,523,2026-07-12,original_pdf_visual_review,PDF p.262（冊子p.523、右頁）の種見出しを原画像で目視し「Filipendula multijuga var. multijuga」と確認。現行scientific_nameはOCR文字誤り。 独立した2回の原PDF画像照合で一致した。
wildplants-taxonomy-followup-0309,日本の野生植物 第1巻,日本の野生植物 1- ソテツ科～コミカンソウ科.pdf,bcdcd5ac593747d6d58321d4a696ec96fb963233541af2a4666c4a1fbd1d4fb1,オランダイチゴ,possible_ocr_latin_typo_against_ylist,Fragaria xananassa,Fragaria ananassa,correct_ocr,Fragaria ×ananassa,263,524,2026-07-12,original_pdf_visual_review,PDF p.263（冊子p.524、左頁）の種見出しを原画像で目視し「Fragaria ×ananassa」と確認。現行のASCII x表記は原本の雑種記号と同義なので維持。 独立照合間の階級・雑種記号差は、原PDF画像を再表示して確定した。
wildplants-taxonomy-followup-0310,日本の野生植物 第1巻,日本の野生植物 1- ソテツ科～コミカンソウ科.pdf,bcdcd5ac593747d6d58321d4a696ec96fb963233541af2a4666c4a1fbd1d4fb1,ヒロハノカワラサイコ,possible_ocr_latin_typo_against_ylist,Potentilla niponiea,Potentilla niponica,correct_ocr,Potentilla niponica,264,527,2026-07-12,original_pdf_visual_review,PDF p.264（冊子p.527、右頁）の種見出しを原画像で目視し「Potentilla niponica」と確認。現行scientific_nameはOCR文字誤り。 独立した2回の原PDF画像照合で一致した。
wildplants-taxonomy-followup-0311,日本の野生植物 第1巻,日本の野生植物 1- ソテツ科～コミカンソウ科.pdf,bcdcd5ac593747d6d58321d4a696ec96fb963233541af2a4666c4a1fbd1d4fb1,ミツモトソウ,possible_ocr_latin_typo_against_ylist,Potentila cryptotaeniae,Potentilla cryptotaeniae,correct_ocr,Potentilla cryptotaeniae,264,527,2026-07-12,original_pdf_visual_review,PDF p.264（冊子p.527、右頁）の種見出しを原画像で目視し「Potentilla cryptotaeniae」と確認。現行scientific_nameはOCR文字誤り。 独立した2回の原PDF画像照合で一致した。
wildplants-taxonomy-followup-0312,日本の野生植物 第1巻,日本の野生植物 1- ソテツ科～コミカンソウ科.pdf,bcdcd5ac593747d6d58321d4a696ec96fb963233541af2a4666c4a1fbd1d4fb1,キジムシロ,possible_ocr_latin_typo_against_ylist,Potentila fragarioides,Potentilla fragarioides var. major,correct_ocr,Potentilla fragarioides,265,528,2026-07-12,original_pdf_visual_review,PDF p.265（冊子p.528、左頁）の種見出しを原画像で目視し「Potentilla fragarioides」と確認。現行scientific_nameはOCR文字誤り。 独立した2回の原PDF画像照合で一致した。
wildplants-taxonomy-followup-0313,日本の野生植物 第1巻,日本の野生植物 1- ソテツ科～コミカンソウ科.pdf,bcdcd5ac593747d6d58321d4a696ec96fb963233541af2a4666c4a1fbd1d4fb1,ノイバラ,possible_ocr_latin_typo_against_ylist,Rosa multifora,Rosa multiflora,correct_ocr,Rosa multiflora var. multiflora,265,529,2026-07-12,original_pdf_visual_review,PDF p.265（冊子p.529、右頁）の種見出しを原画像で目視し「Rosa multiflora var. multiflora」と確認。現行scientific_nameはOCR文字誤り。 独立した2回の原PDF画像照合で一致した。
wildplants-taxonomy-followup-0314,日本の野生植物 第1巻,日本の野生植物 1- ソテツ科～コミカンソウ科.pdf,bcdcd5ac593747d6d58321d4a696ec96fb963233541af2a4666c4a1fbd1d4fb1,テリハノイバラ,possible_ocr_latin_typo_against_ylist,Rosa lucine,Rosa luciae,correct_ocr,Rosa luciae,266,530,2026-07-12,original_pdf_visual_review,PDF p.266（冊子p.530、左頁）の種見出しを原画像で目視し「Rosa luciae」と確認。現行scientific_nameはOCR文字誤り。 独立した2回の原PDF画像照合で一致した。
wildplants-taxonomy-followup-0315,日本の野生植物 第1巻,日本の野生植物 1- ソテツ科～コミカンソウ科.pdf,bcdcd5ac593747d6d58321d4a696ec96fb963233541af2a4666c4a1fbd1d4fb1,カジイチゴ,possible_ocr_latin_typo_against_ylist,Rubus trifdus,Rubus trifidus,correct_ocr,Rubus trifidus,268,534,2026-07-12,original_pdf_visual_review,PDF p.268（冊子p.534、左頁）の種見出しを原画像で目視し「Rubus trifidus」と確認。現行scientific_nameはOCR文字誤り。 独立した2回の原PDF画像照合で一致した。
wildplants-taxonomy-followup-0316,日本の野生植物 第1巻,日本の野生植物 1- ソテツ科～コミカンソウ科.pdf,bcdcd5ac593747d6d58321d4a696ec96fb963233541af2a4666c4a1fbd1d4fb1,ニガイチゴ,possible_ocr_latin_typo_against_ylist,Rubus mierophyllus,Rubus microphyllus,correct_ocr,Rubus microphyllus,268,534,2026-07-12,original_pdf_visual_review,PDF p.268（冊子p.534、左頁）の種見出しを原画像で目視し「Rubus microphyllus」と確認。現行scientific_nameはOCR文字誤り。 独立した2回の原PDF画像照合で一致した。
wildplants-taxonomy-followup-0317,日本の野生植物 第1巻,日本の野生植物 1- ソテツ科～コミカンソウ科.pdf,bcdcd5ac593747d6d58321d4a696ec96fb963233541af2a4666c4a1fbd1d4fb1,バライチゴ,possible_ocr_latin_typo_against_ylist,Rubus ilecebrosus,Rubus illecebrosus,correct_ocr,Rubus illecebrosus,268,535,2026-07-12,original_pdf_visual_review,PDF p.268（冊子p.535、右頁）の種見出しを原画像で目視し「Rubus illecebrosus」と確認。現行scientific_nameはOCR文字誤り。 独立した2回の原PDF画像照合で一致した。
wildplants-taxonomy-followup-0318,日本の野生植物 第1巻,日本の野生植物 1- ソテツ科～コミカンソウ科.pdf,bcdcd5ac593747d6d58321d4a696ec96fb963233541af2a4666c4a1fbd1d4fb1,ホウロクイチゴ,possible_ocr_latin_typo_against_ylist,Rubus siebolali,Rubus sieboldii,correct_ocr,Rubus sieboldii,268,534,2026-07-12,original_pdf_visual_review,PDF p.268（冊子p.534、左頁）の種見出しを原画像で目視し「Rubus sieboldii」と確認。現行scientific_nameはOCR文字誤り。 独立した2回の原PDF画像照合で一致した。
wildplants-taxonomy-followup-0319,日本の野生植物 第1巻,日本の野生植物 1- ソテツ科～コミカンソウ科.pdf,bcdcd5ac593747d6d58321d4a696ec96fb963233541af2a4666c4a1fbd1d4fb1,ワレモコウ,possible_ocr_latin_typo_against_ylist,Sanguisorba offcinalis,Sanguisorba officinalis,correct_ocr,Sanguisorba officinalis,269,537,2026-07-12,original_pdf_visual_review,PDF p.269（冊子p.537、右頁）の種見出しを原画像で目視し「Sanguisorba officinalis」と確認。現行scientific_nameはOCR文字誤り。 独立した2回の原PDF画像照合で一致した。
wildplants-taxonomy-followup-0320,日本の野生植物 第1巻,日本の野生植物 1- ソテツ科～コミカンソウ科.pdf,bcdcd5ac593747d6d58321d4a696ec96fb963233541af2a4666c4a1fbd1d4fb1,ナンブトウウチソウ,plant_name_not_supported_by_ocr_page,ナンブトウウチソウ,Plant name or known OCR-correction variant should appear on the cited page,keep_source,ナンブトウウチソウ,270,538,2026-07-12,original_pdf_visual_review,原PDF画像の冊子p.538で種見出し「ナンブトウウチソウ Sanguisorba obtusa」を目視確認。現行の和名・学名と一致するため維持。
wildplants-taxonomy-followup-0321,日本の野生植物 第1巻,日本の野生植物 1- ソテツ科～コミカンソウ科.pdf,bcdcd5ac593747d6d58321d4a696ec96fb963233541af2a4666c4a1fbd1d4fb1,カンヒザクラ,possible_ocr_latin_typo_against_ylist,Cerasus campanulata,Cerasus canpanulata,keep_source,Cerasus campanulata,272,543,2026-07-12,original_pdf_visual_review,PDF p.272（冊子p.543、右頁）の種見出しを原画像で目視し「Cerasus campanulata」と確認。現行scientific_nameは原本どおりなので維持。 独立した2回の原PDF画像照合で一致した。
wildplants-taxonomy-followup-0322,日本の野生植物 第1巻,日本の野生植物 1- ソテツ科～コミカンソウ科.pdf,bcdcd5ac593747d6d58321d4a696ec96fb963233541af2a4666c4a1fbd1d4fb1,ソメイヨシノ,possible_ocr_latin_typo_against_ylist,Cerasus xyedoensis,Cerasus yedoensis,correct_ocr,Cerasus ×yedoensis,272,543,2026-07-12,original_pdf_visual_review,PDF p.272（冊子p.543、右頁）の種見出しを原画像で目視し「Cerasus ×yedoensis」と確認。現行のASCII x表記は原本の雑種記号と同義なので維持。 独立照合間の階級・雑種記号差は、原PDF画像を再表示して確定した。
wildplants-taxonomy-followup-0323,日本の野生植物 第1巻,日本の野生植物 1- ソテツ科～コミカンソウ科.pdf,bcdcd5ac593747d6d58321d4a696ec96fb963233541af2a4666c4a1fbd1d4fb1,タカネザクラ,possible_ocr_latin_typo_against_ylist,Cerasus uipponiea,Cerasus nipponica var. nipponica,correct_ocr,Cerasus nipponica var. nipponica,272,543,2026-07-12,original_pdf_visual_review,PDF p.272（冊子p.543、右頁）の種見出しを原画像で目視し「Cerasus nipponica var. nipponica」と確認。現行scientific_nameはOCR文字誤り。 独立した2回の原PDF画像照合で一致した。
wildplants-taxonomy-followup-0324,日本の野生植物 第1巻,日本の野生植物 1- ソテツ科～コミカンソウ科.pdf,bcdcd5ac593747d6d58321d4a696ec96fb963233541af2a4666c4a1fbd1d4fb1,エゾノコリンゴ,possible_ocr_latin_typo_against_ylist,Malus baceata,Malus baccata var. mandshurica,correct_ocr,Malus baccata var. mandshurica,274,547,2026-07-12,original_pdf_visual_review,PDF p.274（冊子p.547、右頁）の種見出しを原画像で目視し「Malus baccata var. mandshurica」と確認。現行scientific_nameはOCR文字誤り。 genus欄も同じ属見出しに合わせる必要がある。 独立した2回の原PDF画像照合で一致した。
wildplants-taxonomy-followup-0325,日本の野生植物 第1巻,日本の野生植物 1- ソテツ科～コミカンソウ科.pdf,bcdcd5ac593747d6d58321d4a696ec96fb963233541af2a4666c4a1fbd1d4fb1,ミカイドウ,possible_ocr_latin_typo_against_ylist,Malus mieromalus,Malus micromalus,correct_ocr,Malus micromalus,274,547,2026-07-12,original_pdf_visual_review,PDF p.274（冊子p.547、右頁）の種見出しを原画像で目視し「Malus micromalus」と確認。現行scientific_nameはOCR文字誤り。 genus欄も同じ属見出しに合わせる必要がある。 独立した2回の原PDF画像照合で一致した。
wildplants-taxonomy-followup-0326,日本の野生植物 第1巻,日本の野生植物 1- ソテツ科～コミカンソウ科.pdf,bcdcd5ac593747d6d58321d4a696ec96fb963233541af2a4666c4a1fbd1d4fb1,コゴメウツギ,plant_name_not_supported_by_ocr_page,コゴメウツギ,Plant name or known OCR-correction variant should appear on the cited page,keep_source,コゴメウツギ,275,548,2026-07-12,original_pdf_visual_review,原PDF画像の冊子p.548で種見出し「コゴメウツギ Neillia incisa」を目視確認。現行の和名・学名と一致するため維持。
wildplants-taxonomy-followup-0327,日本の野生植物 第1巻,日本の野生植物 1- ソテツ科～コミカンソウ科.pdf,bcdcd5ac593747d6d58321d4a696ec96fb963233541af2a4666c4a1fbd1d4fb1,イブキシモツケ,plant_name_not_supported_by_ocr_page,イブキシモツケ,Plant name or known OCR-correction variant should appear on the cited page,keep_source,イブキシモツケ,279,556,2026-07-12,original_pdf_visual_review,原PDF画像の冊子p.556で種見出し「イブキシモツケ Spiraea nervosa」を目視確認。現行の和名・学名と一致するため維持。
wildplants-taxonomy-followup-0328,日本の野生植物 第1巻,日本の野生植物 1- ソテツ科～コミカンソウ科.pdf,bcdcd5ac593747d6d58321d4a696ec96fb963233541af2a4666c4a1fbd1d4fb1,イワシモツケ,possible_ocr_latin_typo_against_ylist,Spiraea nipponiea,Spiraea niopponica var. nipponica,correct_ocr,Spiraea nipponica var. nipponica,279,556,2026-07-12,original_pdf_visual_review,PDF p.279（冊子p.556、左頁）の種見出しを原画像で目視し「Spiraea nipponica var. nipponica」と確認。現行scientific_nameはOCR文字誤り。 独立した2回の原PDF画像照合で一致した。
wildplants-taxonomy-followup-0329,日本の野生植物 第1巻,日本の野生植物 1- ソテツ科～コミカンソウ科.pdf,bcdcd5ac593747d6d58321d4a696ec96fb963233541af2a4666c4a1fbd1d4fb1,シモツケ,possible_ocr_latin_typo_against_ylist,Spiraea japoniea,Spiraea japonica,correct_ocr,Spiraea japonica var. japonica,279,556,2026-07-12,original_pdf_visual_review,PDF p.279（冊子p.556、左頁）の種見出しを原画像で目視し「Spiraea japonica var. japonica」と確認。現行scientific_nameはOCR文字誤り。 独立した2回の原PDF画像照合で一致した。
wildplants-taxonomy-followup-0330,日本の野生植物 第1巻,日本の野生植物 1- ソテツ科～コミカンソウ科.pdf,bcdcd5ac593747d6d58321d4a696ec96fb963233541af2a4666c4a1fbd1d4fb1,ツブラジイ,plant_name_not_supported_by_ocr_page,ツブラジイ,Plant name or known OCR-correction variant should appear on the cited page,keep_source,ツブラジイ,280,558,2026-07-12,original_pdf_visual_review,原PDF画像の冊子p.558で種見出し「ツブラジイ Castanopsis cuspidata」を目視確認。現行の和名・学名と一致するため維持。
wildplants-taxonomy-followup-0331,日本の野生植物 第1巻,日本の野生植物 1- ソテツ科～コミカンソウ科.pdf,bcdcd5ac593747d6d58321d4a696ec96fb963233541af2a4666c4a1fbd1d4fb1,アベマキ,possible_ocr_latin_typo_against_ylist,Quereus variabills,Quercus variabilis,correct_ocr,Quercus variabilis,281,561,2026-07-12,original_pdf_visual_review,PDF p.281（冊子p.561、右頁）の種見出しを原画像で目視し「Quercus variabilis」と確認。現行scientific_nameはOCR文字誤り。 genus欄も同じ属見出しに合わせる必要がある。 独立した2回の原PDF画像照合で一致した。
wildplants-taxonomy-followup-0332,日本の野生植物 第1巻,日本の野生植物 1- ソテツ科～コミカンソウ科.pdf,bcdcd5ac593747d6d58321d4a696ec96fb963233541af2a4666c4a1fbd1d4fb1,ウバメガシ,possible_ocr_latin_typo_against_ylist,Quereus phillyreoides,Quercus phillyraeoides,correct_ocr,Quercus phillyreoides,281,561,2026-07-12,original_pdf_visual_review,PDF p.281（冊子p.561、右頁）の種見出しを原画像で目視し「Quercus phillyreoides」と確認。現行scientific_nameはOCR文字誤り。 genus欄も同じ属見出しに合わせる必要がある。 独立した2回の原PDF画像照合で一致した。
wildplants-taxonomy-followup-0333,日本の野生植物 第1巻,日本の野生植物 1- ソテツ科～コミカンソウ科.pdf,bcdcd5ac593747d6d58321d4a696ec96fb963233541af2a4666c4a1fbd1d4fb1,カシワ,possible_ocr_latin_typo_against_ylist,Quereus dentata,Quercus dentata,correct_ocr,Quercus dentata,281,561,2026-07-12,original_pdf_visual_review,PDF p.281（冊子p.561、右頁）の種見出しを原画像で目視し「Quercus dentata」と確認。現行scientific_nameはOCR文字誤り。 genus欄も同じ属見出しに合わせる必要がある。 独立した2回の原PDF画像照合で一致した。
wildplants-taxonomy-followup-0334,日本の野生植物 第1巻,日本の野生植物 1- ソテツ科～コミカンソウ科.pdf,bcdcd5ac593747d6d58321d4a696ec96fb963233541af2a4666c4a1fbd1d4fb1,クヌギ,possible_ocr_latin_typo_against_ylist,Quereus aeutissima,Quercus acutissima,correct_ocr,Quercus acutissima,281,561,2026-07-12,original_pdf_visual_review,PDF p.281（冊子p.561、右頁）の種見出しを原画像で目視し「Quercus acutissima」と確認。現行scientific_nameはOCR文字誤り。 genus欄も同じ属見出しに合わせる必要がある。 独立した2回の原PDF画像照合で一致した。
wildplants-taxonomy-followup-0335,日本の野生植物 第1巻,日本の野生植物 1- ソテツ科～コミカンソウ科.pdf,bcdcd5ac593747d6d58321d4a696ec96fb963233541af2a4666c4a1fbd1d4fb1,アカガシ,possible_ocr_latin_typo_against_ylist,Quereus aeuta,Quercus acuta,correct_ocr,Quercus acuta,282,562,2026-07-12,original_pdf_visual_review,PDF p.282（冊子p.562、左頁）の種見出しを原画像で目視し「Quercus acuta」と確認。現行scientific_nameはOCR文字誤り。 genus欄も同じ属見出しに合わせる必要がある。 独立した2回の原PDF画像照合で一致した。
wildplants-taxonomy-followup-0336,日本の野生植物 第1巻,日本の野生植物 1- ソテツ科～コミカンソウ科.pdf,bcdcd5ac593747d6d58321d4a696ec96fb963233541af2a4666c4a1fbd1d4fb1,アラカシ,possible_ocr_latin_typo_against_ylist,Quereus glauea,Quercus glauca,correct_ocr,Quercus glauca,282,562,2026-07-12,original_pdf_visual_review,PDF p.282（冊子p.562、左頁）の種見出しを原画像で目視し「Quercus glauca」と確認。現行scientific_nameはOCR文字誤り。 genus欄も同じ属見出しに合わせる必要がある。 独立した2回の原PDF画像照合で一致した。
wildplants-taxonomy-followup-0337,日本の野生植物 第1巻,日本の野生植物 1- ソテツ科～コミカンソウ科.pdf,bcdcd5ac593747d6d58321d4a696ec96fb963233541af2a4666c4a1fbd1d4fb1,イチイガシ,possible_ocr_latin_typo_against_ylist,Quereus gilva,Quercus gilva,correct_ocr,Quercus gilva,282,562,2026-07-12,original_pdf_visual_review,PDF p.282（冊子p.562、左頁）の種見出しを原画像で目視し「Quercus gilva」と確認。現行scientific_nameはOCR文字誤り。 genus欄も同じ属見出しに合わせる必要がある。 独立した2回の原PDF画像照合で一致した。
wildplants-taxonomy-followup-0338,日本の野生植物 第1巻,日本の野生植物 1- ソテツ科～コミカンソウ科.pdf,bcdcd5ac593747d6d58321d4a696ec96fb963233541af2a4666c4a1fbd1d4fb1,ウラジロガシ,possible_ocr_latin_typo_against_ylist,Quereus salieina,Quercus salicina,correct_ocr,Quercus salicina,282,562,2026-07-12,original_pdf_visual_review,PDF p.282（冊子p.562、左頁）の種見出しを原画像で目視し「Quercus salicina」と確認。現行scientific_nameはOCR文字誤り。 genus欄も同じ属見出しに合わせる必要がある。 独立した2回の原PDF画像照合で一致した。
wildplants-taxonomy-followup-0339,日本の野生植物 第1巻,日本の野生植物 1- ソテツ科～コミカンソウ科.pdf,bcdcd5ac593747d6d58321d4a696ec96fb963233541af2a4666c4a1fbd1d4fb1,シラカシ,possible_ocr_latin_typo_against_ylist,Quereus myrsinifolia,Quercus myrsinaefolia,correct_ocr,Quercus myrsinifolia,282,562,2026-07-12,original_pdf_visual_review,PDF p.282（冊子p.562、左頁）の種見出しを原画像で目視し「Quercus myrsinifolia」と確認。現行scientific_nameはOCR文字誤り。 genus欄も同じ属見出しに合わせる必要がある。 独立した2回の原PDF画像照合で一致した。
wildplants-taxonomy-followup-0340,日本の野生植物 第1巻,日本の野生植物 1- ソテツ科～コミカンソウ科.pdf,bcdcd5ac593747d6d58321d4a696ec96fb963233541af2a4666c4a1fbd1d4fb1,ツクバネガシ,possible_ocr_latin_typo_against_ylist,Quereus sessllfolia,Quercus sessilifolia,correct_ocr,Quercus sessilifolia,282,562,2026-07-12,original_pdf_visual_review,PDF p.282（冊子p.562、左頁）の種見出しを原画像で目視し「Quercus sessilifolia」と確認。現行scientific_nameはOCR文字誤り。 genus欄も同じ属見出しに合わせる必要がある。 独立した2回の原PDF画像照合で一致した。
wildplants-taxonomy-followup-0341,日本の野生植物 第1巻,日本の野生植物 1- ソテツ科～コミカンソウ科.pdf,bcdcd5ac593747d6d58321d4a696ec96fb963233541af2a4666c4a1fbd1d4fb1,ヤチヤナギ,possible_ocr_latin_typo_against_ylist,Myriea gale,Myrica gale var. tomentosa,correct_ocr,Myrica gale var. tomentosa,282,563,2026-07-12,original_pdf_visual_review,PDF p.282（冊子p.563、右頁）の種見出しを原画像で目視し「Myrica gale var. tomentosa」と確認。現行scientific_nameはOCR文字誤り。 独立した2回の原PDF画像照合で一致した。
wildplants-taxonomy-followup-0342,日本の野生植物 第1巻,日本の野生植物 1- ソテツ科～コミカンソウ科.pdf,bcdcd5ac593747d6d58321d4a696ec96fb963233541af2a4666c4a1fbd1d4fb1,サワグルミ,possible_ocr_latin_typo_against_ylist,Pteroearya rhoifolia,Pterocarya rhoifolia,correct_ocr,Pterocarya rhoifolia,283,565,2026-07-12,original_pdf_visual_review,PDF p.283（冊子p.565、右頁）の種見出しを原画像で目視し「Pterocarya rhoifolia」と確認。現行scientific_nameはOCR文字誤り。 独立した2回の原PDF画像照合で一致した。
wildplants-taxonomy-followup-0343,日本の野生植物 第1巻,日本の野生植物 1- ソテツ科～コミカンソウ科.pdf,bcdcd5ac593747d6d58321d4a696ec96fb963233541af2a4666c4a1fbd1d4fb1,ノグルミ,possible_ocr_latin_typo_against_ylist,Platyearya strobilacea,Platycarya strobilacea,correct_ocr,Platycarya strobilacea,283,565,2026-07-12,original_pdf_visual_review,PDF p.283（冊子p.565、右頁）の種見出しを原画像で目視し「Platycarya strobilacea」と確認。現行scientific_nameはOCR文字誤り。 genus欄も同じ属見出しに合わせる必要がある。 独立した2回の原PDF画像照合で一致した。
wildplants-taxonomy-followup-0344,日本の野生植物 第1巻,日本の野生植物 1- ソテツ科～コミカンソウ科.pdf,bcdcd5ac593747d6d58321d4a696ec96fb963233541af2a4666c4a1fbd1d4fb1,サクラバハンノキ,possible_ocr_latin_typo_against_ylist,Alaus trabeeulosa,Alnus trabeculosa,correct_ocr,Alnus trabeculosa,285,569,2026-07-12,original_pdf_visual_review,PDF p.285（冊子p.569、右頁）の種見出しを原画像で目視し「Alnus trabeculosa」と確認。現行scientific_nameはOCR文字誤り。 独立した2回の原PDF画像照合で一致した。
wildplants-taxonomy-followup-0345,日本の野生植物 第1巻,日本の野生植物 1- ソテツ科～コミカンソウ科.pdf,bcdcd5ac593747d6d58321d4a696ec96fb963233541af2a4666c4a1fbd1d4fb1,ハンノキ,possible_ocr_latin_typo_against_ylist,Alaus japonica,Alnus japonica,correct_ocr,Alnus japonica,285,568,2026-07-12,original_pdf_visual_review,PDF p.285（冊子p.568、左頁）の種見出しを原画像で目視し「Alnus japonica」と確認。現行scientific_nameはOCR文字誤り。 独立した2回の原PDF画像照合で一致した。
wildplants-taxonomy-followup-0346,日本の野生植物 第1巻,日本の野生植物 1- ソテツ科～コミカンソウ科.pdf,bcdcd5ac593747d6d58321d4a696ec96fb963233541af2a4666c4a1fbd1d4fb1,ヒメヤシャブシ,plant_name_not_supported_by_ocr_page,ヒメヤシャブシ,Plant name or known OCR-correction variant should appear on the cited page,keep_source,ヒメヤシャブシ,285,568,2026-07-12,original_pdf_visual_review,原PDF画像の冊子p.568で種見出し「ヒメヤシャブシ Alnus pendula」を目視確認。現行の和名・学名と一致するため維持。
wildplants-taxonomy-followup-0347,日本の野生植物 第1巻,日本の野生植物 1- ソテツ科～コミカンソウ科.pdf,bcdcd5ac593747d6d58321d4a696ec96fb963233541af2a4666c4a1fbd1d4fb1,ミヤマカワラハンノキ,possible_ocr_latin_typo_against_ylist,Alaus fauriei,Alnus fauriei,correct_ocr,Alnus fauriei,285,569,2026-07-12,original_pdf_visual_review,PDF p.285（冊子p.569、右頁）の種見出しを原画像で目視し「Alnus fauriei」と確認。現行scientific_nameはOCR文字誤り。 独立した2回の原PDF画像照合で一致した。
wildplants-taxonomy-followup-0348,日本の野生植物 第1巻,日本の野生植物 1- ソテツ科～コミカンソウ科.pdf,bcdcd5ac593747d6d58321d4a696ec96fb963233541af2a4666c4a1fbd1d4fb1,ヤシャブシ,possible_ocr_latin_typo_against_ylist,Alnus firmna,Alnus firma,correct_ocr,Alnus firma,285,568,2026-07-12,original_pdf_visual_review,PDF p.285（冊子p.568、左頁）の種見出しを原画像で目視し「Alnus firma」と確認。現行scientific_nameはOCR文字誤り。 独立した2回の原PDF画像照合で一致した。
wildplants-taxonomy-followup-0349,日本の野生植物 第1巻,日本の野生植物 1- ソテツ科～コミカンソウ科.pdf,bcdcd5ac593747d6d58321d4a696ec96fb963233541af2a4666c4a1fbd1d4fb1,ヤハズハンノキ,plant_name_not_supported_by_ocr_page,ヤハズハンノキ,Plant name or known OCR-correction variant should appear on the cited page,keep_source,ヤハズハンノキ,285,569,2026-07-12,original_pdf_visual_review,原PDF画像の冊子p.569で種見出し「ヤハズハンノキ Alnus matsumurae」を目視確認。現行の和名・学名と一致するため維持。
wildplants-taxonomy-followup-0350,日本の野生植物 第1巻,日本の野生植物 1- ソテツ科～コミカンソウ科.pdf,bcdcd5ac593747d6d58321d4a696ec96fb963233541af2a4666c4a1fbd1d4fb1,チチブミネバリ,plant_name_not_supported_by_ocr_page,チチブミネバリ,Plant name or known OCR-correction variant should appear on the cited page,keep_source,チチブミネバリ,286,571,2026-07-12,original_pdf_visual_review,原PDF画像の冊子p.571で種見出し「チチブミネバリ Betula chichibuensis」を目視確認。現行の和名・学名と一致するため維持。
wildplants-taxonomy-followup-0351,日本の野生植物 第1巻,日本の野生植物 1- ソテツ科～コミカンソウ科.pdf,bcdcd5ac593747d6d58321d4a696ec96fb963233541af2a4666c4a1fbd1d4fb1,オキナワスズメウリ,plant_name_not_supported_by_ocr_page,オキナワスズメウリ,Plant name or known OCR-correction variant should appear on the cited page,keep_source,オキナワスズメウリ,289,576,2026-07-12,original_pdf_visual_review,原PDF画像の冊子p.576で種見出し「オキナワスズメウリ Diplocyclos palmatus」を目視確認。現行の和名・学名と一致するため維持。
wildplants-taxonomy-followup-0352,日本の野生植物 第1巻,日本の野生植物 1- ソテツ科～コミカンソウ科.pdf,bcdcd5ac593747d6d58321d4a696ec96fb963233541af2a4666c4a1fbd1d4fb1,キカラスウリ,possible_ocr_latin_typo_against_ylist,Trichosanthes kirilowi,Trichosanthes kirilowii var. japonica,correct_ocr,Trichosanthes kirilowii var. japonica,290,578,2026-07-12,original_pdf_visual_review,PDF p.290（冊子p.578、左頁）の種見出しを原画像で目視し「Trichosanthes kirilowii var. japonica」と確認。現行scientific_nameはOCR文字誤り。 genus欄も同じ属見出しに合わせる必要がある。 独立した2回の原PDF画像照合で一致した。
wildplants-taxonomy-followup-0353,日本の野生植物 第1巻,日本の野生植物 1- ソテツ科～コミカンソウ科.pdf,bcdcd5ac593747d6d58321d4a696ec96fb963233541af2a4666c4a1fbd1d4fb1,ツルウメモドキ,possible_ocr_latin_typo_against_ylist,Celastrus orbieulatus,Celastrus orbiculatus var. orbiculatus,correct_ocr,Celastrus orbiculatus var. orbiculatus,291,581,2026-07-12,original_pdf_visual_review,PDF p.291（冊子p.581、右頁）の種見出しを原画像で目視し「Celastrus orbiculatus var. orbiculatus」と確認。現行scientific_nameはOCR文字誤り。 genus欄も同じ属見出しに合わせる必要がある。 独立した2回の原PDF画像照合で一致した。
wildplants-taxonomy-followup-0354,日本の野生植物 第1巻,日本の野生植物 1- ソテツ科～コミカンソウ科.pdf,bcdcd5ac593747d6d58321d4a696ec96fb963233541af2a4666c4a1fbd1d4fb1,マユミ,possible_ocr_latin_typo_against_ylist,Euouymus sieboldianus,Euonymus sieboldianus var. sieboldianus,correct_ocr,Euonymus sieboldianus var. sieboldianus,292,583,2026-07-12,original_pdf_visual_review,PDF p.292（冊子p.583、右頁）の種見出しを原画像で目視し「Euonymus sieboldianus var. sieboldianus」と確認。現行scientific_nameはOCR文字誤り。 独立した2回の原PDF画像照合で一致した。
wildplants-taxonomy-followup-0355,日本の野生植物 第1巻,日本の野生植物 1- ソテツ科～コミカンソウ科.pdf,bcdcd5ac593747d6d58321d4a696ec96fb963233541af2a4666c4a1fbd1d4fb1,ツリバナ,possible_ocr_latin_typo_against_ylist,Euonymus oxyplyllus,Euonymus oxyphyllus,correct_ocr,Euonymus oxyphyllus,293,584,2026-07-12,original_pdf_visual_review,PDF p.293（冊子p.584、左頁）の種見出しを原画像で目視し「Euonymus oxyphyllus」と確認。現行scientific_nameはOCR文字誤り。 独立した2回の原PDF画像照合で一致した。
wildplants-taxonomy-followup-0356,日本の野生植物 第1巻,日本の野生植物 1- ソテツ科～コミカンソウ科.pdf,bcdcd5ac593747d6d58321d4a696ec96fb963233541af2a4666c4a1fbd1d4fb1,ヒロハノツリバナ,possible_ocr_latin_typo_against_ylist,Euouymus maeropterus,Euonymus macropterus,correct_ocr,Euonymus macropterus,293,584,2026-07-12,original_pdf_visual_review,PDF p.293（冊子p.584、左頁）の種見出しを原画像で目視し「Euonymus macropterus」と確認。現行scientific_nameはOCR文字誤り。 独立した2回の原PDF画像照合で一致した。
wildplants-taxonomy-followup-0357,日本の野生植物 第1巻,日本の野生植物 1- ソテツ科～コミカンソウ科.pdf,bcdcd5ac593747d6d58321d4a696ec96fb963233541af2a4666c4a1fbd1d4fb1,エゾタチカタバミ,possible_ocr_latin_typo_against_ylist,Oxalis strieta,Oxalis stricta,correct_ocr,Oxalis stricta,294,587,2026-07-12,original_pdf_visual_review,PDF p.294（冊子p.587、右頁）の種見出しを原画像で目視し「Oxalis stricta」と確認。現行scientific_nameはOCR文字誤り。 独立した2回の原PDF画像照合で一致した。
wildplants-taxonomy-followup-0358,日本の野生植物 第1巻,日本の野生植物 1- ソテツ科～コミカンソウ科.pdf,bcdcd5ac593747d6d58321d4a696ec96fb963233541af2a4666c4a1fbd1d4fb1,カタバミ,possible_ocr_latin_typo_against_ylist,Oxalis cornieulata,Oxalis corniculata,correct_ocr,Oxalis corniculata,294,587,2026-07-12,original_pdf_visual_review,PDF p.294（冊子p.587、右頁）の種見出しを原画像で目視し「Oxalis corniculata」と確認。現行scientific_nameはOCR文字誤り。 独立した2回の原PDF画像照合で一致した。
wildplants-taxonomy-followup-0359,日本の野生植物 第1巻,日本の野生植物 1- ソテツ科～コミカンソウ科.pdf,bcdcd5ac593747d6d58321d4a696ec96fb963233541af2a4666c4a1fbd1d4fb1,コバンモチ,possible_ocr_latin_typo_against_ylist,Elaeoearpus japonicus,Elaeocarpus japonicus,correct_ocr,Elaeocarpus japonicus,295,589,2026-07-12,original_pdf_visual_review,PDF p.295（冊子p.589、右頁）の種見出しを原画像で目視し「Elaeocarpus japonicus」と確認。現行scientific_nameはOCR文字誤り。 独立した2回の原PDF画像照合で一致した。
wildplants-taxonomy-followup-0360,日本の野生植物 第1巻,日本の野生植物 1- ソテツ科～コミカンソウ科.pdf,bcdcd5ac593747d6d58321d4a696ec96fb963233541af2a4666c4a1fbd1d4fb1,シマホルトノキ,possible_ocr_latin_typo_against_ylist,Elaeoearpus photiniifolius,Elaeocarpus photiniifolius,correct_ocr,Elaeocarpus photiniifolius,295,589,2026-07-12,original_pdf_visual_review,PDF p.295（冊子p.589、右頁）の種見出しを原画像で目視し「Elaeocarpus photiniifolius」と確認。現行scientific_nameはOCR文字誤り。 独立した2回の原PDF画像照合で一致した。
wildplants-taxonomy-followup-0361,日本の野生植物 第1巻,日本の野生植物 1- ソテツ科～コミカンソウ科.pdf,bcdcd5ac593747d6d58321d4a696ec96fb963233541af2a4666c4a1fbd1d4fb1,アカメガシワ,possible_ocr_latin_typo_against_ylist,Mallotus japonieus,Mallotus japonicus,correct_ocr,Mallotus japonicus,301,600,2026-07-12,original_pdf_visual_review,PDF p.301（冊子p.600、左頁）の種見出しを原画像で目視し「Mallotus japonicus」と確認。現行scientific_nameはOCR文字誤り。 独立した2回の原PDF画像照合で一致した。
wildplants-taxonomy-followup-0362,日本の野生植物 第1巻,日本の野生植物 1- ソテツ科～コミカンソウ科.pdf,bcdcd5ac593747d6d58321d4a696ec96fb963233541af2a4666c4a1fbd1d4fb1,オオバギ,possible_ocr_latin_typo_against_ylist,Maearanga tanarius,Macaranga tanarius var. tomentosa,correct_ocr,Macaranga tanarius,301,600,2026-07-12,original_pdf_visual_review,PDF p.301（冊子p.600、左頁）の種見出しを原画像で目視し「Macaranga tanarius」と確認。現行scientific_nameはOCR文字誤り。 独立した2回の原PDF画像照合で一致した。
wildplants-taxonomy-followup-0363,日本の野生植物 第1巻,日本の野生植物 1- ソテツ科～コミカンソウ科.pdf,bcdcd5ac593747d6d58321d4a696ec96fb963233541af2a4666c4a1fbd1d4fb1,ヤマアイ,possible_ocr_latin_typo_against_ylist,Mereurialis leioearpa,Mercurialis leiocarpa,correct_ocr,Mercurialis leiocarpa,301,601,2026-07-12,original_pdf_visual_review,PDF p.301（冊子p.601、右頁）の種見出しを原画像で目視し「Mercurialis leiocarpa」と確認。現行scientific_nameはOCR文字誤り。 genus欄も同じ属見出しに合わせる必要がある。 独立した2回の原PDF画像照合で一致した。
wildplants-taxonomy-followup-0364,日本の野生植物 第1巻,日本の野生植物 1- ソテツ科～コミカンソウ科.pdf,bcdcd5ac593747d6d58321d4a696ec96fb963233541af2a4666c4a1fbd1d4fb1,ナンキンハゼ,possible_ocr_latin_typo_against_ylist,Trindica sebifera,Triadica sebifera,correct_ocr,Triadica sebifera,302,602,2026-07-12,original_pdf_visual_review,PDF p.302（冊子p.602、左頁）の種見出しを原画像で目視し「Triadica sebifera」と確認。現行scientific_nameはOCR文字誤り。 genus欄も同じ属見出しに合わせる必要がある。 独立した2回の原PDF画像照合で一致した。
wildplants-taxonomy-followup-0365,日本の野生植物 第1巻,日本の野生植物 1- ソテツ科～コミカンソウ科.pdf,bcdcd5ac593747d6d58321d4a696ec96fb963233541af2a4666c4a1fbd1d4fb1,アカギ,possible_ocr_latin_typo_against_ylist,Bischofa javaniea,Bischofia javanica,correct_ocr,Bischofia javanica,303,604,2026-07-12,original_pdf_visual_review,PDF p.303（冊子p.604、左頁）の種見出しを原画像で目視し「Bischofia javanica」と確認。現行scientific_nameはOCR文字誤り。 独立した2回の原PDF画像照合で一致した。
wildplants-taxonomy-followup-0366,日本の野生植物 第1巻,日本の野生植物 1- ソテツ科～コミカンソウ科.pdf,bcdcd5ac593747d6d58321d4a696ec96fb963233541af2a4666c4a1fbd1d4fb1,ヤマヒハツ,possible_ocr_latin_typo_against_ylist,Antidesma japonieum,Antidesma japonicum,correct_ocr,Antidesma japonicum,303,604,2026-07-12,original_pdf_visual_review,PDF p.303（冊子p.604、左頁）の種見出しを原画像で目視し「Antidesma japonicum」と確認。現行scientific_nameはOCR文字誤り。 独立した2回の原PDF画像照合で一致した。
wildplants-taxonomy-followup-0367,日本の野生植物 第1巻,日本の野生植物 1- ソテツ科～コミカンソウ科.pdf,bcdcd5ac593747d6d58321d4a696ec96fb963233541af2a4666c4a1fbd1d4fb1,コミカンソウ,possible_ocr_latin_typo_against_ylist,Plylanthus lepidoearpus,Phyllanthus lepidocarpus,correct_ocr,Phyllanthus lepidocarpus,304,607,2026-07-12,original_pdf_visual_review,PDF p.304（冊子p.607、右頁）の種見出しを原画像で目視し「Phyllanthus lepidocarpus」と確認。現行scientific_nameはOCR文字誤り。 独立した2回の原PDF画像照合で一致した。
wildplants-taxonomy-followup-0368,日本の野生植物 第1巻,日本の野生植物 1- ソテツ科～コミカンソウ科.pdf,bcdcd5ac593747d6d58321d4a696ec96fb963233541af2a4666c4a1fbd1d4fb1,オガサワラコミカンソウ,possible_ocr_latin_typo_against_ylist,Phyllanthus debilis,Phyllanthus deblis,keep_source,Phyllanthus debilis,305,608,2026-07-12,original_pdf_visual_review,PDF p.305（冊子p.608、左頁）の種見出しを原画像で目視し「Phyllanthus debilis」と確認。現行scientific_nameは原本どおりなので維持。 独立した2回の原PDF画像照合で一致した。
wildplants-taxonomy-followup-0369,日本の野生植物 第2巻,日本の野生植物 2- ミゾハコベ科～スイカズラ科 ―フィールド版―改訂新版.pdf,2d104638c72cbfc58f17ab38223bce3d7798f72abc2d14fa4495a3a7546f3b12,イイギリ,possible_ocr_latin_typo_against_ylist,Idesia polyearpa,Idesia polycarpa,correct_ocr,Idesia polycarpa,19,36,2026-07-12,original_pdf_visual_review,原PDF冊子p.36の種見出し「Idesia polycarpa」を目視確認。属見出しは「イイギリ属 Idesia」。現行scientific_nameはOCR誤りのためreplace。 独立した2回の原PDF画像照合で一致した。
wildplants-taxonomy-followup-0370,日本の野生植物 第2巻,日本の野生植物 2- ミゾハコベ科～スイカズラ科 ―フィールド版―改訂新版.pdf,2d104638c72cbfc58f17ab38223bce3d7798f72abc2d14fa4495a3a7546f3b12,ヤマナラシ,possible_ocr_latin_typo_against_ylist,Populns tremula,Populus tremula var. sieboldii,correct_ocr,Populus tremula var. sieboldii,19,37,2026-07-12,original_pdf_visual_review,原PDF冊子p.37の種見出し「Populus tremula var. sieboldii」を目視確認。属見出しは「ヤマナラシ属 Populus」。現行scientific_nameはOCR誤りのためreplace。 独立した2回の原PDF画像照合で一致した。
wildplants-taxonomy-followup-0371,日本の野生植物 第2巻,日本の野生植物 2- ミゾハコベ科～スイカズラ科 ―フィールド版―改訂新版.pdf,2d104638c72cbfc58f17ab38223bce3d7798f72abc2d14fa4495a3a7546f3b12,エゾノキヌヤナギ,possible_ocr_latin_typo_against_ylist,Salix sclwerinii,Salix schwerinii,correct_ocr,Salix schwerinii,24,46,2026-07-12,original_pdf_visual_review,原PDF冊子p.46の種見出し「Salix schwerinii」を目視確認。属見出しは「ヤナギ属 Salix」。現行scientific_nameはOCR誤りのためreplace。 独立した2回の原PDF画像照合で一致した。
wildplants-taxonomy-followup-0372,日本の野生植物 第2巻,日本の野生植物 2- ミゾハコベ科～スイカズラ科 ―フィールド版―改訂新版.pdf,2d104638c72cbfc58f17ab38223bce3d7798f72abc2d14fa4495a3a7546f3b12,アリアケスミレ,possible_ocr_latin_typo_against_ylist,Viola betonieifolia,Viola betonicifolia var. albescens,correct_ocr,Viola betonicifolia var. albescens,29,57,2026-07-12,original_pdf_visual_review,原PDF冊子p.57の種見出し「Viola betonicifolia var. albescens」を目視確認。属見出しは「スミレ属 Viola」。現行scientific_nameはOCR誤りのためreplace。 独立した2回の原PDF画像照合で一致した。
wildplants-taxonomy-followup-0373,日本の野生植物 第2巻,日本の野生植物 2- ミゾハコベ科～スイカズラ科 ―フィールド版―改訂新版.pdf,2d104638c72cbfc58f17ab38223bce3d7798f72abc2d14fa4495a3a7546f3b12,スミレサイシン,possible_ocr_latin_typo_against_ylist,Viola yaginata,Viola vaginata,correct_ocr,Viola vaginata,29,56,2026-07-12,original_pdf_visual_review,原PDF冊子p.56の種見出し「Viola vaginata」を目視確認。属見出しは「スミレ属 Viola」。現行scientific_nameはOCR誤りのためreplace。 独立した2回の原PDF画像照合で一致した。
wildplants-taxonomy-followup-0374,日本の野生植物 第2巻,日本の野生植物 2- ミゾハコベ科～スイカズラ科 ―フィールド版―改訂新版.pdf,2d104638c72cbfc58f17ab38223bce3d7798f72abc2d14fa4495a3a7546f3b12,ヒメスミレ,possible_ocr_latin_typo_against_ylist,Viola inconspieua,Viola inconspicua subsp. nagasakiensis,correct_ocr,Viola inconspicua subsp. nagasakiensis,29,57,2026-07-12,original_pdf_visual_review,原PDF冊子p.57の種見出し「Viola inconspicua subsp. nagasakiensis」を目視確認。属見出しは「スミレ属 Viola」。現行scientific_nameはOCR誤りのためreplace。 独立した2回の原PDF画像照合で一致した。
wildplants-taxonomy-followup-0375,日本の野生植物 第2巻,日本の野生植物 2- ミゾハコベ科～スイカズラ科 ―フィールド版―改訂新版.pdf,2d104638c72cbfc58f17ab38223bce3d7798f72abc2d14fa4495a3a7546f3b12,コスミレ,possible_ocr_latin_typo_against_ylist,Viola japoniea,Viola japonica,correct_ocr,Viola japonica,30,58,2026-07-12,original_pdf_visual_review,原PDF冊子p.58の種見出し「Viola japonica」を目視確認。属見出しは「スミレ属 Viola」。現行scientific_nameはOCR誤りのためreplace。 独立した2回の原PDF画像照合で一致した。
wildplants-taxonomy-followup-0376,日本の野生植物 第2巻,日本の野生植物 2- ミゾハコベ科～スイカズラ科 ―フィールド版―改訂新版.pdf,2d104638c72cbfc58f17ab38223bce3d7798f72abc2d14fa4495a3a7546f3b12,テリハボク,possible_ocr_latin_typo_against_ylist,Caloplyllum inoplyllum,Calophyllum inophyllum,correct_ocr,Calophyllum inophyllum,32,63,2026-07-12,original_pdf_visual_review,原PDF冊子p.63の種見出し「Calophyllum inophyllum」を目視確認。属見出しは「テリハボク属 Calophyllum」。現行scientific_nameはOCR誤りのためreplace。 独立した2回の原PDF画像照合で一致した。
wildplants-taxonomy-followup-0377,日本の野生植物 第2巻,日本の野生植物 2- ミゾハコベ科～スイカズラ科 ―フィールド版―改訂新版.pdf,2d104638c72cbfc58f17ab38223bce3d7798f72abc2d14fa4495a3a7546f3b12,フクギ,possible_ocr_latin_typo_against_ylist,Garcinia subelliptiea,Garcinia subelliptica,correct_ocr,Garcinia subelliptica,33,64,2026-07-12,original_pdf_visual_review,原PDF冊子p.64の種見出し「Garcinia subelliptica」を目視確認。属見出しは「フクギ属 Garcinia」。現行scientific_nameはOCR誤りのためreplace。 独立した2回の原PDF画像照合で一致した。
wildplants-taxonomy-followup-0378,日本の野生植物 第2巻,日本の野生植物 2- ミゾハコベ科～スイカズラ科 ―フィールド版―改訂新版.pdf,2d104638c72cbfc58f17ab38223bce3d7798f72abc2d14fa4495a3a7546f3b12,トモエソウ,possible_ocr_latin_typo_against_ylist,Hypericum aseyron,Hypericum ascyron subsp. ascyron var. ascyron,correct_ocr,Hypericum ascyron var. ascyron,36,70,2026-07-12,original_pdf_visual_review,原PDF冊子p.70の種見出し「Hypericum ascyron var. ascyron」を目視確認。属見出しは「オトギリソウ属 Hypericum」。現行scientific_nameはOCR誤りのためreplace。 独立した2回の原PDF画像照合で一致した。
wildplants-taxonomy-followup-0379,日本の野生植物 第2巻,日本の野生植物 2- ミゾハコベ科～スイカズラ科 ―フィールド版―改訂新版.pdf,2d104638c72cbfc58f17ab38223bce3d7798f72abc2d14fa4495a3a7546f3b12,オトギリソウ,possible_ocr_latin_typo_against_ylist,Eyperieum erectum,Hypericum erectum,correct_ocr,Hypericum erectum var. erectum,37,72,2026-07-12,original_pdf_visual_review,原PDF冊子p.72の種見出し「Hypericum erectum var. erectum」を目視確認。属見出しは「オトギリソウ属 Hypericum」。現行scientific_nameはOCR誤りのためreplace。 独立した2回の原PDF画像照合で一致した。
wildplants-taxonomy-followup-0380,日本の野生植物 第2巻,日本の野生植物 2- ミゾハコベ科～スイカズラ科 ―フィールド版―改訂新版.pdf,2d104638c72cbfc58f17ab38223bce3d7798f72abc2d14fa4495a3a7546f3b12,シマサルスベリ,possible_ocr_latin_typo_against_ylist,Lagerstroemia subeostata,Lagerstroemia subcostata var. subcostata,correct_ocr,Lagerstroemia subcostata var. subcostata,41,80,2026-07-12,original_pdf_visual_review,原PDF冊子p.80の種見出し「Lagerstroemia subcostata var. subcostata」を目視確認。属見出しは「サルスベリ属 Lagerstroemia」。現行scientific_nameはOCR誤りのためreplace。 独立した2回の原PDF画像照合で一致した。
wildplants-taxonomy-followup-0381,日本の野生植物 第2巻,日本の野生植物 2- ミゾハコベ科～スイカズラ科 ―フィールド版―改訂新版.pdf,2d104638c72cbfc58f17ab38223bce3d7798f72abc2d14fa4495a3a7546f3b12,ヒメミソハギ,possible_ocr_latin_typo_against_ylist,Ammamnia multilora,Ammannia multiflora,correct_ocr,Ammannia multiflora,41,80,2026-07-12,original_pdf_visual_review,原PDF冊子p.80の種見出し「Ammannia multiflora」を目視確認。属見出しは「ヒメミソハギ属 Ammannia」。現行scientific_nameはOCR誤りのためreplace。 独立した2回の原PDF画像照合で一致した。
wildplants-taxonomy-followup-0382,日本の野生植物 第2巻,日本の野生植物 2- ミゾハコベ科～スイカズラ科 ―フィールド版―改訂新版.pdf,2d104638c72cbfc58f17ab38223bce3d7798f72abc2d14fa4495a3a7546f3b12,ミズタマソウ,possible_ocr_latin_typo_against_ylist,Cireaea mollis,Circaea mollis,correct_ocr,Circaea mollis,43,85,2026-07-12,original_pdf_visual_review,原PDF冊子p.85の種見出し「Circaea mollis」を目視確認。属見出しは「ミズタマソウ属 Circaea」。現行scientific_nameはOCR誤りのためreplace。 独立した2回の原PDF画像照合で一致した。
wildplants-taxonomy-followup-0383,日本の野生植物 第2巻,日本の野生植物 2- ミゾハコベ科～スイカズラ科 ―フィールド版―改訂新版.pdf,2d104638c72cbfc58f17ab38223bce3d7798f72abc2d14fa4495a3a7546f3b12,ヤマウルシ,possible_ocr_latin_typo_against_ylist,Toxicodendron trichoearpum,Toxicodendron trichocarpum,correct_ocr,Toxicodendron trichocarpum,50,99,2026-07-12,original_pdf_visual_review,原PDF冊子p.99の種見出し「Toxicodendron trichocarpum」を目視確認。属見出しは「ウルシ属 Toxicodendron」。現行scientific_nameはOCR誤りのためreplace。 独立した2回の原PDF画像照合で一致した。
wildplants-taxonomy-followup-0384,日本の野生植物 第2巻,日本の野生植物 2- ミゾハコベ科～スイカズラ科 ―フィールド版―改訂新版.pdf,2d104638c72cbfc58f17ab38223bce3d7798f72abc2d14fa4495a3a7546f3b12,カラコギカエデ,possible_ocr_latin_typo_against_ylist,Acer tatarieum,Acer tataricum subsp. aidzuense,correct_ocr,Acer tataricum subsp. aidzuense,52,103,2026-07-12,original_pdf_visual_review,原PDF冊子p.103の種見出し「Acer tataricum subsp. aidzuense」を目視確認。属見出しは「カエデ属 Acer」。現行scientific_nameはOCR誤りのためreplace。 独立した2回の原PDF画像照合で一致した。
wildplants-taxonomy-followup-0385,日本の野生植物 第2巻,日本の野生植物 2- ミゾハコベ科～スイカズラ科 ―フィールド版―改訂新版.pdf,2d104638c72cbfc58f17ab38223bce3d7798f72abc2d14fa4495a3a7546f3b12,ハナノキ,possible_ocr_latin_typo_against_ylist,Acer pyenanthum,Acer pycnanthum,correct_ocr,Acer pycnanthum,52,103,2026-07-12,original_pdf_visual_review,原PDF冊子p.103の種見出し「Acer pycnanthum」を目視確認。属見出しは「カエデ属 Acer」。現行scientific_nameはOCR誤りのためreplace。 独立した2回の原PDF画像照合で一致した。
wildplants-taxonomy-followup-0386,日本の野生植物 第2巻,日本の野生植物 2- ミゾハコベ科～スイカズラ科 ―フィールド版―改訂新版.pdf,2d104638c72cbfc58f17ab38223bce3d7798f72abc2d14fa4495a3a7546f3b12,メグスリノキ,possible_ocr_latin_typo_against_ylist,Acer masimowiezianum,Acer maximowiczianum,correct_ocr,Acer maximowiczianum,54,106,2026-07-12,original_pdf_visual_review,原PDF冊子p.106の種見出し「Acer maximowiczianum」を目視確認。属見出しは「カエデ属 Acer」。現行scientific_nameはOCR誤りのためreplace。 独立した2回の原PDF画像照合で一致した。
wildplants-taxonomy-followup-0387,日本の野生植物 第2巻,日本の野生植物 2- ミゾハコベ科～スイカズラ科 ―フィールド版―改訂新版.pdf,2d104638c72cbfc58f17ab38223bce3d7798f72abc2d14fa4495a3a7546f3b12,マツカゼソウ,possible_ocr_latin_typo_against_ylist,Boenninghausenia albillora,Boenninghausenia albiflora var. japonica,correct_ocr,Boenninghausenia albiflora var. japonica,55,109,2026-07-12,original_pdf_visual_review,原PDF冊子p.109の種見出し「Boenninghausenia albiflora var. japonica」を目視確認。属見出しは「マツカゼソウ属 Boenninghausenia」。現行scientific_nameはOCR誤りのためreplace。 独立した2回の原PDF画像照合で一致した。
wildplants-taxonomy-followup-0388,日本の野生植物 第2巻,日本の野生植物 2- ミゾハコベ科～スイカズラ科 ―フィールド版―改訂新版.pdf,2d104638c72cbfc58f17ab38223bce3d7798f72abc2d14fa4495a3a7546f3b12,ムクロジ,possible_ocr_latin_typo_against_ylist,Sapindas mukorossi,Sapindus mukorossi,correct_ocr,Sapindus mukorossi,55,108,2026-07-12,original_pdf_visual_review,原PDF冊子p.108の種見出し「Sapindus mukorossi」を目視確認。属見出しは「ムクロジ属 Sapindus」。現行scientific_nameはOCR誤りのためreplace。 独立した2回の原PDF画像照合で一致した。
wildplants-taxonomy-followup-0389,日本の野生植物 第2巻,日本の野生植物 2- ミゾハコベ科～スイカズラ科 ―フィールド版―改訂新版.pdf,2d104638c72cbfc58f17ab38223bce3d7798f72abc2d14fa4495a3a7546f3b12,ハナシンボウギ,possible_ocr_latin_typo_against_ylist,Glyeosmis parviflora,Glycosmis parviflora,correct_ocr,Glycosmis parviflora,56,110,2026-07-12,original_pdf_visual_review,原PDF冊子p.110の種見出し「Glycosmis parviflora」を目視確認。属見出しは「ハナシンボウギ属 Glycosmis」。現行scientific_nameはOCR誤りのためreplace。 独立した2回の原PDF画像照合で一致した。
wildplants-taxonomy-followup-0390,日本の野生植物 第2巻,日本の野生植物 2- ミゾハコベ科～スイカズラ科 ―フィールド版―改訂新版.pdf,2d104638c72cbfc58f17ab38223bce3d7798f72abc2d14fa4495a3a7546f3b12,イヌザンショウ,possible_ocr_latin_typo_against_ylist,Zanthosylum sehinifolium,Zanthoxylum schinifolium var. schinifolium,correct_ocr,Zanthoxylum schinifolium var. schinifolium,58,114,2026-07-12,original_pdf_visual_review,原PDF冊子p.114の種見出し「Zanthoxylum schinifolium var. schinifolium」を目視確認。属見出しは「サンショウ属 Zanthoxylum」。現行scientific_nameはOCR誤りのためreplace。 独立した2回の原PDF画像照合で一致した。
wildplants-taxonomy-followup-0391,日本の野生植物 第2巻,日本の野生植物 2- ミゾハコベ科～スイカズラ科 ―フィールド版―改訂新版.pdf,2d104638c72cbfc58f17ab38223bce3d7798f72abc2d14fa4495a3a7546f3b12,カラスノゴマ,possible_ocr_latin_typo_against_ylist,Corchoropsis erenata,Corchoropsis crenata,correct_ocr,Corchoropsis crenata,60,119,2026-07-12,original_pdf_visual_review,原PDF冊子p.119の種見出し「Corchoropsis crenata」を目視確認。属見出しは「カラスノゴマ属 Corchoropsis」。現行scientific_nameはOCR誤りのためreplace。 独立した2回の原PDF画像照合で一致した。
wildplants-taxonomy-followup-0392,日本の野生植物 第2巻,日本の野生植物 2- ミゾハコベ科～スイカズラ科 ―フィールド版―改訂新版.pdf,2d104638c72cbfc58f17ab38223bce3d7798f72abc2d14fa4495a3a7546f3b12,ハマボウ,possible_ocr_latin_typo_against_ylist,Hibiseus hamabo,Hibiscus hamabo,correct_ocr,Hibiscus hamabo,62,123,2026-07-12,original_pdf_visual_review,原PDF冊子p.123の種見出し「Hibiscus hamabo」を目視確認。属見出しは「フヨウ属 Hibiscus」。現行scientific_nameはOCR誤りのためreplace。 独立した2回の原PDF画像照合で一致した。
wildplants-taxonomy-followup-0393,日本の野生植物 第2巻,日本の野生植物 2- ミゾハコベ科～スイカズラ科 ―フィールド版―改訂新版.pdf,2d104638c72cbfc58f17ab38223bce3d7798f72abc2d14fa4495a3a7546f3b12,フヨウ,possible_ocr_latin_typo_against_ylist,Hibiseus mutabilis,Hibiscus mutabilis,correct_ocr,Hibiscus mutabilis,62,122,2026-07-12,original_pdf_visual_review,原PDF冊子p.122の種見出し「Hibiscus mutabilis」を目視確認。属見出しは「フヨウ属 Hibiscus」。現行scientific_nameはOCR誤りのためreplace。 独立した2回の原PDF画像照合で一致した。
wildplants-taxonomy-followup-0394,日本の野生植物 第2巻,日本の野生植物 2- ミゾハコベ科～スイカズラ科 ―フィールド版―改訂新版.pdf,2d104638c72cbfc58f17ab38223bce3d7798f72abc2d14fa4495a3a7546f3b12,ムクゲ,possible_ocr_latin_typo_against_ylist,Hibiseus syriacus,Hibiscus syriacus,correct_ocr,Hibiscus syriacus,62,123,2026-07-12,original_pdf_visual_review,原PDF冊子p.123の種見出し「Hibiscus syriacus」を目視確認。属見出しは「フヨウ属 Hibiscus」。現行scientific_nameはOCR誤りのためreplace。 独立した2回の原PDF画像照合で一致した。
wildplants-taxonomy-followup-0395,日本の野生植物 第2巻,日本の野生植物 2- ミゾハコベ科～スイカズラ科 ―フィールド版―改訂新版.pdf,2d104638c72cbfc58f17ab38223bce3d7798f72abc2d14fa4495a3a7546f3b12,ヘラノキ,possible_ocr_latin_typo_against_ylist,Tiia kiusiana,Tilia kiusiana,correct_ocr,Tilia kiusiana,63,125,2026-07-12,original_pdf_visual_review,原PDF冊子p.125の種見出し「Tilia kiusiana」を目視確認。属見出しは「シナノキ属 Tilia」。現行scientific_nameはOCR誤りのためreplace。 独立した2回の原PDF画像照合で一致した。
wildplants-taxonomy-followup-0396,日本の野生植物 第2巻,日本の野生植物 2- ミゾハコベ科～スイカズラ科 ―フィールド版―改訂新版.pdf,2d104638c72cbfc58f17ab38223bce3d7798f72abc2d14fa4495a3a7546f3b12,ギョボク,possible_ocr_latin_typo_against_ylist,Crateya formosensis,Crateva formosensis,correct_ocr,Crateva formosensis,67,132,2026-07-12,original_pdf_visual_review,原PDF冊子p.132の種見出し「Crateva formosensis」を目視確認。属見出しは「ギョボク属 Crateva」。現行scientific_nameはOCR誤りのためreplace。 独立した2回の原PDF画像照合で一致した。
wildplants-taxonomy-followup-0397,日本の野生植物 第2巻,日本の野生植物 2- ミゾハコベ科～スイカズラ科 ―フィールド版―改訂新版.pdf,2d104638c72cbfc58f17ab38223bce3d7798f72abc2d14fa4495a3a7546f3b12,ハクサンハタザオ,ylist_family_latin_conflict,BRASSICACEAE,Brassicaceae (Cruciferae),keep_source,BRASSICACEAE,70,139,2026-07-12,original_pdf_visual_review,原PDF画像の冊子p.139で「ハクサンハタザオ」の種見出しと欄外の科名を目視確認。科見出しは冊子p.133「アブラナ科 BRASSICACEAE (CRUCIFERAE)」で、現行の主科名BRASSICACEAEと一致（括弧内のCRUCIFERAEは異名）。
wildplants-taxonomy-followup-0398,日本の野生植物 第2巻,日本の野生植物 2- ミゾハコベ科～スイカズラ科 ―フィールド版―改訂新版.pdf,2d104638c72cbfc58f17ab38223bce3d7798f72abc2d14fa4495a3a7546f3b12,ミヤマハタザオ,possible_ocr_latin_typo_against_ylist,Arabidopsis kamchatiea,Arabidopsis kamchatica subsp. kamchatica,correct_ocr,Arabidopsis kamchatica subsp. kamchatica,70,139,2026-07-12,original_pdf_visual_review,原PDF冊子p.139の種見出し「Arabidopsis kamchatica subsp. kamchatica」を目視確認。属見出しは「シロイヌナズナ属 Arabidopsis」。現行scientific_nameはOCR誤りのためreplace。 独立した2回の原PDF画像照合で一致した。
wildplants-taxonomy-followup-0399,日本の野生植物 第2巻,日本の野生植物 2- ミゾハコベ科～スイカズラ科 ―フィールド版―改訂新版.pdf,2d104638c72cbfc58f17ab38223bce3d7798f72abc2d14fa4495a3a7546f3b12,ミヤマハタザオ,ylist_family_latin_conflict,BRASSICACEAE,Brassicaceae (Cruciferae),keep_source,BRASSICACEAE,70,139,2026-07-12,original_pdf_visual_review,原PDF画像の冊子p.139で「ミヤマハタザオ」の種見出しと欄外の科名を目視確認。科見出しは冊子p.133「アブラナ科 BRASSICACEAE (CRUCIFERAE)」で、現行の主科名BRASSICACEAEと一致（括弧内のCRUCIFERAEは異名）。
wildplants-taxonomy-followup-0400,日本の野生植物 第2巻,日本の野生植物 2- ミゾハコベ科～スイカズラ科 ―フィールド版―改訂新版.pdf,2d104638c72cbfc58f17ab38223bce3d7798f72abc2d14fa4495a3a7546f3b12,ハマハタザオ,ylist_family_latin_conflict,BRASSICACEAE,Brassicaceae (Cruciferae),keep_source,BRASSICACEAE,71,140,2026-07-12,original_pdf_visual_review,原PDF画像の冊子p.140で「ハマハタザオ」の種見出しと欄外の科名を目視確認。科見出しは冊子p.133「アブラナ科 BRASSICACEAE (CRUCIFERAE)」で、現行の主科名BRASSICACEAEと一致（括弧内のCRUCIFERAEは異名）。
wildplants-taxonomy-followup-0401,日本の野生植物 第2巻,日本の野生植物 2- ミゾハコベ科～スイカズラ科 ―フィールド版―改訂新版.pdf,2d104638c72cbfc58f17ab38223bce3d7798f72abc2d14fa4495a3a7546f3b12,フジハタザオ,ylist_family_latin_conflict,BRASSICACEAE,Brassicaceae (Cruciferae),keep_source,BRASSICACEAE,71,140,2026-07-12,original_pdf_visual_review,原PDF画像の冊子p.140で「フジハタザオ」の種見出しと欄外の科名を目視確認。科見出しは冊子p.133「アブラナ科 BRASSICACEAE (CRUCIFERAE)」で、現行の主科名BRASSICACEAEと一致（括弧内のCRUCIFERAEは異名）。
wildplants-taxonomy-followup-0402,日本の野生植物 第2巻,日本の野生植物 2- ミゾハコベ科～スイカズラ科 ―フィールド版―改訂新版.pdf,2d104638c72cbfc58f17ab38223bce3d7798f72abc2d14fa4495a3a7546f3b12,ヤマガラシ,ylist_family_latin_conflict,BRASSICACEAE,Brassicaceae (Cruciferae),keep_source,BRASSICACEAE,71,141,2026-07-12,original_pdf_visual_review,原PDF画像の冊子p.141で「ヤマガラシ」の種見出しと欄外の科名を目視確認。科見出しは冊子p.133「アブラナ科 BRASSICACEAE (CRUCIFERAE)」で、現行の主科名BRASSICACEAEと一致（括弧内のCRUCIFERAEは異名）。
wildplants-taxonomy-followup-0403,日本の野生植物 第2巻,日本の野生植物 2- ミゾハコベ科～スイカズラ科 ―フィールド版―改訂新版.pdf,2d104638c72cbfc58f17ab38223bce3d7798f72abc2d14fa4495a3a7546f3b12,ヤマハタザオ,ylist_family_latin_conflict,BRASSICACEAE,Brassicaceae (Cruciferae),keep_source,BRASSICACEAE,71,140,2026-07-12,original_pdf_visual_review,原PDF画像の冊子p.140で「ヤマハタザオ」の種見出しと欄外の科名を目視確認。科見出しは冊子p.133「アブラナ科 BRASSICACEAE (CRUCIFERAE)」で、現行の主科名BRASSICACEAEと一致（括弧内のCRUCIFERAEは異名）。
wildplants-taxonomy-followup-0404,日本の野生植物 第2巻,日本の野生植物 2- ミゾハコベ科～スイカズラ科 ―フィールド版―改訂新版.pdf,2d104638c72cbfc58f17ab38223bce3d7798f72abc2d14fa4495a3a7546f3b12,ナズナ,ylist_family_latin_conflict,BRASSICACEAE,Brassicaceae (Cruciferae),keep_source,BRASSICACEAE,72,142,2026-07-12,original_pdf_visual_review,原PDF画像の冊子p.142で「ナズナ」の種見出しと欄外の科名を目視確認。科見出しは冊子p.133「アブラナ科 BRASSICACEAE (CRUCIFERAE)」で、現行の主科名BRASSICACEAEと一致（括弧内のCRUCIFERAEは異名）。
wildplants-taxonomy-followup-0405,日本の野生植物 第2巻,日本の野生植物 2- ミゾハコベ科～スイカズラ科 ―フィールド版―改訂新版.pdf,2d104638c72cbfc58f17ab38223bce3d7798f72abc2d14fa4495a3a7546f3b12,エゾハタザオ,possible_ocr_latin_typo_against_ylist,Catolobus pendulus,Catolobus pendula,keep_source,Catolobus pendulus,73,145,2026-07-12,original_pdf_visual_review,原PDF冊子p.145の種見出し「Catolobus pendulus」を目視確認。属見出しは「エゾハタザオ属 Catolobus」。現行scientific_nameは原本どおりのためkeep。 独立した2回の原PDF画像照合で一致した。
wildplants-taxonomy-followup-0406,日本の野生植物 第2巻,日本の野生植物 2- ミゾハコベ科～スイカズラ科 ―フィールド版―改訂新版.pdf,2d104638c72cbfc58f17ab38223bce3d7798f72abc2d14fa4495a3a7546f3b12,エゾハタザオ,ylist_family_latin_conflict,BRASSICACEAE,Brassicaceae (Cruciferae),keep_source,BRASSICACEAE,73,145,2026-07-12,original_pdf_visual_review,原PDF画像の冊子p.145で「エゾハタザオ」の種見出しと欄外の科名を目視確認。科見出しは冊子p.133「アブラナ科 BRASSICACEAE (CRUCIFERAE)」で、現行の主科名BRASSICACEAEと一致（括弧内のCRUCIFERAEは異名）。
wildplants-taxonomy-followup-0407,日本の野生植物 第2巻,日本の野生植物 2- ミゾハコベ科～スイカズラ科 ―フィールド版―改訂新版.pdf,2d104638c72cbfc58f17ab38223bce3d7798f72abc2d14fa4495a3a7546f3b12,エゾワサビ,ylist_family_latin_conflict,BRASSICACEAE,Brassicaceae (Cruciferae),keep_source,BRASSICACEAE,73,145,2026-07-12,original_pdf_visual_review,原PDF画像の冊子p.145で「エゾワサビ」の種見出しと欄外の科名を目視確認。科見出しは冊子p.133「アブラナ科 BRASSICACEAE (CRUCIFERAE)」で、現行の主科名BRASSICACEAEと一致（括弧内のCRUCIFERAEは異名）。
wildplants-taxonomy-followup-0408,日本の野生植物 第2巻,日本の野生植物 2- ミゾハコベ科～スイカズラ科 ―フィールド版―改訂新版.pdf,2d104638c72cbfc58f17ab38223bce3d7798f72abc2d14fa4495a3a7546f3b12,オオバタネツケバナ,ylist_family_latin_conflict,BRASSICACEAE,Brassicaceae (Cruciferae),keep_source,BRASSICACEAE,73,145,2026-07-12,original_pdf_visual_review,原PDF画像の冊子p.145で「オオバタネツケバナ」の種見出しと欄外の科名を目視確認。科見出しは冊子p.133「アブラナ科 BRASSICACEAE (CRUCIFERAE)」で、現行の主科名BRASSICACEAEと一致（括弧内のCRUCIFERAEは異名）。
wildplants-taxonomy-followup-0409,日本の野生植物 第2巻,日本の野生植物 2- ミゾハコベ科～スイカズラ科 ―フィールド版―改訂新版.pdf,2d104638c72cbfc58f17ab38223bce3d7798f72abc2d14fa4495a3a7546f3b12,コンロンソウ,ylist_family_latin_conflict,BRASSICACEAE,Brassicaceae (Cruciferae),keep_source,BRASSICACEAE,73,145,2026-07-12,original_pdf_visual_review,原PDF画像の冊子p.145で「コンロンソウ」の種見出しと欄外の科名を目視確認。科見出しは冊子p.133「アブラナ科 BRASSICACEAE (CRUCIFERAE)」で、現行の主科名BRASSICACEAEと一致（括弧内のCRUCIFERAEは異名）。
wildplants-taxonomy-followup-0410,日本の野生植物 第2巻,日本の野生植物 2- ミゾハコベ科～スイカズラ科 ―フィールド版―改訂新版.pdf,2d104638c72cbfc58f17ab38223bce3d7798f72abc2d14fa4495a3a7546f3b12,ジャニンジン,ylist_family_latin_conflict,BRASSICACEAE,Brassicaceae (Cruciferae),keep_source,BRASSICACEAE,73,144,2026-07-12,original_pdf_visual_review,原PDF画像の冊子p.144で「ジャニンジン」の種見出しと欄外の科名を目視確認。科見出しは冊子p.133「アブラナ科 BRASSICACEAE (CRUCIFERAE)」で、現行の主科名BRASSICACEAEと一致（括弧内のCRUCIFERAEは異名）。
wildplants-taxonomy-followup-0411,日本の野生植物 第2巻,日本の野生植物 2- ミゾハコベ科～スイカズラ科 ―フィールド版―改訂新版.pdf,2d104638c72cbfc58f17ab38223bce3d7798f72abc2d14fa4495a3a7546f3b12,タネツケバナ,ylist_family_latin_conflict,BRASSICACEAE,Brassicaceae (Cruciferae),keep_source,BRASSICACEAE,73,145,2026-07-12,original_pdf_visual_review,原PDF画像の冊子p.145で「タネツケバナ」の種見出しと欄外の科名を目視確認。科見出しは冊子p.133「アブラナ科 BRASSICACEAE (CRUCIFERAE)」で、現行の主科名BRASSICACEAEと一致（括弧内のCRUCIFERAEは異名）。
wildplants-taxonomy-followup-0412,日本の野生植物 第2巻,日本の野生植物 2- ミゾハコベ科～スイカズラ科 ―フィールド版―改訂新版.pdf,2d104638c72cbfc58f17ab38223bce3d7798f72abc2d14fa4495a3a7546f3b12,ヒロハコンロンソウ,ylist_family_latin_conflict,BRASSICACEAE,Brassicaceae (Cruciferae),keep_source,BRASSICACEAE,73,144,2026-07-12,original_pdf_visual_review,原PDF画像の冊子p.144で「ヒロハコンロンソウ」の種見出しと欄外の科名を目視確認。科見出しは冊子p.133「アブラナ科 BRASSICACEAE (CRUCIFERAE)」で、現行の主科名BRASSICACEAEと一致（括弧内のCRUCIFERAEは異名）。
wildplants-taxonomy-followup-0413,日本の野生植物 第2巻,日本の野生植物 2- ミゾハコベ科～スイカズラ科 ―フィールド版―改訂新版.pdf,2d104638c72cbfc58f17ab38223bce3d7798f72abc2d14fa4495a3a7546f3b12,ミヤマタネツケバナ,ylist_family_latin_conflict,BRASSICACEAE,Brassicaceae (Cruciferae),keep_source,BRASSICACEAE,73,144,2026-07-12,original_pdf_visual_review,原PDF画像の冊子p.144で「ミヤマタネツケバナ」の種見出しと欄外の科名を目視確認。科見出しは冊子p.133「アブラナ科 BRASSICACEAE (CRUCIFERAE)」で、現行の主科名BRASSICACEAEと一致（括弧内のCRUCIFERAEは異名）。
wildplants-taxonomy-followup-0414,日本の野生植物 第2巻,日本の野生植物 2- ミゾハコベ科～スイカズラ科 ―フィールド版―改訂新版.pdf,2d104638c72cbfc58f17ab38223bce3d7798f72abc2d14fa4495a3a7546f3b12,イヌナズナ,ylist_family_latin_conflict,BRASSICACEAE,Brassicaceae (Cruciferae),keep_source,BRASSICACEAE,74,147,2026-07-12,original_pdf_visual_review,原PDF画像の冊子p.147で「イヌナズナ」の種見出しと欄外の科名を目視確認。科見出しは冊子p.133「アブラナ科 BRASSICACEAE (CRUCIFERAE)」で、現行の主科名BRASSICACEAEと一致（括弧内のCRUCIFERAEは異名）。
wildplants-taxonomy-followup-0415,日本の野生植物 第2巻,日本の野生植物 2- ミゾハコベ科～スイカズラ科 ―フィールド版―改訂新版.pdf,2d104638c72cbfc58f17ab38223bce3d7798f72abc2d14fa4495a3a7546f3b12,ワサビ,ylist_family_latin_conflict,BRASSICACEAE,Brassicaceae (Cruciferae),keep_source,BRASSICACEAE,75,149,2026-07-12,original_pdf_visual_review,原PDF画像の冊子p.149で「ワサビ」の種見出しと欄外の科名を目視確認。科見出しは冊子p.133「アブラナ科 BRASSICACEAE (CRUCIFERAE)」で、現行の主科名BRASSICACEAEと一致（括弧内のCRUCIFERAEは異名）。
wildplants-taxonomy-followup-0416,日本の野生植物 第2巻,日本の野生植物 2- ミゾハコベ科～スイカズラ科 ―フィールド版―改訂新版.pdf,2d104638c72cbfc58f17ab38223bce3d7798f72abc2d14fa4495a3a7546f3b12,オランダガラシ,possible_ocr_latin_typo_against_ylist,Nasturtium offeinale,Nasturtium officinale,correct_ocr,Nasturtium officinale,76,151,2026-07-12,original_pdf_visual_review,原PDF冊子p.151の種見出し「Nasturtium officinale」を目視確認。属見出しは「オランダガラシ属 Nasturtium」。現行scientific_nameはOCR誤りのためreplace。 独立した2回の原PDF画像照合で一致した。
wildplants-taxonomy-followup-0417,日本の野生植物 第2巻,日本の野生植物 2- ミゾハコベ科～スイカズラ科 ―フィールド版―改訂新版.pdf,2d104638c72cbfc58f17ab38223bce3d7798f72abc2d14fa4495a3a7546f3b12,オランダガラシ,ylist_family_latin_conflict,BRASSICACEAE,Brassicaceae (Cruciferae),keep_source,BRASSICACEAE,76,151,2026-07-12,original_pdf_visual_review,原PDF画像の冊子p.151で「オランダガラシ」の種見出しと欄外の科名を目視確認。科見出しは冊子p.133「アブラナ科 BRASSICACEAE (CRUCIFERAE)」で、現行の主科名BRASSICACEAEと一致（括弧内のCRUCIFERAEは異名）。
wildplants-taxonomy-followup-0418,日本の野生植物 第2巻,日本の野生植物 2- ミゾハコベ科～スイカズラ科 ―フィールド版―改訂新版.pdf,2d104638c72cbfc58f17ab38223bce3d7798f72abc2d14fa4495a3a7546f3b12,マメグンバイナズナ,ylist_family_latin_conflict,BRASSICACEAE,Brassicaceae (Cruciferae),keep_source,BRASSICACEAE,76,150,2026-07-12,original_pdf_visual_review,原PDF画像の冊子p.150で「マメグンバイナズナ」の種見出しと欄外の科名を目視確認。科見出しは冊子p.133「アブラナ科 BRASSICACEAE (CRUCIFERAE)」で、現行の主科名BRASSICACEAEと一致（括弧内のCRUCIFERAEは異名）。
wildplants-taxonomy-followup-0419,日本の野生植物 第2巻,日本の野生植物 2- ミゾハコベ科～スイカズラ科 ―フィールド版―改訂新版.pdf,2d104638c72cbfc58f17ab38223bce3d7798f72abc2d14fa4495a3a7546f3b12,イヌガラシ,ylist_family_latin_conflict,BRASSICACEAE,Brassicaceae (Cruciferae),keep_source,BRASSICACEAE,77,153,2026-07-12,original_pdf_visual_review,原PDF画像の冊子p.153で「イヌガラシ」の種見出しと欄外の科名を目視確認。科見出しは冊子p.133「アブラナ科 BRASSICACEAE (CRUCIFERAE)」で、現行の主科名BRASSICACEAEと一致（括弧内のCRUCIFERAEは異名）。
wildplants-taxonomy-followup-0420,日本の野生植物 第2巻,日本の野生植物 2- ミゾハコベ科～スイカズラ科 ―フィールド版―改訂新版.pdf,2d104638c72cbfc58f17ab38223bce3d7798f72abc2d14fa4495a3a7546f3b12,キバナハタザオ,ylist_family_latin_conflict,BRASSICACEAE,Brassicaceae (Cruciferae),keep_source,BRASSICACEAE,77,153,2026-07-12,original_pdf_visual_review,原PDF画像の冊子p.153で「キバナハタザオ」の種見出しと欄外の科名を目視確認。科見出しは冊子p.133「アブラナ科 BRASSICACEAE (CRUCIFERAE)」で、現行の主科名BRASSICACEAEと一致（括弧内のCRUCIFERAEは異名）。
wildplants-taxonomy-followup-0421,日本の野生植物 第2巻,日本の野生植物 2- ミゾハコベ科～スイカズラ科 ―フィールド版―改訂新版.pdf,2d104638c72cbfc58f17ab38223bce3d7798f72abc2d14fa4495a3a7546f3b12,スカシタゴボウ,ylist_family_latin_conflict,BRASSICACEAE,Brassicaceae (Cruciferae),keep_source,BRASSICACEAE,77,153,2026-07-12,original_pdf_visual_review,原PDF画像の冊子p.153で「スカシタゴボウ」の種見出しと欄外の科名を目視確認。科見出しは冊子p.133「アブラナ科 BRASSICACEAE (CRUCIFERAE)」で、現行の主科名BRASSICACEAEと一致（括弧内のCRUCIFERAEは異名）。
wildplants-taxonomy-followup-0422,日本の野生植物 第2巻,日本の野生植物 2- ミゾハコベ科～スイカズラ科 ―フィールド版―改訂新版.pdf,2d104638c72cbfc58f17ab38223bce3d7798f72abc2d14fa4495a3a7546f3b12,ハタザオ,ylist_family_latin_conflict,BRASSICACEAE,Brassicaceae (Cruciferae),keep_source,BRASSICACEAE,78,154,2026-07-12,original_pdf_visual_review,原PDF画像の冊子p.154で「ハタザオ」の種見出しと欄外の科名を目視確認。科見出しは冊子p.133「アブラナ科 BRASSICACEAE (CRUCIFERAE)」で、現行の主科名BRASSICACEAEと一致（括弧内のCRUCIFERAEは異名）。
wildplants-taxonomy-followup-0423,日本の野生植物 第2巻,日本の野生植物 2- ミゾハコベ科～スイカズラ科 ―フィールド版―改訂新版.pdf,2d104638c72cbfc58f17ab38223bce3d7798f72abc2d14fa4495a3a7546f3b12,ハナナズナ,ylist_family_latin_conflict,BRASSICACEAE,Brassicaceae (Cruciferae),keep_source,BRASSICACEAE,78,154,2026-07-12,original_pdf_visual_review,原PDF画像の冊子p.154で「ハナナズナ」の種見出しと欄外の科名を目視確認。科見出しは冊子p.133「アブラナ科 BRASSICACEAE (CRUCIFERAE)」で、現行の主科名BRASSICACEAEと一致（括弧内のCRUCIFERAEは異名）。
wildplants-taxonomy-followup-0424,日本の野生植物 第2巻,日本の野生植物 2- ミゾハコベ科～スイカズラ科 ―フィールド版―改訂新版.pdf,2d104638c72cbfc58f17ab38223bce3d7798f72abc2d14fa4495a3a7546f3b12,ボロボロノキ,possible_ocr_latin_typo_against_ylist,Sehoepfia jasminodora,Schoepfia jasminodora,correct_ocr,Schoepfia jasminodora,82,162,2026-07-12,original_pdf_visual_review,原PDF冊子p.162の種見出し「Schoepfia jasminodora」を目視確認。属見出しは「ボロボロノキ属 Schoepfia」。現行scientific_nameはOCR誤りのためreplace。 独立した2回の原PDF画像照合で一致した。
wildplants-taxonomy-followup-0425,日本の野生植物 第2巻,日本の野生植物 2- ミゾハコベ科～スイカズラ科 ―フィールド版―改訂新版.pdf,2d104638c72cbfc58f17ab38223bce3d7798f72abc2d14fa4495a3a7546f3b12,イタドリ,possible_ocr_latin_typo_against_ylist,Fallopia japoniea,Fallopia japonica,correct_ocr,Fallopia japonica var. japonica,85,168,2026-07-12,original_pdf_visual_review,原PDF冊子p.168の種見出し「Fallopia japonica var. japonica」を目視確認。属見出しは「ソバカズラ属 Fallopia」。現行scientific_nameはOCR誤りのためreplace。 独立した2回の原PDF画像照合で一致した。
wildplants-taxonomy-followup-0426,日本の野生植物 第2巻,日本の野生植物 2- ミゾハコベ科～スイカズラ科 ―フィールド版―改訂新版.pdf,2d104638c72cbfc58f17ab38223bce3d7798f72abc2d14fa4495a3a7546f3b12,ソバカズラ,possible_ocr_latin_typo_against_ylist,Fallopia convolyulus,Fallopia convolvulus,correct_ocr,Fallopia convolvulus,85,168,2026-07-12,original_pdf_visual_review,原PDF冊子p.168の種見出し「Fallopia convolvulus」を目視確認。属見出しは「ソバカズラ属 Fallopia」。現行scientific_nameはOCR誤りのためreplace。 独立した2回の原PDF画像照合で一致した。
wildplants-taxonomy-followup-0427,日本の野生植物 第2巻,日本の野生植物 2- ミゾハコベ科～スイカズラ科 ―フィールド版―改訂新版.pdf,2d104638c72cbfc58f17ab38223bce3d7798f72abc2d14fa4495a3a7546f3b12,ミズヒキ,possible_ocr_latin_typo_against_ylist,Persicaria fliformis,Persicaria filiformis,correct_ocr,Persicaria filiformis,87,172,2026-07-12,original_pdf_visual_review,原PDF冊子p.172の種見出し「Persicaria filiformis」を目視確認。属見出しは「イヌタデ属 Persicaria」。現行scientific_nameはOCR誤りのためreplace。 独立した2回の原PDF画像照合で一致した。
wildplants-taxonomy-followup-0428,日本の野生植物 第2巻,日本の野生植物 2- ミゾハコベ科～スイカズラ科 ―フィールド版―改訂新版.pdf,2d104638c72cbfc58f17ab38223bce3d7798f72abc2d14fa4495a3a7546f3b12,ミゾソバ,possible_ocr_latin_typo_against_ylist,Persiearia thunbergii,Persicaria thunbergii var. thunbergii,correct_ocr,Persicaria thunbergii var. thunbergii,87,172,2026-07-12,original_pdf_visual_review,原PDF冊子p.172の種見出し「Persicaria thunbergii var. thunbergii」を目視確認。属見出しは「イヌタデ属 Persicaria」。現行scientific_nameはOCR誤りのためreplace。 独立した2回の原PDF画像照合で一致した。
wildplants-taxonomy-followup-0429,日本の野生植物 第2巻,日本の野生植物 2- ミゾハコベ科～スイカズラ科 ―フィールド版―改訂新版.pdf,2d104638c72cbfc58f17ab38223bce3d7798f72abc2d14fa4495a3a7546f3b12,ヒメスイバ,possible_ocr_latin_typo_against_ylist,Rumex aeetosella,Rumex acetosella subsp. pyrenaicus,correct_ocr,Rumex acetosella subsp. pyrenaicus,89,177,2026-07-12,original_pdf_visual_review,原PDF冊子p.177の種見出し「Rumex acetosella subsp. pyrenaicus」を目視確認。属見出しは「ギシギシ属 Rumex」。現行scientific_nameはOCR誤りのためreplace。 独立した2回の原PDF画像照合で一致した。
wildplants-taxonomy-followup-0430,日本の野生植物 第2巻,日本の野生植物 2- ミゾハコベ科～スイカズラ科 ―フィールド版―改訂新版.pdf,2d104638c72cbfc58f17ab38223bce3d7798f72abc2d14fa4495a3a7546f3b12,ミミナグサ,possible_ocr_latin_typo_against_ylist,Cerastiam fontanum,Cerastium fontanum subsp. vulgare var. angustifolium,correct_ocr,Cerastium fontanum subsp. vulgare var. angustifolium,92,183,2026-07-12,original_pdf_visual_review,原PDF冊子p.183の種見出し「Cerastium fontanum subsp. vulgare var. angustifolium」を目視確認。属見出しは「ミミナグサ属 Cerastium」。現行scientific_nameはOCR誤りのためreplace。 独立した2回の原PDF画像照合で一致した。
wildplants-taxonomy-followup-0431,日本の野生植物 第2巻,日本の野生植物 2- ミゾハコベ科～スイカズラ科 ―フィールド版―改訂新版.pdf,2d104638c72cbfc58f17ab38223bce3d7798f72abc2d14fa4495a3a7546f3b12,ナンバンハコベ,possible_ocr_latin_typo_against_ylist,Silene baeeifera,Silene baccifera var. japonica,correct_ocr,Silene baccifera var. japonica,95,189,2026-07-12,original_pdf_visual_review,原PDF冊子p.189の種見出し「Silene baccifera var. japonica」を目視確認。属見出しは「マンテマ属 Silene」。現行scientific_nameはOCR誤りのためreplace。 独立した2回の原PDF画像照合で一致した。
wildplants-taxonomy-followup-0432,日本の野生植物 第2巻,日本の野生植物 2- ミゾハコベ科～スイカズラ科 ―フィールド版―改訂新版.pdf,2d104638c72cbfc58f17ab38223bce3d7798f72abc2d14fa4495a3a7546f3b12,ウシハコベ,possible_ocr_latin_typo_against_ylist,Stellaria aguatiea,Stellaria aquatica,correct_ocr,Stellaria aquatica,97,192,2026-07-12,original_pdf_visual_review,原PDF冊子p.192の種見出し「Stellaria aquatica」を目視確認。属見出しは「ハコベ属 Stellaria」。現行scientific_nameはOCR誤りのためreplace。 独立した2回の原PDF画像照合で一致した。
wildplants-taxonomy-followup-0433,日本の野生植物 第2巻,日本の野生植物 2- ミゾハコベ科～スイカズラ科 ―フィールド版―改訂新版.pdf,2d104638c72cbfc58f17ab38223bce3d7798f72abc2d14fa4495a3a7546f3b12,ミドリハコベ,possible_ocr_latin_typo_against_ylist,Stellaria negleeta,Stellaria neglecta,correct_ocr,Stellaria neglecta,97,192,2026-07-12,original_pdf_visual_review,原PDF冊子p.192の種見出し「Stellaria neglecta」を目視確認。属見出しは「ハコベ属 Stellaria」。現行scientific_nameはOCR誤りのためreplace。 独立した2回の原PDF画像照合で一致した。
wildplants-taxonomy-followup-0434,日本の野生植物 第2巻,日本の野生植物 2- ミゾハコベ科～スイカズラ科 ―フィールド版―改訂新版.pdf,2d104638c72cbfc58f17ab38223bce3d7798f72abc2d14fa4495a3a7546f3b12,ハマアカザ,possible_ocr_latin_typo_against_ylist,Atriplex subeordata,Atriplex subcordata,correct_ocr,Atriplex subcordata,101,200,2026-07-12,original_pdf_visual_review,原PDF冊子p.200の種見出し「Atriplex subcordata」を目視確認。属見出しは「ハマアカザ属 Atriplex」。現行scientific_nameはOCR誤りのためreplace。 独立した2回の原PDF画像照合で一致した。
wildplants-taxonomy-followup-0435,日本の野生植物 第2巻,日本の野生植物 2- ミゾハコベ科～スイカズラ科 ―フィールド版―改訂新版.pdf,2d104638c72cbfc58f17ab38223bce3d7798f72abc2d14fa4495a3a7546f3b12,ゴゼンタチバナ,possible_ocr_latin_typo_against_ylist,Cormus canadensis,Cornus canadensis,correct_ocr,Cornus canadensis,108,214,2026-07-12,original_pdf_visual_review,原PDF冊子p.214の種見出し「Cornus canadensis」を目視確認。属見出しは「ミズキ属 Cornus」。現行scientific_nameはOCR誤りのためreplace。 独立した2回の原PDF画像照合で一致した。
wildplants-taxonomy-followup-0436,日本の野生植物 第2巻,日本の野生植物 2- ミゾハコベ科～スイカズラ科 ―フィールド版―改訂新版.pdf,2d104638c72cbfc58f17ab38223bce3d7798f72abc2d14fa4495a3a7546f3b12,ヤマボウシ,possible_ocr_latin_typo_against_ylist,Coruus kousa,Cornus kousa subsp. kousa,correct_ocr,Cornus kousa subsp. kousa,108,215,2026-07-12,original_pdf_visual_review,原PDF冊子p.215の種見出し「Cornus kousa subsp. kousa」を目視確認。属見出しは「ミズキ属 Cornus」。現行scientific_nameはOCR誤りのためreplace。 独立した2回の原PDF画像照合で一致した。
wildplants-taxonomy-followup-0437,日本の野生植物 第2巻,日本の野生植物 2- ミゾハコベ科～スイカズラ科 ―フィールド版―改訂新版.pdf,2d104638c72cbfc58f17ab38223bce3d7798f72abc2d14fa4495a3a7546f3b12,ウラジロウツギ,possible_ocr_latin_typo_against_ylist,Deutzia maximowieziana,Deutzia maximovicziana,correct_ocr,Deutzia maximowicziana,110,219,2026-07-12,original_pdf_visual_review,原PDF冊子p.219の種見出し「Deutzia maximowicziana」を目視確認。属見出しは「ウツギ属 Deutzia」。現行scientific_nameはOCR誤りのためreplace。 独立した2回の原PDF画像照合で一致した。
wildplants-taxonomy-followup-0438,日本の野生植物 第2巻,日本の野生植物 2- ミゾハコベ科～スイカズラ科 ―フィールド版―改訂新版.pdf,2d104638c72cbfc58f17ab38223bce3d7798f72abc2d14fa4495a3a7546f3b12,コウツギ,possible_ocr_latin_typo_against_ylist,Dentzia floribunda,Deutzia floribunda,correct_ocr,Deutzia floribunda,110,219,2026-07-12,original_pdf_visual_review,原PDF冊子p.219の種見出し「Deutzia floribunda」を目視確認。属見出しは「ウツギ属 Deutzia」。現行scientific_nameはOCR誤りのためreplace。 独立した2回の原PDF画像照合で一致した。
wildplants-taxonomy-followup-0439,日本の野生植物 第2巻,日本の野生植物 2- ミゾハコベ科～スイカズラ科 ―フィールド版―改訂新版.pdf,2d104638c72cbfc58f17ab38223bce3d7798f72abc2d14fa4495a3a7546f3b12,マルバウツギ,possible_ocr_latin_typo_against_ylist,Deutzia seabra,Deutzia scabra var. scabra,correct_ocr,Deutzia scabra var. scabra,110,218,2026-07-12,original_pdf_visual_review,原PDF冊子p.218の種見出し「Deutzia scabra var. scabra」を目視確認。属見出しは「ウツギ属 Deutzia」。現行scientific_nameはOCR誤りのためreplace。 独立した2回の原PDF画像照合で一致した。
wildplants-taxonomy-followup-0440,日本の野生植物 第2巻,日本の野生植物 2- ミゾハコベ科～スイカズラ科 ―フィールド版―改訂新版.pdf,2d104638c72cbfc58f17ab38223bce3d7798f72abc2d14fa4495a3a7546f3b12,サカキ,possible_ocr_latin_typo_against_ylist,Cleyera japoniea,Cleyera japonica,correct_ocr,Cleyera japonica,115,229,2026-07-12,original_pdf_visual_review,原PDF冊子p.229の種見出し「Cleyera japonica」を目視確認。属見出しは「サカキ属 Cleyera」。現行scientific_nameはOCR誤りのためreplace。 独立した2回の原PDF画像照合で一致した。
wildplants-taxonomy-followup-0441,日本の野生植物 第2巻,日本の野生植物 2- ミゾハコベ科～スイカズラ科 ―フィールド版―改訂新版.pdf,2d104638c72cbfc58f17ab38223bce3d7798f72abc2d14fa4495a3a7546f3b12,サカキ,ylist_family_conflict,サカキ科,モッコク科,keep_source,サカキ科,115,229,2026-07-12,original_pdf_visual_review,原PDF画像の冊子p.229で「サカキ」の種見出しと欄外の科名を目視確認。科見出しは冊子p.228「サカキ科 PENTAPHYLACACEAE」で、現行の科名・ラテン科名と一致。
wildplants-taxonomy-followup-0442,日本の野生植物 第2巻,日本の野生植物 2- ミゾハコベ科～スイカズラ科 ―フィールド版―改訂新版.pdf,2d104638c72cbfc58f17ab38223bce3d7798f72abc2d14fa4495a3a7546f3b12,サカキ,ylist_family_latin_conflict,PENTAPHYLACACEAE,Ternstroemiaceae,keep_source,PENTAPHYLACACEAE,115,229,2026-07-12,original_pdf_visual_review,原PDF画像の冊子p.229で「サカキ」の種見出しと欄外の科名を目視確認。科見出しは冊子p.228「サカキ科 PENTAPHYLACACEAE」で、現行の科名・ラテン科名と一致。
wildplants-taxonomy-followup-0443,日本の野生植物 第2巻,日本の野生植物 2- ミゾハコベ科～スイカズラ科 ―フィールド版―改訂新版.pdf,2d104638c72cbfc58f17ab38223bce3d7798f72abc2d14fa4495a3a7546f3b12,ハマヒサカキ,ylist_family_conflict,サカキ科,モッコク科,keep_source,サカキ科,116,230,2026-07-12,original_pdf_visual_review,原PDF画像の冊子p.230で「ハマヒサカキ」の種見出しと欄外の科名を目視確認。科見出しは冊子p.228「サカキ科 PENTAPHYLACACEAE」で、現行の科名・ラテン科名と一致。
wildplants-taxonomy-followup-0444,日本の野生植物 第2巻,日本の野生植物 2- ミゾハコベ科～スイカズラ科 ―フィールド版―改訂新版.pdf,2d104638c72cbfc58f17ab38223bce3d7798f72abc2d14fa4495a3a7546f3b12,ハマヒサカキ,ylist_family_latin_conflict,PENTAPHYLACACEAE,Ternstroemiaceae,keep_source,PENTAPHYLACACEAE,116,230,2026-07-12,original_pdf_visual_review,原PDF画像の冊子p.230で「ハマヒサカキ」の種見出しと欄外の科名を目視確認。科見出しは冊子p.228「サカキ科 PENTAPHYLACACEAE」で、現行の科名・ラテン科名と一致。
wildplants-taxonomy-followup-0445,日本の野生植物 第2巻,日本の野生植物 2- ミゾハコベ科～スイカズラ科 ―フィールド版―改訂新版.pdf,2d104638c72cbfc58f17ab38223bce3d7798f72abc2d14fa4495a3a7546f3b12,ヒサカキ,possible_ocr_latin_typo_against_ylist,Eurya japoniea,Eurya japonica var. japonica,correct_ocr,Eurya japonica,116,230,2026-07-12,original_pdf_visual_review,原PDF冊子p.230の種見出し「Eurya japonica」を目視確認。属見出しは「ヒサカキ属 Eurya」。現行scientific_nameはOCR誤りのためreplace。 独立した2回の原PDF画像照合で一致した。
wildplants-taxonomy-followup-0446,日本の野生植物 第2巻,日本の野生植物 2- ミゾハコベ科～スイカズラ科 ―フィールド版―改訂新版.pdf,2d104638c72cbfc58f17ab38223bce3d7798f72abc2d14fa4495a3a7546f3b12,ヒサカキ,ylist_family_conflict,サカキ科,モッコク科,keep_source,サカキ科,116,230,2026-07-12,original_pdf_visual_review,原PDF画像の冊子p.230で「ヒサカキ」の種見出しと欄外の科名を目視確認。科見出しは冊子p.228「サカキ科 PENTAPHYLACACEAE」で、現行の科名・ラテン科名と一致。
wildplants-taxonomy-followup-0447,日本の野生植物 第2巻,日本の野生植物 2- ミゾハコベ科～スイカズラ科 ―フィールド版―改訂新版.pdf,2d104638c72cbfc58f17ab38223bce3d7798f72abc2d14fa4495a3a7546f3b12,ヒサカキ,ylist_family_latin_conflict,PENTAPHYLACACEAE,Ternstroemiaceae,keep_source,PENTAPHYLACACEAE,116,230,2026-07-12,original_pdf_visual_review,原PDF画像の冊子p.230で「ヒサカキ」の種見出しと欄外の科名を目視確認。科見出しは冊子p.228「サカキ科 PENTAPHYLACACEAE」で、現行の科名・ラテン科名と一致。
wildplants-taxonomy-followup-0448,日本の野生植物 第2巻,日本の野生植物 2- ミゾハコベ科～スイカズラ科 ―フィールド版―改訂新版.pdf,2d104638c72cbfc58f17ab38223bce3d7798f72abc2d14fa4495a3a7546f3b12,ヤエヤマコクタン,possible_ocr_latin_typo_against_ylist,Diospyros egbert-walkeri Kosterm.,Diospyros egbertwalkeri,correct_ocr,Diospyros egbertwalkeri,117,233,2026-07-12,original_pdf_visual_review,原PDF冊子p.233の種見出し「Diospyros egbertwalkeri」を目視確認。属見出しは「カキノキ属 Diospyros」。現行scientific_nameはOCR誤りのためreplace。 独立した2回の原PDF画像照合で一致した。
wildplants-taxonomy-followup-0449,日本の野生植物 第2巻,日本の野生植物 2- ミゾハコベ科～スイカズラ科 ―フィールド版―改訂新版.pdf,2d104638c72cbfc58f17ab38223bce3d7798f72abc2d14fa4495a3a7546f3b12,シシアクチ,possible_ocr_latin_typo_against_ylist,Ardisia quinguegona,Ardisia quinquegona,correct_ocr,Ardisia quinquegona,119,237,2026-07-12,original_pdf_visual_review,原PDF冊子p.237の種見出し「Ardisia quinquegona」を目視確認。属見出しは「ヤブコウジ属 Ardisia」。現行scientific_nameはOCR誤りのためreplace。 独立した2回の原PDF画像照合で一致した。
wildplants-taxonomy-followup-0450,日本の野生植物 第2巻,日本の野生植物 2- ミゾハコベ科～スイカズラ科 ―フィールド版―改訂新版.pdf,2d104638c72cbfc58f17ab38223bce3d7798f72abc2d14fa4495a3a7546f3b12,モクタチバナ,possible_ocr_latin_typo_against_ylist,Ardisia sieboldi,Ardisia sieboldii,correct_ocr,Ardisia sieboldii,119,237,2026-07-12,original_pdf_visual_review,原PDF冊子p.237の種見出し「Ardisia sieboldii」を目視確認。属見出しは「ヤブコウジ属 Ardisia」。現行scientific_nameはOCR誤りのためreplace。 独立した2回の原PDF画像照合で一致した。
wildplants-taxonomy-followup-0451,日本の野生植物 第2巻,日本の野生植物 2- ミゾハコベ科～スイカズラ科 ―フィールド版―改訂新版.pdf,2d104638c72cbfc58f17ab38223bce3d7798f72abc2d14fa4495a3a7546f3b12,シマタイミンタチバナ,possible_ocr_latin_typo_against_ylist,Myrsine maximowiezii,Myrsine maximowiczii,correct_ocr,Myrsine maximowiczii,121,241,2026-07-12,original_pdf_visual_review,原PDF冊子p.241の種見出し「Myrsine maximowiczii」を目視確認。属見出しは「ツルマンリョウ属 Myrsine」。現行scientific_nameはOCR誤りのためreplace。 独立した2回の原PDF画像照合で一致した。
wildplants-taxonomy-followup-0452,日本の野生植物 第2巻,日本の野生植物 2- ミゾハコベ科～スイカズラ科 ―フィールド版―改訂新版.pdf,2d104638c72cbfc58f17ab38223bce3d7798f72abc2d14fa4495a3a7546f3b12,サザンカ,possible_ocr_latin_typo_against_ylist,Camellia sasangua,Camellia sasanqua,correct_ocr,Camellia sasanqua,124,246,2026-07-12,original_pdf_visual_review,原PDF冊子p.246の種見出し「Camellia sasanqua」を目視確認。属見出しは「ツバキ属 Camellia」。現行scientific_nameはOCR誤りのためreplace。 独立した2回の原PDF画像照合で一致した。
wildplants-taxonomy-followup-0453,日本の野生植物 第2巻,日本の野生植物 2- ミゾハコベ科～スイカズラ科 ―フィールド版―改訂新版.pdf,2d104638c72cbfc58f17ab38223bce3d7798f72abc2d14fa4495a3a7546f3b12,ナツツバキ,possible_ocr_latin_typo_against_ylist,Stewarfia pseudoeamellia,Stewartia pseudocamellia,correct_ocr,Stewartia pseudocamellia,124,247,2026-07-12,original_pdf_visual_review,原PDF冊子p.247の種見出し「Stewartia pseudocamellia」を目視確認。属見出しは「ナツツバキ属 Stewartia」。現行scientific_nameはOCR誤りのためreplace。 独立した2回の原PDF画像照合で一致した。
wildplants-taxonomy-followup-0454,日本の野生植物 第2巻,日本の野生植物 2- ミゾハコベ科～スイカズラ科 ―フィールド版―改訂新版.pdf,2d104638c72cbfc58f17ab38223bce3d7798f72abc2d14fa4495a3a7546f3b12,シロバイ,possible_ocr_latin_typo_against_ylist,Symploeos laneifolia,Symplocos lancifolia,correct_ocr,Symplocos lancifolia,126,250,2026-07-12,original_pdf_visual_review,原PDF冊子p.250の種見出し「Symplocos lancifolia」を目視確認。属見出しは「ハイノキ属 Symplocos」。現行scientific_nameはOCR誤りのためreplace。 独立した2回の原PDF画像照合で一致した。
wildplants-taxonomy-followup-0455,日本の野生植物 第2巻,日本の野生植物 2- ミゾハコベ科～スイカズラ科 ―フィールド版―改訂新版.pdf,2d104638c72cbfc58f17ab38223bce3d7798f72abc2d14fa4495a3a7546f3b12,ハイノキ,possible_ocr_latin_typo_against_ylist,Symploeos myrtacea,Symplocos myrtacea,correct_ocr,Symplocos myrtacea,126,250,2026-07-12,original_pdf_visual_review,原PDF冊子p.250の種見出し「Symplocos myrtacea」を目視確認。属見出しは「ハイノキ属 Symplocos」。現行scientific_nameはOCR誤りのためreplace。 独立した2回の原PDF画像照合で一致した。
wildplants-taxonomy-followup-0456,日本の野生植物 第2巻,日本の野生植物 2- ミゾハコベ科～スイカズラ科 ―フィールド版―改訂新版.pdf,2d104638c72cbfc58f17ab38223bce3d7798f72abc2d14fa4495a3a7546f3b12,ミミズバイ,possible_ocr_latin_typo_against_ylist,Symploeos glauea,Symplocos glauca,correct_ocr,Symplocos glauca,126,250,2026-07-12,original_pdf_visual_review,原PDF冊子p.250の種見出し「Symplocos glauca」を目視確認。属見出しは「ハイノキ属 Symplocos」。現行scientific_nameはOCR誤りのためreplace。 独立した2回の原PDF画像照合で一致した。
wildplants-taxonomy-followup-0457,日本の野生植物 第2巻,日本の野生植物 2- ミゾハコベ科～スイカズラ科 ―フィールド版―改訂新版.pdf,2d104638c72cbfc58f17ab38223bce3d7798f72abc2d14fa4495a3a7546f3b12,ホツツジ,possible_ocr_latin_typo_against_ylist,Eliottia panieulata,Elliottia paniculata,correct_ocr,Elliottia paniculata,133,264,2026-07-12,original_pdf_visual_review,原PDF冊子p.264の種見出し「Elliottia paniculata」を目視確認。属見出しは「ホツツジ属 Elliottia」。現行scientific_nameはOCR誤りのためreplace。 独立した2回の原PDF画像照合で一致した。
wildplants-taxonomy-followup-0458,日本の野生植物 第2巻,日本の野生植物 2- ミゾハコベ科～スイカズラ科 ―フィールド版―改訂新版.pdf,2d104638c72cbfc58f17ab38223bce3d7798f72abc2d14fa4495a3a7546f3b12,ミヤマホツツジ,possible_ocr_latin_typo_against_ylist,Eliottia braeteata,Elliottia bracteata,correct_ocr,Elliottia bracteata,133,264,2026-07-12,original_pdf_visual_review,原PDF冊子p.264の種見出し「Elliottia bracteata」を目視確認。属見出しは「ホツツジ属 Elliottia」。現行scientific_nameはOCR誤りのためreplace。 独立した2回の原PDF画像照合で一致した。
wildplants-taxonomy-followup-0459,日本の野生植物 第2巻,日本の野生植物 2- ミゾハコベ科～スイカズラ科 ―フィールド版―改訂新版.pdf,2d104638c72cbfc58f17ab38223bce3d7798f72abc2d14fa4495a3a7546f3b12,ウラジロヨウラク,possible_ocr_latin_typo_against_ylist,Rhododendron multillorum,Rhododendron multiflorum,correct_ocr,Rhododendron multiflorum var. multiflorum,136,271,2026-07-12,original_pdf_visual_review,原PDF冊子p.271の種見出し「Rhododendron multiflorum var. multiflorum」を目視確認。属見出しは「ツツジ属 Rhododendron」。現行scientific_nameはOCR誤りのためreplace。 独立照合間の階級・雑種記号差は、原PDF画像を再表示して確定した。
wildplants-taxonomy-followup-0460,日本の野生植物 第2巻,日本の野生植物 2- ミゾハコベ科～スイカズラ科 ―フィールド版―改訂新版.pdf,2d104638c72cbfc58f17ab38223bce3d7798f72abc2d14fa4495a3a7546f3b12,シロヤシオ,possible_ocr_latin_typo_against_ylist,Rhododendron quinguefolium,Rhododendron quinquefolium,correct_ocr,Rhododendron quinquefolium,136,270,2026-07-12,original_pdf_visual_review,原PDF冊子p.270の種見出し「Rhododendron quinquefolium」を目視確認。属見出しは「ツツジ属 Rhododendron」。現行scientific_nameはOCR誤りのためreplace。 独立した2回の原PDF画像照合で一致した。
wildplants-taxonomy-followup-0461,日本の野生植物 第2巻,日本の野生植物 2- ミゾハコベ科～スイカズラ科 ―フィールド版―改訂新版.pdf,2d104638c72cbfc58f17ab38223bce3d7798f72abc2d14fa4495a3a7546f3b12,ウラシマツツジ,possible_ocr_latin_typo_against_ylist,Aretous alpinus,Arctous alpinus var. japonicus,correct_ocr,Arctous alpinus var. japonicus,139,277,2026-07-12,original_pdf_visual_review,原PDF冊子p.277の種見出し「Arctous alpinus var. japonicus」を目視確認。属見出しは「ウラシマツツジ属 Arctous」。現行scientific_nameはOCR誤りのためreplace。 独立した2回の原PDF画像照合で一致した。
wildplants-taxonomy-followup-0462,日本の野生植物 第2巻,日本の野生植物 2- ミゾハコベ科～スイカズラ科 ―フィールド版―改訂新版.pdf,2d104638c72cbfc58f17ab38223bce3d7798f72abc2d14fa4495a3a7546f3b12,コメバツガザクラ,possible_ocr_latin_typo_against_ylist,Areterica nana,Arcterica nana,correct_ocr,Arcterica nana,139,277,2026-07-12,original_pdf_visual_review,原PDF冊子p.277の種見出し「Arcterica nana」を目視確認。属見出しは「コメバツガザクラ属 Arcterica」。現行scientific_nameはOCR誤りのためreplace。 独立した2回の原PDF画像照合で一致した。
wildplants-taxonomy-followup-0463,日本の野生植物 第2巻,日本の野生植物 2- ミゾハコベ科～スイカズラ科 ―フィールド版―改訂新版.pdf,2d104638c72cbfc58f17ab38223bce3d7798f72abc2d14fa4495a3a7546f3b12,サラサドウダン,possible_ocr_latin_typo_against_ylist,Eukianthus campanulatus,Enkianthus campanulatus,correct_ocr,Enkianthus campanulatus var. campanulatus,139,276,2026-07-12,original_pdf_visual_review,原PDF冊子p.276の種見出し「Enkianthus campanulatus var. campanulatus」を目視確認。属見出しは「ドウダンツツジ属 Enkianthus」。現行scientific_nameはOCR誤りのためreplace。 独立した2回の原PDF画像照合で一致した。
wildplants-taxonomy-followup-0464,日本の野生植物 第2巻,日本の野生植物 2- ミゾハコベ科～スイカズラ科 ―フィールド版―改訂新版.pdf,2d104638c72cbfc58f17ab38223bce3d7798f72abc2d14fa4495a3a7546f3b12,ギーマ,possible_ocr_latin_typo_against_ylist,Vaecinium wrightii,Vaccinium wrightii,correct_ocr,Vaccinium wrightii,141,281,2026-07-12,original_pdf_visual_review,原PDF冊子p.281の種見出し「Vaccinium wrightii」を目視確認。属見出しは「スノキ属 Vaccinium」。現行scientific_nameはOCR誤りのためreplace。 独立した2回の原PDF画像照合で一致した。
wildplants-taxonomy-followup-0465,日本の野生植物 第2巻,日本の野生植物 2- ミゾハコベ科～スイカズラ科 ―フィールド版―改訂新版.pdf,2d104638c72cbfc58f17ab38223bce3d7798f72abc2d14fa4495a3a7546f3b12,シャシャンボ,possible_ocr_latin_typo_against_ylist,Vaecinium braeteatum,Vaccinium bracteatum,correct_ocr,Vaccinium bracteatum,142,282,2026-07-12,original_pdf_visual_review,原PDF冊子p.282の種見出し「Vaccinium bracteatum」を目視確認。属見出しは「スノキ属 Vaccinium」。現行scientific_nameはOCR誤りのためreplace。 独立した2回の原PDF画像照合で一致した。
wildplants-taxonomy-followup-0466,日本の野生植物 第2巻,日本の野生植物 2- ミゾハコベ科～スイカズラ科 ―フィールド版―改訂新版.pdf,2d104638c72cbfc58f17ab38223bce3d7798f72abc2d14fa4495a3a7546f3b12,ツルコケモモ,possible_ocr_latin_typo_against_ylist,Vaccinium oxyeoceos,Vaccinium oxycoccos,correct_ocr,Vaccinium oxycoccos,142,283,2026-07-12,original_pdf_visual_review,原PDF冊子p.283の種見出し「Vaccinium oxycoccos」を目視確認。属見出しは「スノキ属 Vaccinium」。現行scientific_nameはOCR誤りのためreplace。 独立した2回の原PDF画像照合で一致した。
wildplants-taxonomy-followup-0467,日本の野生植物 第2巻,日本の野生植物 2- ミゾハコベ科～スイカズラ科 ―フィールド版―改訂新版.pdf,2d104638c72cbfc58f17ab38223bce3d7798f72abc2d14fa4495a3a7546f3b12,ナツハゼ,possible_ocr_latin_typo_against_ylist,Vaecinitum oldhami,Vaccinium oldhamii,correct_ocr,Vaccinium oldhamii,142,282,2026-07-12,original_pdf_visual_review,原PDF冊子p.282の種見出し「Vaccinium oldhamii」を目視確認。属見出しは「スノキ属 Vaccinium」。現行scientific_nameはOCR誤りのためreplace。 独立した2回の原PDF画像照合で一致した。
wildplants-taxonomy-followup-0468,日本の野生植物 第2巻,日本の野生植物 2- ミゾハコベ科～スイカズラ科 ―フィールド版―改訂新版.pdf,2d104638c72cbfc58f17ab38223bce3d7798f72abc2d14fa4495a3a7546f3b12,イワヒゲ,possible_ocr_latin_typo_against_ylist,Cassiope lyeopodioides,Cassiope lycopodioides,correct_ocr,Cassiope lycopodioides,143,284,2026-07-12,original_pdf_visual_review,原PDF冊子p.284の種見出し「Cassiope lycopodioides」を目視確認。属見出しは「イワヒゲ属 Cassiope」。現行scientific_nameはOCR誤りのためreplace。 独立した2回の原PDF画像照合で一致した。
wildplants-taxonomy-followup-0469,日本の野生植物 第2巻,日本の野生植物 2- ミゾハコベ科～スイカズラ科 ―フィールド版―改訂新版.pdf,2d104638c72cbfc58f17ab38223bce3d7798f72abc2d14fa4495a3a7546f3b12,ミサオノキ,possible_ocr_latin_typo_against_ylist,Aidia heuryi,Aidia henryi,correct_ocr,Aidia henryi,145,289,2026-07-12,original_pdf_visual_review,原PDF冊子p.289の種見出し「Aidia henryi」を目視確認。属見出しは「ミサオノキ属 Aidia」。現行scientific_nameはOCR誤りのためreplace。 独立した2回の原PDF画像照合で一致した。
wildplants-taxonomy-followup-0470,日本の野生植物 第2巻,日本の野生植物 2- ミゾハコベ科～スイカズラ科 ―フィールド版―改訂新版.pdf,2d104638c72cbfc58f17ab38223bce3d7798f72abc2d14fa4495a3a7546f3b12,オオバルリミノキ,possible_ocr_latin_typo_against_ylist,Lasianthus vertieilatus,Lasianthus verticillatus,correct_ocr,Lasianthus verticillatus,149,297,2026-07-12,original_pdf_visual_review,原PDF冊子p.297の種見出し「Lasianthus verticillatus」を目視確認。属見出しは「ルリミノキ属 Lasianthus」。現行scientific_nameはOCR誤りのためreplace。 独立した2回の原PDF画像照合で一致した。
wildplants-taxonomy-followup-0471,日本の野生植物 第2巻,日本の野生植物 2- ミゾハコベ科～スイカズラ科 ―フィールド版―改訂新版.pdf,2d104638c72cbfc58f17ab38223bce3d7798f72abc2d14fa4495a3a7546f3b12,マルバルリミノキ,possible_ocr_latin_typo_against_ylist,Lasianthus atteuuatus,Lasianthus attenuatus,correct_ocr,Lasianthus attenuatus,149,297,2026-07-12,original_pdf_visual_review,原PDF冊子p.297の種見出し「Lasianthus attenuatus」を目視確認。属見出しは「ルリミノキ属 Lasianthus」。現行scientific_nameはOCR誤りのためreplace。 独立した2回の原PDF画像照合で一致した。
wildplants-taxonomy-followup-0472,日本の野生植物 第2巻,日本の野生植物 2- ミゾハコベ科～スイカズラ科 ―フィールド版―改訂新版.pdf,2d104638c72cbfc58f17ab38223bce3d7798f72abc2d14fa4495a3a7546f3b12,コンロンカ,possible_ocr_latin_typo_against_ylist,Mussaenda parvillora,Mussaenda parviflora,correct_ocr,Mussaenda parviflora,150,299,2026-07-12,original_pdf_visual_review,原PDF冊子p.299の種見出し「Mussaenda parviflora」を目視確認。属見出しは「コンロンカ属 Mussaenda」。現行scientific_nameはOCR誤りのためreplace。 独立した2回の原PDF画像照合で一致した。
wildplants-taxonomy-followup-0473,日本の野生植物 第2巻,日本の野生植物 2- ミゾハコベ科～スイカズラ科 ―フィールド版―改訂新版.pdf,2d104638c72cbfc58f17ab38223bce3d7798f72abc2d14fa4495a3a7546f3b12,カギカズラ,possible_ocr_latin_typo_against_ylist,Unearia rlynchophylla,Uncaria rhynchophylla,correct_ocr,Uncaria rhynchophylla,153,305,2026-07-12,original_pdf_visual_review,原PDF冊子p.305の種見出し「Uncaria rhynchophylla」を目視確認。属見出しは「カギカズラ属 Uncaria」。現行scientific_nameはOCR誤りのためreplace。 独立した2回の原PDF画像照合で一致した。
wildplants-taxonomy-followup-0474,日本の野生植物 第2巻,日本の野生植物 2- ミゾハコベ科～スイカズラ科 ―フィールド版―改訂新版.pdf,2d104638c72cbfc58f17ab38223bce3d7798f72abc2d14fa4495a3a7546f3b12,ギョクシンカ,possible_ocr_latin_typo_against_ylist,Taremna kotoensis,Tarenna kotoensis var. gyokushinkwa,correct_ocr,Tarenna kotoensis,153,304,2026-07-12,original_pdf_visual_review,原PDF冊子p.304の種見出し「Tarenna kotoensis」を目視確認。属見出しは「ギョクシンカ属 Tarenna」。現行scientific_nameはOCR誤りのためreplace。 独立した2回の原PDF画像照合で一致した。
wildplants-taxonomy-followup-0475,日本の野生植物 第2巻,日本の野生植物 2- ミゾハコベ科～スイカズラ科 ―フィールド版―改訂新版.pdf,2d104638c72cbfc58f17ab38223bce3d7798f72abc2d14fa4495a3a7546f3b12,エゾリンドウ,possible_ocr_latin_typo_against_ylist,Gentiana trilora,Gentiana triflora var. japonica,correct_ocr,Gentiana triflora var. japonica,155,309,2026-07-12,original_pdf_visual_review,原PDF冊子p.309の種見出し「Gentiana triflora var. japonica」を目視確認。属見出しは「リンドウ属 Gentiana」。現行scientific_nameはOCR誤りのためreplace。 独立した2回の原PDF画像照合で一致した。
wildplants-taxonomy-followup-0476,日本の野生植物 第2巻,日本の野生植物 2- ミゾハコベ科～スイカズラ科 ―フィールド版―改訂新版.pdf,2d104638c72cbfc58f17ab38223bce3d7798f72abc2d14fa4495a3a7546f3b12,エゾリンドウ,ylist_family_conflict,アカネ科,リンドウ科,correct_ocr,リンドウ科,155,309,2026-07-12,original_pdf_visual_review,原PDF画像の冊子p.309で「エゾリンドウ」の種見出しと欄外の科名を目視確認。科見出しは冊子p.305「リンドウ科 GENTIANACEAE」で、現行値ではなく「リンドウ科 GENTIANACEAE」を採用。
wildplants-taxonomy-followup-0477,日本の野生植物 第2巻,日本の野生植物 2- ミゾハコベ科～スイカズラ科 ―フィールド版―改訂新版.pdf,2d104638c72cbfc58f17ab38223bce3d7798f72abc2d14fa4495a3a7546f3b12,エゾリンドウ,ylist_family_latin_conflict,RUBIACEAE,Gentianaceae,correct_ocr,GENTIANACEAE,155,309,2026-07-12,original_pdf_visual_review,原PDF画像の冊子p.309で「エゾリンドウ」の種見出しと欄外の科名を目視確認。科見出しは冊子p.305「リンドウ科 GENTIANACEAE」で、現行値ではなく「リンドウ科 GENTIANACEAE」を採用。
wildplants-taxonomy-followup-0478,日本の野生植物 第2巻,日本の野生植物 2- ミゾハコベ科～スイカズラ科 ―フィールド版―改訂新版.pdf,2d104638c72cbfc58f17ab38223bce3d7798f72abc2d14fa4495a3a7546f3b12,リンドウ,ylist_family_conflict,アカネ科,リンドウ科,correct_ocr,リンドウ科,155,309,2026-07-12,original_pdf_visual_review,原PDF画像の冊子p.309で「リンドウ」の種見出しと欄外の科名を目視確認。科見出しは冊子p.305「リンドウ科 GENTIANACEAE」で、現行値ではなく「リンドウ科 GENTIANACEAE」を採用。
wildplants-taxonomy-followup-0479,日本の野生植物 第2巻,日本の野生植物 2- ミゾハコベ科～スイカズラ科 ―フィールド版―改訂新版.pdf,2d104638c72cbfc58f17ab38223bce3d7798f72abc2d14fa4495a3a7546f3b12,リンドウ,ylist_family_latin_conflict,RUBIACEAE,Gentianaceae,correct_ocr,GENTIANACEAE,155,309,2026-07-12,original_pdf_visual_review,原PDF画像の冊子p.309で「リンドウ」の種見出しと欄外の科名を目視確認。科見出しは冊子p.305「リンドウ科 GENTIANACEAE」で、現行値ではなく「リンドウ科 GENTIANACEAE」を採用。
wildplants-taxonomy-followup-0480,日本の野生植物 第2巻,日本の野生植物 2- ミゾハコベ科～スイカズラ科 ―フィールド版―改訂新版.pdf,2d104638c72cbfc58f17ab38223bce3d7798f72abc2d14fa4495a3a7546f3b12,イケマ,possible_ocr_latin_typo_against_ylist,Cyuanchum candatum,Cynanchum caudatum,correct_ocr,Cynanchum caudatum var. caudatum,160,318,2026-07-12,original_pdf_visual_review,原PDF冊子p.318の種見出し「Cynanchum caudatum var. caudatum」を目視確認。属見出しは「イケマ属 Cynanchum」。現行scientific_nameはOCR誤りのためreplace。 独立した2回の原PDF画像照合で一致した。
wildplants-taxonomy-followup-0481,日本の野生植物 第2巻,日本の野生植物 2- ミゾハコベ科～スイカズラ科 ―フィールド版―改訂新版.pdf,2d104638c72cbfc58f17ab38223bce3d7798f72abc2d14fa4495a3a7546f3b12,コイケマ,possible_ocr_latin_typo_against_ylist,Cynanchum wilfordli,Cynanchum wilfordii,correct_ocr,Cynanchum wilfordii,160,318,2026-07-12,original_pdf_visual_review,原PDF冊子p.318の種見出し「Cynanchum wilfordii」を目視確認。属見出しは「イケマ属 Cynanchum」。現行scientific_nameはOCR誤りのためreplace。 独立した2回の原PDF画像照合で一致した。
wildplants-taxonomy-followup-0482,日本の野生植物 第2巻,日本の野生植物 2- ミゾハコベ科～スイカズラ科 ―フィールド版―改訂新版.pdf,2d104638c72cbfc58f17ab38223bce3d7798f72abc2d14fa4495a3a7546f3b12,サクララン,possible_ocr_latin_typo_against_ylist,Hoya caruosa,Hoya carnosa,correct_ocr,Hoya carnosa,160,319,2026-07-12,original_pdf_visual_review,原PDF冊子p.319の種見出し「Hoya carnosa」を目視確認。属見出しは「サクララン属 Hoya」。現行scientific_nameはOCR誤りのためreplace。 独立した2回の原PDF画像照合で一致した。
wildplants-taxonomy-followup-0483,日本の野生植物 第2巻,日本の野生植物 2- ミゾハコベ科～スイカズラ科 ―フィールド版―改訂新版.pdf,2d104638c72cbfc58f17ab38223bce3d7798f72abc2d14fa4495a3a7546f3b12,トウワタ,possible_ocr_latin_typo_against_ylist,Aselepias curassaviea,Asclepias curassavica,correct_ocr,Asclepias curassavica,160,318,2026-07-12,original_pdf_visual_review,原PDF冊子p.318の種見出し「Asclepias curassavica」を目視確認。属見出しは「トウワタ属 Asclepias」。現行scientific_nameはOCR誤りのためreplace。 独立した2回の原PDF画像照合で一致した。
wildplants-taxonomy-followup-0484,日本の野生植物 第2巻,日本の野生植物 2- ミゾハコベ科～スイカズラ科 ―フィールド版―改訂新版.pdf,2d104638c72cbfc58f17ab38223bce3d7798f72abc2d14fa4495a3a7546f3b12,ホウライカガミ,possible_ocr_latin_typo_against_ylist,Parsousia albofavescens,Parsonsia alboflavescens,correct_ocr,Parsonsia alboflavescens,161,321,2026-07-12,original_pdf_visual_review,原PDF冊子p.321の種見出し「Parsonsia alboflavescens」を目視確認。属見出しは「ホウライカガミ属 Parsonsia」。現行scientific_nameはOCR誤りのためreplace。 独立した2回の原PDF画像照合で一致した。
wildplants-taxonomy-followup-0485,日本の野生植物 第2巻,日本の野生植物 2- ミゾハコベ科～スイカズラ科 ―フィールド版―改訂新版.pdf,2d104638c72cbfc58f17ab38223bce3d7798f72abc2d14fa4495a3a7546f3b12,オオカモメヅル,possible_ocr_latin_typo_against_ylist,Vincetosieum aristolochioides,Vincetoxicum aristolochioides,correct_ocr,Vincetoxicum aristolochioides,163,325,2026-07-12,original_pdf_visual_review,原PDF冊子p.325の種見出し「Vincetoxicum aristolochioides」を目視確認。属見出しは「カモメヅル属 Vincetoxicum」。現行scientific_nameはOCR誤りのためreplace。 独立した2回の原PDF画像照合で一致した。
wildplants-taxonomy-followup-0486,日本の野生植物 第2巻,日本の野生植物 2- ミゾハコベ科～スイカズラ科 ―フィールド版―改訂新版.pdf,2d104638c72cbfc58f17ab38223bce3d7798f72abc2d14fa4495a3a7546f3b12,ナンゴクカモメヅル,possible_ocr_latin_typo_against_ylist,Vincetoxieum austrokiusianum,Vincetoxicum austrokiusianum,correct_ocr,Vincetoxicum austrokiusianum,163,325,2026-07-12,original_pdf_visual_review,原PDF冊子p.325の種見出し「Vincetoxicum austrokiusianum」を目視確認。属見出しは「カモメヅル属 Vincetoxicum」。現行scientific_nameはOCR誤りのためreplace。 独立した2回の原PDF画像照合で一致した。
wildplants-taxonomy-followup-0487,日本の野生植物 第2巻,日本の野生植物 2- ミゾハコベ科～スイカズラ科 ―フィールド版―改訂新版.pdf,2d104638c72cbfc58f17ab38223bce3d7798f72abc2d14fa4495a3a7546f3b12,コヒルガオ,ylist_family_conflict,キョウチクトウ科,ヒルガオ科,correct_ocr,ヒルガオ科,165,328,2026-07-12,original_pdf_visual_review,原PDF画像の冊子p.328で「コヒルガオ」の種見出しと欄外の科名を目視確認。科見出しは冊子p.326「ヒルガオ科 CONVOLVULACEAE」で、現行値ではなく「ヒルガオ科 CONVOLVULACEAE」を採用。
wildplants-taxonomy-followup-0488,日本の野生植物 第2巻,日本の野生植物 2- ミゾハコベ科～スイカズラ科 ―フィールド版―改訂新版.pdf,2d104638c72cbfc58f17ab38223bce3d7798f72abc2d14fa4495a3a7546f3b12,コヒルガオ,ylist_family_latin_conflict,APOCYNACEAE,Convolvulaceae,correct_ocr,CONVOLVULACEAE,165,328,2026-07-12,original_pdf_visual_review,原PDF画像の冊子p.328で「コヒルガオ」の種見出しと欄外の科名を目視確認。科見出しは冊子p.326「ヒルガオ科 CONVOLVULACEAE」で、現行値ではなく「ヒルガオ科 CONVOLVULACEAE」を採用。
wildplants-taxonomy-followup-0489,日本の野生植物 第2巻,日本の野生植物 2- ミゾハコベ科～スイカズラ科 ―フィールド版―改訂新版.pdf,2d104638c72cbfc58f17ab38223bce3d7798f72abc2d14fa4495a3a7546f3b12,ネナシカズラ,possible_ocr_latin_typo_against_ylist,Cuscuta japoniea,Cuscuta japonica,correct_ocr,Cuscuta japonica,165,329,2026-07-12,original_pdf_visual_review,原PDF冊子p.329の種見出し「Cuscuta japonica」を目視確認。属見出しは「ネナシカズラ属 Cuscuta」。現行scientific_nameはOCR誤りのためreplace。 独立した2回の原PDF画像照合で一致した。
wildplants-taxonomy-followup-0490,日本の野生植物 第2巻,日本の野生植物 2- ミゾハコベ科～スイカズラ科 ―フィールド版―改訂新版.pdf,2d104638c72cbfc58f17ab38223bce3d7798f72abc2d14fa4495a3a7546f3b12,ネナシカズラ,ylist_family_conflict,キョウチクトウ科,ヒルガオ科,correct_ocr,ヒルガオ科,165,329,2026-07-12,original_pdf_visual_review,原PDF画像の冊子p.329で「ネナシカズラ」の種見出しと欄外の科名を目視確認。科見出しは冊子p.326「ヒルガオ科 CONVOLVULACEAE」で、現行値ではなく「ヒルガオ科 CONVOLVULACEAE」を採用。
wildplants-taxonomy-followup-0491,日本の野生植物 第2巻,日本の野生植物 2- ミゾハコベ科～スイカズラ科 ―フィールド版―改訂新版.pdf,2d104638c72cbfc58f17ab38223bce3d7798f72abc2d14fa4495a3a7546f3b12,ネナシカズラ,ylist_family_latin_conflict,APOCYNACEAE,Convolvulaceae,correct_ocr,CONVOLVULACEAE,165,329,2026-07-12,original_pdf_visual_review,原PDF画像の冊子p.329で「ネナシカズラ」の種見出しと欄外の科名を目視確認。科見出しは冊子p.326「ヒルガオ科 CONVOLVULACEAE」で、現行値ではなく「ヒルガオ科 CONVOLVULACEAE」を採用。
wildplants-taxonomy-followup-0492,日本の野生植物 第2巻,日本の野生植物 2- ミゾハコベ科～スイカズラ科 ―フィールド版―改訂新版.pdf,2d104638c72cbfc58f17ab38223bce3d7798f72abc2d14fa4495a3a7546f3b12,ハマヒルガオ,ylist_family_conflict,キョウチクトウ科,ヒルガオ科,correct_ocr,ヒルガオ科,165,328,2026-07-12,original_pdf_visual_review,原PDF画像の冊子p.328で「ハマヒルガオ」の種見出しと欄外の科名を目視確認。科見出しは冊子p.326「ヒルガオ科 CONVOLVULACEAE」で、現行値ではなく「ヒルガオ科 CONVOLVULACEAE」を採用。
wildplants-taxonomy-followup-0493,日本の野生植物 第2巻,日本の野生植物 2- ミゾハコベ科～スイカズラ科 ―フィールド版―改訂新版.pdf,2d104638c72cbfc58f17ab38223bce3d7798f72abc2d14fa4495a3a7546f3b12,ハマヒルガオ,ylist_family_latin_conflict,APOCYNACEAE,Convolvulaceae,correct_ocr,CONVOLVULACEAE,165,328,2026-07-12,original_pdf_visual_review,原PDF画像の冊子p.328で「ハマヒルガオ」の種見出しと欄外の科名を目視確認。科見出しは冊子p.326「ヒルガオ科 CONVOLVULACEAE」で、現行値ではなく「ヒルガオ科 CONVOLVULACEAE」を採用。
wildplants-taxonomy-followup-0494,日本の野生植物 第2巻,日本の野生植物 2- ミゾハコベ科～スイカズラ科 ―フィールド版―改訂新版.pdf,2d104638c72cbfc58f17ab38223bce3d7798f72abc2d14fa4495a3a7546f3b12,ヒルガオ,ylist_family_conflict,キョウチクトウ科,ヒルガオ科,correct_ocr,ヒルガオ科,165,328,2026-07-12,original_pdf_visual_review,原PDF画像の冊子p.328で「ヒルガオ」の種見出しと欄外の科名を目視確認。科見出しは冊子p.326「ヒルガオ科 CONVOLVULACEAE」で、現行値ではなく「ヒルガオ科 CONVOLVULACEAE」を採用。
wildplants-taxonomy-followup-0495,日本の野生植物 第2巻,日本の野生植物 2- ミゾハコベ科～スイカズラ科 ―フィールド版―改訂新版.pdf,2d104638c72cbfc58f17ab38223bce3d7798f72abc2d14fa4495a3a7546f3b12,ヒルガオ,ylist_family_latin_conflict,APOCYNACEAE,Convolvulaceae,correct_ocr,CONVOLVULACEAE,165,328,2026-07-12,original_pdf_visual_review,原PDF画像の冊子p.328で「ヒルガオ」の種見出しと欄外の科名を目視確認。科見出しは冊子p.326「ヒルガオ科 CONVOLVULACEAE」で、現行値ではなく「ヒルガオ科 CONVOLVULACEAE」を採用。
wildplants-taxonomy-followup-0496,日本の野生植物 第2巻,日本の野生植物 2- ミゾハコベ科～スイカズラ科 ―フィールド版―改訂新版.pdf,2d104638c72cbfc58f17ab38223bce3d7798f72abc2d14fa4495a3a7546f3b12,アサガオ,ylist_family_conflict,キョウチクトウ科,ヒルガオ科,correct_ocr,ヒルガオ科,167,333,2026-07-12,original_pdf_visual_review,原PDF画像の冊子p.333で「アサガオ」の種見出しと欄外の科名を目視確認。科見出しは冊子p.326「ヒルガオ科 CONVOLVULACEAE」で、現行値ではなく「ヒルガオ科 CONVOLVULACEAE」を採用。
wildplants-taxonomy-followup-0497,日本の野生植物 第2巻,日本の野生植物 2- ミゾハコベ科～スイカズラ科 ―フィールド版―改訂新版.pdf,2d104638c72cbfc58f17ab38223bce3d7798f72abc2d14fa4495a3a7546f3b12,アサガオ,ylist_family_latin_conflict,APOCYNACEAE,Convolvulaceae,correct_ocr,CONVOLVULACEAE,167,333,2026-07-12,original_pdf_visual_review,原PDF画像の冊子p.333で「アサガオ」の種見出しと欄外の科名を目視確認。科見出しは冊子p.326「ヒルガオ科 CONVOLVULACEAE」で、現行値ではなく「ヒルガオ科 CONVOLVULACEAE」を採用。
wildplants-taxonomy-followup-0498,日本の野生植物 第2巻,日本の野生植物 2- ミゾハコベ科～スイカズラ科 ―フィールド版―改訂新版.pdf,2d104638c72cbfc58f17ab38223bce3d7798f72abc2d14fa4495a3a7546f3b12,グンバイヒルガオ,ylist_family_conflict,キョウチクトウ科,ヒルガオ科,correct_ocr,ヒルガオ科,167,332,2026-07-12,original_pdf_visual_review,原PDF画像の冊子p.332で「グンバイヒルガオ」の種見出しと欄外の科名を目視確認。科見出しは冊子p.326「ヒルガオ科 CONVOLVULACEAE」で、現行値ではなく「ヒルガオ科 CONVOLVULACEAE」を採用。
wildplants-taxonomy-followup-0499,日本の野生植物 第2巻,日本の野生植物 2- ミゾハコベ科～スイカズラ科 ―フィールド版―改訂新版.pdf,2d104638c72cbfc58f17ab38223bce3d7798f72abc2d14fa4495a3a7546f3b12,グンバイヒルガオ,ylist_family_latin_conflict,APOCYNACEAE,Convolvulaceae,correct_ocr,CONVOLVULACEAE,167,332,2026-07-12,original_pdf_visual_review,原PDF画像の冊子p.332で「グンバイヒルガオ」の種見出しと欄外の科名を目視確認。科見出しは冊子p.326「ヒルガオ科 CONVOLVULACEAE」で、現行値ではなく「ヒルガオ科 CONVOLVULACEAE」を採用。
wildplants-taxonomy-followup-0500,日本の野生植物 第2巻,日本の野生植物 2- ミゾハコベ科～スイカズラ科 ―フィールド版―改訂新版.pdf,2d104638c72cbfc58f17ab38223bce3d7798f72abc2d14fa4495a3a7546f3b12,ノアサガオ,possible_ocr_latin_typo_against_ylist,Ipomoea indiea,Ipomoea indica,correct_ocr,Ipomoea indica,167,333,2026-07-12,original_pdf_visual_review,原PDF冊子p.333の種見出し「Ipomoea indica」を目視確認。属見出しは「サツマイモ属 Ipomoea」。現行scientific_nameはOCR誤りのためreplace。 独立した2回の原PDF画像照合で一致した。
wildplants-taxonomy-followup-0501,日本の野生植物 第2巻,日本の野生植物 2- ミゾハコベ科～スイカズラ科 ―フィールド版―改訂新版.pdf,2d104638c72cbfc58f17ab38223bce3d7798f72abc2d14fa4495a3a7546f3b12,ノアサガオ,ylist_family_conflict,キョウチクトウ科,ヒルガオ科,correct_ocr,ヒルガオ科,167,333,2026-07-12,original_pdf_visual_review,原PDF画像の冊子p.333で「ノアサガオ」の種見出しと欄外の科名を目視確認。科見出しは冊子p.326「ヒルガオ科 CONVOLVULACEAE」で、現行値ではなく「ヒルガオ科 CONVOLVULACEAE」を採用。
wildplants-taxonomy-followup-0502,日本の野生植物 第2巻,日本の野生植物 2- ミゾハコベ科～スイカズラ科 ―フィールド版―改訂新版.pdf,2d104638c72cbfc58f17ab38223bce3d7798f72abc2d14fa4495a3a7546f3b12,ノアサガオ,ylist_family_latin_conflict,APOCYNACEAE,Convolvulaceae,correct_ocr,CONVOLVULACEAE,167,333,2026-07-12,original_pdf_visual_review,原PDF画像の冊子p.333で「ノアサガオ」の種見出しと欄外の科名を目視確認。科見出しは冊子p.326「ヒルガオ科 CONVOLVULACEAE」で、現行値ではなく「ヒルガオ科 CONVOLVULACEAE」を採用。
wildplants-taxonomy-followup-0503,日本の野生植物 第2巻,日本の野生植物 2- ミゾハコベ科～スイカズラ科 ―フィールド版―改訂新版.pdf,2d104638c72cbfc58f17ab38223bce3d7798f72abc2d14fa4495a3a7546f3b12,クコ,possible_ocr_latin_typo_against_ylist,Lyeium chinense,Lycium chinense,correct_ocr,Lycium chinense,170,338,2026-07-12,original_pdf_visual_review,原PDF冊子p.338の種見出し「Lycium chinense」を目視確認。属見出しは「クコ属 Lycium」。現行scientific_nameはOCR誤りのためreplace。 独立した2回の原PDF画像照合で一致した。
wildplants-taxonomy-followup-0504,日本の野生植物 第2巻,日本の野生植物 2- ミゾハコベ科～スイカズラ科 ―フィールド版―改訂新版.pdf,2d104638c72cbfc58f17ab38223bce3d7798f72abc2d14fa4495a3a7546f3b12,ハナイバナ,possible_ocr_latin_typo_against_ylist,Bothriospermum zeylanieum,Bothriospermum zeylanicum,correct_ocr,Bothriospermum zeylanicum,176,351,2026-07-12,original_pdf_visual_review,原PDF冊子p.351の種見出し「Bothriospermum zeylanicum」を目視確認。属見出しは「ハナイバナ属 Bothriospermum」。現行scientific_nameはOCR誤りのためreplace。 独立した2回の原PDF画像照合で一致した。
wildplants-taxonomy-followup-0505,日本の野生植物 第2巻,日本の野生植物 2- ミゾハコベ科～スイカズラ科 ―フィールド版―改訂新版.pdf,2d104638c72cbfc58f17ab38223bce3d7798f72abc2d14fa4495a3a7546f3b12,オオルリソウ,possible_ocr_latin_typo_against_ylist,Cynoglossum fureatum,Cynoglossum furcatum var. villosulum,correct_ocr,Cynoglossum furcatum var. villosulum,177,352,2026-07-12,original_pdf_visual_review,原PDF冊子p.352の種見出し「Cynoglossum furcatum var. villosulum」を目視確認。属見出しは「オオルリソウ属 Cynoglossum」。現行scientific_nameはOCR誤りのためreplace。 独立した2回の原PDF画像照合で一致した。
wildplants-taxonomy-followup-0506,日本の野生植物 第2巻,日本の野生植物 2- ミゾハコベ科～スイカズラ科 ―フィールド版―改訂新版.pdf,2d104638c72cbfc58f17ab38223bce3d7798f72abc2d14fa4495a3a7546f3b12,ハマベンケイソウ,possible_ocr_latin_typo_against_ylist,Mertensia maritima subsp. asiatica,Mertensia asiatica,keep_source,Mertensia maritima subsp. asiatica,177,353,2026-07-12,original_pdf_visual_review,原PDF冊子p.353の種見出し「Mertensia maritima subsp. asiatica」を目視確認。属見出しは「ハマベンケイソウ属 Mertensia」。現行scientific_nameは原本どおりのためkeep。 独立した2回の原PDF画像照合で一致した。
wildplants-taxonomy-followup-0507,日本の野生植物 第2巻,日本の野生植物 2- ミゾハコベ科～スイカズラ科 ―フィールド版―改訂新版.pdf,2d104638c72cbfc58f17ab38223bce3d7798f72abc2d14fa4495a3a7546f3b12,シシンラン,possible_ocr_latin_typo_against_ylist,Lysionotus paucillorus,Lysionotus pauciflorus,correct_ocr,Lysionotus pauciflorus,183,365,2026-07-12,original_pdf_visual_review,原PDF冊子p.365の種見出し「Lysionotus pauciflorus」を目視確認。属見出しは「シシンラン属 Lysionotus」。現行scientific_nameはOCR誤りのためreplace。 独立した2回の原PDF画像照合で一致した。
wildplants-taxonomy-followup-0508,日本の野生植物 第2巻,日本の野生植物 2- ミゾハコベ科～スイカズラ科 ―フィールド版―改訂新版.pdf,2d104638c72cbfc58f17ab38223bce3d7798f72abc2d14fa4495a3a7546f3b12,エゾヒナノウスツボ,possible_ocr_latin_typo_against_ylist,Serophularia alata,Scrophularia alata,correct_ocr,Scrophularia alata,193,384,2026-07-12,original_pdf_visual_review,原PDF冊子p.384の種見出し「Scrophularia alata」を目視確認。属見出しは「ゴマノハグサ属 Scrophularia」。現行scientific_nameはOCR誤りのためreplace。 独立した2回の原PDF画像照合で一致した。
wildplants-taxonomy-followup-0509,日本の野生植物 第2巻,日本の野生植物 2- ミゾハコベ科～スイカズラ科 ―フィールド版―改訂新版.pdf,2d104638c72cbfc58f17ab38223bce3d7798f72abc2d14fa4495a3a7546f3b12,ムラサキシキブ,possible_ocr_latin_typo_against_ylist,Calliearpa japoniea,Callicarpa japonica,correct_ocr,Callicarpa japonica var. japonica,198,394,2026-07-12,original_pdf_visual_review,原PDF冊子p.394の種見出し「Callicarpa japonica var. japonica」を目視確認。属見出しは「ムラサキシキブ属 Callicarpa」。現行scientific_nameはOCR誤りのためreplace。 独立照合間の階級・雑種記号差は、原PDF画像を再表示して確定した。
wildplants-taxonomy-followup-0510,日本の野生植物 第2巻,日本の野生植物 2- ミゾハコベ科～スイカズラ科 ―フィールド版―改訂新版.pdf,2d104638c72cbfc58f17ab38223bce3d7798f72abc2d14fa4495a3a7546f3b12,ニガクサ,possible_ocr_latin_typo_against_ylist,Teuerium japonicum,Teucrium japonicum,correct_ocr,Teucrium japonicum,201,400,2026-07-12,original_pdf_visual_review,原PDF冊子p.400の種見出し「Teucrium japonicum」を目視確認。属見出しは「ニガクサ属 Teucrium」。現行scientific_nameはOCR誤りのためreplace。 独立した2回の原PDF画像照合で一致した。
wildplants-taxonomy-followup-0511,日本の野生植物 第2巻,日本の野生植物 2- ミゾハコベ科～スイカズラ科 ―フィールド版―改訂新版.pdf,2d104638c72cbfc58f17ab38223bce3d7798f72abc2d14fa4495a3a7546f3b12,ナミキソウ,possible_ocr_latin_typo_against_ylist,Seutellaria strigillosa,Scutellaria strigillosa,correct_ocr,Scutellaria strigillosa,202,403,2026-07-12,original_pdf_visual_review,原PDF冊子p.403の種見出し「Scutellaria strigillosa」を目視確認。属見出しは「タツナミソウ属 Scutellaria」。現行scientific_nameはOCR誤りのためreplace。 独立した2回の原PDF画像照合で一致した。
wildplants-taxonomy-followup-0512,日本の野生植物 第2巻,日本の野生植物 2- ミゾハコベ科～スイカズラ科 ―フィールド版―改訂新版.pdf,2d104638c72cbfc58f17ab38223bce3d7798f72abc2d14fa4495a3a7546f3b12,テンニンソウ,possible_ocr_latin_typo_against_ylist,Comanthosphace japonica,Comanthospace japonica,keep_source,Comanthosphace japonica,204,406,2026-07-12,original_pdf_visual_review,原PDF冊子p.406の種見出し「Comanthosphace japonica」を目視確認。属見出しは「テンニンソウ属 Comanthosphace」。現行scientific_nameは原本どおりのためkeep。 独立した2回の原PDF画像照合で一致した。
wildplants-taxonomy-followup-0513,日本の野生植物 第2巻,日本の野生植物 2- ミゾハコベ科～スイカズラ科 ―フィールド版―改訂新版.pdf,2d104638c72cbfc58f17ab38223bce3d7798f72abc2d14fa4495a3a7546f3b12,メハジキ,possible_ocr_latin_typo_against_ylist,Leomurus japonieus,Leonurus japonicus,correct_ocr,Leonurus japonicus,206,410,2026-07-12,original_pdf_visual_review,原PDF冊子p.410の種見出し「Leonurus japonicus」を目視確認。属見出しは「メハジキ属 Leonurus」。現行scientific_nameはOCR誤りのためreplace。 独立した2回の原PDF画像照合で一致した。
wildplants-taxonomy-followup-0514,日本の野生植物 第2巻,日本の野生植物 2- ミゾハコベ科～スイカズラ科 ―フィールド版―改訂新版.pdf,2d104638c72cbfc58f17ab38223bce3d7798f72abc2d14fa4495a3a7546f3b12,イヌコウジュ,possible_ocr_latin_typo_against_ylist,Mosla seabra,Mosla scabra,correct_ocr,Mosla scabra,208,414,2026-07-12,original_pdf_visual_review,原PDF冊子p.414の種見出し「Mosla scabra」を目視確認。属見出しは「イヌコウジュ属 Mosla」。現行scientific_nameはOCR誤りのためreplace。 独立した2回の原PDF画像照合で一致した。
wildplants-taxonomy-followup-0515,日本の野生植物 第2巻,日本の野生植物 2- ミゾハコベ科～スイカズラ科 ―フィールド版―改訂新版.pdf,2d104638c72cbfc58f17ab38223bce3d7798f72abc2d14fa4495a3a7546f3b12,ミソガワソウ,possible_ocr_latin_typo_against_ylist,Nepeta subsessills,Nepeta subsessilis,correct_ocr,Nepeta subsessilis,211,420,2026-07-12,original_pdf_visual_review,原PDF冊子p.420の種見出し「Nepeta subsessilis」を目視確認。属見出しは「イヌハッカ属 Nepeta」。現行scientific_nameはOCR誤りのためreplace。 独立した2回の原PDF画像照合で一致した。
wildplants-taxonomy-followup-0516,日本の野生植物 第2巻,日本の野生植物 2- ミゾハコベ科～スイカズラ科 ―フィールド版―改訂新版.pdf,2d104638c72cbfc58f17ab38223bce3d7798f72abc2d14fa4495a3a7546f3b12,クロバナヒキオコシ,possible_ocr_latin_typo_against_ylist,Isodon trichoearpus,Isodon trichocarpus,correct_ocr,Isodon trichocarpus,213,424,2026-07-12,original_pdf_visual_review,原PDF冊子p.424の種見出し「Isodon trichocarpus」を目視確認。属見出しは「ヤマハッカ属 Isodon」。現行scientific_nameはOCR誤りのためreplace。 独立した2回の原PDF画像照合で一致した。
wildplants-taxonomy-followup-0517,日本の野生植物 第2巻,日本の野生植物 2- ミゾハコベ科～スイカズラ科 ―フィールド版―改訂新版.pdf,2d104638c72cbfc58f17ab38223bce3d7798f72abc2d14fa4495a3a7546f3b12,ヤマハッカ,possible_ocr_latin_typo_against_ylist,Isodon infexus,Isodon inflexus,correct_ocr,Isodon inflexus,213,424,2026-07-12,original_pdf_visual_review,原PDF冊子p.424の種見出し「Isodon inflexus」を目視確認。属見出しは「ヤマハッカ属 Isodon」。現行scientific_nameはOCR誤りのためreplace。 独立した2回の原PDF画像照合で一致した。
wildplants-taxonomy-followup-0518,日本の野生植物 第2巻,日本の野生植物 2- ミゾハコベ科～スイカズラ科 ―フィールド版―改訂新版.pdf,2d104638c72cbfc58f17ab38223bce3d7798f72abc2d14fa4495a3a7546f3b12,キツネノマゴ,possible_ocr_latin_typo_against_ylist,Justicia proeumbens,Justicia procumbens var. leucantha f. japonica,correct_ocr,Justicia procumbens var. procumbens,224,446,2026-07-12,original_pdf_visual_review,原PDF冊子p.446の種見出し「Justicia procumbens var. procumbens」を目視確認。属見出しは「キツネノマゴ属 Justicia」。現行scientific_nameはOCR誤りのためreplace。 独立した2回の原PDF画像照合で一致した。
wildplants-taxonomy-followup-0519,日本の野生植物 第2巻,日本の野生植物 2- ミゾハコベ科～スイカズラ科 ―フィールド版―改訂新版.pdf,2d104638c72cbfc58f17ab38223bce3d7798f72abc2d14fa4495a3a7546f3b12,スズムシバナ,possible_ocr_latin_typo_against_ylist,Stroblanthes oligantha,Strobilanthes oligantha,correct_ocr,Strobilanthes oligantha,225,449,2026-07-12,original_pdf_visual_review,原PDF冊子p.449の種見出し「Strobilanthes oligantha」を目視確認。属見出しは「イセハナビ属 Strobilanthes」。現行scientific_nameはOCR誤りのためreplace。 独立した2回の原PDF画像照合で一致した。
wildplants-taxonomy-followup-0520,日本の野生植物 第2巻,日本の野生植物 2- ミゾハコベ科～スイカズラ科 ―フィールド版―改訂新版.pdf,2d104638c72cbfc58f17ab38223bce3d7798f72abc2d14fa4495a3a7546f3b12,イワダレソウ,possible_ocr_latin_typo_against_ylist,Plyla nodiflora,Phyla nodiflora,correct_ocr,Phyla nodiflora,226,451,2026-07-12,original_pdf_visual_review,原PDF冊子p.451の種見出し「Phyla nodiflora」を目視確認。属見出しは「イワダレソウ属 Phyla」。現行scientific_nameはOCR誤りのためreplace。 独立した2回の原PDF画像照合で一致した。
wildplants-taxonomy-followup-0521,日本の野生植物 第2巻,日本の野生植物 2- ミゾハコベ科～スイカズラ科 ―フィールド版―改訂新版.pdf,2d104638c72cbfc58f17ab38223bce3d7798f72abc2d14fa4495a3a7546f3b12,ソヨゴ,possible_ocr_latin_typo_against_ylist,Iles pedunculosa,Ilex pedunculosa,correct_ocr,Ilex pedunculosa,228,455,2026-07-12,original_pdf_visual_review,原PDF冊子p.455の種見出し「Ilex pedunculosa」を目視確認。属見出しは「モチノキ属 Ilex」。現行scientific_nameはOCR誤りのためreplace。 独立した2回の原PDF画像照合で一致した。
wildplants-taxonomy-followup-0522,日本の野生植物 第2巻,日本の野生植物 2- ミゾハコベ科～スイカズラ科 ―フィールド版―改訂新版.pdf,2d104638c72cbfc58f17ab38223bce3d7798f72abc2d14fa4495a3a7546f3b12,モチノキ,possible_ocr_latin_typo_against_ylist,Iex integra,Ilex integra,correct_ocr,Ilex integra,228,455,2026-07-12,original_pdf_visual_review,原PDF冊子p.455の種見出し「Ilex integra」を目視確認。属見出しは「モチノキ属 Ilex」。現行scientific_nameはOCR誤りのためreplace。 独立した2回の原PDF画像照合で一致した。
wildplants-taxonomy-followup-0523,日本の野生植物 第2巻,日本の野生植物 2- ミゾハコベ科～スイカズラ科 ―フィールド版―改訂新版.pdf,2d104638c72cbfc58f17ab38223bce3d7798f72abc2d14fa4495a3a7546f3b12,アオハダ,possible_ocr_latin_typo_against_ylist,Ilex maeropoda,Ilex macropoda,correct_ocr,Ilex macropoda,229,457,2026-07-12,original_pdf_visual_review,原PDF冊子p.457の種見出し「Ilex macropoda」を目視確認。属見出しは「モチノキ属 Ilex」。現行scientific_nameはOCR誤りのためreplace。 独立した2回の原PDF画像照合で一致した。
wildplants-taxonomy-followup-0524,日本の野生植物 第2巻,日本の野生植物 2- ミゾハコベ科～スイカズラ科 ―フィールド版―改訂新版.pdf,2d104638c72cbfc58f17ab38223bce3d7798f72abc2d14fa4495a3a7546f3b12,ウメモドキ,possible_ocr_latin_typo_against_ylist,Iles serrata,Ilex serrata,correct_ocr,Ilex serrata,229,456,2026-07-12,original_pdf_visual_review,原PDF冊子p.456の種見出し「Ilex serrata」を目視確認。属見出しは「モチノキ属 Ilex」。現行scientific_nameはOCR誤りのためreplace。 独立した2回の原PDF画像照合で一致した。
wildplants-taxonomy-followup-0525,日本の野生植物 第2巻,日本の野生植物 2- ミゾハコベ科～スイカズラ科 ―フィールド版―改訂新版.pdf,2d104638c72cbfc58f17ab38223bce3d7798f72abc2d14fa4495a3a7546f3b12,タラヨウ,possible_ocr_latin_typo_against_ylist,Iex latifolia,Ilex latifolia,correct_ocr,Ilex latifolia,229,456,2026-07-12,original_pdf_visual_review,原PDF冊子p.456の種見出し「Ilex latifolia」を目視確認。属見出しは「モチノキ属 Ilex」。現行scientific_nameはOCR誤りのためreplace。 独立した2回の原PDF画像照合で一致した。
wildplants-taxonomy-followup-0526,日本の野生植物 第2巻,日本の野生植物 2- ミゾハコベ科～スイカズラ科 ―フィールド版―改訂新版.pdf,2d104638c72cbfc58f17ab38223bce3d7798f72abc2d14fa4495a3a7546f3b12,クサトベラ,possible_ocr_latin_typo_against_ylist,Seaevola taeeada,Scaevola taccada,correct_ocr,Scaevola taccada,234,466,2026-07-12,original_pdf_visual_review,原PDF冊子p.466の種見出し「Scaevola taccada」を目視確認。属見出しは「クサトベラ属 Scaevola」。現行scientific_nameはOCR誤りのためreplace。 独立した2回の原PDF画像照合で一致した。
wildplants-taxonomy-followup-0527,日本の野生植物 第2巻,日本の野生植物 2- ミゾハコベ科～スイカズラ科 ―フィールド版―改訂新版.pdf,2d104638c72cbfc58f17ab38223bce3d7798f72abc2d14fa4495a3a7546f3b12,ミヤコアザミ,possible_ocr_latin_typo_against_ylist,Saussurea maximowiezil,Saussurea maximowiczii,correct_ocr,Saussurea maximowiczii,256,510,2026-07-12,original_pdf_visual_review,原PDF冊子p.510の種見出し「Saussurea maximowiczii」を目視確認。属見出しは「トウヒレン属 Saussurea」。現行scientific_nameはOCR誤りのためreplace。 独立した2回の原PDF画像照合で一致した。
wildplants-taxonomy-followup-0528,日本の野生植物 第2巻,日本の野生植物 2- ミゾハコベ科～スイカズラ科 ―フィールド版―改訂新版.pdf,2d104638c72cbfc58f17ab38223bce3d7798f72abc2d14fa4495a3a7546f3b12,クロトウヒレン,possible_ocr_latin_typo_against_ylist,Saussurea sessilillora,Saussurea sessiliflora,correct_ocr,Saussurea sessiliflora,257,513,2026-07-12,original_pdf_visual_review,原PDF冊子p.513の種見出し「Saussurea sessiliflora」を目視確認。属見出しは「トウヒレン属 Saussurea」。現行scientific_nameはOCR誤りのためreplace。 独立した2回の原PDF画像照合で一致した。
wildplants-taxonomy-followup-0529,日本の野生植物 第2巻,日本の野生植物 2- ミゾハコベ科～スイカズラ科 ―フィールド版―改訂新版.pdf,2d104638c72cbfc58f17ab38223bce3d7798f72abc2d14fa4495a3a7546f3b12,ヤマボクチ,possible_ocr_latin_typo_against_ylist,Syuurus palmatopinnatifidus,Synurus palmatopinnatifidus var. indivisus,correct_ocr,Synurus palmatopinnatifidus var. indivisus,259,516,2026-07-12,original_pdf_visual_review,原PDF冊子p.516の種見出し「Synurus palmatopinnatifidus var. indivisus」を目視確認。属見出しは「ヤマボクチ属 Synurus」。現行scientific_nameはOCR誤りのためreplace。 独立した2回の原PDF画像照合で一致した。
wildplants-taxonomy-followup-0530,日本の野生植物 第2巻,日本の野生植物 2- ミゾハコベ科～スイカズラ科 ―フィールド版―改訂新版.pdf,2d104638c72cbfc58f17ab38223bce3d7798f72abc2d14fa4495a3a7546f3b12,ミヤマコウゾリナ,possible_ocr_latin_typo_against_ylist,Hieraeium japonieum,Hieracium japonicum,correct_ocr,Hieracium japonicum,260,519,2026-07-12,original_pdf_visual_review,原PDF冊子p.519の種見出し「Hieracium japonicum」を目視確認。属見出しは「ヤナギタンポポ属 Hieracium」。現行scientific_nameはOCR誤りのためreplace。 独立した2回の原PDF画像照合で一致した。
wildplants-taxonomy-followup-0531,日本の野生植物 第2巻,日本の野生植物 2- ミゾハコベ科～スイカズラ科 ―フィールド版―改訂新版.pdf,2d104638c72cbfc58f17ab38223bce3d7798f72abc2d14fa4495a3a7546f3b12,アキノノゲシ,possible_ocr_latin_typo_against_ylist,Lactuea indica,Lactuca indica var. laciniata,correct_ocr,Lactuca indica var. indica,263,524,2026-07-12,original_pdf_visual_review,原PDF冊子p.524の種見出し「Lactuca indica var. indica」を目視確認。属見出しは「アキノノゲシ属 Lactuca」。現行scientific_nameはOCR誤りのためreplace。 独立した2回の原PDF画像照合で一致した。
wildplants-taxonomy-followup-0532,日本の野生植物 第2巻,日本の野生植物 2- ミゾハコベ科～スイカズラ科 ―フィールド版―改訂新版.pdf,2d104638c72cbfc58f17ab38223bce3d7798f72abc2d14fa4495a3a7546f3b12,ワダンノキ,possible_ocr_latin_typo_against_ylist,Dendroeaealia erepidifolia,Dendrocacalia crepidifolia,correct_ocr,Dendrocacalia crepidifolia,268,535,2026-07-12,original_pdf_visual_review,原PDF冊子p.535の種見出し「Dendrocacalia crepidifolia」を目視確認。属見出しは「ワダンノキ属 Dendrocacalia」。現行scientific_nameはOCR誤りのためreplace。 独立した2回の原PDF画像照合で一致した。
wildplants-taxonomy-followup-0533,日本の野生植物 第2巻,日本の野生植物 2- ミゾハコベ科～スイカズラ科 ―フィールド版―改訂新版.pdf,2d104638c72cbfc58f17ab38223bce3d7798f72abc2d14fa4495a3a7546f3b12,タカネコウリンカ,possible_ocr_latin_typo_against_ylist,Teplroseris takedana,Tephroseris takedana,correct_ocr,Tephroseris takedana,274,546,2026-07-12,original_pdf_visual_review,原PDF冊子p.546の種見出し「Tephroseris takedana」を目視確認。属見出しは「オカオグルマ属 Tephroseris」。現行scientific_nameはOCR誤りのためreplace。 独立した2回の原PDF画像照合で一致した。
wildplants-taxonomy-followup-0534,日本の野生植物 第2巻,日本の野生植物 2- ミゾハコベ科～スイカズラ科 ―フィールド版―改訂新版.pdf,2d104638c72cbfc58f17ab38223bce3d7798f72abc2d14fa4495a3a7546f3b12,シラヤマギク,possible_ocr_latin_typo_against_ylist,Aster seaber,Aster scaber,correct_ocr,Aster scaber,275,549,2026-07-12,original_pdf_visual_review,原PDF冊子p.549の種見出し「Aster scaber」を目視確認。属見出しは「シオン属 Aster」。現行scientific_nameはOCR誤りのためreplace。 独立した2回の原PDF画像照合で一致した。
wildplants-taxonomy-followup-0535,日本の野生植物 第2巻,日本の野生植物 2- ミゾハコベ科～スイカズラ科 ―フィールド版―改訂新版.pdf,2d104638c72cbfc58f17ab38223bce3d7798f72abc2d14fa4495a3a7546f3b12,シオン,possible_ocr_latin_typo_against_ylist,Aster tatarieus,Aster tataricus,correct_ocr,Aster tataricus,276,551,2026-07-12,original_pdf_visual_review,原PDF冊子p.551の種見出し「Aster tataricus」を目視確認。属見出しは「シオン属 Aster」。現行scientific_nameはOCR誤りのためreplace。 独立した2回の原PDF画像照合で一致した。
wildplants-taxonomy-followup-0536,日本の野生植物 第2巻,日本の野生植物 2- ミゾハコベ科～スイカズラ科 ―フィールド版―改訂新版.pdf,2d104638c72cbfc58f17ab38223bce3d7798f72abc2d14fa4495a3a7546f3b12,ノコンギク,possible_ocr_latin_typo_against_ylist,Aster iierocephalus,Aster microcephalus var. ovatus,correct_ocr,Aster microcephalus var. ovatus,276,551,2026-07-12,original_pdf_visual_review,原PDF冊子p.551の種見出し「Aster microcephalus var. ovatus」を目視確認。属見出しは「シオン属 Aster」。現行scientific_nameはOCR誤りのためreplace。 独立した2回の原PDF画像照合で一致した。
wildplants-taxonomy-followup-0537,日本の野生植物 第2巻,日本の野生植物 2- ミゾハコベ科～スイカズラ科 ―フィールド版―改訂新版.pdf,2d104638c72cbfc58f17ab38223bce3d7798f72abc2d14fa4495a3a7546f3b12,オトコヨモギ,possible_ocr_latin_typo_against_ylist,Artemisia japoniea,Artemisia japonica,correct_ocr,Artemisia japonica subsp. japonica var. japonica,281,560,2026-07-12,original_pdf_visual_review,原PDF冊子p.560の種見出し「Artemisia japonica subsp. japonica var. japonica」を目視確認。属見出しは「ヨモギ属 Artemisia」。現行scientific_nameはOCR誤りのためreplace。 独立照合間の階級・雑種記号差は、原PDF画像を再表示して確定した。
wildplants-taxonomy-followup-0538,日本の野生植物 第2巻,日本の野生植物 2- ミゾハコベ科～スイカズラ科 ―フィールド版―改訂新版.pdf,2d104638c72cbfc58f17ab38223bce3d7798f72abc2d14fa4495a3a7546f3b12,オグルマ,possible_ocr_latin_typo_against_ylist,Iaula britamniea,Inula britannica subsp. japonica,correct_ocr,Inula britannica subsp. japonica,289,577,2026-07-12,original_pdf_visual_review,原PDF冊子p.577の種見出し「Inula britannica subsp. japonica」を目視確認。属見出しは「オグルマ属 Inula」。現行scientific_nameはOCR誤りのためreplace。 独立した2回の原PDF画像照合で一致した。
wildplants-taxonomy-followup-0539,日本の野生植物 第2巻,日本の野生植物 2- ミゾハコベ科～スイカズラ科 ―フィールド版―改訂新版.pdf,2d104638c72cbfc58f17ab38223bce3d7798f72abc2d14fa4495a3a7546f3b12,アメリカセンダングサ,possible_ocr_latin_typo_against_ylist,Bideus frondosa,Bidens frondosa,correct_ocr,Bidens frondosa,290,579,2026-07-12,original_pdf_visual_review,原PDF冊子p.579の種見出し「Bidens frondosa」を目視確認。属見出しは「センダングサ属 Bidens」。現行scientific_nameはOCR誤りのためreplace。 独立した2回の原PDF画像照合で一致した。
wildplants-taxonomy-followup-0540,日本の野生植物 第2巻,日本の野生植物 2- ミゾハコベ科～スイカズラ科 ―フィールド版―改訂新版.pdf,2d104638c72cbfc58f17ab38223bce3d7798f72abc2d14fa4495a3a7546f3b12,タウコギ,possible_ocr_latin_typo_against_ylist,Bidens triparfita,Bidens tripartita,correct_ocr,Bidens tripartita,290,579,2026-07-12,original_pdf_visual_review,原PDF冊子p.579の種見出し「Bidens tripartita」を目視確認。属見出しは「センダングサ属 Bidens」。現行scientific_nameはOCR誤りのためreplace。 独立した2回の原PDF画像照合で一致した。
wildplants-taxonomy-followup-0541,日本の野生植物 第2巻,日本の野生植物 2- ミゾハコベ科～スイカズラ科 ―フィールド版―改訂新版.pdf,2d104638c72cbfc58f17ab38223bce3d7798f72abc2d14fa4495a3a7546f3b12,ヨツバヒヨドリ,possible_ocr_latin_typo_against_ylist,Eupatorium glehnil,Eupatorium glehnii,correct_ocr,Eupatorium glehnii,295,588,2026-07-12,original_pdf_visual_review,原PDF冊子p.588の種見出し「Eupatorium glehnii」を目視確認。属見出しは「ヒヨドリバナ属 Eupatorium」。現行scientific_nameはOCR誤りのためreplace。 独立した2回の原PDF画像照合で一致した。
wildplants-taxonomy-followup-0542,日本の野生植物 第2巻,日本の野生植物 2- ミゾハコベ科～スイカズラ科 ―フィールド版―改訂新版.pdf,2d104638c72cbfc58f17ab38223bce3d7798f72abc2d14fa4495a3a7546f3b12,ヤマウコギ,possible_ocr_latin_typo_against_ylist,Eleutherocoeeus spinosus,Eleutherococcus spinosus var. spinosus,correct_ocr,Eleutherococcus spinosus var. spinosus,297,593,2026-07-12,original_pdf_visual_review,原PDF冊子p.593の種見出し「Eleutherococcus spinosus var. spinosus」を目視確認。属見出しは「ウコギ属 Eleutherococcus」。現行scientific_nameはOCR誤りのためreplace。 独立した2回の原PDF画像照合で一致した。
wildplants-taxonomy-followup-0543,日本の野生植物 第2巻,日本の野生植物 2- ミゾハコベ科～スイカズラ科 ―フィールド版―改訂新版.pdf,2d104638c72cbfc58f17ab38223bce3d7798f72abc2d14fa4495a3a7546f3b12,ハリギリ,possible_ocr_latin_typo_against_ylist,Kalopanas septemlobus,Kalopanax septemlobus,correct_ocr,Kalopanax septemlobus subsp. septemlobus,299,596,2026-07-12,original_pdf_visual_review,原PDF冊子p.596の種見出し「Kalopanax septemlobus subsp. septemlobus」を目視確認。属見出しは「ハリギリ属 Kalopanax」。現行scientific_nameはOCR誤りのためreplace。 独立した2回の原PDF画像照合で一致した。
wildplants-taxonomy-followup-0544,日本の野生植物 第2巻,日本の野生植物 2- ミゾハコベ科～スイカズラ科 ―フィールド版―改訂新版.pdf,2d104638c72cbfc58f17ab38223bce3d7798f72abc2d14fa4495a3a7546f3b12,ツボクサ,possible_ocr_latin_typo_against_ylist,Centella asiatiea,Centella asiatica,correct_ocr,Centella asiatica,301,600,2026-07-12,original_pdf_visual_review,原PDF冊子p.600の種見出し「Centella asiatica」を目視確認。属見出しは「ツボクサ属 Centella」。現行scientific_nameはOCR誤りのためreplace。 独立した2回の原PDF画像照合で一致した。
wildplants-taxonomy-followup-0545,日本の野生植物 第2巻,日本の野生植物 2- ミゾハコベ科～スイカズラ科 ―フィールド版―改訂新版.pdf,2d104638c72cbfc58f17ab38223bce3d7798f72abc2d14fa4495a3a7546f3b12,オオバセンキュウ,possible_ocr_latin_typo_against_ylist,Angeliea gennflexa,Angelica genuflexa,correct_ocr,Angelica genuflexa,302,603,2026-07-12,original_pdf_visual_review,原PDF冊子p.603の種見出し「Angelica genuflexa」を目視確認。属見出しは「シシウド属 Angelica」。現行scientific_nameはOCR誤りのためreplace。 独立した2回の原PDF画像照合で一致した。
wildplants-taxonomy-followup-0546,日本の野生植物 第2巻,日本の野生植物 2- ミゾハコベ科～スイカズラ科 ―フィールド版―改訂新版.pdf,2d104638c72cbfc58f17ab38223bce3d7798f72abc2d14fa4495a3a7546f3b12,ハマウド,possible_ocr_latin_typo_against_ylist,Anzelica japoniea,Angelica japonica,correct_ocr,Angelica japonica var. japonica,302,603,2026-07-12,original_pdf_visual_review,原PDF冊子p.603の種見出し「Angelica japonica var. japonica」を目視確認。属見出しは「シシウド属 Angelica」。現行scientific_nameはOCR誤りのためreplace。 独立した2回の原PDF画像照合で一致した。
wildplants-taxonomy-followup-0547,日本の野生植物 第2巻,日本の野生植物 2- ミゾハコベ科～スイカズラ科 ―フィールド版―改訂新版.pdf,2d104638c72cbfc58f17ab38223bce3d7798f72abc2d14fa4495a3a7546f3b12,トウキ,possible_ocr_latin_typo_against_ylist,Angelica aeutiloba,Angelica acutiloba,correct_ocr,Angelica acutiloba var. acutiloba,303,604,2026-07-12,original_pdf_visual_review,原PDF冊子p.604の種見出し「Angelica acutiloba var. acutiloba」を目視確認。属見出しは「シシウド属 Angelica」。現行scientific_nameはOCR誤りのためreplace。 独立した2回の原PDF画像照合で一致した。
wildplants-taxonomy-followup-0548,日本の野生植物 第2巻,日本の野生植物 2- ミゾハコベ科～スイカズラ科 ―フィールド版―改訂新版.pdf,2d104638c72cbfc58f17ab38223bce3d7798f72abc2d14fa4495a3a7546f3b12,セリ,possible_ocr_latin_typo_against_ylist,Oenanthe javaniea,Oenanthe javanica,correct_ocr,Oenanthe javanica subsp. javanica,305,609,2026-07-12,original_pdf_visual_review,原PDF冊子p.609の種見出し「Oenanthe javanica subsp. javanica」を目視確認。属見出しは「セリ属 Oenanthe」。現行scientific_nameはOCR誤りのためreplace。 独立した2回の原PDF画像照合で一致した。
wildplants-taxonomy-followup-0549,日本の野生植物 第2巻,日本の野生植物 2- ミゾハコベ科～スイカズラ科 ―フィールド版―改訂新版.pdf,2d104638c72cbfc58f17ab38223bce3d7798f72abc2d14fa4495a3a7546f3b12,ハナウド,possible_ocr_latin_typo_against_ylist,Heraeleum sphondylium,Heracleum sphondylium var. nipponicum,correct_ocr,Heracleum sphondylium subsp. sphondylium var. nipponicum,305,608,2026-07-12,original_pdf_visual_review,原PDF冊子p.608の種見出し「Heracleum sphondylium subsp. sphondylium var. nipponicum」を目視確認。属見出しは「ハナウド属 Heracleum」。現行scientific_nameはOCR誤りのためreplace。 独立した2回の原PDF画像照合で一致した。
wildplants-taxonomy-followup-0550,日本の野生植物 第2巻,日本の野生植物 2- ミゾハコベ科～スイカズラ科 ―フィールド版―改訂新版.pdf,2d104638c72cbfc58f17ab38223bce3d7798f72abc2d14fa4495a3a7546f3b12,ミヤマニンジン,possible_ocr_latin_typo_against_ylist,Osterieum florentii,Ostericum florentii,correct_ocr,Ostericum florentii,305,609,2026-07-12,original_pdf_visual_review,原PDF冊子p.609の種見出し「Ostericum florentii」を目視確認。属見出しは「ヤマゼリ属 Ostericum」。現行scientific_nameはOCR誤りのためreplace。 独立した2回の原PDF画像照合で一致した。
wildplants-taxonomy-followup-0551,日本の野生植物 第2巻,日本の野生植物 2- ミゾハコベ科～スイカズラ科 ―フィールド版―改訂新版.pdf,2d104638c72cbfc58f17ab38223bce3d7798f72abc2d14fa4495a3a7546f3b12,ハクサンボウフウ,possible_ocr_latin_typo_against_ylist,Peueedanum multivittatum,Peucedanum multivittatum,correct_ocr,Peucedanum multivittatum,306,610,2026-07-12,original_pdf_visual_review,原PDF冊子p.610の種見出し「Peucedanum multivittatum」を目視確認。属見出しは「ハクサンボウフウ属 Peucedanum」。現行scientific_nameはOCR誤りのためreplace。 独立した2回の原PDF画像照合で一致した。
wildplants-taxonomy-followup-0552,日本の野生植物 第2巻,日本の野生植物 2- ミゾハコベ科～スイカズラ科 ―フィールド版―改訂新版.pdf,2d104638c72cbfc58f17ab38223bce3d7798f72abc2d14fa4495a3a7546f3b12,ボタンボウフウ,possible_ocr_latin_typo_against_ylist,Peucedanu japonicum,Peucedanum japonicum var. japonicum,correct_ocr,Peucedanum japonicum,306,610,2026-07-12,original_pdf_visual_review,原PDF冊子p.610の種見出し「Peucedanum japonicum」を目視確認。属見出しは「ハクサンボウフウ属 Peucedanum」。現行scientific_nameはOCR誤りのためreplace。 独立した2回の原PDF画像照合で一致した。
wildplants-taxonomy-followup-0553,日本の野生植物 第2巻,日本の野生植物 2- ミゾハコベ科～スイカズラ科 ―フィールド版―改訂新版.pdf,2d104638c72cbfc58f17ab38223bce3d7798f72abc2d14fa4495a3a7546f3b12,シラネニンジン,possible_ocr_latin_typo_against_ylist,Tiingin ajanensis,Tilingia ajanensis,correct_ocr,Tilingia ajanensis,307,612,2026-07-12,original_pdf_visual_review,原PDF冊子p.612の種見出し「Tilingia ajanensis」を目視確認。属見出しは「シラネニンジン属 Tilingia」。現行scientific_nameはOCR誤りのためreplace。 独立した2回の原PDF画像照合で一致した。
wildplants-taxonomy-followup-0554,日本の野生植物 第2巻,日本の野生植物 2- ミゾハコベ科～スイカズラ科 ―フィールド版―改訂新版.pdf,2d104638c72cbfc58f17ab38223bce3d7798f72abc2d14fa4495a3a7546f3b12,ニワトコ,possible_ocr_latin_typo_against_ylist,Sambueus racemosa,Sambucus racemosa subsp. sieboldiana,correct_ocr,Sambucus racemosa subsp. sieboldiana var. sieboldiana,308,614,2026-07-12,original_pdf_visual_review,原PDF冊子p.614の種見出し「Sambucus racemosa subsp. sieboldiana var. sieboldiana」を目視確認。属見出しは「ニワトコ属 Sambucus」。現行scientific_nameはOCR誤りのためreplace。 独立した2回の原PDF画像照合で一致した。
wildplants-taxonomy-followup-0555,日本の野生植物 第2巻,日本の野生植物 2- ミゾハコベ科～スイカズラ科 ―フィールド版―改訂新版.pdf,2d104638c72cbfc58f17ab38223bce3d7798f72abc2d14fa4495a3a7546f3b12,ゴマキ,possible_ocr_latin_typo_against_ylist,Viburnum sleboldii,Viburnum sieboldii,correct_ocr,Viburnum sieboldii var. sieboldii,309,617,2026-07-12,original_pdf_visual_review,原PDF冊子p.617の種見出し「Viburnum sieboldii var. sieboldii」を目視確認。属見出しは「ガマズミ属 Viburnum」。現行scientific_nameはOCR誤りのためreplace。 独立した2回の原PDF画像照合で一致した。
wildplants-taxonomy-followup-0556,日本の野生植物 第2巻,日本の野生植物 2- ミゾハコベ科～スイカズラ科 ―フィールド版―改訂新版.pdf,2d104638c72cbfc58f17ab38223bce3d7798f72abc2d14fa4495a3a7546f3b12,ハマニンドウ,possible_ocr_latin_typo_against_ylist,Lonicera affnis,Lonicera affinis,correct_ocr,Lonicera affinis,313,624,2026-07-12,original_pdf_visual_review,原PDF冊子p.624の種見出し「Lonicera affinis」を目視確認。属見出しは「スイカズラ属 Lonicera」。現行scientific_nameはOCR誤りのためreplace。 独立した2回の原PDF画像照合で一致した。
wildplants-taxonomy-followup-0557,日本の野生植物 第2巻,日本の野生植物 2- ミゾハコベ科～スイカズラ科 ―フィールド版―改訂新版.pdf,2d104638c72cbfc58f17ab38223bce3d7798f72abc2d14fa4495a3a7546f3b12,マツムシソウ,possible_ocr_latin_typo_against_ylist,Seabiosa japoniea,Scabiosa japonica var. japonica,correct_ocr,Scabiosa japonica var. japonica,314,627,2026-07-12,original_pdf_visual_review,原PDF冊子p.627の種見出し「Scabiosa japonica var. japonica」を目視確認。属見出しは「マツムシソウ属 Scabiosa」。現行scientific_nameはOCR誤りのためreplace。 独立した2回の原PDF画像照合で一致した。
