audit_version,reviewed_on,reference,account_no,insect_id,japanese_name,source_scientific_name,current_scientific_name,mapping_status,pdf_page_start,printed_page_start,source_host_scope,source_host_text,host_count_before,host_count_after_planned,current_host_names_before,host_audit_status,source_ecology_text,current_notes_before,note_audit_status,visual_review_status,source_pdf_sha256
hamakiga1-v1-2026-07-12,2026-07-12,日本のハマキガ1,1,species-2112,マゲバヒメハマキ,"Kennelia xylinana (Kennel, 1900)","Kennelia xylinana (Kennel, 1900)",japanese_exact,17,16,domestic_hosts_recorded,クロウメモドキ Rhamnus japonica，イソノキ Frangula crenata (クロウメモドキ科)．,2,2,クロウメモドキ[野外（国内）] / イソノキ[野外（国内）],verified_complete_no_change,成虫発生時期は 6〜9 月．幼虫は新芽を綴ったり， 葉の縁を折り返したりする (奥， 2003； 宮野， 2015)．,出現時期:6-9月 / 生態情報:幼虫は新芽を綴ったり，葉の縁を折り返したりする(奥，2003；宮野，2015),verified_complete_no_change,heading_level_text_audit_no_change,78f75fd532ace774cff181d573c96c04052e1c65dd77a352ec520d7cd33de646
hamakiga1-v1-2026-07-12,2026-07-12,日本のハマキガ1,2,species-2125,キイロヒメハマキ,"Kennelia teliferana (Christoph, 1882), comb. nov.","Kennelia teliferana (Christoph, 1882)",japanese_exact,17,16,domestic_hosts_recorded,ツノハシバミ Corylus sieboldiana var. sieboldiana，ハシバミ Co. heterophylla var. thunbergii， アカシデ Carpinus laxiflora，サワシバ Ca. cordata，アサダ Ostrya japonica (カバノキ科)．,5,5,ツノハシバミ[野外（国内）] / ハシバミ[野外（国内）] / アカシデ[野外（国内）] / サワシバ[野外（国内）] / アサダ[野外（国内）],verified_complete_no_change,成虫発生時期は 7〜8 月．幼虫は葉を複数枚まとめて，葉巻状に巻く (奥，2003)．,出現時期:7-8月 / 生態情報:幼虫は葉を複数枚まとめて，葉巻状に巻く(奥，2003),verified_complete_no_change,heading_level_text_audit_no_change,78f75fd532ace774cff181d573c96c04052e1c65dd77a352ec520d7cd33de646
hamakiga1-v1-2026-07-12,2026-07-12,日本のハマキガ1,3,species-2151,ニレコヒメハマキ,"Epinotia ulmicola Kuznetzov, 1966","Epinotia ulmicola Kuznetzov, 1966",japanese_exact,18,17,domestic_hosts_recorded,ハルニレ Ulmus davidiana var. japonica， オヒョウ Ulmus laciniata， ケヤキ Zelkova serrata (ニ レ科)．,3,3,ハルニレ[野外（国内）] / オヒョウ[野外（国内）] / ケヤキ[野外（国内）],verified_complete_no_change,成虫発生時期は 6〜7 月．幼虫は寄主の葉を綴る．,出現時期:6-7月 / 生態情報:幼虫は寄主の葉を綴る,verified_complete_no_change,heading_level_text_audit_no_change,78f75fd532ace774cff181d573c96c04052e1c65dd77a352ec520d7cd33de646
hamakiga1-v1-2026-07-12,2026-07-12,日本のハマキガ1,4,species-2154,フタシロモンヒメハマキ,"Epinotia trigonella (Linnaeus, 1758)","Epinotia trigonella (Linnaeus, 1758)",japanese_exact,18,17,domestic_unknown_foreign_hosts_recorded,日本では未知．ヨーロッパではカバノキ属 Betula spp. (カバノキ科)．,0,1,,add_missing_foreign_hosts,成虫発生時期は 9〜10 月．,出現時期:9-10月,verified_complete_no_change,original_pdf_image_confirmed_300dpi_page_18,78f75fd532ace774cff181d573c96c04052e1c65dd77a352ec520d7cd33de646
hamakiga1-v1-2026-07-12,2026-07-12,日本のハマキガ1,5,species-2156,オオナガバヒメハマキ,"Epinotia maculana (Fabricius, 1775)","Epinotia maculana (Fabricius, 1775)",japanese_exact,18,17,domestic_unknown_foreign_hosts_recorded,日本では未知．ヨーロッパではヨーロッパヤマナラシ Populus nigra (ヤナギ科)．,0,1,,add_missing_foreign_hosts,成虫発生時期は 9〜11 月． 岩手県ではヤマナラシ P. tremula var. sieboldii のある地点に多い (奥， 2003)．幼虫は葉を綴る．,出現時期:9-11月 / 生態情報:岩手県ではヤマナラシP. tremula var. sieboldii のある地点に多い(奥，2003)．幼虫は葉を綴る,verified_complete_no_change,original_pdf_image_confirmed_300dpi_page_18,78f75fd532ace774cff181d573c96c04052e1c65dd77a352ec520d7cd33de646
hamakiga1-v1-2026-07-12,2026-07-12,日本のハマキガ1,6,species-2158,ダケカンバヒメハマキ,"Epinotia brunnichana (Linnaeus, 1767)","Epinotia brunnichana (Linnaeus, 1767)",japanese_exact,19,18,domestic_hosts_recorded,ダケカンバ Betula ermanii (カバノキ科)．,1,1,ダケカンバ[野外（国内）],verified_complete_no_change,成虫発生時期は 7〜9 月．幼虫は葉を葉先から筒状に巻く．,出現時期:7-9月 / 生態情報:幼虫は葉を葉先から筒状に巻く,verified_complete_no_change,heading_level_text_audit_no_change,78f75fd532ace774cff181d573c96c04052e1c65dd77a352ec520d7cd33de646
hamakiga1-v1-2026-07-12,2026-07-12,日本のハマキガ1,7,species-2159,セウスモンヒメハマキ,"Epinotia solandriana (Linnaeus, 1758)","Epinotia solandriana (Linnaeus, 1758)",japanese_exact,19,18,domestic_hosts_recorded,ヤマハンノキ Alnus hirsuta，ポロナイカンバ Betula middendorffii (カバノキ科)．,2,2,ヤマハンノキ[野外（国内）] / ポロナイカンバ[野外（国内）],verified_complete_no_change,成虫発生時期は 8〜10 月．幼虫は葉を縁から巻く．,出現時期:8-10月 / 生態情報:幼虫は葉を縁から巻く,verified_complete_no_change,heading_level_text_audit_no_change,78f75fd532ace774cff181d573c96c04052e1c65dd77a352ec520d7cd33de646
hamakiga1-v1-2026-07-12,2026-07-12,日本のハマキガ1,8,species-2160,セシロモンヒメハマキ,"Epinotia salicicolana Kuznetzov, 1968","Epinotia salicicolana Kuznetzov, 1968",japanese_exact,19,18,domestic_hosts_recorded,ヤマナラシ Populus tremula var. sieboldii，バッコヤナギ Salix caprea，オノエヤナギ S. udensis (ヤナギ科)．,3,3,ヤマナラシ[野外（国内）] / バッコヤナギ[野外（国内）] / オノエヤナギ[野外（国内）],verified_complete_no_change,成虫発生時期は 8〜11 月．幼虫は葉を先から筒状に巻く．,出現時期:8-11月 / 生態情報:幼虫は葉を先から筒状に巻く,verified_complete_no_change,heading_level_text_audit_no_change,78f75fd532ace774cff181d573c96c04052e1c65dd77a352ec520d7cd33de646
hamakiga1-v1-2026-07-12,2026-07-12,日本のハマキガ1,9,species-2161,ニレチャイロヒメハマキ,"Epinotia ulmi Kuznetzov, 1966","Epinotia ulmi Kuznetzov, 1966",japanese_exact,19,18,domestic_hosts_recorded,ハルニレ Ulmus davidiana var. japonica (ニレ科)．,1,1,ハルニレ[野外（国内）],verified_complete_no_change,成虫発生時期は 6〜8 月．幼虫は葉を巻く．,出現時期:6-8月 / 生態情報:幼虫は葉を巻く,verified_complete_no_change,heading_level_text_audit_no_change,78f75fd532ace774cff181d573c96c04052e1c65dd77a352ec520d7cd33de646
hamakiga1-v1-2026-07-12,2026-07-12,日本のハマキガ1,10,species-2162,ニレマダラヒメハマキ,"Epinotia signatana (Douglas, 1845)","Epinotia signatana (Douglas, 1845)",japanese_exact,20,19,domestic_hosts_recorded,ハルニレ Ulmus davidiana var. japonica (ニレ科)，カスミザクラ Cerasus leveilleana，エド ヒガン C. itosakura var. itosakura f. ascendens，ソメイヨシノ C. × yedoensis，セイヨウリンゴ Malus domestica (バラ科)．,5,5,ハルニレ[野外（国内）] / カスミザクラ[野外（国内）] / エドヒガン[野外（国内）] / ソメイヨシノ[野外（国内）] / セイヨウリンゴ[野外（国内）],verified_complete_no_change,成虫発生時期は 6〜7 月．幼虫は寄主の葉を綴る．,出現時期:6-7月 / 生態情報:幼虫は寄主の葉を綴る,verified_complete_no_change,heading_level_text_audit_no_change,78f75fd532ace774cff181d573c96c04052e1c65dd77a352ec520d7cd33de646
hamakiga1-v1-2026-07-12,2026-07-12,日本のハマキガ1,11,species-2163,セクロモンヒメハマキ,"Epinotia rasdolnyana (Christoph, 1882)","Epinotia rasdolnyana (Christoph, 1882)",japanese_exact,20,19,domestic_unknown_foreign_hosts_recorded,日本では未知．ロシアではカエデ属 Acer (ムクロジ科)．,0,1,,add_missing_foreign_hosts,成虫発生時期は 8〜11 月．,出現時期:8-11月,verified_complete_no_change,original_pdf_image_confirmed_300dpi_page_20,78f75fd532ace774cff181d573c96c04052e1c65dd77a352ec520d7cd33de646
hamakiga1-v1-2026-07-12,2026-07-12,日本のハマキガ1,12,species-2166,トドマツヒメハマキ,"Epinotia aciculana Falkovitsh, 1965","Epinotia aciculana Falkovitsh, 1965",japanese_exact,20,19,domestic_hosts_recorded,トドマツ Abies sachalinensis，エゾマツ Picea jezoensis var. jesoensis (マツ科)．,2,2,トドマツ[野外（国内）] / エゾマツ[野外（国内）],verified_complete_no_change,成虫発生時期は 7〜8 月．幼虫は最初，芽に潜るが，中齢以降は 2〜3 本の葉を綴って筒をつ くる．幼生期については，駒井ら (2011) に詳しい．,出現時期:7-8月 / 生態情報:幼虫は最初，芽に潜るが，中齢以降は2 ～3 本の葉を綴って筒をつくる．幼生期については，駒井ら(2011)に詳しい,normalize_ocr_layout_gap,original_pdf_image_confirmed_300dpi_page_20,78f75fd532ace774cff181d573c96c04052e1c65dd77a352ec520d7cd33de646
hamakiga1-v1-2026-07-12,2026-07-12,日本のハマキガ1,13,species-2167,ミヤマヤナギヒメハマキ,"Epinotia cruciana (Linnaeus, 1761)","Epinotia cruciana (Linnaeus, 1761)",japanese_exact,20,19,domestic_hosts_recorded,ミネヤナギ Salix sp.，キツネヤナギ S. vulpina subsp. vulpina (ヤナギ科)．,2,2,ミネヤナギ[野外（国内）] / キツネヤナギ[野外（国内）],verified_complete_no_change,成虫発生時期は 7〜8 月．幼虫は寄主の若葉を綴る．,出現時期:7-8月 / 生態情報:幼虫は寄主の若葉を綴る,verified_complete_no_change,heading_level_text_audit_no_change,78f75fd532ace774cff181d573c96c04052e1c65dd77a352ec520d7cd33de646
hamakiga1-v1-2026-07-12,2026-07-12,日本のハマキガ1,14,species-2168,クロマダラシロヒメハマキ,"Epinotia exquisitana (Christoph, 1882)","Epinotia exquisitana (Christoph, 1882)",japanese_exact,21,20,domestic_hosts_recorded,ヤマザクラ Cerasus jamasakura などサクラ属 Cerasus，ナナカマド Sorbus commixta，アズ キナシ Aria alnifolia，ズミ Malus toringo (バラ科)．,5,5,サクラ[野外（国内）] / ナナカマド[野外（国内）] / アズキナシ[野外（国内）] / ズミ[野外（国内）] / ヤマザクラ[野外（国内）],verified_complete_no_change,成虫発生時期は 5〜8 月．幼虫は葉を葉巻状に巻く．幼生期については， 駒井ら (2011) に詳しい．,出現時期:5-8月 / 生態情報:幼虫は葉を葉巻状に巻く．幼生期については，駒井ら(2011)に詳しい,verified_complete_no_change,heading_level_text_audit_no_change,78f75fd532ace774cff181d573c96c04052e1c65dd77a352ec520d7cd33de646
hamakiga1-v1-2026-07-12,2026-07-12,日本のハマキガ1,15,species-2169,ミツシロモンヒメハマキ,"Epinotia contrariana (Christoph, 1882)","Epinotia contrariana (Christoph, 1882)",japanese_exact,21,20,domestic_hosts_recorded,アイズシモツケ Spiraea chamaedryfolia var. pilosa，イブキシモツケ S. dasyantha (バラ科)， トリアシショウマ Astilbe odontophylla，チダケサシ A. microphylla (ユキノシタ科)．,4,4,アイズシモツケ[野外（国内）] / イブキシモツケ[野外（国内）] / トリアシショウマ[野外（国内）] / チダケサシ[野外（国内）],verified_complete_no_change,成虫発生時期は 6〜7 月．幼虫は寄主の葉を綴る．,出現時期:6-7月 / 生態情報:幼虫は寄主の葉を綴る,verified_complete_no_change,heading_level_text_audit_no_change,78f75fd532ace774cff181d573c96c04052e1c65dd77a352ec520d7cd33de646
hamakiga1-v1-2026-07-12,2026-07-12,日本のハマキガ1,16,species-2165,アワブキヒメハマキ,"Epinotia toshiookui Nasu, 2019","Epinotia toshiookui Nasu, 2019",japanese_exact,21,20,domestic_hosts_recorded,アワブキ Meliosma myriantha (アワブキ科)．,1,1,アワブキ[野外（国内）],verified_complete_no_change,成虫発生時期は 6〜7 月．幼虫は葉を重ねて綴る．,出現時期:6-7月 / 生態情報:幼虫は葉を重ねて綴る,verified_complete_no_change,heading_level_text_audit_no_change,78f75fd532ace774cff181d573c96c04052e1c65dd77a352ec520d7cd33de646
hamakiga1-v1-2026-07-12,2026-07-12,日本のハマキガ1,17,species-2170,イツカドモンヒメハマキ,"Epinotia pentagonana (Kennel, 1901)","Epinotia pentagonana (Kennel, 1901)",japanese_exact,21,20,domestic_unknown_foreign_hosts_recorded,日本では未知．ロシアではオヒョウ Ulmus laciniata (ニレ科)．,0,1,,add_missing_foreign_hosts,成虫発生時期は 8〜9 月 .,出現時期:8-9月,verified_complete_no_change,original_pdf_image_confirmed_300dpi_page_21,78f75fd532ace774cff181d573c96c04052e1c65dd77a352ec520d7cd33de646
hamakiga1-v1-2026-07-12,2026-07-12,日本のハマキガ1,18,species-2174,クシヒゲヒメハマキ,"Epinotia pygmaeana (Hübner, [1799])","Epinotia pygmaeana (Hübner, [1799])",japanese_exact,22,21,domestic_hosts_recorded,エゾマツ Picea jezoensis var. jesoensis，ドイツトウヒ P. abies (マツ科)．,2,2,エゾマツ[野外（国内）] / ドイツトウヒ[野外（国内）],verified_complete_no_change,成虫発生時期は 4〜5 月．幼虫は最初，針葉に潜るが後に葉を綴る．,出現時期:4-5月 / 生態情報:幼虫は最初，針葉に潜るが後に葉を綴る,verified_complete_no_change,heading_level_text_audit_no_change,78f75fd532ace774cff181d573c96c04052e1c65dd77a352ec520d7cd33de646
hamakiga1-v1-2026-07-12,2026-07-12,日本のハマキガ1,19,species-2175,ツルギクシヒゲヒメハマキ,"Epinotia tsurugisana Oku, 2005","Epinotia tsurugisana Oku, 2005",japanese_exact,22,21,source_unknown,未知．,0,0,,verified_source_unknown,成虫発生時期は 5 月．現在，四国の剣山のみから知られ，シラビソ Abies veitchii (マツ科) 林に多産する．,出現時期:5月 / 生態情報:現在，四国の剣山のみから知られ，シラビソAbies veitchii (マツ科)林に多産する,verified_complete_no_change,heading_level_text_audit_no_change,78f75fd532ace774cff181d573c96c04052e1c65dd77a352ec520d7cd33de646
hamakiga1-v1-2026-07-12,2026-07-12,日本のハマキガ1,20,species-2173,ニセクシヒゲヒメハマキ,"Epinotia subsequana (Haworth, [1811])","Epinotia subsequana (Haworth, [1811])",japanese_exact,22,21,domestic_unknown_foreign_hosts_recorded,国内では未知．ヨーロッパではヨーロッパモミ Abies alba，ドイツトウヒ Picea abies (マ ツ科)．,0,2,,add_missing_foreign_hosts,成虫発生時期は 5 月．,出現時期:5月,verified_complete_no_change,original_pdf_image_confirmed_300dpi_page_22,78f75fd532ace774cff181d573c96c04052e1c65dd77a352ec520d7cd33de646
hamakiga1-v1-2026-07-12,2026-07-12,日本のハマキガ1,21,species-2176,マツヒメハマキ,"Epinotia rubiginosana (Herrich-Schäffer, 1851)","Epinotia rubiginosana (Herrich-Schaffer, 1851)",japanese_exact,22,21,domestic_hosts_recorded,アカマツ Pinus densiflora などのマツ属 Pinus (マツ科)．,2,2,マツ[野外（国内）] / アカマツ[野外（国内）],verified_complete_no_change,成虫発生時期は 5〜7 月．幼虫は最初針葉に潜るが，後に葉を束ね合わせる．,出現時期:5-7月 / 生態情報:幼虫は最初針葉に潜るが，後に葉を束ね合わせる,verified_complete_no_change,heading_level_text_audit_no_change,78f75fd532ace774cff181d573c96c04052e1c65dd77a352ec520d7cd33de646
hamakiga1-v1-2026-07-12,2026-07-12,日本のハマキガ1,22,species-2179,ツチイロヒメハマキ,"Epinotia autumnalis Oku, 2005","Epinotia autumnalis Oku, 2005",japanese_exact,23,22,source_unknown,未知．,0,0,,verified_source_unknown,成虫発生時期は 8〜10 月．ダケカンバ Betula ermanii (カバノキ科) 林に多い．,出現時期:8-10月 / 生態情報:ダケカンバBetula ermanii (カバノキ科)林に多い,verified_complete_no_change,heading_level_text_audit_no_change,78f75fd532ace774cff181d573c96c04052e1c65dd77a352ec520d7cd33de646
hamakiga1-v1-2026-07-12,2026-07-12,日本のハマキガ1,23,species-2178,ムモンハンノメムシガ,"Epinotia rubricana Kuznetzov, 1968","Epinotia rubricana Kuznetzov, 1968",japanese_exact,23,22,domestic_hosts_recorded,ハンノキ Alnus japonica (カバノキ科)．,1,1,ハンノキ[野外（国内）],verified_complete_no_change,成虫発生時期は 6〜9 月．,出現時期:6-9月,verified_complete_no_change,heading_level_text_audit_no_change,78f75fd532ace774cff181d573c96c04052e1c65dd77a352ec520d7cd33de646
hamakiga1-v1-2026-07-12,2026-07-12,日本のハマキガ1,24,species-2164,カンバウスモンヒメハマキ,"Epinotia tetraquetrana (Haworth, [1811])","Epinotia tetraquetrana (Haworth, [1811])",japanese_exact,23,22,domestic_unknown_foreign_hosts_recorded,日本では未知．ヨーロッパではカバノキ属 Betula，ハンノキ属 Alnus (カバノキ科)．,0,2,,add_missing_foreign_hosts,成虫発生時期は 5〜7 月．ヨーロッパでは幼虫はカバノキ科の枝に潜り，虫こぶを造る．,出現時期:5-7月 / 生態情報:ヨーロッパでは幼虫はカバノキ科の枝に潜り，虫こぶを造る,verified_complete_no_change,original_pdf_image_confirmed_300dpi_page_23,78f75fd532ace774cff181d573c96c04052e1c65dd77a352ec520d7cd33de646
hamakiga1-v1-2026-07-12,2026-07-12,日本のハマキガ1,25,species-2190,トウヒハイイロヒメハマキ,"Epinotia cineracea Nasu, 1991","Epinotia cineracea Nasu, 1991",japanese_exact,23,22,domestic_hosts_recorded,ドイツトウヒ Picea abies (マツ科)．,1,1,ドイツトウヒ[野外（国内）],verified_complete_no_change,成虫発生時期は 5〜7 月．幼虫はドイツトウヒの針葉を綴る．,出現時期:5-7月 / 生態情報:幼虫はドイツトウヒの針葉を綴る,verified_complete_no_change,heading_level_text_audit_no_change,78f75fd532ace774cff181d573c96c04052e1c65dd77a352ec520d7cd33de646
hamakiga1-v1-2026-07-12,2026-07-12,日本のハマキガ1,26,species-2180,ハンノメムシガ,"Epinotia tenerana ([Denis & Schiffermüller], 1775)","Epinotia tenerana (Denis & Schiffermüller, 1775)",japanese_exact,24,23,domestic_hosts_recorded,ハンノキ Alnus japonica (カバノキ科)．,1,1,ハンノキ[野外（国内）],verified_complete_no_change,成虫発生時期は 6〜9 月．,出現時期:6-9月,verified_complete_no_change,heading_level_text_audit_no_change,78f75fd532ace774cff181d573c96c04052e1c65dd77a352ec520d7cd33de646
hamakiga1-v1-2026-07-12,2026-07-12,日本のハマキガ1,27,species-2181,アカバヒメハマキ,"Epinotia coryli Kuznetzov, 1970","Epinotia coryli Kuznetzov, 1970",japanese_exact,24,23,domestic_unknown_foreign_hosts_recorded,日本では未知． ロシアではオオハシバミ Corylus heterophylla var. heterophylla (カバノキ科)．,0,1,,add_missing_foreign_hosts,成虫発生時期は 5 月と 7〜8 月．北海道でも採集されていることが判明した．,"出現時期:5月,7-8月 / 生態情報:北海道でも採集されていることが判明した",verified_complete_no_change,original_pdf_image_confirmed_300dpi_page_24,78f75fd532ace774cff181d573c96c04052e1c65dd77a352ec520d7cd33de646
hamakiga1-v1-2026-07-12,2026-07-12,日本のハマキガ1,28,species-2184,ヤナギメムシガ,"Epinotia nisella (Clerck, 1759)","Epinotia nisella (Clerck, 1759)",japanese_exact,24,23,domestic_unknown_foreign_hosts_recorded,日本では未知．ヨーロッパではヤナギ類 Salix，ヨーロッパヤマナラシ Populus tremula var. tremula (ヤナギ科)．,0,2,,add_missing_foreign_hosts,成虫発生時期は 6〜9 月．幼虫は寄主の新葉を綴る．,出現時期:6-9月 / 生態情報:幼虫は寄主の新葉を綴る,verified_complete_no_change,original_pdf_image_confirmed_300dpi_page_24,78f75fd532ace774cff181d573c96c04052e1c65dd77a352ec520d7cd33de646
hamakiga1-v1-2026-07-12,2026-07-12,日本のハマキガ1,29,species-2185,ニセヤナギメムシガ,"Epinotia cinereana (Haworth, [1811])","Epinotia cinereana (Haworth, [1811])",japanese_exact,24,23,domestic_unknown_foreign_hosts_recorded,日本では未知．ロシアではチョウセンヤマナラシ Populus davidiana f. laticuneata (ヤナギ 科)．,0,1,,add_missing_foreign_hosts,成虫発生時期は 7 月．幼虫は寄主の雌花を食する．,出現時期:7月 / 生態情報:幼虫は寄主の雌花を食する,verified_complete_no_change,original_pdf_image_confirmed_300dpi_page_24,78f75fd532ace774cff181d573c96c04052e1c65dd77a352ec520d7cd33de646
hamakiga1-v1-2026-07-12,2026-07-12,日本のハマキガ1,30,species-2171,ニセイツカドモンヒメハマキ,"Epinotia demarniana (Fischer von Röslerstamm, 1839)","Epinotia demarniana (Fischer von Röslerstamm, 1839)",japanese_exact,25,24,domestic_unknown_foreign_hosts_recorded,日本では未知．ロシアではシラカンバ Betula platyphylla， ハンノキ属 Alnus (カバノキ科)．,0,2,,add_missing_foreign_hosts,成虫発生時期は 6〜7 月．,出現時期:6-7月,verified_complete_no_change,original_pdf_image_confirmed_300dpi_page_25,78f75fd532ace774cff181d573c96c04052e1c65dd77a352ec520d7cd33de646
hamakiga1-v1-2026-07-12,2026-07-12,日本のハマキガ1,31,species-2186,ムモンツチイロヒメハマキ,"Epinotia bushiensis Kawabe, 1980","Epinotia bushiensis Kawabe, 1980",japanese_exact,25,24,source_unknown,未知．,0,0,,verified_source_unknown,成虫発生時期は 8 月と 10 月．,"出現時期:8月,10月",verified_complete_no_change,heading_level_text_audit_no_change,78f75fd532ace774cff181d573c96c04052e1c65dd77a352ec520d7cd33de646
hamakiga1-v1-2026-07-12,2026-07-12,日本のハマキガ1,32,species-2187,クロツヅリヒメハマキ,"Epinotia aquila Kuznetzov, 1968","Epinotia aquila Kuznetzov, 1968",japanese_exact,25,24,domestic_hosts_recorded,ドイツトウヒ Picea abies (マツ科)．,1,1,ドイツトウヒ[野外（国内）],verified_complete_no_change,成虫発生時期は 5〜6 月．幼虫は葉綴りである．幼虫越冬．,出現時期:5-6月 / 生態情報:幼虫は葉綴りである．幼虫越冬,verified_complete_no_change,heading_level_text_audit_no_change,78f75fd532ace774cff181d573c96c04052e1c65dd77a352ec520d7cd33de646
hamakiga1-v1-2026-07-12,2026-07-12,日本のハマキガ1,33,species-2188,トウヒツヅリヒメハマキ,"Epinotia piceae (Issiki, 1961)","Epinotia piceae (Issiki, 1961)",japanese_exact,25,24,domestic_hosts_recorded,モミ属 Abies，トウヒ属 Picea (マツ科)．,4,2,モミ[野外（国内）] / トウヒ[野外（国内）] / モミ属[野外（国内）] / トウヒ属[野外（国内）],remove_semantic_duplicate_hosts,成虫発生時期は 6〜8 月．幼虫は針葉を綴る．幼生期については，駒井ら (2011) に詳しい．,出現時期:6-8月 / 生態情報:幼虫は針葉を綴る．幼生期については，駒井ら(2011)に詳しい,verified_complete_no_change,original_pdf_image_confirmed_300dpi_page_26,78f75fd532ace774cff181d573c96c04052e1c65dd77a352ec520d7cd33de646
hamakiga1-v1-2026-07-12,2026-07-12,日本のハマキガ1,34,species-2195,キタシロヒメハマキ,"Epinotia bilunana (Haworth, [1811])","Epinotia bilunana (Haworth, [1811])",japanese_exact,26,25,domestic_unknown_foreign_hosts_recorded,日本では未知．イギリスではカバノキ属 Betula (カバノキ科)．,0,1,,add_missing_foreign_hosts,"成虫発生時期は 6 月．幼虫は尾状花序内を摂食し，時に花序をねじ曲げ，繭は落葉内あるい は土中でつくられる (Bradley et al., 1979)．","出現時期:6月 / 生態情報:幼虫は尾状花序内を摂食し，時に花序をねじ曲げ，繭は落葉内あるいは土中でつくられる(Bradley et al., 1979)",verified_complete_no_change,original_pdf_image_confirmed_300dpi_page_26,78f75fd532ace774cff181d573c96c04052e1c65dd77a352ec520d7cd33de646
hamakiga1-v1-2026-07-12,2026-07-12,日本のハマキガ1,35,species-2172,カギモンヒメハマキ,"Epinotia ramella (Linnaeus, 1758)","Epinotia ramella (Linnaeus, 1758)",japanese_exact,26,25,domestic_hosts_recorded,ダケカンバ Betula ermanii (カバノキ科)．,1,1,ダケカンバ[野外（国内）],verified_complete_no_change,成虫発生時期は 8〜10 月．幼虫は寄主の芽や枝に潜る．,出現時期:8-10月 / 生態情報:幼虫は寄主の芽や枝に潜る,verified_complete_no_change,heading_level_text_audit_no_change,78f75fd532ace774cff181d573c96c04052e1c65dd77a352ec520d7cd33de646
hamakiga1-v1-2026-07-12,2026-07-12,日本のハマキガ1,36,species-2189,ハイマツコヒメハマキ,"Epinotia pinicola Kuznetzov, 1969","Epinotia pinicola Kuznetzov, 1969",japanese_exact,26,25,domestic_hosts_recorded,ハイマツ Pinus pumila (マツ科)．,1,1,ハイマツ[野外（国内）],verified_complete_no_change,成虫発生時期は 7〜8 月．幼虫は寄主の葉を綴る．,出現時期:7-8月 / 生態情報:幼虫は寄主の葉を綴る,verified_complete_no_change,heading_level_text_audit_no_change,78f75fd532ace774cff181d573c96c04052e1c65dd77a352ec520d7cd33de646
hamakiga1-v1-2026-07-12,2026-07-12,日本のハマキガ1,37,species-2182,タマヒメハマキ,"Epinotia autonoma Falkovitsh, 1965","Epinotia autonoma Falkovitsh, 1965",japanese_exact,27,26,domestic_unknown_foreign_hosts_recorded,日本では未知．ロシアではチョウセンモミ Abies holophylla，アカトドマツ A. sachalinensis var. sachalinensis (マツ科)．,0,2,,add_missing_foreign_hosts,成虫発生時期は 4〜6 月．,出現時期:4-6月,verified_complete_no_change,original_pdf_image_confirmed_300dpi_page_27,78f75fd532ace774cff181d573c96c04052e1c65dd77a352ec520d7cd33de646
hamakiga1-v1-2026-07-12,2026-07-12,日本のハマキガ1,38,species-2177,ヤツガタケヒメハマキ,"Epinotia utsugijinboi Nasu, 2019","Epinotia utsugijinboi Nasu, 2019",japanese_exact,27,26,source_unknown,未知．,0,0,,verified_source_unknown,成虫発生時期は 7 月末〜8 月初め．,出現時期:7月末-8月初め,verified_complete_no_change,heading_level_text_audit_no_change,78f75fd532ace774cff181d573c96c04052e1c65dd77a352ec520d7cd33de646
hamakiga1-v1-2026-07-12,2026-07-12,日本のハマキガ1,39,species-2183,ツマグロアカチャヒメハマキ,"Epinotia takabotti Nasu, 2018","Epinotia takabotti Nasu, 2018",japanese_exact,27,26,source_unknown,未知．,0,0,,verified_source_unknown,成虫発生時期は 6 月下旬〜7 月初旬．成虫はモミ Abies firma を昼間にスウィーピングして得ら れた．,出現時期:6月下旬-7月初旬 / 生態情報:成虫はモミAbies firma を昼間にスウィーピングして得られた,verified_complete_no_change,heading_level_text_audit_no_change,78f75fd532ace774cff181d573c96c04052e1c65dd77a352ec520d7cd33de646
hamakiga1-v1-2026-07-12,2026-07-12,日本のハマキガ1,40,species-2192,エゾハイイロヒメハマキ,"Epinotia densiuncaria Kuznetzov, 1985","Epinotia densiuncaria Kuznetzov, 1985",japanese_exact,27,26,domestic_hosts_recorded,エゾマツ Picea jezoensis var. jesoensis (マツ科)．,1,1,エゾマツ[野外（国内）],verified_complete_no_change,成虫発生時期は 8 月．幼虫は寄主の針葉を綴る．,出現時期:8月 / 生態情報:幼虫は寄主の針葉を綴る,verified_complete_no_change,heading_level_text_audit_no_change,78f75fd532ace774cff181d573c96c04052e1c65dd77a352ec520d7cd33de646
hamakiga1-v1-2026-07-12,2026-07-12,日本のハマキガ1,41,species-2193,トウヒシロスジヒメハマキ,"Epinotia piceicola Kuznetzov, 1970","Epinotia piceicola Kuznetzov, 1970",japanese_exact,28,27,domestic_hosts_recorded,アカエゾマツ Picea glehnii (マツ科)．,1,1,アカエゾマツ[野外（国内）],verified_complete_no_change,成虫発生時期は 6 月．,出現時期:6月,verified_complete_no_change,heading_level_text_audit_no_change,78f75fd532ace774cff181d573c96c04052e1c65dd77a352ec520d7cd33de646
hamakiga1-v1-2026-07-12,2026-07-12,日本のハマキガ1,42,species-2191,コギヒメハマキ,"Epinotia nanana (Treitschke, 1835)","Epinotia nanana (Treitschke, 1835)",japanese_exact,28,27,domestic_unknown_foreign_hosts_recorded,日本では未知．ヨーロッパでは Picea spp. (マツ科)．,0,1,,add_missing_foreign_hosts,"成虫発生時期は 6 月下旬〜7 月中旬．ヨーロッパの記録では，幼虫はトウヒ類の針葉を絹糸で 綴って，葉の基部から先端に向けて潜りながら摂食する (Bradley et al., 1979)．","出現時期:6月下旬-7月中旬 / 生態情報:ヨーロッパの記録では，幼虫はトウヒ類の針葉を絹糸で綴って，葉の基部から先端に向けて潜りながら摂食する(Bradley et al., 1979)",verified_complete_no_change,original_pdf_image_confirmed_300dpi_page_28,78f75fd532ace774cff181d573c96c04052e1c65dd77a352ec520d7cd33de646
hamakiga1-v1-2026-07-12,2026-07-12,日本のハマキガ1,43,species-2152,ハナウドモグリガ,"Epinotia majorana (Caradja, 1916)","Epinotia majorana (Caradja, 1916)",japanese_exact,28,27,domestic_hosts_recorded,ハナウド Heracleum sphondylium var. nipponicum，ニンジン Daucus carota subsp. sativus な ど (セリ科)．,2,2,ハナウド[野外（国内）] / ニンジン[野外（国内）],verified_complete_no_change,成虫発生時期は 5〜8 月．幼虫はセリ科植物の花や葉を綴ったり，茎に潜ったりする．ニンジ ンでは生長点や葉柄に潜り，いわゆる芯止まりとなるため被害が大きく，幼虫は大きくなると根にも 潜る害虫である．,出現時期:5-8月 / 生態情報:幼虫はセリ科植物の花や葉を綴ったり，茎に潜ったりする．ニンジンでは生長点や葉柄に潜り，いわゆる芯止まりとなるため被害が大きく，幼虫は大きくなると根にも潜る害虫である,verified_complete_no_change,heading_level_text_audit_no_change,78f75fd532ace774cff181d573c96c04052e1c65dd77a352ec520d7cd33de646
hamakiga1-v1-2026-07-12,2026-07-12,日本のハマキガ1,44,species-2149,ヒロオビヒメハマキ,"Epinotia bicolor (Walsingham, 1900)","Epinotia bicolor (Walsingham, 1900)",japanese_exact,29,28,domestic_hosts_recorded,コナラ Quercus serrata，アラカシ Q. glauca，ウバメガシ Q. phillyreoides，クヌギ Q. acutissima (ブナ科)．,4,4,コナラ[野外（国内）] / アラカシ[野外（国内）] / ウバメガシ[野外（国内）] / クヌギ[野外（国内）],verified_complete_no_change,成虫発生時期は 5〜10 月．幼虫は寄主の新梢に潜る．潜られた枝は伸長せず，虫こぶとなり， 先端の葉は叢生状となる．幼生期については，駒井ら (2011) に詳しい．,出現時期:5-10月 / 生態情報:幼虫は寄主の新梢に潜る．潜られた枝は伸長せず，虫こぶとなり，先端の葉は叢生状となる．幼生期については，駒井ら(2011)に詳しい,verified_complete_no_change,heading_level_text_audit_no_change,78f75fd532ace774cff181d573c96c04052e1c65dd77a352ec520d7cd33de646
hamakiga1-v1-2026-07-12,2026-07-12,日本のハマキガ1,45,species-2150,キタナカジロヒメハマキ,"Epinotia notoceliana Kuznetzov, 1985","Epinotia notoceliana Kuznetzov, 1985",japanese_exact,29,28,source_unknown,未知．,0,0,,verified_source_unknown,成虫発生時期は 7〜8 月．,出現時期:7-8月,verified_complete_no_change,heading_level_text_audit_no_change,78f75fd532ace774cff181d573c96c04052e1c65dd77a352ec520d7cd33de646
hamakiga1-v1-2026-07-12,2026-07-12,日本のハマキガ1,46,species-2194,ヒカゲヒメハマキ,"Epinotia albiguttata (Oku, 1974)","Epinotia albiguttata (Oku, 1974)",japanese_exact,29,28,domestic_hosts_recorded,カシワ Quercus dentata，ミズナラ Q. crispula (ブナ科)．,2,2,カシワ[野外（国内）] / ミズナラ[野外（国内）],verified_complete_no_change,成虫発生時期は 5〜8 月．,出現時期:5-8月,verified_complete_no_change,heading_level_text_audit_no_change,78f75fd532ace774cff181d573c96c04052e1c65dd77a352ec520d7cd33de646
hamakiga1-v1-2026-07-12,2026-07-12,日本のハマキガ1,47,species-2315,アオイヒメハマキ,"Crocidosema plebejana Zeller, 1847","Crocidosema plebejana Zeller, 1847",japanese_exact,30,29,domestic_hosts_recorded,オクラ Abelmoschus esculentus (アオイ科)．海外では，ワタ Gossypium arboreum var. obtusifolium，ハイビスカス Hibiscus spp. などのアオイ科，ペポカボチャ Cucurbita pepo (ウリ科)，フ トモモ科，バラ科など．,1,7,オクラ[野外（国内）],add_missing_foreign_hosts,成虫発生時期は石垣島では 3 月．幼虫は果実や新芽に潜る．ワタの重要害虫で，ワタの苗木 の生長点を加害する．幼生期については，駒井ら (2011) に詳しい．,出現時期:石垣島では3月 / 生態情報:幼虫は果実や新芽に潜る．ワタの重要害虫で，ワタの苗木の生長点を加害する．幼生期については，駒井ら(2011)に詳しい / 生態情報:海外では，ワタGossypium arboreum var. obtusifolium，ハイビスカスHibiscus spp. などのアオイ科，ペポカボチャCucurbita pepo (ウリ科)，フトモモ科，バラ科など,verified_complete_no_change,original_pdf_image_confirmed_300dpi_page_30,78f75fd532ace774cff181d573c96c04052e1c65dd77a352ec520d7cd33de646
hamakiga1-v1-2026-07-12,2026-07-12,日本のハマキガ1,48,species-2147,ウスキシロヒメハマキ,"Gibberifera simplana (Fischer von Röslerstamm, 1836)","Gibberifera simplana (Fischer von Röslerstamm, 1836)",japanese_exact,30,29,domestic_hosts_recorded,ヤマナラシ Populus tremula var. sieboldii (ヤナギ科)．ヨーロッパではヤナギ類 Salix (ヤナ ギ科)．,1,2,ヤマナラシ[野外（国内）],add_missing_foreign_hosts,成虫発生時期は 5〜9 月．幼虫はヤマナラシの葉を重ねて綴り，中齢期までは 1 葉に複数個体 が共存する (奥，2003)．,出現時期:5-9月 / 生態情報:幼虫はヤマナラシの葉を重ねて綴り，中齢期までは1 葉に複数個体が共存する(奥，2003) / 生態情報:ヨーロッパではヤナギ類Salix (ヤナギ科),normalize_ocr_layout_gap,original_pdf_image_confirmed_300dpi_page_30,78f75fd532ace774cff181d573c96c04052e1c65dd77a352ec520d7cd33de646
hamakiga1-v1-2026-07-12,2026-07-12,日本のハマキガ1,49,species-2148,ニセウスキシロヒメハマキ,"Gibberifera hepaticana Kawabe & Nasu, 1994","Gibberifera hepaticana Kawabe & Nasu, 1994",japanese_exact,30,29,source_unknown,未知．,0,0,,verified_source_unknown,成虫発生時期は 6〜8 月．,出現時期:6-8月,verified_complete_no_change,heading_level_text_audit_no_change,78f75fd532ace774cff181d573c96c04052e1c65dd77a352ec520d7cd33de646
hamakiga1-v1-2026-07-12,2026-07-12,日本のハマキガ1,50,species-2196,ガレモンヒメハマキ,"Zeiraphera argutana (Christoph, 1881)","Zeiraphera argutana (Christoph, 1881)",japanese_exact,31,30,domestic_hosts_recorded,シナノキ Tilia japonica (アオイ科)．ロシアではカバノキ属 Betula (カバノキ科)．,1,2,シナノキ[野外（国内）],add_missing_foreign_hosts,成虫発生時期は 7〜9 月．,出現時期:7-9月 / 生態情報:ロシアではカバノキ属Betula (カバノキ科),verified_complete_no_change,original_pdf_image_confirmed_300dpi_page_31,78f75fd532ace774cff181d573c96c04052e1c65dd77a352ec520d7cd33de646
hamakiga1-v1-2026-07-12,2026-07-12,日本のハマキガ1,51,species-2197,ハシドイヒメハマキ,"Zeiraphera corpulentana (Kennel, 1901)","Zeiraphera corpulentana (Kennel, 1901)",japanese_exact,31,30,domestic_hosts_recorded,ハシドイ Syringa reticulata (モクセイ科)．ロシアではマンシュウハシドイ S. reticulata var. amurensis．,1,2,ハシドイ[野外（国内）],add_missing_foreign_hosts,成虫発生時期は 7〜8 月．,出現時期:7-8月 / 生態情報:ロシアではマンシュウハシドイS. reticulata var. amurensis,verified_complete_no_change,original_pdf_image_confirmed_300dpi_page_31,78f75fd532ace774cff181d573c96c04052e1c65dd77a352ec520d7cd33de646
hamakiga1-v1-2026-07-12,2026-07-12,日本のハマキガ1,52,species-2198,ミドリモンヒメハマキ,"Zeiraphera subcorticana (Snellen, 1883)","Zeiraphera subcorticana (Snellen, 1883)",japanese_exact,31,30,domestic_hosts_recorded,ミツデカエデ Acer cissifolium，ハウチワカエデ A. japonicum，ヤマモミジ A. amoenum var. matsumurae，イタヤカエデ A. pictum subsp. dissectum，オガラバナ A. ukurunduense (ムクロジ科)．,5,5,ミツデカエデ[野外（国内）] / ハウチワカエデ[野外（国内）] / ヤマモミジ[野外（国内）] / イタヤカエデ[野外（国内）] / オガラバナ[野外（国内）],verified_complete_no_change,成虫発生時期は 7〜10 月．幼虫は寄主の若葉を粗く綴る．,出現時期:7-10月 / 生態情報:幼虫は寄主の若葉を粗く綴る,verified_complete_no_change,heading_level_text_audit_no_change,78f75fd532ace774cff181d573c96c04052e1c65dd77a352ec520d7cd33de646
hamakiga1-v1-2026-07-12,2026-07-12,日本のハマキガ1,53,species-2199,クロモンミズアオヒメハマキ,"Zeiraphera caeruleumana Kawabe, 1980","Zeiraphera caeruleumana Kawabe, 1980",japanese_exact,31,30,source_unknown,未知．,0,0,,verified_source_unknown,成虫発生時期は 7〜9 月．ブナ林で採集される (奥，2003)．,出現時期:7-9月 / 生態情報:ブナ林で採集される(奥，2003),verified_complete_no_change,heading_level_text_audit_no_change,78f75fd532ace774cff181d573c96c04052e1c65dd77a352ec520d7cd33de646
hamakiga1-v1-2026-07-12,2026-07-12,日本のハマキガ1,54,species-2200,ミドリヒメハマキ,"Zeiraphera virinea Falkovitsh, 1965","Zeiraphera virinea Falkovitsh, 1965",japanese_exact,32,31,domestic_hosts_recorded,カシワ Quercus dentata (ブナ科)．ロシアではカンボク Viburnum opulus var. sargentii (レン プクソウ科)．,1,2,カシワ[野外（国内）],add_missing_foreign_hosts,成虫発生時期は 7〜9 月．幼虫は葉綴りである．,出現時期:7-9月 / 生態情報:幼虫は葉綴りである / 生態情報:ロシアではカンボクViburnum opulus var. sargentii (レンプクソウ科),verified_complete_no_change,original_pdf_image_confirmed_300dpi_page_32,78f75fd532ace774cff181d573c96c04052e1c65dd77a352ec520d7cd33de646
hamakiga1-v1-2026-07-12,2026-07-12,日本のハマキガ1,55,species-2201,ニセミドリヒメハマキ,"Zeiraphera fulvomixtana Kawabe, 1974","Zeiraphera fulvomixtana Kawabe, 1974",japanese_exact,32,31,domestic_hosts_recorded,ミズナラ Quercus crispula，アラカシ Q. glauca，カシワ Q. dentata (ブナ科)．,3,3,ミズナラ[野外（国内）] / アラカシ[野外（国内）] / カシワ[野外（国内）],verified_complete_no_change,成虫発生時期は 5〜7 月．,出現時期:5-7月,verified_complete_no_change,heading_level_text_audit_no_change,78f75fd532ace774cff181d573c96c04052e1c65dd77a352ec520d7cd33de646
hamakiga1-v1-2026-07-12,2026-07-12,日本のハマキガ1,56,species-2202,マエジロミドリモンヒメハマキ,"Zeiraphera shimekii Kawabe, 1974","Zeiraphera shimekii Kawabe, 1974",japanese_exact,32,31,source_unknown,未知．,0,0,,verified_source_unknown,成虫発生時期は 7〜8 月．,出現時期:7-8月,verified_complete_no_change,heading_level_text_audit_no_change,78f75fd532ace774cff181d573c96c04052e1c65dd77a352ec520d7cd33de646
hamakiga1-v1-2026-07-12,2026-07-12,日本のハマキガ1,57,species-2203,セギンモンヒメハマキ,"Zeiraphera bicolora Kawabe, 1976","Zeiraphera bicolora Kawabe, 1976",japanese_exact,32,31,source_unknown,未知．,0,0,,verified_source_unknown,成虫発生時期は 7 月．,出現時期:7月,verified_complete_no_change,heading_level_text_audit_no_change,78f75fd532ace774cff181d573c96c04052e1c65dd77a352ec520d7cd33de646
hamakiga1-v1-2026-07-12,2026-07-12,日本のハマキガ1,58,species-2204,シロマルモンヒメハマキ,"Zeiraphera demutata (Walsingham, 1900)","Zeiraphera demutata (Walsingham, 1900)",japanese_exact,33,32,domestic_hosts_recorded,ミズナラ Quercus crispula，コナラ Q. serrata，カシワ Q. dentata (ブナ科)．,3,3,ミズナラ[野外（国内）] / コナラ[野外（国内）] / カシワ[野外（国内）],verified_complete_no_change,成虫発生時期は 7〜9 月．幼虫は葉綴りである．,出現時期:7-9月 / 生態情報:幼虫は葉綴りである,verified_complete_no_change,heading_level_text_audit_no_change,78f75fd532ace774cff181d573c96c04052e1c65dd77a352ec520d7cd33de646
hamakiga1-v1-2026-07-12,2026-07-12,日本のハマキガ1,59,species-2205,トドマツアミメヒメハマキ,"Zeiraphera rufimitrana (Herrich-Schäffer, 1851)","Zeiraphera rufimitrana (Herrich-Schaffer, 1851)",japanese_exact,33,32,domestic_hosts_recorded,トドマツ Abies sachalinensis，オオシラビソ A. mariesii (マツ科)．,2,2,トドマツ[野外（国内）] / オオシラビソ[野外（国内）],verified_complete_no_change,成虫発生時期は 7〜8 月．幼虫は最初，針葉の先端を紡錘状に，やがて中齢以降は針葉を粗く 綴る．幼生期については，駒井ら (2011) に詳しい．,出現時期:7-8月 / 生態情報:幼虫は最初，針葉の先端を紡錘状に，やがて中齢以降は針葉を粗く綴る．幼生期については，駒井ら(2011)に詳しい,verified_complete_no_change,heading_level_text_audit_no_change,78f75fd532ace774cff181d573c96c04052e1c65dd77a352ec520d7cd33de646
hamakiga1-v1-2026-07-12,2026-07-12,日本のハマキガ1,60,species-2206,コエゾマツアミメヒメハマキ,"Zeiraphera suzukii Oku, 1968","Zeiraphera suzukii Oku, 1968",japanese_exact,33,32,domestic_hosts_recorded,エゾマツ Picea jezoensis var. jesoensis (マツ科)．,1,1,エゾマツ[野外（国内）],verified_complete_no_change,成虫発生時期は 6〜7 月．,出現時期:6-7月,verified_complete_no_change,heading_level_text_audit_no_change,78f75fd532ace774cff181d573c96c04052e1c65dd77a352ec520d7cd33de646
hamakiga1-v1-2026-07-12,2026-07-12,日本のハマキガ1,61,species-2207,ヒロシヒメハマキ,"Zeiraphera hiroshii Kawabe, 1980","Zeiraphera hiroshii Kawabe, 1980",japanese_exact,33,32,domestic_hosts_recorded,ガマズミ Viburnum dilatatum (レンプクソウ科)．,1,1,ガマズミ[野外（国内）],verified_complete_no_change,成虫発生時期は 6〜7 月．幼虫は花芽を綴り，やがて花蕾から花柄まで食い込む (奥，2003)．,出現時期:6-7月 / 生態情報:幼虫は花芽を綴り，やがて花蕾から花柄まで食い込む(奥，2003),verified_complete_no_change,heading_level_text_audit_no_change,78f75fd532ace774cff181d573c96c04052e1c65dd77a352ec520d7cd33de646
hamakiga1-v1-2026-07-12,2026-07-12,日本のハマキガ1,62,species-2208,ハイイロアミメヒメハマキ,"Zeiraphera griseana (Hübner, [1799])","Zeiraphera griseana (Hübner, [1799])",japanese_exact,33,32,domestic_hosts_recorded,カラマツ Larix kaempferi (マツ科)．,1,1,カラマツ[野外（国内）],verified_complete_no_change,成虫発生時期は 6〜8 月．幼虫はカラマツの数本の短枝葉に絹糸を張る．,出現時期:6-8月 / 生態情報:幼虫はカラマツの数本の短枝葉に絹糸を張る,verified_complete_no_change,heading_level_text_audit_no_change,78f75fd532ace774cff181d573c96c04052e1c65dd77a352ec520d7cd33de646
hamakiga1-v1-2026-07-12,2026-07-12,日本のハマキガ1,63,species-2209,カラマツチャイロヒメハマキ,"Zeiraphera lariciana Kawabe, 1980","Zeiraphera lariciana Kawabe, 1980",japanese_exact,34,33,domestic_hosts_recorded,カラマツ Larix kaempferi (マツ科)．,1,1,カラマツ[野外（国内）],verified_complete_no_change,成虫発生時期は 6〜8 月．,出現時期:6-8月,verified_complete_no_change,heading_level_text_audit_no_change,78f75fd532ace774cff181d573c96c04052e1c65dd77a352ec520d7cd33de646
hamakiga1-v1-2026-07-12,2026-07-12,日本のハマキガ1,64,species-2213,ナカオビウスツヤヒメハマキ,"Gypsonoma nitidulana (Lienig & Zeller, 1846)","Gypsonoma nitidulana (Lienig & Zeller, 1846)",japanese_exact,34,33,domestic_hosts_recorded,ヤマナラシ Populus tremula var. sieboldii (ヤナギ科)，クロマメノキ Vaccinium uliginosum var. japonicum (ツツジ科)，キイチゴ属 Rubus (バラ科)．,3,3,ヤマナラシ[野外（国内）] / クロマメノキ[野外（国内）] / キイチゴ属[野外（国内）],verified_complete_no_change,本州では高山帯に分布．成虫発生時期は 6〜7 月．,生態情報:本州では高山帯に分布．成虫発生時期は6 ～7 月,split_emergence_from_ecology,original_pdf_image_confirmed_300dpi_page_34,78f75fd532ace774cff181d573c96c04052e1c65dd77a352ec520d7cd33de646
hamakiga1-v1-2026-07-12,2026-07-12,日本のハマキガ1,65,species-2214,タテヤマヒメハマキ,"Gypsonoma oppressana (Treitschke, 1835)","Gypsonoma oppressana (Treitschke, 1835)",japanese_exact,34,33,domestic_hosts_recorded,セイヨウハコヤナギ (ポプラ) Populus nigra var. italica (ヤナギ科)．,1,1,セイヨウハコヤナギ[野外（国内）],verified_complete_no_change,成虫発生時期は 6〜8 月，9 月にも採集されている．幼虫は新芽を食害する．本州では亜高山 帯で採集された (那須ら，2019)．,出現時期:6-8月，9月にも採集されている / 生態情報:幼虫は新芽を食害する．本州では亜高山帯で採集された(那須ら，2019),verified_complete_no_change,heading_level_text_audit_no_change,78f75fd532ace774cff181d573c96c04052e1c65dd77a352ec520d7cd33de646
hamakiga1-v1-2026-07-12,2026-07-12,日本のハマキガ1,66,species-2215,ポプラヒメハマキ,"Gypsonoma minutana (Hübner, [1799])","Gypsonoma minutana (Hübner, [1799])",japanese_exact,35,34,domestic_hosts_recorded,セイヨウハコヤナギ (ポプラ) Populus nigra var. italica，ヤナギ類 Salix (ヤナギ科)．,2,2,セイヨウハコヤナギ[野外（国内）] / ヤナギ類[野外（国内）],verified_complete_no_change,成虫発生時期は 5〜9 月．,出現時期:5-9月,verified_complete_no_change,heading_level_text_audit_no_change,78f75fd532ace774cff181d573c96c04052e1c65dd77a352ec520d7cd33de646
hamakiga1-v1-2026-07-12,2026-07-12,日本のハマキガ1,67,species-2216,コヤナギヒメハマキ,"Gypsonoma bifasciata Kuznetzov, 1966","Gypsonoma bifasciata Kuznetzov, 1966",japanese_exact,35,34,domestic_hosts_recorded,イヌコリヤナギ Salix integra，キツネヤナギ S. vulpina subsp. vulpina，バッコヤナギ S. caprea，カワヤナギ S. miyabeana subsp. gymnolepis など (ヤナギ科)．,4,4,イヌコリヤナギ[野外（国内）] / キツネヤナギ[野外（国内）] / バッコヤナギ[野外（国内）] / カワヤナギ[野外（国内）],verified_complete_no_change,"成虫発生時期は 6〜9 月．ジャヤナギ S. eriocarpa 上のタマバエ類の虫こぶからも幼虫が得ら れている (Sugiura and Yamazaki, 2002)．","出現時期:6-9月 / 生態情報:ジャヤナギS. eriocarpa 上のタマバエ類の虫こぶからも幼虫が得られている(Sugiura and Yamazaki, 2002)",verified_complete_no_change,heading_level_text_audit_no_change,78f75fd532ace774cff181d573c96c04052e1c65dd77a352ec520d7cd33de646
hamakiga1-v1-2026-07-12,2026-07-12,日本のハマキガ1,68,species-2217,ウスネグロヒメハマキ,"Gypsonoma ephoropa (Meyrick, 1931)","Gypsonoma ephoropa (Meyrick, 1931)",japanese_exact,35,34,domestic_hosts_recorded,ミネヤナギ Salix sp. (ヤナギ科)．,1,1,ミネヤナギ[野外（国内）],verified_complete_no_change,成虫発生時期は 5〜8 月．幼虫は高地のミネヤナギに多いが，成虫は低地でも採れているので 他のヤナギ類にもつくようである (奥，2003)．,出現時期:5-8月 / 生態情報:幼虫は高地のミネヤナギに多いが，成虫は低地でも採れているので他のヤナギ類にもつくようである(奥，2003),verified_complete_no_change,heading_level_text_audit_no_change,78f75fd532ace774cff181d573c96c04052e1c65dd77a352ec520d7cd33de646
hamakiga1-v1-2026-07-12,2026-07-12,日本のハマキガ1,69,species-2218,ネグロヒメハマキ,"Gypsonoma dealbana (Frölich, 1828)","Gypsonoma dealbana (Frölich, 1828)",japanese_exact,35,34,domestic_hosts_recorded,イヌコリヤナギ Salix integra，バッコヤナギ S. caprea，オノエヤナギ S. udensis，カワヤナ ギ S. miyabeana subsp. gymnolepis など (ヤナギ科)，シラカンバ Betula platyphylla，ダケカンバ B. ermanii，タニガワハンノキ Alnus inokumae，ヤマハンノキ A. hirsuta (カバノキ科)．,8,8,イヌコリヤナギ[野外（国内）] / バッコヤナギ[野外（国内）] / オノエヤナギ[野外（国内）] / カワヤナギ[野外（国内）] / シラカンバ[野外（国内）] / ダケカンバ[野外（国内）] / タニガワハンノキ[野外（国内）] / ヤマハンノキ[野外（国内）],verified_complete_no_change,成虫発生時期は 5〜9 月．幼虫は新芽を綴る．,出現時期:5-9月 / 生態情報:幼虫は新芽を綴る,verified_complete_no_change,heading_level_text_audit_no_change,78f75fd532ace774cff181d573c96c04052e1c65dd77a352ec520d7cd33de646
hamakiga1-v1-2026-07-12,2026-07-12,日本のハマキガ1,70,species-2219,カオジロネグロヒメハマキ,"Gypsonoma sociana (Haworth, [1811])","Gypsonoma sociana (Haworth, [1811])",japanese_exact,36,35,domestic_unknown_foreign_hosts_recorded,国内では未知．国外ではヤナギ属 Salix (ヤナギ科)．,0,1,,add_missing_foreign_hosts,成虫発生時期は 6〜7 月．,出現時期:6-7月,verified_complete_no_change,original_pdf_image_confirmed_300dpi_page_36,78f75fd532ace774cff181d573c96c04052e1c65dd77a352ec520d7cd33de646
hamakiga1-v1-2026-07-12,2026-07-12,日本のハマキガ1,71,species-2220,ヒロオビネグロヒメハマキ,"Gypsonoma rivulana Oku, 2005","Gypsonoma rivulana Oku, 2005",japanese_exact,36,35,source_unknown,未知．,0,0,,verified_source_unknown,成虫発生時期は 6〜7 月．ヤナギ Salix 林に多い．,出現時期:6-7月 / 生態情報:ヤナギSalix 林に多い,verified_complete_no_change,heading_level_text_audit_no_change,78f75fd532ace774cff181d573c96c04052e1c65dd77a352ec520d7cd33de646
hamakiga1-v1-2026-07-12,2026-07-12,日本のハマキガ1,72,species-2221,ウスツヤハイイロヒメハマキ,"Gypsonoma attrita Falkovitsh, 1965","Gypsonoma attrita Falkovitsh, 1965",japanese_exact,36,35,domestic_hosts_recorded,イヌコリヤナギ Salix integra，キツネヤナギ S. vulpina subsp. vulpina (ヤナギ科)．,2,2,イヌコリヤナギ[野外（国内）] / キツネヤナギ[野外（国内）],verified_complete_no_change,成虫発生時期は 6〜7 月．,出現時期:6-7月,verified_complete_no_change,heading_level_text_audit_no_change,78f75fd532ace774cff181d573c96c04052e1c65dd77a352ec520d7cd33de646
hamakiga1-v1-2026-07-12,2026-07-12,日本のハマキガ1,73,species-2222,ムモンハイイロヒメハマキ,"Gypsonoma holocrypta (Meyrick, 1931)","Gypsonoma holocrypta (Meyrick, 1931)",japanese_exact,36,35,domestic_hosts_recorded,イヌコリヤナギ Salix integra，キツネヤナギ S. vulpina subsp. vulpina，オノエヤナギ S. udensis，カワヤナギ S. miyabeana subsp. gymnolepis (ヤナギ科)．,4,4,イヌコリヤナギ[野外（国内）] / キツネヤナギ[野外（国内）] / オノエヤナギ[野外（国内）] / カワヤナギ[野外（国内）],verified_complete_no_change,"成虫発生時期は 5〜7 月．ジャヤナギ S. eriocarpa 上のヤナギマルタマバエ Rabdophaga rigidae の虫こぶを摂食している幼虫が発見されている (Sugiura and Yamazaki, 2002)．","出現時期:5-7月 / 生態情報:ジャヤナギS. eriocarpa 上のヤナギマルタマバエRabdophaga rigidae の虫こぶを摂食している幼虫が発見されている(Sugiura and Yamazaki, 2002)",verified_complete_no_change,heading_level_text_audit_no_change,78f75fd532ace774cff181d573c96c04052e1c65dd77a352ec520d7cd33de646
hamakiga1-v1-2026-07-12,2026-07-12,日本のハマキガ1,74,species-2223,ウスモンハイイロヒメハマキ,"Gypsonoma maritima Kuznetzov, 1970","Gypsonoma maritima Kuznetzov, 1970",japanese_exact,37,36,source_unknown,未知．,0,0,,verified_source_unknown,成虫発生時期は 6〜7 月．,出現時期:6-7月,verified_complete_no_change,heading_level_text_audit_no_change,78f75fd532ace774cff181d573c96c04052e1c65dd77a352ec520d7cd33de646
hamakiga1-v1-2026-07-12,2026-07-12,日本のハマキガ1,75,species-2224,アカムラサキヒメハマキ,"Gypsonoma erubesca Kawabe, 1978","Gypsonoma erubesca Kawabe, 1978",japanese_exact,37,36,domestic_hosts_recorded,キバナシャクナゲ Rhododendron aureum (ツツジ科)．,1,1,キバナシャクナゲ[野外（国内）],verified_complete_no_change,成虫発生時期は 7〜8 月．幼虫は新芽に潜る．,出現時期:7-8月 / 生態情報:幼虫は新芽に潜る,verified_complete_no_change,heading_level_text_audit_no_change,78f75fd532ace774cff181d573c96c04052e1c65dd77a352ec520d7cd33de646
hamakiga1-v1-2026-07-12,2026-07-12,日本のハマキガ1,76,species-2225,ムジシロチャヒメハマキ,"Gypsonoma kawabei Nasu & Kusunoki, 1998","Gypsonoma kawabei Nasu & Kusunoki, 1998",japanese_exact,37,36,source_unknown,未知．,0,0,,verified_source_unknown,成虫発生時期は 6〜9 月．,出現時期:6-9月,verified_complete_no_change,heading_level_text_audit_no_change,78f75fd532ace774cff181d573c96c04052e1c65dd77a352ec520d7cd33de646
hamakiga1-v1-2026-07-12,2026-07-12,日本のハマキガ1,77,species-2227,マツアカシンムシ,"Rhyacionia dativa Heinrich, 1928","Rhyacionia dativa Heinrich, 1928",japanese_exact,38,37,domestic_hosts_recorded,クロマツ Pinus thunbergii (マツ科)．奄美大島ではリュウキュウマツ P. luchuensis を摂食 している可能性がある．中国ではタイワンアカマツ P. massoniana が記録されている．,1,2,クロマツ[野外（国内）],add_missing_foreign_hosts,成虫発生時期は 4〜5 月と 7〜8 月．幼虫は新梢側枝に食入したり，球果の表面を食害したり する．,"出現時期:4-5月,7-8月 / 生態情報:幼虫は新梢側枝に食入したり，球果の表面を食害したりする / 生態情報:奄美大島ではリュウキュウマツP. luchuensis を摂食している可能性がある．中国ではタイワンアカマツP. massoniana が記録されている",remove_inference_retain_objective_content,original_pdf_image_confirmed_300dpi_page_38,78f75fd532ace774cff181d573c96c04052e1c65dd77a352ec520d7cd33de646
hamakiga1-v1-2026-07-12,2026-07-12,日本のハマキガ1,78,species-2228,ワシヤシントメヒメハマキ,"Rhyacionia washiyai (Kôno & Sawamoto, 1940)","Rhyacionia washiyai Kono & Sawamoto, 1940",japanese_exact,38,37,domestic_hosts_recorded,ヨーロッパクロマツ Pinus nigra，ハイマツ P. pumila (マツ科)．,2,2,ヨーロッパクロマツ[野外（国内）] / ハイマツ[野外（国内）],verified_complete_no_change,成虫発生時期は 6〜8 月．幼虫は新梢に潜る．,出現時期:6-8月 / 生態情報:幼虫は新梢に潜る,verified_complete_no_change,heading_level_text_audit_no_change,78f75fd532ace774cff181d573c96c04052e1c65dd77a352ec520d7cd33de646
hamakiga1-v1-2026-07-12,2026-07-12,日本のハマキガ1,79,species-2229,ニセマツアカヒメハマキ,"Rhyacionia pinivorana (Lienig & Zeller, 1846)","Rhyacionia pinivorana (Lienig & Zeller, 1846)",japanese_exact,38,37,domestic_hosts_recorded,クロマツ Pinus thunbergii (マツ科)．ヨーロッパではヨーロッパアカマツ P. sylvestris．,1,2,クロマツ[野外（国内）],add_missing_foreign_hosts,成虫発生時期は 5〜7 月．幼虫は新梢に潜る．,出現時期:5-7月 / 生態情報:幼虫は新梢に潜る / 生態情報:ヨーロッパではヨーロッパアカマツP. sylvestris,verified_complete_no_change,original_pdf_image_confirmed_300dpi_page_38,78f75fd532ace774cff181d573c96c04052e1c65dd77a352ec520d7cd33de646
hamakiga1-v1-2026-07-12,2026-07-12,日本のハマキガ1,80,species-2230,マツツマアカシンムシ,"Rhyacionia simulata Heinrich, 1928","Rhyacionia simulata Heinrich, 1928",japanese_exact,38,37,domestic_hosts_recorded,アカマツ Pinus densiflora，クロマツ P. thunbergii，ムゴマツ (モンタナマツ) P. mugo (マ ツ科)．,3,3,アカマツ[野外（国内）] / クロマツ[野外（国内）] / ムゴマツ[野外（国内）],verified_complete_no_change,成虫発生時期は関西では 2〜4 月，東北では 4〜6 月．幼虫はマツ類の新梢や球果に潜る．幼 生期については，駒井ら (2011) に詳しい．,出現時期:関西では2-4月，東北では4-6月 / 生態情報:幼虫はマツ類の新梢や球果に潜る．幼生期については，駒井ら(2011)に詳しい,verified_complete_no_change,heading_level_text_audit_no_change,78f75fd532ace774cff181d573c96c04052e1c65dd77a352ec520d7cd33de646
hamakiga1-v1-2026-07-12,2026-07-12,日本のハマキガ1,81,species-2231,アトシロモンヒメハマキ,"Rhyacionia vernalis Nasu & Kawahara, 2004","Rhyacionia vernalis Nasu & Kawahara, 2004",japanese_exact,39,38,source_unknown,未知．,0,0,,verified_source_unknown,"成虫発生時期は 4〜5 月．北海道では，成虫が日中にオニグルミ Juglans mandshurica var. sachalinensis (クルミ科) の枝に静止していたり，多数の成虫が枝上を飛翔したりしているのが観察さ れているため，オニグルミが寄主の可能性がある (Nasu and Kawahara, 2004)．","出現時期:4-5月 / 生態情報:北海道では，成虫が日中にオニグルミJuglans mandshurica var. sachalinensis (クルミ科)の枝に静止していたり，多数の成虫が枝上を飛翔したりしているのが観察されているため，オニグルミが寄主の可能性がある(Nasu and Kawahara, 2004)",remove_inference_retain_objective_content,original_pdf_image_confirmed_300dpi_page_39,78f75fd532ace774cff181d573c96c04052e1c65dd77a352ec520d7cd33de646
hamakiga1-v1-2026-07-12,2026-07-12,日本のハマキガ1,82,species-2210,アトフタモンヒメハマキ,"Phaneta bimaculata (Kuznetzov, 1966)","Phaneta bimaculata (Kuznetzov, 1966)",japanese_exact,39,38,source_unknown,未知．,0,0,,verified_source_unknown,成虫発生時期は 4〜6 月．,出現時期:4-6月,verified_complete_no_change,heading_level_text_audit_no_change,78f75fd532ace774cff181d573c96c04052e1c65dd77a352ec520d7cd33de646
hamakiga1-v1-2026-07-12,2026-07-12,日本のハマキガ1,83,species-2211,ミナミフタモンヒメハマキ,"Phaneta nagaii Nasu, 2012","Phaneta nagaii Nasu, 2012",japanese_exact,39,38,source_unknown,未知．,0,0,,verified_source_unknown,成虫発生時期は 3 月．,出現時期:3月,verified_complete_no_change,heading_level_text_audit_no_change,78f75fd532ace774cff181d573c96c04052e1c65dd77a352ec520d7cd33de646
hamakiga1-v1-2026-07-12,2026-07-12,日本のハマキガ1,84,species-2212,クロコウスオビヒメハマキ,"Phaneta kurokoi Nasu, 2020","Phaneta kurokoi Nasu, 2020",japanese_exact,40,39,domestic_hosts_recorded,シマサルスベリ Lagerstroemia subcostata (ミソハギ科)．,1,1,シマサルスベリ[野外（国内）],verified_complete_no_change,幼虫は，シマサルスベリの葉を 2〜3 枚綴るか折りたたみ，中に潜みながら摂食し，葉の表面 に多数の小孔を開ける．,生態情報:幼虫は，シマサルスベリの葉を2 ～3 枚綴るか折りたたみ，中に潜みながら摂食し，葉の表面に多数の小孔を開ける,normalize_ocr_layout_gap,original_pdf_image_confirmed_300dpi_page_40,78f75fd532ace774cff181d573c96c04052e1c65dd77a352ec520d7cd33de646
hamakiga1-v1-2026-07-12,2026-07-12,日本のハマキガ1,85,species-2285,チャイロヒメハマキ,"Epibactra usuiana Kawabe, 1976","Epibactra usuiana Kawabe, 1976",japanese_exact,40,39,source_unknown,未知．,0,0,,verified_source_unknown,成虫発生時期は 6 月．,出現時期:6月,verified_complete_no_change,heading_level_text_audit_no_change,78f75fd532ace774cff181d573c96c04052e1c65dd77a352ec520d7cd33de646
hamakiga1-v1-2026-07-12,2026-07-12,日本のハマキガ1,86,species-2260,オオカバスソモンヒメハマキ,"Eucosma rigidana (Snellen, 1883)","Eucosma rigidana (Snellen, 1883)",japanese_exact,41,40,source_unknown,未知．,0,0,,verified_source_unknown,成虫発生時期は 5〜9 月．,出現時期:5-9月,verified_complete_no_change,heading_level_text_audit_no_change,78f75fd532ace774cff181d573c96c04052e1c65dd77a352ec520d7cd33de646
hamakiga1-v1-2026-07-12,2026-07-12,日本のハマキガ1,87,species-2261,マエグロスソモンヒメハマキ,"Eucosma obumbratana (Lienig & Zeller, 1846)","Eucosma obumbratana (Lienig & Zeller, 1846)",japanese_exact,41,40,domestic_unknown_foreign_hosts_recorded,国内では未知．ヨーロッパでは，コウゾリナ Picris hieracioides，ヤグルマギク Cyanus segetum，ノゲシ Lactuca の仲間 (キク科)．,0,3,,add_missing_foreign_hosts,成虫発生時期は 5〜9 月．幼虫は寄主の花を綴る．,出現時期:5-9月 / 生態情報:幼虫は寄主の花を綴る,verified_complete_no_change,original_pdf_image_confirmed_300dpi_page_41,78f75fd532ace774cff181d573c96c04052e1c65dd77a352ec520d7cd33de646
hamakiga1-v1-2026-07-12,2026-07-12,日本のハマキガ1,88,species-2262,アザミスソモンヒメハマキ,"Eucosma cana (Haworth, [1811])","Eucosma cana (Haworth, [1811])",japanese_exact,41,40,domestic_unknown_foreign_hosts_recorded,国内では未知．ヨーロッパでは，アメリカオニアザミ Cirsium vulgare，ヤグルマギク Cyanus segetum，ヒレアザミ Carduus の仲間 (キク科)．,0,3,,add_missing_foreign_hosts,成虫発生時期は 5〜8 月．幼虫はアザミ類の花内にいる．,出現時期:5-8月 / 生態情報:幼虫はアザミ類の花内にいる,verified_complete_no_change,original_pdf_image_confirmed_300dpi_page_41,78f75fd532ace774cff181d573c96c04052e1c65dd77a352ec520d7cd33de646
hamakiga1-v1-2026-07-12,2026-07-12,日本のハマキガ1,89,species-2263,オオハイスソモンヒメハマキ,"Eucosma discernata Kuznetzov, 1966","Eucosma discernata Kuznetzov, 1966",japanese_exact,42,41,source_unknown,未知．,0,0,,verified_source_unknown,成虫発生時期は 5〜9 月．,出現時期:5-9月,verified_complete_no_change,heading_level_text_audit_no_change,78f75fd532ace774cff181d573c96c04052e1c65dd77a352ec520d7cd33de646
hamakiga1-v1-2026-07-12,2026-07-12,日本のハマキガ1,90,species-2264,オオコゲチャスソモンヒメハマキ,"Eucosma denigratana (Kennel, 1901)","Eucosma denigratana (Kennel, 1901)",japanese_exact,42,41,source_unknown,未知．,0,0,,verified_source_unknown,成虫発生時期は 8〜9 月,出現時期:8-9月,verified_complete_no_change,heading_level_text_audit_no_change,78f75fd532ace774cff181d573c96c04052e1c65dd77a352ec520d7cd33de646
hamakiga1-v1-2026-07-12,2026-07-12,日本のハマキガ1,91,species-2265,コゲチャスソモンヒメハマキ,"Eucosma yasudai Nasu, 1982","Eucosma yasudai Nasu, 1982",japanese_exact,42,41,source_unknown,未知．,0,0,,verified_source_unknown,成虫発生時期は 7〜9 月．,出現時期:7-9月,verified_complete_no_change,heading_level_text_audit_no_change,78f75fd532ace774cff181d573c96c04052e1c65dd77a352ec520d7cd33de646
hamakiga1-v1-2026-07-12,2026-07-12,日本のハマキガ1,92,species-2266,キガシラスソモンヒメハマキ,"Eucosma confunda Kuznetzov, 1966","Eucosma confunda Kuznetzov, 1966",japanese_exact,42,41,source_unknown,未知．,0,0,,verified_source_unknown,成虫発生時期は 6〜9 月．,出現時期:6-9月,verified_complete_no_change,heading_level_text_audit_no_change,78f75fd532ace774cff181d573c96c04052e1c65dd77a352ec520d7cd33de646
hamakiga1-v1-2026-07-12,2026-07-12,日本のハマキガ1,93,species-2267,ソトジロトガリヒメハマキ,"Eucosma catharaspis (Meyrick, 1922)","Eucosma catharaspis (Meyrick, 1922)",japanese_exact,43,42,source_unknown,未知．,0,0,,verified_source_unknown,成虫発生時期は 8〜9 月．,出現時期:8-9月,verified_complete_no_change,heading_level_text_audit_no_change,78f75fd532ace774cff181d573c96c04052e1c65dd77a352ec520d7cd33de646
hamakiga1-v1-2026-07-12,2026-07-12,日本のハマキガ1,94,species-2268,スソモンハイイロヒメハマキ,"Eucosma certana Kuznetzov, 1967","Eucosma certana Kuznetzov, 1967",japanese_exact,43,42,source_unknown,未知．,0,0,,verified_source_unknown,成虫発生時期は 8 月．,出現時期:8月,verified_complete_no_change,heading_level_text_audit_no_change,78f75fd532ace774cff181d573c96c04052e1c65dd77a352ec520d7cd33de646
hamakiga1-v1-2026-07-12,2026-07-12,日本のハマキガ1,95,species-2269,ニセモンシロスソモンヒメハマキ,"Eucosma campoliliana ([Denis & Schiffermüller], 1775)","Eucosma campoliliana (Denis & Schiffermüller, 1775)",japanese_exact,43,42,domestic_unknown_foreign_hosts_recorded,国内では未知．ヨーロッパではキオン属 Senecio (キク科)．,0,1,,add_missing_foreign_hosts,成虫発生時期は 5〜8 月．幼虫は花内にいる．,出現時期:5-8月 / 生態情報:幼虫は花内にいる,verified_complete_no_change,original_pdf_image_confirmed_300dpi_page_43,78f75fd532ace774cff181d573c96c04052e1c65dd77a352ec520d7cd33de646
hamakiga1-v1-2026-07-12,2026-07-12,日本のハマキガ1,96,species-2270,モンシロスソモンヒメハマキ,"Eucosma niveicaput (Walsingham, 1900)","Eucosma niveicaput (Walsingham, 1900)",japanese_exact,43,42,source_unknown,未知．,0,0,,verified_source_unknown,成虫発生時期は 5〜8 月．,出現時期:5-8月,verified_complete_no_change,heading_level_text_audit_no_change,78f75fd532ace774cff181d573c96c04052e1c65dd77a352ec520d7cd33de646
hamakiga1-v1-2026-07-12,2026-07-12,日本のハマキガ1,97,species-2271,クロモンシロヒメハマキ,"Eucosma brachysticta Meyrick, 1935","Eucosma brachysticta Meyrick, 1935",japanese_exact,44,43,source_unknown,未知．,0,0,,verified_source_unknown,成虫発生時期は 8 月．,出現時期:8月,verified_complete_no_change,heading_level_text_audit_no_change,78f75fd532ace774cff181d573c96c04052e1c65dd77a352ec520d7cd33de646
hamakiga1-v1-2026-07-12,2026-07-12,日本のハマキガ1,98,species-2272,カバイロスソモンヒメハマキ,"Eucosma glebana (Snellen, 1883)","Eucosma glebana (Snellen, 1883)",japanese_exact,44,43,source_unknown,未知．,0,0,,verified_source_unknown,成虫発生時期は 5〜6 月．,出現時期:5-6月,verified_complete_no_change,heading_level_text_audit_no_change,78f75fd532ace774cff181d573c96c04052e1c65dd77a352ec520d7cd33de646
hamakiga1-v1-2026-07-12,2026-07-12,日本のハマキガ1,99,species-2273,コカバスソモンヒメハマキ,"Eucosma striatiradix Kuznetzov, 1964","Eucosma striatiradix Kuznetzov, 1964",japanese_exact,44,43,source_unknown,未知．,0,0,,verified_source_unknown,成虫発生時期は 7〜9 月．,出現時期:7-9月,verified_complete_no_change,heading_level_text_audit_no_change,78f75fd532ace774cff181d573c96c04052e1c65dd77a352ec520d7cd33de646
hamakiga1-v1-2026-07-12,2026-07-12,日本のハマキガ1,100,species-2274,シロズスソモンヒメハマキ,"Eucosma aemulana (Schläger, 1848)","Eucosma aemulana (Schläger, 1848)",japanese_exact,44,43,domestic_unknown_foreign_hosts_recorded,国内では未知．ヨーロッパではアキノキリンソウ Solidago virgaurea (キク科)．,0,1,,add_missing_foreign_hosts,成虫発生時期は 8 月．成虫はオオヨモギの群生地に多い (奥， 2003)．幼虫は寄主の花内にいる．,出現時期:8月 / 生態情報:成虫はオオヨモギの群生地に多い(奥，2003)．幼虫は寄主の花内にいる,verified_complete_no_change,original_pdf_image_confirmed_300dpi_page_44,78f75fd532ace774cff181d573c96c04052e1c65dd77a352ec520d7cd33de646
hamakiga1-v1-2026-07-12,2026-07-12,日本のハマキガ1,101,species-2275,ミヤマスソモンヒメハマキ,"Eucosma aspidiscana (Hübner, [1817])","Eucosma aspidiscana (Hübner, [1817])",japanese_exact,45,44,domestic_unknown_foreign_hosts_recorded,国内では未知．ヨーロッパではアキノキリンソウ Solidago virgaurea，シオン属 Aster (キ ク科)．,0,2,,add_missing_foreign_hosts,成虫発生時期は 6〜7 月．幼虫は寄主の芽を綴ったり，花床内に潜ったりする．,出現時期:6-7月 / 生態情報:幼虫は寄主の芽を綴ったり，花床内に潜ったりする,verified_complete_no_change,original_pdf_image_confirmed_300dpi_page_45,78f75fd532ace774cff181d573c96c04052e1c65dd77a352ec520d7cd33de646
hamakiga1-v1-2026-07-12,2026-07-12,日本のハマキガ1,102,species-2276,トビモンシロヒメハマキ,"Eucosma metzneriana (Treitschke, 1830)","Eucosma metzneriana (Treitschke, 1830)",japanese_exact,45,44,domestic_hosts_recorded,ヨ モ ギ Artemisia indica var. maximowiczii， オ オ ヨ モ ギ A. montana， ニ ガ ヨ モ ギ A. absinthium，栽培キク Chrysanthemum × morifolium (キク科)．,5,4,ヨモギ[野外（国内）] / オオヨモギ[野外（国内）] / ニガヨモギ[野外（国内）] / キク[野外（国内）] / キク[野外（国内）],merge_duplicate_and_correct_plant_part,成虫発生時期は 5〜9 月．幼虫は茎の先端に食入し，虫こぶをつくる．蛹化は虫こぶ内で行わ れる．幼虫越冬．幼生期については，駒井ら (2011) に詳しい．,出現時期:5-9月 / 生態情報:幼虫は茎の先端に食入し，虫こぶをつくる．蛹化は虫こぶ内で行われる．幼虫越冬．幼生期については，駒井ら(2011)に詳しい,verified_complete_no_change,original_pdf_image_confirmed_300dpi_page_45,78f75fd532ace774cff181d573c96c04052e1c65dd77a352ec520d7cd33de646
hamakiga1-v1-2026-07-12,2026-07-12,日本のハマキガ1,103,species-2277,トビモンヒメハマキ,"Eucosma lignana (Snellen, 1883)","Eucosma lignana (Snellen, 1883)",japanese_exact,45,44,source_unknown,未知．,0,0,,verified_source_unknown,成虫発生時期は 7 月．,出現時期:7月,verified_complete_no_change,heading_level_text_audit_no_change,78f75fd532ace774cff181d573c96c04052e1c65dd77a352ec520d7cd33de646
hamakiga1-v1-2026-07-12,2026-07-12,日本のハマキガ1,104,species-2278,ホソバシロヒメハマキ,"Eucosma lacteata (Treitschke, 1835)","Eucosma lacteata (Treitschke, 1835)",japanese_exact,45,44,domestic_hosts_recorded,ヨモギ Artemisia indica var. maximowiczii (キク科)．,1,1,ヨモギ[野外（国内）],verified_complete_no_change,成虫発生時期は 8 月．幼虫はヨモギの総花を綴る．,出現時期:8月 / 生態情報:幼虫はヨモギの総花を綴る,verified_complete_no_change,heading_level_text_audit_no_change,78f75fd532ace774cff181d573c96c04052e1c65dd77a352ec520d7cd33de646
hamakiga1-v1-2026-07-12,2026-07-12,日本のハマキガ1,105,species-2279,スソクロモンアカチャヒメハマキ,"Eucosma ommatoptera Falkovitsh, 1965","Eucosma ommatoptera Falkovitsh, 1965",japanese_exact,46,45,source_unknown,未知．,0,0,,verified_source_unknown,成虫発生時期は 7〜8 月．オオヨモギ Artemisia montana (キク科) 群落に多い (奥，2003)．,出現時期:7-8月 / 生態情報:オオヨモギArtemisia montana (キク科)群落に多い(奥，2003),verified_complete_no_change,heading_level_text_audit_no_change,78f75fd532ace774cff181d573c96c04052e1c65dd77a352ec520d7cd33de646
hamakiga1-v1-2026-07-12,2026-07-12,日本のハマキガ1,106,species-2280,スソクロモンヒメハマキ,"Eucosma abacana (Erschoff, 1877)","Eucosma abacana (Erschoff, 1877)",japanese_exact,46,45,source_unknown,未知．,0,0,,verified_source_unknown,成虫発生時期は 8 月．,出現時期:8月,verified_complete_no_change,heading_level_text_audit_no_change,78f75fd532ace774cff181d573c96c04052e1c65dd77a352ec520d7cd33de646
hamakiga1-v1-2026-07-12,2026-07-12,日本のハマキガ1,107,species-2281,ウスチャスソモンヒメハマキ,"Eucosma wimmerana (Treitschke, 1835)","Eucosma wimmerana (Treitschke, 1835)",japanese_exact,46,45,domestic_unknown_foreign_hosts_recorded,国内では未知．ヨーロッパではヨモギ属 Artemisia (キク科)．,0,1,,add_missing_foreign_hosts,成虫発生時期は 5〜6 月．幼虫は寄主の枝に虫こぶをつくる．,出現時期:5-6月 / 生態情報:幼虫は寄主の枝に虫こぶをつくる,verified_complete_no_change,original_pdf_image_confirmed_300dpi_page_46,78f75fd532ace774cff181d573c96c04052e1c65dd77a352ec520d7cd33de646
hamakiga1-v1-2026-07-12,2026-07-12,日本のハマキガ1,108,species-2282,オヒルギヒメハマキ,"Eucosma coniogramma Clarke, 1976","Eucosma coniogramma Clarke, 1976",japanese_exact,46,45,domestic_hosts_recorded,オヒルギ Bruguiera gymnorhiza (ヒルギ科)．46,1,1,オヒルギ[野外（国内）],verified_complete_no_change,成虫は沖縄では周年発生しているようである．幼虫はいわゆる胎生種子の実生の中に食入し， 蛹化もその中で行われる．幼生期については，駒井ら (2011) に詳しい．,出現時期:周年（沖縄） / 生態情報:幼虫はいわゆる胎生種子の実生の中に食入し，蛹化もその中で行われる．幼生期については，駒井ら(2011)に詳しい,verified_complete_no_change,heading_level_text_audit_no_change,78f75fd532ace774cff181d573c96c04052e1c65dd77a352ec520d7cd33de646
hamakiga1-v1-2026-07-12,2026-07-12,日本のハマキガ1,109,species-2256,コツマキクロヒメハマキ,"Hendecaneura apicipictum Walsingham, 1900","Hendecaneura apicipictum Walsingham, 1900",japanese_exact,47,46,domestic_hosts_recorded,ハクウンボク Styrax obassia (エゴノキ科)．,1,1,ハクウンボク[野外（国内）],verified_complete_no_change,成虫発生時期は 5〜7 月．,出現時期:5-7月,verified_complete_no_change,heading_level_text_audit_no_change,78f75fd532ace774cff181d573c96c04052e1c65dd77a352ec520d7cd33de646
hamakiga1-v1-2026-07-12,2026-07-12,日本のハマキガ1,110,species-2257,ツマキクロヒメハマキ,"Hendecaneura cervinum Walsingham, 1900","Hendecaneura cervinum Walsingham, 1900",japanese_exact,47,46,domestic_hosts_recorded,エゴノキ Styrax japonicus，ハクウンボク S. obassia (エゴノキ科)．,2,2,エゴノキ[野外（国内）] / ハクウンボク[野外（国内）],verified_complete_no_change,成虫発生時期は 5〜7 月．幼虫は寄主の未展開の新芽を食する (奥，2003)．,出現時期:5-7月 / 生態情報:幼虫は寄主の未展開の新芽を食する(奥，2003),verified_complete_no_change,heading_level_text_audit_no_change,78f75fd532ace774cff181d573c96c04052e1c65dd77a352ec520d7cd33de646
hamakiga1-v1-2026-07-12,2026-07-12,日本のハマキガ1,111,species-2258,オオツマキクロヒメハマキ,"Hendecaneura impar Walsingham, 1900","Hendecaneura impar Walsingham, 1900",japanese_exact,47,46,domestic_hosts_recorded,エゴノキ Styrax japonicus，ハクウンボク S. obassia (エゴノキ科)．,2,2,エゴノキ[野外（国内）] / ハクウンボク[野外（国内）],verified_complete_no_change,成虫発生時期は 6〜9 月．幼虫はエゴノキでは数枚の葉を，ハクウンボクでは 1 枚の葉を葉巻 状に巻く．幼生期については，駒井ら (2011) に詳しい．,出現時期:6-9月 / 生態情報:幼虫はエゴノキでは数枚の葉を，ハクウンボクでは1 枚の葉を葉巻状に巻く．幼生期については，駒井ら(2011)に詳しい,normalize_ocr_layout_gap,original_pdf_image_confirmed_300dpi_page_47,78f75fd532ace774cff181d573c96c04052e1c65dd77a352ec520d7cd33de646
hamakiga1-v1-2026-07-12,2026-07-12,日本のハマキガ1,112,species-2259,ツツジヒメシンクイ,"Hendecaneura rhododendrophaga Nasu & Komai, 1997","Hendecaneura rhododendrophaga Nasu & Komai, 1997",japanese_exact,48,47,domestic_hosts_recorded,ヒラドツツジ Rhododendron × pulchrum (ツツジ科)．,1,1,ヒラドツツジ[野外（国内）],verified_complete_no_change,成虫発生時期は 4〜5 月．幼虫はヒラドツツジの当年枝の先端に食入する．幼虫越冬．幼生期 については，駒井ら (2011) に詳しい．,出現時期:4-5月 / 生態情報:幼虫はヒラドツツジの当年枝の先端に食入する．幼虫越冬．幼生期については，駒井ら(2011)に詳しい,verified_complete_no_change,heading_level_text_audit_no_change,78f75fd532ace774cff181d573c96c04052e1c65dd77a352ec520d7cd33de646
hamakiga1-v1-2026-07-12,2026-07-12,日本のハマキガ1,113,species-2243,キガシラアカネヒメハマキ,"Lepteucosma huebneriana (Koçak, 1980)","Lepteucosma huebneriana (Koçak, 1980)",japanese_exact,48,47,domestic_hosts_recorded,モミジイチゴ Rubus palmatus var. coptophyllus，クマイチゴ R. crataegifolius，ナワシロイチ ゴ R. parvifolius (バラ科)．,3,3,モミジイチゴ[野外（国内）] / クマイチゴ[野外（国内）] / ナワシロイチゴ[野外（国内）],verified_complete_no_change,成虫発生時期は 6〜9 月．幼虫は寄主の先端葉を強く曲げて綴る．幼生期については，駒井ら (2011) に詳しい．,出現時期:6-9月 / 生態情報:幼虫は寄主の先端葉を強く曲げて綴る．幼生期については，駒井ら(2011)に詳しい,verified_complete_no_change,heading_level_text_audit_no_change,78f75fd532ace774cff181d573c96c04052e1c65dd77a352ec520d7cd33de646
hamakiga1-v1-2026-07-12,2026-07-12,日本のハマキガ1,114,species-2244,ホウロクイチゴヒメハマキ,"Lepteucosma hirokoyamamotoae Nasu, 2012","Lepteucosma hirokoyamamotoae Nasu, 2012",japanese_exact,48,47,domestic_hosts_recorded,ホウロクイチゴ Rubus sieboldii (バラ科)．,1,1,ホウロクイチゴ[野外（国内）],verified_complete_no_change,成虫発生時期は 3〜7 月．年数化らしい．幼虫は寄主の葉縁を折り曲げたり， 新葉を綴ったり， 花や果実に潜ったりする．,出現時期:3-7月 / 生態情報:年数化らしい．幼虫は寄主の葉縁を折り曲げたり，新葉を綴ったり，花や果実に潜ったりする,verified_complete_no_change,heading_level_text_audit_no_change,78f75fd532ace774cff181d573c96c04052e1c65dd77a352ec520d7cd33de646
hamakiga1-v1-2026-07-12,2026-07-12,日本のハマキガ1,115,species-2245,クロオビトビヒメハマキ,"Lepteucosma kamasawae Nasu, 2012","Lepteucosma kamasawae Nasu, 2012",japanese_exact,49,48,source_unknown,未知．,0,0,,verified_source_unknown,成虫発生時期は 6 月．,出現時期:6月,verified_complete_no_change,heading_level_text_audit_no_change,78f75fd532ace774cff181d573c96c04052e1c65dd77a352ec520d7cd33de646
hamakiga1-v1-2026-07-12,2026-07-12,日本のハマキガ1,116,species-2246,キベリヒメハマキ,"Lepteucosma shikokuensis (Kawabe, 1984)","Lepteucosma shikokuensis (Kawabe, 1984)",japanese_exact,49,48,source_unknown,未知．,0,0,,verified_source_unknown,成虫発生時期は 6〜9 月．,出現時期:6-9月,verified_complete_no_change,heading_level_text_audit_no_change,78f75fd532ace774cff181d573c96c04052e1c65dd77a352ec520d7cd33de646
hamakiga1-v1-2026-07-12,2026-07-12,日本のハマキガ1,117,species-2238,バラシロヒメハマキ,"Notocelia rosaecolana (Doubleday, 1850)","Notocelia rosaecolana (Doubleday, 1850)",japanese_exact,49,48,domestic_hosts_recorded,ノイバラ Rosa multiflora，ハマナス R. rugosa，園芸バラ Rosa (バラ科)．,3,3,ノイバラ[野外（国内）] / ハマナス[野外（国内）] / 園芸バラ[野外（国内）],verified_complete_no_change,成虫発生時期は 4〜7 月．幼虫はノイバラなどの新葉を粗く綴る．園芸バラの害虫としても知 られる．幼生期については，駒井ら (2011) に詳しい．,出現時期:4-7月 / 生態情報:幼虫はノイバラなどの新葉を粗く綴る．園芸バラの害虫としても知られる．幼生期については，駒井ら(2011)に詳しい,verified_complete_no_change,heading_level_text_audit_no_change,78f75fd532ace774cff181d573c96c04052e1c65dd77a352ec520d7cd33de646
hamakiga1-v1-2026-07-12,2026-07-12,日本のハマキガ1,118,species-2239,ハマナスヒメハマキ,"Notocelia plumbea Nasu, 1980","Notocelia plumbea Nasu, 1980",japanese_exact,50,49,domestic_hosts_recorded,ハマナス Rosa rugosa (バラ科)．,1,1,ハマナス[野外（国内）],verified_complete_no_change,成虫発生時期は 6〜8 月．幼虫はハマナスの新葉を綴る．ホロタイプの成虫と♂交尾器を図示 した．,出現時期:6-8月 / 生態情報:幼虫はハマナスの新葉を綴る．ホロタイプの成虫と♂交尾器を図示した,verified_complete_no_change,heading_level_text_audit_no_change,78f75fd532ace774cff181d573c96c04052e1c65dd77a352ec520d7cd33de646
hamakiga1-v1-2026-07-12,2026-07-12,日本のハマキガ1,119,species-2240,エゾシロヒメハマキ,"Notocelia incarnatana (Hübner, [1799])","Notocelia incarnatana (Hübner, [1796-99])",japanese_exact,50,49,domestic_hosts_recorded,ハマナス Rosa rugosa (バラ科)．,1,1,ハマナス[野外（国内）],verified_complete_no_change,成虫発生時期は 8〜9 月．幼虫はハマナスの新葉を綴る．,出現時期:8-9月 / 生態情報:幼虫はハマナスの新葉を綴る,verified_complete_no_change,heading_level_text_audit_no_change,78f75fd532ace774cff181d573c96c04052e1c65dd77a352ec520d7cd33de646
hamakiga1-v1-2026-07-12,2026-07-12,日本のハマキガ1,120,species-2241,ニセバラシロヒメハマキ,"Notocelia nimia Falkovitsh, 1965","Notocelia nimia Falkovitsh, 1965",japanese_exact,50,49,domestic_hosts_recorded,ノイバラ Rosa multiflora (バラ科)．,1,1,ノイバラ[野外（国内）],verified_complete_no_change,成虫発生時期は 5〜7 月．幼虫は寄主の新葉を綴る．,出現時期:5-7月 / 生態情報:幼虫は寄主の新葉を綴る,verified_complete_no_change,heading_level_text_audit_no_change,78f75fd532ace774cff181d573c96c04052e1c65dd77a352ec520d7cd33de646
hamakiga1-v1-2026-07-12,2026-07-12,日本のハマキガ1,121,species-2242,ミナミモッコクヒメハマキ,"Notocelia yakushimensis Kawabe, 1974","Notocelia yakushimensis Kawabe, 1974",japanese_exact,50,49,domestic_hosts_recorded,モッコク Ternstroemia gymnanthera (モッコク科)．,1,1,モッコク[野外（国内）],verified_complete_no_change,成虫発生時期は 6 月．幼虫はモッコクの葉を綴る．,出現時期:6月 / 生態情報:幼虫はモッコクの葉を綴る,verified_complete_no_change,heading_level_text_audit_no_change,78f75fd532ace774cff181d573c96c04052e1c65dd77a352ec520d7cd33de646
hamakiga1-v1-2026-07-12,2026-07-12,日本のハマキガ1,122,species-2247,ヨモギネムシガ,"Epiblema foenella (Linnaeus, 1758)","Epiblema foenella (Linnaeus, 1758)",japanese_exact,51,50,domestic_hosts_recorded,ヨモギ Artemisia indica var. maximowiczii，オオヨモギ A. montana (キク科)．,2,2,ヨモギ[野外（国内）] / オオヨモギ[野外（国内）],verified_complete_no_change,成虫発生時期は 5〜9 月．幼虫はヨモギの地際部の茎に食入し，内部を摂食する．蛹化は茎内 部で行われる．幼虫越冬．幼生期については，駒井ら (2011) に詳しい．,出現時期:5-9月 / 生態情報:幼虫はヨモギの地際部の茎に食入し，内部を摂食する．蛹化は茎内部で行われる．幼虫越冬．幼生期については，駒井ら(2011)に詳しい,verified_complete_no_change,heading_level_text_audit_no_change,78f75fd532ace774cff181d573c96c04052e1c65dd77a352ec520d7cd33de646
hamakiga1-v1-2026-07-12,2026-07-12,日本のハマキガ1,123,species-2248,クロウンモンヒメハマキ,"Epiblema inconspicua (Walsingham, 1900)","Epiblema inconspicua (Walsingham, 1900)",japanese_exact,51,50,source_unknown,未知．おそらくアザミ類 Cirsium (キク科)．,0,0,,verified_source_unknown,成虫発生時期は 6〜8 月．アザミ類の根元から這い出す成虫が観察されている (奥，2003)．,出現時期:6-8月 / 生態情報:アザミ類の根元から這い出す成虫が観察されている(奥，2003),verified_complete_no_change,heading_level_text_audit_no_change,78f75fd532ace774cff181d573c96c04052e1c65dd77a352ec520d7cd33de646
hamakiga1-v1-2026-07-12,2026-07-12,日本のハマキガ1,124,species-2249,プライヤヒメハマキ,"Epiblema pryerana (Walsingham, 1900)","Epiblema pryerana (Walsingham, 1900)",japanese_exact,51,50,domestic_hosts_recorded,ナンブアザミ Cirsium tonense (キク科)．,1,1,ナンブアザミ[野外（国内）],verified_complete_no_change,成虫発生時期は 6〜8 月．幼虫は茎に潜り，幼虫越冬である．,出現時期:6-8月 / 生態情報:幼虫は茎に潜り，幼虫越冬である,verified_complete_no_change,heading_level_text_audit_no_change,78f75fd532ace774cff181d573c96c04052e1c65dd77a352ec520d7cd33de646
hamakiga1-v1-2026-07-12,2026-07-12,日本のハマキガ1,125,species-2250,スギヒメハマキ,"Epiblema strenuana (Walker, 1863)","Epiblema strenuana (Walker, 1863)",japanese_exact,52,51,domestic_hosts_recorded,ブタクサ Ambrosia artemisiifolia，オオブタクサ A. trifida，オオオナモミ Xanthium occidentale (キク科)．,3,3,ブタクサ[野外（国内）] / オオブタクサ[野外（国内）] / オオオナモミ[野外（国内）],verified_complete_no_change,成虫発生時期は 5〜8 月．幼虫はブタクサなどの茎に潜り，内部を摂食する．加害を受けた部 分は膨らみ，虫こぶとなる．蛹化は虫こぶ内で行われる．幼虫越冬．幼生期については，駒井ら (2011) に詳しい．,出現時期:5-8月 / 生態情報:幼虫はブタクサなどの茎に潜り，内部を摂食する．加害を受けた部分は膨らみ，虫こぶとなる．蛹化は虫こぶ内で行われる．幼虫越冬．幼生期については，駒井ら(2011)に詳しい,verified_complete_no_change,heading_level_text_audit_no_change,78f75fd532ace774cff181d573c96c04052e1c65dd77a352ec520d7cd33de646
hamakiga1-v1-2026-07-12,2026-07-12,日本のハマキガ1,126,species-2251,シロモンチャヒメハマキ,"Epiblema expressana (Christoph, 1882)","Epiblema expressana (Christoph, 1882)",japanese_exact,52,51,source_unknown,未知．,0,0,,verified_source_unknown,成虫発生時期は 7 月．,出現時期:7月,verified_complete_no_change,heading_level_text_audit_no_change,78f75fd532ace774cff181d573c96c04052e1c65dd77a352ec520d7cd33de646
hamakiga1-v1-2026-07-12,2026-07-12,日本のハマキガ1,127,species-2252,ニセシロモンクロヒメハマキ,"Epiblema macrorris (Walsingham, 1900)","Epiblema macrorris Walsingham, 1900",japanese_exact,53,52,source_unknown,未知．,0,0,,verified_source_unknown,成虫発生時期は 6〜7 月．,出現時期:6-7月,verified_complete_no_change,heading_level_text_audit_no_change,78f75fd532ace774cff181d573c96c04052e1c65dd77a352ec520d7cd33de646
hamakiga1-v1-2026-07-12,2026-07-12,日本のハマキガ1,128,species-2253,ギンスジアカチャヒメハマキ,"Epiblema quinquefasciana (Matsumura, 1900)","Epiblema quinquefasciana (Matsumura, 1900)",japanese_exact,53,52,source_unknown,未知．,0,0,,verified_source_unknown,成虫発生時期は 6〜8 月．,出現時期:6-8月,verified_complete_no_change,heading_level_text_audit_no_change,78f75fd532ace774cff181d573c96c04052e1c65dd77a352ec520d7cd33de646
hamakiga1-v1-2026-07-12,2026-07-12,日本のハマキガ1,129,species-2254,ウンモンサザナミヒメハマキ,"Epiblema rimosana (Christoph, 1882)","Epiblema rimosana (Christoph, 1881)",japanese_exact,53,52,source_unknown,未知．,0,0,,verified_source_unknown,成虫発生時期は 5〜6 月．,出現時期:5-6月,verified_complete_no_change,heading_level_text_audit_no_change,78f75fd532ace774cff181d573c96c04052e1c65dd77a352ec520d7cd33de646
hamakiga1-v1-2026-07-12,2026-07-12,日本のハマキガ1,130,species-2255,ウスシロモンヒメハマキ,"Epiblema autolitha (Meyrick, 1931), rev. comb.","Epiblema autolitha (Meyrick, 1931)",japanese_exact,53,52,source_unknown,未知．,0,0,,verified_source_unknown,成虫発生時期は 6〜9 月．,出現時期:6-9月,verified_complete_no_change,heading_level_text_audit_no_change,78f75fd532ace774cff181d573c96c04052e1c65dd77a352ec520d7cd33de646
hamakiga1-v1-2026-07-12,2026-07-12,日本のハマキガ1,131,species-2094,イチイヒメハマキ,"Coenobiodes abietiella (Matsumura, 1931)","Coenobiodes abietiella (Matsumura, 1931)",japanese_exact,54,53,domestic_hosts_recorded,イチイ Taxus cuspidata (イチイ科)，トドマツ Abies sachalinensis (マツ科)．,2,2,イチイ[野外（国内）] / トドマツ[野外（国内）],verified_complete_no_change,成虫発生時期は 6〜7 月．幼虫は葉に食入して中空にし，近くの葉 1〜2 枚を同様に食し，そ れらを綴り合わせる．年 1 化．老熟幼虫で越冬．,出現時期:6-7月 / 生態情報:幼虫は葉に食入して中空にし，近くの葉1 ～2 枚を同様に食し，それらを綴り合わせる．年1 化．老熟幼虫で越冬,normalize_ocr_layout_gap,original_pdf_image_confirmed_300dpi_page_54,78f75fd532ace774cff181d573c96c04052e1c65dd77a352ec520d7cd33de646
hamakiga1-v1-2026-07-12,2026-07-12,日本のハマキガ1,132,species-2095,ロッコウヒメハマキ,"Coenobiodes acceptana Kuznetzov, 1973","Coenobiodes acceptana Kuznetzov, 1973",japanese_exact,54,53,source_unknown,未知．岩手県ではイチイ Taxus cuspidata (イチイ科) の自生地に産する (奥，2003)．,0,0,,verified_source_unknown,成虫発生時期は 6〜8 月．,出現時期:6-8月 / 生態情報:岩手県ではイチイの自生地に産する（奥，2003）,verified_complete_no_change,heading_level_text_audit_no_change,78f75fd532ace774cff181d573c96c04052e1c65dd77a352ec520d7cd33de646
hamakiga1-v1-2026-07-12,2026-07-12,日本のハマキガ1,133,species-2096,ヒノキカワモグリガ,"Coenobiodes granitalis (Butler, 1881)","Coenobiodes granitalis (Butler, 1881)",japanese_exact,54,53,domestic_hosts_recorded,ヒノキ Chamaecyparis obtusa，ニオイヒバ Thuja occidentalis，スギ Cryptomeria japonica (ヒ ノキ科)．54,3,3,ヒノキ[野外（国内）] / ニオイヒバ[野外（国内）] / スギ[野外（国内）],verified_complete_no_change,成虫発生時期は 5 月下旬〜9 月．幼虫は，はじめ針葉に潜るが，その後枝の分岐部，主枝基部 と順次移動していく．穿孔場所を頻繁に変えながら，葉の内部組織や樹皮下の木化程度の低いところ を摂食する．このような特異な習性は，寄主植物が穿孔部位に滲出させる樹脂を避けるためと考えら れている (加藤，2006)．,出現時期:5月下旬-9月 / 生態情報:幼虫は，はじめ針葉に潜るが，その後枝の分岐部，主枝基部と順次移動していく．穿孔場所を頻繁に変えながら，葉の内部組織や樹皮下の木化程度の低いところを摂食する．このような特異な習性は，寄,restore_truncated_ecology,original_pdf_image_confirmed_300dpi_page_55,78f75fd532ace774cff181d573c96c04052e1c65dd77a352ec520d7cd33de646
hamakiga1-v1-2026-07-12,2026-07-12,日本のハマキガ1,134,species-2286,フタオビチャヒメハマキ,"Pelochrista umbraculana (Eversmann, 1844)","Pelochrista umbraculana (Eversmann, 1844)",japanese_exact,55,54,source_unknown,未知．,0,0,,verified_source_unknown,成虫発生時期は 7〜9 月．北海道では海岸部の砂丘部でしか採集されない (川原，私信)．,出現時期:7-9月 / 生態情報:北海道では海岸部の砂丘部でしか採集されない(川原，私信),verified_complete_no_change,heading_level_text_audit_no_change,78f75fd532ace774cff181d573c96c04052e1c65dd77a352ec520d7cd33de646
hamakiga1-v1-2026-07-12,2026-07-12,日本のハマキガ1,135,species-2287,コウンモンヒメハマキ,"Pelochrista notocelioides Oku, 1972","Pelochrista notocelioides Oku, 1972",japanese_exact,55,54,source_unknown,未知．,0,0,,verified_source_unknown,成虫発生時期は 6〜8 月．,出現時期:6-8月,verified_complete_no_change,heading_level_text_audit_no_change,78f75fd532ace774cff181d573c96c04052e1c65dd77a352ec520d7cd33de646
hamakiga1-v1-2026-07-12,2026-07-12,日本のハマキガ1,136,species-2288,オオウスシロモンヒメハマキ,"Pelochrista mollitana (Zeller, 1847)","Pelochrista mollitana (Zeller, 1847)",japanese_exact,55,54,source_unknown,未知．,0,0,,verified_source_unknown,成虫発生時期は 7 月．,出現時期:7月,verified_complete_no_change,heading_level_text_audit_no_change,78f75fd532ace774cff181d573c96c04052e1c65dd77a352ec520d7cd33de646
hamakiga1-v1-2026-07-12,2026-07-12,日本のハマキガ1,137,species-2289,ウスマダラヒメハマキ,"Pelochrista decolorana (Freyer, 1842)","Pelochrista decolorana (Freyer, [1840])",japanese_exact,56,55,domestic_unknown_foreign_hosts_recorded,国内では未知．国外ではアキノキリンソウ属 Solidago (キク科)．,0,1,,add_missing_foreign_hosts,成虫発生時期は 6〜7 月．幼虫は茎や根に潜る．,出現時期:6-7月 / 生態情報:幼虫は茎や根に潜る,verified_complete_no_change,original_pdf_image_confirmed_300dpi_page_56,78f75fd532ace774cff181d573c96c04052e1c65dd77a352ec520d7cd33de646
hamakiga1-v1-2026-07-12,2026-07-12,日本のハマキガ1,138,species-2232,マツズアカシンムシ,"Retinia cristata (Walsingham, 1900)","Retinia cristata (Walsingham, 1900)",japanese_exact,56,55,domestic_hosts_recorded,アカマツ Pinus densiflora，クロマツ P. thunbergii (マツ科)．国外ではタイワンアカマツ P. massoniana．,2,3,アカマツ[野外（国内）] / クロマツ[野外（国内）],add_missing_foreign_hosts,成虫発生時期は 4〜9 月．幼虫はマツの新梢や球果に潜る．,出現時期:4-9月 / 生態情報:幼虫はマツの新梢や球果に潜る / 生態情報:国外ではタイワンアカマツP. massoniana,verified_complete_no_change,original_pdf_image_confirmed_300dpi_page_56,78f75fd532ace774cff181d573c96c04052e1c65dd77a352ec520d7cd33de646
hamakiga1-v1-2026-07-12,2026-07-12,日本のハマキガ1,139,species-2233,エゾズアカヒメハマキ,"Retinia jezoensis Nasu, 1991","Retinia jezoensis Nasu, 1991",japanese_exact,56,55,source_unknown,未知．,0,0,,verified_source_unknown,成虫発生時期は 6 下旬〜7 月,出現時期:6下旬-7月,verified_complete_no_change,heading_level_text_audit_no_change,78f75fd532ace774cff181d573c96c04052e1c65dd77a352ec520d7cd33de646
hamakiga1-v1-2026-07-12,2026-07-12,日本のハマキガ1,140,species-2234,ツマクロテンヒメハマキ,"Retinia monopunctata (Oku, 1968)","Retinia monopunctata (Oku, 1968)",japanese_exact,57,56,domestic_hosts_recorded,トドマツ Abies sachalinensis， ウラジロモミ A. homolepis， カラマツ Larix kaempferi など (マ ツ科)．,3,3,トドマツ[野外（国内）] / ウラジロモミ[野外（国内）] / カラマツ[野外（国内）],verified_complete_no_change,成虫発生時期は 6〜7 月．幼虫は新梢や球果に潜る．幼生期については，駒井ら (2011) に詳し い．,出現時期:6-7月 / 生態情報:幼虫は新梢や球果に潜る．幼生期については，駒井ら(2011)に詳しい,verified_complete_no_change,heading_level_text_audit_no_change,78f75fd532ace774cff181d573c96c04052e1c65dd77a352ec520d7cd33de646
hamakiga1-v1-2026-07-12,2026-07-12,日本のハマキガ1,141,species-2235,マツアカツヤシンムシ,"Retinia coeruleostriana (Caradja, 1939)","Retinia coeruleostriana (Caradja, 1939)",japanese_exact,57,56,domestic_hosts_recorded,アカマツ Pinus densiflora (マツ科)．,1,1,アカマツ[野外（国内）],verified_complete_no_change,成虫発生時期は 5〜8 月．幼虫はアカマツの新梢に潜る．,出現時期:5-8月 / 生態情報:幼虫はアカマツの新梢に潜る,verified_complete_no_change,heading_level_text_audit_no_change,78f75fd532ace774cff181d573c96c04052e1c65dd77a352ec520d7cd33de646
hamakiga1-v1-2026-07-12,2026-07-12,日本のハマキガ1,142,species-2236,カラマツカサガ,"Retinia impropria (Meyrick, 1932)","Retinia impropria (Meyrick, 1932)",japanese_exact,57,56,domestic_unknown_foreign_hosts_recorded,国内では未知．国外ではオウシュウカラマツ Larix decidua などのカラマツ類 (マツ科)．,0,2,,add_missing_foreign_hosts,成虫発生時期は 5 月．幼虫はカラマツ類の種子や球果に潜る．,出現時期:5月 / 生態情報:幼虫はカラマツ類の種子や球果に潜る,verified_complete_no_change,original_pdf_image_confirmed_300dpi_page_57,78f75fd532ace774cff181d573c96c04052e1c65dd77a352ec520d7cd33de646
hamakiga1-v1-2026-07-12,2026-07-12,日本のハマキガ1,143,species-2237,モミクロマダラヒメハマキ,"Barbara fulgens Kuznetzov, 1969","Barbara fulgens Kuznetzov, 1969",japanese_exact,57,56,domestic_unknown_foreign_hosts_recorded,国内では未知．ロシアではエゾマツ Picea jezoensis， チョウセンハリモミ P. koraiensis， チョ ウセンモミ Abies holophylla (マツ科)．,0,3,,add_missing_foreign_hosts,成虫発生時期は 4〜5 月．,出現時期:4-5月,verified_complete_no_change,original_pdf_image_confirmed_300dpi_page_57,78f75fd532ace774cff181d573c96c04052e1c65dd77a352ec520d7cd33de646
hamakiga1-v1-2026-07-12,2026-07-12,日本のハマキガ1,144,species-2226,マツトビマダラシンムシ,"Gravitarmata margarotana (Heinemann, 1863)","Gravitarmata margarotana (Heinemann, 1863)",japanese_exact,58,57,domestic_hosts_recorded,クロマツ Pinus thunbergii，アカマツ P. densiflora，トドマツ Abies sachalinensis，エゾマツ Picea jezoensis var. jesoensis (マツ科)．,4,4,クロマツ[野外（国内）] / アカマツ[野外（国内）] / トドマツ[野外（国内）] / エゾマツ[野外（国内）],verified_complete_no_change,成虫発生時期は 4〜5 月．幼虫はマツ類の若い球果や新梢に潜る．幼生期については，駒井ら (2011) に詳しい．,出現時期:4-5月 / 生態情報:幼虫はマツ類の若い球果や新梢に潜る．幼生期については，駒井ら(2011)に詳しい,verified_complete_no_change,heading_level_text_audit_no_change,78f75fd532ace774cff181d573c96c04052e1c65dd77a352ec520d7cd33de646
hamakiga1-v1-2026-07-12,2026-07-12,日本のハマキガ1,145,species-2290,ダイセツヒメハマキ,"Eriopsela quadrana (Hübner, [1813])","Eriopsela quadrana (Hübner, [1813])",japanese_exact,58,57,domestic_unknown_foreign_hosts_recorded,国内では未知．ヨーロッパでは，アキノキリンソウ Solidago virgaurea (キク科)．,0,1,,add_missing_foreign_hosts,成虫発生時期は大雪山では 7〜8 月，根室や旭川の低地では 5〜6 月．幼虫はアキノキリンソ ウなどの下葉を巻く．,出現時期:大雪山では7-8月，根室や旭川の低地では5-6月 / 生態情報:幼虫はアキノキリンソウなどの下葉を巻く,verified_complete_no_change,original_pdf_image_confirmed_300dpi_page_58,78f75fd532ace774cff181d573c96c04052e1c65dd77a352ec520d7cd33de646
hamakiga1-v1-2026-07-12,2026-07-12,日本のハマキガ1,146,species-2291,ドアイウンモンヒメハマキ,"Eriopsela kostyuki (Kuznetzov, 1973)","Eriopsela kostyuki (Kuznetzov, 1973)",japanese_exact,59,58,source_unknown,未知．,0,0,,verified_source_unknown,成虫発生時期は 7〜8 月．,出現時期:7-8月,verified_complete_no_change,heading_level_text_audit_no_change,78f75fd532ace774cff181d573c96c04052e1c65dd77a352ec520d7cd33de646
hamakiga1-v1-2026-07-12,2026-07-12,日本のハマキガ1,147,species-2292,シロスジヒロバヒメハマキ,"Thiodia torridana (Lederer, 1859)","Thiodia torridana (Lederer, 1859)",japanese_exact,59,58,domestic_hosts_recorded,ゴマナ Aster glehnii (キク科)．,1,1,ゴマナ[野外（国内）],verified_complete_no_change,成虫発生時期は 7〜8 月．幼虫は生長点を食する (奥，2003)．,出現時期:7-8月 / 生態情報:幼虫は生長点を食する(奥，2003),verified_complete_no_change,heading_level_text_audit_no_change,78f75fd532ace774cff181d573c96c04052e1c65dd77a352ec520d7cd33de646
hamakiga1-v1-2026-07-12,2026-07-12,日本のハマキガ1,148,species-2293,ノギクメムシガ,"Thiodia dahurica (Falkovitsh, 1965)","Thiodia dahurica (Falkovitsh, 1965)",japanese_exact,59,58,domestic_hosts_recorded,ノコンギク Aster microcephalus var. ovatus，ゴマナ A. glehnii (キク科)．,2,2,ノコンギク[野外（国内）] / ゴマナ[野外（国内）],verified_complete_no_change,成虫発生時期は 6〜8 月．幼虫はノコンギクの梢頭から得られている (奥，2003)．,出現時期:6-8月 / 生態情報:幼虫はノコンギクの梢頭から得られている(奥，2003),verified_complete_no_change,heading_level_text_audit_no_change,78f75fd532ace774cff181d573c96c04052e1c65dd77a352ec520d7cd33de646
hamakiga1-v1-2026-07-12,2026-07-12,日本のハマキガ1,149,species-2316,マキヒメハマキ,"Makivora hagiyai Oku, 1979","Makivora hagiyai Oku, 1979",japanese_exact,60,59,domestic_hosts_recorded,イヌマキ Podocarpus macrophyllus f. spontaneus，ナギ Nageia nagi (マキ科)．,2,2,イヌマキ[野外（国内）] / ナギ[野外（国内）],verified_complete_no_change,成虫発生時期は 4〜8 月．年 2〜3 化．幼虫は，イヌマキなどの種子に食入する．ナギでの発 生は少ない．幼生期については，駒井ら (2011) に詳しい．,出現時期:4-8月 / 生態情報:年2 ～3 化．幼虫は，イヌマキなどの種子に食入する．ナギでの発生は少ない．幼生期については，駒井ら(2011)に詳しい,normalize_ocr_layout_gap,original_pdf_image_confirmed_300dpi_page_60,78f75fd532ace774cff181d573c96c04052e1c65dd77a352ec520d7cd33de646
hamakiga1-v1-2026-07-12,2026-07-12,日本のハマキガ1,150,species-2123,チビマダラヒメハマキ,"Peridaedala japonica Oku, 1979","Peridaedala japonica Oku, 1979",japanese_exact,60,59,source_unknown,未知．幼虫はムクロジ Sapindus mukorossi (ムクロジ科) を摂食している可能性が指摘さ れている (村瀬，2008)．,0,0,,verified_source_unknown,成虫発生時期は 4〜6 月．,出現時期:4-6月 / 生態情報:幼虫はムクロジを摂食している可能性が指摘されている（村瀬，2008）,verified_complete_no_change,heading_level_text_audit_no_change,78f75fd532ace774cff181d573c96c04052e1c65dd77a352ec520d7cd33de646
hamakiga1-v1-2026-07-12,2026-07-12,日本のハマキガ1,151,species-2284,コスキバヒメハマキ,"Melanodaedala melanoneura (Meyrick, 1912)","Melanodaedala melanoneura (Meyrick, 1912)",japanese_exact,61,60,domestic_hosts_recorded,ハゼノキ Toxicodendron succedaneum (ウルシ科)．インドではヌルデ Rhus javanica (ウル シ科)．,2,2,ハゼノキ[野外（国内）] / ヌルデ[野外（国内）],correct_foreign_scope,沖縄では周年発生しているようである．幼虫は寄主の葉や花を綴る．コショウボク Schinus molle (ウルシ科) でも飼育できた (富永，2002)．,生態情報:沖縄では周年発生しているようである．幼虫は寄主の葉や花を綴る．コショウボクSchinus molle (ウルシ科)でも飼育できた(富永，2002),verified_complete_no_change,original_pdf_image_confirmed_300dpi_page_61,78f75fd532ace774cff181d573c96c04052e1c65dd77a352ec520d7cd33de646
hamakiga1-v1-2026-07-12,2026-07-12,日本のハマキガ1,152,species-2294,ヤマツツジマダラヒメハマキ,"Rhopobota kaempferiana (Oku, 1971)","Rhopobota kaempferiana (Oku, 1971)",japanese_exact,61,60,domestic_hosts_recorded,ヤマツツジ Rhododendron kaempferi var. kaempferi，バイカツツジ R. semibarbatum，ウラジ ロヨウラク R. multiflorum (ツツジ科)．,3,3,ヤマツツジ[野外（国内）] / バイカツツジ[野外（国内）] / ウラジロヨウラク[野外（国内）],verified_complete_no_change,成虫発生時期は 6〜8 月．幼虫はツツジ類の新葉を綴る．,出現時期:6-8月 / 生態情報:幼虫はツツジ類の新葉を綴る,verified_complete_no_change,heading_level_text_audit_no_change,78f75fd532ace774cff181d573c96c04052e1c65dd77a352ec520d7cd33de646
hamakiga1-v1-2026-07-12,2026-07-12,日本のハマキガ1,153,species-2295,モチツツジマダラヒメハマキ,"Rhopobota macrosepalana (Oku, 1971)","Rhopobota macrosepalana (Oku, 1971)",japanese_exact,61,60,domestic_hosts_recorded,モチツツジ Rhododendron macrosepalum (ツツジ科)．,1,1,モチツツジ[野外（国内）],verified_complete_no_change,成虫発生時期は 5〜7 月．幼虫はモチツツジの新葉を綴る．,出現時期:5-7月 / 生態情報:幼虫はモチツツジの新葉を綴る,verified_complete_no_change,heading_level_text_audit_no_change,78f75fd532ace774cff181d573c96c04052e1c65dd77a352ec520d7cd33de646
hamakiga1-v1-2026-07-12,2026-07-12,日本のハマキガ1,154,species-2296,チャオビマダラヒメハマキ,"Rhopobota shikokuensis (Oku, 1971)","Rhopobota shikokuensis (Oku, 1971)",japanese_exact,62,61,source_unknown,未知．,0,0,,verified_source_unknown,成虫発生時期は 5〜7 月．,出現時期:5-7月,verified_complete_no_change,heading_level_text_audit_no_change,78f75fd532ace774cff181d573c96c04052e1c65dd77a352ec520d7cd33de646
hamakiga1-v1-2026-07-12,2026-07-12,日本のハマキガ1,155,species-2297,シロオビマダラヒメハマキ,"Rhopobota relicta (Kuznetzov, 1968)","Rhopobota relicta (Kuznetzov, 1968)",japanese_exact,62,61,source_unknown,未知．,0,0,,verified_source_unknown,成虫発生時期は 6〜8 月．,出現時期:6-8月,verified_complete_no_change,heading_level_text_audit_no_change,78f75fd532ace774cff181d573c96c04052e1c65dd77a352ec520d7cd33de646
hamakiga1-v1-2026-07-12,2026-07-12,日本のハマキガ1,156,species-2298,シロズマダラヒメハマキ,"Rhopobota toshimai (Kawabe, 1978)","Rhopobota toshimai (Kawabe, 1978)",japanese_exact,62,61,source_unknown,未知．,0,0,,verified_source_unknown,成虫発生時期は 4〜8 月．,出現時期:4-8月,verified_complete_no_change,heading_level_text_audit_no_change,78f75fd532ace774cff181d573c96c04052e1c65dd77a352ec520d7cd33de646
hamakiga1-v1-2026-07-12,2026-07-12,日本のハマキガ1,157,species-2299,セシロヒメハマキ,"Rhopobota ustomaculana (Curtis, 1831)","Rhopobota ustomaculana (Curtis, 1831)",japanese_exact,62,61,domestic_hosts_recorded,コケモモ Vaccinium vitis-idaea，アカモノ Gaultheria adenothrix，シラタマノキ Gaultheria pyroloides (ツツジ科)．,3,3,コケモモ[野外（国内）] / アカモノ[野外（国内）] / シラタマノキ[野外（国内）],verified_complete_no_change,成虫発生時期は 7〜8 月．幼虫はコケモモなどのツツジ科植物の葉を摂食する．,出現時期:7-8月 / 生態情報:幼虫はコケモモなどのツツジ科植物の葉を摂食する,verified_complete_no_change,heading_level_text_audit_no_change,78f75fd532ace774cff181d573c96c04052e1c65dd77a352ec520d7cd33de646
hamakiga1-v1-2026-07-12,2026-07-12,日本のハマキガ1,158,species-2300,オオセシロヒメハマキ,"Rhopobota ilexi Kuznetzov, 1969","Rhopobota ilexi Kuznetzov, 1969",japanese_exact,63,62,domestic_hosts_recorded,ソヨゴ Ilex pedunculosa，ツルツゲ I. rugosa，ハイイヌツゲ I. crenata var. radicans (モチノ キ科)．,3,3,ソヨゴ[野外（国内）] / ツルツゲ[野外（国内）] / ハイイヌツゲ[野外（国内）],verified_complete_no_change,成虫発生時期は 6〜10 月．幼虫はソヨゴなどのモチノキ科植物の葉を綴る．幼虫越冬．幼生 期については，駒井ら (2011) に詳しい．,出現時期:6-10月 / 生態情報:幼虫はソヨゴなどのモチノキ科植物の葉を綴る．幼虫越冬．幼生期については，駒井ら(2011)に詳しい,verified_complete_no_change,heading_level_text_audit_no_change,78f75fd532ace774cff181d573c96c04052e1c65dd77a352ec520d7cd33de646
hamakiga1-v1-2026-07-12,2026-07-12,日本のハマキガ1,159,species-2314,モチノキヒメハマキ,"Rhopobota mochinoki Nasu, 2021","Rhopobota mochinoki Nasu, 2021",japanese_exact,63,62,domestic_hosts_recorded,ナナミノキ Ilex chinensis，クロガネモチ I. rotunda (モチノキ科)．,2,2,ナナミノキ[野外（国内）] / クロガネモチ[野外（国内）],verified_complete_no_change,成虫発生時期は 4 月中旬〜5 月．幼虫は寄主の果実を綴る．,出現時期:4月中旬-5月 / 生態情報:幼虫は寄主の果実を綴る,verified_complete_no_change,heading_level_text_audit_no_change,78f75fd532ace774cff181d573c96c04052e1c65dd77a352ec520d7cd33de646
hamakiga1-v1-2026-07-12,2026-07-12,日本のハマキガ1,160,species-2307,ソヨゴチビヒメハマキ,"Rhopobota okui Nasu, 2000","Rhopobota okui Nasu, 2000",japanese_exact,63,62,domestic_hosts_recorded,ソヨゴ Ilex pedunculosa (モチノキ科)．,1,1,ソヨゴ[野外（国内）],verified_complete_no_change,成虫発生時期は 6〜7 月，9〜10 月．秋に，ソヨゴの果実を綴り，中に潜っている幼虫が発見 されている．幼生期については，駒井ら (2011) に詳しい．,出現時期:6-7月，9-10月 / 生態情報:秋に，ソヨゴの果実を綴り，中に潜っている幼虫が発見されている．幼生期については，駒井ら(2011)に詳しい,verified_complete_no_change,heading_level_text_audit_no_change,78f75fd532ace774cff181d573c96c04052e1c65dd77a352ec520d7cd33de646
hamakiga1-v1-2026-07-12,2026-07-12,日本のハマキガ1,161,species-2312,コクテンヒメハマキ,Rhopobota sp. 1 (＊82 頁参照),Rhopobota sp. 1,japanese_exact,64,63,source_unknown,未知．,0,0,,verified_source_unknown,成虫発生時期は 3 月．,出現時期:3月,verified_complete_no_change,heading_level_text_audit_no_change,78f75fd532ace774cff181d573c96c04052e1c65dd77a352ec520d7cd33de646
hamakiga1-v1-2026-07-12,2026-07-12,日本のハマキガ1,162,species-2301,カドオビヒメハマキ,"Rhopobota orbiculata Zhang, Liu & Li, 2005","Rhopobota orbiculata Zhang, Liu & Li, 2005",japanese_exact,64,63,domestic_hosts_recorded,アオハダ Ilex macropoda，ウメモドキ I. serrata (モチノキ科)．,2,2,アオハダ[野外（国内）] / ウメモドキ[野外（国内）],verified_complete_no_change,成虫発生時期は 6〜8 月．,出現時期:6-8月,verified_complete_no_change,heading_level_text_audit_no_change,78f75fd532ace774cff181d573c96c04052e1c65dd77a352ec520d7cd33de646
hamakiga1-v1-2026-07-12,2026-07-12,日本のハマキガ1,163,species-2302,オオウスオビヒメハマキ,"Rhopobota saitoi Nasu, 2021","Rhopobota saitoi Nasu, 2021",japanese_exact,64,63,domestic_hosts_recorded,ソヨゴ Ilex pedunculosa (モチノキ科)．,1,1,ソヨゴ[野外（国内）],verified_complete_no_change,成虫発生時期は 5〜7 月．幼虫は葉綴りである．,出現時期:5-7月 / 生態情報:幼虫は葉綴りである,verified_complete_no_change,heading_level_text_audit_no_change,78f75fd532ace774cff181d573c96c04052e1c65dd77a352ec520d7cd33de646
hamakiga1-v1-2026-07-12,2026-07-12,日本のハマキガ1,164,species-2303,アケビヒメハマキ,"Rhopobota latipennis (Walsingham, 1900)","Rhopobota latipennis (Walsingham, 1900)",japanese_exact,65,64,domestic_hosts_recorded,アケビ Akebia quinata (アケビ科)．,1,1,アケビ[野外（国内）],verified_complete_no_change,成虫発生時期は近畿では 4〜5 月，東北では 7〜8 月．幼虫はアケビの葉を綴る．幼生期につ いては，駒井ら (2011) に詳しい．,出現時期:近畿では4-5月，東北では7-8月 / 生態情報:幼虫はアケビの葉を綴る．幼生期については，駒井ら(2011)に詳しい,verified_complete_no_change,heading_level_text_audit_no_change,78f75fd532ace774cff181d573c96c04052e1c65dd77a352ec520d7cd33de646
hamakiga1-v1-2026-07-12,2026-07-12,日本のハマキガ1,165,species-2304,クロネハイイロヒメハマキ,"Rhopobota naevana (Hübner, [1817])","Rhopobota naevana (Hübner, [1814-17])",japanese_exact,65,64,domestic_hosts_recorded,セイヨウリンゴ Malus domestica， ズミ M. toringo， ウワミズザクラ Padus grayana (バラ科)， イボタノキ Ligustrum obtusifolium (モクセイ科)，イヌツゲ Ilex crenata var. crenata，アオハダ I. macropoda (モチノキ科)．,6,6,セイヨウリンゴ[野外（国内）] / ズミ[野外（国内）] / ウワミズザクラ[野外（国内）] / イボタノキ[野外（国内）] / イヌツゲ[野外（国内）] / アオハダ[野外（国内）],verified_complete_no_change,成虫発生時期は 5〜10 月．幼虫はバラ科，モクセイ科やモチノキ科の様々な植物を摂食する．,出現時期:5-10月 / 生態情報:幼虫はバラ科，モクセイ科やモチノキ科の様々な植物を摂食する,verified_complete_no_change,heading_level_text_audit_no_change,78f75fd532ace774cff181d573c96c04052e1c65dd77a352ec520d7cd33de646
hamakiga1-v1-2026-07-12,2026-07-12,日本のハマキガ1,166,species-2305,アオダモヒメハマキ,Rhopobota sp. 2,"Rhopobota sp. 2 of Nasu, 2013",japanese_exact,66,65,domestic_hosts_recorded,アオダモ Fraxinus lanuginosa f. serrata，ハシドイ Syringa reticulata (モクセイ科)．,2,2,アオダモ[野外（国内）] / ハシドイ[野外（国内）],verified_complete_no_change,成虫発生時期は 6〜8 月．幼虫はアオダモなどの葉を綴る．,出現時期:6-8月 / 生態情報:幼虫はアオダモなどの葉を綴る,verified_complete_no_change,heading_level_text_audit_no_change,78f75fd532ace774cff181d573c96c04052e1c65dd77a352ec520d7cd33de646
hamakiga1-v1-2026-07-12,2026-07-12,日本のハマキガ1,167,species-2306,ミヤマイボタヒメハマキ,Rhopobota sp. 3,"Rhopobota sp. 3 of Nasu, 2013",japanese_exact,66,65,domestic_hosts_recorded,ミヤマイボタ Ligustrum tschonoskii (モクセイ科)．,1,1,ミヤマイボタ[野外（国内）],verified_complete_no_change,成虫発生時期は 6〜8 月．幼虫はミヤマイボタの葉を綴る．,出現時期:6-8月 / 生態情報:幼虫はミヤマイボタの葉を綴る,verified_complete_no_change,heading_level_text_audit_no_change,78f75fd532ace774cff181d573c96c04052e1c65dd77a352ec520d7cd33de646
hamakiga1-v1-2026-07-12,2026-07-12,日本のハマキガ1,168,species-2308,マダラカマヒメハマキ,"Rhopobota falcata Nasu, 1999","Rhopobota falcata Nasu, 1999",japanese_exact,66,65,source_unknown,未知．,0,0,,verified_source_unknown,成虫発生時期は 6〜10 月．,出現時期:6-10月,verified_complete_no_change,heading_level_text_audit_no_change,78f75fd532ace774cff181d573c96c04052e1c65dd77a352ec520d7cd33de646
hamakiga1-v1-2026-07-12,2026-07-12,日本のハマキガ1,169,species-2309,ウドヒメハマキ,"Rhopobota araliphaga Nasu, 2021","Rhopobota araliphaga Nasu, 2021",japanese_exact,67,66,domestic_hosts_recorded,ウド Aralia cordata (ウコギ科)．,1,1,ウド[野外（国内）],verified_complete_no_change,成虫発生時期は 7〜8 月．幼虫は小花や葉をつづる．,出現時期:7-8月 / 生態情報:幼虫は小花や葉をつづる,verified_complete_no_change,heading_level_text_audit_no_change,78f75fd532ace774cff181d573c96c04052e1c65dd77a352ec520d7cd33de646
hamakiga1-v1-2026-07-12,2026-07-12,日本のハマキガ1,170,species-2313,フタテンハイイロヒメハマキ,"Rhopobota bipunctata Nasu, 2021","Rhopobota bipunctata Nasu, 2021",japanese_exact,67,66,source_unknown,未知．,0,0,,verified_source_unknown,成虫発生時期は 6 月．,出現時期:6月,verified_complete_no_change,heading_level_text_audit_no_change,78f75fd532ace774cff181d573c96c04052e1c65dd77a352ec520d7cd33de646
hamakiga1-v1-2026-07-12,2026-07-12,日本のハマキガ1,171,species-2311,シロオビカマヒメハマキ,"Rhopobota symbolias (Meyrick, 1912)","Rhopobota symbolias (Meyrick, 1912)",japanese_exact,67,66,source_unknown,未知．,0,0,,verified_source_unknown,成虫発生時期は 5〜6 月と 9 月．,"出現時期:5-6月,9月",verified_complete_no_change,heading_level_text_audit_no_change,78f75fd532ace774cff181d573c96c04052e1c65dd77a352ec520d7cd33de646
hamakiga1-v1-2026-07-12,2026-07-12,日本のハマキガ1,172,species-2310,ハリギリミドリヒメハマキ,"Rhopobota grypodes (Meyrick, 1912)","Rhopobota grypodes (Meyrick, 1912)",japanese_exact,68,67,domestic_hosts_recorded,リュウキュウハリギリ Kalopanax septemlobus var. lutchuensis (ウコギ科)．,1,1,リュウキュウハリギリ[野外（国内）],verified_complete_no_change,成虫発生時期は 6，9，12 月．幼虫はリュウキュウハリギリの葉裏の葉脈沿いに絹糸で造られ た巣中に潜み，葉の表面を摂食する．幼生期については，駒井ら (2011) に詳しい．,出現時期:6，9，12月 / 生態情報:幼虫はリュウキュウハリギリの葉裏の葉脈沿いに絹糸で造られた巣中に潜み，葉の表面を摂食する．幼生期については，駒井ら(2011)に詳しい,verified_complete_no_change,heading_level_text_audit_no_change,78f75fd532ace774cff181d573c96c04052e1c65dd77a352ec520d7cd33de646
hamakiga1-v1-2026-07-12,2026-07-12,日本のハマキガ1,173,species-2128,アトウスバヒメハマキ,"Fibuloides corinthia (Meyrick, 1912)","Fibuloides corinthia (Meyrick, 1912)",japanese_exact,68,67,domestic_hosts_recorded,スダジイ Castanopsis sieboldii (ブナ科)，レイシ Litchi chinensis (ムクロジ科)，イジュ Schima wallichii subsp. noronhae (ツバキ科)．,3,3,スダジイ[野外（国内）] / レイシ[野外（国内）] / イジュ[野外（国内）],verified_complete_no_change,沖縄ではおそらく年数化すると思われる．幼虫はさまざまな広葉樹の新芽や新葉を綴る．幼 生期については，駒井ら (2011) に詳しい．,生態情報:沖縄ではおそらく年数化すると思われる．幼虫はさまざまな広葉樹の新芽や新葉を綴る．幼生期については，駒井ら(2011)に詳しい,remove_inference_retain_objective_content,original_pdf_image_confirmed_300dpi_page_68,78f75fd532ace774cff181d573c96c04052e1c65dd77a352ec520d7cd33de646
hamakiga1-v1-2026-07-12,2026-07-12,日本のハマキガ1,174,species-2126,モッコクヒメハマキ,"Fibuloides ancyrota (Meyrick, 1907), comb. nov.","Fibuloides ancyrota (Meyrick, 1907)",japanese_exact,68,67,domestic_hosts_recorded,モッコク Ternstroemia gymnanthera (モッコク科)．,1,1,モッコク[野外（国内）],verified_complete_no_change,成虫発生時期は 4〜9 月．近畿地方では年 3〜4 化する．幼虫はモッコクの新芽や新葉を綴っ たり，合わせたりする．加害を受けた葉は褐変し，後に黒く枯れ，庭木であるモッコクの美観を大い に損ねる．幼生期については，駒井ら (2011) に詳しい．,出現時期:4-9月 / 生態情報:近畿地方では年3 ～4 化する．幼虫はモッコクの新芽や新葉を綴ったり，合わせたりする．加害を受けた葉は褐変し，後に黒く枯れ，庭木であるモッコクの美観を大いに損ねる．幼生期については，駒井ら(2011)に詳しい,normalize_ocr_layout_gap_and_remove_subjective_prose,original_pdf_image_confirmed_300dpi_page_68,78f75fd532ace774cff181d573c96c04052e1c65dd77a352ec520d7cd33de646
hamakiga1-v1-2026-07-12,2026-07-12,日本のハマキガ1,175,species-2130,モトゲヒメハマキ,"Fibuloides japonica (Kawabe, 1978)","Fibuloides japonica (Kawabe, 1978)",japanese_exact,69,68,domestic_hosts_recorded,ヌルデ Rhus javanica var. chinensis (ウルシ科)．,1,1,ヌルデ[野外（国内）],verified_complete_no_change,成虫発生時期は 6〜10 月．幼虫はヌルデの新梢に潜る．秋にはヌルデシロアブラムシ Schlechtendalia chinensis の虫こぶ内を摂食している幼虫が発見されている (吉安，1986)．幼生期につい ては，駒井ら (2011) に詳しい．,出現時期:6-10月 / 生態情報:幼虫はヌルデの新梢に潜る．秋にはヌルデシロアブラムシ Schlechtendalia chinensis の虫こぶ内を摂食している幼虫が発見されている(吉安，1986)．幼生期については，駒井ら(2011)に詳しい,verified_complete_no_change,heading_level_text_audit_no_change,78f75fd532ace774cff181d573c96c04052e1c65dd77a352ec520d7cd33de646
hamakiga1-v1-2026-07-12,2026-07-12,日本のハマキガ1,176,species-2129,クリミドリシンクイガ,"Fibuloides aestuosa (Meyrick, 1912)","Fibuloides aestuosa (Meyrick, 1912)",japanese_exact,69,68,domestic_hosts_recorded,クリ Castanea crenata (ブナ科)．,1,1,クリ[野外（国内）],verified_complete_no_change,成虫発生時期は 7〜8 月．幼虫ははじめクリの毬果の刺を綴って食害し，後に実に潜る．,出現時期:7-8月 / 生態情報:幼虫ははじめクリの毬果の刺を綴って食害し，後に実に潜る,verified_complete_no_change,heading_level_text_audit_no_change,78f75fd532ace774cff181d573c96c04052e1c65dd77a352ec520d7cd33de646
hamakiga1-v1-2026-07-12,2026-07-12,日本のハマキガ1,177,species-2131,コモトグロヒメハマキ,"Fibuloides cyanopis (Meyrick, 1912)","Fibuloides cyanopis (Meyrick, 1912)",japanese_exact,69,68,source_unknown,未知．,0,0,,verified_source_unknown,我が国では，屋久島で成虫が 10 月に採集されただけである．,生態情報:我が国では，屋久島で成虫が10 月に採集されただけである,normalize_ocr_layout_gap,original_pdf_image_confirmed_300dpi_page_69,78f75fd532ace774cff181d573c96c04052e1c65dd77a352ec520d7cd33de646
hamakiga1-v1-2026-07-12,2026-07-12,日本のハマキガ1,178,species-2124,マダラスキバヒメハマキ,"Fibuloides algosa (Meyrick, 1912), comb. nov.","Fibuloides algosa (Meyrick, 1912)",japanese_exact,70,69,source_unknown,未知．,0,0,,verified_source_unknown,成虫発生時期は 3〜4 月，10 月．成虫越冬の可能性がある (川辺，1982)．,出現時期:3-4月，10月 / 生態情報:成虫越冬の可能性がある(川辺，1982),remove_pure_inference_note,original_pdf_image_confirmed_300dpi_page_70,78f75fd532ace774cff181d573c96c04052e1c65dd77a352ec520d7cd33de646
hamakiga1-v1-2026-07-12,2026-07-12,日本のハマキガ1,179,species-2127,ナカオビクロヒメハマキ,Fibuloides sp.,Fibuloides sp.,japanese_exact,70,69,source_unknown,未知．,0,0,,verified_source_unknown,成虫発生時期は 5〜7 月．ハシバミ Corylus heterophylla (カバノキ科) の密生地点で採れてい る (奥，2003)．,出現時期:5-7月 / 生態情報:ハシバミCorylus heterophylla (カバノキ科)の密生地点で採れている(奥，2003),verified_complete_no_change,heading_level_text_audit_no_change,78f75fd532ace774cff181d573c96c04052e1c65dd77a352ec520d7cd33de646
hamakiga1-v1-2026-07-12,2026-07-12,日本のハマキガ1,180,species-2113,サザナミキヒメハマキ,"Rhopalovalva lascivana (Christoph, 1882)","Rhopalovalva lascivana (Christoph, 1882)",japanese_exact,71,70,domestic_hosts_recorded,コナラ Quercus serrata，ミズナラ Q. crispula，クリ Castanea crenata (ブナ科)．,3,3,コナラ[野外（国内）] / ミズナラ[野外（国内）] / クリ[野外（国内）],verified_complete_no_change,成虫発生時期は 5〜7 月．幼虫は葉を二つ折りにして内面を摂食する (奥，2003)．,出現時期:5-7月 / 生態情報:幼虫は葉を二つ折りにして内面を摂食する(奥，2003),verified_complete_no_change,heading_level_text_audit_no_change,78f75fd532ace774cff181d573c96c04052e1c65dd77a352ec520d7cd33de646
hamakiga1-v1-2026-07-12,2026-07-12,日本のハマキガ1,181,species-2114,ギンヅマヒメハマキ,"Rhopalovalva exartemana (Kennel, 1901)","Rhopalovalva exartemana (Kennel, 1901)",japanese_exact,71,70,domestic_hosts_recorded,イタヤカエデ Acer pictum (ムクロジ科)．,1,1,イタヤカエデ[野外（国内）],verified_complete_no_change,成虫発生時期は 5〜7 月．,出現時期:5-7月,verified_complete_no_change,heading_level_text_audit_no_change,78f75fd532ace774cff181d573c96c04052e1c65dd77a352ec520d7cd33de646
hamakiga1-v1-2026-07-12,2026-07-12,日本のハマキガ1,182,species-2115,モトグロギンヅマヒメハマキ,"Rhopalovalva chidorinoki Nasu, 2021","Rhopalovalva chidorinoki Nasu, 2021",japanese_exact,71,70,domestic_hosts_recorded,チドリノキ Acer carpinifolium (ムクロジ科)．,1,1,チドリノキ[野外（国内）],verified_complete_no_change,成虫発生時期は 5〜9 月．幼虫は葉の縁を折り返すか，2 枚の葉を合わせる．,出現時期:5-9月 / 生態情報:幼虫は葉の縁を折り返すか，2 枚の葉を合わせる,normalize_ocr_layout_gap,original_pdf_image_confirmed_300dpi_page_71,78f75fd532ace774cff181d573c96c04052e1c65dd77a352ec520d7cd33de646
hamakiga1-v1-2026-07-12,2026-07-12,日本のハマキガ1,183,species-2116,ブナヒメハマキ,"Rhopalovalva amabilis Oku, 1974","Rhopalovalva amabilis Oku, 1974",japanese_exact,72,71,domestic_hosts_recorded,ブナ Fagus crenata (ブナ科)．,1,1,ブナ[野外（国内）],verified_complete_no_change,成虫発生時期は 6〜7 月．秋にブナの葉を乱雑に綴る幼虫が発見されている (奥，2003)．,出現時期:6-7月 / 生態情報:秋にブナの葉を乱雑に綴る幼虫が発見されている(奥，2003),verified_complete_no_change,heading_level_text_audit_no_change,78f75fd532ace774cff181d573c96c04052e1c65dd77a352ec520d7cd33de646
hamakiga1-v1-2026-07-12,2026-07-12,日本のハマキガ1,184,species-2119,トガリバシロヒメハマキ,"Rhopalovalva catharotorna (Meyrick, 1935), comb. rev.","Rhopalovalva catharotorna (Meyrick, 1935)",japanese_exact,72,71,source_unknown,未知．,0,0,,verified_source_unknown,成虫発生時期は 5 月と 7〜8 月．,"出現時期:5月,7-8月",verified_complete_no_change,heading_level_text_audit_no_change,78f75fd532ace774cff181d573c96c04052e1c65dd77a352ec520d7cd33de646
hamakiga1-v1-2026-07-12,2026-07-12,日本のハマキガ1,185,species-2118,モリウチヒメハマキ,"Rhopalovalva moriutii Oku, 2005","Rhopalovalva moriutii Oku, 2005",japanese_exact,72,71,domestic_hosts_recorded,カジカエデ Acer diabolicum (ムクロジ科)．,1,1,カジカエデ[野外（国内）],verified_complete_no_change,成虫発生時期は 5 月と 10 月．幼虫は寄主の葉を綴る．,"出現時期:5月,10月 / 生態情報:幼虫は寄主の葉を綴る",verified_complete_no_change,heading_level_text_audit_no_change,78f75fd532ace774cff181d573c96c04052e1c65dd77a352ec520d7cd33de646
hamakiga1-v1-2026-07-12,2026-07-12,日本のハマキガ1,186,species-2117,キカギヒメハマキ,"Rhopalovalva pulchra (Butler, 1879)","Rhopalovalva pulchra (Butler, 1879)",japanese_exact,72,71,domestic_hosts_recorded,コナラ Quercus serrata などのナラ類 (ブナ科)．,1,1,コナラ[野外（国内）],verified_complete_no_change,成虫発生時期は 4〜9 月．幼虫は寄主の葉を綴る．,出現時期:4-9月 / 生態情報:幼虫は寄主の葉を綴る,verified_complete_no_change,heading_level_text_audit_no_change,78f75fd532ace774cff181d573c96c04052e1c65dd77a352ec520d7cd33de646
hamakiga1-v1-2026-07-12,2026-07-12,日本のハマキガ1,187,species-2120,グミハイジロヒメハマキ,"Acroclita elaeagnivora Oku, 1979","Acroclita elaeagnivora Oku, 1979",japanese_exact,73,72,domestic_hosts_recorded,アキグミ Elaeagnus umbellata (グミ科)．,1,1,アキグミ[野外（国内）],verified_complete_no_change,成虫発生時期は 6〜7 月．幼虫は新芽を綴る．,出現時期:6-7月 / 生態情報:幼虫は新芽を綴る,verified_complete_no_change,heading_level_text_audit_no_change,78f75fd532ace774cff181d573c96c04052e1c65dd77a352ec520d7cd33de646
hamakiga1-v1-2026-07-12,2026-07-12,日本のハマキガ1,188,species-2121,グミシロテンヒメハマキ,"Acroclita gumicola Oku, 1979","Acroclita gumicola Oku, 1979",japanese_exact,73,72,domestic_hosts_recorded,アキグミ Elaeagnus umbellata var. umbellata (グミ科)．,1,1,アキグミ[野外（国内）],verified_complete_no_change,成虫発生時期は 6〜7 月．幼虫は新芽を綴る．,出現時期:6-7月 / 生態情報:幼虫は新芽を綴る,verified_complete_no_change,heading_level_text_audit_no_change,78f75fd532ace774cff181d573c96c04052e1c65dd77a352ec520d7cd33de646
hamakiga1-v1-2026-07-12,2026-07-12,日本のハマキガ1,189,species-2321,ハマゴウヒメシンクイ,"Noduliferola abstrusa Kuznetzov, 1973","Noduliferola abstrusa Kuznetzov, 1973",japanese_exact,73,72,domestic_hosts_recorded,ハマゴウ Vitex rotundifolia (シソ科)．,1,1,ハマゴウ[野外（国内）],verified_complete_no_change,成虫発生時期は 5〜10 月．年 2〜3 化すると思われる．幼虫はハマゴウの当年枝に潜り，幼虫 越冬．幼生期については，駒井ら (2011) に詳しい．,出現時期:5-10月 / 生態情報:年2 ～3 化すると思われる．幼虫はハマゴウの当年枝に潜り，幼虫越冬．幼生期については，駒井ら(2011)に詳しい,normalize_ocr_layout_gap_and_remove_speculation,original_pdf_image_confirmed_300dpi_page_73,78f75fd532ace774cff181d573c96c04052e1c65dd77a352ec520d7cd33de646
hamakiga1-v1-2026-07-12,2026-07-12,日本のハマキガ1,190,species-2317,フクギモグリヒメハマキ,"Heleanna fukugi Nasu, 1999","Heleanna fukugi Nasu, 1999",japanese_exact,74,73,domestic_hosts_recorded,フクギ Garcinia subelliptica (フクギ科)．,1,1,フクギ[野外（国内）],verified_complete_no_change,成虫は周年発生し， 多化性と考えられる．幼虫はフクギの新芽や葉を綴ったり， 潜ったりする． 幼生期については，駒井ら (2011) に詳しい．,生態情報:成虫は周年発生し，多化性と考えられる．幼虫はフクギの新芽や葉を綴ったり，潜ったりする．幼生期については，駒井ら(2011)に詳しい,remove_inference_retain_objective_content,original_pdf_image_confirmed_300dpi_page_74,78f75fd532ace774cff181d573c96c04052e1c65dd77a352ec520d7cd33de646
hamakiga1-v1-2026-07-12,2026-07-12,日本のハマキガ1,191,species-2318,ショウベンノキヒメハマキ,"Heleanna turpinivora Nasu & Byun, 2007","Heleanna turpinivora Nasu & Byun, 2007",japanese_exact,74,73,domestic_hosts_recorded,ショウベンノキ Turpinia formosana (ミツバウツギ科)．,1,1,ショウベンノキ[野外（国内）],verified_complete_no_change,成虫発生時期は 4〜5 月．幼虫はショウベンノキの花柄に潜ったり， 葉の縁を折りたたんだり， 花蕾を綴ったりする．幼生期については，駒井ら (2011) に詳しい．,出現時期:4-5月 / 生態情報:幼虫はショウベンノキの花柄に潜ったり，葉の縁を折りたたんだり，花蕾を綴ったりする．幼生期については，駒井ら(2011)に詳しい,verified_complete_no_change,heading_level_text_audit_no_change,78f75fd532ace774cff181d573c96c04052e1c65dd77a352ec520d7cd33de646
hamakiga1-v1-2026-07-12,2026-07-12,日本のハマキガ1,192,species-2319,ウスズミクロモンヒメハマキ,"Heleanna tokyoensis Nasu, 2007","Heleanna tokyoensis Nasu, 2007",japanese_exact,74,73,source_unknown,未知．,0,0,,verified_source_unknown,成虫発生時期は 4〜8 月．,出現時期:4-8月,verified_complete_no_change,heading_level_text_audit_no_change,78f75fd532ace774cff181d573c96c04052e1c65dd77a352ec520d7cd33de646
hamakiga1-v1-2026-07-12,2026-07-12,日本のハマキガ1,193,species-2122,クマノミズキヒメハマキ,"Xenosocia komaii Nasu, 2021","Xenosocia komaii Nasu, 2021",japanese_exact,75,74,domestic_hosts_recorded,クマノミズキ Cornus macrophylla (ミズキ科)．,1,1,クマノミズキ[野外（国内）],verified_complete_no_change,成虫発生時期は 4〜8 月．幼虫はクマノミズキの小花をボール状に綴ったり，葉を縁から葉巻 状に巻いたりする．幼生期の形態は駒井ら (2011) に詳しい．,出現時期:4-8月 / 生態情報:幼虫はクマノミズキの小花をボール状に綴ったり，葉を縁から葉巻状に巻いたりする．幼生期の形態は駒井ら(2011)に詳しい,verified_complete_no_change,heading_level_text_audit_no_change,78f75fd532ace774cff181d573c96c04052e1c65dd77a352ec520d7cd33de646
hamakiga1-v1-2026-07-12,2026-07-12,日本のハマキガ1,194,species-2132,カラマツヒメハマキ,"Spilonota eremitana Moriuti, 1972","Spilonota eremitana Moriuti, 1972",japanese_exact,75,74,domestic_hosts_recorded,カラマツ Larix kaempferi (マツ科)．,1,1,カラマツ[野外（国内）],verified_complete_no_change,成虫発生時期は 6〜10 月．年 2 化．幼虫ははじめカラマツ針葉に潜り， 後に葉を束ねて食害し， 若齢幼虫で越冬．幼生期については，駒井ら (2011) に詳しい．,出現時期:6-10月 / 生態情報:年2 化．幼虫ははじめカラマツ針葉に潜り，後に葉を束ねて食害し，若齢幼虫で越冬．幼生期については，駒井ら(2011)に詳しい,normalize_ocr_layout_gap,original_pdf_image_confirmed_300dpi_page_75,78f75fd532ace774cff181d573c96c04052e1c65dd77a352ec520d7cd33de646
hamakiga1-v1-2026-07-12,2026-07-12,日本のハマキガ1,195,species-2133,リンゴシロヒメハマキ,"Spilonota ocellana ([Denis & Schiffermüller], 1775)","Spilonota ocellana (Denis & Schiffermüller, 1775)",japanese_exact,76,75,domestic_hosts_recorded,ズミ Malus toringo，セイヨウリンゴ M. domestica，ナナカマド Sorbus commixta，カスミザ クラ Cerasus leveilleana，モモ Prunus persica など (バラ科)．,5,5,ズミ[野外（国内）] / セイヨウリンゴ[野外（国内）] / ナナカマド[野外（国内）] / カスミザクラ[野外（国内）] / モモ[野外（国内）],verified_complete_no_change,成虫発生時期は 6〜9 月．幼虫はリンゴ，ナシなどの新芽に潜ったり，新葉を綴ったり，果実 面を食害する．幼虫越冬．かつては，バラ科果樹の重要害虫であったが，現在では発生は少ない (奥， 2003)．,出現時期:6-9月 / 生態情報:幼虫はリンゴ，ナシなどの新芽に潜ったり，新葉を綴ったり，果実面を食害する．幼虫越冬．かつては，バラ科果樹の重要害虫であったが，現在では発生は少ない(奥，2003),verified_complete_no_change,heading_level_text_audit_no_change,78f75fd532ace774cff181d573c96c04052e1c65dd77a352ec520d7cd33de646
hamakiga1-v1-2026-07-12,2026-07-12,日本のハマキガ1,196,species-2134,カンバシロヒメハマキ,Spilonota sp. 1,"Spilonota sp. 1 of Nasu, 2013",japanese_exact,76,75,domestic_hosts_recorded,シラカンバ Betula platyphylla var. japonica (カバノキ科)．,1,1,シラカンバ[野外（国内）],verified_complete_no_change,成虫発生時期は 7〜8 月．幼虫はシラカンバの葉を食害する．,出現時期:7-8月 / 生態情報:幼虫はシラカンバの葉を食害する,verified_complete_no_change,heading_level_text_audit_no_change,78f75fd532ace774cff181d573c96c04052e1c65dd77a352ec520d7cd33de646
hamakiga1-v1-2026-07-12,2026-07-12,日本のハマキガ1,197,species-2135,ナツハゼシロヒメハマキ,Spilonota sp. 2,"Spilonota sp. 2 of Nasu, 2013",japanese_exact,76,75,domestic_hosts_recorded,ナツハゼ Vaccinium oldhamii (ツツジ科)．,1,1,ナツハゼ[野外（国内）],verified_complete_no_change,成虫発生時期は 7〜8 月．幼虫はナツハゼの葉を摂食する．,出現時期:7-8月 / 生態情報:幼虫はナツハゼの葉を摂食する,verified_complete_no_change,heading_level_text_audit_no_change,78f75fd532ace774cff181d573c96c04052e1c65dd77a352ec520d7cd33de646
hamakiga1-v1-2026-07-12,2026-07-12,日本のハマキガ1,198,species-2136,リンゴハイイロヒメハマキ,"Spilonota lechriaspis Meyrick, 1932","Spilonota lechriaspis Meyrick, 1932",japanese_exact,76,75,domestic_hosts_recorded,セイヨウリンゴ Malus domestica，ユスラウメ Prunus tomentosa，ビワ Eriobotrya japonica， タチバナモドキ Pyracantha angustifolia など (バラ科)．,4,4,セイヨウリンゴ[野外（国内）] / ユスラウメ[野外（国内）] / ビワ[野外（国内）] / タチバナモドキ[野外（国内）],verified_complete_no_change,成虫発生時期は 6〜9 月．幼虫は寄主の新梢の葉を巻く．,出現時期:6-9月 / 生態情報:幼虫は寄主の新梢の葉を巻く,verified_complete_no_change,heading_level_text_audit_no_change,78f75fd532ace774cff181d573c96c04052e1c65dd77a352ec520d7cd33de646
hamakiga1-v1-2026-07-12,2026-07-12,日本のハマキガ1,199,species-2137,ニセシロヒメシンクイ,"Spilonota albicana (Motschulsky, 1866)","Spilonota albicana (Motschulsky, 1866)",japanese_exact,77,76,domestic_hosts_recorded,カスミザクラ Cerasus leveilleana，ミヤマザクラ C. maximowiczii，イヌザクラ Padus buergeriana (バラ科)，ネジキ Lyonia ovalifolia var. elliptica (ツツジ科)．,4,4,カスミザクラ[野外（国内）] / ミヤマザクラ[野外（国内）] / イヌザクラ[野外（国内）] / ネジキ[野外（国内）],verified_complete_no_change,成虫発生時期は 7〜9 月．幼虫はサクラ類あるいはネジキの葉を綴る．,出現時期:7-9月 / 生態情報:幼虫はサクラ類あるいはネジキの葉を綴る,verified_complete_no_change,heading_level_text_audit_no_change,78f75fd532ace774cff181d573c96c04052e1c65dd77a352ec520d7cd33de646
hamakiga1-v1-2026-07-12,2026-07-12,日本のハマキガ1,200,species-2138,シロヒメシンクイ,Spilonota sp. 3,"Spilonota sp. 3 of Nasu, 2013",japanese_exact,77,76,domestic_hosts_recorded,トキワサンザシ (ピラカンサ)Pyracantha coccinea，ナナカマド Sorbus commixta，ウラジ ロノキ Aria japonica，セイヨウリンゴ Malus domestica (バラ科)．,4,4,トキワサンザシ[野外（国内）] / ナナカマド[野外（国内）] / ウラジロノキ[野外（国内）] / セイヨウリンゴ[野外（国内）],verified_complete_no_change,成虫発生時期は 5〜8 月．幼虫は寄主の葉や果実を綴る．幼虫越冬．幼生期については，駒井 ら (2011) に詳細に記載・図示されている．,出現時期:5-8月 / 生態情報:幼虫は寄主の葉や果実を綴る．幼虫越冬．幼生期については，駒井ら(2011)に詳細に記載・図示されている,verified_complete_no_change,heading_level_text_audit_no_change,78f75fd532ace774cff181d573c96c04052e1c65dd77a352ec520d7cd33de646
hamakiga1-v1-2026-07-12,2026-07-12,日本のハマキガ1,201,species-2139,ハシバミシロヒメハマキ,"Spilonota prognathana (Snellen, 1883)","Spilonota prognathana (Snellen, 1883)",japanese_exact,77,76,domestic_hosts_recorded,ツノハシバミ Corylus sieboldiana var. sieboldiana，ハシバミ Co. heterophylla，アカシデ Carpinus laxiflora，サワシバ Ca. cordata，アサダ Ostrya japonica (カバノキ科)．,5,5,ツノハシバミ[野外（国内）] / ハシバミ[野外（国内）] / アカシデ[野外（国内）] / サワシバ[野外（国内）] / アサダ[野外（国内）],verified_complete_no_change,成虫発生時期は 5〜8 月．幼虫はカバノキ科植物の新葉を綴る．,出現時期:5-8月 / 生態情報:幼虫はカバノキ科植物の新葉を綴る,verified_complete_no_change,heading_level_text_audit_no_change,78f75fd532ace774cff181d573c96c04052e1c65dd77a352ec520d7cd33de646
hamakiga1-v1-2026-07-12,2026-07-12,日本のハマキガ1,202,species-2140,ズグロシロヒメシンクイ,Spilonota sp. 4,"Spilonota sp. 4 of Nasu, 2013",japanese_exact,78,77,domestic_hosts_recorded,カナメモチ Photinia glabra (バラ科)．,1,1,カナメモチ[野外（国内）],verified_complete_no_change,成虫発生時期は 6〜7 月．幼虫はカナメモチの新葉を綴る．,出現時期:6-7月 / 生態情報:幼虫はカナメモチの新葉を綴る,verified_complete_no_change,heading_level_text_audit_no_change,78f75fd532ace774cff181d573c96c04052e1c65dd77a352ec520d7cd33de646
hamakiga1-v1-2026-07-12,2026-07-12,日本のハマキガ1,203,species-2141,イスノキヒメハマキ,"Spilonota distyliana Moriuti, 1958","Spilonota distyliana Moriuti, 1958",japanese_exact,78,77,domestic_hosts_recorded,イスノキ Distylium racemosum (マンサク科)．,1,1,イスノキ[野外（国内）],verified_complete_no_change,成虫発生時期は 5〜10 月．幼虫はイスノキの葉を綴る．年 1 化．幼虫越冬．幼生期については， 駒井ら (2011) に詳しい．,出現時期:5-10月 / 生態情報:幼虫はイスノキの葉を綴る．年1 化．幼虫越冬．幼生期については，駒井ら(2011)に詳しい,normalize_ocr_layout_gap,original_pdf_image_confirmed_300dpi_page_78,78f75fd532ace774cff181d573c96c04052e1c65dd77a352ec520d7cd33de646
hamakiga1-v1-2026-07-12,2026-07-12,日本のハマキガ1,204,species-2142,アマイロクロモンヒメハマキ,"Spilonota amamiana Nasu, 2012","Spilonota amamiana Nasu, 2012",japanese_exact,78,77,source_unknown,未知．,0,0,,verified_source_unknown,成虫発生時期は 4〜5 月．,出現時期:4-5月,verified_complete_no_change,heading_level_text_audit_no_change,78f75fd532ace774cff181d573c96c04052e1c65dd77a352ec520d7cd33de646
hamakiga1-v1-2026-07-12,2026-07-12,日本のハマキガ1,205,species-2143,モトアカヒメハマキ,"Spilonota semirufana (Christoph, 1882)","Spilonota semirufana (Christoph, 1882)",japanese_exact,79,78,domestic_hosts_recorded,カシワ Quercus dentata (ブナ科)．,1,1,カシワ[野外（国内）],verified_complete_no_change,成虫発生時期は 7〜8 月．幼虫はカシワの新梢に潜る．幼生期については，駒井ら (2011) に詳 しい．,出現時期:7-8月 / 生態情報:幼虫はカシワの新梢に潜る．幼生期については，駒井ら(2011)に詳しい,verified_complete_no_change,heading_level_text_audit_no_change,78f75fd532ace774cff181d573c96c04052e1c65dd77a352ec520d7cd33de646
hamakiga1-v1-2026-07-12,2026-07-12,日本のハマキガ1,206,species-2144,クロゲハイイロヒメハマキ,"Spilonota melanocopa (Meyrick, 1912)","Spilonota melanocopa (Meyrick, 1912)",japanese_exact,79,78,domestic_hosts_recorded,"スダジイ (イタジイ) Castanopsis sieboldii, ツブラジイ C. cuspidata (ブナ科)，イスノキ Distylium racemosum (マンサク科)．",2,3,スダジイ[野外（国内）] / イスノキ[野外（国内）],add_missing_domestic_host,成虫発生時期は 4〜9 月．,出現時期:4-9月,verified_complete_no_change,original_pdf_image_confirmed_300dpi_page_79,78f75fd532ace774cff181d573c96c04052e1c65dd77a352ec520d7cd33de646
hamakiga1-v1-2026-07-12,2026-07-12,日本のハマキガ1,207,species-2145,ドクウツギヒメハマキ,"Strepsicrates coriariae Oku, 1974","Strepsicrates coriariae Oku, 1974",japanese_exact,79,78,domestic_hosts_recorded,ドクウツギ Coriaria japonica (ドクウツギ科)．,1,1,ドクウツギ[野外（国内）],verified_complete_no_change,成虫発生時期は 7〜8 月，10〜11 月．幼虫は寄主の新芽の先を固く綴り，葉が展開すると葉 を平らに重ねて綴る (奥，2003)．,出現時期:7-8月，10-11月 / 生態情報:幼虫は寄主の新芽の先を固く綴り，葉が展開すると葉を平らに重ねて綴る(奥，2003),verified_complete_no_change,heading_level_text_audit_no_change,78f75fd532ace774cff181d573c96c04052e1c65dd77a352ec520d7cd33de646
hamakiga1-v1-2026-07-12,2026-07-12,日本のハマキガ1,208,species-2146,バンジロウヒメハマキ,"Strepsicrates semicanella (Walker, 1866)","Strepsicrates semicanella (Walker, 1866)",japanese_exact,80,79,domestic_hosts_recorded,バンジロウ Psidium guajava，ユーカリ類 Eucalyptus spp. (フトモモ科)．,2,2,バンジロウ[野外（国内）] / ユーカリ類[野外（国内）],verified_complete_no_change,沖縄では周年発生している．幼虫は若葉を綴る．幼生期については，駒井ら (2011) に詳しい．,生態情報:沖縄では周年発生している．幼虫は若葉を綴る．幼生期については，駒井ら(2011)に詳しい,verified_complete_no_change,heading_level_text_audit_no_change,78f75fd532ace774cff181d573c96c04052e1c65dd77a352ec520d7cd33de646
hamakiga1-v1-2026-07-12,2026-07-12,日本のハマキガ1,209,species-23153,アデクヒメハマキ,Strepsicrates sp.,Strepsicrates sp.,japanese_exact,80,79,domestic_hosts_recorded,アデク Syzygium buxifolium (フトモモ科)．,1,1,アデク[野外（国内）],verified_complete_no_change,成虫発生時期は 3 月．石垣島でアデクの葉に実を付着させ，実に潜っている幼虫が 3 月に発 見されている．,出現時期:3月 / 生態情報:石垣島でアデクの葉に実を付着させ，実に潜っている幼虫が3 月に発見されている,normalize_ocr_layout_gap,original_pdf_image_confirmed_300dpi_page_80,78f75fd532ace774cff181d573c96c04052e1c65dd77a352ec520d7cd33de646
hamakiga1-v1-2026-07-12,2026-07-12,日本のハマキガ1,210,species-2326,テンニンカヒメハマキ,"Eccoptocera palmicola (Meyrick, 1912)","Eccoptocera palmicola (Meyrick, 1912)",japanese_exact,80,79,domestic_hosts_recorded,テンニンカ Rhodomyrtus tomentosa (フトモモ科)．,1,1,テンニンカ[野外（国内）],verified_complete_no_change,成虫発生時期は 9〜11 月．幼虫は若葉を綴ったり，巻いたりする．幼生期は Nasu and Tominaga (2014) に図示されている．,出現時期:9-11月 / 生態情報:幼虫は若葉を綴ったり，巻いたりする．幼生期はNasu and Tominaga (2014)に図示されている,verified_complete_no_change,heading_level_text_audit_no_change,78f75fd532ace774cff181d573c96c04052e1c65dd77a352ec520d7cd33de646
hamakiga1-v1-2026-07-12,2026-07-12,日本のハマキガ1,211,species-2320,アカマツメムシガ,"Metacosma echinophora Komai, Byun & Yamazaki, 2018","Metacosma echinophora Komai, Byun & Yamazaki, 2018",japanese_exact,81,80,domestic_hosts_recorded,アカマツ Pinus densiflora (マツ科)．,1,1,アカマツ[野外（国内）],verified_complete_no_change,成虫発生時期は 5〜9 月．幼虫はアカマツの冬芽に穿孔し，ヤニを付着させた絹糸で白っぽい テントを造る．落葉層中で繭を造り，中で蛹越冬．幼虫は，アカマツの幼樹で見つかることが多い．,出現時期:5-9月 / 生態情報:幼虫はアカマツの冬芽に穿孔し，ヤニを付着させた絹糸で白っぽいテントを造る．落葉層中で繭を造り，中で蛹越冬．幼虫は，アカマツの幼樹で見つかることが多い,verified_complete_no_change,heading_level_text_audit_no_change,78f75fd532ace774cff181d573c96c04052e1c65dd77a352ec520d7cd33de646
hamakiga1-v1-2026-07-12,2026-07-12,日本のハマキガ1,212,species-2322,マダラコケイロヒメハマキ,"Herpystis tinctoria Meyrick, 1916","Herpystis tinctoria Meyrick, 1916",japanese_exact,81,80,source_unknown,未知．,0,0,,verified_source_unknown,成虫発生時期は 10 月．マングローブ林内のメヒルギ Kandelia obovata が多い場所で，灯火採 集によって得られた．81,出現時期:10月 / 生態情報:マングローブ林内のメヒルギKandelia obovata が多い場所で，灯火採集によって得られた,verified_complete_no_change,heading_level_text_audit_no_change,78f75fd532ace774cff181d573c96c04052e1c65dd77a352ec520d7cd33de646
hamakiga1-v1-2026-07-12,2026-07-12,日本のハマキガ1,213,species-2324,ツマキハイイロヒメハマキ,"Antichlidas holocnista Meyrick, 1931","Antichlidas holocnista Meyrick, 1931",japanese_exact,82,81,source_unknown,未知．,0,0,,verified_source_unknown,成虫発生時期は 7〜9 月．,出現時期:7-9月,verified_complete_no_change,heading_level_text_audit_no_change,78f75fd532ace774cff181d573c96c04052e1c65dd77a352ec520d7cd33de646
hamakiga1-v1-2026-07-12,2026-07-12,日本のハマキガ1,214,species-2325,ズグロツマキハイイロヒメハマキ,"Antichlidas trigonia Zhang & Li, 2004","Antichlidas trigonia Zhang & Li, 2004",japanese_exact,82,81,source_unknown,未知．,0,0,,verified_source_unknown,成虫発生時期は 6〜8 月．,出現時期:6-8月,verified_complete_no_change,heading_level_text_audit_no_change,78f75fd532ace774cff181d573c96c04052e1c65dd77a352ec520d7cd33de646
hamakiga1-v1-2026-07-12,2026-07-12,日本のハマキガ1,215,species-23154,カンコミモグリヒメハマキ,"Tritopterna capyra (Meyrick, 1911)","Tritopterna capyra (Meyrick, 1911)",japanese_exact,82,81,domestic_hosts_recorded,カキバカンコノキ Glochidion zeylanicum (ミカンソウ科)．オーストラリアでは G. ferdinandi.,1,2,カキバカンコノキ[野外（国内）],add_missing_foreign_hosts,成虫は沖縄では周年発生しているようである．幼虫は実に潜る．,出現時期:周年（沖縄） / 生態情報:幼虫は実に潜る / 生態情報:オーストラリアではG. ferdinandi.,verified_complete_no_change,original_pdf_image_confirmed_300dpi_page_83,78f75fd532ace774cff181d573c96c04052e1c65dd77a352ec520d7cd33de646
hamakiga1-v1-2026-07-12,2026-07-12,日本のハマキガ1,216,species-2323,アカオビヒメハマキ,Cosmetra sp.,‘Cosmetra’ sp.,japanese_exact,83,82,source_unknown,未知．,0,0,,verified_source_unknown,成虫発生時期は 5〜8 月．,出現時期:5-8月,verified_complete_no_change,heading_level_text_audit_no_change,78f75fd532ace774cff181d573c96c04052e1c65dd77a352ec520d7cd33de646
