audit_id,audit_batch,volume,source_pdf_file,source_pdf_sha256,reviewed_on,plant_name,scientific_name,family,family_latin,genus_jp,genus_scientific,habit,height,flower_period,distribution,habitat,similar_taxa,distinguishing_features,printed_page,source,pdf_page,extraction_method,decision,remove_source_plant_name,review_note
wildplants-v1-opening-0001,volume1_text_opening_accounts,1,日本の野生植物 1- ソテツ科～コミカンソウ科.pdf,bcdcd5ac593747d6d58321d4a696ec96fb963233541af2a4666c4a1fbd1d4fb1,2026-07-12,ソテツ,Cycas revoluta,ソテツ科,CYCADACEAE,ソテツ属,Cycas,常緑低木,,,宮崎県・鹿児島県に自生地がある,,,,33,日本の野生植物 第1巻,17,原PDF画像目視確認＋macOS Vision OCR補助＋手動要約,include,,原画像の種見出しと本文境界を確認し、客観的事実のみ短く要約。主観・採集助言・不確かなOCRは除外。
wildplants-v1-opening-0002,volume1_text_opening_accounts,1,日本の野生植物 1- ソテツ科～コミカンソウ科.pdf,bcdcd5ac593747d6d58321d4a696ec96fb963233541af2a4666c4a1fbd1d4fb1,2026-07-12,イチョウ,Ginkgo biloba var. biloba,イチョウ科,GINKGOACEAE,イチョウ属,Ginkgo,落葉高木,,4～5月,中国浙江省西天目山・重慶市金佛山に自生し、日本では野生しない,,,,34,日本の野生植物 第1巻,18,原PDF画像目視確認＋macOS Vision OCR補助＋手動要約,include,,原画像の種見出しと本文境界を確認し、客観的事実のみ短く要約。主観・採集助言・不確かなOCRは除外。
wildplants-v1-opening-0003,volume1_text_opening_accounts,1,日本の野生植物 1- ソテツ科～コミカンソウ科.pdf,bcdcd5ac593747d6d58321d4a696ec96fb963233541af2a4666c4a1fbd1d4fb1,2026-07-12,ウラジロモミ,Abies homolepis,マツ科,PINACEAE,モミ属,Abies,常緑高木,30～40 m,,本州（三本槍岳から中部地方・紀伊半島）・四国,標高1000～2000 mの山地,,,35,日本の野生植物 第1巻,18,原PDF画像目視確認＋macOS Vision OCR補助＋手動要約,include,,原画像の種見出しと本文境界を確認し、客観的事実のみ短く要約。主観・採集助言・不確かなOCRは除外。
wildplants-v1-opening-0004,volume1_text_opening_accounts,1,日本の野生植物 1- ソテツ科～コミカンソウ科.pdf,bcdcd5ac593747d6d58321d4a696ec96fb963233541af2a4666c4a1fbd1d4fb1,2026-07-12,トドマツ,Abies sachalinensis var. sachalinensis,マツ科,PINACEAE,モミ属,Abies,常緑高木,約25 m,,北海道・南千島・樺太・カムチャツカ,,,,35,日本の野生植物 第1巻,18,原PDF画像目視確認＋macOS Vision OCR補助＋手動要約,include,,原画像の種見出しと本文境界を確認し、客観的事実のみ短く要約。主観・採集助言・不確かなOCRは除外。
wildplants-v1-opening-0005,volume1_text_opening_accounts,1,日本の野生植物 1- ソテツ科～コミカンソウ科.pdf,bcdcd5ac593747d6d58321d4a696ec96fb963233541af2a4666c4a1fbd1d4fb1,2026-07-12,モミ,Abies firma,マツ科,PINACEAE,モミ属,Abies,常緑高木,35～40 m,,本州（秋田県・岩手県以南）・四国・九州（屋久島まで）,,ウラジロモミ,ウラジロモミより低い山地に生える,36,日本の野生植物 第1巻,19,原PDF画像目視確認＋macOS Vision OCR補助＋手動要約,include,,原画像の種見出しと本文境界を確認し、客観的事実のみ短く要約。主観・採集助言・不確かなOCRは除外。比較文は生育環境欄から識別欄へ分離。
wildplants-v1-opening-0006,volume1_text_opening_accounts,1,日本の野生植物 1- ソテツ科～コミカンソウ科.pdf,bcdcd5ac593747d6d58321d4a696ec96fb963233541af2a4666c4a1fbd1d4fb1,2026-07-12,シラビソ,Abies veitchii var. veitchii,マツ科,PINACEAE,モミ属,Abies,常緑高木,約25 m,,本州（吾妻山以南の中部地方・紀伊半島）・四国,亜高山帯,,,36,日本の野生植物 第1巻,19,原PDF画像目視確認＋macOS Vision OCR補助＋手動要約,include,,原画像の種見出しと本文境界を確認し、客観的事実のみ短く要約。主観・採集助言・不確かなOCRは除外。
wildplants-v1-opening-0007,volume1_text_opening_accounts,1,日本の野生植物 1- ソテツ科～コミカンソウ科.pdf,bcdcd5ac593747d6d58321d4a696ec96fb963233541af2a4666c4a1fbd1d4fb1,2026-07-12,オオシラビソ,Abies mariesii,マツ科,PINACEAE,モミ属,Abies,常緑高木,25～30 m,,本州（八甲田山から中部地方、福井県まで）,亜高山帯でトウヒ・コメツガ・シラビソなどと混生,,,36,日本の野生植物 第1巻,19,原PDF画像目視確認＋macOS Vision OCR補助＋手動要約,include,,原画像の種見出しと本文境界を確認し、客観的事実のみ短く要約。主観・採集助言・不確かなOCRは除外。
wildplants-v1-opening-0008,volume1_text_opening_accounts,1,日本の野生植物 1- ソテツ科～コミカンソウ科.pdf,bcdcd5ac593747d6d58321d4a696ec96fb963233541af2a4666c4a1fbd1d4fb1,2026-07-12,カラマツ,Larix kaempferi,マツ科,PINACEAE,カラマツ属,Larix,落葉高木,約30 m,,本州中部を中心に、蔵王山・白山にも隔離分布,亜高山帯の日当たりのよい場所,,,36,日本の野生植物 第1巻,19,原PDF画像目視確認＋macOS Vision OCR補助＋手動要約,include,,原画像の種見出しと本文境界を確認し、客観的事実のみ短く要約。主観・採集助言・不確かなOCRは除外。
wildplants-v1-opening-0009,volume1_text_opening_accounts,1,日本の野生植物 1- ソテツ科～コミカンソウ科.pdf,bcdcd5ac593747d6d58321d4a696ec96fb963233541af2a4666c4a1fbd1d4fb1,2026-07-12,エゾマツ,Picea jezoensis var. jezoensis,マツ科,PINACEAE,トウヒ属,Picea,常緑高木,30～35 m,,南千島・北海道・早池峰山など,,,,37,日本の野生植物 第1巻,19,原PDF画像目視確認＋macOS Vision OCR補助＋手動要約,include,,原画像の種見出しと本文境界を確認し、客観的事実のみ短く要約。主観・採集助言・不確かなOCRは除外。
wildplants-v1-opening-0010,volume1_text_opening_accounts,1,日本の野生植物 1- ソテツ科～コミカンソウ科.pdf,bcdcd5ac593747d6d58321d4a696ec96fb963233541af2a4666c4a1fbd1d4fb1,2026-07-12,アカエゾマツ,Picea glehnii,マツ科,PINACEAE,トウヒ属,Picea,常緑高木,約40 m,,北海道・早池峰山・南千島・樺太,,,,37,日本の野生植物 第1巻,19,原PDF画像目視確認＋macOS Vision OCR補助＋手動要約,include,,原画像の種見出しと本文境界を確認し、客観的事実のみ短く要約。主観・採集助言・不確かなOCRは除外。
wildplants-v1-opening-0011,volume1_text_opening_accounts,1,日本の野生植物 1- ソテツ科～コミカンソウ科.pdf,bcdcd5ac593747d6d58321d4a696ec96fb963233541af2a4666c4a1fbd1d4fb1,2026-07-12,ヒメバラモミ,Picea maximowiczii var. maximowiczii,マツ科,PINACEAE,トウヒ属,Picea,常緑高木,約40 m,,本州中部（秩父山地・八ヶ岳・南アルプス）,亜高山帯の石灰岩地,アズサバラモミ,葉は12～18 mm、球果は7～9 cmで、アズサバラモミより大きい,37,日本の野生植物 第1巻,19,原PDF画像目視確認＋macOS Vision OCR補助＋手動要約,include,,原画像の種見出しと本文境界を確認し、客観的事実のみ短く要約。主観・採集助言・不確かなOCRは除外。
wildplants-v1-opening-0012,volume1_text_opening_accounts,1,日本の野生植物 1- ソテツ科～コミカンソウ科.pdf,bcdcd5ac593747d6d58321d4a696ec96fb963233541af2a4666c4a1fbd1d4fb1,2026-07-12,ハリモミ,Picea torano,マツ科,PINACEAE,トウヒ属,Picea,常緑高木,約30 m,,本州（福島県以南）・四国・九州,,,,37,日本の野生植物 第1巻,19,原PDF画像目視確認＋macOS Vision OCR補助＋手動要約,include,,原画像の種見出しと本文境界を確認し、客観的事実のみ短く要約。主観・採集助言・不確かなOCRは除外。
wildplants-v1-opening-0013,volume1_text_opening_accounts,1,日本の野生植物 1- ソテツ科～コミカンソウ科.pdf,bcdcd5ac593747d6d58321d4a696ec96fb963233541af2a4666c4a1fbd1d4fb1,2026-07-12,イラモミ,Picea alcoquiana,マツ科,PINACEAE,トウヒ属,Picea,常緑高木,約30 m,,本州（福島県以南から岐阜県東部）,亜高山帯,,,37,日本の野生植物 第1巻,19,原PDF画像目視確認＋macOS Vision OCR補助＋手動要約,include,,原画像の種見出しと本文境界を確認し、客観的事実のみ短く要約。主観・採集助言・不確かなOCRは除外。
wildplants-v1-opening-0014,volume1_text_opening_accounts,1,日本の野生植物 1- ソテツ科～コミカンソウ科.pdf,bcdcd5ac593747d6d58321d4a696ec96fb963233541af2a4666c4a1fbd1d4fb1,2026-07-12,ヤツガタケトウヒ,Picea koyamae,マツ科,PINACEAE,トウヒ属,Picea,常緑高木,約30 m,,八ヶ岳・南アルプス北西部,山地帯上部の石灰岩地,,,37,日本の野生植物 第1巻,19,原PDF画像目視確認＋macOS Vision OCR補助＋手動要約,include,,原画像の種見出しと本文境界を確認し、客観的事実のみ短く要約。主観・採集助言・不確かなOCRは除外。
wildplants-v1-opening-0015,volume1_text_opening_accounts,1,日本の野生植物 1- ソテツ科～コミカンソウ科.pdf,bcdcd5ac593747d6d58321d4a696ec96fb963233541af2a4666c4a1fbd1d4fb1,2026-07-12,クロマツ,Pinus thunbergii,マツ科,PINACEAE,マツ属,Pinus,常緑高木,約40 m,,本州・四国・九州・琉球（トカラ列島まで）・朝鮮半島南部,海岸に多く、関東地方以西では内陸の標高800～900 mにも生育,,,38,日本の野生植物 第1巻,20,原PDF画像目視確認＋macOS Vision OCR補助＋手動要約,include,,原画像の種見出しと本文境界を確認し、客観的事実のみ短く要約。主観・採集助言・不確かなOCRは除外。
wildplants-v1-opening-0016,volume1_text_opening_accounts,1,日本の野生植物 1- ソテツ科～コミカンソウ科.pdf,bcdcd5ac593747d6d58321d4a696ec96fb963233541af2a4666c4a1fbd1d4fb1,2026-07-12,アカマツ,Pinus densiflora,マツ科,PINACEAE,マツ属,Pinus,常緑高木,約30 m,,北海道南部・本州・四国・九州（屋久島まで）・朝鮮半島・中国東北部,,,,38,日本の野生植物 第1巻,20,原PDF画像目視確認＋macOS Vision OCR補助＋手動要約,include,,原画像の種見出しと本文境界を確認し、客観的事実のみ短く要約。主観・採集助言・不確かなOCRは除外。
wildplants-v1-opening-0017,volume1_text_opening_accounts,1,日本の野生植物 1- ソテツ科～コミカンソウ科.pdf,bcdcd5ac593747d6d58321d4a696ec96fb963233541af2a4666c4a1fbd1d4fb1,2026-07-12,リュウキュウマツ,Pinus luchuensis,マツ科,PINACEAE,マツ属,Pinus,常緑高木,約25 m,,悪石島から与那国島,,,,38,日本の野生植物 第1巻,20,原PDF画像目視確認＋macOS Vision OCR補助＋手動要約,include,,原画像の種見出しと本文境界を確認し、客観的事実のみ短く要約。主観・採集助言・不確かなOCRは除外。
wildplants-v1-opening-0018,volume1_text_opening_accounts,1,日本の野生植物 1- ソテツ科～コミカンソウ科.pdf,bcdcd5ac593747d6d58321d4a696ec96fb963233541af2a4666c4a1fbd1d4fb1,2026-07-12,ハイマツ,Pinus pumila,マツ科,PINACEAE,マツ属,Pinus,常緑低木,1～2 m,,北海道・本州北部～中部（光岳まで）・千島・樺太・カムチャツカ・東シベリア・朝鮮半島・中国東北部,高山帯,,,38,日本の野生植物 第1巻,20,原PDF画像目視確認＋macOS Vision OCR補助＋手動要約,include,,原画像の種見出しと本文境界を確認し、客観的事実のみ短く要約。主観・採集助言・不確かなOCRは除外。
wildplants-v1-opening-0019,volume1_text_opening_accounts,1,日本の野生植物 1- ソテツ科～コミカンソウ科.pdf,bcdcd5ac593747d6d58321d4a696ec96fb963233541af2a4666c4a1fbd1d4fb1,2026-07-12,チョウセンゴヨウ,Pinus koraiensis,マツ科,PINACEAE,マツ属,Pinus,常緑高木,約30 m,,本州（栃木県から岐阜県）・四国（東赤石山）・朝鮮半島・中国東北部・ウスリー,山地,,,38,日本の野生植物 第1巻,20,原PDF画像目視確認＋macOS Vision OCR補助＋手動要約,include,,原画像の種見出しと本文境界を確認し、客観的事実のみ短く要約。主観・採集助言・不確かなOCRは除外。
wildplants-v1-opening-0020,volume1_text_opening_accounts,1,日本の野生植物 1- ソテツ科～コミカンソウ科.pdf,bcdcd5ac593747d6d58321d4a696ec96fb963233541af2a4666c4a1fbd1d4fb1,2026-07-12,ヤクタネゴヨウ,Pinus amamiana,マツ科,PINACEAE,マツ属,Pinus,常緑高木,約25 m,,屋久島・種子島,,タカネゴヨウ,若い長枝は赤褐色で無毛。葉は長く、球果と種子は大きい,38,日本の野生植物 第1巻,20,原PDF画像目視確認＋macOS Vision OCR補助＋手動要約,include,,原画像の種見出しと本文境界を確認し、客観的事実のみ短く要約。主観・採集助言・不確かなOCRは除外。
wildplants-v1-opening-0021,volume1_text_opening_accounts,1,日本の野生植物 1- ソテツ科～コミカンソウ科.pdf,bcdcd5ac593747d6d58321d4a696ec96fb963233541af2a4666c4a1fbd1d4fb1,2026-07-12,ゴヨウマツ,Pinus parviflora var. parviflora,マツ科,PINACEAE,マツ属,Pinus,常緑高木,約30 m,,北海道南部・本州・四国・九州・鬱陵島,,,,38,日本の野生植物 第1巻,20,原PDF画像目視確認＋macOS Vision OCR補助＋手動要約,include,,原画像の種見出しと本文境界を確認し、客観的事実のみ短く要約。主観・採集助言・不確かなOCRは除外。
wildplants-v1-opening-0022,volume1_text_opening_accounts,1,日本の野生植物 1- ソテツ科～コミカンソウ科.pdf,bcdcd5ac593747d6d58321d4a696ec96fb963233541af2a4666c4a1fbd1d4fb1,2026-07-12,トガサワラ,Pseudotsuga japonica,マツ科,PINACEAE,トガサワラ属,Pseudotsuga,常緑高木,約30 m,,紀伊半島中部以南・四国（高知県東部）,深山,,,39,日本の野生植物 第1巻,20,原PDF画像目視確認＋macOS Vision OCR補助＋手動要約,include,,原画像の種見出しと本文境界を確認し、客観的事実のみ短く要約。主観・採集助言・不確かなOCRは除外。
wildplants-v1-opening-0023,volume1_text_opening_accounts,1,日本の野生植物 1- ソテツ科～コミカンソウ科.pdf,bcdcd5ac593747d6d58321d4a696ec96fb963233541af2a4666c4a1fbd1d4fb1,2026-07-12,ツガ,Tsuga sieboldii,マツ科,PINACEAE,ツガ属,Tsuga,常緑高木,25～30 m,,本州（主に関東地方以西）・四国・九州（屋久島まで）・鬱陵島,山地,,,39,日本の野生植物 第1巻,20,原PDF画像目視確認＋macOS Vision OCR補助＋手動要約,include,,原画像の種見出しと本文境界を確認し、客観的事実のみ短く要約。主観・採集助言・不確かなOCRは除外。
wildplants-v1-opening-0024,volume1_text_opening_accounts,1,日本の野生植物 1- ソテツ科～コミカンソウ科.pdf,bcdcd5ac593747d6d58321d4a696ec96fb963233541af2a4666c4a1fbd1d4fb1,2026-07-12,コメツガ,Tsuga diversifolia,マツ科,PINACEAE,ツガ属,Tsuga,常緑高木,20～25 m,,本州（八甲田山から紀伊半島）・四国・九州（祖母山）,,ツガ,ツガより高所に生え、純林をつくることがある,39,日本の野生植物 第1巻,20,原PDF画像目視確認＋macOS Vision OCR補助＋手動要約,include,,原画像の種見出しと本文境界を確認し、客観的事実のみ短く要約。主観・採集助言・不確かなOCRは除外。比較文は生育環境欄から識別欄へ分離。
wildplants-v1-opening-0025,volume1_text_opening_accounts,1,日本の野生植物 1- ソテツ科～コミカンソウ科.pdf,bcdcd5ac593747d6d58321d4a696ec96fb963233541af2a4666c4a1fbd1d4fb1,2026-07-12,ナギ,Nageia nagi,マキ科,PODOCARPACEAE,ナギ属,Nageia,常緑高木,約20 m,,本州（三重県・和歌山県・山口県）・四国・九州・琉球・台湾,,,,40,日本の野生植物 第1巻,21,原PDF画像目視確認＋macOS Vision OCR補助＋手動要約,include,,原画像の種見出しと本文境界を確認し、客観的事実のみ短く要約。主観・採集助言・不確かなOCRは除外。
wildplants-v1-opening-0026,volume1_text_opening_accounts,1,日本の野生植物 1- ソテツ科～コミカンソウ科.pdf,bcdcd5ac593747d6d58321d4a696ec96fb963233541af2a4666c4a1fbd1d4fb1,2026-07-12,イヌマキ,Podocarpus macrophyllus,マキ科,PODOCARPACEAE,マキ属,Podocarpus,常緑高木,約20 m,,本州（関東地方以西の太平洋側）・四国・九州・琉球・台湾・中国,海岸に近い山地,,,40,日本の野生植物 第1巻,21,原PDF画像目視確認＋macOS Vision OCR補助＋手動要約,include,,原画像の種見出しと本文境界を確認し、客観的事実のみ短く要約。主観・採集助言・不確かなOCRは除外。
wildplants-v1-opening-0027,volume1_text_opening_accounts,1,日本の野生植物 1- ソテツ科～コミカンソウ科.pdf,bcdcd5ac593747d6d58321d4a696ec96fb963233541af2a4666c4a1fbd1d4fb1,2026-07-12,コウヤマキ,Sciadopitys verticillata,コウヤマキ科,SCIADOPITYACEAE,コウヤマキ属,Sciadopitys,常緑高木,30～40 m,,本州（福島県北西部以南）・四国・九州（宮崎県）,,,,41,日本の野生植物 第1巻,21,原PDF画像目視確認＋macOS Vision OCR補助＋手動要約,include,,原画像の種見出しと本文境界を確認し、客観的事実のみ短く要約。主観・採集助言・不確かなOCRは除外。
wildplants-v1-opening-0028,volume1_text_opening_accounts,1,日本の野生植物 1- ソテツ科～コミカンソウ科.pdf,bcdcd5ac593747d6d58321d4a696ec96fb963233541af2a4666c4a1fbd1d4fb1,2026-07-12,ヒノキ,Chamaecyparis obtusa,ヒノキ科,CUPRESSACEAE,ヒノキ属,Chamaecyparis,常緑高木,約30 m,,本州（福島県いわき市以南）・四国・九州（屋久島まで）,山地,,,42,日本の野生植物 第1巻,22,原PDF画像目視確認＋macOS Vision OCR補助＋手動要約,include,,原画像の種見出しと本文境界を確認し、客観的事実のみ短く要約。主観・採集助言・不確かなOCRは除外。
wildplants-v1-opening-0029,volume1_text_opening_accounts,1,日本の野生植物 1- ソテツ科～コミカンソウ科.pdf,bcdcd5ac593747d6d58321d4a696ec96fb963233541af2a4666c4a1fbd1d4fb1,2026-07-12,サワラ,Chamaecyparis pisifera,ヒノキ科,CUPRESSACEAE,ヒノキ属,Chamaecyparis,常緑高木,約30 m,,本州（岩手県以南）・九州,,,,42,日本の野生植物 第1巻,22,原PDF画像目視確認＋macOS Vision OCR補助＋手動要約,include,,原画像の種見出しと本文境界を確認し、客観的事実のみ短く要約。主観・採集助言・不確かなOCRは除外。
wildplants-v1-opening-0030,volume1_text_opening_accounts,1,日本の野生植物 1- ソテツ科～コミカンソウ科.pdf,bcdcd5ac593747d6d58321d4a696ec96fb963233541af2a4666c4a1fbd1d4fb1,2026-07-12,スギ,Cryptomeria japonica var. japonica,ヒノキ科,CUPRESSACEAE,スギ属,Cryptomeria,常緑高木,40～50 m,,本州（日本海側は津軽地方、太平洋側は岩手県南部が北限）・四国・九州（屋久島まで）,主に太平洋側,,,43,日本の野生植物 第1巻,22,原PDF画像目視確認＋macOS Vision OCR補助＋手動要約,include,,原画像の種見出しと本文境界を確認し、客観的事実のみ短く要約。主観・採集助言・不確かなOCRは除外。
wildplants-v1-opening-0031,volume1_text_opening_accounts,1,日本の野生植物 1- ソテツ科～コミカンソウ科.pdf,bcdcd5ac593747d6d58321d4a696ec96fb963233541af2a4666c4a1fbd1d4fb1,2026-07-12,イブキ,Juniperus chinensis var. chinensis,ヒノキ科,CUPRESSACEAE,ネズミサシ属,Juniperus,常緑高木または大低木,15～20 m,,本州（岩手県以南）・四国・九州の太平洋側・朝鮮半島・中国・モンゴル,,,,43,日本の野生植物 第1巻,22,原PDF画像目視確認＋macOS Vision OCR補助＋手動要約,include,,原画像の種見出しと本文境界を確認し、客観的事実のみ短く要約。主観・採集助言・不確かなOCRは除外。
wildplants-v1-opening-0032,volume1_text_opening_accounts,1,日本の野生植物 1- ソテツ科～コミカンソウ科.pdf,bcdcd5ac593747d6d58321d4a696ec96fb963233541af2a4666c4a1fbd1d4fb1,2026-07-12,ネズミサシ,Juniperus rigida,ヒノキ科,CUPRESSACEAE,ネズミサシ属,Juniperus,常緑低木または小高木,最大10 m,,本州（岩手県以南）・四国・九州・朝鮮半島・中国,日当たりのよい丘陵地や花崗岩地,,,43,日本の野生植物 第1巻,22,原PDF画像目視確認＋macOS Vision OCR補助＋手動要約,include,,原画像の種見出しと本文境界を確認し、客観的事実のみ短く要約。主観・採集助言・不確かなOCRは除外。
wildplants-v1-opening-0033,volume1_text_opening_accounts,1,日本の野生植物 1- ソテツ科～コミカンソウ科.pdf,bcdcd5ac593747d6d58321d4a696ec96fb963233541af2a4666c4a1fbd1d4fb1,2026-07-12,ハイネズ,Juniperus conferta,ヒノキ科,CUPRESSACEAE,ネズミサシ属,Juniperus,常緑低木,,,北海道・本州・九州（種子島まで）・樺太,海岸の砂地,,,43,日本の野生植物 第1巻,22,原PDF画像目視確認＋macOS Vision OCR補助＋手動要約,include,,原画像の種見出しと本文境界を確認し、客観的事実のみ短く要約。主観・採集助言・不確かなOCRは除外。
wildplants-v1-opening-0034,volume1_text_opening_accounts,1,日本の野生植物 1- ソテツ科～コミカンソウ科.pdf,bcdcd5ac593747d6d58321d4a696ec96fb963233541af2a4666c4a1fbd1d4fb1,2026-07-12,ミヤマネズ,Juniperus communis var. nipponica,ヒノキ科,CUPRESSACEAE,ネズミサシ属,Juniperus,常緑低木,,,北海道（アポイ岳）・本州北部,高山,,,43,日本の野生植物 第1巻,22,原PDF画像目視確認＋macOS Vision OCR補助＋手動要約,include,,原画像の種見出しと本文境界を確認し、客観的事実のみ短く要約。主観・採集助言・不確かなOCRは除外。
wildplants-v1-opening-0035,volume1_text_opening_accounts,1,日本の野生植物 1- ソテツ科～コミカンソウ科.pdf,bcdcd5ac593747d6d58321d4a696ec96fb963233541af2a4666c4a1fbd1d4fb1,2026-07-12,シマムロ,Juniperus taxifolia var. taxifolia,ヒノキ科,CUPRESSACEAE,ネズミサシ属,Juniperus,常緑低木または小高木,最大13 m,,小笠原諸島（父島・母島）,乾燥した岩場,オキナワハイネズ,シマムロの球果は7～8 mm。オキナワハイネズは海岸砂地をはって生え、球果は10～12 mm,44,日本の野生植物 第1巻,23,原PDF画像目視確認＋macOS Vision OCR補助＋手動要約,include,,原画像の種見出しと本文境界を確認し、客観的事実のみ短く要約。主観・採集助言・不確かなOCRは除外。
wildplants-v1-opening-0036,volume1_text_opening_accounts,1,日本の野生植物 1- ソテツ科～コミカンソウ科.pdf,bcdcd5ac593747d6d58321d4a696ec96fb963233541af2a4666c4a1fbd1d4fb1,2026-07-12,クロベ,Thuja standishii,ヒノキ科,CUPRESSACEAE,クロベ属,Thuja,常緑高木,約30 m,,本州・四国,中部地方以北の山地に多い,,,44,日本の野生植物 第1巻,23,原PDF画像目視確認＋macOS Vision OCR補助＋手動要約,include,,原画像の種見出しと本文境界を確認し、客観的事実のみ短く要約。主観・採集助言・不確かなOCRは除外。
wildplants-v1-opening-0037,volume1_text_opening_accounts,1,日本の野生植物 1- ソテツ科～コミカンソウ科.pdf,bcdcd5ac593747d6d58321d4a696ec96fb963233541af2a4666c4a1fbd1d4fb1,2026-07-12,アスナロ,Thujopsis dolabrata var. dolabrata,ヒノキ科,CUPRESSACEAE,アスナロ属,Thujopsis,常緑高木,約30 m,,本州・四国・九州,,,,44,日本の野生植物 第1巻,23,原PDF画像目視確認＋macOS Vision OCR補助＋手動要約,include,,原画像の種見出しと本文境界を確認し、客観的事実のみ短く要約。主観・採集助言・不確かなOCRは除外。
wildplants-v1-opening-0038,volume1_text_opening_accounts,1,日本の野生植物 1- ソテツ科～コミカンソウ科.pdf,bcdcd5ac593747d6d58321d4a696ec96fb963233541af2a4666c4a1fbd1d4fb1,2026-07-12,イヌガヤ,Cephalotaxus harringtonia var. harringtonia,イチイ科,TAXACEAE,イヌガヤ属,Cephalotaxus,常緑小高木または低木,8～10 m,,本州（陸前高田市以南）・四国・九州（屋久島まで）・朝鮮半島・中国東北部,,,,45,日本の野生植物 第1巻,23,原PDF画像目視確認＋macOS Vision OCR補助＋手動要約,include,,原画像の種見出しと本文境界を確認し、客観的事実のみ短く要約。主観・採集助言・不確かなOCRは除外。
wildplants-v1-opening-0039,volume1_text_opening_accounts,1,日本の野生植物 1- ソテツ科～コミカンソウ科.pdf,bcdcd5ac593747d6d58321d4a696ec96fb963233541af2a4666c4a1fbd1d4fb1,2026-07-12,イチイ,Taxus cuspidata,イチイ科,TAXACEAE,イチイ属,Taxus,常緑高木,15～20 m,,北海道・本州・四国・九州,,,,46,日本の野生植物 第1巻,24,原PDF画像目視確認＋macOS Vision OCR補助＋手動要約,include,,原画像の種見出しと本文境界を確認し、客観的事実のみ短く要約。主観・採集助言・不確かなOCRは除外。
wildplants-v1-opening-0040,volume1_text_opening_accounts,1,日本の野生植物 1- ソテツ科～コミカンソウ科.pdf,bcdcd5ac593747d6d58321d4a696ec96fb963233541af2a4666c4a1fbd1d4fb1,2026-07-12,カヤ,Torreya nucifera var. nucifera,イチイ科,TAXACEAE,カヤ属,Torreya,常緑高木,最大25 m,,本州（宮城県以南）・四国・九州（屋久島まで）,,,,46,日本の野生植物 第1巻,24,原PDF画像目視確認＋macOS Vision OCR補助＋手動要約,include,,原画像の種見出しと本文境界を確認し、客観的事実のみ短く要約。主観・採集助言・不確かなOCRは除外。
wildplants-v1-opening-0041,volume1_text_opening_accounts,1,日本の野生植物 1- ソテツ科～コミカンソウ科.pdf,bcdcd5ac593747d6d58321d4a696ec96fb963233541af2a4666c4a1fbd1d4fb1,2026-07-12,ジュンサイ,Brasenia schreberi,ジュンサイ科,CABOMBACEAE,ジュンサイ属,Brasenia,多年生水草,,6～8月,北海道から琉球,酸性で有機質に富む底質の池沼,,,47,日本の野生植物 第1巻,24,原PDF画像目視確認＋macOS Vision OCR補助＋手動要約,include,,原画像の種見出しと本文境界を確認し、客観的事実のみ短く要約。主観・採集助言・不確かなOCRは除外。
wildplants-v1-opening-0042,volume1_text_opening_accounts,1,日本の野生植物 1- ソテツ科～コミカンソウ科.pdf,bcdcd5ac593747d6d58321d4a696ec96fb963233541af2a4666c4a1fbd1d4fb1,2026-07-12,フサジュンサイ,Cabomba caroliniana,ジュンサイ科,CABOMBACEAE,ハゴロモモ属,Cabomba,多年生水草,,夏から秋初め,北アメリカ南東部原産で、日本の暖地に帰化,池沼,,,47,日本の野生植物 第1巻,24,原PDF画像目視確認＋macOS Vision OCR補助＋手動要約,include,,原画像の種見出しと本文境界を確認し、客観的事実のみ短く要約。主観・採集助言・不確かなOCRは除外。
wildplants-v1-opening-0043,volume1_text_opening_accounts,1,日本の野生植物 1- ソテツ科～コミカンソウ科.pdf,bcdcd5ac593747d6d58321d4a696ec96fb963233541af2a4666c4a1fbd1d4fb1,2026-07-12,オニバス,Euryale ferox,スイレン科,NYMPHAEACEAE,オニバス属,Euryale,一年生水草,,8～10月,本州（宮城県以南）・四国・九州,低地の富栄養な池沼,,,48,日本の野生植物 第1巻,25,原PDF画像目視確認＋macOS Vision OCR補助＋手動要約,include,,原画像の種見出しと本文境界を確認し、客観的事実のみ短く要約。主観・採集助言・不確かなOCRは除外。
wildplants-v1-opening-0044,volume1_text_opening_accounts,1,日本の野生植物 1- ソテツ科～コミカンソウ科.pdf,bcdcd5ac593747d6d58321d4a696ec96fb963233541af2a4666c4a1fbd1d4fb1,2026-07-12,シモツケコウホネ,Nuphar submersa,スイレン科,NYMPHAEACEAE,コウホネ属,Nuphar,多年生水草,,6～10月,栃木県固有,水中葉のみをつけ、浮水葉と抽水葉を生じない,,,49,日本の野生植物 第1巻,25,原PDF画像目視確認＋macOS Vision OCR補助＋手動要約,include,,原画像の種見出しと本文境界を確認し、客観的事実のみ短く要約。主観・採集助言・不確かなOCRは除外。
wildplants-v1-opening-0045,volume1_text_opening_accounts,1,日本の野生植物 1- ソテツ科～コミカンソウ科.pdf,bcdcd5ac593747d6d58321d4a696ec96fb963233541af2a4666c4a1fbd1d4fb1,2026-07-12,ヒメコウホネ,Nuphar subintegerrima,スイレン科,NYMPHAEACEAE,コウホネ属,Nuphar,多年生水草,,6～10月,東海地方固有,,,,49,日本の野生植物 第1巻,25,原PDF画像目視確認＋macOS Vision OCR補助＋手動要約,include,,原画像の種見出しと本文境界を確認し、客観的事実のみ短く要約。主観・採集助言・不確かなOCRは除外。
wildplants-v1-opening-0046,volume1_text_opening_accounts,1,日本の野生植物 1- ソテツ科～コミカンソウ科.pdf,bcdcd5ac593747d6d58321d4a696ec96fb963233541af2a4666c4a1fbd1d4fb1,2026-07-12,コウホネ,Nuphar japonica,スイレン科,NYMPHAEACEAE,コウホネ属,Nuphar,多年生水草,,6～10月,北海道南西部・本州・四国・九州,浅い池沼や小河川,,,49,日本の野生植物 第1巻,25,原PDF画像目視確認＋macOS Vision OCR補助＋手動要約,include,,原画像の種見出しと本文境界を確認し、客観的事実のみ短く要約。主観・採集助言・不確かなOCRは除外。
wildplants-v1-opening-0047,volume1_text_opening_accounts,1,日本の野生植物 1- ソテツ科～コミカンソウ科.pdf,bcdcd5ac593747d6d58321d4a696ec96fb963233541af2a4666c4a1fbd1d4fb1,2026-07-12,サイコクヒメコウホネ,Nuphar saikokuensis,スイレン科,NYMPHAEACEAE,コウホネ属,Nuphar,多年生水草,,6～10月,本州中部以西・四国・九州に固有,,,,49,日本の野生植物 第1巻,25,原PDF画像目視確認＋macOS Vision OCR補助＋手動要約,include,,原画像の種見出しと本文境界を確認し、客観的事実のみ短く要約。主観・採集助言・不確かなOCRは除外。
wildplants-v1-opening-0048,volume1_text_opening_accounts,1,日本の野生植物 1- ソテツ科～コミカンソウ科.pdf,bcdcd5ac593747d6d58321d4a696ec96fb963233541af2a4666c4a1fbd1d4fb1,2026-07-12,オグラコウホネ,Nuphar oguraensis var. oguraensis,スイレン科,NYMPHAEACEAE,コウホネ属,Nuphar,多年生水草,,7～11月,本州中部以西・九州・朝鮮半島,,,,49,日本の野生植物 第1巻,25,原PDF画像目視確認＋macOS Vision OCR補助＋手動要約,include,,原画像の種見出しと本文境界を確認し、客観的事実のみ短く要約。主観・採集助言・不確かなOCRは除外。
wildplants-v1-opening-0049,volume1_text_opening_accounts,1,日本の野生植物 1- ソテツ科～コミカンソウ科.pdf,bcdcd5ac593747d6d58321d4a696ec96fb963233541af2a4666c4a1fbd1d4fb1,2026-07-12,ネムロコウホネ,Nuphar pumila var. pumila,スイレン科,NYMPHAEACEAE,コウホネ属,Nuphar,多年生水草,,7～8月,北海道・本州北部の高山、千島・樺太・カムチャツカ・シベリアからヨーロッパ,高山の水域,,,49,日本の野生植物 第1巻,25,原PDF画像目視確認＋macOS Vision OCR補助＋手動要約,include,,原画像の種見出しと本文境界を確認し、客観的事実のみ短く要約。主観・採集助言・不確かなOCRは除外。
wildplants-v1-opening-0050,volume1_text_opening_accounts,1,日本の野生植物 1- ソテツ科～コミカンソウ科.pdf,bcdcd5ac593747d6d58321d4a696ec96fb963233541af2a4666c4a1fbd1d4fb1,2026-07-12,ヒツジグサ,Nymphaea tetragona var. tetragona,スイレン科,NYMPHAEACEAE,スイレン属,Nymphaea,多年生水草,,6～9月,日本を含むユーラシアの温帯～寒帯,古い池沼や湿地,,,50,日本の野生植物 第1巻,26,原PDF画像目視確認＋macOS Vision OCR補助＋手動要約,include,,原画像の種見出しと本文境界を確認し、客観的事実のみ短く要約。主観・採集助言・不確かなOCRは除外。
wildplants-v1-opening-0051,volume1_text_opening_accounts,1,日本の野生植物 1- ソテツ科～コミカンソウ科.pdf,bcdcd5ac593747d6d58321d4a696ec96fb963233541af2a4666c4a1fbd1d4fb1,2026-07-12,シキミ,Illicium anisatum,マツブサ科,SCHISANDRACEAE,シキミ属,Illicium,常緑小高木または低木,2～5 m、最大10 m,3～5月,本州（宮城県以南）・四国・九州・琉球・済州島,暖温帯,,,51,日本の野生植物 第1巻,26,原PDF画像目視確認＋macOS Vision OCR補助＋手動要約,include,,原画像の種見出しと本文境界を確認し、客観的事実のみ短く要約。主観・採集助言・不確かなOCRは除外。
wildplants-v1-opening-0052,volume1_text_opening_accounts,1,日本の野生植物 1- ソテツ科～コミカンソウ科.pdf,bcdcd5ac593747d6d58321d4a696ec96fb963233541af2a4666c4a1fbd1d4fb1,2026-07-12,ヤエヤマシキミ,Illicium tashiroi,マツブサ科,SCHISANDRACEAE,シキミ属,Illicium,常緑小高木または低木,最大10 m,11～5月,石垣島・西表島・台湾,,,,51,日本の野生植物 第1巻,26,原PDF画像目視確認＋macOS Vision OCR補助＋手動要約,include,,原画像の種見出しと本文境界を確認し、客観的事実のみ短く要約。主観・採集助言・不確かなOCRは除外。
wildplants-v1-opening-0053,volume1_text_opening_accounts,1,日本の野生植物 1- ソテツ科～コミカンソウ科.pdf,bcdcd5ac593747d6d58321d4a696ec96fb963233541af2a4666c4a1fbd1d4fb1,2026-07-12,サネカズラ,Kadsura japonica,マツブサ科,SCHISANDRACEAE,サネカズラ属,Kadsura,常緑木本性つる植物,,8月,本州（関東地方以西）・四国・九州・琉球・済州島・台湾,,,,51,日本の野生植物 第1巻,26,原PDF画像目視確認＋macOS Vision OCR補助＋手動要約,include,,原画像の種見出しと本文境界を確認し、客観的事実のみ短く要約。主観・採集助言・不確かなOCRは除外。
wildplants-v1-opening-0054,volume1_text_opening_accounts,1,日本の野生植物 1- ソテツ科～コミカンソウ科.pdf,bcdcd5ac593747d6d58321d4a696ec96fb963233541af2a4666c4a1fbd1d4fb1,2026-07-12,チョウセンゴミシ,Schisandra chinensis,マツブサ科,SCHISANDRACEAE,マツブサ属,Schisandra,落葉木本性つる植物,,5～7月,北海道・本州中北部・朝鮮半島・中国・ロシア極東,温帯,,,52,日本の野生植物 第1巻,27,原PDF画像目視確認＋macOS Vision OCR補助＋手動要約,include,,原画像の種見出しと本文境界を確認し、客観的事実のみ短く要約。主観・採集助言・不確かなOCRは除外。
wildplants-v1-opening-0055,volume1_text_opening_accounts,1,日本の野生植物 1- ソテツ科～コミカンソウ科.pdf,bcdcd5ac593747d6d58321d4a696ec96fb963233541af2a4666c4a1fbd1d4fb1,2026-07-12,マツブサ,Schisandra repanda,マツブサ科,SCHISANDRACEAE,マツブサ属,Schisandra,落葉木本性つる植物,,5～7月,北海道南部・本州・四国・九州・朝鮮半島南部,,,,52,日本の野生植物 第1巻,27,原PDF画像目視確認＋macOS Vision OCR補助＋手動要約,include,,原画像の種見出しと本文境界を確認し、客観的事実のみ短く要約。主観・採集助言・不確かなOCRは除外。
wildplants-v1-opening-0056,volume1_text_opening_accounts,1,日本の野生植物 1- ソテツ科～コミカンソウ科.pdf,bcdcd5ac593747d6d58321d4a696ec96fb963233541af2a4666c4a1fbd1d4fb1,2026-07-12,フタリシズカ,Chloranthus serratus,センリョウ科,CHLORANTHACEAE,チャラン属,Chloranthus,多年草,30～60 cm,5月,南千島・北海道・本州・四国・九州・朝鮮半島・中国,林内,,,53,日本の野生植物 第1巻,27,原PDF画像目視確認＋macOS Vision OCR補助＋手動要約,include,,原画像の種見出しと本文境界を確認し、客観的事実のみ短く要約。主観・採集助言・不確かなOCRは除外。
wildplants-v1-opening-0057,volume1_text_opening_accounts,1,日本の野生植物 1- ソテツ科～コミカンソウ科.pdf,bcdcd5ac593747d6d58321d4a696ec96fb963233541af2a4666c4a1fbd1d4fb1,2026-07-12,キビヒトリシズカ,Chloranthus fortunei,センリョウ科,CHLORANTHACEAE,チャラン属,Chloranthus,多年草,30～50 cm,4月,岡山県・香川県・小豆島・九州北部（壱岐・対馬を含む）・朝鮮半島・中国,林内,,,53,日本の野生植物 第1巻,27,原PDF画像目視確認＋macOS Vision OCR補助＋手動要約,include,,原画像の種見出しと本文境界を確認し、客観的事実のみ短く要約。主観・採集助言・不確かなOCRは除外。
wildplants-v1-opening-0058,volume1_text_opening_accounts,1,日本の野生植物 1- ソテツ科～コミカンソウ科.pdf,bcdcd5ac593747d6d58321d4a696ec96fb963233541af2a4666c4a1fbd1d4fb1,2026-07-12,ヒトリシズカ,Chloranthus quadrifolius,センリョウ科,CHLORANTHACEAE,チャラン属,Chloranthus,多年草,15～30 cm,4～5月,南千島・北海道・本州・四国・九州・アジア東部,林内,,,53,日本の野生植物 第1巻,27,原PDF画像目視確認＋macOS Vision OCR補助＋手動要約,include,,原画像の種見出しと本文境界を確認し、客観的事実のみ短く要約。主観・採集助言・不確かなOCRは除外。
wildplants-v1-opening-0059,volume1_text_opening_accounts,1,日本の野生植物 1- ソテツ科～コミカンソウ科.pdf,bcdcd5ac593747d6d58321d4a696ec96fb963233541af2a4666c4a1fbd1d4fb1,2026-07-12,センリョウ,Sarcandra glabra,センリョウ科,CHLORANTHACEAE,センリョウ属,Sarcandra,常緑低木,50～150 cm,6～7月,本州（関東地方以南）・四国・九州・琉球・アジア東部,常緑樹林下,,,53,日本の野生植物 第1巻,27,原PDF画像目視確認＋macOS Vision OCR補助＋手動要約,include,,原画像の種見出しと本文境界を確認し、客観的事実のみ短く要約。主観・採集助言・不確かなOCRは除外。
wildplants-v1-opening-0060,volume1_text_opening_accounts,1,日本の野生植物 1- ソテツ科～コミカンソウ科.pdf,bcdcd5ac593747d6d58321d4a696ec96fb963233541af2a4666c4a1fbd1d4fb1,2026-07-12,ドクダミ,Houttuynia cordata,ドクダミ科,SAURURACEAE,ドクダミ属,Houttuynia,多年草,30～50 cm,6～7月,本州・四国・九州・琉球・中国・ヒマラヤ・東南アジア,日陰の地面,,,54,日本の野生植物 第1巻,28,原PDF画像目視確認＋macOS Vision OCR補助＋手動要約,include,,原画像の種見出しと本文境界を確認し、客観的事実のみ短く要約。主観・採集助言・不確かなOCRは除外。
wildplants-v1-opening-0061,volume1_text_opening_accounts,1,日本の野生植物 1- ソテツ科～コミカンソウ科.pdf,bcdcd5ac593747d6d58321d4a696ec96fb963233541af2a4666c4a1fbd1d4fb1,2026-07-12,ハンゲショウ,Saururus chinensis,ドクダミ科,SAURURACEAE,ハンゲショウ属,Saururus,多年草,50～100 cm,6～8月,本州・四国・九州・琉球・アジア東部,低地の水辺や湿地,,,54,日本の野生植物 第1巻,28,原PDF画像目視確認＋macOS Vision OCR補助＋手動要約,include,,原画像の種見出しと本文境界を確認し、客観的事実のみ短く要約。主観・採集助言・不確かなOCRは除外。
wildplants-v1-opening-0062,volume1_text_opening_accounts,1,日本の野生植物 1- ソテツ科～コミカンソウ科.pdf,bcdcd5ac593747d6d58321d4a696ec96fb963233541af2a4666c4a1fbd1d4fb1,2026-07-12,サダソウ,Peperomia japonica,コショウ科,PIPERACEAE,サダソウ属,Peperomia,多肉質の多年草,10～30 cm,,四国南部・九州南部・琉球・台湾,海岸,,,55,日本の野生植物 第1巻,28,原PDF画像目視確認＋macOS Vision OCR補助＋手動要約,include,,原画像の種見出しと本文境界を確認し、客観的事実のみ短く要約。主観・採集助言・不確かなOCRは除外。
wildplants-v1-opening-0063,volume1_text_opening_accounts,1,日本の野生植物 1- ソテツ科～コミカンソウ科.pdf,bcdcd5ac593747d6d58321d4a696ec96fb963233541af2a4666c4a1fbd1d4fb1,2026-07-12,フウトウカズラ,Piper kadsura,コショウ科,PIPERACEAE,コショウ属,Piper,木本性つる植物,,4～5月,本州（関東地方以南）・四国・九州・琉球・伊豆諸島・小笠原諸島・朝鮮半島・台湾・中国南部,海岸近くの林内や林縁,,,55,日本の野生植物 第1巻,28,原PDF画像目視確認＋macOS Vision OCR補助＋手動要約,include,,原画像の種見出しと本文境界を確認し、客観的事実のみ短く要約。主観・採集助言・不確かなOCRは除外。
wildplants-v1-opening-0064,volume1_text_opening_accounts,1,日本の野生植物 1- ソテツ科～コミカンソウ科.pdf,bcdcd5ac593747d6d58321d4a696ec96fb963233541af2a4666c4a1fbd1d4fb1,2026-07-12,ヒハツモドキ,Piper retrofractum,コショウ科,PIPERACEAE,コショウ属,Piper,木本性つる植物,,,東南アジア原産,,,,55,日本の野生植物 第1巻,28,原PDF画像目視確認＋macOS Vision OCR補助＋手動要約,include,,原画像の種見出しと本文境界を確認し、客観的事実のみ短く要約。主観・採集助言・不確かなOCRは除外。
wildplants-v1-opening-0065,volume1_text_opening_accounts,1,日本の野生植物 1- ソテツ科～コミカンソウ科.pdf,bcdcd5ac593747d6d58321d4a696ec96fb963233541af2a4666c4a1fbd1d4fb1,2026-07-12,コウシュンウマノスズクサ,Aristolochia zollingeriana,ウマノスズクサ科,ARISTOLOCHIACEAE,ウマノスズクサ属,Aristolochia,無毛の多年生草本性つる植物,長さ5 m以上,6～8月,宮古諸島・尖閣諸島・台湾・フィリピン・マレーシア,,,,57,日本の野生植物 第1巻,29,原PDF画像目視確認＋macOS Vision OCR補助＋手動要約,include,,原画像の種見出しと本文境界を確認し、客観的事実のみ短く要約。主観・採集助言・不確かなOCRは除外。
wildplants-v1-opening-0066,volume1_text_opening_accounts,1,日本の野生植物 1- ソテツ科～コミカンソウ科.pdf,bcdcd5ac593747d6d58321d4a696ec96fb963233541af2a4666c4a1fbd1d4fb1,2026-07-12,ウマノスズクサ,Aristolochia debilis,ウマノスズクサ科,ARISTOLOCHIACEAE,ウマノスズクサ属,Aristolochia,無毛の多年生草本性つる植物,長さ2～3 m,6～8月,本州（関東地方以西）・四国・九州・中国,,,,57,日本の野生植物 第1巻,29,原PDF画像目視確認＋macOS Vision OCR補助＋手動要約,include,,原画像の種見出しと本文境界を確認し、客観的事実のみ短く要約。主観・採集助言・不確かなOCRは除外。
wildplants-v1-opening-0067,volume1_text_opening_accounts,1,日本の野生植物 1- ソテツ科～コミカンソウ科.pdf,bcdcd5ac593747d6d58321d4a696ec96fb963233541af2a4666c4a1fbd1d4fb1,2026-07-12,マルバウマノスズクサ,Aristolochia contorta,ウマノスズクサ科,ARISTOLOCHIACEAE,ウマノスズクサ属,Aristolochia,無毛の多年生草本性つる植物,長さ2～3 m,7～8月,本州日本海側（山形県から島根県）・長野県・群馬県・朝鮮半島・中国・ウスリー,,,,57,日本の野生植物 第1巻,29,原PDF画像目視確認＋macOS Vision OCR補助＋手動要約,include,,原画像の種見出しと本文境界を確認し、客観的事実のみ短く要約。主観・採集助言・不確かなOCRは除外。
wildplants-v1-opening-0068,volume1_text_opening_accounts,1,日本の野生植物 1- ソテツ科～コミカンソウ科.pdf,bcdcd5ac593747d6d58321d4a696ec96fb963233541af2a4666c4a1fbd1d4fb1,2026-07-12,アリマウマノスズクサ,Aristolochia shimadae,ウマノスズクサ科,ARISTOLOCHIACEAE,ウマノスズクサ属,Aristolochia,木本性つる植物,長さ2～5 m以上,5～6月,兵庫県六甲山地・九州北部・久米島・八重山諸島・台湾,,,,57,日本の野生植物 第1巻,29,原PDF画像目視確認＋macOS Vision OCR補助＋手動要約,include,,原画像の種見出しと本文境界を確認し、客観的事実のみ短く要約。主観・採集助言・不確かなOCRは除外。
wildplants-v1-opening-0069,volume1_text_opening_accounts,1,日本の野生植物 1- ソテツ科～コミカンソウ科.pdf,bcdcd5ac593747d6d58321d4a696ec96fb963233541af2a4666c4a1fbd1d4fb1,2026-07-12,タンザワウマノスズクサ,Aristolochia tanzawana,ウマノスズクサ科,ARISTOLOCHIACEAE,ウマノスズクサ属,Aristolochia,木本性つる植物,低地では長さ10 m以上、山地では開花株が30～50 cm,4～7月,神奈川県・山梨県・静岡県・愛知県、岐阜県と筑波山にも分布,,,,57,日本の野生植物 第1巻,29,原PDF画像目視確認＋macOS Vision OCR補助＋手動要約,include,,原画像の種見出しと本文境界を確認し、客観的事実のみ短く要約。主観・採集助言・不確かなOCRは除外。
wildplants-v1-opening-0070,volume1_text_opening_accounts,1,日本の野生植物 1- ソテツ科～コミカンソウ科.pdf,bcdcd5ac593747d6d58321d4a696ec96fb963233541af2a4666c4a1fbd1d4fb1,2026-07-12,オオバウマノスズクサ,Aristolochia kaempferi,ウマノスズクサ科,ARISTOLOCHIACEAE,ウマノスズクサ属,Aristolochia,木本性つる植物,長さ2～10 m以上,4～6月,本州（関東地方南部以西の太平洋側）・四国・九州（種子島・屋久島まで）,,,,57,日本の野生植物 第1巻,29,原PDF画像目視確認＋macOS Vision OCR補助＋手動要約,include,,原画像の種見出しと本文境界を確認し、客観的事実のみ短く要約。主観・採集助言・不確かなOCRは除外。
wildplants-v1-opening-0071,volume1_text_opening_accounts,1,日本の野生植物 1- ソテツ科～コミカンソウ科.pdf,bcdcd5ac593747d6d58321d4a696ec96fb963233541af2a4666c4a1fbd1d4fb1,2026-07-12,リュウキュウウマノスズクサ,Aristolochia liukiuensis,ウマノスズクサ科,ARISTOLOCHIACEAE,ウマノスズクサ属,Aristolochia,木本性つる植物,長さ4～10 m以上,1～3月,奄美群島・沖縄諸島・台湾,,,,57,日本の野生植物 第1巻,29,原PDF画像目視確認＋macOS Vision OCR補助＋手動要約,include,,原画像の種見出しと本文境界を確認し、客観的事実のみ短く要約。主観・採集助言・不確かなOCRは除外。
wildplants-v1-opening-0072,volume1_text_opening_accounts,1,日本の野生植物 1- ソテツ科～コミカンソウ科.pdf,bcdcd5ac593747d6d58321d4a696ec96fb963233541af2a4666c4a1fbd1d4fb1,2026-07-12,フタバアオイ,Asarum caulescens,ウマノスズクサ科,ARISTOLOCHIACEAE,カンアオイ属,Asarum,多年草,,3～5月,本州・四国・九州・中国,山地の陰地,,,59,日本の野生植物 第1巻,30,原PDF画像目視確認＋macOS Vision OCR補助＋手動要約,include,,原画像の種見出しと本文境界を確認し、客観的事実のみ短く要約。主観・採集助言・不確かなOCRは除外。
wildplants-v1-opening-0073,volume1_text_opening_accounts,1,日本の野生植物 1- ソテツ科～コミカンソウ科.pdf,bcdcd5ac593747d6d58321d4a696ec96fb963233541af2a4666c4a1fbd1d4fb1,2026-07-12,オナガサイシン,Asarum caudigerum,ウマノスズクサ科,ARISTOLOCHIACEAE,カンアオイ属,Asarum,多年草,,2～3月,沖縄島・台湾・中国南部,山地の常緑広葉樹林,,,60,日本の野生植物 第1巻,31,原PDF画像目視確認＋macOS Vision OCR補助＋手動要約,include,,原画像の種見出しと本文境界を確認し、客観的事実のみ短く要約。主観・採集助言・不確かなOCRは除外。
wildplants-v1-opening-0074,volume1_text_opening_accounts,1,日本の野生植物 1- ソテツ科～コミカンソウ科.pdf,bcdcd5ac593747d6d58321d4a696ec96fb963233541af2a4666c4a1fbd1d4fb1,2026-07-12,イズモサイシン,Asarum maruyamae,ウマノスズクサ科,ARISTOLOCHIACEAE,カンアオイ属,Asarum,多年草,,3～4月,島根県,広葉樹林内の渓流沿い,,,60,日本の野生植物 第1巻,31,原PDF画像目視確認＋macOS Vision OCR補助＋手動要約,include,,原画像の種見出しと本文境界を確認し、客観的事実のみ短く要約。主観・採集助言・不確かなOCRは除外。
wildplants-v1-opening-0075,volume1_text_opening_accounts,1,日本の野生植物 1- ソテツ科～コミカンソウ科.pdf,bcdcd5ac593747d6d58321d4a696ec96fb963233541af2a4666c4a1fbd1d4fb1,2026-07-12,ウスバサイシン,Asarum sieboldii,ウマノスズクサ科,ARISTOLOCHIACEAE,カンアオイ属,Asarum,多年草,,4～5月,本州（関東地方中南部から中国地方）・対馬・朝鮮半島・中国北部,山地の湿った林内,,,60,日本の野生植物 第1巻,31,原PDF画像目視確認＋macOS Vision OCR補助＋手動要約,include,,原画像の種見出しと本文境界を確認し、客観的事実のみ短く要約。主観・採集助言・不確かなOCRは除外。
wildplants-v1-opening-0076,volume1_text_opening_accounts,1,日本の野生植物 1- ソテツ科～コミカンソウ科.pdf,bcdcd5ac593747d6d58321d4a696ec96fb963233541af2a4666c4a1fbd1d4fb1,2026-07-12,オクエゾサイシン,Asarum heterotropoides,ウマノスズクサ科,ARISTOLOCHIACEAE,カンアオイ属,Asarum,多年草,,5～6月,本州（東北地方北部）・北海道・樺太・千島,落葉樹林内,,,60,日本の野生植物 第1巻,31,原PDF画像目視確認＋macOS Vision OCR補助＋手動要約,include,,原画像の種見出しと本文境界を確認し、客観的事実のみ短く要約。主観・採集助言・不確かなOCRは除外。
wildplants-v1-opening-0077,volume1_text_opening_accounts,1,日本の野生植物 1- ソテツ科～コミカンソウ科.pdf,bcdcd5ac593747d6d58321d4a696ec96fb963233541af2a4666c4a1fbd1d4fb1,2026-07-12,トウゴクサイシン,Asarum tohokuense,ウマノスズクサ科,ARISTOLOCHIACEAE,カンアオイ属,Asarum,多年草,,4～5月,本州（関東地方北部・中部地方から東北地方）,山地の落葉樹林内,,,60,日本の野生植物 第1巻,31,原PDF画像目視確認＋macOS Vision OCR補助＋手動要約,include,,原画像の種見出しと本文境界を確認し、客観的事実のみ短く要約。主観・採集助言・不確かなOCRは除外。
wildplants-v1-opening-0078,volume1_text_opening_accounts,1,日本の野生植物 1- ソテツ科～コミカンソウ科.pdf,bcdcd5ac593747d6d58321d4a696ec96fb963233541af2a4666c4a1fbd1d4fb1,2026-07-12,オナガカンアオイ,Asarum minamitanianum,ウマノスズクサ科,ARISTOLOCHIACEAE,カンアオイ属,Asarum,多年草,,4～5月,宮崎県日向地方,低山の常緑樹林内,,,60,日本の野生植物 第1巻,31,原PDF画像目視確認＋macOS Vision OCR補助＋手動要約,include,,原画像の種見出しと本文境界を確認し、客観的事実のみ短く要約。主観・採集助言・不確かなOCRは除外。
wildplants-v1-opening-0079,volume1_text_opening_accounts,1,日本の野生植物 1- ソテツ科～コミカンソウ科.pdf,bcdcd5ac593747d6d58321d4a696ec96fb963233541af2a4666c4a1fbd1d4fb1,2026-07-12,サカワサイシン,Asarum sakawanum var. sakawanum,ウマノスズクサ科,ARISTOLOCHIACEAE,カンアオイ属,Asarum,多年草,,4～5月,高知県中西部・愛媛県南部,低山の陰地,ホシザキカンアオイ,ホシザキカンアオイは萼裂片の先が細長く尾状になる,60,日本の野生植物 第1巻,31,原PDF画像目視確認＋macOS Vision OCR補助＋手動要約,include,,原画像の種見出しと本文境界を確認し、客観的事実のみ短く要約。主観・採集助言・不確かなOCRは除外。
wildplants-v1-opening-0080,volume1_text_opening_accounts,1,日本の野生植物 1- ソテツ科～コミカンソウ科.pdf,bcdcd5ac593747d6d58321d4a696ec96fb963233541af2a4666c4a1fbd1d4fb1,2026-07-12,トサノアオイ,Asarum costatum,ウマノスズクサ科,ARISTOLOCHIACEAE,カンアオイ属,Asarum,多年草,,4～5月,高知県南東部,低山の陰地,,,60,日本の野生植物 第1巻,31,原PDF画像目視確認＋macOS Vision OCR補助＋手動要約,include,,原画像の種見出しと本文境界を確認し、客観的事実のみ短く要約。主観・採集助言・不確かなOCRは除外。
wildplants-v1-opening-0081,volume1_text_opening_accounts,1,日本の野生植物 1- ソテツ科～コミカンソウ科.pdf,bcdcd5ac593747d6d58321d4a696ec96fb963233541af2a4666c4a1fbd1d4fb1,2026-07-12,オモロカンアオイ,Asarum dissitum,ウマノスズクサ科,ARISTOLOCHIACEAE,カンアオイ属,Asarum,多年草,,3月,石垣島・西表島,山地の広葉樹林内,,,60,日本の野生植物 第1巻,31,原PDF画像目視確認＋macOS Vision OCR補助＋手動要約,include,,原画像の種見出しと本文境界を確認し、客観的事実のみ短く要約。主観・採集助言・不確かなOCRは除外。
wildplants-v1-opening-0082,volume1_text_opening_accounts,1,日本の野生植物 1- ソテツ科～コミカンソウ科.pdf,bcdcd5ac593747d6d58321d4a696ec96fb963233541af2a4666c4a1fbd1d4fb1,2026-07-12,ナンゴクアオイ,Asarum crassum,ウマノスズクサ科,ARISTOLOCHIACEAE,カンアオイ属,Asarum,多年草,,3～4月,鹿児島県宇治群島,低山の広葉樹林内,,,60,日本の野生植物 第1巻,31,原PDF画像目視確認＋macOS Vision OCR補助＋手動要約,include,,原画像の種見出しと本文境界を確認し、客観的事実のみ短く要約。主観・採集助言・不確かなOCRは除外。
wildplants-v1-opening-0083,volume1_text_opening_accounts,1,日本の野生植物 1- ソテツ科～コミカンソウ科.pdf,bcdcd5ac593747d6d58321d4a696ec96fb963233541af2a4666c4a1fbd1d4fb1,2026-07-12,サンヨウアオイ,Asarum hexalobum var. hexalobum,ウマノスズクサ科,ARISTOLOCHIACEAE,カンアオイ属,Asarum,多年草,,,本州（中国地方西部）・四国南西部・九州北部,低山の広葉樹林内,,,60,日本の野生植物 第1巻,31,原PDF画像目視確認＋macOS Vision OCR補助＋手動要約,include,,原画像の種見出しと本文境界を確認し、客観的事実のみ短く要約。主観・採集助言・不確かなOCRは除外。
wildplants-v1-opening-0084,volume1_text_opening_accounts,1,日本の野生植物 1- ソテツ科～コミカンソウ科.pdf,bcdcd5ac593747d6d58321d4a696ec96fb963233541af2a4666c4a1fbd1d4fb1,2026-07-12,ヤエヤマカンアオイ,Asarum yaeyamense,ウマノスズクサ科,ARISTOLOCHIACEAE,カンアオイ属,Asarum,多年草,,3月,西表島,低山の常緑樹林内,,,60,日本の野生植物 第1巻,31,原PDF画像目視確認＋macOS Vision OCR補助＋手動要約,include,,原画像の種見出しと本文境界を確認し、客観的事実のみ短く要約。主観・採集助言・不確かなOCRは除外。
wildplants-v1-opening-0085,volume1_text_opening_accounts,1,日本の野生植物 1- ソテツ科～コミカンソウ科.pdf,bcdcd5ac593747d6d58321d4a696ec96fb963233541af2a4666c4a1fbd1d4fb1,2026-07-12,ミヤコアオイ,Asarum asperum var. asperum,ウマノスズクサ科,ARISTOLOCHIACEAE,カンアオイ属,Asarum,多年草,,3～4月,本州（近畿地方以西から島根県）・四国西部・大分県・熊本県,低山の林内,,,60,日本の野生植物 第1巻,31,原PDF画像目視確認＋macOS Vision OCR補助＋手動要約,include,,原画像の種見出しと本文境界を確認し、客観的事実のみ短く要約。主観・採集助言・不確かなOCRは除外。
wildplants-v1-opening-0086,volume1_text_opening_accounts,1,日本の野生植物 1- ソテツ科～コミカンソウ科.pdf,bcdcd5ac593747d6d58321d4a696ec96fb963233541af2a4666c4a1fbd1d4fb1,2026-07-12,カギガタアオイ,Asarum curvistigma,ウマノスズクサ科,ARISTOLOCHIACEAE,カンアオイ属,Asarum,多年草,,10～11月,静岡県中西部・山梨県南部,低山の広葉樹林内,,,61,日本の野生植物 第1巻,31,原PDF画像目視確認＋macOS Vision OCR補助＋手動要約,include,,原画像の種見出しと本文境界を確認し、客観的事実のみ短く要約。主観・採集助言・不確かなOCRは除外。
wildplants-v1-opening-0087,volume1_text_opening_accounts,1,日本の野生植物 1- ソテツ科～コミカンソウ科.pdf,bcdcd5ac593747d6d58321d4a696ec96fb963233541af2a4666c4a1fbd1d4fb1,2026-07-12,アマギカンアオイ,Asarum muramatsui,ウマノスズクサ科,ARISTOLOCHIACEAE,カンアオイ属,Asarum,多年草,,,伊豆半島とその周辺,広葉樹林内や植林地,タマノカンアオイ,葉柄は緑色で、葉は明るい緑色で光沢があり葉脈が深くへこむ。タマノカンアオイは葉柄が褐色～暗紫色で、葉は暗緑色で光沢がなく葉脈のへこみが浅い,61,日本の野生植物 第1巻,31,原PDF画像目視確認＋macOS Vision OCR補助＋手動要約,include,,原画像の種見出しと本文境界を確認し、客観的事実のみ短く要約。主観・採集助言・不確かなOCRは除外。
wildplants-v1-opening-0088,volume1_text_opening_accounts,1,日本の野生植物 1- ソテツ科～コミカンソウ科.pdf,bcdcd5ac593747d6d58321d4a696ec96fb963233541af2a4666c4a1fbd1d4fb1,2026-07-12,オオバカンアオイ,Asarum lutchuense,ウマノスズクサ科,ARISTOLOCHIACEAE,カンアオイ属,Asarum,多年草,,11～12月,奄美大島・徳之島北部,低地から山地の林内,,,61,日本の野生植物 第1巻,31,原PDF画像目視確認＋macOS Vision OCR補助＋手動要約,include,,原画像の種見出しと本文境界を確認し、客観的事実のみ短く要約。主観・採集助言・不確かなOCRは除外。
wildplants-v1-opening-0089,volume1_text_opening_accounts,1,日本の野生植物 1- ソテツ科～コミカンソウ科.pdf,bcdcd5ac593747d6d58321d4a696ec96fb963233541af2a4666c4a1fbd1d4fb1,2026-07-12,クワイバカンアオイ,Asarum kumageanum var. kumageanum,ウマノスズクサ科,ARISTOLOCHIACEAE,カンアオイ属,Asarum,多年草,,11～12月,屋久島固有,低山の林内,,,61,日本の野生植物 第1巻,31,原PDF画像目視確認＋macOS Vision OCR補助＋手動要約,include,,原画像の種見出しと本文境界を確認し、客観的事実のみ短く要約。主観・採集助言・不確かなOCRは除外。
wildplants-v1-opening-0090,volume1_text_opening_accounts,1,日本の野生植物 1- ソテツ科～コミカンソウ科.pdf,bcdcd5ac593747d6d58321d4a696ec96fb963233541af2a4666c4a1fbd1d4fb1,2026-07-12,グスクカンアオイ,Asarum gusk,ウマノスズクサ科,ARISTOLOCHIACEAE,カンアオイ属,Asarum,多年草,,3～4月,奄美大島固有,常緑樹林内,,,61,日本の野生植物 第1巻,31,原PDF画像目視確認＋macOS Vision OCR補助＋手動要約,include,,原画像の種見出しと本文境界を確認し、客観的事実のみ短く要約。主観・採集助言・不確かなOCRは除外。
wildplants-v1-opening-0091,volume1_text_opening_accounts,1,日本の野生植物 1- ソテツ科～コミカンソウ科.pdf,bcdcd5ac593747d6d58321d4a696ec96fb963233541af2a4666c4a1fbd1d4fb1,2026-07-12,ハツシマカンアオイ,Asarum hatsushimae,ウマノスズクサ科,ARISTOLOCHIACEAE,カンアオイ属,Asarum,多年草,,3～4月,徳之島北部,常緑樹林内,,,61,日本の野生植物 第1巻,31,原PDF画像目視確認＋macOS Vision OCR補助＋手動要約,include,,原画像の種見出しと本文境界を確認し、客観的事実のみ短く要約。主観・採集助言・不確かなOCRは除外。
wildplants-v1-opening-0092,volume1_text_opening_accounts,1,日本の野生植物 1- ソテツ科～コミカンソウ科.pdf,bcdcd5ac593747d6d58321d4a696ec96fb963233541af2a4666c4a1fbd1d4fb1,2026-07-12,ナゼカンアオイ,Asarum nazeanum,ウマノスズクサ科,ARISTOLOCHIACEAE,カンアオイ属,Asarum,多年草,,2～3月,奄美大島中部,山地の広葉樹林内,,,61,日本の野生植物 第1巻,31,原PDF画像目視確認＋macOS Vision OCR補助＋手動要約,include,,原画像の種見出しと本文境界を確認し、客観的事実のみ短く要約。主観・採集助言・不確かなOCRは除外。
wildplants-v1-opening-0093,volume1_text_opening_accounts,1,日本の野生植物 1- ソテツ科～コミカンソウ科.pdf,bcdcd5ac593747d6d58321d4a696ec96fb963233541af2a4666c4a1fbd1d4fb1,2026-07-12,エクボサイシン,Asarum gelasinum,ウマノスズクサ科,ARISTOLOCHIACEAE,カンアオイ属,Asarum,多年草,,3～4月,西表島固有,常緑樹林内,,,61,日本の野生植物 第1巻,31,原PDF画像目視確認＋macOS Vision OCR補助＋手動要約,include,,原画像の種見出しと本文境界を確認し、客観的事実のみ短く要約。主観・採集助言・不確かなOCRは除外。
wildplants-v1-opening-0094,volume1_text_opening_accounts,1,日本の野生植物 1- ソテツ科～コミカンソウ科.pdf,bcdcd5ac593747d6d58321d4a696ec96fb963233541af2a4666c4a1fbd1d4fb1,2026-07-12,ミヤビカンアオイ,Asarum celsum,ウマノスズクサ科,ARISTOLOCHIACEAE,カンアオイ属,Asarum,多年草,,1～3月,奄美大島湯湾岳,常緑樹林内,,,61,日本の野生植物 第1巻,31,原PDF画像目視確認＋macOS Vision OCR補助＋手動要約,include,,原画像の種見出しと本文境界を確認し、客観的事実のみ短く要約。主観・採集助言・不確かなOCRは除外。
wildplants-v1-opening-0095,volume1_text_opening_accounts,1,日本の野生植物 1- ソテツ科～コミカンソウ科.pdf,bcdcd5ac593747d6d58321d4a696ec96fb963233541af2a4666c4a1fbd1d4fb1,2026-07-12,フジノカンアオイ,Asarum fudsinoi,ウマノスズクサ科,ARISTOLOCHIACEAE,カンアオイ属,Asarum,多年草,,12～4月,奄美大島固有,常緑樹林内や渓流沿いの岩隙,,,62,日本の野生植物 第1巻,32,原PDF画像目視確認＋macOS Vision OCR補助＋手動要約,include,,原画像の種見出しと本文境界を確認し、客観的事実のみ短く要約。主観・採集助言・不確かなOCRは除外。
wildplants-v1-opening-0096,volume1_text_opening_accounts,1,日本の野生植物 1- ソテツ科～コミカンソウ科.pdf,bcdcd5ac593747d6d58321d4a696ec96fb963233541af2a4666c4a1fbd1d4fb1,2026-07-12,ヤクシマアオイ,Asarum yakusimense,ウマノスズクサ科,ARISTOLOCHIACEAE,カンアオイ属,Asarum,多年草,,3～4月,屋久島,高所の花崗岩地にある広葉樹林内,,,62,日本の野生植物 第1巻,32,原PDF画像目視確認＋macOS Vision OCR補助＋手動要約,include,,原画像の種見出しと本文境界を確認し、客観的事実のみ短く要約。主観・採集助言・不確かなOCRは除外。
wildplants-v1-opening-0097,volume1_text_opening_accounts,1,日本の野生植物 1- ソテツ科～コミカンソウ科.pdf,bcdcd5ac593747d6d58321d4a696ec96fb963233541af2a4666c4a1fbd1d4fb1,2026-07-12,タイリンアオイ,Asarum asaroides,ウマノスズクサ科,ARISTOLOCHIACEAE,カンアオイ属,Asarum,多年草,,4～5月,本州西部・九州北部,山地の林内,,,62,日本の野生植物 第1巻,32,原PDF画像目視確認＋macOS Vision OCR補助＋手動要約,include,,原画像の種見出しと本文境界を確認し、客観的事実のみ短く要約。主観・採集助言・不確かなOCRは除外。
wildplants-v1-opening-0098,volume1_text_opening_accounts,1,日本の野生植物 1- ソテツ科～コミカンソウ科.pdf,bcdcd5ac593747d6d58321d4a696ec96fb963233541af2a4666c4a1fbd1d4fb1,2026-07-12,ウンゼンカンアオイ,Asarum unzen,ウマノスズクサ科,ARISTOLOCHIACEAE,カンアオイ属,Asarum,多年草,,3～4月,福岡県・長崎県・熊本県,山地の広葉樹林内,,,62,日本の野生植物 第1巻,32,原PDF画像目視確認＋macOS Vision OCR補助＋手動要約,include,,原画像の種見出しと本文境界を確認し、客観的事実のみ短く要約。主観・採集助言・不確かなOCRは除外。
wildplants-v1-opening-0099,volume1_text_opening_accounts,1,日本の野生植物 1- ソテツ科～コミカンソウ科.pdf,bcdcd5ac593747d6d58321d4a696ec96fb963233541af2a4666c4a1fbd1d4fb1,2026-07-12,ツクシアオイ,Asarum kiusianum,ウマノスズクサ科,ARISTOLOCHIACEAE,カンアオイ属,Asarum,多年草,,3～4月,九州北西部,山地の広葉樹林内,,,62,日本の野生植物 第1巻,32,原PDF画像目視確認＋macOS Vision OCR補助＋手動要約,include,,原画像の種見出しと本文境界を確認し、客観的事実のみ短く要約。主観・採集助言・不確かなOCRは除外。
wildplants-v1-opening-0100,volume1_text_opening_accounts,1,日本の野生植物 1- ソテツ科～コミカンソウ科.pdf,bcdcd5ac593747d6d58321d4a696ec96fb963233541af2a4666c4a1fbd1d4fb1,2026-07-12,ランヨウアオイ,Asarum blumei,ウマノスズクサ科,ARISTOLOCHIACEAE,カンアオイ属,Asarum,多年草,,3～5月,関東地方南西部・静岡県東部・山梨県南部,落葉樹林内,,,62,日本の野生植物 第1巻,32,原PDF画像目視確認＋macOS Vision OCR補助＋手動要約,include,,原画像の種見出しと本文境界を確認し、客観的事実のみ短く要約。主観・採集助言・不確かなOCRは除外。
wildplants-v1-opening-0101,volume1_text_opening_accounts,1,日本の野生植物 1- ソテツ科～コミカンソウ科.pdf,bcdcd5ac593747d6d58321d4a696ec96fb963233541af2a4666c4a1fbd1d4fb1,2026-07-12,マルミカンアオイ,Asarum subglobosum,ウマノスズクサ科,ARISTOLOCHIACEAE,カンアオイ属,Asarum,多年草,,3～4月,熊本県・宮崎県境,常緑樹林内,,,62,日本の野生植物 第1巻,32,原PDF画像目視確認＋macOS Vision OCR補助＋手動要約,include,,原画像の種見出しと本文境界を確認し、客観的事実のみ短く要約。主観・採集助言・不確かなOCRは除外。
wildplants-v1-opening-0102,volume1_text_opening_accounts,1,日本の野生植物 1- ソテツ科～コミカンソウ科.pdf,bcdcd5ac593747d6d58321d4a696ec96fb963233541af2a4666c4a1fbd1d4fb1,2026-07-12,オトメアオイ,Asarum savatieri subsp. savatieri,ウマノスズクサ科,ARISTOLOCHIACEAE,カンアオイ属,Asarum,多年草,,6～8月,箱根・神奈川県南西部・伊豆半島東部,低地から山地の林内,ズソウカンアオイ,花の形は似るが、ズソウカンアオイの花期は10～11月,62,日本の野生植物 第1巻,32,原PDF画像目視確認＋macOS Vision OCR補助＋手動要約,include,,原画像の種見出しと本文境界を確認し、客観的事実のみ短く要約。主観・採集助言・不確かなOCRは除外。
wildplants-v1-opening-0103,volume1_text_opening_accounts,1,日本の野生植物 1- ソテツ科～コミカンソウ科.pdf,bcdcd5ac593747d6d58321d4a696ec96fb963233541af2a4666c4a1fbd1d4fb1,2026-07-12,クロヒメカンアオイ,Asarum yoshikawae,ウマノスズクサ科,ARISTOLOCHIACEAE,カンアオイ属,Asarum,多年草,,3～4月,富山県北部・新潟県南部,落葉樹林内,,,62,日本の野生植物 第1巻,32,原PDF画像目視確認＋macOS Vision OCR補助＋手動要約,include,,原画像の種見出しと本文境界を確認し、客観的事実のみ短く要約。主観・採集助言・不確かなOCRは除外。
wildplants-v1-opening-0104,volume1_text_opening_accounts,1,日本の野生植物 1- ソテツ科～コミカンソウ科.pdf,bcdcd5ac593747d6d58321d4a696ec96fb963233541af2a4666c4a1fbd1d4fb1,2026-07-12,コシノカンアオイ,Asarum megacalyx,ウマノスズクサ科,ARISTOLOCHIACEAE,カンアオイ属,Asarum,多年草,,3～5月,秋田県南部・新潟県北部・長野県北部,落葉樹林内,,,62,日本の野生植物 第1巻,32,原PDF画像目視確認＋macOS Vision OCR補助＋手動要約,include,,原画像の種見出しと本文境界を確認し、客観的事実のみ短く要約。主観・採集助言・不確かなOCRは除外。
wildplants-v1-opening-0105,volume1_text_opening_accounts,1,日本の野生植物 1- ソテツ科～コミカンソウ科.pdf,bcdcd5ac593747d6d58321d4a696ec96fb963233541af2a4666c4a1fbd1d4fb1,2026-07-12,コウヤカンアオイ,Asarum kooyanum,ウマノスズクサ科,ARISTOLOCHIACEAE,カンアオイ属,Asarum,多年草,,5～6月,和歌山県北東部の高野山周辺,山地の林内,,,62,日本の野生植物 第1巻,32,原PDF画像目視確認＋macOS Vision OCR補助＋手動要約,include,,原画像の種見出しと本文境界を確認し、客観的事実のみ短く要約。主観・採集助言・不確かなOCRは除外。
wildplants-v1-opening-0106,volume1_text_opening_accounts,1,日本の野生植物 1- ソテツ科～コミカンソウ科.pdf,bcdcd5ac593747d6d58321d4a696ec96fb963233541af2a4666c4a1fbd1d4fb1,2026-07-12,カンアオイ,Asarum nipponicum var. nipponicum,ウマノスズクサ科,ARISTOLOCHIACEAE,カンアオイ属,Asarum,多年草,,,関東地方南部から紀伊半島東部,山地の林内,,,62,日本の野生植物 第1巻,32,原PDF画像目視確認＋macOS Vision OCR補助＋手動要約,include,,原画像の種見出しと本文境界を確認し、客観的事実のみ短く要約。主観・採集助言・不確かなOCRは除外。
wildplants-v1-opening-0107,volume1_text_opening_accounts,1,日本の野生植物 1- ソテツ科～コミカンソウ科.pdf,bcdcd5ac593747d6d58321d4a696ec96fb963233541af2a4666c4a1fbd1d4fb1,2026-07-12,アツミカンアオイ,Asarum rigescens var. rigescens,ウマノスズクサ科,ARISTOLOCHIACEAE,カンアオイ属,Asarum,多年草,,早春,三重県南部・和歌山県,広葉樹林内,,,63,日本の野生植物 第1巻,32,原PDF画像目視確認＋macOS Vision OCR補助＋手動要約,include,,原画像の種見出しと本文境界を確認し、客観的事実のみ短く要約。主観・採集助言・不確かなOCRは除外。
wildplants-v1-opening-0108,volume1_text_opening_accounts,1,日本の野生植物 1- ソテツ科～コミカンソウ科.pdf,bcdcd5ac593747d6d58321d4a696ec96fb963233541af2a4666c4a1fbd1d4fb1,2026-07-12,ユキグニカンアオイ,Asarum ikegamii var. ikegamii,ウマノスズクサ科,ARISTOLOCHIACEAE,カンアオイ属,Asarum,多年草,,,新潟県・福島県西部,低山の広葉樹林やユキツバキ林,アラカワカンアオイ,アラカワカンアオイは花が大きく、萼筒は7～14×10～17 mm,63,日本の野生植物 第1巻,32,原PDF画像目視確認＋macOS Vision OCR補助＋手動要約,include,,原画像の種見出しと本文境界を確認し、客観的事実のみ短く要約。主観・採集助言・不確かなOCRは除外。
wildplants-v1-opening-0109,volume1_text_opening_accounts,1,日本の野生植物 1- ソテツ科～コミカンソウ科.pdf,bcdcd5ac593747d6d58321d4a696ec96fb963233541af2a4666c4a1fbd1d4fb1,2026-07-12,スエヒロアオイ,Asarum dilatatum,ウマノスズクサ科,ARISTOLOCHIACEAE,カンアオイ属,Asarum,多年草,,,鈴鹿山脈南部の野登山,山地の広葉樹林内,,,63,日本の野生植物 第1巻,32,原PDF画像目視確認＋macOS Vision OCR補助＋手動要約,include,,原画像の種見出しと本文境界を確認し、客観的事実のみ短く要約。主観・採集助言・不確かなOCRは除外。
wildplants-v1-opening-0110,volume1_text_opening_accounts,1,日本の野生植物 1- ソテツ科～コミカンソウ科.pdf,bcdcd5ac593747d6d58321d4a696ec96fb963233541af2a4666c4a1fbd1d4fb1,2026-07-12,イワタカンアオイ,Asarum kurosawae,ウマノスズクサ科,ARISTOLOCHIACEAE,カンアオイ属,Asarum,多年草,,,静岡県・愛知県境の岩岳山周辺,湿った広葉樹林内,,,63,日本の野生植物 第1巻,32,原PDF画像目視確認＋macOS Vision OCR補助＋手動要約,include,,原画像の種見出しと本文境界を確認し、客観的事実のみ短く要約。主観・採集助言・不確かなOCRは除外。
wildplants-v1-opening-0111,volume1_text_opening_accounts,1,日本の野生植物 1- ソテツ科～コミカンソウ科.pdf,bcdcd5ac593747d6d58321d4a696ec96fb963233541af2a4666c4a1fbd1d4fb1,2026-07-12,コトウカンアオイ,Asarum majale,ウマノスズクサ科,ARISTOLOCHIACEAE,カンアオイ属,Asarum,多年草,,5月,三重県北部の藤原岳から滋賀県境,広葉樹林内,,,63,日本の野生植物 第1巻,32,原PDF画像目視確認＋macOS Vision OCR補助＋手動要約,include,,原画像の種見出しと本文境界を確認し、客観的事実のみ短く要約。主観・採集助言・不確かなOCRは除外。
wildplants-v1-opening-0112,volume1_text_opening_accounts,1,日本の野生植物 1- ソテツ科～コミカンソウ科.pdf,bcdcd5ac593747d6d58321d4a696ec96fb963233541af2a4666c4a1fbd1d4fb1,2026-07-12,ミチノクサイシン,Asarum fauriei var. fauriei,ウマノスズクサ科,ARISTOLOCHIACEAE,カンアオイ属,Asarum,多年草,,3～4月,新潟県北部・東北地方,湿った広葉樹林・針葉樹林内,ミヤマアオイ,ミヤマアオイは葉が厚く、白斑があり、毛が多い,63,日本の野生植物 第1巻,32,原PDF画像目視確認＋macOS Vision OCR補助＋手動要約,include,,原画像の種見出しと本文境界を確認し、客観的事実のみ短く要約。主観・採集助言・不確かなOCRは除外。
wildplants-v1-opening-0113,volume1_text_opening_accounts,1,日本の野生植物 1- ソテツ科～コミカンソウ科.pdf,bcdcd5ac593747d6d58321d4a696ec96fb963233541af2a4666c4a1fbd1d4fb1,2026-07-12,ヒメカンアオイ,Asarum fauriei var. takaoi,ウマノスズクサ科,ARISTOLOCHIACEAE,カンアオイ属,Asarum,多年草,,2～3月,愛知県・岐阜県・長野県・石川県・富山県・紀伊半島・四国南東部・中国地方（広島県）,広葉樹林内,,,63,日本の野生植物 第1巻,32,原PDF画像目視確認＋macOS Vision OCR補助＋手動要約,include,,原画像の種見出しと本文境界を確認し、客観的事実のみ短く要約。主観・採集助言・不確かなOCRは除外。
wildplants-v1-opening-0114,volume1_text_opening_accounts,1,日本の野生植物 1- ソテツ科～コミカンソウ科.pdf,bcdcd5ac593747d6d58321d4a696ec96fb963233541af2a4666c4a1fbd1d4fb1,2026-07-12,ホオノキ,Magnolia obovata,モクレン科,MAGNOLIACEAE,モクレン属,Magnolia,落葉高木,約30 m,5～6月,南千島・北海道・本州・四国・九州,温帯から暖温帯上部の山地,,,65,日本の野生植物 第1巻,33,原PDF画像目視確認＋macOS Vision OCR補助＋手動要約,include,,原画像の種見出しと本文境界を確認し、客観的事実のみ短く要約。主観・採集助言・不確かなOCRは除外。
wildplants-v1-opening-0115,volume1_text_opening_accounts,1,日本の野生植物 1- ソテツ科～コミカンソウ科.pdf,bcdcd5ac593747d6d58321d4a696ec96fb963233541af2a4666c4a1fbd1d4fb1,2026-07-12,オオヤマレンゲ,Magnolia sieboldii subsp. japonica,モクレン科,MAGNOLIACEAE,モクレン属,Magnolia,落葉小高木または低木,4～5 m,5～7月,本州（関東地方以西）・四国・九州・中国南部,冷温帯から亜高山帯の山地,オオバオオヤマレンゲ,オオバオオヤマレンゲは葉・花・果実がより大きく、花は7～10 cm,65,日本の野生植物 第1巻,33,原PDF画像目視確認＋macOS Vision OCR補助＋手動要約,include,,原画像の種見出しと本文境界を確認し、客観的事実のみ短く要約。主観・採集助言・不確かなOCRは除外。
wildplants-v1-opening-0116,volume1_text_opening_accounts,1,日本の野生植物 1- ソテツ科～コミカンソウ科.pdf,bcdcd5ac593747d6d58321d4a696ec96fb963233541af2a4666c4a1fbd1d4fb1,2026-07-12,シデコブシ,Magnolia stellata,モクレン科,MAGNOLIACEAE,モクレン属,Magnolia,落葉小高木または低木,約5 m,3～4月,愛知県・岐阜県・三重県固有,低山地や丘陵地,,,65,日本の野生植物 第1巻,33,原PDF画像目視確認＋macOS Vision OCR補助＋手動要約,include,,原画像の種見出しと本文境界を確認し、客観的事実のみ短く要約。主観・採集助言・不確かなOCRは除外。
wildplants-v1-opening-0117,volume1_text_opening_accounts,1,日本の野生植物 1- ソテツ科～コミカンソウ科.pdf,bcdcd5ac593747d6d58321d4a696ec96fb963233541af2a4666c4a1fbd1d4fb1,2026-07-12,ハクモクレン,Magnolia denudata,モクレン科,MAGNOLIACEAE,モクレン属,Magnolia,落葉高木,5 m以上,3～4月,中国中南部原産,庭園などに植栽,,,65,日本の野生植物 第1巻,33,原PDF画像目視確認＋macOS Vision OCR補助＋手動要約,include,,原画像の種見出しと本文境界を確認し、客観的事実のみ短く要約。主観・採集助言・不確かなOCRは除外。
wildplants-v1-opening-0118,volume1_text_opening_accounts,1,日本の野生植物 1- ソテツ科～コミカンソウ科.pdf,bcdcd5ac593747d6d58321d4a696ec96fb963233541af2a4666c4a1fbd1d4fb1,2026-07-12,シモクレン,Magnolia liliiflora,モクレン科,MAGNOLIACEAE,モクレン属,Magnolia,落葉低木,3～4 m,4月,中国中部・南西部原産,庭園などに植栽,,,65,日本の野生植物 第1巻,33,原PDF画像目視確認＋macOS Vision OCR補助＋手動要約,include,,原画像の種見出しと本文境界を確認し、客観的事実のみ短く要約。主観・採集助言・不確かなOCRは除外。
wildplants-v1-opening-0119,volume1_text_opening_accounts,1,日本の野生植物 1- ソテツ科～コミカンソウ科.pdf,bcdcd5ac593747d6d58321d4a696ec96fb963233541af2a4666c4a1fbd1d4fb1,2026-07-12,コブシ,Magnolia kobus var. kobus,モクレン科,MAGNOLIACEAE,モクレン属,Magnolia,落葉高木,,4月頃,北海道・本州・四国・九州・済州島,山地から低地,,,65,日本の野生植物 第1巻,33,原PDF画像目視確認＋macOS Vision OCR補助＋手動要約,include,,原画像の種見出しと本文境界を確認し、客観的事実のみ短く要約。主観・採集助言・不確かなOCRは除外。
wildplants-v1-opening-0120,volume1_text_opening_accounts,1,日本の野生植物 1- ソテツ科～コミカンソウ科.pdf,bcdcd5ac593747d6d58321d4a696ec96fb963233541af2a4666c4a1fbd1d4fb1,2026-07-12,コブシモドキ,Magnolia pseudokobus,モクレン科,MAGNOLIACEAE,モクレン属,Magnolia,,,,徳島県相生町で1個体だけ発見されたが再発見されず、栽培されるクローンだけが知られる,,,,65,日本の野生植物 第1巻,33,原PDF画像目視確認＋macOS Vision OCR補助＋手動要約,include,,原画像の種見出しと本文境界を確認し、客観的事実のみ短く要約。主観・採集助言・不確かなOCRは除外。
wildplants-v1-opening-0121,volume1_text_opening_accounts,1,日本の野生植物 1- ソテツ科～コミカンソウ科.pdf,bcdcd5ac593747d6d58321d4a696ec96fb963233541af2a4666c4a1fbd1d4fb1,2026-07-12,タムシバ,Magnolia salicifolia,モクレン科,MAGNOLIACEAE,モクレン属,Magnolia,落葉高木,最大10 m,4～5月,本州・四国・九州,温帯から暖温帯上部の山地に生え、日本海側に多い,,,65,日本の野生植物 第1巻,33,原PDF画像目視確認＋macOS Vision OCR補助＋手動要約,include,,原画像の種見出しと本文境界を確認し、客観的事実のみ短く要約。主観・採集助言・不確かなOCRは除外。
wildplants-v1-parser-miss-0001,volume1_legacy_parser_misses,1,日本の野生植物 1- ソテツ科～コミカンソウ科.pdf,bcdcd5ac593747d6d58321d4a696ec96fb963233541af2a4666c4a1fbd1d4fb1,2026-07-12,バリバリノキ,Actinodaphne acuminata,クスノキ科,LAURACEAE,バリバリノキ属,Actinodaphne,常緑高木,,8月,本州（千葉県以西）・四国・九州・琉球,,,,69,日本の野生植物 第1巻,35,原PDF画像目視確認＋macOS Vision OCR補助＋手動要約,include,,原PDF画像の種見出しと本文境界を確認し、客観的事実のみ短く要約。主観・利用推奨・不確かなOCRは除外。 学名のOCR誤りを原本表記に基づき訂正。
wildplants-v1-parser-miss-0002,volume1_legacy_parser_misses,1,日本の野生植物 1- ソテツ科～コミカンソウ科.pdf,bcdcd5ac593747d6d58321d4a696ec96fb963233541af2a4666c4a1fbd1d4fb1,2026-07-12,ゲッケイジュ,Laurus nobilis,クスノキ科,LAURACEAE,ゲッケイジュ属,Laurus,常緑中高木,,4月,地中海沿岸原産,日本では庭園樹として栽培,,,71,日本の野生植物 第1巻,36,原PDF画像目視確認＋macOS Vision OCR補助＋手動要約,include,,原PDF画像の種見出しと本文境界を確認し、客観的事実のみ短く要約。主観・利用推奨・不確かなOCRは除外。 学名のOCR誤りを原本表記に基づき訂正。
wildplants-v1-parser-miss-0003,volume1_legacy_parser_misses,1,日本の野生植物 1- ソテツ科～コミカンソウ科.pdf,bcdcd5ac593747d6d58321d4a696ec96fb963233541af2a4666c4a1fbd1d4fb1,2026-07-12,アオガシ,Machilus japonica,クスノキ科,LAURACEAE,タブノキ属,Machilus,常緑高木,,4～5月,本州（関東・中部地方以西）・四国・九州・琉球、台湾・朝鮮半島南部・中国南部,,,,74,日本の野生植物 第1巻,38,原PDF画像目視確認＋macOS Vision OCR補助＋手動要約,include,,原PDF画像の種見出しと本文境界を確認し、客観的事実のみ短く要約。主観・利用推奨・不確かなOCRは除外。
wildplants-v1-parser-miss-0004,volume1_legacy_parser_misses,1,日本の野生植物 1- ソテツ科～コミカンソウ科.pdf,bcdcd5ac593747d6d58321d4a696ec96fb963233541af2a4666c4a1fbd1d4fb1,2026-07-12,オガサワラアオグス,Machilus boninensis,クスノキ科,LAURACEAE,タブノキ属,Machilus,常緑低木～高木,,3～5月,小笠原諸島,,,,74,日本の野生植物 第1巻,38,原PDF画像目視確認＋macOS Vision OCR補助＋手動要約,include,,原PDF画像の種見出しと本文境界を確認し、客観的事実のみ短く要約。主観・利用推奨・不確かなOCRは除外。 学名のOCR誤りを原本表記に基づき訂正、冊子ページを74に訂正。
wildplants-v1-parser-miss-0005,volume1_legacy_parser_misses,1,日本の野生植物 1- ソテツ科～コミカンソウ科.pdf,bcdcd5ac593747d6d58321d4a696ec96fb963233541af2a4666c4a1fbd1d4fb1,2026-07-12,シマテンナンショウ,Arisaema negishii,サトイモ科,ARACEAE,テンナンショウ属,Arisaema,多年草,,1～2月,伊豆諸島（八丈島・三宅島・御蔵島）,林縁または林下,,,82,日本の野生植物 第1巻,42,原PDF画像目視確認＋macOS Vision OCR補助＋手動要約,include,,原PDF画像の種見出しと本文境界を確認し、客観的事実のみ短く要約。主観・利用推奨・不確かなOCRは除外。
wildplants-v1-parser-miss-0006,volume1_legacy_parser_misses,1,日本の野生植物 1- ソテツ科～コミカンソウ科.pdf,bcdcd5ac593747d6d58321d4a696ec96fb963233541af2a4666c4a1fbd1d4fb1,2026-07-12,ヒガンマムシグサ,Arisaema aequinoctiale,サトイモ科,ARACEAE,テンナンショウ属,Arisaema,多年草,最大90 cm,3～4月,本州（関東・中部地方・広島県・山口県）・四国,海岸近くの照葉樹林下など,,,83,日本の野生植物 第1巻,42,原PDF画像目視確認＋macOS Vision OCR補助＋手動要約,include,,原PDF画像の種見出しと本文境界を確認し、客観的事実のみ短く要約。主観・利用推奨・不確かなOCRは除外。
wildplants-v1-parser-miss-0007,volume1_legacy_parser_misses,1,日本の野生植物 1- ソテツ科～コミカンソウ科.pdf,bcdcd5ac593747d6d58321d4a696ec96fb963233541af2a4666c4a1fbd1d4fb1,2026-07-12,キシダマムシグサ,Arisaema kishidae,サトイモ科,ARACEAE,テンナンショウ属,Arisaema,多年草,,4～5月,愛知県・近畿地方,低山地の林下,,,84,日本の野生植物 第1巻,43,原PDF画像目視確認＋macOS Vision OCR補助＋手動要約,include,,原PDF画像の種見出しと本文境界を確認し、客観的事実のみ短く要約。主観・利用推奨・不確かなOCRは除外。
wildplants-v1-parser-miss-0008,volume1_legacy_parser_misses,1,日本の野生植物 1- ソテツ科～コミカンソウ科.pdf,bcdcd5ac593747d6d58321d4a696ec96fb963233541af2a4666c4a1fbd1d4fb1,2026-07-12,キリシマテンナンショウ,Arisaema sazensoo,サトイモ科,ARACEAE,テンナンショウ属,Arisaema,多年草,,4～5月,九州中南部（屋久島を含む）,山地の林下,,,84,日本の野生植物 第1巻,43,原PDF画像目視確認＋macOS Vision OCR補助＋手動要約,include,,原PDF画像の種見出しと本文境界を確認し、客観的事実のみ短く要約。主観・利用推奨・不確かなOCRは除外。
wildplants-v1-parser-miss-0009,volume1_legacy_parser_misses,1,日本の野生植物 1- ソテツ科～コミカンソウ科.pdf,bcdcd5ac593747d6d58321d4a696ec96fb963233541af2a4666c4a1fbd1d4fb1,2026-07-12,タシロテンナンショウ,Arisaema tashiroi,サトイモ科,ARACEAE,テンナンショウ属,Arisaema,多年草,,4～6月,宮崎県・鹿児島県,山地の林下,,,84,日本の野生植物 第1巻,43,原PDF画像目視確認＋macOS Vision OCR補助＋手動要約,include,,原PDF画像の種見出しと本文境界を確認し、客観的事実のみ短く要約。主観・利用推奨・不確かなOCRは除外。
wildplants-v1-parser-miss-0010,volume1_legacy_parser_misses,1,日本の野生植物 1- ソテツ科～コミカンソウ科.pdf,bcdcd5ac593747d6d58321d4a696ec96fb963233541af2a4666c4a1fbd1d4fb1,2026-07-12,ツクシマムシグサ,Arisaema maximowiczii,サトイモ科,ARACEAE,テンナンショウ属,Arisaema,多年草,,4～6月,九州に分布する,山地の林下,,,84,日本の野生植物 第1巻,43,原PDF画像目視確認＋macOS Vision OCR補助＋手動要約,include,,原PDF画像の種見出しと本文境界を確認し、客観的事実のみ短く要約。主観・利用推奨・不確かなOCRは除外。学名のOCR誤りを原本表記に基づき訂正し、原典が疑問視する三重県記録は公開分布から除外。
wildplants-v1-parser-miss-0011,volume1_legacy_parser_misses,1,日本の野生植物 1- ソテツ科～コミカンソウ科.pdf,bcdcd5ac593747d6d58321d4a696ec96fb963233541af2a4666c4a1fbd1d4fb1,2026-07-12,ヤマトテンナンショウ,Arisaema longilaminum,サトイモ科,ARACEAE,テンナンショウ属,Arisaema,多年草,最大70 cm,6月頃,奈良県・中部地方,落葉樹林下や半湿地,,,85,日本の野生植物 第1巻,43,原PDF画像目視確認＋macOS Vision OCR補助＋手動要約,include,,原PDF画像の種見出しと本文境界を確認し、客観的事実のみ短く要約。主観・利用推奨・不確かなOCRは除外。
wildplants-v1-parser-miss-0012,volume1_legacy_parser_misses,1,日本の野生植物 1- ソテツ科～コミカンソウ科.pdf,bcdcd5ac593747d6d58321d4a696ec96fb963233541af2a4666c4a1fbd1d4fb1,2026-07-12,ハナゼキショウ,Tofieldia nuda,チシマゼキショウ科,TOFIELDIACEAE,チシマゼキショウ属,Tofieldia,多年草,8～34.3 cm,6～8月,本州（近畿地方北部）・九州（佐賀県・長崎県）の日本固有種,山中の岩上,,,91,日本の野生植物 第1巻,46,原PDF画像目視確認＋macOS Vision OCR補助＋手動要約,include,,原PDF画像の種見出しと本文境界を確認し、客観的事実のみ短く要約。主観・利用推奨・不確かなOCRは除外。 学名のOCR誤りを原本表記に基づき訂正。
wildplants-v1-parser-miss-0013,volume1_legacy_parser_misses,1,日本の野生植物 1- ソテツ科～コミカンソウ科.pdf,bcdcd5ac593747d6d58321d4a696ec96fb963233541af2a4666c4a1fbd1d4fb1,2026-07-12,キクバドコロ,Dioscorea septemloba var. septemloba,ヤマノイモ科,DIOSCOREACEAE,ヤマノイモ属,Dioscorea,つる性多年草,,,本州～九州,山野,,,116,日本の野生植物 第1巻,59,原PDF画像目視確認＋macOS Vision OCR補助＋手動要約,include,,原PDF画像の種見出しと本文境界を確認し、客観的事実のみ短く要約。主観・利用推奨・不確かなOCRは除外。 学名のOCR誤りを原本表記に基づき訂正。
wildplants-v1-parser-miss-0014,volume1_legacy_parser_misses,1,日本の野生植物 1- ソテツ科～コミカンソウ科.pdf,bcdcd5ac593747d6d58321d4a696ec96fb963233541af2a4666c4a1fbd1d4fb1,2026-07-12,ミノコバイモ,Fritillaria japonica,ユリ科,LILIACEAE,バイモ属,Fritillaria,多年草,10～30 cm,3月下旬～5月,本州（石川県・岐阜県・愛知県から岡山県）,山地の林下,,,130,日本の野生植物 第1巻,66,原PDF画像目視確認＋macOS Vision OCR補助＋手動要約,include,,原PDF画像の種見出しと本文境界を確認し、客観的事実のみ短く要約。主観・利用推奨・不確かなOCRは除外。
wildplants-v1-parser-miss-0015,volume1_legacy_parser_misses,1,日本の野生植物 1- ソテツ科～コミカンソウ科.pdf,bcdcd5ac593747d6d58321d4a696ec96fb963233541af2a4666c4a1fbd1d4fb1,2026-07-12,トウカンゾウ,Hemerocallis major,ススキノキ科,XANTHORRHOEACEAE,ワスレグサ属,Hemerocallis,多年草,花茎約70 cm,5～7月,九州西部の海岸・島嶼、琉球、中国,海岸や島嶼。庭にも植栽,,,184,日本の野生植物 第1巻,93,原PDF画像目視確認＋macOS Vision OCR補助＋手動要約,include,,原PDF画像の種見出しと本文境界を確認し、客観的事実のみ短く要約。主観・利用推奨・不確かなOCRは除外。 学名のOCR誤りを原本表記に基づき訂正。
wildplants-v1-parser-miss-0016,volume1_legacy_parser_misses,1,日本の野生植物 1- ソテツ科～コミカンソウ科.pdf,bcdcd5ac593747d6d58321d4a696ec96fb963233541af2a4666c4a1fbd1d4fb1,2026-07-12,ユウスゲ,Hemerocallis citrina var. vespertina,ススキノキ科,XANTHORRHOEACEAE,ワスレグサ属,Hemerocallis,多年草,花茎100～150 cm,7～9月,本州・四国・九州,山地の草原や林縁など、やや乾いた場所,,,184,日本の野生植物 第1巻,93,原PDF画像目視確認＋macOS Vision OCR補助＋手動要約,include,,原PDF画像の種見出しと本文境界を確認し、客観的事実のみ短く要約。主観・利用推奨・不確かなOCRは除外。 学名のOCR誤りを原本表記に基づき訂正。
wildplants-v1-parser-miss-0017,volume1_legacy_parser_misses,1,日本の野生植物 1- ソテツ科～コミカンソウ科.pdf,bcdcd5ac593747d6d58321d4a696ec96fb963233541af2a4666c4a1fbd1d4fb1,2026-07-12,オガサワラハマユウ,Crinum gigas,ヒガンバナ科,AMARYLLIDACEAE,ハマオモト属,Crinum,多年草,100～150 cm,,小笠原諸島,,,,187,日本の野生植物 第1巻,94,原PDF画像目視確認＋macOS Vision OCR補助＋手動要約,include,,原PDF画像の種見出しと本文境界を確認し、客観的事実のみ短く要約。主観・利用推奨・不確かなOCRは除外。
wildplants-v1-parser-miss-0018,volume1_legacy_parser_misses,1,日本の野生植物 1- ソテツ科～コミカンソウ科.pdf,bcdcd5ac593747d6d58321d4a696ec96fb963233541af2a4666c4a1fbd1d4fb1,2026-07-12,ジャノヒゲ,Ophiopogon japonicus var. japonicus,クサスギカズラ科,ASPARAGACEAE,ジャノヒゲ属,Ophiopogon,多年草,,7～8月,北海道南西部～九州、朝鮮半島・台湾・中国,山野の林下,カブダチジャノヒゲ／ナガバジャノヒゲ,ジャノヒゲの根茎は通常分枝しないか1～2回分枝する。カブダチジャノヒゲは3～7回、ナガバジャノヒゲは5～20回分枝し、後者は葉と花柄も長い,197,日本の野生植物 第1巻,99,原PDF画像目視確認＋macOS Vision OCR補助＋手動要約,include,,原PDF画像の種見出しと本文境界を確認し、客観的事実のみ短く要約。主観・利用推奨・不確かなOCRは除外。 学名のOCR誤りを原本表記に基づき訂正。
wildplants-v1-parser-miss-0019,volume1_legacy_parser_misses,1,日本の野生植物 1- ソテツ科～コミカンソウ科.pdf,bcdcd5ac593747d6d58321d4a696ec96fb963233541af2a4666c4a1fbd1d4fb1,2026-07-12,ヤマトユキザサ,Maianthemum viridiflorum,クサスギカズラ科,ASPARAGACEAE,マイヅルソウ属,Maianthemum,多年草,35～70 cm,6～7月,,,,,196,日本の野生植物 第1巻,99,原PDF画像目視確認＋macOS Vision OCR補助＋手動要約,include,,原PDF画像の種見出しと本文境界を確認し、客観的事実のみ短く要約。主観・利用推奨・不確かなOCRは除外。 学名のOCR誤りを原本表記に基づき訂正。
wildplants-v1-parser-miss-0020,volume1_legacy_parser_misses,1,日本の野生植物 1- ソテツ科～コミカンソウ科.pdf,bcdcd5ac593747d6d58321d4a696ec96fb963233541af2a4666c4a1fbd1d4fb1,2026-07-12,オオナルコユリ,Polygonatum macranthum,クサスギカズラ科,ASPARAGACEAE,アマドコロ属,Polygonatum,多年草,40～140 cm,5～7月,北海道～九州,山地の林下,,,199,日本の野生植物 第1巻,100,原PDF画像目視確認＋macOS Vision OCR補助＋手動要約,include,,原PDF画像の種見出しと本文境界を確認し、客観的事実のみ短く要約。主観・利用推奨・不確かなOCRは除外。 学名のOCR誤りを原本表記に基づき訂正。
wildplants-v1-parser-miss-0021,volume1_legacy_parser_misses,1,日本の野生植物 1- ソテツ科～コミカンソウ科.pdf,bcdcd5ac593747d6d58321d4a696ec96fb963233541af2a4666c4a1fbd1d4fb1,2026-07-12,シュロ,Trachycarpus fortunei,ヤシ科,ARECACEAE,シュロ属,Trachycarpus,常緑高木,3～7 m,5～6月,九州南部・中国,暖地で広く栽培される,トウジュロ,トウジュロは葉が剛直で青みが強く、葉先が折れて垂れず、葉柄は1 m以下でシュロより短い。花序には花を密生する,202,日本の野生植物 第1巻,102,原PDF画像目視確認＋macOS Vision OCR補助＋手動要約,include,,原PDF画像の種見出しと本文境界を確認し、客観的事実のみ短く要約。主観・利用推奨・不確かなOCRは除外。学名のOCR誤りを原本表記に基づき訂正し、自生地の推定は公開対象から除外。
wildplants-v1-parser-miss-0022,volume1_legacy_parser_misses,1,日本の野生植物 1- ソテツ科～コミカンソウ科.pdf,bcdcd5ac593747d6d58321d4a696ec96fb963233541af2a4666c4a1fbd1d4fb1,2026-07-12,コイヌノヒゲ,Eriocaulon decemflorum,ホシクサ科,ERIOCAULACEAE,ホシクサ属,Eriocaulon,一年草,3～30 cm,,北海道～九州、朝鮮半島・中国,湿った荒地や湿地,,,214,日本の野生植物 第1巻,108,原PDF画像目視確認＋macOS Vision OCR補助＋手動要約,include,,原PDF画像の種見出しと本文境界を確認し、客観的事実のみ短く要約。主観・利用推奨・不確かなOCRは除外。 学名のOCR誤りを原本表記に基づき訂正。
wildplants-v1-parser-miss-0023,volume1_legacy_parser_misses,1,日本の野生植物 1- ソテツ科～コミカンソウ科.pdf,bcdcd5ac593747d6d58321d4a696ec96fb963233541af2a4666c4a1fbd1d4fb1,2026-07-12,アオコウガイゼキショウ,Juncus papillosus,イグサ科,JUNCACEAE,イグサ属,Juncus,多年草,,,北海道～九州、朝鮮半島・中国・東シベリア,,,,219,日本の野生植物 第1巻,110,原PDF画像目視確認＋macOS Vision OCR補助＋手動要約,include,,原PDF画像の種見出しと本文境界を確認し、客観的事実のみ短く要約。主観・利用推奨・不確かなOCRは除外。 学名のOCR誤りを原本表記に基づき訂正。
wildplants-v1-parser-miss-0024,volume1_legacy_parser_misses,1,日本の野生植物 1- ソテツ科～コミカンソウ科.pdf,bcdcd5ac593747d6d58321d4a696ec96fb963233541af2a4666c4a1fbd1d4fb1,2026-07-12,イグサ,Juncus decipiens,イグサ科,JUNCACEAE,イグサ属,Juncus,多年草,20～100 cm,,北海道～琉球、朝鮮半島・中国・台湾・ウスリー・樺太,山野の湿地,,,218,日本の野生植物 第1巻,110,原PDF画像目視確認＋macOS Vision OCR補助＋手動要約,include,,原PDF画像の種見出しと本文境界を確認し、客観的事実のみ短く要約。主観・利用推奨・不確かなOCRは除外。 学名のOCR誤りを原本表記に基づき訂正。
wildplants-v1-parser-miss-0025,volume1_legacy_parser_misses,1,日本の野生植物 1- ソテツ科～コミカンソウ科.pdf,bcdcd5ac593747d6d58321d4a696ec96fb963233541af2a4666c4a1fbd1d4fb1,2026-07-12,イヌイ,Juncus fauriei,イグサ科,JUNCACEAE,イグサ属,Juncus,多年草,20～40 cm,,北海道・本州・九州、千島・樺太,海岸砂地や山地湿地,,,218,日本の野生植物 第1巻,110,原PDF画像目視確認＋macOS Vision OCR補助＋手動要約,include,,原PDF画像の種見出しと本文境界を確認し、客観的事実のみ短く要約。主観・利用推奨・不確かなOCRは除外。 学名のOCR誤りを原本表記に基づき訂正。
wildplants-v1-parser-miss-0026,volume1_legacy_parser_misses,1,日本の野生植物 1- ソテツ科～コミカンソウ科.pdf,bcdcd5ac593747d6d58321d4a696ec96fb963233541af2a4666c4a1fbd1d4fb1,2026-07-12,エゾホソイ,Juncus filiformis,イグサ科,JUNCACEAE,イグサ属,Juncus,多年草,30～50 cm,,本州中部以北・北海道、千島・樺太・カムチャツカ・北アメリカ・ヨーロッパ,北地の低地湿地や亜高山帯以上の湿地,,,218,日本の野生植物 第1巻,110,原PDF画像目視確認＋macOS Vision OCR補助＋手動要約,include,,原PDF画像の種見出しと本文境界を確認し、客観的事実のみ短く要約。主観・利用推奨・不確かなOCRは除外。 学名のOCR誤りを原本表記に基づき訂正。
wildplants-v1-parser-miss-0027,volume1_legacy_parser_misses,1,日本の野生植物 1- ソテツ科～コミカンソウ科.pdf,bcdcd5ac593747d6d58321d4a696ec96fb963233541af2a4666c4a1fbd1d4fb1,2026-07-12,クサイ,Juncus tenuis,イグサ科,JUNCACEAE,イグサ属,Juncus,多年草,30～50 cm,,北海道～九州、中国・ヨーロッパ・南北アメリカ・オーストラリア,路傍,,,218,日本の野生植物 第1巻,110,原PDF画像目視確認＋macOS Vision OCR補助＋手動要約,include,,原PDF画像の種見出しと本文境界を確認し、客観的事実のみ短く要約。主観・利用推奨・不確かなOCRは除外。 学名のOCR誤りを原本表記に基づき訂正。
wildplants-v1-parser-miss-0028,volume1_legacy_parser_misses,1,日本の野生植物 1- ソテツ科～コミカンソウ科.pdf,bcdcd5ac593747d6d58321d4a696ec96fb963233541af2a4666c4a1fbd1d4fb1,2026-07-12,ドロイ,Juncus gracillimus,イグサ科,JUNCACEAE,イグサ属,Juncus,多年草,60～70 cm,,北海道～九州、朝鮮半島・中国・樺太・東シベリア,水辺や湿地,,,218,日本の野生植物 第1巻,110,原PDF画像目視確認＋macOS Vision OCR補助＋手動要約,include,,原PDF画像の種見出しと本文境界を確認し、客観的事実のみ短く要約。主観・利用推奨・不確かなOCRは除外。
wildplants-v1-parser-miss-0029,volume1_legacy_parser_misses,1,日本の野生植物 1- ソテツ科～コミカンソウ科.pdf,bcdcd5ac593747d6d58321d4a696ec96fb963233541af2a4666c4a1fbd1d4fb1,2026-07-12,ハマイ,Juncus haenkei,イグサ科,JUNCACEAE,イグサ属,Juncus,多年草,,,北海道、千島・樺太・朝鮮半島・東シベリア・カムチャツカ・アラスカ,海岸砂地,,,218,日本の野生植物 第1巻,110,原PDF画像目視確認＋macOS Vision OCR補助＋手動要約,include,,原PDF画像の種見出しと本文境界を確認し、客観的事実のみ短く要約。主観・利用推奨・不確かなOCRは除外。
wildplants-v1-parser-miss-0030,volume1_legacy_parser_misses,1,日本の野生植物 1- ソテツ科～コミカンソウ科.pdf,bcdcd5ac593747d6d58321d4a696ec96fb963233541af2a4666c4a1fbd1d4fb1,2026-07-12,ミヤマイ,Juncus beringensis,イグサ科,JUNCACEAE,イグサ属,Juncus,多年草,15～40 cm,,北海道・本州中部以北、千島・カムチャツカ・アリューシャン列島・ベーリング海峡地方,高山湿地,,,218,日本の野生植物 第1巻,110,原PDF画像目視確認＋macOS Vision OCR補助＋手動要約,include,,原PDF画像の種見出しと本文境界を確認し、客観的事実のみ短く要約。主観・利用推奨・不確かなOCRは除外。
wildplants-v1-parser-miss-0031,volume1_legacy_parser_misses,1,日本の野生植物 1- ソテツ科～コミカンソウ科.pdf,bcdcd5ac593747d6d58321d4a696ec96fb963233541af2a4666c4a1fbd1d4fb1,2026-07-12,エゾハリスゲ,Carex uda,カヤツリグサ科,CYPERACEAE,スゲ属,Carex,多年草,,,北海道・本州中部以北、朝鮮半島・中国東北部・樺太・ウスリー・アムール,湿地,,,229,日本の野生植物 第1巻,115,原PDF画像目視確認＋macOS Vision OCR補助＋手動要約,include,,原PDF画像の種見出しと本文境界を確認し、客観的事実のみ短く要約。主観・利用推奨・不確かなOCRは除外。
wildplants-v1-parser-miss-0032,volume1_legacy_parser_misses,1,日本の野生植物 1- ソテツ科～コミカンソウ科.pdf,bcdcd5ac593747d6d58321d4a696ec96fb963233541af2a4666c4a1fbd1d4fb1,2026-07-12,タカネハリスゲ,Carex pauciflora,カヤツリグサ科,CYPERACEAE,スゲ属,Carex,多年草,10～15 cm,,本州中部以北・北海道、北半球,高層湿原,,,228,日本の野生植物 第1巻,115,原PDF画像目視確認＋macOS Vision OCR補助＋手動要約,include,,原PDF画像の種見出しと本文境界を確認し、客観的事実のみ短く要約。主観・利用推奨・不確かなOCRは除外。 学名のOCR誤りを原本表記に基づき訂正。
wildplants-v1-parser-miss-0033,volume1_legacy_parser_misses,1,日本の野生植物 1- ソテツ科～コミカンソウ科.pdf,bcdcd5ac593747d6d58321d4a696ec96fb963233541af2a4666c4a1fbd1d4fb1,2026-07-12,ウスイロスゲ,Carex pallida,カヤツリグサ科,CYPERACEAE,スゲ属,Carex,多年草,,,北海道・本州北部・東アジア北部,草地,,,230,日本の野生植物 第1巻,116,原PDF画像目視確認＋macOS Vision OCR補助＋手動要約,include,,原PDF画像の種見出しと本文境界を確認し、客観的事実のみ短く要約。主観・利用推奨・不確かなOCRは除外。
wildplants-v1-parser-miss-0034,volume1_legacy_parser_misses,1,日本の野生植物 1- ソテツ科～コミカンソウ科.pdf,bcdcd5ac593747d6d58321d4a696ec96fb963233541af2a4666c4a1fbd1d4fb1,2026-07-12,イッポンスゲ,Carex tenuiflora,カヤツリグサ科,CYPERACEAE,スゲ属,Carex,多年草,20～60 cm,,北海道・本州（日光戦場ヶ原・霧ヶ峰）、北半球,ミズゴケ湿原,,,233,日本の野生植物 第1巻,117,原PDF画像目視確認＋macOS Vision OCR補助＋手動要約,include,,原PDF画像の種見出しと本文境界を確認し、客観的事実のみ短く要約。主観・利用推奨・不確かなOCRは除外。 学名のOCR誤りを原本表記に基づき訂正。
wildplants-v1-parser-miss-0035,volume1_legacy_parser_misses,1,日本の野生植物 1- ソテツ科～コミカンソウ科.pdf,bcdcd5ac593747d6d58321d4a696ec96fb963233541af2a4666c4a1fbd1d4fb1,2026-07-12,ジングウスゲ,Carex sacrosancta,カヤツリグサ科,CYPERACEAE,スゲ属,Carex,多年草,,,本州（伊豆半島以西）～九州,,,,234,日本の野生植物 第1巻,118,原PDF画像目視確認＋macOS Vision OCR補助＋手動要約,include,,原PDF画像の種見出しと本文境界を確認し、客観的事実のみ短く要約。主観・利用推奨・不確かなOCRは除外。 学名のOCR誤りを原本表記に基づき訂正。
wildplants-v1-parser-miss-0036,volume1_legacy_parser_misses,1,日本の野生植物 1- ソテツ科～コミカンソウ科.pdf,bcdcd5ac593747d6d58321d4a696ec96fb963233541af2a4666c4a1fbd1d4fb1,2026-07-12,ハナビスゲ,Carex cruciata,カヤツリグサ科,CYPERACEAE,スゲ属,Carex,多年草,30～80 cm,,長崎県・熊本県・屋久島・種子島、台湾・中国南部・東南アジア・インド・オーストラリア,草原や藪,,,234,日本の野生植物 第1巻,118,原PDF画像目視確認＋macOS Vision OCR補助＋手動要約,include,,原PDF画像の種見出しと本文境界を確認し、客観的事実のみ短く要約。主観・利用推奨・不確かなOCRは除外。
wildplants-v1-parser-miss-0037,volume1_legacy_parser_misses,1,日本の野生植物 1- ソテツ科～コミカンソウ科.pdf,bcdcd5ac593747d6d58321d4a696ec96fb963233541af2a4666c4a1fbd1d4fb1,2026-07-12,アズマナルコ,Carex shimidzensis,カヤツリグサ科,CYPERACEAE,スゲ属,Carex,多年草,40～80 cm,,北海道・本州・四国・九州,山地の湿った斜面,,,237,日本の野生植物 第1巻,119,原PDF画像目視確認＋macOS Vision OCR補助＋手動要約,include,,原PDF画像の種見出しと本文境界を確認し、客観的事実のみ短く要約。主観・利用推奨・不確かなOCRは除外。 学名のOCR誤りを原本表記に基づき訂正。
wildplants-v1-parser-miss-0038,volume1_legacy_parser_misses,1,日本の野生植物 1- ソテツ科～コミカンソウ科.pdf,bcdcd5ac593747d6d58321d4a696ec96fb963233541af2a4666c4a1fbd1d4fb1,2026-07-12,オタルスゲ,Carex otaruensis,カヤツリグサ科,CYPERACEAE,スゲ属,Carex,多年草,30～60 cm,,北海道南西部～九州,水湿地,,,237,日本の野生植物 第1巻,119,原PDF画像目視確認＋macOS Vision OCR補助＋手動要約,include,,原PDF画像の種見出しと本文境界を確認し、客観的事実のみ短く要約。主観・利用推奨・不確かなOCRは除外。
wildplants-v1-parser-miss-0039,volume1_legacy_parser_misses,1,日本の野生植物 1- ソテツ科～コミカンソウ科.pdf,bcdcd5ac593747d6d58321d4a696ec96fb963233541af2a4666c4a1fbd1d4fb1,2026-07-12,ヒメゴウソ,Carex phaeota,カヤツリグサ科,CYPERACEAE,スゲ属,Carex,多年草,30～60 cm,,北海道～琉球、朝鮮半島・中国・インド・インドネシア,湿地,,,237,日本の野生植物 第1巻,119,原PDF画像目視確認＋macOS Vision OCR補助＋手動要約,include,,原PDF画像の種見出しと本文境界を確認し、客観的事実のみ短く要約。主観・利用推奨・不確かなOCRは除外。
wildplants-v1-parser-miss-0040,volume1_legacy_parser_misses,1,日本の野生植物 1- ソテツ科～コミカンソウ科.pdf,bcdcd5ac593747d6d58321d4a696ec96fb963233541af2a4666c4a1fbd1d4fb1,2026-07-12,ヒエスゲ,Carex longirostrata var. longirostrata,カヤツリグサ科,CYPERACEAE,スゲ属,Carex,多年草,,,北海道・本州中北部、樺太・千島・朝鮮半島・東シベリア,山地草原,,,239,日本の野生植物 第1巻,120,原PDF画像目視確認＋macOS Vision OCR補助＋手動要約,include,,原PDF画像の種見出しと本文境界を確認し、客観的事実のみ短く要約。主観・利用推奨・不確かなOCRは除外。 学名のOCR誤りを原本表記に基づき訂正。
wildplants-v1-parser-miss-0041,volume1_legacy_parser_misses,1,日本の野生植物 1- ソテツ科～コミカンソウ科.pdf,bcdcd5ac593747d6d58321d4a696ec96fb963233541af2a4666c4a1fbd1d4fb1,2026-07-12,ヒゲスゲ,Carex boottiana,カヤツリグサ科,CYPERACEAE,スゲ属,Carex,多年草,30～50 cm,,本州（石川県・千葉県以西）～琉球・小笠原諸島、台湾・朝鮮半島,海岸岩上,,,239,日本の野生植物 第1巻,120,原PDF画像目視確認＋macOS Vision OCR補助＋手動要約,include,,原PDF画像の種見出しと本文境界を確認し、客観的事実のみ短く要約。主観・利用推奨・不確かなOCRは除外。
wildplants-v1-parser-miss-0042,volume1_legacy_parser_misses,1,日本の野生植物 1- ソテツ科～コミカンソウ科.pdf,bcdcd5ac593747d6d58321d4a696ec96fb963233541af2a4666c4a1fbd1d4fb1,2026-07-12,オキナワスゲ,Carex breviscapa,カヤツリグサ科,CYPERACEAE,スゲ属,Carex,多年草,,,南西諸島（奄美以南）,,,,242,日本の野生植物 第1巻,122,原PDF画像目視確認＋macOS Vision OCR補助＋手動要約,include,,原PDF画像の種見出しと本文境界を確認し、客観的事実のみ短く要約。主観・利用推奨・不確かなOCRは除外。 学名のOCR誤りを原本表記に基づき訂正。
wildplants-v1-parser-miss-0043,volume1_legacy_parser_misses,1,日本の野生植物 1- ソテツ科～コミカンソウ科.pdf,bcdcd5ac593747d6d58321d4a696ec96fb963233541af2a4666c4a1fbd1d4fb1,2026-07-12,キノクニスゲ,Carex matsumurae,カヤツリグサ科,CYPERACEAE,スゲ属,Carex,多年草,30～40 cm,,伊豆諸島（利島）・本州（富山県・静岡県以西）・四国・九州・朝鮮半島,暖地の海岸,,,242,日本の野生植物 第1巻,122,原PDF画像目視確認＋macOS Vision OCR補助＋手動要約,include,,原PDF画像の種見出しと本文境界を確認し、客観的事実のみ短く要約。主観・利用推奨・不確かなOCRは除外。
wildplants-v1-parser-miss-0044,volume1_legacy_parser_misses,1,日本の野生植物 1- ソテツ科～コミカンソウ科.pdf,bcdcd5ac593747d6d58321d4a696ec96fb963233541af2a4666c4a1fbd1d4fb1,2026-07-12,タイワンスゲ,Carex formosensis,カヤツリグサ科,CYPERACEAE,スゲ属,Carex,多年草,30～50 cm,,本州（栃木県・茨城県）・四国（愛媛県・高知県）・九州、朝鮮半島南部・台湾,,,,242,日本の野生植物 第1巻,122,原PDF画像目視確認＋macOS Vision OCR補助＋手動要約,include,,原PDF画像の種見出しと本文境界を確認し、客観的事実のみ短く要約。主観・利用推奨・不確かなOCRは除外。
wildplants-v1-parser-miss-0045,volume1_legacy_parser_misses,1,日本の野生植物 1- ソテツ科～コミカンソウ科.pdf,bcdcd5ac593747d6d58321d4a696ec96fb963233541af2a4666c4a1fbd1d4fb1,2026-07-12,ヒメモエギスゲ,Carex pocilliformis,カヤツリグサ科,CYPERACEAE,スゲ属,Carex,多年草,,,本州（関東地方以西）～琉球、朝鮮半島・台湾・中国・フィリピン,,,,244,日本の野生植物 第1巻,123,原PDF画像目視確認＋macOS Vision OCR補助＋手動要約,include,,原PDF画像の種見出しと本文境界を確認し、客観的事実のみ短く要約。主観・利用推奨・不確かなOCRは除外。 学名のOCR誤りを原本表記に基づき訂正。
wildplants-v1-parser-miss-0046,volume1_legacy_parser_misses,1,日本の野生植物 1- ソテツ科～コミカンソウ科.pdf,bcdcd5ac593747d6d58321d4a696ec96fb963233541af2a4666c4a1fbd1d4fb1,2026-07-12,フサスゲ,Carex metallica,カヤツリグサ科,CYPERACEAE,スゲ属,Carex,多年草,30～60 cm,,本州（静岡県以西）～九州、中国南部・台湾・朝鮮半島,,,,245,日本の野生植物 第1巻,123,原PDF画像目視確認＋macOS Vision OCR補助＋手動要約,include,,原PDF画像の種見出しと本文境界を確認し、客観的事実のみ短く要約。主観・利用推奨・不確かなOCRは除外。 学名のOCR誤りを原本表記に基づき訂正、冊子ページを245に訂正。
wildplants-v1-parser-miss-0047,volume1_legacy_parser_misses,1,日本の野生植物 1- ソテツ科～コミカンソウ科.pdf,bcdcd5ac593747d6d58321d4a696ec96fb963233541af2a4666c4a1fbd1d4fb1,2026-07-12,サヤスゲ,Carex vaginata,カヤツリグサ科,CYPERACEAE,スゲ属,Carex,多年草,20～50 cm,,北海道・岩手県焼石岳・長野県霧ヶ峰、周北極地方,高層湿原,,,249,日本の野生植物 第1巻,125,原PDF画像目視確認＋macOS Vision OCR補助＋手動要約,include,,原PDF画像の種見出しと本文境界を確認し、客観的事実のみ短く要約。主観・利用推奨・不確かなOCRは除外。
wildplants-v1-parser-miss-0048,volume1_legacy_parser_misses,1,日本の野生植物 1- ソテツ科～コミカンソウ科.pdf,bcdcd5ac593747d6d58321d4a696ec96fb963233541af2a4666c4a1fbd1d4fb1,2026-07-12,ヌマクロボスゲ,Carex meyeriana,カヤツリグサ科,CYPERACEAE,スゲ属,Carex,多年草,30～50 cm,,本州中北部・九州,湿原。大型の谷地坊主をつくる,,,251,日本の野生植物 第1巻,126,原PDF画像目視確認＋macOS Vision OCR補助＋手動要約,include,,原PDF画像の種見出しと本文境界を確認し、客観的事実のみ短く要約。主観・利用推奨・不確かなOCRは除外。
wildplants-v1-parser-miss-0049,volume1_legacy_parser_misses,1,日本の野生植物 1- ソテツ科～コミカンソウ科.pdf,bcdcd5ac593747d6d58321d4a696ec96fb963233541af2a4666c4a1fbd1d4fb1,2026-07-12,ミタケスゲ,Carex dolichocarpa,カヤツリグサ科,CYPERACEAE,スゲ属,Carex,多年草,20～50 cm,,,湿原,,,250,日本の野生植物 第1巻,126,原PDF画像目視確認＋macOS Vision OCR補助＋手動要約,include,,原PDF画像の種見出しと本文境界を確認し、客観的事実のみ短く要約。主観・利用推奨・不確かなOCRは除外。 学名のOCR誤りを原本表記に基づき訂正。
wildplants-v1-parser-miss-0050,volume1_legacy_parser_misses,1,日本の野生植物 1- ソテツ科～コミカンソウ科.pdf,bcdcd5ac593747d6d58321d4a696ec96fb963233541af2a4666c4a1fbd1d4fb1,2026-07-12,ヒトモトススキ,Cladium jamaicense,カヤツリグサ科,CYPERACEAE,ヒトモトススキ属,Cladium,多年草,,,本州（関東地方・能登半島以西）～琉球、朝鮮半島南部・中国・インド・マレーシア・オーストラリア,主に海岸近く,,,257,日本の野生植物 第1巻,129,原PDF画像目視確認＋macOS Vision OCR補助＋手動要約,include,,原PDF画像の種見出しと本文境界を確認し、客観的事実のみ短く要約。主観・利用推奨・不確かなOCRは除外。
wildplants-v1-parser-miss-0051,volume1_legacy_parser_misses,1,日本の野生植物 1- ソテツ科～コミカンソウ科.pdf,bcdcd5ac593747d6d58321d4a696ec96fb963233541af2a4666c4a1fbd1d4fb1,2026-07-12,オオヒメクグ,Cyperus kyllingia,カヤツリグサ科,CYPERACEAE,カヤツリグサ属,Cyperus,,,,小笠原諸島・南西諸島、台湾・中国南部・インド・マレーシア・ミクロネシア・アフリカ,,,,259,日本の野生植物 第1巻,130,原PDF画像目視確認＋macOS Vision OCR補助＋手動要約,include,,原PDF画像の種見出しと本文境界を確認し、客観的事実のみ短く要約。主観・利用推奨・不確かなOCRは除外。
wildplants-v1-parser-miss-0052,volume1_legacy_parser_misses,1,日本の野生植物 1- ソテツ科～コミカンソウ科.pdf,bcdcd5ac593747d6d58321d4a696ec96fb963233541af2a4666c4a1fbd1d4fb1,2026-07-12,キンガヤツリ,Cyperus odoratus,カヤツリグサ科,CYPERACEAE,カヤツリグサ属,Cyperus,,,,千葉県・琉球、台湾・インドネシア・インドなどの熱帯域,関東以西にも帰化,,,259,日本の野生植物 第1巻,130,原PDF画像目視確認＋macOS Vision OCR補助＋手動要約,include,,原PDF画像の種見出しと本文境界を確認し、客観的事実のみ短く要約。主観・利用推奨・不確かなOCRは除外。
wildplants-v1-parser-miss-0053,volume1_legacy_parser_misses,1,日本の野生植物 1- ソテツ科～コミカンソウ科.pdf,bcdcd5ac593747d6d58321d4a696ec96fb963233541af2a4666c4a1fbd1d4fb1,2026-07-12,シマクグ,Cyperus cyperinus,カヤツリグサ科,CYPERACEAE,カヤツリグサ属,Cyperus,,,,琉球・小笠原諸島、台湾・中国・東南アジア・インド・ミクロネシア・ポリネシア,,,,260,日本の野生植物 第1巻,131,原PDF画像目視確認＋macOS Vision OCR補助＋手動要約,include,,原PDF画像の種見出しと本文境界を確認し、客観的事実のみ短く要約。主観・利用推奨・不確かなOCRは除外。 学名のOCR誤りを原本表記に基づき訂正。
wildplants-v1-parser-miss-0054,volume1_legacy_parser_misses,1,日本の野生植物 1- ソテツ科～コミカンソウ科.pdf,bcdcd5ac593747d6d58321d4a696ec96fb963233541af2a4666c4a1fbd1d4fb1,2026-07-12,ヒメガヤツリ,Cyperus tenuispica,カヤツリグサ科,CYPERACEAE,カヤツリグサ属,Cyperus,,,,本州～琉球、旧世界の暖地,,,,261,日本の野生植物 第1巻,131,原PDF画像目視確認＋macOS Vision OCR補助＋手動要約,include,,原PDF画像の種見出しと本文境界を確認し、客観的事実のみ短く要約。主観・利用推奨・不確かなOCRは除外。 学名のOCR誤りを原本表記に基づき訂正。
wildplants-v1-parser-miss-0055,volume1_legacy_parser_misses,1,日本の野生植物 1- ソテツ科～コミカンソウ科.pdf,bcdcd5ac593747d6d58321d4a696ec96fb963233541af2a4666c4a1fbd1d4fb1,2026-07-12,カガシラ,Diplacrum caricinum,カヤツリグサ科,CYPERACEAE,カガシラ属,Diplacrum,一年草,,,本州（千葉県以西）～琉球、中国南部・台湾・東南アジア・インド・スリランカ・オーストラリア,湿地,,,262,日本の野生植物 第1巻,132,原PDF画像目視確認＋macOS Vision OCR補助＋手動要約,include,,原PDF画像の種見出しと本文境界を確認し、客観的事実のみ短く要約。主観・利用推奨・不確かなOCRは除外。 学名のOCR誤りを原本表記に基づき訂正。
wildplants-v1-parser-miss-0056,volume1_legacy_parser_misses,1,日本の野生植物 1- ソテツ科～コミカンソウ科.pdf,bcdcd5ac593747d6d58321d4a696ec96fb963233541af2a4666c4a1fbd1d4fb1,2026-07-12,ワタスゲ,Eriophorum vaginatum,カヤツリグサ科,CYPERACEAE,ワタスゲ属,Eriophorum,多年草,,,北海道・本州中部以北、朝鮮半島・ユーラシア・北アメリカ,ミズゴケ湿原,,,264,日本の野生植物 第1巻,133,原PDF画像目視確認＋macOS Vision OCR補助＋手動要約,include,,原PDF画像の種見出しと本文境界を確認し、客観的事実のみ短く要約。主観・利用推奨・不確かなOCRは除外。
wildplants-v1-parser-miss-0057,volume1_legacy_parser_misses,1,日本の野生植物 1- ソテツ科～コミカンソウ科.pdf,bcdcd5ac593747d6d58321d4a696ec96fb963233541af2a4666c4a1fbd1d4fb1,2026-07-12,イソテンツキ,Fimbristylis pacifica,カヤツリグサ科,CYPERACEAE,テンツキ属,Fimbristylis,多年草,,,伊豆諸島・四国・九州・琉球,海岸または海岸近くの湿地,,,267,日本の野生植物 第1巻,134,原PDF画像目視確認＋macOS Vision OCR補助＋手動要約,include,,原PDF画像の種見出しと本文境界を確認し、客観的事実のみ短く要約。主観・利用推奨・不確かなOCRは除外。 学名のOCR誤りを原本表記に基づき訂正。「全体に繊細」は再現可能な識別形質でないため比較欄へ収録しない。
wildplants-v1-parser-miss-0058,volume1_legacy_parser_misses,1,日本の野生植物 1- ソテツ科～コミカンソウ科.pdf,bcdcd5ac593747d6d58321d4a696ec96fb963233541af2a4666c4a1fbd1d4fb1,2026-07-12,ノテンツキ,Fimbristylis complanata,カヤツリグサ科,CYPERACEAE,テンツキ属,Fimbristylis,多年草,20～80 cm,,本州～琉球、朝鮮半島・中国・台湾・インド・インドネシア,平地または山地の湿地,,,267,日本の野生植物 第1巻,134,原PDF画像目視確認＋macOS Vision OCR補助＋手動要約,include,,原PDF画像の種見出しと本文境界を確認し、客観的事実のみ短く要約。主観・利用推奨・不確かなOCRは除外。
wildplants-v1-parser-miss-0059,volume1_legacy_parser_misses,1,日本の野生植物 1- ソテツ科～コミカンソウ科.pdf,bcdcd5ac593747d6d58321d4a696ec96fb963233541af2a4666c4a1fbd1d4fb1,2026-07-12,ヒメヒラテンツキ,Fimbristylis autumnalis,カヤツリグサ科,CYPERACEAE,テンツキ属,Fimbristylis,一年草,,,北海道～琉球、朝鮮半島・中国・北アメリカ,平地の湿地,,,267,日本の野生植物 第1巻,134,原PDF画像目視確認＋macOS Vision OCR補助＋手動要約,include,,原PDF画像の種見出しと本文境界を確認し、客観的事実のみ短く要約。主観・利用推奨・不確かなOCRは除外。
wildplants-v1-parser-miss-0060,volume1_legacy_parser_misses,1,日本の野生植物 1- ソテツ科～コミカンソウ科.pdf,bcdcd5ac593747d6d58321d4a696ec96fb963233541af2a4666c4a1fbd1d4fb1,2026-07-12,ネビキグサ,Machaerina rubiginosa,カヤツリグサ科,CYPERACEAE,ネビキグサ属,Machaerina,多年草,,,,湿地,,,270,日本の野生植物 第1巻,136,原PDF画像目視確認＋macOS Vision OCR補助＋手動要約,include,,原PDF画像の種見出しと本文境界を確認し、客観的事実のみ短く要約。主観・利用推奨・不確かなOCRは除外。
wildplants-v1-parser-miss-0061,volume1_legacy_parser_misses,1,日本の野生植物 1- ソテツ科～コミカンソウ科.pdf,bcdcd5ac593747d6d58321d4a696ec96fb963233541af2a4666c4a1fbd1d4fb1,2026-07-12,ヤエヤマアブラスゲ,Rhynchospora corymbosa,カヤツリグサ科,CYPERACEAE,イヌノハナヒゲ属,Rhynchospora,多年草,,,琉球、中国・台湾・インド・スリランカ・東南アジア・オーストラリア・南アメリカ・アフリカ,,,,271,日本の野生植物 第1巻,136,原PDF画像目視確認＋macOS Vision OCR補助＋手動要約,include,,原PDF画像の種見出しと本文境界を確認し、客観的事実のみ短く要約。主観・利用推奨・不確かなOCRは除外。 学名のOCR誤りを原本表記に基づき訂正。
wildplants-v1-parser-miss-0062,volume1_legacy_parser_misses,1,日本の野生植物 1- ソテツ科～コミカンソウ科.pdf,bcdcd5ac593747d6d58321d4a696ec96fb963233541af2a4666c4a1fbd1d4fb1,2026-07-12,サンカクイ,Schoenoplectus triqueter,カヤツリグサ科,CYPERACEAE,ホタルイ属,Schoenoplectus,多年草,,,朝鮮半島・中国・ロシア極東,池や川岸などの湿地,,,273,日本の野生植物 第1巻,137,原PDF画像目視確認＋macOS Vision OCR補助＋手動要約,include,,原PDF画像の種見出しと本文境界を確認し、客観的事実のみ短く要約。主観・利用推奨・不確かなOCRは除外。 学名のOCR誤りを原本表記に基づき訂正。
wildplants-v1-parser-miss-0063,volume1_legacy_parser_misses,1,日本の野生植物 1- ソテツ科～コミカンソウ科.pdf,bcdcd5ac593747d6d58321d4a696ec96fb963233541af2a4666c4a1fbd1d4fb1,2026-07-12,アブラガヤ,Scirpus wichurae,カヤツリグサ科,CYPERACEAE,アブラガヤ属,Scirpus,多年草,70～150 cm,,北海道～九州、千島・中国,平地や山地の湿地,,,275,日本の野生植物 第1巻,138,原PDF画像目視確認＋macOS Vision OCR補助＋手動要約,include,,原PDF画像の種見出しと本文境界を確認し、客観的事実のみ短く要約。主観・利用推奨・不確かなOCRは除外。 学名のOCR誤りを原本表記に基づき訂正。
wildplants-v1-parser-miss-0064,volume1_legacy_parser_misses,1,日本の野生植物 1- ソテツ科～コミカンソウ科.pdf,bcdcd5ac593747d6d58321d4a696ec96fb963233541af2a4666c4a1fbd1d4fb1,2026-07-12,クロアブラガヤ,Scirpus sylvaticus var. maximowiczii,カヤツリグサ科,CYPERACEAE,アブラガヤ属,Scirpus,多年草,80～120 cm,,北海道・本州中部以北、東シベリア・ロシア極東・樺太・モンゴル・中国・朝鮮半島,川岸や池畔の湿地,,,275,日本の野生植物 第1巻,138,原PDF画像目視確認＋macOS Vision OCR補助＋手動要約,include,クロアプラガヤ,原PDF画像の種見出しと本文境界を確認し、客観的事実のみ短く要約。主観・利用推奨・不確かなOCRは除外。 候補名「クロアプラガヤ」を「クロアブラガヤ」に訂正、remove_source_plant_name=クロアプラガヤ、学名のOCR誤りを原本表記に基づき訂正。
wildplants-v1-parser-miss-0065,volume1_legacy_parser_misses,1,日本の野生植物 1- ソテツ科～コミカンソウ科.pdf,bcdcd5ac593747d6d58321d4a696ec96fb963233541af2a4666c4a1fbd1d4fb1,2026-07-12,タカネクロスゲ,Scirpus maximowiczii,カヤツリグサ科,CYPERACEAE,アブラガヤ属,Scirpus,多年草,15～40 cm,,北海道・本州中部以北、樺太・千島・東シベリア・ロシア極東・中国東北部・朝鮮半島,高山の湿った草地,,,275,日本の野生植物 第1巻,138,原PDF画像目視確認＋macOS Vision OCR補助＋手動要約,include,,原PDF画像の種見出しと本文境界を確認し、客観的事実のみ短く要約。主観・利用推奨・不確かなOCRは除外。 学名のOCR誤りを原本表記に基づき訂正。
wildplants-v1-parser-miss-0066,volume1_legacy_parser_misses,1,日本の野生植物 1- ソテツ科～コミカンソウ科.pdf,bcdcd5ac593747d6d58321d4a696ec96fb963233541af2a4666c4a1fbd1d4fb1,2026-07-12,ホウライチク,Bambusa multiplex,イネ科,POACEAE,ホウライチク属,Bambusa,,3～8 m,,,,,,287,日本の野生植物 第1巻,144,原PDF画像目視確認＋macOS Vision OCR補助＋手動要約,include,,原PDF画像の種見出しと本文境界を確認し、客観的事実のみ短く要約。主観・利用推奨・不確かなOCRは除外。
wildplants-v1-parser-miss-0067,volume1_legacy_parser_misses,1,日本の野生植物 1- ソテツ科～コミカンソウ科.pdf,bcdcd5ac593747d6d58321d4a696ec96fb963233541af2a4666c4a1fbd1d4fb1,2026-07-12,スズタケ,Sasa borealis,イネ科,POACEAE,ササ属,Sasa,,1～3 m,,北海道・本州（太平洋側山地）・四国・九州・朝鮮半島,主に太平洋側の山地,ケスズ,ケスズは葉裏に軟毛を密生する,291,日本の野生植物 第1巻,146,原PDF画像目視確認＋macOS Vision OCR補助＋手動要約,include,,原PDF画像の種見出しと本文境界を確認し、客観的事実のみ短く要約。主観・利用推奨・不確かなOCRは除外。
wildplants-v1-parser-miss-0068,volume1_legacy_parser_misses,1,日本の野生植物 1- ソテツ科～コミカンソウ科.pdf,bcdcd5ac593747d6d58321d4a696ec96fb963233541af2a4666c4a1fbd1d4fb1,2026-07-12,チャボウシノシッペイ,Eremochloa ophiuroides,イネ科,POACEAE,チャボウシノシッペイ属,Eremochloa,多年草,15～30 cm,,,湿った林下や草地,,,333,日本の野生植物 第1巻,167,原PDF画像目視確認＋macOS Vision OCR補助＋手動要約,include,,原PDF画像の種見出しと本文境界を確認し、客観的事実のみ短く要約。主観・利用推奨・不確かなOCRは除外。
wildplants-v1-parser-miss-0069,volume1_legacy_parser_misses,1,日本の野生植物 1- ソテツ科～コミカンソウ科.pdf,bcdcd5ac593747d6d58321d4a696ec96fb963233541af2a4666c4a1fbd1d4fb1,2026-07-12,フサザクラ,Euptelea polyandra,フサザクラ科,EUPTELEACEAE,フサザクラ属,Euptelea,落葉高木,,,本州・四国・九州,谷筋や崩壊地,,,349,日本の野生植物 第1巻,175,原PDF画像目視確認＋macOS Vision OCR補助＋手動要約,include,,原PDF画像の種見出しと本文境界を確認し、客観的事実のみ短く要約。主観・利用推奨・不確かなOCRは除外。
wildplants-v1-parser-miss-0070,volume1_legacy_parser_misses,1,日本の野生植物 1- ソテツ科～コミカンソウ科.pdf,bcdcd5ac593747d6d58321d4a696ec96fb963233541af2a4666c4a1fbd1d4fb1,2026-07-12,ヤマエンゴサク,Corydalis lineariloba,ケシ科,PAPAVERACEAE,キケマン属,Corydalis,多年草,10～20 cm,,本州・四国・九州、朝鮮半島・中国東北部,林地・草地・沢沿い,,,351,日本の野生植物 第1巻,176,原PDF画像目視確認＋macOS Vision OCR補助＋手動要約,include,,原PDF画像の種見出しと本文境界を確認し、客観的事実のみ短く要約。主観・利用推奨・不確かなOCRは除外。
wildplants-v1-parser-miss-0071,volume1_legacy_parser_misses,1,日本の野生植物 1- ソテツ科～コミカンソウ科.pdf,bcdcd5ac593747d6d58321d4a696ec96fb963233541af2a4666c4a1fbd1d4fb1,2026-07-12,ムベ,Stauntonia hexaphylla,アケビ科,LARDIZABALACEAE,ムベ属,Stauntonia,常緑つる性木本,,,本州（福島県・山形県以西）・四国・九州・琉球、朝鮮半島南部,暖帯から亜熱帯の常緑樹林縁,,,355,日本の野生植物 第1巻,178,原PDF画像目視確認＋macOS Vision OCR補助＋手動要約,include,,原PDF画像の種見出しと本文境界を確認し、客観的事実のみ短く要約。主観・利用推奨・不確かなOCRは除外。
wildplants-v1-parser-miss-0072,volume1_legacy_parser_misses,1,日本の野生植物 1- ソテツ科～コミカンソウ科.pdf,bcdcd5ac593747d6d58321d4a696ec96fb963233541af2a4666c4a1fbd1d4fb1,2026-07-12,オオバメギ,Berberis tschonoskyana,メギ科,BERBERIDACEAE,メギ属,Berberis,落葉低木,約2 m,,,,,,359,日本の野生植物 第1巻,180,原PDF画像目視確認＋macOS Vision OCR補助＋手動要約,include,,原PDF画像の種見出しと本文境界を確認し、客観的事実のみ短く要約。主観・利用推奨・不確かなOCRは除外。
wildplants-v1-parser-miss-0073,volume1_legacy_parser_misses,1,日本の野生植物 1- ソテツ科～コミカンソウ科.pdf,bcdcd5ac593747d6d58321d4a696ec96fb963233541af2a4666c4a1fbd1d4fb1,2026-07-12,エゾレイジンソウ,Aconitum gigas,キンポウゲ科,RANUNCULACEAE,トリカブト属,Aconitum,多年草,50～120 cm,7～8月,北海道（ニセコ地方から余市山地、道東・道北）,温帯～亜寒帯の林縁や林間草地,,,366,日本の野生植物 第1巻,184,原PDF画像目視確認＋macOS Vision OCR補助＋手動要約,include,,原PDF画像の種見出しと本文境界を確認し、客観的事実のみ短く要約。主観・利用推奨・不確かなOCRは除外。
wildplants-v1-parser-miss-0074,volume1_legacy_parser_misses,1,日本の野生植物 1- ソテツ科～コミカンソウ科.pdf,bcdcd5ac593747d6d58321d4a696ec96fb963233541af2a4666c4a1fbd1d4fb1,2026-07-12,コウライブシ,Aconitum jaluense subsp. jaluense,キンポウゲ科,RANUNCULACEAE,トリカブト属,Aconitum,擬似一年草,50～150 cm,8～11月,朝鮮半島・中国東北部・ロシア沿海地方,暖温帯の林内や林縁,,,367,日本の野生植物 第1巻,184,原PDF画像目視確認＋macOS Vision OCR補助＋手動要約,include,コウライプシ,原PDF画像の種見出しと本文境界を確認し、客観的事実のみ短く要約。主観・利用推奨・不確かなOCRは除外。 候補名「コウライプシ」を「コウライブシ」に訂正、remove_source_plant_name=コウライプシ、学名のOCR誤りを原本表記に基づき訂正。
wildplants-v1-parser-miss-0075,volume1_legacy_parser_misses,1,日本の野生植物 1- ソテツ科～コミカンソウ科.pdf,bcdcd5ac593747d6d58321d4a696ec96fb963233541af2a4666c4a1fbd1d4fb1,2026-07-12,シコタントリカブト,Aconitum maximum subsp. kurilense,キンポウゲ科,RANUNCULACEAE,トリカブト属,Aconitum,擬似一年草,70～200 cm,8～9月,北海道（知床半島）・歯舞群島・色丹島,海岸草原,,,367,日本の野生植物 第1巻,184,原PDF画像目視確認＋macOS Vision OCR補助＋手動要約,include,,原PDF画像の種見出しと本文境界を確認し、客観的事実のみ短く要約。主観・利用推奨・不確かなOCRは除外。 学名のOCR誤りを原本表記に基づき訂正。
wildplants-v1-parser-miss-0076,volume1_legacy_parser_misses,1,日本の野生植物 1- ソテツ科～コミカンソウ科.pdf,bcdcd5ac593747d6d58321d4a696ec96fb963233541af2a4666c4a1fbd1d4fb1,2026-07-12,エゾイチゲ,Anemone soyensis,キンポウゲ科,RANUNCULACEAE,イチリンソウ属,Anemone,多年草,12～20 cm,4～6月,北海道・樺太,温帯～亜寒帯の林内,,,372,日本の野生植物 第1巻,187,原PDF画像目視確認＋macOS Vision OCR補助＋手動要約,include,,原PDF画像の種見出しと本文境界を確認し、客観的事実のみ短く要約。主観・利用推奨・不確かなOCRは除外。
wildplants-v1-parser-miss-0077,volume1_legacy_parser_misses,1,日本の野生植物 1- ソテツ科～コミカンソウ科.pdf,bcdcd5ac593747d6d58321d4a696ec96fb963233541af2a4666c4a1fbd1d4fb1,2026-07-12,アズマシロカネソウ,Dichocarpum nipponicum,キンポウゲ科,RANUNCULACEAE,シロカネソウ属,Dichocarpum,多年草,10～30 cm,4～6月,本州（秋田県・岩手県から鳥取県・岡山県、日本海側に偏る）,温帯林の林床,,,381,日本の野生植物 第1巻,191,原PDF画像目視確認＋macOS Vision OCR補助＋手動要約,include,,原PDF画像の種見出しと本文境界を確認し、客観的事実のみ短く要約。主観・利用推奨・不確かなOCRは除外。 学名のOCR誤りを原本表記に基づき訂正。
wildplants-v1-parser-miss-0078,volume1_legacy_parser_misses,1,日本の野生植物 1- ソテツ科～コミカンソウ科.pdf,bcdcd5ac593747d6d58321d4a696ec96fb963233541af2a4666c4a1fbd1d4fb1,2026-07-12,チチブシロカネソウ,Enemion raddeanum,キンポウゲ科,RANUNCULACEAE,チチブシロカネソウ属,Enemion,多年草,20～35 cm,5～6月,本州（岩手県・群馬県・長野県）、朝鮮半島・中国東北部・ロシア沿海地方,温帯～亜寒帯の夏緑林内。日本では石灰岩地や超塩基性岩地に多い,,,381,日本の野生植物 第1巻,191,原PDF画像目視確認＋macOS Vision OCR補助＋手動要約,include,チチプシロカネソウ,原PDF画像の種見出しと本文境界を確認し、客観的事実のみ短く要約。主観・利用推奨・不確かなOCRは除外。 候補名「チチプシロカネソウ」を「チチブシロカネソウ」に訂正、remove_source_plant_name=チチプシロカネソウ、学名のOCR誤りを原本表記に基づき訂正。
wildplants-v1-parser-miss-0079,volume1_legacy_parser_misses,1,日本の野生植物 1- ソテツ科～コミカンソウ科.pdf,bcdcd5ac593747d6d58321d4a696ec96fb963233541af2a4666c4a1fbd1d4fb1,2026-07-12,ヒメキンポウゲ,Halerpestes kawakamii,キンポウゲ科,RANUNCULACEAE,ヒメキンポウゲ属,Halerpestes,多年草,3～10 cm,6～10月,本州（千葉県～青森県、秋田県南部）,砂浜海岸の湿地,,,382,日本の野生植物 第1巻,192,原PDF画像目視確認＋macOS Vision OCR補助＋手動要約,include,ヒメキンボウゲ,原PDF画像の種見出しと本文境界を確認し、客観的事実のみ短く要約。主観・利用推奨・不確かなOCRは除外。 候補名「ヒメキンボウゲ」を「ヒメキンポウゲ」に訂正、remove_source_plant_name=ヒメキンボウゲ。
wildplants-v1-parser-miss-0080,volume1_legacy_parser_misses,1,日本の野生植物 1- ソテツ科～コミカンソウ科.pdf,bcdcd5ac593747d6d58321d4a696ec96fb963233541af2a4666c4a1fbd1d4fb1,2026-07-12,ウマノアシガタ,Ranunculus japonicus var. japonicus,キンポウゲ科,RANUNCULACEAE,キンポウゲ属,Ranunculus,多年草,30～120 cm,3～6月,北海道南部・本州・四国・九州・沖縄、朝鮮半島・中国・ロシア極東・モンゴル,日当たりのよい草原,,,386,日本の野生植物 第1巻,194,原PDF画像目視確認＋macOS Vision OCR補助＋手動要約,include,,原PDF画像の種見出しと本文境界を確認し、客観的事実のみ短く要約。主観・利用推奨・不確かなOCRは除外。 学名のOCR誤りを原本表記に基づき訂正。
wildplants-v1-parser-miss-0081,volume1_legacy_parser_misses,1,日本の野生植物 1- ソテツ科～コミカンソウ科.pdf,bcdcd5ac593747d6d58321d4a696ec96fb963233541af2a4666c4a1fbd1d4fb1,2026-07-12,ナガバカラマツ,Thalictrum integrilobum,キンポウゲ科,RANUNCULACEAE,カラマツソウ属,Thalictrum,多年草,27～40 cm,6月,北海道（日高・胆振地方）,岩地,,,389,日本の野生植物 第1巻,195,原PDF画像目視確認＋macOS Vision OCR補助＋手動要約,include,,原PDF画像の種見出しと本文境界を確認し、客観的事実のみ短く要約。主観・利用推奨・不確かなOCRは除外。
wildplants-v1-parser-miss-0082,volume1_legacy_parser_misses,1,日本の野生植物 1- ソテツ科～コミカンソウ科.pdf,bcdcd5ac593747d6d58321d4a696ec96fb963233541af2a4666c4a1fbd1d4fb1,2026-07-12,ハルカラマツ,Thalictrum baicalense,キンポウゲ科,RANUNCULACEAE,カラマツソウ属,Thalictrum,多年草,50～100 cm,6～7月,北海道・本州（福島県・栃木県・群馬県・埼玉県）,山地の湿った草地や林縁,,,389,日本の野生植物 第1巻,195,原PDF画像目視確認＋macOS Vision OCR補助＋手動要約,include,,原PDF画像の種見出しと本文境界を確認し、客観的事実のみ短く要約。主観・利用推奨・不確かなOCRは除外。
wildplants-v1-parser-miss-0083,volume1_legacy_parser_misses,1,日本の野生植物 1- ソテツ科～コミカンソウ科.pdf,bcdcd5ac593747d6d58321d4a696ec96fb963233541af2a4666c4a1fbd1d4fb1,2026-07-12,チャボカラマツ,Thalictrum foetidum var. glabrescens,キンポウゲ科,RANUNCULACEAE,カラマツソウ属,Thalictrum,多年草,10～50 cm,5～6月,北海道道央・本州（岩手県）,温帯～亜寒帯の岩礫地,,,390,日本の野生植物 第1巻,196,原PDF画像目視確認＋macOS Vision OCR補助＋手動要約,include,,原PDF画像の種見出しと本文境界を確認し、客観的事実のみ短く要約。主観・利用推奨・不確かなOCRは除外。 学名のOCR誤りを原本表記に基づき訂正。
wildplants-v1-parser-miss-0084,volume1_legacy_parser_misses,1,日本の野生植物 1- ソテツ科～コミカンソウ科.pdf,bcdcd5ac593747d6d58321d4a696ec96fb963233541af2a4666c4a1fbd1d4fb1,2026-07-12,ヒダカキンバイソウ,Trollius citrinus,キンポウゲ科,RANUNCULACEAE,キンバイソウ属,Trollius,多年草,,6～8月,北海道・日高山脈,高山帯の中性草原,,,392,日本の野生植物 第1巻,197,原PDF画像目視確認＋macOS Vision OCR補助＋手動要約,include,,原PDF画像の種見出しと本文境界を確認し、客観的事実のみ短く要約。主観・利用推奨・不確かなOCRは除外。
wildplants-v1-parser-miss-0085,volume1_legacy_parser_misses,1,日本の野生植物 1- ソテツ科～コミカンソウ科.pdf,bcdcd5ac593747d6d58321d4a696ec96fb963233541af2a4666c4a1fbd1d4fb1,2026-07-12,フシノハアワブキ,Meliosma arnottiana subsp. oldhamii var. oldhamii,アワブキ科,SABIACEAE,アワブキ属,Meliosma,落葉または半常緑高木,,,本州（山口県）・九州・奄美群島・琉球、朝鮮半島・台湾・中国中南部,,,,393,日本の野生植物 第1巻,197,原PDF画像目視確認＋macOS Vision OCR補助＋手動要約,include,,原PDF画像の種見出しと本文境界を確認し、客観的事実のみ短く要約。主観・利用推奨・不確かなOCRは除外。 学名のOCR誤りを原本表記に基づき訂正、冊子ページを393に訂正。
wildplants-v1-parser-miss-0086,volume1_legacy_parser_misses,1,日本の野生植物 1- ソテツ科～コミカンソウ科.pdf,bcdcd5ac593747d6d58321d4a696ec96fb963233541af2a4666c4a1fbd1d4fb1,2026-07-12,ボタンキンバイソウ,Trollius altaicus subsp. pulcher,キンポウゲ科,RANUNCULACEAE,キンバイソウ属,Trollius,多年草,,6～7月,北海道（利尻島）,標高1000 m以上の高山帯中性草原,,,392,日本の野生植物 第1巻,197,原PDF画像目視確認＋macOS Vision OCR補助＋手動要約,include,,原PDF画像の種見出しと本文境界を確認し、客観的事実のみ短く要約。主観・利用推奨・不確かなOCRは除外。 学名のOCR誤りを原本表記に基づき訂正。
wildplants-v1-parser-miss-0087,volume1_legacy_parser_misses,1,日本の野生植物 1- ソテツ科～コミカンソウ科.pdf,bcdcd5ac593747d6d58321d4a696ec96fb963233541af2a4666c4a1fbd1d4fb1,2026-07-12,コウヤミズキ,Corylopsis gotoana,マンサク科,HAMAMELIDACEAE,トサミズキ属,Corylopsis,落葉低木,,,本州（長野県東南部・愛知県以西）・四国・九州・朝鮮半島,,,,401,日本の野生植物 第1巻,201,原PDF画像目視確認＋macOS Vision OCR補助＋手動要約,include,,原PDF画像の種見出しと本文境界を確認し、客観的事実のみ短く要約。主観・利用推奨・不確かなOCRは除外。
wildplants-v1-parser-miss-0088,volume1_legacy_parser_misses,1,日本の野生植物 1- ソテツ科～コミカンソウ科.pdf,bcdcd5ac593747d6d58321d4a696ec96fb963233541af2a4666c4a1fbd1d4fb1,2026-07-12,マルバノキ,Disanthus cercidifolius var. cercidifolius,マンサク科,HAMAMELIDACEAE,マルバノキ属,Disanthus,落葉低木,,10～11月,本州中部地方以西・四国,日当たりのよい岩地,,,401,日本の野生植物 第1巻,201,原PDF画像目視確認＋macOS Vision OCR補助＋手動要約,include,,原PDF画像の種見出しと本文境界を確認し、客観的事実のみ短く要約。主観・利用推奨・不確かなOCRは除外。 学名のOCR誤りを原本表記に基づき訂正。
wildplants-v1-parser-miss-0089,volume1_legacy_parser_misses,1,日本の野生植物 1- ソテツ科～コミカンソウ科.pdf,bcdcd5ac593747d6d58321d4a696ec96fb963233541af2a4666c4a1fbd1d4fb1,2026-07-12,イスノキ,Distylium racemosum,マンサク科,HAMAMELIDACEAE,イスノキ属,Distylium,常緑高木,,,本州（関東地方以西）・四国・九州・沖縄、済州島・台湾・中国,常緑樹林内,,,402,日本の野生植物 第1巻,202,原PDF画像目視確認＋macOS Vision OCR補助＋手動要約,include,,原PDF画像の種見出しと本文境界を確認し、客観的事実のみ短く要約。主観・利用推奨・不確かなOCRは除外。 学名のOCR誤りを原本表記に基づき訂正。
wildplants-v1-parser-miss-0090,volume1_legacy_parser_misses,1,日本の野生植物 1- ソテツ科～コミカンソウ科.pdf,bcdcd5ac593747d6d58321d4a696ec96fb963233541af2a4666c4a1fbd1d4fb1,2026-07-12,ズイナ,Itea japonica,ズイナ科,ITEACEAE,ズイナ属,Itea,落葉低木,,,本州（近畿地方南部）・四国・九州の日本固有種,林縁や沢沿い,,,405,日本の野生植物 第1巻,203,原PDF画像目視確認＋macOS Vision OCR補助＋手動要約,include,,原PDF画像の種見出しと本文境界を確認し、客観的事実のみ短く要約。主観・利用推奨・不確かなOCRは除外。 学名のOCR誤りを原本表記に基づき訂正。
wildplants-v1-parser-miss-0091,volume1_legacy_parser_misses,1,日本の野生植物 1- ソテツ科～コミカンソウ科.pdf,bcdcd5ac593747d6d58321d4a696ec96fb963233541af2a4666c4a1fbd1d4fb1,2026-07-12,ヒメユズリハ,Daphniphyllum teijsmannii,ユズリハ科,DAPHNIPHYLLACEAE,ユズリハ属,Daphniphyllum,常緑高木,,,本州（福島県以西）・四国・九州・琉球、台湾,暖温帯～亜熱帯,,,404,日本の野生植物 第1巻,203,原PDF画像目視確認＋macOS Vision OCR補助＋手動要約,include,,原PDF画像の種見出しと本文境界を確認し、客観的事実のみ短く要約。主観・利用推奨・不確かなOCRは除外。
wildplants-v1-parser-miss-0092,volume1_legacy_parser_misses,1,日本の野生植物 1- ソテツ科～コミカンソウ科.pdf,bcdcd5ac593747d6d58321d4a696ec96fb963233541af2a4666c4a1fbd1d4fb1,2026-07-12,トカチスグリ,Ribes triste,スグリ科,GROSSULARIACEAE,スグリ属,Ribes,落葉低木,,,北海道・本州（岩手県・秋田県・山梨県）、朝鮮半島・樺太・東シベリア～北アメリカ,山地の森林内、渓流沿いの岩上や岩礫地,,,407,日本の野生植物 第1巻,204,原PDF画像目視確認＋macOS Vision OCR補助＋手動要約,include,,原PDF画像の種見出しと本文境界を確認し、客観的事実のみ短く要約。主観・利用推奨・不確かなOCRは除外。
wildplants-v1-parser-miss-0093,volume1_legacy_parser_misses,1,日本の野生植物 1- ソテツ科～コミカンソウ科.pdf,bcdcd5ac593747d6d58321d4a696ec96fb963233541af2a4666c4a1fbd1d4fb1,2026-07-12,カラフトミセバヤ,Hylotelephium pluricaule,ベンケイソウ科,CRASSULACEAE,ムラサキベンケイソウ属,Hylotelephium,多年草,,8～9月,,岩上,,,422,日本の野生植物 第1巻,212,原PDF画像目視確認＋macOS Vision OCR補助＋手動要約,include,,原PDF画像の種見出しと本文境界を確認し、客観的事実のみ短く要約。主観・利用推奨・不確かなOCRは除外。 学名のOCR誤りを原本表記に基づき訂正。
wildplants-v1-parser-miss-0094,volume1_legacy_parser_misses,1,日本の野生植物 1- ソテツ科～コミカンソウ科.pdf,bcdcd5ac593747d6d58321d4a696ec96fb963233541af2a4666c4a1fbd1d4fb1,2026-07-12,イワベンケイ,Rhodiola rosea,ベンケイソウ科,CRASSULACEAE,イワベンケイ属,Rhodiola,多年草,10～30 cm,7～8月,南千島・北海道・本州中部以北、ユーラシア・北アメリカ東部,高山の岩礫地,,,425,日本の野生植物 第1巻,213,原PDF画像目視確認＋macOS Vision OCR補助＋手動要約,include,,原PDF画像の種見出しと本文境界を確認し、客観的事実のみ短く要約。主観・利用推奨・不確かなOCRは除外。
wildplants-v1-parser-miss-0095,volume1_legacy_parser_misses,1,日本の野生植物 1- ソテツ科～コミカンソウ科.pdf,bcdcd5ac593747d6d58321d4a696ec96fb963233541af2a4666c4a1fbd1d4fb1,2026-07-12,ウンゼンマンネングサ,Sedum polytrichoides subsp. polytrichoides,ベンケイソウ科,CRASSULACEAE,マンネングサ属,Sedum,多年草,茎5～8 cm,6～7月,九州北部、朝鮮半島・中国,山地の岩上,,,428,日本の野生植物 第1巻,215,原PDF画像目視確認＋macOS Vision OCR補助＋手動要約,include,,原PDF画像の種見出しと本文境界を確認し、客観的事実のみ短く要約。主観・利用推奨・不確かなOCRは除外。 学名のOCR誤りを原本表記に基づき訂正。
wildplants-v1-parser-miss-0096,volume1_legacy_parser_misses,1,日本の野生植物 1- ソテツ科～コミカンソウ科.pdf,bcdcd5ac593747d6d58321d4a696ec96fb963233541af2a4666c4a1fbd1d4fb1,2026-07-12,ナナツガママンネングサ,Sedum drymarioides,ベンケイソウ科,CRASSULACEAE,マンネングサ属,Sedum,一年草または越年草,,5～8月,中国。日本では限られた地域に生育,石灰岩上,,,428,日本の野生植物 第1巻,215,原PDF画像目視確認＋macOS Vision OCR補助＋手動要約,include,,原PDF画像の種見出しと本文境界を確認し、客観的事実のみ短く要約。主観・利用推奨・不確かなOCRは除外。
wildplants-v1-parser-miss-0097,volume1_legacy_parser_misses,1,日本の野生植物 1- ソテツ科～コミカンソウ科.pdf,bcdcd5ac593747d6d58321d4a696ec96fb963233541af2a4666c4a1fbd1d4fb1,2026-07-12,フサモ,Myriophyllum verticillatum,アリノトウグサ科,HALORAGACEAE,フサモ属,Myriophyllum,多年草,,6～9月,北海道～九州、ヨーロッパ・北アフリカ・アジア・北アメリカの温帯,,,,431,日本の野生植物 第1巻,216,原PDF画像目視確認＋macOS Vision OCR補助＋手動要約,include,,原PDF画像の種見出しと本文境界を確認し、客観的事実のみ短く要約。主観・利用推奨・不確かなOCRは除外。 学名のOCR誤りを原本表記に基づき訂正。
wildplants-v1-parser-miss-0098,volume1_legacy_parser_misses,1,日本の野生植物 1- ソテツ科～コミカンソウ科.pdf,bcdcd5ac593747d6d58321d4a696ec96fb963233541af2a4666c4a1fbd1d4fb1,2026-07-12,ホザキノフサモ,Myriophyllum spicatum,アリノトウグサ科,HALORAGACEAE,フサモ属,Myriophyllum,多年草,,5～10月,南千島・北海道～琉球、北半球の温帯～亜熱帯,池沼,,,431,日本の野生植物 第1巻,216,原PDF画像目視確認＋macOS Vision OCR補助＋手動要約,include,,原PDF画像の種見出しと本文境界を確認し、客観的事実のみ短く要約。主観・利用推奨・不確かなOCRは除外。
wildplants-v1-parser-miss-0099,volume1_legacy_parser_misses,1,日本の野生植物 1- ソテツ科～コミカンソウ科.pdf,bcdcd5ac593747d6d58321d4a696ec96fb963233541af2a4666c4a1fbd1d4fb1,2026-07-12,アマヅル,Vitis saccharifera,ブドウ科,VITACEAE,ブドウ属,Vitis,つる性木本,,,本州（東海地方以西）・四国・九州,,,,435,日本の野生植物 第1巻,218,原PDF画像目視確認＋macOS Vision OCR補助＋手動要約,include,,原PDF画像の種見出しと本文境界を確認し、客観的事実のみ短く要約。主観・利用推奨・不確かなOCRは除外。 学名のOCR誤りを原本表記に基づき訂正、冊子ページを435に訂正。
wildplants-v1-parser-miss-0100,volume1_legacy_parser_misses,1,日本の野生植物 1- ソテツ科～コミカンソウ科.pdf,bcdcd5ac593747d6d58321d4a696ec96fb963233541af2a4666c4a1fbd1d4fb1,2026-07-12,ギンゴウカン,Leucaena leucocephala,マメ科,FABACEAE,ギンゴウカン属,Leucaena,低木または小高木,,周年,琉球・小笠原諸島に見られる型はハワイ型,,,,443,日本の野生植物 第1巻,222,原PDF画像目視確認＋macOS Vision OCR補助＋手動要約,include,,原PDF画像の種見出しと本文境界を確認し、客観的事実のみ短く要約。主観・利用推奨・不確かなOCRは除外。
wildplants-v1-parser-miss-0101,volume1_legacy_parser_misses,1,日本の野生植物 1- ソテツ科～コミカンソウ科.pdf,bcdcd5ac593747d6d58321d4a696ec96fb963233541af2a4666c4a1fbd1d4fb1,2026-07-12,ネムノキ,Albizia julibrissin,マメ科,FABACEAE,ネムノキ属,Albizia,落葉高木,最大10 m,,本州・四国・九州・琉球、台湾・中国・朝鮮半島・東南アジア,,,,442,日本の野生植物 第1巻,222,原PDF画像目視確認＋macOS Vision OCR補助＋手動要約,include,,原PDF画像の種見出しと本文境界を確認し、客観的事実のみ短く要約。主観・利用推奨・不確かなOCRは除外。 学名のOCR誤りを原本表記に基づき訂正。
wildplants-v1-parser-miss-0102,volume1_legacy_parser_misses,1,日本の野生植物 1- ソテツ科～コミカンソウ科.pdf,bcdcd5ac593747d6d58321d4a696ec96fb963233541af2a4666c4a1fbd1d4fb1,2026-07-12,タシロマメ,Intsia bijuga,マメ科,FABACEAE,タシロマメ属,Intsia,常緑高木,,,琉球（石垣島・西表島）、台湾・中国南部・東南アジア・インド・ポリネシア・オーストラリア・マダガスカル,,,,446,日本の野生植物 第1巻,224,原PDF画像目視確認＋macOS Vision OCR補助＋手動要約,include,,原PDF画像の種見出しと本文境界を確認し、客観的事実のみ短く要約。主観・利用推奨・不確かなOCRは除外。
wildplants-v1-parser-miss-0103,volume1_legacy_parser_misses,1,日本の野生植物 1- ソテツ科～コミカンソウ科.pdf,bcdcd5ac593747d6d58321d4a696ec96fb963233541af2a4666c4a1fbd1d4fb1,2026-07-12,ゲンゲ,Astragalus sinicus,マメ科,FABACEAE,ゲンゲ属,Astragalus,越年草,10～30 cm,4～6月,,田畑・野原・土手・道端,,,451,日本の野生植物 第1巻,226,原PDF画像目視確認＋macOS Vision OCR補助＋手動要約,include,ゲング,原PDF画像の種見出しと本文境界を確認し、客観的事実のみ短く要約。主観・利用推奨・不確かなOCRは除外。 候補名「ゲング」を「ゲンゲ」に訂正、remove_source_plant_name=ゲング、学名のOCR誤りを原本表記に基づき訂正。
wildplants-v1-parser-miss-0104,volume1_legacy_parser_misses,1,日本の野生植物 1- ソテツ科～コミカンソウ科.pdf,bcdcd5ac593747d6d58321d4a696ec96fb963233541af2a4666c4a1fbd1d4fb1,2026-07-12,ユクノキ,Cladrastis shikokiana,マメ科,FABACEAE,フジキ属,Cladrastis,落葉高木,,,本州（関東・中部地方、富山県以西）・四国・九州（熊本県以北）,山地の森林内,,,453,日本の野生植物 第1巻,227,原PDF画像目視確認＋macOS Vision OCR補助＋手動要約,include,,原PDF画像の種見出しと本文境界を確認し、客観的事実のみ短く要約。主観・利用推奨・不確かなOCRは除外。
wildplants-v1-parser-miss-0105,volume1_legacy_parser_misses,1,日本の野生植物 1- ソテツ科～コミカンソウ科.pdf,bcdcd5ac593747d6d58321d4a696ec96fb963233541af2a4666c4a1fbd1d4fb1,2026-07-12,デイゴ,Erythrina variegata,マメ科,FABACEAE,デイゴ属,Erythrina,落葉高木,,,,,,,458,日本の野生植物 第1巻,230,原PDF画像目視確認＋macOS Vision OCR補助＋手動要約,include,,原PDF画像の種見出しと本文境界を確認し、客観的事実のみ短く要約。主観・利用推奨・不確かなOCRは除外。推定にとどまる野生化の記述は公開対象から除外。
wildplants-v1-parser-miss-0106,volume1_legacy_parser_misses,1,日本の野生植物 1- ソテツ科～コミカンソウ科.pdf,bcdcd5ac593747d6d58321d4a696ec96fb963233541af2a4666c4a1fbd1d4fb1,2026-07-12,イワオウギ,Hedysarum vicioides,マメ科,FABACEAE,イワオウギ属,Hedysarum,多年草,20～80 cm,6～8月,本州中部以北・北海道、朝鮮半島北部・中国東北部・ロシア・シベリア・ウスリー,,,,460,日本の野生植物 第1巻,231,原PDF画像目視確認＋macOS Vision OCR補助＋手動要約,include,,原PDF画像の種見出しと本文境界を確認し、客観的事実のみ短く要約。主観・利用推奨・不確かなOCRは除外。
wildplants-v1-parser-miss-0107,volume1_legacy_parser_misses,1,日本の野生植物 1- ソテツ科～コミカンソウ科.pdf,bcdcd5ac593747d6d58321d4a696ec96fb963233541af2a4666c4a1fbd1d4fb1,2026-07-12,ウジルカンダ,Mucuna macrocarpa,マメ科,FABACEAE,トビカズラ属,Mucuna,つる性木本,,,台湾・中国・東南アジア・インド東部・東ヒマラヤ,,,,471,日本の野生植物 第1巻,236,原PDF画像目視確認＋macOS Vision OCR補助＋手動要約,include,,原PDF画像の種見出しと本文境界を確認し、客観的事実のみ短く要約。主観・利用推奨・不確かなOCRは除外。 学名のOCR誤りを原本表記に基づき訂正。
wildplants-v1-parser-miss-0108,volume1_legacy_parser_misses,1,日本の野生植物 1- ソテツ科～コミカンソウ科.pdf,bcdcd5ac593747d6d58321d4a696ec96fb963233541af2a4666c4a1fbd1d4fb1,2026-07-12,カショウクズマメ,Mucuna membranacea,マメ科,FABACEAE,トビカズラ属,Mucuna,常緑つる性木本,,,,,,,471,日本の野生植物 第1巻,236,原PDF画像目視確認＋macOS Vision OCR補助＋手動要約,include,,原PDF画像の種見出しと本文境界を確認し、客観的事実のみ短く要約。主観・利用推奨・不確かなOCRは除外。 学名のOCR誤りを原本表記に基づき訂正。
wildplants-v1-parser-miss-0109,volume1_legacy_parser_misses,1,日本の野生植物 1- ソテツ科～コミカンソウ科.pdf,bcdcd5ac593747d6d58321d4a696ec96fb963233541af2a4666c4a1fbd1d4fb1,2026-07-12,ワニグチモダマ,Mucuna gigantea,マメ科,FABACEAE,トビカズラ属,Mucuna,常緑つる性木本,,,,,,,471,日本の野生植物 第1巻,236,原PDF画像目視確認＋macOS Vision OCR補助＋手動要約,include,,原PDF画像の種見出しと本文境界を確認し、客観的事実のみ短く要約。主観・利用推奨・不確かなOCRは除外。
wildplants-v1-parser-miss-0110,volume1_legacy_parser_misses,1,日本の野生植物 1- ソテツ科～コミカンソウ科.pdf,bcdcd5ac593747d6d58321d4a696ec96fb963233541af2a4666c4a1fbd1d4fb1,2026-07-12,ヤエヤマシタン,Pterocarpus indicus f. echinatus,マメ科,FABACEAE,シタン属,Pterocarpus,常緑高木,,,,,,,475,日本の野生植物 第1巻,238,原PDF画像目視確認＋macOS Vision OCR補助＋手動要約,include,,原PDF画像の種見出しと本文境界を確認し、客観的事実のみ短く要約。主観・利用推奨・不確かなOCRは除外。 学名のOCR誤りを原本表記に基づき訂正。
wildplants-v1-parser-miss-0111,volume1_legacy_parser_misses,1,日本の野生植物 1- ソテツ科～コミカンソウ科.pdf,bcdcd5ac593747d6d58321d4a696ec96fb963233541af2a4666c4a1fbd1d4fb1,2026-07-12,ムラサキツメクサ,Trifolium pratense,マメ科,FABACEAE,シャジクソウ属,Trifolium,多年草,30～60 cm,5～8月,,,,,479,日本の野生植物 第1巻,240,原PDF画像目視確認＋macOS Vision OCR補助＋手動要約,include,,原PDF画像の種見出しと本文境界を確認し、客観的事実のみ短く要約。主観・利用推奨・不確かなOCRは除外。
wildplants-v1-parser-miss-0112,volume1_legacy_parser_misses,1,日本の野生植物 1- ソテツ科～コミカンソウ科.pdf,bcdcd5ac593747d6d58321d4a696ec96fb963233541af2a4666c4a1fbd1d4fb1,2026-07-12,クマヤマグミ,Elaeagnus epitricha,グミ科,ELAEAGNACEAE,グミ属,Elaeagnus,落葉低木,,,四国（愛媛県・徳島県・高知県）・九州（対馬から高隈山）,山間の向陽地,,,491,日本の野生植物 第1巻,246,原PDF画像目視確認＋macOS Vision OCR補助＋手動要約,include,,原PDF画像の種見出しと本文境界を確認し、客観的事実のみ短く要約。主観・利用推奨・不確かなOCRは除外。
wildplants-v1-parser-miss-0113,volume1_legacy_parser_misses,1,日本の野生植物 1- ソテツ科～コミカンソウ科.pdf,bcdcd5ac593747d6d58321d4a696ec96fb963233541af2a4666c4a1fbd1d4fb1,2026-07-12,タイワンアキグミ,Elaeagnus thunbergii,グミ科,ELAEAGNACEAE,グミ属,Elaeagnus,常緑低木,,,奄美大島以南の琉球,低地の林内や林縁,,,491,日本の野生植物 第1巻,246,原PDF画像目視確認＋macOS Vision OCR補助＋手動要約,include,,原PDF画像の種見出しと本文境界を確認し、客観的事実のみ短く要約。主観・利用推奨・不確かなOCRは除外。
wildplants-v1-parser-miss-0114,volume1_legacy_parser_misses,1,日本の野生植物 1- ソテツ科～コミカンソウ科.pdf,bcdcd5ac593747d6d58321d4a696ec96fb963233541af2a4666c4a1fbd1d4fb1,2026-07-12,オヒョウ,Ulmus laciniata,ニレ科,ULMACEAE,ニレ属,Ulmus,落葉高木,,,南千島・北海道・本州・四国・九州,山地,,,499,日本の野生植物 第1巻,250,原PDF画像目視確認＋macOS Vision OCR補助＋手動要約,include,,原PDF画像の種見出しと本文境界を確認し、客観的事実のみ短く要約。主観・利用推奨・不確かなOCRは除外。
wildplants-v1-parser-miss-0115,volume1_legacy_parser_misses,1,日本の野生植物 1- ソテツ科～コミカンソウ科.pdf,bcdcd5ac593747d6d58321d4a696ec96fb963233541af2a4666c4a1fbd1d4fb1,2026-07-12,クワノハエノキ,Celtis boninensis,アサ科,CANNABACEAE,エノキ属,Celtis,落葉高木,,,本州（山口県）・九州西部海岸・琉球・小笠原諸島,,,,501,日本の野生植物 第1巻,251,原PDF画像目視確認＋macOS Vision OCR補助＋手動要約,include,,原PDF画像の種見出しと本文境界を確認し、客観的事実のみ短く要約。主観・利用推奨・不確かなOCRは除外。
wildplants-v1-parser-miss-0116,volume1_legacy_parser_misses,1,日本の野生植物 1- ソテツ科～コミカンソウ科.pdf,bcdcd5ac593747d6d58321d4a696ec96fb963233541af2a4666c4a1fbd1d4fb1,2026-07-12,ムクノキ,Aphananthe aspera,アサ科,CANNABACEAE,ムクノキ属,Aphananthe,落葉高木,,,本州（関東地方以南）・四国・九州・琉球、済州島・台湾・中国・インドシナ,日当たりのよい適潤地,,,500,日本の野生植物 第1巻,251,原PDF画像目視確認＋macOS Vision OCR補助＋手動要約,include,,原PDF画像の種見出しと本文境界を確認し、客観的事実のみ短く要約。主観・利用推奨・不確かなOCRは除外。
wildplants-v1-parser-miss-0117,volume1_legacy_parser_misses,1,日本の野生植物 1- ソテツ科～コミカンソウ科.pdf,bcdcd5ac593747d6d58321d4a696ec96fb963233541af2a4666c4a1fbd1d4fb1,2026-07-12,キリエノキ,Trema cannabina,アサ科,CANNABACEAE,ウラジロエノキ属,Trema,常緑小高木,2～3 m,,鹿児島県本土・屋久島・種子島・琉球、台湾・中国南部・東南アジア・インド・マレーシア・オーストラリア,,,,502,日本の野生植物 第1巻,252,原PDF画像目視確認＋macOS Vision OCR補助＋手動要約,include,,原PDF画像の種見出しと本文境界を確認し、客観的事実のみ短く要約。主観・利用推奨・不確かなOCRは除外。
wildplants-v1-parser-miss-0118,volume1_legacy_parser_misses,1,日本の野生植物 1- ソテツ科～コミカンソウ科.pdf,bcdcd5ac593747d6d58321d4a696ec96fb963233541af2a4666c4a1fbd1d4fb1,2026-07-12,アカメイヌビワ,Ficus benguetensis,クワ科,MORACEAE,イチジク属,Ficus,常緑高木,,,奄美大島以南の琉球、台湾・フィリピン,低地,,,506,日本の野生植物 第1巻,254,原PDF画像目視確認＋macOS Vision OCR補助＋手動要約,include,,原PDF画像の種見出しと本文境界を確認し、客観的事実のみ短く要約。主観・利用推奨・不確かなOCRは除外。 学名のOCR誤りを原本表記に基づき訂正。
wildplants-v1-parser-miss-0119,volume1_legacy_parser_misses,1,日本の野生植物 1- ソテツ科～コミカンソウ科.pdf,bcdcd5ac593747d6d58321d4a696ec96fb963233541af2a4666c4a1fbd1d4fb1,2026-07-12,イヌビワ,Ficus erecta var. erecta,クワ科,MORACEAE,イチジク属,Ficus,落葉低木,,,本州（関東地方以西）・四国・九州・琉球、済州島・台湾南部,低地の林内,,,506,日本の野生植物 第1巻,254,原PDF画像目視確認＋macOS Vision OCR補助＋手動要約,include,,原PDF画像の種見出しと本文境界を確認し、客観的事実のみ短く要約。主観・利用推奨・不確かなOCRは除外。 学名のOCR誤りを原本表記に基づき訂正。
wildplants-v1-parser-miss-0120,volume1_legacy_parser_misses,1,日本の野生植物 1- ソテツ科～コミカンソウ科.pdf,bcdcd5ac593747d6d58321d4a696ec96fb963233541af2a4666c4a1fbd1d4fb1,2026-07-12,ギランイヌビワ,Ficus variegata,クワ科,MORACEAE,イチジク属,Ficus,常緑高木,,,琉球（八重山列島）、台湾・中国南部・インド北東部・東南アジア・マレーシア・オーストラリア北東部,石灰岩地域の林内,,,506,日本の野生植物 第1巻,254,原PDF画像目視確認＋macOS Vision OCR補助＋手動要約,include,,原PDF画像の種見出しと本文境界を確認し、客観的事実のみ短く要約。主観・利用推奨・不確かなOCRは除外。 学名のOCR誤りを原本表記に基づき訂正。
wildplants-v1-parser-miss-0121,volume1_legacy_parser_misses,1,日本の野生植物 1- ソテツ科～コミカンソウ科.pdf,bcdcd5ac593747d6d58321d4a696ec96fb963233541af2a4666c4a1fbd1d4fb1,2026-07-12,マグワ,Morus alba,クワ科,MORACEAE,クワ属,Morus,落葉高木,,,中国原産,日本で広く栽培,,,508,日本の野生植物 第1巻,255,原PDF画像目視確認＋macOS Vision OCR補助＋手動要約,include,,原PDF画像の種見出しと本文境界を確認し、客観的事実のみ短く要約。主観・利用推奨・不確かなOCRは除外。
wildplants-v1-parser-miss-0122,volume1_legacy_parser_misses,1,日本の野生植物 1- ソテツ科～コミカンソウ科.pdf,bcdcd5ac593747d6d58321d4a696ec96fb963233541af2a4666c4a1fbd1d4fb1,2026-07-12,ヌノマオ,Pipturus arborescens,イラクサ科,URTICACEAE,ヌノマオ属,Pipturus,常緑低木,,,琉球（沖縄島・石垣島・西表島・与那国島）、台湾・フィリピン・ボルネオ,,,,516,日本の野生植物 第1巻,259,原PDF画像目視確認＋macOS Vision OCR補助＋手動要約,include,,原PDF画像の種見出しと本文境界を確認し、客観的事実のみ短く要約。主観・利用推奨・不確かなOCRは除外。
wildplants-v1-parser-miss-0123,volume1_legacy_parser_misses,1,日本の野生植物 1- ソテツ科～コミカンソウ科.pdf,bcdcd5ac593747d6d58321d4a696ec96fb963233541af2a4666c4a1fbd1d4fb1,2026-07-12,エゾノヘビイチゴ,Fragaria vesca,バラ科,ROSACEAE,オランダイチゴ属,Fragaria,多年草,,6～7月,ヨーロッパ～東アジア、日本では北海道に生育する,開けた草地や牧草地,,,523,日本の野生植物 第1巻,262,原PDF画像目視確認＋macOS Vision OCR補助＋手動要約,include,,原PDF画像の種見出しと本文境界を確認し、客観的事実のみ短く要約。主観・利用推奨・不確かなOCRは除外。学名のOCR誤りを原本表記に基づき訂正し、自生性の未確定記述は公開対象から除外。
wildplants-v1-parser-miss-0124,volume1_legacy_parser_misses,1,日本の野生植物 1- ソテツ科～コミカンソウ科.pdf,bcdcd5ac593747d6d58321d4a696ec96fb963233541af2a4666c4a1fbd1d4fb1,2026-07-12,カラフトダイコンソウ,Geum macrophyllum var. sachalinense,バラ科,ROSACEAE,ダイコンソウ属,Geum,多年草,40～60 cm,6～8月,南千島・北海道・本州、千島・樺太,山地の湿った林下,,,525,日本の野生植物 第1巻,263,原PDF画像目視確認＋macOS Vision OCR補助＋手動要約,include,,原PDF画像の種見出しと本文境界を確認し、客観的事実のみ短く要約。主観・利用推奨・不確かなOCRは除外。 学名のOCR誤りを原本表記に基づき訂正。
wildplants-v1-parser-miss-0125,volume1_legacy_parser_misses,1,日本の野生植物 1- ソテツ科～コミカンソウ科.pdf,bcdcd5ac593747d6d58321d4a696ec96fb963233541af2a4666c4a1fbd1d4fb1,2026-07-12,チングルマ,Geum pentapetalum,バラ科,ROSACEAE,ダイコンソウ属,Geum,匍匐性小低木,,6～8月,南千島・北海道・本州中北部、千島・樺太・カムチャツカ・アリューシャン列島,高山の湿原や雪田,,,524,日本の野生植物 第1巻,263,原PDF画像目視確認＋macOS Vision OCR補助＋手動要約,include,,原PDF画像の種見出しと本文境界を確認し、客観的事実のみ短く要約。主観・利用推奨・不確かなOCRは除外。 冊子ページを524に訂正。
wildplants-v1-parser-miss-0126,volume1_legacy_parser_misses,1,日本の野生植物 1- ソテツ科～コミカンソウ科.pdf,bcdcd5ac593747d6d58321d4a696ec96fb963233541af2a4666c4a1fbd1d4fb1,2026-07-12,オオヘビイチゴ,Potentilla recta,バラ科,ROSACEAE,キジムシロ属,Potentilla,多年草,,6～7月,ヨーロッパ原産で、北海道・本州・九州に帰化,,,,527,日本の野生植物 第1巻,264,原PDF画像目視確認＋macOS Vision OCR補助＋手動要約,include,,原PDF画像の種見出しと本文境界を確認し、客観的事実のみ短く要約。主観・利用推奨・不確かなOCRは除外。学名のOCR誤りを原本表記に基づき訂正し、逸出起源の未確定記述は公開対象から除外。
wildplants-v1-parser-miss-0127,volume1_legacy_parser_misses,1,日本の野生植物 1- ソテツ科～コミカンソウ科.pdf,bcdcd5ac593747d6d58321d4a696ec96fb963233541af2a4666c4a1fbd1d4fb1,2026-07-12,カカヤンバラ,Rosa bracteata,バラ科,ROSACEAE,バラ属,Rosa,常緑低木,,,琉球（先島諸島）・台湾・中国南部,海岸,,,530,日本の野生植物 第1巻,266,原PDF画像目視確認＋macOS Vision OCR補助＋手動要約,include,,原PDF画像の種見出しと本文境界を確認し、客観的事実のみ短く要約。主観・利用推奨・不確かなOCRは除外。
wildplants-v1-parser-miss-0128,volume1_legacy_parser_misses,1,日本の野生植物 1- ソテツ科～コミカンソウ科.pdf,bcdcd5ac593747d6d58321d4a696ec96fb963233541af2a4666c4a1fbd1d4fb1,2026-07-12,コバノフユイチゴ,Rubus pectinellus,バラ科,ROSACEAE,キイチゴ属,Rubus,常緑つる性小低木,,,本州～九州、台湾・フィリピン,落葉林や植林の林床,,,533,日本の野生植物 第1巻,267,原PDF画像目視確認＋macOS Vision OCR補助＋手動要約,include,,原PDF画像の種見出しと本文境界を確認し、客観的事実のみ短く要約。主観・利用推奨・不確かなOCRは除外。 学名のOCR誤りを原本表記に基づき訂正。
wildplants-v1-parser-miss-0129,volume1_legacy_parser_misses,1,日本の野生植物 1- ソテツ科～コミカンソウ科.pdf,bcdcd5ac593747d6d58321d4a696ec96fb963233541af2a4666c4a1fbd1d4fb1,2026-07-12,ハチジョウイチゴ,Rubus ribisoideus,バラ科,ROSACEAE,キイチゴ属,Rubus,小低木,,,本州（伊豆諸島以西）・四国・九州・朝鮮半島南部,海岸近くの明るい林縁,,,534,日本の野生植物 第1巻,268,原PDF画像目視確認＋macOS Vision OCR補助＋手動要約,include,,原PDF画像の種見出しと本文境界を確認し、客観的事実のみ短く要約。主観・利用推奨・不確かなOCRは除外。
wildplants-v1-parser-miss-0130,volume1_legacy_parser_misses,1,日本の野生植物 1- ソテツ科～コミカンソウ科.pdf,bcdcd5ac593747d6d58321d4a696ec96fb963233541af2a4666c4a1fbd1d4fb1,2026-07-12,モミジイチゴ,Rubus palmatus,バラ科,ROSACEAE,キイチゴ属,Rubus,小低木,,,北海道（札幌以南）～九州、朝鮮半島南部,明るい林縁や林内,,,534,日本の野生植物 第1巻,268,原PDF画像目視確認＋macOS Vision OCR補助＋手動要約,include,,原PDF画像の種見出しと本文境界を確認し、客観的事実のみ短く要約。主観・利用推奨・不確かなOCRは除外。
wildplants-v1-parser-miss-0131,volume1_legacy_parser_misses,1,日本の野生植物 1- ソテツ科～コミカンソウ科.pdf,bcdcd5ac593747d6d58321d4a696ec96fb963233541af2a4666c4a1fbd1d4fb1,2026-07-12,エドヒガン,Cerasus itosakura,バラ科,ROSACEAE,サクラ属,Cerasus,落葉高木,最大20 m,3～4月,本州・四国・九州、朝鮮半島南部・済州島,山地,,,542,日本の野生植物 第1巻,272,原PDF画像目視確認＋macOS Vision OCR補助＋手動要約,include,,原PDF画像の種見出しと本文境界を確認し、客観的事実のみ短く要約。主観・利用推奨・不確かなOCRは除外。
wildplants-v1-parser-miss-0132,volume1_legacy_parser_misses,1,日本の野生植物 1- ソテツ科～コミカンソウ科.pdf,bcdcd5ac593747d6d58321d4a696ec96fb963233541af2a4666c4a1fbd1d4fb1,2026-07-12,カンヒザクラ,Cerasus campanulata,バラ科,ROSACEAE,サクラ属,Cerasus,落葉小高木,最大8 m,1～4月,台湾・中国南部原産。本州（関東南部以西）～琉球で栽培,石垣島の一部で野生化,,,543,日本の野生植物 第1巻,272,原PDF画像目視確認＋macOS Vision OCR補助＋手動要約,include,,原PDF画像の種見出しと本文境界を確認し、客観的事実のみ短く要約。主観・利用推奨・不確かなOCRは除外。 学名のOCR誤りを原本表記に基づき訂正。
wildplants-v1-parser-miss-0133,volume1_legacy_parser_misses,1,日本の野生植物 1- ソテツ科～コミカンソウ科.pdf,bcdcd5ac593747d6d58321d4a696ec96fb963233541af2a4666c4a1fbd1d4fb1,2026-07-12,ズミ,Malus toringo var. toringo,バラ科,ROSACEAE,リンゴ属,Malus,落葉小高木,最大10 m,,北海道・本州・四国・九州北部、中国中部,,,,547,日本の野生植物 第1巻,274,原PDF画像目視確認＋macOS Vision OCR補助＋手動要約,include,,原PDF画像の種見出しと本文境界を確認し、客観的事実のみ短く要約。主観・利用推奨・不確かなOCRは除外。 学名のOCR誤りを原本表記に基づき訂正。
wildplants-v1-parser-miss-0134,volume1_legacy_parser_misses,1,日本の野生植物 1- ソテツ科～コミカンソウ科.pdf,bcdcd5ac593747d6d58321d4a696ec96fb963233541af2a4666c4a1fbd1d4fb1,2026-07-12,バクチノキ,Laurocerasus zippeliana,バラ科,ROSACEAE,バクチノキ属,Laurocerasus,常緑高木,最大15 m,9月,本州（関東南部以西）・四国・九州・琉球、済州島・中国中南部・台湾・ベトナム北部,低山地～山地,,,546,日本の野生植物 第1巻,274,原PDF画像目視確認＋macOS Vision OCR補助＋手動要約,include,,原PDF画像の種見出しと本文境界を確認し、客観的事実のみ短く要約。主観・利用推奨・不確かなOCRは除外。 学名のOCR誤りを原本表記に基づき訂正。
wildplants-v1-parser-miss-0135,volume1_legacy_parser_misses,1,日本の野生植物 1- ソテツ科～コミカンソウ科.pdf,bcdcd5ac593747d6d58321d4a696ec96fb963233541af2a4666c4a1fbd1d4fb1,2026-07-12,シャリンバイ,Rhaphiolepis indica var. umbellata,バラ科,ROSACEAE,シャリンバイ属,Rhaphiolepis,常緑低木,1～4 m,,本州（宮城県・山形県以西）・四国・九州・小笠原諸島・琉球、朝鮮半島・台湾・中国・フィリピン・ボルネオ,主に海岸,,,553,日本の野生植物 第1巻,277,原PDF画像目視確認＋macOS Vision OCR補助＋手動要約,include,,原PDF画像の種見出しと本文境界を確認し、客観的事実のみ短く要約。主観・利用推奨・不確かなOCRは除外。 学名のOCR誤りを原本表記に基づき訂正。
wildplants-v1-parser-miss-0136,volume1_legacy_parser_misses,1,日本の野生植物 1- ソテツ科～コミカンソウ科.pdf,bcdcd5ac593747d6d58321d4a696ec96fb963233541af2a4666c4a1fbd1d4fb1,2026-07-12,エゾノシジミバナ,Spiraea faurieana,バラ科,ROSACEAE,シモツケ属,Spiraea,落葉低木,1～2 m,,北海道・本州北部,,,,555,日本の野生植物 第1巻,278,原PDF画像目視確認＋macOS Vision OCR補助＋手動要約,include,,原PDF画像の種見出しと本文境界を確認し、客観的事実のみ短く要約。主観・利用推奨・不確かなOCRは除外。栽培由来の可能性は公開対象から除外。
wildplants-v1-parser-miss-0137,volume1_legacy_parser_misses,1,日本の野生植物 1- ソテツ科～コミカンソウ科.pdf,bcdcd5ac593747d6d58321d4a696ec96fb963233541af2a4666c4a1fbd1d4fb1,2026-07-12,オニグルミ,Juglans mandshurica var. sachalinensis,クルミ科,JUGLANDACEAE,クルミ属,Juglans,落葉高木,7～10 m,,北海道・本州・四国・九州、樺太,川沿いの湿潤地,,,564,日本の野生植物 第1巻,283,原PDF画像目視確認＋macOS Vision OCR補助＋手動要約,include,,原PDF画像の種見出しと本文境界を確認し、客観的事実のみ短く要約。主観・利用推奨・不確かなOCRは除外。 学名のOCR誤りを原本表記に基づき訂正。
wildplants-v1-parser-miss-0138,volume1_legacy_parser_misses,1,日本の野生植物 1- ソテツ科～コミカンソウ科.pdf,bcdcd5ac593747d6d58321d4a696ec96fb963233541af2a4666c4a1fbd1d4fb1,2026-07-12,ケヤマハンノキ,Alnus hirsuta,カバノキ科,BETULACEAE,ハンノキ属,Alnus,落葉高木,15～20 m,,択捉島～北海道・本州・四国・九州、朝鮮半島・中国・樺太・カムチャツカ・東シベリア,山野や渓畔,,,569,日本の野生植物 第1巻,285,原PDF画像目視確認＋macOS Vision OCR補助＋手動要約,include,,原PDF画像の種見出しと本文境界を確認し、客観的事実のみ短く要約。主観・利用推奨・不確かなOCRは除外。 学名のOCR誤りを原本表記に基づき訂正。
wildplants-v1-parser-miss-0139,volume1_legacy_parser_misses,1,日本の野生植物 1- ソテツ科～コミカンソウ科.pdf,bcdcd5ac593747d6d58321d4a696ec96fb963233541af2a4666c4a1fbd1d4fb1,2026-07-12,ウダイカンバ,Betula maximowicziana,カバノキ科,BETULACEAE,カバノキ属,Betula,落葉高木,最大30 m,,国後島・北海道・本州（岐阜県以北）,肥沃な山地,,,570,日本の野生植物 第1巻,286,原PDF画像目視確認＋macOS Vision OCR補助＋手動要約,include,,原PDF画像の種見出しと本文境界を確認し、客観的事実のみ短く要約。主観・利用推奨・不確かなOCRは除外。 学名のOCR誤りを原本表記に基づき訂正。
wildplants-v1-parser-miss-0140,volume1_legacy_parser_misses,1,日本の野生植物 1- ソテツ科～コミカンソウ科.pdf,bcdcd5ac593747d6d58321d4a696ec96fb963233541af2a4666c4a1fbd1d4fb1,2026-07-12,オノオレカンバ,Betula schmidtii,カバノキ科,BETULACEAE,カバノキ属,Betula,落葉高木,,,本州中部以北の主に太平洋側、朝鮮半島・中国東北部・ウスリー,岩礫地や土壌の浅い尾根,,,571,日本の野生植物 第1巻,286,原PDF画像目視確認＋macOS Vision OCR補助＋手動要約,include,,原PDF画像の種見出しと本文境界を確認し、客観的事実のみ短く要約。主観・利用推奨・不確かなOCRは除外。
wildplants-v1-parser-miss-0141,volume1_legacy_parser_misses,1,日本の野生植物 1- ソテツ科～コミカンソウ科.pdf,bcdcd5ac593747d6d58321d4a696ec96fb963233541af2a4666c4a1fbd1d4fb1,2026-07-12,ダケカンバ,Betula ermanii var. ermanii,カバノキ科,BETULACEAE,カバノキ属,Betula,落葉高木,最大20 m,,択捉島・国後島・色丹島・北海道・本州中部以北・四国,本州以南では主に亜高山、北海道では低地から生育,,,570,日本の野生植物 第1巻,286,原PDF画像目視確認＋macOS Vision OCR補助＋手動要約,include,,原PDF画像の種見出しと本文境界を確認し、客観的事実のみ短く要約。主観・利用推奨・不確かなOCRは除外。 学名のOCR誤りを原本表記に基づき訂正。
wildplants-v1-parser-miss-0142,volume1_legacy_parser_misses,1,日本の野生植物 1- ソテツ科～コミカンソウ科.pdf,bcdcd5ac593747d6d58321d4a696ec96fb963233541af2a4666c4a1fbd1d4fb1,2026-07-12,ネコシデ,Betula corylifolia,カバノキ科,BETULACEAE,カバノキ属,Betula,落葉高木,最大17 m,,択捉島・国後島・色丹島・北海道・本州中部以北,本州では亜高山,,,570,日本の野生植物 第1巻,286,原PDF画像目視確認＋macOS Vision OCR補助＋手動要約,include,,原PDF画像の種見出しと本文境界を確認し、客観的事実のみ短く要約。主観・利用推奨・不確かなOCRは除外。
wildplants-v1-parser-miss-0143,volume1_legacy_parser_misses,1,日本の野生植物 1- ソテツ科～コミカンソウ科.pdf,bcdcd5ac593747d6d58321d4a696ec96fb963233541af2a4666c4a1fbd1d4fb1,2026-07-12,ミズメ,Betula grossa,カバノキ科,BETULACEAE,カバノキ属,Betula,落葉高木,,,,山地,,,571,日本の野生植物 第1巻,286,原PDF画像目視確認＋macOS Vision OCR補助＋手動要約,include,,原PDF画像の種見出しと本文境界を確認し、客観的事実のみ短く要約。主観・利用推奨・不確かなOCRは除外。
wildplants-v1-parser-miss-0144,volume1_legacy_parser_misses,1,日本の野生植物 1- ソテツ科～コミカンソウ科.pdf,bcdcd5ac593747d6d58321d4a696ec96fb963233541af2a4666c4a1fbd1d4fb1,2026-07-12,ヤエガワカンバ,Betula davurica var. davurica,カバノキ科,BETULACEAE,カバノキ属,Betula,落葉高木,,,択捉島・北海道（十勝・日高・北見地方）・本州中部、朝鮮半島・中国東北部・ウスリー・アムール,山地の向陽地,,,571,日本の野生植物 第1巻,286,原PDF画像目視確認＋macOS Vision OCR補助＋手動要約,include,,原PDF画像の種見出しと本文境界を確認し、客観的事実のみ短く要約。主観・利用推奨・不確かなOCRは除外。 学名のOCR誤りを原本表記に基づき訂正。
wildplants-v1-parser-miss-0145,volume1_legacy_parser_misses,1,日本の野生植物 1- ソテツ科～コミカンソウ科.pdf,bcdcd5ac593747d6d58321d4a696ec96fb963233541af2a4666c4a1fbd1d4fb1,2026-07-12,ヤチカンバ,Betula ovalifolia,カバノキ科,BETULACEAE,カバノキ属,Betula,落葉低木,最大約1.5 m,,北海道、樺太・朝鮮半島北部・中国東北部・内モンゴル・ウスリー,湿原,,,571,日本の野生植物 第1巻,286,原PDF画像目視確認＋macOS Vision OCR補助＋手動要約,include,,原PDF画像の種見出しと本文境界を確認し、客観的事実のみ短く要約。主観・利用推奨・不確かなOCRは除外。
wildplants-v1-parser-miss-0146,volume1_legacy_parser_misses,1,日本の野生植物 1- ソテツ科～コミカンソウ科.pdf,bcdcd5ac593747d6d58321d4a696ec96fb963233541af2a4666c4a1fbd1d4fb1,2026-07-12,イヌシデ,Carpinus tschonoskii,カバノキ科,BETULACEAE,クマシデ属,Carpinus,落葉高木,10～15 m,,本州（岩手県・新潟県以南）・四国・九州,山地や人里近く,,,572,日本の野生植物 第1巻,287,原PDF画像目視確認＋macOS Vision OCR補助＋手動要約,include,,原PDF画像の種見出しと本文境界を確認し、客観的事実のみ短く要約。主観・利用推奨・不確かなOCRは除外。
wildplants-v1-parser-miss-0147,volume1_legacy_parser_misses,1,日本の野生植物 1- ソテツ科～コミカンソウ科.pdf,bcdcd5ac593747d6d58321d4a696ec96fb963233541af2a4666c4a1fbd1d4fb1,2026-07-12,イワシデ,Carpinus turczaninovii,カバノキ科,BETULACEAE,クマシデ属,Carpinus,落葉大型低木,,,本州（中国地方）・四国・九州,岩の多い乾いた山地の尾根,,,572,日本の野生植物 第1巻,287,原PDF画像目視確認＋macOS Vision OCR補助＋手動要約,include,,原PDF画像の種見出しと本文境界を確認し、客観的事実のみ短く要約。主観・利用推奨・不確かなOCRは除外。 学名のOCR誤りを原本表記に基づき訂正。
wildplants-v1-parser-miss-0148,volume1_legacy_parser_misses,1,日本の野生植物 1- ソテツ科～コミカンソウ科.pdf,bcdcd5ac593747d6d58321d4a696ec96fb963233541af2a4666c4a1fbd1d4fb1,2026-07-12,サワシバ,Carpinus cordata var. cordata,カバノキ科,BETULACEAE,クマシデ属,Carpinus,落葉高木,10～15 m,,日本・朝鮮半島・中国・ウスリー,山地,,,572,日本の野生植物 第1巻,287,原PDF画像目視確認＋macOS Vision OCR補助＋手動要約,include,,原PDF画像の種見出しと本文境界を確認し、客観的事実のみ短く要約。主観・利用推奨・不確かなOCRは除外。 学名のOCR誤りを原本表記に基づき訂正。
wildplants-v1-parser-miss-0149,volume1_legacy_parser_misses,1,日本の野生植物 1- ソテツ科～コミカンソウ科.pdf,bcdcd5ac593747d6d58321d4a696ec96fb963233541af2a4666c4a1fbd1d4fb1,2026-07-12,ハシバミ,Corylus heterophylla var. heterophylla,カバノキ科,BETULACEAE,ハシバミ属,Corylus,落葉低木,,,北海道・本州・九州,日当たりのよい山地,,,573,日本の野生植物 第1巻,287,原PDF画像目視確認＋macOS Vision OCR補助＋手動要約,include,,原PDF画像の種見出しと本文境界を確認し、客観的事実のみ短く要約。主観・利用推奨・不確かなOCRは除外。 学名のOCR誤りを原本表記に基づき訂正。
wildplants-v1-parser-miss-0150,volume1_legacy_parser_misses,1,日本の野生植物 1- ソテツ科～コミカンソウ科.pdf,bcdcd5ac593747d6d58321d4a696ec96fb963233541af2a4666c4a1fbd1d4fb1,2026-07-12,リュウキュウツルウメモドキ,Celastrus kusanoi,ニシキギ科,CELASTRACEAE,ツルウメモドキ属,Celastrus,落葉藤本,,,吐噶喇列島中之島～琉球、台湾・中国海南島,亜熱帯～暖帯の林縁,,,581,日本の野生植物 第1巻,291,原PDF画像目視確認＋macOS Vision OCR補助＋手動要約,include,,原PDF画像の種見出しと本文境界を確認し、客観的事実のみ短く要約。主観・利用推奨・不確かなOCRは除外。
wildplants-v1-parser-miss-0151,volume1_legacy_parser_misses,1,日本の野生植物 1- ソテツ科～コミカンソウ科.pdf,bcdcd5ac593747d6d58321d4a696ec96fb963233541af2a4666c4a1fbd1d4fb1,2026-07-12,コクテンギ,Euonymus carnosus,ニシキギ科,CELASTRACEAE,ニシキギ属,Euonymus,低木または小高木,1.5～5 m,,九州（熊本県・鹿児島県）・琉球、台湾・中国,暖帯～亜熱帯の疎林,,,583,日本の野生植物 第1巻,292,原PDF画像目視確認＋macOS Vision OCR補助＋手動要約,include,,原PDF画像の種見出しと本文境界を確認し、客観的事実のみ短く要約。主観・利用推奨・不確かなOCRは除外。 学名のOCR誤りを原本表記に基づき訂正。
wildplants-v1-parser-miss-0152,volume1_legacy_parser_misses,1,日本の野生植物 1- ソテツ科～コミカンソウ科.pdf,bcdcd5ac593747d6d58321d4a696ec96fb963233541af2a4666c4a1fbd1d4fb1,2026-07-12,ツルマサキ,Euonymus fortunei var. fortunei,ニシキギ科,CELASTRACEAE,ニシキギ属,Euonymus,常緑藤本,,,北海道～琉球、朝鮮半島・中国・台湾・東南アジア・ミャンマー・インド,暖温帯～温帯の林内,,,583,日本の野生植物 第1巻,292,原PDF画像目視確認＋macOS Vision OCR補助＋手動要約,include,,原PDF画像の種見出しと本文境界を確認し、客観的事実のみ短く要約。主観・利用推奨・不確かなOCRは除外。 学名のOCR誤りを原本表記に基づき訂正。
wildplants-v1-parser-miss-0153,volume1_legacy_parser_misses,1,日本の野生植物 1- ソテツ科～コミカンソウ科.pdf,bcdcd5ac593747d6d58321d4a696ec96fb963233541af2a4666c4a1fbd1d4fb1,2026-07-12,トゲマユミ,Euonymus spraguei,ニシキギ科,CELASTRACEAE,ニシキギ属,Euonymus,常緑つる性低木,,,奄美群島・琉球、台湾・中国,林内,,,583,日本の野生植物 第1巻,292,原PDF画像目視確認＋macOS Vision OCR補助＋手動要約,include,,原PDF画像の種見出しと本文境界を確認し、客観的事実のみ短く要約。主観・利用推奨・不確かなOCRは除外。
wildplants-v1-parser-miss-0154,volume1_legacy_parser_misses,1,日本の野生植物 1- ソテツ科～コミカンソウ科.pdf,bcdcd5ac593747d6d58321d4a696ec96fb963233541af2a4666c4a1fbd1d4fb1,2026-07-12,ニシキギ,Euonymus alatus f. alatus,ニシキギ科,CELASTRACEAE,ニシキギ属,Euonymus,落葉低木,最大3 m,,南千島・北海道～九州、樺太・ウスリー・中国東北部・朝鮮半島,山地,,,583,日本の野生植物 第1巻,292,原PDF画像目視確認＋macOS Vision OCR補助＋手動要約,include,,原PDF画像の種見出しと本文境界を確認し、客観的事実のみ短く要約。主観・利用推奨・不確かなOCRは除外。 学名のOCR誤りを原本表記に基づき訂正。
wildplants-v1-parser-miss-0155,volume1_legacy_parser_misses,1,日本の野生植物 1- ソテツ科～コミカンソウ科.pdf,bcdcd5ac593747d6d58321d4a696ec96fb963233541af2a4666c4a1fbd1d4fb1,2026-07-12,マサキ,Euonymus japonicus f. japonicus,ニシキギ科,CELASTRACEAE,ニシキギ属,Euonymus,常緑低木,1～6 m,,北海道渡島半島～琉球,海岸近くの林内,,,583,日本の野生植物 第1巻,292,原PDF画像目視確認＋macOS Vision OCR補助＋手動要約,include,,原PDF画像の種見出しと本文境界を確認し、客観的事実のみ短く要約。主観・利用推奨・不確かなOCRは除外。 学名のOCR誤りを原本表記に基づき訂正。
wildplants-v1-parser-miss-0156,volume1_legacy_parser_misses,1,日本の野生植物 1- ソテツ科～コミカンソウ科.pdf,bcdcd5ac593747d6d58321d4a696ec96fb963233541af2a4666c4a1fbd1d4fb1,2026-07-12,サワダツ,Euonymus melananthus,ニシキギ科,CELASTRACEAE,ニシキギ属,Euonymus,落葉低木,1～2 m,,本州・四国・九州,山地の沢沿いなど湿った林内,,,584,日本の野生植物 第1巻,293,原PDF画像目視確認＋macOS Vision OCR補助＋手動要約,include,,原PDF画像の種見出しと本文境界を確認し、客観的事実のみ短く要約。主観・利用推奨・不確かなOCRは除外。 学名のOCR誤りを原本表記に基づき訂正。
wildplants-v1-parser-miss-0157,volume1_legacy_parser_misses,1,日本の野生植物 1- ソテツ科～コミカンソウ科.pdf,bcdcd5ac593747d6d58321d4a696ec96fb963233541af2a4666c4a1fbd1d4fb1,2026-07-12,ヒメウメバチソウ,Parnassia alpicola,ニシキギ科,CELASTRACEAE,ウメバチソウ属,Parnassia,多年草,5～15 cm,8～9月,本州中北部,高山の湿性草原,,,585,日本の野生植物 第1巻,293,原PDF画像目視確認＋macOS Vision OCR補助＋手動要約,include,,原PDF画像の種見出しと本文境界を確認し、客観的事実のみ短く要約。主観・利用推奨・不確かなOCRは除外。
wildplants-v1-parser-miss-0158,volume1_legacy_parser_misses,1,日本の野生植物 1- ソテツ科～コミカンソウ科.pdf,bcdcd5ac593747d6d58321d4a696ec96fb963233541af2a4666c4a1fbd1d4fb1,2026-07-12,オヒルギ,Bruguiera gymnorhiza,ヒルギ科,RHIZOPHORACEAE,オヒルギ属,Bruguiera,常緑高木,8～25 m,,南西諸島、東南アジア・アフリカ・台湾・中国南部・オーストラリア・太平洋諸島,マングローブ,,,590,日本の野生植物 第1巻,296,原PDF画像目視確認＋macOS Vision OCR補助＋手動要約,include,,原PDF画像の種見出しと本文境界を確認し、客観的事実のみ短く要約。主観・利用推奨・不確かなOCRは除外。
wildplants-v1-parser-miss-0159,volume1_legacy_parser_misses,1,日本の野生植物 1- ソテツ科～コミカンソウ科.pdf,bcdcd5ac593747d6d58321d4a696ec96fb963233541af2a4666c4a1fbd1d4fb1,2026-07-12,メヒルギ,Kandelia obovata,ヒルギ科,RHIZOPHORACEAE,メヒルギ属,Kandelia,常緑小高木,4～7 m,,鹿児島県薩摩半島・種子島・屋久島・奄美大島・徳之島・沖縄諸島・先島諸島、台湾・中国南部・ベトナム中部以北,マングローブ,,,590,日本の野生植物 第1巻,296,原PDF画像目視確認＋macOS Vision OCR補助＋手動要約,include,,原PDF画像の種見出しと本文境界を確認し、客観的事実のみ短く要約。主観・利用推奨・不確かなOCRは除外。
wildplants-v1-parser-miss-0160,volume1_legacy_parser_misses,1,日本の野生植物 1- ソテツ科～コミカンソウ科.pdf,bcdcd5ac593747d6d58321d4a696ec96fb963233541af2a4666c4a1fbd1d4fb1,2026-07-12,シナノタイゲキ,Euphorbia sinanensis,トウダイグサ科,EUPHORBIACEAE,トウダイグサ属,Euphorbia,夏緑性多年草,,4～6月,本州（東北・関東・中部地方）の日本固有種,丘陵地・山地の落葉樹林床や林縁,,,597,日本の野生植物 第1巻,299,原PDF画像目視確認＋macOS Vision OCR補助＋手動要約,include,,原PDF画像の種見出しと本文境界を確認し、客観的事実のみ短く要約。主観・利用推奨・不確かなOCRは除外。
wildplants-v1-parser-miss-0161,volume1_legacy_parser_misses,1,日本の野生植物 1- ソテツ科～コミカンソウ科.pdf,bcdcd5ac593747d6d58321d4a696ec96fb963233541af2a4666c4a1fbd1d4fb1,2026-07-12,ナツトウダイ,Euphorbia sieboldiana,トウダイグサ科,EUPHORBIACEAE,トウダイグサ属,Euphorbia,多年草,,3～7月,北海道・本州・伊豆諸島・四国・九州・南西諸島（奄美以北）、中国・朝鮮半島,平地・丘陵地・山地の林床、林縁や湿地,,,597,日本の野生植物 第1巻,299,原PDF画像目視確認＋macOS Vision OCR補助＋手動要約,include,,原PDF画像の種見出しと本文境界を確認し、客観的事実のみ短く要約。主観・利用推奨・不確かなOCRは除外。
wildplants-v1-parser-miss-0162,volume1_legacy_parser_misses,1,日本の野生植物 1- ソテツ科～コミカンソウ科.pdf,bcdcd5ac593747d6d58321d4a696ec96fb963233541af2a4666c4a1fbd1d4fb1,2026-07-12,ハクサンタイゲキ,Euphorbia togakusensis,トウダイグサ科,EUPHORBIACEAE,トウダイグサ属,Euphorbia,多年草,,6～8月,本州中部・北部の日本海側に固有,高山の尾根、山地や丘陵地の湿原,,,597,日本の野生植物 第1巻,299,原PDF画像目視確認＋macOS Vision OCR補助＋手動要約,include,,原PDF画像の種見出しと本文境界を確認し、客観的事実のみ短く要約。主観・利用推奨・不確かなOCRは除外。
wildplants-v1-parser-miss-0163,volume1_legacy_parser_misses,1,日本の野生植物 1- ソテツ科～コミカンソウ科.pdf,bcdcd5ac593747d6d58321d4a696ec96fb963233541af2a4666c4a1fbd1d4fb1,2026-07-12,マルミノウルシ,Euphorbia ebracteolata,トウダイグサ科,EUPHORBIACEAE,トウダイグサ属,Euphorbia,多年草,,3～5月,北海道、東北・中部地方、三重県藤原岳・香川県屋島に隔離分布,山地・丘陵地の森林や林縁のやや湿った場所,,,597,日本の野生植物 第1巻,299,原PDF画像目視確認＋macOS Vision OCR補助＋手動要約,include,,原PDF画像の種見出しと本文境界を確認し、客観的事実のみ短く要約。主観・利用推奨・不確かなOCRは除外。 学名のOCR誤りを原本表記に基づき訂正。
wildplants-v1-parser-miss-0164,volume1_legacy_parser_misses,1,日本の野生植物 1- ソテツ科～コミカンソウ科.pdf,bcdcd5ac593747d6d58321d4a696ec96fb963233541af2a4666c4a1fbd1d4fb1,2026-07-12,シマシラキ,Excoecaria agallocha,トウダイグサ科,EUPHORBIACEAE,シマシラキ属,Excoecaria,常緑高木,4～20 m,,東アジア・東南アジア・南アジア・ポリネシアの熱帯～亜熱帯,,,,599,日本の野生植物 第1巻,300,原PDF画像目視確認＋macOS Vision OCR補助＋手動要約,include,,原PDF画像の種見出しと本文境界を確認し、客観的事実のみ短く要約。主観・利用推奨・不確かなOCRは除外。
wildplants-v1-parser-miss-0165,volume1_legacy_parser_misses,1,日本の野生植物 1- ソテツ科～コミカンソウ科.pdf,bcdcd5ac593747d6d58321d4a696ec96fb963233541af2a4666c4a1fbd1d4fb1,2026-07-12,セイタカオオニシキソウ,Euphorbia hyssopifolia,トウダイグサ科,EUPHORBIACEAE,トウダイグサ属,Euphorbia,一年草,,3～10月,アメリカ大陸の亜熱帯・熱帯原産で、琉球・小笠原諸島に帰化,路傍や荒地,,,599,日本の野生植物 第1巻,300,原PDF画像目視確認＋macOS Vision OCR補助＋手動要約,include,,原PDF画像の種見出しと本文境界を確認し、客観的事実のみ短く要約。主観・利用推奨・不確かなOCRは除外。 学名のOCR誤りを原本表記に基づき訂正。
wildplants-v1-parser-miss-0166,volume1_legacy_parser_misses,1,日本の野生植物 1- ソテツ科～コミカンソウ科.pdf,bcdcd5ac593747d6d58321d4a696ec96fb963233541af2a4666c4a1fbd1d4fb1,2026-07-12,ハマタイゲキ,Euphorbia atoto,トウダイグサ科,EUPHORBIACEAE,トウダイグサ属,Euphorbia,常緑多年草,,周年,琉球、太平洋諸島・オーストラリア・東南アジア・南アジア・中国南部・台湾,海岸砂浜,,,598,日本の野生植物 第1巻,300,原PDF画像目視確認＋macOS Vision OCR補助＋手動要約,include,,原PDF画像の種見出しと本文境界を確認し、客観的事実のみ短く要約。主観・利用推奨・不確かなOCRは除外。
wildplants-v1-parser-miss-0167,volume1_legacy_parser_misses,1,日本の野生植物 1- ソテツ科～コミカンソウ科.pdf,bcdcd5ac593747d6d58321d4a696ec96fb963233541af2a4666c4a1fbd1d4fb1,2026-07-12,ミヤコジマニシキソウ,Euphorbia bifida,トウダイグサ科,EUPHORBIACEAE,トウダイグサ属,Euphorbia,一年草,,4～8月,琉球、台湾・中国南部・東南アジア・オーストラリア・太平洋諸島,路傍や畑,,,599,日本の野生植物 第1巻,300,原PDF画像目視確認＋macOS Vision OCR補助＋手動要約,include,,原PDF画像の種見出しと本文境界を確認し、客観的事実のみ短く要約。主観・利用推奨・不確かなOCRは除外。 学名のOCR誤りを原本表記に基づき訂正。
wildplants-v1-parser-miss-0168,volume1_legacy_parser_misses,1,日本の野生植物 1- ソテツ科～コミカンソウ科.pdf,bcdcd5ac593747d6d58321d4a696ec96fb963233541af2a4666c4a1fbd1d4fb1,2026-07-12,リュウキュウタイゲキ,Euphorbia liukiuensis,トウダイグサ科,EUPHORBIACEAE,トウダイグサ属,Euphorbia,常緑多年草,,周年,琉球の日本固有種,海岸の隆起石灰岩地,,,598,日本の野生植物 第1巻,300,原PDF画像目視確認＋macOS Vision OCR補助＋手動要約,include,,原PDF画像の種見出しと本文境界を確認し、客観的事実のみ短く要約。主観・利用推奨・不確かなOCRは除外。
wildplants-v1-parser-miss-0169,volume1_legacy_parser_misses,1,日本の野生植物 1- ソテツ科～コミカンソウ科.pdf,bcdcd5ac593747d6d58321d4a696ec96fb963233541af2a4666c4a1fbd1d4fb1,2026-07-12,コウトウヤマヒハツ,Antidesma montanum,コミカンソウ科,PHYLLANTHACEAE,ヤマヒハツ属,Antidesma,低木,,,琉球（与論島・沖縄島・宮古島・石垣島・西表島・与那国島）、台湾・中国中南部・東南アジア・南アジア・オーストラリア,山地,,,604,日本の野生植物 第1巻,303,原PDF画像目視確認＋macOS Vision OCR補助＋手動要約,include,,原PDF画像の種見出しと本文境界を確認し、客観的事実のみ短く要約。主観・利用推奨・不確かなOCRは除外。
wildplants-v2-parser-miss-0001,volume2_legacy_parser_misses,2,日本の野生植物 2- ミゾハコベ科～スイカズラ科 ―フィールド版―改訂新版.pdf,2d104638c72cbfc58f17ab38223bce3d7798f72abc2d14fa4495a3a7546f3b12,2026-07-12,シマバラソウ,Bergia serrata,ミゾハコベ科,ELATINACEAE,シマバラソウ属,Bergia,一年草,10～30 cm,,長崎県島原半島・与論島以南の南西諸島、中国・台湾から熱帯アジアに分布,,,,31,日本の野生植物 第2巻,16,原PDF画像目視確認＋macOS Vision OCR補助＋手動要約,include,,原PDF画像の種見出しと本文境界を確認し、客観的事実のみ短く要約。主観・利用推奨・不確かなOCRは除外。
wildplants-v2-parser-miss-0002,volume2_legacy_parser_misses,2,日本の野生植物 2- ミゾハコベ科～スイカズラ科 ―フィールド版―改訂新版.pdf,2d104638c72cbfc58f17ab38223bce3d7798f72abc2d14fa4495a3a7546f3b12,2026-07-12,ホザキサルノオ,Hiptage benghalensis,キントラノオ科,MALPIGHIACEAE,ホザキサルノオ属,Hiptage,低木,,,ネパール・インドから東南アジア・中国・台湾に分布する,,,,33,日本の野生植物 第2巻,17,原PDF画像目視確認＋macOS Vision OCR補助＋手動要約,include,,原PDF画像の種見出しと本文境界を確認し、客観的事実のみ短く要約。主観・利用推奨・不確かなOCRは除外。
wildplants-v2-parser-miss-0003,volume2_legacy_parser_misses,2,日本の野生植物 2- ミゾハコベ科～スイカズラ科 ―フィールド版―改訂新版.pdf,2d104638c72cbfc58f17ab38223bce3d7798f72abc2d14fa4495a3a7546f3b12,2026-07-12,ハツバキ,Drypetes integerrima,ツゲモドキ科,PUTRANJIVACEAE,ハツバキ属,Drypetes,常緑小高木,3～5 m,,小笠原諸島（父島列島・母島列島）固有,風衝地,,,34,日本の野生植物 第2巻,18,原PDF画像目視確認＋macOS Vision OCR補助＋手動要約,include,,原PDF画像の種見出しと本文境界を確認し、客観的事実のみ短く要約。主観・利用推奨・不確かなOCRは除外。
wildplants-v2-parser-miss-0004,volume2_legacy_parser_misses,2,日本の野生植物 2- ミゾハコベ科～スイカズラ科 ―フィールド版―改訂新版.pdf,2d104638c72cbfc58f17ab38223bce3d7798f72abc2d14fa4495a3a7546f3b12,2026-07-12,シダレヤナギ,Salix babylonica var. babylonica,ヤナギ科,SALICACEAE,ヤナギ属,Salix,高木,,,中国原産,,,,45,日本の野生植物 第2巻,23,原PDF画像目視確認＋macOS Vision OCR補助＋手動要約,include,,原PDF画像の種見出しと本文境界を確認し、客観的事実のみ短く要約。主観・利用推奨・不確かなOCRは除外。
wildplants-v2-parser-miss-0005,volume2_legacy_parser_misses,2,日本の野生植物 2- ミゾハコベ科～スイカズラ科 ―フィールド版―改訂新版.pdf,2d104638c72cbfc58f17ab38223bce3d7798f72abc2d14fa4495a3a7546f3b12,2026-07-12,ジャヤナギ,Salix eriocarpa,ヤナギ科,SALICACEAE,ヤナギ属,Salix,高木,,,本州（東北南部以西）の低湿地に多く見られ、四国・九州にもときどき見られる,,,,45,日本の野生植物 第2巻,23,原PDF画像目視確認＋macOS Vision OCR補助＋手動要約,include,,原PDF画像の種見出しと本文境界を確認し、客観的事実のみ短く要約。主観・利用推奨・不確かなOCRは除外。
wildplants-v2-parser-miss-0006,volume2_legacy_parser_misses,2,日本の野生植物 2- ミゾハコベ科～スイカズラ科 ―フィールド版―改訂新版.pdf,2d104638c72cbfc58f17ab38223bce3d7798f72abc2d14fa4495a3a7546f3b12,2026-07-12,トカチヤナギ,Salix cardiophylla,ヤナギ科,SALICACEAE,ヤナギ属,Salix,高木,,,国後島・北海道・本州中部以北・鳥取県大山、朝鮮半島・中国東北部・シベリア・沿海州・アムール・樺太,河畔,,,44,日本の野生植物 第2巻,23,原PDF画像目視確認＋macOS Vision OCR補助＋手動要約,include,,原PDF画像の種見出しと本文境界を確認し、客観的事実のみ短く要約。主観・利用推奨・不確かなOCRは除外。
wildplants-v2-parser-miss-0007,volume2_legacy_parser_misses,2,日本の野生植物 2- ミゾハコベ科～スイカズラ科 ―フィールド版―改訂新版.pdf,2d104638c72cbfc58f17ab38223bce3d7798f72abc2d14fa4495a3a7546f3b12,2026-07-12,バッコヤナギ,Salix caprea,ヤナギ科,SALICACEAE,ヤナギ属,Salix,高木,15 m,,南千島・北海道・本州（近畿地方以東）・四国,山麓や丘陵地のやや乾いた場所,,,45,日本の野生植物 第2巻,23,原PDF画像目視確認＋macOS Vision OCR補助＋手動要約,include,パッコヤナギ,原PDF画像の種見出しと本文境界を確認し、客観的事実のみ短く要約。主観・利用推奨・不確かなOCRは除外。 OCR候補名「パッコヤナギ」を「バッコヤナギ」へ訂正。
wildplants-v2-parser-miss-0008,volume2_legacy_parser_misses,2,日本の野生植物 2- ミゾハコベ科～スイカズラ科 ―フィールド版―改訂新版.pdf,2d104638c72cbfc58f17ab38223bce3d7798f72abc2d14fa4495a3a7546f3b12,2026-07-12,レンゲイワヤナギ,Salix nakamurana,ヤナギ科,SALICACEAE,ヤナギ属,Salix,低木,10 cm,,北海道（利尻島・大雪山）,高山帯,,,44,日本の野生植物 第2巻,23,原PDF画像目視確認＋macOS Vision OCR補助＋手動要約,include,,原PDF画像の種見出しと本文境界を確認し、客観的事実のみ短く要約。主観・利用推奨・不確かなOCRは除外。
wildplants-v2-parser-miss-0009,volume2_legacy_parser_misses,2,日本の野生植物 2- ミゾハコベ科～スイカズラ科 ―フィールド版―改訂新版.pdf,2d104638c72cbfc58f17ab38223bce3d7798f72abc2d14fa4495a3a7546f3b12,2026-07-12,ミヤマヤナギ,Salix reinii,ヤナギ科,SALICACEAE,ヤナギ属,Salix,低木,30～200 cm,,北海道・本州中部以北、千島・沿海州・樺太南部,高山・亜高山,,,46,日本の野生植物 第2巻,24,原PDF画像目視確認＋macOS Vision OCR補助＋手動要約,include,,原PDF画像の種見出しと本文境界を確認し、客観的事実のみ短く要約。主観・利用推奨・不確かなOCRは除外。
wildplants-v2-parser-miss-0010,volume2_legacy_parser_misses,2,日本の野生植物 2- ミゾハコベ科～スイカズラ科 ―フィールド版―改訂新版.pdf,2d104638c72cbfc58f17ab38223bce3d7798f72abc2d14fa4495a3a7546f3b12,2026-07-12,キスミレ,Viola orientalis,スミレ科,VIOLACEAE,スミレ属,Viola,多年草,,3～5月,,山地の草原に生える、高さ5～15 cmの多年草,,,55,日本の野生植物 第2巻,28,原PDF画像目視確認＋macOS Vision OCR補助＋手動要約,include,,原PDF画像の種見出しと本文境界を確認し、客観的事実のみ短く要約。主観・利用推奨・不確かなOCRは除外。
wildplants-v2-parser-miss-0011,volume2_legacy_parser_misses,2,日本の野生植物 2- ミゾハコベ科～スイカズラ科 ―フィールド版―改訂新版.pdf,2d104638c72cbfc58f17ab38223bce3d7798f72abc2d14fa4495a3a7546f3b12,2026-07-12,タカネスミレ,Viola crassa,スミレ科,VIOLACEAE,スミレ属,Viola,多年草,5～12 cm,6～8月,本州北部（岩手山・秋田駒ヶ岳・薬師岳）に分布する,高山の砂礫地に生える、高さ5～12 cmの多年草,,,55,日本の野生植物 第2巻,28,原PDF画像目視確認＋macOS Vision OCR補助＋手動要約,include,,原PDF画像の種見出しと本文境界を確認し、客観的事実のみ短く要約。主観・利用推奨・不確かなOCRは除外。
wildplants-v2-parser-miss-0012,volume2_legacy_parser_misses,2,日本の野生植物 2- ミゾハコベ科～スイカズラ科 ―フィールド版―改訂新版.pdf,2d104638c72cbfc58f17ab38223bce3d7798f72abc2d14fa4495a3a7546f3b12,2026-07-12,タニマスミレ,Viola epipsiloides,スミレ科,VIOLACEAE,スミレ属,Viola,多年草,2～10 cm,6～7月,南千島・北海道（羊蹄山・雨竜沼・大雪山）に分布する朝鮮半島北部・中国東北部・千島列島・サハリン・カムチャツカ半島・ロシア沿海地方・アラスカに広く分布する,山地～高山の湿原または湿地に生える、高さ2～10 cmの多年草,,,56,日本の野生植物 第2巻,29,原PDF画像目視確認＋macOS Vision OCR補助＋手動要約,include,,原PDF画像の種見出しと本文境界を確認し、客観的事実のみ短く要約。主観・利用推奨・不確かなOCRは除外。
wildplants-v2-parser-miss-0013,volume2_legacy_parser_misses,2,日本の野生植物 2- ミゾハコベ科～スイカズラ科 ―フィールド版―改訂新版.pdf,2d104638c72cbfc58f17ab38223bce3d7798f72abc2d14fa4495a3a7546f3b12,2026-07-12,ツクシスミレ,Viola diffusa,スミレ科,VIOLACEAE,スミレ属,Viola,多年草,3～10 cm,2～5月,九州（長崎県・熊本県・鹿児島県）・沖縄本島に分布する,路傍や土手など人里近くの湿り気のある木陰に生える、高さ3～10 cmの多年草,,,59,日本の野生植物 第2巻,30,原PDF画像目視確認＋macOS Vision OCR補助＋手動要約,include,,原PDF画像の種見出しと本文境界を確認し、客観的事実のみ短く要約。主観・利用推奨・不確かなOCRは除外。
wildplants-v2-parser-miss-0014,volume2_legacy_parser_misses,2,日本の野生植物 2- ミゾハコベ科～スイカズラ科 ―フィールド版―改訂新版.pdf,2d104638c72cbfc58f17ab38223bce3d7798f72abc2d14fa4495a3a7546f3b12,2026-07-12,エゾアオイスミレ,Viola collina,スミレ科,VIOLACEAE,スミレ属,Viola,多年草,3～10 cm,4～5月,南千島・北海道・本州（中部地方以北）、朝鮮半島・中国（東北部）・ロシア極東地方・モンゴルをはじめとしてユーラシアの亜寒帯に広く分布する,山地～亜高山の夏緑樹林の湿り気のある林内や林縁に生える、高さ3～10 cmの多年草,,,60,日本の野生植物 第2巻,31,原PDF画像目視確認＋macOS Vision OCR補助＋手動要約,include,,原PDF画像の種見出しと本文境界を確認し、客観的事実のみ短く要約。主観・利用推奨・不確かなOCRは除外。
wildplants-v2-parser-miss-0015,volume2_legacy_parser_misses,2,日本の野生植物 2- ミゾハコベ科～スイカズラ科 ―フィールド版―改訂新版.pdf,2d104638c72cbfc58f17ab38223bce3d7798f72abc2d14fa4495a3a7546f3b12,2026-07-12,ツボスミレ,Viola verecunda,スミレ科,VIOLACEAE,スミレ属,Viola,多年草,5～30 cm,3～5月,南千島・北海道～九州（屋久島以北）、朝鮮半島・台湾・中国・サハリン・ロシア沿海地方を経由して、東南アジア・インド・ヒマラヤに広く分布する,水田のあぜや水路など、平地～丘陵地の日当りのよい水湿地に生える、高さ5～30 cmの多年草,,,60,日本の野生植物 第2巻,31,原PDF画像目視確認＋macOS Vision OCR補助＋手動要約,include,,原PDF画像の種見出しと本文境界を確認し、客観的事実のみ短く要約。主観・利用推奨・不確かなOCRは除外。
wildplants-v2-parser-miss-0016,volume2_legacy_parser_misses,2,日本の野生植物 2- ミゾハコベ科～スイカズラ科 ―フィールド版―改訂新版.pdf,2d104638c72cbfc58f17ab38223bce3d7798f72abc2d14fa4495a3a7546f3b12,2026-07-12,ナガハシスミレ,Viola rostrata var. japonica,スミレ科,VIOLACEAE,スミレ属,Viola,多年草,7～20 cm,4～6月,北海道（西南部・浜賀別町）・本州（鳥取県以北）・四国に分布し、産地の多くは日本海側地域に偏るが、太平洋側地域でも見いだされている,崩壊地に生える、高さ7～20 cmの多年草,,,61,日本の野生植物 第2巻,31,原PDF画像目視確認＋macOS Vision OCR補助＋手動要約,include,,原PDF画像の種見出しと本文境界を確認し、客観的事実のみ短く要約。主観・利用推奨・不確かなOCRは除外。
wildplants-v2-parser-miss-0017,volume2_legacy_parser_misses,2,日本の野生植物 2- ミゾハコベ科～スイカズラ科 ―フィールド版―改訂新版.pdf,2d104638c72cbfc58f17ab38223bce3d7798f72abc2d14fa4495a3a7546f3b12,2026-07-12,カワゴケソウ,Cladopus doianus,カワゴケソウ科,PODOSTEMACEAE,カワゴケソウ属,Cladopus,一年草,,10～12月,鹿児島県西部の川内川、中部の天降川と犬飼滝、龍門滝、大隅半島の安楽川、薩摩半島の万之瀬川や馬渡川、および中国東南部（福建省）に分布する,流水中の岩上に生える一年草、ときに多年草,,,66,日本の野生植物 第2巻,34,原PDF画像目視確認＋macOS Vision OCR補助＋手動要約,include,,原PDF画像の種見出しと本文境界を確認し、客観的事実のみ短く要約。主観・利用推奨・不確かなOCRは除外。
wildplants-v2-parser-miss-0018,volume2_legacy_parser_misses,2,日本の野生植物 2- ミゾハコベ科～スイカズラ科 ―フィールド版―改訂新版.pdf,2d104638c72cbfc58f17ab38223bce3d7798f72abc2d14fa4495a3a7546f3b12,2026-07-12,クロテンシラトリオトギリ,Hypericum watanabei,オトギリソウ科,HYPERICACEAE,オトギリソウ属,Hypericum,多年草,20～40 cm,,,北海道の超塩基性岩地に生え、高さ20～40 cmになる多年草,,,72,日本の野生植物 第2巻,37,原PDF画像目視確認＋macOS Vision OCR補助＋手動要約,include,,原PDF画像の種見出しと本文境界を確認し、客観的事実のみ短く要約。主観・利用推奨・不確かなOCRは除外。
wildplants-v2-parser-miss-0019,volume2_legacy_parser_misses,2,日本の野生植物 2- ミゾハコベ科～スイカズラ科 ―フィールド版―改訂新版.pdf,2d104638c72cbfc58f17ab38223bce3d7798f72abc2d14fa4495a3a7546f3b12,2026-07-12,イヨフウロ,Geranium shikokianum,フウロソウ科,GERANIACEAE,フウロソウ属,Geranium,多年草,30～80 cm,7～9月,本州（東海地方以西）・四国・九州に分布する,山地の草地に生える高さ30～80 cmの多年草,,,77,日本の野生植物 第2巻,39,原PDF画像目視確認＋macOS Vision OCR補助＋手動要約,include,,原PDF画像の種見出しと本文境界を確認し、客観的事実のみ短く要約。主観・利用推奨・不確かなOCRは除外。
wildplants-v2-parser-miss-0020,volume2_legacy_parser_misses,2,日本の野生植物 2- ミゾハコベ科～スイカズラ科 ―フィールド版―改訂新版.pdf,2d104638c72cbfc58f17ab38223bce3d7798f72abc2d14fa4495a3a7546f3b12,2026-07-12,ゲンノショウコ,Geranium thunbergii,フウロソウ科,GERANIACEAE,フウロソウ属,Geranium,多年草,30～50 cm,7～10月,南千島・北海道～九州・奄美大島に広く分布し、朝鮮半島・台湾・中国（中部）・ロシア極東地方にもある,山野の草地に生える高さ30～50 cmの多年草,,,76,日本の野生植物 第2巻,39,原PDF画像目視確認＋macOS Vision OCR補助＋手動要約,include,,原PDF画像の種見出しと本文境界を確認し、客観的事実のみ短く要約。主観・利用推奨・不確かなOCRは除外。
wildplants-v2-parser-miss-0021,volume2_legacy_parser_misses,2,日本の野生植物 2- ミゾハコベ科～スイカズラ科 ―フィールド版―改訂新版.pdf,2d104638c72cbfc58f17ab38223bce3d7798f72abc2d14fa4495a3a7546f3b12,2026-07-12,モモタマナ,Terminalia catappa,シクンシ科,COMBRETACEAE,モモタマナ属,Terminalia,半落葉性高木,最大25 m,,琉球（沖縄島以南）・小笠原、台湾・中国南部・旧世界の熱帯,海岸近く,,,78,日本の野生植物 第2巻,40,原PDF画像目視確認＋macOS Vision OCR補助＋手動要約,include,,原PDF画像の種見出しと本文境界を確認し、客観的事実のみ短く要約。主観・利用推奨・不確かなOCRは除外。
wildplants-v2-parser-miss-0022,volume2_legacy_parser_misses,2,日本の野生植物 2- ミゾハコベ科～スイカズラ科 ―フィールド版―改訂新版.pdf,2d104638c72cbfc58f17ab38223bce3d7798f72abc2d14fa4495a3a7546f3b12,2026-07-12,ハマザクロ,Sonneratia alba,ミソハギ科,LYTHRACEAE,ハマザクロ属,Sonneratia,高木,2～8 m,,琉球（小浜島・西表島）、中国（海南島）・アフリカ東部・東南アジア・オーストラリア北部・太平洋諸島に分布する,マングローブに生える常緑の高木,,,82,日本の野生植物 第2巻,42,原PDF画像目視確認＋macOS Vision OCR補助＋手動要約,include,,原PDF画像の種見出しと本文境界を確認し、客観的事実のみ短く要約。主観・利用推奨・不確かなOCRは除外。
wildplants-v2-parser-miss-0023,volume2_legacy_parser_misses,2,日本の野生植物 2- ミゾハコベ科～スイカズラ科 ―フィールド版―改訂新版.pdf,2d104638c72cbfc58f17ab38223bce3d7798f72abc2d14fa4495a3a7546f3b12,2026-07-12,ヒメアカバナ,Epilobium fauriei,アカバナ科,ONAGRACEAE,アカバナ属,Epilobium,多年草,,7～9月,南千島・北海道・本州（伯者大山が浦限）に分布し、千島列島・カムチャツカ半島にもある,高山の砂礫地に生える多年草,,,87,日本の野生植物 第2巻,44,原PDF画像目視確認＋macOS Vision OCR補助＋手動要約,include,,原PDF画像の種見出しと本文境界を確認し、客観的事実のみ短く要約。主観・利用推奨・不確かなOCRは除外。
wildplants-v2-parser-miss-0024,volume2_legacy_parser_misses,2,日本の野生植物 2- ミゾハコベ科～スイカズラ科 ―フィールド版―改訂新版.pdf,2d104638c72cbfc58f17ab38223bce3d7798f72abc2d14fa4495a3a7546f3b12,2026-07-12,バンジロウ,Psidium guajava,フトモモ科,MYRTACEAE,バンジロウ属,Psidium,小高木,,,,,,,91,日本の野生植物 第2巻,46,原PDF画像目視確認＋macOS Vision OCR補助＋手動要約,include,パンジロウ,原PDF画像の種見出しと本文境界を確認し、客観的事実のみ短く要約。主観・利用推奨・不確かなOCRは除外。 OCR候補名「パンジロウ」を「バンジロウ」へ訂正。
wildplants-v2-parser-miss-0025,volume2_legacy_parser_misses,2,日本の野生植物 2- ミゾハコベ科～スイカズラ科 ―フィールド版―改訂新版.pdf,2d104638c72cbfc58f17ab38223bce3d7798f72abc2d14fa4495a3a7546f3b12,2026-07-12,ウリカエデ,Acer crataegifolium,ムクロジ科,SAPINDACEAE,カエデ属,Acer,落葉小高木,約5 m,,本州（宮城県南部以南）・四国・九州の日本固有種,低山の林縁,,,103,日本の野生植物 第2巻,52,原PDF画像目視確認＋macOS Vision OCR補助＋手動要約,include,,原PDF画像の種見出しと本文境界を確認し、客観的事実のみ短く要約。主観・利用推奨・不確かなOCRは除外。
wildplants-v2-parser-miss-0026,volume2_legacy_parser_misses,2,日本の野生植物 2- ミゾハコベ科～スイカズラ科 ―フィールド版―改訂新版.pdf,2d104638c72cbfc58f17ab38223bce3d7798f72abc2d14fa4495a3a7546f3b12,2026-07-12,オオモミジ,Acer amoenum var. amoenum,ムクロジ科,SAPINDACEAE,カエデ属,Acer,落葉小高木または高木,最大15 m,,北海道中部以南・本州・四国・九州の日本固有種,低山の林内,,,103,日本の野生植物 第2巻,52,原PDF画像目視確認＋macOS Vision OCR補助＋手動要約,include,,原PDF画像の種見出しと本文境界を確認し、客観的事実のみ短く要約。主観・利用推奨・不確かなOCRは除外。
wildplants-v2-parser-miss-0027,volume2_legacy_parser_misses,2,日本の野生植物 2- ミゾハコベ科～スイカズラ科 ―フィールド版―改訂新版.pdf,2d104638c72cbfc58f17ab38223bce3d7798f72abc2d14fa4495a3a7546f3b12,2026-07-12,コハウチワカエデ,Acer sieboldianum,ムクロジ科,SAPINDACEAE,カエデ属,Acer,落葉小高木,15 m,,,低山の林内に生える落葉小高木または高木、高さ15 mに及ぶ,,,103,日本の野生植物 第2巻,52,原PDF画像目視確認＋macOS Vision OCR補助＋手動要約,include,,原PDF画像の種見出しと本文境界を確認し、客観的事実のみ短く要約。主観・利用推奨・不確かなOCRは除外。
wildplants-v2-parser-miss-0028,volume2_legacy_parser_misses,2,日本の野生植物 2- ミゾハコベ科～スイカズラ科 ―フィールド版―改訂新版.pdf,2d104638c72cbfc58f17ab38223bce3d7798f72abc2d14fa4495a3a7546f3b12,2026-07-12,イタヤカエデ,Acer pictum,ムクロジ科,SAPINDACEAE,カエデ属,Acer,落葉高木,25 m,,北海道・本州・四国・九州に自生し、朝鮮半島・中国・極東ロシアに分布する,暖帯および温帯の山地に生える落葉高木、高さ25 mに及ぶ,,,105,日本の野生植物 第2巻,53,原PDF画像目視確認＋macOS Vision OCR補助＋手動要約,include,,原PDF画像の種見出しと本文境界を確認し、客観的事実のみ短く要約。主観・利用推奨・不確かなOCRは除外。
wildplants-v2-parser-miss-0029,volume2_legacy_parser_misses,2,日本の野生植物 2- ミゾハコベ科～スイカズラ科 ―フィールド版―改訂新版.pdf,2d104638c72cbfc58f17ab38223bce3d7798f72abc2d14fa4495a3a7546f3b12,2026-07-12,オガラバナ,Acer ukurunduense,ムクロジ科,SAPINDACEAE,カエデ属,Acer,落葉小高木,1～3 m,,南千島（色丹島）・北海道・本州（中部以北および奈良県）に自生し、千島列島（中部以南）・東シベリア・サハリン・アムール・中国（東北）・朝鮮半島に分布する,低山または亜高山の林縁や林に生える落葉小高木,,,104,日本の野生植物 第2巻,53,原PDF画像目視確認＋macOS Vision OCR補助＋手動要約,include,,原PDF画像の種見出しと本文境界を確認し、客観的事実のみ短く要約。主観・利用推奨・不確かなOCRは除外。
wildplants-v2-parser-miss-0030,volume2_legacy_parser_misses,2,日本の野生植物 2- ミゾハコベ科～スイカズラ科 ―フィールド版―改訂新版.pdf,2d104638c72cbfc58f17ab38223bce3d7798f72abc2d14fa4495a3a7546f3b12,2026-07-12,カジカエデ,Acer diabolicum,ムクロジ科,SAPINDACEAE,カエデ属,Acer,落葉小高木,20 m,,,暖帯および温帯の山地林内に生える落葉小高木ないし高木,,,104,日本の野生植物 第2巻,53,原PDF画像目視確認＋macOS Vision OCR補助＋手動要約,include,,原PDF画像の種見出しと本文境界を確認し、客観的事実のみ短く要約。主観・利用推奨・不確かなOCRは除外。
wildplants-v2-parser-miss-0031,volume2_legacy_parser_misses,2,日本の野生植物 2- ミゾハコベ科～スイカズラ科 ―フィールド版―改訂新版.pdf,2d104638c72cbfc58f17ab38223bce3d7798f72abc2d14fa4495a3a7546f3b12,2026-07-12,チドリノキ,Acer carpinifolium,ムクロジ科,SAPINDACEAE,カエデ属,Acer,落葉小高木,10 m,,,温帯の山地の谷間に生える落葉小高木ないし高木、高さ10 mになる,,,104,日本の野生植物 第2巻,53,原PDF画像目視確認＋macOS Vision OCR補助＋手動要約,include,,原PDF画像の種見出しと本文境界を確認し、客観的事実のみ短く要約。主観・利用推奨・不確かなOCRは除外。
wildplants-v2-parser-miss-0032,volume2_legacy_parser_misses,2,日本の野生植物 2- ミゾハコベ科～スイカズラ科 ―フィールド版―改訂新版.pdf,2d104638c72cbfc58f17ab38223bce3d7798f72abc2d14fa4495a3a7546f3b12,2026-07-12,ホソエカエデ,Acer capillipes,ムクロジ科,SAPINDACEAE,カエデ属,Acer,落葉小高木,10～15 m,,,低山の林内に生える落葉小高木ないし高木、高さ10～15 m,,,104,日本の野生植物 第2巻,53,原PDF画像目視確認＋macOS Vision OCR補助＋手動要約,include,,原PDF画像の種見出しと本文境界を確認し、客観的事実のみ短く要約。主観・利用推奨・不確かなOCRは除外。
wildplants-v2-parser-miss-0033,volume2_legacy_parser_misses,2,日本の野生植物 2- ミゾハコベ科～スイカズラ科 ―フィールド版―改訂新版.pdf,2d104638c72cbfc58f17ab38223bce3d7798f72abc2d14fa4495a3a7546f3b12,2026-07-12,ハウチワノキ,Dodonaea viscosa,ムクロジ科,SAPINDACEAE,ハウチワノキ属,Dodonaea,常緑低木,2～4 m,,小笠原および琉球（奄美徳之島以南）に産し、台湾・中国（商部と商西部）、東南アジアなど世界の熱帯および亜熱帯に広く分布する,,,,107,日本の野生植物 第2巻,54,原PDF画像目視確認＋macOS Vision OCR補助＋手動要約,include,,原PDF画像の種見出しと本文境界を確認し、客観的事実のみ短く要約。主観・利用推奨・不確かなOCRは除外。
wildplants-v2-parser-miss-0034,volume2_legacy_parser_misses,2,日本の野生植物 2- ミゾハコベ科～スイカズラ科 ―フィールド版―改訂新版.pdf,2d104638c72cbfc58f17ab38223bce3d7798f72abc2d14fa4495a3a7546f3b12,2026-07-12,ニワウルシ,Ailanthus altissima,ニガキ科,SIMAROUBACEAE,ニワウルシ属,Ailanthus,高木,10～20 m,,,野生化している場所もしばしば見られる,,,115,日本の野生植物 第2巻,58,原PDF画像目視確認＋macOS Vision OCR補助＋手動要約,include,,原PDF画像の種見出しと本文境界を確認し、客観的事実のみ短く要約。主観・利用推奨・不確かなOCRは除外。
wildplants-v2-parser-miss-0035,volume2_legacy_parser_misses,2,日本の野生植物 2- ミゾハコベ科～スイカズラ科 ―フィールド版―改訂新版.pdf,2d104638c72cbfc58f17ab38223bce3d7798f72abc2d14fa4495a3a7546f3b12,2026-07-12,センダン,Melia azedarach,センダン科,MELIACEAE,センダン属,Melia,落葉高木,7～10 m（最大20 m）,,四国・九州・小笠原・琉球、台湾・中国・インドシナ・東南アジア・インド・ヒマラヤ・オーストラリア,暖地の海近くの林内,,,116,日本の野生植物 第2巻,59,原PDF画像目視確認＋macOS Vision OCR補助＋手動要約,include,,原PDF画像の種見出しと本文境界を確認し、客観的事実のみ短く要約。主観・利用推奨・不確かなOCRは除外。
wildplants-v2-parser-miss-0036,volume2_legacy_parser_misses,2,日本の野生植物 2- ミゾハコベ科～スイカズラ科 ―フィールド版―改訂新版.pdf,2d104638c72cbfc58f17ab38223bce3d7798f72abc2d14fa4495a3a7546f3b12,2026-07-12,オオハマボウ,Hibiscus tiliaceus,アオイ科,MALVACEAE,フヨウ属,Hibiscus,常緑小高木,,,小笠原諸島、屋久島・種子島～琉球、世界の熱帯域,海岸の砂泥地,,,123,日本の野生植物 第2巻,62,原PDF画像目視確認＋macOS Vision OCR補助＋手動要約,include,,原PDF画像の種見出しと本文境界を確認し、客観的事実のみ短く要約。主観・利用推奨・不確かなOCRは除外。
wildplants-v2-parser-miss-0037,volume2_legacy_parser_misses,2,日本の野生植物 2- ミゾハコベ科～スイカズラ科 ―フィールド版―改訂新版.pdf,2d104638c72cbfc58f17ab38223bce3d7798f72abc2d14fa4495a3a7546f3b12,2026-07-12,ハテルマカズラ,Triumfetta procumbens,アオイ科,MALVACEAE,ラセンソウ属,Triumfetta,常緑低木,,,小笠原（硫黄島）・琉球（慶良間列島・先島諸島）の海岸に生え、インド洋・マレーシア・ポリネシア・ミクロネシアの島々に分布する,小笠原（硫黄島）・琉球（慶良間列島・先島諸島）の海岸に生え,,,126,日本の野生植物 第2巻,64,原PDF画像目視確認＋macOS Vision OCR補助＋手動要約,include,,原PDF画像の種見出しと本文境界を確認し、客観的事実のみ短く要約。主観・利用推奨・不確かなOCRは除外。
wildplants-v2-parser-miss-0038,volume2_legacy_parser_misses,2,日本の野生植物 2- ミゾハコベ科～スイカズラ科 ―フィールド版―改訂新版.pdf,2d104638c72cbfc58f17ab38223bce3d7798f72abc2d14fa4495a3a7546f3b12,2026-07-12,シャクナンガンピ,Daphnimorpha kudoi,ジンチョウゲ科,THYMELAEACEAE,シャクナンガンピ属,Daphnimorpha,落葉低木,約1.5 m,,屋久島固有,花之江河より上部の標高1400～1900 mの風衝地などの低い茂み。ときにスギなどの樹上に着生,,,129,日本の野生植物 第2巻,65,原PDF画像目視確認＋macOS Vision OCR補助＋手動要約,include,シャクナンガンビ,原PDF画像の種見出しと本文境界を確認し、客観的事実のみ短く要約。主観・利用推奨・不確かなOCRは除外。 OCR候補名「シャクナンガンビ」を「シャクナンガンピ」へ訂正。
wildplants-v2-parser-miss-0039,volume2_legacy_parser_misses,2,日本の野生植物 2- ミゾハコベ科～スイカズラ科 ―フィールド版―改訂新版.pdf,2d104638c72cbfc58f17ab38223bce3d7798f72abc2d14fa4495a3a7546f3b12,2026-07-12,ガンピ,Diplomorpha sikokiana,ジンチョウゲ科,THYMELAEACEAE,ガンピ属,Diplomorpha,低木,2 m,,,本州（静岡県掛川市小笠山および石川県南部以西）・四国・九州（佐賀県西部）の比較的日の当たる砂質土あるいは蛇紋岩地に生育する,,,130,日本の野生植物 第2巻,66,原PDF画像目視確認＋macOS Vision OCR補助＋手動要約,include,ガンビ,原PDF画像の種見出しと本文境界を確認し、客観的事実のみ短く要約。主観・利用推奨・不確かなOCRは除外。 OCR候補名「ガンビ」を「ガンピ」へ訂正。
wildplants-v2-parser-miss-0040,volume2_legacy_parser_misses,2,日本の野生植物 2- ミゾハコベ科～スイカズラ科 ―フィールド版―改訂新版.pdf,2d104638c72cbfc58f17ab38223bce3d7798f72abc2d14fa4495a3a7546f3b12,2026-07-12,キガンピ,Diplomorpha trichotoma,ジンチョウゲ科,THYMELAEACEAE,ガンピ属,Diplomorpha,低木,1～2 m,,,本州（近畿地方および中国地方西部）・四国・九州（大隅半島以北）、朝鮮半島南部の山中のやや向陽の地（標高1000 m以下）に生育する,,,130,日本の野生植物 第2巻,66,原PDF画像目視確認＋macOS Vision OCR補助＋手動要約,include,,原PDF画像の種見出しと本文境界を確認し、客観的事実のみ短く要約。主観・利用推奨・不確かなOCRは除外。
wildplants-v2-parser-miss-0041,volume2_legacy_parser_misses,2,日本の野生植物 2- ミゾハコベ科～スイカズラ科 ―フィールド版―改訂新版.pdf,2d104638c72cbfc58f17ab38223bce3d7798f72abc2d14fa4495a3a7546f3b12,2026-07-12,ミヤマガンピ,Diplomorpha albiflora,ジンチョウゲ科,THYMELAEACEAE,ガンピ属,Diplomorpha,低木,1 m,,,,,,130,日本の野生植物 第2巻,66,原PDF画像目視確認＋macOS Vision OCR補助＋手動要約,include,,原PDF画像の種見出しと本文境界を確認し、客観的事実のみ短く要約。主観・利用推奨・不確かなOCRは除外。
wildplants-v2-parser-miss-0042,volume2_legacy_parser_misses,2,日本の野生植物 2- ミゾハコベ科～スイカズラ科 ―フィールド版―改訂新版.pdf,2d104638c72cbfc58f17ab38223bce3d7798f72abc2d14fa4495a3a7546f3b12,2026-07-12,ハクサンハタザオ,Arabidopsis halleri subsp. gemmifera var. senanensis,アブラナ科,BRASSICACEAE,シロイヌナズナ属,Arabidopsis,,10～30 cm,3～7月,北海道・本州・四国（剣山）・九州（宮崎県）、台湾・朝鮮半島・中国東北部（長白山）・極東ロシアに分布する,山地の岩礫地に生える多年草で半陰地を好む,,,139,日本の野生植物 第2巻,70,原PDF画像目視確認＋macOS Vision OCR補助＋手動要約,include,,原PDF画像の種見出しと本文境界を確認し、客観的事実のみ短く要約。主観・利用推奨・不確かなOCRは除外。
wildplants-v2-parser-miss-0043,volume2_legacy_parser_misses,2,日本の野生植物 2- ミゾハコベ科～スイカズラ科 ―フィールド版―改訂新版.pdf,2d104638c72cbfc58f17ab38223bce3d7798f72abc2d14fa4495a3a7546f3b12,2026-07-12,ヒロハコンロンソウ,Cardamine appendiculata,アブラナ科,BRASSICACEAE,タネツケバナ属,Cardamine,多年草,30～60 cm,5～7月,,山地の谷間の流れの淵に生える多年草,,,144,日本の野生植物 第2巻,73,原PDF画像目視確認＋macOS Vision OCR補助＋手動要約,include,,原PDF画像の種見出しと本文境界を確認し、客観的事実のみ短く要約。主観・利用推奨・不確かなOCRは除外。
wildplants-v2-parser-miss-0044,volume2_legacy_parser_misses,2,日本の野生植物 2- ミゾハコベ科～スイカズラ科 ―フィールド版―改訂新版.pdf,2d104638c72cbfc58f17ab38223bce3d7798f72abc2d14fa4495a3a7546f3b12,2026-07-12,イヌナズナ,Draba nemorosa,アブラナ科,BRASSICACEAE,イヌナズナ属,Draba,,,3～6月,北海道～九州に見られ、北半球に広く分布する,河川敷や林縁などに生える高さ5～30（ー60）cmの越年草,,,147,日本の野生植物 第2巻,74,原PDF画像目視確認＋macOS Vision OCR補助＋手動要約,include,,原PDF画像の種見出しと本文境界を確認し、客観的事実のみ短く要約。主観・利用推奨・不確かなOCRは除外。
wildplants-v2-parser-miss-0045,volume2_legacy_parser_misses,2,日本の野生植物 2- ミゾハコベ科～スイカズラ科 ―フィールド版―改訂新版.pdf,2d104638c72cbfc58f17ab38223bce3d7798f72abc2d14fa4495a3a7546f3b12,2026-07-12,エゾイヌナズナ,Draba borealis,アブラナ科,BRASSICACEAE,イヌナズナ属,Draba,多年草,5～20 cm,5～7月,本州（下北半島）・北海道・南千島、サハリン・ロシア沿海地方・アラスカに分布する,海岸や山地～亜高山の岩場に生え、高さ5～20 cmになる多年草,,,147,日本の野生植物 第2巻,74,原PDF画像目視確認＋macOS Vision OCR補助＋手動要約,include,エゾイヌナスナ,原PDF画像の種見出しと本文境界を確認し、客観的事実のみ短く要約。主観・利用推奨・不確かなOCRは除外。 OCR候補名「エゾイヌナスナ」を「エゾイヌナズナ」へ訂正。
wildplants-v2-parser-miss-0046,volume2_legacy_parser_misses,2,日本の野生植物 2- ミゾハコベ科～スイカズラ科 ―フィールド版―改訂新版.pdf,2d104638c72cbfc58f17ab38223bce3d7798f72abc2d14fa4495a3a7546f3b12,2026-07-12,キタダケナズナ,Draba kitadakensis,アブラナ科,BRASSICACEAE,イヌナズナ属,Draba,多年草,5～10 cm,6～7月,,高山帯の岩礫地に生える高さ5～10 cmの多年草,,,148,日本の野生植物 第2巻,75,原PDF画像目視確認＋macOS Vision OCR補助＋手動要約,include,キタダケナスナ,原PDF画像の種見出しと本文境界を確認し、客観的事実のみ短く要約。主観・利用推奨・不確かなOCRは除外。 OCR候補名「キタダケナスナ」を「キタダケナズナ」へ訂正。
wildplants-v2-parser-miss-0047,volume2_legacy_parser_misses,2,日本の野生植物 2- ミゾハコベ科～スイカズラ科 ―フィールド版―改訂新版.pdf,2d104638c72cbfc58f17ab38223bce3d7798f72abc2d14fa4495a3a7546f3b12,2026-07-12,タカネグンバイ,Noccaea cochleariformis,アブラナ科,BRASSICACEAE,タカネグンバイ属,Noccaea,多年草,8～20 cm,6～8月,北海道・本州（青森県津軽半島）にあり、国外では北半球の寒帯に広く分布する,山の岩礫地に生える多年草で全体無毛,,,151,日本の野生植物 第2巻,76,原PDF画像目視確認＋macOS Vision OCR補助＋手動要約,include,タカネグンパイ,原PDF画像の種見出しと本文境界を確認し、客観的事実のみ短く要約。主観・利用推奨・不確かなOCRは除外。 OCR候補名「タカネグンパイ」を「タカネグンバイ」へ訂正。
wildplants-v2-parser-miss-0048,volume2_legacy_parser_misses,2,日本の野生植物 2- ミゾハコベ科～スイカズラ科 ―フィールド版―改訂新版.pdf,2d104638c72cbfc58f17ab38223bce3d7798f72abc2d14fa4495a3a7546f3b12,2026-07-12,キバナハタザオ,Sisymbrium luteum,アブラナ科,BRASSICACEAE,キバナハタザオ属,Sisymbrium,多年草,30～120 cm,6～7月,本州と九州（対馬を含む）にまれに見られ、朝鮮半島・中国・ウスリー（南部）に分布する,山地に生える多年草で石灰岩地に多い,,,153,日本の野生植物 第2巻,77,原PDF画像目視確認＋macOS Vision OCR補助＋手動要約,include,,原PDF画像の種見出しと本文境界を確認し、客観的事実のみ短く要約。主観・利用推奨・不確かなOCRは除外。
wildplants-v2-parser-miss-0049,volume2_legacy_parser_misses,2,日本の野生植物 2- ミゾハコベ科～スイカズラ科 ―フィールド版―改訂新版.pdf,2d104638c72cbfc58f17ab38223bce3d7798f72abc2d14fa4495a3a7546f3b12,2026-07-12,ハリナズナ,Subularia aquatica,アブラナ科,BRASSICACEAE,ハリナズナ属,Subularia,,,6～8月,,亜高山帯の池沼の底の泥上に生える高さ5～7 cmの一年草,,,154,日本の野生植物 第2巻,78,原PDF画像目視確認＋macOS Vision OCR補助＋手動要約,include,,原PDF画像の種見出しと本文境界を確認し、客観的事実のみ短く要約。主観・利用推奨・不確かなOCRは除外。
wildplants-v2-parser-miss-0050,volume2_legacy_parser_misses,2,日本の野生植物 2- ミゾハコベ科～スイカズラ科 ―フィールド版―改訂新版.pdf,2d104638c72cbfc58f17ab38223bce3d7798f72abc2d14fa4495a3a7546f3b12,2026-07-12,オオイタドリ,Fallopia sachalinensis,タデ科,POLYGONACEAE,ソバカズラ属,Fallopia,多年草,,7～9月,南千島・北海道・本州中部以北に多く、千島列島中部・サハリン・鬱陵島（韓国）にも分布,山野に生える大型の多年草,,,168,日本の野生植物 第2巻,85,原PDF画像目視確認＋macOS Vision OCR補助＋手動要約,include,,原PDF画像の種見出しと本文境界を確認し、客観的事実のみ短く要約。主観・利用推奨・不確かなOCRは除外。
wildplants-v2-parser-miss-0051,volume2_legacy_parser_misses,2,日本の野生植物 2- ミゾハコベ科～スイカズラ科 ―フィールド版―改訂新版.pdf,2d104638c72cbfc58f17ab38223bce3d7798f72abc2d14fa4495a3a7546f3b12,2026-07-12,ママコノシリヌグイ,Persicaria senticosa,タデ科,POLYGONACEAE,イヌタデ属,Persicaria,一年草,1 m,5～10月,,道ばたや山野の林縁に生える一年草,,,171,日本の野生植物 第2巻,86,原PDF画像目視確認＋macOS Vision OCR補助＋手動要約,include,,原PDF画像の種見出しと本文境界を確認し、客観的事実のみ短く要約。主観・利用推奨・不確かなOCRは除外。
wildplants-v2-parser-miss-0052,volume2_legacy_parser_misses,2,日本の野生植物 2- ミゾハコベ科～スイカズラ科 ―フィールド版―改訂新版.pdf,2d104638c72cbfc58f17ab38223bce3d7798f72abc2d14fa4495a3a7546f3b12,2026-07-12,ウナギツカミ,Persicaria sagittata,タデ科,POLYGONACEAE,イヌタデ属,Persicaria,一年草,約1 m,7～10月,南千島・北海道～九州、朝鮮半島・中国・ヒマラヤ・シベリア・極東ロシア,水辺や溝、ときに湿った畑地,,,172,日本の野生植物 第2巻,87,原PDF画像目視確認＋macOS Vision OCR補助＋手動要約,include,,原PDF画像の種見出しと本文境界を確認し、客観的事実のみ短く要約。主観・利用推奨・不確かなOCRは除外。
wildplants-v2-parser-miss-0053,volume2_legacy_parser_misses,2,日本の野生植物 2- ミゾハコベ科～スイカズラ科 ―フィールド版―改訂新版.pdf,2d104638c72cbfc58f17ab38223bce3d7798f72abc2d14fa4495a3a7546f3b12,2026-07-12,イヌタデ,Persicaria longiseta,タデ科,POLYGONACEAE,イヌタデ属,Persicaria,一年草,20～60 cm,ふつう7～10月,南千島・北海道～琉球にふつうに見られ、サハリン・ウスリー・朝鮮半島・台湾・中国・東南アジア～マレーシア地域・ヒマラヤに分布し、北アメリカにも帰化している,,,,174,日本の野生植物 第2巻,88,原PDF画像目視確認＋macOS Vision OCR補助＋手動要約,include,,原PDF画像の種見出しと本文境界を確認し、客観的事実のみ短く要約。主観・利用推奨・不確かなOCRは除外。
wildplants-v2-parser-miss-0054,volume2_legacy_parser_misses,2,日本の野生植物 2- ミゾハコベ科～スイカズラ科 ―フィールド版―改訂新版.pdf,2d104638c72cbfc58f17ab38223bce3d7798f72abc2d14fa4495a3a7546f3b12,2026-07-12,シマヒメタデ,Persicaria tenella,タデ科,POLYGONACEAE,イヌタデ属,Persicaria,一年草,20 cm,8～翌年2月,本州（千葉県および和歌山県）・九州・琉球、台湾・中国南部から東南アジア・南アジアに広く分布する,休耕田などに生える一年草または多年草,,,174,日本の野生植物 第2巻,88,原PDF画像目視確認＋macOS Vision OCR補助＋手動要約,include,,原PDF画像の種見出しと本文境界を確認し、客観的事実のみ短く要約。主観・利用推奨・不確かなOCRは除外。
wildplants-v2-parser-miss-0055,volume2_legacy_parser_misses,2,日本の野生植物 2- ミゾハコベ科～スイカズラ科 ―フィールド版―改訂新版.pdf,2d104638c72cbfc58f17ab38223bce3d7798f72abc2d14fa4495a3a7546f3b12,2026-07-12,アキノミチヤナギ,Polygonum polyneuron,タデ科,POLYGONACEAE,ミチヤナギ属,Polygonum,一年草,100 cm,8～10月,北海道～九州に分布し、朝鮮半島・中国（東北部）・ウスリーの海岸にも知られる,海岸に生える一年草,,,176,日本の野生植物 第2巻,89,原PDF画像目視確認＋macOS Vision OCR補助＋手動要約,include,,原PDF画像の種見出しと本文境界を確認し、客観的事実のみ短く要約。主観・利用推奨・不確かなOCRは除外。
wildplants-v2-parser-miss-0056,volume2_legacy_parser_misses,2,日本の野生植物 2- ミゾハコベ科～スイカズラ科 ―フィールド版―改訂新版.pdf,2d104638c72cbfc58f17ab38223bce3d7798f72abc2d14fa4495a3a7546f3b12,2026-07-12,カラフトノダイオウ,Rumex gmelinii,タデ科,POLYGONACEAE,ギシギシ属,Rumex,多年草,0.4～1 m,7～8月,千島列島・サハリン・ウスリー・シベリア東部・朝鮮半島北部・中国東北部に分布する,湿原に生える大形の多年草,,,177,日本の野生植物 第2巻,89,原PDF画像目視確認＋macOS Vision OCR補助＋手動要約,include,,原PDF画像の種見出しと本文境界を確認し、客観的事実のみ短く要約。主観・利用推奨・不確かなOCRは除外。
wildplants-v2-parser-miss-0057,volume2_legacy_parser_misses,2,日本の野生植物 2- ミゾハコベ科～スイカズラ科 ―フィールド版―改訂新版.pdf,2d104638c72cbfc58f17ab38223bce3d7798f72abc2d14fa4495a3a7546f3b12,2026-07-12,スイバ,Rumex acetosa,タデ科,POLYGONACEAE,ギシギシ属,Rumex,多年草,30～100 cm,4～7月,,,,,177,日本の野生植物 第2巻,89,原PDF画像目視確認＋macOS Vision OCR補助＋手動要約,include,,原PDF画像の種見出しと本文境界を確認し、客観的事実のみ短く要約。主観・利用推奨・不確かなOCRは除外。
wildplants-v2-parser-miss-0058,volume2_legacy_parser_misses,2,日本の野生植物 2- ミゾハコベ科～スイカズラ科 ―フィールド版―改訂新版.pdf,2d104638c72cbfc58f17ab38223bce3d7798f72abc2d14fa4495a3a7546f3b12,2026-07-12,オオヤマフスマ,Arenaria lateriflora,ナデシコ科,CARYOPHYLLACEAE,ノミノツヅリ属,Arenaria,多年草,10～20 cm,6～8月,北海道・本州・四国・九州に分布する,山地の夏緑樹林内や林縁または草原に生える高さ10～20 cmの多年草,,,182,日本の野生植物 第2巻,92,原PDF画像目視確認＋macOS Vision OCR補助＋手動要約,include,,原PDF画像の種見出しと本文境界を確認し、客観的事実のみ短く要約。主観・利用推奨・不確かなOCRは除外。
wildplants-v2-parser-miss-0059,volume2_legacy_parser_misses,2,日本の野生植物 2- ミゾハコベ科～スイカズラ科 ―フィールド版―改訂新版.pdf,2d104638c72cbfc58f17ab38223bce3d7798f72abc2d14fa4495a3a7546f3b12,2026-07-12,カワラナデシコ,Dianthus superbus var. longicalycinus,ナデシコ科,CARYOPHYLLACEAE,ナデシコ属,Dianthus,多年草,30～80 cm,7～10月,本州～九州、朝鮮半島・中国・台湾,低地～山地の草原や河原,,,184,日本の野生植物 第2巻,93,原PDF画像目視確認＋macOS Vision OCR補助＋手動要約,include,,原PDF画像の種見出しと本文境界を確認し、客観的事実のみ短く要約。主観・利用推奨・不確かなOCRは除外。
wildplants-v2-parser-miss-0060,volume2_legacy_parser_misses,2,日本の野生植物 2- ミゾハコベ科～スイカズラ科 ―フィールド版―改訂新版.pdf,2d104638c72cbfc58f17ab38223bce3d7798f72abc2d14fa4495a3a7546f3b12,2026-07-12,ヤンバルハコベ,Drymaria diandra,ナデシコ科,CARYOPHYLLACEAE,ヤンバルハコベ属,Drymaria,一年草,30～80 cm,12～5月,沖縄、中国・インドシナ・マレーシア・インドのほかアフリカ・オーストラリアに分布する,路傍や耕作地などに生える高さ30～80 cmの一年草,,,185,日本の野生植物 第2巻,93,原PDF画像目視確認＋macOS Vision OCR補助＋手動要約,include,,原PDF画像の種見出しと本文境界を確認し、客観的事実のみ短く要約。主観・利用推奨・不確かなOCRは除外。
wildplants-v2-parser-miss-0061,volume2_legacy_parser_misses,2,日本の野生植物 2- ミゾハコベ科～スイカズラ科 ―フィールド版―改訂新版.pdf,2d104638c72cbfc58f17ab38223bce3d7798f72abc2d14fa4495a3a7546f3b12,2026-07-12,オグラセンノウ,Silene kiusiana,ナデシコ科,CARYOPHYLLACEAE,マンテマ属,Silene,多年草,60～100 cm,7～8月,本州（岡山県・広島県）・九州（大分県・熊本県）、朝鮮半島に分布する,山間の湿地に生える高さ60～100 cmの多年草,,,189,日本の野生植物 第2巻,95,原PDF画像目視確認＋macOS Vision OCR補助＋手動要約,include,,原PDF画像の種見出しと本文境界を確認し、客観的事実のみ短く要約。主観・利用推奨・不確かなOCRは除外。
wildplants-v2-parser-miss-0062,volume2_legacy_parser_misses,2,日本の野生植物 2- ミゾハコベ科～スイカズラ科 ―フィールド版―改訂新版.pdf,2d104638c72cbfc58f17ab38223bce3d7798f72abc2d14fa4495a3a7546f3b12,2026-07-12,センジュガンピ,Silene gracillima,ナデシコ科,CARYOPHYLLACEAE,マンテマ属,Silene,多年草,40～100 cm,7～8月,本州（北部・中部）に分布する,山地の林内や林縁に生える高さ40～100 cmの多年草,,,189,日本の野生植物 第2巻,95,原PDF画像目視確認＋macOS Vision OCR補助＋手動要約,include,,原PDF画像の種見出しと本文境界を確認し、客観的事実のみ短く要約。主観・利用推奨・不確かなOCRは除外。
wildplants-v2-parser-miss-0063,volume2_legacy_parser_misses,2,日本の野生植物 2- ミゾハコベ科～スイカズラ科 ―フィールド版―改訂新版.pdf,2d104638c72cbfc58f17ab38223bce3d7798f72abc2d14fa4495a3a7546f3b12,2026-07-12,オオビランジ,Silene keiskei,ナデシコ科,CARYOPHYLLACEAE,マンテマ属,Silene,多年草,,7～9月,本州中部（栃木県・群馬県・神奈川県・山梨県・長野県・静岡県）に分布する,山地の岩礫地に生える長さ20～60 cmの多年草,,,190,日本の野生植物 第2巻,96,原PDF画像目視確認＋macOS Vision OCR補助＋手動要約,include,,原PDF画像の種見出しと本文境界を確認し、客観的事実のみ短く要約。主観・利用推奨・不確かなOCRは除外。
wildplants-v2-parser-miss-0064,volume2_legacy_parser_misses,2,日本の野生植物 2- ミゾハコベ科～スイカズラ科 ―フィールド版―改訂新版.pdf,2d104638c72cbfc58f17ab38223bce3d7798f72abc2d14fa4495a3a7546f3b12,2026-07-12,タカネビランジ,Silene akaisialpina,ナデシコ科,CARYOPHYLLACEAE,マンテマ属,Silene,多年草,10～20 cm,7～9月,,南アルプスの岩礫地に生える高さ10～20 cmの多年草,,,190,日本の野生植物 第2巻,96,原PDF画像目視確認＋macOS Vision OCR補助＋手動要約,include,,原PDF画像の種見出しと本文境界を確認し、客観的事実のみ短く要約。主観・利用推奨・不確かなOCRは除外。
wildplants-v2-parser-miss-0065,volume2_legacy_parser_misses,2,日本の野生植物 2- ミゾハコベ科～スイカズラ科 ―フィールド版―改訂新版.pdf,2d104638c72cbfc58f17ab38223bce3d7798f72abc2d14fa4495a3a7546f3b12,2026-07-12,フシグロ,Silene firma,ナデシコ科,CARYOPHYLLACEAE,マンテマ属,Silene,,,6～9月,,平地の路傍や低山地の林縁に生える高さ30～100 cmの越年草,,,190,日本の野生植物 第2巻,96,原PDF画像目視確認＋macOS Vision OCR補助＋手動要約,include,,原PDF画像の種見出しと本文境界を確認し、客観的事実のみ短く要約。主観・利用推奨・不確かなOCRは除外。
wildplants-v2-parser-miss-0066,volume2_legacy_parser_misses,2,日本の野生植物 2- ミゾハコベ科～スイカズラ科 ―フィールド版―改訂新版.pdf,2d104638c72cbfc58f17ab38223bce3d7798f72abc2d14fa4495a3a7546f3b12,2026-07-12,オオハコベ,Stellaria bungeana,ナデシコ科,CARYOPHYLLACEAE,ハコベ属,Stellaria,多年草,30～80 cm,5～8月,北海道、アジア（北東部）・シベリア・ヨーロッパロシア（東部）に分布する,低地～山地の林縁や湿り気のある草原に生える高さ30～80 cmの多年草,,,192,日本の野生植物 第2巻,97,原PDF画像目視確認＋macOS Vision OCR補助＋手動要約,include,,原PDF画像の種見出しと本文境界を確認し、客観的事実のみ短く要約。主観・利用推奨・不確かなOCRは除外。
wildplants-v2-parser-miss-0067,volume2_legacy_parser_misses,2,日本の野生植物 2- ミゾハコベ科～スイカズラ科 ―フィールド版―改訂新版.pdf,2d104638c72cbfc58f17ab38223bce3d7798f72abc2d14fa4495a3a7546f3b12,2026-07-12,コハコベ,Stellaria media,ナデシコ科,CARYOPHYLLACEAE,ハコベ属,Stellaria,一年草または越年草,10～20 cm,3～9月,日本全土・世界各地,平地や山野,,,192,日本の野生植物 第2巻,97,原PDF画像目視確認＋macOS Vision OCR補助＋手動要約,include,,原PDF画像の種見出しと本文境界を確認し、客観的事実のみ短く要約。主観・利用推奨・不確かなOCRは除外。
wildplants-v2-parser-miss-0068,volume2_legacy_parser_misses,2,日本の野生植物 2- ミゾハコベ科～スイカズラ科 ―フィールド版―改訂新版.pdf,2d104638c72cbfc58f17ab38223bce3d7798f72abc2d14fa4495a3a7546f3b12,2026-07-12,シコタンハコベ,Stellaria ruscifolia,ナデシコ科,CARYOPHYLLACEAE,ハコベ属,Stellaria,多年草,3～15 cm,7～8月,南千島・北海道（知床半島・根室地方・中央高地・羊蹄山）・本州（日光・浅間山・北アルプス北部・八ヶ岳・南アルプス）、千島列島・サハリン・カムチャツカ半島・ロシア（沿海地方）に分布する,海岸から高山の岩礫地や岩壁に生える高さ3～15 cmの多年草,,,193,日本の野生植物 第2巻,97,原PDF画像目視確認＋macOS Vision OCR補助＋手動要約,include,,原PDF画像の種見出しと本文境界を確認し、客観的事実のみ短く要約。主観・利用推奨・不確かなOCRは除外。
wildplants-v2-parser-miss-0069,volume2_legacy_parser_misses,2,日本の野生植物 2- ミゾハコベ科～スイカズラ科 ―フィールド版―改訂新版.pdf,2d104638c72cbfc58f17ab38223bce3d7798f72abc2d14fa4495a3a7546f3b12,2026-07-12,ナガバツメクサ,Stellaria longifolia,ナデシコ科,CARYOPHYLLACEAE,ハコベ属,Stellaria,多年草,15～25 cm,6～7月,北海道・本州（東北地方）に分布し、種としては北半球の北部に広く分布する,山地から海岸の湿り気のある草原や湿地に生える高さ15～25 cmの多年草,,,193,日本の野生植物 第2巻,97,原PDF画像目視確認＋macOS Vision OCR補助＋手動要約,include,,原PDF画像の種見出しと本文境界を確認し、客観的事実のみ短く要約。主観・利用推奨・不確かなOCRは除外。
wildplants-v2-parser-miss-0070,volume2_legacy_parser_misses,2,日本の野生植物 2- ミゾハコベ科～スイカズラ科 ―フィールド版―改訂新版.pdf,2d104638c72cbfc58f17ab38223bce3d7798f72abc2d14fa4495a3a7546f3b12,2026-07-12,イノコヅチ,Achyranthes bidentata var. japonica,ヒユ科,AMARANTHACEAE,イノコヅチ属,Achyranthes,多年草,50～100 cm,8～9月,北海道（南部）～琉球（奄美諸島以北）の低地にふつうに見られ、朝鮮半島・台湾・中国（中部）に分布する,木陰や竹やぶ,,,196,日本の野生植物 第2巻,99,原PDF画像目視確認＋macOS Vision OCR補助＋手動要約,include,,原PDF画像の種見出しと本文境界を確認し、客観的事実のみ短く要約。主観・利用推奨・不確かなOCRは除外。
wildplants-v2-parser-miss-0071,volume2_legacy_parser_misses,2,日本の野生植物 2- ミゾハコベ科～スイカズラ科 ―フィールド版―改訂新版.pdf,2d104638c72cbfc58f17ab38223bce3d7798f72abc2d14fa4495a3a7546f3b12,2026-07-12,ケイノコヅチ,Achyranthes aspera,ヒユ科,AMARANTHACEAE,イノコヅチ属,Achyranthes,多年草,1.2 m,周年,奄美大島以南の琉球（大東諸島を含む）と小笠原（硫黄列島）に分布し、本州南部や九州の開港地にも一時的に野生化する,本州南部や九州の開港地にも一時的に野生化する,,,196,日本の野生植物 第2巻,99,原PDF画像目視確認＋macOS Vision OCR補助＋手動要約,include,,原PDF画像の種見出しと本文境界を確認し、客観的事実のみ短く要約。主観・利用推奨・不確かなOCRは除外。
wildplants-v2-parser-miss-0072,volume2_legacy_parser_misses,2,日本の野生植物 2- ミゾハコベ科～スイカズラ科 ―フィールド版―改訂新版.pdf,2d104638c72cbfc58f17ab38223bce3d7798f72abc2d14fa4495a3a7546f3b12,2026-07-12,ウツギ,Deutzia crenata var. crenata,アジサイ科,HYDRANGEACEAE,ウツギ属,Deutzia,落葉低木,,5月下旬～7月,北海道南部・本州・四国・九州,路傍や崖など山野の日当たりのよい場所,,,219,日本の野生植物 第2巻,110,原PDF画像目視確認＋macOS Vision OCR補助＋手動要約,include,,原PDF画像の種見出しと本文境界を確認し、客観的事実のみ短く要約。主観・利用推奨・不確かなOCRは除外。
wildplants-v2-parser-miss-0073,volume2_legacy_parser_misses,2,日本の野生植物 2- ミゾハコベ科～スイカズラ科 ―フィールド版―改訂新版.pdf,2d104638c72cbfc58f17ab38223bce3d7798f72abc2d14fa4495a3a7546f3b12,2026-07-12,ガクウツギ,Hortensia scandens,アジサイ科,HYDRANGEACEAE,アジサイ属,Hortensia,低木,,,,本州（関東南部・東海・近畿地方）・四国・九州に自生し、山地の斜面や林下に生える,,,222,日本の野生植物 第2巻,112,原PDF画像目視確認＋macOS Vision OCR補助＋手動要約,include,,原PDF画像の種見出しと本文境界を確認し、客観的事実のみ短く要約。主観・利用推奨・不確かなOCRは除外。
wildplants-v2-parser-miss-0074,volume2_legacy_parser_misses,2,日本の野生植物 2- ミゾハコベ科～スイカズラ科 ―フィールド版―改訂新版.pdf,2d104638c72cbfc58f17ab38223bce3d7798f72abc2d14fa4495a3a7546f3b12,2026-07-12,シマユキカズラ,Pileostegia viburnoides,アジサイ科,HYDRANGEACEAE,シマユキカズラ属,Pileostegia,つる性木本,,,本州（和歌山県）および琉球（奄美大島・徳之島・沖縄島・久米島・石垣島・西表島）に分布する,,,,223,日本の野生植物 第2巻,112,原PDF画像目視確認＋macOS Vision OCR補助＋手動要約,include,,原PDF画像の種見出しと本文境界を確認し、客観的事実のみ短く要約。主観・利用推奨・不確かなOCRは除外。
wildplants-v2-parser-miss-0075,volume2_legacy_parser_misses,2,日本の野生植物 2- ミゾハコベ科～スイカズラ科 ―フィールド版―改訂新版.pdf,2d104638c72cbfc58f17ab38223bce3d7798f72abc2d14fa4495a3a7546f3b12,2026-07-12,サガリバナ,Barringtonia racemosa,サガリバナ科,LECYTHIDACEAE,サガリバナ属,Barringtonia,小高木,,,,ふつうマングローブ後方の湿地に生える常緑の小高木,,,228,日本の野生植物 第2巻,115,原PDF画像目視確認＋macOS Vision OCR補助＋手動要約,include,,原PDF画像の種見出しと本文境界を確認し、客観的事実のみ短く要約。主観・利用推奨・不確かなOCRは除外。
wildplants-v2-parser-miss-0076,volume2_legacy_parser_misses,2,日本の野生植物 2- ミゾハコベ科～スイカズラ科 ―フィールド版―改訂新版.pdf,2d104638c72cbfc58f17ab38223bce3d7798f72abc2d14fa4495a3a7546f3b12,2026-07-12,マメガキ,Diospyros lotus,カキノキ科,EBENACEAE,カキノキ属,Diospyros,高木,,,中国・インド・西アジア・ヨーロッパ南部に分布する,,,,233,日本の野生植物 第2巻,117,原PDF画像目視確認＋macOS Vision OCR補助＋手動要約,include,,原PDF画像の種見出しと本文境界を確認し、客観的事実のみ短く要約。主観・利用推奨・不確かなOCRは除外。
wildplants-v2-parser-miss-0077,volume2_legacy_parser_misses,2,日本の野生植物 2- ミゾハコベ科～スイカズラ科 ―フィールド版―改訂新版.pdf,2d104638c72cbfc58f17ab38223bce3d7798f72abc2d14fa4495a3a7546f3b12,2026-07-12,リュウキュウガキ,Diospyros maritima,カキノキ科,EBENACEAE,カキノキ属,Diospyros,高木,,,徳之島以南の琉球に生え、台湾・中国（雲南省）・カンポジア・ベトナム・インドネシア・フィリピン・ミクロネシア・オーストラリアに分布する,徳之島以南の琉球に生え,,,233,日本の野生植物 第2巻,117,原PDF画像目視確認＋macOS Vision OCR補助＋手動要約,include,,原PDF画像の種見出しと本文境界を確認し、客観的事実のみ短く要約。主観・利用推奨・不確かなOCRは除外。
wildplants-v2-parser-miss-0078,volume2_legacy_parser_misses,2,日本の野生植物 2- ミゾハコベ科～スイカズラ科 ―フィールド版―改訂新版.pdf,2d104638c72cbfc58f17ab38223bce3d7798f72abc2d14fa4495a3a7546f3b12,2026-07-12,ウミミドリ,Lysimachia maritima,サクラソウ科,PRIMULACEAE,オカトラノオ属,Lysimachia,多年草,10～20 cm,7～8月,サハリンの海岸に生え、アジア・北アメリカの北部に広く分布する,北地の海岸の湿地に生える多肉質の多年草,,,240,日本の野生植物 第2巻,121,原PDF画像目視確認＋macOS Vision OCR補助＋手動要約,include,,原PDF画像の種見出しと本文境界を確認し、客観的事実のみ短く要約。主観・利用推奨・不確かなOCRは除外。
wildplants-v2-parser-miss-0079,volume2_legacy_parser_misses,2,日本の野生植物 2- ミゾハコベ科～スイカズラ科 ―フィールド版―改訂新版.pdf,2d104638c72cbfc58f17ab38223bce3d7798f72abc2d14fa4495a3a7546f3b12,2026-07-12,ハイハマボッス,Samolus parviflorus,サクラソウ科,PRIMULACEAE,ハマボッス属,Samolus,多年草,10～30 cm,6～7月,北海道・本州と北アメリカに分布する,海岸や内陸の湖岸の湿地にまれに生える多年草,,,244,日本の野生植物 第2巻,123,原PDF画像目視確認＋macOS Vision OCR補助＋手動要約,include,,原PDF画像の種見出しと本文境界を確認し、客観的事実のみ短く要約。主観・利用推奨・不確かなOCRは除外。
wildplants-v2-parser-miss-0080,volume2_legacy_parser_misses,2,日本の野生植物 2- ミゾハコベ科～スイカズラ科 ―フィールド版―改訂新版.pdf,2d104638c72cbfc58f17ab38223bce3d7798f72abc2d14fa4495a3a7546f3b12,2026-07-12,チャノキ,Camellia sinensis,ツバキ科,THEACEAE,ツバキ属,Camellia,常緑低木,,,,中国南西部・ミャンマー北部・ラオスから自生が報告されている,,,246,日本の野生植物 第2巻,124,原PDF画像目視確認＋macOS Vision OCR補助＋手動要約,include,,原PDF画像の種見出しと本文境界を確認し、客観的事実のみ短く要約。主観・利用推奨・不確かなOCRは除外。
wildplants-v2-parser-miss-0081,volume2_legacy_parser_misses,2,日本の野生植物 2- ミゾハコベ科～スイカズラ科 ―フィールド版―改訂新版.pdf,2d104638c72cbfc58f17ab38223bce3d7798f72abc2d14fa4495a3a7546f3b12,2026-07-12,ユキツバキ,Camellia rusticana,ツバキ科,THEACEAE,ツバキ属,Camellia,常緑低木,1～3 m,,,,,,246,日本の野生植物 第2巻,124,原PDF画像目視確認＋macOS Vision OCR補助＋手動要約,include,,原PDF画像の種見出しと本文境界を確認し、客観的事実のみ短く要約。主観・利用推奨・不確かなOCRは除外。
wildplants-v2-parser-miss-0082,volume2_legacy_parser_misses,2,日本の野生植物 2- ミゾハコベ科～スイカズラ科 ―フィールド版―改訂新版.pdf,2d104638c72cbfc58f17ab38223bce3d7798f72abc2d14fa4495a3a7546f3b12,2026-07-12,ウチダシクロキ,Symplocos kawakamii,ハイノキ科,SYMPLOCACEAE,ハイノキ属,Symplocos,常緑低木,1～2 m,,,,,,249,日本の野生植物 第2巻,125,原PDF画像目視確認＋macOS Vision OCR補助＋手動要約,include,,原PDF画像の種見出しと本文境界を確認し、客観的事実のみ短く要約。主観・利用推奨・不確かなOCRは除外。
wildplants-v2-parser-miss-0083,volume2_legacy_parser_misses,2,日本の野生植物 2- ミゾハコベ科～スイカズラ科 ―フィールド版―改訂新版.pdf,2d104638c72cbfc58f17ab38223bce3d7798f72abc2d14fa4495a3a7546f3b12,2026-07-12,ナカハラクロキ,Symplocos nakaharae,ハイノキ科,SYMPLOCACEAE,ハイノキ属,Symplocos,小高木,,,奄美大島以南の琉球に分布する,,,,250,日本の野生植物 第2巻,126,原PDF画像目視確認＋macOS Vision OCR補助＋手動要約,include,,原PDF画像の種見出しと本文境界を確認し、客観的事実のみ短く要約。主観・利用推奨・不確かなOCRは除外。
wildplants-v2-parser-miss-0084,volume2_legacy_parser_misses,2,日本の野生植物 2- ミゾハコベ科～スイカズラ科 ―フィールド版―改訂新版.pdf,2d104638c72cbfc58f17ab38223bce3d7798f72abc2d14fa4495a3a7546f3b12,2026-07-12,サルナシ,Actinidia arguta var. arguta,マタタビ科,ACTINIDIACEAE,マタタビ属,Actinidia,,,,サハリン・ウスリー・朝鮮半島・中国に分布する,南千島（国後島）・北海道・本州・四国・九州で、低山地の林内に普通に生える,,,255,日本の野生植物 第2巻,128,原PDF画像目視確認＋macOS Vision OCR補助＋手動要約,include,,原PDF画像の種見出しと本文境界を確認し、客観的事実のみ短く要約。主観・利用推奨・不確かなOCRは除外。
wildplants-v2-parser-miss-0085,volume2_legacy_parser_misses,2,日本の野生植物 2- ミゾハコベ科～スイカズラ科 ―フィールド版―改訂新版.pdf,2d104638c72cbfc58f17ab38223bce3d7798f72abc2d14fa4495a3a7546f3b12,2026-07-12,シマサルナシ,Actinidia rufa,マタタビ科,ACTINIDIACEAE,マタタビ属,Actinidia,藤本,,,本州（紀伊半島・山口県）・四国・九州・琉球の海岸近くの山林中に生育し、朝鮮半島南部に分布する,本州（紀伊半島・山口県）・四国・九州・琉球の海岸近くの山林中に生育,,,255,日本の野生植物 第2巻,128,原PDF画像目視確認＋macOS Vision OCR補助＋手動要約,include,,原PDF画像の種見出しと本文境界を確認し、客観的事実のみ短く要約。主観・利用推奨・不確かなOCRは除外。
wildplants-v2-parser-miss-0086,volume2_legacy_parser_misses,2,日本の野生植物 2- ミゾハコベ科～スイカズラ科 ―フィールド版―改訂新版.pdf,2d104638c72cbfc58f17ab38223bce3d7798f72abc2d14fa4495a3a7546f3b12,2026-07-12,ギンリョウソウモドキ,Monotropa uniflora,ツツジ科,ERICACEAE,ギンリョウソウモドキ属,Monotropa,,10～30 cm,8～9月,北海道～九州に産し、東アジア・北アメリカの温帯に広く分布する,林中のやや暗いところに生える,,,260,日本の野生植物 第2巻,131,原PDF画像目視確認＋macOS Vision OCR補助＋手動要約,include,,原PDF画像の種見出しと本文境界を確認し、客観的事実のみ短く要約。主観・利用推奨・不確かなOCRは除外。
wildplants-v2-parser-miss-0087,volume2_legacy_parser_misses,2,日本の野生植物 2- ミゾハコベ科～スイカズラ科 ―フィールド版―改訂新版.pdf,2d104638c72cbfc58f17ab38223bce3d7798f72abc2d14fa4495a3a7546f3b12,2026-07-12,ホソバシャクナゲ,Rhododendron makinoi,ツツジ科,ERICACEAE,ツツジ属,Rhododendron,常緑低木,1～2 m,,,静岡県西部・愛知県東部の山地の岩場に生える,,,270,日本の野生植物 第2巻,136,原PDF画像目視確認＋macOS Vision OCR補助＋手動要約,include,,原PDF画像の種見出しと本文境界を確認し、客観的事実のみ短く要約。主観・利用推奨・不確かなOCRは除外。
wildplants-v2-parser-miss-0088,volume2_legacy_parser_misses,2,日本の野生植物 2- ミゾハコベ科～スイカズラ科 ―フィールド版―改訂新版.pdf,2d104638c72cbfc58f17ab38223bce3d7798f72abc2d14fa4495a3a7546f3b12,2026-07-12,オンツツジ,Rhododendron weyrichii,ツツジ科,ERICACEAE,ツツジ属,Rhododendron,落葉低木または小高木,3～6 m,,紀伊半島・四国・九州,低山の林縁。ときに標高約1000 mの山地の岩地,タンナアカツツジ,タンナアカツツジは葉がより厚く幅広で丸みが強く、下部が急に狭まって基部は円形,273,日本の野生植物 第2巻,137,原PDF画像目視確認＋macOS Vision OCR補助＋手動要約,include,,原PDF画像の種見出しと本文境界を確認し、客観的事実のみ短く要約。主観・利用推奨・不確かなOCRは除外。
wildplants-v2-parser-miss-0089,volume2_legacy_parser_misses,2,日本の野生植物 2- ミゾハコベ科～スイカズラ科 ―フィールド版―改訂新版.pdf,2d104638c72cbfc58f17ab38223bce3d7798f72abc2d14fa4495a3a7546f3b12,2026-07-12,フジツツジ,Rhododendron tosaense,ツツジ科,ERICACEAE,ツツジ属,Rhododendron,常緑低木,1～2 m,,,本州（紀伊半島）・四国（徳島県・高知県）・九州（大分県・宮崎県・鹿児島県東部）の太平洋沿いの低地から山地の疎林内に生える,,,273,日本の野生植物 第2巻,137,原PDF画像目視確認＋macOS Vision OCR補助＋手動要約,include,,原PDF画像の種見出しと本文境界を確認し、客観的事実のみ短く要約。主観・利用推奨・不確かなOCRは除外。
wildplants-v2-parser-miss-0090,volume2_legacy_parser_misses,2,日本の野生植物 2- ミゾハコベ科～スイカズラ科 ―フィールド版―改訂新版.pdf,2d104638c72cbfc58f17ab38223bce3d7798f72abc2d14fa4495a3a7546f3b12,2026-07-12,ヤチツツジ,Chamaedaphne calyculata,ツツジ科,ERICACEAE,ヤチツツジ属,Chamaedaphne,低木,0.3～1 m,,南千島・北海道（石狩・天塩・釧路）・本州（秋田県）の温原に生え、サハリン・朝鮮半島北部から北半球の寒帯に広く分布する,南千島・北海道（石狩・天塩・釧路）・本州（秋田県）の温原に生え,,,278,日本の野生植物 第2巻,140,原PDF画像目視確認＋macOS Vision OCR補助＋手動要約,include,,原PDF画像の種見出しと本文境界を確認し、客観的事実のみ短く要約。主観・利用推奨・不確かなOCRは除外。
wildplants-v2-parser-miss-0091,volume2_legacy_parser_misses,2,日本の野生植物 2- ミゾハコベ科～スイカズラ科 ―フィールド版―改訂新版.pdf,2d104638c72cbfc58f17ab38223bce3d7798f72abc2d14fa4495a3a7546f3b12,2026-07-12,ヒメウスノキ,Vaccinium yatabei,ツツジ科,ERICACEAE,スノキ属,Vaccinium,低木,10～30 cm,,本州（中部以北）に分布する,亜高山の針葉林下に生え、地下茎を伸ばして広がり、高さ10～30 cmになる落葉低木,,,283,日本の野生植物 第2巻,142,原PDF画像目視確認＋macOS Vision OCR補助＋手動要約,include,,原PDF画像の種見出しと本文境界を確認し、客観的事実のみ短く要約。主観・利用推奨・不確かなOCRは除外。
wildplants-v2-parser-miss-0092,volume2_legacy_parser_misses,2,日本の野生植物 2- ミゾハコベ科～スイカズラ科 ―フィールド版―改訂新版.pdf,2d104638c72cbfc58f17ab38223bce3d7798f72abc2d14fa4495a3a7546f3b12,2026-07-12,ユウバリリンドウ,Gentianella amarella,リンドウ科,GENTIANACEAE,チシマリンドウ属,Gentianella,,,8～9月,,,,,309,日本の野生植物 第2巻,155,原PDF画像目視確認＋macOS Vision OCR補助＋手動要約,include,,原PDF画像の種見出しと本文境界を確認し、客観的事実のみ短く要約。主観・利用推奨・不確かなOCRは除外。
wildplants-v2-parser-miss-0093,volume2_legacy_parser_misses,2,日本の野生植物 2- ミゾハコベ科～スイカズラ科 ―フィールド版―改訂新版.pdf,2d104638c72cbfc58f17ab38223bce3d7798f72abc2d14fa4495a3a7546f3b12,2026-07-12,リシリリンドウ,Gentiana jamesii,リンドウ科,GENTIANACEAE,リンドウ属,Gentiana,,,,南千島・北海道、朝鮮半島北部・中国東北部・千島列島・カムチャツカ半島・サハリンに分布する,,,,308,日本の野生植物 第2巻,155,原PDF画像目視確認＋macOS Vision OCR補助＋手動要約,include,,原PDF画像の種見出しと本文境界を確認し、客観的事実のみ短く要約。主観・利用推奨・不確かなOCRは除外。
wildplants-v2-parser-miss-0094,volume2_legacy_parser_misses,2,日本の野生植物 2- ミゾハコベ科～スイカズラ科 ―フィールド版―改訂新版.pdf,2d104638c72cbfc58f17ab38223bce3d7798f72abc2d14fa4495a3a7546f3b12,2026-07-12,ミフクラギ,Cerbera manghas,キョウチクトウ科,APOCYNACEAE,ミフクラギ属,Cerbera,小高木,,,琉球、中国南部・東南アジア・インドに分布する,,,,318,日本の野生植物 第2巻,160,原PDF画像目視確認＋macOS Vision OCR補助＋手動要約,include,,原PDF画像の種見出しと本文境界を確認し、客観的事実のみ短く要約。主観・利用推奨・不確かなOCRは除外。
wildplants-v2-parser-miss-0095,volume2_legacy_parser_misses,2,日本の野生植物 2- ミゾハコベ科～スイカズラ科 ―フィールド版―改訂新版.pdf,2d104638c72cbfc58f17ab38223bce3d7798f72abc2d14fa4495a3a7546f3b12,2026-07-12,キダチチョウセンアサガオ,Brugmansia suaveolens,ナス科,SOLANACEAE,キダチチョウセンアサガオ属,Brugmansia,常緑小高木,3～5 m,4～9月,,熱帯アメリカ原産で、熱帯地方に広く栽培され、ときに野生化している,,,336,日本の野生植物 第2巻,169,原PDF画像目視確認＋macOS Vision OCR補助＋手動要約,include,,原PDF画像の種見出しと本文境界を確認し、客観的事実のみ短く要約。主観・利用推奨・不確かなOCRは除外。
wildplants-v2-parser-miss-0096,volume2_legacy_parser_misses,2,日本の野生植物 2- ミゾハコベ科～スイカズラ科 ―フィールド版―改訂新版.pdf,2d104638c72cbfc58f17ab38223bce3d7798f72abc2d14fa4495a3a7546f3b12,2026-07-12,ツノミチョウセンアサガオ,Datura ferox,ナス科,SOLANACEAE,チョウセンアサガオ属,Datura,一年草,1 m,,,,,,337,日本の野生植物 第2巻,169,原PDF画像目視確認＋macOS Vision OCR補助＋手動要約,include,,原PDF画像の種見出しと本文境界を確認し、客観的事実のみ短く要約。主観・利用推奨・不確かなOCRは除外。
wildplants-v2-parser-miss-0097,volume2_legacy_parser_misses,2,日本の野生植物 2- ミゾハコベ科～スイカズラ科 ―フィールド版―改訂新版.pdf,2d104638c72cbfc58f17ab38223bce3d7798f72abc2d14fa4495a3a7546f3b12,2026-07-12,ヨウシュチョウセンアサガオ,Datura stramonium,ナス科,SOLANACEAE,チョウセンアサガオ属,Datura,一年草,1 m,6～11月,古くから世界の熱帯～温帯に広く分布し、原産地は明らかでない,畑や荒れ地に生える一年草,,,337,日本の野生植物 第2巻,169,原PDF画像目視確認＋macOS Vision OCR補助＋手動要約,include,,原PDF画像の種見出しと本文境界を確認し、客観的事実のみ短く要約。主観・利用推奨・不確かなOCRは除外。
wildplants-v2-parser-miss-0098,volume2_legacy_parser_misses,2,日本の野生植物 2- ミゾハコベ科～スイカズラ科 ―フィールド版―改訂新版.pdf,2d104638c72cbfc58f17ab38223bce3d7798f72abc2d14fa4495a3a7546f3b12,2026-07-12,オオブドウホオズキ,Physalis philadelphica,ナス科,SOLANACEAE,ホオズキ属,Physalis,一年草,,,メキシコ原産。本州で一時帰化,栽培からの逸出,,,341,日本の野生植物 第2巻,171,原PDF画像目視確認＋macOS Vision OCR補助＋手動要約,include,,原PDF画像の種見出しと本文境界を確認し、客観的事実のみ短く要約。主観・利用推奨・不確かなOCRは除外。
wildplants-v2-parser-miss-0099,volume2_legacy_parser_misses,2,日本の野生植物 2- ミゾハコベ科～スイカズラ科 ―フィールド版―改訂新版.pdf,2d104638c72cbfc58f17ab38223bce3d7798f72abc2d14fa4495a3a7546f3b12,2026-07-12,ブドウホオズキ,Physalis peruviana,ナス科,SOLANACEAE,ホオズキ属,Physalis,多年草,,,南アメリカ原産。小笠原諸島・沖縄・伊豆諸島に帰化し、本州では一時的な記録がある,,,,340,日本の野生植物 第2巻,171,原PDF画像目視確認＋macOS Vision OCR補助＋手動要約,include,プドウホオズキ,原PDF画像の種見出しと本文境界を確認し、客観的事実のみ短く要約。主観・利用推奨・不確かなOCRは除外。 OCR候補名「プドウホオズキ」を「ブドウホオズキ」へ訂正。
wildplants-v2-parser-miss-0100,volume2_legacy_parser_misses,2,日本の野生植物 2- ミゾハコベ科～スイカズラ科 ―フィールド版―改訂新版.pdf,2d104638c72cbfc58f17ab38223bce3d7798f72abc2d14fa4495a3a7546f3b12,2026-07-12,タマサンゴ,Solanum pseudocapsicum,ナス科,SOLANACEAE,ナス属,Solanum,低木,30～50 cm,,,暖地の路後に野生化する,,,342,日本の野生植物 第2巻,172,原PDF画像目視確認＋macOS Vision OCR補助＋手動要約,include,,原PDF画像の種見出しと本文境界を確認し、客観的事実のみ短く要約。主観・利用推奨・不確かなOCRは除外。
wildplants-v2-parser-miss-0101,volume2_legacy_parser_misses,2,日本の野生植物 2- ミゾハコベ科～スイカズラ科 ―フィールド版―改訂新版.pdf,2d104638c72cbfc58f17ab38223bce3d7798f72abc2d14fa4495a3a7546f3b12,2026-07-12,ルリイロツルナス,Solanum seaforthianum,ナス科,SOLANACEAE,ナス属,Solanum,多年草,,,,,,,343,日本の野生植物 第2巻,172,原PDF画像目視確認＋macOS Vision OCR補助＋手動要約,include,,原PDF画像の種見出しと本文境界を確認し、客観的事実のみ短く要約。主観・利用推奨・不確かなOCRは除外。
wildplants-v2-parser-miss-0102,volume2_legacy_parser_misses,2,日本の野生植物 2- ミゾハコベ科～スイカズラ科 ―フィールド版―改訂新版.pdf,2d104638c72cbfc58f17ab38223bce3d7798f72abc2d14fa4495a3a7546f3b12,2026-07-12,キンギンナスビ,Solanum capsicoides,ナス科,SOLANACEAE,ナス属,Solanum,一年草,50～100 cm,,熱帯アメリカ原産で世界の熱帯～暖帯に広く帰化し、本州（関東南部）～琉球の太平洋岸に沿ってよく見られる,暖地に野生化している一年草,,,344,日本の野生植物 第2巻,173,原PDF画像目視確認＋macOS Vision OCR補助＋手動要約,include,,原PDF画像の種見出しと本文境界を確認し、客観的事実のみ短く要約。主観・利用推奨・不確かなOCRは除外。
wildplants-v2-parser-miss-0103,volume2_legacy_parser_misses,2,日本の野生植物 2- ミゾハコベ科～スイカズラ科 ―フィールド版―改訂新版.pdf,2d104638c72cbfc58f17ab38223bce3d7798f72abc2d14fa4495a3a7546f3b12,2026-07-12,ヤイマナスビ,Solanum macaonense,ナス科,SOLANACEAE,ナス属,Solanum,低木,1～2 m,,琉球（石垣島）、台湾・中国南部（広東省）・フィリピン北部に分布する,,,,344,日本の野生植物 第2巻,173,原PDF画像目視確認＋macOS Vision OCR補助＋手動要約,include,ヤイマナスピ,原PDF画像の種見出しと本文境界を確認し、客観的事実のみ短く要約。主観・利用推奨・不確かなOCRは除外。 OCR候補名「ヤイマナスピ」を「ヤイマナスビ」へ訂正。
wildplants-v2-parser-miss-0104,volume2_legacy_parser_misses,2,日本の野生植物 2- ミゾハコベ科～スイカズラ科 ―フィールド版―改訂新版.pdf,2d104638c72cbfc58f17ab38223bce3d7798f72abc2d14fa4495a3a7546f3b12,2026-07-12,トゲミノイヌチシャ,Cordia aspera,ムラサキ科,BORAGINACEAE,カキバチシャノキ属,Cordia,小高木,4～8 m,,,,,,347,日本の野生植物 第2巻,174,原PDF画像目視確認＋macOS Vision OCR補助＋手動要約,include,,原PDF画像の種見出しと本文境界を確認し、客観的事実のみ短く要約。主観・利用推奨・不確かなOCRは除外。
wildplants-v2-parser-miss-0105,volume2_legacy_parser_misses,2,日本の野生植物 2- ミゾハコベ科～スイカズラ科 ―フィールド版―改訂新版.pdf,2d104638c72cbfc58f17ab38223bce3d7798f72abc2d14fa4495a3a7546f3b12,2026-07-12,チシャノキ,Ehretia acuminata var. obovata,ムラサキ科,BORAGINACEAE,チシャノキ属,Ehretia,落葉高木,最大20 m,7月頃,本州（中国地方西部）～琉球、済州島・台湾・中国中南部・ベトナム,,,,348,日本の野生植物 第2巻,175,原PDF画像目視確認＋macOS Vision OCR補助＋手動要約,include,,原PDF画像の種見出しと本文境界を確認し、客観的事実のみ短く要約。主観・利用推奨・不確かなOCRは除外。
wildplants-v2-parser-miss-0106,volume2_legacy_parser_misses,2,日本の野生植物 2- ミゾハコベ科～スイカズラ科 ―フィールド版―改訂新版.pdf,2d104638c72cbfc58f17ab38223bce3d7798f72abc2d14fa4495a3a7546f3b12,2026-07-12,リュウキュウチシャノキ,Ehretia philippinensis,ムラサキ科,BORAGINACEAE,チシャノキ属,Ehretia,常緑小高木,5～10 m,8～12月,琉球（宮古島・石垣島・西表島・鳩間島・小浜島・波照間島）、台湾（蘭嶼）・フィリピン,石灰岩地の林縁,,,348,日本の野生植物 第2巻,175,原PDF画像目視確認＋macOS Vision OCR補助＋手動要約,include,,原PDF画像の種見出しと本文境界を確認し、客観的事実のみ短く要約。主観・利用推奨・不確かなOCRは除外。
wildplants-v2-parser-miss-0107,volume2_legacy_parser_misses,2,日本の野生植物 2- ミゾハコベ科～スイカズラ科 ―フィールド版―改訂新版.pdf,2d104638c72cbfc58f17ab38223bce3d7798f72abc2d14fa4495a3a7546f3b12,2026-07-12,イワムラサキ,Lappula deflexa,ムラサキ科,BORAGINACEAE,イワムラサキ属,Lappula,越年草,20～80 cm,6～8月,北海道（石狩支庁）・本州（長野県北部）、サハリン・朝鮮半島・中国東北部・モンゴルからユーラシア北部に分布する,高山の岩地,,,352,日本の野生植物 第2巻,177,原PDF画像目視確認＋macOS Vision OCR補助＋手動要約,include,,原PDF画像の種見出しと本文境界を確認し、客観的事実のみ短く要約。主観・利用推奨・不確かなOCRは除外。
wildplants-v2-parser-miss-0108,volume2_legacy_parser_misses,2,日本の野生植物 2- ミゾハコベ科～スイカズラ科 ―フィールド版―改訂新版.pdf,2d104638c72cbfc58f17ab38223bce3d7798f72abc2d14fa4495a3a7546f3b12,2026-07-12,キュウリグサ,Trigonotis peduncularis,ムラサキ科,BORAGINACEAE,キュウリグサ属,Trigonotis,越年草,5～40 cm,3～6月,本州～琉球、アジアから東ヨーロッパの温帯～暖帯,畑や道ばた,,,356,日本の野生植物 第2巻,179,原PDF画像目視確認＋macOS Vision OCR補助＋手動要約,include,,原PDF画像の種見出しと本文境界を確認し、客観的事実のみ短く要約。主観・利用推奨・不確かなOCRは除外。
wildplants-v2-parser-miss-0109,volume2_legacy_parser_misses,2,日本の野生植物 2- ミゾハコベ科～スイカズラ科 ―フィールド版―改訂新版.pdf,2d104638c72cbfc58f17ab38223bce3d7798f72abc2d14fa4495a3a7546f3b12,2026-07-12,ヤマトアオダモ,Fraxinus longicuspis,モクセイ科,OLEACEAE,トネリコ属,Fraxinus,高木,,,本州・四国・九州に分布する,山の谷間に生える落葉高木,,,359,日本の野生植物 第2巻,180,原PDF画像目視確認＋macOS Vision OCR補助＋手動要約,include,,原PDF画像の種見出しと本文境界を確認し、客観的事実のみ短く要約。主観・利用推奨・不確かなOCRは除外。
wildplants-v2-parser-miss-0110,volume2_legacy_parser_misses,2,日本の野生植物 2- ミゾハコベ科～スイカズラ科 ―フィールド版―改訂新版.pdf,2d104638c72cbfc58f17ab38223bce3d7798f72abc2d14fa4495a3a7546f3b12,2026-07-12,オキナワイボタ,Ligustrum liukiuense,モクセイ科,OLEACEAE,イボタノキ属,Ligustrum,小高木,10 m,,,,,,361,日本の野生植物 第2巻,181,原PDF画像目視確認＋macOS Vision OCR補助＋手動要約,include,,原PDF画像の種見出しと本文境界を確認し、客観的事実のみ短く要約。主観・利用推奨・不確かなOCRは除外。
wildplants-v2-parser-miss-0111,volume2_legacy_parser_misses,2,日本の野生植物 2- ミゾハコベ科～スイカズラ科 ―フィールド版―改訂新版.pdf,2d104638c72cbfc58f17ab38223bce3d7798f72abc2d14fa4495a3a7546f3b12,2026-07-12,ヤナギイボタ,Ligustrum salicinum,モクセイ科,OLEACEAE,イボタノキ属,Ligustrum,落葉小高木,,,朝鮮半島南部および済州島に分布する,,,,361,日本の野生植物 第2巻,181,原PDF画像目視確認＋macOS Vision OCR補助＋手動要約,include,,原PDF画像の種見出しと本文境界を確認し、客観的事実のみ短く要約。主観・利用推奨・不確かなOCRは除外。
wildplants-v2-parser-miss-0112,volume2_legacy_parser_misses,2,日本の野生植物 2- ミゾハコベ科～スイカズラ科 ―フィールド版―改訂新版.pdf,2d104638c72cbfc58f17ab38223bce3d7798f72abc2d14fa4495a3a7546f3b12,2026-07-12,シマモクセイ,Osmanthus insularis var. insularis,モクセイ科,OLEACEAE,モクセイ属,Osmanthus,常緑高木,最大15 m,10月,本州（福井県以西）・八丈島・四国沿岸島嶼・九州・小笠原諸島・琉球、巨文島,,,,362,日本の野生植物 第2巻,182,原PDF画像目視確認＋macOS Vision OCR補助＋手動要約,include,,原PDF画像の種見出しと本文境界を確認し、客観的事実のみ短く要約。主観・利用推奨・不確かなOCRは除外。
wildplants-v2-parser-miss-0113,volume2_legacy_parser_misses,2,日本の野生植物 2- ミゾハコベ科～スイカズラ科 ―フィールド版―改訂新版.pdf,2d104638c72cbfc58f17ab38223bce3d7798f72abc2d14fa4495a3a7546f3b12,2026-07-12,ヤエヤマヒイラギ,Osmanthus iriomotensis,モクセイ科,OLEACEAE,モクセイ属,Osmanthus,常緑低木,,,,琉球（西表島）の山直部に生育する,,,362,日本の野生植物 第2巻,182,原PDF画像目視確認＋macOS Vision OCR補助＋手動要約,include,,原PDF画像の種見出しと本文境界を確認し、客観的事実のみ短く要約。主観・利用推奨・不確かなOCRは除外。
wildplants-v2-parser-miss-0114,volume2_legacy_parser_misses,2,日本の野生植物 2- ミゾハコベ科～スイカズラ科 ―フィールド版―改訂新版.pdf,2d104638c72cbfc58f17ab38223bce3d7798f72abc2d14fa4495a3a7546f3b12,2026-07-12,イワブクロ,Pennellianthus frutescens,オオバコ科,PLANTAGINACEAE,イワブクロ属,Pennellianthus,多年草,5～20 cm,7～8月,本州北部・北海道、千島・樺太・カムチャツカ・シベリア北部・アリューシャン列島,高山の砂礫地,,,373,日本の野生植物 第2巻,187,原PDF画像目視確認＋macOS Vision OCR補助＋手動要約,include,イワプクロ,原PDF画像の種見出しと本文境界を確認し、客観的事実のみ短く要約。主観・利用推奨・不確かなOCRは除外。 OCR候補名「イワプクロ」を「イワブクロ」へ訂正。
wildplants-v2-parser-miss-0115,volume2_legacy_parser_misses,2,日本の野生植物 2- ミゾハコベ科～スイカズラ科 ―フィールド版―改訂新版.pdf,2d104638c72cbfc58f17ab38223bce3d7798f72abc2d14fa4495a3a7546f3b12,2026-07-12,ツボミオオバコ,Plantago virginica,オオバコ科,PLANTAGINACEAE,オオバコ属,Plantago,一年草,,,,道ぼたや荒れ地に生える一年草または越年草,,,374,日本の野生植物 第2巻,188,原PDF画像目視確認＋macOS Vision OCR補助＋手動要約,include,,原PDF画像の種見出しと本文境界を確認し、客観的事実のみ短く要約。主観・利用推奨・不確かなOCRは除外。
wildplants-v2-parser-miss-0116,volume2_legacy_parser_misses,2,日本の野生植物 2- ミゾハコベ科～スイカズラ科 ―フィールド版―改訂新版.pdf,2d104638c72cbfc58f17ab38223bce3d7798f72abc2d14fa4495a3a7546f3b12,2026-07-12,イヌノフグリ,Veronica polita,オオバコ科,PLANTAGINACEAE,クワガタソウ属,Veronica,,,,,街路間の下、畑の睡道、草地などに生える越年草,,,378,日本の野生植物 第2巻,190,原PDF画像目視確認＋macOS Vision OCR補助＋手動要約,include,,原PDF画像の種見出しと本文境界を確認し、客観的事実のみ短く要約。主観・利用推奨・不確かなOCRは除外。
wildplants-v2-parser-miss-0117,volume2_legacy_parser_misses,2,日本の野生植物 2- ミゾハコベ科～スイカズラ科 ―フィールド版―改訂新版.pdf,2d104638c72cbfc58f17ab38223bce3d7798f72abc2d14fa4495a3a7546f3b12,2026-07-12,グンバイヅル,Veronica onoei,オオバコ科,PLANTAGINACEAE,クワガタソウ属,Veronica,多年草,,,本州（群馬県・長野県北部）の高地に限られ、浅間山付近・志賀高原・美ヶ原などに分布する,日当りのよい礫地に生える多年草,,,378,日本の野生植物 第2巻,190,原PDF画像目視確認＋macOS Vision OCR補助＋手動要約,include,,原PDF画像の種見出しと本文境界を確認し、客観的事実のみ短く要約。主観・利用推奨・不確かなOCRは除外。
wildplants-v2-parser-miss-0118,volume2_legacy_parser_misses,2,日本の野生植物 2- ミゾハコベ科～スイカズラ科 ―フィールド版―改訂新版.pdf,2d104638c72cbfc58f17ab38223bce3d7798f72abc2d14fa4495a3a7546f3b12,2026-07-12,ハマトラノオ,Veronica sieboldiana,オオバコ科,PLANTAGINACEAE,クワガタソウ属,Veronica,多年草,,,九州南西部（男女群島・領島列島）・奄美大島・琉球（慶良間諸島の座間味島）に分布する,海岸の崖に生える多年草,,,379,日本の野生植物 第2巻,190,原PDF画像目視確認＋macOS Vision OCR補助＋手動要約,include,,原PDF画像の種見出しと本文境界を確認し、客観的事実のみ短く要約。主観・利用推奨・不確かなOCRは除外。
wildplants-v2-parser-miss-0119,volume2_legacy_parser_misses,2,日本の野生植物 2- ミゾハコベ科～スイカズラ科 ―フィールド版―改訂新版.pdf,2d104638c72cbfc58f17ab38223bce3d7798f72abc2d14fa4495a3a7546f3b12,2026-07-12,フラサバソウ,Veronica hederifolia,オオバコ科,PLANTAGINACEAE,クワガタソウ属,Veronica,越年草,10～20 cm,3～5月,ヨーロッパ原産で、北海道・本州・四国・九州に帰化,畑や道ばた,,,378,日本の野生植物 第2巻,190,原PDF画像目視確認＋macOS Vision OCR補助＋手動要約,include,,原PDF画像の種見出しと本文境界を確認し、客観的事実のみ短く要約。主観・利用推奨・不確かなOCRは除外。
wildplants-v2-parser-miss-0120,volume2_legacy_parser_misses,2,日本の野生植物 2- ミゾハコベ科～スイカズラ科 ―フィールド版―改訂新版.pdf,2d104638c72cbfc58f17ab38223bce3d7798f72abc2d14fa4495a3a7546f3b12,2026-07-12,ヤマトラノオ,Veronica rotunda,オオバコ科,PLANTAGINACEAE,クワガタソウ属,Veronica,多年草,40～90 cm,,本州関東以西・四国・九州北部（大分県・熊本県）に野生し、朝鮮半島・中国（東北）に分布,林縁や草地に生える多年草,,,379,日本の野生植物 第2巻,190,原PDF画像目視確認＋macOS Vision OCR補助＋手動要約,include,,原PDF画像の種見出しと本文境界を確認し、客観的事実のみ短く要約。主観・利用推奨・不確かなOCRは除外。
wildplants-v2-parser-miss-0121,volume2_legacy_parser_misses,2,日本の野生植物 2- ミゾハコベ科～スイカズラ科 ―フィールド版―改訂新版.pdf,2d104638c72cbfc58f17ab38223bce3d7798f72abc2d14fa4495a3a7546f3b12,2026-07-12,ルリトラノオ,Veronica subsessilis,オオバコ科,PLANTAGINACEAE,クワガタソウ属,Veronica,多年草,1 m,,,,,,379,日本の野生植物 第2巻,190,原PDF画像目視確認＋macOS Vision OCR補助＋手動要約,include,,原PDF画像の種見出しと本文境界を確認し、客観的事実のみ短く要約。主観・利用推奨・不確かなOCRは除外。
wildplants-v2-parser-miss-0122,volume2_legacy_parser_misses,2,日本の野生植物 2- ミゾハコベ科～スイカズラ科 ―フィールド版―改訂新版.pdf,2d104638c72cbfc58f17ab38223bce3d7798f72abc2d14fa4495a3a7546f3b12,2026-07-12,コフジウツギ,Buddleja curviflora,ゴマノハグサ科,SCROPHULARIACEAE,フシウツギ属,Buddleja,落葉低木,1～1.5 m,6～9月,四国南部・九州南部・吐噶喇列島・奄美大島・沖縄島,崖などの荒れ地,,,382,日本の野生植物 第2巻,192,原PDF画像目視確認＋macOS Vision OCR補助＋手動要約,include,,原PDF画像の種見出しと本文境界を確認し、客観的事実のみ短く要約。主観・利用推奨・不確かなOCRは除外。
wildplants-v2-parser-miss-0123,volume2_legacy_parser_misses,2,日本の野生植物 2- ミゾハコベ科～スイカズラ科 ―フィールド版―改訂新版.pdf,2d104638c72cbfc58f17ab38223bce3d7798f72abc2d14fa4495a3a7546f3b12,2026-07-12,トウフジウツギ,Buddleja lindleyana,ゴマノハグサ科,SCROPHULARIACEAE,フシウツギ属,Buddleja,低木,1～1.5 m,,,中国原産でしばしば栽培され、沖縄島では野生化している,,,382,日本の野生植物 第2巻,192,原PDF画像目視確認＋macOS Vision OCR補助＋手動要約,include,,原PDF画像の種見出しと本文境界を確認し、客観的事実のみ短く要約。主観・利用推奨・不確かなOCRは除外。
wildplants-v2-parser-miss-0124,volume2_legacy_parser_misses,2,日本の野生植物 2- ミゾハコベ科～スイカズラ科 ―フィールド版―改訂新版.pdf,2d104638c72cbfc58f17ab38223bce3d7798f72abc2d14fa4495a3a7546f3b12,2026-07-12,コバナツルウリクサ,Torenia asiatica,アゼナ科,LINDERNIACEAE,ハナウリクサ属,Torenia,多年草,,,九州南部（大隅半島・薩摩半島・種子島）に生え、中国・ベトナム・ヒマラヤ・インドに分布,畑のへりなどに生える多年草,,,387,日本の野生植物 第2巻,194,原PDF画像目視確認＋macOS Vision OCR補助＋手動要約,include,,原PDF画像の種見出しと本文境界を確認し、客観的事実のみ短く要約。主観・利用推奨・不確かなOCRは除外。
wildplants-v2-parser-miss-0125,volume2_legacy_parser_misses,2,日本の野生植物 2- ミゾハコベ科～スイカズラ科 ―フィールド版―改訂新版.pdf,2d104638c72cbfc58f17ab38223bce3d7798f72abc2d14fa4495a3a7546f3b12,2026-07-12,ルソンハマクサギ,Premna nauseosa,シソ科,LAMIACEAE,ハマクサギ属,Premna,常緑小高木,5～10 m,3～5月,琉球（石垣島・西表島）、台湾・中国（海南島）・フィリピン,,,,395,日本の野生植物 第2巻,198,原PDF画像目視確認＋macOS Vision OCR補助＋手動要約,include,,原PDF画像の種見出しと本文境界を確認し、客観的事実のみ短く要約。主観・利用推奨・不確かなOCRは除外。
wildplants-v2-parser-miss-0126,volume2_legacy_parser_misses,2,日本の野生植物 2- ミゾハコベ科～スイカズラ科 ―フィールド版―改訂新版.pdf,2d104638c72cbfc58f17ab38223bce3d7798f72abc2d14fa4495a3a7546f3b12,2026-07-12,キカイタツナミソウ,Scutellaria kikai-insularis,シソ科,LAMIACEAE,タツナミソウ属,Scutellaria,多年草,,3～4月,,湿った草地に生える多年草,,,404,日本の野生植物 第2巻,203,原PDF画像目視確認＋macOS Vision OCR補助＋手動要約,include,,原PDF画像の種見出しと本文境界を確認し、客観的事実のみ短く要約。主観・利用推奨・不確かなOCRは除外。
wildplants-v2-parser-miss-0127,volume2_legacy_parser_misses,2,日本の野生植物 2- ミゾハコベ科～スイカズラ科 ―フィールド版―改訂新版.pdf,2d104638c72cbfc58f17ab38223bce3d7798f72abc2d14fa4495a3a7546f3b12,2026-07-12,シラゲヒメジソ,Mosla hirta,シソ科,LAMIACEAE,イヌコウジュ属,Mosla,一年草,20～50 cm,9～10月,本州～九州、朝鮮半島南部・台湾・中国東部,林縁の半日陰,,,414,日本の野生植物 第2巻,208,原PDF画像目視確認＋macOS Vision OCR補助＋手動要約,include,,原PDF画像の種見出しと本文境界を確認し、客観的事実のみ短く要約。主観・利用推奨・不確かなOCRは除外。
wildplants-v2-parser-miss-0128,volume2_legacy_parser_misses,2,日本の野生植物 2- ミゾハコベ科～スイカズラ科 ―フィールド版―改訂新版.pdf,2d104638c72cbfc58f17ab38223bce3d7798f72abc2d14fa4495a3a7546f3b12,2026-07-12,キバナアキギリ,Salvia nipponica,シソ科,LAMIACEAE,アキギリ属,Salvia,多年草,20～40 cm,,本州～九州に分布し、台湾には別の変種が分布する,山の木陰に生える多年草,,,422,日本の野生植物 第2巻,212,原PDF画像目視確認＋macOS Vision OCR補助＋手動要約,include,,原PDF画像の種見出しと本文境界を確認し、客観的事実のみ短く要約。主観・利用推奨・不確かなOCRは除外。
wildplants-v2-parser-miss-0129,volume2_legacy_parser_misses,2,日本の野生植物 2- ミゾハコベ科～スイカズラ科 ―フィールド版―改訂新版.pdf,2d104638c72cbfc58f17ab38223bce3d7798f72abc2d14fa4495a3a7546f3b12,2026-07-12,ヒキオコシ,Isodon japonicus,シソ科,LAMIACEAE,ヤマハッカ属,Isodon,多年草,50～100 cm,9～10月,北海道（西南部）～九州、朝鮮半島に分布し、種としてはさらに中国・ウスリーにも分布する,丘陵地のやや乾いた草地に生える多年草,,,424,日本の野生植物 第2巻,213,原PDF画像目視確認＋macOS Vision OCR補助＋手動要約,include,,原PDF画像の種見出しと本文境界を確認し、客観的事実のみ短く要約。主観・利用推奨・不確かなOCRは除外。
wildplants-v2-parser-miss-0130,volume2_legacy_parser_misses,2,日本の野生植物 2- ミゾハコベ科～スイカズラ科 ―フィールド版―改訂新版.pdf,2d104638c72cbfc58f17ab38223bce3d7798f72abc2d14fa4495a3a7546f3b12,2026-07-12,スズメノハコベ,Microcarpaea minima,サギゴケ科,MAZACEAE,スズメノハコベ属,Microcarpaea,一年草,,7～10月,本州～沖縄、インド・中国南部・朝鮮半島・台湾・タイ・ペトナム・マレーシア・インドネシア・オセアニアに分布する,水田や湿地に生える一年草,,,427,日本の野生植物 第2巻,214,原PDF画像目視確認＋macOS Vision OCR補助＋手動要約,include,,原PDF画像の種見出しと本文境界を確認し、客観的事実のみ短く要約。主観・利用推奨・不確かなOCRは除外。
wildplants-v2-parser-miss-0131,volume2_legacy_parser_misses,2,日本の野生植物 2- ミゾハコベ科～スイカズラ科 ―フィールド版―改訂新版.pdf,2d104638c72cbfc58f17ab38223bce3d7798f72abc2d14fa4495a3a7546f3b12,2026-07-12,コバノコゴメグサ,Euphrasia matsumurae,ハマウツボ科,OROBANCHACEAE,コゴメグサ属,Euphrasia,,3～15 cm,,本州中部の南アルプス・八ヶ西・秩父山地・日光山地・那須山地などに分布する,高山の草地に生える多年草,,,433,日本の野生植物 第2巻,217,原PDF画像目視確認＋macOS Vision OCR補助＋手動要約,include,,原PDF画像の種見出しと本文境界を確認し、客観的事実のみ短く要約。主観・利用推奨・不確かなOCRは除外。
wildplants-v2-parser-miss-0132,volume2_legacy_parser_misses,2,日本の野生植物 2- ミゾハコベ科～スイカズラ科 ―フィールド版―改訂新版.pdf,2d104638c72cbfc58f17ab38223bce3d7798f72abc2d14fa4495a3a7546f3b12,2026-07-12,センリゴマ,Rehmannia japonica,ハマウツボ科,OROBANCHACEAE,ジオウ属,Rehmannia,多年草,20～50 cm,5月,静岡県・岐阜県,,,,440,日本の野生植物 第2巻,221,原PDF画像目視確認＋macOS Vision OCR補助＋手動要約,include,,原PDF画像の種見出しと本文境界を確認し、客観的事実のみ短く要約。主観・利用推奨・不確かなOCRは除外。
wildplants-v2-parser-miss-0133,volume2_legacy_parser_misses,2,日本の野生植物 2- ミゾハコベ科～スイカズラ科 ―フィールド版―改訂新版.pdf,2d104638c72cbfc58f17ab38223bce3d7798f72abc2d14fa4495a3a7546f3b12,2026-07-12,イヌツゲ,Ilex crenata var. crenata,モチノキ科,AQUIFOLIACEAE,モチノキ属,Ilex,常緑小高木,2～6 m,6～7月,本州（岩手県以南の太平洋側および近畿地方以西）・四国・九州、朝鮮半島南部に分布する,山地の日当りのよい林縁や草地に生え、高さ2～6 mになる常緑小高木,,,455,日本の野生植物 第2巻,228,原PDF画像目視確認＋macOS Vision OCR補助＋手動要約,include,,原PDF画像の種見出しと本文境界を確認し、客観的事実のみ短く要約。主観・利用推奨・不確かなOCRは除外。
wildplants-v2-parser-miss-0134,volume2_legacy_parser_misses,2,日本の野生植物 2- ミゾハコベ科～スイカズラ科 ―フィールド版―改訂新版.pdf,2d104638c72cbfc58f17ab38223bce3d7798f72abc2d14fa4495a3a7546f3b12,2026-07-12,ナナミノキ,Ilex chinensis,モチノキ科,AQUIFOLIACEAE,モチノキ属,Ilex,高木,6～10 m,6月,本州（静岡県以西）・四国・九州の常緑樹林内に生え、中国にも分布する,本州（静岡県以西）・四国・九州の常緑樹林内に生え,,,455,日本の野生植物 第2巻,228,原PDF画像目視確認＋macOS Vision OCR補助＋手動要約,include,,原PDF画像の種見出しと本文境界を確認し、客観的事実のみ短く要約。主観・利用推奨・不確かなOCRは除外。
wildplants-v2-parser-miss-0135,volume2_legacy_parser_misses,2,日本の野生植物 2- ミゾハコベ科～スイカズラ科 ―フィールド版―改訂新版.pdf,2d104638c72cbfc58f17ab38223bce3d7798f72abc2d14fa4495a3a7546f3b12,2026-07-12,ツルツゲ,Ilex rugosa,モチノキ科,AQUIFOLIACEAE,モチノキ属,Ilex,常緑低木,,6～8月,おもに中部地方南部・紀伊半島・四国に分布する,,,,456,日本の野生植物 第2巻,229,原PDF画像目視確認＋macOS Vision OCR補助＋手動要約,include,,原PDF画像の種見出しと本文境界を確認し、客観的事実のみ短く要約。主観・利用推奨・不確かなOCRは除外。
wildplants-v2-parser-miss-0136,volume2_legacy_parser_misses,2,日本の野生植物 2- ミゾハコベ科～スイカズラ科 ―フィールド版―改訂新版.pdf,2d104638c72cbfc58f17ab38223bce3d7798f72abc2d14fa4495a3a7546f3b12,2026-07-12,フウリンウメモドキ,Ilex geniculata,モチノキ科,AQUIFOLIACEAE,モチノキ属,Ilex,落葉低木,1～2 m,,,本州（東北地方南部の太平洋側から中国地方）・四国・九州の林下に生える,,,457,日本の野生植物 第2巻,229,原PDF画像目視確認＋macOS Vision OCR補助＋手動要約,include,,原PDF画像の種見出しと本文境界を確認し、客観的事実のみ短く要約。主観・利用推奨・不確かなOCRは除外。
wildplants-v2-parser-miss-0137,volume2_legacy_parser_misses,2,日本の野生植物 2- ミゾハコベ科～スイカズラ科 ―フィールド版―改訂新版.pdf,2d104638c72cbfc58f17ab38223bce3d7798f72abc2d14fa4495a3a7546f3b12,2026-07-12,ヤナギアザミ,Cirsium lineare,キク科,ASTERACEAE,アザミ属,Cirsium,多年草,70～120 cm,,本州（山口県）・四国・九州、朝鮮半島・台湾・中国・ベトナム・タイに分布する,低地～山地の草原に生える高さ70～120 cmの多年草,,,493,日本の野生植物 第2巻,247,原PDF画像目視確認＋macOS Vision OCR補助＋手動要約,include,,原PDF画像の種見出しと本文境界を確認し、客観的事実のみ短く要約。主観・利用推奨・不確かなOCRは除外。
wildplants-v2-parser-miss-0138,volume2_legacy_parser_misses,2,日本の野生植物 2- ミゾハコベ科～スイカズラ科 ―フィールド版―改訂新版.pdf,2d104638c72cbfc58f17ab38223bce3d7798f72abc2d14fa4495a3a7546f3b12,2026-07-12,オイランアザミ,Cirsium spinosum,キク科,ASTERACEAE,アザミ属,Cirsium,多年草,25～60 cm,,,南九州の沿海地の道路際や草地に生える高さ25～60 cmの多年草,,,494,日本の野生植物 第2巻,248,原PDF画像目視確認＋macOS Vision OCR補助＋手動要約,include,,原PDF画像の種見出しと本文境界を確認し、客観的事実のみ短く要約。主観・利用推奨・不確かなOCRは除外。
wildplants-v2-parser-miss-0139,volume2_legacy_parser_misses,2,日本の野生植物 2- ミゾハコベ科～スイカズラ科 ―フィールド版―改訂新版.pdf,2d104638c72cbfc58f17ab38223bce3d7798f72abc2d14fa4495a3a7546f3b12,2026-07-12,オニアザミ,Cirsium borealinipponense,キク科,ASTERACEAE,アザミ属,Cirsium,,50～150 cm,,本州（秋田県～石川県、日本海側地域に至る）に分布する,山地～高山の草地に生える高さ50～150 cmの多年草,,,495,日本の野生植物 第2巻,248,原PDF画像目視確認＋macOS Vision OCR補助＋手動要約,include,,原PDF画像の種見出しと本文境界を確認し、客観的事実のみ短く要約。主観・利用推奨・不確かなOCRは除外。
wildplants-v2-parser-miss-0140,volume2_legacy_parser_misses,2,日本の野生植物 2- ミゾハコベ科～スイカズラ科 ―フィールド版―改訂新版.pdf,2d104638c72cbfc58f17ab38223bce3d7798f72abc2d14fa4495a3a7546f3b12,2026-07-12,ノアザミ,Cirsium japonicum,キク科,ASTERACEAE,アザミ属,Cirsium,多年草,50～200 cm,,本州・四国・九州・台湾に分布する,低地～高山の草地に生える高さ50～200 cm、ときに300 cm（山形県飛島）にもなる多年草,,,494,日本の野生植物 第2巻,248,原PDF画像目視確認＋macOS Vision OCR補助＋手動要約,include,,原PDF画像の種見出しと本文境界を確認し、客観的事実のみ短く要約。主観・利用推奨・不確かなOCRは除外。
wildplants-v2-parser-miss-0141,volume2_legacy_parser_misses,2,日本の野生植物 2- ミゾハコベ科～スイカズラ科 ―フィールド版―改訂新版.pdf,2d104638c72cbfc58f17ab38223bce3d7798f72abc2d14fa4495a3a7546f3b12,2026-07-12,ノハラアザミ,Cirsium oligophyllum,キク科,ASTERACEAE,アザミ属,Cirsium,多年草,30～100 cm,,本州（岩手県・秋田県～長野県・愛知県）に分布する,低地～山地の草地に生える高さ30～100 cm、ときに300 cm（福島県）にもなる多年草,,,495,日本の野生植物 第2巻,248,原PDF画像目視確認＋macOS Vision OCR補助＋手動要約,include,,原PDF画像の種見出しと本文境界を確認し、客観的事実のみ短く要約。主観・利用推奨・不確かなOCRは除外。
wildplants-v2-parser-miss-0142,volume2_legacy_parser_misses,2,日本の野生植物 2- ミゾハコベ科～スイカズラ科 ―フィールド版―改訂新版.pdf,2d104638c72cbfc58f17ab38223bce3d7798f72abc2d14fa4495a3a7546f3b12,2026-07-12,ハマアザミ,Cirsium maritimum,キク科,ASTERACEAE,アザミ属,Cirsium,多年草,10～60 cm,,本州（伊豆七島・伊豆半島以西）・四国・九州（鹿児島県志布志湾枇榔島・宮崎県油津から北）に分布する,,,,494,日本の野生植物 第2巻,248,原PDF画像目視確認＋macOS Vision OCR補助＋手動要約,include,,原PDF画像の種見出しと本文境界を確認し、客観的事実のみ短く要約。主観・利用推奨・不確かなOCRは除外。
wildplants-v2-parser-miss-0143,volume2_legacy_parser_misses,2,日本の野生植物 2- ミゾハコベ科～スイカズラ科 ―フィールド版―改訂新版.pdf,2d104638c72cbfc58f17ab38223bce3d7798f72abc2d14fa4495a3a7546f3b12,2026-07-12,キセルアザミ,Cirsium sieboldii,キク科,ASTERACEAE,アザミ属,Cirsium,多年草,300 cm,,本州・四国に分布する,低地～山地の湿地に生えるふつう高さ40～120 cm、ときに高さ300 cmあるいはそれ以上（中国山地）にもなる多年草,,,496,日本の野生植物 第2巻,249,原PDF画像目視確認＋macOS Vision OCR補助＋手動要約,include,,原PDF画像の種見出しと本文境界を確認し、客観的事実のみ短く要約。主観・利用推奨・不確かなOCRは除外。
wildplants-v2-parser-miss-0144,volume2_legacy_parser_misses,2,日本の野生植物 2- ミゾハコベ科～スイカズラ科 ―フィールド版―改訂新版.pdf,2d104638c72cbfc58f17ab38223bce3d7798f72abc2d14fa4495a3a7546f3b12,2026-07-12,サンベサワアザミ,Cirsium tenuisquamatum,キク科,ASTERACEAE,アザミ属,Cirsium,多年草,40～100 cm,,本州（岡山県・島根県・広島県）に分布する,低地の田畑の畦や山地の夏緑林の林縁や林間の草地に生える高さ40～100 cmの多年草,,,498,日本の野生植物 第2巻,250,原PDF画像目視確認＋macOS Vision OCR補助＋手動要約,include,,原PDF画像の種見出しと本文境界を確認し、客観的事実のみ短く要約。主観・利用推奨・不確かなOCRは除外。
wildplants-v2-parser-miss-0145,volume2_legacy_parser_misses,2,日本の野生植物 2- ミゾハコベ科～スイカズラ科 ―フィールド版―改訂新版.pdf,2d104638c72cbfc58f17ab38223bce3d7798f72abc2d14fa4495a3a7546f3b12,2026-07-12,イシヅチアザミ,Cirsium ishizuchiense,キク科,ASTERACEAE,アザミ属,Cirsium,多年草,70～200 cm,,四国（讃岐山脈・四国山地）に分布する,山地の夏緑林の林縁や林間の草地に生える高さ70～200 cmの多年草,,,500,日本の野生植物 第2巻,251,原PDF画像目視確認＋macOS Vision OCR補助＋手動要約,include,,原PDF画像の種見出しと本文境界を確認し、客観的事実のみ短く要約。主観・利用推奨・不確かなOCRは除外。
wildplants-v2-parser-miss-0146,volume2_legacy_parser_misses,2,日本の野生植物 2- ミゾハコベ科～スイカズラ科 ―フィールド版―改訂新版.pdf,2d104638c72cbfc58f17ab38223bce3d7798f72abc2d14fa4495a3a7546f3b12,2026-07-12,タイアザミ,Cirsium comosum,キク科,ASTERACEAE,アザミ属,Cirsium,多年草,70～200 cm,,本州中部（東北地方南部～中部地方東部、太平洋側）に分布、中部地方中部（静岡県）からスズカアザミに置きかわる,低山～山地、ときに亜高山の夏緑林や常緑林の林縁や林間の草地に生える高さ70～200 cm、あるいはそれ以上になる多年草,,,501,日本の野生植物 第2巻,251,原PDF画像目視確認＋macOS Vision OCR補助＋手動要約,include,,原PDF画像の種見出しと本文境界を確認し、客観的事実のみ短く要約。主観・利用推奨・不確かなOCRは除外。
wildplants-v2-parser-miss-0147,volume2_legacy_parser_misses,2,日本の野生植物 2- ミゾハコベ科～スイカズラ科 ―フィールド版―改訂新版.pdf,2d104638c72cbfc58f17ab38223bce3d7798f72abc2d14fa4495a3a7546f3b12,2026-07-12,ホウキアザミ,Cirsium gratiosum,キク科,ASTERACEAE,アザミ属,Cirsium,多年草,40～150 cm,,,山地～高山帯の林縁,,,500,日本の野生植物 第2巻,251,原PDF画像目視確認＋macOS Vision OCR補助＋手動要約,include,,原PDF画像の種見出しと本文境界を確認し、客観的事実のみ短く要約。主観・利用推奨・不確かなOCRは除外。
wildplants-v2-parser-miss-0148,volume2_legacy_parser_misses,2,日本の野生植物 2- ミゾハコベ科～スイカズラ科 ―フィールド版―改訂新版.pdf,2d104638c72cbfc58f17ab38223bce3d7798f72abc2d14fa4495a3a7546f3b12,2026-07-12,ヨシノアザミ,Cirsium yoshinoi,キク科,ASTERACEAE,アザミ属,Cirsium,多年草,,,本州中部～西部（北陸・近畿地方～中国地方東部）・四国（全域）に分布する,低山～山地の夏緑林や常緑林の林縁や林間の草地に生える高さ70～200 cmの多年草,,,501,日本の野生植物 第2巻,251,原PDF画像目視確認＋macOS Vision OCR補助＋手動要約,include,,原PDF画像の種見出しと本文境界を確認し、客観的事実のみ短く要約。主観・利用推奨・不確かなOCRは除外。
wildplants-v2-parser-miss-0149,volume2_legacy_parser_misses,2,日本の野生植物 2- ミゾハコベ科～スイカズラ科 ―フィールド版―改訂新版.pdf,2d104638c72cbfc58f17ab38223bce3d7798f72abc2d14fa4495a3a7546f3b12,2026-07-12,ヒメアザミ,Cirsium buergeri,キク科,ASTERACEAE,アザミ属,Cirsium,多年草,70～200 cm,,,低山～山地の夏緑林や常緑林の林縁や草原に生える高さ70～200 cmあるいはそれ以上になる多年草,,,502,日本の野生植物 第2巻,252,原PDF画像目視確認＋macOS Vision OCR補助＋手動要約,include,,原PDF画像の種見出しと本文境界を確認し、客観的事実のみ短く要約。主観・利用推奨・不確かなOCRは除外。
wildplants-v2-parser-miss-0150,volume2_legacy_parser_misses,2,日本の野生植物 2- ミゾハコベ科～スイカズラ科 ―フィールド版―改訂新版.pdf,2d104638c72cbfc58f17ab38223bce3d7798f72abc2d14fa4495a3a7546f3b12,2026-07-12,ヒナヒゴタイ,Saussurea japonica,キク科,ASTERACEAE,トウヒレン属,Saussurea,二年草,,,,低山や海岸の草原に生える高さ（20ー）50～200 cmの二年草,,,509,日本の野生植物 第2巻,255,原PDF画像目視確認＋macOS Vision OCR補助＋手動要約,include,,原PDF画像の種見出しと本文境界を確認し、客観的事実のみ短く要約。主観・利用推奨・不確かなOCRは除外。
wildplants-v2-parser-miss-0151,volume2_legacy_parser_misses,2,日本の野生植物 2- ミゾハコベ科～スイカズラ科 ―フィールド版―改訂新版.pdf,2d104638c72cbfc58f17ab38223bce3d7798f72abc2d14fa4495a3a7546f3b12,2026-07-12,ヒメヒゴタイ,Saussurea pulchella,キク科,ASTERACEAE,トウヒレン属,Saussurea,二年草,30～150 cm,,朝鮮半島・中国（東北部・中部）・モンゴル・サハリン・ロシア沿海地方に分布する,低山～山地または海岸の草原に生える高さ30～150 cmの二年草,,,509,日本の野生植物 第2巻,255,原PDF画像目視確認＋macOS Vision OCR補助＋手動要約,include,,原PDF画像の種見出しと本文境界を確認し、客観的事実のみ短く要約。主観・利用推奨・不確かなOCRは除外。
wildplants-v2-parser-miss-0152,volume2_legacy_parser_misses,2,日本の野生植物 2- ミゾハコベ科～スイカズラ科 ―フィールド版―改訂新版.pdf,2d104638c72cbfc58f17ab38223bce3d7798f72abc2d14fa4495a3a7546f3b12,2026-07-12,エゾトウヒレン,Saussurea yesoensis,キク科,ASTERACEAE,トウヒレン属,Saussurea,多年草,30～70 cm,,北海道（オホーツク海沿岸地域を除くほぼ全域）・本州北部（青森県下北半島）に分布する,北地の海岸草原に生える高さ30～70 cmの多年草,,,511,日本の野生植物 第2巻,256,原PDF画像目視確認＋macOS Vision OCR補助＋手動要約,include,,原PDF画像の種見出しと本文境界を確認し、客観的事実のみ短く要約。主観・利用推奨・不確かなOCRは除外。
wildplants-v2-parser-miss-0153,volume2_legacy_parser_misses,2,日本の野生植物 2- ミゾハコベ科～スイカズラ科 ―フィールド版―改訂新版.pdf,2d104638c72cbfc58f17ab38223bce3d7798f72abc2d14fa4495a3a7546f3b12,2026-07-12,セイタカトウヒレン,Saussurea tanakae,キク科,ASTERACEAE,トウヒレン属,Saussurea,多年草,70～100 cm,,本州（関東～中部地方・岡山県・広島県）に分布する,山地の夏緑林の林間の草地に生える高さ70～100 cmの多年草,,,510,日本の野生植物 第2巻,256,原PDF画像目視確認＋macOS Vision OCR補助＋手動要約,include,,原PDF画像の種見出しと本文境界を確認し、客観的事実のみ短く要約。主観・利用推奨・不確かなOCRは除外。
wildplants-v2-parser-miss-0154,volume2_legacy_parser_misses,2,日本の野生植物 2- ミゾハコベ科～スイカズラ科 ―フィールド版―改訂新版.pdf,2d104638c72cbfc58f17ab38223bce3d7798f72abc2d14fa4495a3a7546f3b12,2026-07-12,タンザワヒゴタイ,Saussurea hisauchii,キク科,ASTERACEAE,トウヒレン属,Saussurea,多年草,50～80 cm,8～9月,本州中部（丹沢山地・箱根金時山・愛鷹山）,山地の夏緑林の林縁や林間の岩混じりの草地,,,511,日本の野生植物 第2巻,256,原PDF画像目視確認＋macOS Vision OCR補助＋手動要約,include,,原PDF画像の種見出しと本文境界を確認し、客観的事実のみ短く要約。主観・利用推奨・不確かなOCRは除外。
wildplants-v2-parser-miss-0155,volume2_legacy_parser_misses,2,日本の野生植物 2- ミゾハコベ科～スイカズラ科 ―フィールド版―改訂新版.pdf,2d104638c72cbfc58f17ab38223bce3d7798f72abc2d14fa4495a3a7546f3b12,2026-07-12,ナガバキタアザミ,Saussurea riederi var. yezoensis,キク科,ASTERACEAE,トウヒレン属,Saussurea,多年草,30～100 cm,7～8月,南千島・北海道・本州北部（早池峰山）,高山の草原,オクキタアザミ、チシマキタアザミ,オクキタアザミは茎が20～60 cmで総苞片は6～7列。チシマキタアザミは高さ10～40 cmで、花時に根出葉が残る傾向があり、総苞片は4～6列,510,日本の野生植物 第2巻,256,原PDF画像目視確認＋macOS Vision OCR補助＋手動要約,include,,原PDF画像の種見出しと本文境界を確認し、客観的事実のみ短く要約。主観・利用推奨・不確かなOCRは除外。
wildplants-v2-parser-miss-0156,volume2_legacy_parser_misses,2,日本の野生植物 2- ミゾハコベ科～スイカズラ科 ―フィールド版―改訂新版.pdf,2d104638c72cbfc58f17ab38223bce3d7798f72abc2d14fa4495a3a7546f3b12,2026-07-12,フォーリーアザミ,Saussurea fauriei,キク科,ASTERACEAE,トウヒレン属,Saussurea,多年草,100～200 cm,,南千島（色丹島）・北海道（北見・利尻島・礼文島・石狩・後志）に分布する,北海道の海岸草原、ときに山地の夏緑林の林縁に生える高さ100～200 cmの多年草,,,510,日本の野生植物 第2巻,256,原PDF画像目視確認＋macOS Vision OCR補助＋手動要約,include,,原PDF画像の種見出しと本文境界を確認し、客観的事実のみ短く要約。主観・利用推奨・不確かなOCRは除外。
wildplants-v2-parser-miss-0157,volume2_legacy_parser_misses,2,日本の野生植物 2- ミゾハコベ科～スイカズラ科 ―フィールド版―改訂新版.pdf,2d104638c72cbfc58f17ab38223bce3d7798f72abc2d14fa4495a3a7546f3b12,2026-07-12,ミクラシマトウヒレン,Saussurea mikurasimensis,キク科,ASTERACEAE,トウヒレン属,Saussurea,多年草,40～55 cm,,,常緑林の林縁や林間の草地に生える高さ40～55 cmの多年草,,,511,日本の野生植物 第2巻,256,原PDF画像目視確認＋macOS Vision OCR補助＋手動要約,include,,原PDF画像の種見出しと本文境界を確認し、客観的事実のみ短く要約。主観・利用推奨・不確かなOCRは除外。
wildplants-v2-parser-miss-0158,volume2_legacy_parser_misses,2,日本の野生植物 2- ミゾハコベ科～スイカズラ科 ―フィールド版―改訂新版.pdf,2d104638c72cbfc58f17ab38223bce3d7798f72abc2d14fa4495a3a7546f3b12,2026-07-12,ウスユキトウヒレン,Saussurea yanagisawae,キク科,ASTERACEAE,トウヒレン属,Saussurea,多年草,5～30 cm,,北海道（大雪山系・富良野岳・芦別岳・羊蹄山）に分布する,高山の砂礫地や草地に生える高さ5～30 cmの多年草,,,512,日本の野生植物 第2巻,257,原PDF画像目視確認＋macOS Vision OCR補助＋手動要約,include,,原PDF画像の種見出しと本文境界を確認し、客観的事実のみ短く要約。主観・利用推奨・不確かなOCRは除外。
wildplants-v2-parser-miss-0159,volume2_legacy_parser_misses,2,日本の野生植物 2- ミゾハコベ科～スイカズラ科 ―フィールド版―改訂新版.pdf,2d104638c72cbfc58f17ab38223bce3d7798f72abc2d14fa4495a3a7546f3b12,2026-07-12,コウシュウヒゴタイ,Saussurea amabilis,キク科,ASTERACEAE,トウヒレン属,Saussurea,多年草,40～60 cm,,本州（群馬県・埼玉県・東京都・山梨県）・四国（徳島県・高知県）に分布する,山地の夏緑林林縁の岩場に生える高さ40～60 cmの多年草,,,513,日本の野生植物 第2巻,257,原PDF画像目視確認＋macOS Vision OCR補助＋手動要約,include,,原PDF画像の種見出しと本文境界を確認し、客観的事実のみ短く要約。主観・利用推奨・不確かなOCRは除外。
wildplants-v2-parser-miss-0160,volume2_legacy_parser_misses,2,日本の野生植物 2- ミゾハコベ科～スイカズラ科 ―フィールド版―改訂新版.pdf,2d104638c72cbfc58f17ab38223bce3d7798f72abc2d14fa4495a3a7546f3b12,2026-07-12,アサマヒゴタイ,Saussurea savatieri,キク科,ASTERACEAE,トウヒレン属,Saussurea,多年草,30～90 cm,,,山地の夏緑林の林縁や林内に生える高さ30～90 cmの多年草,,,514,日本の野生植物 第2巻,258,原PDF画像目視確認＋macOS Vision OCR補助＋手動要約,include,,原PDF画像の種見出しと本文境界を確認し、客観的事実のみ短く要約。主観・利用推奨・不確かなOCRは除外。
wildplants-v2-parser-miss-0161,volume2_legacy_parser_misses,2,日本の野生植物 2- ミゾハコベ科～スイカズラ科 ―フィールド版―改訂新版.pdf,2d104638c72cbfc58f17ab38223bce3d7798f72abc2d14fa4495a3a7546f3b12,2026-07-12,ブタナ,Hypochaeris radicata,キク科,ASTERACEAE,ブタナ属,Hypochaeris,多年草,50 cm以上,夏～秋,ヨーロッパ原産で日本に帰化,,,,520,日本の野生植物 第2巻,261,原PDF画像目視確認＋macOS Vision OCR補助＋手動要約,include,プタナ,原PDF画像の種見出しと本文境界を確認し、客観的事実のみ短く要約。主観・利用推奨・不確かなOCRは除外。 OCR候補名「プタナ」を「ブタナ」へ訂正。
wildplants-v2-parser-miss-0162,volume2_legacy_parser_misses,2,日本の野生植物 2- ミゾハコベ科～スイカズラ科 ―フィールド版―改訂新版.pdf,2d104638c72cbfc58f17ab38223bce3d7798f72abc2d14fa4495a3a7546f3b12,2026-07-12,コオニタビラコ,Lapsanastrum apogonoides,キク科,ASTERACEAE,ヤブタビラコ属,Lapsanastrum,,4～20 cm,,本州～九州、済州島（韓国）・中国に分布する,,,,524,日本の野生植物 第2巻,263,原PDF画像目視確認＋macOS Vision OCR補助＋手動要約,include,,原PDF画像の種見出しと本文境界を確認し、客観的事実のみ短く要約。主観・利用推奨・不確かなOCRは除外。
wildplants-v2-parser-miss-0163,volume2_legacy_parser_misses,2,日本の野生植物 2- ミゾハコベ科～スイカズラ科 ―フィールド版―改訂新版.pdf,2d104638c72cbfc58f17ab38223bce3d7798f72abc2d14fa4495a3a7546f3b12,2026-07-12,アオオニタビラコ,Youngia japonica,キク科,ASTERACEAE,オニタビラコ属,Youngia,多年草,20～100 cm,東日本は5～10月、南方は周年,本州（宮城県以南）～琉球および小笠原諸島、朝鮮半島南部・台湾・中国・東南アジア～南アジア・マレーシア地域・ミクロネシア・オーストラリア・モーリシャスに広く分布する,日当たりのよい空き地,,,529,日本の野生植物 第2巻,265,原PDF画像目視確認＋macOS Vision OCR補助＋手動要約,include,,原PDF画像の種見出しと本文境界を確認し、客観的事実のみ短く要約。主観・利用推奨・不確かなOCRは除外。
wildplants-v2-parser-miss-0164,volume2_legacy_parser_misses,2,日本の野生植物 2- ミゾハコベ科～スイカズラ科 ―フィールド版―改訂新版.pdf,2d104638c72cbfc58f17ab38223bce3d7798f72abc2d14fa4495a3a7546f3b12,2026-07-12,ミスミグサ,Elephantopus scaber,キク科,ASTERACEAE,イガコウゾリナ属,Elephantopus,,20～80 cm,,琉球（沖縄島・伊江島）、台湾・中国（中部・南部・西南部）のほか、アジア・アフリカの熱帯域に広く分布する,路傍に生える高さ20～80 cmの多年草,,,531,日本の野生植物 第2巻,266,原PDF画像目視確認＋macOS Vision OCR補助＋手動要約,include,,原PDF画像の種見出しと本文境界を確認し、客観的事実のみ短く要約。主観・利用推奨・不確かなOCRは除外。
wildplants-v2-parser-miss-0165,volume2_legacy_parser_misses,2,日本の野生植物 2- ミゾハコベ科～スイカズラ科 ―フィールド版―改訂新版.pdf,2d104638c72cbfc58f17ab38223bce3d7798f72abc2d14fa4495a3a7546f3b12,2026-07-12,ムラサキムカシヨモギ,Cyanthillium cinereum,キク科,ASTERACEAE,ムラサキムカシヨモギ属,Cyanthillium,一年草,20～100 cm,,台湾・中国（南部・西南部）・熱帯アジア・オーストラリア・太平洋諸島・アフリカに広く分布する,低地～低山の路傍や林縁に生える高さ20～100 cmの一年草または多年草,,,530,日本の野生植物 第2巻,266,原PDF画像目視確認＋macOS Vision OCR補助＋手動要約,include,,原PDF画像の種見出しと本文境界を確認し、客観的事実のみ短く要約。主観・利用推奨・不確かなOCRは除外。
wildplants-v2-parser-miss-0166,volume2_legacy_parser_misses,2,日本の野生植物 2- ミゾハコベ科～スイカズラ科 ―フィールド版―改訂新版.pdf,2d104638c72cbfc58f17ab38223bce3d7798f72abc2d14fa4495a3a7546f3b12,2026-07-12,オタカラコウ,Ligularia fischeri,キク科,ASTERACEAE,メタカラコウ属,Ligularia,多年草,1～2 m,,暖温帯域～温帯域に生育し、本州（山形県以南）～九州、サハリン・シベリア東部・中国に分布する,山地～亜高山の水流や湿地の緑に生える高さ1～2 mの多年草,,,538,日本の野生植物 第2巻,270,原PDF画像目視確認＋macOS Vision OCR補助＋手動要約,include,,原PDF画像の種見出しと本文境界を確認し、客観的事実のみ短く要約。主観・利用推奨・不確かなOCRは除外。
wildplants-v2-parser-miss-0167,volume2_legacy_parser_misses,2,日本の野生植物 2- ミゾハコベ科～スイカズラ科 ―フィールド版―改訂新版.pdf,2d104638c72cbfc58f17ab38223bce3d7798f72abc2d14fa4495a3a7546f3b12,2026-07-12,サワギク,Nemosenecio nikoensis,キク科,ASTERACEAE,サワギク属,Nemosenecio,一年草,,,温帯域に生育し、北海道～九州に分布する日本固有種である,山地の木陰に生える高さ30～120 cmのやわらかい擬似一年草,,,539,日本の野生植物 第2巻,270,原PDF画像目視確認＋macOS Vision OCR補助＋手動要約,include,,原PDF画像の種見出しと本文境界を確認し、客観的事実のみ短く要約。主観・利用推奨・不確かなOCRは除外。
wildplants-v2-parser-miss-0168,volume2_legacy_parser_misses,2,日本の野生植物 2- ミゾハコベ科～スイカズラ科 ―フィールド版―改訂新版.pdf,2d104638c72cbfc58f17ab38223bce3d7798f72abc2d14fa4495a3a7546f3b12,2026-07-12,トウゲブキ,Ligularia hodgsonii,キク科,ASTERACEAE,メタカラコウ属,Ligularia,多年草,30～80 cm,,北海道・本州（東北地方）に分布する,山地～高山草原あるいは海岸草原に生える高さ30～80 cmの多年草,,,538,日本の野生植物 第2巻,270,原PDF画像目視確認＋macOS Vision OCR補助＋手動要約,include,トウゲプキ,原PDF画像の種見出しと本文境界を確認し、客観的事実のみ短く要約。主観・利用推奨・不確かなOCRは除外。 OCR候補名「トウゲプキ」を「トウゲブキ」へ訂正。
wildplants-v2-parser-miss-0169,volume2_legacy_parser_misses,2,日本の野生植物 2- ミゾハコベ科～スイカズラ科 ―フィールド版―改訂新版.pdf,2d104638c72cbfc58f17ab38223bce3d7798f72abc2d14fa4495a3a7546f3b12,2026-07-12,ハンカイソウ,Ligularia japonica,キク科,ASTERACEAE,メタカラコウ属,Ligularia,多年草,60～100 cm,,暖温帯域～温帯域に生育し、本州（静岡県以西）～九州、朝鮮半島・台湾・中国・ミヤンマー・インドに分布する,山地の湿った草原や林間の草地に生える高さ60～100 cmの多年草,,,538,日本の野生植物 第2巻,270,原PDF画像目視確認＋macOS Vision OCR補助＋手動要約,include,,原PDF画像の種見出しと本文境界を確認し、客観的事実のみ短く要約。主観・利用推奨・不確かなOCRは除外。
wildplants-v2-parser-miss-0170,volume2_legacy_parser_misses,2,日本の野生植物 2- ミゾハコベ科～スイカズラ科 ―フィールド版―改訂新版.pdf,2d104638c72cbfc58f17ab38223bce3d7798f72abc2d14fa4495a3a7546f3b12,2026-07-12,メタカラコウ,Ligularia stenocephala,キク科,ASTERACEAE,メタカラコウ属,Ligularia,多年草,50～100 cm,,温帯域に生育し、本州～九州、台湾・中国に分布,山地～亜高山の湿った草地に生える高さ50～100 cmの多年草,,,538,日本の野生植物 第2巻,270,原PDF画像目視確認＋macOS Vision OCR補助＋手動要約,include,,原PDF画像の種見出しと本文境界を確認し、客観的事実のみ短く要約。主観・利用推奨・不確かなOCRは除外。
wildplants-v2-parser-miss-0171,volume2_legacy_parser_misses,2,日本の野生植物 2- ミゾハコベ科～スイカズラ科 ―フィールド版―改訂新版.pdf,2d104638c72cbfc58f17ab38223bce3d7798f72abc2d14fa4495a3a7546f3b12,2026-07-12,ヤマタイミンガサ,Parasenecio yatabei,キク科,ASTERACEAE,コウモリソウ属,Parasenecio,多年草,60～90 cm,,本州（岩手県～岐阜県・愛知県・紀伊山地・中国地方、隠岐島を含む）・四国（徳島県・高知県）に分布し、温帯域に生育する,夏緑林の林床に生える高さ60～90 cmの多年草,,,541,日本の野生植物 第2巻,271,原PDF画像目視確認＋macOS Vision OCR補助＋手動要約,include,,原PDF画像の種見出しと本文境界を確認し、客観的事実のみ短く要約。主観・利用推奨・不確かなOCRは除外。
wildplants-v2-parser-miss-0172,volume2_legacy_parser_misses,2,日本の野生植物 2- ミゾハコベ科～スイカズラ科 ―フィールド版―改訂新版.pdf,2d104638c72cbfc58f17ab38223bce3d7798f72abc2d14fa4495a3a7546f3b12,2026-07-12,イヌドウナ,Parasenecio aidzuensis,キク科,ASTERACEAE,コウモリソウ属,Parasenecio,多年草,2 m,,本州（東北地方・関東地方北部）に分布する,夏緑林の林内や林縁,,,543,日本の野生植物 第2巻,272,原PDF画像目視確認＋macOS Vision OCR補助＋手動要約,include,,原PDF画像の種見出しと本文境界を確認し、客観的事実のみ短く要約。主観・利用推奨・不確かなOCRは除外。
wildplants-v2-parser-miss-0173,volume2_legacy_parser_misses,2,日本の野生植物 2- ミゾハコベ科～スイカズラ科 ―フィールド版―改訂新版.pdf,2d104638c72cbfc58f17ab38223bce3d7798f72abc2d14fa4495a3a7546f3b12,2026-07-12,ツクシコウモリ,Parasenecio nipponicus,キク科,ASTERACEAE,コウモリソウ属,Parasenecio,多年草,20～50 cm,,温帯域に生育し、九州に分布する,夏緑林の林内に生える高さ20～50 cmの多年草,,,542,日本の野生植物 第2巻,272,原PDF画像目視確認＋macOS Vision OCR補助＋手動要約,include,,原PDF画像の種見出しと本文境界を確認し、客観的事実のみ短く要約。主観・利用推奨・不確かなOCRは除外。
wildplants-v2-parser-miss-0174,volume2_legacy_parser_misses,2,日本の野生植物 2- ミゾハコベ科～スイカズラ科 ―フィールド版―改訂新版.pdf,2d104638c72cbfc58f17ab38223bce3d7798f72abc2d14fa4495a3a7546f3b12,2026-07-12,エゾオグルマ,Senecio pseudoarnica,キク科,ASTERACEAE,ノボロギク属,Senecio,多年草,,,温帯域～寒帯域に生育し、南千島・北海道・本州（青森県）、朝鮮半島・中国（東北部）・シベリア東部・サハリン・千島列島・カムチャツカ半島・アリューシャン列島・北アメリカ東部に分布,砂浜海岸に生える高さ30～50 cmの多肉な多年草,,,544,日本の野生植物 第2巻,273,原PDF画像目視確認＋macOS Vision OCR補助＋手動要約,include,,原PDF画像の種見出しと本文境界を確認し、客観的事実のみ短く要約。主観・利用推奨・不確かなOCRは除外。
wildplants-v2-parser-miss-0175,volume2_legacy_parser_misses,2,日本の野生植物 2- ミゾハコベ科～スイカズラ科 ―フィールド版―改訂新版.pdf,2d104638c72cbfc58f17ab38223bce3d7798f72abc2d14fa4495a3a7546f3b12,2026-07-12,コヤブレガサ,Syneilesis aconitifolia,キク科,ASTERACEAE,ヤブレガサ属,Syneilesis,多年草,100 cm,,兵庫県のほか、朝鮮半島・中国（北西部と南西部を除く）・ロシア極東地方に分布する,ススキ草原に生える高さ100 cmほどの多年草,,,545,日本の野生植物 第2巻,273,原PDF画像目視確認＋macOS Vision OCR補助＋手動要約,include,コヤプレガサ,原PDF画像の種見出しと本文境界を確認し、客観的事実のみ短く要約。主観・利用推奨・不確かなOCRは除外。 OCR候補名「コヤプレガサ」を「コヤブレガサ」へ訂正。
wildplants-v2-parser-miss-0176,volume2_legacy_parser_misses,2,日本の野生植物 2- ミゾハコベ科～スイカズラ科 ―フィールド版―改訂新版.pdf,2d104638c72cbfc58f17ab38223bce3d7798f72abc2d14fa4495a3a7546f3b12,2026-07-12,タイキンギク,Senecio scandens,キク科,ASTERACEAE,ノボロギク属,Senecio,多年草,,,暖温帯域～亜熱帯域に生育し、本州（三重県・和歌山県）・四国（徳島県・高知県）、台湾・中国・フィリピン・インドシナ～ヒマラヤ地域・スリランカに分布する,国内では暖地の海岸の崖に生える長さ2～5 mになるつる状の多年草,,,544,日本の野生植物 第2巻,273,原PDF画像目視確認＋macOS Vision OCR補助＋手動要約,include,,原PDF画像の種見出しと本文境界を確認し、客観的事実のみ短く要約。主観・利用推奨・不確かなOCRは除外。
wildplants-v2-parser-miss-0177,volume2_legacy_parser_misses,2,日本の野生植物 2- ミゾハコベ科～スイカズラ科 ―フィールド版―改訂新版.pdf,2d104638c72cbfc58f17ab38223bce3d7798f72abc2d14fa4495a3a7546f3b12,2026-07-12,コヨメナ,Aster indicus,キク科,ASTERACEAE,シオン属,Aster,多年草,30～50 cm,,四国・九州南部・琉球・小笠原諸島、朝鮮半島南部・済州島（韓国）・台湾・中国（中南部）・インドシナ・インドに分布,湿地や畦道などに生える多年草,,,549,日本の野生植物 第2巻,275,原PDF画像目視確認＋macOS Vision OCR補助＋手動要約,include,,原PDF画像の種見出しと本文境界を確認し、客観的事実のみ短く要約。主観・利用推奨・不確かなOCRは除外。
wildplants-v2-parser-miss-0178,volume2_legacy_parser_misses,2,日本の野生植物 2- ミゾハコベ科～スイカズラ科 ―フィールド版―改訂新版.pdf,2d104638c72cbfc58f17ab38223bce3d7798f72abc2d14fa4495a3a7546f3b12,2026-07-12,ヤマジノギク,Aster hispidus,キク科,ASTERACEAE,シオン属,Aster,越年草,30～100 cm,9～11月,本州（東海地方以西、伊豆爪木崎が東限）・四国・九州、朝鮮半島・台湾・中国・ウスリー・アムールに分布する,日当たりのよい乾草原,,,548,日本の野生植物 第2巻,275,原PDF画像目視確認＋macOS Vision OCR補助＋手動要約,include,,原PDF画像の種見出しと本文境界を確認し、客観的事実のみ短く要約。主観・利用推奨・不確かなOCRは除外。
wildplants-v2-parser-miss-0179,volume2_legacy_parser_misses,2,日本の野生植物 2- ミゾハコベ科～スイカズラ科 ―フィールド版―改訂新版.pdf,2d104638c72cbfc58f17ab38223bce3d7798f72abc2d14fa4495a3a7546f3b12,2026-07-12,イナカギク,Aster semiamplexicaulis,キク科,ASTERACEAE,シオン属,Aster,多年草,30～100 cm,,本州（茨城県および東海地方以西）・四国・九州に分布する,山林の林縁や道路脇の斜面,,,550,日本の野生植物 第2巻,276,原PDF画像目視確認＋macOS Vision OCR補助＋手動要約,include,,原PDF画像の種見出しと本文境界を確認し、客観的事実のみ短く要約。主観・利用推奨・不確かなOCRは除外。
wildplants-v2-parser-miss-0180,volume2_legacy_parser_misses,2,日本の野生植物 2- ミゾハコベ科～スイカズラ科 ―フィールド版―改訂新版.pdf,2d104638c72cbfc58f17ab38223bce3d7798f72abc2d14fa4495a3a7546f3b12,2026-07-12,セイタカアワダチソウ,Solidago altissima,キク科,ASTERACEAE,アキノキリンソウ属,Solidago,,1～2 m,,北海道から琉球まで広く分布,,,,555,日本の野生植物 第2巻,278,原PDF画像目視確認＋macOS Vision OCR補助＋手動要約,include,,原PDF画像の種見出しと本文境界を確認し、客観的事実のみ短く要約。主観・利用推奨・不確かなOCRは除外。
wildplants-v2-parser-miss-0181,volume2_legacy_parser_misses,2,日本の野生植物 2- ミゾハコベ科～スイカズラ科 ―フィールド版―改訂新版.pdf,2d104638c72cbfc58f17ab38223bce3d7798f72abc2d14fa4495a3a7546f3b12,2026-07-12,ホウキギク,Symphyotrichum subulatum,キク科,ASTERACEAE,ホウキギク属,Symphyotrichum,一年草,,,1種が北半球旧世界域に広く分布する,海岸の塩性地に生育する越年草,,,556,日本の野生植物 第2巻,279,原PDF画像目視確認＋macOS Vision OCR補助＋手動要約,include,,原PDF画像の種見出しと本文境界を確認し、客観的事実のみ短く要約。主観・利用推奨・不確かなOCRは除外。
wildplants-v2-parser-miss-0182,volume2_legacy_parser_misses,2,日本の野生植物 2- ミゾハコベ科～スイカズラ科 ―フィールド版―改訂新版.pdf,2d104638c72cbfc58f17ab38223bce3d7798f72abc2d14fa4495a3a7546f3b12,2026-07-12,アライトヨモギ,Artemisia borealis,キク科,ASTERACEAE,ヨモギ属,Artemisia,多年草,,,,,,,558,日本の野生植物 第2巻,280,原PDF画像目視確認＋macOS Vision OCR補助＋手動要約,include,,原PDF画像の種見出しと本文境界を確認し、客観的事実のみ短く要約。主観・利用推奨・不確かなOCRは除外。
wildplants-v2-parser-miss-0183,volume2_legacy_parser_misses,2,日本の野生植物 2- ミゾハコベ科～スイカズラ科 ―フィールド版―改訂新版.pdf,2d104638c72cbfc58f17ab38223bce3d7798f72abc2d14fa4495a3a7546f3b12,2026-07-12,オオヨモギ,Artemisia montana var. montana,キク科,ASTERACEAE,ヨモギ属,Artemisia,多年草,1.5～2 m,8～9月,南千島・北海道・本州（近畿地方以北）、千島列島・サハリン・ウスリー,山地や北地,,,561,日本の野生植物 第2巻,281,原PDF画像目視確認＋macOS Vision OCR補助＋手動要約,include,,原PDF画像の種見出しと本文境界を確認し、客観的事実のみ短く要約。主観・利用推奨・不確かなOCRは除外。
wildplants-v2-parser-miss-0184,volume2_legacy_parser_misses,2,日本の野生植物 2- ミゾハコベ科～スイカズラ科 ―フィールド版―改訂新版.pdf,2d104638c72cbfc58f17ab38223bce3d7798f72abc2d14fa4495a3a7546f3b12,2026-07-12,カワラニンジン,Artemisia carvifolia,キク科,ASTERACEAE,ヨモギ属,Artemisia,,40～150 cm,,暖帯に生育し、本州～九州、朝鮮半島・中国・ヒマラヤ・ベトナム北部などに分布,暖帯に生育,,,560,日本の野生植物 第2巻,281,原PDF画像目視確認＋macOS Vision OCR補助＋手動要約,include,,原PDF画像の種見出しと本文境界を確認し、客観的事実のみ短く要約。主観・利用推奨・不確かなOCRは除外。
wildplants-v2-parser-miss-0185,volume2_legacy_parser_misses,2,日本の野生植物 2- ミゾハコベ科～スイカズラ科 ―フィールド版―改訂新版.pdf,2d104638c72cbfc58f17ab38223bce3d7798f72abc2d14fa4495a3a7546f3b12,2026-07-12,ヒロハウラジロヨモギ,Artemisia koidzumii var. koidzumii,キク科,ASTERACEAE,ヨモギ属,Artemisia,多年草,35～100 cm,,温帯～寒帯に生育し、南千島・北海道、千島列島（ウルップ島）サハリン・ウスリーに分布する,温帯～寒帯に生育,,,561,日本の野生植物 第2巻,281,原PDF画像目視確認＋macOS Vision OCR補助＋手動要約,include,,原PDF画像の種見出しと本文境界を確認し、客観的事実のみ短く要約。主観・利用推奨・不確かなOCRは除外。
wildplants-v2-parser-miss-0186,volume2_legacy_parser_misses,2,日本の野生植物 2- ミゾハコベ科～スイカズラ科 ―フィールド版―改訂新版.pdf,2d104638c72cbfc58f17ab38223bce3d7798f72abc2d14fa4495a3a7546f3b12,2026-07-12,ヒロハヤマヨモギ,Artemisia stolonifera,キク科,ASTERACEAE,ヨモギ属,Artemisia,多年草,50～100 cm,,温帯に生育し、本州（中国地方）・九州、朝鮮半島・中国・極東ロシアに分布する,山中の乾草原に生える多年草,,,561,日本の野生植物 第2巻,281,原PDF画像目視確認＋macOS Vision OCR補助＋手動要約,include,,原PDF画像の種見出しと本文境界を確認し、客観的事実のみ短く要約。主観・利用推奨・不確かなOCRは除外。
wildplants-v2-parser-miss-0187,volume2_legacy_parser_misses,2,日本の野生植物 2- ミゾハコベ科～スイカズラ科 ―フィールド版―改訂新版.pdf,2d104638c72cbfc58f17ab38223bce3d7798f72abc2d14fa4495a3a7546f3b12,2026-07-12,フクド,Artemisia fukudo,キク科,ASTERACEAE,ヨモギ属,Artemisia,多年草,,,暖帯に生育し、本州（近畿地方以）～九州、朝鮮半島・中国（浙江省）、台湾に分布する,河口付近の潮間帯の砂泥地に生える1回素殖型の多年草,,,560,日本の野生植物 第2巻,281,原PDF画像目視確認＋macOS Vision OCR補助＋手動要約,include,,原PDF画像の種見出しと本文境界を確認し、客観的事実のみ短く要約。主観・利用推奨・不確かなOCRは除外。
wildplants-v2-parser-miss-0188,volume2_legacy_parser_misses,2,日本の野生植物 2- ミゾハコベ科～スイカズラ科 ―フィールド版―改訂新版.pdf,2d104638c72cbfc58f17ab38223bce3d7798f72abc2d14fa4495a3a7546f3b12,2026-07-12,ヨモギ,Artemisia indica var. maximowiczii,キク科,ASTERACEAE,ヨモギ属,Artemisia,多年草,60～120 cm,,温帯～暖帯に生育し、本州～九州・小笠原諸島、朝鮮半島に分布する,温帯～暖帯に生育,,,561,日本の野生植物 第2巻,281,原PDF画像目視確認＋macOS Vision OCR補助＋手動要約,include,,原PDF画像の種見出しと本文境界を確認し、客観的事実のみ短く要約。主観・利用推奨・不確かなOCRは除外。
wildplants-v2-parser-miss-0189,volume2_legacy_parser_misses,2,日本の野生植物 2- ミゾハコベ科～スイカズラ科 ―フィールド版―改訂新版.pdf,2d104638c72cbfc58f17ab38223bce3d7798f72abc2d14fa4495a3a7546f3b12,2026-07-12,オオイワインチン,Chrysanthemum pallasianum,キク科,ASTERACEAE,キク属,Chrysanthemum,多年草,20～60 cm,,,高山に生える多年草,,,564,日本の野生植物 第2巻,283,原PDF画像目視確認＋macOS Vision OCR補助＋手動要約,include,,原PDF画像の種見出しと本文境界を確認し、客観的事実のみ短く要約。主観・利用推奨・不確かなOCRは除外。
wildplants-v2-parser-miss-0190,volume2_legacy_parser_misses,2,日本の野生植物 2- ミゾハコベ科～スイカズラ科 ―フィールド版―改訂新版.pdf,2d104638c72cbfc58f17ab38223bce3d7798f72abc2d14fa4495a3a7546f3b12,2026-07-12,コシカギク,Matricaria matricarioides,キク科,ASTERACEAE,コシカギク属,Matricaria,一年草,10～30 cm,,北半球の寒地に広く分布し、南千島・北海道～九州、千島列島・カムチャツカ半島に帰化する,,,,566,日本の野生植物 第2巻,284,原PDF画像目視確認＋macOS Vision OCR補助＋手動要約,include,,原PDF画像の種見出しと本文境界を確認し、客観的事実のみ短く要約。主観・利用推奨・不確かなOCRは除外。
wildplants-v2-parser-miss-0191,volume2_legacy_parser_misses,2,日本の野生植物 2- ミゾハコベ科～スイカズラ科 ―フィールド版―改訂新版.pdf,2d104638c72cbfc58f17ab38223bce3d7798f72abc2d14fa4495a3a7546f3b12,2026-07-12,コマウスユキソウ,Leontopodium shinanense,キク科,ASTERACEAE,ウスユキソウ属,Leontopodium,多年草,4～7 cm,7～8月,長野県中央アルプス,高山の岩がちの草地,,,572,日本の野生植物 第2巻,287,原PDF画像目視確認＋macOS Vision OCR補助＋手動要約,include,,原PDF画像の種見出しと本文境界を確認し、客観的事実のみ短く要約。主観・利用推奨・不確かなOCRは除外。
wildplants-v2-parser-miss-0192,volume2_legacy_parser_misses,2,日本の野生植物 2- ミゾハコベ科～スイカズラ科 ―フィールド版―改訂新版.pdf,2d104638c72cbfc58f17ab38223bce3d7798f72abc2d14fa4495a3a7546f3b12,2026-07-12,オオキバナムカシヨモギ,Blumea conspicua,キク科,ASTERACEAE,ツルハグマ属,Blumea,大型の多年草,1～2 m,2～4月,九州南部（種子島・屋久島）・琉球、台湾（蘭嶼）,疎林内,,,574,日本の野生植物 第2巻,288,原PDF画像目視確認＋macOS Vision OCR補助＋手動要約,include,,原PDF画像の種見出しと本文境界を確認し、客観的事実のみ短く要約。主観・利用推奨・不確かなOCRは除外。
wildplants-v2-parser-miss-0193,volume2_legacy_parser_misses,2,日本の野生植物 2- ミゾハコベ科～スイカズラ科 ―フィールド版―改訂新版.pdf,2d104638c72cbfc58f17ab38223bce3d7798f72abc2d14fa4495a3a7546f3b12,2026-07-12,ネコノシタ,Melanthera prostrata,キク科,ASTERACEAE,キダチハマグルマ属,Melanthera,多年草,,,暖帯～熱帯に生育し、本州（関東および北陸地方以西）～琉球・小笠原諸島、済州島（韓国）・台湾・中国・ベトナムに分布する,海岸の砂地に生育する多年草,,,580,日本の野生植物 第2巻,291,原PDF画像目視確認＋macOS Vision OCR補助＋手動要約,include,,原PDF画像の種見出しと本文境界を確認し、客観的事実のみ短く要約。主観・利用推奨・不確かなOCRは除外。
wildplants-v2-parser-miss-0194,volume2_legacy_parser_misses,2,日本の野生植物 2- ミゾハコベ科～スイカズラ科 ―フィールド版―改訂新版.pdf,2d104638c72cbfc58f17ab38223bce3d7798f72abc2d14fa4495a3a7546f3b12,2026-07-12,オオブタクサ,Ambrosia trifida,キク科,ASTERACEAE,ブタクサ属,Ambrosia,一年草,1～3 m,7～9月,日本では北海道～琉球に分布,空き地や河川敷のやや湿り気のあるところに群生する一年草,,,583,日本の野生植物 第2巻,292,原PDF画像目視確認＋macOS Vision OCR補助＋手動要約,include,,原PDF画像の種見出しと本文境界を確認し、客観的事実のみ短く要約。主観・利用推奨・不確かなOCRは除外。
wildplants-v2-parser-miss-0195,volume2_legacy_parser_misses,2,日本の野生植物 2- ミゾハコベ科～スイカズラ科 ―フィールド版―改訂新版.pdf,2d104638c72cbfc58f17ab38223bce3d7798f72abc2d14fa4495a3a7546f3b12,2026-07-12,ウサギギク,Arnica unalaschcensis var. tschonoskyi,キク科,ASTERACEAE,ウサギギク属,Arnica,多年草,7～35 cm,,南千島・本州（中部以北）・北海道、千島列島・カムチャツカ半島・アリューシャン列島に分布,高山の乾いた草地や岩礫地に生える高さ7～35 cmの多年草,,,585,日本の野生植物 第2巻,293,原PDF画像目視確認＋macOS Vision OCR補助＋手動要約,include,,原PDF画像の種見出しと本文境界を確認し、客観的事実のみ短く要約。主観・利用推奨・不確かなOCRは除外。
wildplants-v2-parser-miss-0196,volume2_legacy_parser_misses,2,日本の野生植物 2- ミゾハコベ科～スイカズラ科 ―フィールド版―改訂新版.pdf,2d104638c72cbfc58f17ab38223bce3d7798f72abc2d14fa4495a3a7546f3b12,2026-07-12,チョウジギク,Arnica mallotopus,キク科,ASTERACEAE,ウサギギク属,Arnica,多年草,20～90 cm,8～10月,本州（青森県～鳥取県の日本海側）・四国（剣山）,山地の多湿の斜面,,,585,日本の野生植物 第2巻,293,原PDF画像目視確認＋macOS Vision OCR補助＋手動要約,include,,原PDF画像の種見出しと本文境界を確認し、客観的事実のみ短く要約。主観・利用推奨・不確かなOCRは除外。
wildplants-v2-parser-miss-0197,volume2_legacy_parser_misses,2,日本の野生植物 2- ミゾハコベ科～スイカズラ科 ―フィールド版―改訂新版.pdf,2d104638c72cbfc58f17ab38223bce3d7798f72abc2d14fa4495a3a7546f3b12,2026-07-12,タイワンヒヨドリ,Eupatorium formosanum,キク科,ASTERACEAE,ヒヨドリパナ属,Eupatorium,多年草,0.5～1.5 m,12～8月,琉球（沖縄島以南）、台湾・フィリピンに分布する,路傍や林縁の明るい場所に生える多年草,,,587,日本の野生植物 第2巻,294,原PDF画像目視確認＋macOS Vision OCR補助＋手動要約,include,,原PDF画像の種見出しと本文境界を確認し、客観的事実のみ短く要約。主観・利用推奨・不確かなOCRは除外。
wildplants-v2-parser-miss-0198,volume2_legacy_parser_misses,2,日本の野生植物 2- ミゾハコベ科～スイカズラ科 ―フィールド版―改訂新版.pdf,2d104638c72cbfc58f17ab38223bce3d7798f72abc2d14fa4495a3a7546f3b12,2026-07-12,コバトベラ,Pittosporum parvifolium,トベラ科,PITTOSPORACEAE,トベラ属,Pittosporum,低木,0.5～1.5 m,,,,,,589,日本の野生植物 第2巻,295,原PDF画像目視確認＋macOS Vision OCR補助＋手動要約,include,,原PDF画像の種見出しと本文境界を確認し、客観的事実のみ短く要約。主観・利用推奨・不確かなOCRは除外。
wildplants-v2-parser-miss-0199,volume2_legacy_parser_misses,2,日本の野生植物 2- ミゾハコベ科～スイカズラ科 ―フィールド版―改訂新版.pdf,2d104638c72cbfc58f17ab38223bce3d7798f72abc2d14fa4495a3a7546f3b12,2026-07-12,カクレミノ,Dendropanax trifidus,ウコギ科,ARALIACEAE,カクレミノ属,Dendropanax,常緑小高木,5～7 m（最大15 m）,7～8月,本州（宮城県石巻市沿岸以南）・四国・九州・琉球、朝鮮半島南部・台湾（蘭嶼）,常緑樹林内,,,592,日本の野生植物 第2巻,297,原PDF画像目視確認＋macOS Vision OCR補助＋手動要約,include,,原PDF画像の種見出しと本文境界を確認し、客観的事実のみ短く要約。主観・利用推奨・不確かなOCRは除外。
wildplants-v2-parser-miss-0200,volume2_legacy_parser_misses,2,日本の野生植物 2- ミゾハコベ科～スイカズラ科 ―フィールド版―改訂新版.pdf,2d104638c72cbfc58f17ab38223bce3d7798f72abc2d14fa4495a3a7546f3b12,2026-07-12,キヅタ,Hedera rhombea,ウコギ科,ARALIACEAE,キヅタ属,Hedera,,,,北海道（南部）・本州・四国・九州・琉球の低地に生え、朝鮮半島・台湾（変種）にも分布する,北海道（南部）・本州・四国・九州・琉球の低地に生え,,,595,日本の野生植物 第2巻,298,原PDF画像目視確認＋macOS Vision OCR補助＋手動要約,include,,原PDF画像の種見出しと本文境界を確認し、客観的事実のみ短く要約。主観・利用推奨・不確かなOCRは除外。
wildplants-v2-parser-miss-0201,volume2_legacy_parser_misses,2,日本の野生植物 2- ミゾハコベ科～スイカズラ科 ―フィールド版―改訂新版.pdf,2d104638c72cbfc58f17ab38223bce3d7798f72abc2d14fa4495a3a7546f3b12,2026-07-12,タカノツメ,Gamblea innovans,ウコギ科,ARALIACEAE,タカノツメ属,Gamblea,小高木,6～8 m,,,日本特産種で、北海道・本州・四国・九州の山地の林内に生える,,,594,日本の野生植物 第2巻,298,原PDF画像目視確認＋macOS Vision OCR補助＋手動要約,include,,原PDF画像の種見出しと本文境界を確認し、客観的事実のみ短く要約。主観・利用推奨・不確かなOCRは除外。
wildplants-v2-parser-miss-0202,volume2_legacy_parser_misses,2,日本の野生植物 2- ミゾハコベ科～スイカズラ科 ―フィールド版―改訂新版.pdf,2d104638c72cbfc58f17ab38223bce3d7798f72abc2d14fa4495a3a7546f3b12,2026-07-12,ヒメチドメ,Hydrocotyle yabei,ウコギ科,ARALIACEAE,チドメグサ属,Hydrocotyle,多年草,,,北海道（渡島支庁）、本州～九州にあり、済州島（韓国）に分布する,山地の林下に生える多年草,,,596,日本の野生植物 第2巻,299,原PDF画像目視確認＋macOS Vision OCR補助＋手動要約,include,,原PDF画像の種見出しと本文境界を確認し、客観的事実のみ短く要約。主観・利用推奨・不確かなOCRは除外。
wildplants-v2-parser-miss-0203,volume2_legacy_parser_misses,2,日本の野生植物 2- ミゾハコベ科～スイカズラ科 ―フィールド版―改訂新版.pdf,2d104638c72cbfc58f17ab38223bce3d7798f72abc2d14fa4495a3a7546f3b12,2026-07-12,ヒメノダケ,Angelica cartilaginomarginata,セリ科,APIACEAE,シシウド属,Angelica,多年草,50～80 cm,8～11月,本州（近畿）・四国・九州、朝鮮半島に分布する,日当りのよい草原に生える多年草,,,603,日本の野生植物 第2巻,302,原PDF画像目視確認＋macOS Vision OCR補助＋手動要約,include,,原PDF画像の種見出しと本文境界を確認し、客観的事実のみ短く要約。主観・利用推奨・不確かなOCRは除外。
wildplants-v2-parser-miss-0204,volume2_legacy_parser_misses,2,日本の野生植物 2- ミゾハコベ科～スイカズラ科 ―フィールド版―改訂新版.pdf,2d104638c72cbfc58f17ab38223bce3d7798f72abc2d14fa4495a3a7546f3b12,2026-07-12,ヌマゼリ,Sium suave,セリ科,APIACEAE,ムカゴニンジン属,Sium,多年草,60～100 cm,7～9月,北海道～九州、朝鮮半島・中国（東北）に分布する,湿地に生える無毛の多年草,,,611,日本の野生植物 第2巻,306,原PDF画像目視確認＋macOS Vision OCR補助＋手動要約,include,,原PDF画像の種見出しと本文境界を確認し、客観的事実のみ短く要約。主観・利用推奨・不確かなOCRは除外。
wildplants-v2-parser-miss-0205,volume2_legacy_parser_misses,2,日本の野生植物 2- ミゾハコベ科～スイカズラ科 ―フィールド版―改訂新版.pdf,2d104638c72cbfc58f17ab38223bce3d7798f72abc2d14fa4495a3a7546f3b12,2026-07-12,カノツメソウ,Spuriopimpinella calycina,セリ科,APIACEAE,カノツメソウ属,Spuriopimpinella,多年草,50～100 cm,,日本特産で北海道～九州に分布する,山林下に生える多年草,,,612,日本の野生植物 第2巻,307,原PDF画像目視確認＋macOS Vision OCR補助＋手動要約,include,,原PDF画像の種見出しと本文境界を確認し、客観的事実のみ短く要約。主観・利用推奨・不確かなOCRは除外。
wildplants-v2-parser-miss-0206,volume2_legacy_parser_misses,2,日本の野生植物 2- ミゾハコベ科～スイカズラ科 ―フィールド版―改訂新版.pdf,2d104638c72cbfc58f17ab38223bce3d7798f72abc2d14fa4495a3a7546f3b12,2026-07-12,オオカメノキ,Viburnum furcatum,ガマズミ科,VIBURNACEAE,ガマズミ属,Viburnum,,6 m,4月下旬～6月,千島列島（北限ウルップ島）・サハリン（南部）・韓国（済州島・薔陵島）に分布する,南千島・北海道・本州・四国・九州（対馬・屋久島を含む）の標高50～2600 mのブナ林と亜高山針葉樹林にふつうに生える,,,617,日本の野生植物 第2巻,309,原PDF画像目視確認＋macOS Vision OCR補助＋手動要約,include,,原PDF画像の種見出しと本文境界を確認し、客観的事実のみ短く要約。主観・利用推奨・不確かなOCRは除外。
wildplants-v2-parser-miss-0207,volume2_legacy_parser_misses,2,日本の野生植物 2- ミゾハコベ科～スイカズラ科 ―フィールド版―改訂新版.pdf,2d104638c72cbfc58f17ab38223bce3d7798f72abc2d14fa4495a3a7546f3b12,2026-07-12,ヤマシグレ,Viburnum urceolatum,ガマズミ科,VIBURNACEAE,ガマズミ属,Viburnum,落葉小低木,最大2 m,6～7月（8月上旬まで）,,本州（福島県以南）・四国・九州（屋久島まで）の標高600～2100 mのブナ帯または亜高山針葉樹林,,,617,日本の野生植物 第2巻,309,原PDF画像目視確認＋macOS Vision OCR補助＋手動要約,include,,原PDF画像の種見出しと本文境界を確認し、客観的事実のみ短く要約。主観・利用推奨・不確かなOCRは除外。
wildplants-v2-parser-miss-0208,volume2_legacy_parser_misses,2,日本の野生植物 2- ミゾハコベ科～スイカズラ科 ―フィールド版―改訂新版.pdf,2d104638c72cbfc58f17ab38223bce3d7798f72abc2d14fa4495a3a7546f3b12,2026-07-12,ミヤマガマズミ,Viburnum wrightii,ガマズミ科,VIBURNACEAE,ガマズミ属,Viburnum,落葉低木,4 m,4月下旬～6月,朝鮮半島・千島列島（中部）・サハリン（南部）に分布する,南千島・北海道・本州・四国・九州の標高30～1400 mの丘陵地や山地の林に生える,,,618,日本の野生植物 第2巻,310,原PDF画像目視確認＋macOS Vision OCR補助＋手動要約,include,ミヤマガマメミ,原PDF画像の種見出しと本文境界を確認し、客観的事実のみ短く要約。主観・利用推奨・不確かなOCRは除外。 OCR候補名「ミヤマガマメミ」を「ミヤマガマズミ」へ訂正。
wildplants-v2-parser-miss-0209,volume2_legacy_parser_misses,2,日本の野生植物 2- ミゾハコベ科～スイカズラ科 ―フィールド版―改訂新版.pdf,2d104638c72cbfc58f17ab38223bce3d7798f72abc2d14fa4495a3a7546f3b12,2026-07-12,エゾヒョウタンボク,Lonicera alpigena,スイカズラ科,CAPRIFOLIACEAE,スイカズラ属,Lonicera,落葉小高木,2～3 m,,南千島・北海道・本州（長野県・山梨県・静岡県の南アルプス亜高山帯と北本州の風穴地）に分布し、サハリンにも産する,,,,625,日本の野生植物 第2巻,313,原PDF画像目視確認＋macOS Vision OCR補助＋手動要約,include,,原PDF画像の種見出しと本文境界を確認し、客観的事実のみ短く要約。主観・利用推奨・不確かなOCRは除外。
wildplants-v2-parser-miss-0210,volume2_legacy_parser_misses,2,日本の野生植物 2- ミゾハコベ科～スイカズラ科 ―フィールド版―改訂新版.pdf,2d104638c72cbfc58f17ab38223bce3d7798f72abc2d14fa4495a3a7546f3b12,2026-07-12,キンギンボク,Lonicera morrowii,スイカズラ科,CAPRIFOLIACEAE,スイカズラ属,Lonicera,落葉低木,1～2 m,,,北海道（西南部）・本州（東北地方および日本海側）、韓国（鬱陵島）に自生,,,624,日本の野生植物 第2巻,313,原PDF画像目視確認＋macOS Vision OCR補助＋手動要約,include,,原PDF画像の種見出しと本文境界を確認し、客観的事実のみ短く要約。主観・利用推奨・不確かなOCRは除外。
wildplants-v2-parser-miss-0211,volume2_legacy_parser_misses,2,日本の野生植物 2- ミゾハコベ科～スイカズラ科 ―フィールド版―改訂新版.pdf,2d104638c72cbfc58f17ab38223bce3d7798f72abc2d14fa4495a3a7546f3b12,2026-07-12,オトコエシ,Patrinia villosa,スイカズラ科,CAPRIFOLIACEAE,オミナエシ属,Patrinia,多年草,,,北海道～奄美のほか、朝鮮半島・中国に分布する,,,,626,日本の野生植物 第2巻,314,原PDF画像目視確認＋macOS Vision OCR補助＋手動要約,include,,原PDF画像の種見出しと本文境界を確認し、客観的事実のみ短く要約。主観・利用推奨・不確かなOCRは除外。
wildplants-v2-parser-miss-0212,volume2_legacy_parser_misses,2,日本の野生植物 2- ミゾハコベ科～スイカズラ科 ―フィールド版―改訂新版.pdf,2d104638c72cbfc58f17ab38223bce3d7798f72abc2d14fa4495a3a7546f3b12,2026-07-12,カノコソウ,Valeriana fauriei,スイカズラ科,CAPRIFOLIACEAE,カノコソウ属,Valeriana,多年草,,,南千島・北海道～九州、台湾・朝鮮半島・中国・ウスリー・サハリンに分布する,山地のやや湿った草地に生える多年草,,,628,日本の野生植物 第2巻,315,原PDF画像目視確認＋macOS Vision OCR補助＋手動要約,include,,原PDF画像の種見出しと本文境界を確認し、客観的事実のみ短く要約。主観・利用推奨・不確かなOCRは除外。
wildplants-vol1-coverage-0001,volume1_full_heading_reconciliation,1,日本の野生植物 1- ソテツ科～コミカンソウ科.pdf,bcdcd5ac593747d6d58321d4a696ec96fb963233541af2a4666c4a1fbd1d4fb1,2026-07-12,リュウキュウウマノスズクサ,,,,,,,,,,,,,57,日本の野生植物 第1巻,29,原PDF画像照合 + 全見出し監査,exclude_already_covered,,正名の客観プロフィールは既存データまたは先行監査で収録済み。
wildplants-vol1-coverage-0002,volume1_full_heading_reconciliation,1,日本の野生植物 1- ソテツ科～コミカンソウ科.pdf,bcdcd5ac593747d6d58321d4a696ec96fb963233541af2a4666c4a1fbd1d4fb1,2026-07-12,スナヅル,,,,,,,,,,,,,69,日本の野生植物 第1巻,35,原PDF画像照合 + 全見出し監査,exclude_already_covered,,正名の客観プロフィールは既存データまたは先行監査で収録済み。
wildplants-vol1-coverage-0003,volume1_full_heading_reconciliation,1,日本の野生植物 1- ソテツ科～コミカンソウ科.pdf,bcdcd5ac593747d6d58321d4a696ec96fb963233541af2a4666c4a1fbd1d4fb1,2026-07-12,シバニッケイ,Cinnamomum doederleinii var. doederleinii,クスノキ科,LAURACEAE,クスノキ属,Cinnamomum,常緑小高木,,5～6月,奄美大島・徳之島・沖永良部島・沖縄諸島・石垣島・西表島に分布する。,,,,70,日本の野生植物 第1巻,36,原PDF画像照合 + 全見出し監査,include,,原PDFの独立した番号付き種解説を画像照合し、客観的な形態・生育地・分布・花期のみを収録。主観的評価と採集・栽培上の助言は除外。
wildplants-vol1-coverage-0004,volume1_full_heading_reconciliation,1,日本の野生植物 1- ソテツ科～コミカンソウ科.pdf,bcdcd5ac593747d6d58321d4a696ec96fb963233541af2a4666c4a1fbd1d4fb1,2026-07-12,ウスゲクロモジ,,,,,,,,,,,,,72,日本の野生植物 第1巻,37,原PDF画像照合 + 全見出し監査,exclude_not_numbered_species_entry,,検索表、別名・変種参照、または別種の番号付き解説へのOCR近似であり、独立した番号付き種解説ではない。
wildplants-vol1-coverage-0005,volume1_full_heading_reconciliation,1,日本の野生植物 1- ソテツ科～コミカンソウ科.pdf,bcdcd5ac593747d6d58321d4a696ec96fb963233541af2a4666c4a1fbd1d4fb1,2026-07-12,ヤマコウバシ,,,,,,,,,,,,,72,日本の野生植物 第1巻,37,原PDF画像照合 + 全見出し監査,exclude_already_covered,,正名の客観プロフィールは既存データまたは先行監査で収録済み。
wildplants-vol1-coverage-0006,volume1_full_heading_reconciliation,1,日本の野生植物 1- ソテツ科～コミカンソウ科.pdf,bcdcd5ac593747d6d58321d4a696ec96fb963233541af2a4666c4a1fbd1d4fb1,2026-07-12,タブガシ,Machilus pseudokobu,クスノキ科,LAURACEAE,タブノキ属,Machilus,常緑高木,,3～5月,小笠原諸島（父島列島）に産する。,,,,74,日本の野生植物 第1巻,38,原PDF画像照合 + 全見出し監査,include,,原PDFの独立した番号付き種解説を画像照合し、客観的な形態・生育地・分布・花期のみを収録。主観的評価と採集・栽培上の助言は除外。
wildplants-vol1-coverage-0007,volume1_full_heading_reconciliation,1,日本の野生植物 1- ソテツ科～コミカンソウ科.pdf,bcdcd5ac593747d6d58321d4a696ec96fb963233541af2a4666c4a1fbd1d4fb1,2026-07-12,ダイトウシロダモ,,,,,,,,,,,,,75,日本の野生植物 第1巻,38,原PDF画像照合 + 全見出し監査,exclude_not_numbered_species_entry,,検索表、別名・変種参照、または別種の番号付き解説へのOCR近似であり、独立した番号付き種解説ではない。
wildplants-vol1-coverage-0008,volume1_full_heading_reconciliation,1,日本の野生植物 1- ソテツ科～コミカンソウ科.pdf,bcdcd5ac593747d6d58321d4a696ec96fb963233541af2a4666c4a1fbd1d4fb1,2026-07-12,オオアマミテンナンショウ,,,,,,,,,,,,,79,日本の野生植物 第1巻,40,原PDF画像照合 + 全見出し監査,exclude_not_numbered_species_entry,,検索表、別名・変種参照、または別種の番号付き解説へのOCR近似であり、独立した番号付き種解説ではない。
wildplants-vol1-coverage-0009,volume1_full_heading_reconciliation,1,日本の野生植物 1- ソテツ科～コミカンソウ科.pdf,bcdcd5ac593747d6d58321d4a696ec96fb963233541af2a4666c4a1fbd1d4fb1,2026-07-12,ウワジマテンナンショウ,,,,,,,,,,,,,80,日本の野生植物 第1巻,41,原PDF画像照合 + 全見出し監査,exclude_not_numbered_species_entry,,検索表、別名・変種参照、または別種の番号付き解説へのOCR近似であり、独立した番号付き種解説ではない。
wildplants-vol1-coverage-0010,volume1_full_heading_reconciliation,1,日本の野生植物 1- ソテツ科～コミカンソウ科.pdf,bcdcd5ac593747d6d58321d4a696ec96fb963233541af2a4666c4a1fbd1d4fb1,2026-07-12,ヒトツバテンナンショウ,,,,,,,,,,,,,84,日本の野生植物 第1巻,43,原PDF画像照合 + 全見出し監査,exclude_already_covered,,正名の客観プロフィールは既存データまたは先行監査で収録済み。
wildplants-vol1-coverage-0011,volume1_full_heading_reconciliation,1,日本の野生植物 1- ソテツ科～コミカンソウ科.pdf,bcdcd5ac593747d6d58321d4a696ec96fb963233541af2a4666c4a1fbd1d4fb1,2026-07-12,カラスビシャク,Pinellia ternata,サトイモ科,ARACEAE,ハンゲ属,Pinellia,多年草,花茎20～40 cm,5～8月,北海道～琉球、朝鮮半島・中国に分布する。,畑の雑草として普通に見られる。,,,87,日本の野生植物 第1巻,44,原PDF画像照合 + 全見出し監査,include,,原PDFの独立した番号付き種解説を画像照合し、客観的な形態・生育地・分布・花期のみを収録。主観的評価と採集・栽培上の助言は除外。
wildplants-vol1-coverage-0012,volume1_full_heading_reconciliation,1,日本の野生植物 1- ソテツ科～コミカンソウ科.pdf,bcdcd5ac593747d6d58321d4a696ec96fb963233541af2a4666c4a1fbd1d4fb1,2026-07-12,ミズバショウ,,,,,,,,,,,,,87,日本の野生植物 第1巻,44,原PDF画像照合 + 全見出し監査,exclude_already_covered,,正名の客観プロフィールは既存データまたは先行監査で収録済み。
wildplants-vol1-coverage-0013,volume1_full_heading_reconciliation,1,日本の野生植物 1- ソテツ科～コミカンソウ科.pdf,bcdcd5ac593747d6d58321d4a696ec96fb963233541af2a4666c4a1fbd1d4fb1,2026-07-12,リュウキュウハンゲ,Typhonium blumei,サトイモ科,ARACEAE,リュウキュウハンゲ属,Typhonium,,花茎4～12 cm,5～9月,九州（鹿児島県）～琉球・小笠原、中国南西部・台湾・東南アジア・インドに分布する。,,,,89,日本の野生植物 第1巻,45,原PDF画像照合 + 全見出し監査,include,リュウキュウハング,原PDFの独立した番号付き種解説を画像照合し、客観的な形態・生育地・分布・花期のみを収録。主観的評価と採集・栽培上の助言は除外。
wildplants-vol1-coverage-0014,volume1_full_heading_reconciliation,1,日本の野生植物 1- ソテツ科～コミカンソウ科.pdf,bcdcd5ac593747d6d58321d4a696ec96fb963233541af2a4666c4a1fbd1d4fb1,2026-07-12,イワショウブ,,,,,,,,,,,,,91,日本の野生植物 第1巻,46,原PDF画像照合 + 全見出し監査,exclude_already_covered,,正名の客観プロフィールは既存データまたは先行監査で収録済み。
wildplants-vol1-coverage-0015,volume1_full_heading_reconciliation,1,日本の野生植物 1- ソテツ科～コミカンソウ科.pdf,bcdcd5ac593747d6d58321d4a696ec96fb963233541af2a4666c4a1fbd1d4fb1,2026-07-12,スブタ,,,,,,,,,,,,,95,日本の野生植物 第1巻,48,原PDF画像照合 + 全見出し監査,exclude_already_covered,,正名の客観プロフィールは既存データまたは先行監査で収録済み。
wildplants-vol1-coverage-0016,volume1_full_heading_reconciliation,1,日本の野生植物 1- ソテツ科～コミカンソウ科.pdf,bcdcd5ac593747d6d58321d4a696ec96fb963233541af2a4666c4a1fbd1d4fb1,2026-07-12,セトヤナギスブタ,,,,,,,,,,,,,95,日本の野生植物 第1巻,48,原PDF画像照合 + 全見出し監査,exclude_already_covered,,正名の客観プロフィールは既存データまたは先行監査で収録済み。
wildplants-vol1-coverage-0017,volume1_full_heading_reconciliation,1,日本の野生植物 1- ソテツ科～コミカンソウ科.pdf,bcdcd5ac593747d6d58321d4a696ec96fb963233541af2a4666c4a1fbd1d4fb1,2026-07-12,ヒロハトリゲモ,Najas chinensis,トチカガミ科,HYDROCHARITACEAE,イバラモ属,Najas,一年草,,7～9月,本州～琉球、東アジアに分布する。,ため池や水田に生える。,,,98,日本の野生植物 第1巻,50,原PDF画像照合 + 全見出し監査,include,,原PDFの独立した番号付き種解説を画像照合し、客観的な形態・生育地・分布・花期のみを収録。主観的評価と採集・栽培上の助言は除外。
wildplants-vol1-coverage-0018,volume1_full_heading_reconciliation,1,日本の野生植物 1- ソテツ科～コミカンソウ科.pdf,bcdcd5ac593747d6d58321d4a696ec96fb963233541af2a4666c4a1fbd1d4fb1,2026-07-12,ネジレモ,Vallisneria natans var. bivaensis,トチカガミ科,HYDROCHARITACEAE,セキショウモ属,Vallisneria,,,,琵琶湖とその水系に分布する。,,セキショウモ,ネジレモはセキショウモと形態が似るが、葉がよくねじれ、葉縁全体に鋸歯がある。,99,日本の野生植物 第1巻,50,原PDF画像照合 + 全見出し監査,include,,原PDFの独立した番号付き種解説を画像照合し、客観的な形態・生育地・分布・花期のみを収録。主観的評価と採集・栽培上の助言は除外。
wildplants-vol1-coverage-0019,volume1_full_heading_reconciliation,1,日本の野生植物 1- ソテツ科～コミカンソウ科.pdf,bcdcd5ac593747d6d58321d4a696ec96fb963233541af2a4666c4a1fbd1d4fb1,2026-07-12,ヒメイバラモ,,,,,,,,,,,,,98,日本の野生植物 第1巻,50,原PDF画像照合 + 全見出し監査,exclude_already_covered,,正名の客観プロフィールは既存データまたは先行監査で収録済み。
wildplants-vol1-coverage-0020,volume1_full_heading_reconciliation,1,日本の野生植物 1- ソテツ科～コミカンソウ科.pdf,bcdcd5ac593747d6d58321d4a696ec96fb963233541af2a4666c4a1fbd1d4fb1,2026-07-12,ヒラモ,Vallisneria natans var. higoensis,トチカガミ科,HYDROCHARITACEAE,セキショウモ属,Vallisneria,,,,熊本県江津湖とその周辺にのみ分布する。,,セキショウモ,ヒラモはセキショウモに似るが、生育状態によって葉が長さ15～100 cm、幅6～13 mmの大型になる。,99,日本の野生植物 第1巻,50,原PDF画像照合 + 全見出し監査,include,,原PDFの独立した番号付き種解説を画像照合し、客観的な形態・生育地・分布・花期のみを収録。主観的評価と採集・栽培上の助言は除外。
wildplants-vol1-coverage-0021,volume1_full_heading_reconciliation,1,日本の野生植物 1- ソテツ科～コミカンソウ科.pdf,bcdcd5ac593747d6d58321d4a696ec96fb963233541af2a4666c4a1fbd1d4fb1,2026-07-12,ホソバノシバナ,,,,,,,,,,,,,100,日本の野生植物 第1巻,51,原PDF画像照合 + 全見出し監査,exclude_already_covered,,正名の客観プロフィールは既存データまたは先行監査で収録済み。
wildplants-vol1-coverage-0022,volume1_full_heading_reconciliation,1,日本の野生植物 1- ソテツ科～コミカンソウ科.pdf,bcdcd5ac593747d6d58321d4a696ec96fb963233541af2a4666c4a1fbd1d4fb1,2026-07-12,ホソバミズヒキモ,,,,,,,,,,,,,105,日本の野生植物 第1巻,53,原PDF画像照合 + 全見出し監査,exclude_already_covered,,正名の客観プロフィールは既存データまたは先行監査で収録済み。
wildplants-vol1-coverage-0023,volume1_full_heading_reconciliation,1,日本の野生植物 1- ソテツ科～コミカンソウ科.pdf,bcdcd5ac593747d6d58321d4a696ec96fb963233541af2a4666c4a1fbd1d4fb1,2026-07-12,マツバウミジグサ,,,,,,,,,,,,,108,日本の野生植物 第1巻,55,原PDF画像照合 + 全見出し監査,exclude_already_covered,,正名の客観プロフィールは既存データまたは先行監査で収録済み。
wildplants-vol1-coverage-0024,volume1_full_heading_reconciliation,1,日本の野生植物 1- ソテツ科～コミカンソウ科.pdf,bcdcd5ac593747d6d58321d4a696ec96fb963233541af2a4666c4a1fbd1d4fb1,2026-07-12,ノギラン,Metanarthecium luteoviride var. luteoviride,キンコウカ科,NARTHECIACEAE,ノギラン属,Metanarthecium,多年草,花茎20～50 cm,6～8月,南千島・北海道・本州・四国・九州、韓国に分布する。,山地に生える。,,,111,日本の野生植物 第1巻,56,原PDF画像照合 + 全見出し監査,include,,原PDFの独立した番号付き種解説を画像照合し、客観的な形態・生育地・分布・花期のみを収録。主観的評価と採集・栽培上の助言は除外。
wildplants-vol1-coverage-0025,volume1_full_heading_reconciliation,1,日本の野生植物 1- ソテツ科～コミカンソウ科.pdf,bcdcd5ac593747d6d58321d4a696ec96fb963233541af2a4666c4a1fbd1d4fb1,2026-07-12,ホシザキシャクジョウ,Saionia shinzatoi,タヌキノショクダイ科,THISMIACEAE,ホシザキシャクジョウ属,Saionia,,茎1～1.5 cm,9月,沖縄県国頭村の琉球大学農学部与那演習林で確認されている。,,,,113,日本の野生植物 第1巻,57,原PDF画像照合 + 全見出し監査,include,,原PDFの独立した番号付き種解説を画像照合し、客観的な形態・生育地・分布・花期のみを収録。主観的評価と採集・栽培上の助言は除外。
wildplants-vol1-coverage-0026,volume1_full_heading_reconciliation,1,日本の野生植物 1- ソテツ科～コミカンソウ科.pdf,bcdcd5ac593747d6d58321d4a696ec96fb963233541af2a4666c4a1fbd1d4fb1,2026-07-12,コバナナベワリ,Croomia saitoana,ビャクブ科,STEMONACEAE,ナベワリ属,Croomia,,,,宮崎県に分布する。,,,,118,日本の野生植物 第1巻,60,原PDF画像照合 + 全見出し監査,include,,原PDFの独立した番号付き種解説を画像照合し、客観的な形態・生育地・分布・花期のみを収録。主観的評価と採集・栽培上の助言は除外。
wildplants-vol1-coverage-0027,volume1_full_heading_reconciliation,1,日本の野生植物 1- ソテツ科～コミカンソウ科.pdf,bcdcd5ac593747d6d58321d4a696ec96fb963233541af2a4666c4a1fbd1d4fb1,2026-07-12,ヒュウガナベワリ,Croomia hyugaensis,ビャクブ科,STEMONACEAE,ナベワリ属,Croomia,,,,宮崎県・鹿児島県に分布する。,,,,118,日本の野生植物 第1巻,60,原PDF画像照合 + 全見出し監査,include,,原PDFの独立した番号付き種解説を画像照合し、客観的な形態・生育地・分布・花期のみを収録。主観的評価と採集・栽培上の助言は除外。
wildplants-vol1-coverage-0028,volume1_full_heading_reconciliation,1,日本の野生植物 1- ソテツ科～コミカンソウ科.pdf,bcdcd5ac593747d6d58321d4a696ec96fb963233541af2a4666c4a1fbd1d4fb1,2026-07-12,ビャクブ,Stemona japonica,ビャクブ科,STEMONACEAE,ビャクブ属,Stemona,つる性,茎約1 m,6～7月,中国原産で、江戸時代に渡来した。,,,,119,日本の野生植物 第1巻,60,原PDF画像照合 + 全見出し監査,include,,原PDFの独立した番号付き種解説を画像照合し、客観的な形態・生育地・分布・花期のみを収録。主観的評価と採集・栽培上の助言は除外。
wildplants-vol1-coverage-0029,volume1_full_heading_reconciliation,1,日本の野生植物 1- ソテツ科～コミカンソウ科.pdf,bcdcd5ac593747d6d58321d4a696ec96fb963233541af2a4666c4a1fbd1d4fb1,2026-07-12,シュロソウ,,,,,,,,,,,,,123,日本の野生植物 第1巻,62,原PDF画像照合 + 全見出し監査,exclude_not_numbered_species_entry,,検索表、別名・変種参照、または別種の番号付き解説へのOCR近似であり、独立した番号付き種解説ではない。
wildplants-vol1-coverage-0030,volume1_full_heading_reconciliation,1,日本の野生植物 1- ソテツ科～コミカンソウ科.pdf,bcdcd5ac593747d6d58321d4a696ec96fb963233541af2a4666c4a1fbd1d4fb1,2026-07-12,サルトリイバラ,Smilax china,サルトリイバラ科,SMILACACEAE,サルトリイバラ属,Smilax,つる性半低木,,4～5月,北海道～琉球・伊豆諸島～小笠原諸島、朝鮮半島・中国・台湾・インドシナ・フィリピンに分布する。,山野・丘陵地に生える。,,,127,日本の野生植物 第1巻,64,原PDF画像照合 + 全見出し監査,include,サルトリイパラ,原PDFの独立した番号付き種解説を画像照合し、客観的な形態・生育地・分布・花期のみを収録。主観的評価と採集・栽培上の助言は除外。
wildplants-vol1-coverage-0031,volume1_full_heading_reconciliation,1,日本の野生植物 1- ソテツ科～コミカンソウ科.pdf,bcdcd5ac593747d6d58321d4a696ec96fb963233541af2a4666c4a1fbd1d4fb1,2026-07-12,バイモ,Fritillaria thunbergii,ユリ科,LILIACEAE,バイモ属,Fritillaria,,茎30～80 cm,3～5月,中国原産。,,,,129,日本の野生植物 第1巻,65,原PDF画像照合 + 全見出し監査,include,,原PDFの独立した番号付き種解説を画像照合し、客観的な形態・生育地・分布・花期のみを収録。主観的評価と採集・栽培上の助言は除外。
wildplants-vol1-coverage-0032,volume1_full_heading_reconciliation,1,日本の野生植物 1- ソテツ科～コミカンソウ科.pdf,bcdcd5ac593747d6d58321d4a696ec96fb963233541af2a4666c4a1fbd1d4fb1,2026-07-12,コオニユリ,Lilium leichtlinii f. pseudotigrinum,ユリ科,LILIACEAE,ユリ属,Lilium,多年草,,7～9月,北海道～琉球（奄美大島以北）、朝鮮半島・中国東北部・ウスリーに分布する。,山地の草原に生える。,,,132,日本の野生植物 第1巻,67,原PDF画像照合 + 全見出し監査,include,コオニスリ,原PDFの独立した番号付き種解説を画像照合し、客観的な形態・生育地・分布・花期のみを収録。主観的評価と採集・栽培上の助言は除外。
wildplants-vol1-coverage-0033,volume1_full_heading_reconciliation,1,日本の野生植物 1- ソテツ科～コミカンソウ科.pdf,bcdcd5ac593747d6d58321d4a696ec96fb963233541af2a4666c4a1fbd1d4fb1,2026-07-12,スカシユリ,,,,,,,,,,,,,131,日本の野生植物 第1巻,66,原PDF画像照合 + 全見出し監査,exclude_already_covered,,正名の客観プロフィールは既存データまたは先行監査で収録済み。
wildplants-vol1-coverage-0034,volume1_full_heading_reconciliation,1,日本の野生植物 1- ソテツ科～コミカンソウ科.pdf,bcdcd5ac593747d6d58321d4a696ec96fb963233541af2a4666c4a1fbd1d4fb1,2026-07-12,テッポウユリ,,,,,,,,,,,,,131,日本の野生植物 第1巻,66,原PDF画像照合 + 全見出し監査,exclude_already_covered,,正名の客観プロフィールは既存データまたは先行監査で収録済み。
wildplants-vol1-coverage-0035,volume1_full_heading_reconciliation,1,日本の野生植物 1- ソテツ科～コミカンソウ科.pdf,bcdcd5ac593747d6d58321d4a696ec96fb963233541af2a4666c4a1fbd1d4fb1,2026-07-12,エゾスカシユリ,,,,,,,,,,,,,132,日本の野生植物 第1巻,67,原PDF画像照合 + 全見出し監査,exclude_already_covered,,正名の客観プロフィールは既存データまたは先行監査で収録済み。
wildplants-vol1-coverage-0036,volume1_full_heading_reconciliation,1,日本の野生植物 1- ソテツ科～コミカンソウ科.pdf,bcdcd5ac593747d6d58321d4a696ec96fb963233541af2a4666c4a1fbd1d4fb1,2026-07-12,キイジョウロウホトトギス,Tricyrtis macranthopsis,ユリ科,LILIACEAE,ホトトギス属,Tricyrtis,,,8～10月,紀伊半島南部に産する。,,ジョウロウホトトギス,キイジョウロウホトトギスはジョウロウホトトギスに似るが、茎にほとんど毛がない。,135,日本の野生植物 第1巻,68,原PDF画像照合 + 全見出し監査,include,,原PDFの独立した番号付き種解説を画像照合し、客観的な形態・生育地・分布・花期のみを収録。主観的評価と採集・栽培上の助言は除外。
wildplants-vol1-coverage-0037,volume1_full_heading_reconciliation,1,日本の野生植物 1- ソテツ科～コミカンソウ科.pdf,bcdcd5ac593747d6d58321d4a696ec96fb963233541af2a4666c4a1fbd1d4fb1,2026-07-12,キバナノツキヌキホトトギス,Tricyrtis perfoliata,ユリ科,LILIACEAE,ホトトギス属,Tricyrtis,多年草,茎50～70 cm,9～10月,宮崎県尾鈴山にのみ産する。,山の崖などに下垂して生える。,,,134,日本の野生植物 第1巻,68,原PDF画像照合 + 全見出し監査,include,キバナノツキタキホトトギス,原PDFの独立した番号付き種解説を画像照合し、客観的な形態・生育地・分布・花期のみを収録。主観的評価と採集・栽培上の助言は除外。
wildplants-vol1-coverage-0038,volume1_full_heading_reconciliation,1,日本の野生植物 1- ソテツ科～コミカンソウ科.pdf,bcdcd5ac593747d6d58321d4a696ec96fb963233541af2a4666c4a1fbd1d4fb1,2026-07-12,キバナノホトトギス,Tricyrtis flava subsp. flava,ユリ科,LILIACEAE,ホトトギス属,Tricyrtis,,,9～11月,宮崎県に産する。,,,,134,日本の野生植物 第1巻,68,原PDF画像照合 + 全見出し監査,include,,原PDFの独立した番号付き種解説を画像照合し、客観的な形態・生育地・分布・花期のみを収録。主観的評価と採集・栽培上の助言は除外。
wildplants-vol1-coverage-0039,volume1_full_heading_reconciliation,1,日本の野生植物 1- ソテツ科～コミカンソウ科.pdf,bcdcd5ac593747d6d58321d4a696ec96fb963233541af2a4666c4a1fbd1d4fb1,2026-07-12,サガミジョウロウホトトギス,Tricyrtis ishiiana var. ishiiana,ユリ科,LILIACEAE,ホトトギス属,Tricyrtis,,,9～10月,神奈川県丹沢山地に産する。,,スルガジョウロウホトトギス,サガミジョウロウホトトギスは外花被片基部の距が5～6 mmで葯が黄色。スルガジョウロウホトトギスは距が約2 mmで葯が赤褐色である。,135,日本の野生植物 第1巻,68,原PDF画像照合 + 全見出し監査,include,,原PDFの独立した番号付き種解説を画像照合し、客観的な形態・生育地・分布・花期のみを収録。主観的評価と採集・栽培上の助言は除外。
wildplants-vol1-coverage-0040,volume1_full_heading_reconciliation,1,日本の野生植物 1- ソテツ科～コミカンソウ科.pdf,bcdcd5ac593747d6d58321d4a696ec96fb963233541af2a4666c4a1fbd1d4fb1,2026-07-12,タマガワホトトギス,Tricyrtis latifolia var. latifolia,ユリ科,LILIACEAE,ホトトギス属,Tricyrtis,多年草,40～80 cm,7～9月,本州～九州に分布する。,山地の水気のある場所に生える。,,,134,日本の野生植物 第1巻,68,原PDF画像照合 + 全見出し監査,include,,原PDFの独立した番号付き種解説を画像照合し、客観的な形態・生育地・分布・花期のみを収録。主観的評価と採集・栽培上の助言は除外。
wildplants-vol1-coverage-0041,volume1_full_heading_reconciliation,1,日本の野生植物 1- ソテツ科～コミカンソウ科.pdf,bcdcd5ac593747d6d58321d4a696ec96fb963233541af2a4666c4a1fbd1d4fb1,2026-07-12,ニオイエビネ,Calanthe izuinsularis,ラン科,ORCHIDACEAE,エビネ属,Calanthe,,花茎30～60 cm,4～5月,伊豆諸島に分布する。,暖温帯の常緑広葉樹林下に生える。,,,144,日本の野生植物 第1巻,73,原PDF画像照合 + 全見出し監査,include,,原PDFの独立した番号付き種解説を画像照合し、客観的な形態・生育地・分布・花期のみを収録。主観的評価と採集・栽培上の助言は除外。
wildplants-vol1-coverage-0042,volume1_full_heading_reconciliation,1,日本の野生植物 1- ソテツ科～コミカンソウ科.pdf,bcdcd5ac593747d6d58321d4a696ec96fb963233541af2a4666c4a1fbd1d4fb1,2026-07-12,スルガラン,Cymbidium ensifolium,ラン科,ORCHIDACEAE,シュンラン属,Cymbidium,,,6～10月,九州、亜熱帯～熱帯アジア・ニューギニアに分布する。,暖温帯～亜熱帯の林下に生える。,,,148,日本の野生植物 第1巻,75,原PDF画像照合 + 全見出し監査,include,,原PDFの独立した番号付き種解説を画像照合し、客観的な形態・生育地・分布・花期のみを収録。主観的評価と採集・栽培上の助言は除外。
wildplants-vol1-coverage-0043,volume1_full_heading_reconciliation,1,日本の野生植物 1- ソテツ科～コミカンソウ科.pdf,bcdcd5ac593747d6d58321d4a696ec96fb963233541af2a4666c4a1fbd1d4fb1,2026-07-12,ヘツカラン,Cymbidium dayanum,ラン科,ORCHIDACEAE,シュンラン属,Cymbidium,,花茎10～15 cm,10～11月,九州南部・種子島、亜熱帯～熱帯アジアに分布する。,暖温帯～熱帯の常緑樹林内で横幹に着生する。,,,148,日本の野生植物 第1巻,75,原PDF画像照合 + 全見出し監査,include,,原PDFの独立した番号付き種解説を画像照合し、客観的な形態・生育地・分布・花期のみを収録。主観的評価と採集・栽培上の助言は除外。
wildplants-vol1-coverage-0044,volume1_full_heading_reconciliation,1,日本の野生植物 1- ソテツ科～コミカンソウ科.pdf,bcdcd5ac593747d6d58321d4a696ec96fb963233541af2a4666c4a1fbd1d4fb1,2026-07-12,イチヨウラン,,,,,,,,,,,,,150,日本の野生植物 第1巻,76,原PDF画像照合 + 全見出し監査,exclude_already_covered,,正名の客観プロフィールは既存データまたは先行監査で収録済み。
wildplants-vol1-coverage-0045,volume1_full_heading_reconciliation,1,日本の野生植物 1- ソテツ科～コミカンソウ科.pdf,bcdcd5ac593747d6d58321d4a696ec96fb963233541af2a4666c4a1fbd1d4fb1,2026-07-12,アオフタバラン,Neottia makinoana,ラン科,ORCHIDACEAE,サカネラン属,Neottia,,茎10～20 cm,7～8月,本州・四国・九州に分布する。,冷温帯の樹林下に生える。,,,166,日本の野生植物 第1巻,84,原PDF画像照合 + 全見出し監査,include,アオフタパラン,原PDFの独立した番号付き種解説を画像照合し、客観的な形態・生育地・分布・花期のみを収録。主観的評価と採集・栽培上の助言は除外。
wildplants-vol1-coverage-0046,volume1_full_heading_reconciliation,1,日本の野生植物 1- ソテツ科～コミカンソウ科.pdf,bcdcd5ac593747d6d58321d4a696ec96fb963233541af2a4666c4a1fbd1d4fb1,2026-07-12,コフタバラン,,,,,,,,,,,,,166,日本の野生植物 第1巻,84,原PDF画像照合 + 全見出し監査,exclude_already_covered,,正名の客観プロフィールは既存データまたは先行監査で収録済み。
wildplants-vol1-coverage-0047,volume1_full_heading_reconciliation,1,日本の野生植物 1- ソテツ科～コミカンソウ科.pdf,bcdcd5ac593747d6d58321d4a696ec96fb963233541af2a4666c4a1fbd1d4fb1,2026-07-12,イナバラン,Odontochilus tashiroi,ラン科,ORCHIDACEAE,イナバラン属,Odontochilus,,開花時の茎10～20 cm,7～8月,琉球、台湾・ベトナムに分布する。,亜熱帯の常緑広葉樹林下に生える。,ヒメシラヒゲラン,ヒメシラヒゲランはイナバランよりはるかに小さく、花に赤紫色の模様が入る。,168,日本の野生植物 第1巻,85,原PDF画像照合 + 全見出し監査,include,,原PDFの独立した番号付き種解説を画像照合し、客観的な形態・生育地・分布・花期のみを収録。主観的評価と採集・栽培上の助言は除外。
wildplants-vol1-coverage-0048,volume1_full_heading_reconciliation,1,日本の野生植物 1- ソテツ科～コミカンソウ科.pdf,bcdcd5ac593747d6d58321d4a696ec96fb963233541af2a4666c4a1fbd1d4fb1,2026-07-12,ハツシマラン,,,,,,,,,,,,,168,日本の野生植物 第1巻,85,原PDF画像照合 + 全見出し監査,exclude_already_covered,,正名の客観プロフィールは既存データまたは先行監査で収録済み。
wildplants-vol1-coverage-0049,volume1_full_heading_reconciliation,1,日本の野生植物 1- ソテツ科～コミカンソウ科.pdf,bcdcd5ac593747d6d58321d4a696ec96fb963233541af2a4666c4a1fbd1d4fb1,2026-07-12,ムカゴトンボ,Peristylus flagellifer,ラン科,ORCHIDACEAE,ムカゴトンボ属,Peristylus,,地上茎20～50 cm,9～10月,本州（千葉県以西）・四国・九州・琉球（徳之島以北）、済州島に分布する。,暖温帯の日当たりのよい湿った草地や法面に生える。,ヒゲナガトンボ,ヒゲナガトンボはムカゴトンボより葉が茎の上方にまばらにつき、唇弁の側裂片が10～21 mmと長い。,169,日本の野生植物 第1巻,85,原PDF画像照合 + 全見出し監査,include,,原PDFの独立した番号付き種解説を画像照合し、客観的な形態・生育地・分布・花期のみを収録。主観的評価と採集・栽培上の助言は除外。
wildplants-vol1-coverage-0050,volume1_full_heading_reconciliation,1,日本の野生植物 1- ソテツ科～コミカンソウ科.pdf,bcdcd5ac593747d6d58321d4a696ec96fb963233541af2a4666c4a1fbd1d4fb1,2026-07-12,イイヌマムカゴ,,,,,,,,,,,,,171,日本の野生植物 第1巻,86,原PDF画像照合 + 全見出し監査,exclude_already_covered,,正名の客観プロフィールは既存データまたは先行監査で収録済み。
wildplants-vol1-coverage-0051,volume1_full_heading_reconciliation,1,日本の野生植物 1- ソテツ科～コミカンソウ科.pdf,bcdcd5ac593747d6d58321d4a696ec96fb963233541af2a4666c4a1fbd1d4fb1,2026-07-12,ジンバイソウ,Platanthera florentii,ラン科,ORCHIDACEAE,ツレサギソウ属,Platanthera,,茎20～40 cm,8～9月,北海道～九州に分布する。,冷温帯～暖温帯の暗い林床に生える。,,,172,日本の野生植物 第1巻,87,原PDF画像照合 + 全見出し監査,include,,原PDFの独立した番号付き種解説を画像照合し、客観的な形態・生育地・分布・花期のみを収録。主観的評価と採集・栽培上の助言は除外。
wildplants-vol1-coverage-0052,volume1_full_heading_reconciliation,1,日本の野生植物 1- ソテツ科～コミカンソウ科.pdf,bcdcd5ac593747d6d58321d4a696ec96fb963233541af2a4666c4a1fbd1d4fb1,2026-07-12,ヤクシマチドリ,,,,,,,,,,,,,173,日本の野生植物 第1巻,87,原PDF画像照合 + 全見出し監査,exclude_already_covered,,正名の客観プロフィールは既存データまたは先行監査で収録済み。
wildplants-vol1-coverage-0053,volume1_full_heading_reconciliation,1,日本の野生植物 1- ソテツ科～コミカンソウ科.pdf,bcdcd5ac593747d6d58321d4a696ec96fb963233541af2a4666c4a1fbd1d4fb1,2026-07-12,イシガキキヌラン,Zeuxine sakagutii,ラン科,ORCHIDACEAE,キヌラン属,Zeuxine,,開花時約20 cm,,琉球・台湾に分布する。,亜熱帯の常緑広葉樹林下に生える。,,,179,日本の野生植物 第1巻,90,原PDF画像照合 + 全見出し監査,include,,原PDFの独立した番号付き種解説を画像照合し、客観的な形態・生育地・分布・花期のみを収録。主観的評価と採集・栽培上の助言は除外。
wildplants-vol1-coverage-0054,volume1_full_heading_reconciliation,1,日本の野生植物 1- ソテツ科～コミカンソウ科.pdf,bcdcd5ac593747d6d58321d4a696ec96fb963233541af2a4666c4a1fbd1d4fb1,2026-07-12,カキツバタ,,,,,,,,,,,,,182,日本の野生植物 第1巻,92,原PDF画像照合 + 全見出し監査,exclude_already_covered,,正名の客観プロフィールは既存データまたは先行監査で収録済み。
wildplants-vol1-coverage-0055,volume1_full_heading_reconciliation,1,日本の野生植物 1- ソテツ科～コミカンソウ科.pdf,bcdcd5ac593747d6d58321d4a696ec96fb963233541af2a4666c4a1fbd1d4fb1,2026-07-12,キショウブ,,,,,,,,,,,,,182,日本の野生植物 第1巻,92,原PDF画像照合 + 全見出し監査,exclude_already_covered,,正名の客観プロフィールは既存データまたは先行監査で収録済み。
wildplants-vol1-coverage-0056,volume1_full_heading_reconciliation,1,日本の野生植物 1- ソテツ科～コミカンソウ科.pdf,bcdcd5ac593747d6d58321d4a696ec96fb963233541af2a4666c4a1fbd1d4fb1,2026-07-12,ハマカンゾウ,,,,,,,,,,,,,184,日本の野生植物 第1巻,93,原PDF画像照合 + 全見出し監査,exclude_not_numbered_species_entry,,検索表、別名・変種参照、または別種の番号付き解説へのOCR近似であり、独立した番号付き種解説ではない。
wildplants-vol1-coverage-0057,volume1_full_heading_reconciliation,1,日本の野生植物 1- ソテツ科～コミカンソウ科.pdf,bcdcd5ac593747d6d58321d4a696ec96fb963233541af2a4666c4a1fbd1d4fb1,2026-07-12,オランダキジカクシ,Asparagus officinalis,クサスギカズラ科,ASPARAGACEAE,クサスギカズラ属,Asparagus,,,,ヨーロッパ原産。,,,,191,日本の野生植物 第1巻,96,原PDF画像照合 + 全見出し監査,include,,原PDFの独立した番号付き種解説を画像照合し、客観的な形態・生育地・分布・花期のみを収録。主観的評価と採集・栽培上の助言は除外。
wildplants-vol1-coverage-0058,volume1_full_heading_reconciliation,1,日本の野生植物 1- ソテツ科～コミカンソウ科.pdf,bcdcd5ac593747d6d58321d4a696ec96fb963233541af2a4666c4a1fbd1d4fb1,2026-07-12,ハラン,Aspidistra elatior,クサスギカズラ科,ASPARAGACEAE,ハラン属,Aspidistra,常緑多年草,,12月下旬～5月,九州南部（宇治群島・黒島・諏訪之瀬島）に分布する,常緑広葉樹林下に生える。,,,191,日本の野生植物 第1巻,96,原PDF画像照合 + 全見出し監査,include,,原PDFの独立した番号付き種解説を画像照合し、客観的な形態・生育地・分布・花期のみを収録。主観的評価と採集・栽培上の助言は除外。原典で疑問符付きの中国分布は公開対象から除外。
wildplants-vol1-coverage-0059,volume1_full_heading_reconciliation,1,日本の野生植物 1- ソテツ科～コミカンソウ科.pdf,bcdcd5ac593747d6d58321d4a696ec96fb963233541af2a4666c4a1fbd1d4fb1,2026-07-12,キヨスミギボウシ,,,,,,,,,,,,,193,日本の野生植物 第1巻,97,原PDF画像照合 + 全見出し監査,exclude_not_numbered_species_entry,,検索表、別名・変種参照、または別種の番号付き解説へのOCR近似であり、独立した番号付き種解説ではない。
wildplants-vol1-coverage-0060,volume1_full_heading_reconciliation,1,日本の野生植物 1- ソテツ科～コミカンソウ科.pdf,bcdcd5ac593747d6d58321d4a696ec96fb963233541af2a4666c4a1fbd1d4fb1,2026-07-12,オニヤブラン,Liriope tawadae,クサスギカズラ科,ASPARAGACEAE,ヤブラン属,Liriope,,花茎約30 cm,10月,沖縄島に特産する。,,,,195,日本の野生植物 第1巻,98,原PDF画像照合 + 全見出し監査,include,,原PDFの独立した番号付き種解説を画像照合し、客観的な形態・生育地・分布・花期のみを収録。主観的評価と採集・栽培上の助言は除外。
wildplants-vol1-coverage-0061,volume1_full_heading_reconciliation,1,日本の野生植物 1- ソテツ科～コミカンソウ科.pdf,bcdcd5ac593747d6d58321d4a696ec96fb963233541af2a4666c4a1fbd1d4fb1,2026-07-12,カンザシギボウシ,Hosta capitata,クサスギカズラ科,ASPARAGACEAE,ギボウシ属,Hosta,多年草,花茎40～60 cm,6月下旬～7月,本州（中国地方）・四国・九州、朝鮮半島に分布する。,石灰岩地に生える。,,,195,日本の野生植物 第1巻,98,原PDF画像照合 + 全見出し監査,include,,原PDFの独立した番号付き種解説を画像照合し、客観的な形態・生育地・分布・花期のみを収録。主観的評価と採集・栽培上の助言は除外。
wildplants-vol1-coverage-0062,volume1_full_heading_reconciliation,1,日本の野生植物 1- ソテツ科～コミカンソウ科.pdf,bcdcd5ac593747d6d58321d4a696ec96fb963233541af2a4666c4a1fbd1d4fb1,2026-07-12,ツユクサ,Commelina communis var. communis,ツユクサ科,COMMELINACEAE,ツユクサ属,Commelina,一年草,20～50 cm,6～10月,北海道～琉球（沖縄島以北）、インドシナ半島・中国・朝鮮半島・ウスリー・サハリンに分布する。,路傍などに生える。,ホソバツユクサ,ホソバツユクサはツユクサに比べ、葉の下面・総苞・葉鞘に毛が多い。,203,日本の野生植物 第1巻,102,原PDF画像照合 + 全見出し監査,include,,原PDFの独立した番号付き種解説を画像照合し、客観的な形態・生育地・分布・花期のみを収録。主観的評価と採集・栽培上の助言は除外。
wildplants-vol1-coverage-0063,volume1_full_heading_reconciliation,1,日本の野生植物 1- ソテツ科～コミカンソウ科.pdf,bcdcd5ac593747d6d58321d4a696ec96fb963233541af2a4666c4a1fbd1d4fb1,2026-07-12,シマツユクサ,Commelina diffusa,ツユクサ科,COMMELINACEAE,ツユクサ属,Commelina,一年草,茎60～90 cm,3～11月,九州南部～琉球、熱帯・亜熱帯に広く分布する。,湿った路傍や草地に生える。,,,204,日本の野生植物 第1巻,103,原PDF画像照合 + 全見出し監査,include,,原PDFの独立した番号付き種解説を画像照合し、客観的な形態・生育地・分布・花期のみを収録。主観的評価と採集・栽培上の助言は除外。
wildplants-vol1-coverage-0064,volume1_full_heading_reconciliation,1,日本の野生植物 1- ソテツ科～コミカンソウ科.pdf,bcdcd5ac593747d6d58321d4a696ec96fb963233541af2a4666c4a1fbd1d4fb1,2026-07-12,マルバツユクサ,,,,,,,,,,,,,204,日本の野生植物 第1巻,103,原PDF画像照合 + 全見出し監査,exclude_already_covered,,正名の客観プロフィールは既存データまたは先行監査で収録済み。
wildplants-vol1-coverage-0065,volume1_full_heading_reconciliation,1,日本の野生植物 1- ソテツ科～コミカンソウ科.pdf,bcdcd5ac593747d6d58321d4a696ec96fb963233541af2a4666c4a1fbd1d4fb1,2026-07-12,バショウ,Musa basjoo,バショウ科,MUSACEAE,バショウ属,Musa,,,,関東以西の各地で栽培される。,,,,207,日本の野生植物 第1巻,104,原PDF画像照合 + 全見出し監査,include,,原PDFの独立した番号付き種解説を画像照合し、客観的な形態・生育地・分布・花期のみを収録。主観的評価と採集・栽培上の助言は除外。
wildplants-vol1-coverage-0066,volume1_full_heading_reconciliation,1,日本の野生植物 1- ソテツ科～コミカンソウ科.pdf,bcdcd5ac593747d6d58321d4a696ec96fb963233541af2a4666c4a1fbd1d4fb1,2026-07-12,リュウキュウバショウ,Musa balbisiana var. liukiuensis,バショウ科,MUSACEAE,バショウ属,Musa,,,,琉球（沖縄島・石垣島・与那国島）に産し、栽培もされる。,,,,207,日本の野生植物 第1巻,104,原PDF画像照合 + 全見出し監査,include,,原PDFの独立した番号付き種解説を画像照合し、客観的な形態・生育地・分布・花期のみを収録。主観的評価と採集・栽培上の助言は除外。
wildplants-vol1-coverage-0067,volume1_full_heading_reconciliation,1,日本の野生植物 1- ソテツ科～コミカンソウ科.pdf,bcdcd5ac593747d6d58321d4a696ec96fb963233541af2a4666c4a1fbd1d4fb1,2026-07-12,イズノシマホシクサ,,,,,,,,,,,,,212,日本の野生植物 第1巻,107,原PDF画像照合 + 全見出し監査,exclude_not_numbered_species_entry,,検索表、別名・変種参照、または別種の番号付き解説へのOCR近似であり、独立した番号付き種解説ではない。
wildplants-vol1-coverage-0068,volume1_full_heading_reconciliation,1,日本の野生植物 1- ソテツ科～コミカンソウ科.pdf,bcdcd5ac593747d6d58321d4a696ec96fb963233541af2a4666c4a1fbd1d4fb1,2026-07-12,ハライヌノヒゲ,,,,,,,,,,,,,212,日本の野生植物 第1巻,107,原PDF画像照合 + 全見出し監査,exclude_not_numbered_species_entry,,検索表、別名・変種参照、または別種の番号付き解説へのOCR近似であり、独立した番号付き種解説ではない。
wildplants-vol1-coverage-0069,volume1_full_heading_reconciliation,1,日本の野生植物 1- ソテツ科～コミカンソウ科.pdf,bcdcd5ac593747d6d58321d4a696ec96fb963233541af2a4666c4a1fbd1d4fb1,2026-07-12,イヌノヒゲ,,,,,,,,,,,,,215,日本の野生植物 第1巻,108,原PDF画像照合 + 全見出し監査,exclude_already_covered,,正名の客観プロフィールは既存データまたは先行監査で収録済み。
wildplants-vol1-coverage-0070,volume1_full_heading_reconciliation,1,日本の野生植物 1- ソテツ科～コミカンソウ科.pdf,bcdcd5ac593747d6d58321d4a696ec96fb963233541af2a4666c4a1fbd1d4fb1,2026-07-12,ツクシクロイヌノヒゲ,,,,,,,,,,,,,215,日本の野生植物 第1巻,108,原PDF画像照合 + 全見出し監査,exclude_already_covered,,正名の客観プロフィールは既存データまたは先行監査で収録済み。
wildplants-vol1-coverage-0071,volume1_full_heading_reconciliation,1,日本の野生植物 1- ソテツ科～コミカンソウ科.pdf,bcdcd5ac593747d6d58321d4a696ec96fb963233541af2a4666c4a1fbd1d4fb1,2026-07-12,エゾノミクリゼキショウ,Juncus mertensianus,イグサ科,JUNCACEAE,イグサ属,Juncus,多年草,茎10～25 cm,,北海道（大雪山）・本州（焼石岳）、アリューシャン列島・アラスカ・カムチャツカ・北アメリカに分布する。,高山の湿原に生育する。,,,219,日本の野生植物 第1巻,110,原PDF画像照合 + 全見出し監査,include,,原PDFの独立した番号付き種解説を画像照合し、客観的な形態・生育地・分布・花期のみを収録。主観的評価と採集・栽培上の助言は除外。
wildplants-vol1-coverage-0072,volume1_full_heading_reconciliation,1,日本の野生植物 1- ソテツ科～コミカンソウ科.pdf,bcdcd5ac593747d6d58321d4a696ec96fb963233541af2a4666c4a1fbd1d4fb1,2026-07-12,スズメノヤリ,Luzula capitata,イグサ科,JUNCACEAE,スズメノヤリ属,Luzula,多年草,花茎10～20 cm,4～5月,北海道～琉球、朝鮮半島・千島列島・サハリン・シベリア東部・カムチャツカに分布する。,山野の草地に生育する。,,,220,日本の野生植物 第1巻,111,原PDF画像照合 + 全見出し監査,include,,原PDFの独立した番号付き種解説を画像照合し、客観的な形態・生育地・分布・花期のみを収録。主観的評価と採集・栽培上の助言は除外。
wildplants-vol1-coverage-0073,volume1_full_heading_reconciliation,1,日本の野生植物 1- ソテツ科～コミカンソウ科.pdf,bcdcd5ac593747d6d58321d4a696ec96fb963233541af2a4666c4a1fbd1d4fb1,2026-07-12,コハリスゲ,,,,,,,,,,,,,229,日本の野生植物 第1巻,115,原PDF画像照合 + 全見出し監査,exclude_already_covered,,正名の客観プロフィールは既存データまたは先行監査で収録済み。
wildplants-vol1-coverage-0074,volume1_full_heading_reconciliation,1,日本の野生植物 1- ソテツ科～コミカンソウ科.pdf,bcdcd5ac593747d6d58321d4a696ec96fb963233541af2a4666c4a1fbd1d4fb1,2026-07-12,ナガバアメリカミコシガヤ,Carex vulpinoidea,カヤツリグサ科,CYPERACEAE,スゲ属,Carex,帰化植物,,,北アメリカ原産で、本州（埼玉県・神奈川県・愛知県・岡山県など）に帰化している。,,アメリカミコシガヤ,ナガバアメリカミコシガヤでは葉が有花茎より高く、アメリカミコシガヤでは葉が有花茎より低い。,231,日本の野生植物 第1巻,116,原PDF画像照合 + 全見出し監査,include,,原PDFの独立した番号付き種解説を画像照合し、客観的な形態・生育地・分布・花期のみを収録。主観的評価と採集・栽培上の助言は除外。
wildplants-vol1-coverage-0075,volume1_full_heading_reconciliation,1,日本の野生植物 1- ソテツ科～コミカンソウ科.pdf,bcdcd5ac593747d6d58321d4a696ec96fb963233541af2a4666c4a1fbd1d4fb1,2026-07-12,ナガバアメリカミコシガヤ,,,,,,,,,,,,,231,日本の野生植物 第1巻,116,原PDF画像照合 + 全見出し監査,exclude_duplicate_coverage_candidate,,同じ正名の見出し候補を本監査内の先行行で処理済み。
wildplants-vol1-coverage-0076,volume1_full_heading_reconciliation,1,日本の野生植物 1- ソテツ科～コミカンソウ科.pdf,bcdcd5ac593747d6d58321d4a696ec96fb963233541af2a4666c4a1fbd1d4fb1,2026-07-12,アメリカヤガミスゲ,Carex scoparia,カヤツリグサ科,CYPERACEAE,スゲ属,Carex,帰化植物,,,北アメリカ原産で北海道に広く帰化し、本州・四国・九州にも記録がある。,,コツブアメリカヤガミスゲ／クシロヤガミスゲ／アサハタヤガミスゲ,アメリカヤガミスゲの果胞は長さ4～4.5 mm、幅1.5～1.8 mm。コツブアメリカヤガミスゲの果胞は長さ2.8～3.2 mm。クシロヤガミスゲは小穂が7～12個密集し、果胞は長さ3～4 mm、幅0.8～1 mm。アサハタヤガミスゲは果胞が広卵形で腹面に4～7脈があり、痩果は五角状卵形で幅0.8～1 mm。,232,日本の野生植物 第1巻,117,原PDF画像照合 + 全見出し監査,include,,原PDFの独立した番号付き種解説を画像照合し、客観的な形態・生育地・分布・花期のみを収録。主観的評価と採集・栽培上の助言は除外。
wildplants-vol1-coverage-0077,volume1_full_heading_reconciliation,1,日本の野生植物 1- ソテツ科～コミカンソウ科.pdf,bcdcd5ac593747d6d58321d4a696ec96fb963233541af2a4666c4a1fbd1d4fb1,2026-07-12,タニガワスゲ,Carex forficula,カヤツリグサ科,CYPERACEAE,スゲ属,Carex,多年草,茎30～50 cm,5～6月,北海道西南部～九州、朝鮮半島・中国東北部・中国北部に分布する。,山地の渓流沿いに生える。,,,236,日本の野生植物 第1巻,119,原PDF画像照合 + 全見出し監査,include,タニガワスグ,原PDFの独立した番号付き種解説を画像照合し、客観的な形態・生育地・分布・花期のみを収録。主観的評価と採集・栽培上の助言は除外。
wildplants-vol1-coverage-0078,volume1_full_heading_reconciliation,1,日本の野生植物 1- ソテツ科～コミカンソウ科.pdf,bcdcd5ac593747d6d58321d4a696ec96fb963233541af2a4666c4a1fbd1d4fb1,2026-07-12,ヒメアゼスゲ,Carex eleusinoides,カヤツリグサ科,CYPERACEAE,スゲ属,Carex,,10～30 cm,,北海道の高山帯、北千島・朝鮮半島北部～シベリア東部に分布する。,北海道の高山帯にまれに生える。,,,236,日本の野生植物 第1巻,119,原PDF画像照合 + 全見出し監査,include,ヒメアゼスグ,原PDFの独立した番号付き種解説を画像照合し、客観的な形態・生育地・分布・花期のみを収録。主観的評価と採集・栽培上の助言は除外。
wildplants-vol1-coverage-0079,volume1_full_heading_reconciliation,1,日本の野生植物 1- ソテツ科～コミカンソウ科.pdf,bcdcd5ac593747d6d58321d4a696ec96fb963233541af2a4666c4a1fbd1d4fb1,2026-07-12,ナガエスゲ,Carex otayae,カヤツリグサ科,CYPERACEAE,スゲ属,Carex,,,,本州の日本海側（秋田県～福井県）に分布する。,,,,236,日本の野生植物 第1巻,119,原PDF画像照合 + 全見出し監査,include,,原PDFの独立した番号付き種解説を画像照合し、客観的な形態・生育地・分布・花期のみを収録。主観的評価と採集・栽培上の助言は除外。
wildplants-vol1-coverage-0080,volume1_full_heading_reconciliation,1,日本の野生植物 1- ソテツ科～コミカンソウ科.pdf,bcdcd5ac593747d6d58321d4a696ec96fb963233541af2a4666c4a1fbd1d4fb1,2026-07-12,アオスゲ,,,,,,,,,,,,,241,日本の野生植物 第1巻,121,原PDF画像照合 + 全見出し監査,exclude_not_numbered_species_entry,,検索表、別名・変種参照、または別種の番号付き解説へのOCR近似であり、独立した番号付き種解説ではない。
wildplants-vol1-coverage-0081,volume1_full_heading_reconciliation,1,日本の野生植物 1- ソテツ科～コミカンソウ科.pdf,bcdcd5ac593747d6d58321d4a696ec96fb963233541af2a4666c4a1fbd1d4fb1,2026-07-12,イソアオスゲ,Carex meridiana,カヤツリグサ科,CYPERACEAE,スゲ属,Carex,,,,本州（日本海側は山形県以南、太平洋側は千葉県以南）・四国・九州・屋久島・吐噶喇列島に分布する。,,,,245,日本の野生植物 第1巻,123,原PDF画像照合 + 全見出し監査,include,イソアオスグ,原PDFの独立した番号付き種解説を画像照合し、客観的な形態・生育地・分布・花期のみを収録。主観的評価と採集・栽培上の助言は除外。
wildplants-vol1-coverage-0082,volume1_full_heading_reconciliation,1,日本の野生植物 1- ソテツ科～コミカンソウ科.pdf,bcdcd5ac593747d6d58321d4a696ec96fb963233541af2a4666c4a1fbd1d4fb1,2026-07-12,オオシマカンスゲ,Carex oshimensis,カヤツリグサ科,CYPERACEAE,スゲ属,Carex,,,4～5月,伊豆七島に特産する。,,,,243,日本の野生植物 第1巻,122,原PDF画像照合 + 全見出し監査,include,,原PDFの独立した番号付き種解説を画像照合し、客観的な形態・生育地・分布・花期のみを収録。主観的評価と採集・栽培上の助言は除外。
wildplants-vol1-coverage-0083,volume1_full_heading_reconciliation,1,日本の野生植物 1- ソテツ科～コミカンソウ科.pdf,bcdcd5ac593747d6d58321d4a696ec96fb963233541af2a4666c4a1fbd1d4fb1,2026-07-12,ツシマスゲ,Carex tsushimensis,カヤツリグサ科,CYPERACEAE,スゲ属,Carex,,,,長崎県（対馬・西彼杵半島）・佐賀県（馬渡島）・鹿児島県（甑島）に分布する。,,,,243,日本の野生植物 第1巻,122,原PDF画像照合 + 全見出し監査,include,,原PDFの独立した番号付き種解説を画像照合し、客観的な形態・生育地・分布・花期のみを収録。主観的評価と採集・栽培上の助言は除外。
wildplants-vol1-coverage-0084,volume1_full_heading_reconciliation,1,日本の野生植物 1- ソテツ科～コミカンソウ科.pdf,bcdcd5ac593747d6d58321d4a696ec96fb963233541af2a4666c4a1fbd1d4fb1,2026-07-12,アキイトスゲ,Carex kamagariensis,カヤツリグサ科,CYPERACEAE,スゲ属,Carex,,,,瀬戸内海の島（広島県・愛媛県）・佐賀県（加唐島・松島）・対馬、朝鮮半島南部に分布する。,草地や疎林内に生える。,,,242,日本の野生植物 第1巻,122,原PDF画像照合 + 全見出し監査,include,アキイトスグ,原PDFの独立した番号付き種解説を画像照合し、客観的な形態・生育地・分布・花期のみを収録。主観的評価と採集・栽培上の助言は除外。
wildplants-vol1-coverage-0085,volume1_full_heading_reconciliation,1,日本の野生植物 1- ソテツ科～コミカンソウ科.pdf,bcdcd5ac593747d6d58321d4a696ec96fb963233541af2a4666c4a1fbd1d4fb1,2026-07-12,ムニンヒョウタンスゲ,Carex yasuii,カヤツリグサ科,CYPERACEAE,スゲ属,Carex,,,,小笠原諸島（父島）に固有。,,,,242,日本の野生植物 第1巻,122,原PDF画像照合 + 全見出し監査,include,,原PDFの独立した番号付き種解説を画像照合し、客観的な形態・生育地・分布・花期のみを収録。主観的評価と採集・栽培上の助言は除外。
wildplants-vol1-coverage-0086,volume1_full_heading_reconciliation,1,日本の野生植物 1- ソテツ科～コミカンソウ科.pdf,bcdcd5ac593747d6d58321d4a696ec96fb963233541af2a4666c4a1fbd1d4fb1,2026-07-12,ヤワラミヤマカンスゲ,Carex multifolia var. imbecillis,カヤツリグサ科,CYPERACEAE,スゲ属,Carex,,,,九州（宮崎県・鹿児島県）に分布する。,,,,243,日本の野生植物 第1巻,122,原PDF画像照合 + 全見出し監査,include,,原PDFの独立した番号付き種解説を画像照合し、客観的な形態・生育地・分布・花期のみを収録。主観的評価と採集・栽培上の助言は除外。
wildplants-vol1-coverage-0087,volume1_full_heading_reconciliation,1,日本の野生植物 1- ソテツ科～コミカンソウ科.pdf,bcdcd5ac593747d6d58321d4a696ec96fb963233541af2a4666c4a1fbd1d4fb1,2026-07-12,コイトスゲ,Carex sachalinensis var. iwakiana,カヤツリグサ科,CYPERACEAE,スゲ属,Carex,,,,本州（東北地方～東海地方）に分布する。,林内に生える。,サハリンイトスゲ,コイトスゲは葉幅1.5～2 mmで、花期に前年の葉がほとんど残らない。サハリンイトスゲは基部の鞘が褐色、葉幅2～3.5 mmで、花期に前年の葉が残る。,244,日本の野生植物 第1巻,123,原PDF画像照合 + 全見出し監査,include,,原PDFの独立した番号付き種解説を画像照合し、客観的な形態・生育地・分布・花期のみを収録。主観的評価と採集・栽培上の助言は除外。
wildplants-vol1-coverage-0088,volume1_full_heading_reconciliation,1,日本の野生植物 1- ソテツ科～コミカンソウ科.pdf,bcdcd5ac593747d6d58321d4a696ec96fb963233541af2a4666c4a1fbd1d4fb1,2026-07-12,ヒメアオスゲ,Carex discoidea,カヤツリグサ科,CYPERACEAE,スゲ属,Carex,,,,本州（近畿以西）・四国・九州・南西諸島に分布する。,,ヤクシマイトスゲ,ヤクシマイトスゲはヒメアオスゲより著しく小型で、葉幅約0.5 mm、果胞は長さ約1.5 mmでほとんど無脈。,245,日本の野生植物 第1巻,123,原PDF画像照合 + 全見出し監査,include,ヒメアオスグ,原PDFの独立した番号付き種解説を画像照合し、客観的な形態・生育地・分布・花期のみを収録。主観的評価と採集・栽培上の助言は除外。
wildplants-vol1-coverage-0089,volume1_full_heading_reconciliation,1,日本の野生植物 1- ソテツ科～コミカンソウ科.pdf,bcdcd5ac593747d6d58321d4a696ec96fb963233541af2a4666c4a1fbd1d4fb1,2026-07-12,モエギスゲ,Carex tristachya,カヤツリグサ科,CYPERACEAE,スゲ属,Carex,,有花茎20～40 cm,4～5月,本州（関東以西）～九州、朝鮮半島・中国に分布する。,山地の乾いた草地に多く生える。,,,244,日本の野生植物 第1巻,123,原PDF画像照合 + 全見出し監査,include,モエギスグ,原PDFの独立した番号付き種解説を画像照合し、客観的な形態・生育地・分布・花期のみを収録。主観的評価と採集・栽培上の助言は除外。
wildplants-vol1-coverage-0090,volume1_full_heading_reconciliation,1,日本の野生植物 1- ソテツ科～コミカンソウ科.pdf,bcdcd5ac593747d6d58321d4a696ec96fb963233541af2a4666c4a1fbd1d4fb1,2026-07-12,アキザキバケイスゲ,,,,,,,,,,,,,247,日本の野生植物 第1巻,124,原PDF画像照合 + 全見出し監査,exclude_not_numbered_species_entry,,検索表、別名・変種参照、または別種の番号付き解説へのOCR近似であり、独立した番号付き種解説ではない。
wildplants-vol1-coverage-0091,volume1_full_heading_reconciliation,1,日本の野生植物 1- ソテツ科～コミカンソウ科.pdf,bcdcd5ac593747d6d58321d4a696ec96fb963233541af2a4666c4a1fbd1d4fb1,2026-07-12,タイホクスゲ,Carex taihokuensis,カヤツリグサ科,CYPERACEAE,スゲ属,Carex,,,,南西諸島（沖縄島・石垣島）、朝鮮半島・中国・台湾に分布する。,,,,247,日本の野生植物 第1巻,124,原PDF画像照合 + 全見出し監査,include,タイホクスグ,原PDFの独立した番号付き種解説を画像照合し、客観的な形態・生育地・分布・花期のみを収録。主観的評価と採集・栽培上の助言は除外。
wildplants-vol1-coverage-0092,volume1_full_heading_reconciliation,1,日本の野生植物 1- ソテツ科～コミカンソウ科.pdf,bcdcd5ac593747d6d58321d4a696ec96fb963233541af2a4666c4a1fbd1d4fb1,2026-07-12,アキザキバケイスゲ,Carex mochomuensis,カヤツリグサ科,CYPERACEAE,スゲ属,Carex,,,秋,屋久島に固有。,,,,248,日本の野生植物 第1巻,125,原PDF画像照合 + 全見出し監査,include,,原PDFの独立した番号付き種解説を画像照合し、客観的な形態・生育地・分布・花期のみを収録。主観的評価と採集・栽培上の助言は除外。
wildplants-vol1-coverage-0093,volume1_full_heading_reconciliation,1,日本の野生植物 1- ソテツ科～コミカンソウ科.pdf,bcdcd5ac593747d6d58321d4a696ec96fb963233541af2a4666c4a1fbd1d4fb1,2026-07-12,コバケイスゲ,Carex tenuior,カヤツリグサ科,CYPERACEAE,スゲ属,Carex,,,,奄美諸島・沖縄諸島に分布する。,山地の岩場や岩混じりの斜面に生える。,,,248,日本の野生植物 第1巻,125,原PDF画像照合 + 全見出し監査,include,コバケイスグ,原PDFの独立した番号付き種解説を画像照合し、客観的な形態・生育地・分布・花期のみを収録。主観的評価と採集・栽培上の助言は除外。
wildplants-vol1-coverage-0094,volume1_full_heading_reconciliation,1,日本の野生植物 1- ソテツ科～コミカンソウ科.pdf,bcdcd5ac593747d6d58321d4a696ec96fb963233541af2a4666c4a1fbd1d4fb1,2026-07-12,グレーンスゲ,,,,,,,,,,,,,250,日本の野生植物 第1巻,126,原PDF画像照合 + 全見出し監査,exclude_already_covered,,正名の客観プロフィールは既存データまたは先行監査で収録済み。
wildplants-vol1-coverage-0095,volume1_full_heading_reconciliation,1,日本の野生植物 1- ソテツ科～コミカンソウ科.pdf,bcdcd5ac593747d6d58321d4a696ec96fb963233541af2a4666c4a1fbd1d4fb1,2026-07-12,ジュズスゲ,Carex ischnostachya var. ischnostachya,カヤツリグサ科,CYPERACEAE,スゲ属,Carex,多年草,有花茎30～60 cm,4～6月,北海道～九州、朝鮮半島・中国に分布する。,平地・路傍・疎林地などに多い。,,,250,日本の野生植物 第1巻,126,原PDF画像照合 + 全見出し監査,include,ジュズスグ,原PDFの独立した番号付き種解説を画像照合し、客観的な形態・生育地・分布・花期のみを収録。主観的評価と採集・栽培上の助言は除外。
wildplants-vol1-coverage-0096,volume1_full_heading_reconciliation,1,日本の野生植物 1- ソテツ科～コミカンソウ科.pdf,bcdcd5ac593747d6d58321d4a696ec96fb963233541af2a4666c4a1fbd1d4fb1,2026-07-12,センジョウスゲ,,,,,,,,,,,,,251,日本の野生植物 第1巻,126,原PDF画像照合 + 全見出し監査,exclude_already_covered,,正名の客観プロフィールは既存データまたは先行監査で収録済み。
wildplants-vol1-coverage-0097,volume1_full_heading_reconciliation,1,日本の野生植物 1- ソテツ科～コミカンソウ科.pdf,bcdcd5ac593747d6d58321d4a696ec96fb963233541af2a4666c4a1fbd1d4fb1,2026-07-12,タルマイスゲ,,,,,,,,,,,,,251,日本の野生植物 第1巻,126,原PDF画像照合 + 全見出し監査,exclude_already_covered,,正名の客観プロフィールは既存データまたは先行監査で収録済み。
wildplants-vol1-coverage-0098,volume1_full_heading_reconciliation,1,日本の野生植物 1- ソテツ科～コミカンソウ科.pdf,bcdcd5ac593747d6d58321d4a696ec96fb963233541af2a4666c4a1fbd1d4fb1,2026-07-12,ネムロスゲ,,,,,,,,,,,,,251,日本の野生植物 第1巻,126,原PDF画像照合 + 全見出し監査,exclude_already_covered,,正名の客観プロフィールは既存データまたは先行監査で収録済み。
wildplants-vol1-coverage-0099,volume1_full_heading_reconciliation,1,日本の野生植物 1- ソテツ科～コミカンソウ科.pdf,bcdcd5ac593747d6d58321d4a696ec96fb963233541af2a4666c4a1fbd1d4fb1,2026-07-12,ヒラギシスゲ,Carex augustinowiczii,カヤツリグサ科,CYPERACEAE,スゲ属,Carex,,,,本州中部以北・北海道、東アジア北部に分布する。,深山の谷川沿いに生える。,,,251,日本の野生植物 第1巻,126,原PDF画像照合 + 全見出し監査,include,,原PDFの独立した番号付き種解説を画像照合し、客観的な形態・生育地・分布・花期のみを収録。主観的評価と採集・栽培上の助言は除外。
wildplants-vol1-coverage-0100,volume1_full_heading_reconciliation,1,日本の野生植物 1- ソテツ科～コミカンソウ科.pdf,bcdcd5ac593747d6d58321d4a696ec96fb963233541af2a4666c4a1fbd1d4fb1,2026-07-12,ヤマジスゲ,Carex bostrychostigma,カヤツリグサ科,CYPERACEAE,スゲ属,Carex,,茎10～30 cm,4～6月,本州（近畿以西）～九州、朝鮮半島・中国東北部・ウスリーに分布する。,山地草原にややまれに生える。,,,250,日本の野生植物 第1巻,126,原PDF画像照合 + 全見出し監査,include,ヤマジスグ,原PDFの独立した番号付き種解説を画像照合し、客観的な形態・生育地・分布・花期のみを収録。主観的評価と採集・栽培上の助言は除外。
wildplants-vol1-coverage-0101,volume1_full_heading_reconciliation,1,日本の野生植物 1- ソテツ科～コミカンソウ科.pdf,bcdcd5ac593747d6d58321d4a696ec96fb963233541af2a4666c4a1fbd1d4fb1,2026-07-12,イトナルコスゲ,,,,,,,,,,,,,253,日本の野生植物 第1巻,127,原PDF画像照合 + 全見出し監査,exclude_already_covered,,正名の客観プロフィールは既存データまたは先行監査で収録済み。
wildplants-vol1-coverage-0102,volume1_full_heading_reconciliation,1,日本の野生植物 1- ソテツ科～コミカンソウ科.pdf,bcdcd5ac593747d6d58321d4a696ec96fb963233541af2a4666c4a1fbd1d4fb1,2026-07-12,エナシヒゴクサ,Carex aphanolepis,カヤツリグサ科,CYPERACEAE,スゲ属,Carex,,,4～6月,,,,,253,日本の野生植物 第1巻,127,原PDF画像照合 + 全見出し監査,include,,原PDFの独立した番号付き種解説を画像照合し、客観的な形態・生育地・分布・花期のみを収録。主観的評価と採集・栽培上の助言は除外。
wildplants-vol1-coverage-0103,volume1_full_heading_reconciliation,1,日本の野生植物 1- ソテツ科～コミカンソウ科.pdf,bcdcd5ac593747d6d58321d4a696ec96fb963233541af2a4666c4a1fbd1d4fb1,2026-07-12,タカネヒメスゲ,,,,,,,,,,,,,252,日本の野生植物 第1巻,127,原PDF画像照合 + 全見出し監査,exclude_already_covered,,正名の客観プロフィールは既存データまたは先行監査で収録済み。
wildplants-vol1-coverage-0104,volume1_full_heading_reconciliation,1,日本の野生植物 1- ソテツ科～コミカンソウ科.pdf,bcdcd5ac593747d6d58321d4a696ec96fb963233541af2a4666c4a1fbd1d4fb1,2026-07-12,オニスゲ,Carex dickinsii,カヤツリグサ科,CYPERACEAE,スゲ属,Carex,,茎20～50 cm,5～6月,北海道～九州、朝鮮半島に分布する。,平地の水湿地に生える。,,,255,日本の野生植物 第1巻,128,原PDF画像照合 + 全見出し監査,include,,原PDFの独立した番号付き種解説を画像照合し、客観的な形態・生育地・分布・花期のみを収録。主観的評価と採集・栽培上の助言は除外。
wildplants-vol1-coverage-0105,volume1_full_heading_reconciliation,1,日本の野生植物 1- ソテツ科～コミカンソウ科.pdf,bcdcd5ac593747d6d58321d4a696ec96fb963233541af2a4666c4a1fbd1d4fb1,2026-07-12,ヤマクボスゲ,Carex hymenodon,カヤツリグサ科,CYPERACEAE,スゲ属,Carex,,,,栃木県・宮城県の一部に分布する。,水湿地にまれに生える。,,,254,日本の野生植物 第1巻,128,原PDF画像照合 + 全見出し監査,include,,原PDFの独立した番号付き種解説を画像照合し、客観的な形態・生育地・分布・花期のみを収録。主観的評価と採集・栽培上の助言は除外。
wildplants-vol1-coverage-0106,volume1_full_heading_reconciliation,1,日本の野生植物 1- ソテツ科～コミカンソウ科.pdf,bcdcd5ac593747d6d58321d4a696ec96fb963233541af2a4666c4a1fbd1d4fb1,2026-07-12,イヌクグ,Cyperus cyperoides,カヤツリグサ科,CYPERACEAE,カヤツリグサ属,Cyperus,多年草,茎30～60（～80）cm,8～10月,本州（関東地方以西）～琉球、朝鮮半島南部・中国・インドネシア・インド・アフリカに分布する。,主に海岸近くに生える。,,,260,日本の野生植物 第1巻,131,原PDF画像照合 + 全見出し監査,include,,原PDFの独立した番号付き種解説を画像照合し、客観的な形態・生育地・分布・花期のみを収録。主観的評価と採集・栽培上の助言は除外。
wildplants-vol1-coverage-0107,volume1_full_heading_reconciliation,1,日本の野生植物 1- ソテツ科～コミカンソウ科.pdf,bcdcd5ac593747d6d58321d4a696ec96fb963233541af2a4666c4a1fbd1d4fb1,2026-07-12,ハタベスゲ,Carex latisquamea,カヤツリグサ科,CYPERACEAE,スゲ属,Carex,多年草,40～75 cm,6～7月,北海道・本州中北部・九州、朝鮮半島・中国東北部・ウスリーに分布する。,山地の草原に生える。,,,256,日本の野生植物 第1巻,129,原PDF画像照合 + 全見出し監査,include,ハタベスグ,原PDFの独立した番号付き種解説を画像照合し、客観的な形態・生育地・分布・花期のみを収録。主観的評価と採集・栽培上の助言は除外。
wildplants-vol1-coverage-0108,volume1_full_heading_reconciliation,1,日本の野生植物 1- ソテツ科～コミカンソウ科.pdf,bcdcd5ac593747d6d58321d4a696ec96fb963233541af2a4666c4a1fbd1d4fb1,2026-07-12,ムジナスゲ,Carex lasiocarpa var. occultans,カヤツリグサ科,CYPERACEAE,スゲ属,Carex,多年草,70～100 cm,6～8月,北海道・本州（中部・関東以北）、サハリン・千島列島・朝鮮半島・シベリア東部に分布する。,高層湿原や沼畔に生える。,,,256,日本の野生植物 第1巻,129,原PDF画像照合 + 全見出し監査,include,,原PDFの独立した番号付き種解説を画像照合し、客観的な形態・生育地・分布・花期のみを収録。主観的評価と採集・栽培上の助言は除外。
wildplants-vol1-coverage-0109,volume1_full_heading_reconciliation,1,日本の野生植物 1- ソテツ科～コミカンソウ科.pdf,bcdcd5ac593747d6d58321d4a696ec96fb963233541af2a4666c4a1fbd1d4fb1,2026-07-12,アゼガヤツリ,Cyperus flavidus,カヤツリグサ科,CYPERACEAE,カヤツリグサ属,Cyperus,一年草,10～50 cm,8～10月,本州～琉球、朝鮮半島・中国・台湾・インドネシア・インド・アフリカに分布する。,低地の水湿地、特に田の畦に多い。,,,259,日本の野生植物 第1巻,130,原PDF画像照合 + 全見出し監査,include,,原PDFの独立した番号付き種解説を画像照合し、客観的な形態・生育地・分布・花期のみを収録。主観的評価と採集・栽培上の助言は除外。
wildplants-vol1-coverage-0110,volume1_full_heading_reconciliation,1,日本の野生植物 1- ソテツ科～コミカンソウ科.pdf,bcdcd5ac593747d6d58321d4a696ec96fb963233541af2a4666c4a1fbd1d4fb1,2026-07-12,カヤツリグサ,Cyperus microiria,カヤツリグサ科,CYPERACEAE,カヤツリグサ属,Cyperus,,,8～10月,本州～九州、朝鮮半島・中国に分布する。,畑地や中性の荒れ地などに多い。,,,261,日本の野生植物 第1巻,131,原PDF画像照合 + 全見出し監査,include,,原PDFの独立した番号付き種解説を画像照合し、客観的な形態・生育地・分布・花期のみを収録。主観的評価と採集・栽培上の助言は除外。
wildplants-vol1-coverage-0111,volume1_full_heading_reconciliation,1,日本の野生植物 1- ソテツ科～コミカンソウ科.pdf,bcdcd5ac593747d6d58321d4a696ec96fb963233541af2a4666c4a1fbd1d4fb1,2026-07-12,ツルナシコアゼガヤツリ,Cyperus haspan var. microhaspan,カヤツリグサ科,CYPERACEAE,カヤツリグサ属,Cyperus,,,,本州（関東以西）・四国・九州・南西諸島、台湾・マレーシアに分布する。,,,,260,日本の野生植物 第1巻,131,原PDF画像照合 + 全見出し監査,include,,原PDFの独立した番号付き種解説を画像照合し、客観的な形態・生育地・分布・花期のみを収録。主観的評価と採集・栽培上の助言は除外。
wildplants-vol1-coverage-0112,volume1_full_heading_reconciliation,1,日本の野生植物 1- ソテツ科～コミカンソウ科.pdf,bcdcd5ac593747d6d58321d4a696ec96fb963233541af2a4666c4a1fbd1d4fb1,2026-07-12,ウナズキテンツキ,,,,,,,,,,,,,267,日本の野生植物 第1巻,134,原PDF画像照合 + 全見出し監査,exclude_not_numbered_species_entry,,検索表、別名・変種参照、または別種の番号付き解説へのOCR近似であり、独立した番号付き種解説ではない。
wildplants-vol1-coverage-0113,volume1_full_heading_reconciliation,1,日本の野生植物 1- ソテツ科～コミカンソウ科.pdf,bcdcd5ac593747d6d58321d4a696ec96fb963233541af2a4666c4a1fbd1d4fb1,2026-07-12,ピロードテンツキ,,,,,,,,,,,,,264,日本の野生植物 第1巻,133,原PDF画像照合 + 全見出し監査,exclude_not_numbered_species_entry,,検索表、別名・変種参照、または別種の番号付き解説へのOCR近似であり、独立した番号付き種解説ではない。
wildplants-vol1-coverage-0114,volume1_full_heading_reconciliation,1,日本の野生植物 1- ソテツ科～コミカンソウ科.pdf,bcdcd5ac593747d6d58321d4a696ec96fb963233541af2a4666c4a1fbd1d4fb1,2026-07-12,イトイヌノハナヒゲ,,,,,,,,,,,,,271,日本の野生植物 第1巻,136,原PDF画像照合 + 全見出し監査,exclude_already_covered,,正名の客観プロフィールは既存データまたは先行監査で収録済み。
wildplants-vol1-coverage-0115,volume1_full_heading_reconciliation,1,日本の野生植物 1- ソテツ科～コミカンソウ科.pdf,bcdcd5ac593747d6d58321d4a696ec96fb963233541af2a4666c4a1fbd1d4fb1,2026-07-12,ヒラアンベライ,,,,,,,,,,,,,270,日本の野生植物 第1巻,136,原PDF画像照合 + 全見出し監査,exclude_already_covered,,正名の客観プロフィールは既存データまたは先行監査で収録済み。
wildplants-vol1-coverage-0116,volume1_full_heading_reconciliation,1,日本の野生植物 1- ソテツ科～コミカンソウ科.pdf,bcdcd5ac593747d6d58321d4a696ec96fb963233541af2a4666c4a1fbd1d4fb1,2026-07-12,アブラガヤ,,,,,,,,,,,,,275,日本の野生植物 第1巻,138,原PDF画像照合 + 全見出し監査,exclude_already_covered,,正名の客観プロフィールは既存データまたは先行監査で収録済み。
wildplants-vol1-coverage-0117,volume1_full_heading_reconciliation,1,日本の野生植物 1- ソテツ科～コミカンソウ科.pdf,bcdcd5ac593747d6d58321d4a696ec96fb963233541af2a4666c4a1fbd1d4fb1,2026-07-12,イへヤヒゲクサ,,,,,,,,,,,,,274,日本の野生植物 第1巻,138,原PDF画像照合 + 全見出し監査,exclude_not_numbered_species_entry,,検索表、別名・変種参照、または別種の番号付き解説へのOCR近似であり、独立した番号付き種解説ではない。
wildplants-vol1-coverage-0118,volume1_full_heading_reconciliation,1,日本の野生植物 1- ソテツ科～コミカンソウ科.pdf,bcdcd5ac593747d6d58321d4a696ec96fb963233541af2a4666c4a1fbd1d4fb1,2026-07-12,クロアブラガヤ,,,,,,,,,,,,,275,日本の野生植物 第1巻,138,原PDF画像照合 + 全見出し監査,exclude_already_covered,,正名の客観プロフィールは既存データまたは先行監査で収録済み。
wildplants-vol1-coverage-0119,volume1_full_heading_reconciliation,1,日本の野生植物 1- ソテツ科～コミカンソウ科.pdf,bcdcd5ac593747d6d58321d4a696ec96fb963233541af2a4666c4a1fbd1d4fb1,2026-07-12,カンチク,Chimonobambusa marmorea,イネ科,POACEAE,カンチク属,Chimonobambusa,,2～3（～6）m,,中国南西部原産で、日本では関東以西で栽培される。,,,,287,日本の野生植物 第1巻,144,原PDF画像照合 + 全見出し監査,include,,原PDFの独立した番号付き種解説を画像照合し、客観的な形態・生育地・分布・花期のみを収録。主観的評価と採集・栽培上の助言は除外。
wildplants-vol1-coverage-0120,volume1_full_heading_reconciliation,1,日本の野生植物 1- ソテツ科～コミカンソウ科.pdf,bcdcd5ac593747d6d58321d4a696ec96fb963233541af2a4666c4a1fbd1d4fb1,2026-07-12,シホウチク,Chimonobambusa quadrangularis,イネ科,POACEAE,カンチク属,Chimonobambusa,,3～5 m,,中国原産。,,,,287,日本の野生植物 第1巻,144,原PDF画像照合 + 全見出し監査,include,,原PDFの独立した番号付き種解説を画像照合し、客観的な形態・生育地・分布・花期のみを収録。主観的評価と採集・栽培上の助言は除外。
wildplants-vol1-coverage-0121,volume1_full_heading_reconciliation,1,日本の野生植物 1- ソテツ科～コミカンソウ科.pdf,bcdcd5ac593747d6d58321d4a696ec96fb963233541af2a4666c4a1fbd1d4fb1,2026-07-12,カンザンチク,Pleioblastus hindsii,イネ科,POACEAE,メダケ属,Pleioblastus,,3～5（～6）m,,関東地方以西で栽培される。,,,,289,日本の野生植物 第1巻,145,原PDF画像照合 + 全見出し監査,include,,原PDFの独立した番号付き種解説を画像照合し、客観的な形態・生育地・分布・花期のみを収録。主観的評価と採集・栽培上の助言は除外。
wildplants-vol1-coverage-0122,volume1_full_heading_reconciliation,1,日本の野生植物 1- ソテツ科～コミカンソウ科.pdf,bcdcd5ac593747d6d58321d4a696ec96fb963233541af2a4666c4a1fbd1d4fb1,2026-07-12,イブキザサ,Sasa tsuboiana,イネ科,POACEAE,ササ属,Sasa,,1～2 m,,本州・四国・九州北部に分布する。,,,,291,日本の野生植物 第1巻,146,原PDF画像照合 + 全見出し監査,include,イプキザサ,原PDFの独立した番号付き種解説を画像照合し、客観的な形態・生育地・分布・花期のみを収録。主観的評価と採集・栽培上の助言は除外。
wildplants-vol1-coverage-0123,volume1_full_heading_reconciliation,1,日本の野生植物 1- ソテツ科～コミカンソウ科.pdf,bcdcd5ac593747d6d58321d4a696ec96fb963233541af2a4666c4a1fbd1d4fb1,2026-07-12,オモエザサ,,,,,,,,,,,,,291,日本の野生植物 第1巻,146,原PDF画像照合 + 全見出し監査,exclude_not_numbered_species_entry,,検索表、別名・変種参照、または別種の番号付き解説へのOCR近似であり、独立した番号付き種解説ではない。
wildplants-vol1-coverage-0124,volume1_full_heading_reconciliation,1,日本の野生植物 1- ソテツ科～コミカンソウ科.pdf,bcdcd5ac593747d6d58321d4a696ec96fb963233541af2a4666c4a1fbd1d4fb1,2026-07-12,ミクラザサ,,,,,,,,,,,,,290,日本の野生植物 第1巻,146,原PDF画像照合 + 全見出し監査,exclude_not_numbered_species_entry,,検索表、別名・変種参照、または別種の番号付き解説へのOCR近似であり、独立した番号付き種解説ではない。
wildplants-vol1-coverage-0125,volume1_full_heading_reconciliation,1,日本の野生植物 1- ソテツ科～コミカンソウ科.pdf,bcdcd5ac593747d6d58321d4a696ec96fb963233541af2a4666c4a1fbd1d4fb1,2026-07-12,ヤクシマダケ,Pseudosasa owatarii,イネ科,POACEAE,ヤダケ属,Pseudosasa,,30～100 cm,,屋久島に分布する。,山地上部に密な群落をつくる。,,,290,日本の野生植物 第1巻,146,原PDF画像照合 + 全見出し監査,include,,原PDFの独立した番号付き種解説を画像照合し、客観的な形態・生育地・分布・花期のみを収録。主観的評価と採集・栽培上の助言は除外。
wildplants-vol1-coverage-0126,volume1_full_heading_reconciliation,1,日本の野生植物 1- ソテツ科～コミカンソウ科.pdf,bcdcd5ac593747d6d58321d4a696ec96fb963233541af2a4666c4a1fbd1d4fb1,2026-07-12,キタヤマタカボ,,,,,,,,,,,,,295,日本の野生植物 第1巻,148,原PDF画像照合 + 全見出し監査,exclude_not_numbered_species_entry,,検索表、別名・変種参照、または別種の番号付き解説へのOCR近似であり、独立した番号付き種解説ではない。
wildplants-vol1-coverage-0127,volume1_full_heading_reconciliation,1,日本の野生植物 1- ソテツ科～コミカンソウ科.pdf,bcdcd5ac593747d6d58321d4a696ec96fb963233541af2a4666c4a1fbd1d4fb1,2026-07-12,コミヤマヌカボ,,,,,,,,,,,,,295,日本の野生植物 第1巻,148,原PDF画像照合 + 全見出し監査,exclude_not_numbered_species_entry,,検索表、別名・変種参照、または別種の番号付き解説へのOCR近似であり、独立した番号付き種解説ではない。
wildplants-vol1-coverage-0128,volume1_full_heading_reconciliation,1,日本の野生植物 1- ソテツ科～コミカンソウ科.pdf,bcdcd5ac593747d6d58321d4a696ec96fb963233541af2a4666c4a1fbd1d4fb1,2026-07-12,タテヤマタカボ,,,,,,,,,,,,,295,日本の野生植物 第1巻,148,原PDF画像照合 + 全見出し監査,exclude_not_numbered_species_entry,,検索表、別名・変種参照、または別種の番号付き解説へのOCR近似であり、独立した番号付き種解説ではない。
wildplants-vol1-coverage-0129,volume1_full_heading_reconciliation,1,日本の野生植物 1- ソテツ科～コミカンソウ科.pdf,bcdcd5ac593747d6d58321d4a696ec96fb963233541af2a4666c4a1fbd1d4fb1,2026-07-12,ヌカボ,,,,,,,,,,,,,295,日本の野生植物 第1巻,148,原PDF画像照合 + 全見出し監査,exclude_not_numbered_species_entry,,検索表、別名・変種参照、または別種の番号付き解説へのOCR近似であり、独立した番号付き種解説ではない。
wildplants-vol1-coverage-0130,volume1_full_heading_reconciliation,1,日本の野生植物 1- ソテツ科～コミカンソウ科.pdf,bcdcd5ac593747d6d58321d4a696ec96fb963233541af2a4666c4a1fbd1d4fb1,2026-07-12,ハイコヌカグサ,,,,,,,,,,,,,295,日本の野生植物 第1巻,148,原PDF画像照合 + 全見出し監査,exclude_not_numbered_species_entry,,検索表、別名・変種参照、または別種の番号付き解説へのOCR近似であり、独立した番号付き種解説ではない。
wildplants-vol1-coverage-0131,volume1_full_heading_reconciliation,1,日本の野生植物 1- ソテツ科～コミカンソウ科.pdf,bcdcd5ac593747d6d58321d4a696ec96fb963233541af2a4666c4a1fbd1d4fb1,2026-07-12,ハナヌカススキ,,,,,,,,,,,,,295,日本の野生植物 第1巻,148,原PDF画像照合 + 全見出し監査,exclude_not_numbered_species_entry,,検索表、別名・変種参照、または別種の番号付き解説へのOCR近似であり、独立した番号付き種解説ではない。
wildplants-vol1-coverage-0132,volume1_full_heading_reconciliation,1,日本の野生植物 1- ソテツ科～コミカンソウ科.pdf,bcdcd5ac593747d6d58321d4a696ec96fb963233541af2a4666c4a1fbd1d4fb1,2026-07-12,ミヤマヌカボ,Agrostis flaccida,イネ科,POACEAE,ヌカボ属,Agrostis,多年草,15～30 cm,6～8月,南千島・北海道～九州、朝鮮半島南部に分布する。,高山の草地・岩地などに生える。,,,295,日本の野生植物 第1巻,148,原PDF画像照合 + 全見出し監査,include,,原PDFの独立した番号付き種解説を画像照合し、客観的な形態・生育地・分布・花期のみを収録。主観的評価と採集・栽培上の助言は除外。
wildplants-vol1-coverage-0133,volume1_full_heading_reconciliation,1,日本の野生植物 1- ソテツ科～コミカンソウ科.pdf,bcdcd5ac593747d6d58321d4a696ec96fb963233541af2a4666c4a1fbd1d4fb1,2026-07-12,エゾヤマコウボウ,,,,,,,,,,,,,297,日本の野生植物 第1巻,149,原PDF画像照合 + 全見出し監査,exclude_not_numbered_species_entry,,検索表、別名・変種参照、または別種の番号付き解説へのOCR近似であり、独立した番号付き種解説ではない。
wildplants-vol1-coverage-0134,volume1_full_heading_reconciliation,1,日本の野生植物 1- ソテツ科～コミカンソウ科.pdf,bcdcd5ac593747d6d58321d4a696ec96fb963233541af2a4666c4a1fbd1d4fb1,2026-07-12,イタムギ,,,,,,,,,,,,,299,日本の野生植物 第1巻,150,原PDF画像照合 + 全見出し監査,exclude_not_numbered_species_entry,,検索表、別名・変種参照、または別種の番号付き解説へのOCR近似であり、独立した番号付き種解説ではない。
wildplants-vol1-coverage-0135,volume1_full_heading_reconciliation,1,日本の野生植物 1- ソテツ科～コミカンソウ科.pdf,bcdcd5ac593747d6d58321d4a696ec96fb963233541af2a4666c4a1fbd1d4fb1,2026-07-12,カラスノチャヒキ,,,,,,,,,,,,,299,日本の野生植物 第1巻,150,原PDF画像照合 + 全見出し監査,exclude_not_numbered_species_entry,,検索表、別名・変種参照、または別種の番号付き解説へのOCR近似であり、独立した番号付き種解説ではない。
wildplants-vol1-coverage-0136,volume1_full_heading_reconciliation,1,日本の野生植物 1- ソテツ科～コミカンソウ科.pdf,bcdcd5ac593747d6d58321d4a696ec96fb963233541af2a4666c4a1fbd1d4fb1,2026-07-12,コバンソウ,Briza maxima,イネ科,POACEAE,コバンソウ属,Briza,一年草,30～60 cm,7～9月,ヨーロッパ原産で、日本各地に野生化している。,,,,299,日本の野生植物 第1巻,150,原PDF画像照合 + 全見出し監査,include,コパンソウ,原PDFの独立した番号付き種解説を画像照合し、客観的な形態・生育地・分布・花期のみを収録。主観的評価と採集・栽培上の助言は除外。
wildplants-vol1-coverage-0137,volume1_full_heading_reconciliation,1,日本の野生植物 1- ソテツ科～コミカンソウ科.pdf,bcdcd5ac593747d6d58321d4a696ec96fb963233541af2a4666c4a1fbd1d4fb1,2026-07-12,ハマチャヒキ,,,,,,,,,,,,,299,日本の野生植物 第1巻,150,原PDF画像照合 + 全見出し監査,exclude_not_numbered_species_entry,,検索表、別名・変種参照、または別種の番号付き解説へのOCR近似であり、独立した番号付き種解説ではない。
wildplants-vol1-coverage-0138,volume1_full_heading_reconciliation,1,日本の野生植物 1- ソテツ科～コミカンソウ科.pdf,bcdcd5ac593747d6d58321d4a696ec96fb963233541af2a4666c4a1fbd1d4fb1,2026-07-12,ヒメコバンソウ,Briza minor,イネ科,POACEAE,コバンソウ属,Briza,,,6～9月,ヨーロッパ原産で、本州以南に帰化している。,,,,299,日本の野生植物 第1巻,150,原PDF画像照合 + 全見出し監査,include,,原PDFの独立した番号付き種解説を画像照合し、客観的な形態・生育地・分布・花期のみを収録。主観的評価と採集・栽培上の助言は除外。
wildplants-vol1-coverage-0139,volume1_full_heading_reconciliation,1,日本の野生植物 1- ソテツ科～コミカンソウ科.pdf,bcdcd5ac593747d6d58321d4a696ec96fb963233541af2a4666c4a1fbd1d4fb1,2026-07-12,ヤクナガイタムギ,,,,,,,,,,,,,299,日本の野生植物 第1巻,150,原PDF画像照合 + 全見出し監査,exclude_not_numbered_species_entry,,検索表、別名・変種参照、または別種の番号付き解説へのOCR近似であり、独立した番号付き種解説ではない。
wildplants-vol1-coverage-0140,volume1_full_heading_reconciliation,1,日本の野生植物 1- ソテツ科～コミカンソウ科.pdf,bcdcd5ac593747d6d58321d4a696ec96fb963233541af2a4666c4a1fbd1d4fb1,2026-07-12,オオヒゲガリヤス,,,,,,,,,,,,,301,日本の野生植物 第1巻,151,原PDF画像照合 + 全見出し監査,exclude_not_numbered_species_entry,,検索表、別名・変種参照、または別種の番号付き解説へのOCR近似であり、独立した番号付き種解説ではない。
wildplants-vol1-coverage-0141,volume1_full_heading_reconciliation,1,日本の野生植物 1- ソテツ科～コミカンソウ科.pdf,bcdcd5ac593747d6d58321d4a696ec96fb963233541af2a4666c4a1fbd1d4fb1,2026-07-12,オオミネヒナノガリヤス,,,,,,,,,,,,,301,日本の野生植物 第1巻,151,原PDF画像照合 + 全見出し監査,exclude_not_numbered_species_entry,,検索表、別名・変種参照、または別種の番号付き解説へのOCR近似であり、独立した番号付き種解説ではない。
wildplants-vol1-coverage-0142,volume1_full_heading_reconciliation,1,日本の野生植物 1- ソテツ科～コミカンソウ科.pdf,bcdcd5ac593747d6d58321d4a696ec96fb963233541af2a4666c4a1fbd1d4fb1,2026-07-12,オクエゾオニノガリヤス,,,,,,,,,,,,,301,日本の野生植物 第1巻,151,原PDF画像照合 + 全見出し監査,exclude_not_numbered_species_entry,,検索表、別名・変種参照、または別種の番号付き解説へのOCR近似であり、独立した番号付き種解説ではない。
wildplants-vol1-coverage-0143,volume1_full_heading_reconciliation,1,日本の野生植物 1- ソテツ科～コミカンソウ科.pdf,bcdcd5ac593747d6d58321d4a696ec96fb963233541af2a4666c4a1fbd1d4fb1,2026-07-12,キリシマノガリヤス,,,,,,,,,,,,,301,日本の野生植物 第1巻,151,原PDF画像照合 + 全見出し監査,exclude_not_numbered_species_entry,,検索表、別名・変種参照、または別種の番号付き解説へのOCR近似であり、独立した番号付き種解説ではない。
wildplants-vol1-coverage-0144,volume1_full_heading_reconciliation,1,日本の野生植物 1- ソテツ科～コミカンソウ科.pdf,bcdcd5ac593747d6d58321d4a696ec96fb963233541af2a4666c4a1fbd1d4fb1,2026-07-12,クジュウガリヤス,,,,,,,,,,,,,301,日本の野生植物 第1巻,151,原PDF画像照合 + 全見出し監査,exclude_not_numbered_species_entry,,検索表、別名・変種参照、または別種の番号付き解説へのOCR近似であり、独立した番号付き種解説ではない。
wildplants-vol1-coverage-0145,volume1_full_heading_reconciliation,1,日本の野生植物 1- ソテツ科～コミカンソウ科.pdf,bcdcd5ac593747d6d58321d4a696ec96fb963233541af2a4666c4a1fbd1d4fb1,2026-07-12,コバナノガリヤス,,,,,,,,,,,,,301,日本の野生植物 第1巻,151,原PDF画像照合 + 全見出し監査,exclude_not_numbered_species_entry,,検索表、別名・変種参照、または別種の番号付き解説へのOCR近似であり、独立した番号付き種解説ではない。
wildplants-vol1-coverage-0146,volume1_full_heading_reconciliation,1,日本の野生植物 1- ソテツ科～コミカンソウ科.pdf,bcdcd5ac593747d6d58321d4a696ec96fb963233541af2a4666c4a1fbd1d4fb1,2026-07-12,ザラツキヒナガリヤス,,,,,,,,,,,,,301,日本の野生植物 第1巻,151,原PDF画像照合 + 全見出し監査,exclude_not_numbered_species_entry,,検索表、別名・変種参照、または別種の番号付き解説へのOCR近似であり、独立した番号付き種解説ではない。
wildplants-vol1-coverage-0147,volume1_full_heading_reconciliation,1,日本の野生植物 1- ソテツ科～コミカンソウ科.pdf,bcdcd5ac593747d6d58321d4a696ec96fb963233541af2a4666c4a1fbd1d4fb1,2026-07-12,シコクノガリヤス,,,,,,,,,,,,,301,日本の野生植物 第1巻,151,原PDF画像照合 + 全見出し監査,exclude_not_numbered_species_entry,,検索表、別名・変種参照、または別種の番号付き解説へのOCR近似であり、独立した番号付き種解説ではない。
wildplants-vol1-coverage-0148,volume1_full_heading_reconciliation,1,日本の野生植物 1- ソテツ科～コミカンソウ科.pdf,bcdcd5ac593747d6d58321d4a696ec96fb963233541af2a4666c4a1fbd1d4fb1,2026-07-12,シマノガリヤス,,,,,,,,,,,,,301,日本の野生植物 第1巻,151,原PDF画像照合 + 全見出し監査,exclude_not_numbered_species_entry,,検索表、別名・変種参照、または別種の番号付き解説へのOCR近似であり、独立した番号付き種解説ではない。
wildplants-vol1-coverage-0149,volume1_full_heading_reconciliation,1,日本の野生植物 1- ソテツ科～コミカンソウ科.pdf,bcdcd5ac593747d6d58321d4a696ec96fb963233541af2a4666c4a1fbd1d4fb1,2026-07-12,スズメノチャヒキ,,,,,,,,,,,,,300,日本の野生植物 第1巻,151,原PDF画像照合 + 全見出し監査,exclude_already_covered,,正名の客観プロフィールは既存データまたは先行監査で収録済み。
wildplants-vol1-coverage-0150,volume1_full_heading_reconciliation,1,日本の野生植物 1- ソテツ科～コミカンソウ科.pdf,bcdcd5ac593747d6d58321d4a696ec96fb963233541af2a4666c4a1fbd1d4fb1,2026-07-12,タイワンサイトウガヤ,,,,,,,,,,,,,301,日本の野生植物 第1巻,151,原PDF画像照合 + 全見出し監査,exclude_not_numbered_species_entry,,検索表、別名・変種参照、または別種の番号付き解説へのOCR近似であり、独立した番号付き種解説ではない。
wildplants-vol1-coverage-0151,volume1_full_heading_reconciliation,1,日本の野生植物 1- ソテツ科～コミカンソウ科.pdf,bcdcd5ac593747d6d58321d4a696ec96fb963233541af2a4666c4a1fbd1d4fb1,2026-07-12,タチカモジ,,,,,,,,,,,,,303,日本の野生植物 第1巻,152,原PDF画像照合 + 全見出し監査,exclude_not_numbered_species_entry,,検索表、別名・変種参照、または別種の番号付き解説へのOCR近似であり、独立した番号付き種解説ではない。
wildplants-vol1-coverage-0152,volume1_full_heading_reconciliation,1,日本の野生植物 1- ソテツ科～コミカンソウ科.pdf,bcdcd5ac593747d6d58321d4a696ec96fb963233541af2a4666c4a1fbd1d4fb1,2026-07-12,ヤマムギ,,,,,,,,,,,,,303,日本の野生植物 第1巻,152,原PDF画像照合 + 全見出し監査,exclude_not_numbered_species_entry,,検索表、別名・変種参照、または別種の番号付き解説へのOCR近似であり、独立した番号付き種解説ではない。
wildplants-vol1-coverage-0153,volume1_full_heading_reconciliation,1,日本の野生植物 1- ソテツ科～コミカンソウ科.pdf,bcdcd5ac593747d6d58321d4a696ec96fb963233541af2a4666c4a1fbd1d4fb1,2026-07-12,イブキカモジグサ,,,,,,,,,,,,,304,日本の野生植物 第1巻,153,原PDF画像照合 + 全見出し監査,exclude_not_numbered_species_entry,,検索表、別名・変種参照、または別種の番号付き解説へのOCR近似であり、独立した番号付き種解説ではない。
wildplants-vol1-coverage-0154,volume1_full_heading_reconciliation,1,日本の野生植物 1- ソテツ科～コミカンソウ科.pdf,bcdcd5ac593747d6d58321d4a696ec96fb963233541af2a4666c4a1fbd1d4fb1,2026-07-12,イブキトボシガラ,,,,,,,,,,,,,305,日本の野生植物 第1巻,153,原PDF画像照合 + 全見出し監査,exclude_not_numbered_species_entry,,検索表、別名・変種参照、または別種の番号付き解説へのOCR近似であり、独立した番号付き種解説ではない。
wildplants-vol1-coverage-0155,volume1_full_heading_reconciliation,1,日本の野生植物 1- ソテツ科～コミカンソウ科.pdf,bcdcd5ac593747d6d58321d4a696ec96fb963233541af2a4666c4a1fbd1d4fb1,2026-07-12,ハガワリトボシガラ,,,,,,,,,,,,,305,日本の野生植物 第1巻,153,原PDF画像照合 + 全見出し監査,exclude_not_numbered_species_entry,,検索表、別名・変種参照、または別種の番号付き解説へのOCR近似であり、独立した番号付き種解説ではない。
wildplants-vol1-coverage-0156,volume1_full_heading_reconciliation,1,日本の野生植物 1- ソテツ科～コミカンソウ科.pdf,bcdcd5ac593747d6d58321d4a696ec96fb963233541af2a4666c4a1fbd1d4fb1,2026-07-12,ミズタカモジグサ,,,,,,,,,,,,,304,日本の野生植物 第1巻,153,原PDF画像照合 + 全見出し監査,exclude_already_covered,,正名の客観プロフィールは既存データまたは先行監査で収録済み。
wildplants-vol1-coverage-0157,volume1_full_heading_reconciliation,1,日本の野生植物 1- ソテツ科～コミカンソウ科.pdf,bcdcd5ac593747d6d58321d4a696ec96fb963233541af2a4666c4a1fbd1d4fb1,2026-07-12,アズマガヤ,Hystrix duthiei subsp. longearistata,イネ科,POACEAE,アズマガヤ属,Hystrix,,,,北海道～九州、朝鮮半島に分布する。,山地の林内にややまれに生える。,,,307,日本の野生植物 第1巻,154,原PDF画像照合 + 全見出し監査,include,,原PDFの独立した番号付き種解説を画像照合し、客観的な形態・生育地・分布・花期のみを収録。主観的評価と採集・栽培上の助言は除外。
wildplants-vol1-coverage-0158,volume1_full_heading_reconciliation,1,日本の野生植物 1- ソテツ科～コミカンソウ科.pdf,bcdcd5ac593747d6d58321d4a696ec96fb963233541af2a4666c4a1fbd1d4fb1,2026-07-12,イワタケソウ,,,,,,,,,,,,,307,日本の野生植物 第1巻,154,原PDF画像照合 + 全見出し監査,exclude_not_numbered_species_entry,,検索表、別名・変種参照、または別種の番号付き解説へのOCR近似であり、独立した番号付き種解説ではない。
wildplants-vol1-coverage-0159,volume1_full_heading_reconciliation,1,日本の野生植物 1- ソテツ科～コミカンソウ科.pdf,bcdcd5ac593747d6d58321d4a696ec96fb963233541af2a4666c4a1fbd1d4fb1,2026-07-12,シラゲガヤ,Holcus lanatus,イネ科,POACEAE,シラゲガヤ属,Holcus,多年草,30～80 cm,,ヨーロッパ原産で栽培され、北海道～琉球で野生化し、北アメリカにも帰化している。,,ニセシラゲガヤ,ニセシラゲガヤはシラゲガヤに比べ、花序が細く、全体に毛が少ない。,307,日本の野生植物 第1巻,154,原PDF画像照合 + 全見出し監査,include,,原PDFの独立した番号付き種解説を画像照合し、客観的な形態・生育地・分布・花期のみを収録。主観的評価と採集・栽培上の助言は除外。
wildplants-vol1-coverage-0160,volume1_full_heading_reconciliation,1,日本の野生植物 1- ソテツ科～コミカンソウ科.pdf,bcdcd5ac593747d6d58321d4a696ec96fb963233541af2a4666c4a1fbd1d4fb1,2026-07-12,ヒメウキガヤ,,,,,,,,,,,,,306,日本の野生植物 第1巻,154,原PDF画像照合 + 全見出し監査,exclude_not_numbered_species_entry,,検索表、別名・変種参照、または別種の番号付き解説へのOCR近似であり、独立した番号付き種解説ではない。
wildplants-vol1-coverage-0161,volume1_full_heading_reconciliation,1,日本の野生植物 1- ソテツ科～コミカンソウ科.pdf,bcdcd5ac593747d6d58321d4a696ec96fb963233541af2a4666c4a1fbd1d4fb1,2026-07-12,イブキヌカボ,Milium effusum,イネ科,POACEAE,イブキヌカボ属,Milium,多年草,60～120 cm,6～7月,南千島・北海道～九州、北半球の温帯～亜寒帯に分布する。,山中の湿気の多い林内に生える。,,,309,日本の野生植物 第1巻,155,原PDF画像照合 + 全見出し監査,include,イプキヌカボ,原PDFの独立した番号付き種解説を画像照合し、客観的な形態・生育地・分布・花期のみを収録。主観的評価と採集・栽培上の助言は除外。
wildplants-vol1-coverage-0162,volume1_full_heading_reconciliation,1,日本の野生植物 1- ソテツ科～コミカンソウ科.pdf,bcdcd5ac593747d6d58321d4a696ec96fb963233541af2a4666c4a1fbd1d4fb1,2026-07-12,テンキグサ,Leymus mollis,イネ科,POACEAE,テンキグサ属,Leymus,多年草,50～100 cm,6～7月,南千島・北海道・本州・九州北部、シベリア東部・北アメリカに分布する。日本は自然分布域の南限。,海岸の砂質地に群生する。,,,308,日本の野生植物 第1巻,155,原PDF画像照合 + 全見出し監査,include,,原PDFの独立した番号付き種解説を画像照合し、客観的な形態・生育地・分布・花期のみを収録。主観的評価と採集・栽培上の助言は除外。
wildplants-vol1-coverage-0163,volume1_full_heading_reconciliation,1,日本の野生植物 1- ソテツ科～コミカンソウ科.pdf,bcdcd5ac593747d6d58321d4a696ec96fb963233541af2a4666c4a1fbd1d4fb1,2026-07-12,ノゲナシドクムギ,,,,,,,,,,,,,309,日本の野生植物 第1巻,155,原PDF画像照合 + 全見出し監査,exclude_not_numbered_species_entry,,検索表、別名・変種参照、または別種の番号付き解説へのOCR近似であり、独立した番号付き種解説ではない。
wildplants-vol1-coverage-0164,volume1_full_heading_reconciliation,1,日本の野生植物 1- ソテツ科～コミカンソウ科.pdf,bcdcd5ac593747d6d58321d4a696ec96fb963233541af2a4666c4a1fbd1d4fb1,2026-07-12,ザラバナソモソモ,,,,,,,,,,,,,311,日本の野生植物 第1巻,156,原PDF画像照合 + 全見出し監査,exclude_not_numbered_species_entry,,検索表、別名・変種参照、または別種の番号付き解説へのOCR近似であり、独立した番号付き種解説ではない。
wildplants-vol1-coverage-0165,volume1_full_heading_reconciliation,1,日本の野生植物 1- ソテツ科～コミカンソウ科.pdf,bcdcd5ac593747d6d58321d4a696ec96fb963233541af2a4666c4a1fbd1d4fb1,2026-07-12,ツクシスズメノカタビラ,Poa crassinervis,イネ科,POACEAE,イチゴツナギ属,Poa,,,,本州（近畿以西）・四国・九州に生える。,,,,312,日本の野生植物 第1巻,157,原PDF画像照合 + 全見出し監査,include,ツクシススメノカタビラ,原PDFの独立した番号付き種解説を画像照合し、客観的な形態・生育地・分布・花期のみを収録。主観的評価と採集・栽培上の助言は除外。
wildplants-vol1-coverage-0166,volume1_full_heading_reconciliation,1,日本の野生植物 1- ソテツ科～コミカンソウ科.pdf,bcdcd5ac593747d6d58321d4a696ec96fb963233541af2a4666c4a1fbd1d4fb1,2026-07-12,ヒメカナリークサヨシ,,,,,,,,,,,,,310,日本の野生植物 第1巻,156,原PDF画像照合 + 全見出し監査,exclude_not_numbered_species_entry,,検索表、別名・変種参照、または別種の番号付き解説へのOCR近似であり、独立した番号付き種解説ではない。
wildplants-vol1-coverage-0167,volume1_full_heading_reconciliation,1,日本の野生植物 1- ソテツ科～コミカンソウ科.pdf,bcdcd5ac593747d6d58321d4a696ec96fb963233541af2a4666c4a1fbd1d4fb1,2026-07-12,ワタゲソモソモ,,,,,,,,,,,,,311,日本の野生植物 第1巻,156,原PDF画像照合 + 全見出し監査,exclude_not_numbered_species_entry,,検索表、別名・変種参照、または別種の番号付き解説へのOCR近似であり、独立した番号付き種解説ではない。
wildplants-vol1-coverage-0168,volume1_full_heading_reconciliation,1,日本の野生植物 1- ソテツ科～コミカンソウ科.pdf,bcdcd5ac593747d6d58321d4a696ec96fb963233541af2a4666c4a1fbd1d4fb1,2026-07-12,オオスズメノカタビラ,Poa trivialis subsp. trivialis,イネ科,POACEAE,イチゴツナギ属,Poa,,,,ヨーロッパ・西アジア原産で、日本各地と北アメリカに帰化している。,,,,313,日本の野生植物 第1巻,157,原PDF画像照合 + 全見出し監査,include,,原PDFの独立した番号付き種解説を画像照合し、客観的な形態・生育地・分布・花期のみを収録。主観的評価と採集・栽培上の助言は除外。
wildplants-vol1-coverage-0169,volume1_full_heading_reconciliation,1,日本の野生植物 1- ソテツ科～コミカンソウ科.pdf,bcdcd5ac593747d6d58321d4a696ec96fb963233541af2a4666c4a1fbd1d4fb1,2026-07-12,オガタチイチゴツナギ,Poa ogamontana,イネ科,POACEAE,イチゴツナギ属,Poa,,,,,,ハクサンイチゴツナギ、ナンブソモソモ,オガタチイチゴツナギはハクサンイチゴツナギに似るが、葯は長さ1.4～1.8 mmと長い。根茎の長さはナンブソモソモに似るが、綿毛がある。,313,日本の野生植物 第1巻,157,原PDF画像照合 + 全見出し監査,include,,原PDFの独立した番号付き種解説を画像照合し、客観的な形態・生育地・分布・花期のみを収録。主観的評価と採集・栽培上の助言は除外。
wildplants-vol1-coverage-0170,volume1_full_heading_reconciliation,1,日本の野生植物 1- ソテツ科～コミカンソウ科.pdf,bcdcd5ac593747d6d58321d4a696ec96fb963233541af2a4666c4a1fbd1d4fb1,2026-07-12,コイチゴツナギ,Poa compressa,イネ科,POACEAE,イチゴツナギ属,Poa,,,,ヨーロッパ・シベリア原産で、北海道～九州と北アメリカに帰化している。,,,,312,日本の野生植物 第1巻,157,原PDF画像照合 + 全見出し監査,include,,原PDFの独立した番号付き種解説を画像照合し、客観的な形態・生育地・分布・花期のみを収録。主観的評価と採集・栽培上の助言は除外。
wildplants-vol1-coverage-0171,volume1_full_heading_reconciliation,1,日本の野生植物 1- ソテツ科～コミカンソウ科.pdf,bcdcd5ac593747d6d58321d4a696ec96fb963233541af2a4666c4a1fbd1d4fb1,2026-07-12,ムカゴツヅリ,,,,,,,,,,,,,312,日本の野生植物 第1巻,157,原PDF画像照合 + 全見出し監査,exclude_already_covered,,正名の客観プロフィールは既存データまたは先行監査で収録済み。
wildplants-vol1-coverage-0172,volume1_full_heading_reconciliation,1,日本の野生植物 1- ソテツ科～コミカンソウ科.pdf,bcdcd5ac593747d6d58321d4a696ec96fb963233541af2a4666c4a1fbd1d4fb1,2026-07-12,イヌナギナタガヤ,,,,,,,,,,,,,316,日本の野生植物 第1巻,159,原PDF画像照合 + 全見出し監査,exclude_not_numbered_species_entry,,検索表、別名・変種参照、または別種の番号付き解説へのOCR近似であり、独立した番号付き種解説ではない。
wildplants-vol1-coverage-0173,volume1_full_heading_reconciliation,1,日本の野生植物 1- ソテツ科～コミカンソウ科.pdf,bcdcd5ac593747d6d58321d4a696ec96fb963233541af2a4666c4a1fbd1d4fb1,2026-07-12,オオナギナタガヤ,,,,,,,,,,,,,316,日本の野生植物 第1巻,159,原PDF画像照合 + 全見出し監査,exclude_not_numbered_species_entry,,検索表、別名・変種参照、または別種の番号付き解説へのOCR近似であり、独立した番号付き種解説ではない。
wildplants-vol1-coverage-0174,volume1_full_heading_reconciliation,1,日本の野生植物 1- ソテツ科～コミカンソウ科.pdf,bcdcd5ac593747d6d58321d4a696ec96fb963233541af2a4666c4a1fbd1d4fb1,2026-07-12,オオマツバシバ,,,,,,,,,,,,,317,日本の野生植物 第1巻,159,原PDF画像照合 + 全見出し監査,exclude_already_covered,,正名の客観プロフィールは既存データまたは先行監査で収録済み。
wildplants-vol1-coverage-0175,volume1_full_heading_reconciliation,1,日本の野生植物 1- ソテツ科～コミカンソウ科.pdf,bcdcd5ac593747d6d58321d4a696ec96fb963233541af2a4666c4a1fbd1d4fb1,2026-07-12,キタダケカニツリ,,,,,,,,,,,,,316,日本の野生植物 第1巻,159,原PDF画像照合 + 全見出し監査,exclude_not_numbered_species_entry,,検索表、別名・変種参照、または別種の番号付き解説へのOCR近似であり、独立した番号付き種解説ではない。
wildplants-vol1-coverage-0176,volume1_full_heading_reconciliation,1,日本の野生植物 1- ソテツ科～コミカンソウ科.pdf,bcdcd5ac593747d6d58321d4a696ec96fb963233541af2a4666c4a1fbd1d4fb1,2026-07-12,ムラサキナギナタガヤ,,,,,,,,,,,,,316,日本の野生植物 第1巻,159,原PDF画像照合 + 全見出し監査,exclude_not_numbered_species_entry,,検索表、別名・変種参照、または別種の番号付き解説へのOCR近似であり、独立した番号付き種解説ではない。
wildplants-vol1-coverage-0177,volume1_full_heading_reconciliation,1,日本の野生植物 1- ソテツ科～コミカンソウ科.pdf,bcdcd5ac593747d6d58321d4a696ec96fb963233541af2a4666c4a1fbd1d4fb1,2026-07-12,アフリカヒゲシバ,,,,,,,,,,,,,318,日本の野生植物 第1巻,160,原PDF画像照合 + 全見出し監査,exclude_not_numbered_species_entry,,検索表、別名・変種参照、または別種の番号付き解説へのOCR近似であり、独立した番号付き種解説ではない。
wildplants-vol1-coverage-0178,volume1_full_heading_reconciliation,1,日本の野生植物 1- ソテツ科～コミカンソウ科.pdf,bcdcd5ac593747d6d58321d4a696ec96fb963233541af2a4666c4a1fbd1d4fb1,2026-07-12,イトススメガヤ,,,,,,,,,,,,,319,日本の野生植物 第1巻,160,原PDF画像照合 + 全見出し監査,exclude_not_numbered_species_entry,,検索表、別名・変種参照、または別種の番号付き解説へのOCR近似であり、独立した番号付き種解説ではない。
wildplants-vol1-coverage-0179,volume1_full_heading_reconciliation,1,日本の野生植物 1- ソテツ科～コミカンソウ科.pdf,bcdcd5ac593747d6d58321d4a696ec96fb963233541af2a4666c4a1fbd1d4fb1,2026-07-12,オヒゲシバ,,,,,,,,,,,,,318,日本の野生植物 第1巻,160,原PDF画像照合 + 全見出し監査,exclude_already_covered,,正名の客観プロフィールは既存データまたは先行監査で収録済み。
wildplants-vol1-coverage-0180,volume1_full_heading_reconciliation,1,日本の野生植物 1- ソテツ科～コミカンソウ科.pdf,bcdcd5ac593747d6d58321d4a696ec96fb963233541af2a4666c4a1fbd1d4fb1,2026-07-12,カセンガヤ,,,,,,,,,,,,,318,日本の野生植物 第1巻,160,原PDF画像照合 + 全見出し監査,exclude_not_numbered_species_entry,,検索表、別名・変種参照、または別種の番号付き解説へのOCR近似であり、独立した番号付き種解説ではない。
wildplants-vol1-coverage-0181,volume1_full_heading_reconciliation,1,日本の野生植物 1- ソテツ科～コミカンソウ科.pdf,bcdcd5ac593747d6d58321d4a696ec96fb963233541af2a4666c4a1fbd1d4fb1,2026-07-12,シマヒゲシバ,,,,,,,,,,,,,318,日本の野生植物 第1巻,160,原PDF画像照合 + 全見出し監査,exclude_not_numbered_species_entry,,検索表、別名・変種参照、または別種の番号付き解説へのOCR近似であり、独立した番号付き種解説ではない。
wildplants-vol1-coverage-0182,volume1_full_heading_reconciliation,1,日本の野生植物 1- ソテツ科～コミカンソウ科.pdf,bcdcd5ac593747d6d58321d4a696ec96fb963233541af2a4666c4a1fbd1d4fb1,2026-07-12,ムラサキオヒゲシバ,,,,,,,,,,,,,318,日本の野生植物 第1巻,160,原PDF画像照合 + 全見出し監査,exclude_not_numbered_species_entry,,検索表、別名・変種参照、または別種の番号付き解説へのOCR近似であり、独立した番号付き種解説ではない。
wildplants-vol1-coverage-0183,volume1_full_heading_reconciliation,1,日本の野生植物 1- ソテツ科～コミカンソウ科.pdf,bcdcd5ac593747d6d58321d4a696ec96fb963233541af2a4666c4a1fbd1d4fb1,2026-07-12,イトアゼガヤ,,,,,,,,,,,,,320,日本の野生植物 第1巻,161,原PDF画像照合 + 全見出し監査,exclude_not_numbered_species_entry,,検索表、別名・変種参照、または別種の番号付き解説へのOCR近似であり、独立した番号付き種解説ではない。
wildplants-vol1-coverage-0184,volume1_full_heading_reconciliation,1,日本の野生植物 1- ソテツ科～コミカンソウ科.pdf,bcdcd5ac593747d6d58321d4a696ec96fb963233541af2a4666c4a1fbd1d4fb1,2026-07-12,オオネズミガヤ,,,,,,,,,,,,,321,日本の野生植物 第1巻,161,原PDF画像照合 + 全見出し監査,exclude_not_numbered_species_entry,,検索表、別名・変種参照、または別種の番号付き解説へのOCR近似であり、独立した番号付き種解説ではない。
wildplants-vol1-coverage-0185,volume1_full_heading_reconciliation,1,日本の野生植物 1- ソテツ科～コミカンソウ科.pdf,bcdcd5ac593747d6d58321d4a696ec96fb963233541af2a4666c4a1fbd1d4fb1,2026-07-12,コシノネズミガヤ,,,,,,,,,,,,,321,日本の野生植物 第1巻,161,原PDF画像照合 + 全見出し監査,exclude_not_numbered_species_entry,,検索表、別名・変種参照、または別種の番号付き解説へのOCR近似であり、独立した番号付き種解説ではない。
wildplants-vol1-coverage-0186,volume1_full_heading_reconciliation,1,日本の野生植物 1- ソテツ科～コミカンソウ科.pdf,bcdcd5ac593747d6d58321d4a696ec96fb963233541af2a4666c4a1fbd1d4fb1,2026-07-12,コスズメガヤ,,,,,,,,,,,,,320,日本の野生植物 第1巻,161,原PDF画像照合 + 全見出し監査,exclude_already_covered,,正名の客観プロフィールは既存データまたは先行監査で収録済み。
wildplants-vol1-coverage-0187,volume1_full_heading_reconciliation,1,日本の野生植物 1- ソテツ科～コミカンソウ科.pdf,bcdcd5ac593747d6d58321d4a696ec96fb963233541af2a4666c4a1fbd1d4fb1,2026-07-12,シナダレスズメガヤ,,,,,,,,,,,,,320,日本の野生植物 第1巻,161,原PDF画像照合 + 全見出し監査,exclude_not_numbered_species_entry,,検索表、別名・変種参照、または別種の番号付き解説へのOCR近似であり、独立した番号付き種解説ではない。
wildplants-vol1-coverage-0188,volume1_full_heading_reconciliation,1,日本の野生植物 1- ソテツ科～コミカンソウ科.pdf,bcdcd5ac593747d6d58321d4a696ec96fb963233541af2a4666c4a1fbd1d4fb1,2026-07-12,ミヤマネズミガヤ,,,,,,,,,,,,,321,日本の野生植物 第1巻,161,原PDF画像照合 + 全見出し監査,exclude_not_numbered_species_entry,,検索表、別名・変種参照、または別種の番号付き解説へのOCR近似であり、独立した番号付き種解説ではない。
wildplants-vol1-coverage-0189,volume1_full_heading_reconciliation,1,日本の野生植物 1- ソテツ科～コミカンソウ科.pdf,bcdcd5ac593747d6d58321d4a696ec96fb963233541af2a4666c4a1fbd1d4fb1,2026-07-12,コウライシパ,,,,,,,,,,,,,323,日本の野生植物 第1巻,162,原PDF画像照合 + 全見出し監査,exclude_not_numbered_species_entry,,検索表、別名・変種参照、または別種の番号付き解説へのOCR近似であり、独立した番号付き種解説ではない。
wildplants-vol1-coverage-0190,volume1_full_heading_reconciliation,1,日本の野生植物 1- ソテツ科～コミカンソウ科.pdf,bcdcd5ac593747d6d58321d4a696ec96fb963233541af2a4666c4a1fbd1d4fb1,2026-07-12,シバ,,,,,,,,,,,,,323,日本の野生植物 第1巻,162,原PDF画像照合 + 全見出し監査,exclude_already_covered,,正名の客観プロフィールは既存データまたは先行監査で収録済み。
wildplants-vol1-coverage-0191,volume1_full_heading_reconciliation,1,日本の野生植物 1- ソテツ科～コミカンソウ科.pdf,bcdcd5ac593747d6d58321d4a696ec96fb963233541af2a4666c4a1fbd1d4fb1,2026-07-12,ソナレシバ,,,,,,,,,,,,,322,日本の野生植物 第1巻,162,原PDF画像照合 + 全見出し監査,exclude_not_numbered_species_entry,,検索表、別名・変種参照、または別種の番号付き解説へのOCR近似であり、独立した番号付き種解説ではない。
wildplants-vol1-coverage-0192,volume1_full_heading_reconciliation,1,日本の野生植物 1- ソテツ科～コミカンソウ科.pdf,bcdcd5ac593747d6d58321d4a696ec96fb963233541af2a4666c4a1fbd1d4fb1,2026-07-12,ナガミノオニシバ,,,,,,,,,,,,,323,日本の野生植物 第1巻,162,原PDF画像照合 + 全見出し監査,exclude_not_numbered_species_entry,,検索表、別名・変種参照、または別種の番号付き解説へのOCR近似であり、独立した番号付き種解説ではない。
wildplants-vol1-coverage-0193,volume1_full_heading_reconciliation,1,日本の野生植物 1- ソテツ科～コミカンソウ科.pdf,bcdcd5ac593747d6d58321d4a696ec96fb963233541af2a4666c4a1fbd1d4fb1,2026-07-12,ヒメネズミノオ,,,,,,,,,,,,,322,日本の野生植物 第1巻,162,原PDF画像照合 + 全見出し監査,exclude_not_numbered_species_entry,,検索表、別名・変種参照、または別種の番号付き解説へのOCR近似であり、独立した番号付き種解説ではない。
wildplants-vol1-coverage-0194,volume1_full_heading_reconciliation,1,日本の野生植物 1- ソテツ科～コミカンソウ科.pdf,bcdcd5ac593747d6d58321d4a696ec96fb963233541af2a4666c4a1fbd1d4fb1,2026-07-12,ムラサキネズミノオ,,,,,,,,,,,,,322,日本の野生植物 第1巻,162,原PDF画像照合 + 全見出し監査,exclude_not_numbered_species_entry,,検索表、別名・変種参照、または別種の番号付き解説へのOCR近似であり、独立した番号付き種解説ではない。
wildplants-vol1-coverage-0195,volume1_full_heading_reconciliation,1,日本の野生植物 1- ソテツ科～コミカンソウ科.pdf,bcdcd5ac593747d6d58321d4a696ec96fb963233541af2a4666c4a1fbd1d4fb1,2026-07-12,ケナシハイチゴザサ,,,,,,,,,,,,,326,日本の野生植物 第1巻,164,原PDF画像照合 + 全見出し監査,exclude_not_numbered_species_entry,,検索表、別名・変種参照、または別種の番号付き解説へのOCR近似であり、独立した番号付き種解説ではない。
wildplants-vol1-coverage-0196,volume1_full_heading_reconciliation,1,日本の野生植物 1- ソテツ科～コミカンソウ科.pdf,bcdcd5ac593747d6d58321d4a696ec96fb963233541af2a4666c4a1fbd1d4fb1,2026-07-12,トダシバ,Arundinella hirta,イネ科,POACEAE,トダシバ属,Arundinella,,30～120 cm,8～10月,北海道～九州、朝鮮半島・中国・ウスリーに分布する。,平地～山地の日当たりのよい場所に多い。,,,327,日本の野生植物 第1巻,164,原PDF画像照合 + 全見出し監査,include,,原PDFの独立した番号付き種解説を画像照合し、客観的な形態・生育地・分布・花期のみを収録。主観的評価と採集・栽培上の助言は除外。
wildplants-vol1-coverage-0197,volume1_full_heading_reconciliation,1,日本の野生植物 1- ソテツ科～コミカンソウ科.pdf,bcdcd5ac593747d6d58321d4a696ec96fb963233541af2a4666c4a1fbd1d4fb1,2026-07-12,カモノハシガヤ,,,,,,,,,,,,,328,日本の野生植物 第1巻,165,原PDF画像照合 + 全見出し監査,exclude_not_numbered_species_entry,,検索表、別名・変種参照、または別種の番号付き解説へのOCR近似であり、独立した番号付き種解説ではない。
wildplants-vol1-coverage-0198,volume1_full_heading_reconciliation,1,日本の野生植物 1- ソテツ科～コミカンソウ科.pdf,bcdcd5ac593747d6d58321d4a696ec96fb963233541af2a4666c4a1fbd1d4fb1,2026-07-12,ホソバツルメヒシパ,,,,,,,,,,,,,328,日本の野生植物 第1巻,165,原PDF画像照合 + 全見出し監査,exclude_not_numbered_species_entry,,検索表、別名・変種参照、または別種の番号付き解説へのOCR近似であり、独立した番号付き種解説ではない。
wildplants-vol1-coverage-0199,volume1_full_heading_reconciliation,1,日本の野生植物 1- ソテツ科～コミカンソウ科.pdf,bcdcd5ac593747d6d58321d4a696ec96fb963233541af2a4666c4a1fbd1d4fb1,2026-07-12,コメヒシバ,,,,,,,,,,,,,331,日本の野生植物 第1巻,166,原PDF画像照合 + 全見出し監査,exclude_already_covered,,正名の客観プロフィールは既存データまたは先行監査で収録済み。
wildplants-vol1-coverage-0200,volume1_full_heading_reconciliation,1,日本の野生植物 1- ソテツ科～コミカンソウ科.pdf,bcdcd5ac593747d6d58321d4a696ec96fb963233541af2a4666c4a1fbd1d4fb1,2026-07-12,ヒトタバメヒシバ,,,,,,,,,,,,,331,日本の野生植物 第1巻,166,原PDF画像照合 + 全見出し監査,exclude_not_numbered_species_entry,,検索表、別名・変種参照、または別種の番号付き解説へのOCR近似であり、独立した番号付き種解説ではない。
wildplants-vol1-coverage-0201,volume1_full_heading_reconciliation,1,日本の野生植物 1- ソテツ科～コミカンソウ科.pdf,bcdcd5ac593747d6d58321d4a696ec96fb963233541af2a4666c4a1fbd1d4fb1,2026-07-12,ヒメオニササガヤ,,,,,,,,,,,,,331,日本の野生植物 第1巻,166,原PDF画像照合 + 全見出し監査,exclude_not_numbered_species_entry,,検索表、別名・変種参照、または別種の番号付き解説へのOCR近似であり、独立した番号付き種解説ではない。
wildplants-vol1-coverage-0202,volume1_full_heading_reconciliation,1,日本の野生植物 1- ソテツ科～コミカンソウ科.pdf,bcdcd5ac593747d6d58321d4a696ec96fb963233541af2a4666c4a1fbd1d4fb1,2026-07-12,ビロードメヒシバ,,,,,,,,,,,,,331,日本の野生植物 第1巻,166,原PDF画像照合 + 全見出し監査,exclude_not_numbered_species_entry,,検索表、別名・変種参照、または別種の番号付き解説へのOCR近似であり、独立した番号付き種解説ではない。
wildplants-vol1-coverage-0203,volume1_full_heading_reconciliation,1,日本の野生植物 1- ソテツ科～コミカンソウ科.pdf,bcdcd5ac593747d6d58321d4a696ec96fb963233541af2a4666c4a1fbd1d4fb1,2026-07-12,ヘンリーメヒシバ,,,,,,,,,,,,,331,日本の野生植物 第1巻,166,原PDF画像照合 + 全見出し監査,exclude_not_numbered_species_entry,,検索表、別名・変種参照、または別種の番号付き解説へのOCR近似であり、独立した番号付き種解説ではない。
wildplants-vol1-coverage-0204,volume1_full_heading_reconciliation,1,日本の野生植物 1- ソテツ科～コミカンソウ科.pdf,bcdcd5ac593747d6d58321d4a696ec96fb963233541af2a4666c4a1fbd1d4fb1,2026-07-12,アブラススキ,Eccoilopus cotulifer var. cotulifer,イネ科,POACEAE,アブラススキ属,Eccoilopus,多年草,約1 m,9～10月,日本全土、朝鮮半島・中国・インドに分布する。,丘陵地に生える。,,,332,日本の野生植物 第1巻,167,原PDF画像照合 + 全見出し監査,include,アプラススキ,原PDFの独立した番号付き種解説を画像照合し、客観的な形態・生育地・分布・花期のみを収録。主観的評価と採集・栽培上の助言は除外。
wildplants-vol1-coverage-0205,volume1_full_heading_reconciliation,1,日本の野生植物 1- ソテツ科～コミカンソウ科.pdf,bcdcd5ac593747d6d58321d4a696ec96fb963233541af2a4666c4a1fbd1d4fb1,2026-07-12,イタビエ,,,,,,,,,,,,,333,日本の野生植物 第1巻,167,原PDF画像照合 + 全見出し監査,exclude_not_numbered_species_entry,,検索表、別名・変種参照、または別種の番号付き解説へのOCR近似であり、独立した番号付き種解説ではない。
wildplants-vol1-coverage-0206,volume1_full_heading_reconciliation,1,日本の野生植物 1- ソテツ科～コミカンソウ科.pdf,bcdcd5ac593747d6d58321d4a696ec96fb963233541af2a4666c4a1fbd1d4fb1,2026-07-12,イヌビエ,Echinochloa crus-galli var. crus-galli,イネ科,POACEAE,ヒエ属,Echinochloa,一年草,約1 m,8～10月,本州～琉球・小笠原、世界の熱帯～暖帯に広く分布する。,湿地に多い。,ヒエ,ヒエはイヌビエに似るが、小穂がより密につく。,333,日本の野生植物 第1巻,167,原PDF画像照合 + 全見出し監査,include,イスビエ,原PDFの独立した番号付き種解説を画像照合し、客観的な形態・生育地・分布・花期のみを収録。主観的評価と採集・栽培上の助言は除外。
wildplants-vol1-coverage-0207,volume1_full_heading_reconciliation,1,日本の野生植物 1- ソテツ科～コミカンソウ科.pdf,bcdcd5ac593747d6d58321d4a696ec96fb963233541af2a4666c4a1fbd1d4fb1,2026-07-12,ムラサキノキビ,,,,,,,,,,,,,333,日本の野生植物 第1巻,167,原PDF画像照合 + 全見出し監査,exclude_not_numbered_species_entry,,検索表、別名・変種参照、または別種の番号付き解説へのOCR近似であり、独立した番号付き種解説ではない。
wildplants-vol1-coverage-0208,volume1_full_heading_reconciliation,1,日本の野生植物 1- ソテツ科～コミカンソウ科.pdf,bcdcd5ac593747d6d58321d4a696ec96fb963233541af2a4666c4a1fbd1d4fb1,2026-07-12,ウンヌケモドキ,,,,,,,,,,,,,334,日本の野生植物 第1巻,168,原PDF画像照合 + 全見出し監査,exclude_not_numbered_species_entry,,検索表、別名・変種参照、または別種の番号付き解説へのOCR近似であり、独立した番号付き種解説ではない。
wildplants-vol1-coverage-0209,volume1_full_heading_reconciliation,1,日本の野生植物 1- ソテツ科～コミカンソウ科.pdf,bcdcd5ac593747d6d58321d4a696ec96fb963233541af2a4666c4a1fbd1d4fb1,2026-07-12,コバノウシノシッペイ,,,,,,,,,,,,,334,日本の野生植物 第1巻,168,原PDF画像照合 + 全見出し監査,exclude_not_numbered_species_entry,,検索表、別名・変種参照、または別種の番号付き解説へのOCR近似であり、独立した番号付き種解説ではない。
wildplants-vol1-coverage-0210,volume1_full_heading_reconciliation,1,日本の野生植物 1- ソテツ科～コミカンソウ科.pdf,bcdcd5ac593747d6d58321d4a696ec96fb963233541af2a4666c4a1fbd1d4fb1,2026-07-12,タイワンアイアシ,,,,,,,,,,,,,335,日本の野生植物 第1巻,168,原PDF画像照合 + 全見出し監査,exclude_not_numbered_species_entry,,検索表、別名・変種参照、または別種の番号付き解説へのOCR近似であり、独立した番号付き種解説ではない。
wildplants-vol1-coverage-0211,volume1_full_heading_reconciliation,1,日本の野生植物 1- ソテツ科～コミカンソウ科.pdf,bcdcd5ac593747d6d58321d4a696ec96fb963233541af2a4666c4a1fbd1d4fb1,2026-07-12,コハナカモノハシ,,,,,,,,,,,,,336,日本の野生植物 第1巻,169,原PDF画像照合 + 全見出し監査,exclude_not_numbered_species_entry,,検索表、別名・変種参照、または別種の番号付き解説へのOCR近似であり、独立した番号付き種解説ではない。
wildplants-vol1-coverage-0212,volume1_full_heading_reconciliation,1,日本の野生植物 1- ソテツ科～コミカンソウ科.pdf,bcdcd5ac593747d6d58321d4a696ec96fb963233541af2a4666c4a1fbd1d4fb1,2026-07-12,タイワンカモノハシ,,,,,,,,,,,,,336,日本の野生植物 第1巻,169,原PDF画像照合 + 全見出し監査,exclude_not_numbered_species_entry,,検索表、別名・変種参照、または別種の番号付き解説へのOCR近似であり、独立した番号付き種解説ではない。
wildplants-vol1-coverage-0213,volume1_full_heading_reconciliation,1,日本の野生植物 1- ソテツ科～コミカンソウ科.pdf,bcdcd5ac593747d6d58321d4a696ec96fb963233541af2a4666c4a1fbd1d4fb1,2026-07-12,ヒメアシボソ,,,,,,,,,,,,,337,日本の野生植物 第1巻,169,原PDF画像照合 + 全見出し監査,exclude_not_numbered_species_entry,,検索表、別名・変種参照、または別種の番号付き解説へのOCR近似であり、独立した番号付き種解説ではない。
wildplants-vol1-coverage-0214,volume1_full_heading_reconciliation,1,日本の野生植物 1- ソテツ科～コミカンソウ科.pdf,bcdcd5ac593747d6d58321d4a696ec96fb963233541af2a4666c4a1fbd1d4fb1,2026-07-12,ヤエヤマカモノハシ,,,,,,,,,,,,,336,日本の野生植物 第1巻,169,原PDF画像照合 + 全見出し監査,exclude_not_numbered_species_entry,,検索表、別名・変種参照、または別種の番号付き解説へのOCR近似であり、独立した番号付き種解説ではない。
wildplants-vol1-coverage-0215,volume1_full_heading_reconciliation,1,日本の野生植物 1- ソテツ科～コミカンソウ科.pdf,bcdcd5ac593747d6d58321d4a696ec96fb963233541af2a4666c4a1fbd1d4fb1,2026-07-12,アラゲチヂミザサ,,,,,,,,,,,,,339,日本の野生植物 第1巻,170,原PDF画像照合 + 全見出し監査,exclude_not_numbered_species_entry,,検索表、別名・変種参照、または別種の番号付き解説へのOCR近似であり、独立した番号付き種解説ではない。
wildplants-vol1-coverage-0216,volume1_full_heading_reconciliation,1,日本の野生植物 1- ソテツ科～コミカンソウ科.pdf,bcdcd5ac593747d6d58321d4a696ec96fb963233541af2a4666c4a1fbd1d4fb1,2026-07-12,イトススキ,,,,,,,,,,,,,338,日本の野生植物 第1巻,170,原PDF画像照合 + 全見出し監査,exclude_not_numbered_species_entry,,検索表、別名・変種参照、または別種の番号付き解説へのOCR近似であり、独立した番号付き種解説ではない。
wildplants-vol1-coverage-0217,volume1_full_heading_reconciliation,1,日本の野生植物 1- ソテツ科～コミカンソウ科.pdf,bcdcd5ac593747d6d58321d4a696ec96fb963233541af2a4666c4a1fbd1d4fb1,2026-07-12,エダウチチヂミザサ,,,,,,,,,,,,,339,日本の野生植物 第1巻,170,原PDF画像照合 + 全見出し監査,exclude_already_covered,,正名の客観プロフィールは既存データまたは先行監査で収録済み。
wildplants-vol1-coverage-0218,volume1_full_heading_reconciliation,1,日本の野生植物 1- ソテツ科～コミカンソウ科.pdf,bcdcd5ac593747d6d58321d4a696ec96fb963233541af2a4666c4a1fbd1d4fb1,2026-07-12,オオバチヂミザサ,,,,,,,,,,,,,338,日本の野生植物 第1巻,170,原PDF画像照合 + 全見出し監査,exclude_not_numbered_species_entry,,検索表、別名・変種参照、または別種の番号付き解説へのOCR近似であり、独立した番号付き種解説ではない。
wildplants-vol1-coverage-0219,volume1_full_heading_reconciliation,1,日本の野生植物 1- ソテツ科～コミカンソウ科.pdf,bcdcd5ac593747d6d58321d4a696ec96fb963233541af2a4666c4a1fbd1d4fb1,2026-07-12,オオヒゲナガカリヤスモドキ,,,,,,,,,,,,,338,日本の野生植物 第1巻,170,原PDF画像照合 + 全見出し監査,exclude_not_numbered_species_entry,,検索表、別名・変種参照、または別種の番号付き解説へのOCR近似であり、独立した番号付き種解説ではない。
wildplants-vol1-coverage-0220,volume1_full_heading_reconciliation,1,日本の野生植物 1- ソテツ科～コミカンソウ科.pdf,bcdcd5ac593747d6d58321d4a696ec96fb963233541af2a4666c4a1fbd1d4fb1,2026-07-12,チャボチヂミザサ,,,,,,,,,,,,,339,日本の野生植物 第1巻,170,原PDF画像照合 + 全見出し監査,exclude_not_numbered_species_entry,,検索表、別名・変種参照、または別種の番号付き解説へのOCR近似であり、独立した番号付き種解説ではない。
wildplants-vol1-coverage-0221,volume1_full_heading_reconciliation,1,日本の野生植物 1- ソテツ科～コミカンソウ科.pdf,bcdcd5ac593747d6d58321d4a696ec96fb963233541af2a4666c4a1fbd1d4fb1,2026-07-12,ニコゲヌカキビ,,,,,,,,,,,,,339,日本の野生植物 第1巻,170,原PDF画像照合 + 全見出し監査,exclude_not_numbered_species_entry,,検索表、別名・変種参照、または別種の番号付き解説へのOCR近似であり、独立した番号付き種解説ではない。
wildplants-vol1-coverage-0222,volume1_full_heading_reconciliation,1,日本の野生植物 1- ソテツ科～コミカンソウ科.pdf,bcdcd5ac593747d6d58321d4a696ec96fb963233541af2a4666c4a1fbd1d4fb1,2026-07-12,ハチジョウススキ,,,,,,,,,,,,,338,日本の野生植物 第1巻,170,原PDF画像照合 + 全見出し監査,exclude_not_numbered_species_entry,,検索表、別名・変種参照、または別種の番号付き解説へのOCR近似であり、独立した番号付き種解説ではない。
wildplants-vol1-coverage-0223,volume1_full_heading_reconciliation,1,日本の野生植物 1- ソテツ科～コミカンソウ科.pdf,bcdcd5ac593747d6d58321d4a696ec96fb963233541af2a4666c4a1fbd1d4fb1,2026-07-12,ムニンススキ,,,,,,,,,,,,,338,日本の野生植物 第1巻,170,原PDF画像照合 + 全見出し監査,exclude_not_numbered_species_entry,,検索表、別名・変種参照、または別種の番号付き解説へのOCR近似であり、独立した番号付き種解説ではない。
wildplants-vol1-coverage-0224,volume1_full_heading_reconciliation,1,日本の野生植物 1- ソテツ科～コミカンソウ科.pdf,bcdcd5ac593747d6d58321d4a696ec96fb963233541af2a4666c4a1fbd1d4fb1,2026-07-12,アメリカスズメノヒエ,,,,,,,,,,,,,341,日本の野生植物 第1巻,171,原PDF画像照合 + 全見出し監査,exclude_not_numbered_species_entry,,検索表、別名・変種参照、または別種の番号付き解説へのOCR近似であり、独立した番号付き種解説ではない。
wildplants-vol1-coverage-0225,volume1_full_heading_reconciliation,1,日本の野生植物 1- ソテツ科～コミカンソウ科.pdf,bcdcd5ac593747d6d58321d4a696ec96fb963233541af2a4666c4a1fbd1d4fb1,2026-07-12,サワスズメノヒエ,,,,,,,,,,,,,340,日本の野生植物 第1巻,171,原PDF画像照合 + 全見出し監査,exclude_not_numbered_species_entry,,検索表、別名・変種参照、または別種の番号付き解説へのOCR近似であり、独立した番号付き種解説ではない。
wildplants-vol1-coverage-0226,volume1_full_heading_reconciliation,1,日本の野生植物 1- ソテツ科～コミカンソウ科.pdf,bcdcd5ac593747d6d58321d4a696ec96fb963233541af2a4666c4a1fbd1d4fb1,2026-07-12,タチスズメノヒエ,,,,,,,,,,,,,341,日本の野生植物 第1巻,171,原PDF画像照合 + 全見出し監査,exclude_not_numbered_species_entry,,検索表、別名・変種参照、または別種の番号付き解説へのOCR近似であり、独立した番号付き種解説ではない。
wildplants-vol1-coverage-0227,volume1_full_heading_reconciliation,1,日本の野生植物 1- ソテツ科～コミカンソウ科.pdf,bcdcd5ac593747d6d58321d4a696ec96fb963233541af2a4666c4a1fbd1d4fb1,2026-07-12,チクゴスズメノヒエ,,,,,,,,,,,,,340,日本の野生植物 第1巻,171,原PDF画像照合 + 全見出し監査,exclude_not_numbered_species_entry,,検索表、別名・変種参照、または別種の番号付き解説へのOCR近似であり、独立した番号付き種解説ではない。
wildplants-vol1-coverage-0228,volume1_full_heading_reconciliation,1,日本の野生植物 1- ソテツ科～コミカンソウ科.pdf,bcdcd5ac593747d6d58321d4a696ec96fb963233541af2a4666c4a1fbd1d4fb1,2026-07-12,ナガバスズメノヒエ,,,,,,,,,,,,,341,日本の野生植物 第1巻,171,原PDF画像照合 + 全見出し監査,exclude_not_numbered_species_entry,,検索表、別名・変種参照、または別種の番号付き解説へのOCR近似であり、独立した番号付き種解説ではない。
wildplants-vol1-coverage-0229,volume1_full_heading_reconciliation,1,日本の野生植物 1- ソテツ科～コミカンソウ科.pdf,bcdcd5ac593747d6d58321d4a696ec96fb963233541af2a4666c4a1fbd1d4fb1,2026-07-12,ウキシバ,,,,,,,,,,,,,342,日本の野生植物 第1巻,172,原PDF画像照合 + 全見出し監査,exclude_already_covered,,正名の客観プロフィールは既存データまたは先行監査で収録済み。
wildplants-vol1-coverage-0230,volume1_full_heading_reconciliation,1,日本の野生植物 1- ソテツ科～コミカンソウ科.pdf,bcdcd5ac593747d6d58321d4a696ec96fb963233541af2a4666c4a1fbd1d4fb1,2026-07-12,ササキビ,,,,,,,,,,,,,344,日本の野生植物 第1巻,173,原PDF画像照合 + 全見出し監査,exclude_not_numbered_species_entry,,検索表、別名・変種参照、または別種の番号付き解説へのOCR近似であり、独立した番号付き種解説ではない。
wildplants-vol1-coverage-0231,volume1_full_heading_reconciliation,1,日本の野生植物 1- ソテツ科～コミカンソウ科.pdf,bcdcd5ac593747d6d58321d4a696ec96fb963233541af2a4666c4a1fbd1d4fb1,2026-07-12,ツキイゲ,Spinifex littoreus,イネ科,POACEAE,ツキイゲ属,Spinifex,多年草,30～50 cm,7～8月,屋久島・種子島～琉球、中国南部・台湾からインドネシア・インド,海岸,,,345,日本の野生植物 第1巻,173,原PDF画像目視確認＋macOS Vision OCR補助＋手動要約,include,ツキイグ,原PDFの番号付き種解説と本文境界を確認。客観的プロフィールと具体的な識別形質だけを抽出し、主観・利用記述・不確かな記述は除外。
wildplants-vol1-coverage-0232,volume1_full_heading_reconciliation,1,日本の野生植物 1- ソテツ科～コミカンソウ科.pdf,bcdcd5ac593747d6d58321d4a696ec96fb963233541af2a4666c4a1fbd1d4fb1,2026-07-12,フシネキンエノコロ,,,,,,,,,,,,,344,日本の野生植物 第1巻,173,原PDF画像照合 + 全見出し監査,exclude_not_numbered_species_entry,,検索表、別名・変種参照、または別種の番号付き解説へのOCR近似であり、独立した番号付き種解説ではない。
wildplants-vol1-coverage-0233,volume1_full_heading_reconciliation,1,日本の野生植物 1- ソテツ科～コミカンソウ科.pdf,bcdcd5ac593747d6d58321d4a696ec96fb963233541af2a4666c4a1fbd1d4fb1,2026-07-12,ニクキビ,,,,,,,,,,,,,347,日本の野生植物 第1巻,174,原PDF画像照合 + 全見出し監査,exclude_not_numbered_species_entry,,検索表、別名・変種参照、または別種の番号付き解説へのOCR近似であり、独立した番号付き種解説ではない。
wildplants-vol1-coverage-0234,volume1_full_heading_reconciliation,1,日本の野生植物 1- ソテツ科～コミカンソウ科.pdf,bcdcd5ac593747d6d58321d4a696ec96fb963233541af2a4666c4a1fbd1d4fb1,2026-07-12,ヒメスズメノヒエ,,,,,,,,,,,,,346,日本の野生植物 第1巻,174,原PDF画像照合 + 全見出し監査,exclude_not_numbered_species_entry,,検索表、別名・変種参照、または別種の番号付き解説へのOCR近似であり、独立した番号付き種解説ではない。
wildplants-vol1-coverage-0235,volume1_full_heading_reconciliation,1,日本の野生植物 1- ソテツ科～コミカンソウ科.pdf,bcdcd5ac593747d6d58321d4a696ec96fb963233541af2a4666c4a1fbd1d4fb1,2026-07-12,メリケンニクキビ,,,,,,,,,,,,,347,日本の野生植物 第1巻,174,原PDF画像照合 + 全見出し監査,exclude_not_numbered_species_entry,,検索表、別名・変種参照、または別種の番号付き解説へのOCR近似であり、独立した番号付き種解説ではない。
wildplants-vol1-coverage-0236,volume1_full_heading_reconciliation,1,日本の野生植物 1- ソテツ科～コミカンソウ科.pdf,bcdcd5ac593747d6d58321d4a696ec96fb963233541af2a4666c4a1fbd1d4fb1,2026-07-12,ヤマブキソウ,Hylomecon japonica,ケシ科,PAPAVERACEAE,ヤマブキソウ属,Hylomecon,多年草,30～50 cm,4～6月,本州～九州、中国・朝鮮半島・シベリア東部,湿潤で肥沃な落葉樹林内,,,352,日本の野生植物 第1巻,177,原PDF画像目視確認＋macOS Vision OCR補助＋手動要約,include,ヤマプキソウ,原PDFの番号付き種解説と本文境界を確認。客観的プロフィールと具体的な識別形質だけを抽出し、主観・利用記述・不確かな記述は除外。
wildplants-vol1-coverage-0237,volume1_full_heading_reconciliation,1,日本の野生植物 1- ソテツ科～コミカンソウ科.pdf,bcdcd5ac593747d6d58321d4a696ec96fb963233541af2a4666c4a1fbd1d4fb1,2026-07-12,ミツバアケビ,Akebia trifoliata subsp. trifoliata,アケビ科,LARDIZABALACEAE,アケビ属,Akebia,落葉性のつる性木本,,,北海道・本州・四国・九州、中国の暖帯～温帯,,,,354,日本の野生植物 第1巻,178,原PDF画像目視確認＋macOS Vision OCR補助＋手動要約,include,ミツパアケビ,原PDFの番号付き種解説と本文境界を確認。客観的プロフィールと具体的な識別形質だけを抽出し、主観・利用記述・不確かな記述は除外。
wildplants-vol1-coverage-0238,volume1_full_heading_reconciliation,1,日本の野生植物 1- ソテツ科～コミカンソウ科.pdf,bcdcd5ac593747d6d58321d4a696ec96fb963233541af2a4666c4a1fbd1d4fb1,2026-07-12,ハスノハカズラ,Stephania japonica,ツヅラフジ科,MENISPERMACEAE,ハスノハカズラ属,Stephania,常緑のつる性木本,,,本州（神奈川県以西）・四国・九州・琉球、朝鮮半島・中国中南部・台湾・インドシナ半島・インドネシア・インド・スリランカ・バングラデシュ・ネパール・オーストラリア・ポリネシア,海岸に近い山地,,,357,日本の野生植物 第1巻,179,原PDF画像目視確認＋macOS Vision OCR補助＋手動要約,include,ハスノハカメラ,原PDFの番号付き種解説と本文境界を確認。客観的プロフィールと具体的な識別形質だけを抽出し、主観・利用記述・不確かな記述は除外。
wildplants-vol1-coverage-0239,volume1_full_heading_reconciliation,1,日本の野生植物 1- ソテツ科～コミカンソウ科.pdf,bcdcd5ac593747d6d58321d4a696ec96fb963233541af2a4666c4a1fbd1d4fb1,2026-07-12,ホウライツヅラフジ,,,,,,,,,,,,,357,日本の野生植物 第1巻,179,原PDF画像照合 + 全見出し監査,exclude_not_numbered_species_entry,,検索表、別名・変種参照、または別種の番号付き解説へのOCR近似であり、独立した番号付き種解説ではない。
wildplants-vol1-coverage-0240,volume1_full_heading_reconciliation,1,日本の野生植物 1- ソテツ科～コミカンソウ科.pdf,bcdcd5ac593747d6d58321d4a696ec96fb963233541af2a4666c4a1fbd1d4fb1,2026-07-12,サンカヨウ,,,,,,,,,,,,,359,日本の野生植物 第1巻,180,原PDF画像照合 + 全見出し監査,exclude_already_covered,,正名の客観プロフィールは既存データまたは先行監査で収録済み。
wildplants-vol1-coverage-0241,volume1_full_heading_reconciliation,1,日本の野生植物 1- ソテツ科～コミカンソウ科.pdf,bcdcd5ac593747d6d58321d4a696ec96fb963233541af2a4666c4a1fbd1d4fb1,2026-07-12,ヒロハヘビノボラズ,,,,,,,,,,,,,359,日本の野生植物 第1巻,180,原PDF画像照合 + 全見出し監査,exclude_not_numbered_species_entry,,検索表、別名・変種参照、または別種の番号付き解説へのOCR近似であり、独立した番号付き種解説ではない。
wildplants-vol1-coverage-0242,volume1_full_heading_reconciliation,1,日本の野生植物 1- ソテツ科～コミカンソウ科.pdf,bcdcd5ac593747d6d58321d4a696ec96fb963233541af2a4666c4a1fbd1d4fb1,2026-07-12,メギ,Berberis thunbergii,メギ科,BERBERIDACEAE,メギ属,Berberis,落葉低木,約2 m,,本州・四国・九州の暖帯～温帯,,,,359,日本の野生植物 第1巻,180,原PDF画像目視確認＋macOS Vision OCR補助＋手動要約,include,,原PDFの番号付き種解説と本文境界を確認。客観的プロフィールと具体的な識別形質だけを抽出し、主観・利用記述・不確かな記述は除外。
wildplants-vol1-coverage-0243,volume1_full_heading_reconciliation,1,日本の野生植物 1- ソテツ科～コミカンソウ科.pdf,bcdcd5ac593747d6d58321d4a696ec96fb963233541af2a4666c4a1fbd1d4fb1,2026-07-12,コウライブシ,,,,,,,,,,,,,365,日本の野生植物 第1巻,183,原PDF画像照合 + 全見出し監査,exclude_not_numbered_species_entry,,検索表、別名・変種参照、または別種の番号付き解説へのOCR近似であり、独立した番号付き種解説ではない。
wildplants-vol1-coverage-0244,volume1_full_heading_reconciliation,1,日本の野生植物 1- ソテツ科～コミカンソウ科.pdf,bcdcd5ac593747d6d58321d4a696ec96fb963233541af2a4666c4a1fbd1d4fb1,2026-07-12,コンプレイジンソウ,,,,,,,,,,,,,365,日本の野生植物 第1巻,183,原PDF画像照合 + 全見出し監査,exclude_already_covered,,正名の客観プロフィールは既存データまたは先行監査で収録済み。
wildplants-vol1-coverage-0245,volume1_full_heading_reconciliation,1,日本の野生植物 1- ソテツ科～コミカンソウ科.pdf,bcdcd5ac593747d6d58321d4a696ec96fb963233541af2a4666c4a1fbd1d4fb1,2026-07-12,ダイセットリカブト,,,,,,,,,,,,,364,日本の野生植物 第1巻,183,原PDF画像照合 + 全見出し監査,exclude_not_numbered_species_entry,,検索表、別名・変種参照、または別種の番号付き解説へのOCR近似であり、独立した番号付き種解説ではない。
wildplants-vol1-coverage-0246,volume1_full_heading_reconciliation,1,日本の野生植物 1- ソテツ科～コミカンソウ科.pdf,bcdcd5ac593747d6d58321d4a696ec96fb963233541af2a4666c4a1fbd1d4fb1,2026-07-12,ヤサカブシ,Aconitum nikaii,キンポウゲ科,RANUNCULACEAE,トリカブト属,Aconitum,多年草,,,山口県の固有種,,,,368,日本の野生植物 第1巻,185,原PDF画像目視確認＋macOS Vision OCR補助＋手動要約,include,,原PDFの番号付き種解説と本文境界を確認。客観的プロフィールと具体的な識別形質だけを抽出し、主観・利用記述・不確かな記述は除外。
wildplants-vol1-coverage-0247,volume1_full_heading_reconciliation,1,日本の野生植物 1- ソテツ科～コミカンソウ科.pdf,bcdcd5ac593747d6d58321d4a696ec96fb963233541af2a4666c4a1fbd1d4fb1,2026-07-12,イヌショウマ,Cimicifuga biternata,キンポウゲ科,RANUNCULACEAE,サラシナショウマ属,Cimicifuga,多年草,40～75 cm,8～10月,本州（東北地方南部～近畿地方の太平洋側）、朝鮮半島,暖温帯の林縁・林内,,,375,日本の野生植物 第1巻,188,原PDF画像目視確認＋macOS Vision OCR補助＋手動要約,include,,原PDFの番号付き種解説と本文境界を確認。客観的プロフィールと具体的な識別形質だけを抽出し、主観・利用記述・不確かな記述は除外。
wildplants-vol1-coverage-0248,volume1_full_heading_reconciliation,1,日本の野生植物 1- ソテツ科～コミカンソウ科.pdf,bcdcd5ac593747d6d58321d4a696ec96fb963233541af2a4666c4a1fbd1d4fb1,2026-07-12,ウスバミツバショウマ,Cimicifuga japonica var. japonica,キンポウゲ科,RANUNCULACEAE,サラシナショウマ属,Cimicifuga,多年草,40～75 cm,8～9月,九州（長崎県・熊本県）、朝鮮半島（済州島）,林縁・林内,オオバショウマ、キケンショウマ,本種は高さ40～75 cm、小葉は長さ4～12 cm、花序は長さ4～10 cm。両比較種は小葉が長さ18～30 cm、花序が長さ20～30 cmになる,375,日本の野生植物 第1巻,188,原PDF画像目視確認＋macOS Vision OCR補助＋手動要約,include,,原PDFの番号付き種解説と本文境界を確認。客観的プロフィールと具体的な識別形質だけを抽出し、主観・利用記述・不確かな記述は除外。
wildplants-vol1-coverage-0249,volume1_full_heading_reconciliation,1,日本の野生植物 1- ソテツ科～コミカンソウ科.pdf,bcdcd5ac593747d6d58321d4a696ec96fb963233541af2a4666c4a1fbd1d4fb1,2026-07-12,ウスバミツバショウマ,,,,,,,,,,,,,375,日本の野生植物 第1巻,188,原PDF画像照合 + 全見出し監査,exclude_duplicate_coverage_candidate,,同じ正名の見出し候補を本監査内の先行行で処理済み。
wildplants-vol1-coverage-0250,volume1_full_heading_reconciliation,1,日本の野生植物 1- ソテツ科～コミカンソウ科.pdf,bcdcd5ac593747d6d58321d4a696ec96fb963233541af2a4666c4a1fbd1d4fb1,2026-07-12,サラシナショウマ,Cimicifuga simplex,キンポウゲ科,RANUNCULACEAE,サラシナショウマ属,Cimicifuga,多年草,40～150 cm,8～10月,北海道・本州・四国・九州、朝鮮半島・中国・台湾・千島列島・サハリン・ロシア沿海地方・モンゴル,草原・林縁・林内、高山帯の中性草原,,,375,日本の野生植物 第1巻,188,原PDF画像目視確認＋macOS Vision OCR補助＋手動要約,include,,原PDFの番号付き種解説と本文境界を確認。客観的プロフィールと具体的な識別形質だけを抽出し、主観・利用記述・不確かな記述は除外。
wildplants-vol1-coverage-0251,volume1_full_heading_reconciliation,1,日本の野生植物 1- ソテツ科～コミカンソウ科.pdf,bcdcd5ac593747d6d58321d4a696ec96fb963233541af2a4666c4a1fbd1d4fb1,2026-07-12,タカネハンショウヅル,Clematis lasiandra,キンポウゲ科,RANUNCULACEAE,センニンソウ属,Clematis,木本性のつる植物,,8～10月,本州（近畿地方以西）～琉球、中国・台湾・フィリピン・インドネシア・マレーシア・インド,温帯林の林縁,ビロードボタンヅル,本種は葉が2～3回3出複葉で茎・葉・萼片に白色長毛があり、花は淡紫色～紅紫色。ビロードボタンヅルは葉が1回3出複葉で黄色の長毛が密生する,377,日本の野生植物 第1巻,189,原PDF画像目視確認＋macOS Vision OCR補助＋手動要約,include,,原PDFの番号付き種解説と本文境界を確認。客観的プロフィールと具体的な識別形質だけを抽出し、主観・利用記述・不確かな記述は除外。
wildplants-vol1-coverage-0252,volume1_full_heading_reconciliation,1,日本の野生植物 1- ソテツ科～コミカンソウ科.pdf,bcdcd5ac593747d6d58321d4a696ec96fb963233541af2a4666c4a1fbd1d4fb1,2026-07-12,ボタンヅル,Clematis apiifolia var. apiifolia,キンポウゲ科,RANUNCULACEAE,センニンソウ属,Clematis,草本性のつる植物,,8～9月,本州・四国・九州、朝鮮半島・中国,温帯林の林縁や道端の草むら,コボタンヅル,本種の葉は1回3出複葉。コボタンヅルは葉が2回3出複葉で、小葉の先が尾状に長くとがる,378,日本の野生植物 第1巻,190,原PDF画像目視確認＋macOS Vision OCR補助＋手動要約,include,,原PDFの番号付き種解説と本文境界を確認。客観的プロフィールと具体的な識別形質だけを抽出し、主観・利用記述・不確かな記述は除外。
wildplants-vol1-coverage-0253,volume1_full_heading_reconciliation,1,日本の野生植物 1- ソテツ科～コミカンソウ科.pdf,bcdcd5ac593747d6d58321d4a696ec96fb963233541af2a4666c4a1fbd1d4fb1,2026-07-12,キバナサバノオ,,,,,,,,,,,,,381,日本の野生植物 第1巻,191,原PDF画像照合 + 全見出し監査,exclude_already_covered,,正名の客観プロフィールは既存データまたは先行監査で収録済み。
wildplants-vol1-coverage-0254,volume1_full_heading_reconciliation,1,日本の野生植物 1- ソテツ科～コミカンソウ科.pdf,bcdcd5ac593747d6d58321d4a696ec96fb963233541af2a4666c4a1fbd1d4fb1,2026-07-12,チチブシロカネソウ,,,,,,,,,,,,,381,日本の野生植物 第1巻,191,原PDF画像照合 + 全見出し監査,exclude_already_covered,,正名の客観プロフィールは既存データまたは先行監査で収録済み。
wildplants-vol1-coverage-0255,volume1_full_heading_reconciliation,1,日本の野生植物 1- ソテツ科～コミカンソウ科.pdf,bcdcd5ac593747d6d58321d4a696ec96fb963233541af2a4666c4a1fbd1d4fb1,2026-07-12,トウゴクサバノオ,,,,,,,,,,,,,381,日本の野生植物 第1巻,191,原PDF画像照合 + 全見出し監査,exclude_already_covered,,正名の客観プロフィールは既存データまたは先行監査で収録済み。
wildplants-vol1-coverage-0256,volume1_full_heading_reconciliation,1,日本の野生植物 1- ソテツ科～コミカンソウ科.pdf,bcdcd5ac593747d6d58321d4a696ec96fb963233541af2a4666c4a1fbd1d4fb1,2026-07-12,ミツバノバイカオウレン,Coptis trifoliolata,キンポウゲ科,RANUNCULACEAE,オウレン属,Coptis,常緑多年草,4～10 cm（果期は15 cm）,5～8月,本州北部～中部の日本海側多雪地,高山帯～亜高山帯の水湿の草原,,,380,日本の野生植物 第1巻,191,原PDF画像目視確認＋macOS Vision OCR補助＋手動要約,include,ミツパノバイカオウレン,原PDFの番号付き種解説と本文境界を確認。客観的プロフィールと具体的な識別形質だけを抽出し、主観・利用記述・不確かな記述は除外。
wildplants-vol1-coverage-0257,volume1_full_heading_reconciliation,1,日本の野生植物 1- ソテツ科～コミカンソウ科.pdf,bcdcd5ac593747d6d58321d4a696ec96fb963233541af2a4666c4a1fbd1d4fb1,2026-07-12,ヒメキンポウゲ,,,,,,,,,,,,,382,日本の野生植物 第1巻,192,原PDF画像照合 + 全見出し監査,exclude_already_covered,,正名の客観プロフィールは既存データまたは先行監査で収録済み。
wildplants-vol1-coverage-0258,volume1_full_heading_reconciliation,1,日本の野生植物 1- ソテツ科～コミカンソウ科.pdf,bcdcd5ac593747d6d58321d4a696ec96fb963233541af2a4666c4a1fbd1d4fb1,2026-07-12,イトキンポウゲ,Ranunculus reptans,キンポウゲ科,RANUNCULACEAE,キンポウゲ属,Ranunculus,多年草,,7～9月,北海道東部・南西部、本州（栃木県・群馬県）、北半球の亜寒帯,池沼の縁,,,385,日本の野生植物 第1巻,193,原PDF画像目視確認＋macOS Vision OCR補助＋手動要約,include,イトキンボウゲ,原PDFの番号付き種解説と本文境界を確認。客観的プロフィールと具体的な識別形質だけを抽出し、主観・利用記述・不確かな記述は除外。
wildplants-vol1-coverage-0259,volume1_full_heading_reconciliation,1,日本の野生植物 1- ソテツ科～コミカンソウ科.pdf,bcdcd5ac593747d6d58321d4a696ec96fb963233541af2a4666c4a1fbd1d4fb1,2026-07-12,エゾキンポウゲ,Ranunculus franchetii,キンポウゲ科,RANUNCULACEAE,キンポウゲ属,Ranunculus,多年草,15～30 cm,5～6月,北海道道北地方、朝鮮半島北部・中国東北部・サハリン・ロシア沿海地方,日当たりのよい湿った草地、亜寒帯林の林縁や原野,,,385,日本の野生植物 第1巻,193,原PDF画像目視確認＋macOS Vision OCR補助＋手動要約,include,エゾキンボウゲ,原PDFの番号付き種解説と本文境界を確認。客観的プロフィールと具体的な識別形質だけを抽出し、主観・利用記述・不確かな記述は除外。
wildplants-vol1-coverage-0260,volume1_full_heading_reconciliation,1,日本の野生植物 1- ソテツ科～コミカンソウ科.pdf,bcdcd5ac593747d6d58321d4a696ec96fb963233541af2a4666c4a1fbd1d4fb1,2026-07-12,カラクサキンポウゲ,Ranunculus gmelinii,キンポウゲ科,RANUNCULACEAE,キンポウゲ属,Ranunculus,多年草,,6～9月,北海道釧路地方から記録。シベリア・サハリン・アラスカ・カナダ・北ヨーロッパ,池沼の浅水中,,,385,日本の野生植物 第1巻,193,原PDF画像目視確認＋macOS Vision OCR補助＋手動要約,include,カラクサキンボウゲ,原PDFの番号付き種解説と本文境界を確認。客観的プロフィールと具体的な識別形質だけを抽出し、主観・利用記述・不確かな記述は除外。
wildplants-vol1-coverage-0261,volume1_full_heading_reconciliation,1,日本の野生植物 1- ソテツ科～コミカンソウ科.pdf,bcdcd5ac593747d6d58321d4a696ec96fb963233541af2a4666c4a1fbd1d4fb1,2026-07-12,キタダケキンポウゲ,Ranunculus kitadakeanus,キンポウゲ科,RANUNCULACEAE,キンポウゲ属,Ranunculus,多年草,7～25 cm,7～8月,南アルプス北岳～間ノ岳の稜線の固有種,高山帯の稜線上の礫地,,,386,日本の野生植物 第1巻,194,原PDF画像目視確認＋macOS Vision OCR補助＋手動要約,include,キタダケキンボウゲ,原PDFの番号付き種解説と本文境界を確認。客観的プロフィールと具体的な識別形質だけを抽出し、主観・利用記述・不確かな記述は除外。
wildplants-vol1-coverage-0262,volume1_full_heading_reconciliation,1,日本の野生植物 1- ソテツ科～コミカンソウ科.pdf,bcdcd5ac593747d6d58321d4a696ec96fb963233541af2a4666c4a1fbd1d4fb1,2026-07-12,クモマキンポウゲ,Ranunculus pygmaeus,キンポウゲ科,RANUNCULACEAE,キンポウゲ属,Ranunculus,多年草,1～8.5 cm,8～9月,北アルプス白馬岳と周辺、北半球の周極地方,高山帯の雪田跡の礫地・石灰岩地,,,386,日本の野生植物 第1巻,194,原PDF画像目視確認＋macOS Vision OCR補助＋手動要約,include,クモマキンボウゲ,原PDFの番号付き種解説と本文境界を確認。客観的プロフィールと具体的な識別形質だけを抽出し、主観・利用記述・不確かな記述は除外。
wildplants-vol1-coverage-0263,volume1_full_heading_reconciliation,1,日本の野生植物 1- ソテツ科～コミカンソウ科.pdf,bcdcd5ac593747d6d58321d4a696ec96fb963233541af2a4666c4a1fbd1d4fb1,2026-07-12,ケキツネノボタン,Ranunculus cantoniensis,キンポウゲ科,RANUNCULACEAE,キンポウゲ属,Ranunculus,多年草,20～65 cm,3～8月,本州～沖縄、朝鮮半島南部・台湾・中国・ブータン・ネパール・インド北東部,日当たりのよい湿った草地、人里近くの窪地や水田の畦,,,387,日本の野生植物 第1巻,194,原PDF画像目視確認＋macOS Vision OCR補助＋手動要約,include,,原PDFの番号付き種解説と本文境界を確認。客観的プロフィールと具体的な識別形質だけを抽出し、主観・利用記述・不確かな記述は除外。
wildplants-vol1-coverage-0264,volume1_full_heading_reconciliation,1,日本の野生植物 1- ソテツ科～コミカンソウ科.pdf,bcdcd5ac593747d6d58321d4a696ec96fb963233541af2a4666c4a1fbd1d4fb1,2026-07-12,シマキツネノボタン,Ranunculus sieboldii,キンポウゲ科,RANUNCULACEAE,キンポウゲ属,Ranunculus,多年草,10～60 cm,2～6月,本州（山口県）～沖縄、台湾・中国中南部,溝の縁や常緑樹林の湿り気のある林縁,,,387,日本の野生植物 第1巻,194,原PDF画像目視確認＋macOS Vision OCR補助＋手動要約,include,,原PDFの番号付き種解説と本文境界を確認。客観的プロフィールと具体的な識別形質だけを抽出し、主観・利用記述・不確かな記述は除外。
wildplants-vol1-coverage-0265,volume1_full_heading_reconciliation,1,日本の野生植物 1- ソテツ科～コミカンソウ科.pdf,bcdcd5ac593747d6d58321d4a696ec96fb963233541af2a4666c4a1fbd1d4fb1,2026-07-12,タカネキンポウゲ,Ranunculus altaicus subsp. shinanoalpinus,キンポウゲ科,RANUNCULACEAE,キンポウゲ属,Ranunculus,多年草,8～15 cm,8～9月,北アルプス白馬岳と周辺の固有種,高山帯の雪田跡の礫地・石灰岩地,,,386,日本の野生植物 第1巻,194,原PDF画像目視確認＋macOS Vision OCR補助＋手動要約,include,タカネキンボウゲ,原PDFの番号付き種解説と本文境界を確認。客観的プロフィールと具体的な識別形質だけを抽出し、主観・利用記述・不確かな記述は除外。
wildplants-vol1-coverage-0266,volume1_full_heading_reconciliation,1,日本の野生植物 1- ソテツ科～コミカンソウ科.pdf,bcdcd5ac593747d6d58321d4a696ec96fb963233541af2a4666c4a1fbd1d4fb1,2026-07-12,ヒバキンポウゲ,Ranunculus hibamontanus,キンポウゲ科,RANUNCULACEAE,キンポウゲ属,Ranunculus,多年草,4～25 cm,5～6月,広島県北東部（標高1200～1300 m）,塩基性岩地の草原,,,386,日本の野生植物 第1巻,194,原PDF画像目視確認＋macOS Vision OCR補助＋手動要約,include,ヒバキンボウゲ,原PDFの番号付き種解説と本文境界を確認。客観的プロフィールと具体的な識別形質だけを抽出し、主観・利用記述・不確かな記述は除外。
wildplants-vol1-coverage-0267,volume1_full_heading_reconciliation,1,日本の野生植物 1- ソテツ科～コミカンソウ科.pdf,bcdcd5ac593747d6d58321d4a696ec96fb963233541af2a4666c4a1fbd1d4fb1,2026-07-12,ウリュウキンポウゲ,Ranunculus uryuensis,キンポウゲ科,RANUNCULACEAE,キンポウゲ属,Ranunculus,多年草,15～20 cm,6月,北海道道北地方の固有種,超塩基性岩地の草地,,,386,日本の野生植物 第1巻,194,原PDF画像目視確認＋macOS Vision OCR補助＋手動要約,include,ウリュウキンボウゲ,原PDFの番号付き種解説と本文境界を確認。客観的プロフィールと具体的な識別形質だけを抽出し、主観・利用記述・不確かな記述は除外。
wildplants-vol1-coverage-0268,volume1_full_heading_reconciliation,1,日本の野生植物 1- ソテツ科～コミカンソウ科.pdf,bcdcd5ac593747d6d58321d4a696ec96fb963233541af2a4666c4a1fbd1d4fb1,2026-07-12,オオウマノアシガタ,Ranunculus grandis var. grandis,キンポウゲ科,RANUNCULACEAE,キンポウゲ属,Ranunculus,多年草,30～100 cm,6～7月,青森県・岩手県,温帯夏緑林の林床,,,386,日本の野生植物 第1巻,194,原PDF画像目視確認＋macOS Vision OCR補助＋手動要約,include,,原PDFの番号付き種解説と本文境界を確認。客観的プロフィールと具体的な識別形質だけを抽出し、主観・利用記述・不確かな記述は除外。
wildplants-vol1-coverage-0269,volume1_full_heading_reconciliation,1,日本の野生植物 1- ソテツ科～コミカンソウ科.pdf,bcdcd5ac593747d6d58321d4a696ec96fb963233541af2a4666c4a1fbd1d4fb1,2026-07-12,ソウヤキンポウゲ,Ranunculus horieanus,キンポウゲ科,RANUNCULACEAE,キンポウゲ属,Ranunculus,多年草,50～70 cm,6月,北海道（道北・道央）,低地の渓流沿い,,,386,日本の野生植物 第1巻,194,原PDF画像目視確認＋macOS Vision OCR補助＋手動要約,include,ソウヤキンボウゲ,原PDFの番号付き種解説と本文境界を確認。客観的プロフィールと具体的な識別形質だけを抽出し、主観・利用記述・不確かな記述は除外。
wildplants-vol1-coverage-0270,volume1_full_heading_reconciliation,1,日本の野生植物 1- ソテツ科～コミカンソウ科.pdf,bcdcd5ac593747d6d58321d4a696ec96fb963233541af2a4666c4a1fbd1d4fb1,2026-07-12,ハイキンポウゲ,Ranunculus repens,キンポウゲ科,RANUNCULACEAE,キンポウゲ属,Ranunculus,匍匐性の多年草,長さ30～100 cm,6～7月,北海道・本州（中部地方以北）、北半球の温帯～亜寒帯,湿地,,,387,日本の野生植物 第1巻,194,原PDF画像目視確認＋macOS Vision OCR補助＋手動要約,include,ハイキンボウゲ,原PDFの番号付き種解説と本文境界を確認。客観的プロフィールと具体的な識別形質だけを抽出し、主観・利用記述・不確かな記述は除外。
wildplants-vol1-coverage-0271,volume1_full_heading_reconciliation,1,日本の野生植物 1- ソテツ科～コミカンソウ科.pdf,bcdcd5ac593747d6d58321d4a696ec96fb963233541af2a4666c4a1fbd1d4fb1,2026-07-12,ミヤマキンポウゲ,Ranunculus acris subsp. novus,キンポウゲ科,RANUNCULACEAE,キンポウゲ属,Ranunculus,多年草,12～70 cm,6～8月,北海道・本州（白山以北）、サハリン・朝鮮半島北部・中国東北部,高山帯～亜高山帯の中性草原,セイヨウキンポウゲ,セイヨウキンポウゲに比べ、蜜腺が半月状で付属体が大きく、茎葉が発達する,386,日本の野生植物 第1巻,194,原PDF画像目視確認＋macOS Vision OCR補助＋手動要約,include,ミヤマキンボウゲ,原PDFの番号付き種解説と本文境界を確認。客観的プロフィールと具体的な識別形質だけを抽出し、主観・利用記述・不確かな記述は除外。
wildplants-vol1-coverage-0272,volume1_full_heading_reconciliation,1,日本の野生植物 1- ソテツ科～コミカンソウ科.pdf,bcdcd5ac593747d6d58321d4a696ec96fb963233541af2a4666c4a1fbd1d4fb1,2026-07-12,ヤツガタケキンポウゲ,Ranunculus yatsugatakensis,キンポウゲ科,RANUNCULACEAE,キンポウゲ属,Ranunculus,多年草,13～20 cm,7～8月,本州中部八ヶ岳の固有種,高山帯の苔むした岩上,,,386,日本の野生植物 第1巻,194,原PDF画像目視確認＋macOS Vision OCR補助＋手動要約,include,ヤツガタケキンボウゲ,原PDFの番号付き種解説と本文境界を確認。客観的プロフィールと具体的な識別形質だけを抽出し、主観・利用記述・不確かな記述は除外。
wildplants-vol1-coverage-0273,volume1_full_heading_reconciliation,1,日本の野生植物 1- ソテツ科～コミカンソウ科.pdf,bcdcd5ac593747d6d58321d4a696ec96fb963233541af2a4666c4a1fbd1d4fb1,2026-07-12,キンバイソウ,Trollius hondoensis,キンポウゲ科,RANUNCULACEAE,キンバイソウ属,Trollius,多年草,,7～8月,本州（吾妻山、群馬県・長野県・山梨県・岐阜県・滋賀県）,温帯上部～亜寒帯の中性草原,,,392,日本の野生植物 第1巻,197,原PDF画像目視確認＋macOS Vision OCR補助＋手動要約,include,,原PDFの番号付き種解説と本文境界を確認。客観的プロフィールと具体的な識別形質だけを抽出し、主観・利用記述・不確かな記述は除外。
wildplants-vol1-coverage-0274,volume1_full_heading_reconciliation,1,日本の野生植物 1- ソテツ科～コミカンソウ科.pdf,bcdcd5ac593747d6d58321d4a696ec96fb963233541af2a4666c4a1fbd1d4fb1,2026-07-12,シナノキンバイソウ,Trollius shinanensis,キンポウゲ科,RANUNCULACEAE,キンバイソウ属,Trollius,多年草,,7～9月,北海道（暑寒別岳、夕張岳以西）・本州（白山以北）、朝鮮半島北部・中国東北部（長白山）,高山帯の中性草原,,,392,日本の野生植物 第1巻,197,原PDF画像目視確認＋macOS Vision OCR補助＋手動要約,include,,原PDFの番号付き種解説と本文境界を確認。客観的プロフィールと具体的な識別形質だけを抽出し、主観・利用記述・不確かな記述は除外。
wildplants-vol1-coverage-0275,volume1_full_heading_reconciliation,1,日本の野生植物 1- ソテツ科～コミカンソウ科.pdf,bcdcd5ac593747d6d58321d4a696ec96fb963233541af2a4666c4a1fbd1d4fb1,2026-07-12,アメリカスズカケノキ,Platanus occidentalis,スズカケノキ科,PLATANACEAE,スズカケノキ属,Platanus,夏緑高木,,,北アメリカ東部原産,,スズカケノキ、モミジバスズカケノキ,葉は浅く3～5裂し、裂片長は基部幅より短い。葉裏の脈腋に毛叢が残り、複合果は通常1個、痩果の先は丸い,395,日本の野生植物 第1巻,198,原PDF画像目視確認＋macOS Vision OCR補助＋手動要約,include,,原PDFの番号付き種解説と本文境界を確認。客観的プロフィールと具体的な識別形質だけを抽出し、主観・利用記述・不確かな記述は除外。
wildplants-vol1-coverage-0276,volume1_full_heading_reconciliation,1,日本の野生植物 1- ソテツ科～コミカンソウ科.pdf,bcdcd5ac593747d6d58321d4a696ec96fb963233541af2a4666c4a1fbd1d4fb1,2026-07-12,アワブキ,Meliosma myriantha,アワブキ科,SABIACEAE,アワブキ属,Meliosma,落葉高木,,,本州・四国・九州、朝鮮半島・中国中南部,山地,,,394,日本の野生植物 第1巻,198,原PDF画像目視確認＋macOS Vision OCR補助＋手動要約,include,アワプキ,原PDFの番号付き種解説と本文境界を確認。客観的プロフィールと具体的な識別形質だけを抽出し、主観・利用記述・不確かな記述は除外。
wildplants-vol1-coverage-0277,volume1_full_heading_reconciliation,1,日本の野生植物 1- ソテツ科～コミカンソウ科.pdf,bcdcd5ac593747d6d58321d4a696ec96fb963233541af2a4666c4a1fbd1d4fb1,2026-07-12,スズカケノキ,Platanus orientalis,スズカケノキ科,PLATANACEAE,スズカケノキ属,Platanus,夏緑高木,,,バルカン半島～西南アジア,,アメリカスズカケノキ、モミジバスズカケノキ,葉は深く5～7裂し、葉裏の毛は脱落して無毛となる。複合果は総状に3～7個つく,395,日本の野生植物 第1巻,198,原PDF画像目視確認＋macOS Vision OCR補助＋手動要約,include,,原PDFの番号付き種解説と本文境界を確認。客観的プロフィールと具体的な識別形質だけを抽出し、主観・利用記述・不確かな記述は除外。
wildplants-vol1-coverage-0278,volume1_full_heading_reconciliation,1,日本の野生植物 1- ソテツ科～コミカンソウ科.pdf,bcdcd5ac593747d6d58321d4a696ec96fb963233541af2a4666c4a1fbd1d4fb1,2026-07-12,モミジバスズカケノキ,Platanus × acerifolia,スズカケノキ科,PLATANACEAE,スズカケノキ属,Platanus,夏緑高木,,,,,スズカケノキ、アメリカスズカケノキ,葉は浅く3～5裂し、三角形の裂片長は基部幅より長い。葉裏はのちに無毛となり、複合果は通常2個、痩果の先は嘴状,396,日本の野生植物 第1巻,199,原PDF画像目視確認＋macOS Vision OCR補助＋手動要約,include,,原PDFの番号付き種解説と本文境界を確認。客観的プロフィールと具体的な識別形質だけを抽出し、主観・利用記述・不確かな記述は除外。
wildplants-vol1-coverage-0279,volume1_full_heading_reconciliation,1,日本の野生植物 1- ソテツ科～コミカンソウ科.pdf,bcdcd5ac593747d6d58321d4a696ec96fb963233541af2a4666c4a1fbd1d4fb1,2026-07-12,ヤマグルマ,Trochodendron aralioides,ヤマグルマ科,TROCHODENDRACEAE,ヤマグルマ属,Trochodendron,常緑高木,,,本州（山形県南部以南）・四国・九州・琉球・伊豆諸島、台湾・朝鮮半島南端部,暖温帯～亜熱帯の急斜面や崖壁,,,397,日本の野生植物 第1巻,199,原PDF画像目視確認＋macOS Vision OCR補助＋手動要約,include,,原PDFの番号付き種解説と本文境界を確認。客観的プロフィールと具体的な識別形質だけを抽出し、主観・利用記述・不確かな記述は除外。
wildplants-vol1-coverage-0280,volume1_full_heading_reconciliation,1,日本の野生植物 1- ソテツ科～コミカンソウ科.pdf,bcdcd5ac593747d6d58321d4a696ec96fb963233541af2a4666c4a1fbd1d4fb1,2026-07-12,オキナワツゲ,,,,,,,,,,,,,398,日本の野生植物 第1巻,200,原PDF画像照合 + 全見出し監査,exclude_not_numbered_species_entry,,検索表、別名・変種参照、または別種の番号付き解説へのOCR近似であり、独立した番号付き種解説ではない。
wildplants-vol1-coverage-0281,volume1_full_heading_reconciliation,1,日本の野生植物 1- ソテツ科～コミカンソウ科.pdf,bcdcd5ac593747d6d58321d4a696ec96fb963233541af2a4666c4a1fbd1d4fb1,2026-07-12,ヒメツゲ,,,,,,,,,,,,,398,日本の野生植物 第1巻,200,原PDF画像照合 + 全見出し監査,exclude_already_covered,,正名の客観プロフィールは既存データまたは先行監査で収録済み。
wildplants-vol1-coverage-0282,volume1_full_heading_reconciliation,1,日本の野生植物 1- ソテツ科～コミカンソウ科.pdf,bcdcd5ac593747d6d58321d4a696ec96fb963233541af2a4666c4a1fbd1d4fb1,2026-07-12,キリシマミズキ,Corylopsis glabrescens,マンサク科,HAMAMELIDACEAE,トサミズキ属,Corylopsis,落葉低木,,,四国（高知県・愛媛県）・九州（霧島山地）,,コウヤミズキ,本種は雄しべが長さ4～5 mmで花弁の約半長、葯は淡黄色～黄褐色、仮雄しべは線形の2裂片に深裂する,401,日本の野生植物 第1巻,201,原PDF画像目視確認＋macOS Vision OCR補助＋手動要約,include,キリシマミスキ,原PDFの番号付き種解説と本文境界を確認。客観的プロフィールと具体的な識別形質だけを抽出し、主観・利用記述・不確かな記述は除外。
wildplants-vol1-coverage-0283,volume1_full_heading_reconciliation,1,日本の野生植物 1- ソテツ科～コミカンソウ科.pdf,bcdcd5ac593747d6d58321d4a696ec96fb963233541af2a4666c4a1fbd1d4fb1,2026-07-12,ヒュウガミズキ,Corylopsis pauciflora,マンサク科,HAMAMELIDACEAE,トサミズキ属,Corylopsis,落葉低木,,,本州（岐阜県、石川県～兵庫県の日本海側）・四国（高知県）・九州（宮崎県）、台湾,,トサミズキ、キリシマミズキ,本種は花序が長さ1～2 cmで2～3花をつけ、仮雄しべは卵形・鈍頭で2裂しない,401,日本の野生植物 第1巻,201,原PDF画像目視確認＋macOS Vision OCR補助＋手動要約,include,ヒュウガミスキ,原PDFの番号付き種解説と本文境界を確認。客観的プロフィールと具体的な識別形質だけを抽出し、主観・利用記述・不確かな記述は除外。
wildplants-vol1-coverage-0284,volume1_full_heading_reconciliation,1,日本の野生植物 1- ソテツ科～コミカンソウ科.pdf,bcdcd5ac593747d6d58321d4a696ec96fb963233541af2a4666c4a1fbd1d4fb1,2026-07-12,カツラ,Cercidiphyllum japonicum,カツラ科,CERCIDIPHYLLACEAE,カツラ属,Cercidiphyllum,落葉高木,,,北海道・本州・四国・九州の温帯,山地の谷沿い,ヒロハカツラ,葯は長さ3～6 mm、柱頭は7～13 mm、種子は一端に翼があり、短枝葉は先が少しとがって基部は切形～浅心形,403,日本の野生植物 第1巻,202,原PDF画像目視確認＋macOS Vision OCR補助＋手動要約,include,,原PDFの番号付き種解説と本文境界を確認。客観的プロフィールと具体的な識別形質だけを抽出し、主観・利用記述・不確かな記述は除外。
wildplants-vol1-coverage-0285,volume1_full_heading_reconciliation,1,日本の野生植物 1- ソテツ科～コミカンソウ科.pdf,bcdcd5ac593747d6d58321d4a696ec96fb963233541af2a4666c4a1fbd1d4fb1,2026-07-12,ヒロハカツラ,Cercidiphyllum magnificum,カツラ科,CERCIDIPHYLLACEAE,カツラ属,Cercidiphyllum,落葉高木または亜高木,,,本州中北部,主に亜高山帯,カツラ,葯は長さ6～9 mm、柱頭は11～19 mm、種子は両端に翼があり、短枝葉は円頭で基部は深い心形,403,日本の野生植物 第1巻,202,原PDF画像目視確認＋macOS Vision OCR補助＋手動要約,include,ヒロハカッラ,原PDFの番号付き種解説と本文境界を確認。客観的プロフィールと具体的な識別形質だけを抽出し、主観・利用記述・不確かな記述は除外。
wildplants-vol1-coverage-0286,volume1_full_heading_reconciliation,1,日本の野生植物 1- ソテツ科～コミカンソウ科.pdf,bcdcd5ac593747d6d58321d4a696ec96fb963233541af2a4666c4a1fbd1d4fb1,2026-07-12,ヒメユズリハ,,,,,,,,,,,,,404,日本の野生植物 第1巻,203,原PDF画像照合 + 全見出し監査,exclude_already_covered,,正名の客観プロフィールは既存データまたは先行監査で収録済み。
wildplants-vol1-coverage-0287,volume1_full_heading_reconciliation,1,日本の野生植物 1- ソテツ科～コミカンソウ科.pdf,bcdcd5ac593747d6d58321d4a696ec96fb963233541af2a4666c4a1fbd1d4fb1,2026-07-12,アメリカフサスグリ,,,,,,,,,,,,,406,日本の野生植物 第1巻,204,原PDF画像照合 + 全見出し監査,exclude_not_numbered_species_entry,,検索表、別名・変種参照、または別種の番号付き解説へのOCR近似であり、独立した番号付き種解説ではない。
wildplants-vol1-coverage-0288,volume1_full_heading_reconciliation,1,日本の野生植物 1- ソテツ科～コミカンソウ科.pdf,bcdcd5ac593747d6d58321d4a696ec96fb963233541af2a4666c4a1fbd1d4fb1,2026-07-12,ヤブサンザシ,,,,,,,,,,,,,406,日本の野生植物 第1巻,204,原PDF画像照合 + 全見出し監査,exclude_already_covered,,正名の客観プロフィールは既存データまたは先行監査で収録済み。
wildplants-vol1-coverage-0289,volume1_full_heading_reconciliation,1,日本の野生植物 1- ソテツ科～コミカンソウ科.pdf,bcdcd5ac593747d6d58321d4a696ec96fb963233541af2a4666c4a1fbd1d4fb1,2026-07-12,モミジバショウマ,,,,,,,,,,,,,409,日本の野生植物 第1巻,205,原PDF画像照合 + 全見出し監査,exclude_already_covered,,正名の客観プロフィールは既存データまたは先行監査で収録済み。
wildplants-vol1-coverage-0290,volume1_full_heading_reconciliation,1,日本の野生植物 1- ソテツ科～コミカンソウ科.pdf,bcdcd5ac593747d6d58321d4a696ec96fb963233541af2a4666c4a1fbd1d4fb1,2026-07-12,エゾネコノメソウ,Chrysosplenium alternifolium var. sibiricum,ユキノシタ科,SAXIFRAGACEAE,ネコノメソウ属,Chrysosplenium,多年草,花茎6～11 cm,4～5月,南千島・北海道北部・東部、ヒマラヤ・中国・モンゴル・シベリア・朝鮮半島・サハリン・カムチャツカ半島・北アメリカ中央部,原野の水湿地,,,412,日本の野生植物 第1巻,207,原PDF画像目視確認＋macOS Vision OCR補助＋手動要約,include,,原PDFの番号付き種解説と本文境界を確認。客観的プロフィールと具体的な識別形質だけを抽出し、主観・利用記述・不確かな記述は除外。
wildplants-vol1-coverage-0291,volume1_full_heading_reconciliation,1,日本の野生植物 1- ソテツ科～コミカンソウ科.pdf,bcdcd5ac593747d6d58321d4a696ec96fb963233541af2a4666c4a1fbd1d4fb1,2026-07-12,クモマユキノシタ,Micranthes laciniata,ユキノシタ科,SAXIFRAGACEAE,チシマイワブキ属,Micranthes,多年草,花茎4～27 cm,7～8月,北海道（大雪山・夕張山地）、朝鮮半島北部・サハリン,高山帯の湿った岩礫地,ツルクモマグサ,ツルクモマグサは地中に細い走出枝を出す,413,日本の野生植物 第1巻,207,原PDF画像目視確認＋macOS Vision OCR補助＋手動要約,include,,原PDFの番号付き種解説と本文境界を確認。客観的プロフィールと具体的な識別形質だけを抽出し、主観・利用記述・不確かな記述は除外。
wildplants-vol1-coverage-0292,volume1_full_heading_reconciliation,1,日本の野生植物 1- ソテツ科～コミカンソウ科.pdf,bcdcd5ac593747d6d58321d4a696ec96fb963233541af2a4666c4a1fbd1d4fb1,2026-07-12,チシマイワブキ,Micranthes nelsoniana var. reniformis,ユキノシタ科,SAXIFRAGACEAE,チシマイワブキ属,Micranthes,多年草,花茎5～25 cm,7月,北海道（利尻島・大雪山など）、サハリン・千島列島,高山の岩礫地,タテヤマイワブキ,タテヤマイワブキは花茎と葉柄の毛が多く、花序の苞が大きい,413,日本の野生植物 第1巻,207,原PDF画像目視確認＋macOS Vision OCR補助＋手動要約,include,チシマイワプキ,原PDFの番号付き種解説と本文境界を確認。客観的プロフィールと具体的な識別形質だけを抽出し、主観・利用記述・不確かな記述は除外。
wildplants-vol1-coverage-0293,volume1_full_heading_reconciliation,1,日本の野生植物 1- ソテツ科～コミカンソウ科.pdf,bcdcd5ac593747d6d58321d4a696ec96fb963233541af2a4666c4a1fbd1d4fb1,2026-07-12,フキユキノシタ,Micranthes japonica,ユキノシタ科,SAXIFRAGACEAE,チシマイワブキ属,Micranthes,多年草,花茎15～80 cm,7～8月,北海道・本州（福井県以東）・四国（剣山）,深山の谷沿いの岩上,,,414,日本の野生植物 第1巻,208,原PDF画像目視確認＋macOS Vision OCR補助＋手動要約,include,フキキノシタ,原PDFの番号付き種解説と本文境界を確認。客観的プロフィールと具体的な識別形質だけを抽出し、主観・利用記述・不確かな記述は除外。
wildplants-vol1-coverage-0294,volume1_full_heading_reconciliation,1,日本の野生植物 1- ソテツ科～コミカンソウ科.pdf,bcdcd5ac593747d6d58321d4a696ec96fb963233541af2a4666c4a1fbd1d4fb1,2026-07-12,キヨシソウ,,,,,,,,,,,,,417,日本の野生植物 第1巻,209,原PDF画像照合 + 全見出し監査,exclude_already_covered,,正名の客観プロフィールは既存データまたは先行監査で収録済み。
wildplants-vol1-coverage-0295,volume1_full_heading_reconciliation,1,日本の野生植物 1- ソテツ科～コミカンソウ科.pdf,bcdcd5ac593747d6d58321d4a696ec96fb963233541af2a4666c4a1fbd1d4fb1,2026-07-12,ズダヤクシュ,Tiarella polyphylla,ユキノシタ科,SAXIFRAGACEAE,ズダヤクシュ属,Tiarella,多年草,10～40 cm,6～8月,北海道・本州（近畿地方以東）・四国、朝鮮半島（鬱陵島）・台湾・中国・ヒマラヤ,温帯上部のブナ林～亜高山針葉樹林の湿潤で肥沃な林床,,,419,日本の野生植物 第1巻,210,原PDF画像目視確認＋macOS Vision OCR補助＋手動要約,include,スダヤクシュ,原PDFの番号付き種解説と本文境界を確認。客観的プロフィールと具体的な識別形質だけを抽出し、主観・利用記述・不確かな記述は除外。
wildplants-vol1-coverage-0296,volume1_full_heading_reconciliation,1,日本の野生植物 1- ソテツ科～コミカンソウ科.pdf,bcdcd5ac593747d6d58321d4a696ec96fb963233541af2a4666c4a1fbd1d4fb1,2026-07-12,ツメレンゲ,Orostachys japonica,ベンケイソウ科,CRASSULACEAE,イワレンゲ属,Orostachys,多年草,花茎8～30 cm,10～11月,本州（関東地方以西）～九州、朝鮮半島・中国東北部,日当たりのよい岩上や屋根上,,,424,日本の野生植物 第1巻,213,原PDF画像目視確認＋macOS Vision OCR補助＋手動要約,include,,原PDFの番号付き種解説と本文境界を確認。客観的プロフィールと具体的な識別形質だけを抽出し、主観・利用記述・不確かな記述は除外。
wildplants-vol1-coverage-0297,volume1_full_heading_reconciliation,1,日本の野生植物 1- ソテツ科～コミカンソウ科.pdf,bcdcd5ac593747d6d58321d4a696ec96fb963233541af2a4666c4a1fbd1d4fb1,2026-07-12,アオノイワレンゲ,,,,,,,,,,,,,424,日本の野生植物 第1巻,213,原PDF画像照合 + 全見出し監査,exclude_already_covered,,正名の客観プロフィールは既存データまたは先行監査で収録済み。
wildplants-vol1-coverage-0298,volume1_full_heading_reconciliation,1,日本の野生植物 1- ソテツ科～コミカンソウ科.pdf,bcdcd5ac593747d6d58321d4a696ec96fb963233541af2a4666c4a1fbd1d4fb1,2026-07-12,タイトゴメ,,,,,,,,,,,,,427,日本の野生植物 第1巻,214,原PDF画像照合 + 全見出し監査,exclude_not_numbered_species_entry,,検索表、別名・変種参照、または別種の番号付き解説へのOCR近似であり、独立した番号付き種解説ではない。
wildplants-vol1-coverage-0299,volume1_full_heading_reconciliation,1,日本の野生植物 1- ソテツ科～コミカンソウ科.pdf,bcdcd5ac593747d6d58321d4a696ec96fb963233541af2a4666c4a1fbd1d4fb1,2026-07-12,ヒメレンゲ,,,,,,,,,,,,,427,日本の野生植物 第1巻,214,原PDF画像照合 + 全見出し監査,exclude_already_covered,,正名の客観プロフィールは既存データまたは先行監査で収録済み。
wildplants-vol1-coverage-0300,volume1_full_heading_reconciliation,1,日本の野生植物 1- ソテツ科～コミカンソウ科.pdf,bcdcd5ac593747d6d58321d4a696ec96fb963233541af2a4666c4a1fbd1d4fb1,2026-07-12,マルバマンネングサ,Sedum makinoi,ベンケイソウ科,CRASSULACEAE,マンネングサ属,Sedum,多年草,花茎8～20 cm,6～7月,本州～九州,山地の岩上・石垣上,,,427,日本の野生植物 第1巻,214,原PDF画像目視確認＋macOS Vision OCR補助＋手動要約,include,,原PDFの番号付き種解説と本文境界を確認。客観的プロフィールと具体的な識別形質だけを抽出し、主観・利用記述・不確かな記述は除外。
wildplants-vol1-coverage-0301,volume1_full_heading_reconciliation,1,日本の野生植物 1- ソテツ科～コミカンソウ科.pdf,bcdcd5ac593747d6d58321d4a696ec96fb963233541af2a4666c4a1fbd1d4fb1,2026-07-12,ムニンタイトゴメ,,,,,,,,,,,,,427,日本の野生植物 第1巻,214,原PDF画像照合 + 全見出し監査,exclude_not_numbered_species_entry,,検索表、別名・変種参照、または別種の番号付き解説へのOCR近似であり、独立した番号付き種解説ではない。
wildplants-vol1-coverage-0302,volume1_full_heading_reconciliation,1,日本の野生植物 1- ソテツ科～コミカンソウ科.pdf,bcdcd5ac593747d6d58321d4a696ec96fb963233541af2a4666c4a1fbd1d4fb1,2026-07-12,オモロカズラ,,,,,,,,,,,,,434,日本の野生植物 第1巻,218,原PDF画像照合 + 全見出し監査,exclude_already_covered,,正名の客観プロフィールは既存データまたは先行監査で収録済み。
wildplants-vol1-coverage-0303,volume1_full_heading_reconciliation,1,日本の野生植物 1- ソテツ科～コミカンソウ科.pdf,bcdcd5ac593747d6d58321d4a696ec96fb963233541af2a4666c4a1fbd1d4fb1,2026-07-12,クマガワブドウ,Vitis kiusiana,ブドウ科,VITACEAE,ブドウ属,Vitis,大型のつる性落葉木本,,,九州南部（熊本県・鹿児島県）,,,,435,日本の野生植物 第1巻,218,原PDF画像目視確認＋macOS Vision OCR補助＋手動要約,include,クマガワプドウ,原PDFの番号付き種解説と本文境界を確認。客観的プロフィールと具体的な識別形質だけを抽出し、主観・利用記述・不確かな記述は除外。
wildplants-vol1-coverage-0304,volume1_full_heading_reconciliation,1,日本の野生植物 1- ソテツ科～コミカンソウ科.pdf,bcdcd5ac593747d6d58321d4a696ec96fb963233541af2a4666c4a1fbd1d4fb1,2026-07-12,サンカクヅル,Vitis flexuosa var. flexuosa,ブドウ科,VITACEAE,ブドウ属,Vitis,落葉性のつる性木本,,,北海道西南部～奄美大島、朝鮮半島・中国,,ウスゲサンカクヅル,本種は若枝に赤褐色毛があるがのちに無毛となり、葉裏は脈上以外ほぼ無毛。ウスゲサンカクヅルは若枝と葉裏に薄いくも毛があり、脈上の毛も多い,435,日本の野生植物 第1巻,218,原PDF画像目視確認＋macOS Vision OCR補助＋手動要約,include,,原PDFの番号付き種解説と本文境界を確認。客観的プロフィールと具体的な識別形質だけを抽出し、主観・利用記述・不確かな記述は除外。
wildplants-vol1-coverage-0305,volume1_full_heading_reconciliation,1,日本の野生植物 1- ソテツ科～コミカンソウ科.pdf,bcdcd5ac593747d6d58321d4a696ec96fb963233541af2a4666c4a1fbd1d4fb1,2026-07-12,シロツブ,Caesalpinia bonduc,マメ科,FABACEAE,ジャケツイバラ属,Caesalpinia,大型の常緑つる性木本,,,小笠原・琉球、台湾・中国南部、世界の熱帯・亜熱帯,海岸近くの林縁,ハスノミカズラ,本種は羽片に6～12対の小葉と基部に葉状の托葉があり、果実は長さ5～7 cm、種子は灰白色。ハスノミカズラは小葉が4～7対で基部の托葉は葉状でなく、果実は10～12 cm、種子は黄白色,444,日本の野生植物 第1巻,223,原PDF画像目視確認＋macOS Vision OCR補助＋手動要約,include,シロップ,原PDFの番号付き種解説と本文境界を確認。客観的プロフィールと具体的な識別形質だけを抽出し、主観・利用記述・不確かな記述は除外。
wildplants-vol1-coverage-0306,volume1_full_heading_reconciliation,1,日本の野生植物 1- ソテツ科～コミカンソウ科.pdf,bcdcd5ac593747d6d58321d4a696ec96fb963233541af2a4666c4a1fbd1d4fb1,2026-07-12,ホソミエビスグサ,Senna tora,マメ科,FABACEAE,センナ属,Senna,,,,熱帯原産で、九州南部・琉球に帰化,,エビスグサ,本種は葉軸の基部側2小葉対の間に各1個の蜜腺があり、花柄は花時0.5～1 cm。エビスグサは基部側1小葉対の間だけに蜜腺があり、花柄は花時1.5～3.5 cm,447,日本の野生植物 第1巻,224,原PDF画像目視確認＋macOS Vision OCR補助＋手動要約,include,,原PDFの番号付き種解説と本文境界を確認。客観的プロフィールと具体的な識別形質だけを抽出し、主観・利用記述・不確かな記述は除外。
wildplants-vol1-coverage-0307,volume1_full_heading_reconciliation,1,日本の野生植物 1- ソテツ科～コミカンソウ科.pdf,bcdcd5ac593747d6d58321d4a696ec96fb963233541af2a4666c4a1fbd1d4fb1,2026-07-12,カラフトモメンヅル,,,,,,,,,,,,,451,日本の野生植物 第1巻,226,原PDF画像照合 + 全見出し監査,exclude_already_covered,,正名の客観プロフィールは既存データまたは先行監査で収録済み。
wildplants-vol1-coverage-0308,volume1_full_heading_reconciliation,1,日本の野生植物 1- ソテツ科～コミカンソウ科.pdf,bcdcd5ac593747d6d58321d4a696ec96fb963233541af2a4666c4a1fbd1d4fb1,2026-07-12,カラフトモメンヅル,,,,,,,,,,,,,451,日本の野生植物 第1巻,226,原PDF画像照合 + 全見出し監査,exclude_already_covered,,正名の客観プロフィールは既存データまたは先行監査で収録済み。
wildplants-vol1-coverage-0309,volume1_full_heading_reconciliation,1,日本の野生植物 1- ソテツ科～コミカンソウ科.pdf,bcdcd5ac593747d6d58321d4a696ec96fb963233541af2a4666c4a1fbd1d4fb1,2026-07-12,ゲンゲ,,,,,,,,,,,,,451,日本の野生植物 第1巻,226,原PDF画像照合 + 全見出し監査,exclude_already_covered,,正名の客観プロフィールは既存データまたは先行監査で収録済み。
wildplants-vol1-coverage-0310,volume1_full_heading_reconciliation,1,日本の野生植物 1- ソテツ科～コミカンソウ科.pdf,bcdcd5ac593747d6d58321d4a696ec96fb963233541af2a4666c4a1fbd1d4fb1,2026-07-12,モメンヅル,Astragalus reflexistipulus,マメ科,FABACEAE,ゲンゲ属,Astragalus,多年草,30～80 cm,6～8月,北海道・本州（広島県以東）の日本固有種,山麓の草地,,,451,日本の野生植物 第1巻,226,原PDF画像目視確認＋macOS Vision OCR補助＋手動要約,include,,原PDFの番号付き種解説と本文境界を確認。正名「モメンヅル」で既存OCRプロフィールを客観的な分類・分布・生育情報へ置換し、主観・利用記述・不確かな記述は除外。
wildplants-vol1-coverage-0311,volume1_full_heading_reconciliation,1,日本の野生植物 1- ソテツ科～コミカンソウ科.pdf,bcdcd5ac593747d6d58321d4a696ec96fb963233541af2a4666c4a1fbd1d4fb1,2026-07-12,タカナタマメ,,,,,,,,,,,,,452,日本の野生植物 第1巻,227,原PDF画像照合 + 全見出し監査,exclude_not_numbered_species_entry,,検索表、別名・変種参照、または別種の番号付き解説へのOCR近似であり、独立した番号付き種解説ではない。
wildplants-vol1-coverage-0312,volume1_full_heading_reconciliation,1,日本の野生植物 1- ソテツ科～コミカンソウ科.pdf,bcdcd5ac593747d6d58321d4a696ec96fb963233541af2a4666c4a1fbd1d4fb1,2026-07-12,ビロードヒメクズ,Cajanus scarabaeoides,マメ科,FABACEAE,キマメ属,Cajanus,つる性の多年草,茎長約2 m,,琉球、台湾・中国・ミャンマー・ヒマラヤ・インド・東南アジア・太平洋諸島・オーストラリア・アフリカ,,,,452,日本の野生植物 第1巻,227,原PDF画像目視確認＋macOS Vision OCR補助＋手動要約,include,ビロードヒメクス,原PDFの番号付き種解説と本文境界を確認。客観的プロフィールと具体的な識別形質だけを抽出し、主観・利用記述・不確かな記述は除外。
wildplants-vol1-coverage-0313,volume1_full_heading_reconciliation,1,日本の野生植物 1- ソテツ科～コミカンソウ科.pdf,bcdcd5ac593747d6d58321d4a696ec96fb963233541af2a4666c4a1fbd1d4fb1,2026-07-12,ホオズキハギ,,,,,,,,,,,,,453,日本の野生植物 第1巻,227,原PDF画像照合 + 全見出し監査,exclude_not_numbered_species_entry,,検索表、別名・変種参照、または別種の番号付き解説へのOCR近似であり、独立した番号付き種解説ではない。
wildplants-vol1-coverage-0314,volume1_full_heading_reconciliation,1,日本の野生植物 1- ソテツ科～コミカンソウ科.pdf,bcdcd5ac593747d6d58321d4a696ec96fb963233541af2a4666c4a1fbd1d4fb1,2026-07-12,シバハギ,Desmodium heterocarpon,マメ科,FABACEAE,シバハギ属,Desmodium,半低木,茎長は最大100 cm,8～10月,本州（静岡県以西）～琉球、韓国、旧世界の熱帯～暖帯,道端や草原などのやや乾いた場所,,,456,日本の野生植物 第1巻,229,原PDF画像目視確認＋macOS Vision OCR補助＋手動要約,include,,原PDF画像で独立した番号付き種解説と本文境界を確認し、形態・生活形・生育地・分布・花期の客観的事実だけを要約。主観的評価、利用・採集上の助言、不確かなOCRは除外。
wildplants-vol1-coverage-0315,volume1_full_heading_reconciliation,1,日本の野生植物 1- ソテツ科～コミカンソウ科.pdf,bcdcd5ac593747d6d58321d4a696ec96fb963233541af2a4666c4a1fbd1d4fb1,2026-07-12,タイワンミヤマトベラ,Euchresta formosana,マメ科,FABACEAE,ミヤマトベラ属,Euchresta,常緑低木,,,琉球（沖縄島・西表島）、台湾・フィリピン,山地常緑林内,,,458,日本の野生植物 第1巻,230,原PDF画像目視確認＋macOS Vision OCR補助＋手動要約,include,,原PDF画像で独立した番号付き種解説と本文境界を確認し、形態・生活形・生育地・分布・花期の客観的事実だけを要約。主観的評価、利用・採集上の助言、不確かなOCRは除外。
wildplants-vol1-coverage-0316,volume1_full_heading_reconciliation,1,日本の野生植物 1- ソテツ科～コミカンソウ科.pdf,bcdcd5ac593747d6d58321d4a696ec96fb963233541af2a4666c4a1fbd1d4fb1,2026-07-12,トキワヤブハギ,Hylodesmum leptopus,マメ科,FABACEAE,ヌスビトハギ属,Hylodesmum,多年草,40～100 cm,,種子島・屋久島～琉球、台湾・中国・東南アジア・スリランカ,かなり暗い林下,,,461,日本の野生植物 第1巻,231,原PDF画像目視確認＋macOS Vision OCR補助＋手動要約,include,トキワヤプハギ,原PDF画像で独立した番号付き種解説と本文境界を確認し、形態・生活形・生育地・分布・花期の客観的事実だけを要約。主観的評価、利用・採集上の助言、不確かなOCRは除外。
wildplants-vol1-coverage-0317,volume1_full_heading_reconciliation,1,日本の野生植物 1- ソテツ科～コミカンソウ科.pdf,bcdcd5ac593747d6d58321d4a696ec96fb963233541af2a4666c4a1fbd1d4fb1,2026-07-12,アフリカコマツナギ,,,,,,,,,,,,,463,日本の野生植物 第1巻,232,原PDF画像照合 + 全見出し監査,exclude_not_numbered_species_entry,,検索表、別名・変種参照、または別種の番号付き解説へのOCR近似であり、独立した番号付き種解説ではない。
wildplants-vol1-coverage-0318,volume1_full_heading_reconciliation,1,日本の野生植物 1- ソテツ科～コミカンソウ科.pdf,bcdcd5ac593747d6d58321d4a696ec96fb963233541af2a4666c4a1fbd1d4fb1,2026-07-12,タイワンコマツナギ,,,,,,,,,,,,,463,日本の野生植物 第1巻,232,原PDF画像照合 + 全見出し監査,exclude_not_numbered_species_entry,,検索表、別名・変種参照、または別種の番号付き解説へのOCR近似であり、独立した番号付き種解説ではない。
wildplants-vol1-coverage-0319,volume1_full_heading_reconciliation,1,日本の野生植物 1- ソテツ科～コミカンソウ科.pdf,bcdcd5ac593747d6d58321d4a696ec96fb963233541af2a4666c4a1fbd1d4fb1,2026-07-12,ナンパンコマツナギ,,,,,,,,,,,,,463,日本の野生植物 第1巻,232,原PDF画像照合 + 全見出し監査,exclude_not_numbered_species_entry,,検索表、別名・変種参照、または別種の番号付き解説へのOCR近似であり、独立した番号付き種解説ではない。
wildplants-vol1-coverage-0320,volume1_full_heading_reconciliation,1,日本の野生植物 1- ソテツ科～コミカンソウ科.pdf,bcdcd5ac593747d6d58321d4a696ec96fb963233541af2a4666c4a1fbd1d4fb1,2026-07-12,ミツバノコマツナギ,,,,,,,,,,,,,463,日本の野生植物 第1巻,232,原PDF画像照合 + 全見出し監査,exclude_already_covered,,正名の客観プロフィールは既存データまたは先行監査で収録済み。
wildplants-vol1-coverage-0321,volume1_full_heading_reconciliation,1,日本の野生植物 1- ソテツ科～コミカンソウ科.pdf,bcdcd5ac593747d6d58321d4a696ec96fb963233541af2a4666c4a1fbd1d4fb1,2026-07-12,アカバナメドハギ,,,,,,,,,,,,,466,日本の野生植物 第1巻,234,原PDF画像照合 + 全見出し監査,exclude_not_numbered_species_entry,,検索表、別名・変種参照、または別種の番号付き解説へのOCR近似であり、独立した番号付き種解説ではない。
wildplants-vol1-coverage-0322,volume1_full_heading_reconciliation,1,日本の野生植物 1- ソテツ科～コミカンソウ科.pdf,bcdcd5ac593747d6d58321d4a696ec96fb963233541af2a4666c4a1fbd1d4fb1,2026-07-12,オオバメドハギ,,,,,,,,,,,,,466,日本の野生植物 第1巻,234,原PDF画像照合 + 全見出し監査,exclude_not_numbered_species_entry,,検索表、別名・変種参照、または別種の番号付き解説へのOCR近似であり、独立した番号付き種解説ではない。
wildplants-vol1-coverage-0323,volume1_full_heading_reconciliation,1,日本の野生植物 1- ソテツ科～コミカンソウ科.pdf,bcdcd5ac593747d6d58321d4a696ec96fb963233541af2a4666c4a1fbd1d4fb1,2026-07-12,イヌエンジュ,Maackia amurensis,マメ科,FABACEAE,イヌエンジュ属,Maackia,落葉小高木,,,北海道・本州・四国・九州、朝鮮半島・中国・極東ロシア,山地の林縁や河岸,,,470,日本の野生植物 第1巻,236,原PDF画像目視確認＋macOS Vision OCR補助＋手動要約,include,,原PDF画像で独立した番号付き種解説と本文境界を確認し、形態・生活形・生育地・分布・花期の客観的事実だけを要約。主観的評価、利用・採集上の助言、不確かなOCRは除外。
wildplants-vol1-coverage-0324,volume1_full_heading_reconciliation,1,日本の野生植物 1- ソテツ科～コミカンソウ科.pdf,bcdcd5ac593747d6d58321d4a696ec96fb963233541af2a4666c4a1fbd1d4fb1,2026-07-12,コメツブウマゴヤシ,Medicago lupulina,マメ科,FABACEAE,ウマゴヤシ属,Medicago,一年草または越年草,10～60 cm,3～6月,ヨーロッパ原産で、日本全土に帰化,海岸、平地の道端、芝生など,,,470,日本の野生植物 第1巻,236,原PDF画像目視確認＋macOS Vision OCR補助＋手動要約,include,コメツプウマゴヤシ,原PDF画像で独立した番号付き種解説と本文境界を確認し、形態・生活形・生育地・分布・花期の客観的事実だけを要約。主観的評価、利用・採集上の助言、不確かなOCRは除外。
wildplants-vol1-coverage-0325,volume1_full_heading_reconciliation,1,日本の野生植物 1- ソテツ科～コミカンソウ科.pdf,bcdcd5ac593747d6d58321d4a696ec96fb963233541af2a4666c4a1fbd1d4fb1,2026-07-12,リシリゲンゲ,,,,,,,,,,,,,473,日本の野生植物 第1巻,237,原PDF画像照合 + 全見出し監査,exclude_already_covered,,正名の客観プロフィールは既存データまたは先行監査で収録済み。
wildplants-vol1-coverage-0326,volume1_full_heading_reconciliation,1,日本の野生植物 1- ソテツ科～コミカンソウ科.pdf,bcdcd5ac593747d6d58321d4a696ec96fb963233541af2a4666c4a1fbd1d4fb1,2026-07-12,タイワンクズ,,,,,,,,,,,,,475,日本の野生植物 第1巻,238,原PDF画像照合 + 全見出し監査,exclude_not_numbered_species_entry,,検索表、別名・変種参照、または別種の番号付き解説へのOCR近似であり、独立した番号付き種解説ではない。
wildplants-vol1-coverage-0327,volume1_full_heading_reconciliation,1,日本の野生植物 1- ソテツ科～コミカンソウ科.pdf,bcdcd5ac593747d6d58321d4a696ec96fb963233541af2a4666c4a1fbd1d4fb1,2026-07-12,ヒメノアズキ,,,,,,,,,,,,,476,日本の野生植物 第1巻,239,原PDF画像照合 + 全見出し監査,exclude_not_numbered_species_entry,,検索表、別名・変種参照、または別種の番号付き解説へのOCR近似であり、独立した番号付き種解説ではない。
wildplants-vol1-coverage-0328,volume1_full_heading_reconciliation,1,日本の野生植物 1- ソテツ科～コミカンソウ科.pdf,bcdcd5ac593747d6d58321d4a696ec96fb963233541af2a4666c4a1fbd1d4fb1,2026-07-12,オオバフジボグサ,Uraria lagopodioides,マメ科,FABACEAE,フジボグサ属,Uraria,斜上性の多年草または低木,最大60 cm,,琉球（宮古島・石垣島・西表島）、台湾・中国・東南アジア・インド・オーストラリア,日当たりのよい原野,,,480,日本の野生植物 第1巻,241,原PDF画像目視確認＋macOS Vision OCR補助＋手動要約,include,,原PDF画像で独立した番号付き種解説と本文境界を確認し、形態・生活形・生育地・分布・花期の客観的事実だけを要約。主観的評価、利用・採集上の助言、不確かなOCRは除外。
wildplants-vol1-coverage-0329,volume1_full_heading_reconciliation,1,日本の野生植物 1- ソテツ科～コミカンソウ科.pdf,bcdcd5ac593747d6d58321d4a696ec96fb963233541af2a4666c4a1fbd1d4fb1,2026-07-12,ホソバフジボグサ,,,,,,,,,,,,,480,日本の野生植物 第1巻,241,原PDF画像照合 + 全見出し監査,exclude_already_covered,,正名の客観プロフィールは既存データまたは先行監査で収録済み。
wildplants-vol1-coverage-0330,volume1_full_heading_reconciliation,1,日本の野生植物 1- ソテツ科～コミカンソウ科.pdf,bcdcd5ac593747d6d58321d4a696ec96fb963233541af2a4666c4a1fbd1d4fb1,2026-07-12,ヤハズエンドウ,Vicia sativa subsp. nigra,マメ科,FABACEAE,ソラマメ属,Vicia,つる状の一年草～越年草,茎長は最大150 cm,3～6月,本州～琉球（ヨーロッパから帰化）；ユーラシアの暖温帯,道端や野原などの日当たりのよい場所,,,481,日本の野生植物 第1巻,241,原PDF画像目視確認＋macOS Vision OCR補助＋手動要約,include,,原PDF画像で独立した番号付き種解説と本文境界を確認し、形態・生活形・生育地・分布・花期の客観的事実だけを要約。主観的評価、利用・採集上の助言、不確かなOCRは除外。 類似・近縁分類群は、原文に具体的な対照形質が明記されたものだけを収録。
wildplants-vol1-coverage-0331,volume1_full_heading_reconciliation,1,日本の野生植物 1- ソテツ科～コミカンソウ科.pdf,bcdcd5ac593747d6d58321d4a696ec96fb963233541af2a4666c4a1fbd1d4fb1,2026-07-12,オオバクサフジ,,,,,,,,,,,,,482,日本の野生植物 第1巻,242,原PDF画像照合 + 全見出し監査,exclude_already_covered,,正名の客観プロフィールは既存データまたは先行監査で収録済み。
wildplants-vol1-coverage-0332,volume1_full_heading_reconciliation,1,日本の野生植物 1- ソテツ科～コミカンソウ科.pdf,bcdcd5ac593747d6d58321d4a696ec96fb963233541af2a4666c4a1fbd1d4fb1,2026-07-12,ケツルアズキ,,,,,,,,,,,,,485,日本の野生植物 第1巻,243,原PDF画像照合 + 全見出し監査,exclude_not_numbered_species_entry,,検索表、別名・変種参照、または別種の番号付き解説へのOCR近似であり、独立した番号付き種解説ではない。
wildplants-vol1-coverage-0333,volume1_full_heading_reconciliation,1,日本の野生植物 1- ソテツ科～コミカンソウ科.pdf,bcdcd5ac593747d6d58321d4a696ec96fb963233541af2a4666c4a1fbd1d4fb1,2026-07-12,コチョウインゲン,,,,,,,,,,,,,484,日本の野生植物 第1巻,243,原PDF画像照合 + 全見出し監査,exclude_not_numbered_species_entry,,検索表、別名・変種参照、または別種の番号付き解説へのOCR近似であり、独立した番号付き種解説ではない。
wildplants-vol1-coverage-0334,volume1_full_heading_reconciliation,1,日本の野生植物 1- ソテツ科～コミカンソウ科.pdf,bcdcd5ac593747d6d58321d4a696ec96fb963233541af2a4666c4a1fbd1d4fb1,2026-07-12,ハマアズキ,Vigna marina,マメ科,FABACEAE,ササゲ属,Vigna,多年草,茎長は5 m以上,4～11月,屋久島～琉球・小笠原、世界の熱帯,海岸の砂浜,,,484,日本の野生植物 第1巻,243,原PDF画像目視確認＋macOS Vision OCR補助＋手動要約,include,ハマアスキ,原PDF画像で独立した番号付き種解説と本文境界を確認し、形態・生活形・生育地・分布・花期の客観的事実だけを要約。主観的評価、利用・採集上の助言、不確かなOCRは除外。 類似・近縁分類群は、原文に具体的な対照形質が明記されたものだけを収録。
wildplants-vol1-coverage-0335,volume1_full_heading_reconciliation,1,日本の野生植物 1- ソテツ科～コミカンソウ科.pdf,bcdcd5ac593747d6d58321d4a696ec96fb963233541af2a4666c4a1fbd1d4fb1,2026-07-12,フジ,Wisteria floribunda,マメ科,FABACEAE,フジ属,Wisteria,つる性の落葉木本,,,本州・四国・九州,低山地や平地の林縁、崖、林内,ヤマフジ,本種のつるは左巻き、ヤマフジのつるは右巻き,486,日本の野生植物 第1巻,244,原PDF画像目視確認＋macOS Vision OCR補助＋手動要約,include,,原PDF画像で独立した番号付き種解説と本文境界を確認し、形態・生活形・生育地・分布・花期の客観的事実だけを要約。主観的評価、利用・採集上の助言、不確かなOCRは除外。 類似・近縁分類群は、原文に具体的な対照形質が明記されたものだけを収録。
wildplants-vol1-coverage-0336,volume1_full_heading_reconciliation,1,日本の野生植物 1- ソテツ科～コミカンソウ科.pdf,bcdcd5ac593747d6d58321d4a696ec96fb963233541af2a4666c4a1fbd1d4fb1,2026-07-12,トウグミ,,,,,,,,,,,,,490,日本の野生植物 第1巻,246,原PDF画像照合 + 全見出し監査,exclude_not_numbered_species_entry,,検索表、別名・変種参照、または別種の番号付き解説へのOCR近似であり、独立した番号付き種解説ではない。
wildplants-vol1-coverage-0337,volume1_full_heading_reconciliation,1,日本の野生植物 1- ソテツ科～コミカンソウ科.pdf,bcdcd5ac593747d6d58321d4a696ec96fb963233541af2a4666c4a1fbd1d4fb1,2026-07-12,ナツグミ,Elaeagnus multiflora var. multiflora,グミ科,ELAEAGNACEAE,グミ属,Elaeagnus,落葉小高木,,,本州（青森県～近畿地方南部）,低地～山地,トウグミ,トウグミは葉の上面に鱗片がなく、若葉に早落性の星状毛が密生する,491,日本の野生植物 第1巻,246,原PDF画像目視確認＋macOS Vision OCR補助＋手動要約,include,ナッグミ,原PDF画像で独立した番号付き種解説と本文境界を確認し、形態・生活形・生育地・分布・花期の客観的事実だけを要約。主観的評価、利用・採集上の助言、不確かなOCRは除外。 類似・近縁分類群は、原文に具体的な対照形質が明記されたものだけを収録。
wildplants-vol1-coverage-0338,volume1_full_heading_reconciliation,1,日本の野生植物 1- ソテツ科～コミカンソウ科.pdf,bcdcd5ac593747d6d58321d4a696ec96fb963233541af2a4666c4a1fbd1d4fb1,2026-07-12,ケンポナシ,Hovenia dulcis,クロウメモドキ科,RHAMNACEAE,ケンポナシ属,Hovenia,落葉高木,,,北海道（奥尻島）・本州・四国・九州、朝鮮半島・中国に分布,,ケケンポナシ,ケンポナシは果実・花序・葉裏がふつう無毛で、葉は乾いても濃緑色。ケケンポナシは果実・花序・葉裏に褐色の毛があり、葉は乾くと赤褐色になる。,495,日本の野生植物 第1巻,248,原PDF画像目視確認＋手動要約,include,ケンボナシ,原PDF画像の番号付き種解説と2種を対照する検索表を確認。分布・生活形と、ケケンポナシとの具体的な識別形質だけを短く要約し、OCR誤名「ケンボナシ」を除去対象とした。
wildplants-vol1-coverage-0339,volume1_full_heading_reconciliation,1,日本の野生植物 1- ソテツ科～コミカンソウ科.pdf,bcdcd5ac593747d6d58321d4a696ec96fb963233541af2a4666c4a1fbd1d4fb1,2026-07-12,ツルコウゾ,,,,,,,,,,,,,504,日本の野生植物 第1巻,253,原PDF画像照合 + 全見出し監査,exclude_already_covered,,正名の客観プロフィールは既存データまたは先行監査で収録済み。
wildplants-vol1-coverage-0340,volume1_full_heading_reconciliation,1,日本の野生植物 1- ソテツ科～コミカンソウ科.pdf,bcdcd5ac593747d6d58321d4a696ec96fb963233541af2a4666c4a1fbd1d4fb1,2026-07-12,ホソバムクイヌビワ,,,,,,,,,,,,,506,日本の野生植物 第1巻,254,原PDF画像照合 + 全見出し監査,exclude_already_covered,,正名の客観プロフィールは既存データまたは先行監査で収録済み。
wildplants-vol1-coverage-0341,volume1_full_heading_reconciliation,1,日本の野生植物 1- ソテツ科～コミカンソウ科.pdf,bcdcd5ac593747d6d58321d4a696ec96fb963233541af2a4666c4a1fbd1d4fb1,2026-07-12,ヤマグワ,Morus australis,クワ科,MORACEAE,クワ属,Morus,落葉低木,,,南千島・北海道・本州・四国・九州・琉球、サハリン・中国・インドシナ半島・インド・ヒマラヤ,低山地の林内,,,508,日本の野生植物 第1巻,255,原PDF画像目視確認＋macOS Vision OCR補助＋手動要約,include,,原PDF画像で独立した番号付き種解説と本文境界を確認し、形態・生活形・生育地・分布・花期の客観的事実だけを要約。主観的評価、利用・採集上の助言、不確かなOCRは除外。
wildplants-vol1-coverage-0342,volume1_full_heading_reconciliation,1,日本の野生植物 1- ソテツ科～コミカンソウ科.pdf,bcdcd5ac593747d6d58321d4a696ec96fb963233541af2a4666c4a1fbd1d4fb1,2026-07-12,クサコアカソ,,,,,,,,,,,,,511,日本の野生植物 第1巻,256,原PDF画像照合 + 全見出し監査,exclude_not_numbered_species_entry,,検索表、別名・変種参照、または別種の番号付き解説へのOCR近似であり、独立した番号付き種解説ではない。
wildplants-vol1-coverage-0343,volume1_full_heading_reconciliation,1,日本の野生植物 1- ソテツ科～コミカンソウ科.pdf,bcdcd5ac593747d6d58321d4a696ec96fb963233541af2a4666c4a1fbd1d4fb1,2026-07-12,ケナガバヤブマオ,,,,,,,,,,,,,511,日本の野生植物 第1巻,256,原PDF画像照合 + 全見出し監査,exclude_not_numbered_species_entry,,検索表、別名・変種参照、または別種の番号付き解説へのOCR近似であり、独立した番号付き種解説ではない。
wildplants-vol1-coverage-0344,volume1_full_heading_reconciliation,1,日本の野生植物 1- ソテツ科～コミカンソウ科.pdf,bcdcd5ac593747d6d58321d4a696ec96fb963233541af2a4666c4a1fbd1d4fb1,2026-07-12,シマナガバヤブマオ,,,,,,,,,,,,,511,日本の野生植物 第1巻,256,原PDF画像照合 + 全見出し監査,exclude_not_numbered_species_entry,,検索表、別名・変種参照、または別種の番号付き解説へのOCR近似であり、独立した番号付き種解説ではない。
wildplants-vol1-coverage-0345,volume1_full_heading_reconciliation,1,日本の野生植物 1- ソテツ科～コミカンソウ科.pdf,bcdcd5ac593747d6d58321d4a696ec96fb963233541af2a4666c4a1fbd1d4fb1,2026-07-12,ツクシヤブマオ,,,,,,,,,,,,,510,日本の野生植物 第1巻,256,原PDF画像照合 + 全見出し監査,exclude_not_numbered_species_entry,,検索表、別名・変種参照、または別種の番号付き解説へのOCR近似であり、独立した番号付き種解説ではない。
wildplants-vol1-coverage-0346,volume1_full_heading_reconciliation,1,日本の野生植物 1- ソテツ科～コミカンソウ科.pdf,bcdcd5ac593747d6d58321d4a696ec96fb963233541af2a4666c4a1fbd1d4fb1,2026-07-12,メヤブマオ,Boehmeria platanifolia,イラクサ科,URTICACEAE,ヤブマオ属,Boehmeria,多年草,茎高は約1 m,8～10月,北海道～九州、朝鮮半島・中国,山麓の林下,マルバヤブマオ,本種は葉身の先が大きく3裂し、縁に粗い重鋸歯がある。マルバヤブマオは葉が分裂せず、縁の鋸歯がより細かい,511,日本の野生植物 第1巻,256,原PDF画像目視確認＋macOS Vision OCR補助＋手動要約,include,メヤプマオ,原PDF画像で独立した番号付き種解説と本文境界を確認し、形態・生活形・生育地・分布・花期の客観的事実だけを要約。主観的評価、利用・採集上の助言、不確かなOCRは除外。 類似・近縁分類群は、原文に具体的な対照形質が明記されたものだけを収録。
wildplants-vol1-coverage-0347,volume1_full_heading_reconciliation,1,日本の野生植物 1- ソテツ科～コミカンソウ科.pdf,bcdcd5ac593747d6d58321d4a696ec96fb963233541af2a4666c4a1fbd1d4fb1,2026-07-12,ヤエヤマラセイタソウ,,,,,,,,,,,,,510,日本の野生植物 第1巻,256,原PDF画像照合 + 全見出し監査,exclude_not_numbered_species_entry,,検索表、別名・変種参照、または別種の番号付き解説へのOCR近似であり、独立した番号付き種解説ではない。
wildplants-vol1-coverage-0348,volume1_full_heading_reconciliation,1,日本の野生植物 1- ソテツ科～コミカンソウ科.pdf,bcdcd5ac593747d6d58321d4a696ec96fb963233541af2a4666c4a1fbd1d4fb1,2026-07-12,アマミサンショウソウ,,,,,,,,,,,,,512,日本の野生植物 第1巻,257,原PDF画像照合 + 全見出し監査,exclude_not_numbered_species_entry,,検索表、別名・変種参照、または別種の番号付き解説へのOCR近似であり、独立した番号付き種解説ではない。
wildplants-vol1-coverage-0349,volume1_full_heading_reconciliation,1,日本の野生植物 1- ソテツ科～コミカンソウ科.pdf,bcdcd5ac593747d6d58321d4a696ec96fb963233541af2a4666c4a1fbd1d4fb1,2026-07-12,ヒメウワバミソウ,,,,,,,,,,,,,512,日本の野生植物 第1巻,257,原PDF画像照合 + 全見出し監査,exclude_not_numbered_species_entry,,検索表、別名・変種参照、または別種の番号付き解説へのOCR近似であり、独立した番号付き種解説ではない。
wildplants-vol1-coverage-0350,volume1_full_heading_reconciliation,1,日本の野生植物 1- ソテツ科～コミカンソウ科.pdf,bcdcd5ac593747d6d58321d4a696ec96fb963233541af2a4666c4a1fbd1d4fb1,2026-07-12,ホソバノキミズ,,,,,,,,,,,,,512,日本の野生植物 第1巻,257,原PDF画像照合 + 全見出し監査,exclude_not_numbered_species_entry,,検索表、別名・変種参照、または別種の番号付き解説へのOCR近似であり、独立した番号付き種解説ではない。
wildplants-vol1-coverage-0351,volume1_full_heading_reconciliation,1,日本の野生植物 1- ソテツ科～コミカンソウ科.pdf,bcdcd5ac593747d6d58321d4a696ec96fb963233541af2a4666c4a1fbd1d4fb1,2026-07-12,ヨナクニトキホコリ,,,,,,,,,,,,,512,日本の野生植物 第1巻,257,原PDF画像照合 + 全見出し監査,exclude_not_numbered_species_entry,,検索表、別名・変種参照、または別種の番号付き解説へのOCR近似であり、独立した番号付き種解説ではない。
wildplants-vol1-coverage-0352,volume1_full_heading_reconciliation,1,日本の野生植物 1- ソテツ科～コミカンソウ科.pdf,bcdcd5ac593747d6d58321d4a696ec96fb963233541af2a4666c4a1fbd1d4fb1,2026-07-12,アラゲサンショウソウ,Pellionia brevifolia,イラクサ科,URTICACEAE,サンショウソウ属,Pellionia,,,,長崎県・宮崎県・鹿児島県（甑島・高隈山）、中国南部,,,,515,日本の野生植物 第1巻,258,原PDF画像目視確認＋macOS Vision OCR補助＋手動要約,include,,原PDF画像で独立した番号付き種解説と本文境界を確認し、形態・生活形・生育地・分布・花期の客観的事実だけを要約。主観的評価、利用・採集上の助言、不確かなOCRは除外。 類似・近縁分類群は、原文に具体的な対照形質が明記されたものだけを収録。
wildplants-vol1-coverage-0353,volume1_full_heading_reconciliation,1,日本の野生植物 1- ソテツ科～コミカンソウ科.pdf,bcdcd5ac593747d6d58321d4a696ec96fb963233541af2a4666c4a1fbd1d4fb1,2026-07-12,ミズ,Pilea hamaoi,イラクサ科,URTICACEAE,ミズ属,Pilea,,,,北海道～九州、朝鮮半島・中国・極東ロシア,,,,516,日本の野生植物 第1巻,259,原PDF画像目視確認＋macOS Vision OCR補助＋手動要約,include,ミス,原PDF画像で独立した番号付き種解説と本文境界を確認し、形態・生活形・生育地・分布・花期の客観的事実だけを要約。主観的評価、利用・採集上の助言、不確かなOCRは除外。 類似・近縁分類群は、原文に具体的な対照形質が明記されたものだけを収録。
wildplants-vol1-coverage-0354,volume1_full_heading_reconciliation,1,日本の野生植物 1- ソテツ科～コミカンソウ科.pdf,bcdcd5ac593747d6d58321d4a696ec96fb963233541af2a4666c4a1fbd1d4fb1,2026-07-12,シマミズ,,,,,,,,,,,,,516,日本の野生植物 第1巻,259,原PDF画像照合 + 全見出し監査,exclude_not_numbered_species_entry,,検索表、別名・変種参照、または別種の番号付き解説へのOCR近似であり、独立した番号付き種解説ではない。
wildplants-vol1-coverage-0355,volume1_full_heading_reconciliation,1,日本の野生植物 1- ソテツ科～コミカンソウ科.pdf,bcdcd5ac593747d6d58321d4a696ec96fb963233541af2a4666c4a1fbd1d4fb1,2026-07-12,ソハヤキミズ,,,,,,,,,,,,,516,日本の野生植物 第1巻,259,原PDF画像照合 + 全見出し監査,exclude_not_numbered_species_entry,,検索表、別名・変種参照、または別種の番号付き解説へのOCR近似であり、独立した番号付き種解説ではない。
wildplants-vol1-coverage-0356,volume1_full_heading_reconciliation,1,日本の野生植物 1- ソテツ科～コミカンソウ科.pdf,bcdcd5ac593747d6d58321d4a696ec96fb963233541af2a4666c4a1fbd1d4fb1,2026-07-12,ヤンバルツルマオ,Pouzolzia zeylanica,イラクサ科,URTICACEAE,ツルマオ属,Pouzolzia,有毛の半低木,,,伊豆諸島（青ヶ島）・屋久島・琉球、中国南部・台湾・東南アジア・マレーシア・インド,,,,517,日本の野生植物 第1巻,259,原PDF画像目視確認＋macOS Vision OCR補助＋手動要約,include,,原PDF画像で独立した番号付き種解説と本文境界を確認し、形態・生活形・生育地・分布・花期の客観的事実だけを要約。主観的評価、利用・採集上の助言、不確かなOCRは除外。
wildplants-vol1-coverage-0357,volume1_full_heading_reconciliation,1,日本の野生植物 1- ソテツ科～コミカンソウ科.pdf,bcdcd5ac593747d6d58321d4a696ec96fb963233541af2a4666c4a1fbd1d4fb1,2026-07-12,エゾツルキンバイ,,,,,,,,,,,,,521,日本の野生植物 第1巻,261,原PDF画像照合 + 全見出し監査,exclude_already_covered,,正名の客観プロフィールは既存データまたは先行監査で収録済み。
wildplants-vol1-coverage-0358,volume1_full_heading_reconciliation,1,日本の野生植物 1- ソテツ科～コミカンソウ科.pdf,bcdcd5ac593747d6d58321d4a696ec96fb963233541af2a4666c4a1fbd1d4fb1,2026-07-12,シロバナノヘビイチゴ,Fragaria nipponica,バラ科,ROSACEAE,オランダイチゴ属,Fragaria,多年草,,5～7月,南千島・北海道・本州・九州（屋久島）、千島列島・韓国（済州島）,山地の草地や林縁,,,523,日本の野生植物 第1巻,262,原PDF画像目視確認＋macOS Vision OCR補助＋手動要約,include,,原PDF画像で独立した番号付き種解説と本文境界を確認し、形態・生活形・生育地・分布・花期の客観的事実だけを要約。主観的評価、利用・採集上の助言、不確かなOCRは除外。
wildplants-vol1-coverage-0359,volume1_full_heading_reconciliation,1,日本の野生植物 1- ソテツ科～コミカンソウ科.pdf,bcdcd5ac593747d6d58321d4a696ec96fb963233541af2a4666c4a1fbd1d4fb1,2026-07-12,オヘビイチゴ,,,,,,,,,,,,,527,日本の野生植物 第1巻,264,原PDF画像照合 + 全見出し監査,exclude_already_covered,,正名の客観プロフィールは既存データまたは先行監査で収録済み。
wildplants-vol1-coverage-0360,volume1_full_heading_reconciliation,1,日本の野生植物 1- ソテツ科～コミカンソウ科.pdf,bcdcd5ac593747d6d58321d4a696ec96fb963233541af2a4666c4a1fbd1d4fb1,2026-07-12,ヤブヘビイチゴ,,,,,,,,,,,,,526,日本の野生植物 第1巻,264,原PDF画像照合 + 全見出し監査,exclude_not_numbered_species_entry,,検索表、別名・変種参照、または別種の番号付き解説へのOCR近似であり、独立した番号付き種解説ではない。
wildplants-vol1-coverage-0361,volume1_full_heading_reconciliation,1,日本の野生植物 1- ソテツ科～コミカンソウ科.pdf,bcdcd5ac593747d6d58321d4a696ec96fb963233541af2a4666c4a1fbd1d4fb1,2026-07-12,アズマイバラ,,,,,,,,,,,,,529,日本の野生植物 第1巻,265,原PDF画像照合 + 全見出し監査,exclude_not_numbered_species_entry,,検索表、別名・変種参照、または別種の番号付き解説へのOCR近似であり、独立した番号付き種解説ではない。
wildplants-vol1-coverage-0362,volume1_full_heading_reconciliation,1,日本の野生植物 1- ソテツ科～コミカンソウ科.pdf,bcdcd5ac593747d6d58321d4a696ec96fb963233541af2a4666c4a1fbd1d4fb1,2026-07-12,テリハキンバイ,,,,,,,,,,,,,528,日本の野生植物 第1巻,265,原PDF画像照合 + 全見出し監査,exclude_already_covered,,正名の客観プロフィールは既存データまたは先行監査で収録済み。
wildplants-vol1-coverage-0363,volume1_full_heading_reconciliation,1,日本の野生植物 1- ソテツ科～コミカンソウ科.pdf,bcdcd5ac593747d6d58321d4a696ec96fb963233541af2a4666c4a1fbd1d4fb1,2026-07-12,ミツバツチグリ,,,,,,,,,,,,,528,日本の野生植物 第1巻,265,原PDF画像照合 + 全見出し監査,exclude_already_covered,,正名の客観プロフィールは既存データまたは先行監査で収録済み。
wildplants-vol1-coverage-0364,volume1_full_heading_reconciliation,1,日本の野生植物 1- ソテツ科～コミカンソウ科.pdf,bcdcd5ac593747d6d58321d4a696ec96fb963233541af2a4666c4a1fbd1d4fb1,2026-07-12,モリイバラ,,,,,,,,,,,,,529,日本の野生植物 第1巻,265,原PDF画像照合 + 全見出し監査,exclude_not_numbered_species_entry,,検索表、別名・変種参照、または別種の番号付き解説へのOCR近似であり、独立した番号付き種解説ではない。
wildplants-vol1-coverage-0365,volume1_full_heading_reconciliation,1,日本の野生植物 1- ソテツ科～コミカンソウ科.pdf,bcdcd5ac593747d6d58321d4a696ec96fb963233541af2a4666c4a1fbd1d4fb1,2026-07-12,ツクシアキツルイチゴ,,,,,,,,,,,,,530,日本の野生植物 第1巻,266,原PDF画像照合 + 全見出し監査,exclude_not_numbered_species_entry,,検索表、別名・変種参照、または別種の番号付き解説へのOCR近似であり、独立した番号付き種解説ではない。
wildplants-vol1-coverage-0366,volume1_full_heading_reconciliation,1,日本の野生植物 1- ソテツ科～コミカンソウ科.pdf,bcdcd5ac593747d6d58321d4a696ec96fb963233541af2a4666c4a1fbd1d4fb1,2026-07-12,エゾキイチゴ,,,,,,,,,,,,,532,日本の野生植物 第1巻,267,原PDF画像照合 + 全見出し監査,exclude_not_numbered_species_entry,,検索表、別名・変種参照、または別種の番号付き解説へのOCR近似であり、独立した番号付き種解説ではない。
wildplants-vol1-coverage-0367,volume1_full_heading_reconciliation,1,日本の野生植物 1- ソテツ科～コミカンソウ科.pdf,bcdcd5ac593747d6d58321d4a696ec96fb963233541af2a4666c4a1fbd1d4fb1,2026-07-12,キビノナワシロイチゴ,Rubus yoshinoi,バラ科,ROSACEAE,キイチゴ属,Rubus,つる状小低木,,,本州（宮城県南部～福島県、長野県、静岡県、中国地方）・九州（熊本県・宮崎県）、中国,日当たりのよい原野や林縁,,,535,日本の野生植物 第1巻,268,原PDF画像目視確認＋macOS Vision OCR補助＋手動要約,include,,原PDF画像で独立した番号付き種解説と本文境界を確認し、形態・生活形・生育地・分布・花期の客観的事実だけを要約。主観的評価、利用・採集上の助言、不確かなOCRは除外。
wildplants-vol1-coverage-0368,volume1_full_heading_reconciliation,1,日本の野生植物 1- ソテツ科～コミカンソウ科.pdf,bcdcd5ac593747d6d58321d4a696ec96fb963233541af2a4666c4a1fbd1d4fb1,2026-07-12,ニシムラキイチゴ,Rubus nishimuranus,バラ科,ROSACEAE,キイチゴ属,Rubus,直立する低木,（20～）30～60（～80）cm,,本州（伊豆諸島・小笠原諸島）,,,,535,日本の野生植物 第1巻,268,原PDF画像目視確認＋macOS Vision OCR補助＋手動要約,include,,原PDF画像で独立した番号付き種解説と本文境界を確認し、形態・生活形・生育地・分布・花期の客観的事実だけを要約。主観的評価、利用・採集上の助言、不確かなOCRは除外。
wildplants-vol1-coverage-0369,volume1_full_heading_reconciliation,1,日本の野生植物 1- ソテツ科～コミカンソウ科.pdf,bcdcd5ac593747d6d58321d4a696ec96fb963233541af2a4666c4a1fbd1d4fb1,2026-07-12,ナンブトウウチソウ,Sanguisorba obtusa,バラ科,ROSACEAE,ワレモコウ属,Sanguisorba,多年草,20～60 cm,8～9月,本州（早池峰山）,,,,538,日本の野生植物 第1巻,270,原PDF画像目視確認＋macOS Vision OCR補助＋手動要約,include,ナンプトウウチソウ,原PDF画像で独立した番号付き種解説と本文境界を確認し、形態・生活形・生育地・分布・花期の客観的事実だけを要約。主観的評価、利用・採集上の助言、不確かなOCRは除外。
wildplants-vol1-coverage-0370,volume1_full_heading_reconciliation,1,日本の野生植物 1- ソテツ科～コミカンソウ科.pdf,bcdcd5ac593747d6d58321d4a696ec96fb963233541af2a4666c4a1fbd1d4fb1,2026-07-12,ミヤマワレモコウ,,,,,,,,,,,,,537,日本の野生植物 第1巻,269,原PDF画像照合 + 全見出し監査,exclude_not_numbered_species_entry,,検索表、別名・変種参照、または別種の番号付き解説へのOCR近似であり、独立した番号付き種解説ではない。
wildplants-vol1-coverage-0371,volume1_full_heading_reconciliation,1,日本の野生植物 1- ソテツ科～コミカンソウ科.pdf,bcdcd5ac593747d6d58321d4a696ec96fb963233541af2a4666c4a1fbd1d4fb1,2026-07-12,アズキナシ,Aria alnifolia,バラ科,ROSACEAE,アズキナシ属,Aria,落葉高木,15 m以上,,北海道・本州・四国・九州、朝鮮半島・中国・ウスリー地方,低山地,,,540,日本の野生植物 第1巻,271,原PDF画像目視確認＋macOS Vision OCR補助＋手動要約,include,アスキナシ,原PDF画像で独立した番号付き種解説と本文境界を確認し、形態・生活形・生育地・分布・花期の客観的事実だけを要約。主観的評価、利用・採集上の助言、不確かなOCRは除外。
wildplants-vol1-coverage-0372,volume1_full_heading_reconciliation,1,日本の野生植物 1- ソテツ科～コミカンソウ科.pdf,bcdcd5ac593747d6d58321d4a696ec96fb963233541af2a4666c4a1fbd1d4fb1,2026-07-12,ヤマブキショウマ,Aruncus dioicus var. kamtschaticus,バラ科,ROSACEAE,ヤマブキショウマ属,Aruncus,雌雄異株の多年草,30～100 cm,6～8月,南千島・北海道～九州、ウスリー・サハリン・カムチャツカ半島・千島列島・朝鮮半島・中国,,アポイヤマブキショウマ、キレハヤマブキショウマ、ミヤマヤマブキショウマ、シマヤマブキショウマ,本種の小葉は薄い紙質で狭卵形～卵状円形、縁に欠刻状の二重鋸歯がある。アポイヤマブキショウマは小葉がやや硬く卵円形で鋸歯が鋭い。キレハヤマブキショウマは葉が卵状披針形で深く切れ込む。ミヤマヤマブキショウマは全体が小型で袋果が上を向く。シマヤマブキショウマは萼・花弁・花柱が長く、花弁が楕円形,540,日本の野生植物 第1巻,271,原PDF画像目視確認＋macOS Vision OCR補助＋手動要約,include,ヤマプキショウマ,原PDF画像で独立した番号付き種解説と本文境界を確認し、形態・生活形・生育地・分布・花期の客観的事実だけを要約。主観的評価、利用・採集上の助言、不確かなOCRは除外。 類似・近縁分類群は、原文に具体的な対照形質が明記されたものだけを収録。
wildplants-vol1-coverage-0373,volume1_full_heading_reconciliation,1,日本の野生植物 1- ソテツ科～コミカンソウ科.pdf,bcdcd5ac593747d6d58321d4a696ec96fb963233541af2a4666c4a1fbd1d4fb1,2026-07-12,マメザクラ,Cerasus incisa var. incisa,バラ科,ROSACEAE,サクラ属,Cerasus,落葉小高木または低木,3～8 m,,本州（関東・中部地方）,中部山地では亜高山帯、房総半島では海岸近くにも生育,ブコウマメザクラ、キンキマメザクラ,本種の葉は長さ2.8～4.8 cm、幅1.5～3 cmで両面に伏毛があり、花柄は1.2～1.9 cm、花床筒は筒形、雄蕊は約38個。ブコウマメザクラは葉が5～8×3～4 cmと幅広く両面がほぼ無毛。キンキマメザクラは花柄1～1.3 cm、花床筒が長い鐘形で雄蕊は約26個,542,日本の野生植物 第1巻,272,原PDF画像目視確認＋macOS Vision OCR補助＋手動要約,include,,原PDF画像で独立した番号付き種解説と本文境界を確認し、形態・生活形・生育地・分布・花期の客観的事実だけを要約。主観的評価、利用・採集上の助言、不確かなOCRは除外。 類似・近縁分類群は、原文に具体的な対照形質が明記されたものだけを収録。
wildplants-vol1-coverage-0374,volume1_full_heading_reconciliation,1,日本の野生植物 1- ソテツ科～コミカンソウ科.pdf,bcdcd5ac593747d6d58321d4a696ec96fb963233541af2a4666c4a1fbd1d4fb1,2026-07-12,カスミザクラ,Cerasus leveilleana,バラ科,ROSACEAE,サクラ属,Cerasus,落葉高木,幹高は最大20 m、径は最大70 cm,,北海道・本州・四国・九州、朝鮮半島・中国,,,,544,日本の野生植物 第1巻,273,原PDF画像目視確認＋macOS Vision OCR補助＋手動要約,include,,原PDF画像で独立した番号付き種解説と本文境界を確認し、形態・生活形・生育地・分布・花期の客観的事実だけを要約。主観的評価、利用・採集上の助言、不確かなOCRは除外。
wildplants-vol1-coverage-0375,volume1_full_heading_reconciliation,1,日本の野生植物 1- ソテツ科～コミカンソウ科.pdf,bcdcd5ac593747d6d58321d4a696ec96fb963233541af2a4666c4a1fbd1d4fb1,2026-07-12,エゾノコリンゴ,,,,,,,,,,,,,547,日本の野生植物 第1巻,274,原PDF画像照合 + 全見出し監査,exclude_already_covered,,正名の客観プロフィールは既存データまたは先行監査で収録済み。
wildplants-vol1-coverage-0376,volume1_full_heading_reconciliation,1,日本の野生植物 1- ソテツ科～コミカンソウ科.pdf,bcdcd5ac593747d6d58321d4a696ec96fb963233541af2a4666c4a1fbd1d4fb1,2026-07-12,バクチノキ,,,,,,,,,,,,,546,日本の野生植物 第1巻,274,原PDF画像照合 + 全見出し監査,exclude_already_covered,,正名の客観プロフィールは既存データまたは先行監査で収録済み。
wildplants-vol1-coverage-0377,volume1_full_heading_reconciliation,1,日本の野生植物 1- ソテツ科～コミカンソウ科.pdf,bcdcd5ac593747d6d58321d4a696ec96fb963233541af2a4666c4a1fbd1d4fb1,2026-07-12,エゾノウワミズザクラ,,,,,,,,,,,,,549,日本の野生植物 第1巻,275,原PDF画像照合 + 全見出し監査,exclude_already_covered,,正名の客観プロフィールは既存データまたは先行監査で収録済み。
wildplants-vol1-coverage-0378,volume1_full_heading_reconciliation,1,日本の野生植物 1- ソテツ科～コミカンソウ科.pdf,bcdcd5ac593747d6d58321d4a696ec96fb963233541af2a4666c4a1fbd1d4fb1,2026-07-12,コゴメウツギ,Neillia incisa,バラ科,ROSACEAE,スグリウツギ属,Neillia,落葉低木,最大2.5 m,,北海道・本州・四国・九州、朝鮮半島・中国東部・台湾,低山地,,,548,日本の野生植物 第1巻,275,原PDF画像目視確認＋macOS Vision OCR補助＋手動要約,include,コゴメウツキ,原PDF画像で独立した番号付き種解説と本文境界を確認し、形態・生活形・生育地・分布・花期の客観的事実だけを要約。主観的評価、利用・採集上の助言、不確かなOCRは除外。
wildplants-vol1-coverage-0379,volume1_full_heading_reconciliation,1,日本の野生植物 1- ソテツ科～コミカンソウ科.pdf,bcdcd5ac593747d6d58321d4a696ec96fb963233541af2a4666c4a1fbd1d4fb1,2026-07-12,カマツカ,Pourthiaea villosa var. villosa,バラ科,ROSACEAE,カマツカ属,Pourthiaea,落葉低木または小高木,3～4 m,,北海道・本州・四国・九州、朝鮮半島・中国,丘陵地・低山地,狭義のカマツカ、ワタゲカマツカ、ケカマツカ、ナガエカマツカ,狭義のカマツカは花時に白軟毛がまばらにあることがあるが花後は無毛。ワタゲカマツカは花時に若枝・葉柄・葉裏・花序柄・花床筒・萼片外面などへ白い綿毛が密生し、花後に多くが脱落する。ケカマツカは両者の中間程度の綿毛をもち、ナガエカマツカは葉柄が1～2 cm,550,日本の野生植物 第1巻,276,原PDF画像目視確認＋macOS Vision OCR補助＋手動要約,include,,原PDF画像で独立した番号付き種解説と本文境界を確認し、形態・生活形・生育地・分布・花期の客観的事実だけを要約。主観的評価、利用・採集上の助言、不確かなOCRは除外。 類似・近縁分類群は、原文に具体的な対照形質が明記されたものだけを収録。
wildplants-vol1-coverage-0380,volume1_full_heading_reconciliation,1,日本の野生植物 1- ソテツ科～コミカンソウ科.pdf,bcdcd5ac593747d6d58321d4a696ec96fb963233541af2a4666c4a1fbd1d4fb1,2026-07-12,ヘントウ,,,,,,,,,,,,,551,日本の野生植物 第1巻,276,原PDF画像照合 + 全見出し監査,exclude_not_numbered_species_entry,,検索表、別名・変種参照、または別種の番号付き解説へのOCR近似であり、独立した番号付き種解説ではない。
wildplants-vol1-coverage-0381,volume1_full_heading_reconciliation,1,日本の野生植物 1- ソテツ科～コミカンソウ科.pdf,bcdcd5ac593747d6d58321d4a696ec96fb963233541af2a4666c4a1fbd1d4fb1,2026-07-12,シロヤマブキ,Rhodotypos scandens,バラ科,ROSACEAE,シロヤマブキ属,Rhodotypos,落葉小低木,最大2 m,,本州（中国地方）、朝鮮半島・中国,,,,553,日本の野生植物 第1巻,277,原PDF画像目視確認＋macOS Vision OCR補助＋手動要約,include,シロヤマプキ,原PDF画像で独立した番号付き種解説と本文境界を確認し、形態・生活形・生育地・分布・花期の客観的事実だけを要約。主観的評価、利用・採集上の助言、不確かなOCRは除外。
wildplants-vol1-coverage-0382,volume1_full_heading_reconciliation,1,日本の野生植物 1- ソテツ科～コミカンソウ科.pdf,bcdcd5ac593747d6d58321d4a696ec96fb963233541af2a4666c4a1fbd1d4fb1,2026-07-12,ミチノクナシ,Pyrus ussuriensis var. ussuriensis,バラ科,ROSACEAE,ナシ属,Pyrus,落葉高木,最大15 m,,本州（岩手県）、ウスリー・中国北部～東北部・朝鮮半島,山地,アオナシ,本種は葉縁に芒状の鋭鋸歯があり、果実は黄緑色で皮目が少ないか、褐色で小型の皮目を密布する。アオナシの葉縁は芒状でない鋭鋸歯で、果皮は熟しても黄緑色、皮目が少ない,552,日本の野生植物 第1巻,277,原PDF画像目視確認＋macOS Vision OCR補助＋手動要約,include,,原PDF画像で独立した番号付き種解説と本文境界を確認し、形態・生活形・生育地・分布・花期の客観的事実だけを要約。主観的評価、利用・採集上の助言、不確かなOCRは除外。 類似・近縁分類群は、原文に具体的な対照形質が明記されたものだけを収録。
wildplants-vol1-coverage-0383,volume1_full_heading_reconciliation,1,日本の野生植物 1- ソテツ科～コミカンソウ科.pdf,bcdcd5ac593747d6d58321d4a696ec96fb963233541af2a4666c4a1fbd1d4fb1,2026-07-12,エゾノシジミバナ,,,,,,,,,,,,,555,日本の野生植物 第1巻,278,原PDF画像照合 + 全見出し監査,exclude_already_covered,,正名の客観プロフィールは既存データまたは先行監査で収録済み。
wildplants-vol1-coverage-0384,volume1_full_heading_reconciliation,1,日本の野生植物 1- ソテツ科～コミカンソウ科.pdf,bcdcd5ac593747d6d58321d4a696ec96fb963233541af2a4666c4a1fbd1d4fb1,2026-07-12,イブキシモツケ,Spiraea nervosa,バラ科,ROSACEAE,シモツケ属,Spiraea,落葉低木,1～1.5 m,,本州（近畿地方以西）・四国・九州,山地や海岸の岩礫地（しばしば石灰岩上）,,,556,日本の野生植物 第1巻,279,原PDF画像目視確認＋macOS Vision OCR補助＋手動要約,include,イプキシモツケ,原PDF画像で独立した番号付き種解説と本文境界を確認し、形態・生活形・生育地・分布・花期の客観的事実だけを要約。主観的評価、利用・採集上の助言、不確かなOCRは除外。
wildplants-vol1-coverage-0385,volume1_full_heading_reconciliation,1,日本の野生植物 1- ソテツ科～コミカンソウ科.pdf,bcdcd5ac593747d6d58321d4a696ec96fb963233541af2a4666c4a1fbd1d4fb1,2026-07-12,オキナワジィ,,,,,,,,,,,,,559,日本の野生植物 第1巻,280,原PDF画像照合 + 全見出し監査,exclude_not_numbered_species_entry,,検索表、別名・変種参照、または別種の番号付き解説へのOCR近似であり、独立した番号付き種解説ではない。
wildplants-vol1-coverage-0386,volume1_full_heading_reconciliation,1,日本の野生植物 1- ソテツ科～コミカンソウ科.pdf,bcdcd5ac593747d6d58321d4a696ec96fb963233541af2a4666c4a1fbd1d4fb1,2026-07-12,ツブラジイ,Castanopsis cuspidata,ブナ科,FAGACEAE,シイ属,Castanopsis,常緑高木,幹高は最大20 m、径は最大1 m,,本州（関東地方以南）・四国・九州（屋久島まで）、韓国（済州島）,,,,558,日本の野生植物 第1巻,280,原PDF画像目視確認＋macOS Vision OCR補助＋手動要約,include,ツプラジイ,原PDF画像で独立した番号付き種解説と本文境界を確認し、形態・生活形・生育地・分布・花期の客観的事実だけを要約。主観的評価、利用・採集上の助言、不確かなOCRは除外。
wildplants-vol1-coverage-0387,volume1_full_heading_reconciliation,1,日本の野生植物 1- ソテツ科～コミカンソウ科.pdf,bcdcd5ac593747d6d58321d4a696ec96fb963233541af2a4666c4a1fbd1d4fb1,2026-07-12,ブナ,,,,,,,,,,,,,559,日本の野生植物 第1巻,280,原PDF画像照合 + 全見出し監査,exclude_not_numbered_species_entry,,検索表、別名・変種参照、または別種の番号付き解説へのOCR近似であり、独立した番号付き種解説ではない。
wildplants-vol1-coverage-0388,volume1_full_heading_reconciliation,1,日本の野生植物 1- ソテツ科～コミカンソウ科.pdf,bcdcd5ac593747d6d58321d4a696ec96fb963233541af2a4666c4a1fbd1d4fb1,2026-07-12,コナラ,Quercus serrata subsp. serrata var. serrata,ブナ科,FAGACEAE,コナラ属,Quercus,落葉高木,幹高は最大15 m、径は最大60 cm,,北海道・本州・四国・九州,向陽の山野（温帯下部～暖帯）,アオナラ、テリハコナラ、マルバコナラ、タイワンコナラ,本種の葉柄は1～1.2 cmで葉裏は灰白色。アオナラは葉裏が淡緑色で白みを欠き葉柄がやや長い。テリハコナラは葉が厚く光沢があり長楕円状披針形。マルバコナラは葉が14～16 cmで基部が円心形。タイワンコナラは葉柄が3～4 mmと短い,561,日本の野生植物 第1巻,281,原PDF画像目視確認＋macOS Vision OCR補助＋手動要約,include,,原PDF画像で独立した番号付き種解説と本文境界を確認し、形態・生活形・生育地・分布・花期の客観的事実だけを要約。主観的評価、利用・採集上の助言、不確かなOCRは除外。 類似・近縁分類群は、原文に具体的な対照形質が明記されたものだけを収録。
wildplants-vol1-coverage-0389,volume1_full_heading_reconciliation,1,日本の野生植物 1- ソテツ科～コミカンソウ科.pdf,bcdcd5ac593747d6d58321d4a696ec96fb963233541af2a4666c4a1fbd1d4fb1,2026-07-12,ナラガシワ,Quercus aliena,ブナ科,FAGACEAE,コナラ属,Quercus,落葉高木,幹高は最大25 m、径は最大90 cm,,本州（岩手県・秋田県以南）・四国・九州、朝鮮半島・中国・台湾・インドシナ～ヒマラヤ,山野,アオナラガシワ,本種の若葉は裏面に星状毛を密生する。アオナラガシワは若葉の星状毛が少ないかほとんどない,561,日本の野生植物 第1巻,281,原PDF画像目視確認＋macOS Vision OCR補助＋手動要約,include,,原PDF画像で独立した番号付き種解説と本文境界を確認し、形態・生活形・生育地・分布・花期の客観的事実だけを要約。主観的評価、利用・採集上の助言、不確かなOCRは除外。 類似・近縁分類群は、原文に具体的な対照形質が明記されたものだけを収録。
wildplants-vol1-coverage-0390,volume1_full_heading_reconciliation,1,日本の野生植物 1- ソテツ科～コミカンソウ科.pdf,bcdcd5ac593747d6d58321d4a696ec96fb963233541af2a4666c4a1fbd1d4fb1,2026-07-12,ミズナラ,Quercus crispula var. crispula,ブナ科,FAGACEAE,コナラ属,Quercus,落葉高木,幹高は最大30 m、径は最大1.5 m,,南千島・北海道・本州・四国・九州、南サハリン・朝鮮半島,温帯を中心に一部は亜寒帯に及び、ブナなどと混生または純林を形成,ミヤマナラ,本種は高木で葉は7～15 cm、堅果は2～3 cm。ミヤマナラは幹が平伏して低木状になり、葉は6～9 cmで鋭鋸歯がやや多く、堅果も小さい,561,日本の野生植物 第1巻,281,原PDF画像目視確認＋macOS Vision OCR補助＋手動要約,include,,原PDF画像で独立した番号付き種解説と本文境界を確認し、形態・生活形・生育地・分布・花期の客観的事実だけを要約。主観的評価、利用・採集上の助言、不確かなOCRは除外。 類似・近縁分類群は、原文に具体的な対照形質が明記されたものだけを収録。
wildplants-vol1-coverage-0391,volume1_full_heading_reconciliation,1,日本の野生植物 1- ソテツ科～コミカンソウ科.pdf,bcdcd5ac593747d6d58321d4a696ec96fb963233541af2a4666c4a1fbd1d4fb1,2026-07-12,オキナワウラジロガシ,Quercus miyagii,ブナ科,FAGACEAE,コナラ属,Quercus,常緑高木,幹高は最大20 m、径は最大1 m,,日本固有；奄美大島・徳之島・沖縄島・久米島・石垣島・西表島,,,,562,日本の野生植物 第1巻,282,原PDF画像目視確認＋macOS Vision OCR補助＋手動要約,include,,原PDF画像で独立した番号付き種解説と本文境界を確認し、形態・生活形・生育地・分布・花期の客観的事実だけを要約。主観的評価、利用・採集上の助言、不確かなOCRは除外。
wildplants-vol1-coverage-0392,volume1_full_heading_reconciliation,1,日本の野生植物 1- ソテツ科～コミカンソウ科.pdf,bcdcd5ac593747d6d58321d4a696ec96fb963233541af2a4666c4a1fbd1d4fb1,2026-07-12,ヒメヤシャブシ,Alnus pendula,カバノキ科,BETULACEAE,ハンノキ属,Alnus,大型の落葉低木または小高木,4～7（～12）m,,北海道・本州（主として日本海側）,崩壊地や、ときに岩壁など,,,568,日本の野生植物 第1巻,285,原PDF画像目視確認＋macOS Vision OCR補助＋手動要約,include,ヒメヤシャプシ,原PDF画像で独立した番号付き種解説と本文境界を確認し、形態・生活形・生育地・分布・花期の客観的事実だけを要約。主観的評価、利用・採集上の助言、不確かなOCRは除外。
wildplants-vol1-coverage-0393,volume1_full_heading_reconciliation,1,日本の野生植物 1- ソテツ科～コミカンソウ科.pdf,bcdcd5ac593747d6d58321d4a696ec96fb963233541af2a4666c4a1fbd1d4fb1,2026-07-12,ヤハズハンノキ,Alnus matsumurae,カバノキ科,BETULACEAE,ハンノキ属,Alnus,落葉小高木または大型低木,10～15 m,,日本固有。山形県～福井県を中心に分布し、長野県・山梨県・静岡県の山地にも分布,本州日本海側の多雪地帯にある深山の疎開地・崩壊地,,,569,日本の野生植物 第1巻,285,原PDF画像目視確認＋macOS Vision OCR補助＋手動要約,include,ヤハスハンノキ,原PDFの番号付き種解説と本文境界を確認。客観的プロフィールと具体的な識別形質だけを抽出し、主観・利用記述・不確かな記述は除外。
wildplants-vol1-coverage-0394,volume1_full_heading_reconciliation,1,日本の野生植物 1- ソテツ科～コミカンソウ科.pdf,bcdcd5ac593747d6d58321d4a696ec96fb963233541af2a4666c4a1fbd1d4fb1,2026-07-12,アポイカンバ,Betula apoiensis,カバノキ科,BETULACEAE,カバノキ属,Betula,落葉低木,約1 m,,北海道・アポイ岳固有,標高600～700 m付近の尾根沿い斜面。ダケカンバ林に接して小林分をつくる,ヤチカンバ,本種は葉の基部が通常円形～鈍形、側脈6～8対、果穂10～30×6～12 mmで、果鱗の中裂片は斜上する側裂片より長い。ヤチカンバは葉の基部が鋭形、側脈4～7対、果穂10～20×7～8 mmで、中裂片と側裂片がほぼ同長,571,日本の野生植物 第1巻,286,原PDF画像目視確認＋macOS Vision OCR補助＋手動要約,include,アボイカンバ,原PDFの番号付き種解説と本文境界を確認。客観的プロフィールと具体的な識別形質だけを抽出し、主観・利用記述・不確かな記述は除外。
wildplants-vol1-coverage-0395,volume1_full_heading_reconciliation,1,日本の野生植物 1- ソテツ科～コミカンソウ科.pdf,bcdcd5ac593747d6d58321d4a696ec96fb963233541af2a4666c4a1fbd1d4fb1,2026-07-12,シラカンバ,Betula platyphylla,カバノキ科,BETULACEAE,カバノキ属,Betula,落葉高木,最大30 m,,択捉島・国後島・色丹島・北海道・本州中部以北、サハリン・カムチャツカ半島・朝鮮半島・中国・中～東シベリア,,ダケカンバ,本種は果穂が下垂し、樹皮が白色、葉は三角状広卵形～三角形で側脈5～8（～11）対。ダケカンバは果穂が上向き、樹皮が褐色で、側脈7～12（～15）対,570,日本の野生植物 第1巻,286,原PDF画像目視確認＋macOS Vision OCR補助＋手動要約,include,,骨格判定は除外だったが、原PDF画像で「3.シラカンバ」の独立した番号付き種解説を確認したためincludeへ訂正。客観的プロフィールと具体的な識別形質だけを抽出し、主観・利用記述・不確かな記述は除外。
wildplants-vol1-coverage-0396,volume1_full_heading_reconciliation,1,日本の野生植物 1- ソテツ科～コミカンソウ科.pdf,bcdcd5ac593747d6d58321d4a696ec96fb963233541af2a4666c4a1fbd1d4fb1,2026-07-12,チチブミネバリ,Betula chichibuensis,カバノキ科,BETULACEAE,カバノキ属,Betula,落葉小高木,8～10 m,,日本固有。本州の秩父山地および岩手県太平洋側,石灰岩地帯の岩壁・尾根筋,オノオレカンバ,本種は小枝にほとんど腺点がなく、果穂は1.5～2.5 cm、果鱗外面に軟毛が密生し、葉の側脈は14～18対。オノオレカンバは小枝に明瞭な腺点があり、果穂は2～4 cm、果鱗外面にも腺点があり、側脈は9～12対,571,日本の野生植物 第1巻,286,原PDF画像目視確認＋macOS Vision OCR補助＋手動要約,include,チチプミネバリ,原PDFの番号付き種解説と本文境界を確認。客観的プロフィールと具体的な識別形質だけを抽出し、主観・利用記述・不確かな記述は除外。
wildplants-vol1-coverage-0397,volume1_full_heading_reconciliation,1,日本の野生植物 1- ソテツ科～コミカンソウ科.pdf,bcdcd5ac593747d6d58321d4a696ec96fb963233541af2a4666c4a1fbd1d4fb1,2026-07-12,アサダ,Ostrya japonica,カバノキ科,BETULACEAE,アサダ属,Ostrya,落葉高木,15～20 m,,北海道（北部を除く）・本州・四国・九州（霧島山まで）、韓国（済州島・莞島）・中国（湖北省・四川省など）,山地の日当たりのよい適湿地,,,573,日本の野生植物 第1巻,287,原PDF画像目視確認＋macOS Vision OCR補助＋手動要約,include,,原PDFの番号付き種解説と本文境界を確認。客観的プロフィールと具体的な識別形質だけを抽出し、主観・利用記述・不確かな記述は除外。
wildplants-vol1-coverage-0398,volume1_full_heading_reconciliation,1,日本の野生植物 1- ソテツ科～コミカンソウ科.pdf,bcdcd5ac593747d6d58321d4a696ec96fb963233541af2a4666c4a1fbd1d4fb1,2026-07-12,オキナワスズメウリ,Diplocyclos palmatus,ウリ科,CUCURBITACEAE,オキナワスズメウリ属,Diplocyclos,一年生のつる草,,,吐噶喇列島以南、台湾・中国南部・ネパール・インド・マレーシア・フィリピン・スリランカ・タイ・ベトナム・オーストラリア・熱帯アフリカ,,,,576,日本の野生植物 第1巻,289,原PDF画像目視確認＋macOS Vision OCR補助＋手動要約,include,オキナワスメメウリ,原PDFの番号付き種解説と本文境界を確認。客観的プロフィールと具体的な識別形質だけを抽出し、主観・利用記述・不確かな記述は除外。
wildplants-vol1-coverage-0399,volume1_full_heading_reconciliation,1,日本の野生植物 1- ソテツ科～コミカンソウ科.pdf,bcdcd5ac593747d6d58321d4a696ec96fb963233541af2a4666c4a1fbd1d4fb1,2026-07-12,ミヤマニガウリ,Schizopepon bryoniifolius,ウリ科,CUCURBITACEAE,ミヤマニガウリ属,Schizopepon,一年生のつる性草本,,8～9月,南千島・北海道・本州・九州、サハリン・ウスリー・朝鮮半島・中国東北部,深山・山地,,,576,日本の野生植物 第1巻,289,原PDF画像目視確認＋macOS Vision OCR補助＋手動要約,include,,原PDFの番号付き種解説と本文境界を確認。客観的プロフィールと具体的な識別形質だけを抽出し、主観・利用記述・不確かな記述は除外。
wildplants-vol1-coverage-0400,volume1_full_heading_reconciliation,1,日本の野生植物 1- ソテツ科～コミカンソウ科.pdf,bcdcd5ac593747d6d58321d4a696ec96fb963233541af2a4666c4a1fbd1d4fb1,2026-07-12,カラスウリ,Trichosanthes cucumeroides,ウリ科,CUCURBITACEAE,カラスウリ属,Trichosanthes,つる草,,8～9月,東北地方南部～四国・九州、中国・台湾,,ケカラスウリ,本種は巻きひげが分枝しないか2分枝し、萼裂片は3～4 mm。ケカラスウリは巻きひげが2～4分枝し、萼裂片は8～15 mm,578,日本の野生植物 第1巻,290,原PDF画像目視確認＋macOS Vision OCR補助＋手動要約,include,,原PDFの番号付き種解説と本文境界を確認。客観的プロフィールと具体的な識別形質だけを抽出し、主観・利用記述・不確かな記述は除外。
wildplants-vol1-coverage-0401,volume1_full_heading_reconciliation,1,日本の野生植物 1- ソテツ科～コミカンソウ科.pdf,bcdcd5ac593747d6d58321d4a696ec96fb963233541af2a4666c4a1fbd1d4fb1,2026-07-12,ケカラスウリ,Trichosanthes ovigera var. ovigera,ウリ科,CUCURBITACEAE,カラスウリ属,Trichosanthes,つる草,,,大隅半島南部～琉球、台湾・中国南部・東南アジア,,カラスウリ,本種は巻きひげが2～4分枝し、萼裂片は8～15 mm。カラスウリは巻きひげが分枝しないか2分枝し、萼裂片は3～4 mm,578,日本の野生植物 第1巻,290,原PDF画像目視確認＋macOS Vision OCR補助＋手動要約,include,,原PDFの番号付き種解説と本文境界を確認。客観的プロフィールと具体的な識別形質だけを抽出し、主観・利用記述・不確かな記述は除外。
wildplants-vol1-coverage-0402,volume1_full_heading_reconciliation,1,日本の野生植物 1- ソテツ科～コミカンソウ科.pdf,bcdcd5ac593747d6d58321d4a696ec96fb963233541af2a4666c4a1fbd1d4fb1,2026-07-12,イワウメヅル,Celastrus flagellaris,ニシキギ科,CELASTRACEAE,ツルウメモドキ属,Celastrus,落葉藤本,,,本州・四国・九州、朝鮮半島・中国東北部・アムール,暖帯～温帯の山地の林縁,リュウキュウツルウメモドキ・ツルウメモドキ・テリハツルウメモドキ・オオツルウメモドキ,本種は当年枝・前年枝に乳頭状突起を密生し、托葉が刺として残り、葉は2～5 cmで鋸歯が芒状。ほかの4種は枝が平滑または短毛で托葉が早落し、葉は5～11 cmで鋸歯が芒状にならない,581,日本の野生植物 第1巻,291,原PDF画像目視確認＋macOS Vision OCR補助＋手動要約,include,,原PDFの番号付き種解説と本文境界を確認。客観的プロフィールと具体的な識別形質だけを抽出し、主観・利用記述・不確かな記述は除外。
wildplants-vol1-coverage-0403,volume1_full_heading_reconciliation,1,日本の野生植物 1- ソテツ科～コミカンソウ科.pdf,bcdcd5ac593747d6d58321d4a696ec96fb963233541af2a4666c4a1fbd1d4fb1,2026-07-12,オオツルウメモドキ,Celastrus stephanotidifolius,ニシキギ科,CELASTRACEAE,ツルウメモドキ属,Celastrus,落葉藤本,,,本州（岩手県以南）・四国・九州、朝鮮半島南部,暖帯・温帯の山野の林縁,イワウメヅル・リュウキュウツルウメモドキ・ツルウメモドキ・テリハツルウメモドキ,本種は当年枝と花序に短毛があり、葉の下面の脈沿いに縮毛がある。同属のほか4種はこの形質の組合せを欠く,581,日本の野生植物 第1巻,291,原PDF画像目視確認＋macOS Vision OCR補助＋手動要約,include,,原PDFの番号付き種解説と本文境界を確認。客観的プロフィールと具体的な識別形質だけを抽出し、主観・利用記述・不確かな記述は除外。
wildplants-vol1-coverage-0404,volume1_full_heading_reconciliation,1,日本の野生植物 1- ソテツ科～コミカンソウ科.pdf,bcdcd5ac593747d6d58321d4a696ec96fb963233541af2a4666c4a1fbd1d4fb1,2026-07-12,リュウキュウマユミ,Euonymus lutchuensis,ニシキギ科,CELASTRACEAE,ニシキギ属,Euonymus,常緑低木,1.5～4 m,,日本固有。九州（大隅半島・薩摩半島）～琉球全域,山地の常緑樹林の林縁,ヤンバルマユミ,本種は前年枝が通常緑色、葉は披針形～狭卵形で幅0.7～3 cm、花序柄1～4 cm、花柄3～5 mm、花径約6 mm。ヤンバルマユミは前年枝が通常灰色、葉は菱状楕円形～広卵形で幅2.5～5 cm、花序柄約0.2 cm、花柄8～10 mm、花径15～20 mm,583,日本の野生植物 第1巻,292,原PDF画像目視確認＋macOS Vision OCR補助＋手動要約,include,,原PDFの番号付き種解説と本文境界を確認。客観的プロフィールと具体的な識別形質だけを抽出し、主観・利用記述・不確かな記述は除外。
wildplants-vol1-coverage-0405,volume1_full_heading_reconciliation,1,日本の野生植物 1- ソテツ科～コミカンソウ科.pdf,bcdcd5ac593747d6d58321d4a696ec96fb963233541af2a4666c4a1fbd1d4fb1,2026-07-12,ウメバチソウ,Parnassia palustris var. palustris,ニシキギ科,CELASTRACEAE,ウメバチソウ属,Parnassia,多年草,花茎（5～）10～50 cm,8～10月,北海道～九州、台湾・東アジア北部・サハリン・千島列島,山地の日当たりのよい湿地,コウメバチソウ,本種は花径2～2.5 cm、仮雄蕊は糸状に15～22裂する。高山型のコウメバチソウは全体に小型で花径約1 cm、仮雄蕊は通常8～11裂する,585,日本の野生植物 第1巻,293,原PDF画像目視確認＋macOS Vision OCR補助＋手動要約,include,,原PDFの番号付き種解説と本文境界を確認。客観的プロフィールと具体的な識別形質だけを抽出し、主観・利用記述・不確かな記述は除外。
wildplants-vol1-coverage-0406,volume1_full_heading_reconciliation,1,日本の野生植物 1- ソテツ科～コミカンソウ科.pdf,bcdcd5ac593747d6d58321d4a696ec96fb963233541af2a4666c4a1fbd1d4fb1,2026-07-12,ハリツルマサキ,Gymnosporia diversifolia,ニシキギ科,CELASTRACEAE,ハリツルマサキ属,Gymnosporia,半つる性の常緑低木,通常1～2 m（まれに4 m）,,奄美・琉球、台湾・中国南部・ベトナム・マレーシア・フィリピン・タイ,海岸の隆起サンゴ礁石灰岩上,,,584,日本の野生植物 第1巻,293,原PDF画像目視確認＋macOS Vision OCR補助＋手動要約,include,,原PDFの番号付き種解説と本文境界を確認。客観的プロフィールと具体的な識別形質だけを抽出し、主観・利用記述・不確かな記述は除外。
wildplants-vol1-coverage-0407,volume1_full_heading_reconciliation,1,日本の野生植物 1- ソテツ科～コミカンソウ科.pdf,bcdcd5ac593747d6d58321d4a696ec96fb963233541af2a4666c4a1fbd1d4fb1,2026-07-12,アマミカタバミ,Oxalis exilis,カタバミ科,OXALIDACEAE,カタバミ属,Oxalis,多年草,,4～10月,奄美大島、オーストラリア・ニュージーランド,河川岸辺の湿った岩上にあるコケの中,エゾタチカタバミ,本種は地上茎が地表をはい、茎・葉柄・花序柄はほぼ無毛、小葉幅5 mm未満、花径約5 mm。エゾタチカタバミは地上茎が直立し、茎・葉柄・花序柄に毛があり、小葉幅15～20 mm、花径約8 mm,587,日本の野生植物 第1巻,294,原PDF画像目視確認＋macOS Vision OCR補助＋手動要約,include,アマミカタパミ,原PDFの番号付き種解説と本文境界を確認。客観的プロフィールと具体的な識別形質だけを抽出し、主観・利用記述・不確かな記述は除外。
wildplants-vol1-coverage-0408,volume1_full_heading_reconciliation,1,日本の野生植物 1- ソテツ科～コミカンソウ科.pdf,bcdcd5ac593747d6d58321d4a696ec96fb963233541af2a4666c4a1fbd1d4fb1,2026-07-12,クロヅル,Tripterygium wilfordii,ニシキギ科,CELASTRACEAE,クロヅル属,Tripterygium,落葉藤本,,,本州（東北～関東北部・北陸・紀伊・中国山地）・四国・九州、朝鮮半島・中国・台湾・ミャンマー,山地の林縁・林内,コバノクロヅル,本種は花序の枝と花柄に微細な突起毛を密生し、花径約6 mm、花柄の関節は中央より少し下。コバノクロヅルは花序が無毛で、花径約5 mm、関節は花柄の基部近く,586,日本の野生植物 第1巻,294,原PDF画像目視確認＋macOS Vision OCR補助＋手動要約,include,,原PDFの番号付き種解説と本文境界を確認。客観的プロフィールと具体的な識別形質だけを抽出し、主観・利用記述・不確かな記述は除外。
wildplants-vol1-coverage-0409,volume1_full_heading_reconciliation,1,日本の野生植物 1- ソテツ科～コミカンソウ科.pdf,bcdcd5ac593747d6d58321d4a696ec96fb963233541af2a4666c4a1fbd1d4fb1,2026-07-12,コバノクロヅル,Tripterygium doianum,ニシキギ科,CELASTRACEAE,クロヅル属,Tripterygium,落葉藤本,,,日本固有。九州南部（市房山・霧島山・高隈山・屋久島）,山地の林縁・林内,クロヅル,本種は花序が無毛で、花径約5 mm、花柄の関節は基部近く。クロヅルは花序の枝と花柄に微細な突起毛を密生し、花径約6 mm、関節は花柄の中央より少し下,586,日本の野生植物 第1巻,294,原PDF画像目視確認＋macOS Vision OCR補助＋手動要約,include,,骨格の和名「コバノクロツル」は誤り。原PDF画像の検索表と番号付き種解説、および現行正名に従い「コバノクロヅル」へ訂正。客観的プロフィールと具体的な識別形質だけを抽出。
wildplants-vol1-coverage-0410,volume1_full_heading_reconciliation,1,日本の野生植物 1- ソテツ科～コミカンソウ科.pdf,bcdcd5ac593747d6d58321d4a696ec96fb963233541af2a4666c4a1fbd1d4fb1,2026-07-12,オオバヒルギ,Rhizophora stylosa,ヒルギ科,RHIZOPHORACEAE,オオバヒルギ属,Rhizophora,常緑高木,約10 m,,琉球（沖縄島・宮古島・石垣島・西表島）、台湾・中国南部・東南アジア・太平洋諸島・オーストラリア北部・東アフリカ,マングローブ,,,591,日本の野生植物 第1巻,296,原PDF画像目視確認＋macOS Vision OCR補助＋手動要約,include,,原PDFの番号付き種解説と本文境界を確認。客観的プロフィールと具体的な識別形質だけを抽出し、主観・利用記述・不確かな記述は除外。
wildplants-vol1-coverage-0411,volume1_full_heading_reconciliation,1,日本の野生植物 1- ソテツ科～コミカンソウ科.pdf,bcdcd5ac593747d6d58321d4a696ec96fb963233541af2a4666c4a1fbd1d4fb1,2026-07-12,キダチアミガサソウ,,,,,,,,,,,,,592,日本の野生植物 第1巻,297,原PDF画像照合 + 全見出し監査,exclude_not_numbered_species_entry,,検索表、別名・変種参照、または別種の番号付き解説へのOCR近似であり、独立した番号付き種解説ではない。
wildplants-vol1-coverage-0412,volume1_full_heading_reconciliation,1,日本の野生植物 1- ソテツ科～コミカンソウ科.pdf,bcdcd5ac593747d6d58321d4a696ec96fb963233541af2a4666c4a1fbd1d4fb1,2026-07-12,ヒメアミガサソウ,,,,,,,,,,,,,592,日本の野生植物 第1巻,297,原PDF画像照合 + 全見出し監査,exclude_not_numbered_species_entry,,検索表、別名・変種参照、または別種の番号付き解説へのOCR近似であり、独立した番号付き種解説ではない。
wildplants-vol1-coverage-0413,volume1_full_heading_reconciliation,1,日本の野生植物 1- ソテツ科～コミカンソウ科.pdf,bcdcd5ac593747d6d58321d4a696ec96fb963233541af2a4666c4a1fbd1d4fb1,2026-07-12,ヒュウガタイゲキ,,,,,,,,,,,,,594,日本の野生植物 第1巻,298,原PDF画像照合 + 全見出し監査,exclude_not_numbered_species_entry,,検索表、別名・変種参照、または別種の番号付き解説へのOCR近似であり、独立した番号付き種解説ではない。
wildplants-vol1-coverage-0414,volume1_full_heading_reconciliation,1,日本の野生植物 1- ソテツ科～コミカンソウ科.pdf,bcdcd5ac593747d6d58321d4a696ec96fb963233541af2a4666c4a1fbd1d4fb1,2026-07-12,マツバトウダイ,,,,,,,,,,,,,596,日本の野生植物 第1巻,299,原PDF画像照合 + 全見出し監査,exclude_not_numbered_species_entry,,検索表、別名・変種参照、または別種の番号付き解説へのOCR近似であり、独立した番号付き種解説ではない。
wildplants-vol1-coverage-0415,volume1_full_heading_reconciliation,1,日本の野生植物 1- ソテツ科～コミカンソウ科.pdf,bcdcd5ac593747d6d58321d4a696ec96fb963233541af2a4666c4a1fbd1d4fb1,2026-07-12,アブラギリ,Vernicia cordata,トウダイグサ科,EUPHORBIACEAE,アブラギリ属,Vernicia,落葉高木,最大15 m,,本州中部以西・四国・九州,山地,カントンアブラギリ・オオアブラギリ,本種は成木の葉の少なくとも一部が通常3裂し裏面はやや粉白色、果実は扁球形で径約2.5 cm、いぼがない。カントンアブラギリは葉が通常3～5裂し裏面は緑色、果実は球形で径3～5 cm、表面にいぼがある。オオアブラギリは成木の葉が通常全縁で、果実は径4～5 cm、溝や稜がない,602,日本の野生植物 第1巻,302,原PDF画像目視確認＋macOS Vision OCR補助＋手動要約,include,アプラギリ,原PDFの番号付き種解説と本文境界を確認。客観的プロフィールと具体的な識別形質だけを抽出し、主観・利用記述・不確かな記述は除外。
wildplants-vol1-coverage-0416,volume1_full_heading_reconciliation,1,日本の野生植物 1- ソテツ科～コミカンソウ科.pdf,bcdcd5ac593747d6d58321d4a696ec96fb963233541af2a4666c4a1fbd1d4fb1,2026-07-12,アカハダコバンノキ,,,,,,,,,,,,,605,日本の野生植物 第1巻,303,原PDF画像照合 + 全見出し監査,exclude_already_covered,,正名の客観プロフィールは既存データまたは先行監査で収録済み。
wildplants-vol2-coverage-0001,volume2_full_heading_reconciliation,2,日本の野生植物 2- ミゾハコベ科～スイカズラ科 ―フィールド版―改訂新版.pdf,2d104638c72cbfc58f17ab38223bce3d7798f72abc2d14fa4495a3a7546f3b12,2026-07-12,ササキカズラ,Ryssopterys timoriensis,キントラノオ科,MALPIGHIACEAE,ササキカズラ属,Ryssopterys,常緑のつる性木本,,,琉球（沖縄島・宮古島・石垣島・西表島・波照間島・与那国島）、台湾（蘭嶼）・フィリピン・インドネシア・オーストラリア北東部・メラネシアなど,マングローブ内,,,33,日本の野生植物 第2巻,17,原PDF画像目視確認＋macOS Vision OCR補助＋手動要約,include,ササキカスラ,原PDF画像で番号付き種記載と本文境界を確認し、明記された客観的事実だけを短く構造化。 OCR誤名「ササキカスラ」を置換。
wildplants-vol2-coverage-0002,volume2_full_heading_reconciliation,2,日本の野生植物 2- ミゾハコベ科～スイカズラ科 ―フィールド版―改訂新版.pdf,2d104638c72cbfc58f17ab38223bce3d7798f72abc2d14fa4495a3a7546f3b12,2026-07-12,ドロヤナギ,Populus suaveolens Fisch.,ヤナギ科,SALICACEAE,ヤマナラシ属,Populus,高木,約30 m,,択捉島・北海道・本州中部以北、ロシア極東・朝鮮半島中部以北・中国内蒙古東部,河岸,,,37,日本の野生植物 第2巻,19,原PDF画像目視確認＋macOS Vision OCR補助＋手動要約,include,,原PDF画像で番号付き種記載と本文境界を確認し、明記された客観的事実だけを短く構造化。
wildplants-vol2-coverage-0003,volume2_full_heading_reconciliation,2,日本の野生植物 2- ミゾハコベ科～スイカズラ科 ―フィールド版―改訂新版.pdf,2d104638c72cbfc58f17ab38223bce3d7798f72abc2d14fa4495a3a7546f3b12,2026-07-12,バッコヤナギ,,,,,,,,,,,,,45,日本の野生植物 第2巻,23,原PDF画像目視確認,exclude_already_covered_by_legacy_parser_miss_audit,,原PDF画像で番号付き種記載を確認したが、別のlegacy parser-miss監査で採用済みのため重複除外。
wildplants-vol2-coverage-0004,volume2_full_heading_reconciliation,2,日本の野生植物 2- ミゾハコベ科～スイカズラ科 ―フィールド版―改訂新版.pdf,2d104638c72cbfc58f17ab38223bce3d7798f72abc2d14fa4495a3a7546f3b12,2026-07-12,トゲイヌツゲ,Scolopia oldhamii,ヤナギ科,SALICACEAE,トゲイヌツゲ属,Scolopia,高木,約10 m,,琉球南部、台湾・中国（福建省）・フィリピン,海岸近くの林,,,50,日本の野生植物 第2巻,26,原PDF画像目視確認＋macOS Vision OCR補助＋手動要約,include,トゲイヌッゲ,原PDF画像で番号付き種記載と本文境界を確認し、明記された客観的事実だけを短く構造化。 OCR誤名「トゲイヌッゲ」を置換。
wildplants-vol2-coverage-0005,volume2_full_heading_reconciliation,2,日本の野生植物 2- ミゾハコベ科～スイカズラ科 ―フィールド版―改訂新版.pdf,2d104638c72cbfc58f17ab38223bce3d7798f72abc2d14fa4495a3a7546f3b12,2026-07-12,シロスミレ,Viola patrinii DC. var. patrinii,スミレ科,VIOLACEAE,スミレ属,Viola,多年草,10～20 cm,5～7月,南千島・北海道・本州（愛知県以北）の太平洋側、朝鮮半島・中国東北部・サハリン・ロシア沿海地方,低地（北海道）や山地（本州）の湿った草原,,,57,日本の野生植物 第2巻,29,原PDF画像目視確認＋macOS Vision OCR補助＋手動要約,include,,原PDF画像で番号付き種記載と本文境界を確認し、明記された客観的事実だけを短く構造化。
wildplants-vol2-coverage-0006,volume2_full_heading_reconciliation,2,日本の野生植物 2- ミゾハコベ科～スイカズラ科 ―フィールド版―改訂新版.pdf,2d104638c72cbfc58f17ab38223bce3d7798f72abc2d14fa4495a3a7546f3b12,2026-07-12,マルバスミレ,Viola keiskei Miq.,スミレ科,VIOLACEAE,スミレ属,Viola,多年草,5～10 cm,3～5月,北海道（道南地方）～九州、朝鮮半島,丘陵地,,,58,日本の野生植物 第2巻,30,原PDF画像目視確認＋macOS Vision OCR補助＋手動要約,include,,原PDF画像で番号付き種記載と本文境界を確認し、明記された客観的事実だけを短く構造化。
wildplants-vol2-coverage-0007,volume2_full_heading_reconciliation,2,日本の野生植物 2- ミゾハコベ科～スイカズラ科 ―フィールド版―改訂新版.pdf,2d104638c72cbfc58f17ab38223bce3d7798f72abc2d14fa4495a3a7546f3b12,2026-07-12,エゾノタチツボスミレ,Viola acuminata Ledeb.,スミレ科,VIOLACEAE,スミレ属,Viola,多年草,20～40 cm,4～6月,南千島・北海道・本州（岡山県・滋賀県以北）、朝鮮半島・中国・サハリン・ロシア沿海地方,山地の夏緑樹林の明るい林床や草地,,,60,日本の野生植物 第2巻,31,原PDF画像目視確認＋macOS Vision OCR補助＋手動要約,include,,原PDF画像で番号付き種記載と本文境界を確認し、明記された客観的事実だけを短く構造化。
wildplants-vol2-coverage-0008,volume2_full_heading_reconciliation,2,日本の野生植物 2- ミゾハコベ科～スイカズラ科 ―フィールド版―改訂新版.pdf,2d104638c72cbfc58f17ab38223bce3d7798f72abc2d14fa4495a3a7546f3b12,2026-07-12,ウスバスミレ,,,,,,,,,,,,,56,日本の野生植物 第2巻,29,原PDF画像目視確認,exclude_ocr_heading,,原PDF画像で候補名がOCR誤読と確認。正名「ウスバスミレ」は既存抽出で被覆済み、または候補位置は検索表のみ。
wildplants-vol2-coverage-0009,volume2_full_heading_reconciliation,2,日本の野生植物 2- ミゾハコベ科～スイカズラ科 ―フィールド版―改訂新版.pdf,2d104638c72cbfc58f17ab38223bce3d7798f72abc2d14fa4495a3a7546f3b12,2026-07-12,シソバキスミレ,,,,,,,,,,,,,56,日本の野生植物 第2巻,29,原PDF画像目視確認,exclude_ocr_heading,,原PDF画像で候補名がOCR誤読と確認。正名「シソバキスミレ」は既存抽出で被覆済み、または候補位置は検索表のみ。
wildplants-vol2-coverage-0010,volume2_full_heading_reconciliation,2,日本の野生植物 2- ミゾハコベ科～スイカズラ科 ―フィールド版―改訂新版.pdf,2d104638c72cbfc58f17ab38223bce3d7798f72abc2d14fa4495a3a7546f3b12,2026-07-12,チシマウスバスミレ,,,,,,,,,,,,,56,日本の野生植物 第2巻,29,原PDF画像目視確認,exclude_ocr_heading,,原PDF画像で候補名がOCR誤読と確認。正名「チシマウスバスミレ」は既存抽出で被覆済み、または候補位置は検索表のみ。
wildplants-vol2-coverage-0011,volume2_full_heading_reconciliation,2,日本の野生植物 2- ミゾハコベ科～スイカズラ科 ―フィールド版―改訂新版.pdf,2d104638c72cbfc58f17ab38223bce3d7798f72abc2d14fa4495a3a7546f3b12,2026-07-12,ナガバノスミレサイシン,,,,,,,,,,,,,56,日本の野生植物 第2巻,29,原PDF画像目視確認,exclude_ocr_heading,,原PDF画像で候補名がOCR誤読と確認。正名「ナガバノスミレサイシン」は既存抽出で被覆済み、または候補位置は検索表のみ。
wildplants-vol2-coverage-0012,volume2_full_heading_reconciliation,2,日本の野生植物 2- ミゾハコベ科～スイカズラ科 ―フィールド版―改訂新版.pdf,2d104638c72cbfc58f17ab38223bce3d7798f72abc2d14fa4495a3a7546f3b12,2026-07-12,アオイスミレ,Viola hondoensis W. Becker et H. Boissieu,スミレ科,VIOLACEAE,スミレ属,Viola,多年草,3～8 cm,3～4月,北海道～九州、韓国（鬱陵島）・中国東部,丘陵地～山地の湿り気のある夏緑樹林の林内や林縁,,,59,日本の野生植物 第2巻,30,原PDF画像目視確認＋macOS Vision OCR補助＋手動要約,include,,原PDF画像で番号付き種記載と本文境界を確認し、明記された客観的事実だけを短く構造化。
wildplants-vol2-coverage-0013,volume2_full_heading_reconciliation,2,日本の野生植物 2- ミゾハコベ科～スイカズラ科 ―フィールド版―改訂新版.pdf,2d104638c72cbfc58f17ab38223bce3d7798f72abc2d14fa4495a3a7546f3b12,2026-07-12,ミツバフウロ,Geranium wilfordii Maxim. var. wilfordii,フウロソウ科,GERANIACEAE,フウロソウ属,Geranium,多年草,30～80 cm,7～10月,北海道～九州、朝鮮半島・台湾・中国・ロシア極東地方。ヨーロッパに帰化,山地や丘陵地の草地,,,76,日本の野生植物 第2巻,39,原PDF画像目視確認＋macOS Vision OCR補助＋手動要約,include,ミツパフウロ,原PDF画像で番号付き種記載と本文境界を確認し、明記された客観的事実だけを短く構造化。 OCR誤名「ミツパフウロ」を置換。
wildplants-vol2-coverage-0014,volume2_full_heading_reconciliation,2,日本の野生植物 2- ミゾハコベ科～スイカズラ科 ―フィールド版―改訂新版.pdf,2d104638c72cbfc58f17ab38223bce3d7798f72abc2d14fa4495a3a7546f3b12,2026-07-12,シマミソハギ,,,,,,,,,,,,,80,日本の野生植物 第2巻,41,原PDF画像目視確認,exclude_search_key_or_in_text_taxon,,原PDF画像で検索表・別種本文内の変種/類似種/別名への言及であり、独立した番号付き種記載ではないと確認。
wildplants-vol2-coverage-0015,volume2_full_heading_reconciliation,2,日本の野生植物 2- ミゾハコベ科～スイカズラ科 ―フィールド版―改訂新版.pdf,2d104638c72cbfc58f17ab38223bce3d7798f72abc2d14fa4495a3a7546f3b12,2026-07-12,ナンゴクヒメミソハギ,,,,,,,,,,,,,80,日本の野生植物 第2巻,41,原PDF画像目視確認,exclude_search_key_or_in_text_taxon,,原PDF画像で検索表・別種本文内の変種/類似種/別名への言及であり、独立した番号付き種記載ではないと確認。
wildplants-vol2-coverage-0016,volume2_full_heading_reconciliation,2,日本の野生植物 2- ミゾハコベ科～スイカズラ科 ―フィールド版―改訂新版.pdf,2d104638c72cbfc58f17ab38223bce3d7798f72abc2d14fa4495a3a7546f3b12,2026-07-12,ホソバヒメミソハギ,,,,,,,,,,,,,80,日本の野生植物 第2巻,41,原PDF画像目視確認,exclude_search_key_or_in_text_taxon,,原PDF画像で検索表・別種本文内の変種/類似種/別名への言及であり、独立した番号付き種記載ではないと確認。
wildplants-vol2-coverage-0017,volume2_full_heading_reconciliation,2,日本の野生植物 2- ミゾハコベ科～スイカズラ科 ―フィールド版―改訂新版.pdf,2d104638c72cbfc58f17ab38223bce3d7798f72abc2d14fa4495a3a7546f3b12,2026-07-12,オニビシ,,,,,,,,,,,,,83,日本の野生植物 第2巻,42,原PDF画像目視確認,exclude_search_key_or_in_text_taxon,,原PDF画像で検索表・別種本文内の変種/類似種/別名への言及であり、独立した番号付き種記載ではないと確認。
wildplants-vol2-coverage-0018,volume2_full_heading_reconciliation,2,日本の野生植物 2- ミゾハコベ科～スイカズラ科 ―フィールド版―改訂新版.pdf,2d104638c72cbfc58f17ab38223bce3d7798f72abc2d14fa4495a3a7546f3b12,2026-07-12,ミズキカシグサ,Rotala rosea,ミソハギ科,LYTHRACEAE,キカシグサ属,Rotala,一年草,,8～11月,本州～琉球、朝鮮半島・台湾・中国・東南アジア・南アジア・アフガニスタン,,,,82,日本の野生植物 第2巻,42,原PDF画像目視確認＋macOS Vision OCR補助＋手動要約,include,ミスキカシグサ,原PDF画像で番号付き種記載と本文境界を確認し、明記された客観的事実だけを短く構造化。 OCR誤名「ミスキカシグサ」を置換。
wildplants-vol2-coverage-0019,volume2_full_heading_reconciliation,2,日本の野生植物 2- ミゾハコベ科～スイカズラ科 ―フィールド版―改訂新版.pdf,2d104638c72cbfc58f17ab38223bce3d7798f72abc2d14fa4495a3a7546f3b12,2026-07-12,ウスゲオオバナミズキンバイ,,,,,,,,,,,,,88,日本の野生植物 第2巻,45,原PDF画像目視確認,exclude_search_key_or_in_text_taxon,,原PDF画像で検索表・別種本文内の変種/類似種/別名への言及であり、独立した番号付き種記載ではないと確認。
wildplants-vol2-coverage-0020,volume2_full_heading_reconciliation,2,日本の野生植物 2- ミゾハコベ科～スイカズラ科 ―フィールド版―改訂新版.pdf,2d104638c72cbfc58f17ab38223bce3d7798f72abc2d14fa4495a3a7546f3b12,2026-07-12,ウスゲチョウジタデ,,,,,,,,,,,,,88,日本の野生植物 第2巻,45,原PDF画像目視確認,exclude_search_key_or_in_text_taxon,,原PDF画像で検索表・別種本文内の変種/類似種/別名への言及であり、独立した番号付き種記載ではないと確認。
wildplants-vol2-coverage-0021,volume2_full_heading_reconciliation,2,日本の野生植物 2- ミゾハコベ科～スイカズラ科 ―フィールド版―改訂新版.pdf,2d104638c72cbfc58f17ab38223bce3d7798f72abc2d14fa4495a3a7546f3b12,2026-07-12,オオバナミズキンバイ,,,,,,,,,,,,,88,日本の野生植物 第2巻,45,原PDF画像目視確認,exclude_search_key_or_in_text_taxon,,原PDF画像で検索表・別種本文内の変種/類似種/別名への言及であり、独立した番号付き種記載ではないと確認。
wildplants-vol2-coverage-0022,volume2_full_heading_reconciliation,2,日本の野生植物 2- ミゾハコベ科～スイカズラ科 ―フィールド版―改訂新版.pdf,2d104638c72cbfc58f17ab38223bce3d7798f72abc2d14fa4495a3a7546f3b12,2026-07-12,ミズキンバイ,Ludwigia peploides (Kunth) P. H. Raven subsp. stipulacea (Ohwi) P. H. Raven,アカバナ科,ONAGRACEAE,チョウジタデ属,Ludwigia,多年草,20～50 cm,7～9月,本州（関東以西）～九州・琉球、中国東部,沼沢地,,,88,日本の野生植物 第2巻,45,原PDF画像目視確認＋macOS Vision OCR補助＋手動要約,include,ミスキンバイ,原PDF画像で番号付き種記載と本文境界を確認し、明記された客観的事実だけを短く構造化。 OCR誤名「ミスキンバイ」を置換。
wildplants-vol2-coverage-0023,volume2_full_heading_reconciliation,2,日本の野生植物 2- ミゾハコベ科～スイカズラ科 ―フィールド版―改訂新版.pdf,2d104638c72cbfc58f17ab38223bce3d7798f72abc2d14fa4495a3a7546f3b12,2026-07-12,ヒメフトモモ,Syzygium cleyerifolium (Yatabe) Makino,フトモモ科,MYRTACEAE,フトモモ属,Syzygium,,,,小笠原諸島（聟島・父島列島・母島列島）固有,,,,92,日本の野生植物 第2巻,47,原PDF画像目視確認＋macOS Vision OCR補助＋手動要約,include,,原PDF画像で番号付き種記載と本文境界を確認し、明記された客観的事実だけを短く構造化。
wildplants-vol2-coverage-0024,volume2_full_heading_reconciliation,2,日本の野生植物 2- ミゾハコベ科～スイカズラ科 ―フィールド版―改訂新版.pdf,2d104638c72cbfc58f17ab38223bce3d7798f72abc2d14fa4495a3a7546f3b12,2026-07-12,キブシ,Stachyurus praecox Siebold et Zucc.,キブシ科,STACHYURACEAE,キブシ属,Stachyurus,落葉低木,通常約3 m（ときに7 m）,,北海道（渡島半島）・本州（伊豆諸島を含む）・四国・九州（奄美大島・徳之島まで）の日本固有種,山野の斜面や疎林中,,,97,日本の野生植物 第2巻,49,原PDF画像目視確認＋macOS Vision OCR補助＋手動要約,include,,原PDF画像で番号付き種記載と本文境界を確認し、明記された客観的事実だけを短く構造化。
wildplants-vol2-coverage-0025,volume2_full_heading_reconciliation,2,日本の野生植物 2- ミゾハコベ科～スイカズラ科 ―フィールド版―改訂新版.pdf,2d104638c72cbfc58f17ab38223bce3d7798f72abc2d14fa4495a3a7546f3b12,2026-07-12,ナガバキブシ,Stachyurus macrocarpus Koidz. var. macrocarpus,キブシ科,STACHYURACEAE,キブシ属,Stachyurus,常緑低木,約2 m,,小笠原諸島（父島・兄島）固有,,,,97,日本の野生植物 第2巻,49,原PDF画像目視確認＋macOS Vision OCR補助＋手動要約,include,ナガバキプシ,原PDF画像で番号付き種記載と本文境界を確認し、明記された客観的事実だけを短く構造化。 OCR誤名「ナガバキプシ」を置換。
wildplants-vol2-coverage-0026,volume2_full_heading_reconciliation,2,日本の野生植物 2- ミゾハコベ科～スイカズラ科 ―フィールド版―改訂新版.pdf,2d104638c72cbfc58f17ab38223bce3d7798f72abc2d14fa4495a3a7546f3b12,2026-07-12,ウリハダカエデ,Acer rufinerve Siebold et Zucc.,ムクロジ科,SAPINDACEAE,カエデ属,Acer,落葉小高木～高木,最大12 m,,本州・四国・九州（屋久島以北）の日本固有種,低山の林内,,,103,日本の野生植物 第2巻,52,原PDF画像目視確認＋macOS Vision OCR補助＋手動要約,include,,原PDF画像で番号付き種記載と本文境界を確認し、明記された客観的事実だけを短く構造化。
wildplants-vol2-coverage-0027,volume2_full_heading_reconciliation,2,日本の野生植物 2- ミゾハコベ科～スイカズラ科 ―フィールド版―改訂新版.pdf,2d104638c72cbfc58f17ab38223bce3d7798f72abc2d14fa4495a3a7546f3b12,2026-07-12,オオイタヤメイゲツ,,,,,,,,,,,,,102,日本の野生植物 第2巻,52,原PDF画像目視確認,exclude_ocr_heading,,原PDF画像で候補名がOCR誤読と確認。正名「オオイタヤメイゲツ」は既存抽出で被覆済み、または候補位置は検索表のみ。
wildplants-vol2-coverage-0028,volume2_full_heading_reconciliation,2,日本の野生植物 2- ミゾハコベ科～スイカズラ科 ―フィールド版―改訂新版.pdf,2d104638c72cbfc58f17ab38223bce3d7798f72abc2d14fa4495a3a7546f3b12,2026-07-12,モクゲンジ,Koelreuteria paniculata Laxm.,ムクロジ科,SAPINDACEAE,モクゲンジ属,Koelreuteria,落葉木,2～12 m,,本州・九州（対馬）に点在し、朝鮮半島海岸・中国にも分布,海岸や河岸を含む各地,,,107,日本の野生植物 第2巻,54,原PDF画像目視確認＋macOS Vision OCR補助＋手動要約,include,,原PDF画像で番号付き種記載と本文境界を確認し、明記された客観的事実だけを短く構造化。
wildplants-vol2-coverage-0029,volume2_full_heading_reconciliation,2,日本の野生植物 2- ミゾハコベ科～スイカズラ科 ―フィールド版―改訂新版.pdf,2d104638c72cbfc58f17ab38223bce3d7798f72abc2d14fa4495a3a7546f3b12,2026-07-12,シイクワシャ,,,,,,,,,,,,,110,日本の野生植物 第2巻,56,原PDF画像目視確認,exclude_search_key_or_in_text_taxon,,原PDF画像で検索表・別種本文内の変種/類似種/別名への言及であり、独立した番号付き種記載ではないと確認。
wildplants-vol2-coverage-0030,volume2_full_heading_reconciliation,2,日本の野生植物 2- ミゾハコベ科～スイカズラ科 ―フィールド版―改訂新版.pdf,2d104638c72cbfc58f17ab38223bce3d7798f72abc2d14fa4495a3a7546f3b12,2026-07-12,アマミザンショウ,,,,,,,,,,,,,114,日本の野生植物 第2巻,58,原PDF画像目視確認,exclude_search_key_or_in_text_taxon,,原PDF画像で検索表・別種本文内の変種/類似種/別名への言及であり、独立した番号付き種記載ではないと確認。
wildplants-vol2-coverage-0031,volume2_full_heading_reconciliation,2,日本の野生植物 2- ミゾハコベ科～スイカズラ科 ―フィールド版―改訂新版.pdf,2d104638c72cbfc58f17ab38223bce3d7798f72abc2d14fa4495a3a7546f3b12,2026-07-12,タイワンツナソ,Corchorus olitorius L.,アオイ科,MALVACEAE,ツナソ属,Corchorus,直立するほぼ無毛の半低木,1 m以上,,八重山諸島・小笠原諸島（硫黄島）で野生化,,,,120,日本の野生植物 第2巻,61,原PDF画像目視確認＋macOS Vision OCR補助＋手動要約,include,タイワンツナン,原PDF画像で番号付き種記載と本文境界を確認し、明記された客観的事実だけを短く構造化。OCR誤名「タイワンツナン」を置換し、未確定の原産地は公開対象から除外。
wildplants-vol2-coverage-0032,volume2_full_heading_reconciliation,2,日本の野生植物 2- ミゾハコベ科～スイカズラ科 ―フィールド版―改訂新版.pdf,2d104638c72cbfc58f17ab38223bce3d7798f72abc2d14fa4495a3a7546f3b12,2026-07-12,ツナソ,,,,,,,,,,,,,120,日本の野生植物 第2巻,61,原PDF画像目視確認,exclude_search_key_or_in_text_taxon,,原PDF画像で検索表・別種本文内の変種/類似種/別名への言及であり、独立した番号付き種記載ではないと確認。
wildplants-vol2-coverage-0033,volume2_full_heading_reconciliation,2,日本の野生植物 2- ミゾハコベ科～スイカズラ科 ―フィールド版―改訂新版.pdf,2d104638c72cbfc58f17ab38223bce3d7798f72abc2d14fa4495a3a7546f3b12,2026-07-12,ヒシバウオトリギ,,,,,,,,,,,,,120,日本の野生植物 第2巻,61,原PDF画像目視確認,exclude_ocr_heading,,原PDF画像で候補名がOCR誤読と確認。正名「ヒシバウオトリギ」は既存抽出で被覆済み、または候補位置は検索表のみ。
wildplants-vol2-coverage-0034,volume2_full_heading_reconciliation,2,日本の野生植物 2- ミゾハコベ科～スイカズラ科 ―フィールド版―改訂新版.pdf,2d104638c72cbfc58f17ab38223bce3d7798f72abc2d14fa4495a3a7546f3b12,2026-07-12,キダチノジアオイ,,,,,,,,,,,,,123,日本の野生植物 第2巻,62,原PDF画像目視確認,exclude_search_key_or_in_text_taxon,,原PDF画像で検索表・別種本文内の変種/類似種/別名への言及であり、独立した番号付き種記載ではないと確認。
wildplants-vol2-coverage-0035,volume2_full_heading_reconciliation,2,日本の野生植物 2- ミゾハコベ科～スイカズラ科 ―フィールド版―改訂新版.pdf,2d104638c72cbfc58f17ab38223bce3d7798f72abc2d14fa4495a3a7546f3b12,2026-07-12,リュウキュウトロロアオイ,,,,,,,,,,,,,122,日本の野生植物 第2巻,62,原PDF画像目視確認,exclude_search_key_or_in_text_taxon,,原PDF画像で検索表・別種本文内の変種/類似種/別名への言及であり、独立した番号付き種記載ではないと確認。
wildplants-vol2-coverage-0036,volume2_full_heading_reconciliation,2,日本の野生植物 2- ミゾハコベ科～スイカズラ科 ―フィールド版―改訂新版.pdf,2d104638c72cbfc58f17ab38223bce3d7798f72abc2d14fa4495a3a7546f3b12,2026-07-12,ブンゴボダイジュ,,,,,,,,,,,,,125,日本の野生植物 第2巻,63,原PDF画像目視確認,exclude_search_key_or_in_text_taxon,,原PDF画像で検索表・別種本文内の変種/類似種/別名への言及であり、独立した番号付き種記載ではないと確認。
wildplants-vol2-coverage-0037,volume2_full_heading_reconciliation,2,日本の野生植物 2- ミゾハコベ科～スイカズラ科 ―フィールド版―改訂新版.pdf,2d104638c72cbfc58f17ab38223bce3d7798f72abc2d14fa4495a3a7546f3b12,2026-07-12,ホソバキンゴジカ,,,,,,,,,,,,,124,日本の野生植物 第2巻,63,原PDF画像目視確認,exclude_search_key_or_in_text_taxon,,原PDF画像で検索表・別種本文内の変種/類似種/別名への言及であり、独立した番号付き種記載ではないと確認。
wildplants-vol2-coverage-0038,volume2_full_heading_reconciliation,2,日本の野生植物 2- ミゾハコベ科～スイカズラ科 ―フィールド版―改訂新版.pdf,2d104638c72cbfc58f17ab38223bce3d7798f72abc2d14fa4495a3a7546f3b12,2026-07-12,ガンピ,,,,,,,,,,,,,129;130,日本の野生植物 第2巻,65;66,原PDF画像目視確認,exclude_already_covered_by_legacy_parser_miss_audit,,原PDF画像で番号付き種記載を確認したが、別のlegacy parser-miss監査で採用済みのため重複除外。
wildplants-vol2-coverage-0039,volume2_full_heading_reconciliation,2,日本の野生植物 2- ミゾハコベ科～スイカズラ科 ―フィールド版―改訂新版.pdf,2d104638c72cbfc58f17ab38223bce3d7798f72abc2d14fa4495a3a7546f3b12,2026-07-12,シャクナンガンピ,,,,,,,,,,,,,129,日本の野生植物 第2巻,65,原PDF画像目視確認,exclude_already_covered_by_legacy_parser_miss_audit,,原PDF画像で番号付き種記載を確認したが、別のlegacy parser-miss監査で採用済みのため重複除外。
wildplants-vol2-coverage-0040,volume2_full_heading_reconciliation,2,日本の野生植物 2- ミゾハコベ科～スイカズラ科 ―フィールド版―改訂新版.pdf,2d104638c72cbfc58f17ab38223bce3d7798f72abc2d14fa4495a3a7546f3b12,2026-07-12,チョウセンナニワズ,,,,,,,,,,,,,128,日本の野生植物 第2巻,65,原PDF画像目視確認,exclude_search_key_or_in_text_taxon,,原PDF画像で検索表・別種本文内の変種/類似種/別名への言及であり、独立した番号付き種記載ではないと確認。
wildplants-vol2-coverage-0041,volume2_full_heading_reconciliation,2,日本の野生植物 2- ミゾハコベ科～スイカズラ科 ―フィールド版―改訂新版.pdf,2d104638c72cbfc58f17ab38223bce3d7798f72abc2d14fa4495a3a7546f3b12,2026-07-12,アオガンピ,Wikstroemia retusa A. Gray,ジンチョウゲ科,THYMELAEACEAE,アオガンピ属,Wikstroemia,常緑低木,1～3 m,,沖縄島以南の琉球諸島、台湾（蘭嶼）・フィリピン（バタン諸島）,海岸近くの原野,,,131,日本の野生植物 第2巻,66,原PDF画像目視確認＋macOS Vision OCR補助＋手動要約,include,,原PDF画像で番号付き種記載と本文境界を確認し、明記された客観的事実だけを短く構造化。
wildplants-vol2-coverage-0042,volume2_full_heading_reconciliation,2,日本の野生植物 2- ミゾハコベ科～スイカズラ科 ―フィールド版―改訂新版.pdf,2d104638c72cbfc58f17ab38223bce3d7798f72abc2d14fa4495a3a7546f3b12,2026-07-12,サクラガンピ,Diplomorpha pauciflora (Franch. et Sav.) Nakai var. pauciflora,ジンチョウゲ科,THYMELAEACEAE,ガンピ属,Diplomorpha,落葉低木,約2 m,,,伊豆半島各地と箱根の山中の渓側など,,,130,日本の野生植物 第2巻,66,原PDF画像目視確認＋macOS Vision OCR補助＋手動要約,include,サクラガンビ,原PDF画像で番号付き種記載と本文境界を確認し、明記された客観的事実だけを短く構造化。 OCR誤名「サクラガンビ」を置換。
wildplants-vol2-coverage-0043,volume2_full_heading_reconciliation,2,日本の野生植物 2- ミゾハコベ科～スイカズラ科 ―フィールド版―改訂新版.pdf,2d104638c72cbfc58f17ab38223bce3d7798f72abc2d14fa4495a3a7546f3b12,2026-07-12,タカクマキガンピ,Diplomorpha × ohsumiensis (Hatus.) Hamaya,ジンチョウゲ科,THYMELAEACEAE,ガンピ属,Diplomorpha,落葉低木,,,,近畿地方や九州でキガンピとコガンピがともに生育する場所,,,130,日本の野生植物 第2巻,66,原PDF画像目視確認＋macOS Vision OCR補助＋手動要約,include,タカクマキガンビ,原PDF画像で番号付き種記載と本文境界を確認し、明記された客観的事実だけを短く構造化。 OCR誤名「タカクマキガンビ」を置換。
wildplants-vol2-coverage-0044,volume2_full_heading_reconciliation,2,日本の野生植物 2- ミゾハコベ科～スイカズラ科 ―フィールド版―改訂新版.pdf,2d104638c72cbfc58f17ab38223bce3d7798f72abc2d14fa4495a3a7546f3b12,2026-07-12,ムニンアオガンピ,Wikstroemia pseudoretusa Koidz.,ジンチョウゲ科,THYMELAEACEAE,アオガンピ属,Wikstroemia,常緑低木,約2 m,,小笠原諸島（父島列島・母島列島）,やや向陽の地,,,131,日本の野生植物 第2巻,66,原PDF画像目視確認＋macOS Vision OCR補助＋手動要約,include,,原PDF画像で番号付き種記載と本文境界を確認し、明記された客観的事実だけを短く構造化。
wildplants-vol2-coverage-0045,volume2_full_heading_reconciliation,2,日本の野生植物 2- ミゾハコベ科～スイカズラ科 ―フィールド版―改訂新版.pdf,2d104638c72cbfc58f17ab38223bce3d7798f72abc2d14fa4495a3a7546f3b12,2026-07-12,シロイヌナズナ,Arabidopsis thaliana (L.) Heynh.,アブラナ科,BRASSICACEAE,シロイヌナズナ属,Arabidopsis,一年草または越年草,10～30 cm,,日本では北海道～琉球。世界の温帯に広く帰化,海岸や路傍などの裸地,,,139,日本の野生植物 第2巻,70,原PDF画像目視確認＋macOS Vision OCR補助＋手動要約,include,シロイヌナスナ,原PDF画像で番号付き種記載と本文境界を確認し、明記された客観的事実だけを短く構造化。 OCR誤名「シロイヌナスナ」を置換。
wildplants-vol2-coverage-0046,volume2_full_heading_reconciliation,2,日本の野生植物 2- ミゾハコベ科～スイカズラ科 ―フィールド版―改訂新版.pdf,2d104638c72cbfc58f17ab38223bce3d7798f72abc2d14fa4495a3a7546f3b12,2026-07-12,タチスズシロソウ,,,,,,,,,,,,,139,日本の野生植物 第2巻,70,原PDF画像目視確認,exclude_search_key_or_in_text_taxon,,原PDF画像で検索表・別種本文内の変種/類似種/別名への言及であり、独立した番号付き種記載ではないと確認。
wildplants-vol2-coverage-0047,volume2_full_heading_reconciliation,2,日本の野生植物 2- ミゾハコベ科～スイカズラ科 ―フィールド版―改訂新版.pdf,2d104638c72cbfc58f17ab38223bce3d7798f72abc2d14fa4495a3a7546f3b12,2026-07-12,タチタネツケバナ,,,,,,,,,,,,,143,日本の野生植物 第2巻,72,原PDF画像目視確認,exclude_search_key_or_in_text_taxon,,原PDF画像で検索表・別種本文内の変種/類似種/別名への言及であり、独立した番号付き種記載ではないと確認。
wildplants-vol2-coverage-0048,volume2_full_heading_reconciliation,2,日本の野生植物 2- ミゾハコベ科～スイカズラ科 ―フィールド版―改訂新版.pdf,2d104638c72cbfc58f17ab38223bce3d7798f72abc2d14fa4495a3a7546f3b12,2026-07-12,ミチタネツケバナ,,,,,,,,,,,,,143,日本の野生植物 第2巻,72,原PDF画像目視確認,exclude_search_key_or_in_text_taxon,,原PDF画像で検索表・別種本文内の変種/類似種/別名への言及であり、独立した番号付き種記載ではないと確認。
wildplants-vol2-coverage-0049,volume2_full_heading_reconciliation,2,日本の野生植物 2- ミゾハコベ科～スイカズラ科 ―フィールド版―改訂新版.pdf,2d104638c72cbfc58f17ab38223bce3d7798f72abc2d14fa4495a3a7546f3b12,2026-07-12,エゾワサビ,,,,,,,,,,,,,144,日本の野生植物 第2巻,73,原PDF画像目視確認,exclude_ocr_heading,,原PDF画像で候補名がOCR誤読と確認。正名「エゾワサビ」は既存抽出で被覆済み、または候補位置は検索表のみ。
wildplants-vol2-coverage-0050,volume2_full_heading_reconciliation,2,日本の野生植物 2- ミゾハコベ科～スイカズラ科 ―フィールド版―改訂新版.pdf,2d104638c72cbfc58f17ab38223bce3d7798f72abc2d14fa4495a3a7546f3b12,2026-07-12,ハナタネツケバナ,,,,,,,,,,,,,144,日本の野生植物 第2巻,73,原PDF画像目視確認,exclude_search_key_or_in_text_taxon,,原PDF画像で検索表・別種本文内の変種/類似種/別名への言及であり、独立した番号付き種記載ではないと確認。
wildplants-vol2-coverage-0051,volume2_full_heading_reconciliation,2,日本の野生植物 2- ミゾハコベ科～スイカズラ科 ―フィールド版―改訂新版.pdf,2d104638c72cbfc58f17ab38223bce3d7798f72abc2d14fa4495a3a7546f3b12,2026-07-12,ミヤマタネツケバナ,,,,,,,,,,,,,144,日本の野生植物 第2巻,73,原PDF画像目視確認,exclude_ocr_heading,,原PDF画像で候補名がOCR誤読と確認。正名「ミヤマタネツケバナ」は既存抽出で被覆済み、または候補位置は検索表のみ。
wildplants-vol2-coverage-0052,volume2_full_heading_reconciliation,2,日本の野生植物 2- ミゾハコベ科～スイカズラ科 ―フィールド版―改訂新版.pdf,2d104638c72cbfc58f17ab38223bce3d7798f72abc2d14fa4495a3a7546f3b12,2026-07-12,エゾイヌナズナ,,,,,,,,,,,,,147,日本の野生植物 第2巻,74,原PDF画像目視確認,exclude_already_covered_by_legacy_parser_miss_audit,,原PDF画像で番号付き種記載を確認したが、別のlegacy parser-miss監査で採用済みのため重複除外。
wildplants-vol2-coverage-0053,volume2_full_heading_reconciliation,2,日本の野生植物 2- ミゾハコベ科～スイカズラ科 ―フィールド版―改訂新版.pdf,2d104638c72cbfc58f17ab38223bce3d7798f72abc2d14fa4495a3a7546f3b12,2026-07-12,ナンブイヌナズナ,Draba japonica Maxim.,アブラナ科,BRASSICACEAE,イヌナズナ属,Draba,多年草,2～10 cm,6～8月,北海道（夕張岳・日高山脈北部）・本州（早池峰山）,高山帯の超塩基性岩地の風衝地,,,147,日本の野生植物 第2巻,74,原PDF画像目視確認＋macOS Vision OCR補助＋手動要約,include,ナンプイヌナズナ,原PDF画像で番号付き種記載と本文境界を確認し、明記された客観的事実だけを短く構造化。 OCR誤名「ナンプイヌナズナ」を置換。
wildplants-vol2-coverage-0054,volume2_full_heading_reconciliation,2,日本の野生植物 2- ミゾハコベ科～スイカズラ科 ―フィールド版―改訂新版.pdf,2d104638c72cbfc58f17ab38223bce3d7798f72abc2d14fa4495a3a7546f3b12,2026-07-12,モイワナズナ,,,,,,,,,,,,,147,日本の野生植物 第2巻,74,原PDF画像目視確認,exclude_ocr_heading,,原PDF画像で候補名がOCR誤読と確認。正名「モイワナズナ」は既存抽出で被覆済み、または候補位置は検索表のみ。
wildplants-vol2-coverage-0055,volume2_full_heading_reconciliation,2,日本の野生植物 2- ミゾハコベ科～スイカズラ科 ―フィールド版―改訂新版.pdf,2d104638c72cbfc58f17ab38223bce3d7798f72abc2d14fa4495a3a7546f3b12,2026-07-12,キタダケナズナ,,,,,,,,,,,,,148,日本の野生植物 第2巻,75,原PDF画像目視確認,exclude_already_covered_by_legacy_parser_miss_audit,,原PDF画像で番号付き種記載を確認したが、別のlegacy parser-miss監査で採用済みのため重複除外。
wildplants-vol2-coverage-0056,volume2_full_heading_reconciliation,2,日本の野生植物 2- ミゾハコベ科～スイカズラ科 ―フィールド版―改訂新版.pdf,2d104638c72cbfc58f17ab38223bce3d7798f72abc2d14fa4495a3a7546f3b12,2026-07-12,カラクサナズナ,,,,,,,,,,,,,150,日本の野生植物 第2巻,76,原PDF画像目視確認,exclude_search_key_or_in_text_taxon,,原PDF画像で検索表・別種本文内の変種/類似種/別名への言及であり、独立した番号付き種記載ではないと確認。
wildplants-vol2-coverage-0057,volume2_full_heading_reconciliation,2,日本の野生植物 2- ミゾハコベ科～スイカズラ科 ―フィールド版―改訂新版.pdf,2d104638c72cbfc58f17ab38223bce3d7798f72abc2d14fa4495a3a7546f3b12,2026-07-12,コマメグンパイナズナ,,,,,,,,,,,,,150,日本の野生植物 第2巻,76,原PDF画像目視確認,exclude_search_key_or_in_text_taxon,,原PDF画像で検索表・別種本文内の変種/類似種/別名への言及であり、独立した番号付き種記載ではないと確認。
wildplants-vol2-coverage-0058,volume2_full_heading_reconciliation,2,日本の野生植物 2- ミゾハコベ科～スイカズラ科 ―フィールド版―改訂新版.pdf,2d104638c72cbfc58f17ab38223bce3d7798f72abc2d14fa4495a3a7546f3b12,2026-07-12,タカネグンバイ,,,,,,,,,,,,,151,日本の野生植物 第2巻,76,原PDF画像目視確認,exclude_already_covered_by_legacy_parser_miss_audit,,原PDF画像で番号付き種記載を確認したが、別のlegacy parser-miss監査で採用済みのため重複除外。
wildplants-vol2-coverage-0059,volume2_full_heading_reconciliation,2,日本の野生植物 2- ミゾハコベ科～スイカズラ科 ―フィールド版―改訂新版.pdf,2d104638c72cbfc58f17ab38223bce3d7798f72abc2d14fa4495a3a7546f3b12,2026-07-12,ヒメグンバイナズナ,,,,,,,,,,,,,150,日本の野生植物 第2巻,76,原PDF画像目視確認,exclude_search_key_or_in_text_taxon,,原PDF画像で検索表・別種本文内の変種/類似種/別名への言及であり、独立した番号付き種記載ではないと確認。
wildplants-vol2-coverage-0060,volume2_full_heading_reconciliation,2,日本の野生植物 2- ミゾハコベ科～スイカズラ科 ―フィールド版―改訂新版.pdf,2d104638c72cbfc58f17ab38223bce3d7798f72abc2d14fa4495a3a7546f3b12,2026-07-12,マメグンバイナズナ,Lepidium virginicum L.,アブラナ科,BRASSICACEAE,マメグンバイナズナ属,Lepidium,一年草または越年草,10～60 cm,,北アメリカ原産で、北海道～琉球に雑草化,人家付近の荒れ地,,,150,日本の野生植物 第2巻,76,原PDF画像目視確認＋macOS Vision OCR補助＋手動要約,include,マメグンバイナスナ,原PDF画像で番号付き種記載と本文境界を確認し、明記された客観的事実だけを短く構造化。 OCR誤名「マメグンバイナスナ」を置換。
wildplants-vol2-coverage-0061,volume2_full_heading_reconciliation,2,日本の野生植物 2- ミゾハコベ科～スイカズラ科 ―フィールド版―改訂新版.pdf,2d104638c72cbfc58f17ab38223bce3d7798f72abc2d14fa4495a3a7546f3b12,2026-07-12,コイヌガラシ,Rorippa cantoniensis (Lour.) Ohwi,アブラナ科,BRASSICACEAE,イヌガラシ属,Rorippa,一年草または越年草,10～40 cm,4～6月,本州～九州、朝鮮半島・中国,水田などの水湿地,,,152,日本の野生植物 第2巻,77,原PDF画像目視確認＋macOS Vision OCR補助＋手動要約,include,コイスガラシ,原PDF画像で番号付き種記載と本文境界を確認し、明記された客観的事実だけを短く構造化。 OCR誤名「コイスガラシ」を置換。
wildplants-vol2-coverage-0062,volume2_full_heading_reconciliation,2,日本の野生植物 2- ミゾハコベ科～スイカズラ科 ―フィールド版―改訂新版.pdf,2d104638c72cbfc58f17ab38223bce3d7798f72abc2d14fa4495a3a7546f3b12,2026-07-12,グンバイナズナ,,,,,,,,,,,,,154,日本の野生植物 第2巻,78,原PDF画像目視確認,exclude_ocr_heading,,原PDF画像で候補名がOCR誤読と確認。正名「グンバイナズナ」は既存抽出で被覆済み、または候補位置は検索表のみ。
wildplants-vol2-coverage-0063,volume2_full_heading_reconciliation,2,日本の野生植物 2- ミゾハコベ科～スイカズラ科 ―フィールド版―改訂新版.pdf,2d104638c72cbfc58f17ab38223bce3d7798f72abc2d14fa4495a3a7546f3b12,2026-07-12,ハナナズナ,,,,,,,,,,,,,154,日本の野生植物 第2巻,78,原PDF画像目視確認,exclude_ocr_heading,,原PDF画像で候補名がOCR誤読と確認。正名「ハナナズナ」は既存抽出で被覆済み、または候補位置は検索表のみ。
wildplants-vol2-coverage-0064,volume2_full_heading_reconciliation,2,日本の野生植物 2- ミゾハコベ科～スイカズラ科 ―フィールド版―改訂新版.pdf,2d104638c72cbfc58f17ab38223bce3d7798f72abc2d14fa4495a3a7546f3b12,2026-07-12,イソマツ,Limonium wrightii (Hance) Kuntze var. arbusculum (Maxim.) H. Hara,イソマツ科,PLUMBAGINACEAE,イソマツ属,Limonium,小低木,最大約30 cm,,伊豆諸島・小笠原諸島・硫黄島・宇治群島・草垣群島・種子島・屋久島・琉球、台湾（蘭嶼・緑島）,海岸の岩上,,,163,日本の野生植物 第2巻,82,原PDF画像目視確認＋macOS Vision OCR補助＋手動要約,include,,原PDF画像で番号付き種記載と本文境界を確認し、明記された客観的事実だけを短く構造化。
wildplants-vol2-coverage-0065,volume2_full_heading_reconciliation,2,日本の野生植物 2- ミゾハコベ科～スイカズラ科 ―フィールド版―改訂新版.pdf,2d104638c72cbfc58f17ab38223bce3d7798f72abc2d14fa4495a3a7546f3b12,2026-07-12,タイワンハマサジ,,,,,,,,,,,,,163,日本の野生植物 第2巻,82,原PDF画像目視確認,exclude_search_key_or_in_text_taxon,,原PDF画像で検索表・別種本文内の変種/類似種/別名への言及であり、独立した番号付き種記載ではないと確認。
wildplants-vol2-coverage-0066,volume2_full_heading_reconciliation,2,日本の野生植物 2- ミゾハコベ科～スイカズラ科 ―フィールド版―改訂新版.pdf,2d104638c72cbfc58f17ab38223bce3d7798f72abc2d14fa4495a3a7546f3b12,2026-07-12,オヤマソバ,,,,,,,,,,,,,165,日本の野生植物 第2巻,83,原PDF画像目視確認,exclude_ocr_heading,,原PDF画像で候補名がOCR誤読と確認。正名「オヤマソバ」は既存抽出で被覆済み、または候補位置は検索表のみ。
wildplants-vol2-coverage-0067,volume2_full_heading_reconciliation,2,日本の野生植物 2- ミゾハコベ科～スイカズラ科 ―フィールド版―改訂新版.pdf,2d104638c72cbfc58f17ab38223bce3d7798f72abc2d14fa4495a3a7546f3b12,2026-07-12,イブキトラノオ,Bistorta officinalis Delarbre subsp. japonica (H. Hara) Yonek.,タデ科,POLYGONACEAE,イブキトラノオ属,Bistorta,多年草,50～120 cm,5～9月,本州（関東地方以西の太平洋側）～九州、朝鮮半島南部・済州島,山地の湿った日当たりのよい場所,,,167,日本の野生植物 第2巻,84,原PDF画像目視確認＋macOS Vision OCR補助＋手動要約,include,イプキトラノオ,原PDF画像で番号付き種記載と本文境界を確認し、明記された客観的事実だけを短く構造化。 OCR誤名「イプキトラノオ」を置換。
wildplants-vol2-coverage-0068,volume2_full_heading_reconciliation,2,日本の野生植物 2- ミゾハコベ科～スイカズラ科 ―フィールド版―改訂新版.pdf,2d104638c72cbfc58f17ab38223bce3d7798f72abc2d14fa4495a3a7546f3b12,2026-07-12,ナンブトラノオ,Bistorta hayachinensis (Makino) H. Gross,タデ科,POLYGONACEAE,イブキトラノオ属,Bistorta,多年草,15～30 cm,8月,岩手県早池峰山固有,高山帯の蛇紋岩地,,,167,日本の野生植物 第2巻,84,原PDF画像目視確認＋macOS Vision OCR補助＋手動要約,include,ナンプトラノオ,原PDF画像で番号付き種記載と本文境界を確認し、明記された客観的事実だけを短く構造化。 OCR誤名「ナンプトラノオ」を置換。
wildplants-vol2-coverage-0069,volume2_full_heading_reconciliation,2,日本の野生植物 2- ミゾハコベ科～スイカズラ科 ―フィールド版―改訂新版.pdf,2d104638c72cbfc58f17ab38223bce3d7798f72abc2d14fa4495a3a7546f3b12,2026-07-12,オオイタドリ,,,,,,,,,,,,,168,日本の野生植物 第2巻,85,原PDF画像目視確認,exclude_ocr_heading,,原PDF画像で候補名がOCR誤読と確認。正名「オオイタドリ」は既存抽出で被覆済み、または候補位置は検索表のみ。
wildplants-vol2-coverage-0070,volume2_full_heading_reconciliation,2,日本の野生植物 2- ミゾハコベ科～スイカズラ科 ―フィールド版―改訂新版.pdf,2d104638c72cbfc58f17ab38223bce3d7798f72abc2d14fa4495a3a7546f3b12,2026-07-12,トヨボタニソバ,,,,,,,,,,,,,169,日本の野生植物 第2巻,85,原PDF画像目視確認,exclude_search_key_or_in_text_taxon,,原PDF画像で検索表・別種本文内の変種/類似種/別名への言及であり、独立した番号付き種記載ではないと確認。
wildplants-vol2-coverage-0071,volume2_full_heading_reconciliation,2,日本の野生植物 2- ミゾハコベ科～スイカズラ科 ―フィールド版―改訂新版.pdf,2d104638c72cbfc58f17ab38223bce3d7798f72abc2d14fa4495a3a7546f3b12,2026-07-12,ニシミゾソバ,,,,,,,,,,,,,169,日本の野生植物 第2巻,85,原PDF画像目視確認,exclude_search_key_or_in_text_taxon,,原PDF画像で検索表・別種本文内の変種/類似種/別名への言及であり、独立した番号付き種記載ではないと確認。
wildplants-vol2-coverage-0072,volume2_full_heading_reconciliation,2,日本の野生植物 2- ミゾハコベ科～スイカズラ科 ―フィールド版―改訂新版.pdf,2d104638c72cbfc58f17ab38223bce3d7798f72abc2d14fa4495a3a7546f3b12,2026-07-12,サナエタデ,,,,,,,,,,,,,171,日本の野生植物 第2巻,86,原PDF画像目視確認,exclude_search_key_or_in_text_taxon,,原PDF画像で検索表・別種本文内の変種/類似種/別名への言及であり、独立した番号付き種記載ではないと確認。
wildplants-vol2-coverage-0073,volume2_full_heading_reconciliation,2,日本の野生植物 2- ミゾハコベ科～スイカズラ科 ―フィールド版―改訂新版.pdf,2d104638c72cbfc58f17ab38223bce3d7798f72abc2d14fa4495a3a7546f3b12,2026-07-12,ハルタデ,Persicaria maculosa Gray subsp. hirticaulis (Danser) S. Ekman et T. Knutsson var. pubescens (Makino) Yonek.,タデ科,POLYGONACEAE,イヌタデ属,Persicaria,一年草,30～180 cm（春に咲く個体は15～30 cm）,4～10月,南千島・北海道～琉球、東アジア,田や畑の荒地,,,173,日本の野生植物 第2巻,87,原PDF画像目視確認＋macOS Vision OCR補助＋手動要約,include,,原PDF画像で番号付き種記載と本文境界を確認し、明記された客観的事実だけを短く構造化。
wildplants-vol2-coverage-0074,volume2_full_heading_reconciliation,2,日本の野生植物 2- ミゾハコベ科～スイカズラ科 ―フィールド版―改訂新版.pdf,2d104638c72cbfc58f17ab38223bce3d7798f72abc2d14fa4495a3a7546f3b12,2026-07-12,ボントクタデ,,,,,,,,,,,,,171,日本の野生植物 第2巻,86,原PDF画像目視確認,exclude_ocr_heading,,原PDF画像で候補名がOCR誤読と確認。正名「ボントクタデ」は既存抽出で被覆済み、または候補位置は検索表のみ。
wildplants-vol2-coverage-0075,volume2_full_heading_reconciliation,2,日本の野生植物 2- ミゾハコベ科～スイカズラ科 ―フィールド版―改訂新版.pdf,2d104638c72cbfc58f17ab38223bce3d7798f72abc2d14fa4495a3a7546f3b12,2026-07-12,ミヤマタニソバ,Persicaria debilis (Meisn.) H. Gross ex W. T. Lee,タデ科,POLYGONACEAE,イヌタデ属,Persicaria,一年草,10～30 cm,7～10月,本州～九州、韓国（済州島・智異山）,山地の林下,,,171,日本の野生植物 第2巻,86,原PDF画像目視確認＋macOS Vision OCR補助＋手動要約,include,ミヤマタニソパ,原PDF画像で番号付き種記載と本文境界を確認し、明記された客観的事実だけを短く構造化。 OCR誤名「ミヤマタニソパ」を置換。
wildplants-vol2-coverage-0076,volume2_full_heading_reconciliation,2,日本の野生植物 2- ミゾハコベ科～スイカズラ科 ―フィールド版―改訂新版.pdf,2d104638c72cbfc58f17ab38223bce3d7798f72abc2d14fa4495a3a7546f3b12,2026-07-12,オオケタデ,Persicaria orientalis (L.) Spach,タデ科,POLYGONACEAE,イヌタデ属,Persicaria,一年草,1～2.2 m,8～11月,インド・東南アジア・中国中南部・台湾原産。日本では南千島・北海道～琉球に帰化,荒れ地,,,173,日本の野生植物 第2巻,87,原PDF画像目視確認＋macOS Vision OCR補助＋手動要約,include,,原PDF画像で番号付き種記載と本文境界を確認し、明記された客観的事実だけを短く構造化。
wildplants-vol2-coverage-0077,volume2_full_heading_reconciliation,2,日本の野生植物 2- ミゾハコベ科～スイカズラ科 ―フィールド版―改訂新版.pdf,2d104638c72cbfc58f17ab38223bce3d7798f72abc2d14fa4495a3a7546f3b12,2026-07-12,シンミズヒキ,,,,,,,,,,,,,172,日本の野生植物 第2巻,87,原PDF画像目視確認,exclude_ocr_heading,,原PDF画像で候補名がOCR誤読と確認。正名「シンミズヒキ」は既存抽出で被覆済み、または候補位置は検索表のみ。
wildplants-vol2-coverage-0078,volume2_full_heading_reconciliation,2,日本の野生植物 2- ミゾハコベ科～スイカズラ科 ―フィールド版―改訂新版.pdf,2d104638c72cbfc58f17ab38223bce3d7798f72abc2d14fa4495a3a7546f3b12,2026-07-12,タニソバ,Persicaria nepalensis (Meisn.) H. Gross,タデ科,POLYGONACEAE,イヌタデ属,Persicaria,一年草,10～50 cm,7～10月,南千島（色丹島）・北海道～九州、朝鮮半島・台湾・中国～東南アジア・ヒマラヤ・西アジア・北アフリカ,原野や山地の陽地または林縁,,,172,日本の野生植物 第2巻,87,原PDF画像目視確認＋macOS Vision OCR補助＋手動要約,include,タニソパ,原PDF画像で番号付き種記載と本文境界を確認し、明記された客観的事実だけを短く構造化。 OCR誤名「タニソパ」を置換。
wildplants-vol2-coverage-0079,volume2_full_heading_reconciliation,2,日本の野生植物 2- ミゾハコベ科～スイカズラ科 ―フィールド版―改訂新版.pdf,2d104638c72cbfc58f17ab38223bce3d7798f72abc2d14fa4495a3a7546f3b12,2026-07-12,ツルソバ,,,,,,,,,,,,,172,日本の野生植物 第2巻,87,原PDF画像目視確認,exclude_ocr_heading,,原PDF画像で候補名がOCR誤読と確認。正名「ツルソバ」は既存抽出で被覆済み、または候補位置は検索表のみ。
wildplants-vol2-coverage-0080,volume2_full_heading_reconciliation,2,日本の野生植物 2- ミゾハコベ科～スイカズラ科 ―フィールド版―改訂新版.pdf,2d104638c72cbfc58f17ab38223bce3d7798f72abc2d14fa4495a3a7546f3b12,2026-07-12,ナガバノウナギツカミ,,,,,,,,,,,,,172,日本の野生植物 第2巻,87,原PDF画像目視確認,exclude_ocr_heading,,原PDF画像で候補名がOCR誤読と確認。正名「ナガバノウナギツカミ」は既存抽出で被覆済み、または候補位置は検索表のみ。
wildplants-vol2-coverage-0081,volume2_full_heading_reconciliation,2,日本の野生植物 2- ミゾハコベ科～スイカズラ科 ―フィールド版―改訂新版.pdf,2d104638c72cbfc58f17ab38223bce3d7798f72abc2d14fa4495a3a7546f3b12,2026-07-12,ホソバノウナギツカミ,,,,,,,,,,,,,172,日本の野生植物 第2巻,87,原PDF画像目視確認,exclude_ocr_heading,,原PDF画像で候補名がOCR誤読と確認。正名「ホソバノウナギツカミ」は既存抽出で被覆済み、または候補位置は検索表のみ。
wildplants-vol2-coverage-0082,volume2_full_heading_reconciliation,2,日本の野生植物 2- ミゾハコベ科～スイカズラ科 ―フィールド版―改訂新版.pdf,2d104638c72cbfc58f17ab38223bce3d7798f72abc2d14fa4495a3a7546f3b12,2026-07-12,ヤナギタデ,Persicaria hydropiper (L.) Delarbre,タデ科,POLYGONACEAE,イヌタデ属,Persicaria,一年草,30～80 cm,5～10月,沖縄・小笠原を含む日本全土、北半球の亜寒帯～亜熱帯,水湿地,,,173,日本の野生植物 第2巻,87,原PDF画像目視確認＋macOS Vision OCR補助＋手動要約,include,,原PDF画像で番号付き種記載と本文境界を確認し、明記された客観的事実だけを短く構造化。
wildplants-vol2-coverage-0083,volume2_full_heading_reconciliation,2,日本の野生植物 2- ミゾハコベ科～スイカズラ科 ―フィールド版―改訂新版.pdf,2d104638c72cbfc58f17ab38223bce3d7798f72abc2d14fa4495a3a7546f3b12,2026-07-12,ウシオミチヤナギ,,,,,,,,,,,,,175,日本の野生植物 第2巻,88,原PDF画像目視確認,exclude_search_key_or_in_text_taxon,,原PDF画像で検索表・別種本文内の変種/類似種/別名への言及であり、独立した番号付き種記載ではないと確認。
wildplants-vol2-coverage-0084,volume2_full_heading_reconciliation,2,日本の野生植物 2- ミゾハコベ科～スイカズラ科 ―フィールド版―改訂新版.pdf,2d104638c72cbfc58f17ab38223bce3d7798f72abc2d14fa4495a3a7546f3b12,2026-07-12,オオサクラタデ,Persicaria glabra (Willd.) M. Gómez,タデ科,POLYGONACEAE,イヌタデ属,Persicaria,一年草,最大1.5 m,10月～翌年3月,奄美大島以南の琉球列島（大東諸島を含む）、台湾・中国南部から世界の熱帯・亜熱帯,水湿地,,,174,日本の野生植物 第2巻,88,原PDF画像目視確認＋macOS Vision OCR補助＋手動要約,include,,原PDF画像で番号付き種記載と本文境界を確認し、明記された客観的事実だけを短く構造化。
wildplants-vol2-coverage-0085,volume2_full_heading_reconciliation,2,日本の野生植物 2- ミゾハコベ科～スイカズラ科 ―フィールド版―改訂新版.pdf,2d104638c72cbfc58f17ab38223bce3d7798f72abc2d14fa4495a3a7546f3b12,2026-07-12,ヌカボミチヤナギ,Polygonum argyrocoleon Steud. ex Kunze,タデ科,POLYGONACEAE,ミチヤナギ属,Polygonum,,,,日本では滋賀県蒲生郡日野町で1回採集されたのみ。国外では中央アジア～東アジアに点在,,,,176,日本の野生植物 第2巻,89,原PDF画像目視確認＋macOS Vision OCR補助＋手動要約,include,,原PDF画像で番号付き種記載と本文境界を確認し、明記された客観的事実だけを短く構造化。
wildplants-vol2-coverage-0086,volume2_full_heading_reconciliation,2,日本の野生植物 2- ミゾハコベ科～スイカズラ科 ―フィールド版―改訂新版.pdf,2d104638c72cbfc58f17ab38223bce3d7798f72abc2d14fa4495a3a7546f3b12,2026-07-12,ホザキニワヤナギ,,,,,,,,,,,,,175,日本の野生植物 第2巻,88,原PDF画像目視確認,exclude_search_key_or_in_text_taxon,,原PDF画像で検索表・別種本文内の変種/類似種/別名への言及であり、独立した番号付き種記載ではないと確認。
wildplants-vol2-coverage-0087,volume2_full_heading_reconciliation,2,日本の野生植物 2- ミゾハコベ科～スイカズラ科 ―フィールド版―改訂新版.pdf,2d104638c72cbfc58f17ab38223bce3d7798f72abc2d14fa4495a3a7546f3b12,2026-07-12,ナガバギシギシ,,,,,,,,,,,,,177,日本の野生植物 第2巻,89,原PDF画像目視確認,exclude_search_key_or_in_text_taxon,,原PDF画像で検索表・別種本文内の変種/類似種/別名への言及であり、独立した番号付き種記載ではないと確認。
wildplants-vol2-coverage-0088,volume2_full_heading_reconciliation,2,日本の野生植物 2- ミゾハコベ科～スイカズラ科 ―フィールド版―改訂新版.pdf,2d104638c72cbfc58f17ab38223bce3d7798f72abc2d14fa4495a3a7546f3b12,2026-07-12,トウカイコモウセンゴケ,Drosera tokaiensis (Komiya et C. Shibata) T. Nakam. et K. Ueda subsp. tokaiensis,モウセンゴケ科,DROSERACEAE,モウセンゴケ属,Drosera,,,,本州（北陸地方・東海地方～中国地方）・四国,,コモウセンゴケ,コモウセンゴケより葉柄が明瞭で、長腺毛は葉柄状の基部を除く葉面にあり、托葉は深く4裂する,179,日本の野生植物 第2巻,90,原PDF画像目視確認＋macOS Vision OCR補助＋手動要約,include,,原PDF画像で番号付き種記載と本文境界を確認し、明記された客観的事実だけを短く構造化。
wildplants-vol2-coverage-0089,volume2_full_heading_reconciliation,2,日本の野生植物 2- ミゾハコベ科～スイカズラ科 ―フィールド版―改訂新版.pdf,2d104638c72cbfc58f17ab38223bce3d7798f72abc2d14fa4495a3a7546f3b12,2026-07-12,ナガバノモウセンゴケ,,,,,,,,,,,,,179,日本の野生植物 第2巻,90,原PDF画像目視確認,exclude_ocr_heading,,原PDF画像で候補名がOCR誤読と確認。正名「ナガバノモウセンゴケ」は既存抽出で被覆済み、または候補位置は検索表のみ。
wildplants-vol2-coverage-0090,volume2_full_heading_reconciliation,2,日本の野生植物 2- ミゾハコベ科～スイカズラ科 ―フィールド版―改訂新版.pdf,2d104638c72cbfc58f17ab38223bce3d7798f72abc2d14fa4495a3a7546f3b12,2026-07-12,ナガバノイシモチソウ,,,,,,,,,,,,,180,日本の野生植物 第2巻,91,原PDF画像目視確認,exclude_ocr_heading,,原PDF画像で候補名がOCR誤読と確認。正名「ナガバノイシモチソウ」は既存抽出で被覆済み、または候補位置は検索表のみ。
wildplants-vol2-coverage-0091,volume2_full_heading_reconciliation,2,日本の野生植物 2- ミゾハコベ科～スイカズラ科 ―フィールド版―改訂新版.pdf,2d104638c72cbfc58f17ab38223bce3d7798f72abc2d14fa4495a3a7546f3b12,2026-07-12,オオバナノミミナグサ,Cerastium fischerianum Ser. var. fischerianum,ナデシコ科,CARYOPHYLLACEAE,ミミナグサ属,Cerastium,多年草,15～60 cm,6～8月,南千島・北海道・本州（東北地方北部）、朝鮮半島北部・サハリン・千島列島・カムチャツカ半島・アリューシャン列島～北アメリカ西部,海岸の岩礫地,,,183,日本の野生植物 第2巻,92,原PDF画像目視確認＋macOS Vision OCR補助＋手動要約,include,,原PDF画像で番号付き種記載と本文境界を確認し、明記された客観的事実だけを短く構造化。
wildplants-vol2-coverage-0092,volume2_full_heading_reconciliation,2,日本の野生植物 2- ミゾハコベ科～スイカズラ科 ―フィールド版―改訂新版.pdf,2d104638c72cbfc58f17ab38223bce3d7798f72abc2d14fa4495a3a7546f3b12,2026-07-12,カトウハコベ,,,,,,,,,,,,,182,日本の野生植物 第2巻,92,原PDF画像目視確認,exclude_ocr_heading,,原PDF画像で候補名がOCR誤読と確認。正名「カトウハコベ」は既存抽出で被覆済み、または候補位置は検索表のみ。
wildplants-vol2-coverage-0093,volume2_full_heading_reconciliation,2,日本の野生植物 2- ミゾハコベ科～スイカズラ科 ―フィールド版―改訂新版.pdf,2d104638c72cbfc58f17ab38223bce3d7798f72abc2d14fa4495a3a7546f3b12,2026-07-12,ホソバミミナグサ,Cerastium rubescens Mattf. var. ovatum (Miyabe) M. Mizush.,ナデシコ科,CARYOPHYLLACEAE,ミミナグサ属,Cerastium,多年草,10～20 cm,7～8月,北海道（礼文島・中央高地・大平山・三森山）・本州（青森県・関東・中部地方）、朝鮮半島北部・中国東北部,高山の岩礫地,,,183,日本の野生植物 第2巻,92,原PDF画像目視確認＋macOS Vision OCR補助＋手動要約,include,,原PDF画像で番号付き種記載と本文境界を確認し、明記された客観的事実だけを短く構造化。
wildplants-vol2-coverage-0094,volume2_full_heading_reconciliation,2,日本の野生植物 2- ミゾハコベ科～スイカズラ科 ―フィールド版―改訂新版.pdf,2d104638c72cbfc58f17ab38223bce3d7798f72abc2d14fa4495a3a7546f3b12,2026-07-12,シナノナデシコ,Dianthus shinanensis (Yatabe) Makino,ナデシコ科,CARYOPHYLLACEAE,ナデシコ属,Dianthus,二年草または多年草,20～45 cm,7～8月,本州中部地方にまれ,山地～亜高山の砂礫地や河原,,,184,日本の野生植物 第2巻,93,原PDF画像目視確認＋macOS Vision OCR補助＋手動要約,include,,原PDF画像で番号付き種記載と本文境界を確認し、明記された客観的事実だけを短く構造化。
wildplants-vol2-coverage-0095,volume2_full_heading_reconciliation,2,日本の野生植物 2- ミゾハコベ科～スイカズラ科 ―フィールド版―改訂新版.pdf,2d104638c72cbfc58f17ab38223bce3d7798f72abc2d14fa4495a3a7546f3b12,2026-07-12,ナンブワチガイソウ,Pseudostellaria japonica (Korsh.) Pax,ナデシコ科,CARYOPHYLLACEAE,ワチガイソウ属,Pseudostellaria,多年草,7～20 cm,5～6月,本州（岩手県・宮城県・福島県・栃木県・茨城県・長野県）、中国東北部・ロシア極東地方・シベリア,山地の夏緑樹林の林内や林縁,,,187,日本の野生植物 第2巻,94,原PDF画像目視確認＋macOS Vision OCR補助＋手動要約,include,ナンプワチガイソウ,原PDF画像で番号付き種記載と本文境界を確認し、明記された客観的事実だけを短く構造化。 OCR誤名「ナンプワチガイソウ」を置換。
wildplants-vol2-coverage-0096,volume2_full_heading_reconciliation,2,日本の野生植物 2- ミゾハコベ科～スイカズラ科 ―フィールド版―改訂新版.pdf,2d104638c72cbfc58f17ab38223bce3d7798f72abc2d14fa4495a3a7546f3b12,2026-07-12,ホソバツメクサ,Minuartia verna (L.) Hiern var. japonica H. Hara,ナデシコ科,CARYOPHYLLACEAE,タカネツメクサ属（広義）,Minuartia,多年草,4～13 cm,7～8月,北海道・本州（早池峰山・谷川山系・至仏山・中部山岳）,高山の砂礫地や岩礫地,,,186,日本の野生植物 第2巻,94,原PDF画像目視確認＋macOS Vision OCR補助＋手動要約,include,,原PDF画像で番号付き種記載と本文境界を確認し、明記された客観的事実だけを短く構造化。
wildplants-vol2-coverage-0097,volume2_full_heading_reconciliation,2,日本の野生植物 2- ミゾハコベ科～スイカズラ科 ―フィールド版―改訂新版.pdf,2d104638c72cbfc58f17ab38223bce3d7798f72abc2d14fa4495a3a7546f3b12,2026-07-12,エンビセンノウ,,,,,,,,,,,,,188,日本の野生植物 第2巻,95,原PDF画像目視確認,exclude_ocr_heading,,原PDF画像で候補名がOCR誤読と確認。正名「エンビセンノウ」は既存抽出で被覆済み、または候補位置は検索表のみ。
wildplants-vol2-coverage-0098,volume2_full_heading_reconciliation,2,日本の野生植物 2- ミゾハコベ科～スイカズラ科 ―フィールド版―改訂新版.pdf,2d104638c72cbfc58f17ab38223bce3d7798f72abc2d14fa4495a3a7546f3b12,2026-07-12,ナンバンハコベ,,,,,,,,,,,,,188,日本の野生植物 第2巻,95,原PDF画像目視確認,exclude_ocr_heading,,原PDF画像で候補名がOCR誤読と確認。正名「ナンバンハコベ」は既存抽出で被覆済み、または候補位置は検索表のみ。
wildplants-vol2-coverage-0099,volume2_full_heading_reconciliation,2,日本の野生植物 2- ミゾハコベ科～スイカズラ科 ―フィールド版―改訂新版.pdf,2d104638c72cbfc58f17ab38223bce3d7798f72abc2d14fa4495a3a7546f3b12,2026-07-12,エゾオオヤマハコベ,,,,,,,,,,,,,191,日本の野生植物 第2巻,96,原PDF画像目視確認,exclude_ocr_heading,,原PDF画像で候補名がOCR誤読と確認。正名「エゾオオヤマハコベ」は既存抽出で被覆済み、または候補位置は検索表のみ。
wildplants-vol2-coverage-0100,volume2_full_heading_reconciliation,2,日本の野生植物 2- ミゾハコベ科～スイカズラ科 ―フィールド版―改訂新版.pdf,2d104638c72cbfc58f17ab38223bce3d7798f72abc2d14fa4495a3a7546f3b12,2026-07-12,サワハコベ,Stellaria diversiflora Maxim. var. diversiflora,ナデシコ科,CARYOPHYLLACEAE,ハコベ属,Stellaria,多年草,長さ5～30 cm,5～7月,本州・四国・九州,山地の沢沿い,,,192,日本の野生植物 第2巻,97,原PDF画像目視確認＋macOS Vision OCR補助＋手動要約,include,,原PDF画像で番号付き種記載と本文境界を確認し、明記された客観的事実だけを短く構造化。
wildplants-vol2-coverage-0101,volume2_full_heading_reconciliation,2,日本の野生植物 2- ミゾハコベ科～スイカズラ科 ―フィールド版―改訂新版.pdf,2d104638c72cbfc58f17ab38223bce3d7798f72abc2d14fa4495a3a7546f3b12,2026-07-12,ホソバツルノゲイトウ,,,,,,,,,,,,,197,日本の野生植物 第2巻,99,原PDF画像目視確認,exclude_ocr_heading,,原PDF画像で候補名がOCR誤読と確認。正名「ホソバツルノゲイトウ」は既存抽出で被覆済み、または候補位置は検索表のみ。
wildplants-vol2-coverage-0102,volume2_full_heading_reconciliation,2,日本の野生植物 2- ミゾハコベ科～スイカズラ科 ―フィールド版―改訂新版.pdf,2d104638c72cbfc58f17ab38223bce3d7798f72abc2d14fa4495a3a7546f3b12,2026-07-12,モンパイノコヅチ,,,,,,,,,,,,,196,日本の野生植物 第2巻,99,原PDF画像目視確認,exclude_search_key_or_in_text_taxon,,原PDF画像で検索表・別種本文内の変種/類似種/別名への言及であり、独立した番号付き種記載ではないと確認。
wildplants-vol2-coverage-0103,volume2_full_heading_reconciliation,2,日本の野生植物 2- ミゾハコベ科～スイカズラ科 ―フィールド版―改訂新版.pdf,2d104638c72cbfc58f17ab38223bce3d7798f72abc2d14fa4495a3a7546f3b12,2026-07-12,アメリカアリタソウ,,,,,,,,,,,,,204,日本の野生植物 第2巻,103,原PDF画像目視確認,exclude_search_key_or_in_text_taxon,,原PDF画像で検索表・別種本文内の変種/類似種/別名への言及であり、独立した番号付き種記載ではないと確認。
wildplants-vol2-coverage-0104,volume2_full_heading_reconciliation,2,日本の野生植物 2- ミゾハコベ科～スイカズラ科 ―フィールド版―改訂新版.pdf,2d104638c72cbfc58f17ab38223bce3d7798f72abc2d14fa4495a3a7546f3b12,2026-07-12,キクバアリタソウ,,,,,,,,,,,,,204,日本の野生植物 第2巻,103,原PDF画像目視確認,exclude_search_key_or_in_text_taxon,,原PDF画像で検索表・別種本文内の変種/類似種/別名への言及であり、独立した番号付き種記載ではないと確認。
wildplants-vol2-coverage-0105,volume2_full_heading_reconciliation,2,日本の野生植物 2- ミゾハコベ科～スイカズラ科 ―フィールド版―改訂新版.pdf,2d104638c72cbfc58f17ab38223bce3d7798f72abc2d14fa4495a3a7546f3b12,2026-07-12,ゴウシュウアリタソウ,,,,,,,,,,,,,204,日本の野生植物 第2巻,103,原PDF画像目視確認,exclude_search_key_or_in_text_taxon,,原PDF画像で検索表・別種本文内の変種/類似種/別名への言及であり、独立した番号付き種記載ではないと確認。
wildplants-vol2-coverage-0106,volume2_full_heading_reconciliation,2,日本の野生植物 2- ミゾハコベ科～スイカズラ科 ―フィールド版―改訂新版.pdf,2d104638c72cbfc58f17ab38223bce3d7798f72abc2d14fa4495a3a7546f3b12,2026-07-12,ハリヒジキ,,,,,,,,,,,,,205,日本の野生植物 第2巻,103,原PDF画像目視確認,exclude_search_key_or_in_text_taxon,,原PDF画像で検索表・別種本文内の変種/類似種/別名への言及であり、独立した番号付き種記載ではないと確認。
wildplants-vol2-coverage-0107,volume2_full_heading_reconciliation,2,日本の野生植物 2- ミゾハコベ科～スイカズラ科 ―フィールド版―改訂新版.pdf,2d104638c72cbfc58f17ab38223bce3d7798f72abc2d14fa4495a3a7546f3b12,2026-07-12,ツルナ,Tetragonia tetragonoides (Pall.) Kuntze,ハマミズナ科,AIZOACEAE,ツルナ属,Tetragonia,肉質の多年草,40～60 cm,4～11月,北海道西南部～琉球、環太平洋の沿岸一帯,海岸の砂地,,,207,日本の野生植物 第2巻,104,原PDF画像目視確認＋macOS Vision OCR補助＋手動要約,include,,原PDF画像で番号付き種記載と本文境界を確認し、明記された客観的事実だけを短く構造化。
wildplants-vol2-coverage-0108,volume2_full_heading_reconciliation,2,日本の野生植物 2- ミゾハコベ科～スイカズラ科 ―フィールド版―改訂新版.pdf,2d104638c72cbfc58f17ab38223bce3d7798f72abc2d14fa4495a3a7546f3b12,2026-07-12,ミルスベリヒユ,Sesuvium portulacastrum (L.) L. var. portulacastrum,ハマミズナ科,AIZOACEAE,ハマミズナ属,Sesuvium,肉質の多年草,,6～12月,沖縄県以南の琉球と小笠原諸島に自生し、種子島・吐噶喇列島などで帰化,,,,207,日本の野生植物 第2巻,104,原PDF画像目視確認＋macOS Vision OCR補助＋手動要約,include,,原PDF画像で番号付き種記載と本文境界を確認し、明記された客観的事実だけを短く構造化。
wildplants-vol2-coverage-0109,volume2_full_heading_reconciliation,2,日本の野生植物 2- ミゾハコベ科～スイカズラ科 ―フィールド版―改訂新版.pdf,2d104638c72cbfc58f17ab38223bce3d7798f72abc2d14fa4495a3a7546f3b12,2026-07-12,オオクサボク,Pisonia umbellifera (J. R. Forst. et G. Forst.) Seem.,オシロイバナ科,NYCTAGINACEAE,トゲカズラ属,Pisonia,常緑高木,8～10 m,,小笠原諸島・奄美大島以南の琉球、台湾・マレーシア・オーストラリア・ミクロネシア・ポリネシアの熱帯・亜熱帯,,,,209,日本の野生植物 第2巻,105,原PDF画像目視確認＋macOS Vision OCR補助＋手動要約,include,,原PDF画像で番号付き種記載と本文境界を確認し、明記された客観的事実だけを短く構造化。
wildplants-vol2-coverage-0110,volume2_full_heading_reconciliation,2,日本の野生植物 2- ミゾハコベ科～スイカズラ科 ―フィールド版―改訂新版.pdf,2d104638c72cbfc58f17ab38223bce3d7798f72abc2d14fa4495a3a7546f3b12,2026-07-12,オシロイバナ,Mirabilis jalapa L.,オシロイバナ科,NYCTAGINACEAE,オシロイバナ属,Mirabilis,多年草,約1 m,,メキシコ原産で世界各地に栽培。日本では暖地で野生化,栽培からの野生化,,,209,日本の野生植物 第2巻,105,原PDF画像目視確認＋macOS Vision OCR補助＋手動要約,include,オシロイパナ,原PDF画像で番号付き種記載と本文境界を確認し、明記された客観的事実だけを短く構造化。 OCR誤名「オシロイパナ」を置換。
wildplants-vol2-coverage-0111,volume2_full_heading_reconciliation,2,日本の野生植物 2- ミゾハコベ科～スイカズラ科 ―フィールド版―改訂新版.pdf,2d104638c72cbfc58f17ab38223bce3d7798f72abc2d14fa4495a3a7546f3b12,2026-07-12,ヤマゴボウ,,,,,,,,,,,,,208,日本の野生植物 第2巻,105,原PDF画像目視確認,exclude_ocr_heading,,原PDF画像で候補名がOCR誤読と確認。正名「ヤマゴボウ」は既存抽出で被覆済み、または候補位置は検索表のみ。
wildplants-vol2-coverage-0112,volume2_full_heading_reconciliation,2,日本の野生植物 2- ミゾハコベ科～スイカズラ科 ―フィールド版―改訂新版.pdf,2d104638c72cbfc58f17ab38223bce3d7798f72abc2d14fa4495a3a7546f3b12,2026-07-12,クマノミズキ,Cornus macrophylla Wall.,ミズキ科,CORNACEAE,ミズキ属,Cornus,落葉高木,8～12 m,,本州・四国・九州（屋久島まで）、朝鮮半島・台湾・中国～ヒマラヤ・アフガニスタンの山地,,,,215,日本の野生植物 第2巻,108,原PDF画像目視確認＋macOS Vision OCR補助＋手動要約,include,クマノミスキ,原PDF画像で番号付き種記載と本文境界を確認し、明記された客観的事実だけを短く構造化。 OCR誤名「クマノミスキ」を置換。
wildplants-vol2-coverage-0113,volume2_full_heading_reconciliation,2,日本の野生植物 2- ミゾハコベ科～スイカズラ科 ―フィールド版―改訂新版.pdf,2d104638c72cbfc58f17ab38223bce3d7798f72abc2d14fa4495a3a7546f3b12,2026-07-12,サンシュユ,Cornus officinalis Siebold et Zucc.,ミズキ科,CORNACEAE,ミズキ属,Cornus,落葉小高木,,,朝鮮半島・中国原産,庭園に栽植,,,215,日本の野生植物 第2巻,108,原PDF画像目視確認＋macOS Vision OCR補助＋手動要約,include,,原PDF画像で番号付き種記載と本文境界を確認し、明記された客観的事実だけを短く構造化。
wildplants-vol2-coverage-0114,volume2_full_heading_reconciliation,2,日本の野生植物 2- ミゾハコベ科～スイカズラ科 ―フィールド版―改訂新版.pdf,2d104638c72cbfc58f17ab38223bce3d7798f72abc2d14fa4495a3a7546f3b12,2026-07-12,ハナミズキ,Cornus florida L.,ミズキ科,CORNACEAE,ミズキ属,Cornus,,,,北アメリカ原産,公園・庭園などに広く栽植,,,215,日本の野生植物 第2巻,108,原PDF画像目視確認＋macOS Vision OCR補助＋手動要約,include,,原PDF画像で番号付き種記載と本文境界を確認し、明記された客観的事実だけを短く構造化。
wildplants-vol2-coverage-0115,volume2_full_heading_reconciliation,2,日本の野生植物 2- ミゾハコベ科～スイカズラ科 ―フィールド版―改訂新版.pdf,2d104638c72cbfc58f17ab38223bce3d7798f72abc2d14fa4495a3a7546f3b12,2026-07-12,アマミクサアジサイ,Cardiandra amamiohsimensis Koidz.,アジサイ科,HYDRANGEACEAE,クサアジサイ属,Cardiandra,多年草,,,奄美大島固有,,,,217,日本の野生植物 第2巻,109,原PDF画像目視確認＋macOS Vision OCR補助＋手動要約,include,,原PDF画像で番号付き種記載と本文境界を確認し、明記された客観的事実だけを短く構造化。
wildplants-vol2-coverage-0116,volume2_full_heading_reconciliation,2,日本の野生植物 2- ミゾハコベ科～スイカズラ科 ―フィールド版―改訂新版.pdf,2d104638c72cbfc58f17ab38223bce3d7798f72abc2d14fa4495a3a7546f3b12,2026-07-12,ツルアジサイ,Calyptranthe petiolaris (Siebold et Zucc.) H. Ohba et S. Akiyama,アジサイ科,HYDRANGEACEAE,ツルアジサイ属,Calyptranthe,落葉性のつる性木本,,,南千島・北海道・本州・四国・九州、サハリン・朝鮮半島南部,山地,,,216,日本の野生植物 第2巻,109,原PDF画像目視確認＋macOS Vision OCR補助＋手動要約,include,,原PDF画像で番号付き種記載と本文境界を確認し、明記された客観的事実だけを短く構造化。
wildplants-vol2-coverage-0117,volume2_full_heading_reconciliation,2,日本の野生植物 2- ミゾハコベ科～スイカズラ科 ―フィールド版―改訂新版.pdf,2d104638c72cbfc58f17ab38223bce3d7798f72abc2d14fa4495a3a7546f3b12,2026-07-12,オオシマウツギ,,,,,,,,,,,,,218,日本の野生植物 第2巻,110,原PDF画像目視確認,exclude_ocr_heading,,原PDF画像で候補名がOCR誤読と確認。正名「オオシマウツギ」は既存抽出で被覆済み、または候補位置は検索表のみ。
wildplants-vol2-coverage-0118,volume2_full_heading_reconciliation,2,日本の野生植物 2- ミゾハコベ科～スイカズラ科 ―フィールド版―改訂新版.pdf,2d104638c72cbfc58f17ab38223bce3d7798f72abc2d14fa4495a3a7546f3b12,2026-07-12,コミノヒメウツギ,,,,,,,,,,,,,218,日本の野生植物 第2巻,110,原PDF画像目視確認,exclude_ocr_heading,,原PDF画像で候補名がOCR誤読と確認。正名「コミノヒメウツギ」は既存抽出で被覆済み、または候補位置は検索表のみ。
wildplants-vol2-coverage-0119,volume2_full_heading_reconciliation,2,日本の野生植物 2- ミゾハコベ科～スイカズラ科 ―フィールド版―改訂新版.pdf,2d104638c72cbfc58f17ab38223bce3d7798f72abc2d14fa4495a3a7546f3b12,2026-07-12,マルバコウツギ,Deutzia bungoensis Hatus.,アジサイ科,HYDRANGEACEAE,ウツギ属,Deutzia,小低木,,,本州西部（岡山県）・九州（熊本県・大分県・宮崎県）,,,,218,日本の野生植物 第2巻,110,原PDF画像目視確認＋macOS Vision OCR補助＋手動要約,include,,原PDF画像で番号付き種記載と本文境界を確認し、明記された客観的事実だけを短く構造化。
wildplants-vol2-coverage-0120,volume2_full_heading_reconciliation,2,日本の野生植物 2- ミゾハコベ科～スイカズラ科 ―フィールド版―改訂新版.pdf,2d104638c72cbfc58f17ab38223bce3d7798f72abc2d14fa4495a3a7546f3b12,2026-07-12,エゾノハナシノブ,,,,,,,,,,,,,227,日本の野生植物 第2巻,114,原PDF画像目視確認,exclude_search_key_or_in_text_taxon,,原PDF画像で検索表・別種本文内の変種/類似種/別名への言及であり、独立した番号付き種記載ではないと確認。
wildplants-vol2-coverage-0121,volume2_full_heading_reconciliation,2,日本の野生植物 2- ミゾハコベ科～スイカズラ科 ―フィールド版―改訂新版.pdf,2d104638c72cbfc58f17ab38223bce3d7798f72abc2d14fa4495a3a7546f3b12,2026-07-12,ゴバンノアシ,,,,,,,,,,,,,228,日本の野生植物 第2巻,115,原PDF画像目視確認,exclude_ocr_heading,,原PDF画像で候補名がOCR誤読と確認。正名「ゴバンノアシ」は既存抽出で被覆済み、または候補位置は検索表のみ。
wildplants-vol2-coverage-0122,volume2_full_heading_reconciliation,2,日本の野生植物 2- ミゾハコベ科～スイカズラ科 ―フィールド版―改訂新版.pdf,2d104638c72cbfc58f17ab38223bce3d7798f72abc2d14fa4495a3a7546f3b12,2026-07-12,テリバヒサカキ,,,,,,,,,,,,,230,日本の野生植物 第2巻,116,原PDF画像目視確認,exclude_search_key_or_in_text_taxon,,原PDF画像で検索表・別種本文内の変種/類似種/別名への言及であり、独立した番号付き種記載ではないと確認。
wildplants-vol2-coverage-0123,volume2_full_heading_reconciliation,2,日本の野生植物 2- ミゾハコベ科～スイカズラ科 ―フィールド版―改訂新版.pdf,2d104638c72cbfc58f17ab38223bce3d7798f72abc2d14fa4495a3a7546f3b12,2026-07-12,ヤエヤマヒサカキ,,,,,,,,,,,,,230,日本の野生植物 第2巻,116,原PDF画像目視確認,exclude_search_key_or_in_text_taxon,,原PDF画像で検索表・別種本文内の変種/類似種/別名への言及であり、独立した番号付き種記載ではないと確認。
wildplants-vol2-coverage-0124,volume2_full_heading_reconciliation,2,日本の野生植物 2- ミゾハコベ科～スイカズラ科 ―フィールド版―改訂新版.pdf,2d104638c72cbfc58f17ab38223bce3d7798f72abc2d14fa4495a3a7546f3b12,2026-07-12,アカテツ,Planchonella obovata (R. Br.) Pierre,アカテツ科,SAPOTACEAE,アカテツ属,Planchonella,常緑低木または高木,,,吐噶喇列島（宝島）～琉球・小笠原、台湾・中国南部・東南アジア・太平洋諸島,,,,232,日本の野生植物 第2巻,117,原PDF画像目視確認＋macOS Vision OCR補助＋手動要約,include,,原PDF画像で番号付き種記載と本文境界を確認し、明記された客観的事実だけを短く構造化。
wildplants-vol2-coverage-0125,volume2_full_heading_reconciliation,2,日本の野生植物 2- ミゾハコベ科～スイカズラ科 ―フィールド版―改訂新版.pdf,2d104638c72cbfc58f17ab38223bce3d7798f72abc2d14fa4495a3a7546f3b12,2026-07-12,ムニンノキ,Planchonella boninensis (Nakai) Masam. et Yanagih.,アカテツ科,SAPOTACEAE,アカテツ属,Planchonella,,,,小笠原諸島（聟島・父島・兄島・母島・向島）固有,森林中に散在,,,232,日本の野生植物 第2巻,117,原PDF画像目視確認＋macOS Vision OCR補助＋手動要約,include,,原PDF画像で番号付き種記載と本文境界を確認し、明記された客観的事実だけを短く構造化。
wildplants-vol2-coverage-0126,volume2_full_heading_reconciliation,2,日本の野生植物 2- ミゾハコベ科～スイカズラ科 ―フィールド版―改訂新版.pdf,2d104638c72cbfc58f17ab38223bce3d7798f72abc2d14fa4495a3a7546f3b12,2026-07-12,ヤエヤマコクタン,Diospyros egbert-walkeri Kosterm.,カキノキ科,EBENACEAE,カキノキ属,Diospyros,常緑中高木,,,沖縄島～八重山列島,自生し、庭木や街路樹にもされる,,,233,日本の野生植物 第2巻,117,原PDF画像目視確認＋macOS Vision OCR補助＋手動要約,include,,原PDF画像で番号付き種記載と本文境界を確認し、明記された客観的事実だけを短く構造化。
wildplants-vol2-coverage-0127,volume2_full_heading_reconciliation,2,日本の野生植物 2- ミゾハコベ科～スイカズラ科 ―フィールド版―改訂新版.pdf,2d104638c72cbfc58f17ab38223bce3d7798f72abc2d14fa4495a3a7546f3b12,2026-07-12,ギンレイカ,,,,,,,,,,,,,239,日本の野生植物 第2巻,120,原PDF画像目視確認,exclude_search_key_or_in_text_taxon,,原PDF画像で検索表・別種本文内の変種/類似種/別名への言及であり、独立した番号付き種記載ではないと確認。
wildplants-vol2-coverage-0128,volume2_full_heading_reconciliation,2,日本の野生植物 2- ミゾハコベ科～スイカズラ科 ―フィールド版―改訂新版.pdf,2d104638c72cbfc58f17ab38223bce3d7798f72abc2d14fa4495a3a7546f3b12,2026-07-12,コバンコナスビ,,,,,,,,,,,,,238,日本の野生植物 第2巻,120,原PDF画像目視確認,exclude_search_key_or_in_text_taxon,,原PDF画像で検索表・別種本文内の変種/類似種/別名への言及であり、独立した番号付き種記載ではないと確認。
wildplants-vol2-coverage-0129,volume2_full_heading_reconciliation,2,日本の野生植物 2- ミゾハコベ科～スイカズラ科 ―フィールド版―改訂新版.pdf,2d104638c72cbfc58f17ab38223bce3d7798f72abc2d14fa4495a3a7546f3b12,2026-07-12,ヒメミヤマコナスビ,,,,,,,,,,,,,238,日本の野生植物 第2巻,120,原PDF画像目視確認,exclude_search_key_or_in_text_taxon,,原PDF画像で検索表・別種本文内の変種/類似種/別名への言及であり、独立した番号付き種記載ではないと確認。
wildplants-vol2-coverage-0130,volume2_full_heading_reconciliation,2,日本の野生植物 2- ミゾハコベ科～スイカズラ科 ―フィールド版―改訂新版.pdf,2d104638c72cbfc58f17ab38223bce3d7798f72abc2d14fa4495a3a7546f3b12,2026-07-12,タイミンタチバナ,Myrsine seguinii H. Lév.,サクラソウ科,PRIMULACEAE,ツルマンリョウ属,Myrsine,常緑低木または高木,,,本州（千葉県以西）・四国・九州・琉球、台湾・中国・ベトナム・ミャンマー,常緑広葉樹林内,,,241,日本の野生植物 第2巻,121,原PDF画像目視確認＋macOS Vision OCR補助＋手動要約,include,タイミンタチパナ,原PDF画像で番号付き種記載と本文境界を確認し、明記された客観的事実だけを短く構造化。 OCR誤名「タイミンタチパナ」を置換。
wildplants-vol2-coverage-0131,volume2_full_heading_reconciliation,2,日本の野生植物 2- ミゾハコベ科～スイカズラ科 ―フィールド版―改訂新版.pdf,2d104638c72cbfc58f17ab38223bce3d7798f72abc2d14fa4495a3a7546f3b12,2026-07-12,ツルマンリョウ,Myrsine stolonifera (Koidz.) E. Walker,サクラソウ科,PRIMULACEAE,ツルマンリョウ属,Myrsine,つる状に伸びる常緑低木,,,本州（奈良県・山口県）・九州（屋久島）、台湾・中国,常緑広葉樹林内にまれに生育,,,241,日本の野生植物 第2巻,121,原PDF画像目視確認＋macOS Vision OCR補助＋手動要約,include,,原PDF画像で番号付き種記載と本文境界を確認し、明記された客観的事実だけを短く構造化。
wildplants-vol2-coverage-0132,volume2_full_heading_reconciliation,2,日本の野生植物 2- ミゾハコベ科～スイカズラ科 ―フィールド版―改訂新版.pdf,2d104638c72cbfc58f17ab38223bce3d7798f72abc2d14fa4495a3a7546f3b12,2026-07-12,ヒメサザンカ,Camellia lutchuensis T. Itô,ツバキ科,THEACEAE,ツバキ属,Camellia,常緑小高木,最大10 m,,琉球固有（沖永良部島・沖縄島・久米島・石垣島・西表島）,谷間の渓流沿い、または林中の半日陰,,,246,日本の野生植物 第2巻,124,原PDF画像目視確認＋macOS Vision OCR補助＋手動要約,include,,原PDF画像で番号付き種記載と本文境界を確認し、明記された客観的事実だけを短く構造化。
wildplants-vol2-coverage-0133,volume2_full_heading_reconciliation,2,日本の野生植物 2- ミゾハコベ科～スイカズラ科 ―フィールド版―改訂新版.pdf,2d104638c72cbfc58f17ab38223bce3d7798f72abc2d14fa4495a3a7546f3b12,2026-07-12,ヒメツバキ,Schima wallichii (DC.) Korth. subsp. mertensiana (Siebold et Zucc.),ツバキ科,THEACEAE,ヒメツバキ属,Schima,常緑高木（ときに低木状）,,,小笠原諸島（硫黄列島を除く）,,,,247,日本の野生植物 第2巻,124,原PDF画像目視確認＋macOS Vision OCR補助＋手動要約,include,,原PDF画像で番号付き種記載と本文境界を確認し、明記された客観的事実だけを短く構造化。
wildplants-vol2-coverage-0134,volume2_full_heading_reconciliation,2,日本の野生植物 2- ミゾハコベ科～スイカズラ科 ―フィールド版―改訂新版.pdf,2d104638c72cbfc58f17ab38223bce3d7798f72abc2d14fa4495a3a7546f3b12,2026-07-12,ヤブツバキ,Camellia japonica L. var. japonica,ツバキ科,THEACEAE,ツバキ属,Camellia,常緑高木,,,本州（青森県以南）・四国・九州・琉球、台湾・中国（山東・浙江）,,,,246,日本の野生植物 第2巻,124,原PDF画像目視確認＋macOS Vision OCR補助＋手動要約,include,,原PDF画像で番号付き種記載と本文境界を確認し、明記された客観的事実だけを短く構造化。
wildplants-vol2-coverage-0135,volume2_full_heading_reconciliation,2,日本の野生植物 2- ミゾハコベ科～スイカズラ科 ―フィールド版―改訂新版.pdf,2d104638c72cbfc58f17ab38223bce3d7798f72abc2d14fa4495a3a7546f3b12,2026-07-12,カンザブロウノキ,Symplocos theophrastifolia Siebold et Zucc.,ハイノキ科,SYMPLOCACEAE,ハイノキ属,Symplocos,常緑小高木,,,本州（静岡県以西）・四国・九州、台湾・中国南部,山地,,,250,日本の野生植物 第2巻,126,原PDF画像目視確認＋macOS Vision OCR補助＋手動要約,include,カンザプロウノキ,原PDF画像で番号付き種記載と本文境界を確認し、明記された客観的事実だけを短く構造化。 OCR誤名「カンザプロウノキ」を置換。
wildplants-vol2-coverage-0136,volume2_full_heading_reconciliation,2,日本の野生植物 2- ミゾハコベ科～スイカズラ科 ―フィールド版―改訂新版.pdf,2d104638c72cbfc58f17ab38223bce3d7798f72abc2d14fa4495a3a7546f3b12,2026-07-12,ヒロハノミミズバイ,,,,,,,,,,,,,248;250,日本の野生植物 第2巻,125;126,原PDF画像目視確認,exclude_ocr_heading,,原PDF画像で候補名がOCR誤読と確認。正名「ヒロハノミミズバイ」は既存抽出で被覆済み、または候補位置は検索表のみ。
wildplants-vol2-coverage-0137,volume2_full_heading_reconciliation,2,日本の野生植物 2- ミゾハコベ科～スイカズラ科 ―フィールド版―改訂新版.pdf,2d104638c72cbfc58f17ab38223bce3d7798f72abc2d14fa4495a3a7546f3b12,2026-07-12,イワカガミ,Schizocodon soldanelloides Siebold et Zucc. var. soldanelloides,イワウメ科,DIAPENSIACEAE,イワカガミ属,Schizocodon,常緑多年草,,4～7月,北海道～九州,山地の岩場や高山の草地,,,251,日本の野生植物 第2巻,126,原PDF画像目視確認＋macOS Vision OCR補助＋手動要約,include,,原PDF画像で番号付き種記載と本文境界を確認し、明記された客観的事実だけを短く構造化。
wildplants-vol2-coverage-0138,volume2_full_heading_reconciliation,2,日本の野生植物 2- ミゾハコベ科～スイカズラ科 ―フィールド版―改訂新版.pdf,2d104638c72cbfc58f17ab38223bce3d7798f72abc2d14fa4495a3a7546f3b12,2026-07-12,エゴノキ,Styrax japonicus Siebold et Zucc.,エゴノキ科,STYRACACEAE,エゴノキ属,Styrax,落葉小高木,,,北海道・本州・四国・九州・琉球、台湾・朝鮮半島・中国・ベトナム・ラオス・ミャンマー・フィリピン,山麓や山の谷間,,,254,日本の野生植物 第2巻,128,原PDF画像目視確認＋macOS Vision OCR補助＋手動要約,include,,原PDF画像で番号付き種記載と本文境界を確認し、明記された客観的事実だけを短く構造化。
wildplants-vol2-coverage-0139,volume2_full_heading_reconciliation,2,日本の野生植物 2- ミゾハコベ科～スイカズラ科 ―フィールド版―改訂新版.pdf,2d104638c72cbfc58f17ab38223bce3d7798f72abc2d14fa4495a3a7546f3b12,2026-07-12,タカサゴシラタマ,Saurauia tristyla DC. var. oldhamii (Hemsl.) Finet et Gagnep.,マタタビ科,ACTINIDIACEAE,タカサゴシラタマ属,Saurauia,常緑小高木,,,琉球（石垣島・西表島）・台湾・中国南部。種としては東南アジア・インドにも分布,,,,256,日本の野生植物 第2巻,129,原PDF画像目視確認＋macOS Vision OCR補助＋手動要約,include,,原PDF画像で番号付き種記載と本文境界を確認し、明記された客観的事実だけを短く構造化。
wildplants-vol2-coverage-0140,volume2_full_heading_reconciliation,2,日本の野生植物 2- ミゾハコベ科～スイカズラ科 ―フィールド版―改訂新版.pdf,2d104638c72cbfc58f17ab38223bce3d7798f72abc2d14fa4495a3a7546f3b12,2026-07-12,ヤッコソウ,Mitrastemon yamamotoi Makino,ヤッコソウ科,MITRASTEMONACEAE,ヤッコソウ属,Mitrastemon,多年生の完全寄生植物,4～7 cm,11月上旬（鹿児島地方）,四国（徳島県・高知県）・九州（宮崎県・鹿児島県）・屋久島・種子島・奄美・沖縄,シイ属などの根に寄生,,,257,日本の野生植物 第2巻,129,原PDF画像目視確認＋macOS Vision OCR補助＋手動要約,include,,原PDF画像で番号付き種記載と本文境界を確認し、明記された客観的事実だけを短く構造化。
wildplants-vol2-coverage-0141,volume2_full_heading_reconciliation,2,日本の野生植物 2- ミゾハコベ科～スイカズラ科 ―フィールド版―改訂新版.pdf,2d104638c72cbfc58f17ab38223bce3d7798f72abc2d14fa4495a3a7546f3b12,2026-07-12,ヒカゲツツジ,,,,,,,,,,,,,266,日本の野生植物 第2巻,134,原PDF画像目視確認,exclude_ocr_heading,,原PDF画像で候補名がOCR誤読と確認。正名「ヒカゲツツジ」は既存抽出で被覆済み、または候補位置は検索表のみ。
wildplants-vol2-coverage-0142,volume2_full_heading_reconciliation,2,日本の野生植物 2- ミゾハコベ科～スイカズラ科 ―フィールド版―改訂新版.pdf,2d104638c72cbfc58f17ab38223bce3d7798f72abc2d14fa4495a3a7546f3b12,2026-07-12,レンゲツツジ,,,,,,,,,,,,,266,日本の野生植物 第2巻,134,原PDF画像目視確認,exclude_ocr_heading,,原PDF画像で候補名がOCR誤読と確認。正名「レンゲツツジ」は既存抽出で被覆済み、または候補位置は検索表のみ。
wildplants-vol2-coverage-0143,volume2_full_heading_reconciliation,2,日本の野生植物 2- ミゾハコベ科～スイカズラ科 ―フィールド版―改訂新版.pdf,2d104638c72cbfc58f17ab38223bce3d7798f72abc2d14fa4495a3a7546f3b12,2026-07-12,タイワンヤマツツジ,Rhododendron simsii Planch.,ツツジ科,ERICACEAE,ツツジ属,Rhododendron,半常緑低木,約2 m,,奄美大島以南の琉球、台湾・中国大陸中南部,低地の林縁や岩地,,,272,日本の野生植物 第2巻,137,原PDF画像目視確認＋macOS Vision OCR補助＋手動要約,include,,原PDF画像で番号付き種記載と本文境界を確認し、明記された客観的事実だけを短く構造化。
wildplants-vol2-coverage-0144,volume2_full_heading_reconciliation,2,日本の野生植物 2- ミゾハコベ科～スイカズラ科 ―フィールド版―改訂新版.pdf,2d104638c72cbfc58f17ab38223bce3d7798f72abc2d14fa4495a3a7546f3b12,2026-07-12,ツルギミツバツツジ,Rhododendron tsurugisanense (T. Yamaz.) T. Yamaz.,ツツジ科,ERICACEAE,ツツジ属,Rhododendron,落葉低木,1.5～2.5 m,,四国,温帯上部～亜寒帯の山地,,,274,日本の野生植物 第2巻,138,原PDF画像目視確認＋macOS Vision OCR補助＋手動要約,include,ツルギミツバッツジ,原PDF画像で番号付き種記載と本文境界を確認し、明記された客観的事実だけを短く構造化。 OCR誤名「ツルギミツバッツジ」を置換。
wildplants-vol2-coverage-0145,volume2_full_heading_reconciliation,2,日本の野生植物 2- ミゾハコベ科～スイカズラ科 ―フィールド版―改訂新版.pdf,2d104638c72cbfc58f17ab38223bce3d7798f72abc2d14fa4495a3a7546f3b12,2026-07-12,トキワバイカツツジ,,,,,,,,,,,,,269,日本の野生植物 第2巻,135,原PDF画像目視確認,exclude_ocr_heading,,原PDF画像で候補名がOCR誤読と確認。正名「トキワバイカツツジ」は既存抽出で被覆済み、または候補位置は検索表のみ。
wildplants-vol2-coverage-0146,volume2_full_heading_reconciliation,2,日本の野生植物 2- ミゾハコベ科～スイカズラ科 ―フィールド版―改訂新版.pdf,2d104638c72cbfc58f17ab38223bce3d7798f72abc2d14fa4495a3a7546f3b12,2026-07-12,バイカツツジ,,,,,,,,,,,,,269,日本の野生植物 第2巻,135,原PDF画像目視確認,exclude_ocr_heading,,原PDF画像で候補名がOCR誤読と確認。正名「バイカツツジ」は既存抽出で被覆済み、または候補位置は検索表のみ。
wildplants-vol2-coverage-0147,volume2_full_heading_reconciliation,2,日本の野生植物 2- ミゾハコベ科～スイカズラ科 ―フィールド版―改訂新版.pdf,2d104638c72cbfc58f17ab38223bce3d7798f72abc2d14fa4495a3a7546f3b12,2026-07-12,ミツバツツジ,Rhododendron dilatatum Miq. var. dilatatum,ツツジ科,ERICACEAE,ツツジ属,Rhododendron,落葉低木,2～3 m,4月中旬～5月中旬,関東地方・中部地方中南部,温帯下部の山地の林内,,,273,日本の野生植物 第2巻,137,原PDF画像目視確認＋macOS Vision OCR補助＋手動要約,include,ミツパツツジ,原PDF画像で番号付き種記載と本文境界を確認し、明記された客観的事実だけを短く構造化。 OCR誤名「ミツパツツジ」を置換。
wildplants-vol2-coverage-0148,volume2_full_heading_reconciliation,2,日本の野生植物 2- ミゾハコベ科～スイカズラ科 ―フィールド版―改訂新版.pdf,2d104638c72cbfc58f17ab38223bce3d7798f72abc2d14fa4495a3a7546f3b12,2026-07-12,オオバツツジ,,,,,,,,,,,,,270,日本の野生植物 第2巻,136,原PDF画像目視確認,exclude_ocr_heading,,原PDF画像で候補名がOCR誤読と確認。正名「オオバツツジ」は既存抽出で被覆済み、または候補位置は検索表のみ。
wildplants-vol2-coverage-0149,volume2_full_heading_reconciliation,2,日本の野生植物 2- ミゾハコベ科～スイカズラ科 ―フィールド版―改訂新版.pdf,2d104638c72cbfc58f17ab38223bce3d7798f72abc2d14fa4495a3a7546f3b12,2026-07-12,ムニンツツジ,Rhododendron boninense Nakai,ツツジ科,ERICACEAE,ツツジ属,Rhododendron,常緑低木,2～3 m,,小笠原諸島（父島）,岩場,,,271,日本の野生植物 第2巻,136,原PDF画像目視確認＋macOS Vision OCR補助＋手動要約,include,,原PDF画像で番号付き種記載と本文境界を確認し、明記された客観的事実だけを短く構造化。
wildplants-vol2-coverage-0150,volume2_full_heading_reconciliation,2,日本の野生植物 2- ミゾハコベ科～スイカズラ科 ―フィールド版―改訂新版.pdf,2d104638c72cbfc58f17ab38223bce3d7798f72abc2d14fa4495a3a7546f3b12,2026-07-12,サクラツツジ,Rhododendron tashiroi Maxim. var. tashiroi,ツツジ科,ERICACEAE,ツツジ属,Rhododendron,常緑低木,1～2 m,,四国（高知県）・九州（佐賀県・鹿児島県）・琉球（沖縄島以北）,林縁,,,273,日本の野生植物 第2巻,137,原PDF画像目視確認＋macOS Vision OCR補助＋手動要約,include,サクラッツジ,原PDF画像で番号付き種記載と本文境界を確認し、明記された客観的事実だけを短く構造化。 OCR誤名「サクラッツジ」を置換。
wildplants-vol2-coverage-0151,volume2_full_heading_reconciliation,2,日本の野生植物 2- ミゾハコベ科～スイカズラ科 ―フィールド版―改訂新版.pdf,2d104638c72cbfc58f17ab38223bce3d7798f72abc2d14fa4495a3a7546f3b12,2026-07-12,コアブラツツジ,,,,,,,,,,,,,276,日本の野生植物 第2巻,139,原PDF画像目視確認,exclude_ocr_heading,,原PDF画像で候補名がOCR誤読と確認。正名「コアブラツツジ」は既存抽出で被覆済み、または候補位置は検索表のみ。
wildplants-vol2-coverage-0152,volume2_full_heading_reconciliation,2,日本の野生植物 2- ミゾハコベ科～スイカズラ科 ―フィールド版―改訂新版.pdf,2d104638c72cbfc58f17ab38223bce3d7798f72abc2d14fa4495a3a7546f3b12,2026-07-12,マルバウスゴ,Vaccinium shikokianum Nakai,ツツジ科,ERICACEAE,スノキ属,Vaccinium,落葉低木,20～100 cm,,秋田県～富山県の日本海側の高山（鳥海山・月山・飯豊山・谷川岳・越中朝日岳など）,高山の雪田のわき,,,283,日本の野生植物 第2巻,142,原PDF画像目視確認＋macOS Vision OCR補助＋手動要約,include,,原PDF画像で番号付き種記載と本文境界を確認し、明記された客観的事実だけを短く構造化。
wildplants-vol2-coverage-0153,volume2_full_heading_reconciliation,2,日本の野生植物 2- ミゾハコベ科～スイカズラ科 ―フィールド版―改訂新版.pdf,2d104638c72cbfc58f17ab38223bce3d7798f72abc2d14fa4495a3a7546f3b12,2026-07-12,アクシバ,,,,,,,,,,,,,283,日本の野生植物 第2巻,142,原PDF画像目視確認,exclude_ocr_heading,,原PDF画像で候補名がOCR誤読と確認。正名「アクシバ」は既存抽出で被覆済み、または候補位置は検索表のみ。
wildplants-vol2-coverage-0154,volume2_full_heading_reconciliation,2,日本の野生植物 2- ミゾハコベ科～スイカズラ科 ―フィールド版―改訂新版.pdf,2d104638c72cbfc58f17ab38223bce3d7798f72abc2d14fa4495a3a7546f3b12,2026-07-12,オオバスノキ,,,,,,,,,,,,,282,日本の野生植物 第2巻,142,原PDF画像目視確認,exclude_ocr_heading,,原PDF画像で候補名がOCR誤読と確認。正名「オオバスノキ」は既存抽出で被覆済み、または候補位置は検索表のみ。
wildplants-vol2-coverage-0155,volume2_full_heading_reconciliation,2,日本の野生植物 2- ミゾハコベ科～スイカズラ科 ―フィールド版―改訂新版.pdf,2d104638c72cbfc58f17ab38223bce3d7798f72abc2d14fa4495a3a7546f3b12,2026-07-12,ジムカデ,Harrimanella stelleriana (Pall.) Coville,ツツジ科,ERICACEAE,ジムカデ属,Harrimanella,地をはう小低木,,7～8月,南千島・北海道・本州中部、千島列島・カムチャツカ半島・アラスカ・北アメリカ,高山の岩地,,,283,日本の野生植物 第2巻,142,原PDF画像目視確認＋macOS Vision OCR補助＋手動要約,include,,原PDF画像で番号付き種記載と本文境界を確認し、明記された客観的事実だけを短く構造化。
wildplants-vol2-coverage-0156,volume2_full_heading_reconciliation,2,日本の野生植物 2- ミゾハコベ科～スイカズラ科 ―フィールド版―改訂新版.pdf,2d104638c72cbfc58f17ab38223bce3d7798f72abc2d14fa4495a3a7546f3b12,2026-07-12,ナガボナツハゼ,Vaccinium sieboldii Miq.,ツツジ科,ERICACEAE,スノキ属,Vaccinium,落葉低木,1～2 m,,静岡県西部～愛知県東部,,,,282,日本の野生植物 第2巻,142,原PDF画像目視確認＋macOS Vision OCR補助＋手動要約,include,,原PDF画像で番号付き種記載と本文境界を確認し、明記された客観的事実だけを短く構造化。
wildplants-vol2-coverage-0157,volume2_full_heading_reconciliation,2,日本の野生植物 2- ミゾハコベ科～スイカズラ科 ―フィールド版―改訂新版.pdf,2d104638c72cbfc58f17ab38223bce3d7798f72abc2d14fa4495a3a7546f3b12,2026-07-12,サンタンカ亜料,,,,,,,,,,,,,286,日本の野生植物 第2巻,144,原PDF画像目視確認,exclude_not_species_heading,,原PDF画像で科・亜科・属の説明または概説中の言及であり、番号付き種記載ではないと確認。
wildplants-vol2-coverage-0158,volume2_full_heading_reconciliation,2,日本の野生植物 2- ミゾハコベ科～スイカズラ科 ―フィールド版―改訂新版.pdf,2d104638c72cbfc58f17ab38223bce3d7798f72abc2d14fa4495a3a7546f3b12,2026-07-12,ニオイザクラ,,,,,,,,,,,,,286,日本の野生植物 第2巻,144,原PDF画像目視確認,exclude_not_species_heading,,原PDF画像で科・亜科・属の説明または概説中の言及であり、番号付き種記載ではないと確認。
wildplants-vol2-coverage-0159,volume2_full_heading_reconciliation,2,日本の野生植物 2- ミゾハコベ科～スイカズラ科 ―フィールド版―改訂新版.pdf,2d104638c72cbfc58f17ab38223bce3d7798f72abc2d14fa4495a3a7546f3b12,2026-07-12,ヒジハリノキ,,,,,,,,,,,,,289,日本の野生植物 第2巻,145,原PDF画像目視確認,exclude_ocr_heading,,原PDF画像で候補名がOCR誤読と確認。正名「ヒジハリノキ」は既存抽出で被覆済み、または候補位置は検索表のみ。
wildplants-vol2-coverage-0160,volume2_full_heading_reconciliation,2,日本の野生植物 2- ミゾハコベ科～スイカズラ科 ―フィールド版―改訂新版.pdf,2d104638c72cbfc58f17ab38223bce3d7798f72abc2d14fa4495a3a7546f3b12,2026-07-12,ナガバジュズネノキ,,,,,,,,,,,,,290,日本の野生植物 第2巻,146,原PDF画像目視確認,exclude_ocr_heading,,原PDF画像で候補名がOCR誤読と確認。正名「ナガバジュズネノキ」は既存抽出で被覆済み、または候補位置は検索表のみ。
wildplants-vol2-coverage-0161,volume2_full_heading_reconciliation,2,日本の野生植物 2- ミゾハコベ科～スイカズラ科 ―フィールド版―改訂新版.pdf,2d104638c72cbfc58f17ab38223bce3d7798f72abc2d14fa4495a3a7546f3b12,2026-07-12,ホソバノヨツバムグラ,,,,,,,,,,,,,293,日本の野生植物 第2巻,147,原PDF画像目視確認,exclude_ocr_heading,,原PDF画像で候補名がOCR誤読と確認。正名「ホソバノヨツバムグラ」は既存抽出で被覆済み、または候補位置は検索表のみ。
wildplants-vol2-coverage-0162,volume2_full_heading_reconciliation,2,日本の野生植物 2- ミゾハコベ科～スイカズラ科 ―フィールド版―改訂新版.pdf,2d104638c72cbfc58f17ab38223bce3d7798f72abc2d14fa4495a3a7546f3b12,2026-07-12,ヤブムグラ,,,,,,,,,,,,,293,日本の野生植物 第2巻,147,原PDF画像目視確認,exclude_ocr_heading,,原PDF画像で候補名がOCR誤読と確認。正名「ヤブムグラ」は既存抽出で被覆済み、または候補位置は検索表のみ。
wildplants-vol2-coverage-0163,volume2_full_heading_reconciliation,2,日本の野生植物 2- ミゾハコベ科～スイカズラ科 ―フィールド版―改訂新版.pdf,2d104638c72cbfc58f17ab38223bce3d7798f72abc2d14fa4495a3a7546f3b12,2026-07-12,リュウキュウルリミノキ,Lasianthus fordii Hance var. fordii,アカネ科,RUBIACEAE,ルリミノキ属,Lasianthus,常緑低木,1～1.5 m,,屋久島～琉球、台湾・中国南部・東南アジア・インド北東部・ニューギニア,林内,,,297,日本の野生植物 第2巻,149,原PDF画像目視確認＋macOS Vision OCR補助＋手動要約,include,,原PDF画像で番号付き種記載と本文境界を確認し、明記された客観的事実だけを短く構造化。
wildplants-vol2-coverage-0164,volume2_full_heading_reconciliation,2,日本の野生植物 2- ミゾハコベ科～スイカズラ科 ―フィールド版―改訂新版.pdf,2d104638c72cbfc58f17ab38223bce3d7798f72abc2d14fa4495a3a7546f3b12,2026-07-12,オオシラタマカズラ,Psychotria boninensis Nakai,アカネ科,RUBIACEAE,ボチョウジ属,Psychotria,常緑藤本,,,小笠原諸島（父島列島・母島列島）,林縁,,,302,日本の野生植物 第2巻,152,原PDF画像目視確認＋macOS Vision OCR補助＋手動要約,include,オオシラタマカスラ,原PDF画像で番号付き種記載と本文境界を確認し、明記された客観的事実だけを短く構造化。 OCR誤名「オオシラタマカスラ」を置換。
wildplants-vol2-coverage-0165,volume2_full_heading_reconciliation,2,日本の野生植物 2- ミゾハコベ科～スイカズラ科 ―フィールド版―改訂新版.pdf,2d104638c72cbfc58f17ab38223bce3d7798f72abc2d14fa4495a3a7546f3b12,2026-07-12,リュウキュウコケリンドウ,,,,,,,,,,,,,307,日本の野生植物 第2巻,154,原PDF画像目視確認,exclude_search_key_or_in_text_taxon,,原PDF画像で検索表・別種本文内の変種/類似種/別名への言及であり、独立した番号付き種記載ではないと確認。
wildplants-vol2-coverage-0166,volume2_full_heading_reconciliation,2,日本の野生植物 2- ミゾハコベ科～スイカズラ科 ―フィールド版―改訂新版.pdf,2d104638c72cbfc58f17ab38223bce3d7798f72abc2d14fa4495a3a7546f3b12,2026-07-12,アカイシリンドウ,,,,,,,,,,,,,310,日本の野生植物 第2巻,156,原PDF画像目視確認,exclude_search_key_or_in_text_taxon,,原PDF画像で検索表・別種本文内の変種/類似種/別名への言及であり、独立した番号付き種記載ではないと確認。
wildplants-vol2-coverage-0167,volume2_full_heading_reconciliation,2,日本の野生植物 2- ミゾハコベ科～スイカズラ科 ―フィールド版―改訂新版.pdf,2d104638c72cbfc58f17ab38223bce3d7798f72abc2d14fa4495a3a7546f3b12,2026-07-12,ホソバノツルリンドウ,Pterygocalyx volubilis Maxim.,リンドウ科,GENTIANACEAE,ホソバノツルリンドウ属,Pterygocalyx,一年生のつる草,,9～10月,南千島・北海道・本州・四国、朝鮮半島・台湾・中国・ウスリー・アムール・サハリン,山地,,,311,日本の野生植物 第2巻,156,原PDF画像目視確認＋macOS Vision OCR補助＋手動要約,include,ホソパノツルリンドウ,原PDF画像で番号付き種記載と本文境界を確認し、明記された客観的事実だけを短く構造化。 OCR誤名「ホソパノツルリンドウ」を置換。
wildplants-vol2-coverage-0168,volume2_full_heading_reconciliation,2,日本の野生植物 2- ミゾハコベ科～スイカズラ科 ―フィールド版―改訂新版.pdf,2d104638c72cbfc58f17ab38223bce3d7798f72abc2d14fa4495a3a7546f3b12,2026-07-12,シマアケボノソウ,,,,,,,,,,,,,312,日本の野生植物 第2巻,157,原PDF画像目視確認,exclude_search_key_or_in_text_taxon,,原PDF画像で検索表・別種本文内の変種/類似種/別名への言及であり、独立した番号付き種記載ではないと確認。
wildplants-vol2-coverage-0169,volume2_full_heading_reconciliation,2,日本の野生植物 2- ミゾハコベ科～スイカズラ科 ―フィールド版―改訂新版.pdf,2d104638c72cbfc58f17ab38223bce3d7798f72abc2d14fa4495a3a7546f3b12,2026-07-12,センブリ,Swertia japonica (Schult.) Makino,リンドウ科,GENTIANACEAE,センブリ属,Swertia,一年草または越年草,5～20 cm,8～10月,北海道西南部～九州、朝鮮半島,日当たりのよい山野,,,313,日本の野生植物 第2巻,157,原PDF画像目視確認＋macOS Vision OCR補助＋手動要約,include,センプリ,原PDF画像で番号付き種記載と本文境界を確認し、明記された客観的事実だけを短く構造化。 OCR誤名「センプリ」を置換。
wildplants-vol2-coverage-0170,volume2_full_heading_reconciliation,2,日本の野生植物 2- ミゾハコベ科～スイカズラ科 ―フィールド版―改訂新版.pdf,2d104638c72cbfc58f17ab38223bce3d7798f72abc2d14fa4495a3a7546f3b12,2026-07-12,チシマセンブリ,Swertia tetrapetala Pall.,リンドウ科,GENTIANACEAE,センブリ属,Swertia,一年草または越年草,10～30 cm,8～9月,北海道・本州中部以北、千島列島・サハリン・朝鮮半島・中国東北部・ウスリー・東シベリア・カムチャツカ半島・アラスカ・カナダ,高山や北地の海岸,,,312,日本の野生植物 第2巻,157,原PDF画像目視確認＋macOS Vision OCR補助＋手動要約,include,チシマセンプリ,原PDF画像で番号付き種記載と本文境界を確認し、明記された客観的事実だけを短く構造化。 OCR誤名「チシマセンプリ」を置換。
wildplants-vol2-coverage-0171,volume2_full_heading_reconciliation,2,日本の野生植物 2- ミゾハコベ科～スイカズラ科 ―フィールド版―改訂新版.pdf,2d104638c72cbfc58f17ab38223bce3d7798f72abc2d14fa4495a3a7546f3b12,2026-07-12,オキナワテイカカズラ,Trachelospermum gracilipes Hook. f. var. liukiuense (Hatus.) Kitam.,キョウチクトウ科,APOCYNACEAE,テイカカズラ属,Trachelospermum,常緑の藤本,,,九州南部～琉球,,,,321,日本の野生植物 第2巻,161,原PDF画像目視確認＋macOS Vision OCR補助＋手動要約,include,,原PDF画像で番号付き種記載と本文境界を確認し、明記された客観的事実だけを短く構造化。
wildplants-vol2-coverage-0172,volume2_full_heading_reconciliation,2,日本の野生植物 2- ミゾハコベ科～スイカズラ科 ―フィールド版―改訂新版.pdf,2d104638c72cbfc58f17ab38223bce3d7798f72abc2d14fa4495a3a7546f3b12,2026-07-12,イヨカズラ,,,,,,,,,,,,,322,日本の野生植物 第2巻,162,原PDF画像目視確認,exclude_ocr_heading,,原PDF画像で候補名がOCR誤読と確認。正名「イヨカズラ」は既存抽出で被覆済み、または候補位置は検索表のみ。
wildplants-vol2-coverage-0173,volume2_full_heading_reconciliation,2,日本の野生植物 2- ミゾハコベ科～スイカズラ科 ―フィールド版―改訂新版.pdf,2d104638c72cbfc58f17ab38223bce3d7798f72abc2d14fa4495a3a7546f3b12,2026-07-12,クサタチバナ,,,,,,,,,,,,,323,日本の野生植物 第2巻,162,原PDF画像目視確認,exclude_ocr_heading,,原PDF画像で候補名がOCR誤読と確認。正名「クサタチバナ」は既存抽出で被覆済み、または候補位置は検索表のみ。
wildplants-vol2-coverage-0174,volume2_full_heading_reconciliation,2,日本の野生植物 2- ミゾハコベ科～スイカズラ科 ―フィールド版―改訂新版.pdf,2d104638c72cbfc58f17ab38223bce3d7798f72abc2d14fa4495a3a7546f3b12,2026-07-12,スズサイコ,,,,,,,,,,,,,322,日本の野生植物 第2巻,162,原PDF画像目視確認,exclude_ocr_heading,,原PDF画像で候補名がOCR誤読と確認。正名「スズサイコ」は既存抽出で被覆済み、または候補位置は検索表のみ。
wildplants-vol2-coverage-0175,volume2_full_heading_reconciliation,2,日本の野生植物 2- ミゾハコベ科～スイカズラ科 ―フィールド版―改訂新版.pdf,2d104638c72cbfc58f17ab38223bce3d7798f72abc2d14fa4495a3a7546f3b12,2026-07-12,イヨカズラ,Vincetoxicum japonicum (C. Morren et Decne.) Decne.,キョウチクトウ科,APOCYNACEAE,カモメヅル属,Vincetoxicum,多年草,30～80 cm,5～7月,本州～九州・薩南諸島・小笠原諸島、朝鮮半島,海岸に近い乾いた草地や疎林,,,324,日本の野生植物 第2巻,163,原PDF画像目視確認＋macOS Vision OCR補助＋手動要約,include,,原PDF画像で番号付き種記載と本文境界を確認し、明記された客観的事実だけを短く構造化。
wildplants-vol2-coverage-0176,volume2_full_heading_reconciliation,2,日本の野生植物 2- ミゾハコベ科～スイカズラ科 ―フィールド版―改訂新版.pdf,2d104638c72cbfc58f17ab38223bce3d7798f72abc2d14fa4495a3a7546f3b12,2026-07-12,クサナギオゴケ,Vincetoxicum katoi (Ohwi) Kitag.,キョウチクトウ科,APOCYNACEAE,カモメヅル属,Vincetoxicum,多年草,茎長30～100 cm,5～6月,本州（関東・東海・近畿地方）・四国,山の木陰,,,324,日本の野生植物 第2巻,163,原PDF画像目視確認＋macOS Vision OCR補助＋手動要約,include,,原PDF画像で番号付き種記載と本文境界を確認し、明記された客観的事実だけを短く構造化。
wildplants-vol2-coverage-0177,volume2_full_heading_reconciliation,2,日本の野生植物 2- ミゾハコベ科～スイカズラ科 ―フィールド版―改訂新版.pdf,2d104638c72cbfc58f17ab38223bce3d7798f72abc2d14fa4495a3a7546f3b12,2026-07-12,タチカモメヅル,Vincetoxicum glabrum (Nakai) Kitag.,キョウチクトウ科,APOCYNACEAE,カモメヅル属,Vincetoxicum,多年草,茎長40～100 cm,7～9月,本州・四国・九州,やや湿った草地,,,324,日本の野生植物 第2巻,163,原PDF画像目視確認＋macOS Vision OCR補助＋手動要約,include,タチカモメツル,原PDF画像で番号付き種記載と本文境界を確認し、明記された客観的事実だけを短く構造化。 OCR誤名「タチカモメツル」を置換。
wildplants-vol2-coverage-0178,volume2_full_heading_reconciliation,2,日本の野生植物 2- ミゾハコベ科～スイカズラ科 ―フィールド版―改訂新版.pdf,2d104638c72cbfc58f17ab38223bce3d7798f72abc2d14fa4495a3a7546f3b12,2026-07-12,クシロネナシカズラ,Cuscuta europaea L.,ヒルガオ科,CONVOLVULACEAE,ネナシカズラ属,Cuscuta,,,,北海道、ユーラシア・アフリカ,,,,329,日本の野生植物 第2巻,165,原PDF画像目視確認＋macOS Vision OCR補助＋手動要約,include,クシロネナシカスラ,原PDF画像で番号付き種記載と本文境界を確認し、明記された客観的事実だけを短く構造化。 OCR誤名「クシロネナシカスラ」を置換。
wildplants-vol2-coverage-0179,volume2_full_heading_reconciliation,2,日本の野生植物 2- ミゾハコベ科～スイカズラ科 ―フィールド版―改訂新版.pdf,2d104638c72cbfc58f17ab38223bce3d7798f72abc2d14fa4495a3a7546f3b12,2026-07-12,ヨルガオ,,,,,,,,,,,,,331,日本の野生植物 第2巻,166,原PDF画像目視確認,exclude_not_species_heading,,原PDF画像で科・亜科・属の説明または概説中の言及であり、番号付き種記載ではないと確認。
wildplants-vol2-coverage-0180,volume2_full_heading_reconciliation,2,日本の野生植物 2- ミゾハコベ科～スイカズラ科 ―フィールド版―改訂新版.pdf,2d104638c72cbfc58f17ab38223bce3d7798f72abc2d14fa4495a3a7546f3b12,2026-07-12,ルコウソウ,,,,,,,,,,,,,331,日本の野生植物 第2巻,166,原PDF画像目視確認,exclude_not_species_heading,,原PDF画像で科・亜科・属の説明または概説中の言及であり、番号付き種記載ではないと確認。
wildplants-vol2-coverage-0181,volume2_full_heading_reconciliation,2,日本の野生植物 2- ミゾハコベ科～スイカズラ科 ―フィールド版―改訂新版.pdf,2d104638c72cbfc58f17ab38223bce3d7798f72abc2d14fa4495a3a7546f3b12,2026-07-12,アツバアサガオ,,,,,,,,,,,,,332,日本の野生植物 第2巻,167,原PDF画像目視確認,exclude_ocr_heading,,原PDF画像で候補名がOCR誤読と確認。正名「アツバアサガオ」は既存抽出で被覆済み、または候補位置は検索表のみ。
wildplants-vol2-coverage-0182,volume2_full_heading_reconciliation,2,日本の野生植物 2- ミゾハコベ科～スイカズラ科 ―フィールド版―改訂新版.pdf,2d104638c72cbfc58f17ab38223bce3d7798f72abc2d14fa4495a3a7546f3b12,2026-07-12,オオバケアサガオ,Lepistemon binectariferum (Wall.) Kuntze var. trichocarpum (Gagnep.) Ooststr.,ヒルガオ科,CONVOLVULACEAE,オオバケアサガオ属,Lepistemon,つる性草本,,,,,,,333,日本の野生植物 第2巻,167,原PDF画像目視確認＋macOS Vision OCR補助＋手動要約,include,,原PDF画像で番号付き種記載と本文境界を確認し、明記された客観的事実だけを短く構造化。
wildplants-vol2-coverage-0183,volume2_full_heading_reconciliation,2,日本の野生植物 2- ミゾハコベ科～スイカズラ科 ―フィールド版―改訂新版.pdf,2d104638c72cbfc58f17ab38223bce3d7798f72abc2d14fa4495a3a7546f3b12,2026-07-12,ホシアサガオ,Ipomoea triloba L.,ヒルガオ科,CONVOLVULACEAE,サツマイモ属,Ipomoea,,,,北アメリカ原産で各地に帰化,,,,333,日本の野生植物 第2巻,167,原PDF画像目視確認＋macOS Vision OCR補助＋手動要約,include,,原PDF画像で番号付き種記載と本文境界を確認し、明記された客観的事実だけを短く構造化。
wildplants-vol2-coverage-0184,volume2_full_heading_reconciliation,2,日本の野生植物 2- ミゾハコベ科～スイカズラ科 ―フィールド版―改訂新版.pdf,2d104638c72cbfc58f17ab38223bce3d7798f72abc2d14fa4495a3a7546f3b12,2026-07-12,オオバハマアサガオ,Stictocardia tiliifolia (Desr.) Hallier f.,ヒルガオ科,CONVOLVULACEAE,オオバハマアサガオ属,Stictocardia,つる性木本,,ほぼ周年,宮古島・石垣島・西表島・小笠原諸島、台湾～旧世界の熱帯,,,,335,日本の野生植物 第2巻,168,原PDF画像目視確認＋macOS Vision OCR補助＋手動要約,include,,原PDF画像で番号付き種記載と本文境界を確認し、明記された客観的事実だけを短く構造化。
wildplants-vol2-coverage-0185,volume2_full_heading_reconciliation,2,日本の野生植物 2- ミゾハコベ科～スイカズラ科 ―フィールド版―改訂新版.pdf,2d104638c72cbfc58f17ab38223bce3d7798f72abc2d14fa4495a3a7546f3b12,2026-07-12,ミミバフサアサガオ,,,,,,,,,,,,,334,日本の野生植物 第2巻,168,原PDF画像目視確認,exclude_search_key_or_in_text_taxon,,原PDF画像で検索表・別種本文内の変種/類似種/別名への言及であり、独立した番号付き種記載ではないと確認。
wildplants-vol2-coverage-0186,volume2_full_heading_reconciliation,2,日本の野生植物 2- ミゾハコベ科～スイカズラ科 ―フィールド版―改訂新版.pdf,2d104638c72cbfc58f17ab38223bce3d7798f72abc2d14fa4495a3a7546f3b12,2026-07-12,キダチトウガラシ,Capsicum frutescens L.,ナス科,SOLANACEAE,トウガラシ属,Capsicum,低木,,,中央アメリカ～南アメリカ原産。琉球・小笠原諸島に野生化,栽培からの野生化,,,336,日本の野生植物 第2巻,169,原PDF画像目視確認＋macOS Vision OCR補助＋手動要約,include,,原PDF画像で番号付き種記載と本文境界を確認し、明記された客観的事実だけを短く構造化。
wildplants-vol2-coverage-0187,volume2_full_heading_reconciliation,2,日本の野生植物 2- ミゾハコベ科～スイカズラ科 ―フィールド版―改訂新版.pdf,2d104638c72cbfc58f17ab38223bce3d7798f72abc2d14fa4495a3a7546f3b12,2026-07-12,ムニンホオズキ,Lycianthes boninensis Bitter,ナス科,SOLANACEAE,メジロホオズキ属,Lycianthes,多年草,0.6～1 m,5～6月,小笠原諸島（父島・母島・北硫黄島・南硫黄島）固有,,,,338,日本の野生植物 第2巻,170,原PDF画像目視確認＋macOS Vision OCR補助＋手動要約,include,ムニンホオスキ,原PDF画像で番号付き種記載と本文境界を確認し、明記された客観的事実だけを短く構造化。 OCR誤名「ムニンホオスキ」を置換。
wildplants-vol2-coverage-0188,volume2_full_heading_reconciliation,2,日本の野生植物 2- ミゾハコベ科～スイカズラ科 ―フィールド版―改訂新版.pdf,2d104638c72cbfc58f17ab38223bce3d7798f72abc2d14fa4495a3a7546f3b12,2026-07-12,メジロホオズキ,Lycianthes biflora (Lour.) Bitter,ナス科,SOLANACEAE,メジロホオズキ属,Lycianthes,多年草,60～90 cm,6～10月,本州南部～琉球、中国南部・台湾・東南アジア・インド・ニューギニア,海近くの林縁,,,338,日本の野生植物 第2巻,170,原PDF画像目視確認＋macOS Vision OCR補助＋手動要約,include,メジロホオスキ,原PDF画像で番号付き種記載と本文境界を確認し、明記された客観的事実だけを短く構造化。 OCR誤名「メジロホオスキ」を置換。
wildplants-vol2-coverage-0189,volume2_full_heading_reconciliation,2,日本の野生植物 2- ミゾハコベ科～スイカズラ科 ―フィールド版―改訂新版.pdf,2d104638c72cbfc58f17ab38223bce3d7798f72abc2d14fa4495a3a7546f3b12,2026-07-12,ハコベホオズキ,Salpichroa origanifolia (Lam.) Baill.,ナス科,SOLANACEAE,ハコベホオズキ属,Salpichroa,多年草,つる状に伸びて長さ1 m,5～11月,南アメリカ原産で世界に広く帰化。本州（関東以西）にややまれに帰化,,,,341,日本の野生植物 第2巻,171,原PDF画像目視確認＋macOS Vision OCR補助＋手動要約,include,,原PDF画像で番号付き種記載と本文境界を確認し、明記された客観的事実だけを短く構造化。
wildplants-vol2-coverage-0190,volume2_full_heading_reconciliation,2,日本の野生植物 2- ミゾハコベ科～スイカズラ科 ―フィールド版―改訂新版.pdf,2d104638c72cbfc58f17ab38223bce3d7798f72abc2d14fa4495a3a7546f3b12,2026-07-12,ブドウホオズキ,,,,,,,,,,,,,340,日本の野生植物 第2巻,171,原PDF画像目視確認,exclude_already_covered_by_legacy_parser_miss_audit,,原PDF画像で番号付き種記載を確認したが、別のlegacy parser-miss監査で採用済みのため重複除外。
wildplants-vol2-coverage-0191,volume2_full_heading_reconciliation,2,日本の野生植物 2- ミゾハコベ科～スイカズラ科 ―フィールド版―改訂新版.pdf,2d104638c72cbfc58f17ab38223bce3d7798f72abc2d14fa4495a3a7546f3b12,2026-07-12,キダチイヌホオズキ,,,,,,,,,,,,,342,日本の野生植物 第2巻,172,原PDF画像目視確認,exclude_ocr_heading,,原PDF画像で候補名がOCR誤読と確認。正名「キダチイヌホオズキ」は既存抽出で被覆済み、または候補位置は検索表のみ。
wildplants-vol2-coverage-0192,volume2_full_heading_reconciliation,2,日本の野生植物 2- ミゾハコベ科～スイカズラ科 ―フィールド版―改訂新版.pdf,2d104638c72cbfc58f17ab38223bce3d7798f72abc2d14fa4495a3a7546f3b12,2026-07-12,キダチイヌホオズキ,Solanum spirale Roxb.,ナス科,SOLANACEAE,ナス属,Solanum,低木,1～2 m,,中国・インド原産で、琉球に帰化,,,,343,日本の野生植物 第2巻,172,原PDF画像目視確認＋macOS Vision OCR補助＋手動要約,include,キダチイヌホオスキ,原PDF画像で番号付き種記載と本文境界を確認し、明記された客観的事実だけを短く構造化。 OCR誤名「キダチイヌホオスキ」を置換。
wildplants-vol2-coverage-0193,volume2_full_heading_reconciliation,2,日本の野生植物 2- ミゾハコベ科～スイカズラ科 ―フィールド版―改訂新版.pdf,2d104638c72cbfc58f17ab38223bce3d7798f72abc2d14fa4495a3a7546f3b12,2026-07-12,テリミノイヌホオズキ,Solanum americanum Mill.,ナス科,SOLANACEAE,ナス属,Solanum,一年草または多年草,,,北アメリカ南部～南アメリカ原産。日本では農耕地周辺・河川敷・海岸・山麓の林縁などに帰化,,,,344,日本の野生植物 第2巻,173,原PDF画像目視確認＋macOS Vision OCR補助＋手動要約,include,テリミノイヌホオスキ,原PDF画像で番号付き種記載と本文境界を確認し、明記された客観的事実だけを短く構造化。 OCR誤名「テリミノイヌホオスキ」を置換。
wildplants-vol2-coverage-0194,volume2_full_heading_reconciliation,2,日本の野生植物 2- ミゾハコベ科～スイカズラ科 ―フィールド版―改訂新版.pdf,2d104638c72cbfc58f17ab38223bce3d7798f72abc2d14fa4495a3a7546f3b12,2026-07-12,マルバノホロシ,,,,,,,,,,,,,343,日本の野生植物 第2巻,172,原PDF画像目視確認＋macOS Vision OCR補助,exclude,,既存plant_profilesまたはparser-miss監査で正名の種解説を収録済みのため重複除外。
wildplants-vol2-coverage-0195,volume2_full_heading_reconciliation,2,日本の野生植物 2- ミゾハコベ科～スイカズラ科 ―フィールド版―改訂新版.pdf,2d104638c72cbfc58f17ab38223bce3d7798f72abc2d14fa4495a3a7546f3b12,2026-07-12,ワルナスビ,,,,,,,,,,,,,343,日本の野生植物 第2巻,172,原PDF画像目視確認＋macOS Vision OCR補助,exclude,,原PDFで検索表の重複見出し、または他種解説内の変種・品種の記載であり、独立した番号付き種解説ではないため除外。
wildplants-vol2-coverage-0196,volume2_full_heading_reconciliation,2,日本の野生植物 2- ミゾハコベ科～スイカズラ科 ―フィールド版―改訂新版.pdf,2d104638c72cbfc58f17ab38223bce3d7798f72abc2d14fa4495a3a7546f3b12,2026-07-12,オオイヌホオズキ,Solanum nigrescens,ナス科,SOLANACEAE,ナス属,Solanum,一年草または多年草,茎長2～3 m,,南アメリカ原産。北アメリカおよび本州以南の各地に帰化,,,,344,日本の野生植物 第2巻,173,原PDF画像目視確認＋macOS Vision OCR補助＋手動要約,include,オオイヌホオスキ,原PDFの番号付き種解説と本文境界を確認。客観的プロフィールだけを短く要約し、主観・利用推奨・不確かなOCRは除外。 既存のOCR誤名fact行「オオイヌホオスキ」を正名「オオイヌホオズキ」に置換対象と判定。
wildplants-vol2-coverage-0197,volume2_full_heading_reconciliation,2,日本の野生植物 2- ミゾハコベ科～スイカズラ科 ―フィールド版―改訂新版.pdf,2d104638c72cbfc58f17ab38223bce3d7798f72abc2d14fa4495a3a7546f3b12,2026-07-12,ヤイマナスビ,,,,,,,,,,,,,344,日本の野生植物 第2巻,173,原PDF画像目視確認＋macOS Vision OCR補助,exclude,,既存plant_profilesまたはparser-miss監査で正名の種解説を収録済みのため重複除外。
wildplants-vol2-coverage-0198,volume2_full_heading_reconciliation,2,日本の野生植物 2- ミゾハコベ科～スイカズラ科 ―フィールド版―改訂新版.pdf,2d104638c72cbfc58f17ab38223bce3d7798f72abc2d14fa4495a3a7546f3b12,2026-07-12,ホタルカズラ,,,,,,,,,,,,,350,日本の野生植物 第2巻,176,原PDF画像目視確認＋macOS Vision OCR補助,exclude,,既存plant_profilesまたはparser-miss監査で正名の種解説を収録済みのため重複除外。
wildplants-vol2-coverage-0199,volume2_full_heading_reconciliation,2,日本の野生植物 2- ミゾハコベ科～スイカズラ科 ―フィールド版―改訂新版.pdf,2d104638c72cbfc58f17ab38223bce3d7798f72abc2d14fa4495a3a7546f3b12,2026-07-12,タチカメバソウ,,,,,,,,,,,,,355,日本の野生植物 第2巻,178,原PDF画像目視確認＋macOS Vision OCR補助,exclude,,既存plant_profilesまたはparser-miss監査で正名の種解説を収録済みのため重複除外。
wildplants-vol2-coverage-0200,volume2_full_heading_reconciliation,2,日本の野生植物 2- ミゾハコベ科～スイカズラ科 ―フィールド版―改訂新版.pdf,2d104638c72cbfc58f17ab38223bce3d7798f72abc2d14fa4495a3a7546f3b12,2026-07-12,チョウセンカメバソウ,,,,,,,,,,,,,356,日本の野生植物 第2巻,179,原PDF画像目視確認＋macOS Vision OCR補助,exclude,,原PDFで検索表の重複見出し、または他種解説内の変種・品種の記載であり、独立した番号付き種解説ではないため除外。
wildplants-vol2-coverage-0201,volume2_full_heading_reconciliation,2,日本の野生植物 2- ミゾハコベ科～スイカズラ科 ―フィールド版―改訂新版.pdf,2d104638c72cbfc58f17ab38223bce3d7798f72abc2d14fa4495a3a7546f3b12,2026-07-12,ツルカメバソウ,Trigonotis iinumae,ムラサキ科,BORAGINACEAE,キュウリグサ属,Trigonotis,多年草,7～20 cm,5～6月,本州（中部地方および東北地方の太平洋側）,山地,,,356,日本の野生植物 第2巻,179,原PDF画像目視確認＋macOS Vision OCR補助＋手動要約,include,ツルカメパソウ,原PDFの番号付き種解説と本文境界を確認。客観的プロフィールだけを短く要約し、主観・利用推奨・不確かなOCRは除外。 既存のOCR誤名fact行「ツルカメパソウ」を正名「ツルカメバソウ」に置換対象と判定。
wildplants-vol2-coverage-0202,volume2_full_heading_reconciliation,2,日本の野生植物 2- ミゾハコベ科～スイカズラ科 ―フィールド版―改訂新版.pdf,2d104638c72cbfc58f17ab38223bce3d7798f72abc2d14fa4495a3a7546f3b12,2026-07-12,ケアオダモ,Fraxinus lanuginosa f. lanuginosa,モクセイ科,OLEACEAE,トネリコ属,Fraxinus,落葉高木,,,南千島・北海道・本州・四国・九州、朝鮮半島,山地,アオダモ,本種は葉裏の中肋や脈に沿って毛があり、アオダモは枝・花序・芽などがほとんど無毛,359,日本の野生植物 第2巻,180,原PDF画像目視確認＋macOS Vision OCR補助＋手動要約,include,,原PDFの番号付き種解説と本文境界を確認。客観的プロフィールだけを短く要約し、主観・利用推奨・不確かなOCRは除外。
wildplants-vol2-coverage-0203,volume2_full_heading_reconciliation,2,日本の野生植物 2- ミゾハコベ科～スイカズラ科 ―フィールド版―改訂新版.pdf,2d104638c72cbfc58f17ab38223bce3d7798f72abc2d14fa4495a3a7546f3b12,2026-07-12,シマトネリコ,Fraxinus griffithii,モクセイ科,OLEACEAE,トネリコ属,Fraxinus,常緑または半常緑の高木,,5月,琉球、台湾・中国・フィリピン・インド,,,,359,日本の野生植物 第2巻,180,原PDF画像目視確認＋macOS Vision OCR補助＋手動要約,include,,原PDFの番号付き種解説と本文境界を確認。客観的プロフィールだけを短く要約し、主観・利用推奨・不確かなOCRは除外。
wildplants-vol2-coverage-0204,volume2_full_heading_reconciliation,2,日本の野生植物 2- ミゾハコベ科～スイカズラ科 ―フィールド版―改訂新版.pdf,2d104638c72cbfc58f17ab38223bce3d7798f72abc2d14fa4495a3a7546f3b12,2026-07-12,マルバアオダモ,Fraxinus sieboldiana,モクセイ科,OLEACEAE,トネリコ属,Fraxinus,落葉高木,,4～5月,北海道・本州・四国・九州、朝鮮半島,低山,,,359,日本の野生植物 第2巻,180,原PDF画像目視確認＋macOS Vision OCR補助＋手動要約,include,,原PDFの番号付き種解説と本文境界を確認。客観的プロフィールだけを短く要約し、主観・利用推奨・不確かなOCRは除外。
wildplants-vol2-coverage-0205,volume2_full_heading_reconciliation,2,日本の野生植物 2- ミゾハコベ科～スイカズラ科 ―フィールド版―改訂新版.pdf,2d104638c72cbfc58f17ab38223bce3d7798f72abc2d14fa4495a3a7546f3b12,2026-07-12,マツムラソウ,Titanotrichum oldhamii,イワタバコ科,GESNERIACEAE,マツムラソウ属,Titanotrichum,多年草,15～70 cm,7～10月,琉球（石垣島・西表島）、台湾・中国,湿潤な岸壁など,,,366,日本の野生植物 第2巻,184,原PDF画像目視確認＋macOS Vision OCR補助＋手動要約,include,マッムラソウ,原PDFの番号付き種解説と本文境界を確認。客観的プロフィールだけを短く要約し、主観・利用推奨・不確かなOCRは除外。 既存のOCR誤名fact行「マッムラソウ」を正名「マツムラソウ」に置換対象と判定。
wildplants-vol2-coverage-0206,volume2_full_heading_reconciliation,2,日本の野生植物 2- ミゾハコベ科～スイカズラ科 ―フィールド版―改訂新版.pdf,2d104638c72cbfc58f17ab38223bce3d7798f72abc2d14fa4495a3a7546f3b12,2026-07-12,チシマミズハコベ,,,,,,,,,,,,,368,日本の野生植物 第2巻,185,原PDF画像目視確認＋macOS Vision OCR補助,exclude,,既存plant_profilesまたはparser-miss監査で正名の種解説を収録済みのため重複除外。
wildplants-vol2-coverage-0207,volume2_full_heading_reconciliation,2,日本の野生植物 2- ミゾハコベ科～スイカズラ科 ―フィールド版―改訂新版.pdf,2d104638c72cbfc58f17ab38223bce3d7798f72abc2d14fa4495a3a7546f3b12,2026-07-12,ミズハコベ,Callitriche palustris,オオバコ科,PLANTAGINACEAE,アワゴケ属,Callitriche,多年草,茎長最大50 cm,5～11月,色丹島・北海道～琉球、北半球の温帯・亜寒帯,浅水中や水湿地,,,368,日本の野生植物 第2巻,185,原PDF画像目視確認＋macOS Vision OCR補助＋手動要約,include,,原PDFの番号付き種解説と本文境界を確認。客観的プロフィールだけを短く要約し、主観・利用推奨・不確かなOCRは除外。
wildplants-vol2-coverage-0208,volume2_full_heading_reconciliation,2,日本の野生植物 2- ミゾハコベ科～スイカズラ科 ―フィールド版―改訂新版.pdf,2d104638c72cbfc58f17ab38223bce3d7798f72abc2d14fa4495a3a7546f3b12,2026-07-12,オオアブノメ,Gratiola japonica,オオバコ科,PLANTAGINACEAE,オオアブノメ属,Gratiola,一年草,10～20 cm,5～6月,本州（岩手県以南）・九州に自生し、北海道に帰化。朝鮮半島・中国・ウスリー,湿地・水田など,,,370,日本の野生植物 第2巻,186,原PDF画像目視確認＋macOS Vision OCR補助＋手動要約,include,オオアプノメ,原PDFの番号付き種解説と本文境界を確認。客観的プロフィールだけを短く要約し、主観・利用推奨・不確かなOCRは除外。 既存のOCR誤名fact行「オオアプノメ」を正名「オオアブノメ」に置換対象と判定。
wildplants-vol2-coverage-0209,volume2_full_heading_reconciliation,2,日本の野生植物 2- ミゾハコベ科～スイカズラ科 ―フィールド版―改訂新版.pdf,2d104638c72cbfc58f17ab38223bce3d7798f72abc2d14fa4495a3a7546f3b12,2026-07-12,キクガラクサ,Elisiophyllum pinnatum,オオバコ科,PLANTAGINACEAE,キクガラクサ属,Elisiophyllum,,,5～6月,本州（青森県・栃木県・長野県・三重県、近畿・中国地方）・四国、台湾・中国西部・ヒマラヤ・フィリピン・ニューギニア高地,やや湿り気のある林縁,,,370,日本の野生植物 第2巻,186,原PDF画像目視確認＋macOS Vision OCR補助＋手動要約,include,キクカラクサ,原PDFの番号付き種解説と本文境界を確認。客観的プロフィールだけを短く要約し、主観・利用推奨・不確かなOCRは除外。 既存のOCR誤名fact行「キクカラクサ」を正名「キクガラクサ」に置換対象と判定。
wildplants-vol2-coverage-0210,volume2_full_heading_reconciliation,2,日本の野生植物 2- ミゾハコベ科～スイカズラ科 ―フィールド版―改訂新版.pdf,2d104638c72cbfc58f17ab38223bce3d7798f72abc2d14fa4495a3a7546f3b12,2026-07-12,ユウバリソウ,,,,,,,,,,,,,371,日本の野生植物 第2巻,186,原PDF画像目視確認＋macOS Vision OCR補助,exclude,,既存plant_profilesまたはparser-miss監査で正名の種解説を収録済みのため重複除外。
wildplants-vol2-coverage-0211,volume2_full_heading_reconciliation,2,日本の野生植物 2- ミゾハコベ科～スイカズラ科 ―フィールド版―改訂新版.pdf,2d104638c72cbfc58f17ab38223bce3d7798f72abc2d14fa4495a3a7546f3b12,2026-07-12,イワブクロ,,,,,,,,,,,,,373,日本の野生植物 第2巻,187,原PDF画像目視確認＋macOS Vision OCR補助,exclude,,既存plant_profilesまたはparser-miss監査で正名の種解説を収録済みのため重複除外。
wildplants-vol2-coverage-0212,volume2_full_heading_reconciliation,2,日本の野生植物 2- ミゾハコベ科～スイカズラ科 ―フィールド版―改訂新版.pdf,2d104638c72cbfc58f17ab38223bce3d7798f72abc2d14fa4495a3a7546f3b12,2026-07-12,トウオオバコ,Plantago japonica,オオバコ科,PLANTAGINACEAE,オオバコ属,Plantago,多年草,花茎40～80 cm,7～8月,南千島（国後島・色丹島・歯舞群島）・北海道～九州、サハリン南部・ウスリー・朝鮮半島,海近くの湿った草地,,,375,日本の野生植物 第2巻,188,原PDF画像目視確認＋macOS Vision OCR補助＋手動要約,include,,原PDFの番号付き種解説と本文境界を確認。客観的プロフィールだけを短く要約し、主観・利用推奨・不確かなOCRは除外。
wildplants-vol2-coverage-0213,volume2_full_heading_reconciliation,2,日本の野生植物 2- ミゾハコベ科～スイカズラ科 ―フィールド版―改訂新版.pdf,2d104638c72cbfc58f17ab38223bce3d7798f72abc2d14fa4495a3a7546f3b12,2026-07-12,ハクサンオオバコ,,,,,,,,,,,,,375,日本の野生植物 第2巻,188,原PDF画像目視確認＋macOS Vision OCR補助,exclude,,既存plant_profilesまたはparser-miss監査で正名の種解説を収録済みのため重複除外。
wildplants-vol2-coverage-0214,volume2_full_heading_reconciliation,2,日本の野生植物 2- ミゾハコベ科～スイカズラ科 ―フィールド版―改訂新版.pdf,2d104638c72cbfc58f17ab38223bce3d7798f72abc2d14fa4495a3a7546f3b12,2026-07-12,クワガタソウ,Veronica miqueliana,オオバコ科,PLANTAGINACEAE,クワガタソウ属,Veronica,多年草,10～20 cm,5～6月,本州（岩手県以南）・四国・九州,山地の林中,,,378,日本の野生植物 第2巻,190,原PDF画像目視確認＋macOS Vision OCR補助＋手動要約,include,,原PDFの番号付き種解説と本文境界を確認。客観的プロフィールだけを短く要約し、主観・利用推奨・不確かなOCRは除外。
wildplants-vol2-coverage-0215,volume2_full_heading_reconciliation,2,日本の野生植物 2- ミゾハコベ科～スイカズラ科 ―フィールド版―改訂新版.pdf,2d104638c72cbfc58f17ab38223bce3d7798f72abc2d14fa4495a3a7546f3b12,2026-07-12,フラサバソウ,,,,,,,,,,,,,378,日本の野生植物 第2巻,190,原PDF画像目視確認＋macOS Vision OCR補助,exclude,,既存plant_profilesまたはparser-miss監査で正名の種解説を収録済みのため重複除外。
wildplants-vol2-coverage-0216,volume2_full_heading_reconciliation,2,日本の野生植物 2- ミゾハコベ科～スイカズラ科 ―フィールド版―改訂新版.pdf,2d104638c72cbfc58f17ab38223bce3d7798f72abc2d14fa4495a3a7546f3b12,2026-07-12,クガイソウ,Veronicastrum sibiricum f. glabratum,オオバコ科,PLANTAGINACEAE,クガイソウ属,Veronicastrum,多年草,0.8～2 m,7～8月,北海道・本州、サハリン,山地の日当たりのよい草地,,,381,日本の野生植物 第2巻,191,原PDF画像目視確認＋macOS Vision OCR補助＋手動要約,include,,原PDFの番号付き種解説と本文境界を確認。客観的プロフィールだけを短く要約し、主観・利用推奨・不確かなOCRは除外。
wildplants-vol2-coverage-0217,volume2_full_heading_reconciliation,2,日本の野生植物 2- ミゾハコベ科～スイカズラ科 ―フィールド版―改訂新版.pdf,2d104638c72cbfc58f17ab38223bce3d7798f72abc2d14fa4495a3a7546f3b12,2026-07-12,サツキヒナノウスツボ,Scrophularia musashiensis var. musashiensis,ゴマノハグサ科,SCROPHULARIACEAE,ゴマノハグサ属,Scrophularia,多年草,,4月末～5月,関東地方（東京都・埼玉県・栃木県）から滋賀県・福井県,,,,384,日本の野生植物 第2巻,193,原PDF画像目視確認＋macOS Vision OCR補助＋手動要約,include,,原PDFの番号付き種解説と本文境界を確認。客観的プロフィールだけを短く要約し、主観・利用推奨・不確かなOCRは除外。
wildplants-vol2-coverage-0218,volume2_full_heading_reconciliation,2,日本の野生植物 2- ミゾハコベ科～スイカズラ科 ―フィールド版―改訂新版.pdf,2d104638c72cbfc58f17ab38223bce3d7798f72abc2d14fa4495a3a7546f3b12,2026-07-12,クチバシグサ,,,,,,,,,,,,,386,日本の野生植物 第2巻,194,原PDF画像目視確認＋macOS Vision OCR補助,exclude,,既存plant_profilesまたはparser-miss監査で正名の種解説を収録済みのため重複除外。
wildplants-vol2-coverage-0219,volume2_full_heading_reconciliation,2,日本の野生植物 2- ミゾハコベ科～スイカズラ科 ―フィールド版―改訂新版.pdf,2d104638c72cbfc58f17ab38223bce3d7798f72abc2d14fa4495a3a7546f3b12,2026-07-12,ヒメクチバシグサ,,,,,,,,,,,,,386,日本の野生植物 第2巻,194,原PDF画像目視確認＋macOS Vision OCR補助,exclude,,既存plant_profilesまたはparser-miss監査で正名の種解説を収録済みのため重複除外。
wildplants-vol2-coverage-0220,volume2_full_heading_reconciliation,2,日本の野生植物 2- ミゾハコベ科～スイカズラ科 ―フィールド版―改訂新版.pdf,2d104638c72cbfc58f17ab38223bce3d7798f72abc2d14fa4495a3a7546f3b12,2026-07-12,トサムラサキ,Callicarpa shikokiana,シソ科,LAMIACEAE,ムラサキシキブ属,Callicarpa,落葉低木,,6～9月,本州（和歌山県友ヶ島・広島県宮島）・四国南部・九州（長崎県五島列島、宮崎県南部、鹿児島県大隅半島・種子島・屋久島）,,,,393,日本の野生植物 第2巻,197,原PDF画像目視確認＋macOS Vision OCR補助＋手動要約,include,,原PDFの番号付き種解説と本文境界を確認。客観的プロフィールだけを短く要約し、主観・利用推奨・不確かなOCRは除外。
wildplants-vol2-coverage-0221,volume2_full_heading_reconciliation,2,日本の野生植物 2- ミゾハコベ科～スイカズラ科 ―フィールド版―改訂新版.pdf,2d104638c72cbfc58f17ab38223bce3d7798f72abc2d14fa4495a3a7546f3b12,2026-07-12,タイワンウオクサギ,Premna serratifolia,シソ科,LAMIACEAE,ハマクサギ属,Premna,常緑低木または小高木,1～4 m,4～12月,琉球（奄美大島以南）、台湾・中国南部から熱帯アジア・オーストラリア,海岸近くの岩上または林縁,,,395,日本の野生植物 第2巻,198,原PDF画像目視確認＋macOS Vision OCR補助＋手動要約,include,,原PDFの番号付き種解説と本文境界を確認。客観的プロフィールだけを短く要約し、主観・利用推奨・不確かなOCRは除外。
wildplants-vol2-coverage-0222,volume2_full_heading_reconciliation,2,日本の野生植物 2- ミゾハコベ科～スイカズラ科 ―フィールド版―改訂新版.pdf,2d104638c72cbfc58f17ab38223bce3d7798f72abc2d14fa4495a3a7546f3b12,2026-07-12,タカクマムラサキ,Callicarpa longissima,シソ科,LAMIACEAE,ムラサキシキブ属,Callicarpa,落葉低木または小高木,1～8 m,7～9月,宮崎県南部・鹿児島県（高隈山・種子島）、台湾・中国中南部・ベトナム,,,,394,日本の野生植物 第2巻,198,原PDF画像目視確認＋macOS Vision OCR補助＋手動要約,include,,原PDFの番号付き種解説と本文境界を確認。客観的プロフィールだけを短く要約し、主観・利用推奨・不確かなOCRは除外。
wildplants-vol2-coverage-0223,volume2_full_heading_reconciliation,2,日本の野生植物 2- ミゾハコベ科～スイカズラ科 ―フィールド版―改訂新版.pdf,2d104638c72cbfc58f17ab38223bce3d7798f72abc2d14fa4495a3a7546f3b12,2026-07-12,ハマクサギ,Premna microphylla,シソ科,LAMIACEAE,ハマクサギ属,Premna,落葉小高木,3～9 m,5～6月,本州（近畿地方以西）・四国・九州・琉球、台湾・中国中南部,低山の林縁,,,395,日本の野生植物 第2巻,198,原PDF画像目視確認＋macOS Vision OCR補助＋手動要約,include,,原PDFの番号付き種解説と本文境界を確認。客観的プロフィールだけを短く要約し、主観・利用推奨・不確かなOCRは除外。
wildplants-vol2-coverage-0224,volume2_full_heading_reconciliation,2,日本の野生植物 2- ミゾハコベ科～スイカズラ科 ―フィールド版―改訂新版.pdf,2d104638c72cbfc58f17ab38223bce3d7798f72abc2d14fa4495a3a7546f3b12,2026-07-12,オウギカズラ,Ajuga japonica,シソ科,LAMIACEAE,キランソウ属,Ajuga,多年草,8～20 cm,4～6月,本州～九州,山の木陰,,,397,日本の野生植物 第2巻,199,原PDF画像目視確認＋macOS Vision OCR補助＋手動要約,include,オウギカスラ,原PDFの番号付き種解説と本文境界を確認。客観的プロフィールだけを短く要約し、主観・利用推奨・不確かなOCRは除外。 既存のOCR誤名fact行「オウギカスラ」を正名「オウギカズラ」に置換対象と判定。
wildplants-vol2-coverage-0225,volume2_full_heading_reconciliation,2,日本の野生植物 2- ミゾハコベ科～スイカズラ科 ―フィールド版―改訂新版.pdf,2d104638c72cbfc58f17ab38223bce3d7798f72abc2d14fa4495a3a7546f3b12,2026-07-12,キランソウ,Ajuga decumbens,シソ科,LAMIACEAE,キランソウ属,Ajuga,多年草,,3～5月,本州～琉球（奄美大島以北）、朝鮮半島・中国,路傍や山麓などの陽地,,,397,日本の野生植物 第2巻,199,原PDF画像目視確認＋macOS Vision OCR補助＋手動要約,include,,原PDFの番号付き種解説と本文境界を確認。客観的プロフィールだけを短く要約し、主観・利用推奨・不確かなOCRは除外。
wildplants-vol2-coverage-0226,volume2_full_heading_reconciliation,2,日本の野生植物 2- ミゾハコベ科～スイカズラ科 ―フィールド版―改訂新版.pdf,2d104638c72cbfc58f17ab38223bce3d7798f72abc2d14fa4495a3a7546f3b12,2026-07-12,ミツバハマゴウ,,,,,,,,,,,,,396,日本の野生植物 第2巻,199,原PDF画像目視確認＋macOS Vision OCR補助,exclude,,既存plant_profilesまたはparser-miss監査で正名の種解説を収録済みのため重複除外。
wildplants-vol2-coverage-0227,volume2_full_heading_reconciliation,2,日本の野生植物 2- ミゾハコベ科～スイカズラ科 ―フィールド版―改訂新版.pdf,2d104638c72cbfc58f17ab38223bce3d7798f72abc2d14fa4495a3a7546f3b12,2026-07-12,アラゲニガクサ,,,,,,,,,,,,,400,日本の野生植物 第2巻,201,原PDF画像目視確認＋macOS Vision OCR補助,exclude,,原PDFで検索表の重複見出し、または他種解説内の変種・品種の記載であり、独立した番号付き種解説ではないため除外。
wildplants-vol2-coverage-0228,volume2_full_heading_reconciliation,2,日本の野生植物 2- ミゾハコベ科～スイカズラ科 ―フィールド版―改訂新版.pdf,2d104638c72cbfc58f17ab38223bce3d7798f72abc2d14fa4495a3a7546f3b12,2026-07-12,エゾニガクサ,Teucrium veronicoides var. veronicoides,シソ科,LAMIACEAE,ニガクサ属,Teucrium,多年草,15～30 cm,8月,北海道・本州（関東地方・長野県以北、山口県）・九州北部、朝鮮半島・中国（東北部・中部）・ウスリー南部,山地の草原,イヌニガクサ,イヌニガクサは開出毛が短く長さ0.5～1 mmで、葉の鋸歯が粗い,400,日本の野生植物 第2巻,201,原PDF画像目視確認＋macOS Vision OCR補助＋手動要約,include,,原PDFの番号付き種解説と本文境界を確認。客観的プロフィールだけを短く要約し、主観・利用推奨・不確かなOCRは除外。
wildplants-vol2-coverage-0229,volume2_full_heading_reconciliation,2,日本の野生植物 2- ミゾハコベ科～スイカズラ科 ―フィールド版―改訂新版.pdf,2d104638c72cbfc58f17ab38223bce3d7798f72abc2d14fa4495a3a7546f3b12,2026-07-12,コバノタツナミ,,,,,,,,,,,,,403,日本の野生植物 第2巻,202,原PDF画像目視確認＋macOS Vision OCR補助,exclude,,原PDFで検索表の重複見出し、または他種解説内の変種・品種の記載であり、独立した番号付き種解説ではないため除外。
wildplants-vol2-coverage-0230,volume2_full_heading_reconciliation,2,日本の野生植物 2- ミゾハコベ科～スイカズラ科 ―フィールド版―改訂新版.pdf,2d104638c72cbfc58f17ab38223bce3d7798f72abc2d14fa4495a3a7546f3b12,2026-07-12,オオヤマジソ,,,,,,,,,,,,,414,日本の野生植物 第2巻,208,原PDF画像目視確認＋macOS Vision OCR補助,exclude,,既存plant_profilesまたはparser-miss監査で正名の種解説を収録済みのため重複除外。
wildplants-vol2-coverage-0231,volume2_full_heading_reconciliation,2,日本の野生植物 2- ミゾハコベ科～スイカズラ科 ―フィールド版―改訂新版.pdf,2d104638c72cbfc58f17ab38223bce3d7798f72abc2d14fa4495a3a7546f3b12,2026-07-12,トラノオジソ,,,,,,,,,,,,,415,日本の野生植物 第2巻,208,原PDF画像目視確認＋macOS Vision OCR補助,exclude,,原PDFで検索表の重複見出し、または他種解説内の変種・品種の記載であり、独立した番号付き種解説ではないため除外。
wildplants-vol2-coverage-0232,volume2_full_heading_reconciliation,2,日本の野生植物 2- ミゾハコベ科～スイカズラ科 ―フィールド版―改訂新版.pdf,2d104638c72cbfc58f17ab38223bce3d7798f72abc2d14fa4495a3a7546f3b12,2026-07-12,ヒメジソ,,,,,,,,,,,,,414,日本の野生植物 第2巻,208,原PDF画像目視確認＋macOS Vision OCR補助,exclude,,既存plant_profilesまたはparser-miss監査で正名の種解説を収録済みのため重複除外。
wildplants-vol2-coverage-0233,volume2_full_heading_reconciliation,2,日本の野生植物 2- ミゾハコベ科～スイカズラ科 ―フィールド版―改訂新版.pdf,2d104638c72cbfc58f17ab38223bce3d7798f72abc2d14fa4495a3a7546f3b12,2026-07-12,ホソバヤマジソ,,,,,,,,,,,,,414,日本の野生植物 第2巻,208,原PDF画像目視確認＋macOS Vision OCR補助,exclude,,既存plant_profilesまたはparser-miss監査で正名の種解説を収録済みのため重複除外。
wildplants-vol2-coverage-0234,volume2_full_heading_reconciliation,2,日本の野生植物 2- ミゾハコベ科～スイカズラ科 ―フィールド版―改訂新版.pdf,2d104638c72cbfc58f17ab38223bce3d7798f72abc2d14fa4495a3a7546f3b12,2026-07-12,ヤマジソ,,,,,,,,,,,,,414,日本の野生植物 第2巻,208,原PDF画像目視確認＋macOS Vision OCR補助,exclude,,既存plant_profilesまたはparser-miss監査で正名の種解説を収録済みのため重複除外。
wildplants-vol2-coverage-0235,volume2_full_heading_reconciliation,2,日本の野生植物 2- ミゾハコベ科～スイカズラ科 ―フィールド版―改訂新版.pdf,2d104638c72cbfc58f17ab38223bce3d7798f72abc2d14fa4495a3a7546f3b12,2026-07-12,トウバナ,,,,,,,,,,,,,417,日本の野生植物 第2巻,209,原PDF画像目視確認＋macOS Vision OCR補助,exclude,,既存plant_profilesまたはparser-miss監査で正名の種解説を収録済みのため重複除外。
wildplants-vol2-coverage-0236,volume2_full_heading_reconciliation,2,日本の野生植物 2- ミゾハコベ科～スイカズラ科 ―フィールド版―改訂新版.pdf,2d104638c72cbfc58f17ab38223bce3d7798f72abc2d14fa4495a3a7546f3b12,2026-07-12,ヤクシマトウバナ,,,,,,,,,,,,,417,日本の野生植物 第2巻,209,原PDF画像目視確認＋macOS Vision OCR補助,exclude,,原PDFで検索表の重複見出し、または他種解説内の変種・品種の記載であり、独立した番号付き種解説ではないため除外。
wildplants-vol2-coverage-0237,volume2_full_heading_reconciliation,2,日本の野生植物 2- ミゾハコベ科～スイカズラ科 ―フィールド版―改訂新版.pdf,2d104638c72cbfc58f17ab38223bce3d7798f72abc2d14fa4495a3a7546f3b12,2026-07-12,ケシロネ,,,,,,,,,,,,,418,日本の野生植物 第2巻,210,原PDF画像目視確認＋macOS Vision OCR補助,exclude,,原PDFで検索表の重複見出し、または他種解説内の変種・品種の記載であり、独立した番号付き種解説ではないため除外。
wildplants-vol2-coverage-0238,volume2_full_heading_reconciliation,2,日本の野生植物 2- ミゾハコベ科～スイカズラ科 ―フィールド版―改訂新版.pdf,2d104638c72cbfc58f17ab38223bce3d7798f72abc2d14fa4495a3a7546f3b12,2026-07-12,アマミタムラソウ,,,,,,,,,,,,,421,日本の野生植物 第2巻,211,原PDF画像目視確認＋macOS Vision OCR補助,exclude,,原PDFで検索表の重複見出し、または他種解説内の変種・品種の記載であり、独立した番号付き種解説ではないため除外。
wildplants-vol2-coverage-0239,volume2_full_heading_reconciliation,2,日本の野生植物 2- ミゾハコベ科～スイカズラ科 ―フィールド版―改訂新版.pdf,2d104638c72cbfc58f17ab38223bce3d7798f72abc2d14fa4495a3a7546f3b12,2026-07-12,イブキジャコウソウ,Thymus quinquecostatus var. ibukiensis,シソ科,LAMIACEAE,イブキジャコウソウ属,Thymus,常緑小低木,3～15 cm,6～8月,北海道・本州・九州北部、朝鮮半島・済州島・サハリン,日当たりのよい岩地,ヒメヒャクリコウ,ヒメヒャクリコウは葉の上面に粗い毛がまばらにある,423,日本の野生植物 第2巻,212,原PDF画像目視確認＋macOS Vision OCR補助＋手動要約,include,イプキジャコウソウ,原PDFの番号付き種解説と本文境界を確認。客観的プロフィールだけを短く要約し、主観・利用推奨・不確かなOCRは除外。 既存のOCR誤名fact行「イプキジャコウソウ」を正名「イブキジャコウソウ」に置換対象と判定。
wildplants-vol2-coverage-0240,volume2_full_heading_reconciliation,2,日本の野生植物 2- ミゾハコベ科～スイカズラ科 ―フィールド版―改訂新版.pdf,2d104638c72cbfc58f17ab38223bce3d7798f72abc2d14fa4495a3a7546f3b12,2026-07-12,カメバヒキオコシ,,,,,,,,,,,,,424,日本の野生植物 第2巻,213,原PDF画像目視確認＋macOS Vision OCR補助,exclude,,原PDFで検索表の重複見出し、または他種解説内の変種・品種の記載であり、独立した番号付き種解説ではないため除外。
wildplants-vol2-coverage-0241,volume2_full_heading_reconciliation,2,日本の野生植物 2- ミゾハコベ科～スイカズラ科 ―フィールド版―改訂新版.pdf,2d104638c72cbfc58f17ab38223bce3d7798f72abc2d14fa4495a3a7546f3b12,2026-07-12,ハクサンカメバヒキオコシ,,,,,,,,,,,,,424,日本の野生植物 第2巻,213,原PDF画像目視確認＋macOS Vision OCR補助,exclude,,原PDFで検索表の重複見出し、または他種解説内の変種・品種の記載であり、独立した番号付き種解説ではないため除外。
wildplants-vol2-coverage-0242,volume2_full_heading_reconciliation,2,日本の野生植物 2- ミゾハコベ科～スイカズラ科 ―フィールド版―改訂新版.pdf,2d104638c72cbfc58f17ab38223bce3d7798f72abc2d14fa4495a3a7546f3b12,2026-07-12,オオバミゾホオズキ,Mimulus sessilifolius,ハエドクソウ科,PHRYMACEAE,ミゾホオズキ属,Mimulus,多年草,10～30 cm,7～8月,南千島・北海道・本州（中部以北の日本海側）、サハリン,亜高山の湿地,,,428,日本の野生植物 第2巻,215,原PDF画像目視確認＋macOS Vision OCR補助＋手動要約,include,オオバミゾホオスキ,原PDFの番号付き種解説と本文境界を確認。客観的プロフィールだけを短く要約し、主観・利用推奨・不確かなOCRは除外。 既存のOCR誤名fact行「オオバミゾホオスキ」を正名「オオバミゾホオズキ」に置換対象と判定。
wildplants-vol2-coverage-0243,volume2_full_heading_reconciliation,2,日本の野生植物 2- ミゾハコベ科～スイカズラ科 ―フィールド版―改訂新版.pdf,2d104638c72cbfc58f17ab38223bce3d7798f72abc2d14fa4495a3a7546f3b12,2026-07-12,ナガバハエドクソウ,Phryma oblongifolia,ハエドクソウ科,PHRYMACEAE,ハエドクソウ属,Phryma,多年草,,,北海道～九州,丘陵・低山の林や藪の陰、小川の土手,ハエドクソウ,ナガバハエドクソウは花冠上唇の先端側で幅が急に狭まらず、基部の成葉は楕円形で、葉裏の脈は疎らである。,428,日本の野生植物 第2巻,215,原PDF画像目視確認＋macOS Vision OCR補助＋手動要約,include,,原PDFの番号付き種解説と本文境界を確認。客観的プロフィールだけを短く要約し、主観・利用推奨・不確かなOCRは除外。 原PDFで比較の主語と対象種側の形質を再確認し明示。
wildplants-vol2-coverage-0244,volume2_full_heading_reconciliation,2,日本の野生植物 2- ミゾハコベ科～スイカズラ科 ―フィールド版―改訂新版.pdf,2d104638c72cbfc58f17ab38223bce3d7798f72abc2d14fa4495a3a7546f3b12,2026-07-12,ハエドクソウ,Phryma nana,ハエドクソウ科,PHRYMACEAE,ハエドクソウ属,Phryma,多年草,50～70 cm,7～9月,北海道～四国、朝鮮半島・中国・ヒマラヤ・シベリア東部,丘陵・低山の林や藪の陰、小川の土手,ナガバハエドクソウ,ハエドクソウは花冠上唇の先端側で急に幅が狭まり、基部の成葉は心形で、葉裏の脈は密である。,428,日本の野生植物 第2巻,215,原PDF画像目視確認＋macOS Vision OCR補助＋手動要約,include,,原PDFの番号付き種解説と本文境界を確認。客観的プロフィールだけを短く要約し、主観・利用推奨・不確かなOCRは除外。 原PDFで比較の主語と対象種側の形質を再確認し明示。
wildplants-vol2-coverage-0245,volume2_full_heading_reconciliation,2,日本の野生植物 2- ミゾハコベ科～スイカズラ科 ―フィールド版―改訂新版.pdf,2d104638c72cbfc58f17ab38223bce3d7798f72abc2d14fa4495a3a7546f3b12,2026-07-12,ミゾホオズキ,Mimulus nepalensis,ハエドクソウ科,PHRYMACEAE,ミゾホオズキ属,Mimulus,多年草,10～30 cm,6～8月,北海道～九州、朝鮮半島・中国・ヒマラヤ・台湾,山中の水湿地,オオバミゾホオズキ,ミゾホオズキは茎が分枝して横に広がり、葉に明瞭な柄があり、萼先端は切形で、花冠は長さ1～1.5 cmである。,428,日本の野生植物 第2巻,215,原PDF画像目視確認＋macOS Vision OCR補助＋手動要約,include,ミゾホオスキ,原PDFの番号付き種解説と本文境界を確認。客観的プロフィールだけを短く要約し、主観・利用推奨・不確かなOCRは除外。 既存のOCR誤名fact行「ミゾホオスキ」を正名「ミゾホオズキ」に置換対象と判定。 原PDFで比較の主語と対象種側の形質を再確認し明示。
wildplants-vol2-coverage-0246,volume2_full_heading_reconciliation,2,日本の野生植物 2- ミゾハコベ科～スイカズラ科 ―フィールド版―改訂新版.pdf,2d104638c72cbfc58f17ab38223bce3d7798f72abc2d14fa4495a3a7546f3b12,2026-07-12,ナンバンギセル,Aeginetia indica,ハマウツボ科,OROBANCHACEAE,ナンバンギセル属,Aeginetia,一年生の寄生植物,花柄15～30 cm,7～9月,北海道～琉球・小笠原諸島、朝鮮半島・中国中南部・台湾・インドシナ・マレーシア・インド,山野で主にススキなどの根に寄生,オオナンバンギセル,オオナンバンギセルより小型で、萼は先がとがり長さ1.5～3 cm、花冠裂片の縁は全縁,431,日本の野生植物 第2巻,216,原PDF画像目視確認＋macOS Vision OCR補助＋手動要約,include,,原PDFの番号付き種解説と本文境界を確認。客観的プロフィールだけを短く要約し、主観・利用推奨・不確かなOCRは除外。
wildplants-vol2-coverage-0247,volume2_full_heading_reconciliation,2,日本の野生植物 2- ミゾハコベ科～スイカズラ科 ―フィールド版―改訂新版.pdf,2d104638c72cbfc58f17ab38223bce3d7798f72abc2d14fa4495a3a7546f3b12,2026-07-12,エゾヨツバシオガマ,,,,,,,,,,,,,438,日本の野生植物 第2巻,220,原PDF画像目視確認＋macOS Vision OCR補助,exclude,,既存plant_profilesまたはparser-miss監査で正名の種解説を収録済みのため重複除外。
wildplants-vol2-coverage-0248,volume2_full_heading_reconciliation,2,日本の野生植物 2- ミゾハコベ科～スイカズラ科 ―フィールド版―改訂新版.pdf,2d104638c72cbfc58f17ab38223bce3d7798f72abc2d14fa4495a3a7546f3b12,2026-07-12,セリバシオガマ,,,,,,,,,,,,,438,日本の野生植物 第2巻,220,原PDF画像目視確認＋macOS Vision OCR補助,exclude,,既存plant_profilesまたはparser-miss監査で正名の種解説を収録済みのため重複除外。
wildplants-vol2-coverage-0249,volume2_full_heading_reconciliation,2,日本の野生植物 2- ミゾハコベ科～スイカズラ科 ―フィールド版―改訂新版.pdf,2d104638c72cbfc58f17ab38223bce3d7798f72abc2d14fa4495a3a7546f3b12,2026-07-12,タカネシオガマ,Pedicularis verticillata,ハマウツボ科,OROBANCHACEAE,シオガマギク属,Pedicularis,一年草,5～20 cm,7～8月,本州中部・南千島・北海道の高山、北半球の寒帯,高山の草地,,,439,日本の野生植物 第2巻,220,原PDF画像目視確認＋macOS Vision OCR補助＋手動要約,include,タカネシオカマ,原PDFの番号付き種解説と本文境界を確認。客観的プロフィールだけを短く要約し、主観・利用推奨・不確かなOCRは除外。 既存のOCR誤名fact行「タカネシオカマ」を正名「タカネシオガマ」に置換対象と判定。
wildplants-vol2-coverage-0250,volume2_full_heading_reconciliation,2,日本の野生植物 2- ミゾハコベ科～スイカズラ科 ―フィールド版―改訂新版.pdf,2d104638c72cbfc58f17ab38223bce3d7798f72abc2d14fa4495a3a7546f3b12,2026-07-12,ヨツバシオガマ,,,,,,,,,,,,,438,日本の野生植物 第2巻,220,原PDF画像目視確認＋macOS Vision OCR補助,exclude,,既存plant_profilesまたはparser-miss監査で正名の種解説を収録済みのため重複除外。
wildplants-vol2-coverage-0251,volume2_full_heading_reconciliation,2,日本の野生植物 2- ミゾハコベ科～スイカズラ科 ―フィールド版―改訂新版.pdf,2d104638c72cbfc58f17ab38223bce3d7798f72abc2d14fa4495a3a7546f3b12,2026-07-12,イヌタヌキモ,Utricularia australis,タヌキモ科,LENTIBULARIACEAE,タヌキモ属,Utricularia,浮遊性の多年草,花茎10～30 cm,6～9月,北海道～琉球、ユーラシア・アフリカ・オセアニア,溜め池や湖沼,,,443,日本の野生植物 第2巻,222,原PDF画像目視確認＋macOS Vision OCR補助＋手動要約,include,イヌタタキモ,原PDFの番号付き種解説と本文境界を確認。客観的プロフィールだけを短く要約し、主観・利用推奨・不確かなOCRは除外。 既存のOCR誤名fact行「イヌタタキモ」を正名「イヌタヌキモ」に置換対象と判定。
wildplants-vol2-coverage-0252,volume2_full_heading_reconciliation,2,日本の野生植物 2- ミゾハコベ科～スイカズラ科 ―フィールド版―改訂新版.pdf,2d104638c72cbfc58f17ab38223bce3d7798f72abc2d14fa4495a3a7546f3b12,2026-07-12,オオタヌキモ,Utricularia macrorhiza,タヌキモ科,LENTIBULARIACEAE,タヌキモ属,Utricularia,浮遊性の多年草,花茎10～40 cm,7～9月,南千島・北海道～関東、東アジア・北アメリカの温帯～亜寒帯,溜め池や湿原内の池塘など,,,443,日本の野生植物 第2巻,222,原PDF画像目視確認＋macOS Vision OCR補助＋手動要約,include,オオタタキモ,原PDFの番号付き種解説と本文境界を確認。客観的プロフィールだけを短く要約し、主観・利用推奨・不確かなOCRは除外。 既存のOCR誤名fact行「オオタタキモ」を正名「オオタヌキモ」に置換対象と判定。
wildplants-vol2-coverage-0253,volume2_full_heading_reconciliation,2,日本の野生植物 2- ミゾハコベ科～スイカズラ科 ―フィールド版―改訂新版.pdf,2d104638c72cbfc58f17ab38223bce3d7798f72abc2d14fa4495a3a7546f3b12,2026-07-12,ミカワタヌキモ,Utricularia exoleta,タヌキモ科,LENTIBULARIACEAE,タヌキモ属,Utricularia,浮遊性～湿生の多年草,花茎5～15 cm,7～9月,本州～琉球、オーストラリア,溜め池や湿地上,,,443,日本の野生植物 第2巻,222,原PDF画像目視確認＋macOS Vision OCR補助＋手動要約,include,,原PDFの番号付き種解説と本文境界を確認。客観的プロフィールだけを短く要約し、主観・利用推奨・不確かなOCRは除外。
wildplants-vol2-coverage-0254,volume2_full_heading_reconciliation,2,日本の野生植物 2- ミゾハコベ科～スイカズラ科 ―フィールド版―改訂新版.pdf,2d104638c72cbfc58f17ab38223bce3d7798f72abc2d14fa4495a3a7546f3b12,2026-07-12,ノウゼンカズラ,Campsis grandiflora,ノウゼンカズラ科,BIGNONIACEAE,ノウゼンカズラ属,Campsis,落葉藤本,,7～8月,中国・ベトナム,,アメリカノウゼンカズラ,本種の花は漏斗形で径約6 cm。アメリカノウゼンカズラは小葉が小さく、花は筒形で先だけが開き径3～4 cm,450,日本の野生植物 第2巻,226,原PDF画像目視確認＋macOS Vision OCR補助＋手動要約,include,,原PDFの番号付き種解説と本文境界を確認。客観的プロフィールだけを短く要約し、主観・利用推奨・不確かなOCRは除外。
wildplants-vol2-coverage-0255,volume2_full_heading_reconciliation,2,日本の野生植物 2- ミゾハコベ科～スイカズラ科 ―フィールド版―改訂新版.pdf,2d104638c72cbfc58f17ab38223bce3d7798f72abc2d14fa4495a3a7546f3b12,2026-07-12,ムニンイヌツゲ,,,,,,,,,,,,,453,日本の野生植物 第2巻,227,原PDF画像目視確認＋macOS Vision OCR補助,exclude,,既存plant_profilesまたはparser-miss監査で正名の種解説を収録済みのため重複除外。
wildplants-vol2-coverage-0256,volume2_full_heading_reconciliation,2,日本の野生植物 2- ミゾハコベ科～スイカズラ科 ―フィールド版―改訂新版.pdf,2d104638c72cbfc58f17ab38223bce3d7798f72abc2d14fa4495a3a7546f3b12,2026-07-12,ヒロハタマミズキ,Ilex macrocarpa,モチノキ科,AQUIFOLIACEAE,モチノキ属,Ilex,落葉高木,,4～5月,奄美大島、中国中南部,奄美大島の林中,,,457,日本の野生植物 第2巻,229,原PDF画像目視確認＋macOS Vision OCR補助＋手動要約,include,ヒロハタマミスキ,原PDFの番号付き種解説と本文境界を確認。客観的プロフィールだけを短く要約し、主観・利用推奨・不確かなOCRは除外。既存OCR誤名「ヒロハタマミスキ」を正名へ置換。
wildplants-vol2-coverage-0257,volume2_full_heading_reconciliation,2,日本の野生植物 2- ミゾハコベ科～スイカズラ科 ―フィールド版―改訂新版.pdf,2d104638c72cbfc58f17ab38223bce3d7798f72abc2d14fa4495a3a7546f3b12,2026-07-12,ソバナ,,,,,,,,,,,,,459,日本の野生植物 第2巻,230,原PDF画像目視確認＋macOS Vision OCR補助,exclude,,既存plant_profilesまたはparser-miss監査で正名の種解説を収録済みのため重複除外。
wildplants-vol2-coverage-0258,volume2_full_heading_reconciliation,2,日本の野生植物 2- ミゾハコベ科～スイカズラ科 ―フィールド版―改訂新版.pdf,2d104638c72cbfc58f17ab38223bce3d7798f72abc2d14fa4495a3a7546f3b12,2026-07-12,バアソブ,,,,,,,,,,,,,462,日本の野生植物 第2巻,232,原PDF画像目視確認＋macOS Vision OCR補助,exclude,,既存plant_profilesまたはparser-miss監査で正名の種解説を収録済みのため重複除外。
wildplants-vol2-coverage-0259,volume2_full_heading_reconciliation,2,日本の野生植物 2- ミゾハコベ科～スイカズラ科 ―フィールド版―改訂新版.pdf,2d104638c72cbfc58f17ab38223bce3d7798f72abc2d14fa4495a3a7546f3b12,2026-07-12,マルバハタケムシロ,Lobelia loochooensis,キキョウ科,CAMPANULACEAE,ミゾカクシ属,Lobelia,,,,奄美群島・沖縄（久米島）の固有種,海岸近くの風衝地,,,463,日本の野生植物 第2巻,232,原PDF画像目視確認＋macOS Vision OCR補助＋手動要約,include,マルパハタケムシロ,原PDFの番号付き種解説と本文境界を確認。客観的プロフィールだけを短く要約し、主観・利用推奨・不確かなOCRは除外。 既存のOCR誤名fact行「マルパハタケムシロ」を正名「マルバハタケムシロ」に置換対象と判定。
wildplants-vol2-coverage-0260,volume2_full_heading_reconciliation,2,日本の野生植物 2- ミゾハコベ科～スイカズラ科 ―フィールド版―改訂新版.pdf,2d104638c72cbfc58f17ab38223bce3d7798f72abc2d14fa4495a3a7546f3b12,2026-07-12,クサヤツデ,,,,,,,,,,,,,481,日本の野生植物 第2巻,241,原PDF画像目視確認＋macOS Vision OCR補助,exclude,,既存plant_profilesまたはparser-miss監査で正名の種解説を収録済みのため重複除外。
wildplants-vol2-coverage-0261,volume2_full_heading_reconciliation,2,日本の野生植物 2- ミゾハコベ科～スイカズラ科 ―フィールド版―改訂新版.pdf,2d104638c72cbfc58f17ab38223bce3d7798f72abc2d14fa4495a3a7546f3b12,2026-07-12,エゾノミヤマアザミ,Cirsium yezoalpinum,キク科,ASTERACEAE,アザミ属,Cirsium,多年草,20～90 cm,7～9月,北海道（大雪山系・知床山地）の日本固有種,高山草原,,,496,日本の野生植物 第2巻,249,原PDF画像目視確認＋macOS Vision OCR補助＋手動要約,include,,原PDFの番号付き種解説と本文境界を確認。客観的プロフィールだけを短く要約し、主観・利用推奨・不確かなOCRは除外。
wildplants-vol2-coverage-0262,volume2_full_heading_reconciliation,2,日本の野生植物 2- ミゾハコベ科～スイカズラ科 ―フィールド版―改訂新版.pdf,2d104638c72cbfc58f17ab38223bce3d7798f72abc2d14fa4495a3a7546f3b12,2026-07-12,エゾマミヤアザミ,Cirsium charkeviczii,キク科,ASTERACEAE,アザミ属,Cirsium,多年草,60～120 cm,8～9月,南千島（国後島）・北海道（根室地方）,根室半島の高層湿原,,,496,日本の野生植物 第2巻,249,原PDF画像目視確認＋macOS Vision OCR補助＋手動要約,include,,原PDFの番号付き種解説と本文境界を確認。客観的プロフィールだけを短く要約し、主観・利用推奨・不確かなOCRは除外。
wildplants-vol2-coverage-0263,volume2_full_heading_reconciliation,2,日本の野生植物 2- ミゾハコベ科～スイカズラ科 ―フィールド版―改訂新版.pdf,2d104638c72cbfc58f17ab38223bce3d7798f72abc2d14fa4495a3a7546f3b12,2026-07-12,イズモアザミ,Cirsium indefensum,キク科,ASTERACEAE,アザミ属,Cirsium,多年草,70～250 cm,9～11月,中国地方（広島県・鳥取県・島根県・山口県東部）,低山～山地の夏緑林の林縁や林間の草地,,,501,日本の野生植物 第2巻,251,原PDF画像目視確認＋macOS Vision OCR補助＋手動要約,include,,原PDFの番号付き種解説と本文境界を確認。客観的プロフィールだけを短く要約し、主観・利用推奨・不確かなOCRは除外。
wildplants-vol2-coverage-0264,volume2_full_heading_reconciliation,2,日本の野生植物 2- ミゾハコベ科～スイカズラ科 ―フィールド版―改訂新版.pdf,2d104638c72cbfc58f17ab38223bce3d7798f72abc2d14fa4495a3a7546f3b12,2026-07-12,オハラメアザミ,Cirsium kiotoense,キク科,ASTERACEAE,アザミ属,Cirsium,多年草,100～200 cm,9～11月,近畿地方（福井県・滋賀県・京都府・兵庫県）,低山の夏緑林や常緑林の林縁,,,499,日本の野生植物 第2巻,250,原PDF画像目視確認＋macOS Vision OCR補助＋手動要約,include,,原PDFの番号付き種解説と本文境界を確認。客観的プロフィールだけを短く要約し、主観・利用推奨・不確かなOCRは除外。
wildplants-vol2-coverage-0265,volume2_full_heading_reconciliation,2,日本の野生植物 2- ミゾハコベ科～スイカズラ科 ―フィールド版―改訂新版.pdf,2d104638c72cbfc58f17ab38223bce3d7798f72abc2d14fa4495a3a7546f3b12,2026-07-12,ノリクラアザミ,Cirsium norikurense,キク科,ASTERACEAE,アザミ属,Cirsium,多年草,100～200 cm,8～9月,中部地方・北陸地方・近畿地方北東部,高山～山地の草原や夏緑林の林縁,,,501,日本の野生植物 第2巻,251,原PDF画像目視確認＋macOS Vision OCR補助＋手動要約,include,,原PDFの番号付き種解説と本文境界を確認。客観的プロフィールだけを短く要約し、主観・利用推奨・不確かなOCRは除外。
wildplants-vol2-coverage-0266,volume2_full_heading_reconciliation,2,日本の野生植物 2- ミゾハコベ科～スイカズラ科 ―フィールド版―改訂新版.pdf,2d104638c72cbfc58f17ab38223bce3d7798f72abc2d14fa4495a3a7546f3b12,2026-07-12,ハッポウアザミ,Cirsium happoense,キク科,ASTERACEAE,アザミ属,Cirsium,多年草,40～70 cm,8～10月,北アルプス八方尾根の固有種,山地～亜高山の草原や低木林の林縁（超塩基性岩地）,,,501,日本の野生植物 第2巻,251,原PDF画像目視確認＋macOS Vision OCR補助＋手動要約,include,ハッボウアザミ,原PDFの番号付き種解説と本文境界を確認。客観的プロフィールだけを短く要約し、主観・利用推奨・不確かなOCRは除外。 既存のOCR誤名fact行「ハッボウアザミ」を正名「ハッポウアザミ」に置換対象と判定。
wildplants-vol2-coverage-0267,volume2_full_heading_reconciliation,2,日本の野生植物 2- ミゾハコベ科～スイカズラ科 ―フィールド版―改訂新版.pdf,2d104638c72cbfc58f17ab38223bce3d7798f72abc2d14fa4495a3a7546f3b12,2026-07-12,ホソエノアザミ,Cirsium tenuipedunculatum,キク科,ASTERACEAE,アザミ属,Cirsium,多年草,100～150（～200）cm,8～11月,本州中部（関東山地・富士箱根地域・南アルプス）,山地～亜高山の草原や林間の草地,,,500,日本の野生植物 第2巻,251,原PDF画像目視確認＋macOS Vision OCR補助＋手動要約,include,,原PDFの番号付き種解説と本文境界を確認。客観的プロフィールだけを短く要約し、主観・利用推奨・不確かなOCRは除外。
wildplants-vol2-coverage-0268,volume2_full_heading_reconciliation,2,日本の野生植物 2- ミゾハコベ科～スイカズラ科 ―フィールド版―改訂新版.pdf,2d104638c72cbfc58f17ab38223bce3d7798f72abc2d14fa4495a3a7546f3b12,2026-07-12,イナベアザミ,Cirsium magofukui,キク科,ASTERACEAE,アザミ属,Cirsium,多年草,70～150 cm,9～11月,本州中部（鈴鹿山脈・伊吹山地・両白山地）,山地の小さな流れに沿った木陰,,,493,日本の野生植物 第2巻,247,原PDF画像目視確認＋macOS Vision OCR補助＋手動要約,include,,原PDFの番号付き種解説と本文境界を確認。客観的プロフィールだけを短く要約し、主観・利用推奨・不確かなOCRは除外。
wildplants-vol2-coverage-0269,volume2_full_heading_reconciliation,2,日本の野生植物 2- ミゾハコベ科～スイカズラ科 ―フィールド版―改訂新版.pdf,2d104638c72cbfc58f17ab38223bce3d7798f72abc2d14fa4495a3a7546f3b12,2026-07-12,コイブキアザミ,Cirsium confertissimum,キク科,ASTERACEAE,アザミ属,Cirsium,多年草,50～100 cm,9～10月,伊吹山の固有種,伊吹山山頂付近の草原,,,502,日本の野生植物 第2巻,252,原PDF画像目視確認＋macOS Vision OCR補助＋手動要約,include,コイプキアザミ,原PDFの番号付き種解説と本文境界を確認。客観的プロフィールだけを短く要約し、主観・利用推奨・不確かなOCRは除外。 既存のOCR誤名fact行「コイプキアザミ」を正名「コイブキアザミ」に置換対象と判定。
wildplants-vol2-coverage-0270,volume2_full_heading_reconciliation,2,日本の野生植物 2- ミゾハコベ科～スイカズラ科 ―フィールド版―改訂新版.pdf,2d104638c72cbfc58f17ab38223bce3d7798f72abc2d14fa4495a3a7546f3b12,2026-07-12,ナンブタカネアザミ,Cirsium nambuense,キク科,ASTERACEAE,アザミ属,Cirsium,多年草,30～50 cm,8～9月,本州（鳥海山・栗駒山・月山・朝日連峰・飯豊山地・吾妻山）,東北地方の高山の岩混じりの草地,,,493,日本の野生植物 第2巻,247,原PDF画像目視確認＋macOS Vision OCR補助＋手動要約,include,ナンプタカネアザミ,原PDFの番号付き種解説と本文境界を確認。客観的プロフィールだけを短く要約し、主観・利用推奨・不確かなOCRは除外。 既存のOCR誤名fact行「ナンプタカネアザミ」を正名「ナンブタカネアザミ」に置換対象と判定。
wildplants-vol2-coverage-0271,volume2_full_heading_reconciliation,2,日本の野生植物 2- ミゾハコベ科～スイカズラ科 ―フィールド版―改訂新版.pdf,2d104638c72cbfc58f17ab38223bce3d7798f72abc2d14fa4495a3a7546f3b12,2026-07-12,アオモリアザミ,Cirsium aomorense,キク科,ASTERACEAE,アザミ属,Cirsium,多年草,20～100 cm,8～9月,北海道（道東～道南地方の太平洋側）・本州（秋田県・青森県）,低地～山地の湿り気のある草地・湿地、ときに亜高山の湿地,,,495,日本の野生植物 第2巻,248,原PDF画像目視確認＋macOS Vision OCR補助＋手動要約,include,,原PDFの番号付き種解説と本文境界を確認。客観的プロフィールだけを短く要約し、主観・利用推奨・不確かなOCRは除外。
wildplants-vol2-coverage-0272,volume2_full_heading_reconciliation,2,日本の野生植物 2- ミゾハコベ科～スイカズラ科 ―フィールド版―改訂新版.pdf,2d104638c72cbfc58f17ab38223bce3d7798f72abc2d14fa4495a3a7546f3b12,2026-07-12,シマアザミ,Cirsium brevicaule,キク科,ASTERACEAE,アザミ属,Cirsium,多年草,10～100 cm,12～4月（ほぼ周年）,奄美大島・徳之島・沖縄本島,海岸の草地・砂浜・岩礫地,ガランビアザミ,ガランビアザミの花冠はごく淡い紅紫色で、本種の黄みを帯びた白色と異なる,494,日本の野生植物 第2巻,248,原PDF画像目視確認＋macOS Vision OCR補助＋手動要約,include,,原PDFの番号付き種解説と本文境界を確認。客観的プロフィールだけを短く要約し、主観・利用推奨・不確かなOCRは除外。
wildplants-vol2-coverage-0273,volume2_full_heading_reconciliation,2,日本の野生植物 2- ミゾハコベ科～スイカズラ科 ―フィールド版―改訂新版.pdf,2d104638c72cbfc58f17ab38223bce3d7798f72abc2d14fa4495a3a7546f3b12,2026-07-12,シコタンアザミ,Cirsium ito-kojianum,キク科,ASTERACEAE,アザミ属,Cirsium,多年草,25～200 cm,7～8月,北海道（道東地方）・歯舞諸島（色丹島）・アリューシャン列島（アッツ島）,海岸草原,,,498,日本の野生植物 第2巻,250,原PDF画像目視確認＋macOS Vision OCR補助＋手動要約,include,,原PDFの番号付き種解説と本文境界を確認。客観的プロフィールだけを短く要約し、主観・利用推奨・不確かなOCRは除外。
wildplants-vol2-coverage-0274,volume2_full_heading_reconciliation,2,日本の野生植物 2- ミゾハコベ科～スイカズラ科 ―フィールド版―改訂新版.pdf,2d104638c72cbfc58f17ab38223bce3d7798f72abc2d14fa4495a3a7546f3b12,2026-07-12,オクヤマアザミ,Cirsium ovalifolium,キク科,ASTERACEAE,アザミ属,Cirsium,多年草,70～250 cm,8～9月,東北地方南部～関東地方北部（那須連峰・尾瀬周辺・谷川連峰）,高山～亜高山の草原や低木林の林縁、山地の夏緑林の林縁,,,501,日本の野生植物 第2巻,251,原PDF画像目視確認＋macOS Vision OCR補助＋手動要約,include,,原PDFの番号付き種解説と本文境界を確認。客観的プロフィールだけを短く要約し、主観・利用推奨・不確かなOCRは除外。
wildplants-vol2-coverage-0275,volume2_full_heading_reconciliation,2,日本の野生植物 2- ミゾハコベ科～スイカズラ科 ―フィールド版―改訂新版.pdf,2d104638c72cbfc58f17ab38223bce3d7798f72abc2d14fa4495a3a7546f3b12,2026-07-12,ナンブアザミ,Cirsium tonense,キク科,ASTERACEAE,アザミ属,Cirsium,多年草,60～200 cm,8～10月,東北地方～中部地方（秋田県～福井県、栃木県・群馬県・長野県・岐阜県の各北部）,低山～山地の夏緑林の林縁や草原、ときに高山草原,,,500,日本の野生植物 第2巻,251,原PDF画像目視確認＋macOS Vision OCR補助＋手動要約,include,,原PDFの番号付き種解説と本文境界を確認。客観的プロフィールだけを短く要約し、主観・利用推奨・不確かなOCRは除外。
wildplants-vol2-coverage-0276,volume2_full_heading_reconciliation,2,日本の野生植物 2- ミゾハコベ科～スイカズラ科 ―フィールド版―改訂新版.pdf,2d104638c72cbfc58f17ab38223bce3d7798f72abc2d14fa4495a3a7546f3b12,2026-07-12,アズマヤマアザミ,Cirsium microspicatum,キク科,ASTERACEAE,アザミ属,Cirsium,多年草,70～200 cm,9～10月,東北地方～近畿地方（宮城県南部～福井県、鈴鹿山脈～紀伊山地）,低山～山地の夏緑林・常緑樹林の林縁や林間の草地,,,503,日本の野生植物 第2巻,252,原PDF画像目視確認＋macOS Vision OCR補助＋手動要約,include,,原PDFの番号付き種解説と本文境界を確認。客観的プロフィールだけを短く要約し、主観・利用推奨・不確かなOCRは除外。
wildplants-vol2-coverage-0277,volume2_full_heading_reconciliation,2,日本の野生植物 2- ミゾハコベ科～スイカズラ科 ―フィールド版―改訂新版.pdf,2d104638c72cbfc58f17ab38223bce3d7798f72abc2d14fa4495a3a7546f3b12,2026-07-12,ミネアザミ,Cirsium alpicola,キク科,ASTERACEAE,アザミ属,Cirsium,多年草,70～200 cm,8～9月,北海道（道南地方）・青森県（津軽半島～岩木山）,低山～山地の夏緑林の林縁や林間の草地、ときに沿海地,マルバヒレアザミ,マルバヒレアザミは本種より頭花が小さく、花期が約1か月早い,503,日本の野生植物 第2巻,252,原PDF画像目視確認＋macOS Vision OCR補助＋手動要約,include,,原PDFの番号付き種解説と本文境界を確認。客観的プロフィールだけを短く要約し、主観・利用推奨・不確かなOCRは除外。
wildplants-vol2-coverage-0278,volume2_full_heading_reconciliation,2,日本の野生植物 2- ミゾハコベ科～スイカズラ科 ―フィールド版―改訂新版.pdf,2d104638c72cbfc58f17ab38223bce3d7798f72abc2d14fa4495a3a7546f3b12,2026-07-12,ニッポウアザミ,Cirsium nippoense,キク科,ASTERACEAE,アザミ属,Cirsium,多年草,100～190 cm,10月,九州（大分県と宮崎県の県境地域）,沿海地の夏緑林・常緑林の林縁や林間の草地,,,504,日本の野生植物 第2巻,253,原PDF画像目視確認＋macOS Vision OCR補助＋手動要約,include,ニッボウアザミ,原PDFの番号付き種解説と本文境界を確認。客観的プロフィールだけを短く要約し、主観・利用推奨・不確かなOCRは除外。 既存のOCR誤名fact行「ニッボウアザミ」を正名「ニッポウアザミ」に置換対象と判定。
wildplants-vol2-coverage-0279,volume2_full_heading_reconciliation,2,日本の野生植物 2- ミゾハコベ科～スイカズラ科 ―フィールド版―改訂新版.pdf,2d104638c72cbfc58f17ab38223bce3d7798f72abc2d14fa4495a3a7546f3b12,2026-07-12,アブクマトウヒレン,Saussurea yuki-uenoana,キク科,ASTERACEAE,トウヒレン属,Saussurea,多年草,70～180 cm,9～10月,本州中部（宮城県・福島県の太平洋側低山）,低山の夏緑林の林縁・林下、林間の草地,,,515,日本の野生植物 第2巻,258,原PDF画像目視確認＋macOS Vision OCR補助＋手動要約,include,アプクマトウヒレン,原PDFの番号付き種解説と本文境界を確認。客観的プロフィールだけを短く要約し、主観・利用推奨・不確かなOCRは除外。 既存のOCR誤名fact行「アプクマトウヒレン」を正名「アブクマトウヒレン」に置換対象と判定。
wildplants-vol2-coverage-0280,volume2_full_heading_reconciliation,2,日本の野生植物 2- ミゾハコベ科～スイカズラ科 ―フィールド版―改訂新版.pdf,2d104638c72cbfc58f17ab38223bce3d7798f72abc2d14fa4495a3a7546f3b12,2026-07-12,ショウナイトウヒレン,Saussurea shonaiensis,キク科,ASTERACEAE,トウヒレン属,Saussurea,多年草,60～85 cm,8～10月,東北地方（秋田県南部・山形県北部の鳥海山山麓、日本海沿岸地域）,沿海地の低地～低山の夏緑林やクロマツ林の林縁・林下,,,513,日本の野生植物 第2巻,257,原PDF画像目視確認＋macOS Vision OCR補助＋手動要約,include,,原PDFの番号付き種解説と本文境界を確認。客観的プロフィールだけを短く要約し、主観・利用推奨・不確かなOCRは除外。
wildplants-vol2-coverage-0281,volume2_full_heading_reconciliation,2,日本の野生植物 2- ミゾハコベ科～スイカズラ科 ―フィールド版―改訂新版.pdf,2d104638c72cbfc58f17ab38223bce3d7798f72abc2d14fa4495a3a7546f3b12,2026-07-12,ナガバキタアザミ,,,,,,,,,,,,,511,日本の野生植物 第2巻,256,原PDF画像目視確認＋macOS Vision OCR補助,exclude,,既存plant_profilesまたはparser-miss監査で正名の種解説を収録済みのため重複除外。
wildplants-vol2-coverage-0282,volume2_full_heading_reconciliation,2,日本の野生植物 2- ミゾハコベ科～スイカズラ科 ―フィールド版―改訂新版.pdf,2d104638c72cbfc58f17ab38223bce3d7798f72abc2d14fa4495a3a7546f3b12,2026-07-12,キンプヒゴタイ,,,,,,,,,,,,,512,日本の野生植物 第2巻,257,原PDF画像目視確認＋macOS Vision OCR補助,exclude,,既存plant_profilesまたはparser-miss監査で正名の種解説を収録済みのため重複除外。
wildplants-vol2-coverage-0283,volume2_full_heading_reconciliation,2,日本の野生植物 2- ミゾハコベ科～スイカズラ科 ―フィールド版―改訂新版.pdf,2d104638c72cbfc58f17ab38223bce3d7798f72abc2d14fa4495a3a7546f3b12,2026-07-12,シラネアザミ,Saussurea nikoensis,キク科,ASTERACEAE,トウヒレン属,Saussurea,多年草,10～80 cm,8～9月,本州（吾妻連峰・磐梯山・那須連山・日光山地・苗場山）,高山～亜高山の草地や灌木林の林縁,,,513,日本の野生植物 第2巻,257,原PDF画像目視確認＋macOS Vision OCR補助＋手動要約,include,,原PDFの番号付き種解説と本文境界を確認。客観的プロフィールだけを短く要約し、主観・利用推奨・不確かなOCRは除外。
wildplants-vol2-coverage-0284,volume2_full_heading_reconciliation,2,日本の野生植物 2- ミゾハコベ科～スイカズラ科 ―フィールド版―改訂新版.pdf,2d104638c72cbfc58f17ab38223bce3d7798f72abc2d14fa4495a3a7546f3b12,2026-07-12,コヘラナレン,Crepidiastrum grandicollum,キク科,ASTERACEAE,アゼトウナ属,Crepidiastrum,常緑の多年草,,10～11月,小笠原諸島父島列島,岩場や裸地,,,518,日本の野生植物 第2巻,260,原PDF画像目視確認＋macOS Vision OCR補助＋手動要約,include,,原PDFの番号付き種解説と本文境界を確認。客観的プロフィールだけを短く要約し、主観・利用推奨・不確かなOCRは除外。
wildplants-vol2-coverage-0285,volume2_full_heading_reconciliation,2,日本の野生植物 2- ミゾハコベ科～スイカズラ科 ―フィールド版―改訂新版.pdf,2d104638c72cbfc58f17ab38223bce3d7798f72abc2d14fa4495a3a7546f3b12,2026-07-12,ヤナギタンポポ,Hieracium umbellatum,キク科,ASTERACEAE,ヤナギタンポポ属,Hieracium,多年草,30～120 cm,8～9月,南千島・北海道・本州・四国、北半球,山間の湿地,ミヤマコウゾリナ,本種は葉が厚く、花時に根出葉がない。ミヤマコウゾリナは全体に粗い毛と腺毛があり、膜質の根出葉が花時にも残る,519,日本の野生植物 第2巻,260,原PDF画像目視確認＋macOS Vision OCR補助＋手動要約,include,ヤナギタンボポ,原PDFの番号付き種解説と本文境界を確認。客観的プロフィールだけを短く要約し、主観・利用推奨・不確かなOCRは除外。 既存のOCR誤名fact行「ヤナギタンボポ」を正名「ヤナギタンポポ」に置換対象と判定。
wildplants-vol2-coverage-0286,volume2_full_heading_reconciliation,2,日本の野生植物 2- ミゾハコベ科～スイカズラ科 ―フィールド版―改訂新版.pdf,2d104638c72cbfc58f17ab38223bce3d7798f72abc2d14fa4495a3a7546f3b12,2026-07-12,ブタナ,,,,,,,,,,,,,520,日本の野生植物 第2巻,261,原PDF画像目視確認＋macOS Vision OCR補助,exclude,,既存plant_profilesまたはparser-miss監査で正名の種解説を収録済みのため重複除外。
wildplants-vol2-coverage-0287,volume2_full_heading_reconciliation,2,日本の野生植物 2- ミゾハコベ科～スイカズラ科 ―フィールド版―改訂新版.pdf,2d104638c72cbfc58f17ab38223bce3d7798f72abc2d14fa4495a3a7546f3b12,2026-07-12,イワニガナ,Ixeris stolonifera,キク科,ASTERACEAE,ノニガナ属,Ixeris,多年草,花茎5～15 cm,4～7月,北海道～琉球、朝鮮半島・台湾・中国,日当たりのよい山野の裸地,オオジシバリ,葉は卵円形～広楕円形で、総苞は長さ8～10 mm。オオジシバリは葉が倒披針形～へら状長楕円形で、総苞は長さ12～14 mm,522,日本の野生植物 第2巻,262,原PDF画像目視確認＋macOS Vision OCR補助＋手動要約,include,,原PDFの番号付き種解説と本文境界を確認。客観的プロフィールだけを短く要約し、主観・利用推奨・不確かなOCRは除外。
wildplants-vol2-coverage-0288,volume2_full_heading_reconciliation,2,日本の野生植物 2- ミゾハコベ科～スイカズラ科 ―フィールド版―改訂新版.pdf,2d104638c72cbfc58f17ab38223bce3d7798f72abc2d14fa4495a3a7546f3b12,2026-07-12,ウサギソウ,,,,,,,,,,,,,522,日本の野生植物 第2巻,262,原PDF画像目視確認＋macOS Vision OCR補助,exclude,,原PDFで検索表の重複見出し、または他種解説内の変種・品種の記載であり、独立した番号付き種解説ではないため除外。
wildplants-vol2-coverage-0289,volume2_full_heading_reconciliation,2,日本の野生植物 2- ミゾハコベ科～スイカズラ科 ―フィールド版―改訂新版.pdf,2d104638c72cbfc58f17ab38223bce3d7798f72abc2d14fa4495a3a7546f3b12,2026-07-12,オオジシバリ,Ixeris japonica,キク科,ASTERACEAE,ノニガナ属,Ixeris,多年草,花茎10～30 cm,4～6月,北海道西南部～琉球、朝鮮半島・台湾・中国,,イワニガナ,葉は倒披針形～へら状長楕円形で、総苞は長さ12～14 mm。イワニガナは葉が卵円形～広楕円形で、総苞は長さ8～10 mm,522,日本の野生植物 第2巻,262,原PDF画像目視確認＋macOS Vision OCR補助＋手動要約,include,オオジシパリ,原PDFの番号付き種解説と本文境界を確認。客観的プロフィールだけを短く要約し、主観・利用推奨・不確かなOCRは除外。 既存のOCR誤名fact行「オオジシパリ」を正名「オオジシバリ」に置換対象と判定。
wildplants-vol2-coverage-0290,volume2_full_heading_reconciliation,2,日本の野生植物 2- ミゾハコベ科～スイカズラ科 ―フィールド版―改訂新版.pdf,2d104638c72cbfc58f17ab38223bce3d7798f72abc2d14fa4495a3a7546f3b12,2026-07-12,アレチノゲシ,,,,,,,,,,,,,526,日本の野生植物 第2巻,264,原PDF画像目視確認＋macOS Vision OCR補助,exclude,,原PDFで検索表の重複見出し、または他種解説内の変種・品種の記載であり、独立した番号付き種解説ではないため除外。
wildplants-vol2-coverage-0291,volume2_full_heading_reconciliation,2,日本の野生植物 2- ミゾハコベ科～スイカズラ科 ―フィールド版―改訂新版.pdf,2d104638c72cbfc58f17ab38223bce3d7798f72abc2d14fa4495a3a7546f3b12,2026-07-12,カントウタンポポ,Taraxacum platycarpum var. platycarpum,キク科,ASTERACEAE,タンポポ属,Taraxacum,多年草,,3～5月,関東地方（埼玉県・東京都・茨城県・千葉県・神奈川県）～中部地方（静岡県・愛知県・三重県）に分布する日本固有種,東日本の平地の農村,,,528,日本の野生植物 第2巻,265,原PDF画像目視確認＋macOS Vision OCR補助＋手動要約,include,カントウタンボポ,原PDFの番号付き種解説と本文境界を画像で再確認。客観的な生活形・高さ・花期・分布・生育地のみを短く収録し、用途・主観・他種本文・属概説の混入を除外。 既存のOCR誤名fact行「カントウタンボポ」を正名「カントウタンポポ」へ置換対象と判定。
wildplants-vol2-coverage-0292,volume2_full_heading_reconciliation,2,日本の野生植物 2- ミゾハコベ科～スイカズラ科 ―フィールド版―改訂新版.pdf,2d104638c72cbfc58f17ab38223bce3d7798f72abc2d14fa4495a3a7546f3b12,2026-07-12,セイタカタンポポ,,,,,,,,,,,,,527,日本の野生植物 第2巻,264,原PDF画像目視確認＋macOS Vision OCR補助,exclude,,原PDFで検索表の重複見出し、または他種解説内の変種・品種の記載であり、独立した番号付き種解説ではないため除外。
wildplants-vol2-coverage-0293,volume2_full_heading_reconciliation,2,日本の野生植物 2- ミゾハコベ科～スイカズラ科 ―フィールド版―改訂新版.pdf,2d104638c72cbfc58f17ab38223bce3d7798f72abc2d14fa4495a3a7546f3b12,2026-07-12,セイヨウタンポポ,Taraxacum officinale,キク科,ASTERACEAE,タンポポ属,Taraxacum,多年草,,4～5月を中心に秋まで,ヨーロッパ原産の帰化植物,牧場や都市の荒れ地,,,528,日本の野生植物 第2巻,265,原PDF画像目視確認＋macOS Vision OCR補助＋手動要約,include,セイヨウタンボボ,原PDFの番号付き種解説と本文境界を画像で再確認。客観的な生活形・高さ・花期・分布・生育地のみを短く収録し、用途・主観・他種本文・属概説の混入を除外。 既存のOCR誤名fact行「セイヨウタンボボ」を正名「セイヨウタンポポ」へ置換対象と判定。
wildplants-vol2-coverage-0294,volume2_full_heading_reconciliation,2,日本の野生植物 2- ミゾハコベ科～スイカズラ科 ―フィールド版―改訂新版.pdf,2d104638c72cbfc58f17ab38223bce3d7798f72abc2d14fa4495a3a7546f3b12,2026-07-12,タイワンハチジョウナ,,,,,,,,,,,,,526,日本の野生植物 第2巻,264,原PDF画像目視確認＋macOS Vision OCR補助,exclude,,原PDFで検索表の重複見出し、または他種解説内の変種・品種の記載であり、独立した番号付き種解説ではないため除外。
wildplants-vol2-coverage-0295,volume2_full_heading_reconciliation,2,日本の野生植物 2- ミゾハコベ科～スイカズラ科 ―フィールド版―改訂新版.pdf,2d104638c72cbfc58f17ab38223bce3d7798f72abc2d14fa4495a3a7546f3b12,2026-07-12,トウカイタンポポ,,,,,,,,,,,,,527,日本の野生植物 第2巻,264,原PDF画像目視確認＋macOS Vision OCR補助,exclude,,原PDFで検索表の重複見出し、または他種解説内の変種・品種の記載であり、独立した番号付き種解説ではないため除外。
wildplants-vol2-coverage-0296,volume2_full_heading_reconciliation,2,日本の野生植物 2- ミゾハコベ科～スイカズラ科 ―フィールド版―改訂新版.pdf,2d104638c72cbfc58f17ab38223bce3d7798f72abc2d14fa4495a3a7546f3b12,2026-07-12,ノゲシ,Sonchus oleraceus,キク科,ASTERACEAE,ノゲシ属,Sonchus,一年草または越年草,50～100 cm,4～7月,世界各地に帰化,道ばたや畑,,,526,日本の野生植物 第2巻,264,原PDF画像目視確認＋macOS Vision OCR補助＋手動要約,include,,原PDFの番号付き種解説と本文境界を画像で再確認。客観的な生活形・高さ・花期・分布・生育地のみを短く収録し、用途・主観・他種本文・属概説の混入を除外。
wildplants-vol2-coverage-0297,volume2_full_heading_reconciliation,2,日本の野生植物 2- ミゾハコベ科～スイカズラ科 ―フィールド版―改訂新版.pdf,2d104638c72cbfc58f17ab38223bce3d7798f72abc2d14fa4495a3a7546f3b12,2026-07-12,ユウバリタンポポ,Taraxacum yuparense,キク科,ASTERACEAE,タンポポ属,Taraxacum,多年草,,6～7月,北海道夕張岳の固有種,蛇紋岩地の山頂部,,,528,日本の野生植物 第2巻,265,原PDF画像目視確認＋macOS Vision OCR補助＋手動要約,include,,原PDFの番号付き種解説と本文境界を画像で再確認。客観的な生活形・高さ・花期・分布・生育地のみを短く収録し、用途・主観・他種本文・属概説の混入を除外。
wildplants-vol2-coverage-0298,volume2_full_heading_reconciliation,2,日本の野生植物 2- ミゾハコベ科～スイカズラ科 ―フィールド版―改訂新版.pdf,2d104638c72cbfc58f17ab38223bce3d7798f72abc2d14fa4495a3a7546f3b12,2026-07-12,アカミタンポポ,Taraxacum laevigatum,キク科,ASTERACEAE,タンポポ属,Taraxacum,多年草,,おもに4～5月,ヨーロッパ原産の帰化植物,都市の荒れ地,,,528,日本の野生植物 第2巻,265,原PDF画像目視確認＋macOS Vision OCR補助＋手動要約,include,アカミタンボボ,原PDFの番号付き種解説と本文境界を画像で再確認。客観的な生活形・高さ・花期・分布・生育地のみを短く収録し、用途・主観・他種本文・属概説の混入を除外。 既存のOCR誤名fact行「アカミタンボボ」を正名「アカミタンポポ」へ置換対象と判定。
wildplants-vol2-coverage-0299,volume2_full_heading_reconciliation,2,日本の野生植物 2- ミゾハコベ科～スイカズラ科 ―フィールド版―改訂新版.pdf,2d104638c72cbfc58f17ab38223bce3d7798f72abc2d14fa4495a3a7546f3b12,2026-07-12,エゾタンポポ,Taraxacum venustum subsp. venustum,キク科,ASTERACEAE,タンポポ属,Taraxacum,多年草,,4～5月,南千島・北海道・東北地方～中部地方,北日本の人里。東北地方では平地、関東～中部地方では山地の道沿い,シナノタンポポ,シナノタンポポは外部形態がエゾタンポポに酷似するが、花粉粒の大きさが均一である。,529,日本の野生植物 第2巻,265,原PDF画像目視確認＋macOS Vision OCR補助＋手動要約,include,エゾタンボボ,原PDFの番号付き種解説と本文境界を画像で再確認。客観的な生活形・高さ・花期・分布・生育地のみを短く収録し、用途・主観・他種本文・属概説の混入を除外。 既存のOCR誤名fact行「エゾタンボボ」を正名「エゾタンポポ」へ置換対象と判定。
wildplants-vol2-coverage-0300,volume2_full_heading_reconciliation,2,日本の野生植物 2- ミゾハコベ科～スイカズラ科 ―フィールド版―改訂新版.pdf,2d104638c72cbfc58f17ab38223bce3d7798f72abc2d14fa4495a3a7546f3b12,2026-07-12,オオヒラタンポポ,Taraxacum ohirense,キク科,ASTERACEAE,タンポポ属,Taraxacum,多年草,,6～7月,北海道大平山の固有種,石灰岩地の山頂部～山麓,,,528,日本の野生植物 第2巻,265,原PDF画像目視確認＋macOS Vision OCR補助＋手動要約,include,オオヒラタンボボ,原PDFの番号付き種解説と本文境界を画像で再確認。客観的な生活形・高さ・花期・分布・生育地のみを短く収録し、用途・主観・他種本文・属概説の混入を除外。 既存のOCR誤名fact行「オオヒラタンボボ」を正名「オオヒラタンポポ」へ置換対象と判定。
wildplants-vol2-coverage-0301,volume2_full_heading_reconciliation,2,日本の野生植物 2- ミゾハコベ科～スイカズラ科 ―フィールド版―改訂新版.pdf,2d104638c72cbfc58f17ab38223bce3d7798f72abc2d14fa4495a3a7546f3b12,2026-07-12,カンサイタンポポ,Taraxacum japonicum,キク科,ASTERACEAE,タンポポ属,Taraxacum,多年草,,3～5月,近畿地方を中心に、中国地方・四国（瀬戸内海沿岸）・北九州に分布する日本固有種,西日本の平地の農村,,,528,日本の野生植物 第2巻,265,原PDF画像目視確認＋macOS Vision OCR補助＋手動要約,include,カンサイタンボポ,原PDFの番号付き種解説と本文境界を画像で再確認。客観的な生活形・高さ・花期・分布・生育地のみを短く収録し、用途・主観・他種本文・属概説の混入を除外。 既存のOCR誤名fact行「カンサイタンボポ」を正名「カンサイタンポポ」へ置換対象と判定。
wildplants-vol2-coverage-0302,volume2_full_heading_reconciliation,2,日本の野生植物 2- ミゾハコベ科～スイカズラ科 ―フィールド版―改訂新版.pdf,2d104638c72cbfc58f17ab38223bce3d7798f72abc2d14fa4495a3a7546f3b12,2026-07-12,キビシロタンポポ,Taraxacum hideoi,キク科,ASTERACEAE,タンポポ属,Taraxacum,多年草,,3～5月,東北地方・長野県・知多半島・紀伊半島・近畿地方・中国地方・四国,山里の路傍や草地,,,529,日本の野生植物 第2巻,265,原PDF画像目視確認＋macOS Vision OCR補助＋手動要約,include,,原PDFの番号付き種解説と本文境界を画像で再確認。客観的な生活形・高さ・花期・分布・生育地のみを短く収録し、用途・主観・他種本文・属概説の混入を除外。
wildplants-vol2-coverage-0303,volume2_full_heading_reconciliation,2,日本の野生植物 2- ミゾハコベ科～スイカズラ科 ―フィールド版―改訂新版.pdf,2d104638c72cbfc58f17ab38223bce3d7798f72abc2d14fa4495a3a7546f3b12,2026-07-12,クシバタンポポ,Taraxacum pectinatum,キク科,ASTERACEAE,タンポポ属,Taraxacum,多年草,,3～5月,紀伊半島・近畿・中国地方・四国に分布する日本固有種,西日本の山里,,,529,日本の野生植物 第2巻,265,原PDF画像目視確認＋macOS Vision OCR補助＋手動要約,include,クシバタンボポ,原PDFの番号付き種解説と本文境界を画像で再確認。客観的な生活形・高さ・花期・分布・生育地のみを短く収録し、用途・主観・他種本文・属概説の混入を除外。 既存のOCR誤名fact行「クシバタンボポ」を正名「クシバタンポポ」へ置換対象と判定。
wildplants-vol2-coverage-0304,volume2_full_heading_reconciliation,2,日本の野生植物 2- ミゾハコベ科～スイカズラ科 ―フィールド版―改訂新版.pdf,2d104638c72cbfc58f17ab38223bce3d7798f72abc2d14fa4495a3a7546f3b12,2026-07-12,クモマタンポポ,Taraxacum yesoalpinum,キク科,ASTERACEAE,タンポポ属,Taraxacum,多年草,,6～8月,北海道大雪山系（白雲岳・忠別岳など）,高山帯,,,528,日本の野生植物 第2巻,265,原PDF画像目視確認＋macOS Vision OCR補助＋手動要約,include,,原PDFの番号付き種解説と本文境界を画像で再確認。客観的な生活形・高さ・花期・分布・生育地のみを短く収録し、用途・主観・他種本文・属概説の混入を除外。
wildplants-vol2-coverage-0305,volume2_full_heading_reconciliation,2,日本の野生植物 2- ミゾハコベ科～スイカズラ科 ―フィールド版―改訂新版.pdf,2d104638c72cbfc58f17ab38223bce3d7798f72abc2d14fa4495a3a7546f3b12,2026-07-12,ケイリンシロタンポポ,,,,,,,,,,,,,528,日本の野生植物 第2巻,265,原PDF画像目視確認＋macOS Vision OCR補助,exclude,,原PDFで検索表の重複見出し、または他種解説内の変種・品種の記載であり、独立した番号付き種解説ではないため除外。
wildplants-vol2-coverage-0306,volume2_full_heading_reconciliation,2,日本の野生植物 2- ミゾハコベ科～スイカズラ科 ―フィールド版―改訂新版.pdf,2d104638c72cbfc58f17ab38223bce3d7798f72abc2d14fa4495a3a7546f3b12,2026-07-12,シコタンタンポポ,Taraxacum shikotanense,キク科,ASTERACEAE,タンポポ属,Taraxacum,多年草,,6～7月,北海道（室蘭～根室の太平洋沿岸）・南千島～千島列島中部,北海道の海岸低地,,,528,日本の野生植物 第2巻,265,原PDF画像目視確認＋macOS Vision OCR補助＋手動要約,include,シコタンタンボポ,原PDFの番号付き種解説と本文境界を画像で再確認。客観的な生活形・高さ・花期・分布・生育地のみを短く収録し、用途・主観・他種本文・属概説の混入を除外。 既存のOCR誤名fact行「シコタンタンボポ」を正名「シコタンタンポポ」へ置換対象と判定。
wildplants-vol2-coverage-0307,volume2_full_heading_reconciliation,2,日本の野生植物 2- ミゾハコベ科～スイカズラ科 ―フィールド版―改訂新版.pdf,2d104638c72cbfc58f17ab38223bce3d7798f72abc2d14fa4495a3a7546f3b12,2026-07-12,ツクシタンポポ,Taraxacum kiushianum,キク科,ASTERACEAE,タンポポ属,Taraxacum,多年草,,4～5月,北九州・四国西部に分布する日本固有種,西日本の山地の明るい草地,,,529,日本の野生植物 第2巻,265,原PDF画像目視確認＋macOS Vision OCR補助＋手動要約,include,ツクシタンボボ,原PDFの番号付き種解説と本文境界を画像で再確認。客観的な生活形・高さ・花期・分布・生育地のみを短く収録し、用途・主観・他種本文・属概説の混入を除外。 既存のOCR誤名fact行「ツクシタンボボ」を正名「ツクシタンポポ」へ置換対象と判定。
wildplants-vol2-coverage-0308,volume2_full_heading_reconciliation,2,日本の野生植物 2- ミゾハコベ科～スイカズラ科 ―フィールド版―改訂新版.pdf,2d104638c72cbfc58f17ab38223bce3d7798f72abc2d14fa4495a3a7546f3b12,2026-07-12,ミヤマタンポポ,,,,,,,,,,,,,528,日本の野生植物 第2巻,265,原PDF画像目視確認＋macOS Vision OCR補助,exclude,,既存plant_profilesまたはparser-miss監査で正名の種解説を収録済みのため重複除外。
wildplants-vol2-coverage-0309,volume2_full_heading_reconciliation,2,日本の野生植物 2- ミゾハコベ科～スイカズラ科 ―フィールド版―改訂新版.pdf,2d104638c72cbfc58f17ab38223bce3d7798f72abc2d14fa4495a3a7546f3b12,2026-07-12,モウコタンポポ,Taraxacum mongolicum,キク科,ASTERACEAE,タンポポ属,Taraxacum,多年草,,2～4月,中国～朝鮮半島に分布し、日本では九州・中国地方で確認されている,,タカサゴタンポポ,モウコタンポポは3倍体で、近縁のタカサゴタンポポは2倍体である。,529,日本の野生植物 第2巻,265,原PDF画像目視確認＋macOS Vision OCR補助＋手動要約,include,モウコタンボボ,原PDFの番号付き種解説と本文境界を画像で再確認。客観的な生活形・高さ・花期・分布・生育地のみを短く収録し、用途・主観・他種本文・属概説の混入を除外。 既存のOCR誤名fact行「モウコタンボボ」を正名「モウコタンポポ」へ置換対象と判定。 原PDFで比較の主語と対象種側の形質を再確認し明示。
wildplants-vol2-coverage-0310,volume2_full_heading_reconciliation,2,日本の野生植物 2- ミゾハコベ科～スイカズラ科 ―フィールド版―改訂新版.pdf,2d104638c72cbfc58f17ab38223bce3d7798f72abc2d14fa4495a3a7546f3b12,2026-07-12,カンツワブキ,Farfugium hiberniflorum,キク科,ASTERACEAE,ツワブキ属,Farfugium,常緑多年草,25～42 cm,9～12月,九州（屋久島・種子島）,暖帯林の林下,,,537,日本の野生植物 第2巻,269,原PDF画像目視確認＋macOS Vision OCR補助＋手動要約,include,カンツワプキ,原PDFの番号付き種解説と本文境界を画像で再確認。客観的な生活形・高さ・花期・分布・生育地のみを短く収録し、用途・主観・他種本文・属概説の混入を除外。 既存のOCR誤名fact行「カンツワプキ」を正名「カンツワブキ」へ置換対象と判定。
wildplants-vol2-coverage-0311,volume2_full_heading_reconciliation,2,日本の野生植物 2- ミゾハコベ科～スイカズラ科 ―フィールド版―改訂新版.pdf,2d104638c72cbfc58f17ab38223bce3d7798f72abc2d14fa4495a3a7546f3b12,2026-07-12,タケダグサ,Erechtites valerianifolius,キク科,ASTERACEAE,タケダグサ属,Erechtites,一年草,50～100 cm,ほぼ周年,南アメリカ原産で、伊豆諸島南部・小笠原諸島・琉球に帰化,空き地や路傍,,,536,日本の野生植物 第2巻,269,原PDF画像目視確認＋macOS Vision OCR補助＋手動要約,include,,原PDFの番号付き種解説と本文境界を画像で再確認。客観的な生活形・高さ・花期・分布・生育地のみを短く収録し、用途・主観・他種本文・属概説の混入を除外。
wildplants-vol2-coverage-0312,volume2_full_heading_reconciliation,2,日本の野生植物 2- ミゾハコベ科～スイカズラ科 ―フィールド版―改訂新版.pdf,2d104638c72cbfc58f17ab38223bce3d7798f72abc2d14fa4495a3a7546f3b12,2026-07-12,ダンドボロギク,Erechtites hieraciifolius var. hieraciifolius,キク科,ASTERACEAE,タケダグサ属,Erechtites,一年草,30～150 cm,9～10月,北アメリカ原産で、本州～琉球に帰化,山地の伐採跡地や町中の空き地,ウシノタケダグサ,ウシノタケダグサは全体に毛が多く、葉身が羽状に中裂し、総苞は径約6 mmで花後も径10 mmを超えない。,536,日本の野生植物 第2巻,269,原PDF画像目視確認＋macOS Vision OCR補助＋手動要約,include,,原PDFの番号付き種解説と本文境界を画像で再確認。客観的な生活形・高さ・花期・分布・生育地のみを短く収録し、用途・主観・他種本文・属概説の混入を除外。
wildplants-vol2-coverage-0313,volume2_full_heading_reconciliation,2,日本の野生植物 2- ミゾハコベ科～スイカズラ科 ―フィールド版―改訂新版.pdf,2d104638c72cbfc58f17ab38223bce3d7798f72abc2d14fa4495a3a7546f3b12,2026-07-12,ツワブキ,Farfugium japonicum var. japonicum,キク科,ASTERACEAE,ツワブキ属,Farfugium,常緑多年草,30～80 cm,10～12月,本州（太平洋岸は福島県以南、日本海岸は石川県以南）～琉球、朝鮮半島南部・台湾・中国南部～中部,海岸の岩礫地や崖,,,537,日本の野生植物 第2巻,269,原PDF画像目視確認＋macOS Vision OCR補助＋手動要約,include,ツワプキ,原PDFの番号付き種解説と本文境界を画像で再確認。客観的な生活形・高さ・花期・分布・生育地のみを短く収録し、用途・主観・他種本文・属概説の混入を除外。 既存のOCR誤名fact行「ツワプキ」を正名「ツワブキ」へ置換対象と判定。
wildplants-vol2-coverage-0314,volume2_full_heading_reconciliation,2,日本の野生植物 2- ミゾハコベ科～スイカズラ科 ―フィールド版―改訂新版.pdf,2d104638c72cbfc58f17ab38223bce3d7798f72abc2d14fa4495a3a7546f3b12,2026-07-12,オオモミジガサ,Miricacalia makinoana,キク科,ASTERACEAE,オオモミジガサ属,Miricacalia,多年草,55～80 cm,7～9月,本州（福島県以南）～九州,山地の沢沿いの夏緑林下,,,539,日本の野生植物 第2巻,270,原PDF画像目視確認＋macOS Vision OCR補助＋手動要約,include,,原PDFの番号付き種解説と本文境界を画像で再確認。客観的な生活形・高さ・花期・分布・生育地のみを短く収録し、用途・主観・他種本文・属概説の混入を除外。
wildplants-vol2-coverage-0315,volume2_full_heading_reconciliation,2,日本の野生植物 2- ミゾハコベ科～スイカズラ科 ―フィールド版―改訂新版.pdf,2d104638c72cbfc58f17ab38223bce3d7798f72abc2d14fa4495a3a7546f3b12,2026-07-12,トウゲブキ,,,,,,,,,,,,,538,日本の野生植物 第2巻,270,原PDF画像目視確認＋macOS Vision OCR補助,exclude,,既存plant_profilesまたはparser-miss監査で正名の種解説を収録済みのため重複除外。
wildplants-vol2-coverage-0316,volume2_full_heading_reconciliation,2,日本の野生植物 2- ミゾハコベ科～スイカズラ科 ―フィールド版―改訂新版.pdf,2d104638c72cbfc58f17ab38223bce3d7798f72abc2d14fa4495a3a7546f3b12,2026-07-12,マルバダケブキ,,,,,,,,,,,,,538,日本の野生植物 第2巻,270,原PDF画像目視確認＋macOS Vision OCR補助,exclude,,既存plant_profilesまたはparser-miss監査で正名の種解説を収録済みのため重複除外。
wildplants-vol2-coverage-0317,volume2_full_heading_reconciliation,2,日本の野生植物 2- ミゾハコベ科～スイカズラ科 ―フィールド版―改訂新版.pdf,2d104638c72cbfc58f17ab38223bce3d7798f72abc2d14fa4495a3a7546f3b12,2026-07-12,コバナノコウモリソウ,Parasenecio chokaiensis,キク科,ASTERACEAE,コウモリソウ属,Parasenecio,多年草,60～150 cm,8～9月,東北地方（鳥海山・和賀山地・月山・朝日山地・飯豊山地）,夏緑林内・亜高山帯の灌木林縁,,,543,日本の野生植物 第2巻,272,原PDF画像目視確認＋macOS Vision OCR補助＋手動要約,include,,原PDFの番号付き種解説と本文境界を画像で再確認。客観的な生活形・高さ・花期・分布・生育地のみを短く収録し、用途・主観・他種本文・属概説の混入を除外。
wildplants-vol2-coverage-0318,volume2_full_heading_reconciliation,2,日本の野生植物 2- ミゾハコベ科～スイカズラ科 ―フィールド版―改訂新版.pdf,2d104638c72cbfc58f17ab38223bce3d7798f72abc2d14fa4495a3a7546f3b12,2026-07-12,ヒメコウモリ,Parasenecio shikokianus,キク科,ASTERACEAE,コウモリソウ属,Parasenecio,多年草,25～35 cm,10月,四国・本州（紀伊半島）,林内,,,542,日本の野生植物 第2巻,272,原PDF画像目視確認＋macOS Vision OCR補助＋手動要約,include,,原PDFの番号付き種解説と本文境界を画像で再確認。客観的な生活形・高さ・花期・分布・生育地のみを短く収録し、用途・主観・他種本文・属概説の混入を除外。
wildplants-vol2-coverage-0319,volume2_full_heading_reconciliation,2,日本の野生植物 2- ミゾハコベ科～スイカズラ科 ―フィールド版―改訂新版.pdf,2d104638c72cbfc58f17ab38223bce3d7798f72abc2d14fa4495a3a7546f3b12,2026-07-12,モミジガサ,Parasenecio delphiniifolius,キク科,ASTERACEAE,コウモリソウ属,Parasenecio,多年草,40～120 cm,8～9月,北海道～九州,夏緑林内,,,542,日本の野生植物 第2巻,272,原PDF画像目視確認＋macOS Vision OCR補助＋手動要約,include,,原PDFの番号付き種解説と本文境界を画像で再確認。客観的な生活形・高さ・花期・分布・生育地のみを短く収録し、用途・主観・他種本文・属概説の混入を除外。
wildplants-vol2-coverage-0320,volume2_full_heading_reconciliation,2,日本の野生植物 2- ミゾハコベ科～スイカズラ科 ―フィールド版―改訂新版.pdf,2d104638c72cbfc58f17ab38223bce3d7798f72abc2d14fa4495a3a7546f3b12,2026-07-12,ヨブスマソウ,Parasenecio robustus,キク科,ASTERACEAE,コウモリソウ属,Parasenecio,多年草,3 mを超えることがある,7～10月,南千島・北海道・サハリン,北海道の夏緑林・亜寒帯針葉樹林・山地や海岸の草原,ウラゲヨブスマソウ,ウラゲヨブスマソウは高さ約1 mと小さく、頭花は下向きに咲き、葉柄に翼がなく基部も茎を抱かない。,543,日本の野生植物 第2巻,272,原PDF画像目視確認＋macOS Vision OCR補助＋手動要約,include,,原PDFの番号付き種解説と本文境界を画像で再確認。客観的な生活形・高さ・花期・分布・生育地のみを短く収録し、用途・主観・他種本文・属概説の混入を除外。
wildplants-vol2-coverage-0321,volume2_full_heading_reconciliation,2,日本の野生植物 2- ミゾハコベ科～スイカズラ科 ―フィールド版―改訂新版.pdf,2d104638c72cbfc58f17ab38223bce3d7798f72abc2d14fa4495a3a7546f3b12,2026-07-12,キオン,Senecio nemorensis,キク科,ASTERACEAE,ノボロギク属,Senecio,多年草,50～100 cm,8～9月,南千島・北海道～九州、サハリン・朝鮮半島・台湾・中国・シベリア～ヨーロッパ,山地草原・林間の草地,,,544,日本の野生植物 第2巻,273,原PDF画像目視確認＋macOS Vision OCR補助＋手動要約,include,,原PDFの番号付き種解説と本文境界を画像で再確認。客観的な生活形・高さ・花期・分布・生育地のみを短く収録し、用途・主観・他種本文・属概説の混入を除外。
wildplants-vol2-coverage-0322,volume2_full_heading_reconciliation,2,日本の野生植物 2- ミゾハコベ科～スイカズラ科 ―フィールド版―改訂新版.pdf,2d104638c72cbfc58f17ab38223bce3d7798f72abc2d14fa4495a3a7546f3b12,2026-07-12,コヤブレガサ,,,,,,,,,,,,,545,日本の野生植物 第2巻,273,原PDF画像目視確認＋macOS Vision OCR補助,exclude,,既存plant_profilesまたはparser-miss監査で正名の種解説を収録済みのため重複除外。
wildplants-vol2-coverage-0323,volume2_full_heading_reconciliation,2,日本の野生植物 2- ミゾハコベ科～スイカズラ科 ―フィールド版―改訂新版.pdf,2d104638c72cbfc58f17ab38223bce3d7798f72abc2d14fa4495a3a7546f3b12,2026-07-12,ヒュウガヤブレガサ,Syneilesis akagii,キク科,ASTERACEAE,ヤブレガサ属,Syneilesis,多年草,70～100 cm,6～7月,九州（大分県・宮崎県・熊本県）,夏緑林内・林縁,,,545,日本の野生植物 第2巻,273,原PDF画像目視確認＋macOS Vision OCR補助＋手動要約,include,ヒュウガヤプレガサ,原PDFの番号付き種解説と本文境界を画像で再確認。客観的な生活形・高さ・花期・分布・生育地のみを短く収録し、用途・主観・他種本文・属概説の混入を除外。 既存のOCR誤名fact行「ヒュウガヤプレガサ」を正名「ヒュウガヤブレガサ」へ置換対象と判定。
wildplants-vol2-coverage-0324,volume2_full_heading_reconciliation,2,日本の野生植物 2- ミゾハコベ科～スイカズラ科 ―フィールド版―改訂新版.pdf,2d104638c72cbfc58f17ab38223bce3d7798f72abc2d14fa4495a3a7546f3b12,2026-07-12,ヤブレガサ,Syneilesis palmata,キク科,ASTERACEAE,ヤブレガサ属,Syneilesis,多年草,70～120 cm,7～10月,本州～九州・朝鮮半島,夏緑林・スギ人工林などの林内や林縁,,,545,日本の野生植物 第2巻,273,原PDF画像目視確認＋macOS Vision OCR補助＋手動要約,include,ヤプレガサ,原PDFの番号付き種解説と本文境界を画像で再確認。客観的な生活形・高さ・花期・分布・生育地のみを短く収録し、用途・主観・他種本文・属概説の混入を除外。 既存のOCR誤名fact行「ヤプレガサ」を正名「ヤブレガサ」へ置換対象と判定。
wildplants-vol2-coverage-0325,volume2_full_heading_reconciliation,2,日本の野生植物 2- ミゾハコベ科～スイカズラ科 ―フィールド版―改訂新版.pdf,2d104638c72cbfc58f17ab38223bce3d7798f72abc2d14fa4495a3a7546f3b12,2026-07-12,ヤブレガサモドキ,Syneilesis tagawae,キク科,ASTERACEAE,ヤブレガサ属,Syneilesis,多年草,1～1.2 m,7～8月,本州（兵庫県）・四国（高知県・愛媛県）,日当たりのよい低山～山地草原、棚田の畦・溜池の土手,,,545,日本の野生植物 第2巻,273,原PDF画像目視確認＋macOS Vision OCR補助＋手動要約,include,,原PDFの番号付き種解説と本文境界を画像で再確認。客観的な生活形・高さ・花期・分布・生育地のみを短く収録し、用途・主観・他種本文・属概説の混入を除外。
wildplants-vol2-coverage-0326,volume2_full_heading_reconciliation,2,日本の野生植物 2- ミゾハコベ科～スイカズラ科 ―フィールド版―改訂新版.pdf,2d104638c72cbfc58f17ab38223bce3d7798f72abc2d14fa4495a3a7546f3b12,2026-07-12,コウリンカ,Tephroseris flammea subsp. glabrifolia,キク科,ASTERACEAE,オカオグルマ属,Tephroseris,多年草,30～60 cm,7～9月,本州・朝鮮半島,山地の湿り気のある草原,,,546,日本の野生植物 第2巻,274,原PDF画像目視確認＋macOS Vision OCR補助＋手動要約,include,,原PDFの番号付き種解説と本文境界を画像で再確認。客観的な生活形・高さ・花期・分布・生育地のみを短く収録し、用途・主観・他種本文・属概説の混入を除外。
wildplants-vol2-coverage-0327,volume2_full_heading_reconciliation,2,日本の野生植物 2- ミゾハコベ科～スイカズラ科 ―フィールド版―改訂新版.pdf,2d104638c72cbfc58f17ab38223bce3d7798f72abc2d14fa4495a3a7546f3b12,2026-07-12,サツマシロギク,,,,,,,,,,,,,548,日本の野生植物 第2巻,275,原PDF画像目視確認＋macOS Vision OCR補助,exclude,,原PDFで検索表の重複見出し、または他種解説内の変種・品種の記載であり、独立した番号付き種解説ではないため除外。
wildplants-vol2-coverage-0328,volume2_full_heading_reconciliation,2,日本の野生植物 2- ミゾハコベ科～スイカズラ科 ―フィールド版―改訂新版.pdf,2d104638c72cbfc58f17ab38223bce3d7798f72abc2d14fa4495a3a7546f3b12,2026-07-12,ハコネギク,Aster viscidulus var. viscidulus,キク科,ASTERACEAE,シオン属,Aster,多年草,30～70 cm,8～10月,本州（関東地方・中部地方）,標高の高い山地の草原や岩場,,,550,日本の野生植物 第2巻,276,原PDF画像目視確認＋macOS Vision OCR補助＋手動要約,include,,原PDFの番号付き種解説と本文境界を画像で再確認。客観的な生活形・高さ・花期・分布・生育地のみを短く収録し、用途・主観・他種本文・属概説の混入を除外。
wildplants-vol2-coverage-0329,volume2_full_heading_reconciliation,2,日本の野生植物 2- ミゾハコベ科～スイカズラ科 ―フィールド版―改訂新版.pdf,2d104638c72cbfc58f17ab38223bce3d7798f72abc2d14fa4495a3a7546f3b12,2026-07-12,エゾムカシヨモギ,,,,,,,,,,,,,553,日本の野生植物 第2巻,277,原PDF画像目視確認＋macOS Vision OCR補助,exclude,,既存plant_profilesまたはparser-miss監査で正名の種解説を収録済みのため重複除外。
wildplants-vol2-coverage-0330,volume2_full_heading_reconciliation,2,日本の野生植物 2- ミゾハコベ科～スイカズラ科 ―フィールド版―改訂新版.pdf,2d104638c72cbfc58f17ab38223bce3d7798f72abc2d14fa4495a3a7546f3b12,2026-07-12,ヒメムカシヨモギ,,,,,,,,,,,,,553,日本の野生植物 第2巻,277,原PDF画像目視確認＋macOS Vision OCR補助,exclude,,既存plant_profilesまたはparser-miss監査で正名の種解説を収録済みのため重複除外。
wildplants-vol2-coverage-0331,volume2_full_heading_reconciliation,2,日本の野生植物 2- ミゾハコベ科～スイカズラ科 ―フィールド版―改訂新版.pdf,2d104638c72cbfc58f17ab38223bce3d7798f72abc2d14fa4495a3a7546f3b12,2026-07-12,ミヤマアズマギク,,,,,,,,,,,,,552,日本の野生植物 第2巻,277,原PDF画像目視確認＋macOS Vision OCR補助,exclude,,原PDFで検索表の重複見出し、または他種解説内の変種・品種の記載であり、独立した番号付き種解説ではないため除外。
wildplants-vol2-coverage-0332,volume2_full_heading_reconciliation,2,日本の野生植物 2- ミゾハコベ科～スイカズラ科 ―フィールド版―改訂新版.pdf,2d104638c72cbfc58f17ab38223bce3d7798f72abc2d14fa4495a3a7546f3b12,2026-07-12,イズハハコ,Eschenbachia japonica,キク科,ASTERACEAE,イズハハコ属,Eschenbachia,一年草または越年草,25～55 cm,3～10月,本州（関東地方以西）の海岸～四国・九州・琉球、中国・マレーシア・インド・アフガニスタン,日当たりのよい崖,キクバイズハハコ／ネバリイズハハコ,キクバイズハハコは葉が羽状に裂け、頭花は径1～1.3 cm。ネバリイズハハコは花時に根出葉がなく、茎は高さ約1 mで多く分枝し、頭花は径約5 mm。,554,日本の野生植物 第2巻,278,原PDF画像目視確認＋macOS Vision OCR補助＋手動要約,include,,原PDFの番号付き種解説と本文境界を画像で再確認。客観的な生活形・高さ・花期・分布・生育地のみを短く収録し、用途・主観・他種本文・属概説の混入を除外。
wildplants-vol2-coverage-0333,volume2_full_heading_reconciliation,2,日本の野生植物 2- ミゾハコベ科～スイカズラ科 ―フィールド版―改訂新版.pdf,2d104638c72cbfc58f17ab38223bce3d7798f72abc2d14fa4495a3a7546f3b12,2026-07-12,オオアキノキリンソウ,,,,,,,,,,,,,555,日本の野生植物 第2巻,278,原PDF画像目視確認＋macOS Vision OCR補助,exclude,,原PDFで検索表の重複見出し、または他種解説内の変種・品種の記載であり、独立した番号付き種解説ではないため除外。
wildplants-vol2-coverage-0334,volume2_full_heading_reconciliation,2,日本の野生植物 2- ミゾハコベ科～スイカズラ科 ―フィールド版―改訂新版.pdf,2d104638c72cbfc58f17ab38223bce3d7798f72abc2d14fa4495a3a7546f3b12,2026-07-12,アカバナエゾノコギリソウ,,,,,,,,,,,,,557,日本の野生植物 第2巻,279,原PDF画像目視確認＋macOS Vision OCR補助,exclude,,原PDFで検索表の重複見出し、または他種解説内の変種・品種の記載であり、独立した番号付き種解説ではないため除外。
wildplants-vol2-coverage-0335,volume2_full_heading_reconciliation,2,日本の野生植物 2- ミゾハコベ科～スイカズラ科 ―フィールド版―改訂新版.pdf,2d104638c72cbfc58f17ab38223bce3d7798f72abc2d14fa4495a3a7546f3b12,2026-07-12,アソノコギリソウ,,,,,,,,,,,,,557,日本の野生植物 第2巻,279,原PDF画像目視確認＋macOS Vision OCR補助,exclude,,原PDFで検索表の重複見出し、または他種解説内の変種・品種の記載であり、独立した番号付き種解説ではないため除外。
wildplants-vol2-coverage-0336,volume2_full_heading_reconciliation,2,日本の野生植物 2- ミゾハコベ科～スイカズラ科 ―フィールド版―改訂新版.pdf,2d104638c72cbfc58f17ab38223bce3d7798f72abc2d14fa4495a3a7546f3b12,2026-07-12,ヤマノコギリソウ,,,,,,,,,,,,,557,日本の野生植物 第2巻,279,原PDF画像目視確認＋macOS Vision OCR補助,exclude,,原PDFで検索表の重複見出し、または他種解説内の変種・品種の記載であり、独立した番号付き種解説ではないため除外。
wildplants-vol2-coverage-0337,volume2_full_heading_reconciliation,2,日本の野生植物 2- ミゾハコベ科～スイカズラ科 ―フィールド版―改訂新版.pdf,2d104638c72cbfc58f17ab38223bce3d7798f72abc2d14fa4495a3a7546f3b12,2026-07-12,クソニンジン,Artemisia annua,キク科,ASTERACEAE,ヨモギ属,Artemisia,一年草,最大1.5 m,8～10月,北半球の温帯～熱帯に広く分布し、日本で野生化している,道ばたや市街の荒れ地,,,560,日本の野生植物 第2巻,281,原PDF画像目視確認＋macOS Vision OCR補助＋手動要約,include,,原PDFの番号付き種解説と本文境界を画像で再確認。客観的な生活形・高さ・花期・分布・生育地のみを短く収録し、用途・主観・他種本文・属概説の混入を除外。未確定の侵入経路は公開対象から除外。
wildplants-vol2-coverage-0338,volume2_full_heading_reconciliation,2,日本の野生植物 2- ミゾハコベ科～スイカズラ科 ―フィールド版―改訂新版.pdf,2d104638c72cbfc58f17ab38223bce3d7798f72abc2d14fa4495a3a7546f3b12,2026-07-12,ニシヨモギ,,,,,,,,,,,,,559,日本の野生植物 第2巻,280,原PDF画像目視確認＋macOS Vision OCR補助,exclude,,原PDFで検索表の重複見出し、または他種解説内の変種・品種の記載であり、独立した番号付き種解説ではないため除外。
wildplants-vol2-coverage-0339,volume2_full_heading_reconciliation,2,日本の野生植物 2- ミゾハコベ科～スイカズラ科 ―フィールド版―改訂新版.pdf,2d104638c72cbfc58f17ab38223bce3d7798f72abc2d14fa4495a3a7546f3b12,2026-07-12,ハマオトコヨモギ,,,,,,,,,,,,,558,日本の野生植物 第2巻,280,原PDF画像目視確認＋macOS Vision OCR補助,exclude,,原PDFで検索表の重複見出し、または他種解説内の変種・品種の記載であり、独立した番号付き種解説ではないため除外。
wildplants-vol2-coverage-0340,volume2_full_heading_reconciliation,2,日本の野生植物 2- ミゾハコベ科～スイカズラ科 ―フィールド版―改訂新版.pdf,2d104638c72cbfc58f17ab38223bce3d7798f72abc2d14fa4495a3a7546f3b12,2026-07-12,ヤブヨモギ,Artemisia rubripes,キク科,ASTERACEAE,ヨモギ属,Artemisia,多年草,1～2 m,8～9月,九州、朝鮮半島・中国北部～東北部・ウスリー・アムール,山地の乾草原,,,561,日本の野生植物 第2巻,281,原PDF画像目視確認＋macOS Vision OCR補助＋手動要約,include,ヤプヨモギ,原PDFの番号付き種解説と本文境界を画像で再確認。客観的な生活形・高さ・花期・分布・生育地のみを短く収録し、用途・主観・他種本文・属概説の混入を除外。既存OCR誤名「ヤプヨモギ」を正名へ置換。
wildplants-vol2-coverage-0341,volume2_full_heading_reconciliation,2,日本の野生植物 2- ミゾハコベ科～スイカズラ科 ―フィールド版―改訂新版.pdf,2d104638c72cbfc58f17ab38223bce3d7798f72abc2d14fa4495a3a7546f3b12,2026-07-12,ヒトツバヨモギ,,,,,,,,,,,,,561,日本の野生植物 第2巻,281,原PDF画像目視確認＋macOS Vision OCR補助,exclude,,既存plant_profilesまたはparser-miss監査で正名の種解説を収録済みのため重複除外。
wildplants-vol2-coverage-0342,volume2_full_heading_reconciliation,2,日本の野生植物 2- ミゾハコベ科～スイカズラ科 ―フィールド版―改訂新版.pdf,2d104638c72cbfc58f17ab38223bce3d7798f72abc2d14fa4495a3a7546f3b12,2026-07-12,チシマコハマギク,,,,,,,,,,,,,563,日本の野生植物 第2巻,282,原PDF画像目視確認＋macOS Vision OCR補助,exclude,,原PDFで検索表の重複見出し、または他種解説内の変種・品種の記載であり、独立した番号付き種解説ではないため除外。
wildplants-vol2-coverage-0343,volume2_full_heading_reconciliation,2,日本の野生植物 2- ミゾハコベ科～スイカズラ科 ―フィールド版―改訂新版.pdf,2d104638c72cbfc58f17ab38223bce3d7798f72abc2d14fa4495a3a7546f3b12,2026-07-12,ピレオギク,Chrysanthemum weyrichii,キク科,ASTERACEAE,キク属,Chrysanthemum,多年草,10～40 cm,,サハリン、北海道の日本海側海岸・奥尻島,海岸の岩上,,,565,日本の野生植物 第2巻,283,原PDF画像目視確認＋macOS Vision OCR補助＋手動要約,include,,原PDFの番号付き種解説と本文境界を画像で再確認。客観的な生活形・高さ・花期・分布・生育地のみを短く収録し、用途・主観・他種本文・属概説の混入を除外。
wildplants-vol2-coverage-0344,volume2_full_heading_reconciliation,2,日本の野生植物 2- ミゾハコベ科～スイカズラ科 ―フィールド版―改訂新版.pdf,2d104638c72cbfc58f17ab38223bce3d7798f72abc2d14fa4495a3a7546f3b12,2026-07-12,ノジギク,Chrysanthemum japonense var. japonense,キク科,ASTERACEAE,キク属,Chrysanthemum,多年草,,10～12月,四国・九州の太平洋岸と瀬戸内海沿岸,海岸,,,564,日本の野生植物 第2巻,283,原PDF画像目視確認＋macOS Vision OCR補助＋手動要約,include,,原PDFの番号付き種解説と本文境界を画像で再確認。客観的な生活形・高さ・花期・分布・生育地のみを短く収録し、用途・主観・他種本文・属概説の混入を除外。
wildplants-vol2-coverage-0345,volume2_full_heading_reconciliation,2,日本の野生植物 2- ミゾハコベ科～スイカズラ科 ―フィールド版―改訂新版.pdf,2d104638c72cbfc58f17ab38223bce3d7798f72abc2d14fa4495a3a7546f3b12,2026-07-12,マメカミツレ,Cotula australis,キク科,ASTERACEAE,マメカミツレ属,Cotula,一年草,5～20 cm,ほぼ周年,オーストラリア原産で、本州中部以西の各地に帰化,路傍や空き地,,,565,日本の野生植物 第2巻,283,原PDF画像目視確認＋macOS Vision OCR補助＋手動要約,include,,原PDFの番号付き種解説と本文境界を画像で再確認。客観的な生活形・高さ・花期・分布・生育地のみを短く収録し、用途・主観・他種本文・属概説の混入を除外。
wildplants-vol2-coverage-0346,volume2_full_heading_reconciliation,2,日本の野生植物 2- ミゾハコベ科～スイカズラ科 ―フィールド版―改訂新版.pdf,2d104638c72cbfc58f17ab38223bce3d7798f72abc2d14fa4495a3a7546f3b12,2026-07-12,ミコシギク,Leucanthemella linearis,キク科,ASTERACEAE,ミコシギク属,Leucanthemella,多年草,50～150 cm,9～11月,本州・九州、朝鮮半島・中国,日当たりのよい湿地,,,566,日本の野生植物 第2巻,284,原PDF画像目視確認＋macOS Vision OCR補助＋手動要約,include,,原PDFの番号付き種解説と本文境界を画像で再確認。客観的な生活形・高さ・花期・分布・生育地のみを短く収録し、用途・主観・他種本文・属概説の混入を除外。
wildplants-vol2-coverage-0347,volume2_full_heading_reconciliation,2,日本の野生植物 2- ミゾハコベ科～スイカズラ科 ―フィールド版―改訂新版.pdf,2d104638c72cbfc58f17ab38223bce3d7798f72abc2d14fa4495a3a7546f3b12,2026-07-12,ヤクシマウスユキソウ,,,,,,,,,,,,,569,日本の野生植物 第2巻,285,原PDF画像目視確認＋macOS Vision OCR補助,exclude,,原PDFで検索表の重複見出し、または他種解説内の変種・品種の記載であり、独立した番号付き種解説ではないため除外。
wildplants-vol2-coverage-0348,volume2_full_heading_reconciliation,2,日本の野生植物 2- ミゾハコベ科～スイカズラ科 ―フィールド版―改訂新版.pdf,2d104638c72cbfc58f17ab38223bce3d7798f72abc2d14fa4495a3a7546f3b12,2026-07-12,ヤハズハハコ,,,,,,,,,,,,,569,日本の野生植物 第2巻,285,原PDF画像目視確認＋macOS Vision OCR補助,exclude,,既存plant_profilesまたはparser-miss監査で正名の種解説を収録済みのため重複除外。
wildplants-vol2-coverage-0349,volume2_full_heading_reconciliation,2,日本の野生植物 2- ミゾハコベ科～スイカズラ科 ―フィールド版―改訂新版.pdf,2d104638c72cbfc58f17ab38223bce3d7798f72abc2d14fa4495a3a7546f3b12,2026-07-12,セイタカハハコグサ,,,,,,,,,,,,,573,日本の野生植物 第2巻,287,原PDF画像目視確認＋macOS Vision OCR補助,exclude,,原PDFで検索表の重複見出し、または他種解説内の変種・品種の記載であり、独立した番号付き種解説ではないため除外。
wildplants-vol2-coverage-0350,volume2_full_heading_reconciliation,2,日本の野生植物 2- ミゾハコベ科～スイカズラ科 ―フィールド版―改訂新版.pdf,2d104638c72cbfc58f17ab38223bce3d7798f72abc2d14fa4495a3a7546f3b12,2026-07-12,カラフトオグルマ,,,,,,,,,,,,,576,日本の野生植物 第2巻,289,原PDF画像目視確認＋macOS Vision OCR補助,exclude,,原PDFで検索表の重複見出し、または他種解説内の変種・品種の記載であり、独立した番号付き種解説ではないため除外。
wildplants-vol2-coverage-0351,volume2_full_heading_reconciliation,2,日本の野生植物 2- ミゾハコベ科～スイカズラ科 ―フィールド版―改訂新版.pdf,2d104638c72cbfc58f17ab38223bce3d7798f72abc2d14fa4495a3a7546f3b12,2026-07-12,ホソバオグルマ,,,,,,,,,,,,,576,日本の野生植物 第2巻,289,原PDF画像目視確認＋macOS Vision OCR補助,exclude,,既存plant_profilesまたはparser-miss監査で正名の種解説を収録済みのため重複除外。
wildplants-vol2-coverage-0352,volume2_full_heading_reconciliation,2,日本の野生植物 2- ミゾハコベ科～スイカズラ科 ―フィールド版―改訂新版.pdf,2d104638c72cbfc58f17ab38223bce3d7798f72abc2d14fa4495a3a7546f3b12,2026-07-12,コシロノセンダングサ,,,,,,,,,,,,,578,日本の野生植物 第2巻,290,原PDF画像目視確認＋macOS Vision OCR補助,exclude,,原PDFで検索表の重複見出し、または他種解説内の変種・品種の記載であり、独立した番号付き種解説ではないため除外。
wildplants-vol2-coverage-0353,volume2_full_heading_reconciliation,2,日本の野生植物 2- ミゾハコベ科～スイカズラ科 ―フィールド版―改訂新版.pdf,2d104638c72cbfc58f17ab38223bce3d7798f72abc2d14fa4495a3a7546f3b12,2026-07-12,セリバノセンダングサ,,,,,,,,,,,,,579,日本の野生植物 第2巻,290,原PDF画像目視確認＋macOS Vision OCR補助,exclude,,既存plant_profilesまたはparser-miss監査で正名の種解説を収録済みのため重複除外。
wildplants-vol2-coverage-0354,volume2_full_heading_reconciliation,2,日本の野生植物 2- ミゾハコベ科～スイカズラ科 ―フィールド版―改訂新版.pdf,2d104638c72cbfc58f17ab38223bce3d7798f72abc2d14fa4495a3a7546f3b12,2026-07-12,タウコギ,,,,,,,,,,,,,578,日本の野生植物 第2巻,290,原PDF画像目視確認＋macOS Vision OCR補助,exclude,,既存plant_profilesまたはparser-miss監査で正名の種解説を収録済みのため重複除外。
wildplants-vol2-coverage-0355,volume2_full_heading_reconciliation,2,日本の野生植物 2- ミゾハコベ科～スイカズラ科 ―フィールド版―改訂新版.pdf,2d104638c72cbfc58f17ab38223bce3d7798f72abc2d14fa4495a3a7546f3b12,2026-07-12,ニトベギク,Tithonia diversifolia,キク科,ASTERACEAE,ニトベギク属,Tithonia,木質化する多年草,最大5 m,,中米～メキシコ原産で、東南アジア・アフリカなどの熱帯～亜熱帯域に広く帰化,,,,582,日本の野生植物 第2巻,292,原PDF画像目視確認＋macOS Vision OCR補助＋手動要約,include,,原PDFの番号付き種解説と本文境界を画像で再確認。客観的な生活形・高さ・花期・分布・生育地のみを短く収録し、用途・主観・他種本文・属概説の混入を除外。
wildplants-vol2-coverage-0356,volume2_full_heading_reconciliation,2,日本の野生植物 2- ミゾハコベ科～スイカズラ科 ―フィールド版―改訂新版.pdf,2d104638c72cbfc58f17ab38223bce3d7798f72abc2d14fa4495a3a7546f3b12,2026-07-12,オオミノトベラ,Pittosporum chichijimense,トベラ科,PITTOSPORACEAE,トベラ属,Pittosporum,常緑低木,1～3 m,3～4月,小笠原諸島父島,やや陰湿な林内,,,589,日本の野生植物 第2巻,295,原PDF画像目視確認＋macOS Vision OCR補助＋手動要約,include,,原PDFの番号付き種解説と本文境界を画像で再確認。客観的な生活形・高さ・花期・分布・生育地のみを短く収録し、用途・主観・他種本文・属概説の混入を除外。
wildplants-vol2-coverage-0357,volume2_full_heading_reconciliation,2,日本の野生植物 2- ミゾハコベ科～スイカズラ科 ―フィールド版―改訂新版.pdf,2d104638c72cbfc58f17ab38223bce3d7798f72abc2d14fa4495a3a7546f3b12,2026-07-12,サケバヒヨドリ,,,,,,,,,,,,,588,日本の野生植物 第2巻,295,原PDF画像目視確認＋macOS Vision OCR補助,exclude,,既存plant_profilesまたはparser-miss監査で正名の種解説を収録済みのため重複除外。
wildplants-vol2-coverage-0358,volume2_full_heading_reconciliation,2,日本の野生植物 2- ミゾハコベ科～スイカズラ科 ―フィールド版―改訂新版.pdf,2d104638c72cbfc58f17ab38223bce3d7798f72abc2d14fa4495a3a7546f3b12,2026-07-12,コシアブラ,Chengiopanax sciadophylloides,ウコギ科,ARALIACEAE,コシアブラ属,Chengiopanax,落葉高木,7～10 m（大きいものは20 m）,8～9月,北海道・本州・四国・九州に分布する日本特産種,冷温帯林,,,592,日本の野生植物 第2巻,297,原PDF画像目視確認＋macOS Vision OCR補助＋手動要約,include,コシアプラ,原PDFの番号付き種解説と本文境界を画像で再確認。客観的な生活形・高さ・花期・分布・生育地のみを短く収録し、用途・主観・他種本文・属概説の混入を除外。 既存のOCR誤名fact行「コシアプラ」を正名「コシアブラ」へ置換対象と判定。
wildplants-vol2-coverage-0359,volume2_full_heading_reconciliation,2,日本の野生植物 2- ミゾハコベ科～スイカズラ科 ―フィールド版―改訂新版.pdf,2d104638c72cbfc58f17ab38223bce3d7798f72abc2d14fa4495a3a7546f3b12,2026-07-12,ヒメウコギ,Eleutherococcus sieboldianus,ウコギ科,ARALIACEAE,ウコギ属,Eleutherococcus,落葉低木,1.5～2 m,5～6月,中国安徽省原産で、栽培され、ときに野生化する,,,,593,日本の野生植物 第2巻,297,原PDF画像目視確認＋macOS Vision OCR補助＋手動要約,include,,原PDFの番号付き種解説と本文境界を画像で再確認。客観的な生活形・高さ・花期・分布・生育地のみを短く収録し、用途・主観・他種本文・属概説の混入を除外。
wildplants-vol2-coverage-0360,volume2_full_heading_reconciliation,2,日本の野生植物 2- ミゾハコベ科～スイカズラ科 ―フィールド版―改訂新版.pdf,2d104638c72cbfc58f17ab38223bce3d7798f72abc2d14fa4495a3a7546f3b12,2026-07-12,トチバニンジン,Panax japonicus var. japonicus,ウコギ科,ARALIACEAE,トチバニンジン属,Panax,多年草,50～80 cm,6～8月,北海道～九州、中国中部・西部,山地の林下,,,597,日本の野生植物 第2巻,299,原PDF画像目視確認＋macOS Vision OCR補助＋手動要約,include,,原PDFの番号付き種解説と本文境界を画像で再確認。客観的な生活形・高さ・花期・分布・生育地のみを短く収録し、用途・主観・他種本文・属概説の混入を除外。
wildplants-vol2-coverage-0361,volume2_full_heading_reconciliation,2,日本の野生植物 2- ミゾハコベ科～スイカズラ科 ―フィールド版―改訂新版.pdf,2d104638c72cbfc58f17ab38223bce3d7798f72abc2d14fa4495a3a7546f3b12,2026-07-12,ウマノミツバ,Sanicula chinensis,セリ科,APIACEAE,ウマノミツバ属,Sanicula,多年草,30～120 cm,7～9月,日本全土、朝鮮半島・中国・ウスリー・千島列島・サハリン,山林下,,,601,日本の野生植物 第2巻,301,原PDF画像目視確認＋macOS Vision OCR補助＋手動要約,include,ウマノミツパ,原PDFの番号付き種解説と本文境界を画像で再確認。客観的な生活形・高さ・花期・分布・生育地のみを短く収録し、用途・主観・他種本文・属概説の混入を除外。 既存のOCR誤名fact行「ウマノミツパ」を正名「ウマノミツバ」へ置換対象と判定。
wildplants-vol2-coverage-0362,volume2_full_heading_reconciliation,2,日本の野生植物 2- ミゾハコベ科～スイカズラ科 ―フィールド版―改訂新版.pdf,2d104638c72cbfc58f17ab38223bce3d7798f72abc2d14fa4495a3a7546f3b12,2026-07-12,ヒメウマノミツバ,Sanicula lamelligera var. lamelligera,セリ科,APIACEAE,ウマノミツバ属,Sanicula,多年草,6～30 cm,5月頃,屋久島～琉球、中国中南部・台湾,山地の谷間,,,601,日本の野生植物 第2巻,301,原PDF画像目視確認＋macOS Vision OCR補助＋手動要約,include,ヒメウマノミツパ,原PDFの番号付き種解説と本文境界を画像で再確認。客観的な生活形・高さ・花期・分布・生育地のみを短く収録し、用途・主観・他種本文・属概説の混入を除外。 既存のOCR誤名fact行「ヒメウマノミツパ」を正名「ヒメウマノミツバ」へ置換対象と判定。
wildplants-vol2-coverage-0363,volume2_full_heading_reconciliation,2,日本の野生植物 2- ミゾハコベ科～スイカズラ科 ―フィールド版―改訂新版.pdf,2d104638c72cbfc58f17ab38223bce3d7798f72abc2d14fa4495a3a7546f3b12,2026-07-12,ヤマナシウマノミツバ,,,,,,,,,,,,,600,日本の野生植物 第2巻,301,原PDF画像目視確認＋macOS Vision OCR補助,exclude,,原PDFで検索表の重複見出し、または他種解説内の変種・品種の記載であり、独立した番号付き種解説ではないため除外。
wildplants-vol2-coverage-0364,volume2_full_heading_reconciliation,2,日本の野生植物 2- ミゾハコベ科～スイカズラ科 ―フィールド版―改訂新版.pdf,2d104638c72cbfc58f17ab38223bce3d7798f72abc2d14fa4495a3a7546f3b12,2026-07-12,エゾノヨロイグサ,,,,,,,,,,,,,602,日本の野生植物 第2巻,302,原PDF画像目視確認＋macOS Vision OCR補助,exclude,,原PDFで検索表の重複見出し、または他種解説内の変種・品種の記載であり、独立した番号付き種解説ではないため除外。
wildplants-vol2-coverage-0365,volume2_full_heading_reconciliation,2,日本の野生植物 2- ミゾハコベ科～スイカズラ科 ―フィールド版―改訂新版.pdf,2d104638c72cbfc58f17ab38223bce3d7798f72abc2d14fa4495a3a7546f3b12,2026-07-12,ミヤマノダケ,,,,,,,,,,,,,602,日本の野生植物 第2巻,302,原PDF画像目視確認＋macOS Vision OCR補助,exclude,,原PDFで検索表の重複見出し、または他種解説内の変種・品種の記載であり、独立した番号付き種解説ではないため除外。
wildplants-vol2-coverage-0366,volume2_full_heading_reconciliation,2,日本の野生植物 2- ミゾハコベ科～スイカズラ科 ―フィールド版―改訂新版.pdf,2d104638c72cbfc58f17ab38223bce3d7798f72abc2d14fa4495a3a7546f3b12,2026-07-12,ヨロイグサ,,,,,,,,,,,,,602,日本の野生植物 第2巻,302,原PDF画像目視確認＋macOS Vision OCR補助,exclude,,原PDFで検索表の重複見出し、または他種解説内の変種・品種の記載であり、独立した番号付き種解説ではないため除外。
wildplants-vol2-coverage-0367,volume2_full_heading_reconciliation,2,日本の野生植物 2- ミゾハコベ科～スイカズラ科 ―フィールド版―改訂新版.pdf,2d104638c72cbfc58f17ab38223bce3d7798f72abc2d14fa4495a3a7546f3b12,2026-07-12,カワゼンゴ,Angelica tenuisecta,セリ科,APIACEAE,シシウド属,Angelica,,,,紀伊半島南部,川岸,,,604,日本の野生植物 第2巻,303,原PDF画像目視確認＋macOS Vision OCR補助＋手動要約,include,,原PDFの番号付き種解説と本文境界を画像で再確認。客観的な生活形・高さ・花期・分布・生育地のみを短く収録し、用途・主観・他種本文・属概説の混入を除外。
wildplants-vol2-coverage-0368,volume2_full_heading_reconciliation,2,日本の野生植物 2- ミゾハコベ科～スイカズラ科 ―フィールド版―改訂新版.pdf,2d104638c72cbfc58f17ab38223bce3d7798f72abc2d14fa4495a3a7546f3b12,2026-07-12,イブキボウフウ,Libanotis coreana var. coreana,セリ科,APIACEAE,イブキボウフウ属,Libanotis,多年草,30～120 cm,8～9月,北海道・本州（近畿以東）、朝鮮半島南部,日当たりのよい山地草原,,,608,日本の野生植物 第2巻,305,原PDF画像目視確認＋macOS Vision OCR補助＋手動要約,include,イプキボウフウ,原PDFの番号付き種解説と本文境界を画像で再確認。客観的な生活形・高さ・花期・分布・生育地のみを短く収録し、用途・主観・他種本文・属概説の混入を除外。 既存のOCR誤名fact行「イプキボウフウ」を正名「イブキボウフウ」へ置換対象と判定。
wildplants-vol2-coverage-0369,volume2_full_heading_reconciliation,2,日本の野生植物 2- ミゾハコベ科～スイカズラ科 ―フィールド版―改訂新版.pdf,2d104638c72cbfc58f17ab38223bce3d7798f72abc2d14fa4495a3a7546f3b12,2026-07-12,タニミツバ,,,,,,,,,,,,,611,日本の野生植物 第2巻,306,原PDF画像目視確認＋macOS Vision OCR補助,exclude,,既存plant_profilesまたはparser-miss監査で正名の種解説を収録済みのため重複除外。
wildplants-vol2-coverage-0370,volume2_full_heading_reconciliation,2,日本の野生植物 2- ミゾハコベ科～スイカズラ科 ―フィールド版―改訂新版.pdf,2d104638c72cbfc58f17ab38223bce3d7798f72abc2d14fa4495a3a7546f3b12,2026-07-12,ミツバグサ,,,,,,,,,,,,,610,日本の野生植物 第2巻,306,原PDF画像目視確認＋macOS Vision OCR補助,exclude,,既存plant_profilesまたはparser-miss監査で正名の種解説を収録済みのため重複除外。
wildplants-vol2-coverage-0371,volume2_full_heading_reconciliation,2,日本の野生植物 2- ミゾハコベ科～スイカズラ科 ―フィールド版―改訂新版.pdf,2d104638c72cbfc58f17ab38223bce3d7798f72abc2d14fa4495a3a7546f3b12,2026-07-12,ミヤマウイキョウ,Tilingia tachiroei,セリ科,APIACEAE,シラネニンジン属,Tilingia,多年草,10～30 cm,8～9月,北海道・本州中部以北・四国、朝鮮半島・中国東北部,高山の岩石地,,,612,日本の野生植物 第2巻,307,原PDF画像目視確認＋macOS Vision OCR補助＋手動要約,include,,原PDFの番号付き種解説と本文境界を画像で再確認。客観的な生活形・高さ・花期・分布・生育地のみを短く収録し、用途・主観・他種本文・属概説の混入を除外。
wildplants-vol2-coverage-0372,volume2_full_heading_reconciliation,2,日本の野生植物 2- ミゾハコベ科～スイカズラ科 ―フィールド版―改訂新版.pdf,2d104638c72cbfc58f17ab38223bce3d7798f72abc2d14fa4495a3a7546f3b12,2026-07-12,ヤブジラミ,,,,,,,,,,,,,612,日本の野生植物 第2巻,307,原PDF画像目視確認＋macOS Vision OCR補助,exclude,,既存plant_profilesまたはparser-miss監査で正名の種解説を収録済みのため重複除外。
wildplants-vol2-coverage-0373,volume2_full_heading_reconciliation,2,日本の野生植物 2- ミゾハコベ科～スイカズラ科 ―フィールド版―改訂新版.pdf,2d104638c72cbfc58f17ab38223bce3d7798f72abc2d14fa4495a3a7546f3b12,2026-07-12,オオシマガマズミ,Viburnum tashiroi,ガマズミ科,VIBURNACEAE,ガマズミ属,Viburnum,落葉小高木,3～5 m,3月下旬～4月,奄美諸島に固有,,,,619,日本の野生植物 第2巻,310,原PDF画像目視確認＋macOS Vision OCR補助＋手動要約,include,,原PDFの番号付き種解説と本文境界を画像で再確認。客観的な生活形・高さ・花期・分布・生育地のみを短く収録し、用途・主観・他種本文・属概説の混入を除外。
wildplants-vol2-coverage-0374,volume2_full_heading_reconciliation,2,日本の野生植物 2- ミゾハコベ科～スイカズラ科 ―フィールド版―改訂新版.pdf,2d104638c72cbfc58f17ab38223bce3d7798f72abc2d14fa4495a3a7546f3b12,2026-07-12,ガマズミ,Viburnum dilatatum,ガマズミ科,VIBURNACEAE,ガマズミ属,Viburnum,落葉低木,最大5 m,5月下旬～6月,北海道西南部・本州・四国・九州（種子島まで）、朝鮮半島・中国,標高10～1500 mの丘陵地・山地,,,619,日本の野生植物 第2巻,310,原PDF画像目視確認＋macOS Vision OCR補助＋手動要約,include,,原PDFの番号付き種解説と本文境界を画像で再確認。客観的な生活形・高さ・花期・分布・生育地のみを短く収録し、用途・主観・他種本文・属概説の混入を除外。
wildplants-vol2-coverage-0375,volume2_full_heading_reconciliation,2,日本の野生植物 2- ミゾハコベ科～スイカズラ科 ―フィールド版―改訂新版.pdf,2d104638c72cbfc58f17ab38223bce3d7798f72abc2d14fa4495a3a7546f3b12,2026-07-12,コバノガマズミ,Viburnum erosum var. erosum,ガマズミ科,VIBURNACEAE,ガマズミ属,Viburnum,落葉低木,1～4 m,4～6月,本州（関東以西の太平洋側）・四国・九州,標高50～1300 mの丘陵地・山地,,,618,日本の野生植物 第2巻,310,原PDF画像目視確認＋macOS Vision OCR補助＋手動要約,include,,原PDFの番号付き種解説と本文境界を画像で再確認。客観的な生活形・高さ・花期・分布・生育地のみを短く収録し、用途・主観・他種本文・属概説の混入を除外。
wildplants-vol2-coverage-0376,volume2_full_heading_reconciliation,2,日本の野生植物 2- ミゾハコベ科～スイカズラ科 ―フィールド版―改訂新版.pdf,2d104638c72cbfc58f17ab38223bce3d7798f72abc2d14fa4495a3a7546f3b12,2026-07-12,ハクサンボク,Viburnum japonicum var. japonicum,ガマズミ科,VIBURNACEAE,ガマズミ属,Viburnum,常緑低木または小高木,1.5～6 m,3～5月,本州（伊豆半島・伊豆諸島・愛知県・山口県）・九州・琉球、朝鮮半島南西部・台湾北部,海岸～標高800 mの暖温帯林,,,618,日本の野生植物 第2巻,310,原PDF画像目視確認＋macOS Vision OCR補助＋手動要約,include,,原PDFの番号付き種解説と本文境界を画像で再確認。客観的な生活形・高さ・花期・分布・生育地のみを短く収録し、用途・主観・他種本文・属概説の混入を除外。
wildplants-vol2-coverage-0377,volume2_full_heading_reconciliation,2,日本の野生植物 2- ミゾハコベ科～スイカズラ科 ―フィールド版―改訂新版.pdf,2d104638c72cbfc58f17ab38223bce3d7798f72abc2d14fa4495a3a7546f3b12,2026-07-12,ミヤマガマズミ,,,,,,,,,,,,,618,日本の野生植物 第2巻,310,原PDF画像目視確認＋macOS Vision OCR補助,exclude,,既存plant_profilesまたはparser-miss監査で正名の種解説を収録済みのため重複除外。
wildplants-vol2-coverage-0378,volume2_full_heading_reconciliation,2,日本の野生植物 2- ミゾハコベ科～スイカズラ科 ―フィールド版―改訂新版.pdf,2d104638c72cbfc58f17ab38223bce3d7798f72abc2d14fa4495a3a7546f3b12,2026-07-12,ベニバナノツクバネウツギ,,,,,,,,,,,,,621,日本の野生植物 第2巻,311,原PDF画像目視確認＋macOS Vision OCR補助,exclude,,原PDFで検索表の重複見出し、または他種解説内の変種・品種の記載であり、独立した番号付き種解説ではないため除外。
wildplants-vol2-coverage-0379,volume2_full_heading_reconciliation,2,日本の野生植物 2- ミゾハコベ科～スイカズラ科 ―フィールド版―改訂新版.pdf,2d104638c72cbfc58f17ab38223bce3d7798f72abc2d14fa4495a3a7546f3b12,2026-07-12,スイカズラ,Lonicera japonica var. japonica,スイカズラ科,CAPRIFOLIACEAE,スイカズラ属,Lonicera,木質つる性植物,,5～7月,北海道（渡島半島南端）・本州・四国・九州・琉球、台湾・朝鮮半島・中国に分布し、ヨーロッパ・北アメリカ・マレーシアに帰化,,,,623,日本の野生植物 第2巻,312,原PDF画像目視確認＋macOS Vision OCR補助＋手動要約,include,,原PDFの番号付き種解説と本文境界を画像で再確認。客観的な生活形・高さ・花期・分布・生育地のみを短く収録し、用途・主観・他種本文・属概説の混入を除外。
wildplants-vol2-coverage-0380,volume2_full_heading_reconciliation,2,日本の野生植物 2- ミゾハコベ科～スイカズラ科 ―フィールド版―改訂新版.pdf,2d104638c72cbfc58f17ab38223bce3d7798f72abc2d14fa4495a3a7546f3b12,2026-07-12,ウスバヒョウタンボク,,,,,,,,,,,,,625,日本の野生植物 第2巻,313,原PDF画像目視確認＋macOS Vision OCR補助,exclude,,既存plant_profilesまたはparser-miss監査で正名の種解説を収録済みのため重複除外。
wildplants-vol2-coverage-0381,volume2_full_heading_reconciliation,2,日本の野生植物 2- ミゾハコベ科～スイカズラ科 ―フィールド版―改訂新版.pdf,2d104638c72cbfc58f17ab38223bce3d7798f72abc2d14fa4495a3a7546f3b12,2026-07-12,ネムロブシダマ,Lonicera chrysantha,スイカズラ科,CAPRIFOLIACEAE,スイカズラ属,Lonicera,落葉低木,2～3 m,5～6月,南千島・北海道東部、朝鮮半島・サハリン・中国北部・モンゴル・アムール地方,,,,624,日本の野生植物 第2巻,313,原PDF画像目視確認＋macOS Vision OCR補助＋手動要約,include,ネムロプシダマ,原PDFの番号付き種解説と本文境界を画像で再確認。客観的な生活形・高さ・花期・分布・生育地のみを短く収録し、用途・主観・他種本文・属概説の混入を除外。 既存のOCR誤名fact行「ネムロプシダマ」を正名「ネムロブシダマ」へ置換対象と判定。
wildplants-vol2-coverage-0382,volume2_full_heading_reconciliation,2,日本の野生植物 2- ミゾハコベ科～スイカズラ科 ―フィールド版―改訂新版.pdf,2d104638c72cbfc58f17ab38223bce3d7798f72abc2d14fa4495a3a7546f3b12,2026-07-12,チシマキンレイカ,Patrinia sibirica,スイカズラ科,CAPRIFOLIACEAE,オミナエシ属,Patrinia,多年草,,6～8月,南千島・北海道、千島列島・サハリン・モンゴル・シベリア東部,高山・北方の礫地,,,627,日本の野生植物 第2巻,314,原PDF画像目視確認＋macOS Vision OCR補助＋手動要約,include,,原PDFの番号付き種解説と本文境界を画像で再確認。客観的な生活形・高さ・花期・分布・生育地のみを短く収録し、用途・主観・他種本文・属概説の混入を除外。
wildplants-vol2-coverage-0383,volume2_full_heading_reconciliation,2,日本の野生植物 2- ミゾハコベ科～スイカズラ科 ―フィールド版―改訂新版.pdf,2d104638c72cbfc58f17ab38223bce3d7798f72abc2d14fa4495a3a7546f3b12,2026-07-12,キバナウツギ,Weigela maximowiczii,スイカズラ科,CAPRIFOLIACEAE,タニウツギ属,Weigela,落葉低木,2～3 m,4～6月,本州北中部（北限は秋田県太平山、西限は長野県南部）,深山,,,629,日本の野生植物 第2巻,315,原PDF画像目視確認＋macOS Vision OCR補助＋手動要約,include,キバナウッギ,原PDFの番号付き種解説と本文境界を画像で再確認。客観的な生活形・高さ・花期・分布・生育地のみを短く収録し、用途・主観・他種本文・属概説の混入を除外。 既存のOCR誤名fact行「キバナウッギ」を正名「キバナウツギ」へ置換対象と判定。
wildplants-vol2-coverage-0384,volume2_full_heading_reconciliation,2,日本の野生植物 2- ミゾハコベ科～スイカズラ科 ―フィールド版―改訂新版.pdf,2d104638c72cbfc58f17ab38223bce3d7798f72abc2d14fa4495a3a7546f3b12,2026-07-12,ツルカノコソウ,Valeriana flaccidissima,スイカズラ科,CAPRIFOLIACEAE,カノコソウ属,Valeriana,多年草,,4～5月,本州～九州、台湾・中国,山地の木陰,,,628,日本の野生植物 第2巻,315,原PDF画像目視確認＋macOS Vision OCR補助＋手動要約,include,,原PDFの番号付き種解説と本文境界を画像で再確認。客観的な生活形・高さ・花期・分布・生育地のみを短く収録し、用途・主観・他種本文・属概説の混入を除外。
wildplants-vol2-coverage-0385,volume2_full_heading_reconciliation,2,日本の野生植物 2- ミゾハコベ科～スイカズラ科 ―フィールド版―改訂新版.pdf,2d104638c72cbfc58f17ab38223bce3d7798f72abc2d14fa4495a3a7546f3b12,2026-07-12,ヤブウツギ,Weigela floribunda,スイカズラ科,CAPRIFOLIACEAE,タニウツギ属,Weigela,落葉低木,,5～6月,東京以西の太平洋側～山口県・四国,低い山地,,,629,日本の野生植物 第2巻,315,原PDF画像目視確認＋macOS Vision OCR補助＋手動要約,include,,原PDFの番号付き種解説と本文境界を画像で再確認。客観的な生活形・高さ・花期・分布・生育地のみを短く収録し、用途・主観・他種本文・属概説の混入を除外。
wildplants-vol2-coverage-0386,volume2_full_heading_reconciliation,2,日本の野生植物 2- ミゾハコベ科～スイカズラ科 ―フィールド版―改訂新版.pdf,2d104638c72cbfc58f17ab38223bce3d7798f72abc2d14fa4495a3a7546f3b12,2026-07-12,タニウツギ,,,,,,,,,,,,,630,日本の野生植物 第2巻,316,原PDF画像目視確認＋macOS Vision OCR補助,exclude,,既存plant_profilesまたはparser-miss監査で正名の種解説を収録済みのため重複除外。
