audit_id,insect_id,current_japanese_name,source_japanese_name,canonical_reference,pdf_file,source_pdf_sha256,ocr_sha256,pdf_page,printed_page,emergence,host_plants,ecology,source_taxon,legacy_japanese_name,legacy_scientific_name,legacy_route_name,decision,reviewed_on,review_note,merge_into_insect_id
kamikiri-2007-sybra-ordinata-ordinata,species-22625,アヤモンチビカミキリ 基亜種,アヤモンチビカミキリ,日本産カミキリムシ,日本産カミキリムシ_compressed.pdf,52299895c14c1fd1c74279dca00f6fd9ba64d36d69e3bf3dd9c3a29a92802e77,efb17b5912fbb2c144dab4d99924dbc341e8f64054be7909dd7818cad155bef2,103,539,3〜10月,アコウ|クワ科;ガジュマル|クワ科;イヌビワ|クワ科;トベラ|トベラ科;カラスザンショウ|ミカン科,成虫はクワ科植物の枯枝に多く見られる。早春にもよく見かけることから、成虫越冬すると考えられている。,Sybra (Sybra) ordinata ordinata,,,,include,2026-07-11,種群共通の生態記述は冊子p.539にある。,
kamikiri-2007-sybra-ordinata-tokara,species-22632,アヤモンチビカミキリ 吐噶喇亜種,トカラアヤモンチビカミキリ,日本産カミキリムシ,日本産カミキリムシ_compressed.pdf,52299895c14c1fd1c74279dca00f6fd9ba64d36d69e3bf3dd9c3a29a92802e77,efb17b5912fbb2c144dab4d99924dbc341e8f64054be7909dd7818cad155bef2,103,539,4〜9月,アコウ|クワ科;ガジュマル|クワ科,成虫はクワ科植物の枯枝に多く見られる。早春にもよく見かけることから、成虫越冬すると考えられている。,Sybra (Sybra) ordinata tokara,,,,include,2026-07-11,原典名と現行和名の地名表記を照合した。,
kamikiri-2007-sybra-ordinata-subtesselata,species-22631,アヤモンチビカミキリ 奄美亜種,アマミアヤモンチビカミキリ,日本産カミキリムシ,日本産カミキリムシ_compressed.pdf,52299895c14c1fd1c74279dca00f6fd9ba64d36d69e3bf3dd9c3a29a92802e77,efb17b5912fbb2c144dab4d99924dbc341e8f64054be7909dd7818cad155bef2,103-104,539-540,3〜10月,アコウ|クワ科;ガジュマル|クワ科;ヤマグワ|クワ科;イヌビワ|クワ科;アカメガシワ|トウダイグサ科;ハゼノキ|ウルシ科,成虫はクワ科植物の枯枝に多く見られる。早春にもよく見かけることから、成虫越冬すると考えられている。,Sybra (Sybra) ordinata subtesselata,,,,include,2026-07-11,寄主欄が冊子p.539からp.540へ続くため両ページを目視確認した。,
kamikiri-2007-sybra-ordinata-okinoerabuensis,species-22630,アヤモンチビカミキリ 沖永良部島亜種,オキノエラブアヤモンチビカミキリ,日本産カミキリムシ,日本産カミキリムシ_compressed.pdf,52299895c14c1fd1c74279dca00f6fd9ba64d36d69e3bf3dd9c3a29a92802e77,efb17b5912fbb2c144dab4d99924dbc341e8f64054be7909dd7818cad155bef2,104,540,4〜10月,アコウ|クワ科;ガジュマル|クワ科;イヌビワ|クワ科;ヤマグワ|クワ科,成虫はクワ科植物の枯枝に多く見られる。早春にもよく見かけることから、成虫越冬すると考えられている。,Sybra (Sybra) ordinata okinoerabuensis,,,,include,2026-07-11,原典名と現行和名の地名表記を照合した。,
kamikiri-2007-sybra-ordinata-loochooana,species-22628,アヤモンチビカミキリ 沖縄亜種,オキナワアヤモンチビカミキリ,日本産カミキリムシ,日本産カミキリムシ_compressed.pdf,52299895c14c1fd1c74279dca00f6fd9ba64d36d69e3bf3dd9c3a29a92802e77,efb17b5912fbb2c144dab4d99924dbc341e8f64054be7909dd7818cad155bef2,104,540,3〜12月,アコウ|クワ科;ガジュマル|クワ科;イヌビワ|クワ科;ヤマグワ|クワ科;アカメガシワ|トウダイグサ科;ウラジロエノキ|アサ科,成虫はクワ科植物の枯枝に多く見られる。早春にもよく見かけることから、成虫越冬すると考えられている。,Sybra (Sybra) ordinata loochooana,,,,include,2026-07-11,原典のウラジロエノキはニレ科表記だが現行サイトの分類に合わせてアサ科とした。,
kamikiri-2007-sybra-flavostriata-flavostriata,species-22626,ヤエヤマアヤモンチビカミキリ 基亜種,ヤエヤマアヤモンチビカミキリ,日本産カミキリムシ,日本産カミキリムシ_compressed.pdf,52299895c14c1fd1c74279dca00f6fd9ba64d36d69e3bf3dd9c3a29a92802e77,efb17b5912fbb2c144dab4d99924dbc341e8f64054be7909dd7818cad155bef2,104,540,1〜12月,アコウ|クワ科;ガジュマル|クワ科;イヌビワ|クワ科;ヤマグワ|クワ科;アカメガシワ|トウダイグサ科;ヤエヤマコクタン|カキノキ科,成虫はクワ科植物の枯枝に多く見られ、一年を通して確認できる。,Sybra (Sybra) flavostriata flavostriata,,,,include,2026-07-11,原典では別種扱いだが現行目録ではSybra ordinataの亜種として対応する。,
kamikiri-2007-sybra-flavostriata-miyakojimana,species-22629,ミヤコアヤモンチビカミキリ,ミヤコアヤモンチビカミキリ,日本産カミキリムシ,日本産カミキリムシ_compressed.pdf,52299895c14c1fd1c74279dca00f6fd9ba64d36d69e3bf3dd9c3a29a92802e77,efb17b5912fbb2c144dab4d99924dbc341e8f64054be7909dd7818cad155bef2,104,540-541,1〜12月,アコウ|クワ科;ガジュマル|クワ科;ヤマグワ|クワ科;オオハマボウ|アオイ科;クロヨナ|マメ科,成虫はクワ科植物の枯枝に多く見られ、一年を通して確認できる。,Sybra (Sybra) flavostriata miyakojimana,,,,include,2026-07-11,寄主欄が冊子p.540からp.541へ続くため両ページを目視確認した。,
kamikiri-a-001,species-22464,ムネツヤサビカミキリ,ムネツヤサビカミキリ,日本産カミキリムシ,日本産カミキリムシ_compressed.pdf,52299895c14c1fd1c74279dca00f6fd9ba64d36d69e3bf3dd9c3a29a92802e77,efb17b5912fbb2c144dab4d99924dbc341e8f64054be7909dd7818cad155bef2,7,347,7〜8月,エゾマツ|マツ科,成虫は灯火に飛来するが、あまり多くない。,"Arhopalus rusticus (Linnaeus, 1758)",,,,include,2026-07-11,p.346からp.347上段へ続く同一種の記述を目視確認。次種シカクムネサビカミキリの情報は含めていない。,
kamikiri-a-002,species-22474,トドマツカミキリ,トドマツカミキリ,日本産カミキリムシ,日本産カミキリムシ_compressed.pdf,52299895c14c1fd1c74279dca00f6fd9ba64d36d69e3bf3dd9c3a29a92802e77,efb17b5912fbb2c144dab4d99924dbc341e8f64054be7909dd7818cad155bef2,8-9,350,5〜8月,マツ科各種|マツ科,成虫は針葉樹の新しい伐採木などに見られる。,"Tetropium castaneum (Linnaeus, 1758)",,,,include,2026-07-11,見出しはp.349下段、記述本文は次のPDFページのp.350上段へ続く。ツヤナシトドマツカミキリの情報は除外。,
kamikiri-a-003,species-22477,カラマツカミキリ,カラマツカミキリ,日本産カミキリムシ,日本産カミキリムシ_compressed.pdf,52299895c14c1fd1c74279dca00f6fd9ba64d36d69e3bf3dd9c3a29a92802e77,efb17b5912fbb2c144dab4d99924dbc341e8f64054be7909dd7818cad155bef2,9,351,5〜8月,カラマツ|マツ科,成虫はカラマツの天然林の生木に見られ、樹皮下に潜むことがある。低標高地のカラマツ造林地でも確認されている。,"Tetropium morishimaorum Kusama & Takakuwa, 1984",,,,include,2026-07-11,p.350下段からp.351上段へ続く同一種の記述を目視確認。後続のホソトドマツカミキリを除外。,
kamikiri-a-004,species-22458,モモグロハナカミキリ,モモグロハナカミキリ,日本産カミキリムシ,日本産カミキリムシ_compressed.pdf,52299895c14c1fd1c74279dca00f6fd9ba64d36d69e3bf3dd9c3a29a92802e77,efb17b5912fbb2c144dab4d99924dbc341e8f64054be7909dd7818cad155bef2,12,356,5〜8月,,花を訪れることもあるが、葉上に止まることが多い。蛹が1月中旬から採集された例がある。室内ではユキノシタ科アスチルベ属のトリアシショウマや園芸種の葉裏への産卵と、孵化幼虫による根際から根茎中への食入が確認されている。寄主植物は未知とされる。,"Toxotinus reinii (Heyden, 1879)",,,,include,2026-07-11,対象ブロックは目視確認済みで隣種混入なし。Heydenの原記載（Deutsche Entomologische Zeitschrift 23:359）と現行カタログの訂正資料で1879年を確認し、現行CSVの1878年を訂正する。,
kamikiri-a-005,species-22445,キベリカタビロハナカミキリ,キベリカタビロハナカミキリ,日本産カミキリムシ,日本産カミキリムシ_compressed.pdf,52299895c14c1fd1c74279dca00f6fd9ba64d36d69e3bf3dd9c3a29a92802e77,efb17b5912fbb2c144dab4d99924dbc341e8f64054be7909dd7818cad155bef2,13,358,6〜8月,モミ|マツ科;オオシラビソ|マツ科;ツガ|マツ科;トウヒ|マツ科;カラマツ|マツ科,シシウド、ノリウツギ、アマニュウ、リョウブなどの花に集まり、寄主植物の立枯木や伐採木に飛来する。新成虫が土中から出ることと、根際の樹皮部に幼虫がいることが観察されている。,"Pachyta erebia Bates, 1884",,,,include,2026-07-11,現行分類のProrhagium erebiaに対応する原典見出しを目視確認。後段の九州個体群・別種記載に関する分類学的説明から生態値を追加していない。,
kamikiri-a-006,species-22443,ピックニセハムシハナカミキリ,ピックニセハムシハナカミキリ,日本産カミキリムシ,日本産カミキリムシ_compressed.pdf,52299895c14c1fd1c74279dca00f6fd9ba64d36d69e3bf3dd9c3a29a92802e77,efb17b5912fbb2c144dab4d99924dbc341e8f64054be7909dd7818cad155bef2,15,363,5〜6月,,カエデ類やノリウツギなどの花に集まる。クリとミズキへの成虫の来集が観察されている。寄主植物は未知とされる。,"Lemula rufithorax Pic, 1901",,,,include,2026-07-11,クリ・ミズキは成虫の来集記録であり、寄主植物とは扱っていない。前後のニセハムシハナカミキリ類の情報を除外。,
kamikiri-a-007,species-22444,アカムネハナカミキリ,アカムネハナカミキリ,日本産カミキリムシ,日本産カミキリムシ_compressed.pdf,52299895c14c1fd1c74279dca00f6fd9ba64d36d69e3bf3dd9c3a29a92802e77,efb17b5912fbb2c144dab4d99924dbc341e8f64054be7909dd7818cad155bef2,16,365,7月,,低木層にクロツバラが優占する森林で、低木や下草に止まる個体が採集される。クロツバラの生木の根際への産卵が観察されている。寄主植物は未知とされる。,"Macropidonia ruficollis Pic, 1902",,,,include,2026-07-11,同じ段落後半の別種M. bicolorに関するアズキナシ・幼虫生態は除外。原典見出しは1902だが原記載号（Bulletin du Muséum 7:340）と現行カタログで1901年を確認し、現行CSVの1901年を保持する。,
kamikiri-a-008,species-22427,ナガバヒメハナカミキリ,ナガバヒメハナカミキリ,日本産カミキリムシ,日本産カミキリムシ_compressed.pdf,52299895c14c1fd1c74279dca00f6fd9ba64d36d69e3bf3dd9c3a29a92802e77,efb17b5912fbb2c144dab4d99924dbc341e8f64054be7909dd7818cad155bef2,18,368,5〜7月,シデ類|カバノキ科,低山地から山地の落葉広葉樹林に見られるが、ブナ帯では少ない。カエデ類、コゴメウツギ、ニシキウツギ、カンボクなどの花に集まり、シデ類への成虫の来集も観察されている。,"Pidonia (Pidonia) signifera (Bates, 1884)",,,,include,2026-07-11,現行分類のPseudopidonia signiferaに対応する原典ブロックを目視確認。次種ホクリクヒメハナカミキリを除外。,
kamikiri-a-009,species-22372,オヤマヒメハナカミキリ,オヤマヒメハナカミキリ,日本産カミキリムシ,日本産カミキリムシ_compressed.pdf,52299895c14c1fd1c74279dca00f6fd9ba64d36d69e3bf3dd9c3a29a92802e77,efb17b5912fbb2c144dab4d99924dbc341e8f64054be7909dd7818cad155bef2,25,383,6〜8月,,針葉樹林帯、または上部に針葉樹林帯があるブナ帯上部に現れる。陰性が強く、林内のヤグルマソウ、オニシモツケ、ヤマブキショウマなど、とくに草本の花に集まり、日向の花は好まない。寄主植物は未知とされる。,"Pidonia (Paleopidonia) oyamae (Oyama, 1908)",,,,include,2026-07-11,p.382下段からp.383上段へ続く同一種の記述を目視確認。チュウジョウヒメハナカミキリを除外。,
kamikiri-a-010,species-22202,ルリハナカミキリ,ルリハナカミキリ,日本産カミキリムシ,日本産カミキリムシ_compressed.pdf,52299895c14c1fd1c74279dca00f6fd9ba64d36d69e3bf3dd9c3a29a92802e77,efb17b5912fbb2c144dab4d99924dbc341e8f64054be7909dd7818cad155bef2,30,393,6〜8月,ミズナラ|ブナ科,ノリウツギ、ショウマ、シシウドなどの花に集まる。極東ロシアではニレ属、コナラ属、カエデ属などが寄主植物として知られる。,"Anoploderomorpha cyanea (Gebler, 1832)",,,,include,2026-07-11,p.392下段からp.393上段へ続く同一種の記述を目視確認。前種クロルリハナカミキリと後続属の情報を除外。,
kamikiri-a-011,species-22227,シララカハナカミキリ,シララカハナカミキリ,日本産カミキリムシ,日本産カミキリムシ_compressed.pdf,52299895c14c1fd1c74279dca00f6fd9ba64d36d69e3bf3dd9c3a29a92802e77,efb17b5912fbb2c144dab4d99924dbc341e8f64054be7909dd7818cad155bef2,32,397,7〜8月,,ウド類やショウマ類の花に集まる。極東ロシアでは各種針葉樹に寄生し、雌はその枯死木や切り株の根や地際近くの幹に産卵する。寄主植物は未知とされる。,"Judolia parallelopipeda (Motschulsky, 1860)",,,,include,2026-07-11,p.396下段からp.397上段へ続く同一種の記述を目視確認。海外の寄生記録は生態欄に限定し、日本の寄主植物欄は空欄とした。,
kamikiri-a-012,species-22301,イガブチヒゲハナカミキリ,イガブチヒゲハナカミキリ,日本産カミキリムシ,日本産カミキリムシ_compressed.pdf,52299895c14c1fd1c74279dca00f6fd9ba64d36d69e3bf3dd9c3a29a92802e77,efb17b5912fbb2c144dab4d99924dbc341e8f64054be7909dd7818cad155bef2,34,401,7〜8月,ウラジロモミ|マツ科;トウヒ|マツ科;サワラ|ヒノキ科;アスナロ|ヒノキ科;ヒノキアスナロ|ヒノキ科,ノリウツギやリョウブなどの花に集まるが、個体数は少ない。幼虫はマツ科・ヒノキ科などの生木の空洞等の枯死部に寄生する。,"Stictoleptura igai (Tamanuki, 1942)",,,,include,2026-07-11,p.400下段の見出しからp.401上段へ続く同一種を目視確認。前種ブチヒゲハナカミキリと次種ヒメアカハナカミキリを除外。,
kamikiri-a-013,species-22302,ヒメアカハナカミキリ,ヒメアカハナカミキリ,日本産カミキリムシ,日本産カミキリムシ_compressed.pdf,52299895c14c1fd1c74279dca00f6fd9ba64d36d69e3bf3dd9c3a29a92802e77,efb17b5912fbb2c144dab4d99924dbc341e8f64054be7909dd7818cad155bef2,34,401,7〜8月,ダケカンバ|カバノキ科;ブナ|ブナ科,日当たりの良い場所で、ノリウツギ、セリ科、キク科などの花に集まる。,"Stictoleptura pyrrha (Bates, 1884)",,,,include,2026-07-11,実際の本文はp.401。長い分類学的議論を生態へ混入させず、次のオオハナカミキリ属を除外。,
batch-b-001,species-22240,オキナワヨツスジハナカミキリ,オキナワヨツスジハナカミキリ,日本産カミキリムシ,日本産カミキリムシ_compressed.pdf,52299895c14c1fd1c74279dca00f6fd9ba64d36d69e3bf3dd9c3a29a92802e77,efb17b5912fbb2c144dab4d99924dbc341e8f64054be7909dd7818cad155bef2,37,407,4〜7月,,,"Leptura ochraceofasciata watanabei Hayashi, 1962",,,,include,2026-07-11,指定の冊子406頁ではなく右頁407に対象欄。原典異名欄にLeptura amamiana subsp. watanabeiを併記しており現行組合せとの対応を確認。直前のアマミ亜種の花訪問を継承しない。,
batch-b-002,species-22257,ヤクシマヨツスジハナカミキリ,ヤクシマヨツスジハナカミキリ,日本産カミキリムシ,日本産カミキリムシ_compressed.pdf,52299895c14c1fd1c74279dca00f6fd9ba64d36d69e3bf3dd9c3a29a92802e77,efb17b5912fbb2c144dab4d99924dbc341e8f64054be7909dd7818cad155bef2,38,408,7〜8月,スギ|ヒノキ科,成虫はリョウブなどの花を訪れる。,"Leptura yakushimana (Tamanuki, 1942)",,,,include,2026-07-11,対象欄は冊子408頁内で完結。直前種のシデ類・ブナ等を混入させない。原典のスギ科表記は現行分類のヒノキ科に正規化。,
batch-b-003,species-22286,カタキハナカミキリ,カタキハナカミキリ,日本産カミキリムシ,日本産カミキリムシ_compressed.pdf,52299895c14c1fd1c74279dca00f6fd9ba64d36d69e3bf3dd9c3a29a92802e77,efb17b5912fbb2c144dab4d99924dbc341e8f64054be7909dd7818cad155bef2,38,408-409,5〜8月,ヤマハンノキ|カバノキ科,成虫はリョウブ・カエデ類・ミズキ・ノリウツギなどの花に集まる。極東ロシアではカエデ属・ナシ属などを食樹とする記録がある。,"Pedostrangalia femoralis (Motschulsky, 1860)",,,,include,2026-07-11,欄は冊子408頁末から409頁冒頭へ継続。カエデ属・ナシ属は極東ロシア限定の記述なのでhost_plants列へは入れずecologyに保持。原典と現行で著者年が異なるため分類値は上書きしない。,
batch-b-004,species-22261,オオヨツスジハナカミキリ,オオヨツスジハナカミキリ,日本産カミキリムシ,日本産カミキリムシ_compressed.pdf,52299895c14c1fd1c74279dca00f6fd9ba64d36d69e3bf3dd9c3a29a92802e77,efb17b5912fbb2c144dab4d99924dbc341e8f64054be7909dd7818cad155bef2,39,411,7〜8月,各種針葉樹|;ブナ|ブナ科,成虫はリョウブ・ノリウツギなどの花に集まり、針葉樹の立木や伐採木に飛来する。,"Bellamira regalis (Bates, 1884)",,,,include,2026-07-11,冊子411頁内で完結。原典見出しはBellamira、現行はMacrolepturaだが、原典の異名・分類解説にMacroleptura regalisを明記。各種針葉樹は単一科に限定できないためfamily空欄。,
batch-b-005,species-22282,ニョウホウホソハナカミキリ,ニョウホウホソハナカミキリ,日本産カミキリムシ,日本産カミキリムシ_compressed.pdf,52299895c14c1fd1c74279dca00f6fd9ba64d36d69e3bf3dd9c3a29a92802e77,efb17b5912fbb2c144dab4d99924dbc341e8f64054be7909dd7818cad155bef2,42,416,6〜8月,モミ|マツ科;アカマツ|マツ科;タンナサワフタギ|ハイノキ科,成虫はノリウツギ・ショウマなどの花に集まる。,"Parastrangalis lesnei (Pic, 1901)",,,,include,2026-07-11,対象欄は冊子416頁内で完結。直後のヤエヤマクロスジホソハナカミキリの寄主未知を混入させない。,
batch-b-006,species-22138,タカオメダカカミキリ,タカオメダカカミキリ,日本産カミキリムシ,日本産カミキリムシ_compressed.pdf,52299895c14c1fd1c74279dca00f6fd9ba64d36d69e3bf3dd9c3a29a92802e77,efb17b5912fbb2c144dab4d99924dbc341e8f64054be7909dd7818cad155bef2,56,445,4〜7月,ブナ|ブナ科;イヌブナ|ブナ科,ブナに依存し、西日本では産地が局所的だが本州中部以北では少なくない。成虫はミズキ・カエデなどの花に集まり、幼虫はブナの1〜2年枝に食入する。,"Stenhomalus takaosanus Ohbayashi, 1958",,,,include,2026-07-11,冊子445頁内で完結。直前のキイロメダカカミキリのアセビ・カゴノキを混入させない。,
batch-b-007,species-22154,ベニボシカミキリ,ベニボシカミキリ,日本産カミキリムシ,日本産カミキリムシ_compressed.pdf,52299895c14c1fd1c74279dca00f6fd9ba64d36d69e3bf3dd9c3a29a92802e77,efb17b5912fbb2c144dab4d99924dbc341e8f64054be7909dd7818cad155bef2,68,468,4〜6月,,成虫はカシ類などの立木で見つかる。寄主植物は未知とされる。,"Rosalia (Eurybatus) lesnei Boppe, 1911",,,,include,2026-07-11,冊子468頁内で完結。原典が寄主植物を明記して未知としているためhost_plantsは空。直前のフェリエベニボシカミキリの寄主4種を継承しない。,
batch-b-008,species-21879,アカアシオオアオカミキリ,アカアシオオアオカミキリ,日本産カミキリムシ,日本産カミキリムシ_compressed.pdf,52299895c14c1fd1c74279dca00f6fd9ba64d36d69e3bf3dd9c3a29a92802e77,efb17b5912fbb2c144dab4d99924dbc341e8f64054be7909dd7818cad155bef2,69,471,7〜8月,クヌギ|ブナ科,成虫は夜間にクヌギの樹幹で見られ樹液に集まる。昼間はまったく活動しない。分布は局所的だが生息地では個体数が多い。,"Chloridolum (Parachloridolum) japonicum (Harold, 1879)",,,,include,2026-07-11,冊子471頁内で完結。直前のオオアオカミキリのサワグルミ等を混入させない。,
batch-b-009,species-21884,ミドリヒラタカミキリ,ミドリヒラタカミキリ,日本産カミキリムシ,日本産カミキリムシ_compressed.pdf,52299895c14c1fd1c74279dca00f6fd9ba64d36d69e3bf3dd9c3a29a92802e77,efb17b5912fbb2c144dab4d99924dbc341e8f64054be7909dd7818cad155bef2,72,476,6〜7月,カラマツ|マツ科;アカエゾマツ|マツ科;ドイツトウヒ|マツ科,成虫はカラマツの新しい伐採木に見られ日中に活動する。カラマツ人工林で多数発生した例があるが、一般にはきわめて稀である。,"Callidium (Callidostola) aeneum (DeGeer, 1775)",,,,include,2026-07-11,冊子476頁内で完結。原典は種階級、現行は基亜種aeneumとして登録されているため分類値は上書きしない。,
batch-b-010,species-22032,オクエゾトラカミキリ,オクエゾトラカミキリ,日本産カミキリムシ,日本産カミキリムシ_compressed.pdf,52299895c14c1fd1c74279dca00f6fd9ba64d36d69e3bf3dd9c3a29a92802e77,efb17b5912fbb2c144dab4d99924dbc341e8f64054be7909dd7818cad155bef2,76,484,6〜7月,ドロノキ|ヤナギ科,成虫はオノエヤナギの半立枯木や伐採木に飛来し、とくに河川敷の流木で見られる。,"Xylotrechus adspersus (Gebler, 1830)",,,,include,2026-07-11,冊子484頁内で完結。オノエヤナギは成虫飛来先の記述であり、明示された寄主植物はドロノキなど。直前のムネモンチャイロトラカミキリのダケカンバを混入させない。,
batch-b-011,species-22044,ツマキトラカミキリ,ツマキトラカミキリ,日本産カミキリムシ,日本産カミキリムシ_compressed.pdf,52299895c14c1fd1c74279dca00f6fd9ba64d36d69e3bf3dd9c3a29a92802e77,efb17b5912fbb2c144dab4d99924dbc341e8f64054be7909dd7818cad155bef2,77,486-487,6〜8月,シラカバ|カバノキ科;ダケカンバ|カバノキ科;ヤマハンノキ|カバノキ科,成虫はシラカバなどの伐採木に多数集まる山地性の普通種である。,"Xylotrechus clarinus Bates, 1884",,,,include,2026-07-11,欄は冊子486頁末から487頁冒頭へ継続し、出現期と寄主植物は487頁側。直前のオガサワライカリモントラカミキリの寄主を混入させない。,
batch-b-012,species-21965,ウスグロトラカミキリ,ウスグロトラカミキリ,日本産カミキリムシ,日本産カミキリムシ_compressed.pdf,52299895c14c1fd1c74279dca00f6fd9ba64d36d69e3bf3dd9c3a29a92802e77,efb17b5912fbb2c144dab4d99924dbc341e8f64054be7909dd7818cad155bef2,84,501,5月,,国内の寄主植物は未知とされる。台湾では各種広葉樹を利用し、花上や伐採木上に多い。国内の確実な記録は石垣島のみとされる。,"Chlorophorus signaticollis (Castelnau et Gory, 1841)",,,,include,2026-07-11,指定の冊子500頁ではなく右頁501に対象欄。原典が国内寄主未知を明記するためhost_plantsは空。台湾の広葉樹記録はecologyに地域限定で保持。原典と現行で著者・年が異なるため分類値は上書きしない。,
batch-b-013,species-22720,ウスアヤカミキリ 沖縄亜種,オキナワウスアヤカミキリ,日本産カミキリムシ,日本産カミキリムシ_compressed.pdf,52299895c14c1fd1c74279dca00f6fd9ba64d36d69e3bf3dd9c3a29a92802e77,efb17b5912fbb2c144dab4d99924dbc341e8f64054be7909dd7818cad155bef2,96,525,3〜10月,リュウキュウチク|イネ科;ホウライチク|イネ科;ハチジョウススキ|イネ科,,"Bumetopia japonica okinawana Hayashi, 1963",,,,include,2026-07-11,指定の冊子524頁ではなく右頁525に対象欄。現行組合せBumetopia oscitans okinawanaとは異なるためsource_taxonを対応名として保持し分類値は上書きしない。直前の基亜種のメダケ・ヤダケを混入させない。,
kamikiri-2007-batch-c-0001,species-22601,タイリクフタホシサビカミキリ,タイリクフタホシサビカミキリ,日本産カミキリムシ,日本産カミキリムシ_compressed.pdf,52299895c14c1fd1c74279dca00f6fd9ba64d36d69e3bf3dd9c3a29a92802e77,efb17b5912fbb2c144dab4d99924dbc341e8f64054be7909dd7818cad155bef2,106,545,6〜9月,クリ|ブナ科;クワ|クワ科,日本本土に生息している個体群は、地理的な分布と1960年代から採集されるようになったことから、人為的導入と推定される。,Ropica dorsalis,,,,include,2026-07-11,依頼位置の冊子p544は隣接ページで、対象種の本文はp545にある。前後種の寄主・生態は不採用。,
kamikiri-2007-batch-c-0002,species-22551,カスリドウボソカミキリ 沖縄亜種,オキナワカスリドウボソカミキリ,日本産カミキリムシ,日本産カミキリムシ_compressed.pdf,52299895c14c1fd1c74279dca00f6fd9ba64d36d69e3bf3dd9c3a29a92802e77,efb17b5912fbb2c144dab4d99924dbc341e8f64054be7909dd7818cad155bef2,109,550-551,4〜8月,テリハノブドウ|ブドウ科,成虫は各種広葉樹の枯枝で見つかる。,Pothyne variegata ryukyuana,,,,include,2026-07-11,種別欄はp551、成虫の枯枝利用は直前のPothyne variegata種説明（p550）に明記。隣接亜種の個別寄主は混入させていない。,
kamikiri-2007-batch-c-0003,species-22544,タテスジドウボソカミキリ 八重山亜種,ヤエヤマタテスジドウボソカミキリ,日本産カミキリムシ,日本産カミキリムシ_compressed.pdf,52299895c14c1fd1c74279dca00f6fd9ba64d36d69e3bf3dd9c3a29a92802e77,efb17b5912fbb2c144dab4d99924dbc341e8f64054be7909dd7818cad155bef2,110,552-553,4〜11月,,寄主植物は未知とされる。成虫はいずれもススキ類から見つかるほか、各種の枯枝にも見られる。,Pothyne formosana chocolatoides,,,,include,2026-07-11,寄主未知と出現期は亜種欄p553、成虫の利用環境は直前のPothyne formosana種説明p552に明記。ほかの亜種の個別情報は不採用。,
kamikiri-2007-batch-c-0004,species-22557,ツシマドウボソカミキリ,ツシマドウボソカミキリ,日本産カミキリムシ,日本産カミキリムシ_compressed.pdf,52299895c14c1fd1c74279dca00f6fd9ba64d36d69e3bf3dd9c3a29a92802e77,efb17b5912fbb2c144dab4d99924dbc341e8f64054be7909dd7818cad155bef2,110-111,553-554,5〜7月,,,Pseudocalamobius tsushimae,,,,include,2026-07-11,見出しと引用はp553、形態・出現期・分布はp554へ継続。寄主欄自体がなく、直前のドウボソカミキリの寄主は不採用。,
kamikiri-2007-batch-c-0005,species-22967,ススキサビカミキリ,ススキサビカミキリ,日本産カミキリムシ,日本産カミキリムシ_compressed.pdf,52299895c14c1fd1c74279dca00f6fd9ba64d36d69e3bf3dd9c3a29a92802e77,efb17b5912fbb2c144dab4d99924dbc341e8f64054be7909dd7818cad155bef2,114,560,4〜6月,,寄主植物は未知とされる。前跗節の肥大はススキ類に依存する生活への適応と考えられる。成虫はススキ類から見つかり、イシガキウスアヤカミキリと混生する。,Pterolophia (Pterolophia) kubokii,,,,include,2026-07-11,p560の対象種欄のみを採用。直前のスジダカサビカミキリおよびp561のクサマサビカミキリは分離した。,
kamikiri-2007-batch-c-0006,species-22968,クサマサビカミキリ,クサマサビカミキリ,日本産カミキリムシ,日本産カミキリムシ_compressed.pdf,52299895c14c1fd1c74279dca00f6fd9ba64d36d69e3bf3dd9c3a29a92802e77,efb17b5912fbb2c144dab4d99924dbc341e8f64054be7909dd7818cad155bef2,114,561,6月,,寄主植物は未知とされる。モクタチバナやアカギ、オガサワラビロウなどの枯枝、枯葉より得られている。,Pterolophia (Pterolophia) kusamai,,,,include,2026-07-11,p561の対象種欄のみを採用。p560のススキサビカミキリのススキ利用は混入させていない。,
kamikiri-2007-batch-c-0007,species-22765,オガサワラゴマダラカミキリ,オガサワラゴマダラカミキリ,日本産カミキリムシ,日本産カミキリムシ_compressed.pdf,52299895c14c1fd1c74279dca00f6fd9ba64d36d69e3bf3dd9c3a29a92802e77,efb17b5912fbb2c144dab4d99924dbc341e8f64054be7909dd7818cad155bef2,126,585,6月,,寄主植物は未知とされる。1915年に採集された1頭の雄に基づいて記載されたが、その後再発見されていない。,Anoplophora ogasawaraensis,,,,include,2026-07-11,依頼位置の冊子p584は隣接ページで、対象種欄はp585。直前のヨナグニゴマダラカミキリの寄主は不採用。,
kamikiri-2007-batch-c-0008,species-22750,イシガキヒメビロウドカミキリ,イシガキヒメビロウドカミキリ,日本産カミキリムシ,日本産カミキリムシ_compressed.pdf,52299895c14c1fd1c74279dca00f6fd9ba64d36d69e3bf3dd9c3a29a92802e77,efb17b5912fbb2c144dab4d99924dbc341e8f64054be7909dd7818cad155bef2,131,595,7月,,寄主植物は未知とされる。雌は未発見。,Acalolepta nishimurai,,,,include,2026-07-11,p595の対象種欄のみを採用。直前のヒメビロウドカミキリの寄主・生態は不採用。,
kamikiri-2007-batch-c-0009,species-22702,ツシマゴマフチビカミキリ,ツシマゴマフチビカミキリ,日本産カミキリムシ,日本産カミキリムシ_compressed.pdf,52299895c14c1fd1c74279dca00f6fd9ba64d36d69e3bf3dd9c3a29a92802e77,efb17b5912fbb2c144dab4d99924dbc341e8f64054be7909dd7818cad155bef2,144,621,4〜5月,,寄主植物は未知とされる。成虫は春に出現し、広葉樹の枯枝で見つかるが、シイの細い枯枝を好む。,Sphigmothorax tsushimanus,,,,include,2026-07-11,依頼位置の冊子p620は隣接ページで、対象種欄はp621。直前のヤクシマチビコブカミキリの情報は不採用。,
kamikiri-2007-batch-c-0010,species-22482,ヒゲナガモモブトカミキリ,ヒゲナガモモブトカミキリ,日本産カミキリムシ,日本産カミキリムシ_compressed.pdf,52299895c14c1fd1c74279dca00f6fd9ba64d36d69e3bf3dd9c3a29a92802e77,efb17b5912fbb2c144dab4d99924dbc341e8f64054be7909dd7818cad155bef2,151,634,6〜8月,マツ類|マツ科,成虫は交尾・産卵のためマツ類の衰弱木や新しい伐採木に集まり、樹脂も後食する。幼虫はそれらの樹皮および樹皮下を食害し、林業害虫としても重要である。,Acanthocinus orientalis,,,,include,2026-07-11,p634の対象種欄では寄主欄がマツ科、本文がマツ類と明記。上下の別種の寄主は不採用。,
kamikiri-2007-batch-c-0011,species-22506,トゲナシモモブトカミキリ,トゲナシモモブトカミキリ,日本産カミキリムシ,日本産カミキリムシ_compressed.pdf,52299895c14c1fd1c74279dca00f6fd9ba64d36d69e3bf3dd9c3a29a92802e77,efb17b5912fbb2c144dab4d99924dbc341e8f64054be7909dd7818cad155bef2,156,644,8月,,寄主植物は未知とされる。1956年8月に京都比叡山で燈火に飛来した基準標本の雌1頭のみが知られ、詳しい変異や分布などは不明である。,Planeacanista japonica,,,,include,2026-07-11,p644の対象種欄のみを採用。直前のイカリモンケシカミキリおよび後続種の情報は不採用。,
kamikiri-2007-batch-c-0012,species-23057,キボシマダラカミキリ,キボシマダラカミキリ,日本産カミキリムシ,日本産カミキリムシ_compressed.pdf,52299895c14c1fd1c74279dca00f6fd9ba64d36d69e3bf3dd9c3a29a92802e77,efb17b5912fbb2c144dab4d99924dbc341e8f64054be7909dd7818cad155bef2,159,650-651,6月,ヤナギ類|ヤナギ科,,Saperda (Saperda) balsamifera,,,,include,2026-07-11,見出しと異名はp650、形態・出現期・寄主・分布はp651へ継続。直後のトホシカミキリの生態は不採用。,
kamikiri-2007-batch-c-0013,species-23064,ニセヤツボシカミキリ,ニセヤツボシカミキリ,日本産カミキリムシ,日本産カミキリムシ_compressed.pdf,52299895c14c1fd1c74279dca00f6fd9ba64d36d69e3bf3dd9c3a29a92802e77,efb17b5912fbb2c144dab4d99924dbc341e8f64054be7909dd7818cad155bef2,160,652,6〜8月,ハルニレ|ニレ科;オヒョウ|ニレ科,ハルニレの生葉に集まり葉脈部を嚙みつき後食し、葉に線状の穴をあける。また、広葉樹の伐採木や立枯木などにも集まる。幼虫はハルニレなどのニレ科植物の樹皮下に見られ、5月に蛹化する。,Saperda (Saperda) subobliterata,,,,include,2026-07-11,p652中段から始まる対象種欄のみを採用。頁冒頭の前種の寄主および後続ヤツボシカミキリの情報は不採用。,
kamikiri-2007-callidiellum-rufipenne,species-21882,ヒメスギカミキリ,ヒメスギカミキリ,日本産カミキリムシ,日本産カミキリムシ_compressed.pdf,52299895c14c1fd1c74279dca00f6fd9ba64d36d69e3bf3dd9c3a29a92802e77,efb17b5912fbb2c144dab4d99924dbc341e8f64054be7909dd7818cad155bef2,72-73,478,3〜7月,スギ|ヒノキ科;ヒノキ|ヒノキ科;モミ|マツ科;アカマツ|マツ科;エゾマツ|マツ科,成虫はスギなどの新しい伐採木に多数集まり、平地から低山地に普通に見られる。スギ・ヒノキ材の著名な害虫である。広葉樹からの記録もある。,Callidiellum rufipenne,,,,include,2026-07-11,種解説は冊子p.477末から始まり、生態・出現期・寄主欄はp.478冒頭にあることを目視確認した。,
kamikiri-2007-sybra-kuri,species-22609,クリチビカミキリ,クリチビカミキリ,日本産カミキリムシ,日本産カミキリムシ_compressed.pdf,52299895c14c1fd1c74279dca00f6fd9ba64d36d69e3bf3dd9c3a29a92802e77,efb17b5912fbb2c144dab4d99924dbc341e8f64054be7909dd7818cad155bef2,105,543,5〜9月,クリ|ブナ科;コナラ|ブナ科;ミズナラ|ブナ科,成虫はクリの細い枯枝に多く見られる。,Sybra (Microzotale) kuri,,,,include,2026-07-11,種解説は冊子p.542末から始まり、生態・出現期・寄主欄はp.543冒頭にあることを目視確認した。原典亜属名は現行と異なるため学名は上書きしない。,
kamikiri-2007-sybra-miscanthivola,species-22622,ススキハネナシチビカミキリ,ススキハネナシチビカミキリ,日本産カミキリムシ,日本産カミキリムシ_compressed.pdf,52299895c14c1fd1c74279dca00f6fd9ba64d36d69e3bf3dd9c3a29a92802e77,efb17b5912fbb2c144dab4d99924dbc341e8f64054be7909dd7818cad155bef2,104,541,3〜10月,ハチジョウススキ|イネ科,成虫はハチジョウススキ群生地の叩き網で得られる。,"Sybra (Sybra) miscanthivola Makihara, 1977",,,,include,2026-07-11,原典画像で出現期3〜10月を確認し旧OCR由来の3〜1月．1を訂正する。,
kamikiri-2007-sybra-flavomaculata,species-22616,キボシチビカミキリ,キボシチビカミキリ,日本産カミキリムシ,日本産カミキリムシ_compressed.pdf,52299895c14c1fd1c74279dca00f6fd9ba64d36d69e3bf3dd9c3a29a92802e77,efb17b5912fbb2c144dab4d99924dbc341e8f64054be7909dd7818cad155bef2,104,541,5〜8月,モミ|マツ科;アカマツ|マツ科,成虫はアカマツやモミの生立木の枯枝部に見られ、樹幹部には産卵しない。,"Sybra (Sybra) flavomaculata Breuning, 1939",,,,include,2026-07-11,原典画像で寄主はモミとアカマツと確認した。植物索引OCR候補のシロマツは採用しない。,
kamikiri-2007-sybra-basialbofasciata,species-22615,モリヤシロオビチビカミキリ,モリヤシロオビチビカミキリ,日本産カミキリムシ,日本産カミキリムシ_compressed.pdf,52299895c14c1fd1c74279dca00f6fd9ba64d36d69e3bf3dd9c3a29a92802e77,efb17b5912fbb2c144dab4d99924dbc341e8f64054be7909dd7818cad155bef2,104,541,7〜8月,リュウキュウマツ|マツ科,成虫はリュウキュウマツ生立木の枯枝部に見られる。,"Sybra (Sybra) basialbofasciata Hayashi, 1972",,,,include,2026-07-11,原典の種解説欄で寄主と生立木枯枝部の生態を目視確認した。,
kamikiri-2007-sybra-unifasciata,species-22641,ヒトオビチビカミキリ,ヒトオビチビカミキリ,日本産カミキリムシ,日本産カミキリムシ_compressed.pdf,52299895c14c1fd1c74279dca00f6fd9ba64d36d69e3bf3dd9c3a29a92802e77,efb17b5912fbb2c144dab4d99924dbc341e8f64054be7909dd7818cad155bef2,104,541,7〜9月,サルナシ|マタタビ科;ヒメリンゴ|バラ科;ヤマザクラ|バラ科;サクラ類|バラ科;フジ|マメ科;ヌルデ|ウルシ科;イタヤカエデ|ムクロジ科;ノブドウ|ブドウ科;サワフタギ|ハイノキ科;シロモジ|クスノキ科;各種広葉樹|;モミ|マツ科,成虫は自然植生の豊かな広葉樹林で、枯枝の叩き網により得られる。,"Sybra (Sybra) unifasciata Fujimura, 1956",,,,include,2026-07-11,既存の植物索引由来10寄主を保持し種解説欄の各種広葉樹とモミおよび生態を追加する。,
kamikiri-2007-sybra-uenoi-uenoi,species-22612,フタオビヒメサビカミキリ 基亜種,フタオビヒメサビカミキリ,日本産カミキリムシ,日本産カミキリムシ_compressed.pdf,52299895c14c1fd1c74279dca00f6fd9ba64d36d69e3bf3dd9c3a29a92802e77,efb17b5912fbb2c144dab4d99924dbc341e8f64054be7909dd7818cad155bef2,105,542,5〜6月,,細い枯枝や立木上部の枝の枯れた部分に見られる。寄主植物は未知とされる。,"Sybra (Microzotale) uenoi uenoi (Hayashi, 1956)",,,,include,2026-07-11,種群共通の生態と基亜種欄の寄主未知を分けて目視確認した。,
kamikiri-2007-sybra-uenoi-sakamotoi,species-22613,フタオビヒメサビカミキリ 九州亜種,キリシマヒメサビカミキリ,日本産カミキリムシ,日本産カミキリムシ_compressed.pdf,52299895c14c1fd1c74279dca00f6fd9ba64d36d69e3bf3dd9c3a29a92802e77,efb17b5912fbb2c144dab4d99924dbc341e8f64054be7909dd7818cad155bef2,105,542,4〜7月,クリ|ブナ科;コナラ|ブナ科,成虫はスダジイ生木上部の細い枯枝に見られる。,"Sybra (Microzotale) uenoi sakamotoi (Hayashi, 1958)",,,,include,2026-07-11,基亜種からコピーされた5〜6月を原典の九州亜種欄4〜7月へ訂正した。原典和名も旧和名として保持する。,
kamikiri-2007-sybra-albodistincta,species-22611,フタモンヒメサビカミキリ,フタモンヒメサビカミキリ,日本産カミキリムシ,日本産カミキリムシ_compressed.pdf,52299895c14c1fd1c74279dca00f6fd9ba64d36d69e3bf3dd9c3a29a92802e77,efb17b5912fbb2c144dab4d99924dbc341e8f64054be7909dd7818cad155bef2,105,542,4〜7月,スダジイ|ブナ科,成虫は伐採跡地に積んであるスダジイのそだに見られる。,"Sybra (Microzotale) albodistincta Takakuwa, 1984",,,,include,2026-07-11,原典はalbodistinctaを見出し名とし現行distinctaを同じ種欄の異綴りとして併記するため同一種へ対応した。,
kamikiri-merge-sybra-sakamotoi-kuri,species-22610,,,日本産カミキリムシ,日本産カミキリムシ_compressed.pdf,52299895c14c1fd1c74279dca00f6fd9ba64d36d69e3bf3dd9c3a29a92802e77,efb17b5912fbb2c144dab4d99924dbc341e8f64054be7909dd7818cad155bef2,,,,,,"Sybra sakamotoi kuri Ohbayashi & Hayashi, 1962",,"Sybra sakamotoi kuri Ohbayashi & Hayashi, 1962","Sybra sakamotoi kuri Ohbayashi & Hayashi, 1962",merge_duplicate_taxon,2026-07-11,原典冊子p.543でクリチビカミキリの同一種欄に置かれる旧組合せ重複行を正本へ統合する。,species-22609
kamikiri-2007-sybra-subfasciata-subfasciata,species-22642,シロオビチビカミキリ 基亜種,シロオビチビカミキリ,日本産カミキリムシ,日本産カミキリムシ_compressed.pdf,52299895c14c1fd1c74279dca00f6fd9ba64d36d69e3bf3dd9c3a29a92802e77,efb17b5912fbb2c144dab4d99924dbc341e8f64054be7909dd7818cad155bef2,105,543,5〜9月,シナノキ|アオイ科;キブシ|キブシ科;コシアブラ|ウコギ科;ミズキ|ミズキ科;クマノミズキ|ミズキ科;ハリギリ|ウコギ科;ハクウンボク|エゴノキ科;シオジ|モクセイ科;ハシドイ|モクセイ科;各種広葉樹|,成虫は広葉樹の細い枯枝に多い。,"Sybra (Sybrodiboma) subfasciata subfasciata (Bates, 1884)",,,,include,2026-07-11,既存の植物索引由来9寄主を保持し種解説欄の各種広葉樹と生態を追加する。,
kamikiri-2007-sybra-subfasciata-mikurensis,species-22643,シロオビチビカミキリ 伊豆諸島亜種,ミクラシロオビチビカミキリ,日本産カミキリムシ,日本産カミキリムシ_compressed.pdf,52299895c14c1fd1c74279dca00f6fd9ba64d36d69e3bf3dd9c3a29a92802e77,efb17b5912fbb2c144dab4d99924dbc341e8f64054be7909dd7818cad155bef2,105,543,6〜8月,,成虫は広葉樹の細い枯枝の叩き網で得られる。寄主植物は未知とされる。,"Sybra (Sybrodiboma) subfasciata mikurensis (Hayashi, 1969)",,,,include,2026-07-11,原典が寄主未知と明記するため基亜種からコピーされた8寄主を除去し出現期も6〜8月へ訂正する。,
kamikiri-2007-sybra-trimeresura,species-22644,アマミシロオビチビカミキリ,アマミシロオビチビカミキリ,日本産カミキリムシ,日本産カミキリムシ_compressed.pdf,52299895c14c1fd1c74279dca00f6fd9ba64d36d69e3bf3dd9c3a29a92802e77,efb17b5912fbb2c144dab4d99924dbc341e8f64054be7909dd7818cad155bef2,105-106,543-544,4〜10月,,成虫は広葉樹の細い枯枝によく見られる。寄主植物は未知とされる。,"Sybra (Sybrodiboma) trimeresura Takakuwa, 1984",,,,include,2026-07-11,種解説が冊子p.543からp.544へ続くことを確認し旧OCRの4〜11月を4〜10月へ訂正する。,
kamikiri-2007-sybra-ordinata-inadai,species-22627,アヤモンチビカミキリ 粟国島亜種,,日本産カミキリムシ,日本産カミキリムシ_compressed.pdf,52299895c14c1fd1c74279dca00f6fd9ba64d36d69e3bf3dd9c3a29a92802e77,efb17b5912fbb2c144dab4d99924dbc341e8f64054be7909dd7818cad155bef2,,,,,,Sybra (Sybra) ordinata inadai,,,,exclude_not_in_source,2026-07-11,2023年記載のため2007年原典には未収録。基亜種からコピーされた3〜11月を除去する。,
kamikiri-d-001,species-22480,クロカミキリ,クロカミキリ,日本産カミキリムシ,日本産カミキリムシ_compressed.pdf,52299895c14c1fd1c74279dca00f6fd9ba64d36d69e3bf3dd9c3a29a92802e77,efb17b5912fbb2c144dab4d99924dbc341e8f64054be7909dd7818cad155bef2,6,345,5〜11月,各種針葉樹|,おもに夜間に活動し、灯火にもよく飛来する。,"Spondylis buprestoides (Linnaeus, 1758)",,,,include,2026-07-11,冊子345頁内で完結。各種針葉樹は単一科に限定できないためfamily空欄。,
kamikiri-d-002,species-22467,オオマルクビヒラタカミキリ,オオマルクビヒラタカミキリ,日本産カミキリムシ,日本産カミキリムシ_compressed.pdf,52299895c14c1fd1c74279dca00f6fd9ba64d36d69e3bf3dd9c3a29a92802e77,efb17b5912fbb2c144dab4d99924dbc341e8f64054be7909dd7818cad155bef2,8,349,4〜8月,各種針葉樹|,成虫は平地から山地にかけて、針葉樹の伐採木などに普通に見られる。,"Asemum striatum (Linnaeus, 1758)",,,,include,2026-07-11,冊子349頁内で完結。各種針葉樹は単一科に限定できないためfamily空欄。前種の情報は含めていない。,
kamikiri-d-003,species-22475,ツヤナシトドマツカミキリ,ツヤナシトドマツカミキリ,日本産カミキリムシ,日本産カミキリムシ_compressed.pdf,52299895c14c1fd1c74279dca00f6fd9ba64d36d69e3bf3dd9c3a29a92802e77,efb17b5912fbb2c144dab4d99924dbc341e8f64054be7909dd7818cad155bef2,9,350-351,7〜8月,,北海道中央部で7月下旬から8月中旬に得られているが、採集例は多くない。日本では寄主植物は未知とされるが、極東ロシアではカラマツを好む。,"Tetropium gracilicorne Reitter, 1899",,,,include,2026-07-11,冊子350頁から351頁上段へ続く同一種の記述を目視確認。原典は種単位だが、現行は2018年記載の日本亜種 Tetropium gracilicorne takakuwai。日本で寄主未知のため、海外のカラマツ記録はecologyに限定。,
kamikiri-d-004,species-22447,カタキカタビロハナカミキリ,カタキカタビロハナカミキリ,日本産カミキリムシ,日本産カミキリムシ_compressed.pdf,52299895c14c1fd1c74279dca00f6fd9ba64d36d69e3bf3dd9c3a29a92802e77,efb17b5912fbb2c144dab4d99924dbc341e8f64054be7909dd7818cad155bef2,12,357,6〜8月,エゾマツ|マツ科;アカエゾマツ|マツ科,花に集まるほか、寄主植物の幹や枝に飛来する。幼虫はおもに衰弱木の根部で生育し、土中に出て蛹化する。,"Pachyta lamed (Linnaeus, 1758)",,,,include,2026-07-11,冊子357頁内で完結。原典は種単位 Pachyta lamed だが、現行は2018年記載の Prorhagium lamed sasakii。日本産個体群への手動対応として記録し、分類名は上書きしない。次種 Pachyta erebia の情報は含めていない。,
kamikiri-d-005,species-22191,カラフトトホシハナカミキリ,カラフトトホシハナカミキリ,日本産カミキリムシ,日本産カミキリムシ_compressed.pdf,52299895c14c1fd1c74279dca00f6fd9ba64d36d69e3bf3dd9c3a29a92802e77,efb17b5912fbb2c144dab4d99924dbc341e8f64054be7909dd7818cad155bef2,13,359,4〜5月,,タンポポなど草本類の花によく集まる。寄主植物は未知とされる。,"Brachyta sachalinensis Matsumura, 1911",,,,include,2026-07-11,冊子359頁内で完結。直前種と次種の情報は含めていない。,
kamikiri-d-006,species-22182,クビアカドウガネハナカミキリ,クビアカハナカミキリ,日本産カミキリムシ,日本産カミキリムシ_compressed.pdf,52299895c14c1fd1c74279dca00f6fd9ba64d36d69e3bf3dd9c3a29a92802e77,efb17b5912fbb2c144dab4d99924dbc341e8f64054be7909dd7818cad155bef2,14,361,4〜8月,アカマツ|マツ科,幼生期の生態はカラカネハナカミキリと同様とされ、幼虫はやや古い枯死木の樹皮に見られ、終齢幼虫は秋に楕円形の穴を開けて地面に落ち、土中で蛹化する。,"Gaurotes (Carilia) atripennis Matsushita, 1933",,,,include,2026-07-11,冊子361頁内で完結。原典和名クビアカハナカミキリは現行CSVの別名欄に登録済み。参照先カラカネハナカミキリからは、原典が同様と明示した幼生期情報だけを展開し、成虫の訪花・飛来情報は移していない。,
kamikiri-d-007,species-22180,キタクニハナカミキリ,キタクニハナカミキリ,日本産カミキリムシ,日本産カミキリムシ_compressed.pdf,52299895c14c1fd1c74279dca00f6fd9ba64d36d69e3bf3dd9c3a29a92802e77,efb17b5912fbb2c144dab4d99924dbc341e8f64054be7909dd7818cad155bef2,15,363,6〜8月,エゾマツ|マツ科;アカエゾマツ|マツ科,セリ科の花を訪れるほか、針葉樹の伐採木に飛来する。,"Acmaeops septentrionis (C. G. Thomson, 1866)",,,,include,2026-07-11,冊子363頁内で完結。直前種コアオハナカミキリの9月、寄主未知、シベリアマツの情報は混入させていない。,
kamikiri-d-008,species-22438,ヤマトヒメハナカミキリ,ヤマトヒメハナカミキリ,日本産カミキリムシ,日本産カミキリムシ_compressed.pdf,52299895c14c1fd1c74279dca00f6fd9ba64d36d69e3bf3dd9c3a29a92802e77,efb17b5912fbb2c144dab4d99924dbc341e8f64054be7909dd7818cad155bef2,17,367,5〜6月,,山地の落葉広葉樹林を中心に現れ、ニシキウツギ、カマツカ、ミズキなどに訪花するが、個体数は少ない。春期から出現し、低標高地に現れる。寄主植物は未知とされる。,"Pidonia (Pidonia) yamato Hayashi & Mizuno, 1953",,,,include,2026-07-11,冊子367頁内で完結。原典は Pidonia (Pidonia)、現行は Pseudopidonia。分類名は上書きしない。次のシラネヒメハナカミキリ群の情報は含めていない。,
kamikiri-d-009,species-22420,ホソガタヒメハナカミキリ,ホソガタヒメハナカミキリ,日本産カミキリムシ,日本産カミキリムシ_compressed.pdf,52299895c14c1fd1c74279dca00f6fd9ba64d36d69e3bf3dd9c3a29a92802e77,efb17b5912fbb2c144dab4d99924dbc341e8f64054be7909dd7818cad155bef2,18,368,6〜8月,,典型的なブナ帯に依存し、落葉広葉樹林の林内に見られる。カマツカ、サワフタギ、ゴトウヅル、ニシキウツギ、ハナウド、ヤマブキショウマなど種々の花に集まる。高標高地ではシラネヒメハナカミキリと一部同所的だが、基本的には植生帯を垂直的に棲み分ける。寄主植物は未知とされる。,"Pidonia (Pidonia) semiobscura Pic, 1901",,,,include,2026-07-11,冊子368頁内で完結。原典は Pidonia (Pidonia)、現行は Pseudopidonia。分類名は上書きしない。頁上段のハクサンシラネヒメハナカミキリにあるナナカマドの寄主記録は対象外。,
kamikiri-d-010,species-22402,トウホクヒメハナカミキリ,トウホクヒメハナカミキリ,日本産カミキリムシ,日本産カミキリムシ_compressed.pdf,52299895c14c1fd1c74279dca00f6fd9ba64d36d69e3bf3dd9c3a29a92802e77,efb17b5912fbb2c144dab4d99924dbc341e8f64054be7909dd7818cad155bef2,18-19,369-370,低標高地では5〜6月、針葉樹林帯では7〜8月,,東北地方に広く分布し、夏期は針葉樹林帯などの高標高地に現れる。海岸付近の落葉広葉樹林から針葉樹林帯まで見られ、個体数も多い。寄主植物は未知とされる。,"Pidonia (Pidonia) michinokuensis Hayashi, 1981",,,,include,2026-07-11,冊子369頁下段から370頁上段へ続く同一種の記述を目視確認。原典は Pidonia (Pidonia)、現行は Pseudopidonia。分類名は上書きしない。,
kamikiri-d-011,species-22378,ミスジヒメハナカミキリ,ミスジヒメハナカミキリ,日本産カミキリムシ,日本産カミキリムシ_compressed.pdf,52299895c14c1fd1c74279dca00f6fd9ba64d36d69e3bf3dd9c3a29a92802e77,efb17b5912fbb2c144dab4d99924dbc341e8f64054be7909dd7818cad155bef2,19,370,5〜6月,,常緑樹混じりの落葉広葉樹林に見られ、コバノガマズミ、シャク、マルバウツギなどの花に集まるが、個体数はごく少ない。寄主植物は未知とされる。,"Pidonia (Pidonia) gibbicollis (Blessig, 1872)",,,,include,2026-07-11,冊子370頁内で完結。原典は Pidonia (Pidonia)・1872、現行は Pseudopidonia・1873で分類と年が異なるため、分類年は自動上書きしない。原典は日本個体群が大陸・韓国個体群と形態的に異なり独立種となる可能性にも言及。,
kamikiri-d-012,species-22394,ブロイニングヒメハナカミキリ,ブロイニングヒメハナカミキリ,日本産カミキリムシ,日本産カミキリムシ_compressed.pdf,52299895c14c1fd1c74279dca00f6fd9ba64d36d69e3bf3dd9c3a29a92802e77,efb17b5912fbb2c144dab4d99924dbc341e8f64054be7909dd7818cad155bef2,19-20,371-372,6〜7月,,山地の落葉広葉樹林から針葉樹林帯に見られ、コゴメウツギ、イワガラミ、ニシキウツギなどに集まる。寄主植物は未知とされる。,"Pidonia (Pidonia) limbaticollis stephani Hayashi, 1982",,,,include,2026-07-11,"冊子371頁下段から372頁上段へ続く同一種の記述を目視確認。原典は置換名 P. limbaticollis stephani を採用し、同じ異名欄に Pidonia breuningi Ohbayashi & Hayashi, 1957 を明記。現行は Pidonia breuningi のため、手動対応として生態だけを記録し分類名は上書きしない。",
kamikiri-d-013,species-22384,キュウシュウヒメハナカミキリ,キュウシュウヒメハナカミキリ,日本産カミキリムシ,日本産カミキリムシ_compressed.pdf,52299895c14c1fd1c74279dca00f6fd9ba64d36d69e3bf3dd9c3a29a92802e77,efb17b5912fbb2c144dab4d99924dbc341e8f64054be7909dd7818cad155bef2,20,372,5〜7月,,山地の落葉広葉樹を中心とした自然林に現れ、ハイノキ、ニシキウツギ、ノリウツギの花に集まるが、個体数はごく少ない。寄主植物は未知とされる。,"Pidonia (Pidonia) kyushuensis Yamawaki, 1959",,,,include,2026-07-11,冊子372頁内で完結。原典は Pidonia (Pidonia)、現行は Pseudopidonia。分類名は上書きしない。,
kamikiri-d-014,species-22422,イシズチヒメハナカミキリ 基亜種,イシヅチヒメハナカミキリ,日本産カミキリムシ,日本産カミキリムシ_compressed.pdf,52299895c14c1fd1c74279dca00f6fd9ba64d36d69e3bf3dd9c3a29a92802e77,efb17b5912fbb2c144dab4d99924dbc341e8f64054be7909dd7818cad155bef2,20,372-373,5〜8月,,山地の落葉広葉樹林から針葉樹林帯に見られ、イワガラミ、ニシキウツギ、タンナサワフタギ、ノリウツギなどの花に集まるが、個体数は少ない。ヒミコヒメハナカミキリより高い垂直分布を示す。寄主植物は未知とされる。,"Pidonia (Pidonia) shikokensis shikokensis Chûjô & Hayashi, 1951",,,,include,2026-07-11,冊子372頁下段から373頁上段へ続く基亜種の記述を目視確認。現行の受容名species-22422へ対応させ、旧属組合せの重複行species-22423は統合する。原典は Pidonia (Pidonia)、species-22423は Pidonia (Pseudopidonia)。,
kamikiri-d-015,species-22418,ウスイロヒメハナカミキリ,ウスイロヒメハナカミキリ,日本産カミキリムシ,日本産カミキリムシ_compressed.pdf,52299895c14c1fd1c74279dca00f6fd9ba64d36d69e3bf3dd9c3a29a92802e77,efb17b5912fbb2c144dab4d99924dbc341e8f64054be7909dd7818cad155bef2,21,375,6〜8月,,針葉樹林帯上部から高山帯に限って現れ、典型的な個体群は日光山地、八ヶ岳、南アルプス、御嶽山域などで知られる。ゴトウヅル、ナナカマド、オニシモツケ、ショウマなどに集まる。寄主植物は未知とされる。,"Pidonia (Pidonia) pallida Ohbayashi & Hayashi, 1960",,,,include,2026-07-11,冊子375頁内で完結。原典は Pidonia (Pidonia)、現行は Pseudopidonia。分類名は上書きしない。,
kamikiri-d-016,species-22375,ブービエヒメハナカミキリ,ブービエヒメハナカミキリ,日本産カミキリムシ,日本産カミキリムシ_compressed.pdf,52299895c14c1fd1c74279dca00f6fd9ba64d36d69e3bf3dd9c3a29a92802e77,efb17b5912fbb2c144dab4d99924dbc341e8f64054be7909dd7818cad155bef2,22,377,6〜8月,,落葉広葉樹林から針葉樹林帯に生息する。ニシキウツギ、オニシモツケ、ヤマブキショウマ、シシウド、ノリウツギなど各種の花に普通に見られる。寄主植物は未知とされる。カクムネヒメハナカミキリ群が現在のように整理されてからの寄主報告はない。,"Pidonia (Pidonia) bouvieri Pic, 1901",,,,include,2026-07-11,冊子377頁内で完結。原典は Pidonia (Pidonia)、現行は Pseudopidonia。分類名は上書きしない。,
kamikiri-d-017,species-22401,ハクバヒメハナカミキリ,ハクバヒメハナカミキリ,日本産カミキリムシ,日本産カミキリムシ_compressed.pdf,52299895c14c1fd1c74279dca00f6fd9ba64d36d69e3bf3dd9c3a29a92802e77,efb17b5912fbb2c144dab4d99924dbc341e8f64054be7909dd7818cad155bef2,23,379,6〜8月,,針葉樹林帯を中心に、ヤマブキショウマやオニシモツケなどの花に普通に見られる。長野県北部だけに見られる分布の狭い個体群で、寄主植物は未知とされる。,"Pidonia (Pidonia) pallidicolor Hayashi, 1983",,,,include,2026-07-11,冊子379頁内で完結。原典は Pidonia (Pidonia)、現行は Pidonia (Pseudopidonia)。分類名は上書きしない。原典はマツシタヒメハナカミキリとの遺伝的差異が認められず、地方変異集団として扱う可能性にも言及。,
kamikiri-d-018,species-22406,シコクヒメハナカミキリ,シコクヒメハナカミキリ,日本産カミキリムシ,日本産カミキリムシ_compressed.pdf,52299895c14c1fd1c74279dca00f6fd9ba64d36d69e3bf3dd9c3a29a92802e77,efb17b5912fbb2c144dab4d99924dbc341e8f64054be7909dd7818cad155bef2,23-24,379-380,6〜7月,,山地の落葉広葉樹林から針葉樹林帯に生息し、タンナサワフタギ、コゴメウツギ、イワガラミなどの花に集まるが、個体数は少ない。寄主植物は未知とされる。,"Pidonia (Pidonia) mutata (Bates, 1884)",,,,include,2026-07-11,見出しと異名は冊子379頁下段、本文は次のPDFページの冊子380頁上段へ続くためPDF24も目視確認。原典は Pidonia (Pidonia)、現行は Pseudopidonia。分類名は上書きしない。,
kamikiri-merge-pidonia-shikokensis,species-22423,,,日本産カミキリムシ,日本産カミキリムシ_compressed.pdf,52299895c14c1fd1c74279dca00f6fd9ba64d36d69e3bf3dd9c3a29a92802e77,efb17b5912fbb2c144dab4d99924dbc341e8f64054be7909dd7818cad155bef2,,,,,,"Pidonia (Pseudopidonia) shikokensis shikokensis Chûjô & Hayashi, 1951",,"Pidonia (Pseudopidonia) shikokensis shikokensis Chûjô & Hayashi, 1951","Pidonia (Pseudopidonia) shikokensis shikokensis Chûjô & Hayashi, 1951",merge_duplicate_taxon,2026-07-11,現行受容名Pseudopidonia shikokensis shikokensisのspecies-22422と同一の旧属組合せ重複行。原典情報はspecies-22422へ統合する。,species-22422
kamikiri-merge-bumetopia-okinawana,species-22721,オキナワウスアヤカミキリ,,日本産カミキリムシ,日本産カミキリムシ_compressed.pdf,52299895c14c1fd1c74279dca00f6fd9ba64d36d69e3bf3dd9c3a29a92802e77,efb17b5912fbb2c144dab4d99924dbc341e8f64054be7909dd7818cad155bef2,,,,,,"Bumetopia okinawana Hayashi, 1963",オキナワウスアヤカミキリ,"Bumetopia okinawana Hayashi, 1963",オキナワウスアヤカミキリ,merge_duplicate_taxon,2026-07-11,現行受容名Bumetopia oscitans okinawanaのspecies-22720と同一の旧分類名重複行。既存寄主をspecies-22720へ統合し、旧学名は異名として保持する。,species-22720
kamikiri-e-001,species-22352,ミワヒメハナカミキリ,ミワヒメハナカミキリ,日本産カミキリムシ,日本産カミキリムシ_compressed.pdf,52299895c14c1fd1c74279dca00f6fd9ba64d36d69e3bf3dd9c3a29a92802e77,efb17b5912fbb2c144dab4d99924dbc341e8f64054be7909dd7818cad155bef2,26,384,5〜7月,,寄主植物は未知。北陸から東北地方にかけて主に日本海側の山地に分布し、落葉広葉樹林に普通に見られる。ブナ帯を中心にカエデ類、タニウツギ、サワフタギ、ガマズミ、ヤマブキショウマなどの花を訪れる。東北地方では個体数が多くない。,"Pidonia (Cryptopidonia) miwai (Matsushita, 1933)",,,,include,2026-07-11,冊子384頁内で完結。原典はPidonia (Cryptopidonia)、現行はCryptopidonia。分類名は上書きしない。次種トサヒメハナカミキリの情報は含めていない。,
kamikiri-e-002,species-22290,クロチャボハナカミキリ,クロチャボハナカミキリ,日本産カミキリムシ,日本産カミキリムシ_compressed.pdf,52299895c14c1fd1c74279dca00f6fd9ba64d36d69e3bf3dd9c3a29a92802e77,efb17b5912fbb2c144dab4d99924dbc341e8f64054be7909dd7818cad155bef2,29,391,3〜5月,,寄主植物は未知。成虫はシイの花などに集まる。,"Pseudalosterna takagii Hayashi, 1961",,,,include,2026-07-11,冊子391頁の対象種欄のみを採用。直前のチャボハナカミキリと直後のオキナワチャボハナカミキリの情報は含めていない。,
kamikiri-e-003,species-22203,ミヤマクロハナカミキリ,ミヤマクロハナカミキリ,日本産カミキリムシ,日本産カミキリムシ_compressed.pdf,52299895c14c1fd1c74279dca00f6fd9ba64d36d69e3bf3dd9c3a29a92802e77,efb17b5912fbb2c144dab4d99924dbc341e8f64054be7909dd7818cad155bef2,30,392,5〜8月,ミズナラ|ブナ科,成虫はノリウツギ、リョウブ、ショウマ、シシウドなどの花に集まる。,"Anoploderomorpha excavata (Bates, 1884)",,,,include,2026-07-11,冊子392頁内で完結。原典はAnoploderomorpha、現行はAnoplodera (Anoploderomorpha)。分類名は上書きしない。後続のクロルリハナカミキリを除外。,
kamikiri-e-004,species-22299,アカハナカミキリ,アカハナカミキリ,日本産カミキリムシ,日本産カミキリムシ_compressed.pdf,52299895c14c1fd1c74279dca00f6fd9ba64d36d69e3bf3dd9c3a29a92802e77,efb17b5912fbb2c144dab4d99924dbc341e8f64054be7909dd7818cad155bef2,34,400,6〜8月,マツ科各種|マツ科;一部の広葉樹|,成虫は各種の花に集まり、枯死木にも飛来する。,"Aredolpona succedanea (Lewis, 1879)",,,,include,2026-07-11,冊子400頁内で完結。原典はAredolpona、現行はStictoleptura (Aredolpona)。原典の「マツ科および一部の広葉樹」を範囲表現のまま保持し、分類名は上書きしない。,
kamikiri-e-005,species-22233,オオハナカミキリ,オオハナカミキリ,日本産カミキリムシ,日本産カミキリムシ_compressed.pdf,52299895c14c1fd1c74279dca00f6fd9ba64d36d69e3bf3dd9c3a29a92802e77,efb17b5912fbb2c144dab4d99924dbc341e8f64054be7909dd7818cad155bef2,34-35,401-402,7〜8月,アカマツ|マツ科;モミ|マツ科;ダケカンバ|カバノキ科;ブナ|ブナ科,成虫はノリウツギやリョウブなどの花を訪れ、ブナの立枯木などにも飛来する。,"Konoa granulata (Bates, 1884)",,,,include,2026-07-11,見出しと異名は冊子401頁、形態・生態・出現期・寄主欄は次のPDFページの冊子402頁へ続くため両頁を目視確認。直前種・後続種の情報は不採用。,
kamikiri-e-006,species-22244,ツマグロハナカミキリ,ツマグロハナカミキリ,日本産カミキリムシ,日本産カミキリムシ_compressed.pdf,52299895c14c1fd1c74279dca00f6fd9ba64d36d69e3bf3dd9c3a29a92802e77,efb17b5912fbb2c144dab4d99924dbc341e8f64054be7909dd7818cad155bef2,36,405,5〜8月,各種針葉樹|;各種広葉樹|,成虫はガマズミ、ノバラ、ミズキ、ノリウツギなど各種の花に集まる。,"Leptura modicenotata Pic, 1901",,,,include,2026-07-11,冊子405頁の対象種欄のみを採用。原典の寄主は「各種の針葉樹および広葉樹」で単一科へ限定できないためfamily空欄。前後種の個別寄主は含めていない。,
kamikiri-e-007,species-22255,カラフトヨツスジハナカミキリ,カラフトヨツスジハナカミキリ,日本産カミキリムシ,日本産カミキリムシ_compressed.pdf,52299895c14c1fd1c74279dca00f6fd9ba64d36d69e3bf3dd9c3a29a92802e77,efb17b5912fbb2c144dab4d99924dbc341e8f64054be7909dd7818cad155bef2,36,405,6〜8月,トドマツ|マツ科;ヤナギ類|ヤナギ科;シラカンバ|カバノキ科;カンバ類|カバノキ科,成虫はエゾニュウなどの花に集まるが少ない。,"Leptura quadrifasciata Linnaeus, 1758",,,,include,2026-07-11,冊子405頁の対象種欄のみを採用。原典のLeptura quadrifasciataと現行CSVのLeptura quadrifasciatusは語尾が異なるため、分類名は上書きしない。,
kamikiri-e-008,species-22258,クマゲヨツスジハナカミキリ,クマゲヨツスジハナカミキリ,日本産カミキリムシ,日本産カミキリムシ_compressed.pdf,52299895c14c1fd1c74279dca00f6fd9ba64d36d69e3bf3dd9c3a29a92802e77,efb17b5912fbb2c144dab4d99924dbc341e8f64054be7909dd7818cad155bef2,37,406,6〜7月,,寄主植物の記載なし。成虫はノリウツギやゴトウヅルなどの花に集まる。,"Leptura ochraceofasciata yokoyamai Hayashi, 1961",,,,include,2026-07-11,冊子406頁の対象亜種欄のみを採用。原典はL. ochraceofasciataの亜種、現行はLeptura yokoyamaiとして独立種扱い。隣接亜種の寄主・生態は混入させていない。,
kamikiri-e-009,species-22214,エトロフハナカミキリ,エトロフハナカミキリ,日本産カミキリムシ,日本産カミキリムシ_compressed.pdf,52299895c14c1fd1c74279dca00f6fd9ba64d36d69e3bf3dd9c3a29a92802e77,efb17b5912fbb2c144dab4d99924dbc341e8f64054be7909dd7818cad155bef2,38,409,7〜8月,トドマツ|マツ科;モミ類|マツ科,成虫はセリ科の花に集まるほか、オホーツク海や日本海の海岸線に打ち上げられた流木に集まる。,"Etorofus circaocularis (Pic, 1934)",,,,include,2026-07-11,冊子409頁の対象種欄のみを採用。原典はEtorofus circaocularis、現行CSVはEtorofus (Etorofus) nemurensisで種小名が異なる。指定された和名対応に生態値だけを記録し、分類名は上書きしない。,
kamikiri-e-010,species-22308,コウヤホソハナカミキリ,コウヤホソハナカミキリ,日本産カミキリムシ,日本産カミキリムシ_compressed.pdf,52299895c14c1fd1c74279dca00f6fd9ba64d36d69e3bf3dd9c3a29a92802e77,efb17b5912fbb2c144dab4d99924dbc341e8f64054be7909dd7818cad155bef2,41,414,7〜8月,スギ|ヒノキ科;ヒノキ|ヒノキ科;アスナロ|ヒノキ科,成虫はノリウツギ、リョウブ、アマニュウ、クリなどの花を訪れる。,"Strangalia koyaensis Matsushita, 1933",,,,include,2026-07-11,冊子414頁内で完結。原典ではスギをスギ科、ヒノキ・アスナロをヒノキ科とするが、植物科は現行CSVに合わせて3種ともヒノキ科に正規化。,
kamikiri-e-011,species-22281,ヤエヤマクロスジホソハナカミキリ,ヤエヤマクロスジホリハナカミキリ,日本産カミキリムシ,日本産カミキリムシ_compressed.pdf,52299895c14c1fd1c74279dca00f6fd9ba64d36d69e3bf3dd9c3a29a92802e77,efb17b5912fbb2c144dab4d99924dbc341e8f64054be7909dd7818cad155bef2,42,416-417,3〜4月,,寄主植物は未知。成虫は花に集まる。以前はオモト岳に少なくなかったが、1980年代以降は個体数がかなり減少している。,"Parastrangalis ishigakiensis Hayashi, 1970",,,,include,2026-07-11,見出しと異名は冊子416頁、本文は417頁へ続く同一種を確認。原典和名は「ホリ」、現行和名は「ホソ」。原典は1970、現行CSVは1971のため年は上書きしない。,
kamikiri-e-012,species-22327,,カラフトホリコバネカミキリ,日本産カミキリムシ,日本産カミキリムシ_compressed.pdf,52299895c14c1fd1c74279dca00f6fd9ba64d36d69e3bf3dd9c3a29a92802e77,efb17b5912fbb2c144dab4d99924dbc341e8f64054be7909dd7818cad155bef2,45,422,7〜8月,カラマツ|マツ科;トウヒ|マツ科;コメツガ|マツ科,雌成虫はカラマツの衰弱木に飛来し、その樹液を吸汁する。寄主は生木の枯死部とされる。雄は飛翔中の個体がまれに得られるだけとされる。,"Necydalis (Necydalisca) sachalinensis Matsushita & Tamanuki, 1927",,,,include,2026-07-11,冊子422頁の対象種欄のみを採用。species-22327の現行和名欄は空欄だが、種小名sachalinensisの基亜種として対応。原典見出しはMatsushita & Tamanuki、原記載引用行と現行CSVはMatsumura系表記で異なるため、分類値は上書きしない。,
kamikiri-e-013,species-22070,オニヒゲナガコバネカミキリ,オニヒゲナガコバネカミキリ,日本産カミキリムシ,日本産カミキリムシ_compressed.pdf,52299895c14c1fd1c74279dca00f6fd9ba64d36d69e3bf3dd9c3a29a92802e77,efb17b5912fbb2c144dab4d99924dbc341e8f64054be7909dd7818cad155bef2,61,454,5〜6月,アカマツ|マツ科;ヒメコマツ|マツ科;カラマツ|マツ科;モミ|マツ科,成虫は針葉樹の伐採木などに見られ、南会津では伐材の製材時に生じる材にもよく集まる。ミズキやナシなどの花上から得られることもある。,"Molorchus (Molorchus) pinivorus Takakuwa & Ikeda, 1979",,,,include,2026-07-11,冊子454頁内で完結。原典はMolorchus (Molorchus)・1979、現行CSVはCaenoptera・1980。生態値だけを記録し、分類名と年は上書きしない。,
kamikiri-e-014,species-22089,カエデヒゲナガコバネカミキリ,カエデヒゲナガコバネカミキリ,日本産カミキリムシ,日本産カミキリムシ_compressed.pdf,52299895c14c1fd1c74279dca00f6fd9ba64d36d69e3bf3dd9c3a29a92802e77,efb17b5912fbb2c144dab4d99924dbc341e8f64054be7909dd7818cad155bef2,62,457,5〜7月,エゾマツ|マツ科;トドマツ|マツ科;モミ|マツ科;アカマツ|マツ科,成虫はイロハモミジやミズキなどの花上から採集される。分布は局所的だが、個体数は多い。,"Glaphyra (Glaphyra) ishiharai (Ohbayashi, 1936)",,,,include,2026-07-11,冊子457頁の対象種欄のみを採用。原典はGlaphyra (Glaphyra)、現行CSVはMolorchus (Molorchus)。分類名は上書きしない。,
kamikiri-e-015,species-22074,ノコギリヒメコバネカミキリ,ノコギリビメコバネカミキリ,日本産カミキリムシ,日本産カミキリムシ_compressed.pdf,52299895c14c1fd1c74279dca00f6fd9ba64d36d69e3bf3dd9c3a29a92802e77,efb17b5912fbb2c144dab4d99924dbc341e8f64054be7909dd7818cad155bef2,64,460-461,4月,,寄主植物は未知。西表島カンピラの滝付近で採集された雄1個体のみが知られる。,"Epania iriei Takakuwa, 1981",,,,include,2026-07-11,見出しと形態記述は冊子460頁、生態・出現期・寄主欄は461頁へ続く同一種を目視確認。原典見出しは「ビメ」の誤植、現行和名は「ヒメ」。前種のイスノキ記録は不採用。,
kamikiri-e-016,species-21885,アオヒメスギカミキリ,アオヒメスギカミキリ,日本産カミキリムシ,日本産カミキリムシ_compressed.pdf,52299895c14c1fd1c74279dca00f6fd9ba64d36d69e3bf3dd9c3a29a92802e77,efb17b5912fbb2c144dab4d99924dbc341e8f64054be7909dd7818cad155bef2,72,477,7〜8月,アカエゾマツ|マツ科;エゾマツ|マツ科,成虫はアカエゾマツなどの衰弱木の樹幹部を徘徊中に見つかり、個体数はあまり多くない。,"Palaeocallidium chlorizans (Solsky, 1870)",,,,include,2026-07-11,冊子477頁内で完結。原典はPalaeocallidium、現行CSVはCallidium (Paraeocallidium)。分類名は上書きしない。後続のミドリヒメスギカミキリを除外。,
kamikiri-e-017,species-22052,ムネモンチャイロトラカミキリ,ムネモンチャイロトラカミキリ,日本産カミキリムシ,日本産カミキリムシ_compressed.pdf,52299895c14c1fd1c74279dca00f6fd9ba64d36d69e3bf3dd9c3a29a92802e77,efb17b5912fbb2c144dab4d99924dbc341e8f64054be7909dd7818cad155bef2,76,484,7〜8月,ダケカンバ|カバノキ科,成虫はシラカバなどの伐採木に集まる。産地は局所的だが、個体数は少なくない。,"Xylotrechus hircus (Gebler, 1825)",,,,include,2026-07-11,冊子484頁の対象種欄のみを採用。寄主欄のダケカンバと成虫来集木のシラカバを区別し、シラカバを寄主として追加していない。,
kamikiri-e-018,species-22012,オガサワラチビトラカミキリ,オガサワラチビトラカミキリ,日本産カミキリムシ,日本産カミキリムシ_compressed.pdf,52299895c14c1fd1c74279dca00f6fd9ba64d36d69e3bf3dd9c3a29a92802e77,efb17b5912fbb2c144dab4d99924dbc341e8f64054be7909dd7818cad155bef2,79,490,,,成虫出現期と寄主植物は未知。1992年9月に食害材から羽化脱出した雄1個体のみが知られる。,"Perissus ogasawarensis Endo, 2000",,,,include,2026-07-11,冊子490頁の対象種欄のみを採用。原典が成虫出現期を明示的に未知とするためemergenceは空欄とし、9月の単独羽化記録を一般的な出現期にはしていない。,
kamikiri-h0-001,11,サキシマニセクワガタカミキリ,タイワンニセクワガタカミキリ,日本産カミキリムシ,日本産カミキリムシ_compressed.pdf,52299895c14c1fd1c74279dca00f6fd9ba64d36d69e3bf3dd9c3a29a92802e77,efb17b5912fbb2c144dab4d99924dbc341e8f64054be7909dd7818cad155bef2,2,337,7〜8月,各種広葉樹|,成虫は夜行性で、日中は発生木などに潜む。,"Parandra (Parandra) formosana Miwa & Mitono, 1939",,,,include,2026-07-11,冊子337頁の対象種欄を目視確認。寄主は各種広葉樹の赤腐れした枯死部。先島諸島産個体群は2010年にKomiyandra uenoiとして記載され、現行CSVに旧学名が異名登録されているため同一個体群へ対応。,
kamikiri-h0-002,1-3,ウスバカミキリ 小笠原諸島亜種,オガサワラウスバカミキリ,日本産カミキリムシ,日本産カミキリムシ_compressed.pdf,52299895c14c1fd1c74279dca00f6fd9ba64d36d69e3bf3dd9c3a29a92802e77,efb17b5912fbb2c144dab4d99924dbc341e8f64054be7909dd7818cad155bef2,5,342,7月,各種広葉樹|,,"Megopis (Aegosoma) sinica savoryi Kusui, 1973",,,,include,2026-07-11,冊子342頁の対象亜種欄のみを採用。原典のオガサワラウスバカミキリは現行分類Aegosoma sinicum savoryiを採用する既存ID 1-3の旧和名と一致する。隣接する基亜種・ヤクシマ亜種を除外。,
kamikiri-h0-003,species-22476,ホソトドマツカミキリ,ホソトドマツカミキリ,日本産カミキリムシ,日本産カミキリムシ_compressed.pdf,52299895c14c1fd1c74279dca00f6fd9ba64d36d69e3bf3dd9c3a29a92802e77,efb17b5912fbb2c144dab4d99924dbc341e8f64054be7909dd7818cad155bef2,9,351,7〜8月,エゾマツ|マツ科,成虫は針葉樹の伐木や伐採木に見られるが、個体数はあまり多くない。,"Tetropium gracilicum Hayashi, 1983",,,,include,2026-07-11,冊子351頁の対象種欄のみを採用。頁上段のカラマツカミキリの5〜8月・カラマツ記録は混入させていない。,
kamikiri-h0-004,species-22457,ツシマニセハイイロハナカミキリ,ニセハイイロハナカミキリ,日本産カミキリムシ,日本産カミキリムシ_compressed.pdf,52299895c14c1fd1c74279dca00f6fd9ba64d36d69e3bf3dd9c3a29a92802e77,efb17b5912fbb2c144dab4d99924dbc341e8f64054be7909dd7818cad155bef2,11,354,3〜7月,マツ科各種|マツ科,,"Rhagium (Rhagium) pseudojaponicum Podaný, 1964",,,,include,2026-07-11,冊子354頁の対象種欄のみを採用。原典の寄主表記は「マツ科の樹皮」で、現行和名には産地名ツシマが付加される。,
kamikiri-h0-005,species-22442,アカイロニセハムシハナカミキリ,アカイロニセハムシハナカミキリ,日本産カミキリムシ,日本産カミキリムシ_compressed.pdf,52299895c14c1fd1c74279dca00f6fd9ba64d36d69e3bf3dd9c3a29a92802e77,efb17b5912fbb2c144dab4d99924dbc341e8f64054be7909dd7818cad155bef2,15,362,5〜7月,,カエデ類などの花に集まり、カエデ類とミズキへの成虫の来集が観察されている。寄主植物は未知とされる。,"Lemula nishimurai Seki, 1944",,,,include,2026-07-11,冊子362頁の対象種欄のみを採用。カエデ類・ミズキは成虫来集記録であり、幼虫寄主とは扱わない。,
kamikiri-h0-006,species-22425,フイリヒメハナカミキリ,フイリヒメハナカミキリ,日本産カミキリムシ,日本産カミキリムシ_compressed.pdf,52299895c14c1fd1c74279dca00f6fd9ba64d36d69e3bf3dd9c3a29a92802e77,efb17b5912fbb2c144dab4d99924dbc341e8f64054be7909dd7818cad155bef2,19,370,7〜8月,,中部山岳地帯のみに分布する典型的な針葉樹林帯の種で、オニシモツケ、ヤマブキショウマ、キイチゴ類などの花に見られるが、個体数は少ない。寄主植物は未知とされる。,"Pidonia (Pidonia) signata Matsushita, 1933",,,,include,2026-07-11,冊子370頁の対象種欄を目視確認。原典はPidonia (Pidonia)、現行はPseudopidoniaであるため分類名は上書きしない。,
kamikiri-h0-007,species-22416,オオミネヒメハナカミキリ,オオミネヒメハナカミキリ,日本産カミキリムシ,日本産カミキリムシ_compressed.pdf,52299895c14c1fd1c74279dca00f6fd9ba64d36d69e3bf3dd9c3a29a92802e77,efb17b5912fbb2c144dab4d99924dbc341e8f64054be7909dd7818cad155bef2,23,378-379,6〜7月,,針葉樹林帯を中心とした自然林に現れ、オオヤマレンゲ、ナナカマド、ヤグルマソウなどの花に集まるが個体数は少ない。寄主植物は未知とされる。,"Pidonia (Pidonia) ohminesana Mizuno, 1987",,,,include,2026-07-11,冊子378頁下段から379頁上段へ続く同一種を目視確認。原典はPidonia (Pidonia)、現行はPseudopidoniaであるため分類名は上書きしない。,
kamikiri-h0-008,species-22365,ニセフタオビチビハナカミキリ,ニセフタオビヒメハナカミキリ,日本産カミキリムシ,日本産カミキリムシ_compressed.pdf,52299895c14c1fd1c74279dca00f6fd9ba64d36d69e3bf3dd9c3a29a92802e77,efb17b5912fbb2c144dab4d99924dbc341e8f64054be7909dd7818cad155bef2,24-25,381-382,6〜8月,,針葉樹林帯から高山帯に現れ、上部に針葉樹林帯があるブナ帯でも見られる。林内や沢沿いの薄暗い場所の草本植物に訪花するが、個体数は少なく極めてまれである。寄主植物は未知とされる。,"Pidonia (Omphalodera) testacea (Matsushita, 1933)",,,,include,2026-07-11,見出しは冊子381頁下段、本文は382頁上段へ続くためPDF24〜25を目視確認。現行和名は「チビハナ」、原典和名は「ヒメハナ」。,
kamikiri-h0-009,species-22368,チュウジョウヒメハナカミキリ,チュウジョウヒメハナカミキリ,日本産カミキリムシ,日本産カミキリムシ_compressed.pdf,52299895c14c1fd1c74279dca00f6fd9ba64d36d69e3bf3dd9c3a29a92802e77,efb17b5912fbb2c144dab4d99924dbc341e8f64054be7909dd7818cad155bef2,25,383,6〜8月,,落葉広葉樹林から針葉樹林帯の自然林に見られ、コガクウツギやタンナサワフタギなどの花に集まる。寄主植物は未知とされる。,"Pidonia (Paleopidonia) chujoi Ohbayashi & Hayashi, 1960",,,,include,2026-07-11,冊子383頁の対象種欄のみを採用。原典はPidonia (Paleopidonia)、現行はPaleopidoniaであるため分類名は上書きしない。,
kamikiri-g1-001,species-22469,ツシマムナクボカミキリ 基亜種,ツシマムナクボカミキリ,日本産カミキリムシ,日本産カミキリムシ_compressed.pdf,52299895c14c1fd1c74279dca00f6fd9ba64d36d69e3bf3dd9c3a29a92802e77,efb17b5912fbb2c144dab4d99924dbc341e8f64054be7909dd7818cad155bef2,7,347,6〜9月,アカマツ|マツ科;クロマツ|マツ科;リュウキュウマツ|マツ科;カラマツ|マツ科,成虫はマツ類の倒木や伐採木に見られ、昼間は樹皮下などに潜み、夜間に表面へ出て活動し、灯火にもよく飛来する。西日本では海岸線のマツ林に多産するが、東日本では山間部で採集されることが多い。,"Cephalallus unicolor (Gahan, 1906)",,,,include,2026-07-11,冊子347頁のツシマムナクボカミキリ欄だけを採用。原典は種として扱うが現行は基亜種。次の冊子348頁リュウキュウムナクボカミキリ（現行の奄美沖縄亜種）の5〜10月、夜間のリュウキュウマツ伐採木、灯火飛来は混入させていない。寄主4種はいずれも冊子347頁の対象欄に明記。,
kamikiri-g1-002,species-22188,トホシハナカミキリ 基亜種,トホシハナカミキリ,日本産カミキリムシ,日本産カミキリムシ_compressed.pdf,52299895c14c1fd1c74279dca00f6fd9ba64d36d69e3bf3dd9c3a29a92802e77,efb17b5912fbb2c144dab4d99924dbc341e8f64054be7909dd7818cad155bef2,13,359,5〜8月,,原典は北海道・利尻島・本州の個体群を分割前の1種として扱い、寄主植物は未知とする。北海道渡島半島の大平山には特異な斑紋の個体群があるが、雄交尾器を含む形態差は見られない。,"Brachyta danilevskyi Tshernyshev & Dubatolov, 2005",,,,include_shared_group,2026-07-11,原典は種単位で北海道・利尻島・本州を一括し、出現期と寄主を地域別に分離していない。現行はspecies-22188基亜種と2018年記載のspecies-22190本州亜種に分割済み。本州の高山帯・訪花情報が派生亜種に属する可能性があるため基亜種へ自動適用しない。統合時は両亜種へ共通注記とするか、追加文献で地域別に再分配する。 出現期5〜8月は2018年の亜種分割前の種共通値として現行2亜種へ共有する。,
kamikiri-g1-003,species-22411,シラネヒメハナカミキリ 基亜種,シラネヒメハナカミキリ,日本産カミキリムシ,日本産カミキリムシ_compressed.pdf,52299895c14c1fd1c74279dca00f6fd9ba64d36d69e3bf3dd9c3a29a92802e77,efb17b5912fbb2c144dab4d99924dbc341e8f64054be7909dd7818cad155bef2,17,367,6〜8月,,針葉樹林帯に現れ、上部に針葉樹林帯がある地域ではブナ帯上部でも見られる。沢沿いのオニシモツケ、ヤグルマソウ、シラネセンキュウなど各種セリ科植物の花で普通に見られる。寄主植物は未知とされる。,"Pidonia (Pidonia) obscurior obscurior Pic, 1901",,,,include,2026-07-11,冊子367頁には種群共通説明と基亜種固有欄があるため、出現期・訪花・寄主未知は基亜種固有欄だけから抽出。次のハクサンシラネヒメハナカミキリの冊子368頁6〜8月・ナナカマドは含めていない。原典はPidonia (Pidonia)、現行はPseudopidonia。分類名は上書きしない。,
kamikiri-g1-004,species-22408,ヒミコヒメハナカミキリ 基亜種,ヒミコヒメハナカミキリ,日本産カミキリムシ,日本産カミキリムシ_compressed.pdf,52299895c14c1fd1c74279dca00f6fd9ba64d36d69e3bf3dd9c3a29a92802e77,efb17b5912fbb2c144dab4d99924dbc341e8f64054be7909dd7818cad155bef2,20,373,6〜8月,,低山地から山地の落葉広葉樹林に見られ、カエデ類、コゴメウツギ、ハイノキなどの花に集まるが、個体数は少ない。寄主植物は未知とされる。,"Pidonia (Pidonia) neglecta neglecta Kuboki, 1982",,,,include,2026-07-11,種群共通説明と基亜種固有欄を分離し、冊子373頁の基亜種欄から抽出。次の西九州亜種の4〜5月、ナナカマド・コゴメウツギ・タンナサワフタギへの訪花は含めていない。原典はPidonia (Pidonia)、現行はPseudopidonia。分類名は上書きしない。,
kamikiri-g1-005,species-22382,シンシュウヒメハナカミキリ 基亜種,シンシュウヒメハナカミキリ,日本産カミキリムシ,日本産カミキリムシ_compressed.pdf,52299895c14c1fd1c74279dca00f6fd9ba64d36d69e3bf3dd9c3a29a92802e77,efb17b5912fbb2c144dab4d99924dbc341e8f64054be7909dd7818cad155bef2,21,375,6〜7月,,長野県中北部、岐阜県北部、石川県の一部から知られ、ブナ帯上部から針葉樹林帯に生息する。寄主植物は未知とされる。,"Pidonia (Pidonia) hayakawai Kuboki, 2001",,,,include_shared_group,2026-07-11,原典は種単位で、2024年記載のspecies-22383東日本広域亜種への分割前の分布を一括している。出現期・寄主を現行2亜種へ地域別に割り当てられないため、基亜種へ自動適用しない。統合時はspecies-22382とspecies-22383の双方に共通注記として置くか、2024年原記載で分布境界を確認して再分配する。原典はPidonia (Pidonia)、現行はPseudopidonia。 2007年の種共通値として現行2亜種へ共有し、2024年以降の再分配が必要なことを明記する。,
kamikiri-g1-006,species-22398,マツシタヒメハナカミキリ 基亜種,マツシタヒメハナカミキリ,日本産カミキリムシ,日本産カミキリムシ_compressed.pdf,52299895c14c1fd1c74279dca00f6fd9ba64d36d69e3bf3dd9c3a29a92802e77,efb17b5912fbb2c144dab4d99924dbc341e8f64054be7909dd7818cad155bef2,23,379,6〜8月,,典型的な針葉樹林帯に生息し、そこでは個体数が多い。上部に針葉樹林帯がある地域ではブナ帯上部でも見られるが、個体数は少ない。オニシモツケ、ヤマブキショウマ、ゴトウヅルなどの花に集まる。寄主植物は未知とされる。,"Pidonia (Pidonia) matsushitai Ohbayashi, 1958",,,,include,2026-07-11,冊子379頁のマツシタヒメハナカミキリ欄だけを採用。次のハクバヒメハナカミキリ（現行の中部地方北域亜種）の生態は混入させていない。原典はPidonia (Pidonia)の種、現行はPseudopidoniaの基亜種。分類名は上書きしない。,
kamikiri-g1-007,species-22193,チビハナカミキリ,チビハナカミキリ,日本産カミキリムシ,日本産カミキリムシ_compressed.pdf,52299895c14c1fd1c74279dca00f6fd9ba64d36d69e3bf3dd9c3a29a92802e77,efb17b5912fbb2c144dab4d99924dbc341e8f64054be7909dd7818cad155bef2,29,390,5〜8月,ミズナラ|ブナ科,カエデやショウマの花に集まる。極東ロシアではカシ、カエデ、モミ、エゾマツなどへの寄生記録がある。,"Alosterna chalybeella (Bates, 1884)",,,,include,2026-07-11,冊子390頁内で完結。国内の明示寄主欄はミズナラだけをhost_plantsへ採用し、極東ロシアのカシ・カエデ・モミ・エゾマツはecologyに限定。次のホクチチビハナカミキリのニレ類・カエデ類は含めていない。,
kamikiri-g1-008,species-22239,アマミヨツスジハナカミキリ 基亜種,アマミヨツスジハナカミキリ,日本産カミキリムシ,日本産カミキリムシ_compressed.pdf,52299895c14c1fd1c74279dca00f6fd9ba64d36d69e3bf3dd9c3a29a92802e77,efb17b5912fbb2c144dab4d99924dbc341e8f64054be7909dd7818cad155bef2,37,406-407,4〜7月,,デイゴやイジュの花に集まる。寄主植物は未知とされる。,"Leptura ochraceofasciata amamiana Hayashi, 1960",,,,include,2026-07-11,見出しと異名欄は冊子406頁下段、本文は407頁上段。原典はLeptura ochraceofasciataの亜種、現行はLeptura amamianaの基亜種。次の沖縄本島亜種の値は混入させず、分類名は上書きしない。原典に寄主植物欄がないため未知として扱う。,
kamikiri-g1-009,species-22135,ヒゲナガアメイロカミキリ,ヒゲナガアメイロカミキリ,日本産カミキリムシ,日本産カミキリムシ_compressed.pdf,52299895c14c1fd1c74279dca00f6fd9ba64d36d69e3bf3dd9c3a29a92802e77,efb17b5912fbb2c144dab4d99924dbc341e8f64054be7909dd7818cad155bef2,56;173,444;679,,,成虫出現期と寄主植物は未知とされる。長崎の産地名が付された雌の後基準標本1個体以外には知られていない。原典の偶産種・疑問種一覧では、原産地が中国など東アジアの近隣地域である可能性が推定されている。,"Stenhomalus longicornis (Bates, 1873)",,,,include,2026-07-11,冊子444頁の通常種解説と冊子679頁の偶産種・疑問種一覧をともに画像で確認。両ブロックは同一taxonで矛盾せず、出現期・寄主は444頁で明示的に未知。679頁からは標本・原産地の補足だけを統合した。近接する別種Obrium obscuripenne takakuwaiの6〜8月と複数寄主は含めていない。,
kamikiri-g1-002-honshu,species-22190,トホシハナカミキリ 本州亜種,トホシハナカミキリ,日本産カミキリムシ,日本産カミキリムシ_compressed.pdf,52299895c14c1fd1c74279dca00f6fd9ba64d36d69e3bf3dd9c3a29a92802e77,efb17b5912fbb2c144dab4d99924dbc341e8f64054be7909dd7818cad155bef2,13,359,5〜8月,,本州では高山帯にのみ出現し、ウサギギクやハクサンフウロなど草本類の花に集まる。寄主植物は未知とされる。,"Brachyta danilevskyi Tshernyshev & Dubatolov, 2005",,,,include_shared_group,2026-07-11,原典は2018年の亜種分割前の種単位で北海道・本州を一括する。本州に明示された生態と種共通の5〜8月を本州亜種へ共有し、分類上の再分配経緯を保持する。,
kamikiri-g1-005-kuriharai,species-22383,シンシュウヒメハナカミキリ 東日本広域亜種,シンシュウヒメハナカミキリ,日本産カミキリムシ,日本産カミキリムシ_compressed.pdf,52299895c14c1fd1c74279dca00f6fd9ba64d36d69e3bf3dd9c3a29a92802e77,efb17b5912fbb2c144dab4d99924dbc341e8f64054be7909dd7818cad155bef2,21,375,6〜7月,,長野県中北部、岐阜県北部、石川県の一部から知られ、ブナ帯上部から針葉樹林帯に生息する。寄主植物は未知とされる。,"Pidonia (Pidonia) hayakawai Kuboki, 2001",,,,include_shared_group,2026-07-11,原典は2024年の亜種分割前の種単位。6〜7月・寄主未知を種共通値として東日本広域亜種へ共有し、原典の地域記述が分割前であることを保持する。,
kamikiri-g2-001,species-22117,ツシマアメイロカミキリ,ツシマアメイロカミキリ,日本産カミキリムシ,日本産カミキリムシ_compressed.pdf,52299895c14c1fd1c74279dca00f6fd9ba64d36d69e3bf3dd9c3a29a92802e77,efb17b5912fbb2c144dab4d99924dbc341e8f64054be7909dd7818cad155bef2,57,447,5〜8月,,国内（対馬）の寄主植物は未知。対馬では成虫がカエデ類などの花上から採集される。極東ロシアではトネリコ属が寄主として記録されるが、国内寄主には採用しない。,"Obrium obscuripenne obscuripenne Pic, 1904 (including O. tsushimanum Hayashi, 1974)",,,,include,2026-07-11,原典はO. tsushimanumをO. obscuripenne obscuripenneの異名として同一ブロックに置くが、現行CSVではspecies-22116とspecies-22117に再分割されている。対馬に明示限定された訪花・国内寄主未知はspecies-22117に対応しうるが、5〜8月が再分割後の種にそのまま適用できるか要確認。species-22116へ同一ブロックを重複登録しないこと。 対馬に限定された訪花記録と国内寄主未知を現行O. tsushimanumへ対応し、分割前の5〜8月であることを注記して採用する。,
kamikiri-g2-002,species-22166,ムモンチャイロホソバネカミキリ 基亜種,ムモンチャイロホソバネカミキリ,日本産カミキリムシ,日本産カミキリムシ_compressed.pdf,52299895c14c1fd1c74279dca00f6fd9ba64d36d69e3bf3dd9c3a29a92802e77,efb17b5912fbb2c144dab4d99924dbc341e8f64054be7909dd7818cad155bef2,66,465,6〜8月,タブノキ|クスノキ科;ホソバタブ|クスノキ科,成虫は伐採地を飛翔中によく採集され、ときには灯火にも飛来する。野外ではまれな種とされる。ほかの樹種から羽化した例もある。,"Thranius rufescens (Bates, 1884)",,,,include_shared_group,2026-07-11,原典は九州から先島諸島までを単一種として扱い、地域個体群の分類を未検討としている。現行CSVは基亜種・沖縄本島亜種・八重山亜種の3 IDへ分割済みで、出現期・寄主・生態は種全体の共通欄にしかない。基亜種だけへ限定せず、現行3亜種へ共有するか地域別根拠を追加してから反映すること。 原典の種共通値として、原典が包含した現行亜種へ共有する。,
kamikiri-g2-003,species-21888,チャイロチビヒラタカミキリ 基亜種,チャイロチビヒラタカミキリ,日本産カミキリムシ,日本産カミキリムシ_compressed.pdf,52299895c14c1fd1c74279dca00f6fd9ba64d36d69e3bf3dd9c3a29a92802e77,efb17b5912fbb2c144dab4d99924dbc341e8f64054be7909dd7818cad155bef2,74,480,6〜7月,ノブドウ|ブドウ科;ヤマブドウ|ブドウ科,成虫はノブドウの枯枝から採集され、産地は局所的とされる。,"Phymatodes (Phymatodellus) infasciatus (Pic, 1935)",,,,include_shared_group,2026-07-11,原典は北海道型P. vandykeiを異名に含め、北海道から九州までを単一種ブロックで扱う。一方、現行CSVは基亜種species-21888と北海道亜種species-21890に分割済み。6〜7月・寄主・生態は種共通欄で、基亜種固有と断定できないため、両亜種への共有または地域資料による再分離が必要。 原典の種共通値として、原典が包含した現行亜種へ共有する。,
kamikiri-g2-004,species-21945,アカネキスジトラカミキリ 基亜種,アカネキスジトラカミキリ,日本産カミキリムシ,日本産カミキリムシ_compressed.pdf,52299895c14c1fd1c74279dca00f6fd9ba64d36d69e3bf3dd9c3a29a92802e77,efb17b5912fbb2c144dab4d99924dbc341e8f64054be7909dd7818cad155bef2,79,491,5月,エゾエノキ|アサ科,成虫はエゾエノキの伐採木に集まる。産地は局所的で、野外での発見例は少ない。,"Cyrtoclytus monticallisus Komiya, 1980",,,,include,2026-07-11,原典は亜種分割前の種階級だが、分布を本州の近畿・中国地方に限定しており、2023年記載の現行北海道亜種species-21947を含まないため基亜種へ安全に対応可能。原典のニレ科は現行CSVに合わせてアサ科へ正規化し、原典Cyrtoclytusと現行Brachyclytusの分類差は上書きしない。,
kamikiri-g2-005,species-22973,ムラヤマムネコブサビカミキリ,ムラヤマムネコブサビカミキリ,日本産カミキリムシ,日本産カミキリムシ_compressed.pdf,52299895c14c1fd1c74279dca00f6fd9ba64d36d69e3bf3dd9c3a29a92802e77,efb17b5912fbb2c144dab4d99924dbc341e8f64054be7909dd7818cad155bef2,117,566-567,7月,センダン|センダン科,日本では中硫黄島のセンダン、キンネム、トウゴマなど多様な樹種の枯枝に普通に見られると報告される。海外では各種樹木の枯死部を広範囲に食害し、優占種になるとされる。,"Prosoplus (Prosoplus) bankii (Fabricius, 1775)",,,,include,2026-07-11,見出し・異名は冊子566頁、本文・出現期・寄主欄は567頁へ続く同一種を目視確認。直前の別種にある5〜8月・各種広葉樹およびマツ科と、タニサビカミキリの6〜9月・ヤチダモは混入させず、対象種の7月・センダンだけを採用。原典Prosoplus、現行Rhytiphoraの分類差は上書きしない。,
kamikiri-g2-006,species-22798,コブヤハズカミキリ 基亜種,コブヤハズカミキリ,日本産カミキリムシ,日本産カミキリムシ_compressed.pdf,52299895c14c1fd1c74279dca00f6fd9ba64d36d69e3bf3dd9c3a29a92802e77,efb17b5912fbb2c144dab4d99924dbc341e8f64054be7909dd7818cad155bef2,121,574,5〜10月,各種広葉樹|,ブナ林を中心に生息するが、東北地方北部の日本海側では標高約100 mのスギ林にも現れる。新成虫は晩夏から初秋に出現して越冬し、翌春に交尾・産卵すると考えられる。秋にはノブドウ、ヤマハンノキ、ウドなどの枯葉中に潜んで後食し、初夏には林道などを移動する個体が観察される。,"Mesechthistatus binodosus (Waterhouse) / M. binodosus binodosus (Waterhouse, 1881)",,,,include,2026-07-11,出現期・寄主・生態は2亜種に共通する種ブロック、基亜種固有欄は形態・分布のみ。merge提案: species-22798には共通ブロックを1回だけ統合し、基亜種見出しを別データとして重複生成しない。共通値は佐渡島亜種species-22799にも共有可能だが、別亜種欄の形態情報は混ぜない。原典Mesechthistatus、現行Parechthistatus (Mesechthistatus)の分類差は上書きしない。,
kamikiri-g2-007,species-22521,サキシマトゲムネカミキリ 基亜種,サキシマトゲムネカミキリ,日本産カミキリムシ,日本産カミキリムシ_compressed.pdf,52299895c14c1fd1c74279dca00f6fd9ba64d36d69e3bf3dd9c3a29a92802e77,efb17b5912fbb2c144dab4d99924dbc341e8f64054be7909dd7818cad155bef2,157,646,6〜8月,スダジイ|ブナ科;ガジュマル|クワ科;ホソバタブ|クスノキ科;タブノキ|クスノキ科;アカメガシワ|トウダイグサ科,,"Sciades (Estoliops) sakishimanus sakishimanus (Gressitt, 1951)",,,,include,2026-07-11,種共通欄は形態説明だけで、出現期・寄主は冊子646頁の基亜種固有欄から採用。merge提案: 種共通見出しからデータ行を作らず、基亜種固有欄をspecies-22521へ1回だけ統合する。直前のヤエヤマクロオビトゲムネカミキリ、および後続の奄美沖縄亜種species-22522の6〜7月・リュウキュウツシ等の寄主は混入させていない。原典Estoliopsと現行Estoliopusの綴り差は上書きしない。,
kamikiri-g2-008,species-22499,フタツメケシカミキリ,フタツメケシカミキリ,日本産カミキリムシ,日本産カミキリムシ_compressed.pdf,52299895c14c1fd1c74279dca00f6fd9ba64d36d69e3bf3dd9c3a29a92802e77,efb17b5912fbb2c144dab4d99924dbc341e8f64054be7909dd7818cad155bef2,"158,174","648-649,681",4〜11月,各種広葉樹|;リュウキュウマツ|マツ科;ムニンヤツデ|ウコギ科;モクタチバナ|サクラソウ科;テイカカズラ|キョウチクトウ科;テリハボク|テリハボク科;ソウシジュ|マメ科;ガジュマル|クワ科;クワ|クワ科;ハマビワ|クスノキ科;タブノキ|クスノキ科,,"Phloeopsis bioculata (Matsumura & Matsushita, 1933)",,,,include,2026-07-11,冊子648頁の種解説から4〜11月・各種広葉樹・リュウキュウマツを採用し、冊子683頁以降の寄主植物索引で9種の具体的寄主を再照合した。冊子681頁の訂正と現行甲虫目録ではPhloeopsis bioculataおよびP. iwojimana（イオウジマケシカミキリ）をNobuosciades bioculatusの異名として扱うため、正名ID species-22499へ統合する。,
kamikiri-g2-002-yaeyama,species-22167,ムモンチャイロホソバネカミキリ 八重山亜種,ムモンチャイロホソバネカミキリ,日本産カミキリムシ,日本産カミキリムシ_compressed.pdf,52299895c14c1fd1c74279dca00f6fd9ba64d36d69e3bf3dd9c3a29a92802e77,efb17b5912fbb2c144dab4d99924dbc341e8f64054be7909dd7818cad155bef2,66,465,6〜8月,タブノキ|クスノキ科;ホソバタブ|クスノキ科,成虫は伐採地を飛翔中によく採集され、ときには灯火にも飛来する。野外ではまれな種とされる。ほかの樹種から羽化した例もある。,"Thranius rufescens (Bates, 1884)",,,,include_shared_group,2026-07-11,原典は2023年の亜種分割前に八重山を含む九州〜先島個体群を単一種として扱う。6〜8月・寄主・生態を種共通値として共有する。,
kamikiri-g2-002-okinawa,species-22168,ムモンチャイロホソバネカミキリ 沖縄本島亜種,ムモンチャイロホソバネカミキリ,日本産カミキリムシ,日本産カミキリムシ_compressed.pdf,52299895c14c1fd1c74279dca00f6fd9ba64d36d69e3bf3dd9c3a29a92802e77,efb17b5912fbb2c144dab4d99924dbc341e8f64054be7909dd7818cad155bef2,66,465,6〜8月,タブノキ|クスノキ科;ホソバタブ|クスノキ科,成虫は伐採地を飛翔中によく採集され、ときには灯火にも飛来する。野外ではまれな種とされる。ほかの樹種から羽化した例もある。,"Thranius rufescens (Bates, 1884)",,,,include_shared_group,2026-07-11,原典は2023年の亜種分割前に沖縄本島を含む九州〜先島個体群を単一種として扱う。6〜8月・寄主・生態を種共通値として共有する。,
kamikiri-g2-003-hokkaido,species-21890,チャイロチビヒラタカミキリ 北海道亜種,チャイロチビヒラタカミキリ,日本産カミキリムシ,日本産カミキリムシ_compressed.pdf,52299895c14c1fd1c74279dca00f6fd9ba64d36d69e3bf3dd9c3a29a92802e77,efb17b5912fbb2c144dab4d99924dbc341e8f64054be7909dd7818cad155bef2,74,480,6〜7月,ノブドウ|ブドウ科;ヤマブドウ|ブドウ科,成虫はノブドウの枯枝から採集され、産地は局所的とされる。,"Phymatodes (Phymatodellus) infasciatus (Pic, 1935)",,,,include_shared_group,2026-07-11,原典は北海道型vandykeiを異名に含め北海道〜九州を単一種として扱う。6〜7月・寄主・生態を種共通値として北海道亜種へ共有する。,
kamikiri-2007-batch-f-0001,species-22014,クリストフコトラカミキリ,クリストフコトラカミキリ,日本産カミキリムシ,日本産カミキリムシ_compressed.pdf,52299895c14c1fd1c74279dca00f6fd9ba64d36d69e3bf3dd9c3a29a92802e77,efb17b5912fbb2c144dab4d99924dbc341e8f64054be7909dd7818cad155bef2,81,494,4〜6月,クヌギ|ブナ科;コナラ|ブナ科;クリ|ブナ科,成虫はコナラやクヌギなどの伐採木や薪に集まる。産地は局所的だが個体数は多い。,"Plagionotus christophi (Kraatz, 1879)",,,,include,2026-07-11,冊子p.494の対象欄のみを採用。直後のコトラカミキリの5〜8月・ミズナラを混入させない。,
kamikiri-2007-batch-f-0002,species-21970,トウキョウトラカミキリ,トウキョウトラカミキリ,日本産カミキリムシ,日本産カミキリムシ_compressed.pdf,52299895c14c1fd1c74279dca00f6fd9ba64d36d69e3bf3dd9c3a29a92802e77,efb17b5912fbb2c144dab4d99924dbc341e8f64054be7909dd7818cad155bef2,85,502,4〜6月,コナラ|ブナ科;ミズナラ|ブナ科;ブナ|ブナ科,成虫はカエデ類やナシなどの花上から採集される。産地は局所的だが日本海側では多産地も少なくない。,"Chlorophorus yedoensis (Kano, 1933)",,,,include,2026-07-11,冊子p.502の対象欄のみを採用。直後のトウホクトラカミキリの7〜8月・ノブドウ類を混入させない。,
kamikiri-2007-batch-f-0003,species-22727,ヨツスジカミキリ,ヨツスジカミキリ,日本産カミキリムシ,日本産カミキリムシ_compressed.pdf,52299895c14c1fd1c74279dca00f6fd9ba64d36d69e3bf3dd9c3a29a92802e77,efb17b5912fbb2c144dab4d99924dbc341e8f64054be7909dd7818cad155bef2,97,527,4〜10月,クロツグ|ヤシ科,成虫は夜行性で昼間はヤシの枯葉の間で見られる。,"Notomulciber (Micromulciber) quadrisignatus (Schwarzer, 1925)",,,,include,2026-07-11,冊子p.527の対象種欄のみを採用。前頁のウスアヤカミキリ類と後続族の情報は不採用。,
kamikiri-2007-batch-f-0004,species-22539,オオシマドウボソカミキリ,オオシマドウボソカミキリ,日本産カミキリムシ,日本産カミキリムシ_compressed.pdf,52299895c14c1fd1c74279dca00f6fd9ba64d36d69e3bf3dd9c3a29a92802e77,efb17b5912fbb2c144dab4d99924dbc341e8f64054be7909dd7818cad155bef2,108-109,549-550,4〜7月,,成虫はススキ類から見つかる。寄主植物は未知とされる。,"Hyllisia (Hyllisia) taihokensis (Matsushita, 1933)",,,,include,2026-07-11,種見出しはp.549で本文・出現期・寄主欄はp.550へ継続。原典は奄美大島産H. oshimanaを地理変異としてH. taihokensisに含めるが現行CSVのHyllisia oshimanaへの分割を保持する。,
kamikiri-2007-batch-f-0005,species-22954,オオキハネナシサビカミキリ,オオキハネナシサビカミキリ,日本産カミキリムシ,日本産カミキリムシ_compressed.pdf,52299895c14c1fd1c74279dca00f6fd9ba64d36d69e3bf3dd9c3a29a92802e77,efb17b5912fbb2c144dab4d99924dbc341e8f64054be7909dd7818cad155bef2,116,564,5〜7月,スダジイ|ブナ科,,"Pterolophia (Pseudale) izumikurana (Hayashi, 1971)",,,,include,2026-07-11,冊子p.564の対象欄のみを採用。前種オオシマハネナシサビおよび後種キュウシュウハネナシサビの寄主を混入させない。,
kamikiri-2007-batch-f-0006,species-22747,センノカミキリ 奄美亜種,アマミセンノキカミキリ,日本産カミキリムシ,日本産カミキリムシ_compressed.pdf,52299895c14c1fd1c74279dca00f6fd9ba64d36d69e3bf3dd9c3a29a92802e77,efb17b5912fbb2c144dab4d99924dbc341e8f64054be7909dd7818cad155bef2,127,587,5〜8月,リュウキュウハリギリ|ウコギ科;タラノキ|ウコギ科,,"Acalolepta luxuriosa kawadai Takakuwa, 1984",,,,include,2026-07-11,冊子p.587の対象亜種欄のみを採用。原典和名をsource_japanese_nameに保持し後続オキナワセンノキカミキリの情報は不採用。,
kamikiri-2007-batch-f-0007,species-22740,ハチジョウビロウドカミキリ,ハチジョウビロウドカミキリ,日本産カミキリムシ,日本産カミキリムシ_compressed.pdf,52299895c14c1fd1c74279dca00f6fd9ba64d36d69e3bf3dd9c3a29a92802e77,efb17b5912fbb2c144dab4d99924dbc341e8f64054be7909dd7818cad155bef2,128,588-589,5〜8月,,寄主植物は未知とされる。,"Acalolepta hachijoensis (Gressitt, 1956)",,,,include,2026-07-11,種見出しと本文はp.588からp.589へ継続。対象欄の寄主未知を保持し隣接するオガサワラビロウド・ビロウドカミキリの寄主は不採用。,
kamikiri-2007-batch-f-0008,species-22827,アマミフトカミキリ,アマミフトカミキリ,日本産カミキリムシ,日本産カミキリムシ_compressed.pdf,52299895c14c1fd1c74279dca00f6fd9ba64d36d69e3bf3dd9c3a29a92802e77,efb17b5912fbb2c144dab4d99924dbc341e8f64054be7909dd7818cad155bef2,136,604,6月,,寄主植物は未知とされる。,"Peblephaeus satoi Makihara, 2003",,,,include,2026-07-11,冊子p.604の対象欄のみを採用。形態比較に挙がるイシガキフト・ノブオフトの情報は混入させない。,
kamikiri-2007-batch-f-0009,species-22656,ハラアカコブカミキリ,ハラアカコブカミキリ,日本産カミキリムシ,日本産カミキリムシ_compressed.pdf,52299895c14c1fd1c74279dca00f6fd9ba64d36d69e3bf3dd9c3a29a92802e77,efb17b5912fbb2c144dab4d99924dbc341e8f64054be7909dd7818cad155bef2,138,608,春から初夏期、秋期,ブナ類|ブナ科;カシ類|ブナ科;ナラ類|ブナ科;ノグルミ|クルミ科,シイタケ原木の害虫として著名である。対馬からの薪やシイタケ原木の移動に伴って国内分布を拡大した。夏の終わり頃から秋に新成虫が羽化し野外で成虫越冬するため盛夏を除き通年成虫を見られる。,"Moechotypa diphysis (Pascoe, 1871)",,,,include,2026-07-11,冊子p.608の対象欄のみを採用。広域分布の経緯と成虫越冬を本文生態として保持した。,
kamikiri-2007-batch-f-0010,species-22694,カスリチビカミキリ,カスリチビカミキリ,日本産カミキリムシ,日本産カミキリムシ_compressed.pdf,52299895c14c1fd1c74279dca00f6fd9ba64d36d69e3bf3dd9c3a29a92802e77,efb17b5912fbb2c144dab4d99924dbc341e8f64054be7909dd7818cad155bef2,146,624,10月,モミ|マツ科,新成虫は秋に出現し成虫越冬後の翌年7月頃まで生存する。モミの新しい枯枝に集まる。,"Mimectatina variegata Kusama & Takakuwa, 1984",,,,include,2026-07-11,冊子p.624の対象欄のみを採用。前後のシロオビドイカミキリ・ドイカミキリのデータは不採用。,
kamikiri-2007-batch-f-0011,species-22660,トゲムネアラゲカミキリ,トゲムネアラゲカミキリ,日本産カミキリムシ,日本産カミキリムシ_compressed.pdf,52299895c14c1fd1c74279dca00f6fd9ba64d36d69e3bf3dd9c3a29a92802e77,efb17b5912fbb2c144dab4d99924dbc341e8f64054be7909dd7818cad155bef2,149,630,7月,サワグルミ|クルミ科,成虫はサワグルミの葉を後食し幼虫はその枯枝に穿孔する。四国ではやや太めの枯枝に食入することが知られ産地は局地的である。,"Aragea mizunoi Hayashi, 1953",,,,include,2026-07-11,冊子p.630の対象欄のみを採用。属解説と後続クリイロチビケブカカミキリの情報は不採用。,
kamikiri-2007-batch-f-0012,species-22501,ケズネケシカミキリ,ケズネケシカミキリ,日本産カミキリムシ,日本産カミキリムシ_compressed.pdf,52299895c14c1fd1c74279dca00f6fd9ba64d36d69e3bf3dd9c3a29a92802e77,efb17b5912fbb2c144dab4d99924dbc341e8f64054be7909dd7818cad155bef2,158,648,5〜11月,,寄主植物は未知とされる。,"Phloeopsis lanata (N. Ohbayashi, 1976)",,,,include,2026-07-11,冊子p.648の対象欄のみを採用。原典のPhloeopsis lanataから現行Nobuosciades lanatusへの属移動・語尾変更は上書きしない。,
kamikiri-2007-batch-f-0013,species-23047,アオキクスイカミキリ,アオキクスイカミキリ,日本産カミキリムシ,日本産カミキリムシ_compressed.pdf,52299895c14c1fd1c74279dca00f6fd9ba64d36d69e3bf3dd9c3a29a92802e77,efb17b5912fbb2c144dab4d99924dbc341e8f64054be7909dd7818cad155bef2,168,668,4〜7月,,現在まで数個体しか得られておらず寄主植物は未知とされる。,"Phytoecia (Phytoecia) coeruleonicans Breuning, 1946",,,,include,2026-07-11,冊子p.668の見出し・引用はcoeruleonicans・1946表記。現行CSVのcoeruleomicans Breuning 1947は保持しOCR誤読ではなく原典表記差として記録する。,
kamikiri-2007-batch-f-0014,species-23039,ツシマホソキリンゴカミキリ,ツシマホンキリンゴカミキリ,日本産カミキリムシ,日本産カミキリムシ_compressed.pdf,52299895c14c1fd1c74279dca00f6fd9ba64d36d69e3bf3dd9c3a29a92802e77,efb17b5912fbb2c144dab4d99924dbc341e8f64054be7909dd7818cad155bef2,170,672-673,6〜7月,ハギ類|マメ科,成虫はハギ類に集まり生葉を後食し特に夕刻はその周囲を活発に飛翔する。,"Oberea vittata Blessig, 1873",,,,include,2026-07-11,種見出しはp.672で生態・出現期・寄主欄はp.673へ継続。原典のホンキリンゴ表記をsource_japanese_nameに保持し前種ホリキリンゴの多食性情報は混入させない。,
kamikiri-2007-batch-f-0015,species-23038,オキノエラブリンゴカミキリ,オキノエラブリンゴカミキリ,日本産カミキリムシ,日本産カミキリムシ_compressed.pdf,52299895c14c1fd1c74279dca00f6fd9ba64d36d69e3bf3dd9c3a29a92802e77,efb17b5912fbb2c144dab4d99924dbc341e8f64054be7909dd7818cad155bef2,170,673,4〜6月,タブノキ類|クスノキ科,成虫はタブノキ類に集まり生葉を後食する。,"Oberea umebayashii Ohbayashi, 1964",,,,include,2026-07-11,冊子p.673の対象欄のみを採用。直前のオキナワリンゴカミキリの3〜7月と後続ミヤコリンゴの情報は不採用。,
kamikiri-2007-batch-f-0016,species-22266,チュウジョウホソハナカミキリ,チュウジョウホソハナカミキリ,日本産カミキリムシ,日本産カミキリムシ_compressed.pdf,52299895c14c1fd1c74279dca00f6fd9ba64d36d69e3bf3dd9c3a29a92802e77,efb17b5912fbb2c144dab4d99924dbc341e8f64054be7909dd7818cad155bef2,173,678,,,台湾に分布し日本の記録は人為的な移入由来と考えられている。,"Nanostrangalia chujoi (Mitono, 1938)",,,,include,2026-07-11,冊子p.678の偶産種・疑問種欄。出現期・寄主欄はなく鹿児島県北岡の1941年記録と移入判断だけを採用。,
kamikiri-2007-batch-f-0017,species-22325,ウスリーホソコバネカミキリ,ウスリーホソコバネカミキリ,日本産カミキリムシ,日本産カミキリムシ_compressed.pdf,52299895c14c1fd1c74279dca00f6fd9ba64d36d69e3bf3dd9c3a29a92802e77,efb17b5912fbb2c144dab4d99924dbc341e8f64054be7909dd7818cad155bef2,173,678,,,日本では札幌市藻岩山で採集された雄1頭の記録があるがホソコバネカミキリの誤同定と考えられる。本種とホソコバネカミキリは異所的に分布する同一種の亜種関係にあると考えられている。,"Necydalis morio Kraatz, 1879",,,,include,2026-07-11,冊子p.678の偶産種・疑問種欄。出現期・寄主情報はなく記録の再評価だけを採用。,
kamikiri-2007-batch-f-0018,species-22514,ヤマトトゲバカミキリ,ヤマトトゲバカミキリ,日本産カミキリムシ,日本産カミキリムシ_compressed.pdf,52299895c14c1fd1c74279dca00f6fd9ba64d36d69e3bf3dd9c3a29a92802e77,efb17b5912fbb2c144dab4d99924dbc341e8f64054be7909dd7818cad155bef2,174,681,,,1959年に和歌山県で採集された雄1頭に基づき記載されたがその後の記録はない。近縁種の分布状態から偶産の可能性が高いとされる。,"Rondibilis japonica Hayashi, 1968",,,,include,2026-07-11,冊子p.681の偶産種・疑問種欄。原典OCRでは属名がMondibillis・Rondibillisと崩れるため現行綴りをsource_taxonに採用した。,
kamikiri-merge-parandra-formosana,species-21846,タイワンニセクワガタカミキリ,,日本産カミキリムシ,日本産カミキリムシ_compressed.pdf,52299895c14c1fd1c74279dca00f6fd9ba64d36d69e3bf3dd9c3a29a92802e77,efb17b5912fbb2c144dab4d99924dbc341e8f64054be7909dd7818cad155bef2,,,,,,"Parandra (Parandra) formosana Miwa & Mitono, 1939",タイワンニセクワガタカミキリ,"Parandra (Parandra) formosana Miwa & Mitono, 1939",タイワンニセクワガタカミキリ,merge_duplicate_taxon,2026-07-11,2007年原典がタイワンニセクワガタカミキリとして扱った先島諸島個体群は2010年にKomiyandra uenoiとして記載済み。現行ID 11が旧学名を異名として保持するため、旧分類名の重複行species-21846を統合する。,11
kamikiri-merge-aegosoma-savoryi,species-21837,オガサワラウスバカミキリ,,日本産カミキリムシ,日本産カミキリムシ_compressed.pdf,52299895c14c1fd1c74279dca00f6fd9ba64d36d69e3bf3dd9c3a29a92802e77,efb17b5912fbb2c144dab4d99924dbc341e8f64054be7909dd7818cad155bef2,,,,,,"Megopis sinica savoryi Kusui, 1974",オガサワラウスバカミキリ,"Megopis sinica savoryi Kusui, 1974",オガサワラウスバカミキリ,merge_duplicate_taxon,2026-07-11,既存ID 1-3が現行分類Aegosoma sinicum savoryiと旧学名Megopis sinica savoryiを保持し、オガサワラウスバカミキリを旧和名として登録済みである。甲虫目録取り込みで生じた旧分類名の重複行species-21837を正本ID 1-3へ統合する。,1-3
kamikiri-merge-nobuosciades-bioculatus,species-22500,イオウジマケシカミキリ,,日本産カミキリムシ,日本産カミキリムシ_compressed.pdf,52299895c14c1fd1c74279dca00f6fd9ba64d36d69e3bf3dd9c3a29a92802e77,efb17b5912fbb2c144dab4d99924dbc341e8f64054be7909dd7818cad155bef2,,,,,,"Phloeopsis bioculata (Matsumura & Matsushita, 1933)",イオウジマケシカミキリ,"Phloeopsis bioculata (Matsumura & Matsushita, 1933)",イオウジマケシカミキリ,merge_duplicate_taxon,2026-07-11,現行甲虫目録ではPhloeopsis bioculataとP. iwojimana（イオウジマケシカミキリ）はNobuosciades bioculatus（フタツメケシカミキリ）の異名である。旧属名から生成された重複行species-22500を正名ID species-22499へ統合する。,species-22499
kamikiri-exact-gap-001,species-22376,ヤノヒメハナカミキリ,ヤノヒメハナカミキリ,日本産カミキリムシ,日本産カミキリムシ_compressed.pdf,52299895c14c1fd1c74279dca00f6fd9ba64d36d69e3bf3dd9c3a29a92802e77,efb17b5912fbb2c144dab4d99924dbc341e8f64054be7909dd7818cad155bef2,21,375,,,紀伊山地を中心に生息すると考えられるが分布範囲はよくわかっておらず、寄主植物も未知とされる。,"Pidonia (Pidonia) chairo Tamanuki, 1942",,,,include,2026-07-11,冊子375頁の対象種欄を画像で確認。原典に成虫出現期の記載はないため空欄とし、寄主未知と分布範囲の不確実性を生態情報として保持する。現行Pseudopidoniaへの属移動は上書きしない。,
kamikiri-exact-gap-002,species-22198,カサハラツヤケシハナカミキリ,カサハラツヤケシハナカミキリ,日本産カミキリムシ,日本産カミキリムシ_compressed.pdf,52299895c14c1fd1c74279dca00f6fd9ba64d36d69e3bf3dd9c3a29a92802e77,efb17b5912fbb2c144dab4d99924dbc341e8f64054be7909dd7818cad155bef2,33,399,4〜6月,リュウキュウマツ|マツ科,成虫はシイの花を訪れるほか、マツ類の枯死木に集まる。石垣島から記録されたAnastrangalia dissimilisの正体は確認されていない。,"Anastrangalia kasaharai Makihara, 2002",,,,include,2026-07-11,冊子399頁の対象種欄を画像で確認。PDF段組み境界で自動抽出が落としていた出現期・寄主・生態を採用し、直前のツヤケシハナカミキリの情報を混入させていない。,
kamikiri-exact-gap-003,species-21981,オキナワトゲヒゲトラカミキリ,オキナワトゲヒゲトラカミキリ,日本産カミキリムシ,日本産カミキリムシ_compressed.pdf,52299895c14c1fd1c74279dca00f6fd9ba64d36d69e3bf3dd9c3a29a92802e77,efb17b5912fbb2c144dab4d99924dbc341e8f64054be7909dd7818cad155bef2,87,507,3月,,寄主植物は未知とされる。,"Demonax sawaii Ikeda, 1990",,,,include,2026-07-11,冊子507頁の対象種欄を画像で確認。出現期3月と原典が明記する寄主未知を採用し、前種サキシマトゲヒゲトラカミキリの寄主を混入させていない。,
kamikiri-exact-gap-004,species-21871,アカヒゲアオカミキリ,アカヒゲアオカミキリ,日本産カミキリムシ,日本産カミキリムシ_compressed.pdf,52299895c14c1fd1c74279dca00f6fd9ba64d36d69e3bf3dd9c3a29a92802e77,efb17b5912fbb2c144dab4d99924dbc341e8f64054be7909dd7818cad155bef2,173,679,,,本書は京都から記載された特徴に合う種が日本に分布していない可能性が高いと評価している。,"Chelidonium testaceicorne Pic, 1946",,,,include,2026-07-11,冊子679頁の偶産種・疑問種一覧を画像で確認。出現期・寄主の記載はなく、2007年時点の記録評価だけを採用する。,
kamikiri-exact-gap-005,species-21985,エゾムモントゲヒゲトラカミキリ,エゾムモントゲヒゲトラカミキリ,日本産カミキリムシ,日本産カミキリムシ_compressed.pdf,52299895c14c1fd1c74279dca00f6fd9ba64d36d69e3bf3dd9c3a29a92802e77,efb17b5912fbb2c144dab4d99924dbc341e8f64054be7909dd7818cad155bef2,174,680,,,原記載に用いられた札幌産の雌1個体以外に記録がなく、その基準標本も紛失しているため正体不明とされる。,"Demonax jezoensis Matsushita & Tamanuki, 1935",,,,include,2026-07-11,冊子680頁の偶産種・疑問種一覧を画像で確認。出現期・寄主の記載はなく、標本と同定状況の評価だけを採用する。現行Grammographusへの属移動は上書きしない。,
kamikiri-exact-gap-006,species-22762,ツヤハダゴマダラカミキリ,ツヤハダゴマダラカミキリ,日本産カミキリムシ,日本産カミキリムシ_compressed.pdf,52299895c14c1fd1c74279dca00f6fd9ba64d36d69e3bf3dd9c3a29a92802e77,efb17b5912fbb2c144dab4d99924dbc341e8f64054be7909dd7818cad155bef2,174,681,,,本書は本州からの記録をゴマダラカミキリの誤同定と評価している。これは2007年時点の記録評価であり、現在の国内発生状況を示すものではない。,"Anoplophora glabripennis (Motschulsky, 1835)",,,,include,2026-07-11,冊子681頁の偶産種・疑問種一覧を画像で確認。出現期・寄主の記載はなく、原典の本州記録評価だけを採用する。原典見出しの1835表記で現行CSVの1853を上書きしない。,
kamikiri-yaeyama-doius,species-22687,ドイカミキリ 八重山亜種,ヤエヤマドイカミキリ,日本産カミキリムシ,日本産カミキリムシ_compressed.pdf,52299895c14c1fd1c74279dca00f6fd9ba64d36d69e3bf3dd9c3a29a92802e77,efb17b5912fbb2c144dab4d99924dbc341e8f64054be7909dd7818cad155bef2,146,625,3〜6月,カラスザンショウ|ミカン科,,"Mimectatina divaricata yayeyamana (Toyoshima, 1982)",,,,include,2026-07-11,冊子625頁の八重山亜種欄を画像で確認。基亜種の4〜10月・各種広葉樹およびマツ科、伊豆亜種・奄美亜種の寄主を混入させず、八重山亜種固有の3〜6月・カラスザンショウだけを採用する。,
kamikiri-merge-doius-yayeyamana,species-22688,ヤエヤマドイカミキリ,,日本産カミキリムシ,日本産カミキリムシ_compressed.pdf,52299895c14c1fd1c74279dca00f6fd9ba64d36d69e3bf3dd9c3a29a92802e77,efb17b5912fbb2c144dab4d99924dbc341e8f64054be7909dd7818cad155bef2,,,,,,"Doius divaricata yayeyamana Toyoshima, 1982",ヤエヤマドイカミキリ,"Doius divaricata yayeyamana Toyoshima, 1982",ヤエヤマドイカミキリ,merge_duplicate_taxon,2026-07-11,現行ID species-22687が受容名Mimectatina divaricata yayeyamanaと旧和名ヤエヤマドイカミキリを保持しているため、旧属Doiusの重複行species-22688を統合する。,species-22687
kamikiri-h3-001,species-22640,タイワンチビカミキリ 奄美沖縄亜種,オキナワタイワンチビカミキリ,日本産カミキリムシ,日本産カミキリムシ_compressed.pdf,52299895c14c1fd1c74279dca00f6fd9ba64d36d69e3bf3dd9c3a29a92802e77,efb17b5912fbb2c144dab4d99924dbc341e8f64054be7909dd7818cad155bef2,102,537,5〜8月,,低地のクワ科植物の葉のついた枯枝を叩き網で採集できる。山地では見られず、沖縄島ではおもに南部で採集される。寄主植物は未知とされる。,"Sybra (Sybra) pascoei okinawana Breuning & Ohbayashi, 1967",,,,include,2026-07-11,冊子537頁内で完結。原典見出しの亜種名は現行科学名と一致。OCRのchinawanaや叩き組は画像でokinawana、叩き網と訂正した。クワ科植物は採集基質としてのみ記され、原典の寄主欄は未知なのでhost_plantsへ入れていない。,
kamikiri-h3-002,species-22639,タイワンチビカミキリ 先島諸島亜種,イシガキタイワンチビカミキリ,日本産カミキリムシ,日本産カミキリムシ_compressed.pdf,52299895c14c1fd1c74279dca00f6fd9ba64d36d69e3bf3dd9c3a29a92802e77,efb17b5912fbb2c144dab4d99924dbc341e8f64054be7909dd7818cad155bef2,102-103,537-538,3〜8月,アカメガシワ|トウダイグサ科;ボタンヅル|キンポウゲ科,畑のまわりにあるアコウやガジュマルの細い枯枝に多い。,"Sybra (Sybra) pascoei ishigakii Breuning & Ohbayashi, 1964",,,,include,2026-07-11,分布地名だけが冊子538頁上端へ続き、出現期・寄主・生態は冊子537頁で完結。OCRでishigaki等と欠落した末尾iは画像見出しでishigakiiを確認。アコウとガジュマルは成虫の採集基質であり、明示寄主ではないためhost_plantsには加えていない。,
kamikiri-h3-003,species-22552,カスリドウボソカミキリ 八重山亜種,ヤエヤマカスリドウボソカミキリ,日本産カミキリムシ,日本産カミキリムシ_compressed.pdf,52299895c14c1fd1c74279dca00f6fd9ba64d36d69e3bf3dd9c3a29a92802e77,efb17b5912fbb2c144dab4d99924dbc341e8f64054be7909dd7818cad155bef2,109,551,4〜8月,テリハノブドウ|ブドウ科;シマサルナシ|マタタビ科;クサギ|シソ科;ジャケツイバラ|マメ科,,"Pothyne variegata yayeyamana Breuning & Ohbayashi, 1966",,,,include,2026-07-11,冊子551頁内で完結。原典和名と現行和名は亜種表現が異なるが科学名で一意に対応する。見出しはyaeyamana、直下の原記載引用と現行目録はyayeyamanaでありsource_taxonは後者に従った。OCRのドウボン等は画像でドウボソと訂正し、クサギの科名は現行体系のシソ科へ正規化した。,
kamikiri-h3-004,species-22545,タテスジドウボソカミキリ 波照間島亜種,ハテルマタテスジドウボソカミキリ,日本産カミキリムシ,日本産カミキリムシ_compressed.pdf,52299895c14c1fd1c74279dca00f6fd9ba64d36d69e3bf3dd9c3a29a92802e77,efb17b5912fbb2c144dab4d99924dbc341e8f64054be7909dd7818cad155bef2,110,553,6月,,寄主植物は未知とされる。,"Pothyne formosana haterumaensis Takakuwa, 1984",,,,include,2026-07-11,冊子553頁内で完結。見出しは現行と同じhaterumaensisだが直下の原記載引用はhaterumanaと印刷される。波照間島だけの亜種で対応は一意のため見出しと現行目録に従った。,
kamikiri-h3-005,species-22748,センノカミキリ 伊豆諸島亜種,クロセンノカミキリ,日本産カミキリムシ,日本産カミキリムシ_compressed.pdf,52299895c14c1fd1c74279dca00f6fd9ba64d36d69e3bf3dd9c3a29a92802e77,efb17b5912fbb2c144dab4d99924dbc341e8f64054be7909dd7818cad155bef2,127,586,5〜8月,ハリギリ|ウコギ科,,"Acalolepta luxuriosa kuro Makihara, 1977",,,,include,2026-07-11,冊子586頁の原典画像を再確認。寄主欄はハリギリのみであり、従来行のリュウキュウハリギリ・タラノキは後続アマミセンノキカミキリ欄からの境界混入だったため除外した。分布拡大に関する推測文は公開生態情報から除外する。,
kamikiri-h3-006,species-22665,ハイイロツツクビカミキリ,ハイイロツツクビカミキリ,日本産カミキリムシ,日本産カミキリムシ_compressed.pdf,52299895c14c1fd1c74279dca00f6fd9ba64d36d69e3bf3dd9c3a29a92802e77,efb17b5912fbb2c144dab4d99924dbc341e8f64054be7909dd7818cad155bef2,145,622,4〜10月,サワグルミ|クルミ科;クマシデ|カバノキ科;アケビ|アケビ科,成虫は春から秋まで見られ、シデ類やハンノキ類の細い枯枝から採集され、灯火にも飛来するが、一般に多い種ではない。飼育下では新成虫が8月下旬に羽化脱出する。,"Cylindilla grisescens Bates, 1884",,,,include,2026-07-11,冊子622頁内で完結。OCRだけでは末尾のアケビを落としやすいため画像で3寄主を確認。旧レポートのエノキ候補は本項の明示寄主ではないため混入させていない。,
kamikiri-h3-007,species-22666,イシガキツツサビカミキリ,イシガキツツクビカミキリ,日本産カミキリムシ,日本産カミキリムシ_compressed.pdf,52299895c14c1fd1c74279dca00f6fd9ba64d36d69e3bf3dd9c3a29a92802e77,efb17b5912fbb2c144dab4d99924dbc341e8f64054be7909dd7818cad155bef2,145,622,3〜8月,リュウキュウテイカカズラ|キョウチクトウ科,成虫はリュウキュウテイカカズラの枯蔓から採集される。4月に石垣島で加害を認めた寄主植物を京都府下で飼育したところ、8月下旬に新成虫が羽化脱出した。,"Cylindilla makiharai Hasegawa, 1992",,,,include,2026-07-11,冊子622頁内で完結。原典和名イシガキツツクビカミキリと現行和名は異なるが科学名で一意に対応する。括弧内のテイカカズラ属は分類注記であり別寄主として重複登録しない。OCRの飼育地誤読は画像で京都府下と確認した。,
kamikiri-h3-008,species-23021,ムナグロリンゴカミキリ,ムネグロリンゴカミキリ,日本産カミキリムシ,日本産カミキリムシ_compressed.pdf,52299895c14c1fd1c74279dca00f6fd9ba64d36d69e3bf3dd9c3a29a92802e77,efb17b5912fbb2c144dab4d99924dbc341e8f64054be7909dd7818cad155bef2,169,670,7〜8月,エゾゴマナ|キク科;ヒヨドリバナ類|キク科,前種と同様の環境下に見られ、キク科植物に集まり葉を後食するが、前種より高標高地に出現する。,"Nupserha sericans (Bates, 1884)",,,,include,2026-07-11,冊子670頁内で完結。原典和名ムネグロと現行和名ムナグロの表記差はあるが科学名で一意に対応する。OCRのビヨドリバナは画像でヒヨドリバナと訂正した。,
kamikiri-h3-009,species-22298,キソコマベニハナカミキリ,キソコマベニカミキリ,日本産カミキリムシ,日本産カミキリムシ_compressed.pdf,52299895c14c1fd1c74279dca00f6fd9ba64d36d69e3bf3dd9c3a29a92802e77,efb17b5912fbb2c144dab4d99924dbc341e8f64054be7909dd7818cad155bef2,172,677,,,長野県木曽駒ヶ岳で採集された記録があるが、バイカル以東の分布は知られず、日本の記録は疑問とされる。寄主植物の記載はない。,"Stenurella meranura (Linnaeus, 1758)",,,,include,2026-07-11,冊子677頁の偶産種・疑問種一覧を画像で確認。原典見出しと引用はmeranuraと印刷されるが現行科学名はStenurella melanuraであり原典側の綴り誤り。日本記録の不確実性を明示したうえで同じ和名の現行IDへ記録評価を対応させる。,
kamikiri-h2-001,species-22338,クロヨコモンヒメハナカミキリ,クロヨコモンヒメハナカミキリ,日本産カミキリムシ,日本産カミキリムシ_compressed.pdf,52299895c14c1fd1c74279dca00f6fd9ba64d36d69e3bf3dd9c3a29a92802e77,efb17b5912fbb2c144dab4d99924dbc341e8f64054be7909dd7818cad155bef2,27,387,7〜8月,,本州の三国山系を中心にきわめて局所的に分布し、針葉樹林帯から高山帯に現れる。ヨコモンヒメハナカミキリとの混生地ではより高標高地に棲み分け、ミチノクヒメハナカミキリとは異所的に分布する。ハクサンフウロ、モミジカラマツ、ヤマブキショウマなどの花に見られる。寄主植物は未知とされる。,"Pidonia (Cryptopidonia) hayashii Koike, 1971",,,,include,2026-07-11,冊子387頁の対象種欄を目視確認。原典Pidonia (Cryptopidonia)、現行Cryptopidoniaは同一分類群の組合せ変更。旧組合せspecies-22339へ重複反映せず、直前のミチノクヒメハナカミキリの情報も含めていない。,
kamikiri-h2-002,species-22224,ニセハコネホソハナカミキリ,ニセハコネホソハナカミキリ,日本産カミキリムシ,日本産カミキリムシ_compressed.pdf,52299895c14c1fd1c74279dca00f6fd9ba64d36d69e3bf3dd9c3a29a92802e77,efb17b5912fbb2c144dab4d99924dbc341e8f64054be7909dd7818cad155bef2,43,418,7〜8月,,日陰にあるノリウツギやショウマ類などに集まる。寄主植物は未知とされる。,"Idiostrangalia shimomurai N. Ohbayashi et Takahashi, 1985",,,,include,2026-07-11,冊子418頁内で完結する対象種欄を目視確認。ノリウツギとショウマ類は訪花先としてecologyに保持しhost_plantsには入れていない。直前種の6〜8月・タンナサワフタギ等と後続のハコネホソハナカミキリの情報は含めていない。,
kamikiri-h2-003,species-22320,ヤクシマホソコバネカミキリ,ヤクシマホソコバネカミキリ,日本産カミキリムシ,日本産カミキリムシ_compressed.pdf,52299895c14c1fd1c74279dca00f6fd9ba64d36d69e3bf3dd9c3a29a92802e77,efb17b5912fbb2c144dab4d99924dbc341e8f64054be7909dd7818cad155bef2,44-45,421-422,7月,,吹き上げや花上から採集されているがきわめてまれである。寄主植物は未知とされる。,"Necydalis (Necydalis) yakushimensis Kusama, 1975",,,,include,2026-07-11,見出しと本文前半は冊子421頁、採集状況・出現期・寄主欄は422頁へ続くため両頁を目視確認。直前のアマミホソコバネカミキリの6〜7月・シイ類と後続種の寄主は含めていない。,
kamikiri-h2-004,species-21924,キマダラカミキリ 基亜種,キマダラミヤマカミキリ,日本産カミキリムシ,日本産カミキリムシ_compressed.pdf,52299895c14c1fd1c74279dca00f6fd9ba64d36d69e3bf3dd9c3a29a92802e77,efb17b5912fbb2c144dab4d99924dbc341e8f64054be7909dd7818cad155bef2,47,426-427,5〜8月,各種広葉樹|,成虫はおもに夜間活動し、寄主植物の樹幹や各種広葉樹の樹液・花に集まり、灯火にもよく飛来する。,"Aeolesthes (Pseudaeolesthes) chrysothrix chrysothrix (Bates, 1873)",,,,include,2026-07-11,冊子426頁の種共通説明と426〜427頁の基亜種固有欄を分離して統合。原典和名と現行和名は異なるが学名は一致し、後続3亜種の出現期・分布は含めていない。,
kamikiri-h2-005,species-22118,サドチビアメイロカミキリ 本土亜種,サドチビアメイロカミキリ,日本産カミキリムシ,日本産カミキリムシ_compressed.pdf,52299895c14c1fd1c74279dca00f6fd9ba64d36d69e3bf3dd9c3a29a92802e77,efb17b5912fbb2c144dab4d99924dbc341e8f64054be7909dd7818cad155bef2,57,447,6〜8月,ヤチダモ|モクセイ科;ヤマトアオダモ|モクセイ科;コバノトネリコ|モクセイ科;オニグルミ|クルミ科;ケヤキ|ニレ科,成虫はミズキ、ゴトウヅルなどの花上から得られる。,"Obrium obscuripenne takakuwai Niisato, 2006",,,,include,2026-07-11,冊子447頁の対象亜種欄を目視確認。原典はO. japonicumの基準標本がメダカカミキリ属の別種に一致してこの名称を本亜種に使用できないと明記するためspecies-22119へは適用しない。省略和名は基亜種とも重なるが学名と亜種名で正本species-22118へ確定した。,
kamikiri-h2-006,species-22069,シラホシヒゲナガコバネカミキリ 亜種,ホソハネシラホシヒゲナガコバネカミキリ,日本産カミキリムシ,日本産カミキリムシ_compressed.pdf,52299895c14c1fd1c74279dca00f6fd9ba64d36d69e3bf3dd9c3a29a92802e77,efb17b5912fbb2c144dab4d99924dbc341e8f64054be7909dd7818cad155bef2,61,454,6〜8月,オオシラビソ|マツ科;カラマツ|マツ科,成虫はモミなどの枯死材で発見され、ときに多数得られることもあるが一般に個体数は少ない。,"Molorchus (Molorchus) ikedai Takakuwa, 1984",,,,include,2026-07-11,冊子454頁のM. ikedai欄を目視確認。原典は独立種Molorchus ikedai、現行はCaenoptera minor ikedaiという亜種組合せなので分類名は上書きせず、直前のM. minor fuscusにあるトドマツ・アカエゾマツ等も混入させていない。,
kamikiri-h2-007,species-22100,シバタヒゲナガコバネカミキリ 沖縄島亜種,オキナワヒゲナガコバネカミキリ,日本産カミキリムシ,日本産カミキリムシ_compressed.pdf,52299895c14c1fd1c74279dca00f6fd9ba64d36d69e3bf3dd9c3a29a92802e77,efb17b5912fbb2c144dab4d99924dbc341e8f64054be7909dd7818cad155bef2,63,458,3〜4月,ハイノキ属|ハイノキ科,成虫は各種の花上に集まるが個体数はあまり多くない。,"Glaphyra (Glaphyra) shibatai okinawana (Hayashi et Matsuda, 1976)",,,,include,2026-07-11,冊子458頁の種共通説明から3〜4月とハイノキ科ハイノキ属を、沖縄亜種固有欄から訪花生態を統合。高解像度画像で原典表記を確認し、正本species-22100へ適用して旧分類名重複行species-22101へは適用しない。,
kamikiri-h2-008,species-22020,カギモンミドリホソトラカミキリ,アマミカギモンミドリホソトラカミキリ,日本産カミキリムシ,日本産カミキリムシ_compressed.pdf,52299895c14c1fd1c74279dca00f6fd9ba64d36d69e3bf3dd9c3a29a92802e77,efb17b5912fbb2c144dab4d99924dbc341e8f64054be7909dd7818cad155bef2,86,504,6〜7月,,成虫はアデクやアカメガシワなど各種の花上から採集される。寄主植物は未知とされる。,"Rhaphuma amamiensis Hayashi, 1983",,,,include,2026-07-11,冊子504頁の対象種欄を目視確認。species-22021 Rhaphuma virens amamiensisは同じ欄の旧亜種組合せに由来するためspecies-22020へ1回だけ統合し、直前種の3〜4月・メダケ等は含めていない。,
kamikiri-h2-009,species-22879,ヨツボシシロオビゴマフカミキリ,ヨツボシシロオビゴマフカミキリ,日本産カミキリムシ,日本産カミキリムシ_compressed.pdf,52299895c14c1fd1c74279dca00f6fd9ba64d36d69e3bf3dd9c3a29a92802e77,efb17b5912fbb2c144dab4d99924dbc341e8f64054be7909dd7818cad155bef2,91,514,4〜7月および秋期,モミ|マツ科;ツガ|マツ科;アカマツ|マツ科;クロマツ|マツ科,"モミやアカマツなど、太さ3〜10 cmほどの比較的細い枯枝から得られ、2月に成虫が材から割り出された例がある。","Mesosa (Mesosa) mediofasciata Breuning, 1942",,,,include,2026-07-11,冊子514頁内で完結する対象種欄を再確認。客観的な枯枝採集・2月の材内成虫記録だけを採用し、発育速度と羽化脱出時期に関する推測文は公開生態情報から除外した。,
kamikiri-merge-cryptopidonia-hayashii,species-22339,,,日本産カミキリムシ,日本産カミキリムシ_compressed.pdf,52299895c14c1fd1c74279dca00f6fd9ba64d36d69e3bf3dd9c3a29a92802e77,efb17b5912fbb2c144dab4d99924dbc341e8f64054be7909dd7818cad155bef2,,,,,,"Pidonia (Cryptopidonia) hayashii Koike, 1971",,"Pidonia (Cryptopidonia) hayashii Koike, 1971","Pidonia (Cryptopidonia) hayashii Koike, 1971",merge_duplicate_taxon,2026-07-11,現行Cryptopidonia hayashiiの旧属組合せとして同じ目録行に置かれる重複のため正本へ統合する。,species-22338
kamikiri-merge-rhaphuma-amamiensis,species-22021,,,日本産カミキリムシ,日本産カミキリムシ_compressed.pdf,52299895c14c1fd1c74279dca00f6fd9ba64d36d69e3bf3dd9c3a29a92802e77,efb17b5912fbb2c144dab4d99924dbc341e8f64054be7909dd7818cad155bef2,,,,,,"Rhaphuma virens amamiensis Hayashi, 1983",,"Rhaphuma virens amamiensis Hayashi, 1983","Rhaphuma virens amamiensis Hayashi, 1983",merge_duplicate_taxon,2026-07-11,現行Rhaphuma amamiensisの旧亜種組合せとして同じ目録行に置かれる重複のため正本へ統合する。,species-22020
kamikiri-merge-obrium-japonicum,species-22119,サドチビアメイロカミキリ,,日本産カミキリムシ,日本産カミキリムシ_compressed.pdf,52299895c14c1fd1c74279dca00f6fd9ba64d36d69e3bf3dd9c3a29a92802e77,efb17b5912fbb2c144dab4d99924dbc341e8f64054be7909dd7818cad155bef2,,,,,,"Obrium japonicum Pic, 1904",サドチビアメイロカミキリ,"Obrium japonicum Pic, 1904",サドチビアメイロカミキリ,merge_duplicate_taxon,2026-07-11,原典と現行目録はObrium japonicumを本土亜種O. obscuripenne takakuwaiへ適用できない旧名として同じ記録に置くため、重複行を正本へ統合する。,species-22118
kamikiri-merge-glaphyra-shibatai-okinawana,species-22101,オキナワシバタヒゲナガコバネカミキリ,,日本産カミキリムシ,日本産カミキリムシ_compressed.pdf,52299895c14c1fd1c74279dca00f6fd9ba64d36d69e3bf3dd9c3a29a92802e77,efb17b5912fbb2c144dab4d99924dbc341e8f64054be7909dd7818cad155bef2,,,,,,"Glaphyra shibatai okinawana Hayashi & Matsuda, 1976",オキナワシバタヒゲナガコバネカミキリ,"Glaphyra (Glaphyra) shibatai okinawana (Hayashi & Matsuda, 1976)",オキナワシバタヒゲナガコバネカミキリ,merge_duplicate_taxon,2026-07-11,現行Molorchus shibatai okinawanusの旧属組合せとして同じ目録行に置かれる重複のため正本species-22100へ統合する。,species-22100
kamikiri-official-duplicate-21864,species-21864,,,日本産カミキリムシ,日本産カミキリムシ_compressed.pdf,52299895c14c1fd1c74279dca00f6fd9ba64d36d69e3bf3dd9c3a29a92802e77,efb17b5912fbb2c144dab4d99924dbc341e8f64054be7909dd7818cad155bef2,,,,,,"Anaglyptus comosus Matsushita, 1941",,"Anaglyptus comosus Matsushita, 1941","Anaglyptus comosus Matsushita, 1941",merge_duplicate_taxon,2026-07-11,公式2026目録の同一レコードで正本species-21863の旧組合せとして確認した。重複側の食草・生態レコードは0件。詳細は公式目録重複監査表に保持する。,species-21863
kamikiri-official-duplicate-21895,species-21895,,,日本産カミキリムシ,日本産カミキリムシ_compressed.pdf,52299895c14c1fd1c74279dca00f6fd9ba64d36d69e3bf3dd9c3a29a92802e77,efb17b5912fbb2c144dab4d99924dbc341e8f64054be7909dd7818cad155bef2,,,,,,"Phymatodes (Poecilium) maaki viarius Danilevsky, 1988",,"Phymatodes (Poecilium) maaki viarius Danilevsky, 1988","Phymatodes (Poecilium) maaki viarius Danilevsky, 1988",merge_duplicate_taxon,2026-07-11,公式2026目録の同一レコードで正本species-21894の旧組合せとして確認した。重複側の食草・生態レコードは0件。詳細は公式目録重複監査表に保持する。,species-21894
kamikiri-official-duplicate-21897,species-21897,,,日本産カミキリムシ,日本産カミキリムシ_compressed.pdf,52299895c14c1fd1c74279dca00f6fd9ba64d36d69e3bf3dd9c3a29a92802e77,efb17b5912fbb2c144dab4d99924dbc341e8f64054be7909dd7818cad155bef2,,,,,,"Phymatodes quadrimaculatus Gressitt, 1935",,"Phymatodes quadrimaculatus Gressitt, 1935","Phymatodes quadrimaculatus Gressitt, 1935",merge_duplicate_taxon,2026-07-11,公式2026目録の同一レコードで正本species-21896の旧組合せとして確認した。重複側の食草・生態レコードは0件。詳細は公式目録重複監査表に保持する。,species-21896
kamikiri-official-duplicate-21934,species-21934,,,日本産カミキリムシ,日本産カミキリムシ_compressed.pdf,52299895c14c1fd1c74279dca00f6fd9ba64d36d69e3bf3dd9c3a29a92802e77,efb17b5912fbb2c144dab4d99924dbc341e8f64054be7909dd7818cad155bef2,,,,,,"Massicus raddei (Blessig, 1872)",,"Massicus raddei (Blessig, 1872)","Massicus raddei (Blessig, 1872)",merge_duplicate_taxon,2026-07-11,公式2026目録の同一レコードで正本species-21933の旧組合せとして確認した。重複側の食草・生態レコードは0件。詳細は公式目録重複監査表に保持する。,species-21933
kamikiri-official-duplicate-21971,species-21971,,,日本産カミキリムシ,日本産カミキリムシ_compressed.pdf,52299895c14c1fd1c74279dca00f6fd9ba64d36d69e3bf3dd9c3a29a92802e77,efb17b5912fbb2c144dab4d99924dbc341e8f64054be7909dd7818cad155bef2,,,,,,"Clytus yedoensis Kanô, 1933",,"Clytus yedoensis Kanô, 1933","Clytus yedoensis Kanô, 1933",merge_duplicate_taxon,2026-07-11,公式2026目録の同一レコードで正本species-21970の旧組合せとして確認した。重複側の食草・生態レコードは0件。詳細は公式目録重複監査表に保持する。,species-21970
kamikiri-official-duplicate-21989,species-21989,,,日本産カミキリムシ,日本産カミキリムシ_compressed.pdf,52299895c14c1fd1c74279dca00f6fd9ba64d36d69e3bf3dd9c3a29a92802e77,efb17b5912fbb2c144dab4d99924dbc341e8f64054be7909dd7818cad155bef2,,,,,,"Chlorophorus japonicus (Chevrolat, 1863)",,"Chlorophorus japonicus (Chevrolat, 1863)","Chlorophorus japonicus (Chevrolat, 1863)",merge_duplicate_taxon,2026-07-11,公式2026目録の同一レコードで正本species-21988の旧組合せとして確認した。重複側の食草・生態レコードは0件。詳細は公式目録重複監査表に保持する。,species-21988
kamikiri-official-duplicate-22003,species-22003,,,日本産カミキリムシ,日本産カミキリムシ_compressed.pdf,52299895c14c1fd1c74279dca00f6fd9ba64d36d69e3bf3dd9c3a29a92802e77,efb17b5912fbb2c144dab4d99924dbc341e8f64054be7909dd7818cad155bef2,,,,,,"Chlorophorus simillimus (Kraatz, 1879)",,"Chlorophorus simillimus (Kraatz, 1879)","Chlorophorus simillimus (Kraatz, 1879)",merge_duplicate_taxon,2026-07-11,公式2026目録の同一レコードで正本species-22002の旧組合せとして確認した。重複側の食草・生態レコードは0件。詳細は公式目録重複監査表に保持する。,species-22002
kamikiri-official-duplicate-22017,species-22017,,,日本産カミキリムシ,日本産カミキリムシ_compressed.pdf,52299895c14c1fd1c74279dca00f6fd9ba64d36d69e3bf3dd9c3a29a92802e77,efb17b5912fbb2c144dab4d99924dbc341e8f64054be7909dd7818cad155bef2,,,,,,"Hayashiclytus acutivittis acutivittis (Kraatz, 1879)",,"Hayashiclytus acutivittis acutivittis (Kraatz, 1879)","Hayashiclytus acutivittis acutivittis (Kraatz, 1879)",merge_duplicate_taxon,2026-07-11,公式2026目録の同一レコードで正本species-22016の旧組合せとして確認した。重複側の食草・生態レコードは0件。詳細は公式目録重複監査表に保持する。,species-22016
kamikiri-official-duplicate-22048,species-22048,,,日本産カミキリムシ,日本産カミキリムシ_compressed.pdf,52299895c14c1fd1c74279dca00f6fd9ba64d36d69e3bf3dd9c3a29a92802e77,efb17b5912fbb2c144dab4d99924dbc341e8f64054be7909dd7818cad155bef2,,,,,,"Spinotrechus grayii grayii (White, 1855)",,"Spinotrechus grayii grayii (White, 1855)","Spinotrechus grayii grayii (White, 1855)",merge_duplicate_taxon,2026-07-11,公式2026目録の同一レコードで正本species-22047の旧組合せとして確認した。重複側の食草・生態レコードは0件。詳細は公式目録重複監査表に保持する。,species-22047
kamikiri-official-duplicate-22066,species-22066,,,日本産カミキリムシ,日本産カミキリムシ_compressed.pdf,52299895c14c1fd1c74279dca00f6fd9ba64d36d69e3bf3dd9c3a29a92802e77,efb17b5912fbb2c144dab4d99924dbc341e8f64054be7909dd7818cad155bef2,,,,,,"Hesperophanes (Trichoferus) campestris (Faldermann, 1835)",,"Hesperophanes (Trichoferus) campestris (Faldermann, 1835)","Hesperophanes (Trichoferus) campestris (Faldermann, 1835)",merge_duplicate_taxon,2026-07-11,公式2026目録の同一レコードで正本species-22065の旧組合せとして確認した。重複側の食草・生態レコードは0件。詳細は公式目録重複監査表に保持する。,species-22065
kamikiri-official-duplicate-22071,species-22071,,,日本産カミキリムシ,日本産カミキリムシ_compressed.pdf,52299895c14c1fd1c74279dca00f6fd9ba64d36d69e3bf3dd9c3a29a92802e77,efb17b5912fbb2c144dab4d99924dbc341e8f64054be7909dd7818cad155bef2,,,,,,"Molorchus pinivorus Takakuwa & Ikeda, 1980",,"Molorchus pinivorus Takakuwa & Ikeda, 1980","Molorchus pinivorus Takakuwa & Ikeda, 1980",merge_duplicate_taxon,2026-07-11,公式2026目録の同一レコードで正本species-22070の旧組合せとして確認した。重複側の食草・生態レコードは0件。詳細は公式目録重複監査表に保持する。,species-22070
kamikiri-official-duplicate-22090,species-22090,,,日本産カミキリムシ,日本産カミキリムシ_compressed.pdf,52299895c14c1fd1c74279dca00f6fd9ba64d36d69e3bf3dd9c3a29a92802e77,efb17b5912fbb2c144dab4d99924dbc341e8f64054be7909dd7818cad155bef2,,,,,,"Glaphyra (Glaphyra) ishiharai (Ohbayashi, 1936)",,"Glaphyra (Glaphyra) ishiharai (Ohbayashi, 1936)","Glaphyra (Glaphyra) ishiharai (Ohbayashi, 1936)",merge_duplicate_taxon,2026-07-11,公式2026目録の同一レコードで正本species-22089の旧組合せとして確認した。重複側の食草・生態レコードは0件。詳細は公式目録重複監査表に保持する。,species-22089
kamikiri-official-duplicate-22092,species-22092,,,日本産カミキリムシ,日本産カミキリムシ_compressed.pdf,52299895c14c1fd1c74279dca00f6fd9ba64d36d69e3bf3dd9c3a29a92802e77,efb17b5912fbb2c144dab4d99924dbc341e8f64054be7909dd7818cad155bef2,,,,,,"Glaphyra (Glaphyra) kobotokensis (Ohbayashi, 1963)",,"Glaphyra (Glaphyra) kobotokensis (Ohbayashi, 1963)","Glaphyra (Glaphyra) kobotokensis (Ohbayashi, 1963)",merge_duplicate_taxon,2026-07-11,公式2026目録の同一レコードで正本species-22091の旧組合せとして確認した。重複側の食草・生態レコードは0件。詳細は公式目録重複監査表に保持する。,species-22091
kamikiri-official-duplicate-22094,species-22094,,,日本産カミキリムシ,日本産カミキリムシ_compressed.pdf,52299895c14c1fd1c74279dca00f6fd9ba64d36d69e3bf3dd9c3a29a92802e77,efb17b5912fbb2c144dab4d99924dbc341e8f64054be7909dd7818cad155bef2,,,,,,"Epania kojimai Matsushita, 1939",,"Epania kojimai Matsushita, 1939","Epania kojimai Matsushita, 1939",merge_duplicate_taxon,2026-07-11,公式2026目録の同一レコードで正本species-22093の旧組合せとして確認した。重複側の食草・生態レコードは0件。詳細は公式目録重複監査表に保持する。,species-22093
kamikiri-official-duplicate-22096,species-22096,,,日本産カミキリムシ,日本産カミキリムシ_compressed.pdf,52299895c14c1fd1c74279dca00f6fd9ba64d36d69e3bf3dd9c3a29a92802e77,efb17b5912fbb2c144dab4d99924dbc341e8f64054be7909dd7818cad155bef2,,,,,,"Glaphyra (Glaphyra) nitida nitida (Obika, 1973)",,"Glaphyra (Glaphyra) nitida nitida (Obika, 1973)","Glaphyra (Glaphyra) nitida nitida (Obika, 1973)",merge_duplicate_taxon,2026-07-11,公式2026目録の同一レコードで正本species-22095の旧組合せとして確認した。重複側の食草・生態レコードは0件。詳細は公式目録重複監査表に保持する。,species-22095
kamikiri-official-duplicate-22103,species-22103,,,日本産カミキリムシ,日本産カミキリムシ_compressed.pdf,52299895c14c1fd1c74279dca00f6fd9ba64d36d69e3bf3dd9c3a29a92802e77,efb17b5912fbb2c144dab4d99924dbc341e8f64054be7909dd7818cad155bef2,,,,,,"Glaphyra (Glaphyra) takeuchii takeuchii (K. Ohbayashi, 1937)",,"Glaphyra (Glaphyra) takeuchii takeuchii (K. Ohbayashi, 1937)","Glaphyra (Glaphyra) takeuchii takeuchii (K. Ohbayashi, 1937)",merge_duplicate_taxon,2026-07-11,公式2026目録の同一レコードで正本species-22102の旧組合せとして確認した。重複側の食草・生態レコードは0件。詳細は公式目録重複監査表に保持する。,species-22102
kamikiri-official-duplicate-22106,species-22106,,,日本産カミキリムシ,日本産カミキリムシ_compressed.pdf,52299895c14c1fd1c74279dca00f6fd9ba64d36d69e3bf3dd9c3a29a92802e77,efb17b5912fbb2c144dab4d99924dbc341e8f64054be7909dd7818cad155bef2,,,,,,"Glaphyra (Yamatoglaphyra) hattorii (K. Ohbayashi, 1953)",,"Glaphyra (Yamatoglaphyra) hattorii (K. Ohbayashi, 1953)","Glaphyra (Yamatoglaphyra) hattorii (K. Ohbayashi, 1953)",merge_duplicate_taxon,2026-07-11,公式2026目録の同一レコードで正本species-22105の旧組合せとして確認した。重複側の食草・生態レコードは0件。詳細は公式目録重複監査表に保持する。,species-22105
kamikiri-official-duplicate-22109,species-22109,,,日本産カミキリムシ,日本産カミキリムシ_compressed.pdf,52299895c14c1fd1c74279dca00f6fd9ba64d36d69e3bf3dd9c3a29a92802e77,efb17b5912fbb2c144dab4d99924dbc341e8f64054be7909dd7818cad155bef2,,,,,,"Ogasawara testacea Gressitt, 1937",,"Ogasawara testacea Gressitt, 1937","Ogasawara testacea Gressitt, 1937",merge_duplicate_taxon,2026-07-11,公式2026目録の同一レコードで正本species-22108の旧組合せとして確認した。重複側の食草・生態レコードは0件。詳細は公式目録重複監査表に保持する。,species-22108
kamikiri-official-duplicate-22194,species-22194,,,日本産カミキリムシ,日本産カミキリムシ_compressed.pdf,52299895c14c1fd1c74279dca00f6fd9ba64d36d69e3bf3dd9c3a29a92802e77,efb17b5912fbb2c144dab4d99924dbc341e8f64054be7909dd7818cad155bef2,,,,,,"Grammoptera chalybeella Bates, 1884",,"Grammoptera chalybeella Bates, 1884","Grammoptera chalybeella Bates, 1884",merge_duplicate_taxon,2026-07-11,公式2026目録の同一レコードで正本species-22193の旧組合せとして確認した。重複側の食草・生態レコードは0件。詳細は公式目録重複監査表に保持する。,species-22193
kamikiri-official-duplicate-22204,species-22204,,,日本産カミキリムシ,日本産カミキリムシ_compressed.pdf,52299895c14c1fd1c74279dca00f6fd9ba64d36d69e3bf3dd9c3a29a92802e77,efb17b5912fbb2c144dab4d99924dbc341e8f64054be7909dd7818cad155bef2,,,,,,"Anoploderomorpha excavata (Bates, 1884)",,"Anoploderomorpha excavata (Bates, 1884)","Anoploderomorpha excavata (Bates, 1884)",merge_duplicate_taxon,2026-07-11,公式2026目録の同一レコードで正本species-22203の旧組合せとして確認した。重複側の食草・生態レコードは0件。詳細は公式目録重複監査表に保持する。,species-22203
kamikiri-official-duplicate-22206,species-22206,,,日本産カミキリムシ,日本産カミキリムシ_compressed.pdf,52299895c14c1fd1c74279dca00f6fd9ba64d36d69e3bf3dd9c3a29a92802e77,efb17b5912fbb2c144dab4d99924dbc341e8f64054be7909dd7818cad155bef2,,,,,,"Anoploderomorpha monticola Nakane, 1955",,"Anoploderomorpha monticola Nakane, 1955","Anoploderomorpha monticola Nakane, 1955",merge_duplicate_taxon,2026-07-11,公式2026目録の同一レコードで正本species-22205の旧組合せとして確認した。重複側の食草・生態レコードは0件。詳細は公式目録重複監査表に保持する。,species-22205
kamikiri-official-duplicate-22235,species-22235,,,日本産カミキリムシ,日本産カミキリムシ_compressed.pdf,52299895c14c1fd1c74279dca00f6fd9ba64d36d69e3bf3dd9c3a29a92802e77,efb17b5912fbb2c144dab4d99924dbc341e8f64054be7909dd7818cad155bef2,,,,,,"Parastrangalis hosohana (Ohbayashi, 1952)",,"Parastrangalis hosohana (Ohbayashi, 1952)","Parastrangalis hosohana (Ohbayashi, 1952)",merge_duplicate_taxon,2026-07-11,公式2026目録の同一レコードで正本species-22234の旧組合せとして確認した。重複側の食草・生態レコードは0件。詳細は公式目録重複監査表に保持する。,species-22234
kamikiri-official-duplicate-22262,species-22262,,,日本産カミキリムシ,日本産カミキリムシ_compressed.pdf,52299895c14c1fd1c74279dca00f6fd9ba64d36d69e3bf3dd9c3a29a92802e77,efb17b5912fbb2c144dab4d99924dbc341e8f64054be7909dd7818cad155bef2,,,,,,"Leptura regalis (Bates, 1884)",,"Leptura regalis (Bates, 1884)","Leptura regalis (Bates, 1884)",merge_duplicate_taxon,2026-07-11,公式2026目録の同一レコードで正本species-22261の旧組合せとして確認した。重複側の食草・生態レコードは0件。詳細は公式目録重複監査表に保持する。,species-22261
kamikiri-official-duplicate-22277,species-22277,,,日本産カミキリムシ,日本産カミキリムシ_compressed.pdf,52299895c14c1fd1c74279dca00f6fd9ba64d36d69e3bf3dd9c3a29a92802e77,efb17b5912fbb2c144dab4d99924dbc341e8f64054be7909dd7818cad155bef2,,,,,,"Judolia cometes (Bates, 1884)",,"Judolia cometes (Bates, 1884)","Judolia cometes (Bates, 1884)",merge_duplicate_taxon,2026-07-11,公式2026目録の同一レコードで正本species-22276の旧組合せとして確認した。重複側の食草・生態レコードは0件。詳細は公式目録重複監査表に保持する。,species-22276
kamikiri-official-duplicate-22292,species-22292,,,日本産カミキリムシ,日本産カミキリムシ_compressed.pdf,52299895c14c1fd1c74279dca00f6fd9ba64d36d69e3bf3dd9c3a29a92802e77,efb17b5912fbb2c144dab4d99924dbc341e8f64054be7909dd7818cad155bef2,,,,,,"Mimostrangalia dulcis (Bates, 1884)",,"Mimostrangalia dulcis (Bates, 1884)","Mimostrangalia dulcis (Bates, 1884)",merge_duplicate_taxon,2026-07-11,公式2026目録の同一レコードで正本species-22291の旧組合せとして確認した。重複側の食草・生態レコードは0件。詳細は公式目録重複監査表に保持する。,species-22291
kamikiri-official-duplicate-22294,species-22294,,,日本産カミキリムシ,日本産カミキリムシ_compressed.pdf,52299895c14c1fd1c74279dca00f6fd9ba64d36d69e3bf3dd9c3a29a92802e77,efb17b5912fbb2c144dab4d99924dbc341e8f64054be7909dd7818cad155bef2,,,,,,"Mimostrangalia kurosonensis (Ohbayashi, 1936)",,"Mimostrangalia kurosonensis (Ohbayashi, 1936)","Mimostrangalia kurosonensis (Ohbayashi, 1936)",merge_duplicate_taxon,2026-07-11,公式2026目録の同一レコードで正本species-22293の旧組合せとして確認した。重複側の食草・生態レコードは0件。詳細は公式目録重複監査表に保持する。,species-22293
kamikiri-official-duplicate-22300,species-22300,,,日本産カミキリムシ,日本産カミキリムシ_compressed.pdf,52299895c14c1fd1c74279dca00f6fd9ba64d36d69e3bf3dd9c3a29a92802e77,efb17b5912fbb2c144dab4d99924dbc341e8f64054be7909dd7818cad155bef2,,,,,,"Corymbia succedanea (Lewis, 1879)",,"Corymbia succedanea (Lewis, 1879)","Corymbia succedanea (Lewis, 1879)",merge_duplicate_taxon,2026-07-11,公式2026目録の同一レコードで正本species-22299の旧組合せとして確認した。重複側の食草・生態レコードは0件。詳細は公式目録重複監査表に保持する。,species-22299
kamikiri-official-duplicate-22303,species-22303,,,日本産カミキリムシ,日本産カミキリムシ_compressed.pdf,52299895c14c1fd1c74279dca00f6fd9ba64d36d69e3bf3dd9c3a29a92802e77,efb17b5912fbb2c144dab4d99924dbc341e8f64054be7909dd7818cad155bef2,,,,,,"Brachyleptura pyrrha (Bates, 1884)",,"Brachyleptura pyrrha (Bates, 1884)","Brachyleptura pyrrha (Bates, 1884)",merge_duplicate_taxon,2026-07-11,公式2026目録の同一レコードで正本species-22302の旧組合せとして確認した。重複側の食草・生態レコードは0件。詳細は公式目録重複監査表に保持する。,species-22302
kamikiri-official-duplicate-22330,species-22330,,,日本産カミキリムシ,日本産カミキリムシ_compressed.pdf,52299895c14c1fd1c74279dca00f6fd9ba64d36d69e3bf3dd9c3a29a92802e77,efb17b5912fbb2c144dab4d99924dbc341e8f64054be7909dd7818cad155bef2,,,,,,"Pidonia (Cryptopidonia) amentata amentata (Bates, 1884)",,"Pidonia (Cryptopidonia) amentata amentata (Bates, 1884)","Pidonia (Cryptopidonia) amentata amentata (Bates, 1884)",merge_duplicate_taxon,2026-07-11,公式2026目録の同一レコードで正本species-22329の旧組合せとして確認した。重複側の食草・生態レコードは0件。詳細は公式目録重複監査表に保持する。,species-22329
kamikiri-official-duplicate-22335,species-22335,,,日本産カミキリムシ,日本産カミキリムシ_compressed.pdf,52299895c14c1fd1c74279dca00f6fd9ba64d36d69e3bf3dd9c3a29a92802e77,efb17b5912fbb2c144dab4d99924dbc341e8f64054be7909dd7818cad155bef2,,,,,,"Pidonia (Cryptopidonia) approximata Kuboki, 1977",,"Pidonia (Cryptopidonia) approximata Kuboki, 1977","Pidonia (Cryptopidonia) approximata Kuboki, 1977",merge_duplicate_taxon,2026-07-11,公式2026目録の同一レコードで正本species-22334の旧組合せとして確認した。重複側の食草・生態レコードは0件。詳細は公式目録重複監査表に保持する。,species-22334
kamikiri-official-duplicate-22337,species-22337,,,日本産カミキリムシ,日本産カミキリムシ_compressed.pdf,52299895c14c1fd1c74279dca00f6fd9ba64d36d69e3bf3dd9c3a29a92802e77,efb17b5912fbb2c144dab4d99924dbc341e8f64054be7909dd7818cad155bef2,,,,,,"Pidonia (Cryptopidonia) hamadryas Kuboki, 1977",,"Pidonia (Cryptopidonia) hamadryas Kuboki, 1977","Pidonia (Cryptopidonia) hamadryas Kuboki, 1977",merge_duplicate_taxon,2026-07-11,公式2026目録の同一レコードで正本species-22336の旧組合せとして確認した。重複側の食草・生態レコードは0件。詳細は公式目録重複監査表に保持する。,species-22336
kamikiri-official-duplicate-22342,species-22342,,,日本産カミキリムシ,日本産カミキリムシ_compressed.pdf,52299895c14c1fd1c74279dca00f6fd9ba64d36d69e3bf3dd9c3a29a92802e77,efb17b5912fbb2c144dab4d99924dbc341e8f64054be7909dd7818cad155bef2,,,,,,"Pidonia (Cryptopidonia) hylophila affinis Kuboki, 1982",,"Pidonia (Cryptopidonia) hylophila affinis Kuboki, 1982","Pidonia (Cryptopidonia) hylophila affinis Kuboki, 1982",merge_duplicate_taxon,2026-07-11,公式2026目録の同一レコードで正本species-22341の旧組合せとして確認した。重複側の食草・生態レコードは0件。詳細は公式目録重複監査表に保持する。,species-22341
kamikiri-official-duplicate-22347,species-22347,,,日本産カミキリムシ,日本産カミキリムシ_compressed.pdf,52299895c14c1fd1c74279dca00f6fd9ba64d36d69e3bf3dd9c3a29a92802e77,efb17b5912fbb2c144dab4d99924dbc341e8f64054be7909dd7818cad155bef2,,,,,,"Pidonia (Cryptopidonia) kurosawai Ohbayashi & Hayashi, 1960",,"Pidonia (Cryptopidonia) kurosawai Ohbayashi & Hayashi, 1960","Pidonia (Cryptopidonia) kurosawai Ohbayashi & Hayashi, 1960",merge_duplicate_taxon,2026-07-11,公式2026目録の同一レコードで正本species-22346の旧組合せとして確認した。重複側の食草・生態レコードは0件。詳細は公式目録重複監査表に保持する。,species-22346
kamikiri-official-duplicate-22349,species-22349,,,日本産カミキリムシ,日本産カミキリムシ_compressed.pdf,52299895c14c1fd1c74279dca00f6fd9ba64d36d69e3bf3dd9c3a29a92802e77,efb17b5912fbb2c144dab4d99924dbc341e8f64054be7909dd7818cad155bef2,,,,,,"Pidonia (Cryptopidonia) lyra Kuboki & Suzuki, 1978",,"Pidonia (Cryptopidonia) lyra Kuboki & Suzuki, 1978","Pidonia (Cryptopidonia) lyra Kuboki & Suzuki, 1978",merge_duplicate_taxon,2026-07-11,公式2026目録の同一レコードで正本species-22348の旧組合せとして確認した。重複側の食草・生態レコードは0件。詳細は公式目録重複監査表に保持する。,species-22348
kamikiri-official-duplicate-22353,species-22353,,,日本産カミキリムシ,日本産カミキリムシ_compressed.pdf,52299895c14c1fd1c74279dca00f6fd9ba64d36d69e3bf3dd9c3a29a92802e77,efb17b5912fbb2c144dab4d99924dbc341e8f64054be7909dd7818cad155bef2,,,,,,"Pidonia (Cryptopidonia) miwai (Matsushita, 1933)",,"Pidonia (Cryptopidonia) miwai (Matsushita, 1933)","Pidonia (Cryptopidonia) miwai (Matsushita, 1933)",merge_duplicate_taxon,2026-07-11,公式2026目録の同一レコードで正本species-22352の旧組合せとして確認した。重複側の食草・生態レコードは0件。詳細は公式目録重複監査表に保持する。,species-22352
kamikiri-official-duplicate-22362,species-22362,,,日本産カミキリムシ,日本産カミキリムシ_compressed.pdf,52299895c14c1fd1c74279dca00f6fd9ba64d36d69e3bf3dd9c3a29a92802e77,efb17b5912fbb2c144dab4d99924dbc341e8f64054be7909dd7818cad155bef2,,,,,,"Pidonia (Omphalodera) puziloi (Solsky, 1873)",,"Pidonia (Omphalodera) puziloi (Solsky, 1873)",フタオビチビハナカミキリ,merge_duplicate_taxon,2026-07-11,公式2026目録の同一レコードで正本species-22361の旧組合せとして確認した。重複側の食草・生態レコードは0件。詳細は公式目録重複監査表に保持する。,species-22361
kamikiri-official-duplicate-22369,species-22369,,,日本産カミキリムシ,日本産カミキリムシ_compressed.pdf,52299895c14c1fd1c74279dca00f6fd9ba64d36d69e3bf3dd9c3a29a92802e77,efb17b5912fbb2c144dab4d99924dbc341e8f64054be7909dd7818cad155bef2,,,,,,"Pidonia (Paleopidonia) chujoi Ohbayashi & Hayashi, 1960",,"Pidonia (Paleopidonia) chujoi Ohbayashi & Hayashi, 1960","Pidonia (Paleopidonia) chujoi Ohbayashi & Hayashi, 1960",merge_duplicate_taxon,2026-07-11,公式2026目録の同一レコードで正本species-22368の旧組合せとして確認した。重複側の食草・生態レコードは0件。詳細は公式目録重複監査表に保持する。,species-22368
kamikiri-official-duplicate-22371,species-22371,,,日本産カミキリムシ,日本産カミキリムシ_compressed.pdf,52299895c14c1fd1c74279dca00f6fd9ba64d36d69e3bf3dd9c3a29a92802e77,efb17b5912fbb2c144dab4d99924dbc341e8f64054be7909dd7818cad155bef2,,,,,,"Pidonia (Paleopidonia) fujisana Obika & Kusama, 1971",,"Pidonia (Paleopidonia) fujisana Obika & Kusama, 1971","Pidonia (Paleopidonia) fujisana Obika & Kusama, 1971",merge_duplicate_taxon,2026-07-11,公式2026目録の同一レコードで正本species-22370の旧組合せとして確認した。重複側の食草・生態レコードは0件。詳細は公式目録重複監査表に保持する。,species-22370
kamikiri-official-duplicate-22373,species-22373,,,日本産カミキリムシ,日本産カミキリムシ_compressed.pdf,52299895c14c1fd1c74279dca00f6fd9ba64d36d69e3bf3dd9c3a29a92802e77,efb17b5912fbb2c144dab4d99924dbc341e8f64054be7909dd7818cad155bef2,,,,,,"Pidonia (Paleopidonia) oyamae (Oyama, 1908)",,"Pidonia (Paleopidonia) oyamae (Oyama, 1908)","Pidonia (Paleopidonia) oyamae (Oyama, 1908)",merge_duplicate_taxon,2026-07-11,公式2026目録の同一レコードで正本species-22372の旧組合せとして確認した。重複側の食草・生態レコードは0件。詳細は公式目録重複監査表に保持する。,species-22372
kamikiri-official-duplicate-22379,species-22379,,,日本産カミキリムシ,日本産カミキリムシ_compressed.pdf,52299895c14c1fd1c74279dca00f6fd9ba64d36d69e3bf3dd9c3a29a92802e77,efb17b5912fbb2c144dab4d99924dbc341e8f64054be7909dd7818cad155bef2,,,,,,"Pidonia (Pseudopidonia) gibbicollis (Blessig, 1873)",,"Pidonia (Pseudopidonia) gibbicollis (Blessig, 1873)","Pidonia (Pseudopidonia) gibbicollis (Blessig, 1873)",merge_duplicate_taxon,2026-07-11,公式2026目録の同一レコードで正本species-22378の旧組合せとして確認した。重複側の食草・生態レコードは0件。詳細は公式目録重複監査表に保持する。,species-22378
kamikiri-official-duplicate-22381,species-22381,,,日本産カミキリムシ,日本産カミキリムシ_compressed.pdf,52299895c14c1fd1c74279dca00f6fd9ba64d36d69e3bf3dd9c3a29a92802e77,efb17b5912fbb2c144dab4d99924dbc341e8f64054be7909dd7818cad155bef2,,,,,,"Pidonia (Pseudopidonia) grallatrix (Bates, 1884)",,"Pidonia (Pseudopidonia) grallatrix (Bates, 1884)","Pidonia (Pseudopidonia) grallatrix (Bates, 1884)",merge_duplicate_taxon,2026-07-11,公式2026目録の同一レコードで正本species-22380の旧組合せとして確認した。重複側の食草・生態レコードは0件。詳細は公式目録重複監査表に保持する。,species-22380
kamikiri-official-duplicate-22385,species-22385,,,日本産カミキリムシ,日本産カミキリムシ_compressed.pdf,52299895c14c1fd1c74279dca00f6fd9ba64d36d69e3bf3dd9c3a29a92802e77,efb17b5912fbb2c144dab4d99924dbc341e8f64054be7909dd7818cad155bef2,,,,,,"Pidonia (Pseudopidonia) kyushuensis Yamawaki, 1959",,"Pidonia (Pseudopidonia) kyushuensis Yamawaki, 1959","Pidonia (Pseudopidonia) kyushuensis Yamawaki, 1959",merge_duplicate_taxon,2026-07-11,公式2026目録の同一レコードで正本species-22384の旧組合せとして確認した。重複側の食草・生態レコードは0件。詳細は公式目録重複監査表に保持する。,species-22384
kamikiri-official-duplicate-22387,species-22387,,,日本産カミキリムシ,日本産カミキリムシ_compressed.pdf,52299895c14c1fd1c74279dca00f6fd9ba64d36d69e3bf3dd9c3a29a92802e77,efb17b5912fbb2c144dab4d99924dbc341e8f64054be7909dd7818cad155bef2,,,,,,"Pidonia (Pseudopidonia) leucanthophila Kuboki, 1978",,"Pidonia (Pseudopidonia) leucanthophila Kuboki, 1978","Pidonia (Pseudopidonia) leucanthophila Kuboki, 1978",merge_duplicate_taxon,2026-07-11,公式2026目録の同一レコードで正本species-22386の旧組合せとして確認した。重複側の食草・生態レコードは0件。詳細は公式目録重複監査表に保持する。,species-22386
kamikiri-official-duplicate-22389,species-22389,,,日本産カミキリムシ,日本産カミキリムシ_compressed.pdf,52299895c14c1fd1c74279dca00f6fd9ba64d36d69e3bf3dd9c3a29a92802e77,efb17b5912fbb2c144dab4d99924dbc341e8f64054be7909dd7818cad155bef2,,,,,,"Pidonia (Pseudopidonia) limbaticollis limbaticollis (Pic, 1902)",,"Pidonia (Pseudopidonia) limbaticollis limbaticollis (Pic, 1902)","Pidonia (Pseudopidonia) limbaticollis limbaticollis (Pic, 1902)",merge_duplicate_taxon,2026-07-11,公式2026目録の同一レコードで正本species-22388の旧組合せとして確認した。重複側の食草・生態レコードは0件。詳細は公式目録重複監査表に保持する。,species-22388
kamikiri-official-duplicate-22403,species-22403,,,日本産カミキリムシ,日本産カミキリムシ_compressed.pdf,52299895c14c1fd1c74279dca00f6fd9ba64d36d69e3bf3dd9c3a29a92802e77,efb17b5912fbb2c144dab4d99924dbc341e8f64054be7909dd7818cad155bef2,,,,,,"Pidonia (Pseudopidonia) michinokuensis Hayashi, 1981",,"Pidonia (Pseudopidonia) michinokuensis Hayashi, 1981","Pidonia (Pseudopidonia) michinokuensis Hayashi, 1981",merge_duplicate_taxon,2026-07-11,公式2026目録の同一レコードで正本species-22402の旧組合せとして確認した。重複側の食草・生態レコードは0件。詳細は公式目録重複監査表に保持する。,species-22402
kamikiri-official-duplicate-22409,species-22409,,,日本産カミキリムシ,日本産カミキリムシ_compressed.pdf,52299895c14c1fd1c74279dca00f6fd9ba64d36d69e3bf3dd9c3a29a92802e77,efb17b5912fbb2c144dab4d99924dbc341e8f64054be7909dd7818cad155bef2,,,,,,"Pidonia (Pseudopidonia) neglecta neglecta Kuboki, 1982",,"Pidonia (Pseudopidonia) neglecta neglecta Kuboki, 1982","Pidonia (Pseudopidonia) neglecta neglecta Kuboki, 1982",merge_duplicate_taxon,2026-07-11,公式2026目録の同一レコードで正本species-22408の旧組合せとして確認した。重複側の食草・生態レコードは0件。詳細は公式目録重複監査表に保持する。,species-22408
kamikiri-official-duplicate-22412,species-22412,,,日本産カミキリムシ,日本産カミキリムシ_compressed.pdf,52299895c14c1fd1c74279dca00f6fd9ba64d36d69e3bf3dd9c3a29a92802e77,efb17b5912fbb2c144dab4d99924dbc341e8f64054be7909dd7818cad155bef2,,,,,,"Pidonia (Pseudopidonia) obscurior obscurior Pic, 1901",,"Pidonia (Pseudopidonia) obscurior obscurior Pic, 1901","Pidonia (Pseudopidonia) obscurior obscurior Pic, 1901",merge_duplicate_taxon,2026-07-11,公式2026目録の同一レコードで正本species-22411の旧組合せとして確認した。重複側の食草・生態レコードは0件。詳細は公式目録重複監査表に保持する。,species-22411
kamikiri-official-duplicate-22419,species-22419,,,日本産カミキリムシ,日本産カミキリムシ_compressed.pdf,52299895c14c1fd1c74279dca00f6fd9ba64d36d69e3bf3dd9c3a29a92802e77,efb17b5912fbb2c144dab4d99924dbc341e8f64054be7909dd7818cad155bef2,,,,,,"Pidonia (Pseudopidonia) pallida K. Ohbayashi & Hayashi, 1960",,"Pidonia (Pseudopidonia) pallida K. Ohbayashi & Hayashi, 1960","Pidonia (Pseudopidonia) pallida K. Ohbayashi & Hayashi, 1960",merge_duplicate_taxon,2026-07-11,公式2026目録の同一レコードで正本species-22418の旧組合せとして確認した。重複側の食草・生態レコードは0件。詳細は公式目録重複監査表に保持する。,species-22418
kamikiri-official-duplicate-22421,species-22421,,,日本産カミキリムシ,日本産カミキリムシ_compressed.pdf,52299895c14c1fd1c74279dca00f6fd9ba64d36d69e3bf3dd9c3a29a92802e77,efb17b5912fbb2c144dab4d99924dbc341e8f64054be7909dd7818cad155bef2,,,,,,"Pidonia (Pseudopidonia) semiobscura Pic, 1901",,"Pidonia (Pseudopidonia) semiobscura Pic, 1901","Pidonia (Pseudopidonia) semiobscura Pic, 1901",merge_duplicate_taxon,2026-07-11,公式2026目録の同一レコードで正本species-22420の旧組合せとして確認した。重複側の食草・生態レコードは0件。詳細は公式目録重複監査表に保持する。,species-22420
kamikiri-official-duplicate-22426,species-22426,,,日本産カミキリムシ,日本産カミキリムシ_compressed.pdf,52299895c14c1fd1c74279dca00f6fd9ba64d36d69e3bf3dd9c3a29a92802e77,efb17b5912fbb2c144dab4d99924dbc341e8f64054be7909dd7818cad155bef2,,,,,,"Pidonia (Pseudopidonia) signata Matsushita, 1933",,"Pidonia (Pseudopidonia) signata Matsushita, 1933","Pidonia (Pseudopidonia) signata Matsushita, 1933",merge_duplicate_taxon,2026-07-11,公式2026目録の同一レコードで正本species-22425の旧組合せとして確認した。重複側の食草・生態レコードは0件。詳細は公式目録重複監査表に保持する。,species-22425
kamikiri-official-duplicate-22430,species-22430,,,日本産カミキリムシ,日本産カミキリムシ_compressed.pdf,52299895c14c1fd1c74279dca00f6fd9ba64d36d69e3bf3dd9c3a29a92802e77,efb17b5912fbb2c144dab4d99924dbc341e8f64054be7909dd7818cad155bef2,,,,,,"Pidonia (Pseudopidonia) suzukii Kuboki, 1982",,"Pidonia (Pseudopidonia) suzukii Kuboki, 1982","Pidonia (Pseudopidonia) suzukii Kuboki, 1982",merge_duplicate_taxon,2026-07-11,公式2026目録の同一レコードで正本species-22429の旧組合せとして確認した。重複側の食草・生態レコードは0件。詳細は公式目録重複監査表に保持する。,species-22429
kamikiri-official-duplicate-22432,species-22432,,,日本産カミキリムシ,日本産カミキリムシ_compressed.pdf,52299895c14c1fd1c74279dca00f6fd9ba64d36d69e3bf3dd9c3a29a92802e77,efb17b5912fbb2c144dab4d99924dbc341e8f64054be7909dd7818cad155bef2,,,,,,"Pidonia (Pseudopidonia) sylvicola Kuboki, 1977",,"Pidonia (Pseudopidonia) sylvicola Kuboki, 1977","Pidonia (Pseudopidonia) sylvicola Kuboki, 1977",merge_duplicate_taxon,2026-07-11,公式2026目録の同一レコードで正本species-22431の旧組合せとして確認した。重複側の食草・生態レコードは0件。詳細は公式目録重複監査表に保持する。,species-22431
kamikiri-official-duplicate-22435,species-22435,,,日本産カミキリムシ,日本産カミキリムシ_compressed.pdf,52299895c14c1fd1c74279dca00f6fd9ba64d36d69e3bf3dd9c3a29a92802e77,efb17b5912fbb2c144dab4d99924dbc341e8f64054be7909dd7818cad155bef2,,,,,,"Pidonia (Pseudopidonia) tsukamotoi Mizuno, 1978",,"Pidonia (Pseudopidonia) tsukamotoi Mizuno, 1978","Pidonia (Pseudopidonia) tsukamotoi Mizuno, 1978",merge_duplicate_taxon,2026-07-11,公式2026目録の同一レコードで正本species-22434の旧組合せとして確認した。重複側の食草・生態レコードは0件。詳細は公式目録重複監査表に保持する。,species-22434
kamikiri-official-duplicate-22505,species-22505,,,日本産カミキリムシ,日本産カミキリムシ_compressed.pdf,52299895c14c1fd1c74279dca00f6fd9ba64d36d69e3bf3dd9c3a29a92802e77,efb17b5912fbb2c144dab4d99924dbc341e8f64054be7909dd7818cad155bef2,,,,,,"Rhopaloscelis sapporensis Matsushita, 1933",,"Rhopaloscelis sapporensis Matsushita, 1933","Rhopaloscelis sapporensis Matsushita, 1933",merge_duplicate_taxon,2026-07-11,公式2026目録の同一レコードで正本species-22504の旧組合せとして確認した。重複側の食草・生態レコードは0件。詳細は公式目録重複監査表に保持する。,species-22504
kamikiri-official-duplicate-22508,species-22508,,,日本産カミキリムシ,日本産カミキリムシ_compressed.pdf,52299895c14c1fd1c74279dca00f6fd9ba64d36d69e3bf3dd9c3a29a92802e77,efb17b5912fbb2c144dab4d99924dbc341e8f64054be7909dd7818cad155bef2,,,,,,"Eryssamena amanoi Hayashi, 1961",,"Eryssamena amanoi Hayashi, 1961","Eryssamena amanoi Hayashi, 1961",merge_duplicate_taxon,2026-07-11,公式2026目録の同一レコードで正本species-22507の旧組合せとして確認した。重複側の食草・生態レコードは0件。詳細は公式目録重複監査表に保持する。,species-22507
kamikiri-official-duplicate-22513,species-22513,,,日本産カミキリムシ,日本産カミキリムシ_compressed.pdf,52299895c14c1fd1c74279dca00f6fd9ba64d36d69e3bf3dd9c3a29a92802e77,efb17b5912fbb2c144dab4d99924dbc341e8f64054be7909dd7818cad155bef2,,,,,,"Eryssamena insularis Hayashi, 1962",,"Eryssamena insularis Hayashi, 1962","Eryssamena insularis Hayashi, 1962",merge_duplicate_taxon,2026-07-11,公式2026目録の同一レコードで正本species-22512の旧組合せとして確認した。重複側の食草・生態レコードは0件。詳細は公式目録重複監査表に保持する。,species-22512
kamikiri-official-duplicate-22528,species-22528,,,日本産カミキリムシ,日本産カミキリムシ_compressed.pdf,52299895c14c1fd1c74279dca00f6fd9ba64d36d69e3bf3dd9c3a29a92802e77,efb17b5912fbb2c144dab4d99924dbc341e8f64054be7909dd7818cad155bef2,,,,,,"Acanthoderes clavipes (Schrank, 1781)",,"Acanthoderes clavipes (Schrank, 1781)","Acanthoderes clavipes (Schrank, 1781)",merge_duplicate_taxon,2026-07-11,公式2026目録の同一レコードで正本species-22527の旧組合せとして確認した。重複側の食草・生態レコードは0件。詳細は公式目録重複監査表に保持する。,species-22527
kamikiri-official-duplicate-22593,species-22593,,,日本産カミキリムシ,日本産カミキリムシ_compressed.pdf,52299895c14c1fd1c74279dca00f6fd9ba64d36d69e3bf3dd9c3a29a92802e77,efb17b5912fbb2c144dab4d99924dbc341e8f64054be7909dd7818cad155bef2,,,,,,"Palausybra hachijoensis tokaraensis Makihara, 1977",,"Palausybra hachijoensis tokaraensis Makihara, 1977","Palausybra hachijoensis tokaraensis Makihara, 1977",merge_duplicate_taxon,2026-07-11,公式2026目録の同一レコードで正本species-22592の旧組合せとして確認した。重複側の食草・生態レコードは0件。詳細は公式目録重複監査表に保持する。,species-22592
kamikiri-official-duplicate-22649,species-22649,,,日本産カミキリムシ,日本産カミキリムシ_compressed.pdf,52299895c14c1fd1c74279dca00f6fd9ba64d36d69e3bf3dd9c3a29a92802e77,efb17b5912fbb2c144dab4d99924dbc341e8f64054be7909dd7818cad155bef2,,,,,,"Astathes episcopalis Chevrolat, 1852",,"Astathes episcopalis Chevrolat, 1852","Astathes episcopalis Chevrolat, 1852",merge_duplicate_taxon,2026-07-11,公式2026目録の同一レコードで正本species-22648の旧組合せとして確認した。重複側の食草・生態レコードは0件。詳細は公式目録重複監査表に保持する。,species-22648
kamikiri-official-duplicate-22683,species-22683,,,日本産カミキリムシ,日本産カミキリムシ_compressed.pdf,52299895c14c1fd1c74279dca00f6fd9ba64d36d69e3bf3dd9c3a29a92802e77,efb17b5912fbb2c144dab4d99924dbc341e8f64054be7909dd7818cad155bef2,,,,,,"Doius divaricata divaricata (Bates, 1884)",,"Doius divaricata divaricata (Bates, 1884)","Doius divaricata divaricata (Bates, 1884)",merge_duplicate_taxon,2026-07-11,公式2026目録の同一レコードで正本species-22682の旧組合せとして確認した。重複側の食草・生態レコードは0件。詳細は公式目録重複監査表に保持する。,species-22682
kamikiri-official-duplicate-22690,species-22690,,,日本産カミキリムシ,日本産カミキリムシ_compressed.pdf,52299895c14c1fd1c74279dca00f6fd9ba64d36d69e3bf3dd9c3a29a92802e77,efb17b5912fbb2c144dab4d99924dbc341e8f64054be7909dd7818cad155bef2,,,,,,"Doius fuscoplagiata (Breuning, 1939)",,"Doius fuscoplagiata (Breuning, 1939)","Doius fuscoplagiata (Breuning, 1939)",merge_duplicate_taxon,2026-07-11,公式2026目録の同一レコードで正本species-22689の旧組合せとして確認した。重複側の食草・生態レコードは0件。詳細は公式目録重複監査表に保持する。,species-22689
kamikiri-official-duplicate-22695,species-22695,,,日本産カミキリムシ,日本産カミキリムシ_compressed.pdf,52299895c14c1fd1c74279dca00f6fd9ba64d36d69e3bf3dd9c3a29a92802e77,efb17b5912fbb2c144dab4d99924dbc341e8f64054be7909dd7818cad155bef2,,,,,,"Doius variegata Kusama & Takakuwa, 1984",,"Doius variegata Kusama & Takakuwa, 1984","Doius variegata Kusama & Takakuwa, 1984",merge_duplicate_taxon,2026-07-11,公式2026目録の同一レコードで正本species-22694の旧組合せとして確認した。重複側の食草・生態レコードは0件。詳細は公式目録重複監査表に保持する。,species-22694
kamikiri-official-duplicate-22698,species-22698,,,日本産カミキリムシ,日本産カミキリムシ_compressed.pdf,52299895c14c1fd1c74279dca00f6fd9ba64d36d69e3bf3dd9c3a29a92802e77,efb17b5912fbb2c144dab4d99924dbc341e8f64054be7909dd7818cad155bef2,,,,,,"Hirakura rufoflavus Hayashi, 1957",,"Hirakura rufoflavus Hayashi, 1957","Hirakura rufoflavus Hayashi, 1957",merge_duplicate_taxon,2026-07-11,公式2026目録の同一レコードで正本species-22697の旧組合せとして確認した。重複側の食草・生態レコードは0件。詳細は公式目録重複監査表に保持する。,species-22697
kamikiri-official-duplicate-22734,species-22734,,,日本産カミキリムシ,日本産カミキリムシ_compressed.pdf,52299895c14c1fd1c74279dca00f6fd9ba64d36d69e3bf3dd9c3a29a92802e77,efb17b5912fbb2c144dab4d99924dbc341e8f64054be7909dd7818cad155bef2,,,,,,"Cypriola ferriei Breuning, 1954",,"Cypriola ferriei Breuning, 1954","Cypriola ferriei Breuning, 1954",merge_duplicate_taxon,2026-07-11,公式2026目録の同一レコードで正本species-22733の旧組合せとして確認した。重複側の食草・生態レコードは0件。詳細は公式目録重複監査表に保持する。,species-22733
kamikiri-official-duplicate-22772,species-22772,,,日本産カミキリムシ,日本産カミキリムシ_compressed.pdf,52299895c14c1fd1c74279dca00f6fd9ba64d36d69e3bf3dd9c3a29a92802e77,efb17b5912fbb2c144dab4d99924dbc341e8f64054be7909dd7818cad155bef2,,,,,,"Monochamus yokoyamai Gressitt, 1937",,"Monochamus yokoyamai Gressitt, 1937","Monochamus yokoyamai Gressitt, 1937",merge_duplicate_taxon,2026-07-11,公式2026目録の同一レコードで正本species-22771の旧組合せとして確認した。重複側の食草・生態レコードは0件。詳細は公式目録重複監査表に保持する。,species-22771
kamikiri-official-duplicate-22822,species-22822,,,日本産カミキリムシ,日本産カミキリムシ_compressed.pdf,52299895c14c1fd1c74279dca00f6fd9ba64d36d69e3bf3dd9c3a29a92802e77,efb17b5912fbb2c144dab4d99924dbc341e8f64054be7909dd7818cad155bef2,,,,,,"Blepephaeus ishigakianus Yokoyama, 1971",,"Blepephaeus ishigakianus Yokoyama, 1971","Blepephaeus ishigakianus Yokoyama, 1971",merge_duplicate_taxon,2026-07-11,公式2026目録の同一レコードで正本species-22821の旧組合せとして確認した。重複側の食草・生態レコードは0件。詳細は公式目録重複監査表に保持する。,species-22821
kamikiri-official-duplicate-22864,species-22864,,,日本産カミキリムシ,日本産カミキリムシ_compressed.pdf,52299895c14c1fd1c74279dca00f6fd9ba64d36d69e3bf3dd9c3a29a92802e77,efb17b5912fbb2c144dab4d99924dbc341e8f64054be7909dd7818cad155bef2,,,,,,"Mesosa (Perimesosa) poecila Bates, 1884",,"Mesosa (Perimesosa) poecila Bates, 1884","Mesosa (Perimesosa) poecila Bates, 1884",merge_duplicate_taxon,2026-07-11,公式2026目録の同一レコードで正本species-22863の旧組合せとして確認した。重複側の食草・生態レコードは0件。詳細は公式目録重複監査表に保持する。,species-22863
kamikiri-official-duplicate-22899,species-22899,,,日本産カミキリムシ,日本産カミキリムシ_compressed.pdf,52299895c14c1fd1c74279dca00f6fd9ba64d36d69e3bf3dd9c3a29a92802e77,efb17b5912fbb2c144dab4d99924dbc341e8f64054be7909dd7818cad155bef2,,,,,,"Mesosa (Saimia) atronotata atronotata Kusama & Irie, 1976",,"Mesosa (Saimia) atronotata atronotata Kusama & Irie, 1976","Mesosa (Saimia) atronotata atronotata Kusama & Irie, 1976",merge_duplicate_taxon,2026-07-11,公式2026目録の同一レコードで正本species-22898の旧組合せとして確認した。重複側の食草・生態レコードは0件。詳細は公式目録重複監査表に保持する。,species-22898
kamikiri-official-duplicate-22901,species-22901,,,日本産カミキリムシ,日本産カミキリムシ_compressed.pdf,52299895c14c1fd1c74279dca00f6fd9ba64d36d69e3bf3dd9c3a29a92802e77,efb17b5912fbb2c144dab4d99924dbc341e8f64054be7909dd7818cad155bef2,,,,,,"Mesosa (Saimia) atronotata yamawakii Hayashi, 1976",,"Mesosa (Saimia) atronotata yamawakii Hayashi, 1976","Mesosa (Saimia) atronotata yamawakii Hayashi, 1976",merge_duplicate_taxon,2026-07-11,公式2026目録の同一レコードで正本species-22900の旧組合せとして確認した。重複側の食草・生態レコードは0件。詳細は公式目録重複監査表に保持する。,species-22900
kamikiri-official-duplicate-22903,species-22903,,,日本産カミキリムシ,日本産カミキリムシ_compressed.pdf,52299895c14c1fd1c74279dca00f6fd9ba64d36d69e3bf3dd9c3a29a92802e77,efb17b5912fbb2c144dab4d99924dbc341e8f64054be7909dd7818cad155bef2,,,,,,"Mesosa (Saimia) cervinopicta (Fairmaire, 1897)",,"Mesosa (Saimia) cervinopicta (Fairmaire, 1897)","Mesosa (Saimia) cervinopicta (Fairmaire, 1897)",merge_duplicate_taxon,2026-07-11,公式2026目録の同一レコードで正本species-22902の旧組合せとして確認した。重複側の食草・生態レコードは0件。詳細は公式目録重複監査表に保持する。,species-22902
kamikiri-official-duplicate-22958,species-22958,,,日本産カミキリムシ,日本産カミキリムシ_compressed.pdf,52299895c14c1fd1c74279dca00f6fd9ba64d36d69e3bf3dd9c3a29a92802e77,efb17b5912fbb2c144dab4d99924dbc341e8f64054be7909dd7818cad155bef2,,,,,,"Pseudale obovata Hayashi, 1971",,"Pseudale obovata Hayashi, 1971","Pseudale obovata Hayashi, 1971",merge_duplicate_taxon,2026-07-11,公式2026目録の同一レコードで正本species-22957の旧組合せとして確認した。重複側の食草・生態レコードは0件。詳細は公式目録重複監査表に保持する。,species-22957
kamikiri-official-duplicate-22974,species-22974,,,日本産カミキリムシ,日本産カミキリムシ_compressed.pdf,52299895c14c1fd1c74279dca00f6fd9ba64d36d69e3bf3dd9c3a29a92802e77,efb17b5912fbb2c144dab4d99924dbc341e8f64054be7909dd7818cad155bef2,,,,,,"Prosoplus bankii (Fabricius, 1775)",,"Prosoplus bankii (Fabricius, 1775)","Prosoplus bankii (Fabricius, 1775)",merge_duplicate_taxon,2026-07-11,公式2026目録の同一レコードで正本species-22973の旧組合せとして確認した。重複側の食草・生態レコードは0件。詳細は公式目録重複監査表に保持する。,species-22973
kamikiri-catalog-duplicate-21836,species-21836,,,日本産カミキリムシ,日本産カミキリムシ_compressed.pdf,52299895c14c1fd1c74279dca00f6fd9ba64d36d69e3bf3dd9c3a29a92802e77,efb17b5912fbb2c144dab4d99924dbc341e8f64054be7909dd7818cad155bef2,,,,,,"Megopis sinica sinica (White, 1853)",,"Megopis sinica sinica (White, 1853)","Megopis sinica sinica (White, 1853)",merge_duplicate_taxon,2026-07-11,公式2026目録の同一レコードに正本1-1の旧学名・旧和名として併記されるため重複行を統合する。旧学名は正本の異名へ移す。,1-1
kamikiri-catalog-duplicate-21838,species-21838,,,日本産カミキリムシ,日本産カミキリムシ_compressed.pdf,52299895c14c1fd1c74279dca00f6fd9ba64d36d69e3bf3dd9c3a29a92802e77,efb17b5912fbb2c144dab4d99924dbc341e8f64054be7909dd7818cad155bef2,,,,,,"Megopis formosana nipponica Matsushita, 1934",,"Megopis formosana nipponica Matsushita, 1934","Megopis formosana nipponica Matsushita, 1934",merge_duplicate_taxon,2026-07-11,公式2026目録の同一レコードに正本3-1の旧学名・旧和名として併記されるため重複行を統合する。旧学名は正本の異名へ移す。,3-1
kamikiri-catalog-duplicate-21839,species-21839,ハチジョウトゲウスバカミキリ,,日本産カミキリムシ,日本産カミキリムシ_compressed.pdf,52299895c14c1fd1c74279dca00f6fd9ba64d36d69e3bf3dd9c3a29a92802e77,efb17b5912fbb2c144dab4d99924dbc341e8f64054be7909dd7818cad155bef2,,,,,,"Megopis formosana hachijoana Fujita, 1980",ハチジョウトゲウスバカミキリ,"Megopis formosana hachijoana Fujita, 1980",ハチジョウトゲウスバカミキリ,merge_duplicate_taxon,2026-07-11,公式2026目録の同一レコードに正本3-2の旧学名・旧和名として併記されるため重複行を統合する。旧学名は正本の異名へ移す。,3-2
kamikiri-catalog-duplicate-21840,species-21840,アマミトゲウスバカミキリ 基亜種,,日本産カミキリムシ,日本産カミキリムシ_compressed.pdf,52299895c14c1fd1c74279dca00f6fd9ba64d36d69e3bf3dd9c3a29a92802e77,efb17b5912fbb2c144dab4d99924dbc341e8f64054be7909dd7818cad155bef2,,,,,,"Megopis formosana kawazoei Hayashi, 1961",アマミトゲウスバカミキリ 基亜種,"Megopis formosana kawazoei Hayashi, 1961",アマミトゲウスバカミキリ 基亜種,merge_duplicate_taxon,2026-07-11,公式2026目録の同一レコードに正本3-3の旧学名・旧和名として併記されるため重複行を統合する。旧学名は正本の異名へ移す。,3-3
kamikiri-catalog-duplicate-21841,species-21841,アマミトゲウスバカミキリ 沖縄島亜種,,日本産カミキリムシ,日本産カミキリムシ_compressed.pdf,52299895c14c1fd1c74279dca00f6fd9ba64d36d69e3bf3dd9c3a29a92802e77,efb17b5912fbb2c144dab4d99924dbc341e8f64054be7909dd7818cad155bef2,,,,,,"Megopis formosana okinawana Fujita, 1980",アマミトゲウスバカミキリ 沖縄島亜種,"Megopis formosana okinawana Fujita, 1980",アマミトゲウスバカミキリ 沖縄島亜種,merge_duplicate_taxon,2026-07-11,公式2026目録の同一レコードに正本3-4の旧学名・旧和名として併記されるため重複行を統合する。旧学名は正本の異名へ移す。,3-4
kamikiri-catalog-duplicate-21842,species-21842,ヤクシマトゲウスバカミキリ,,日本産カミキリムシ,日本産カミキリムシ_compressed.pdf,52299895c14c1fd1c74279dca00f6fd9ba64d36d69e3bf3dd9c3a29a92802e77,efb17b5912fbb2c144dab4d99924dbc341e8f64054be7909dd7818cad155bef2,,,,,,"Megopis formosana yakushimana Fujita, 1980",ヤクシマトゲウスバカミキリ,"Megopis formosana yakushimana Fujita, 1980",ヤクシマトゲウスバカミキリ,merge_duplicate_taxon,2026-07-11,公式2026目録の同一レコードに正本3-5の旧学名・旧和名として併記されるため重複行を統合する。旧学名は正本の異名へ移す。,3-5
kamikiri-catalog-duplicate-21843,species-21843,ツシマコゲチャヒラタカミキリ,,日本産カミキリムシ,日本産カミキリムシ_compressed.pdf,52299895c14c1fd1c74279dca00f6fd9ba64d36d69e3bf3dd9c3a29a92802e77,efb17b5912fbb2c144dab4d99924dbc341e8f64054be7909dd7818cad155bef2,,,,,,"Eurypoda (Eurypoda) tsushimana Ohbayashi, 1963",ツシマコゲチャヒラタカミキリ,"Eurypoda (Eurypoda) tsushimana Ohbayashi, 1963",ツシマコゲチャヒラタカミキリ,merge_duplicate_taxon,2026-07-11,公式2026目録の同一レコードに正本7-1の旧学名・旧和名として併記されるため重複行を統合する。旧学名は正本の異名へ移す。,7-1
kamikiri-catalog-duplicate-21844,species-21844,,,日本産カミキリムシ,日本産カミキリムシ_compressed.pdf,52299895c14c1fd1c74279dca00f6fd9ba64d36d69e3bf3dd9c3a29a92802e77,efb17b5912fbb2c144dab4d99924dbc341e8f64054be7909dd7818cad155bef2,,,,,,"Macrotoma fisheri obscuribrunnea Hayashi, 1962",,"Macrotoma fisheri obscuribrunnea Hayashi, 1962","Macrotoma fisheri obscuribrunnea Hayashi, 1962",merge_duplicate_taxon,2026-07-11,公式2026目録の同一レコードに正本9の旧学名・旧和名として併記されるため重複行を統合する。旧学名は正本の異名へ移す。,9
kamikiri-catalog-duplicate-21845,species-21845,,,日本産カミキリムシ,日本産カミキリムシ_compressed.pdf,52299895c14c1fd1c74279dca00f6fd9ba64d36d69e3bf3dd9c3a29a92802e77,efb17b5912fbb2c144dab4d99924dbc341e8f64054be7909dd7818cad155bef2,,,,,,"Parandra (Parandra) shibatai Hayashi, 1963",,"Parandra (Parandra) shibatai Hayashi, 1963","Parandra (Parandra) shibatai Hayashi, 1963",merge_duplicate_taxon,2026-07-11,公式2026目録の同一レコードに正本10-1の旧学名・旧和名として併記されるため重複行を統合する。旧学名は正本の異名へ移す。,10-1
kamikiri-catalog-duplicate-21929,species-21929,ヨナグニキマダラカミキリ,,日本産カミキリムシ,日本産カミキリムシ_compressed.pdf,52299895c14c1fd1c74279dca00f6fd9ba64d36d69e3bf3dd9c3a29a92802e77,efb17b5912fbb2c144dab4d99924dbc341e8f64054be7909dd7818cad155bef2,,,,,,"Pseudaeolesthes chrysothrix yonaguniensis K. Ohbayashi & N. Ohbayashi, 1965",ヨナグニキマダラカミキリ,"Pseudaeolesthes chrysothrix yonaguniensis K. Ohbayashi & N. Ohbayashi, 1965",ヨナグニキマダラカミキリ,merge_duplicate_taxon,2026-07-11,公式2026目録の同一レコードに正本species-21928の旧学名・旧和名として併記されるため重複行を統合する。旧学名は正本の異名へ移す。,species-21928
kamikiri-catalog-duplicate-22147,species-22147,トゲヒゲヒメカミキリ,,日本産カミキリムシ,日本産カミキリムシ_compressed.pdf,52299895c14c1fd1c74279dca00f6fd9ba64d36d69e3bf3dd9c3a29a92802e77,efb17b5912fbb2c144dab4d99924dbc341e8f64054be7909dd7818cad155bef2,,,,,,"Allotraeus (Pseudallotraeus) rufescens Pic, 1923",トゲヒゲヒメカミキリ,"Allotraeus (Pseudallotraeus) rufescens Pic, 1923",トゲヒゲヒメカミキリ,merge_duplicate_taxon,2026-07-11,公式2026目録の同一レコードに正本species-22146の旧学名・旧和名として併記されるため重複行を統合する。旧学名は正本の異名へ移す。,species-22146
kamikiri-catalog-duplicate-22357,species-22357,ツシマチャイロヒメハナカミキリ,,日本産カミキリムシ,日本産カミキリムシ_compressed.pdf,52299895c14c1fd1c74279dca00f6fd9ba64d36d69e3bf3dd9c3a29a92802e77,efb17b5912fbb2c144dab4d99924dbc341e8f64054be7909dd7818cad155bef2,,,,,,"Pidonia (Mumon) aegrota kubokii Hayashi, 1984",ツシマチャイロヒメハナカミキリ,"Pidonia (Mumon) aegrota kubokii Hayashi, 1984",ツシマチャイロヒメハナカミキリ,merge_duplicate_taxon,2026-07-11,公式2026目録の同一レコードに正本species-22356の旧学名・旧和名として併記されるため重複行を統合する。旧学名は正本の異名へ移す。,species-22356
kamikiri-catalog-duplicate-22392,species-22392,オオバヤシヒメハナカミキリ,,日本産カミキリムシ,日本産カミキリムシ_compressed.pdf,52299895c14c1fd1c74279dca00f6fd9ba64d36d69e3bf3dd9c3a29a92802e77,efb17b5912fbb2c144dab4d99924dbc341e8f64054be7909dd7818cad155bef2,,,,,,"Pidonia (Pseudopidonia) limbaticollis ohbayashii (Matsushita, 1933)",オオバヤシヒメハナカミキリ,"Pidonia (Pseudopidonia) limbaticollis ohbayashii (Matsushita, 1933)",オオバヤシヒメハナカミキリ,merge_duplicate_taxon,2026-07-11,公式2026目録の同一レコードに正本species-22391の旧学名・旧和名として併記されるため重複行を統合する。旧学名は正本の異名へ移す。,species-22391
kamikiri-catalog-duplicate-22685,species-22685,ヤクシマドイカミキリ,,日本産カミキリムシ,日本産カミキリムシ_compressed.pdf,52299895c14c1fd1c74279dca00f6fd9ba64d36d69e3bf3dd9c3a29a92802e77,efb17b5912fbb2c144dab4d99924dbc341e8f64054be7909dd7818cad155bef2,,,,,,"Doius divaricata fulvovariegata Hayashi, 1963",ヤクシマドイカミキリ,"Doius divaricata fulvovariegata Hayashi, 1963",ヤクシマドイカミキリ,merge_duplicate_taxon,2026-07-11,公式2026目録の同一レコードに正本species-22684の旧学名・旧和名として併記されるため重複行を統合する。旧学名は正本の異名へ移す。,species-22684
kamikiri-spinimegopis-ishigakiana,2,イシガキトゲウスバカミキリ,イシガキトゲウスバカミキリ,日本産カミキリムシ,日本産カミキリムシ_compressed.pdf,52299895c14c1fd1c74279dca00f6fd9ba64d36d69e3bf3dd9c3a29a92802e77,efb17b5912fbb2c144dab4d99924dbc341e8f64054be7909dd7818cad155bef2,4,340-341,5〜6月,モチノキ|モチノキ科;クロガネモチ|モチノキ科;モチノキ科|,夜行性で灯火に集まる。生木の枯死部から衰弱部を好むが、腐朽の進んだ枯死木まで幅広く利用する。,"Megopis (Spinimegopis) formosana ishigakiana Yoshinaga & Nakayama, 1972",,,,include,2026-07-11,冊子340頁の種群共通寄主・生態と冊子341頁の石垣島個体群固有の5〜6月を画像で確認。寄主植物索引で本亜種に明示されたモチノキ・クロガネモチも併記する。,
kamikiri-spinimegopis-nipponica,3-1,トゲウスバカミキリ 基亜種,トゲウスバカミキリ,日本産カミキリムシ,日本産カミキリムシ_compressed.pdf,52299895c14c1fd1c74279dca00f6fd9ba64d36d69e3bf3dd9c3a29a92802e77,efb17b5912fbb2c144dab4d99924dbc341e8f64054be7909dd7818cad155bef2,4,340-341,7〜8月,アオハダ|モチノキ科;ソヨゴ|モチノキ科;クロガネモチ|モチノキ科;モチノキ科|,夜行性で灯火に集まる。生木の枯死部から衰弱部を好むが、腐朽の進んだ枯死木まで幅広く利用する。,"Megopis (Spinimegopis) formosana nipponica Matsushita, 1934",,,,include,2026-07-11,冊子340頁の種群共通寄主・生態と基亜種固有の7〜8月を画像で確認。寄主植物索引のアオハダ・ソヨゴ・クロガネモチは原典和名の基亜種に完全一致するため併記する。,
kamikiri-spinimegopis-hachijoana,3-2,トゲウスバカミキリ 八丈島トカラ亜種,ハチジョウトゲウスバカミキリ,日本産カミキリムシ,日本産カミキリムシ_compressed.pdf,52299895c14c1fd1c74279dca00f6fd9ba64d36d69e3bf3dd9c3a29a92802e77,efb17b5912fbb2c144dab4d99924dbc341e8f64054be7909dd7818cad155bef2,4,340-341,7〜8月,モチノキ科|,夜行性で灯火に集まる。生木の枯死部から衰弱部を好むが、腐朽の進んだ枯死木まで幅広く利用する。,"Megopis (Spinimegopis) formosana hachijoana Fujita, 1980",,,,include,2026-07-11,冊子340頁の種群共通寄主・生態と八丈島個体群固有の7〜8月を画像で確認。旧属名の重複IDには反映しない。,
kamikiri-spinimegopis-kawazoei,3-3,トゲウスバカミキリ 奄美亜種,アマミトゲウスバカミキリ,日本産カミキリムシ,日本産カミキリムシ_compressed.pdf,52299895c14c1fd1c74279dca00f6fd9ba64d36d69e3bf3dd9c3a29a92802e77,efb17b5912fbb2c144dab4d99924dbc341e8f64054be7909dd7818cad155bef2,4,340-341,7月,モチノキ科|,夜行性で灯火に集まる。生木の枯死部から衰弱部を好むが、腐朽の進んだ枯死木まで幅広く利用する。,"Megopis (Spinimegopis) formosana kawazoei Hayashi, 1961",,,,include,2026-07-11,冊子340頁の種群共通寄主・生態と冊子341頁の奄美個体群固有の7月を画像で確認。旧データの7〜8月を原典どおり訂正する。,
kamikiri-spinimegopis-okinawana,3-4,トゲウスバカミキリ 沖縄島亜種,オキナワトゲウスバカミキリ,日本産カミキリムシ,日本産カミキリムシ_compressed.pdf,52299895c14c1fd1c74279dca00f6fd9ba64d36d69e3bf3dd9c3a29a92802e77,efb17b5912fbb2c144dab4d99924dbc341e8f64054be7909dd7818cad155bef2,4,340-341,6月,モチノキ科|,夜行性で灯火に集まる。生木の枯死部から衰弱部を好むが、腐朽の進んだ枯死木まで幅広く利用する。,"Megopis (Spinimegopis) formosana okinawana Fujita, 1980",,,,include,2026-07-11,冊子340頁の種群共通寄主・生態と冊子341頁の沖縄島個体群固有の6月を画像で確認。旧データの7〜8月を原典どおり訂正する。,
kamikiri-spinimegopis-yakushimana,3-5,トゲウスバカミキリ 屋久島亜種,ヤクシマトゲウスバカミキリ,日本産カミキリムシ,日本産カミキリムシ_compressed.pdf,52299895c14c1fd1c74279dca00f6fd9ba64d36d69e3bf3dd9c3a29a92802e77,efb17b5912fbb2c144dab4d99924dbc341e8f64054be7909dd7818cad155bef2,4,340-341,7月,モチノキ科|,夜行性で灯火に集まる。生木の枯死部から衰弱部を好むが、腐朽の進んだ枯死木まで幅広く利用する。,"Megopis (Spinimegopis) formosana yakushimana Fujita, 1980",,,,include,2026-07-11,冊子340頁の種群共通寄主・生態と屋久島個体群固有の7月を画像で確認。旧分類行のイスノキ記録は本亜種欄にないため除外する。,
kamikiri-mumon-aegrota-kubokii,species-22356,チャイロヒメハナカミキリ 対馬亜種,ツシマチャイロヒメハナカミキリ,日本産カミキリムシ,日本産カミキリムシ_compressed.pdf,52299895c14c1fd1c74279dca00f6fd9ba64d36d69e3bf3dd9c3a29a92802e77,efb17b5912fbb2c144dab4d99924dbc341e8f64054be7909dd7818cad155bef2,24,380-381,5〜6月,,森林内や林に近いコバノガマズミ、マルバウツギ、シャクなどに訪花し、普通に見られる。寄主植物は未知とされる。,"Pidonia (Mumon) aegrota kubokii Hayashi, 1984",,,,include,2026-07-11,冊子380〜381頁の対象亜種欄を画像で確認。旧分類行の5〜6月を正本へ統合し、基亜種の5〜8月は混入させていない。,
kamikiri-pseudopidonia-limbaticollis-ohbayashii,species-22391,ニッコウヒメハナカミキリ 中部山岳西域亜種,オオバヤシヒメハナカミキリ,日本産カミキリムシ,日本産カミキリムシ_compressed.pdf,52299895c14c1fd1c74279dca00f6fd9ba64d36d69e3bf3dd9c3a29a92802e77,efb17b5912fbb2c144dab4d99924dbc341e8f64054be7909dd7818cad155bef2,19,371,6〜8月,,おもにブナ帯上部から針葉樹林帯に生息し、典型的なブナ林にはむしろ少ない。寄主植物は未知とされる。,"Pidonia (Pidonia) limbaticollis ohbayashii (Matsushita, 1933)",,,,include,2026-07-11,冊子371頁の対象亜種欄を画像で確認。旧組合せ行の6〜8月を正本へ統合し、隣接する基亜種の情報を混入させていない。,
